"long_dd","lat_dd","poccur","species","aquamaps_id"
7.5,80,0.01,"Chlamys rubida","W-Msc-254460"
8,80,0.01,"Chlamys rubida","W-Msc-254460"
8.5,80,0.01,"Chlamys rubida","W-Msc-254460"
9,80,0.01,"Chlamys rubida","W-Msc-254460"
9.5,80,0.01,"Chlamys rubida","W-Msc-254460"
10,80,0.01,"Chlamys rubida","W-Msc-254460"
10.5,80,0.02,"Chlamys rubida","W-Msc-254460"
11,80,0.02,"Chlamys rubida","W-Msc-254460"
11.5,80,0.02,"Chlamys rubida","W-Msc-254460"
12,80,0.02,"Chlamys rubida","W-Msc-254460"
12.5,80,0.02,"Chlamys rubida","W-Msc-254460"
13,80,0.02,"Chlamys rubida","W-Msc-254460"
13.5,80,0.02,"Chlamys rubida","W-Msc-254460"
14,80,0.02,"Chlamys rubida","W-Msc-254460"
14.5,80,0.01,"Chlamys rubida","W-Msc-254460"
15,80,0.01,"Chlamys rubida","W-Msc-254460"
15.5,80,0.02,"Chlamys rubida","W-Msc-254460"
16,80,0.02,"Chlamys rubida","W-Msc-254460"
16.5,80,0.02,"Chlamys rubida","W-Msc-254460"
17,80,0.02,"Chlamys rubida","W-Msc-254460"
17.5,80,0.01,"Chlamys rubida","W-Msc-254460"
18,80,0.01,"Chlamys rubida","W-Msc-254460"
5,79.5,0.01,"Chlamys rubida","W-Msc-254460"
5.5,79.5,0.03,"Chlamys rubida","W-Msc-254460"
6,79.5,0.04,"Chlamys rubida","W-Msc-254460"
6.5,79.5,0.04,"Chlamys rubida","W-Msc-254460"
7,79.5,0.05,"Chlamys rubida","W-Msc-254460"
7.5,79.5,0.06,"Chlamys rubida","W-Msc-254460"
8,79.5,0.07,"Chlamys rubida","W-Msc-254460"
8.5,79.5,0.07,"Chlamys rubida","W-Msc-254460"
9,79.5,0.08,"Chlamys rubida","W-Msc-254460"
9.5,79.5,0.08,"Chlamys rubida","W-Msc-254460"
10,79.5,0.08,"Chlamys rubida","W-Msc-254460"
10.5,79.5,0.08,"Chlamys rubida","W-Msc-254460"
11,79.5,0.07,"Chlamys rubida","W-Msc-254460"
11.5,79.5,0.05,"Chlamys rubida","W-Msc-254460"
12,79.5,0.03,"Chlamys rubida","W-Msc-254460"
12.5,79.5,0.02,"Chlamys rubida","W-Msc-254460"
13,79.5,0.02,"Chlamys rubida","W-Msc-254460"
13.5,79.5,0.04,"Chlamys rubida","W-Msc-254460"
14,79.5,0.03,"Chlamys rubida","W-Msc-254460"
14.5,79.5,0.03,"Chlamys rubida","W-Msc-254460"
15,79.5,0.03,"Chlamys rubida","W-Msc-254460"
15.5,79.5,0.03,"Chlamys rubida","W-Msc-254460"
16,79.5,0.02,"Chlamys rubida","W-Msc-254460"
17,79.5,0.01,"Chlamys rubida","W-Msc-254460"
17.5,79.5,0.01,"Chlamys rubida","W-Msc-254460"
18,79.5,0.01,"Chlamys rubida","W-Msc-254460"
18.5,79.5,0.01,"Chlamys rubida","W-Msc-254460"
5,79,0.02,"Chlamys rubida","W-Msc-254460"
5.5,79,0.03,"Chlamys rubida","W-Msc-254460"
6,79,0.03,"Chlamys rubida","W-Msc-254460"
6.5,79,0.04,"Chlamys rubida","W-Msc-254460"
7,79,0.06,"Chlamys rubida","W-Msc-254460"
7.5,79,0.1,"Chlamys rubida","W-Msc-254460"
8,79,0.13,"Chlamys rubida","W-Msc-254460"
8.5,79,0.13,"Chlamys rubida","W-Msc-254460"
9,79,0.13,"Chlamys rubida","W-Msc-254460"
9.5,79,0.13,"Chlamys rubida","W-Msc-254460"
10,79,0.13,"Chlamys rubida","W-Msc-254460"
10.5,79,0.13,"Chlamys rubida","W-Msc-254460"
11,79,0.13,"Chlamys rubida","W-Msc-254460"
11.5,79,0.1,"Chlamys rubida","W-Msc-254460"
12,79,0.09,"Chlamys rubida","W-Msc-254460"
12.5,79,0.01,"Chlamys rubida","W-Msc-254460"
14,79,0.01,"Chlamys rubida","W-Msc-254460"
16.5,79,0.01,"Chlamys rubida","W-Msc-254460"
1,78.5,0.01,"Chlamys rubida","W-Msc-254460"
6.5,78.5,0.01,"Chlamys rubida","W-Msc-254460"
7,78.5,0.07,"Chlamys rubida","W-Msc-254460"
7.5,78.5,0.08,"Chlamys rubida","W-Msc-254460"
8,78.5,0.11,"Chlamys rubida","W-Msc-254460"
8.5,78.5,0.18,"Chlamys rubida","W-Msc-254460"
9,78.5,0.18,"Chlamys rubida","W-Msc-254460"
9.5,78.5,0.18,"Chlamys rubida","W-Msc-254460"
10,78.5,0.16,"Chlamys rubida","W-Msc-254460"
10.5,78.5,0.16,"Chlamys rubida","W-Msc-254460"
11,78.5,0.13,"Chlamys rubida","W-Msc-254460"
11.5,78.5,0.11,"Chlamys rubida","W-Msc-254460"
12,78.5,0.11,"Chlamys rubida","W-Msc-254460"
12.5,78.5,0.1,"Chlamys rubida","W-Msc-254460"
15,78.5,0.07,"Chlamys rubida","W-Msc-254460"
15.5,78.5,0.07,"Chlamys rubida","W-Msc-254460"
16,78.5,0.01,"Chlamys rubida","W-Msc-254460"
16.5,78.5,0.01,"Chlamys rubida","W-Msc-254460"
1,78,0.04,"Chlamys rubida","W-Msc-254460"
1.5,78,0.05,"Chlamys rubida","W-Msc-254460"
2,78,0.03,"Chlamys rubida","W-Msc-254460"
4,78,0.03,"Chlamys rubida","W-Msc-254460"
4.5,78,0.04,"Chlamys rubida","W-Msc-254460"
6,78,0.01,"Chlamys rubida","W-Msc-254460"
8.5,78,0.05,"Chlamys rubida","W-Msc-254460"
9,78,0.14,"Chlamys rubida","W-Msc-254460"
9.5,78,0.2,"Chlamys rubida","W-Msc-254460"
10,78,0.19,"Chlamys rubida","W-Msc-254460"
10.5,78,0.19,"Chlamys rubida","W-Msc-254460"
11,78,0.18,"Chlamys rubida","W-Msc-254460"
11.5,78,0.17,"Chlamys rubida","W-Msc-254460"
12,78,0.16,"Chlamys rubida","W-Msc-254460"
12.5,78,0.15,"Chlamys rubida","W-Msc-254460"
13,78,0.15,"Chlamys rubida","W-Msc-254460"
13.5,78,0.14,"Chlamys rubida","W-Msc-254460"
14,78,0.14,"Chlamys rubida","W-Msc-254460"
14.5,78,0.13,"Chlamys rubida","W-Msc-254460"
15,78,0.12,"Chlamys rubida","W-Msc-254460"
15.5,78,0.13,"Chlamys rubida","W-Msc-254460"
16,78,0.07,"Chlamys rubida","W-Msc-254460"
16.5,78,0.04,"Chlamys rubida","W-Msc-254460"
17,78,0.01,"Chlamys rubida","W-Msc-254460"
6.5,77.5,0.01,"Chlamys rubida","W-Msc-254460"
7,77.5,0.11,"Chlamys rubida","W-Msc-254460"
9,77.5,0.09,"Chlamys rubida","W-Msc-254460"
9.5,77.5,0.21,"Chlamys rubida","W-Msc-254460"
10,77.5,0.22,"Chlamys rubida","W-Msc-254460"
10.5,77.5,0.22,"Chlamys rubida","W-Msc-254460"
11,77.5,0.22,"Chlamys rubida","W-Msc-254460"
11.5,77.5,0.21,"Chlamys rubida","W-Msc-254460"
12,77.5,0.2,"Chlamys rubida","W-Msc-254460"
12.5,77.5,0.18,"Chlamys rubida","W-Msc-254460"
13,77.5,0.15,"Chlamys rubida","W-Msc-254460"
13.5,77.5,0.14,"Chlamys rubida","W-Msc-254460"
14,77.5,0.14,"Chlamys rubida","W-Msc-254460"
14.5,77.5,0.12,"Chlamys rubida","W-Msc-254460"
15,77.5,0.1,"Chlamys rubida","W-Msc-254460"
15.5,77.5,0.06,"Chlamys rubida","W-Msc-254460"
16,77.5,0.04,"Chlamys rubida","W-Msc-254460"
16.5,77.5,0.02,"Chlamys rubida","W-Msc-254460"
17,77.5,0.01,"Chlamys rubida","W-Msc-254460"
18.5,77.5,0.01,"Chlamys rubida","W-Msc-254460"
19,77.5,0.01,"Chlamys rubida","W-Msc-254460"
19.5,77.5,0.01,"Chlamys rubida","W-Msc-254460"
20,77.5,0.01,"Chlamys rubida","W-Msc-254460"
20.5,77.5,0.01,"Chlamys rubida","W-Msc-254460"
21,77.5,0.01,"Chlamys rubida","W-Msc-254460"
32,77.5,0.01,"Chlamys rubida","W-Msc-254460"
41.5,77.5,0.01,"Chlamys rubida","W-Msc-254460"
42,77.5,0.01,"Chlamys rubida","W-Msc-254460"
42.5,77.5,0.01,"Chlamys rubida","W-Msc-254460"
43,77.5,0.01,"Chlamys rubida","W-Msc-254460"
43.5,77.5,0.01,"Chlamys rubida","W-Msc-254460"
44,77.5,0.01,"Chlamys rubida","W-Msc-254460"
44.5,77.5,0.01,"Chlamys rubida","W-Msc-254460"
45,77.5,0.01,"Chlamys rubida","W-Msc-254460"
45.5,77.5,0.01,"Chlamys rubida","W-Msc-254460"
46,77.5,0.01,"Chlamys rubida","W-Msc-254460"
46.5,77.5,0.01,"Chlamys rubida","W-Msc-254460"
47,77.5,0.01,"Chlamys rubida","W-Msc-254460"
47.5,77.5,0.01,"Chlamys rubida","W-Msc-254460"
48,77.5,0.01,"Chlamys rubida","W-Msc-254460"
48.5,77.5,0.01,"Chlamys rubida","W-Msc-254460"
49,77.5,0.01,"Chlamys rubida","W-Msc-254460"
49.5,77.5,0.01,"Chlamys rubida","W-Msc-254460"
50,77.5,0.01,"Chlamys rubida","W-Msc-254460"
50.5,77.5,0.01,"Chlamys rubida","W-Msc-254460"
51,77.5,0.01,"Chlamys rubida","W-Msc-254460"
51.5,77.5,0.01,"Chlamys rubida","W-Msc-254460"
52,77.5,0.01,"Chlamys rubida","W-Msc-254460"
52.5,77.5,0.01,"Chlamys rubida","W-Msc-254460"
53,77.5,0.01,"Chlamys rubida","W-Msc-254460"
53.5,77.5,0.01,"Chlamys rubida","W-Msc-254460"
54,77.5,0.01,"Chlamys rubida","W-Msc-254460"
54.5,77.5,0.01,"Chlamys rubida","W-Msc-254460"
55,77.5,0.01,"Chlamys rubida","W-Msc-254460"
55.5,77.5,0.01,"Chlamys rubida","W-Msc-254460"
56,77.5,0.01,"Chlamys rubida","W-Msc-254460"
56.5,77.5,0.01,"Chlamys rubida","W-Msc-254460"
57,77.5,0.01,"Chlamys rubida","W-Msc-254460"
57.5,77.5,0.01,"Chlamys rubida","W-Msc-254460"
58,77.5,0.01,"Chlamys rubida","W-Msc-254460"
58.5,77.5,0.01,"Chlamys rubida","W-Msc-254460"
59,77.5,0.01,"Chlamys rubida","W-Msc-254460"
59.5,77.5,0.01,"Chlamys rubida","W-Msc-254460"
8.5,77,0.05,"Chlamys rubida","W-Msc-254460"
9,77,0.04,"Chlamys rubida","W-Msc-254460"
10.5,77,0.07,"Chlamys rubida","W-Msc-254460"
11,77,0.2,"Chlamys rubida","W-Msc-254460"
11.5,77,0.24,"Chlamys rubida","W-Msc-254460"
12,77,0.25,"Chlamys rubida","W-Msc-254460"
12.5,77,0.24,"Chlamys rubida","W-Msc-254460"
13,77,0.23,"Chlamys rubida","W-Msc-254460"
13.5,77,0.22,"Chlamys rubida","W-Msc-254460"
14,77,0.21,"Chlamys rubida","W-Msc-254460"
14.5,77,0.09,"Chlamys rubida","W-Msc-254460"
15,77,0.11,"Chlamys rubida","W-Msc-254460"
15.5,77,0.12,"Chlamys rubida","W-Msc-254460"
16,77,0.05,"Chlamys rubida","W-Msc-254460"
16.5,77,0.02,"Chlamys rubida","W-Msc-254460"
17.5,77,0.01,"Chlamys rubida","W-Msc-254460"
18,77,0.02,"Chlamys rubida","W-Msc-254460"
18.5,77,0.02,"Chlamys rubida","W-Msc-254460"
19,77,0.02,"Chlamys rubida","W-Msc-254460"
19.5,77,0.02,"Chlamys rubida","W-Msc-254460"
20,77,0.02,"Chlamys rubida","W-Msc-254460"
20.5,77,0.01,"Chlamys rubida","W-Msc-254460"
21,77,0.01,"Chlamys rubida","W-Msc-254460"
21.5,77,0.01,"Chlamys rubida","W-Msc-254460"
23,77,0.01,"Chlamys rubida","W-Msc-254460"
23.5,77,0.01,"Chlamys rubida","W-Msc-254460"
27,77,0.01,"Chlamys rubida","W-Msc-254460"
27.5,77,0.01,"Chlamys rubida","W-Msc-254460"
28,77,0.01,"Chlamys rubida","W-Msc-254460"
28.5,77,0.01,"Chlamys rubida","W-Msc-254460"
29,77,0.01,"Chlamys rubida","W-Msc-254460"
29.5,77,0.02,"Chlamys rubida","W-Msc-254460"
30,77,0.02,"Chlamys rubida","W-Msc-254460"
30.5,77,0.02,"Chlamys rubida","W-Msc-254460"
31,77,0.02,"Chlamys rubida","W-Msc-254460"
31.5,77,0.02,"Chlamys rubida","W-Msc-254460"
32,77,0.02,"Chlamys rubida","W-Msc-254460"
32.5,77,0.01,"Chlamys rubida","W-Msc-254460"
33,77,0.01,"Chlamys rubida","W-Msc-254460"
33.5,77,0.01,"Chlamys rubida","W-Msc-254460"
34,77,0.01,"Chlamys rubida","W-Msc-254460"
34.5,77,0.01,"Chlamys rubida","W-Msc-254460"
35,77,0.01,"Chlamys rubida","W-Msc-254460"
35.5,77,0.01,"Chlamys rubida","W-Msc-254460"
36,77,0.01,"Chlamys rubida","W-Msc-254460"
36.5,77,0.01,"Chlamys rubida","W-Msc-254460"
37,77,0.01,"Chlamys rubida","W-Msc-254460"
37.5,77,0.01,"Chlamys rubida","W-Msc-254460"
38,77,0.01,"Chlamys rubida","W-Msc-254460"
38.5,77,0.01,"Chlamys rubida","W-Msc-254460"
39,77,0.01,"Chlamys rubida","W-Msc-254460"
39.5,77,0.01,"Chlamys rubida","W-Msc-254460"
40,77,0.01,"Chlamys rubida","W-Msc-254460"
40.5,77,0.01,"Chlamys rubida","W-Msc-254460"
41,77,0.01,"Chlamys rubida","W-Msc-254460"
41.5,77,0.01,"Chlamys rubida","W-Msc-254460"
42,77,0.01,"Chlamys rubida","W-Msc-254460"
42.5,77,0.01,"Chlamys rubida","W-Msc-254460"
43,77,0.01,"Chlamys rubida","W-Msc-254460"
43.5,77,0.02,"Chlamys rubida","W-Msc-254460"
44,77,0.02,"Chlamys rubida","W-Msc-254460"
44.5,77,0.02,"Chlamys rubida","W-Msc-254460"
45,77,0.02,"Chlamys rubida","W-Msc-254460"
45.5,77,0.02,"Chlamys rubida","W-Msc-254460"
46,77,0.03,"Chlamys rubida","W-Msc-254460"
46.5,77,0.03,"Chlamys rubida","W-Msc-254460"
47,77,0.02,"Chlamys rubida","W-Msc-254460"
47.5,77,0.02,"Chlamys rubida","W-Msc-254460"
48,77,0.02,"Chlamys rubida","W-Msc-254460"
48.5,77,0.02,"Chlamys rubida","W-Msc-254460"
49,77,0.02,"Chlamys rubida","W-Msc-254460"
49.5,77,0.02,"Chlamys rubida","W-Msc-254460"
50,77,0.01,"Chlamys rubida","W-Msc-254460"
50.5,77,0.02,"Chlamys rubida","W-Msc-254460"
51,77,0.02,"Chlamys rubida","W-Msc-254460"
51.5,77,0.02,"Chlamys rubida","W-Msc-254460"
52,77,0.02,"Chlamys rubida","W-Msc-254460"
52.5,77,0.02,"Chlamys rubida","W-Msc-254460"
53,77,0.02,"Chlamys rubida","W-Msc-254460"
53.5,77,0.02,"Chlamys rubida","W-Msc-254460"
54,77,0.03,"Chlamys rubida","W-Msc-254460"
54.5,77,0.03,"Chlamys rubida","W-Msc-254460"
55,77,0.03,"Chlamys rubida","W-Msc-254460"
55.5,77,0.04,"Chlamys rubida","W-Msc-254460"
56,77,0.04,"Chlamys rubida","W-Msc-254460"
56.5,77,0.04,"Chlamys rubida","W-Msc-254460"
57,77,0.03,"Chlamys rubida","W-Msc-254460"
57.5,77,0.03,"Chlamys rubida","W-Msc-254460"
58,77,0.03,"Chlamys rubida","W-Msc-254460"
58.5,77,0.03,"Chlamys rubida","W-Msc-254460"
59,77,0.02,"Chlamys rubida","W-Msc-254460"
59.5,77,0.02,"Chlamys rubida","W-Msc-254460"
60,77,0.02,"Chlamys rubida","W-Msc-254460"
60.5,77,0.02,"Chlamys rubida","W-Msc-254460"
61,77,0.02,"Chlamys rubida","W-Msc-254460"
61.5,77,0.02,"Chlamys rubida","W-Msc-254460"
62,77,0.02,"Chlamys rubida","W-Msc-254460"
62.5,77,0.01,"Chlamys rubida","W-Msc-254460"
63,77,0.01,"Chlamys rubida","W-Msc-254460"
63.5,77,0.01,"Chlamys rubida","W-Msc-254460"
64,77,0.01,"Chlamys rubida","W-Msc-254460"
64.5,77,0.01,"Chlamys rubida","W-Msc-254460"
65,77,0.01,"Chlamys rubida","W-Msc-254460"
65.5,77,0.01,"Chlamys rubida","W-Msc-254460"
66,77,0.01,"Chlamys rubida","W-Msc-254460"
66.5,77,0.01,"Chlamys rubida","W-Msc-254460"
67,77,0.01,"Chlamys rubida","W-Msc-254460"
67.5,77,0.01,"Chlamys rubida","W-Msc-254460"
-4.5,76.5,0.01,"Chlamys rubida","W-Msc-254460"
-4,76.5,0.01,"Chlamys rubida","W-Msc-254460"
6,76.5,0.02,"Chlamys rubida","W-Msc-254460"
6.5,76.5,0.05,"Chlamys rubida","W-Msc-254460"
8.5,76.5,0.06,"Chlamys rubida","W-Msc-254460"
11,76.5,0.04,"Chlamys rubida","W-Msc-254460"
11.5,76.5,0.11,"Chlamys rubida","W-Msc-254460"
12,76.5,0.19,"Chlamys rubida","W-Msc-254460"
12.5,76.5,0.25,"Chlamys rubida","W-Msc-254460"
13,76.5,0.25,"Chlamys rubida","W-Msc-254460"
13.5,76.5,0.25,"Chlamys rubida","W-Msc-254460"
14,76.5,0.24,"Chlamys rubida","W-Msc-254460"
14.5,76.5,0.22,"Chlamys rubida","W-Msc-254460"
15,76.5,0.2,"Chlamys rubida","W-Msc-254460"
15.5,76.5,0.18,"Chlamys rubida","W-Msc-254460"
16,76.5,0.09,"Chlamys rubida","W-Msc-254460"
16.5,76.5,0.03,"Chlamys rubida","W-Msc-254460"
17,76.5,0.03,"Chlamys rubida","W-Msc-254460"
17.5,76.5,0.03,"Chlamys rubida","W-Msc-254460"
18,76.5,0.04,"Chlamys rubida","W-Msc-254460"
18.5,76.5,0.04,"Chlamys rubida","W-Msc-254460"
19,76.5,0.03,"Chlamys rubida","W-Msc-254460"
19.5,76.5,0.04,"Chlamys rubida","W-Msc-254460"
20,76.5,0.04,"Chlamys rubida","W-Msc-254460"
20.5,76.5,0.03,"Chlamys rubida","W-Msc-254460"
21,76.5,0.03,"Chlamys rubida","W-Msc-254460"
21.5,76.5,0.02,"Chlamys rubida","W-Msc-254460"
22,76.5,0.02,"Chlamys rubida","W-Msc-254460"
22.5,76.5,0.02,"Chlamys rubida","W-Msc-254460"
23,76.5,0.02,"Chlamys rubida","W-Msc-254460"
23.5,76.5,0.02,"Chlamys rubida","W-Msc-254460"
24,76.5,0.01,"Chlamys rubida","W-Msc-254460"
24.5,76.5,0.01,"Chlamys rubida","W-Msc-254460"
26.5,76.5,0.01,"Chlamys rubida","W-Msc-254460"
27,76.5,0.01,"Chlamys rubida","W-Msc-254460"
27.5,76.5,0.01,"Chlamys rubida","W-Msc-254460"
28,76.5,0.02,"Chlamys rubida","W-Msc-254460"
28.5,76.5,0.03,"Chlamys rubida","W-Msc-254460"
29,76.5,0.05,"Chlamys rubida","W-Msc-254460"
29.5,76.5,0.06,"Chlamys rubida","W-Msc-254460"
30,76.5,0.06,"Chlamys rubida","W-Msc-254460"
30.5,76.5,0.06,"Chlamys rubida","W-Msc-254460"
31,76.5,0.06,"Chlamys rubida","W-Msc-254460"
31.5,76.5,0.06,"Chlamys rubida","W-Msc-254460"
32,76.5,0.05,"Chlamys rubida","W-Msc-254460"
32.5,76.5,0.04,"Chlamys rubida","W-Msc-254460"
33,76.5,0.04,"Chlamys rubida","W-Msc-254460"
33.5,76.5,0.03,"Chlamys rubida","W-Msc-254460"
34,76.5,0.03,"Chlamys rubida","W-Msc-254460"
34.5,76.5,0.03,"Chlamys rubida","W-Msc-254460"
35,76.5,0.03,"Chlamys rubida","W-Msc-254460"
35.5,76.5,0.03,"Chlamys rubida","W-Msc-254460"
36,76.5,0.03,"Chlamys rubida","W-Msc-254460"
36.5,76.5,0.03,"Chlamys rubida","W-Msc-254460"
37,76.5,0.03,"Chlamys rubida","W-Msc-254460"
37.5,76.5,0.03,"Chlamys rubida","W-Msc-254460"
38,76.5,0.03,"Chlamys rubida","W-Msc-254460"
38.5,76.5,0.02,"Chlamys rubida","W-Msc-254460"
39,76.5,0.02,"Chlamys rubida","W-Msc-254460"
39.5,76.5,0.02,"Chlamys rubida","W-Msc-254460"
40,76.5,0.02,"Chlamys rubida","W-Msc-254460"
40.5,76.5,0.02,"Chlamys rubida","W-Msc-254460"
41,76.5,0.03,"Chlamys rubida","W-Msc-254460"
41.5,76.5,0.03,"Chlamys rubida","W-Msc-254460"
42,76.5,0.03,"Chlamys rubida","W-Msc-254460"
42.5,76.5,0.03,"Chlamys rubida","W-Msc-254460"
43,76.5,0.03,"Chlamys rubida","W-Msc-254460"
43.5,76.5,0.03,"Chlamys rubida","W-Msc-254460"
44,76.5,0.04,"Chlamys rubida","W-Msc-254460"
44.5,76.5,0.04,"Chlamys rubida","W-Msc-254460"
45,76.5,0.04,"Chlamys rubida","W-Msc-254460"
45.5,76.5,0.04,"Chlamys rubida","W-Msc-254460"
46,76.5,0.04,"Chlamys rubida","W-Msc-254460"
46.5,76.5,0.05,"Chlamys rubida","W-Msc-254460"
47,76.5,0.05,"Chlamys rubida","W-Msc-254460"
47.5,76.5,0.04,"Chlamys rubida","W-Msc-254460"
48,76.5,0.04,"Chlamys rubida","W-Msc-254460"
48.5,76.5,0.04,"Chlamys rubida","W-Msc-254460"
49,76.5,0.03,"Chlamys rubida","W-Msc-254460"
49.5,76.5,0.03,"Chlamys rubida","W-Msc-254460"
50,76.5,0.02,"Chlamys rubida","W-Msc-254460"
50.5,76.5,0.02,"Chlamys rubida","W-Msc-254460"
51,76.5,0.02,"Chlamys rubida","W-Msc-254460"
51.5,76.5,0.03,"Chlamys rubida","W-Msc-254460"
52,76.5,0.03,"Chlamys rubida","W-Msc-254460"
52.5,76.5,0.04,"Chlamys rubida","W-Msc-254460"
53,76.5,0.04,"Chlamys rubida","W-Msc-254460"
53.5,76.5,0.05,"Chlamys rubida","W-Msc-254460"
54,76.5,0.05,"Chlamys rubida","W-Msc-254460"
54.5,76.5,0.05,"Chlamys rubida","W-Msc-254460"
55,76.5,0.05,"Chlamys rubida","W-Msc-254460"
55.5,76.5,0.04,"Chlamys rubida","W-Msc-254460"
56,76.5,0.04,"Chlamys rubida","W-Msc-254460"
56.5,76.5,0.03,"Chlamys rubida","W-Msc-254460"
57,76.5,0.03,"Chlamys rubida","W-Msc-254460"
57.5,76.5,0.03,"Chlamys rubida","W-Msc-254460"
58,76.5,0.03,"Chlamys rubida","W-Msc-254460"
58.5,76.5,0.03,"Chlamys rubida","W-Msc-254460"
59,76.5,0.03,"Chlamys rubida","W-Msc-254460"
59.5,76.5,0.03,"Chlamys rubida","W-Msc-254460"
60,76.5,0.03,"Chlamys rubida","W-Msc-254460"
60.5,76.5,0.03,"Chlamys rubida","W-Msc-254460"
61,76.5,0.03,"Chlamys rubida","W-Msc-254460"
61.5,76.5,0.02,"Chlamys rubida","W-Msc-254460"
62,76.5,0.02,"Chlamys rubida","W-Msc-254460"
62.5,76.5,0.02,"Chlamys rubida","W-Msc-254460"
63,76.5,0.02,"Chlamys rubida","W-Msc-254460"
63.5,76.5,0.02,"Chlamys rubida","W-Msc-254460"
64,76.5,0.02,"Chlamys rubida","W-Msc-254460"
64.5,76.5,0.02,"Chlamys rubida","W-Msc-254460"
65,76.5,0.02,"Chlamys rubida","W-Msc-254460"
65.5,76.5,0.02,"Chlamys rubida","W-Msc-254460"
66,76.5,0.02,"Chlamys rubida","W-Msc-254460"
66.5,76.5,0.01,"Chlamys rubida","W-Msc-254460"
67,76.5,0.01,"Chlamys rubida","W-Msc-254460"
69.5,76.5,0.01,"Chlamys rubida","W-Msc-254460"
70,76.5,0.01,"Chlamys rubida","W-Msc-254460"
-6.5,76,0.01,"Chlamys rubida","W-Msc-254460"
-6,76,0.01,"Chlamys rubida","W-Msc-254460"
8.5,76,0.01,"Chlamys rubida","W-Msc-254460"
9,76,0.04,"Chlamys rubida","W-Msc-254460"
13,76,0.07,"Chlamys rubida","W-Msc-254460"
13.5,76,0.12,"Chlamys rubida","W-Msc-254460"
14,76,0.23,"Chlamys rubida","W-Msc-254460"
14.5,76,0.25,"Chlamys rubida","W-Msc-254460"
15,76,0.24,"Chlamys rubida","W-Msc-254460"
15.5,76,0.22,"Chlamys rubida","W-Msc-254460"
16,76,0.19,"Chlamys rubida","W-Msc-254460"
16.5,76,0.16,"Chlamys rubida","W-Msc-254460"
17,76,0.13,"Chlamys rubida","W-Msc-254460"
17.5,76,0.11,"Chlamys rubida","W-Msc-254460"
18,76,0.1,"Chlamys rubida","W-Msc-254460"
18.5,76,0.1,"Chlamys rubida","W-Msc-254460"
19,76,0.09,"Chlamys rubida","W-Msc-254460"
19.5,76,0.08,"Chlamys rubida","W-Msc-254460"
20,76,0.08,"Chlamys rubida","W-Msc-254460"
20.5,76,0.07,"Chlamys rubida","W-Msc-254460"
21,76,0.07,"Chlamys rubida","W-Msc-254460"
21.5,76,0.06,"Chlamys rubida","W-Msc-254460"
22,76,0.06,"Chlamys rubida","W-Msc-254460"
22.5,76,0.06,"Chlamys rubida","W-Msc-254460"
23,76,0.05,"Chlamys rubida","W-Msc-254460"
23.5,76,0.03,"Chlamys rubida","W-Msc-254460"
24,76,0.02,"Chlamys rubida","W-Msc-254460"
24.5,76,0.01,"Chlamys rubida","W-Msc-254460"
25,76,0.01,"Chlamys rubida","W-Msc-254460"
25.5,76,0.02,"Chlamys rubida","W-Msc-254460"
26,76,0.03,"Chlamys rubida","W-Msc-254460"
26.5,76,0.04,"Chlamys rubida","W-Msc-254460"
27,76,0.05,"Chlamys rubida","W-Msc-254460"
27.5,76,0.07,"Chlamys rubida","W-Msc-254460"
28,76,0.08,"Chlamys rubida","W-Msc-254460"
28.5,76,0.08,"Chlamys rubida","W-Msc-254460"
29,76,0.11,"Chlamys rubida","W-Msc-254460"
29.5,76,0.13,"Chlamys rubida","W-Msc-254460"
30,76,0.14,"Chlamys rubida","W-Msc-254460"
30.5,76,0.14,"Chlamys rubida","W-Msc-254460"
31,76,0.14,"Chlamys rubida","W-Msc-254460"
31.5,76,0.14,"Chlamys rubida","W-Msc-254460"
32,76,0.13,"Chlamys rubida","W-Msc-254460"
32.5,76,0.12,"Chlamys rubida","W-Msc-254460"
33,76,0.12,"Chlamys rubida","W-Msc-254460"
33.5,76,0.11,"Chlamys rubida","W-Msc-254460"
34,76,0.11,"Chlamys rubida","W-Msc-254460"
34.5,76,0.11,"Chlamys rubida","W-Msc-254460"
35,76,0.1,"Chlamys rubida","W-Msc-254460"
35.5,76,0.1,"Chlamys rubida","W-Msc-254460"
36,76,0.1,"Chlamys rubida","W-Msc-254460"
36.5,76,0.09,"Chlamys rubida","W-Msc-254460"
37,76,0.09,"Chlamys rubida","W-Msc-254460"
37.5,76,0.08,"Chlamys rubida","W-Msc-254460"
38,76,0.08,"Chlamys rubida","W-Msc-254460"
38.5,76,0.07,"Chlamys rubida","W-Msc-254460"
39,76,0.07,"Chlamys rubida","W-Msc-254460"
39.5,76,0.06,"Chlamys rubida","W-Msc-254460"
40,76,0.06,"Chlamys rubida","W-Msc-254460"
40.5,76,0.06,"Chlamys rubida","W-Msc-254460"
41,76,0.06,"Chlamys rubida","W-Msc-254460"
41.5,76,0.06,"Chlamys rubida","W-Msc-254460"
42,76,0.07,"Chlamys rubida","W-Msc-254460"
42.5,76,0.07,"Chlamys rubida","W-Msc-254460"
43,76,0.07,"Chlamys rubida","W-Msc-254460"
43.5,76,0.07,"Chlamys rubida","W-Msc-254460"
44,76,0.07,"Chlamys rubida","W-Msc-254460"
44.5,76,0.07,"Chlamys rubida","W-Msc-254460"
45,76,0.07,"Chlamys rubida","W-Msc-254460"
45.5,76,0.07,"Chlamys rubida","W-Msc-254460"
46,76,0.07,"Chlamys rubida","W-Msc-254460"
46.5,76,0.07,"Chlamys rubida","W-Msc-254460"
47,76,0.07,"Chlamys rubida","W-Msc-254460"
47.5,76,0.06,"Chlamys rubida","W-Msc-254460"
48,76,0.06,"Chlamys rubida","W-Msc-254460"
48.5,76,0.05,"Chlamys rubida","W-Msc-254460"
49,76,0.05,"Chlamys rubida","W-Msc-254460"
49.5,76,0.05,"Chlamys rubida","W-Msc-254460"
50,76,0.04,"Chlamys rubida","W-Msc-254460"
50.5,76,0.04,"Chlamys rubida","W-Msc-254460"
51,76,0.04,"Chlamys rubida","W-Msc-254460"
51.5,76,0.05,"Chlamys rubida","W-Msc-254460"
52,76,0.06,"Chlamys rubida","W-Msc-254460"
52.5,76,0.06,"Chlamys rubida","W-Msc-254460"
53,76,0.06,"Chlamys rubida","W-Msc-254460"
53.5,76,0.05,"Chlamys rubida","W-Msc-254460"
54,76,0.03,"Chlamys rubida","W-Msc-254460"
54.5,76,0.03,"Chlamys rubida","W-Msc-254460"
55,76,0.02,"Chlamys rubida","W-Msc-254460"
55.5,76,0.02,"Chlamys rubida","W-Msc-254460"
56,76,0.01,"Chlamys rubida","W-Msc-254460"
56.5,76,0.01,"Chlamys rubida","W-Msc-254460"
57,76,0.01,"Chlamys rubida","W-Msc-254460"
57.5,76,0.02,"Chlamys rubida","W-Msc-254460"
58,76,0.02,"Chlamys rubida","W-Msc-254460"
58.5,76,0.03,"Chlamys rubida","W-Msc-254460"
59,76,0.03,"Chlamys rubida","W-Msc-254460"
59.5,76,0.04,"Chlamys rubida","W-Msc-254460"
60,76,0.03,"Chlamys rubida","W-Msc-254460"
60.5,76,0.02,"Chlamys rubida","W-Msc-254460"
61,76,0.01,"Chlamys rubida","W-Msc-254460"
61.5,76,0.01,"Chlamys rubida","W-Msc-254460"
62,76,0.01,"Chlamys rubida","W-Msc-254460"
62.5,76,0.01,"Chlamys rubida","W-Msc-254460"
63,76,0.01,"Chlamys rubida","W-Msc-254460"
63.5,76,0.01,"Chlamys rubida","W-Msc-254460"
64,76,0.01,"Chlamys rubida","W-Msc-254460"
64.5,76,0.01,"Chlamys rubida","W-Msc-254460"
65,76,0.01,"Chlamys rubida","W-Msc-254460"
13,75.5,0.05,"Chlamys rubida","W-Msc-254460"
13.5,75.5,0.14,"Chlamys rubida","W-Msc-254460"
14,75.5,0.25,"Chlamys rubida","W-Msc-254460"
14.5,75.5,0.27,"Chlamys rubida","W-Msc-254460"
15,75.5,0.27,"Chlamys rubida","W-Msc-254460"
15.5,75.5,0.26,"Chlamys rubida","W-Msc-254460"
16,75.5,0.24,"Chlamys rubida","W-Msc-254460"
16.5,75.5,0.22,"Chlamys rubida","W-Msc-254460"
17,75.5,0.21,"Chlamys rubida","W-Msc-254460"
17.5,75.5,0.18,"Chlamys rubida","W-Msc-254460"
18,75.5,0.16,"Chlamys rubida","W-Msc-254460"
18.5,75.5,0.12,"Chlamys rubida","W-Msc-254460"
19,75.5,0.08,"Chlamys rubida","W-Msc-254460"
19.5,75.5,0.06,"Chlamys rubida","W-Msc-254460"
20,75.5,0.04,"Chlamys rubida","W-Msc-254460"
20.5,75.5,0.03,"Chlamys rubida","W-Msc-254460"
21,75.5,0.03,"Chlamys rubida","W-Msc-254460"
21.5,75.5,0.02,"Chlamys rubida","W-Msc-254460"
22,75.5,0.02,"Chlamys rubida","W-Msc-254460"
22.5,75.5,0.02,"Chlamys rubida","W-Msc-254460"
23,75.5,0.02,"Chlamys rubida","W-Msc-254460"
23.5,75.5,0.02,"Chlamys rubida","W-Msc-254460"
24,75.5,0.03,"Chlamys rubida","W-Msc-254460"
24.5,75.5,0.03,"Chlamys rubida","W-Msc-254460"
25,75.5,0.04,"Chlamys rubida","W-Msc-254460"
25.5,75.5,0.06,"Chlamys rubida","W-Msc-254460"
26,75.5,0.07,"Chlamys rubida","W-Msc-254460"
26.5,75.5,0.1,"Chlamys rubida","W-Msc-254460"
27,75.5,0.14,"Chlamys rubida","W-Msc-254460"
27.5,75.5,0.15,"Chlamys rubida","W-Msc-254460"
28,75.5,0.16,"Chlamys rubida","W-Msc-254460"
28.5,75.5,0.17,"Chlamys rubida","W-Msc-254460"
29,75.5,0.18,"Chlamys rubida","W-Msc-254460"
29.5,75.5,0.18,"Chlamys rubida","W-Msc-254460"
30,75.5,0.18,"Chlamys rubida","W-Msc-254460"
30.5,75.5,0.17,"Chlamys rubida","W-Msc-254460"
31,75.5,0.17,"Chlamys rubida","W-Msc-254460"
31.5,75.5,0.17,"Chlamys rubida","W-Msc-254460"
32,75.5,0.17,"Chlamys rubida","W-Msc-254460"
32.5,75.5,0.16,"Chlamys rubida","W-Msc-254460"
33,75.5,0.16,"Chlamys rubida","W-Msc-254460"
33.5,75.5,0.16,"Chlamys rubida","W-Msc-254460"
34,75.5,0.15,"Chlamys rubida","W-Msc-254460"
34.5,75.5,0.15,"Chlamys rubida","W-Msc-254460"
35,75.5,0.14,"Chlamys rubida","W-Msc-254460"
35.5,75.5,0.13,"Chlamys rubida","W-Msc-254460"
36,75.5,0.12,"Chlamys rubida","W-Msc-254460"
36.5,75.5,0.12,"Chlamys rubida","W-Msc-254460"
37,75.5,0.11,"Chlamys rubida","W-Msc-254460"
37.5,75.5,0.11,"Chlamys rubida","W-Msc-254460"
38,75.5,0.1,"Chlamys rubida","W-Msc-254460"
38.5,75.5,0.1,"Chlamys rubida","W-Msc-254460"
39,75.5,0.1,"Chlamys rubida","W-Msc-254460"
39.5,75.5,0.09,"Chlamys rubida","W-Msc-254460"
40,75.5,0.09,"Chlamys rubida","W-Msc-254460"
40.5,75.5,0.09,"Chlamys rubida","W-Msc-254460"
41,75.5,0.09,"Chlamys rubida","W-Msc-254460"
41.5,75.5,0.09,"Chlamys rubida","W-Msc-254460"
42,75.5,0.09,"Chlamys rubida","W-Msc-254460"
42.5,75.5,0.09,"Chlamys rubida","W-Msc-254460"
43,75.5,0.09,"Chlamys rubida","W-Msc-254460"
43.5,75.5,0.09,"Chlamys rubida","W-Msc-254460"
44,75.5,0.09,"Chlamys rubida","W-Msc-254460"
44.5,75.5,0.09,"Chlamys rubida","W-Msc-254460"
45,75.5,0.1,"Chlamys rubida","W-Msc-254460"
45.5,75.5,0.1,"Chlamys rubida","W-Msc-254460"
46,75.5,0.1,"Chlamys rubida","W-Msc-254460"
46.5,75.5,0.09,"Chlamys rubida","W-Msc-254460"
47,75.5,0.09,"Chlamys rubida","W-Msc-254460"
47.5,75.5,0.09,"Chlamys rubida","W-Msc-254460"
48,75.5,0.09,"Chlamys rubida","W-Msc-254460"
48.5,75.5,0.08,"Chlamys rubida","W-Msc-254460"
49,75.5,0.08,"Chlamys rubida","W-Msc-254460"
49.5,75.5,0.07,"Chlamys rubida","W-Msc-254460"
50,75.5,0.07,"Chlamys rubida","W-Msc-254460"
50.5,75.5,0.07,"Chlamys rubida","W-Msc-254460"
51,75.5,0.07,"Chlamys rubida","W-Msc-254460"
51.5,75.5,0.07,"Chlamys rubida","W-Msc-254460"
52,75.5,0.06,"Chlamys rubida","W-Msc-254460"
52.5,75.5,0.05,"Chlamys rubida","W-Msc-254460"
53,75.5,0.03,"Chlamys rubida","W-Msc-254460"
53.5,75.5,0.03,"Chlamys rubida","W-Msc-254460"
54,75.5,0.03,"Chlamys rubida","W-Msc-254460"
54.5,75.5,0.03,"Chlamys rubida","W-Msc-254460"
55,75.5,0.02,"Chlamys rubida","W-Msc-254460"
55.5,75.5,0.03,"Chlamys rubida","W-Msc-254460"
56,75.5,0.03,"Chlamys rubida","W-Msc-254460"
56.5,75.5,0.03,"Chlamys rubida","W-Msc-254460"
57,75.5,0.03,"Chlamys rubida","W-Msc-254460"
57.5,75.5,0.03,"Chlamys rubida","W-Msc-254460"
58,75.5,0.02,"Chlamys rubida","W-Msc-254460"
58.5,75.5,0.02,"Chlamys rubida","W-Msc-254460"
59,75.5,0.01,"Chlamys rubida","W-Msc-254460"
60,75.5,0.01,"Chlamys rubida","W-Msc-254460"
64,75.5,0.01,"Chlamys rubida","W-Msc-254460"
64.5,75.5,0.01,"Chlamys rubida","W-Msc-254460"
65,75.5,0.01,"Chlamys rubida","W-Msc-254460"
65.5,75.5,0.01,"Chlamys rubida","W-Msc-254460"
13,75,0.01,"Chlamys rubida","W-Msc-254460"
13.5,75,0.09,"Chlamys rubida","W-Msc-254460"
14,75,0.18,"Chlamys rubida","W-Msc-254460"
14.5,75,0.24,"Chlamys rubida","W-Msc-254460"
15,75,0.26,"Chlamys rubida","W-Msc-254460"
15.5,75,0.27,"Chlamys rubida","W-Msc-254460"
16,75,0.26,"Chlamys rubida","W-Msc-254460"
16.5,75,0.25,"Chlamys rubida","W-Msc-254460"
17,75,0.23,"Chlamys rubida","W-Msc-254460"
17.5,75,0.2,"Chlamys rubida","W-Msc-254460"
18,75,0.16,"Chlamys rubida","W-Msc-254460"
18.5,75,0.1,"Chlamys rubida","W-Msc-254460"
19,75,0.06,"Chlamys rubida","W-Msc-254460"
19.5,75,0.04,"Chlamys rubida","W-Msc-254460"
20,75,0.03,"Chlamys rubida","W-Msc-254460"
20.5,75,0.02,"Chlamys rubida","W-Msc-254460"
21,75,0.02,"Chlamys rubida","W-Msc-254460"
21.5,75,0.02,"Chlamys rubida","W-Msc-254460"
22,75,0.03,"Chlamys rubida","W-Msc-254460"
22.5,75,0.03,"Chlamys rubida","W-Msc-254460"
23,75,0.03,"Chlamys rubida","W-Msc-254460"
23.5,75,0.05,"Chlamys rubida","W-Msc-254460"
24,75,0.06,"Chlamys rubida","W-Msc-254460"
24.5,75,0.08,"Chlamys rubida","W-Msc-254460"
25,75,0.12,"Chlamys rubida","W-Msc-254460"
25.5,75,0.14,"Chlamys rubida","W-Msc-254460"
26,75,0.17,"Chlamys rubida","W-Msc-254460"
26.5,75,0.18,"Chlamys rubida","W-Msc-254460"
27,75,0.19,"Chlamys rubida","W-Msc-254460"
27.5,75,0.2,"Chlamys rubida","W-Msc-254460"
28,75,0.2,"Chlamys rubida","W-Msc-254460"
28.5,75,0.21,"Chlamys rubida","W-Msc-254460"
29,75,0.21,"Chlamys rubida","W-Msc-254460"
29.5,75,0.21,"Chlamys rubida","W-Msc-254460"
30,75,0.21,"Chlamys rubida","W-Msc-254460"
30.5,75,0.21,"Chlamys rubida","W-Msc-254460"
31,75,0.2,"Chlamys rubida","W-Msc-254460"
31.5,75,0.2,"Chlamys rubida","W-Msc-254460"
32,75,0.2,"Chlamys rubida","W-Msc-254460"
32.5,75,0.2,"Chlamys rubida","W-Msc-254460"
33,75,0.19,"Chlamys rubida","W-Msc-254460"
33.5,75,0.18,"Chlamys rubida","W-Msc-254460"
34,75,0.17,"Chlamys rubida","W-Msc-254460"
34.5,75,0.14,"Chlamys rubida","W-Msc-254460"
35,75,0.13,"Chlamys rubida","W-Msc-254460"
35.5,75,0.12,"Chlamys rubida","W-Msc-254460"
36,75,0.11,"Chlamys rubida","W-Msc-254460"
36.5,75,0.11,"Chlamys rubida","W-Msc-254460"
37,75,0.1,"Chlamys rubida","W-Msc-254460"
37.5,75,0.1,"Chlamys rubida","W-Msc-254460"
38,75,0.1,"Chlamys rubida","W-Msc-254460"
38.5,75,0.1,"Chlamys rubida","W-Msc-254460"
39,75,0.1,"Chlamys rubida","W-Msc-254460"
39.5,75,0.1,"Chlamys rubida","W-Msc-254460"
40,75,0.1,"Chlamys rubida","W-Msc-254460"
40.5,75,0.09,"Chlamys rubida","W-Msc-254460"
41,75,0.09,"Chlamys rubida","W-Msc-254460"
41.5,75,0.09,"Chlamys rubida","W-Msc-254460"
42,75,0.1,"Chlamys rubida","W-Msc-254460"
42.5,75,0.1,"Chlamys rubida","W-Msc-254460"
43,75,0.1,"Chlamys rubida","W-Msc-254460"
43.5,75,0.11,"Chlamys rubida","W-Msc-254460"
44,75,0.11,"Chlamys rubida","W-Msc-254460"
44.5,75,0.11,"Chlamys rubida","W-Msc-254460"
45,75,0.11,"Chlamys rubida","W-Msc-254460"
45.5,75,0.12,"Chlamys rubida","W-Msc-254460"
46,75,0.11,"Chlamys rubida","W-Msc-254460"
46.5,75,0.11,"Chlamys rubida","W-Msc-254460"
47,75,0.11,"Chlamys rubida","W-Msc-254460"
47.5,75,0.11,"Chlamys rubida","W-Msc-254460"
48,75,0.11,"Chlamys rubida","W-Msc-254460"
48.5,75,0.11,"Chlamys rubida","W-Msc-254460"
49,75,0.1,"Chlamys rubida","W-Msc-254460"
49.5,75,0.1,"Chlamys rubida","W-Msc-254460"
50,75,0.1,"Chlamys rubida","W-Msc-254460"
50.5,75,0.09,"Chlamys rubida","W-Msc-254460"
51,75,0.08,"Chlamys rubida","W-Msc-254460"
51.5,75,0.07,"Chlamys rubida","W-Msc-254460"
52,75,0.06,"Chlamys rubida","W-Msc-254460"
52.5,75,0.05,"Chlamys rubida","W-Msc-254460"
53,75,0.05,"Chlamys rubida","W-Msc-254460"
53.5,75,0.04,"Chlamys rubida","W-Msc-254460"
54,75,0.04,"Chlamys rubida","W-Msc-254460"
54.5,75,0.04,"Chlamys rubida","W-Msc-254460"
55,75,0.04,"Chlamys rubida","W-Msc-254460"
55.5,75,0.04,"Chlamys rubida","W-Msc-254460"
56,75,0.04,"Chlamys rubida","W-Msc-254460"
56.5,75,0.05,"Chlamys rubida","W-Msc-254460"
57,75,0.04,"Chlamys rubida","W-Msc-254460"
57.5,75,0.02,"Chlamys rubida","W-Msc-254460"
58,75,0.01,"Chlamys rubida","W-Msc-254460"
61,75,0.01,"Chlamys rubida","W-Msc-254460"
61.5,75,0.01,"Chlamys rubida","W-Msc-254460"
62,75,0.01,"Chlamys rubida","W-Msc-254460"
62.5,75,0.01,"Chlamys rubida","W-Msc-254460"
63,75,0.01,"Chlamys rubida","W-Msc-254460"
14.5,74.5,0.01,"Chlamys rubida","W-Msc-254460"
15,74.5,0.11,"Chlamys rubida","W-Msc-254460"
15.5,74.5,0.24,"Chlamys rubida","W-Msc-254460"
16,74.5,0.26,"Chlamys rubida","W-Msc-254460"
16.5,74.5,0.28,"Chlamys rubida","W-Msc-254460"
17,74.5,0.28,"Chlamys rubida","W-Msc-254460"
17.5,74.5,0.26,"Chlamys rubida","W-Msc-254460"
18,74.5,0.24,"Chlamys rubida","W-Msc-254460"
18.5,74.5,0.21,"Chlamys rubida","W-Msc-254460"
19,74.5,0.14,"Chlamys rubida","W-Msc-254460"
19.5,74.5,0.1,"Chlamys rubida","W-Msc-254460"
20,74.5,0.05,"Chlamys rubida","W-Msc-254460"
20.5,74.5,0.08,"Chlamys rubida","W-Msc-254460"
21,74.5,0.09,"Chlamys rubida","W-Msc-254460"
21.5,74.5,0.08,"Chlamys rubida","W-Msc-254460"
22,74.5,0.11,"Chlamys rubida","W-Msc-254460"
22.5,74.5,0.11,"Chlamys rubida","W-Msc-254460"
23,74.5,0.07,"Chlamys rubida","W-Msc-254460"
23.5,74.5,0.15,"Chlamys rubida","W-Msc-254460"
24,74.5,0.17,"Chlamys rubida","W-Msc-254460"
24.5,74.5,0.19,"Chlamys rubida","W-Msc-254460"
25,74.5,0.2,"Chlamys rubida","W-Msc-254460"
25.5,74.5,0.22,"Chlamys rubida","W-Msc-254460"
26,74.5,0.22,"Chlamys rubida","W-Msc-254460"
26.5,74.5,0.23,"Chlamys rubida","W-Msc-254460"
27,74.5,0.23,"Chlamys rubida","W-Msc-254460"
27.5,74.5,0.23,"Chlamys rubida","W-Msc-254460"
28,74.5,0.24,"Chlamys rubida","W-Msc-254460"
28.5,74.5,0.24,"Chlamys rubida","W-Msc-254460"
29,74.5,0.24,"Chlamys rubida","W-Msc-254460"
29.5,74.5,0.23,"Chlamys rubida","W-Msc-254460"
30,74.5,0.23,"Chlamys rubida","W-Msc-254460"
30.5,74.5,0.22,"Chlamys rubida","W-Msc-254460"
31,74.5,0.22,"Chlamys rubida","W-Msc-254460"
31.5,74.5,0.23,"Chlamys rubida","W-Msc-254460"
32,74.5,0.23,"Chlamys rubida","W-Msc-254460"
32.5,74.5,0.22,"Chlamys rubida","W-Msc-254460"
33,74.5,0.21,"Chlamys rubida","W-Msc-254460"
33.5,74.5,0.2,"Chlamys rubida","W-Msc-254460"
34,74.5,0.19,"Chlamys rubida","W-Msc-254460"
34.5,74.5,0.19,"Chlamys rubida","W-Msc-254460"
35,74.5,0.18,"Chlamys rubida","W-Msc-254460"
35.5,74.5,0.17,"Chlamys rubida","W-Msc-254460"
36,74.5,0.17,"Chlamys rubida","W-Msc-254460"
36.5,74.5,0.16,"Chlamys rubida","W-Msc-254460"
37,74.5,0.15,"Chlamys rubida","W-Msc-254460"
37.5,74.5,0.13,"Chlamys rubida","W-Msc-254460"
38,74.5,0.1,"Chlamys rubida","W-Msc-254460"
38.5,74.5,0.09,"Chlamys rubida","W-Msc-254460"
39,74.5,0.09,"Chlamys rubida","W-Msc-254460"
39.5,74.5,0.08,"Chlamys rubida","W-Msc-254460"
40,74.5,0.08,"Chlamys rubida","W-Msc-254460"
40.5,74.5,0.08,"Chlamys rubida","W-Msc-254460"
41,74.5,0.09,"Chlamys rubida","W-Msc-254460"
41.5,74.5,0.09,"Chlamys rubida","W-Msc-254460"
42,74.5,0.09,"Chlamys rubida","W-Msc-254460"
42.5,74.5,0.1,"Chlamys rubida","W-Msc-254460"
43,74.5,0.11,"Chlamys rubida","W-Msc-254460"
43.5,74.5,0.12,"Chlamys rubida","W-Msc-254460"
44,74.5,0.12,"Chlamys rubida","W-Msc-254460"
44.5,74.5,0.13,"Chlamys rubida","W-Msc-254460"
45,74.5,0.13,"Chlamys rubida","W-Msc-254460"
45.5,74.5,0.13,"Chlamys rubida","W-Msc-254460"
46,74.5,0.13,"Chlamys rubida","W-Msc-254460"
46.5,74.5,0.13,"Chlamys rubida","W-Msc-254460"
47,74.5,0.12,"Chlamys rubida","W-Msc-254460"
47.5,74.5,0.12,"Chlamys rubida","W-Msc-254460"
48,74.5,0.12,"Chlamys rubida","W-Msc-254460"
48.5,74.5,0.11,"Chlamys rubida","W-Msc-254460"
49,74.5,0.11,"Chlamys rubida","W-Msc-254460"
49.5,74.5,0.1,"Chlamys rubida","W-Msc-254460"
50,74.5,0.1,"Chlamys rubida","W-Msc-254460"
50.5,74.5,0.08,"Chlamys rubida","W-Msc-254460"
51,74.5,0.07,"Chlamys rubida","W-Msc-254460"
51.5,74.5,0.06,"Chlamys rubida","W-Msc-254460"
52,74.5,0.06,"Chlamys rubida","W-Msc-254460"
52.5,74.5,0.06,"Chlamys rubida","W-Msc-254460"
53,74.5,0.06,"Chlamys rubida","W-Msc-254460"
53.5,74.5,0.06,"Chlamys rubida","W-Msc-254460"
54,74.5,0.06,"Chlamys rubida","W-Msc-254460"
54.5,74.5,0.06,"Chlamys rubida","W-Msc-254460"
55,74.5,0.05,"Chlamys rubida","W-Msc-254460"
55.5,74.5,0.06,"Chlamys rubida","W-Msc-254460"
56,74.5,0.04,"Chlamys rubida","W-Msc-254460"
56.5,74.5,0.02,"Chlamys rubida","W-Msc-254460"
60,74.5,0.01,"Chlamys rubida","W-Msc-254460"
60.5,74.5,0.01,"Chlamys rubida","W-Msc-254460"
61,74.5,0.01,"Chlamys rubida","W-Msc-254460"
7,74,0.01,"Chlamys rubida","W-Msc-254460"
7.5,74,0.04,"Chlamys rubida","W-Msc-254460"
8,74,0.03,"Chlamys rubida","W-Msc-254460"
8.5,74,0.04,"Chlamys rubida","W-Msc-254460"
15,74,0.03,"Chlamys rubida","W-Msc-254460"
15.5,74,0.1,"Chlamys rubida","W-Msc-254460"
16,74,0.25,"Chlamys rubida","W-Msc-254460"
16.5,74,0.28,"Chlamys rubida","W-Msc-254460"
17,74,0.31,"Chlamys rubida","W-Msc-254460"
17.5,74,0.3,"Chlamys rubida","W-Msc-254460"
18,74,0.28,"Chlamys rubida","W-Msc-254460"
18.5,74,0.21,"Chlamys rubida","W-Msc-254460"
19,74,0.15,"Chlamys rubida","W-Msc-254460"
19.5,74,0.15,"Chlamys rubida","W-Msc-254460"
20,74,0.17,"Chlamys rubida","W-Msc-254460"
20.5,74,0.2,"Chlamys rubida","W-Msc-254460"
21,74,0.23,"Chlamys rubida","W-Msc-254460"
21.5,74,0.24,"Chlamys rubida","W-Msc-254460"
22,74,0.24,"Chlamys rubida","W-Msc-254460"
22.5,74,0.24,"Chlamys rubida","W-Msc-254460"
23,74,0.24,"Chlamys rubida","W-Msc-254460"
23.5,74,0.24,"Chlamys rubida","W-Msc-254460"
24,74,0.25,"Chlamys rubida","W-Msc-254460"
24.5,74,0.25,"Chlamys rubida","W-Msc-254460"
25,74,0.25,"Chlamys rubida","W-Msc-254460"
25.5,74,0.25,"Chlamys rubida","W-Msc-254460"
26,74,0.25,"Chlamys rubida","W-Msc-254460"
26.5,74,0.25,"Chlamys rubida","W-Msc-254460"
27,74,0.25,"Chlamys rubida","W-Msc-254460"
27.5,74,0.24,"Chlamys rubida","W-Msc-254460"
28,74,0.24,"Chlamys rubida","W-Msc-254460"
28.5,74,0.23,"Chlamys rubida","W-Msc-254460"
29,74,0.23,"Chlamys rubida","W-Msc-254460"
29.5,74,0.23,"Chlamys rubida","W-Msc-254460"
30,74,0.23,"Chlamys rubida","W-Msc-254460"
30.5,74,0.24,"Chlamys rubida","W-Msc-254460"
31,74,0.24,"Chlamys rubida","W-Msc-254460"
31.5,74,0.25,"Chlamys rubida","W-Msc-254460"
32,74,0.25,"Chlamys rubida","W-Msc-254460"
32.5,74,0.25,"Chlamys rubida","W-Msc-254460"
33,74,0.24,"Chlamys rubida","W-Msc-254460"
33.5,74,0.24,"Chlamys rubida","W-Msc-254460"
34,74,0.24,"Chlamys rubida","W-Msc-254460"
34.5,74,0.23,"Chlamys rubida","W-Msc-254460"
35,74,0.23,"Chlamys rubida","W-Msc-254460"
35.5,74,0.22,"Chlamys rubida","W-Msc-254460"
36,74,0.21,"Chlamys rubida","W-Msc-254460"
36.5,74,0.2,"Chlamys rubida","W-Msc-254460"
37,74,0.18,"Chlamys rubida","W-Msc-254460"
37.5,74,0.16,"Chlamys rubida","W-Msc-254460"
38,74,0.14,"Chlamys rubida","W-Msc-254460"
38.5,74,0.12,"Chlamys rubida","W-Msc-254460"
39,74,0.11,"Chlamys rubida","W-Msc-254460"
39.5,74,0.1,"Chlamys rubida","W-Msc-254460"
40,74,0.1,"Chlamys rubida","W-Msc-254460"
40.5,74,0.1,"Chlamys rubida","W-Msc-254460"
41,74,0.1,"Chlamys rubida","W-Msc-254460"
41.5,74,0.11,"Chlamys rubida","W-Msc-254460"
42,74,0.11,"Chlamys rubida","W-Msc-254460"
42.5,74,0.11,"Chlamys rubida","W-Msc-254460"
43,74,0.12,"Chlamys rubida","W-Msc-254460"
43.5,74,0.13,"Chlamys rubida","W-Msc-254460"
44,74,0.13,"Chlamys rubida","W-Msc-254460"
44.5,74,0.14,"Chlamys rubida","W-Msc-254460"
45,74,0.14,"Chlamys rubida","W-Msc-254460"
45.5,74,0.14,"Chlamys rubida","W-Msc-254460"
46,74,0.14,"Chlamys rubida","W-Msc-254460"
46.5,74,0.14,"Chlamys rubida","W-Msc-254460"
47,74,0.14,"Chlamys rubida","W-Msc-254460"
47.5,74,0.13,"Chlamys rubida","W-Msc-254460"
48,74,0.13,"Chlamys rubida","W-Msc-254460"
48.5,74,0.12,"Chlamys rubida","W-Msc-254460"
49,74,0.12,"Chlamys rubida","W-Msc-254460"
49.5,74,0.1,"Chlamys rubida","W-Msc-254460"
50,74,0.07,"Chlamys rubida","W-Msc-254460"
50.5,74,0.07,"Chlamys rubida","W-Msc-254460"
51,74,0.08,"Chlamys rubida","W-Msc-254460"
51.5,74,0.08,"Chlamys rubida","W-Msc-254460"
52,74,0.08,"Chlamys rubida","W-Msc-254460"
52.5,74,0.08,"Chlamys rubida","W-Msc-254460"
53,74,0.08,"Chlamys rubida","W-Msc-254460"
53.5,74,0.08,"Chlamys rubida","W-Msc-254460"
54,74,0.07,"Chlamys rubida","W-Msc-254460"
54.5,74,0.06,"Chlamys rubida","W-Msc-254460"
55,74,0.06,"Chlamys rubida","W-Msc-254460"
55.5,74,0.04,"Chlamys rubida","W-Msc-254460"
56,74,0.02,"Chlamys rubida","W-Msc-254460"
58.5,74,0.01,"Chlamys rubida","W-Msc-254460"
59,74,0.01,"Chlamys rubida","W-Msc-254460"
59.5,74,0.01,"Chlamys rubida","W-Msc-254460"
60,74,0.01,"Chlamys rubida","W-Msc-254460"
-9,73.5,0.06,"Chlamys rubida","W-Msc-254460"
-8.5,73.5,0.05,"Chlamys rubida","W-Msc-254460"
7,73.5,0.02,"Chlamys rubida","W-Msc-254460"
7.5,73.5,0.07,"Chlamys rubida","W-Msc-254460"
8,73.5,0.13,"Chlamys rubida","W-Msc-254460"
13.5,73.5,0.03,"Chlamys rubida","W-Msc-254460"
14,73.5,0.09,"Chlamys rubida","W-Msc-254460"
14.5,73.5,0.15,"Chlamys rubida","W-Msc-254460"
15,73.5,0.22,"Chlamys rubida","W-Msc-254460"
15.5,73.5,0.23,"Chlamys rubida","W-Msc-254460"
16,73.5,0.25,"Chlamys rubida","W-Msc-254460"
16.5,73.5,0.28,"Chlamys rubida","W-Msc-254460"
17,73.5,0.29,"Chlamys rubida","W-Msc-254460"
17.5,73.5,0.3,"Chlamys rubida","W-Msc-254460"
18,73.5,0.31,"Chlamys rubida","W-Msc-254460"
18.5,73.5,0.3,"Chlamys rubida","W-Msc-254460"
19,73.5,0.3,"Chlamys rubida","W-Msc-254460"
19.5,73.5,0.29,"Chlamys rubida","W-Msc-254460"
20,73.5,0.29,"Chlamys rubida","W-Msc-254460"
20.5,73.5,0.3,"Chlamys rubida","W-Msc-254460"
21,73.5,0.3,"Chlamys rubida","W-Msc-254460"
21.5,73.5,0.3,"Chlamys rubida","W-Msc-254460"
22,73.5,0.29,"Chlamys rubida","W-Msc-254460"
22.5,73.5,0.29,"Chlamys rubida","W-Msc-254460"
23,73.5,0.29,"Chlamys rubida","W-Msc-254460"
23.5,73.5,0.28,"Chlamys rubida","W-Msc-254460"
24,73.5,0.28,"Chlamys rubida","W-Msc-254460"
24.5,73.5,0.28,"Chlamys rubida","W-Msc-254460"
25,73.5,0.27,"Chlamys rubida","W-Msc-254460"
25.5,73.5,0.27,"Chlamys rubida","W-Msc-254460"
26,73.5,0.27,"Chlamys rubida","W-Msc-254460"
26.5,73.5,0.26,"Chlamys rubida","W-Msc-254460"
27,73.5,0.26,"Chlamys rubida","W-Msc-254460"
27.5,73.5,0.25,"Chlamys rubida","W-Msc-254460"
28,73.5,0.25,"Chlamys rubida","W-Msc-254460"
28.5,73.5,0.24,"Chlamys rubida","W-Msc-254460"
29,73.5,0.24,"Chlamys rubida","W-Msc-254460"
29.5,73.5,0.24,"Chlamys rubida","W-Msc-254460"
30,73.5,0.25,"Chlamys rubida","W-Msc-254460"
30.5,73.5,0.25,"Chlamys rubida","W-Msc-254460"
31,73.5,0.25,"Chlamys rubida","W-Msc-254460"
31.5,73.5,0.25,"Chlamys rubida","W-Msc-254460"
32,73.5,0.25,"Chlamys rubida","W-Msc-254460"
32.5,73.5,0.25,"Chlamys rubida","W-Msc-254460"
33,73.5,0.25,"Chlamys rubida","W-Msc-254460"
33.5,73.5,0.24,"Chlamys rubida","W-Msc-254460"
34,73.5,0.24,"Chlamys rubida","W-Msc-254460"
34.5,73.5,0.23,"Chlamys rubida","W-Msc-254460"
35,73.5,0.23,"Chlamys rubida","W-Msc-254460"
35.5,73.5,0.23,"Chlamys rubida","W-Msc-254460"
36,73.5,0.23,"Chlamys rubida","W-Msc-254460"
36.5,73.5,0.22,"Chlamys rubida","W-Msc-254460"
37,73.5,0.21,"Chlamys rubida","W-Msc-254460"
37.5,73.5,0.2,"Chlamys rubida","W-Msc-254460"
38,73.5,0.18,"Chlamys rubida","W-Msc-254460"
38.5,73.5,0.16,"Chlamys rubida","W-Msc-254460"
39,73.5,0.14,"Chlamys rubida","W-Msc-254460"
39.5,73.5,0.13,"Chlamys rubida","W-Msc-254460"
40,73.5,0.13,"Chlamys rubida","W-Msc-254460"
40.5,73.5,0.13,"Chlamys rubida","W-Msc-254460"
41,73.5,0.13,"Chlamys rubida","W-Msc-254460"
41.5,73.5,0.13,"Chlamys rubida","W-Msc-254460"
42,73.5,0.13,"Chlamys rubida","W-Msc-254460"
42.5,73.5,0.13,"Chlamys rubida","W-Msc-254460"
43,73.5,0.13,"Chlamys rubida","W-Msc-254460"
43.5,73.5,0.14,"Chlamys rubida","W-Msc-254460"
44,73.5,0.14,"Chlamys rubida","W-Msc-254460"
44.5,73.5,0.14,"Chlamys rubida","W-Msc-254460"
45,73.5,0.15,"Chlamys rubida","W-Msc-254460"
45.5,73.5,0.15,"Chlamys rubida","W-Msc-254460"
46,73.5,0.15,"Chlamys rubida","W-Msc-254460"
46.5,73.5,0.15,"Chlamys rubida","W-Msc-254460"
47,73.5,0.16,"Chlamys rubida","W-Msc-254460"
47.5,73.5,0.16,"Chlamys rubida","W-Msc-254460"
48,73.5,0.16,"Chlamys rubida","W-Msc-254460"
48.5,73.5,0.15,"Chlamys rubida","W-Msc-254460"
49,73.5,0.14,"Chlamys rubida","W-Msc-254460"
49.5,73.5,0.13,"Chlamys rubida","W-Msc-254460"
50,73.5,0.12,"Chlamys rubida","W-Msc-254460"
50.5,73.5,0.12,"Chlamys rubida","W-Msc-254460"
51,73.5,0.11,"Chlamys rubida","W-Msc-254460"
51.5,73.5,0.1,"Chlamys rubida","W-Msc-254460"
52,73.5,0.1,"Chlamys rubida","W-Msc-254460"
52.5,73.5,0.09,"Chlamys rubida","W-Msc-254460"
53,73.5,0.08,"Chlamys rubida","W-Msc-254460"
53.5,73.5,0.06,"Chlamys rubida","W-Msc-254460"
54,73.5,0.04,"Chlamys rubida","W-Msc-254460"
54.5,73.5,0.03,"Chlamys rubida","W-Msc-254460"
55,73.5,0.01,"Chlamys rubida","W-Msc-254460"
58,73.5,0.01,"Chlamys rubida","W-Msc-254460"
58.5,73.5,0.01,"Chlamys rubida","W-Msc-254460"
59,73.5,0.01,"Chlamys rubida","W-Msc-254460"
-9,73,0.03,"Chlamys rubida","W-Msc-254460"
12.5,73,0.01,"Chlamys rubida","W-Msc-254460"
13,73,0.04,"Chlamys rubida","W-Msc-254460"
13.5,73,0.08,"Chlamys rubida","W-Msc-254460"
14,73,0.15,"Chlamys rubida","W-Msc-254460"
14.5,73,0.2,"Chlamys rubida","W-Msc-254460"
15,73,0.23,"Chlamys rubida","W-Msc-254460"
15.5,73,0.23,"Chlamys rubida","W-Msc-254460"
16,73,0.24,"Chlamys rubida","W-Msc-254460"
16.5,73,0.25,"Chlamys rubida","W-Msc-254460"
17,73,0.26,"Chlamys rubida","W-Msc-254460"
17.5,73,0.27,"Chlamys rubida","W-Msc-254460"
18,73,0.27,"Chlamys rubida","W-Msc-254460"
18.5,73,0.28,"Chlamys rubida","W-Msc-254460"
19,73,0.28,"Chlamys rubida","W-Msc-254460"
19.5,73,0.29,"Chlamys rubida","W-Msc-254460"
20,73,0.3,"Chlamys rubida","W-Msc-254460"
20.5,73,0.3,"Chlamys rubida","W-Msc-254460"
21,73,0.3,"Chlamys rubida","W-Msc-254460"
21.5,73,0.3,"Chlamys rubida","W-Msc-254460"
22,73,0.3,"Chlamys rubida","W-Msc-254460"
22.5,73,0.29,"Chlamys rubida","W-Msc-254460"
23,73,0.29,"Chlamys rubida","W-Msc-254460"
23.5,73,0.28,"Chlamys rubida","W-Msc-254460"
24,73,0.28,"Chlamys rubida","W-Msc-254460"
24.5,73,0.28,"Chlamys rubida","W-Msc-254460"
25,73,0.27,"Chlamys rubida","W-Msc-254460"
25.5,73,0.27,"Chlamys rubida","W-Msc-254460"
26,73,0.28,"Chlamys rubida","W-Msc-254460"
26.5,73,0.27,"Chlamys rubida","W-Msc-254460"
27,73,0.27,"Chlamys rubida","W-Msc-254460"
27.5,73,0.26,"Chlamys rubida","W-Msc-254460"
28,73,0.25,"Chlamys rubida","W-Msc-254460"
28.5,73,0.25,"Chlamys rubida","W-Msc-254460"
29,73,0.25,"Chlamys rubida","W-Msc-254460"
29.5,73,0.25,"Chlamys rubida","W-Msc-254460"
30,73,0.26,"Chlamys rubida","W-Msc-254460"
30.5,73,0.26,"Chlamys rubida","W-Msc-254460"
31,73,0.26,"Chlamys rubida","W-Msc-254460"
31.5,73,0.26,"Chlamys rubida","W-Msc-254460"
32,73,0.26,"Chlamys rubida","W-Msc-254460"
32.5,73,0.26,"Chlamys rubida","W-Msc-254460"
33,73,0.26,"Chlamys rubida","W-Msc-254460"
33.5,73,0.26,"Chlamys rubida","W-Msc-254460"
34,73,0.26,"Chlamys rubida","W-Msc-254460"
34.5,73,0.25,"Chlamys rubida","W-Msc-254460"
35,73,0.24,"Chlamys rubida","W-Msc-254460"
35.5,73,0.24,"Chlamys rubida","W-Msc-254460"
36,73,0.23,"Chlamys rubida","W-Msc-254460"
36.5,73,0.23,"Chlamys rubida","W-Msc-254460"
37,73,0.22,"Chlamys rubida","W-Msc-254460"
37.5,73,0.21,"Chlamys rubida","W-Msc-254460"
38,73,0.2,"Chlamys rubida","W-Msc-254460"
38.5,73,0.19,"Chlamys rubida","W-Msc-254460"
39,73,0.17,"Chlamys rubida","W-Msc-254460"
39.5,73,0.16,"Chlamys rubida","W-Msc-254460"
40,73,0.15,"Chlamys rubida","W-Msc-254460"
40.5,73,0.15,"Chlamys rubida","W-Msc-254460"
41,73,0.15,"Chlamys rubida","W-Msc-254460"
41.5,73,0.15,"Chlamys rubida","W-Msc-254460"
42,73,0.15,"Chlamys rubida","W-Msc-254460"
42.5,73,0.15,"Chlamys rubida","W-Msc-254460"
43,73,0.15,"Chlamys rubida","W-Msc-254460"
43.5,73,0.15,"Chlamys rubida","W-Msc-254460"
44,73,0.16,"Chlamys rubida","W-Msc-254460"
44.5,73,0.16,"Chlamys rubida","W-Msc-254460"
45,73,0.16,"Chlamys rubida","W-Msc-254460"
45.5,73,0.16,"Chlamys rubida","W-Msc-254460"
46,73,0.16,"Chlamys rubida","W-Msc-254460"
46.5,73,0.16,"Chlamys rubida","W-Msc-254460"
47,73,0.17,"Chlamys rubida","W-Msc-254460"
47.5,73,0.17,"Chlamys rubida","W-Msc-254460"
48,73,0.17,"Chlamys rubida","W-Msc-254460"
48.5,73,0.16,"Chlamys rubida","W-Msc-254460"
49,73,0.16,"Chlamys rubida","W-Msc-254460"
49.5,73,0.15,"Chlamys rubida","W-Msc-254460"
50,73,0.15,"Chlamys rubida","W-Msc-254460"
50.5,73,0.15,"Chlamys rubida","W-Msc-254460"
51,73,0.14,"Chlamys rubida","W-Msc-254460"
51.5,73,0.12,"Chlamys rubida","W-Msc-254460"
52,73,0.1,"Chlamys rubida","W-Msc-254460"
52.5,73,0.05,"Chlamys rubida","W-Msc-254460"
53,73,0.04,"Chlamys rubida","W-Msc-254460"
53.5,73,0.03,"Chlamys rubida","W-Msc-254460"
54,73,0.02,"Chlamys rubida","W-Msc-254460"
54.5,73,0.01,"Chlamys rubida","W-Msc-254460"
57,73,0.01,"Chlamys rubida","W-Msc-254460"
57.5,73,0.01,"Chlamys rubida","W-Msc-254460"
58,73,0.01,"Chlamys rubida","W-Msc-254460"
58.5,73,0.01,"Chlamys rubida","W-Msc-254460"
-13.5,72.5,0.01,"Chlamys rubida","W-Msc-254460"
-13,72.5,0.02,"Chlamys rubida","W-Msc-254460"
-12.5,72.5,0.03,"Chlamys rubida","W-Msc-254460"
-12,72.5,0.03,"Chlamys rubida","W-Msc-254460"
1.5,72.5,0.01,"Chlamys rubida","W-Msc-254460"
2,72.5,0.02,"Chlamys rubida","W-Msc-254460"
2.5,72.5,0.02,"Chlamys rubida","W-Msc-254460"
3,72.5,0.11,"Chlamys rubida","W-Msc-254460"
3.5,72.5,0.07,"Chlamys rubida","W-Msc-254460"
12.5,72.5,0.02,"Chlamys rubida","W-Msc-254460"
13,72.5,0.04,"Chlamys rubida","W-Msc-254460"
13.5,72.5,0.09,"Chlamys rubida","W-Msc-254460"
14,72.5,0.14,"Chlamys rubida","W-Msc-254460"
14.5,72.5,0.21,"Chlamys rubida","W-Msc-254460"
15,72.5,0.25,"Chlamys rubida","W-Msc-254460"
15.5,72.5,0.25,"Chlamys rubida","W-Msc-254460"
16,72.5,0.25,"Chlamys rubida","W-Msc-254460"
16.5,72.5,0.25,"Chlamys rubida","W-Msc-254460"
17,72.5,0.26,"Chlamys rubida","W-Msc-254460"
17.5,72.5,0.26,"Chlamys rubida","W-Msc-254460"
18,72.5,0.26,"Chlamys rubida","W-Msc-254460"
18.5,72.5,0.26,"Chlamys rubida","W-Msc-254460"
19,72.5,0.26,"Chlamys rubida","W-Msc-254460"
19.5,72.5,0.27,"Chlamys rubida","W-Msc-254460"
20,72.5,0.28,"Chlamys rubida","W-Msc-254460"
20.5,72.5,0.28,"Chlamys rubida","W-Msc-254460"
21,72.5,0.29,"Chlamys rubida","W-Msc-254460"
21.5,72.5,0.29,"Chlamys rubida","W-Msc-254460"
22,72.5,0.29,"Chlamys rubida","W-Msc-254460"
22.5,72.5,0.29,"Chlamys rubida","W-Msc-254460"
23,72.5,0.29,"Chlamys rubida","W-Msc-254460"
23.5,72.5,0.29,"Chlamys rubida","W-Msc-254460"
24,72.5,0.29,"Chlamys rubida","W-Msc-254460"
24.5,72.5,0.29,"Chlamys rubida","W-Msc-254460"
25,72.5,0.29,"Chlamys rubida","W-Msc-254460"
25.5,72.5,0.28,"Chlamys rubida","W-Msc-254460"
26,72.5,0.28,"Chlamys rubida","W-Msc-254460"
26.5,72.5,0.28,"Chlamys rubida","W-Msc-254460"
27,72.5,0.27,"Chlamys rubida","W-Msc-254460"
27.5,72.5,0.27,"Chlamys rubida","W-Msc-254460"
28,72.5,0.28,"Chlamys rubida","W-Msc-254460"
28.5,72.5,0.28,"Chlamys rubida","W-Msc-254460"
29,72.5,0.29,"Chlamys rubida","W-Msc-254460"
29.5,72.5,0.29,"Chlamys rubida","W-Msc-254460"
30,72.5,0.28,"Chlamys rubida","W-Msc-254460"
30.5,72.5,0.28,"Chlamys rubida","W-Msc-254460"
31,72.5,0.29,"Chlamys rubida","W-Msc-254460"
31.5,72.5,0.29,"Chlamys rubida","W-Msc-254460"
32,72.5,0.29,"Chlamys rubida","W-Msc-254460"
32.5,72.5,0.29,"Chlamys rubida","W-Msc-254460"
33,72.5,0.3,"Chlamys rubida","W-Msc-254460"
33.5,72.5,0.29,"Chlamys rubida","W-Msc-254460"
34,72.5,0.29,"Chlamys rubida","W-Msc-254460"
34.5,72.5,0.28,"Chlamys rubida","W-Msc-254460"
35,72.5,0.27,"Chlamys rubida","W-Msc-254460"
35.5,72.5,0.26,"Chlamys rubida","W-Msc-254460"
36,72.5,0.25,"Chlamys rubida","W-Msc-254460"
36.5,72.5,0.24,"Chlamys rubida","W-Msc-254460"
37,72.5,0.23,"Chlamys rubida","W-Msc-254460"
37.5,72.5,0.22,"Chlamys rubida","W-Msc-254460"
38,72.5,0.21,"Chlamys rubida","W-Msc-254460"
38.5,72.5,0.2,"Chlamys rubida","W-Msc-254460"
39,72.5,0.18,"Chlamys rubida","W-Msc-254460"
39.5,72.5,0.17,"Chlamys rubida","W-Msc-254460"
40,72.5,0.17,"Chlamys rubida","W-Msc-254460"
40.5,72.5,0.17,"Chlamys rubida","W-Msc-254460"
41,72.5,0.17,"Chlamys rubida","W-Msc-254460"
41.5,72.5,0.18,"Chlamys rubida","W-Msc-254460"
42,72.5,0.18,"Chlamys rubida","W-Msc-254460"
42.5,72.5,0.18,"Chlamys rubida","W-Msc-254460"
43,72.5,0.18,"Chlamys rubida","W-Msc-254460"
43.5,72.5,0.18,"Chlamys rubida","W-Msc-254460"
44,72.5,0.18,"Chlamys rubida","W-Msc-254460"
44.5,72.5,0.18,"Chlamys rubida","W-Msc-254460"
45,72.5,0.18,"Chlamys rubida","W-Msc-254460"
45.5,72.5,0.18,"Chlamys rubida","W-Msc-254460"
46,72.5,0.19,"Chlamys rubida","W-Msc-254460"
46.5,72.5,0.18,"Chlamys rubida","W-Msc-254460"
47,72.5,0.18,"Chlamys rubida","W-Msc-254460"
47.5,72.5,0.18,"Chlamys rubida","W-Msc-254460"
48,72.5,0.17,"Chlamys rubida","W-Msc-254460"
48.5,72.5,0.17,"Chlamys rubida","W-Msc-254460"
49,72.5,0.17,"Chlamys rubida","W-Msc-254460"
49.5,72.5,0.16,"Chlamys rubida","W-Msc-254460"
50,72.5,0.15,"Chlamys rubida","W-Msc-254460"
50.5,72.5,0.14,"Chlamys rubida","W-Msc-254460"
51,72.5,0.11,"Chlamys rubida","W-Msc-254460"
51.5,72.5,0.09,"Chlamys rubida","W-Msc-254460"
52,72.5,0.06,"Chlamys rubida","W-Msc-254460"
52.5,72.5,0.03,"Chlamys rubida","W-Msc-254460"
53,72.5,0.02,"Chlamys rubida","W-Msc-254460"
53.5,72.5,0.01,"Chlamys rubida","W-Msc-254460"
56.5,72.5,0.01,"Chlamys rubida","W-Msc-254460"
57,72.5,0.01,"Chlamys rubida","W-Msc-254460"
57.5,72.5,0.01,"Chlamys rubida","W-Msc-254460"
58,72.5,0.01,"Chlamys rubida","W-Msc-254460"
58.5,72.5,0.01,"Chlamys rubida","W-Msc-254460"
59,72.5,0.01,"Chlamys rubida","W-Msc-254460"
59.5,72.5,0.01,"Chlamys rubida","W-Msc-254460"
60,72.5,0.01,"Chlamys rubida","W-Msc-254460"
-16.5,72,0.01,"Chlamys rubida","W-Msc-254460"
-15.5,72,0.01,"Chlamys rubida","W-Msc-254460"
-15,72,0.01,"Chlamys rubida","W-Msc-254460"
-14.5,72,0.02,"Chlamys rubida","W-Msc-254460"
-14,72,0.02,"Chlamys rubida","W-Msc-254460"
-13.5,72,0.02,"Chlamys rubida","W-Msc-254460"
-13,72,0.03,"Chlamys rubida","W-Msc-254460"
-12.5,72,0.02,"Chlamys rubida","W-Msc-254460"
-12,72,0.01,"Chlamys rubida","W-Msc-254460"
-11.5,72,0.06,"Chlamys rubida","W-Msc-254460"
-11,72,0.06,"Chlamys rubida","W-Msc-254460"
-0.5,72,0.02,"Chlamys rubida","W-Msc-254460"
0,72,0.05,"Chlamys rubida","W-Msc-254460"
0.5,72,0.02,"Chlamys rubida","W-Msc-254460"
1,72,0.02,"Chlamys rubida","W-Msc-254460"
13,72,0.02,"Chlamys rubida","W-Msc-254460"
13.5,72,0.07,"Chlamys rubida","W-Msc-254460"
14,72,0.13,"Chlamys rubida","W-Msc-254460"
14.5,72,0.21,"Chlamys rubida","W-Msc-254460"
15,72,0.27,"Chlamys rubida","W-Msc-254460"
15.5,72,0.27,"Chlamys rubida","W-Msc-254460"
16,72,0.27,"Chlamys rubida","W-Msc-254460"
16.5,72,0.27,"Chlamys rubida","W-Msc-254460"
17,72,0.28,"Chlamys rubida","W-Msc-254460"
17.5,72,0.28,"Chlamys rubida","W-Msc-254460"
18,72,0.28,"Chlamys rubida","W-Msc-254460"
18.5,72,0.28,"Chlamys rubida","W-Msc-254460"
19,72,0.28,"Chlamys rubida","W-Msc-254460"
19.5,72,0.28,"Chlamys rubida","W-Msc-254460"
20,72,0.28,"Chlamys rubida","W-Msc-254460"
20.5,72,0.28,"Chlamys rubida","W-Msc-254460"
21,72,0.29,"Chlamys rubida","W-Msc-254460"
21.5,72,0.3,"Chlamys rubida","W-Msc-254460"
22,72,0.3,"Chlamys rubida","W-Msc-254460"
22.5,72,0.31,"Chlamys rubida","W-Msc-254460"
23,72,0.31,"Chlamys rubida","W-Msc-254460"
23.5,72,0.31,"Chlamys rubida","W-Msc-254460"
24,72,0.31,"Chlamys rubida","W-Msc-254460"
24.5,72,0.31,"Chlamys rubida","W-Msc-254460"
25,72,0.31,"Chlamys rubida","W-Msc-254460"
25.5,72,0.31,"Chlamys rubida","W-Msc-254460"
26,72,0.31,"Chlamys rubida","W-Msc-254460"
26.5,72,0.31,"Chlamys rubida","W-Msc-254460"
27,72,0.31,"Chlamys rubida","W-Msc-254460"
27.5,72,0.31,"Chlamys rubida","W-Msc-254460"
28,72,0.31,"Chlamys rubida","W-Msc-254460"
28.5,72,0.31,"Chlamys rubida","W-Msc-254460"
29,72,0.31,"Chlamys rubida","W-Msc-254460"
29.5,72,0.31,"Chlamys rubida","W-Msc-254460"
30,72,0.31,"Chlamys rubida","W-Msc-254460"
30.5,72,0.31,"Chlamys rubida","W-Msc-254460"
31,72,0.3,"Chlamys rubida","W-Msc-254460"
31.5,72,0.3,"Chlamys rubida","W-Msc-254460"
32,72,0.3,"Chlamys rubida","W-Msc-254460"
32.5,72,0.3,"Chlamys rubida","W-Msc-254460"
33,72,0.3,"Chlamys rubida","W-Msc-254460"
33.5,72,0.3,"Chlamys rubida","W-Msc-254460"
34,72,0.3,"Chlamys rubida","W-Msc-254460"
34.5,72,0.31,"Chlamys rubida","W-Msc-254460"
35,72,0.31,"Chlamys rubida","W-Msc-254460"
35.5,72,0.3,"Chlamys rubida","W-Msc-254460"
36,72,0.28,"Chlamys rubida","W-Msc-254460"
36.5,72,0.25,"Chlamys rubida","W-Msc-254460"
37,72,0.23,"Chlamys rubida","W-Msc-254460"
37.5,72,0.22,"Chlamys rubida","W-Msc-254460"
38,72,0.21,"Chlamys rubida","W-Msc-254460"
38.5,72,0.2,"Chlamys rubida","W-Msc-254460"
39,72,0.2,"Chlamys rubida","W-Msc-254460"
39.5,72,0.19,"Chlamys rubida","W-Msc-254460"
40,72,0.2,"Chlamys rubida","W-Msc-254460"
40.5,72,0.2,"Chlamys rubida","W-Msc-254460"
41,72,0.21,"Chlamys rubida","W-Msc-254460"
41.5,72,0.21,"Chlamys rubida","W-Msc-254460"
42,72,0.21,"Chlamys rubida","W-Msc-254460"
42.5,72,0.21,"Chlamys rubida","W-Msc-254460"
43,72,0.2,"Chlamys rubida","W-Msc-254460"
43.5,72,0.2,"Chlamys rubida","W-Msc-254460"
44,72,0.2,"Chlamys rubida","W-Msc-254460"
44.5,72,0.21,"Chlamys rubida","W-Msc-254460"
45,72,0.21,"Chlamys rubida","W-Msc-254460"
45.5,72,0.21,"Chlamys rubida","W-Msc-254460"
46,72,0.2,"Chlamys rubida","W-Msc-254460"
46.5,72,0.19,"Chlamys rubida","W-Msc-254460"
47,72,0.18,"Chlamys rubida","W-Msc-254460"
47.5,72,0.17,"Chlamys rubida","W-Msc-254460"
48,72,0.17,"Chlamys rubida","W-Msc-254460"
48.5,72,0.16,"Chlamys rubida","W-Msc-254460"
49,72,0.12,"Chlamys rubida","W-Msc-254460"
49.5,72,0.09,"Chlamys rubida","W-Msc-254460"
50,72,0.07,"Chlamys rubida","W-Msc-254460"
50.5,72,0.07,"Chlamys rubida","W-Msc-254460"
51,72,0.07,"Chlamys rubida","W-Msc-254460"
51.5,72,0.04,"Chlamys rubida","W-Msc-254460"
52,72,0.03,"Chlamys rubida","W-Msc-254460"
52.5,72,0.02,"Chlamys rubida","W-Msc-254460"
53,72,0.01,"Chlamys rubida","W-Msc-254460"
56,72,0.01,"Chlamys rubida","W-Msc-254460"
56.5,72,0.01,"Chlamys rubida","W-Msc-254460"
57,72,0.01,"Chlamys rubida","W-Msc-254460"
57.5,72,0.01,"Chlamys rubida","W-Msc-254460"
58,72,0.01,"Chlamys rubida","W-Msc-254460"
58.5,72,0.01,"Chlamys rubida","W-Msc-254460"
59,72,0.01,"Chlamys rubida","W-Msc-254460"
67,72,0.01,"Chlamys rubida","W-Msc-254460"
68,72,0.01,"Chlamys rubida","W-Msc-254460"
-124.5,71.5,0.01,"Chlamys rubida","W-Msc-254460"
-18,71.5,0.01,"Chlamys rubida","W-Msc-254460"
-17.5,71.5,0.01,"Chlamys rubida","W-Msc-254460"
-16,71.5,0.01,"Chlamys rubida","W-Msc-254460"
-15.5,71.5,0.02,"Chlamys rubida","W-Msc-254460"
-15,71.5,0.02,"Chlamys rubida","W-Msc-254460"
-14.5,71.5,0.03,"Chlamys rubida","W-Msc-254460"
-14,71.5,0.03,"Chlamys rubida","W-Msc-254460"
-13.5,71.5,0.03,"Chlamys rubida","W-Msc-254460"
-13,71.5,0.03,"Chlamys rubida","W-Msc-254460"
-12.5,71.5,0.02,"Chlamys rubida","W-Msc-254460"
-11.5,71.5,0.04,"Chlamys rubida","W-Msc-254460"
-9,71.5,0.06,"Chlamys rubida","W-Msc-254460"
-8.5,71.5,0.07,"Chlamys rubida","W-Msc-254460"
-8,71.5,0.04,"Chlamys rubida","W-Msc-254460"
-7,71.5,0.04,"Chlamys rubida","W-Msc-254460"
-6.5,71.5,0.02,"Chlamys rubida","W-Msc-254460"
-5,71.5,0.01,"Chlamys rubida","W-Msc-254460"
-4.5,71.5,0.02,"Chlamys rubida","W-Msc-254460"
-4,71.5,0.04,"Chlamys rubida","W-Msc-254460"
-3.5,71.5,0.01,"Chlamys rubida","W-Msc-254460"
-3,71.5,0.02,"Chlamys rubida","W-Msc-254460"
-2,71.5,0.01,"Chlamys rubida","W-Msc-254460"
-1.5,71.5,0.01,"Chlamys rubida","W-Msc-254460"
13.5,71.5,0.01,"Chlamys rubida","W-Msc-254460"
14,71.5,0.05,"Chlamys rubida","W-Msc-254460"
14.5,71.5,0.1,"Chlamys rubida","W-Msc-254460"
15,71.5,0.16,"Chlamys rubida","W-Msc-254460"
15.5,71.5,0.28,"Chlamys rubida","W-Msc-254460"
16,71.5,0.3,"Chlamys rubida","W-Msc-254460"
16.5,71.5,0.3,"Chlamys rubida","W-Msc-254460"
17,71.5,0.31,"Chlamys rubida","W-Msc-254460"
17.5,71.5,0.31,"Chlamys rubida","W-Msc-254460"
18,71.5,0.31,"Chlamys rubida","W-Msc-254460"
18.5,71.5,0.31,"Chlamys rubida","W-Msc-254460"
19,71.5,0.32,"Chlamys rubida","W-Msc-254460"
19.5,71.5,0.32,"Chlamys rubida","W-Msc-254460"
20,71.5,0.33,"Chlamys rubida","W-Msc-254460"
20.5,71.5,0.33,"Chlamys rubida","W-Msc-254460"
21,71.5,0.32,"Chlamys rubida","W-Msc-254460"
21.5,71.5,0.33,"Chlamys rubida","W-Msc-254460"
22,71.5,0.33,"Chlamys rubida","W-Msc-254460"
22.5,71.5,0.34,"Chlamys rubida","W-Msc-254460"
23,71.5,0.35,"Chlamys rubida","W-Msc-254460"
23.5,71.5,0.35,"Chlamys rubida","W-Msc-254460"
24,71.5,0.35,"Chlamys rubida","W-Msc-254460"
24.5,71.5,0.35,"Chlamys rubida","W-Msc-254460"
25,71.5,0.35,"Chlamys rubida","W-Msc-254460"
25.5,71.5,0.35,"Chlamys rubida","W-Msc-254460"
26,71.5,0.35,"Chlamys rubida","W-Msc-254460"
26.5,71.5,0.34,"Chlamys rubida","W-Msc-254460"
27,71.5,0.34,"Chlamys rubida","W-Msc-254460"
27.5,71.5,0.35,"Chlamys rubida","W-Msc-254460"
28,71.5,0.35,"Chlamys rubida","W-Msc-254460"
28.5,71.5,0.35,"Chlamys rubida","W-Msc-254460"
29,71.5,0.35,"Chlamys rubida","W-Msc-254460"
29.5,71.5,0.34,"Chlamys rubida","W-Msc-254460"
30,71.5,0.33,"Chlamys rubida","W-Msc-254460"
30.5,71.5,0.32,"Chlamys rubida","W-Msc-254460"
31,71.5,0.32,"Chlamys rubida","W-Msc-254460"
31.5,71.5,0.32,"Chlamys rubida","W-Msc-254460"
32,71.5,0.31,"Chlamys rubida","W-Msc-254460"
32.5,71.5,0.3,"Chlamys rubida","W-Msc-254460"
33,71.5,0.3,"Chlamys rubida","W-Msc-254460"
33.5,71.5,0.3,"Chlamys rubida","W-Msc-254460"
34,71.5,0.31,"Chlamys rubida","W-Msc-254460"
34.5,71.5,0.32,"Chlamys rubida","W-Msc-254460"
35,71.5,0.32,"Chlamys rubida","W-Msc-254460"
35.5,71.5,0.33,"Chlamys rubida","W-Msc-254460"
36,71.5,0.31,"Chlamys rubida","W-Msc-254460"
36.5,71.5,0.3,"Chlamys rubida","W-Msc-254460"
37,71.5,0.29,"Chlamys rubida","W-Msc-254460"
37.5,71.5,0.27,"Chlamys rubida","W-Msc-254460"
38,71.5,0.24,"Chlamys rubida","W-Msc-254460"
38.5,71.5,0.23,"Chlamys rubida","W-Msc-254460"
39,71.5,0.23,"Chlamys rubida","W-Msc-254460"
39.5,71.5,0.23,"Chlamys rubida","W-Msc-254460"
40,71.5,0.23,"Chlamys rubida","W-Msc-254460"
40.5,71.5,0.24,"Chlamys rubida","W-Msc-254460"
41,71.5,0.25,"Chlamys rubida","W-Msc-254460"
41.5,71.5,0.25,"Chlamys rubida","W-Msc-254460"
42,71.5,0.24,"Chlamys rubida","W-Msc-254460"
42.5,71.5,0.24,"Chlamys rubida","W-Msc-254460"
43,71.5,0.23,"Chlamys rubida","W-Msc-254460"
43.5,71.5,0.22,"Chlamys rubida","W-Msc-254460"
44,71.5,0.21,"Chlamys rubida","W-Msc-254460"
44.5,71.5,0.21,"Chlamys rubida","W-Msc-254460"
45,71.5,0.2,"Chlamys rubida","W-Msc-254460"
45.5,71.5,0.18,"Chlamys rubida","W-Msc-254460"
46,71.5,0.18,"Chlamys rubida","W-Msc-254460"
46.5,71.5,0.17,"Chlamys rubida","W-Msc-254460"
47,71.5,0.15,"Chlamys rubida","W-Msc-254460"
47.5,71.5,0.11,"Chlamys rubida","W-Msc-254460"
48,71.5,0.08,"Chlamys rubida","W-Msc-254460"
48.5,71.5,0.11,"Chlamys rubida","W-Msc-254460"
49,71.5,0.09,"Chlamys rubida","W-Msc-254460"
49.5,71.5,0.08,"Chlamys rubida","W-Msc-254460"
50,71.5,0.06,"Chlamys rubida","W-Msc-254460"
50.5,71.5,0.06,"Chlamys rubida","W-Msc-254460"
51,71.5,0.06,"Chlamys rubida","W-Msc-254460"
51.5,71.5,0.05,"Chlamys rubida","W-Msc-254460"
52,71.5,0.02,"Chlamys rubida","W-Msc-254460"
56,71.5,0.01,"Chlamys rubida","W-Msc-254460"
56.5,71.5,0.01,"Chlamys rubida","W-Msc-254460"
57,71.5,0.01,"Chlamys rubida","W-Msc-254460"
57.5,71.5,0.01,"Chlamys rubida","W-Msc-254460"
58,71.5,0.01,"Chlamys rubida","W-Msc-254460"
58.5,71.5,0.01,"Chlamys rubida","W-Msc-254460"
59,71.5,0.01,"Chlamys rubida","W-Msc-254460"
59.5,71.5,0.01,"Chlamys rubida","W-Msc-254460"
60,71.5,0.01,"Chlamys rubida","W-Msc-254460"
65.5,71.5,0.01,"Chlamys rubida","W-Msc-254460"
66,71.5,0.01,"Chlamys rubida","W-Msc-254460"
66.5,71.5,0.01,"Chlamys rubida","W-Msc-254460"
67,71.5,0.01,"Chlamys rubida","W-Msc-254460"
67.5,71.5,0.01,"Chlamys rubida","W-Msc-254460"
68,71.5,0.01,"Chlamys rubida","W-Msc-254460"
-123.5,71,0.01,"Chlamys rubida","W-Msc-254460"
-18.5,71,0.01,"Chlamys rubida","W-Msc-254460"
-17,71,0.02,"Chlamys rubida","W-Msc-254460"
-16.5,71,0.03,"Chlamys rubida","W-Msc-254460"
-16,71,0.02,"Chlamys rubida","W-Msc-254460"
-15.5,71,0.04,"Chlamys rubida","W-Msc-254460"
-15,71,0.04,"Chlamys rubida","W-Msc-254460"
-14.5,71,0.04,"Chlamys rubida","W-Msc-254460"
-14,71,0.04,"Chlamys rubida","W-Msc-254460"
-13.5,71,0.04,"Chlamys rubida","W-Msc-254460"
-13,71,0.04,"Chlamys rubida","W-Msc-254460"
-12.5,71,0.05,"Chlamys rubida","W-Msc-254460"
-12,71,0.05,"Chlamys rubida","W-Msc-254460"
-11.5,71,0.05,"Chlamys rubida","W-Msc-254460"
-11,71,0.06,"Chlamys rubida","W-Msc-254460"
-10.5,71,0.07,"Chlamys rubida","W-Msc-254460"
-10,71,0.07,"Chlamys rubida","W-Msc-254460"
-9.5,71,0.09,"Chlamys rubida","W-Msc-254460"
-9,71,0.1,"Chlamys rubida","W-Msc-254460"
-8.5,71,0.12,"Chlamys rubida","W-Msc-254460"
-8,71,0.13,"Chlamys rubida","W-Msc-254460"
-7.5,71,0.12,"Chlamys rubida","W-Msc-254460"
-7,71,0.1,"Chlamys rubida","W-Msc-254460"
-6.5,71,0.09,"Chlamys rubida","W-Msc-254460"
-6,71,0.1,"Chlamys rubida","W-Msc-254460"
-5.5,71,0.1,"Chlamys rubida","W-Msc-254460"
-5,71,0.08,"Chlamys rubida","W-Msc-254460"
-4.5,71,0.11,"Chlamys rubida","W-Msc-254460"
-4,71,0.04,"Chlamys rubida","W-Msc-254460"
-3.5,71,0.01,"Chlamys rubida","W-Msc-254460"
-3,71,0.01,"Chlamys rubida","W-Msc-254460"
-1.5,71,0.01,"Chlamys rubida","W-Msc-254460"
-1,71,0.01,"Chlamys rubida","W-Msc-254460"
15,71,0.05,"Chlamys rubida","W-Msc-254460"
15.5,71,0.12,"Chlamys rubida","W-Msc-254460"
16,71,0.2,"Chlamys rubida","W-Msc-254460"
16.5,71,0.33,"Chlamys rubida","W-Msc-254460"
17,71,0.33,"Chlamys rubida","W-Msc-254460"
17.5,71,0.33,"Chlamys rubida","W-Msc-254460"
18,71,0.33,"Chlamys rubida","W-Msc-254460"
18.5,71,0.33,"Chlamys rubida","W-Msc-254460"
19,71,0.34,"Chlamys rubida","W-Msc-254460"
19.5,71,0.34,"Chlamys rubida","W-Msc-254460"
20,71,0.35,"Chlamys rubida","W-Msc-254460"
20.5,71,0.36,"Chlamys rubida","W-Msc-254460"
21,71,0.37,"Chlamys rubida","W-Msc-254460"
21.5,71,0.37,"Chlamys rubida","W-Msc-254460"
22,71,0.37,"Chlamys rubida","W-Msc-254460"
22.5,71,0.37,"Chlamys rubida","W-Msc-254460"
23,71,0.4,"Chlamys rubida","W-Msc-254460"
23.5,71,0.44,"Chlamys rubida","W-Msc-254460"
24,71,0.44,"Chlamys rubida","W-Msc-254460"
24.5,71,0.43,"Chlamys rubida","W-Msc-254460"
25,71,0.4,"Chlamys rubida","W-Msc-254460"
25.5,71,0.37,"Chlamys rubida","W-Msc-254460"
26,71,0.37,"Chlamys rubida","W-Msc-254460"
26.5,71,0.38,"Chlamys rubida","W-Msc-254460"
27,71,0.37,"Chlamys rubida","W-Msc-254460"
27.5,71,0.39,"Chlamys rubida","W-Msc-254460"
28,71,0.43,"Chlamys rubida","W-Msc-254460"
28.5,71,0.42,"Chlamys rubida","W-Msc-254460"
29,71,0.38,"Chlamys rubida","W-Msc-254460"
29.5,71,0.35,"Chlamys rubida","W-Msc-254460"
30,71,0.32,"Chlamys rubida","W-Msc-254460"
30.5,71,0.31,"Chlamys rubida","W-Msc-254460"
31,71,0.3,"Chlamys rubida","W-Msc-254460"
31.5,71,0.29,"Chlamys rubida","W-Msc-254460"
32,71,0.29,"Chlamys rubida","W-Msc-254460"
32.5,71,0.29,"Chlamys rubida","W-Msc-254460"
33,71,0.28,"Chlamys rubida","W-Msc-254460"
33.5,71,0.28,"Chlamys rubida","W-Msc-254460"
34,71,0.28,"Chlamys rubida","W-Msc-254460"
34.5,71,0.3,"Chlamys rubida","W-Msc-254460"
35,71,0.31,"Chlamys rubida","W-Msc-254460"
35.5,71,0.33,"Chlamys rubida","W-Msc-254460"
36,71,0.34,"Chlamys rubida","W-Msc-254460"
36.5,71,0.35,"Chlamys rubida","W-Msc-254460"
37,71,0.35,"Chlamys rubida","W-Msc-254460"
37.5,71,0.34,"Chlamys rubida","W-Msc-254460"
38,71,0.33,"Chlamys rubida","W-Msc-254460"
38.5,71,0.31,"Chlamys rubida","W-Msc-254460"
39,71,0.29,"Chlamys rubida","W-Msc-254460"
39.5,71,0.29,"Chlamys rubida","W-Msc-254460"
40,71,0.29,"Chlamys rubida","W-Msc-254460"
40.5,71,0.29,"Chlamys rubida","W-Msc-254460"
41,71,0.28,"Chlamys rubida","W-Msc-254460"
41.5,71,0.26,"Chlamys rubida","W-Msc-254460"
42,71,0.25,"Chlamys rubida","W-Msc-254460"
42.5,71,0.23,"Chlamys rubida","W-Msc-254460"
43,71,0.22,"Chlamys rubida","W-Msc-254460"
43.5,71,0.22,"Chlamys rubida","W-Msc-254460"
44,71,0.21,"Chlamys rubida","W-Msc-254460"
44.5,71,0.2,"Chlamys rubida","W-Msc-254460"
45,71,0.19,"Chlamys rubida","W-Msc-254460"
45.5,71,0.18,"Chlamys rubida","W-Msc-254460"
46,71,0.17,"Chlamys rubida","W-Msc-254460"
46.5,71,0.15,"Chlamys rubida","W-Msc-254460"
47,71,0.13,"Chlamys rubida","W-Msc-254460"
47.5,71,0.13,"Chlamys rubida","W-Msc-254460"
48,71,0.12,"Chlamys rubida","W-Msc-254460"
48.5,71,0.09,"Chlamys rubida","W-Msc-254460"
49,71,0.07,"Chlamys rubida","W-Msc-254460"
49.5,71,0.06,"Chlamys rubida","W-Msc-254460"
50,71,0.05,"Chlamys rubida","W-Msc-254460"
50.5,71,0.05,"Chlamys rubida","W-Msc-254460"
51,71,0.05,"Chlamys rubida","W-Msc-254460"
51.5,71,0.06,"Chlamys rubida","W-Msc-254460"
52,71,0.06,"Chlamys rubida","W-Msc-254460"
52.5,71,0.06,"Chlamys rubida","W-Msc-254460"
53,71,0.05,"Chlamys rubida","W-Msc-254460"
56.5,71,0.01,"Chlamys rubida","W-Msc-254460"
57,71,0.01,"Chlamys rubida","W-Msc-254460"
57.5,71,0.01,"Chlamys rubida","W-Msc-254460"
58,71,0.01,"Chlamys rubida","W-Msc-254460"
58.5,71,0.01,"Chlamys rubida","W-Msc-254460"
59,71,0.01,"Chlamys rubida","W-Msc-254460"
59.5,71,0.01,"Chlamys rubida","W-Msc-254460"
60,71,0.01,"Chlamys rubida","W-Msc-254460"
60.5,71,0.01,"Chlamys rubida","W-Msc-254460"
62.5,71,0.01,"Chlamys rubida","W-Msc-254460"
63,71,0.01,"Chlamys rubida","W-Msc-254460"
63.5,71,0.01,"Chlamys rubida","W-Msc-254460"
64,71,0.01,"Chlamys rubida","W-Msc-254460"
65,71,0.01,"Chlamys rubida","W-Msc-254460"
65.5,71,0.01,"Chlamys rubida","W-Msc-254460"
66,71,0.01,"Chlamys rubida","W-Msc-254460"
66.5,71,0.01,"Chlamys rubida","W-Msc-254460"
-163.5,70.5,0.01,"Chlamys rubida","W-Msc-254460"
-163,70.5,0.01,"Chlamys rubida","W-Msc-254460"
-162.5,70.5,0.01,"Chlamys rubida","W-Msc-254460"
-162,70.5,0.01,"Chlamys rubida","W-Msc-254460"
-161.5,70.5,0.01,"Chlamys rubida","W-Msc-254460"
-161,70.5,0.01,"Chlamys rubida","W-Msc-254460"
-160.5,70.5,0.01,"Chlamys rubida","W-Msc-254460"
-160,70.5,0.01,"Chlamys rubida","W-Msc-254460"
-159.5,70.5,0.01,"Chlamys rubida","W-Msc-254460"
-19,70.5,0.01,"Chlamys rubida","W-Msc-254460"
-18.5,70.5,0.01,"Chlamys rubida","W-Msc-254460"
-18,70.5,0.01,"Chlamys rubida","W-Msc-254460"
-17.5,70.5,0.01,"Chlamys rubida","W-Msc-254460"
-16.5,70.5,0.02,"Chlamys rubida","W-Msc-254460"
-16,70.5,0.04,"Chlamys rubida","W-Msc-254460"
-15.5,70.5,0.04,"Chlamys rubida","W-Msc-254460"
-15,70.5,0.04,"Chlamys rubida","W-Msc-254460"
-14.5,70.5,0.04,"Chlamys rubida","W-Msc-254460"
-14,70.5,0.05,"Chlamys rubida","W-Msc-254460"
-13.5,70.5,0.05,"Chlamys rubida","W-Msc-254460"
-13,70.5,0.05,"Chlamys rubida","W-Msc-254460"
-12.5,70.5,0.05,"Chlamys rubida","W-Msc-254460"
-12,70.5,0.05,"Chlamys rubida","W-Msc-254460"
-11.5,70.5,0.06,"Chlamys rubida","W-Msc-254460"
-11,70.5,0.06,"Chlamys rubida","W-Msc-254460"
-10.5,70.5,0.07,"Chlamys rubida","W-Msc-254460"
-10,70.5,0.08,"Chlamys rubida","W-Msc-254460"
-9.5,70.5,0.1,"Chlamys rubida","W-Msc-254460"
-9,70.5,0.13,"Chlamys rubida","W-Msc-254460"
-8.5,70.5,0.15,"Chlamys rubida","W-Msc-254460"
-8,70.5,0.16,"Chlamys rubida","W-Msc-254460"
-7.5,70.5,0.14,"Chlamys rubida","W-Msc-254460"
-7,70.5,0.13,"Chlamys rubida","W-Msc-254460"
-6.5,70.5,0.13,"Chlamys rubida","W-Msc-254460"
-6,70.5,0.14,"Chlamys rubida","W-Msc-254460"
-5.5,70.5,0.12,"Chlamys rubida","W-Msc-254460"
-5,70.5,0.09,"Chlamys rubida","W-Msc-254460"
-4.5,70.5,0.09,"Chlamys rubida","W-Msc-254460"
-4,70.5,0.1,"Chlamys rubida","W-Msc-254460"
-3.5,70.5,0.01,"Chlamys rubida","W-Msc-254460"
16.5,70.5,0.12,"Chlamys rubida","W-Msc-254460"
17,70.5,0.37,"Chlamys rubida","W-Msc-254460"
17.5,70.5,0.37,"Chlamys rubida","W-Msc-254460"
18,70.5,0.37,"Chlamys rubida","W-Msc-254460"
18.5,70.5,0.37,"Chlamys rubida","W-Msc-254460"
19,70.5,0.36,"Chlamys rubida","W-Msc-254460"
19.5,70.5,0.36,"Chlamys rubida","W-Msc-254460"
20,70.5,0.36,"Chlamys rubida","W-Msc-254460"
20.5,70.5,0.36,"Chlamys rubida","W-Msc-254460"
21,70.5,0.38,"Chlamys rubida","W-Msc-254460"
21.5,70.5,0.4,"Chlamys rubida","W-Msc-254460"
22,70.5,0.45,"Chlamys rubida","W-Msc-254460"
22.5,70.5,0.5,"Chlamys rubida","W-Msc-254460"
23,70.5,0.49,"Chlamys rubida","W-Msc-254460"
23.5,70.5,0.5,"Chlamys rubida","W-Msc-254460"
24,70.5,0.55,"Chlamys rubida","W-Msc-254460"
24.5,70.5,0.19,"Chlamys rubida","W-Msc-254460"
25,70.5,0.04,"Chlamys rubida","W-Msc-254460"
25.5,70.5,0.24,"Chlamys rubida","W-Msc-254460"
26,70.5,0.45,"Chlamys rubida","W-Msc-254460"
26.5,70.5,0.53,"Chlamys rubida","W-Msc-254460"
27,70.5,0.53,"Chlamys rubida","W-Msc-254460"
27.5,70.5,0.52,"Chlamys rubida","W-Msc-254460"
28.5,70.5,0.44,"Chlamys rubida","W-Msc-254460"
29,70.5,0.41,"Chlamys rubida","W-Msc-254460"
29.5,70.5,0.56,"Chlamys rubida","W-Msc-254460"
30,70.5,0.51,"Chlamys rubida","W-Msc-254460"
30.5,70.5,0.41,"Chlamys rubida","W-Msc-254460"
31,70.5,0.33,"Chlamys rubida","W-Msc-254460"
31.5,70.5,0.3,"Chlamys rubida","W-Msc-254460"
32,70.5,0.28,"Chlamys rubida","W-Msc-254460"
32.5,70.5,0.28,"Chlamys rubida","W-Msc-254460"
33,70.5,0.28,"Chlamys rubida","W-Msc-254460"
33.5,70.5,0.28,"Chlamys rubida","W-Msc-254460"
34,70.5,0.29,"Chlamys rubida","W-Msc-254460"
34.5,70.5,0.29,"Chlamys rubida","W-Msc-254460"
35,70.5,0.29,"Chlamys rubida","W-Msc-254460"
35.5,70.5,0.28,"Chlamys rubida","W-Msc-254460"
36,70.5,0.26,"Chlamys rubida","W-Msc-254460"
36.5,70.5,0.28,"Chlamys rubida","W-Msc-254460"
37,70.5,0.29,"Chlamys rubida","W-Msc-254460"
37.5,70.5,0.29,"Chlamys rubida","W-Msc-254460"
38,70.5,0.34,"Chlamys rubida","W-Msc-254460"
38.5,70.5,0.34,"Chlamys rubida","W-Msc-254460"
39,70.5,0.33,"Chlamys rubida","W-Msc-254460"
39.5,70.5,0.32,"Chlamys rubida","W-Msc-254460"
40,70.5,0.3,"Chlamys rubida","W-Msc-254460"
40.5,70.5,0.25,"Chlamys rubida","W-Msc-254460"
41,70.5,0.21,"Chlamys rubida","W-Msc-254460"
41.5,70.5,0.14,"Chlamys rubida","W-Msc-254460"
42,70.5,0.09,"Chlamys rubida","W-Msc-254460"
42.5,70.5,0.09,"Chlamys rubida","W-Msc-254460"
43,70.5,0.09,"Chlamys rubida","W-Msc-254460"
43.5,70.5,0.09,"Chlamys rubida","W-Msc-254460"
44,70.5,0.1,"Chlamys rubida","W-Msc-254460"
44.5,70.5,0.12,"Chlamys rubida","W-Msc-254460"
45,70.5,0.13,"Chlamys rubida","W-Msc-254460"
45.5,70.5,0.14,"Chlamys rubida","W-Msc-254460"
46,70.5,0.14,"Chlamys rubida","W-Msc-254460"
46.5,70.5,0.14,"Chlamys rubida","W-Msc-254460"
47,70.5,0.13,"Chlamys rubida","W-Msc-254460"
47.5,70.5,0.12,"Chlamys rubida","W-Msc-254460"
48,70.5,0.11,"Chlamys rubida","W-Msc-254460"
48.5,70.5,0.09,"Chlamys rubida","W-Msc-254460"
49,70.5,0.07,"Chlamys rubida","W-Msc-254460"
49.5,70.5,0.06,"Chlamys rubida","W-Msc-254460"
50,70.5,0.05,"Chlamys rubida","W-Msc-254460"
50.5,70.5,0.05,"Chlamys rubida","W-Msc-254460"
51,70.5,0.04,"Chlamys rubida","W-Msc-254460"
51.5,70.5,0.05,"Chlamys rubida","W-Msc-254460"
52,70.5,0.05,"Chlamys rubida","W-Msc-254460"
52.5,70.5,0.05,"Chlamys rubida","W-Msc-254460"
53,70.5,0.05,"Chlamys rubida","W-Msc-254460"
53.5,70.5,0.06,"Chlamys rubida","W-Msc-254460"
54,70.5,0.07,"Chlamys rubida","W-Msc-254460"
54.5,70.5,0.07,"Chlamys rubida","W-Msc-254460"
55,70.5,0.05,"Chlamys rubida","W-Msc-254460"
55.5,70.5,0.04,"Chlamys rubida","W-Msc-254460"
56,70.5,0.01,"Chlamys rubida","W-Msc-254460"
56.5,70.5,0.01,"Chlamys rubida","W-Msc-254460"
57.5,70.5,0.02,"Chlamys rubida","W-Msc-254460"
58,70.5,0.02,"Chlamys rubida","W-Msc-254460"
58.5,70.5,0.02,"Chlamys rubida","W-Msc-254460"
59,70.5,0.02,"Chlamys rubida","W-Msc-254460"
59.5,70.5,0.02,"Chlamys rubida","W-Msc-254460"
60,70.5,0.01,"Chlamys rubida","W-Msc-254460"
60.5,70.5,0.01,"Chlamys rubida","W-Msc-254460"
61,70.5,0.01,"Chlamys rubida","W-Msc-254460"
61.5,70.5,0.01,"Chlamys rubida","W-Msc-254460"
62,70.5,0.01,"Chlamys rubida","W-Msc-254460"
62.5,70.5,0.01,"Chlamys rubida","W-Msc-254460"
63,70.5,0.01,"Chlamys rubida","W-Msc-254460"
63.5,70.5,0.01,"Chlamys rubida","W-Msc-254460"
64,70.5,0.01,"Chlamys rubida","W-Msc-254460"
-168,70,0.01,"Chlamys rubida","W-Msc-254460"
-167.5,70,0.01,"Chlamys rubida","W-Msc-254460"
-167,70,0.01,"Chlamys rubida","W-Msc-254460"
-166.5,70,0.01,"Chlamys rubida","W-Msc-254460"
-166,70,0.01,"Chlamys rubida","W-Msc-254460"
-165.5,70,0.01,"Chlamys rubida","W-Msc-254460"
-165,70,0.01,"Chlamys rubida","W-Msc-254460"
-164.5,70,0.01,"Chlamys rubida","W-Msc-254460"
-164,70,0.01,"Chlamys rubida","W-Msc-254460"
-163.5,70,0.01,"Chlamys rubida","W-Msc-254460"
-163,70,0.01,"Chlamys rubida","W-Msc-254460"
-162.5,70,0.01,"Chlamys rubida","W-Msc-254460"
-162,70,0.01,"Chlamys rubida","W-Msc-254460"
-161.5,70,0.01,"Chlamys rubida","W-Msc-254460"
-161,70,0.01,"Chlamys rubida","W-Msc-254460"
-127,70,0.01,"Chlamys rubida","W-Msc-254460"
-126.5,70,0.01,"Chlamys rubida","W-Msc-254460"
-19,70,0.01,"Chlamys rubida","W-Msc-254460"
-18.5,70,0.02,"Chlamys rubida","W-Msc-254460"
-18,70,0.01,"Chlamys rubida","W-Msc-254460"
-17.5,70,0.01,"Chlamys rubida","W-Msc-254460"
-17,70,0.02,"Chlamys rubida","W-Msc-254460"
-16.5,70,0.03,"Chlamys rubida","W-Msc-254460"
-16,70,0.03,"Chlamys rubida","W-Msc-254460"
-15.5,70,0.04,"Chlamys rubida","W-Msc-254460"
-15,70,0.04,"Chlamys rubida","W-Msc-254460"
-14.5,70,0.04,"Chlamys rubida","W-Msc-254460"
-14,70,0.04,"Chlamys rubida","W-Msc-254460"
-13.5,70,0.03,"Chlamys rubida","W-Msc-254460"
-13,70,0.03,"Chlamys rubida","W-Msc-254460"
-12.5,70,0.03,"Chlamys rubida","W-Msc-254460"
-12,70,0.05,"Chlamys rubida","W-Msc-254460"
-11.5,70,0.03,"Chlamys rubida","W-Msc-254460"
-11,70,0.04,"Chlamys rubida","W-Msc-254460"
-10.5,70,0.05,"Chlamys rubida","W-Msc-254460"
-10,70,0.06,"Chlamys rubida","W-Msc-254460"
-9.5,70,0.1,"Chlamys rubida","W-Msc-254460"
-9,70,0.11,"Chlamys rubida","W-Msc-254460"
-8.5,70,0.12,"Chlamys rubida","W-Msc-254460"
-8,70,0.13,"Chlamys rubida","W-Msc-254460"
-7.5,70,0.14,"Chlamys rubida","W-Msc-254460"
-7,70,0.11,"Chlamys rubida","W-Msc-254460"
16,70,0.13,"Chlamys rubida","W-Msc-254460"
16.5,70,0.04,"Chlamys rubida","W-Msc-254460"
17,70,0.42,"Chlamys rubida","W-Msc-254460"
17.5,70,0.41,"Chlamys rubida","W-Msc-254460"
18,70,0.4,"Chlamys rubida","W-Msc-254460"
18.5,70,0.42,"Chlamys rubida","W-Msc-254460"
19,70,0.48,"Chlamys rubida","W-Msc-254460"
19.5,70,0.5,"Chlamys rubida","W-Msc-254460"
20,70,0.5,"Chlamys rubida","W-Msc-254460"
20.5,70,0.47,"Chlamys rubida","W-Msc-254460"
21,70,0.55,"Chlamys rubida","W-Msc-254460"
21.5,70,0.57,"Chlamys rubida","W-Msc-254460"
22,70,0.62,"Chlamys rubida","W-Msc-254460"
22.5,70,0.65,"Chlamys rubida","W-Msc-254460"
23,70,0.57,"Chlamys rubida","W-Msc-254460"
23.5,70,0.11,"Chlamys rubida","W-Msc-254460"
25.5,70,0.31,"Chlamys rubida","W-Msc-254460"
26,70,0.47,"Chlamys rubida","W-Msc-254460"
27,70,0.04,"Chlamys rubida","W-Msc-254460"
29,70,0.32,"Chlamys rubida","W-Msc-254460"
29.5,70,0.17,"Chlamys rubida","W-Msc-254460"
30,70,0.66,"Chlamys rubida","W-Msc-254460"
30.5,70,0.55,"Chlamys rubida","W-Msc-254460"
31,70,0.48,"Chlamys rubida","W-Msc-254460"
31.5,70,0.37,"Chlamys rubida","W-Msc-254460"
32,70,0.33,"Chlamys rubida","W-Msc-254460"
32.5,70,0.3,"Chlamys rubida","W-Msc-254460"
33,70,0.28,"Chlamys rubida","W-Msc-254460"
33.5,70,0.27,"Chlamys rubida","W-Msc-254460"
34,70,0.27,"Chlamys rubida","W-Msc-254460"
34.5,70,0.26,"Chlamys rubida","W-Msc-254460"
35,70,0.25,"Chlamys rubida","W-Msc-254460"
35.5,70,0.26,"Chlamys rubida","W-Msc-254460"
36,70,0.25,"Chlamys rubida","W-Msc-254460"
36.5,70,0.24,"Chlamys rubida","W-Msc-254460"
37,70,0.25,"Chlamys rubida","W-Msc-254460"
37.5,70,0.25,"Chlamys rubida","W-Msc-254460"
38,70,0.26,"Chlamys rubida","W-Msc-254460"
38.5,70,0.27,"Chlamys rubida","W-Msc-254460"
39,70,0.27,"Chlamys rubida","W-Msc-254460"
39.5,70,0.26,"Chlamys rubida","W-Msc-254460"
40,70,0.23,"Chlamys rubida","W-Msc-254460"
40.5,70,0.2,"Chlamys rubida","W-Msc-254460"
41,70,0.15,"Chlamys rubida","W-Msc-254460"
41.5,70,0.17,"Chlamys rubida","W-Msc-254460"
42,70,0.16,"Chlamys rubida","W-Msc-254460"
42.5,70,0.11,"Chlamys rubida","W-Msc-254460"
43,70,0.1,"Chlamys rubida","W-Msc-254460"
43.5,70,0.1,"Chlamys rubida","W-Msc-254460"
44,70,0.08,"Chlamys rubida","W-Msc-254460"
44.5,70,0.08,"Chlamys rubida","W-Msc-254460"
45,70,0.07,"Chlamys rubida","W-Msc-254460"
45.5,70,0.07,"Chlamys rubida","W-Msc-254460"
46,70,0.07,"Chlamys rubida","W-Msc-254460"
46.5,70,0.06,"Chlamys rubida","W-Msc-254460"
47,70,0.07,"Chlamys rubida","W-Msc-254460"
47.5,70,0.07,"Chlamys rubida","W-Msc-254460"
48,70,0.06,"Chlamys rubida","W-Msc-254460"
48.5,70,0.06,"Chlamys rubida","W-Msc-254460"
49,70,0.04,"Chlamys rubida","W-Msc-254460"
49.5,70,0.03,"Chlamys rubida","W-Msc-254460"
50,70,0.03,"Chlamys rubida","W-Msc-254460"
50.5,70,0.04,"Chlamys rubida","W-Msc-254460"
51,70,0.04,"Chlamys rubida","W-Msc-254460"
51.5,70,0.04,"Chlamys rubida","W-Msc-254460"
52,70,0.03,"Chlamys rubida","W-Msc-254460"
52.5,70,0.05,"Chlamys rubida","W-Msc-254460"
53,70,0.05,"Chlamys rubida","W-Msc-254460"
53.5,70,0.05,"Chlamys rubida","W-Msc-254460"
54,70,0.05,"Chlamys rubida","W-Msc-254460"
54.5,70,0.06,"Chlamys rubida","W-Msc-254460"
55,70,0.07,"Chlamys rubida","W-Msc-254460"
55.5,70,0.07,"Chlamys rubida","W-Msc-254460"
56,70,0.07,"Chlamys rubida","W-Msc-254460"
56.5,70,0.06,"Chlamys rubida","W-Msc-254460"
57,70,0.03,"Chlamys rubida","W-Msc-254460"
57.5,70,0.04,"Chlamys rubida","W-Msc-254460"
58,70,0.04,"Chlamys rubida","W-Msc-254460"
58.5,70,0.02,"Chlamys rubida","W-Msc-254460"
59,70,0.01,"Chlamys rubida","W-Msc-254460"
59.5,70,0.02,"Chlamys rubida","W-Msc-254460"
60,70,0.04,"Chlamys rubida","W-Msc-254460"
60.5,70,0.03,"Chlamys rubida","W-Msc-254460"
61,70,0.02,"Chlamys rubida","W-Msc-254460"
61.5,70,0.02,"Chlamys rubida","W-Msc-254460"
62,70,0.01,"Chlamys rubida","W-Msc-254460"
62.5,70,0.01,"Chlamys rubida","W-Msc-254460"
63,70,0.01,"Chlamys rubida","W-Msc-254460"
63.5,70,0.01,"Chlamys rubida","W-Msc-254460"
64,70,0.01,"Chlamys rubida","W-Msc-254460"
64.5,70,0.01,"Chlamys rubida","W-Msc-254460"
-174,69.5,0.01,"Chlamys rubida","W-Msc-254460"
-173.5,69.5,0.01,"Chlamys rubida","W-Msc-254460"
-173,69.5,0.01,"Chlamys rubida","W-Msc-254460"
-172.5,69.5,0.01,"Chlamys rubida","W-Msc-254460"
-172,69.5,0.01,"Chlamys rubida","W-Msc-254460"
-171.5,69.5,0.01,"Chlamys rubida","W-Msc-254460"
-171,69.5,0.01,"Chlamys rubida","W-Msc-254460"
-170.5,69.5,0.01,"Chlamys rubida","W-Msc-254460"
-170,69.5,0.01,"Chlamys rubida","W-Msc-254460"
-169.5,69.5,0.01,"Chlamys rubida","W-Msc-254460"
-169,69.5,0.01,"Chlamys rubida","W-Msc-254460"
-168.5,69.5,0.01,"Chlamys rubida","W-Msc-254460"
-168,69.5,0.01,"Chlamys rubida","W-Msc-254460"
-167.5,69.5,0.01,"Chlamys rubida","W-Msc-254460"
-167,69.5,0.01,"Chlamys rubida","W-Msc-254460"
-166.5,69.5,0.01,"Chlamys rubida","W-Msc-254460"
-166,69.5,0.02,"Chlamys rubida","W-Msc-254460"
-165.5,69.5,0.01,"Chlamys rubida","W-Msc-254460"
-165,69.5,0.01,"Chlamys rubida","W-Msc-254460"
-164.5,69.5,0.01,"Chlamys rubida","W-Msc-254460"
-164,69.5,0.01,"Chlamys rubida","W-Msc-254460"
-163.5,69.5,0.01,"Chlamys rubida","W-Msc-254460"
-163,69.5,0.01,"Chlamys rubida","W-Msc-254460"
-162.5,69.5,0.01,"Chlamys rubida","W-Msc-254460"
-126.5,69.5,0.01,"Chlamys rubida","W-Msc-254460"
-126,69.5,0.01,"Chlamys rubida","W-Msc-254460"
-125.5,69.5,0.01,"Chlamys rubida","W-Msc-254460"
-123,69.5,0.01,"Chlamys rubida","W-Msc-254460"
-122.5,69.5,0.01,"Chlamys rubida","W-Msc-254460"
-122,69.5,0.01,"Chlamys rubida","W-Msc-254460"
-121.5,69.5,0.01,"Chlamys rubida","W-Msc-254460"
-121,69.5,0.01,"Chlamys rubida","W-Msc-254460"
-120.5,69.5,0.01,"Chlamys rubida","W-Msc-254460"
-20,69.5,0.01,"Chlamys rubida","W-Msc-254460"
-19.5,69.5,0.01,"Chlamys rubida","W-Msc-254460"
-19,69.5,0.02,"Chlamys rubida","W-Msc-254460"
-18.5,69.5,0.03,"Chlamys rubida","W-Msc-254460"
-18,69.5,0.02,"Chlamys rubida","W-Msc-254460"
-17.5,69.5,0.02,"Chlamys rubida","W-Msc-254460"
-17,69.5,0.03,"Chlamys rubida","W-Msc-254460"
-16.5,69.5,0.04,"Chlamys rubida","W-Msc-254460"
-16,69.5,0.05,"Chlamys rubida","W-Msc-254460"
-15.5,69.5,0.04,"Chlamys rubida","W-Msc-254460"
-15,69.5,0.03,"Chlamys rubida","W-Msc-254460"
-14.5,69.5,0.03,"Chlamys rubida","W-Msc-254460"
-14,69.5,0.02,"Chlamys rubida","W-Msc-254460"
-13.5,69.5,0.01,"Chlamys rubida","W-Msc-254460"
-13,69.5,0.01,"Chlamys rubida","W-Msc-254460"
-12.5,69.5,0.01,"Chlamys rubida","W-Msc-254460"
-12,69.5,0.06,"Chlamys rubida","W-Msc-254460"
-11.5,69.5,0.06,"Chlamys rubida","W-Msc-254460"
-10.5,69.5,0.04,"Chlamys rubida","W-Msc-254460"
-9,69.5,0.01,"Chlamys rubida","W-Msc-254460"
-8.5,69.5,0.12,"Chlamys rubida","W-Msc-254460"
-8,69.5,0.13,"Chlamys rubida","W-Msc-254460"
-7.5,69.5,0.13,"Chlamys rubida","W-Msc-254460"
-7,69.5,0.04,"Chlamys rubida","W-Msc-254460"
15,69.5,0.02,"Chlamys rubida","W-Msc-254460"
15.5,69.5,0.23,"Chlamys rubida","W-Msc-254460"
16,69.5,0.44,"Chlamys rubida","W-Msc-254460"
16.5,69.5,0.46,"Chlamys rubida","W-Msc-254460"
17,69.5,0.45,"Chlamys rubida","W-Msc-254460"
17.5,69.5,0.43,"Chlamys rubida","W-Msc-254460"
18,69.5,0.51,"Chlamys rubida","W-Msc-254460"
18.5,69.5,0.45,"Chlamys rubida","W-Msc-254460"
19,69.5,0.07,"Chlamys rubida","W-Msc-254460"
19.5,69.5,0.06,"Chlamys rubida","W-Msc-254460"
20,69.5,0.3,"Chlamys rubida","W-Msc-254460"
20.5,69.5,0.36,"Chlamys rubida","W-Msc-254460"
21,69.5,0.12,"Chlamys rubida","W-Msc-254460"
21.5,69.5,0.12,"Chlamys rubida","W-Msc-254460"
22,69.5,0.11,"Chlamys rubida","W-Msc-254460"
30,69.5,0.81,"Chlamys rubida","W-Msc-254460"
30.5,69.5,0.68,"Chlamys rubida","W-Msc-254460"
31,69.5,0.55,"Chlamys rubida","W-Msc-254460"
31.5,69.5,0.5,"Chlamys rubida","W-Msc-254460"
32,69.5,0.38,"Chlamys rubida","W-Msc-254460"
32.5,69.5,0.34,"Chlamys rubida","W-Msc-254460"
33,69.5,0.39,"Chlamys rubida","W-Msc-254460"
33.5,69.5,0.36,"Chlamys rubida","W-Msc-254460"
34,69.5,0.32,"Chlamys rubida","W-Msc-254460"
34.5,69.5,0.27,"Chlamys rubida","W-Msc-254460"
35,69.5,0.25,"Chlamys rubida","W-Msc-254460"
35.5,69.5,0.24,"Chlamys rubida","W-Msc-254460"
36,69.5,0.24,"Chlamys rubida","W-Msc-254460"
36.5,69.5,0.25,"Chlamys rubida","W-Msc-254460"
37,69.5,0.24,"Chlamys rubida","W-Msc-254460"
37.5,69.5,0.22,"Chlamys rubida","W-Msc-254460"
38,69.5,0.22,"Chlamys rubida","W-Msc-254460"
38.5,69.5,0.19,"Chlamys rubida","W-Msc-254460"
39,69.5,0.2,"Chlamys rubida","W-Msc-254460"
39.5,69.5,0.2,"Chlamys rubida","W-Msc-254460"
40,69.5,0.21,"Chlamys rubida","W-Msc-254460"
40.5,69.5,0.19,"Chlamys rubida","W-Msc-254460"
41,69.5,0.17,"Chlamys rubida","W-Msc-254460"
41.5,69.5,0.17,"Chlamys rubida","W-Msc-254460"
42,69.5,0.15,"Chlamys rubida","W-Msc-254460"
42.5,69.5,0.12,"Chlamys rubida","W-Msc-254460"
43,69.5,0.09,"Chlamys rubida","W-Msc-254460"
43.5,69.5,0.09,"Chlamys rubida","W-Msc-254460"
44,69.5,0.08,"Chlamys rubida","W-Msc-254460"
44.5,69.5,0.07,"Chlamys rubida","W-Msc-254460"
45,69.5,0.06,"Chlamys rubida","W-Msc-254460"
45.5,69.5,0.06,"Chlamys rubida","W-Msc-254460"
46,69.5,0.05,"Chlamys rubida","W-Msc-254460"
46.5,69.5,0.05,"Chlamys rubida","W-Msc-254460"
47,69.5,0.05,"Chlamys rubida","W-Msc-254460"
47.5,69.5,0.05,"Chlamys rubida","W-Msc-254460"
48,69.5,0.04,"Chlamys rubida","W-Msc-254460"
48.5,69.5,0.03,"Chlamys rubida","W-Msc-254460"
49,69.5,0.02,"Chlamys rubida","W-Msc-254460"
49.5,69.5,0.02,"Chlamys rubida","W-Msc-254460"
50,69.5,0.02,"Chlamys rubida","W-Msc-254460"
50.5,69.5,0.02,"Chlamys rubida","W-Msc-254460"
51,69.5,0.03,"Chlamys rubida","W-Msc-254460"
51.5,69.5,0.03,"Chlamys rubida","W-Msc-254460"
52,69.5,0.03,"Chlamys rubida","W-Msc-254460"
52.5,69.5,0.03,"Chlamys rubida","W-Msc-254460"
53,69.5,0.03,"Chlamys rubida","W-Msc-254460"
53.5,69.5,0.02,"Chlamys rubida","W-Msc-254460"
54,69.5,0.03,"Chlamys rubida","W-Msc-254460"
54.5,69.5,0.03,"Chlamys rubida","W-Msc-254460"
55,69.5,0.03,"Chlamys rubida","W-Msc-254460"
55.5,69.5,0.03,"Chlamys rubida","W-Msc-254460"
56,69.5,0.03,"Chlamys rubida","W-Msc-254460"
56.5,69.5,0.02,"Chlamys rubida","W-Msc-254460"
57,69.5,0.02,"Chlamys rubida","W-Msc-254460"
57.5,69.5,0.02,"Chlamys rubida","W-Msc-254460"
58,69.5,0.02,"Chlamys rubida","W-Msc-254460"
58.5,69.5,0.02,"Chlamys rubida","W-Msc-254460"
59,69.5,0.01,"Chlamys rubida","W-Msc-254460"
59.5,69.5,0.01,"Chlamys rubida","W-Msc-254460"
60,69.5,0.01,"Chlamys rubida","W-Msc-254460"
60.5,69.5,0.01,"Chlamys rubida","W-Msc-254460"
61,69.5,0.04,"Chlamys rubida","W-Msc-254460"
61.5,69.5,0.03,"Chlamys rubida","W-Msc-254460"
62,69.5,0.03,"Chlamys rubida","W-Msc-254460"
62.5,69.5,0.03,"Chlamys rubida","W-Msc-254460"
63,69.5,0.02,"Chlamys rubida","W-Msc-254460"
63.5,69.5,0.02,"Chlamys rubida","W-Msc-254460"
64,69.5,0.01,"Chlamys rubida","W-Msc-254460"
-174.5,69,0.01,"Chlamys rubida","W-Msc-254460"
-174,69,0.01,"Chlamys rubida","W-Msc-254460"
-173.5,69,0.01,"Chlamys rubida","W-Msc-254460"
-173,69,0.01,"Chlamys rubida","W-Msc-254460"
-172.5,69,0.01,"Chlamys rubida","W-Msc-254460"
-172,69,0.01,"Chlamys rubida","W-Msc-254460"
-171.5,69,0.01,"Chlamys rubida","W-Msc-254460"
-171,69,0.01,"Chlamys rubida","W-Msc-254460"
-170.5,69,0.01,"Chlamys rubida","W-Msc-254460"
-170,69,0.01,"Chlamys rubida","W-Msc-254460"
-169.5,69,0.02,"Chlamys rubida","W-Msc-254460"
-169,69,0.02,"Chlamys rubida","W-Msc-254460"
-168.5,69,0.02,"Chlamys rubida","W-Msc-254460"
-168,69,0.02,"Chlamys rubida","W-Msc-254460"
-167.5,69,0.02,"Chlamys rubida","W-Msc-254460"
-167,69,0.02,"Chlamys rubida","W-Msc-254460"
-166.5,69,0.02,"Chlamys rubida","W-Msc-254460"
-166,69,0.02,"Chlamys rubida","W-Msc-254460"
-165.5,69,0.01,"Chlamys rubida","W-Msc-254460"
-165,69,0.01,"Chlamys rubida","W-Msc-254460"
-164.5,69,0.01,"Chlamys rubida","W-Msc-254460"
-164,69,0.01,"Chlamys rubida","W-Msc-254460"
-163.5,69,0.01,"Chlamys rubida","W-Msc-254460"
-163,69,0.01,"Chlamys rubida","W-Msc-254460"
-125.5,69,0.01,"Chlamys rubida","W-Msc-254460"
-123.5,69,0.01,"Chlamys rubida","W-Msc-254460"
-120,69,0.01,"Chlamys rubida","W-Msc-254460"
-119.5,69,0.01,"Chlamys rubida","W-Msc-254460"
-119,69,0.01,"Chlamys rubida","W-Msc-254460"
-118.5,69,0.01,"Chlamys rubida","W-Msc-254460"
-22,69,0.01,"Chlamys rubida","W-Msc-254460"
-21.5,69,0.01,"Chlamys rubida","W-Msc-254460"
-21,69,0.01,"Chlamys rubida","W-Msc-254460"
-20.5,69,0.02,"Chlamys rubida","W-Msc-254460"
-20,69,0.03,"Chlamys rubida","W-Msc-254460"
-19.5,69,0.04,"Chlamys rubida","W-Msc-254460"
-19,69,0.04,"Chlamys rubida","W-Msc-254460"
-18.5,69,0.02,"Chlamys rubida","W-Msc-254460"
-18,69,0.04,"Chlamys rubida","W-Msc-254460"
-17.5,69,0.05,"Chlamys rubida","W-Msc-254460"
-17,69,0.05,"Chlamys rubida","W-Msc-254460"
-16.5,69,0.05,"Chlamys rubida","W-Msc-254460"
-16,69,0.05,"Chlamys rubida","W-Msc-254460"
-15.5,69,0.04,"Chlamys rubida","W-Msc-254460"
-15,69,0.03,"Chlamys rubida","W-Msc-254460"
-14.5,69,0.02,"Chlamys rubida","W-Msc-254460"
-14,69,0.01,"Chlamys rubida","W-Msc-254460"
-13.5,69,0.01,"Chlamys rubida","W-Msc-254460"
-12,69,0.05,"Chlamys rubida","W-Msc-254460"
-11.5,69,0.05,"Chlamys rubida","W-Msc-254460"
-9,69,0.07,"Chlamys rubida","W-Msc-254460"
-8.5,69,0.1,"Chlamys rubida","W-Msc-254460"
-8,69,0.12,"Chlamys rubida","W-Msc-254460"
-7.5,69,0.13,"Chlamys rubida","W-Msc-254460"
13.5,69,0.36,"Chlamys rubida","W-Msc-254460"
14,69,0.39,"Chlamys rubida","W-Msc-254460"
14.5,69,0.41,"Chlamys rubida","W-Msc-254460"
15,69,0.44,"Chlamys rubida","W-Msc-254460"
15.5,69,0.45,"Chlamys rubida","W-Msc-254460"
16,69,0.46,"Chlamys rubida","W-Msc-254460"
16.5,69,0.45,"Chlamys rubida","W-Msc-254460"
17,69,0.52,"Chlamys rubida","W-Msc-254460"
17.5,69,0.23,"Chlamys rubida","W-Msc-254460"
18,69,0.03,"Chlamys rubida","W-Msc-254460"
18.5,69,0.06,"Chlamys rubida","W-Msc-254460"
19,69,0.06,"Chlamys rubida","W-Msc-254460"
19.5,69,0.03,"Chlamys rubida","W-Msc-254460"
20.5,69,0.25,"Chlamys rubida","W-Msc-254460"
33,69,0.01,"Chlamys rubida","W-Msc-254460"
33.5,69,0.67,"Chlamys rubida","W-Msc-254460"
34,69,0.65,"Chlamys rubida","W-Msc-254460"
34.5,69,0.25,"Chlamys rubida","W-Msc-254460"
35,69,0.28,"Chlamys rubida","W-Msc-254460"
35.5,69,0.3,"Chlamys rubida","W-Msc-254460"
36,69,0.35,"Chlamys rubida","W-Msc-254460"
36.5,69,0.34,"Chlamys rubida","W-Msc-254460"
37,69,0.27,"Chlamys rubida","W-Msc-254460"
37.5,69,0.23,"Chlamys rubida","W-Msc-254460"
38,69,0.22,"Chlamys rubida","W-Msc-254460"
38.5,69,0.23,"Chlamys rubida","W-Msc-254460"
39,69,0.22,"Chlamys rubida","W-Msc-254460"
39.5,69,0.21,"Chlamys rubida","W-Msc-254460"
40,69,0.18,"Chlamys rubida","W-Msc-254460"
40.5,69,0.16,"Chlamys rubida","W-Msc-254460"
41,69,0.17,"Chlamys rubida","W-Msc-254460"
41.5,69,0.16,"Chlamys rubida","W-Msc-254460"
42,69,0.13,"Chlamys rubida","W-Msc-254460"
42.5,69,0.11,"Chlamys rubida","W-Msc-254460"
43,69,0.08,"Chlamys rubida","W-Msc-254460"
43.5,69,0.06,"Chlamys rubida","W-Msc-254460"
44,69,0.06,"Chlamys rubida","W-Msc-254460"
44.5,69,0.06,"Chlamys rubida","W-Msc-254460"
45,69,0.06,"Chlamys rubida","W-Msc-254460"
45.5,69,0.05,"Chlamys rubida","W-Msc-254460"
46,69,0.05,"Chlamys rubida","W-Msc-254460"
46.5,69,0.04,"Chlamys rubida","W-Msc-254460"
47,69,0.03,"Chlamys rubida","W-Msc-254460"
47.5,69,0.02,"Chlamys rubida","W-Msc-254460"
48,69,0.02,"Chlamys rubida","W-Msc-254460"
48.5,69,0.02,"Chlamys rubida","W-Msc-254460"
50,69,0.01,"Chlamys rubida","W-Msc-254460"
50.5,69,0.02,"Chlamys rubida","W-Msc-254460"
51,69,0.02,"Chlamys rubida","W-Msc-254460"
51.5,69,0.02,"Chlamys rubida","W-Msc-254460"
52,69,0.02,"Chlamys rubida","W-Msc-254460"
52.5,69,0.02,"Chlamys rubida","W-Msc-254460"
53,69,0.03,"Chlamys rubida","W-Msc-254460"
53.5,69,0.03,"Chlamys rubida","W-Msc-254460"
54,69,0.03,"Chlamys rubida","W-Msc-254460"
54.5,69,0.03,"Chlamys rubida","W-Msc-254460"
55,69,0.02,"Chlamys rubida","W-Msc-254460"
55.5,69,0.01,"Chlamys rubida","W-Msc-254460"
56,69,0.01,"Chlamys rubida","W-Msc-254460"
56.5,69,0.01,"Chlamys rubida","W-Msc-254460"
57,69,0.01,"Chlamys rubida","W-Msc-254460"
57.5,69,0.01,"Chlamys rubida","W-Msc-254460"
58,69,0.01,"Chlamys rubida","W-Msc-254460"
58.5,69,0.01,"Chlamys rubida","W-Msc-254460"
-174.5,68.5,0.01,"Chlamys rubida","W-Msc-254460"
-174,68.5,0.01,"Chlamys rubida","W-Msc-254460"
-173.5,68.5,0.01,"Chlamys rubida","W-Msc-254460"
-173,68.5,0.01,"Chlamys rubida","W-Msc-254460"
-172.5,68.5,0.01,"Chlamys rubida","W-Msc-254460"
-172,68.5,0.02,"Chlamys rubida","W-Msc-254460"
-171.5,68.5,0.02,"Chlamys rubida","W-Msc-254460"
-171,68.5,0.01,"Chlamys rubida","W-Msc-254460"
-170.5,68.5,0.02,"Chlamys rubida","W-Msc-254460"
-170,68.5,0.02,"Chlamys rubida","W-Msc-254460"
-169.5,68.5,0.02,"Chlamys rubida","W-Msc-254460"
-169,68.5,0.02,"Chlamys rubida","W-Msc-254460"
-168.5,68.5,0.02,"Chlamys rubida","W-Msc-254460"
-168,68.5,0.02,"Chlamys rubida","W-Msc-254460"
-167.5,68.5,0.02,"Chlamys rubida","W-Msc-254460"
-167,68.5,0.02,"Chlamys rubida","W-Msc-254460"
-166.5,68.5,0.03,"Chlamys rubida","W-Msc-254460"
-166,68.5,0.02,"Chlamys rubida","W-Msc-254460"
-165.5,68.5,0.01,"Chlamys rubida","W-Msc-254460"
-165,68.5,0.01,"Chlamys rubida","W-Msc-254460"
-164.5,68.5,0.01,"Chlamys rubida","W-Msc-254460"
-164,68.5,0.01,"Chlamys rubida","W-Msc-254460"
-24,68.5,0.01,"Chlamys rubida","W-Msc-254460"
-23.5,68.5,0.01,"Chlamys rubida","W-Msc-254460"
-23,68.5,0.01,"Chlamys rubida","W-Msc-254460"
-22.5,68.5,0.01,"Chlamys rubida","W-Msc-254460"
-22,68.5,0.01,"Chlamys rubida","W-Msc-254460"
-21.5,68.5,0.02,"Chlamys rubida","W-Msc-254460"
-21,68.5,0.03,"Chlamys rubida","W-Msc-254460"
-20.5,68.5,0.03,"Chlamys rubida","W-Msc-254460"
-20,68.5,0.03,"Chlamys rubida","W-Msc-254460"
-19.5,68.5,0.03,"Chlamys rubida","W-Msc-254460"
-19,68.5,0.05,"Chlamys rubida","W-Msc-254460"
-18.5,68.5,0.07,"Chlamys rubida","W-Msc-254460"
-18,68.5,0.06,"Chlamys rubida","W-Msc-254460"
-17.5,68.5,0.07,"Chlamys rubida","W-Msc-254460"
-17,68.5,0.05,"Chlamys rubida","W-Msc-254460"
-16.5,68.5,0.07,"Chlamys rubida","W-Msc-254460"
-16,68.5,0.05,"Chlamys rubida","W-Msc-254460"
-15.5,68.5,0.04,"Chlamys rubida","W-Msc-254460"
-15,68.5,0.02,"Chlamys rubida","W-Msc-254460"
-14.5,68.5,0.02,"Chlamys rubida","W-Msc-254460"
-14,68.5,0.02,"Chlamys rubida","W-Msc-254460"
-13.5,68.5,0.01,"Chlamys rubida","W-Msc-254460"
-9.5,68.5,0.06,"Chlamys rubida","W-Msc-254460"
-9,68.5,0.09,"Chlamys rubida","W-Msc-254460"
-8.5,68.5,0.12,"Chlamys rubida","W-Msc-254460"
-8,68.5,0.13,"Chlamys rubida","W-Msc-254460"
-7.5,68.5,0.06,"Chlamys rubida","W-Msc-254460"
-0.5,68.5,0.02,"Chlamys rubida","W-Msc-254460"
11,68.5,0.1,"Chlamys rubida","W-Msc-254460"
11.5,68.5,0.35,"Chlamys rubida","W-Msc-254460"
12,68.5,0.38,"Chlamys rubida","W-Msc-254460"
12.5,68.5,0.4,"Chlamys rubida","W-Msc-254460"
13,68.5,0.42,"Chlamys rubida","W-Msc-254460"
13.5,68.5,0.43,"Chlamys rubida","W-Msc-254460"
14,68.5,0.43,"Chlamys rubida","W-Msc-254460"
14.5,68.5,0.39,"Chlamys rubida","W-Msc-254460"
15,68.5,0.41,"Chlamys rubida","W-Msc-254460"
15.5,68.5,0.16,"Chlamys rubida","W-Msc-254460"
16,68.5,0.16,"Chlamys rubida","W-Msc-254460"
16.5,68.5,0.38,"Chlamys rubida","W-Msc-254460"
17,68.5,0.2,"Chlamys rubida","W-Msc-254460"
17.5,68.5,0.18,"Chlamys rubida","W-Msc-254460"
37,68.5,0.11,"Chlamys rubida","W-Msc-254460"
37.5,68.5,0.18,"Chlamys rubida","W-Msc-254460"
38,68.5,0.18,"Chlamys rubida","W-Msc-254460"
38.5,68.5,0.17,"Chlamys rubida","W-Msc-254460"
39,68.5,0.16,"Chlamys rubida","W-Msc-254460"
39.5,68.5,0.18,"Chlamys rubida","W-Msc-254460"
40,68.5,0.17,"Chlamys rubida","W-Msc-254460"
40.5,68.5,0.15,"Chlamys rubida","W-Msc-254460"
41,68.5,0.1,"Chlamys rubida","W-Msc-254460"
41.5,68.5,0.07,"Chlamys rubida","W-Msc-254460"
42,68.5,0.07,"Chlamys rubida","W-Msc-254460"
42.5,68.5,0.07,"Chlamys rubida","W-Msc-254460"
43,68.5,0.07,"Chlamys rubida","W-Msc-254460"
43.5,68.5,0.05,"Chlamys rubida","W-Msc-254460"
44,68.5,0.05,"Chlamys rubida","W-Msc-254460"
44.5,68.5,0.05,"Chlamys rubida","W-Msc-254460"
45,68.5,0.06,"Chlamys rubida","W-Msc-254460"
45.5,68.5,0.05,"Chlamys rubida","W-Msc-254460"
46,68.5,0.05,"Chlamys rubida","W-Msc-254460"
46.5,68.5,0.04,"Chlamys rubida","W-Msc-254460"
47,68.5,0.03,"Chlamys rubida","W-Msc-254460"
47.5,68.5,0.02,"Chlamys rubida","W-Msc-254460"
48,68.5,0.02,"Chlamys rubida","W-Msc-254460"
48.5,68.5,0.02,"Chlamys rubida","W-Msc-254460"
49,68.5,0.02,"Chlamys rubida","W-Msc-254460"
49.5,68.5,0.01,"Chlamys rubida","W-Msc-254460"
50,68.5,0.02,"Chlamys rubida","W-Msc-254460"
50.5,68.5,0.02,"Chlamys rubida","W-Msc-254460"
51,68.5,0.02,"Chlamys rubida","W-Msc-254460"
51.5,68.5,0.02,"Chlamys rubida","W-Msc-254460"
52,68.5,0.02,"Chlamys rubida","W-Msc-254460"
52.5,68.5,0.02,"Chlamys rubida","W-Msc-254460"
53,68.5,0.02,"Chlamys rubida","W-Msc-254460"
53.5,68.5,0.02,"Chlamys rubida","W-Msc-254460"
54,68.5,0.01,"Chlamys rubida","W-Msc-254460"
55,68.5,0.01,"Chlamys rubida","W-Msc-254460"
55.5,68.5,0.01,"Chlamys rubida","W-Msc-254460"
-174,68,0.01,"Chlamys rubida","W-Msc-254460"
-173.5,68,0.01,"Chlamys rubida","W-Msc-254460"
-173,68,0.01,"Chlamys rubida","W-Msc-254460"
-172.5,68,0.01,"Chlamys rubida","W-Msc-254460"
-172,68,0.01,"Chlamys rubida","W-Msc-254460"
-171.5,68,0.02,"Chlamys rubida","W-Msc-254460"
-171,68,0.02,"Chlamys rubida","W-Msc-254460"
-170.5,68,0.02,"Chlamys rubida","W-Msc-254460"
-170,68,0.02,"Chlamys rubida","W-Msc-254460"
-169.5,68,0.02,"Chlamys rubida","W-Msc-254460"
-169,68,0.02,"Chlamys rubida","W-Msc-254460"
-168.5,68,0.02,"Chlamys rubida","W-Msc-254460"
-168,68,0.03,"Chlamys rubida","W-Msc-254460"
-167.5,68,0.03,"Chlamys rubida","W-Msc-254460"
-167,68,0.03,"Chlamys rubida","W-Msc-254460"
-166.5,68,0.04,"Chlamys rubida","W-Msc-254460"
-166,68,0.03,"Chlamys rubida","W-Msc-254460"
-165.5,68,0.02,"Chlamys rubida","W-Msc-254460"
-165,68,0.01,"Chlamys rubida","W-Msc-254460"
-26.5,68,0.01,"Chlamys rubida","W-Msc-254460"
-26,68,0.01,"Chlamys rubida","W-Msc-254460"
-25.5,68,0.01,"Chlamys rubida","W-Msc-254460"
-25,68,0.01,"Chlamys rubida","W-Msc-254460"
-24.5,68,0.01,"Chlamys rubida","W-Msc-254460"
-24,68,0.01,"Chlamys rubida","W-Msc-254460"
-23.5,68,0.01,"Chlamys rubida","W-Msc-254460"
-23,68,0.02,"Chlamys rubida","W-Msc-254460"
-22.5,68,0.03,"Chlamys rubida","W-Msc-254460"
-22,68,0.06,"Chlamys rubida","W-Msc-254460"
-21.5,68,0.07,"Chlamys rubida","W-Msc-254460"
-21,68,0.08,"Chlamys rubida","W-Msc-254460"
-20.5,68,0.07,"Chlamys rubida","W-Msc-254460"
-20,68,0.07,"Chlamys rubida","W-Msc-254460"
-19.5,68,0.06,"Chlamys rubida","W-Msc-254460"
-19,68,0.07,"Chlamys rubida","W-Msc-254460"
-18.5,68,0.09,"Chlamys rubida","W-Msc-254460"
-18,68,0.11,"Chlamys rubida","W-Msc-254460"
-17.5,68,0.11,"Chlamys rubida","W-Msc-254460"
-17,68,0.08,"Chlamys rubida","W-Msc-254460"
-16.5,68,0.08,"Chlamys rubida","W-Msc-254460"
-16,68,0.06,"Chlamys rubida","W-Msc-254460"
-15.5,68,0.04,"Chlamys rubida","W-Msc-254460"
-15,68,0.05,"Chlamys rubida","W-Msc-254460"
-14.5,68,0.04,"Chlamys rubida","W-Msc-254460"
-14,68,0.04,"Chlamys rubida","W-Msc-254460"
-13.5,68,0.03,"Chlamys rubida","W-Msc-254460"
-10.5,68,0.02,"Chlamys rubida","W-Msc-254460"
-10,68,0.01,"Chlamys rubida","W-Msc-254460"
-9.5,68,0.05,"Chlamys rubida","W-Msc-254460"
-9,68,0.08,"Chlamys rubida","W-Msc-254460"
-8.5,68,0.12,"Chlamys rubida","W-Msc-254460"
-8,68,0.08,"Chlamys rubida","W-Msc-254460"
-7.5,68,0.02,"Chlamys rubida","W-Msc-254460"
3,68,0.02,"Chlamys rubida","W-Msc-254460"
3.5,68,0.05,"Chlamys rubida","W-Msc-254460"
4,68,0.05,"Chlamys rubida","W-Msc-254460"
4.5,68,0.04,"Chlamys rubida","W-Msc-254460"
5,68,0.06,"Chlamys rubida","W-Msc-254460"
5.5,68,0.07,"Chlamys rubida","W-Msc-254460"
6,68,0.03,"Chlamys rubida","W-Msc-254460"
6.5,68,0.04,"Chlamys rubida","W-Msc-254460"
7,68,0.06,"Chlamys rubida","W-Msc-254460"
7.5,68,0.04,"Chlamys rubida","W-Msc-254460"
10,68,0.23,"Chlamys rubida","W-Msc-254460"
10.5,68,0.37,"Chlamys rubida","W-Msc-254460"
11,68,0.4,"Chlamys rubida","W-Msc-254460"
11.5,68,0.41,"Chlamys rubida","W-Msc-254460"
12,68,0.41,"Chlamys rubida","W-Msc-254460"
12.5,68,0.4,"Chlamys rubida","W-Msc-254460"
13,68,0.36,"Chlamys rubida","W-Msc-254460"
13.5,68,0.32,"Chlamys rubida","W-Msc-254460"
14,68,0.36,"Chlamys rubida","W-Msc-254460"
14.5,68,0.42,"Chlamys rubida","W-Msc-254460"
15,68,0.66,"Chlamys rubida","W-Msc-254460"
15.5,68,0.72,"Chlamys rubida","W-Msc-254460"
16,68,0.73,"Chlamys rubida","W-Msc-254460"
16.5,68,0.22,"Chlamys rubida","W-Msc-254460"
17,68,0.13,"Chlamys rubida","W-Msc-254460"
17.5,68,0.29,"Chlamys rubida","W-Msc-254460"
38.5,68,0.09,"Chlamys rubida","W-Msc-254460"
39,68,0.16,"Chlamys rubida","W-Msc-254460"
39.5,68,0.14,"Chlamys rubida","W-Msc-254460"
40,68,0.11,"Chlamys rubida","W-Msc-254460"
40.5,68,0.1,"Chlamys rubida","W-Msc-254460"
41,68,0.09,"Chlamys rubida","W-Msc-254460"
41.5,68,0.06,"Chlamys rubida","W-Msc-254460"
42,68,0.05,"Chlamys rubida","W-Msc-254460"
42.5,68,0.05,"Chlamys rubida","W-Msc-254460"
43,68,0.04,"Chlamys rubida","W-Msc-254460"
43.5,68,0.03,"Chlamys rubida","W-Msc-254460"
44,68,0.02,"Chlamys rubida","W-Msc-254460"
44.5,68,0.01,"Chlamys rubida","W-Msc-254460"
46,68,0.01,"Chlamys rubida","W-Msc-254460"
46.5,68,0.04,"Chlamys rubida","W-Msc-254460"
47,68,0.03,"Chlamys rubida","W-Msc-254460"
47.5,68,0.02,"Chlamys rubida","W-Msc-254460"
48,68,0.02,"Chlamys rubida","W-Msc-254460"
48.5,68,0.02,"Chlamys rubida","W-Msc-254460"
49,68,0.02,"Chlamys rubida","W-Msc-254460"
49.5,68,0.01,"Chlamys rubida","W-Msc-254460"
50,68,0.02,"Chlamys rubida","W-Msc-254460"
50.5,68,0.03,"Chlamys rubida","W-Msc-254460"
51,68,0.02,"Chlamys rubida","W-Msc-254460"
53,68,0.01,"Chlamys rubida","W-Msc-254460"
75,68,0.01,"Chlamys rubida","W-Msc-254460"
-174,67.5,0.01,"Chlamys rubida","W-Msc-254460"
-173.5,67.5,0.01,"Chlamys rubida","W-Msc-254460"
-173,67.5,0.01,"Chlamys rubida","W-Msc-254460"
-172.5,67.5,0.01,"Chlamys rubida","W-Msc-254460"
-172,67.5,0.01,"Chlamys rubida","W-Msc-254460"
-171.5,67.5,0.01,"Chlamys rubida","W-Msc-254460"
-171,67.5,0.02,"Chlamys rubida","W-Msc-254460"
-170.5,67.5,0.02,"Chlamys rubida","W-Msc-254460"
-170,67.5,0.02,"Chlamys rubida","W-Msc-254460"
-169.5,67.5,0.02,"Chlamys rubida","W-Msc-254460"
-169,67.5,0.02,"Chlamys rubida","W-Msc-254460"
-168.5,67.5,0.02,"Chlamys rubida","W-Msc-254460"
-168,67.5,0.02,"Chlamys rubida","W-Msc-254460"
-167.5,67.5,0.03,"Chlamys rubida","W-Msc-254460"
-167,67.5,0.03,"Chlamys rubida","W-Msc-254460"
-166.5,67.5,0.03,"Chlamys rubida","W-Msc-254460"
-166,67.5,0.03,"Chlamys rubida","W-Msc-254460"
-165.5,67.5,0.03,"Chlamys rubida","W-Msc-254460"
-165,67.5,0.03,"Chlamys rubida","W-Msc-254460"
-164.5,67.5,0.03,"Chlamys rubida","W-Msc-254460"
-164,67.5,0.02,"Chlamys rubida","W-Msc-254460"
-31,67.5,0.01,"Chlamys rubida","W-Msc-254460"
-30.5,67.5,0.01,"Chlamys rubida","W-Msc-254460"
-30,67.5,0.01,"Chlamys rubida","W-Msc-254460"
-29.5,67.5,0.01,"Chlamys rubida","W-Msc-254460"
-29,67.5,0.01,"Chlamys rubida","W-Msc-254460"
-28.5,67.5,0.01,"Chlamys rubida","W-Msc-254460"
-28,67.5,0.01,"Chlamys rubida","W-Msc-254460"
-27.5,67.5,0.01,"Chlamys rubida","W-Msc-254460"
-27,67.5,0.01,"Chlamys rubida","W-Msc-254460"
-26.5,67.5,0.01,"Chlamys rubida","W-Msc-254460"
-26,67.5,0.01,"Chlamys rubida","W-Msc-254460"
-25.5,67.5,0.02,"Chlamys rubida","W-Msc-254460"
-25,67.5,0.02,"Chlamys rubida","W-Msc-254460"
-24.5,67.5,0.02,"Chlamys rubida","W-Msc-254460"
-24,67.5,0.04,"Chlamys rubida","W-Msc-254460"
-23.5,67.5,0.1,"Chlamys rubida","W-Msc-254460"
-23,67.5,0.14,"Chlamys rubida","W-Msc-254460"
-22.5,67.5,0.17,"Chlamys rubida","W-Msc-254460"
-22,67.5,0.19,"Chlamys rubida","W-Msc-254460"
-21.5,67.5,0.2,"Chlamys rubida","W-Msc-254460"
-21,67.5,0.2,"Chlamys rubida","W-Msc-254460"
-20.5,67.5,0.19,"Chlamys rubida","W-Msc-254460"
-20,67.5,0.19,"Chlamys rubida","W-Msc-254460"
-19.5,67.5,0.19,"Chlamys rubida","W-Msc-254460"
-19,67.5,0.2,"Chlamys rubida","W-Msc-254460"
-18.5,67.5,0.21,"Chlamys rubida","W-Msc-254460"
-18,67.5,0.21,"Chlamys rubida","W-Msc-254460"
-17.5,67.5,0.15,"Chlamys rubida","W-Msc-254460"
-17,67.5,0.14,"Chlamys rubida","W-Msc-254460"
-16.5,67.5,0.17,"Chlamys rubida","W-Msc-254460"
-16,67.5,0.19,"Chlamys rubida","W-Msc-254460"
-15.5,67.5,0.2,"Chlamys rubida","W-Msc-254460"
-15,67.5,0.17,"Chlamys rubida","W-Msc-254460"
-14.5,67.5,0.12,"Chlamys rubida","W-Msc-254460"
-14,67.5,0.09,"Chlamys rubida","W-Msc-254460"
-13.5,67.5,0.04,"Chlamys rubida","W-Msc-254460"
-11,67.5,0.02,"Chlamys rubida","W-Msc-254460"
-10,67.5,0.03,"Chlamys rubida","W-Msc-254460"
-9.5,67.5,0.09,"Chlamys rubida","W-Msc-254460"
-9,67.5,0.11,"Chlamys rubida","W-Msc-254460"
-8.5,67.5,0.1,"Chlamys rubida","W-Msc-254460"
-8,67.5,0.1,"Chlamys rubida","W-Msc-254460"
-7.5,67.5,0.02,"Chlamys rubida","W-Msc-254460"
2.5,67.5,0.02,"Chlamys rubida","W-Msc-254460"
3,67.5,0.06,"Chlamys rubida","W-Msc-254460"
3.5,67.5,0.07,"Chlamys rubida","W-Msc-254460"
4,67.5,0.09,"Chlamys rubida","W-Msc-254460"
4.5,67.5,0.09,"Chlamys rubida","W-Msc-254460"
5,67.5,0.1,"Chlamys rubida","W-Msc-254460"
5.5,67.5,0.1,"Chlamys rubida","W-Msc-254460"
6,67.5,0.1,"Chlamys rubida","W-Msc-254460"
6.5,67.5,0.1,"Chlamys rubida","W-Msc-254460"
7,67.5,0.13,"Chlamys rubida","W-Msc-254460"
7.5,67.5,0.1,"Chlamys rubida","W-Msc-254460"
8.5,67.5,0.03,"Chlamys rubida","W-Msc-254460"
9,67.5,0.18,"Chlamys rubida","W-Msc-254460"
9.5,67.5,0.3,"Chlamys rubida","W-Msc-254460"
10,67.5,0.34,"Chlamys rubida","W-Msc-254460"
10.5,67.5,0.37,"Chlamys rubida","W-Msc-254460"
11,67.5,0.37,"Chlamys rubida","W-Msc-254460"
11.5,67.5,0.38,"Chlamys rubida","W-Msc-254460"
12,67.5,0.36,"Chlamys rubida","W-Msc-254460"
12.5,67.5,0.34,"Chlamys rubida","W-Msc-254460"
13,67.5,0.35,"Chlamys rubida","W-Msc-254460"
13.5,67.5,0.35,"Chlamys rubida","W-Msc-254460"
14,67.5,0.4,"Chlamys rubida","W-Msc-254460"
14.5,67.5,0.56,"Chlamys rubida","W-Msc-254460"
15,67.5,0.71,"Chlamys rubida","W-Msc-254460"
15.5,67.5,0.06,"Chlamys rubida","W-Msc-254460"
16,67.5,0.02,"Chlamys rubida","W-Msc-254460"
40.5,67.5,0.06,"Chlamys rubida","W-Msc-254460"
41,67.5,0.06,"Chlamys rubida","W-Msc-254460"
41.5,67.5,0.06,"Chlamys rubida","W-Msc-254460"
42,67.5,0.05,"Chlamys rubida","W-Msc-254460"
42.5,67.5,0.04,"Chlamys rubida","W-Msc-254460"
43,67.5,0.02,"Chlamys rubida","W-Msc-254460"
43.5,67.5,0.02,"Chlamys rubida","W-Msc-254460"
44,67.5,0.01,"Chlamys rubida","W-Msc-254460"
44.5,67.5,0.01,"Chlamys rubida","W-Msc-254460"
45.5,67.5,0.01,"Chlamys rubida","W-Msc-254460"
46,67.5,0.01,"Chlamys rubida","W-Msc-254460"
46.5,67.5,0.01,"Chlamys rubida","W-Msc-254460"
47,67.5,0.02,"Chlamys rubida","W-Msc-254460"
47.5,67.5,0.02,"Chlamys rubida","W-Msc-254460"
48,67.5,0.02,"Chlamys rubida","W-Msc-254460"
48.5,67.5,0.02,"Chlamys rubida","W-Msc-254460"
49,67.5,0.01,"Chlamys rubida","W-Msc-254460"
49.5,67.5,0.01,"Chlamys rubida","W-Msc-254460"
-173.5,67,0.01,"Chlamys rubida","W-Msc-254460"
-173,67,0.01,"Chlamys rubida","W-Msc-254460"
-172.5,67,0.01,"Chlamys rubida","W-Msc-254460"
-172,67,0.01,"Chlamys rubida","W-Msc-254460"
-171.5,67,0.01,"Chlamys rubida","W-Msc-254460"
-171,67,0.01,"Chlamys rubida","W-Msc-254460"
-170.5,67,0.02,"Chlamys rubida","W-Msc-254460"
-170,67,0.02,"Chlamys rubida","W-Msc-254460"
-169.5,67,0.02,"Chlamys rubida","W-Msc-254460"
-169,67,0.02,"Chlamys rubida","W-Msc-254460"
-168.5,67,0.02,"Chlamys rubida","W-Msc-254460"
-168,67,0.02,"Chlamys rubida","W-Msc-254460"
-167.5,67,0.02,"Chlamys rubida","W-Msc-254460"
-167,67,0.02,"Chlamys rubida","W-Msc-254460"
-166.5,67,0.02,"Chlamys rubida","W-Msc-254460"
-166,67,0.03,"Chlamys rubida","W-Msc-254460"
-165.5,67,0.02,"Chlamys rubida","W-Msc-254460"
-165,67,0.02,"Chlamys rubida","W-Msc-254460"
-164.5,67,0.02,"Chlamys rubida","W-Msc-254460"
-164,67,0.02,"Chlamys rubida","W-Msc-254460"
-163.5,67,0.01,"Chlamys rubida","W-Msc-254460"
-163,67,0.01,"Chlamys rubida","W-Msc-254460"
-161.5,67,0.01,"Chlamys rubida","W-Msc-254460"
-32,67,0.01,"Chlamys rubida","W-Msc-254460"
-31.5,67,0.02,"Chlamys rubida","W-Msc-254460"
-31,67,0.03,"Chlamys rubida","W-Msc-254460"
-30.5,67,0.04,"Chlamys rubida","W-Msc-254460"
-30,67,0.04,"Chlamys rubida","W-Msc-254460"
-29.5,67,0.03,"Chlamys rubida","W-Msc-254460"
-29,67,0.03,"Chlamys rubida","W-Msc-254460"
-28.5,67,0.03,"Chlamys rubida","W-Msc-254460"
-28,67,0.03,"Chlamys rubida","W-Msc-254460"
-27.5,67,0.03,"Chlamys rubida","W-Msc-254460"
-27,67,0.03,"Chlamys rubida","W-Msc-254460"
-26.5,67,0.04,"Chlamys rubida","W-Msc-254460"
-26,67,0.05,"Chlamys rubida","W-Msc-254460"
-25.5,67,0.06,"Chlamys rubida","W-Msc-254460"
-25,67,0.06,"Chlamys rubida","W-Msc-254460"
-24.5,67,0.14,"Chlamys rubida","W-Msc-254460"
-24,67,0.21,"Chlamys rubida","W-Msc-254460"
-23.5,67,0.28,"Chlamys rubida","W-Msc-254460"
-23,67,0.32,"Chlamys rubida","W-Msc-254460"
-22.5,67,0.34,"Chlamys rubida","W-Msc-254460"
-22,67,0.35,"Chlamys rubida","W-Msc-254460"
-21.5,67,0.33,"Chlamys rubida","W-Msc-254460"
-21,67,0.33,"Chlamys rubida","W-Msc-254460"
-20.5,67,0.32,"Chlamys rubida","W-Msc-254460"
-20,67,0.31,"Chlamys rubida","W-Msc-254460"
-19.5,67,0.3,"Chlamys rubida","W-Msc-254460"
-19,67,0.3,"Chlamys rubida","W-Msc-254460"
-18.5,67,0.33,"Chlamys rubida","W-Msc-254460"
-18,67,0.34,"Chlamys rubida","W-Msc-254460"
-17.5,67,0.37,"Chlamys rubida","W-Msc-254460"
-17,67,0.38,"Chlamys rubida","W-Msc-254460"
-16.5,67,0.39,"Chlamys rubida","W-Msc-254460"
-16,67,0.42,"Chlamys rubida","W-Msc-254460"
-15.5,67,0.45,"Chlamys rubida","W-Msc-254460"
-15,67,0.45,"Chlamys rubida","W-Msc-254460"
-14.5,67,0.41,"Chlamys rubida","W-Msc-254460"
-14,67,0.34,"Chlamys rubida","W-Msc-254460"
-13.5,67,0.26,"Chlamys rubida","W-Msc-254460"
-13,67,0.19,"Chlamys rubida","W-Msc-254460"
-12.5,67,0.02,"Chlamys rubida","W-Msc-254460"
-12,67,0.02,"Chlamys rubida","W-Msc-254460"
-11.5,67,0.01,"Chlamys rubida","W-Msc-254460"
-11,67,0.02,"Chlamys rubida","W-Msc-254460"
-10.5,67,0.03,"Chlamys rubida","W-Msc-254460"
-10,67,0.04,"Chlamys rubida","W-Msc-254460"
-9.5,67,0.05,"Chlamys rubida","W-Msc-254460"
-9,67,0.06,"Chlamys rubida","W-Msc-254460"
-8.5,67,0.02,"Chlamys rubida","W-Msc-254460"
-8,67,0.06,"Chlamys rubida","W-Msc-254460"
-7.5,67,0.06,"Chlamys rubida","W-Msc-254460"
2,67,0.02,"Chlamys rubida","W-Msc-254460"
2.5,67,0.05,"Chlamys rubida","W-Msc-254460"
3,67,0.08,"Chlamys rubida","W-Msc-254460"
3.5,67,0.09,"Chlamys rubida","W-Msc-254460"
4,67,0.09,"Chlamys rubida","W-Msc-254460"
4.5,67,0.1,"Chlamys rubida","W-Msc-254460"
5,67,0.08,"Chlamys rubida","W-Msc-254460"
5.5,67,0.07,"Chlamys rubida","W-Msc-254460"
6,67,0.07,"Chlamys rubida","W-Msc-254460"
6.5,67,0.12,"Chlamys rubida","W-Msc-254460"
7,67,0.11,"Chlamys rubida","W-Msc-254460"
7.5,67,0.12,"Chlamys rubida","W-Msc-254460"
8,67,0.22,"Chlamys rubida","W-Msc-254460"
8.5,67,0.25,"Chlamys rubida","W-Msc-254460"
9,67,0.27,"Chlamys rubida","W-Msc-254460"
9.5,67,0.34,"Chlamys rubida","W-Msc-254460"
10,67,0.37,"Chlamys rubida","W-Msc-254460"
10.5,67,0.37,"Chlamys rubida","W-Msc-254460"
11,67,0.36,"Chlamys rubida","W-Msc-254460"
11.5,67,0.35,"Chlamys rubida","W-Msc-254460"
12,67,0.35,"Chlamys rubida","W-Msc-254460"
12.5,67,0.37,"Chlamys rubida","W-Msc-254460"
13,67,0.38,"Chlamys rubida","W-Msc-254460"
13.5,67,0.4,"Chlamys rubida","W-Msc-254460"
14,67,0.5,"Chlamys rubida","W-Msc-254460"
14.5,67,0.7,"Chlamys rubida","W-Msc-254460"
15,67,0.3,"Chlamys rubida","W-Msc-254460"
15.5,67,0.04,"Chlamys rubida","W-Msc-254460"
32.5,67,0.04,"Chlamys rubida","W-Msc-254460"
33,67,0.06,"Chlamys rubida","W-Msc-254460"
41.5,67,0.07,"Chlamys rubida","W-Msc-254460"
42,67,0.06,"Chlamys rubida","W-Msc-254460"
42.5,67,0.04,"Chlamys rubida","W-Msc-254460"
43,67,0.02,"Chlamys rubida","W-Msc-254460"
43.5,67,0.01,"Chlamys rubida","W-Msc-254460"
44,67,0.01,"Chlamys rubida","W-Msc-254460"
44.5,67,0.01,"Chlamys rubida","W-Msc-254460"
45.5,67,0.01,"Chlamys rubida","W-Msc-254460"
46,67,0.01,"Chlamys rubida","W-Msc-254460"
46.5,67,0.01,"Chlamys rubida","W-Msc-254460"
47,67,0.01,"Chlamys rubida","W-Msc-254460"
47.5,67,0.01,"Chlamys rubida","W-Msc-254460"
48,67,0.01,"Chlamys rubida","W-Msc-254460"
-171.5,66.5,0.01,"Chlamys rubida","W-Msc-254460"
-171,66.5,0.01,"Chlamys rubida","W-Msc-254460"
-170.5,66.5,0.02,"Chlamys rubida","W-Msc-254460"
-170,66.5,0.02,"Chlamys rubida","W-Msc-254460"
-169.5,66.5,0.02,"Chlamys rubida","W-Msc-254460"
-169,66.5,0.03,"Chlamys rubida","W-Msc-254460"
-168.5,66.5,0.03,"Chlamys rubida","W-Msc-254460"
-168,66.5,0.03,"Chlamys rubida","W-Msc-254460"
-167.5,66.5,0.02,"Chlamys rubida","W-Msc-254460"
-167,66.5,0.02,"Chlamys rubida","W-Msc-254460"
-166.5,66.5,0.02,"Chlamys rubida","W-Msc-254460"
-166,66.5,0.02,"Chlamys rubida","W-Msc-254460"
-165.5,66.5,0.02,"Chlamys rubida","W-Msc-254460"
-165,66.5,0.02,"Chlamys rubida","W-Msc-254460"
-164.5,66.5,0.01,"Chlamys rubida","W-Msc-254460"
-164,66.5,0.01,"Chlamys rubida","W-Msc-254460"
-163.5,66.5,0.01,"Chlamys rubida","W-Msc-254460"
-163,66.5,0.01,"Chlamys rubida","W-Msc-254460"
-162,66.5,0.01,"Chlamys rubida","W-Msc-254460"
-34,66.5,0.01,"Chlamys rubida","W-Msc-254460"
-33.5,66.5,0.01,"Chlamys rubida","W-Msc-254460"
-33,66.5,0.01,"Chlamys rubida","W-Msc-254460"
-32.5,66.5,0.02,"Chlamys rubida","W-Msc-254460"
-32,66.5,0.03,"Chlamys rubida","W-Msc-254460"
-31.5,66.5,0.04,"Chlamys rubida","W-Msc-254460"
-31,66.5,0.07,"Chlamys rubida","W-Msc-254460"
-30.5,66.5,0.11,"Chlamys rubida","W-Msc-254460"
-30,66.5,0.14,"Chlamys rubida","W-Msc-254460"
-29.5,66.5,0.13,"Chlamys rubida","W-Msc-254460"
-29,66.5,0.12,"Chlamys rubida","W-Msc-254460"
-28.5,66.5,0.11,"Chlamys rubida","W-Msc-254460"
-28,66.5,0.11,"Chlamys rubida","W-Msc-254460"
-27.5,66.5,0.12,"Chlamys rubida","W-Msc-254460"
-27,66.5,0.13,"Chlamys rubida","W-Msc-254460"
-26.5,66.5,0.16,"Chlamys rubida","W-Msc-254460"
-26,66.5,0.2,"Chlamys rubida","W-Msc-254460"
-25.5,66.5,0.28,"Chlamys rubida","W-Msc-254460"
-25,66.5,0.35,"Chlamys rubida","W-Msc-254460"
-24.5,66.5,0.44,"Chlamys rubida","W-Msc-254460"
-24,66.5,0.48,"Chlamys rubida","W-Msc-254460"
-23.5,66.5,0.49,"Chlamys rubida","W-Msc-254460"
-23,66.5,0.47,"Chlamys rubida","W-Msc-254460"
-22.5,66.5,0.46,"Chlamys rubida","W-Msc-254460"
-22,66.5,0.45,"Chlamys rubida","W-Msc-254460"
-21.5,66.5,0.48,"Chlamys rubida","W-Msc-254460"
-21,66.5,0.48,"Chlamys rubida","W-Msc-254460"
-20.5,66.5,0.45,"Chlamys rubida","W-Msc-254460"
-20,66.5,0.45,"Chlamys rubida","W-Msc-254460"
-19.5,66.5,0.45,"Chlamys rubida","W-Msc-254460"
-19,66.5,0.45,"Chlamys rubida","W-Msc-254460"
-18.5,66.5,0.5,"Chlamys rubida","W-Msc-254460"
-18,66.5,0.53,"Chlamys rubida","W-Msc-254460"
-17.5,66.5,0.52,"Chlamys rubida","W-Msc-254460"
-17,66.5,0.52,"Chlamys rubida","W-Msc-254460"
-16.5,66.5,0.53,"Chlamys rubida","W-Msc-254460"
-16,66.5,0.53,"Chlamys rubida","W-Msc-254460"
-15.5,66.5,0.53,"Chlamys rubida","W-Msc-254460"
-15,66.5,0.5,"Chlamys rubida","W-Msc-254460"
-14.5,66.5,0.47,"Chlamys rubida","W-Msc-254460"
-14,66.5,0.45,"Chlamys rubida","W-Msc-254460"
-13.5,66.5,0.45,"Chlamys rubida","W-Msc-254460"
-13,66.5,0.43,"Chlamys rubida","W-Msc-254460"
-12.5,66.5,0.38,"Chlamys rubida","W-Msc-254460"
-12,66.5,0.22,"Chlamys rubida","W-Msc-254460"
-11.5,66.5,0.11,"Chlamys rubida","W-Msc-254460"
-11,66.5,0.07,"Chlamys rubida","W-Msc-254460"
-10.5,66.5,0.05,"Chlamys rubida","W-Msc-254460"
-10,66.5,0.05,"Chlamys rubida","W-Msc-254460"
-9.5,66.5,0.05,"Chlamys rubida","W-Msc-254460"
-9,66.5,0.05,"Chlamys rubida","W-Msc-254460"
-8.5,66.5,0.04,"Chlamys rubida","W-Msc-254460"
-8,66.5,0.04,"Chlamys rubida","W-Msc-254460"
2,66.5,0.02,"Chlamys rubida","W-Msc-254460"
2.5,66.5,0.06,"Chlamys rubida","W-Msc-254460"
3,66.5,0.06,"Chlamys rubida","W-Msc-254460"
3.5,66.5,0.06,"Chlamys rubida","W-Msc-254460"
4,66.5,0.07,"Chlamys rubida","W-Msc-254460"
4.5,66.5,0.13,"Chlamys rubida","W-Msc-254460"
5,66.5,0.14,"Chlamys rubida","W-Msc-254460"
5.5,66.5,0.18,"Chlamys rubida","W-Msc-254460"
6,66.5,0.23,"Chlamys rubida","W-Msc-254460"
6.5,66.5,0.29,"Chlamys rubida","W-Msc-254460"
7,66.5,0.29,"Chlamys rubida","W-Msc-254460"
7.5,66.5,0.28,"Chlamys rubida","W-Msc-254460"
8,66.5,0.27,"Chlamys rubida","W-Msc-254460"
8.5,66.5,0.27,"Chlamys rubida","W-Msc-254460"
9,66.5,0.27,"Chlamys rubida","W-Msc-254460"
9.5,66.5,0.28,"Chlamys rubida","W-Msc-254460"
10,66.5,0.32,"Chlamys rubida","W-Msc-254460"
10.5,66.5,0.35,"Chlamys rubida","W-Msc-254460"
11,66.5,0.37,"Chlamys rubida","W-Msc-254460"
11.5,66.5,0.37,"Chlamys rubida","W-Msc-254460"
12,66.5,0.35,"Chlamys rubida","W-Msc-254460"
12.5,66.5,0.4,"Chlamys rubida","W-Msc-254460"
13,66.5,0.58,"Chlamys rubida","W-Msc-254460"
13.5,66.5,0.4,"Chlamys rubida","W-Msc-254460"
14,66.5,0.02,"Chlamys rubida","W-Msc-254460"
33,66.5,0.16,"Chlamys rubida","W-Msc-254460"
33.5,66.5,0.2,"Chlamys rubida","W-Msc-254460"
34,66.5,0.72,"Chlamys rubida","W-Msc-254460"
34.5,66.5,0.62,"Chlamys rubida","W-Msc-254460"
35,66.5,0.27,"Chlamys rubida","W-Msc-254460"
35.5,66.5,0.05,"Chlamys rubida","W-Msc-254460"
41,66.5,0.04,"Chlamys rubida","W-Msc-254460"
41.5,66.5,0.04,"Chlamys rubida","W-Msc-254460"
42,66.5,0.04,"Chlamys rubida","W-Msc-254460"
42.5,66.5,0.03,"Chlamys rubida","W-Msc-254460"
43,66.5,0.01,"Chlamys rubida","W-Msc-254460"
43.5,66.5,0.01,"Chlamys rubida","W-Msc-254460"
44,66.5,0.01,"Chlamys rubida","W-Msc-254460"
44.5,66.5,0.01,"Chlamys rubida","W-Msc-254460"
46,66.5,0.01,"Chlamys rubida","W-Msc-254460"
46.5,66.5,0.01,"Chlamys rubida","W-Msc-254460"
47,66.5,0.01,"Chlamys rubida","W-Msc-254460"
47.5,66.5,0.01,"Chlamys rubida","W-Msc-254460"
-170.5,66,0.01,"Chlamys rubida","W-Msc-254460"
-170,66,0.02,"Chlamys rubida","W-Msc-254460"
-169.5,66,0.03,"Chlamys rubida","W-Msc-254460"
-169,66,0.03,"Chlamys rubida","W-Msc-254460"
-168.5,66,0.04,"Chlamys rubida","W-Msc-254460"
-168,66,0.04,"Chlamys rubida","W-Msc-254460"
-167.5,66,0.03,"Chlamys rubida","W-Msc-254460"
-167,66,0.02,"Chlamys rubida","W-Msc-254460"
-166.5,66,0.03,"Chlamys rubida","W-Msc-254460"
-166,66,0.01,"Chlamys rubida","W-Msc-254460"
-165.5,66,0.01,"Chlamys rubida","W-Msc-254460"
-165,66,0.01,"Chlamys rubida","W-Msc-254460"
-161.5,66,0.01,"Chlamys rubida","W-Msc-254460"
-37.5,66,0.05,"Chlamys rubida","W-Msc-254460"
-37,66,0.04,"Chlamys rubida","W-Msc-254460"
-36,66,0.01,"Chlamys rubida","W-Msc-254460"
-35.5,66,0.02,"Chlamys rubida","W-Msc-254460"
-35,66,0.04,"Chlamys rubida","W-Msc-254460"
-34.5,66,0.03,"Chlamys rubida","W-Msc-254460"
-34,66,0.03,"Chlamys rubida","W-Msc-254460"
-33.5,66,0.04,"Chlamys rubida","W-Msc-254460"
-33,66,0.05,"Chlamys rubida","W-Msc-254460"
-32.5,66,0.06,"Chlamys rubida","W-Msc-254460"
-32,66,0.08,"Chlamys rubida","W-Msc-254460"
-31.5,66,0.11,"Chlamys rubida","W-Msc-254460"
-31,66,0.17,"Chlamys rubida","W-Msc-254460"
-30.5,66,0.23,"Chlamys rubida","W-Msc-254460"
-30,66,0.31,"Chlamys rubida","W-Msc-254460"
-29.5,66,0.33,"Chlamys rubida","W-Msc-254460"
-29,66,0.33,"Chlamys rubida","W-Msc-254460"
-28.5,66,0.36,"Chlamys rubida","W-Msc-254460"
-28,66,0.4,"Chlamys rubida","W-Msc-254460"
-27.5,66,0.45,"Chlamys rubida","W-Msc-254460"
-27,66,0.47,"Chlamys rubida","W-Msc-254460"
-26.5,66,0.51,"Chlamys rubida","W-Msc-254460"
-26,66,0.52,"Chlamys rubida","W-Msc-254460"
-25.5,66,0.45,"Chlamys rubida","W-Msc-254460"
-25,66,0.41,"Chlamys rubida","W-Msc-254460"
-24.5,66,0.33,"Chlamys rubida","W-Msc-254460"
-24,66,0.23,"Chlamys rubida","W-Msc-254460"
-23.5,66,0.35,"Chlamys rubida","W-Msc-254460"
-23,66,0.37,"Chlamys rubida","W-Msc-254460"
-22.5,66,0.29,"Chlamys rubida","W-Msc-254460"
-22,66,0.17,"Chlamys rubida","W-Msc-254460"
-21.5,66,0.23,"Chlamys rubida","W-Msc-254460"
-21,66,0.49,"Chlamys rubida","W-Msc-254460"
-20.5,66,0.5,"Chlamys rubida","W-Msc-254460"
-20,66,0.5,"Chlamys rubida","W-Msc-254460"
-19.5,66,0.5,"Chlamys rubida","W-Msc-254460"
-19,66,0.51,"Chlamys rubida","W-Msc-254460"
-18.5,66,0.52,"Chlamys rubida","W-Msc-254460"
-18,66,0.52,"Chlamys rubida","W-Msc-254460"
-17.5,66,0.53,"Chlamys rubida","W-Msc-254460"
-17,66,0.55,"Chlamys rubida","W-Msc-254460"
-16.5,66,0.56,"Chlamys rubida","W-Msc-254460"
-16,66,0.09,"Chlamys rubida","W-Msc-254460"
-15.5,66,0.39,"Chlamys rubida","W-Msc-254460"
-15,66,0.36,"Chlamys rubida","W-Msc-254460"
-14.5,66,0.5,"Chlamys rubida","W-Msc-254460"
-14,66,0.46,"Chlamys rubida","W-Msc-254460"
-13.5,66,0.42,"Chlamys rubida","W-Msc-254460"
-13,66,0.4,"Chlamys rubida","W-Msc-254460"
-12.5,66,0.41,"Chlamys rubida","W-Msc-254460"
-12,66,0.4,"Chlamys rubida","W-Msc-254460"
-11.5,66,0.37,"Chlamys rubida","W-Msc-254460"
-11,66,0.31,"Chlamys rubida","W-Msc-254460"
-10.5,66,0.15,"Chlamys rubida","W-Msc-254460"
-10,66,0.14,"Chlamys rubida","W-Msc-254460"
-9.5,66,0.18,"Chlamys rubida","W-Msc-254460"
-9,66,0.18,"Chlamys rubida","W-Msc-254460"
-8.5,66,0.18,"Chlamys rubida","W-Msc-254460"
-8,66,0.11,"Chlamys rubida","W-Msc-254460"
-7.5,66,0.01,"Chlamys rubida","W-Msc-254460"
2.5,66,0.01,"Chlamys rubida","W-Msc-254460"
3,66,0.03,"Chlamys rubida","W-Msc-254460"
3.5,66,0.05,"Chlamys rubida","W-Msc-254460"
4,66,0.06,"Chlamys rubida","W-Msc-254460"
4.5,66,0.11,"Chlamys rubida","W-Msc-254460"
5,66,0.2,"Chlamys rubida","W-Msc-254460"
5.5,66,0.32,"Chlamys rubida","W-Msc-254460"
6,66,0.34,"Chlamys rubida","W-Msc-254460"
6.5,66,0.32,"Chlamys rubida","W-Msc-254460"
7,66,0.29,"Chlamys rubida","W-Msc-254460"
7.5,66,0.28,"Chlamys rubida","W-Msc-254460"
8,66,0.29,"Chlamys rubida","W-Msc-254460"
8.5,66,0.29,"Chlamys rubida","W-Msc-254460"
9,66,0.29,"Chlamys rubida","W-Msc-254460"
9.5,66,0.31,"Chlamys rubida","W-Msc-254460"
10,66,0.32,"Chlamys rubida","W-Msc-254460"
10.5,66,0.33,"Chlamys rubida","W-Msc-254460"
11,66,0.35,"Chlamys rubida","W-Msc-254460"
11.5,66,0.35,"Chlamys rubida","W-Msc-254460"
12,66,0.34,"Chlamys rubida","W-Msc-254460"
12.5,66,0.45,"Chlamys rubida","W-Msc-254460"
13,66,0.47,"Chlamys rubida","W-Msc-254460"
13.5,66,0.03,"Chlamys rubida","W-Msc-254460"
34,66,0.37,"Chlamys rubida","W-Msc-254460"
34.5,66,0.36,"Chlamys rubida","W-Msc-254460"
35,66,0.38,"Chlamys rubida","W-Msc-254460"
35.5,66,0.37,"Chlamys rubida","W-Msc-254460"
36,66,0.33,"Chlamys rubida","W-Msc-254460"
36.5,66,0.31,"Chlamys rubida","W-Msc-254460"
37,66,0.21,"Chlamys rubida","W-Msc-254460"
37.5,66,0.12,"Chlamys rubida","W-Msc-254460"
38,66,0.08,"Chlamys rubida","W-Msc-254460"
38.5,66,0.05,"Chlamys rubida","W-Msc-254460"
39,66,0.04,"Chlamys rubida","W-Msc-254460"
39.5,66,0.05,"Chlamys rubida","W-Msc-254460"
40,66,0.05,"Chlamys rubida","W-Msc-254460"
40.5,66,0.05,"Chlamys rubida","W-Msc-254460"
41,66,0.04,"Chlamys rubida","W-Msc-254460"
41.5,66,0.04,"Chlamys rubida","W-Msc-254460"
42,66,0.04,"Chlamys rubida","W-Msc-254460"
42.5,66,0.02,"Chlamys rubida","W-Msc-254460"
43,66,0.02,"Chlamys rubida","W-Msc-254460"
43.5,66,0.05,"Chlamys rubida","W-Msc-254460"
44,66,0.05,"Chlamys rubida","W-Msc-254460"
44.5,66,0.04,"Chlamys rubida","W-Msc-254460"
-172.5,65.5,0.01,"Chlamys rubida","W-Msc-254460"
-172,65.5,0.01,"Chlamys rubida","W-Msc-254460"
-171.5,65.5,0.01,"Chlamys rubida","W-Msc-254460"
-171,65.5,0.03,"Chlamys rubida","W-Msc-254460"
-170.5,65.5,0.03,"Chlamys rubida","W-Msc-254460"
-170,65.5,0.03,"Chlamys rubida","W-Msc-254460"
-169.5,65.5,0.03,"Chlamys rubida","W-Msc-254460"
-169,65.5,0.05,"Chlamys rubida","W-Msc-254460"
-168.5,65.5,0.04,"Chlamys rubida","W-Msc-254460"
-168,65.5,0.07,"Chlamys rubida","W-Msc-254460"
-167.5,65.5,0.03,"Chlamys rubida","W-Msc-254460"
-167,65.5,0.02,"Chlamys rubida","W-Msc-254460"
-38.5,65.5,0.02,"Chlamys rubida","W-Msc-254460"
-38,65.5,0.11,"Chlamys rubida","W-Msc-254460"
-37.5,65.5,0.15,"Chlamys rubida","W-Msc-254460"
-37,65.5,0.11,"Chlamys rubida","W-Msc-254460"
-36.5,65.5,0.07,"Chlamys rubida","W-Msc-254460"
-36,65.5,0.07,"Chlamys rubida","W-Msc-254460"
-35.5,65.5,0.07,"Chlamys rubida","W-Msc-254460"
-35,65.5,0.09,"Chlamys rubida","W-Msc-254460"
-34.5,65.5,0.12,"Chlamys rubida","W-Msc-254460"
-34,65.5,0.14,"Chlamys rubida","W-Msc-254460"
-33.5,65.5,0.18,"Chlamys rubida","W-Msc-254460"
-33,65.5,0.23,"Chlamys rubida","W-Msc-254460"
-32.5,65.5,0.3,"Chlamys rubida","W-Msc-254460"
-32,65.5,0.37,"Chlamys rubida","W-Msc-254460"
-31.5,65.5,0.42,"Chlamys rubida","W-Msc-254460"
-31,65.5,0.45,"Chlamys rubida","W-Msc-254460"
-30.5,65.5,0.47,"Chlamys rubida","W-Msc-254460"
-30,65.5,0.53,"Chlamys rubida","W-Msc-254460"
-29.5,65.5,0.53,"Chlamys rubida","W-Msc-254460"
-29,65.5,0.51,"Chlamys rubida","W-Msc-254460"
-28.5,65.5,0.43,"Chlamys rubida","W-Msc-254460"
-28,65.5,0.36,"Chlamys rubida","W-Msc-254460"
-27.5,65.5,0.34,"Chlamys rubida","W-Msc-254460"
-27,65.5,0.35,"Chlamys rubida","W-Msc-254460"
-26.5,65.5,0.38,"Chlamys rubida","W-Msc-254460"
-26,65.5,0.37,"Chlamys rubida","W-Msc-254460"
-25.5,65.5,0.37,"Chlamys rubida","W-Msc-254460"
-25,65.5,0.31,"Chlamys rubida","W-Msc-254460"
-24.5,65.5,0.21,"Chlamys rubida","W-Msc-254460"
-24,65.5,0.25,"Chlamys rubida","W-Msc-254460"
-23.5,65.5,0.31,"Chlamys rubida","W-Msc-254460"
-23,65.5,0.04,"Chlamys rubida","W-Msc-254460"
-22.5,65.5,0.03,"Chlamys rubida","W-Msc-254460"
-22,65.5,0.01,"Chlamys rubida","W-Msc-254460"
-21.5,65.5,0.02,"Chlamys rubida","W-Msc-254460"
-21,65.5,0.35,"Chlamys rubida","W-Msc-254460"
-20.5,65.5,0.41,"Chlamys rubida","W-Msc-254460"
-20,65.5,0.26,"Chlamys rubida","W-Msc-254460"
-19.5,65.5,0.14,"Chlamys rubida","W-Msc-254460"
-19,65.5,0.05,"Chlamys rubida","W-Msc-254460"
-18,65.5,0.15,"Chlamys rubida","W-Msc-254460"
-14.5,65.5,0.36,"Chlamys rubida","W-Msc-254460"
-14,65.5,0.56,"Chlamys rubida","W-Msc-254460"
-13.5,65.5,0.54,"Chlamys rubida","W-Msc-254460"
-13,65.5,0.46,"Chlamys rubida","W-Msc-254460"
-12.5,65.5,0.4,"Chlamys rubida","W-Msc-254460"
-12,65.5,0.37,"Chlamys rubida","W-Msc-254460"
-11.5,65.5,0.36,"Chlamys rubida","W-Msc-254460"
-11,65.5,0.34,"Chlamys rubida","W-Msc-254460"
-10.5,65.5,0.27,"Chlamys rubida","W-Msc-254460"
-10,65.5,0.26,"Chlamys rubida","W-Msc-254460"
-9.5,65.5,0.23,"Chlamys rubida","W-Msc-254460"
-9,65.5,0.21,"Chlamys rubida","W-Msc-254460"
-8.5,65.5,0.2,"Chlamys rubida","W-Msc-254460"
-8,65.5,0.18,"Chlamys rubida","W-Msc-254460"
-7.5,65.5,0.11,"Chlamys rubida","W-Msc-254460"
-7,65.5,0.02,"Chlamys rubida","W-Msc-254460"
3,65.5,0.04,"Chlamys rubida","W-Msc-254460"
3.5,65.5,0.07,"Chlamys rubida","W-Msc-254460"
4,65.5,0.13,"Chlamys rubida","W-Msc-254460"
4.5,65.5,0.19,"Chlamys rubida","W-Msc-254460"
5,65.5,0.31,"Chlamys rubida","W-Msc-254460"
5.5,65.5,0.38,"Chlamys rubida","W-Msc-254460"
6,65.5,0.38,"Chlamys rubida","W-Msc-254460"
6.5,65.5,0.33,"Chlamys rubida","W-Msc-254460"
7,65.5,0.29,"Chlamys rubida","W-Msc-254460"
7.5,65.5,0.28,"Chlamys rubida","W-Msc-254460"
8,65.5,0.29,"Chlamys rubida","W-Msc-254460"
8.5,65.5,0.31,"Chlamys rubida","W-Msc-254460"
9,65.5,0.33,"Chlamys rubida","W-Msc-254460"
9.5,65.5,0.34,"Chlamys rubida","W-Msc-254460"
10,65.5,0.35,"Chlamys rubida","W-Msc-254460"
10.5,65.5,0.36,"Chlamys rubida","W-Msc-254460"
11,65.5,0.36,"Chlamys rubida","W-Msc-254460"
11.5,65.5,0.35,"Chlamys rubida","W-Msc-254460"
12,65.5,0.47,"Chlamys rubida","W-Msc-254460"
12.5,65.5,0.03,"Chlamys rubida","W-Msc-254460"
13,65.5,0.03,"Chlamys rubida","W-Msc-254460"
35,65.5,0.25,"Chlamys rubida","W-Msc-254460"
35.5,65.5,0.24,"Chlamys rubida","W-Msc-254460"
36,65.5,0.2,"Chlamys rubida","W-Msc-254460"
36.5,65.5,0.18,"Chlamys rubida","W-Msc-254460"
37,65.5,0.17,"Chlamys rubida","W-Msc-254460"
37.5,65.5,0.14,"Chlamys rubida","W-Msc-254460"
38,65.5,0.09,"Chlamys rubida","W-Msc-254460"
38.5,65.5,0.08,"Chlamys rubida","W-Msc-254460"
39,65.5,0.07,"Chlamys rubida","W-Msc-254460"
39.5,65.5,0.05,"Chlamys rubida","W-Msc-254460"
40,65.5,0.04,"Chlamys rubida","W-Msc-254460"
40.5,65.5,0.04,"Chlamys rubida","W-Msc-254460"
41,65.5,0.08,"Chlamys rubida","W-Msc-254460"
-172,65,0.03,"Chlamys rubida","W-Msc-254460"
-171.5,65,0.03,"Chlamys rubida","W-Msc-254460"
-171,65,0.04,"Chlamys rubida","W-Msc-254460"
-170.5,65,0.03,"Chlamys rubida","W-Msc-254460"
-170,65,0.03,"Chlamys rubida","W-Msc-254460"
-169.5,65,0.03,"Chlamys rubida","W-Msc-254460"
-169,65,0.04,"Chlamys rubida","W-Msc-254460"
-168.5,65,0.04,"Chlamys rubida","W-Msc-254460"
-168,65,0.05,"Chlamys rubida","W-Msc-254460"
-167.5,65,0.05,"Chlamys rubida","W-Msc-254460"
-167,65,0.04,"Chlamys rubida","W-Msc-254460"
-166.5,65,0.03,"Chlamys rubida","W-Msc-254460"
-166,65,0.01,"Chlamys rubida","W-Msc-254460"
-40.5,65,0.03,"Chlamys rubida","W-Msc-254460"
-39.5,65,0.02,"Chlamys rubida","W-Msc-254460"
-39,65,0.08,"Chlamys rubida","W-Msc-254460"
-38.5,65,0.14,"Chlamys rubida","W-Msc-254460"
-38,65,0.18,"Chlamys rubida","W-Msc-254460"
-37.5,65,0.22,"Chlamys rubida","W-Msc-254460"
-37,65,0.24,"Chlamys rubida","W-Msc-254460"
-36.5,65,0.24,"Chlamys rubida","W-Msc-254460"
-36,65,0.23,"Chlamys rubida","W-Msc-254460"
-35.5,65,0.26,"Chlamys rubida","W-Msc-254460"
-35,65,0.32,"Chlamys rubida","W-Msc-254460"
-34.5,65,0.38,"Chlamys rubida","W-Msc-254460"
-34,65,0.45,"Chlamys rubida","W-Msc-254460"
-33.5,65,0.51,"Chlamys rubida","W-Msc-254460"
-33,65,0.49,"Chlamys rubida","W-Msc-254460"
-32.5,65,0.44,"Chlamys rubida","W-Msc-254460"
-32,65,0.38,"Chlamys rubida","W-Msc-254460"
-31.5,65,0.36,"Chlamys rubida","W-Msc-254460"
-31,65,0.36,"Chlamys rubida","W-Msc-254460"
-30.5,65,0.35,"Chlamys rubida","W-Msc-254460"
-30,65,0.3,"Chlamys rubida","W-Msc-254460"
-29.5,65,0.24,"Chlamys rubida","W-Msc-254460"
-29,65,0.11,"Chlamys rubida","W-Msc-254460"
-28.5,65,0.1,"Chlamys rubida","W-Msc-254460"
-28,65,0.14,"Chlamys rubida","W-Msc-254460"
-27.5,65,0.2,"Chlamys rubida","W-Msc-254460"
-27,65,0.25,"Chlamys rubida","W-Msc-254460"
-26.5,65,0.32,"Chlamys rubida","W-Msc-254460"
-26,65,0.32,"Chlamys rubida","W-Msc-254460"
-25.5,65,0.31,"Chlamys rubida","W-Msc-254460"
-25,65,0.27,"Chlamys rubida","W-Msc-254460"
-24.5,65,0.26,"Chlamys rubida","W-Msc-254460"
-24,65,0.38,"Chlamys rubida","W-Msc-254460"
-23.5,65,0.42,"Chlamys rubida","W-Msc-254460"
-23,65,0.22,"Chlamys rubida","W-Msc-254460"
-22.5,65,0.16,"Chlamys rubida","W-Msc-254460"
-22,65,0.05,"Chlamys rubida","W-Msc-254460"
-21.5,65,0.08,"Chlamys rubida","W-Msc-254460"
-21,65,0.05,"Chlamys rubida","W-Msc-254460"
-20.5,65,0.1,"Chlamys rubida","W-Msc-254460"
-13.5,65,0.28,"Chlamys rubida","W-Msc-254460"
-13,65,0.49,"Chlamys rubida","W-Msc-254460"
-12.5,65,0.45,"Chlamys rubida","W-Msc-254460"
-12,65,0.38,"Chlamys rubida","W-Msc-254460"
-11.5,65,0.36,"Chlamys rubida","W-Msc-254460"
-11,65,0.34,"Chlamys rubida","W-Msc-254460"
-10.5,65,0.32,"Chlamys rubida","W-Msc-254460"
-10,65,0.31,"Chlamys rubida","W-Msc-254460"
-9.5,65,0.28,"Chlamys rubida","W-Msc-254460"
-9,65,0.24,"Chlamys rubida","W-Msc-254460"
-8.5,65,0.22,"Chlamys rubida","W-Msc-254460"
-8,65,0.17,"Chlamys rubida","W-Msc-254460"
-7.5,65,0.14,"Chlamys rubida","W-Msc-254460"
-7,65,0.05,"Chlamys rubida","W-Msc-254460"
3.5,65,0.14,"Chlamys rubida","W-Msc-254460"
4,65,0.18,"Chlamys rubida","W-Msc-254460"
4.5,65,0.24,"Chlamys rubida","W-Msc-254460"
5,65,0.36,"Chlamys rubida","W-Msc-254460"
5.5,65,0.4,"Chlamys rubida","W-Msc-254460"
6,65,0.4,"Chlamys rubida","W-Msc-254460"
6.5,65,0.39,"Chlamys rubida","W-Msc-254460"
7,65,0.31,"Chlamys rubida","W-Msc-254460"
7.5,65,0.29,"Chlamys rubida","W-Msc-254460"
8,65,0.3,"Chlamys rubida","W-Msc-254460"
8.5,65,0.31,"Chlamys rubida","W-Msc-254460"
9,65,0.31,"Chlamys rubida","W-Msc-254460"
9.5,65,0.36,"Chlamys rubida","W-Msc-254460"
10,65,0.37,"Chlamys rubida","W-Msc-254460"
10.5,65,0.36,"Chlamys rubida","W-Msc-254460"
11,65,0.36,"Chlamys rubida","W-Msc-254460"
11.5,65,0.37,"Chlamys rubida","W-Msc-254460"
12,65,0.12,"Chlamys rubida","W-Msc-254460"
12.5,65,0.04,"Chlamys rubida","W-Msc-254460"
34.5,65,0.01,"Chlamys rubida","W-Msc-254460"
35,65,0.04,"Chlamys rubida","W-Msc-254460"
35.5,65,0.05,"Chlamys rubida","W-Msc-254460"
36,65,0.07,"Chlamys rubida","W-Msc-254460"
36.5,65,0.12,"Chlamys rubida","W-Msc-254460"
37,65,0.13,"Chlamys rubida","W-Msc-254460"
37.5,65,0.08,"Chlamys rubida","W-Msc-254460"
38,65,0.08,"Chlamys rubida","W-Msc-254460"
38.5,65,0.08,"Chlamys rubida","W-Msc-254460"
39,65,0.08,"Chlamys rubida","W-Msc-254460"
39.5,65,0.09,"Chlamys rubida","W-Msc-254460"
40,65,0.07,"Chlamys rubida","W-Msc-254460"
40.5,65,0.06,"Chlamys rubida","W-Msc-254460"
-174.5,64.5,0.08,"Chlamys rubida","W-Msc-254460"
-174,64.5,0.05,"Chlamys rubida","W-Msc-254460"
-172.5,64.5,0.04,"Chlamys rubida","W-Msc-254460"
-172,64.5,0.04,"Chlamys rubida","W-Msc-254460"
-171.5,64.5,0.04,"Chlamys rubida","W-Msc-254460"
-171,64.5,0.03,"Chlamys rubida","W-Msc-254460"
-170.5,64.5,0.03,"Chlamys rubida","W-Msc-254460"
-170,64.5,0.03,"Chlamys rubida","W-Msc-254460"
-169.5,64.5,0.03,"Chlamys rubida","W-Msc-254460"
-169,64.5,0.03,"Chlamys rubida","W-Msc-254460"
-168.5,64.5,0.04,"Chlamys rubida","W-Msc-254460"
-168,64.5,0.04,"Chlamys rubida","W-Msc-254460"
-167.5,64.5,0.04,"Chlamys rubida","W-Msc-254460"
-167,64.5,0.04,"Chlamys rubida","W-Msc-254460"
-166.5,64.5,0.04,"Chlamys rubida","W-Msc-254460"
-166,64.5,0.04,"Chlamys rubida","W-Msc-254460"
-165.5,64.5,0.03,"Chlamys rubida","W-Msc-254460"
-164.5,64.5,0.01,"Chlamys rubida","W-Msc-254460"
-164,64.5,0.01,"Chlamys rubida","W-Msc-254460"
-163.5,64.5,0.02,"Chlamys rubida","W-Msc-254460"
-163,64.5,0.02,"Chlamys rubida","W-Msc-254460"
-162,64.5,0.03,"Chlamys rubida","W-Msc-254460"
-161.5,64.5,0.01,"Chlamys rubida","W-Msc-254460"
-41,64.5,0.01,"Chlamys rubida","W-Msc-254460"
-40.5,64.5,0.02,"Chlamys rubida","W-Msc-254460"
-40,64.5,0.04,"Chlamys rubida","W-Msc-254460"
-39.5,64.5,0.1,"Chlamys rubida","W-Msc-254460"
-39,64.5,0.13,"Chlamys rubida","W-Msc-254460"
-38.5,64.5,0.17,"Chlamys rubida","W-Msc-254460"
-38,64.5,0.23,"Chlamys rubida","W-Msc-254460"
-37.5,64.5,0.28,"Chlamys rubida","W-Msc-254460"
-37,64.5,0.35,"Chlamys rubida","W-Msc-254460"
-36.5,64.5,0.4,"Chlamys rubida","W-Msc-254460"
-36,64.5,0.43,"Chlamys rubida","W-Msc-254460"
-35.5,64.5,0.49,"Chlamys rubida","W-Msc-254460"
-35,64.5,0.49,"Chlamys rubida","W-Msc-254460"
-34.5,64.5,0.45,"Chlamys rubida","W-Msc-254460"
-34,64.5,0.41,"Chlamys rubida","W-Msc-254460"
-33.5,64.5,0.28,"Chlamys rubida","W-Msc-254460"
-33,64.5,0.11,"Chlamys rubida","W-Msc-254460"
-29,64.5,0.11,"Chlamys rubida","W-Msc-254460"
-28.5,64.5,0.12,"Chlamys rubida","W-Msc-254460"
-28,64.5,0.13,"Chlamys rubida","W-Msc-254460"
-27.5,64.5,0.19,"Chlamys rubida","W-Msc-254460"
-27,64.5,0.23,"Chlamys rubida","W-Msc-254460"
-26.5,64.5,0.27,"Chlamys rubida","W-Msc-254460"
-26,64.5,0.32,"Chlamys rubida","W-Msc-254460"
-25.5,64.5,0.33,"Chlamys rubida","W-Msc-254460"
-25,64.5,0.36,"Chlamys rubida","W-Msc-254460"
-24.5,64.5,0.36,"Chlamys rubida","W-Msc-254460"
-24,64.5,0.37,"Chlamys rubida","W-Msc-254460"
-23.5,64.5,0.39,"Chlamys rubida","W-Msc-254460"
-23,64.5,0.31,"Chlamys rubida","W-Msc-254460"
-22.5,64.5,0.19,"Chlamys rubida","W-Msc-254460"
-22,64.5,0.09,"Chlamys rubida","W-Msc-254460"
-21.5,64.5,0.02,"Chlamys rubida","W-Msc-254460"
-14,64.5,0.25,"Chlamys rubida","W-Msc-254460"
-13.5,64.5,0.37,"Chlamys rubida","W-Msc-254460"
-13,64.5,0.42,"Chlamys rubida","W-Msc-254460"
-12.5,64.5,0.45,"Chlamys rubida","W-Msc-254460"
-12,64.5,0.4,"Chlamys rubida","W-Msc-254460"
-11.5,64.5,0.36,"Chlamys rubida","W-Msc-254460"
-11,64.5,0.35,"Chlamys rubida","W-Msc-254460"
-10.5,64.5,0.33,"Chlamys rubida","W-Msc-254460"
-10,64.5,0.3,"Chlamys rubida","W-Msc-254460"
-9.5,64.5,0.29,"Chlamys rubida","W-Msc-254460"
-9,64.5,0.3,"Chlamys rubida","W-Msc-254460"
-8.5,64.5,0.2,"Chlamys rubida","W-Msc-254460"
-7,64.5,0.05,"Chlamys rubida","W-Msc-254460"
-6.5,64.5,0.1,"Chlamys rubida","W-Msc-254460"
3.5,64.5,0.03,"Chlamys rubida","W-Msc-254460"
4,64.5,0.15,"Chlamys rubida","W-Msc-254460"
4.5,64.5,0.24,"Chlamys rubida","W-Msc-254460"
5,64.5,0.37,"Chlamys rubida","W-Msc-254460"
5.5,64.5,0.41,"Chlamys rubida","W-Msc-254460"
6,64.5,0.43,"Chlamys rubida","W-Msc-254460"
6.5,64.5,0.42,"Chlamys rubida","W-Msc-254460"
7,64.5,0.33,"Chlamys rubida","W-Msc-254460"
7.5,64.5,0.31,"Chlamys rubida","W-Msc-254460"
8,64.5,0.3,"Chlamys rubida","W-Msc-254460"
8.5,64.5,0.3,"Chlamys rubida","W-Msc-254460"
9,64.5,0.31,"Chlamys rubida","W-Msc-254460"
9.5,64.5,0.33,"Chlamys rubida","W-Msc-254460"
10,64.5,0.37,"Chlamys rubida","W-Msc-254460"
10.5,64.5,0.42,"Chlamys rubida","W-Msc-254460"
11,64.5,0.59,"Chlamys rubida","W-Msc-254460"
11.5,64.5,0.28,"Chlamys rubida","W-Msc-254460"
12,64.5,0.03,"Chlamys rubida","W-Msc-254460"
35,64.5,0.01,"Chlamys rubida","W-Msc-254460"
35.5,64.5,0.01,"Chlamys rubida","W-Msc-254460"
36,64.5,0.01,"Chlamys rubida","W-Msc-254460"
36.5,64.5,0.02,"Chlamys rubida","W-Msc-254460"
37,64.5,0.02,"Chlamys rubida","W-Msc-254460"
38,64.5,0.04,"Chlamys rubida","W-Msc-254460"
38.5,64.5,0.08,"Chlamys rubida","W-Msc-254460"
39,64.5,0.12,"Chlamys rubida","W-Msc-254460"
39.5,64.5,0.19,"Chlamys rubida","W-Msc-254460"
40,64.5,0.18,"Chlamys rubida","W-Msc-254460"
40.5,64.5,0.04,"Chlamys rubida","W-Msc-254460"
-174.5,64,0.14,"Chlamys rubida","W-Msc-254460"
-174,64,0.13,"Chlamys rubida","W-Msc-254460"
-173.5,64,0.12,"Chlamys rubida","W-Msc-254460"
-173,64,0.08,"Chlamys rubida","W-Msc-254460"
-172.5,64,0.07,"Chlamys rubida","W-Msc-254460"
-172,64,0.06,"Chlamys rubida","W-Msc-254460"
-171.5,64,0.06,"Chlamys rubida","W-Msc-254460"
-171,64,0.05,"Chlamys rubida","W-Msc-254460"
-170.5,64,0.05,"Chlamys rubida","W-Msc-254460"
-170,64,0.04,"Chlamys rubida","W-Msc-254460"
-169.5,64,0.03,"Chlamys rubida","W-Msc-254460"
-169,64,0.03,"Chlamys rubida","W-Msc-254460"
-168.5,64,0.03,"Chlamys rubida","W-Msc-254460"
-168,64,0.04,"Chlamys rubida","W-Msc-254460"
-167.5,64,0.04,"Chlamys rubida","W-Msc-254460"
-167,64,0.04,"Chlamys rubida","W-Msc-254460"
-166.5,64,0.02,"Chlamys rubida","W-Msc-254460"
-166,64,0.02,"Chlamys rubida","W-Msc-254460"
-165.5,64,0.02,"Chlamys rubida","W-Msc-254460"
-165,64,0.02,"Chlamys rubida","W-Msc-254460"
-164.5,64,0.01,"Chlamys rubida","W-Msc-254460"
-164,64,0.01,"Chlamys rubida","W-Msc-254460"
-163.5,64,0.03,"Chlamys rubida","W-Msc-254460"
-163,64,0.04,"Chlamys rubida","W-Msc-254460"
-162.5,64,0.01,"Chlamys rubida","W-Msc-254460"
-162,64,0.02,"Chlamys rubida","W-Msc-254460"
-161.5,64,0.03,"Chlamys rubida","W-Msc-254460"
-161,64,0.05,"Chlamys rubida","W-Msc-254460"
-160.5,64,0.06,"Chlamys rubida","W-Msc-254460"
-93,64,0.01,"Chlamys rubida","W-Msc-254460"
-89.5,64,0.01,"Chlamys rubida","W-Msc-254460"
-87.5,64,0.01,"Chlamys rubida","W-Msc-254460"
-86.5,64,0.01,"Chlamys rubida","W-Msc-254460"
-76.5,64,0.01,"Chlamys rubida","W-Msc-254460"
-76,64,0.01,"Chlamys rubida","W-Msc-254460"
-75.5,64,0.01,"Chlamys rubida","W-Msc-254460"
-75,64,0.01,"Chlamys rubida","W-Msc-254460"
-74.5,64,0.01,"Chlamys rubida","W-Msc-254460"
-74,64,0.01,"Chlamys rubida","W-Msc-254460"
-41,64,0.02,"Chlamys rubida","W-Msc-254460"
-40.5,64,0.05,"Chlamys rubida","W-Msc-254460"
-40,64,0.16,"Chlamys rubida","W-Msc-254460"
-39.5,64,0.21,"Chlamys rubida","W-Msc-254460"
-39,64,0.24,"Chlamys rubida","W-Msc-254460"
-38.5,64,0.26,"Chlamys rubida","W-Msc-254460"
-38,64,0.28,"Chlamys rubida","W-Msc-254460"
-37.5,64,0.31,"Chlamys rubida","W-Msc-254460"
-37,64,0.36,"Chlamys rubida","W-Msc-254460"
-36.5,64,0.41,"Chlamys rubida","W-Msc-254460"
-36,64,0.46,"Chlamys rubida","W-Msc-254460"
-35.5,64,0.43,"Chlamys rubida","W-Msc-254460"
-35,64,0.37,"Chlamys rubida","W-Msc-254460"
-34.5,64,0.3,"Chlamys rubida","W-Msc-254460"
-34,64,0.02,"Chlamys rubida","W-Msc-254460"
-29,64,0.04,"Chlamys rubida","W-Msc-254460"
-28.5,64,0.07,"Chlamys rubida","W-Msc-254460"
-28,64,0.12,"Chlamys rubida","W-Msc-254460"
-27.5,64,0.16,"Chlamys rubida","W-Msc-254460"
-27,64,0.2,"Chlamys rubida","W-Msc-254460"
-26.5,64,0.22,"Chlamys rubida","W-Msc-254460"
-26,64,0.26,"Chlamys rubida","W-Msc-254460"
-25.5,64,0.28,"Chlamys rubida","W-Msc-254460"
-25,64,0.28,"Chlamys rubida","W-Msc-254460"
-24.5,64,0.28,"Chlamys rubida","W-Msc-254460"
-24,64,0.32,"Chlamys rubida","W-Msc-254460"
-23.5,64,0.36,"Chlamys rubida","W-Msc-254460"
-23,64,0.3,"Chlamys rubida","W-Msc-254460"
-22.5,64,0.2,"Chlamys rubida","W-Msc-254460"
-22,64,0.14,"Chlamys rubida","W-Msc-254460"
-21.5,64,0.08,"Chlamys rubida","W-Msc-254460"
-16,64,0.4,"Chlamys rubida","W-Msc-254460"
-15.5,64,0.38,"Chlamys rubida","W-Msc-254460"
-15,64,0.29,"Chlamys rubida","W-Msc-254460"
-14.5,64,0.31,"Chlamys rubida","W-Msc-254460"
-14,64,0.42,"Chlamys rubida","W-Msc-254460"
-13.5,64,0.37,"Chlamys rubida","W-Msc-254460"
-13,64,0.42,"Chlamys rubida","W-Msc-254460"
-12.5,64,0.39,"Chlamys rubida","W-Msc-254460"
-12,64,0.37,"Chlamys rubida","W-Msc-254460"
-11.5,64,0.36,"Chlamys rubida","W-Msc-254460"
-11,64,0.37,"Chlamys rubida","W-Msc-254460"
-10.5,64,0.37,"Chlamys rubida","W-Msc-254460"
-10,64,0.34,"Chlamys rubida","W-Msc-254460"
-9.5,64,0.33,"Chlamys rubida","W-Msc-254460"
-9,64,0.32,"Chlamys rubida","W-Msc-254460"
-8.5,64,0.28,"Chlamys rubida","W-Msc-254460"
-8,64,0.22,"Chlamys rubida","W-Msc-254460"
-7.5,64,0.12,"Chlamys rubida","W-Msc-254460"
-7,64,0.03,"Chlamys rubida","W-Msc-254460"
4,64,0.04,"Chlamys rubida","W-Msc-254460"
4.5,64,0.09,"Chlamys rubida","W-Msc-254460"
5,64,0.27,"Chlamys rubida","W-Msc-254460"
5.5,64,0.38,"Chlamys rubida","W-Msc-254460"
6,64,0.46,"Chlamys rubida","W-Msc-254460"
6.5,64,0.45,"Chlamys rubida","W-Msc-254460"
7,64,0.36,"Chlamys rubida","W-Msc-254460"
7.5,64,0.34,"Chlamys rubida","W-Msc-254460"
8,64,0.35,"Chlamys rubida","W-Msc-254460"
8.5,64,0.37,"Chlamys rubida","W-Msc-254460"
9,64,0.38,"Chlamys rubida","W-Msc-254460"
9.5,64,0.39,"Chlamys rubida","W-Msc-254460"
10,64,0.46,"Chlamys rubida","W-Msc-254460"
10.5,64,0.51,"Chlamys rubida","W-Msc-254460"
11,64,0.68,"Chlamys rubida","W-Msc-254460"
11.5,64,0.3,"Chlamys rubida","W-Msc-254460"
35.5,64,0.01,"Chlamys rubida","W-Msc-254460"
36,64,0.01,"Chlamys rubida","W-Msc-254460"
36.5,64,0.01,"Chlamys rubida","W-Msc-254460"
37,64,0.01,"Chlamys rubida","W-Msc-254460"
37.5,64,0.01,"Chlamys rubida","W-Msc-254460"
38,64,0.03,"Chlamys rubida","W-Msc-254460"
38.5,64,0.12,"Chlamys rubida","W-Msc-254460"
-174.5,63.5,0.11,"Chlamys rubida","W-Msc-254460"
-174,63.5,0.11,"Chlamys rubida","W-Msc-254460"
-173.5,63.5,0.12,"Chlamys rubida","W-Msc-254460"
-173,63.5,0.11,"Chlamys rubida","W-Msc-254460"
-172.5,63.5,0.09,"Chlamys rubida","W-Msc-254460"
-172,63.5,0.08,"Chlamys rubida","W-Msc-254460"
-171.5,63.5,0.06,"Chlamys rubida","W-Msc-254460"
-171,63.5,0.04,"Chlamys rubida","W-Msc-254460"
-170.5,63.5,0.05,"Chlamys rubida","W-Msc-254460"
-170,63.5,0.05,"Chlamys rubida","W-Msc-254460"
-169.5,63.5,0.05,"Chlamys rubida","W-Msc-254460"
-169,63.5,0.03,"Chlamys rubida","W-Msc-254460"
-168.5,63.5,0.03,"Chlamys rubida","W-Msc-254460"
-168,63.5,0.03,"Chlamys rubida","W-Msc-254460"
-167.5,63.5,0.04,"Chlamys rubida","W-Msc-254460"
-167,63.5,0.03,"Chlamys rubida","W-Msc-254460"
-166.5,63.5,0.02,"Chlamys rubida","W-Msc-254460"
-166,63.5,0.02,"Chlamys rubida","W-Msc-254460"
-165.5,63.5,0.02,"Chlamys rubida","W-Msc-254460"
-165,63.5,0.01,"Chlamys rubida","W-Msc-254460"
-164.5,63.5,0.01,"Chlamys rubida","W-Msc-254460"
-164,63.5,0.02,"Chlamys rubida","W-Msc-254460"
-163.5,63.5,0.01,"Chlamys rubida","W-Msc-254460"
-163,63.5,0.01,"Chlamys rubida","W-Msc-254460"
-162.5,63.5,0.02,"Chlamys rubida","W-Msc-254460"
-162,63.5,0.03,"Chlamys rubida","W-Msc-254460"
-161.5,63.5,0.06,"Chlamys rubida","W-Msc-254460"
-161,63.5,0.07,"Chlamys rubida","W-Msc-254460"
-160.5,63.5,0.12,"Chlamys rubida","W-Msc-254460"
-93.5,63.5,0.02,"Chlamys rubida","W-Msc-254460"
-93,63.5,0.02,"Chlamys rubida","W-Msc-254460"
-92.5,63.5,0.04,"Chlamys rubida","W-Msc-254460"
-92,63.5,0.02,"Chlamys rubida","W-Msc-254460"
-91.5,63.5,0.02,"Chlamys rubida","W-Msc-254460"
-91,63.5,0.02,"Chlamys rubida","W-Msc-254460"
-90.5,63.5,0.01,"Chlamys rubida","W-Msc-254460"
-90,63.5,0.01,"Chlamys rubida","W-Msc-254460"
-89.5,63.5,0.01,"Chlamys rubida","W-Msc-254460"
-89,63.5,0.01,"Chlamys rubida","W-Msc-254460"
-88.5,63.5,0.02,"Chlamys rubida","W-Msc-254460"
-88,63.5,0.01,"Chlamys rubida","W-Msc-254460"
-87.5,63.5,0.01,"Chlamys rubida","W-Msc-254460"
-87,63.5,0.01,"Chlamys rubida","W-Msc-254460"
-85.5,63.5,0.01,"Chlamys rubida","W-Msc-254460"
-84,63.5,0.01,"Chlamys rubida","W-Msc-254460"
-83.5,63.5,0.01,"Chlamys rubida","W-Msc-254460"
-83,63.5,0.01,"Chlamys rubida","W-Msc-254460"
-82.5,63.5,0.01,"Chlamys rubida","W-Msc-254460"
-76,63.5,0.01,"Chlamys rubida","W-Msc-254460"
-75.5,63.5,0.01,"Chlamys rubida","W-Msc-254460"
-75,63.5,0.01,"Chlamys rubida","W-Msc-254460"
-74.5,63.5,0.01,"Chlamys rubida","W-Msc-254460"
-74,63.5,0.01,"Chlamys rubida","W-Msc-254460"
-73.5,63.5,0.01,"Chlamys rubida","W-Msc-254460"
-73,63.5,0.01,"Chlamys rubida","W-Msc-254460"
-72.5,63.5,0.01,"Chlamys rubida","W-Msc-254460"
-41.5,63.5,0.08,"Chlamys rubida","W-Msc-254460"
-41,63.5,0.28,"Chlamys rubida","W-Msc-254460"
-40.5,63.5,0.21,"Chlamys rubida","W-Msc-254460"
-40,63.5,0.36,"Chlamys rubida","W-Msc-254460"
-39.5,63.5,0.39,"Chlamys rubida","W-Msc-254460"
-39,63.5,0.39,"Chlamys rubida","W-Msc-254460"
-38.5,63.5,0.4,"Chlamys rubida","W-Msc-254460"
-38,63.5,0.4,"Chlamys rubida","W-Msc-254460"
-37.5,63.5,0.42,"Chlamys rubida","W-Msc-254460"
-37,63.5,0.43,"Chlamys rubida","W-Msc-254460"
-36.5,63.5,0.38,"Chlamys rubida","W-Msc-254460"
-36,63.5,0.35,"Chlamys rubida","W-Msc-254460"
-28.5,63.5,0.03,"Chlamys rubida","W-Msc-254460"
-28,63.5,0.06,"Chlamys rubida","W-Msc-254460"
-27.5,63.5,0.09,"Chlamys rubida","W-Msc-254460"
-27,63.5,0.14,"Chlamys rubida","W-Msc-254460"
-26.5,63.5,0.21,"Chlamys rubida","W-Msc-254460"
-26,63.5,0.23,"Chlamys rubida","W-Msc-254460"
-25.5,63.5,0.25,"Chlamys rubida","W-Msc-254460"
-25,63.5,0.25,"Chlamys rubida","W-Msc-254460"
-24.5,63.5,0.25,"Chlamys rubida","W-Msc-254460"
-24,63.5,0.28,"Chlamys rubida","W-Msc-254460"
-23.5,63.5,0.35,"Chlamys rubida","W-Msc-254460"
-23,63.5,0.37,"Chlamys rubida","W-Msc-254460"
-22.5,63.5,0.39,"Chlamys rubida","W-Msc-254460"
-22,63.5,0.43,"Chlamys rubida","W-Msc-254460"
-21.5,63.5,0.41,"Chlamys rubida","W-Msc-254460"
-21,63.5,0.33,"Chlamys rubida","W-Msc-254460"
-20.5,63.5,0.4,"Chlamys rubida","W-Msc-254460"
-20,63.5,0.24,"Chlamys rubida","W-Msc-254460"
-19.5,63.5,0.47,"Chlamys rubida","W-Msc-254460"
-18,63.5,0.19,"Chlamys rubida","W-Msc-254460"
-17.5,63.5,0.24,"Chlamys rubida","W-Msc-254460"
-17,63.5,0.36,"Chlamys rubida","W-Msc-254460"
-16.5,63.5,0.36,"Chlamys rubida","W-Msc-254460"
-16,63.5,0.35,"Chlamys rubida","W-Msc-254460"
-15.5,63.5,0.35,"Chlamys rubida","W-Msc-254460"
-15,63.5,0.34,"Chlamys rubida","W-Msc-254460"
-14.5,63.5,0.34,"Chlamys rubida","W-Msc-254460"
-14,63.5,0.32,"Chlamys rubida","W-Msc-254460"
-13.5,63.5,0.25,"Chlamys rubida","W-Msc-254460"
-13,63.5,0.25,"Chlamys rubida","W-Msc-254460"
-12.5,63.5,0.31,"Chlamys rubida","W-Msc-254460"
-12,63.5,0.34,"Chlamys rubida","W-Msc-254460"
-11.5,63.5,0.35,"Chlamys rubida","W-Msc-254460"
-11,63.5,0.36,"Chlamys rubida","W-Msc-254460"
-10.5,63.5,0.36,"Chlamys rubida","W-Msc-254460"
-10,63.5,0.36,"Chlamys rubida","W-Msc-254460"
-9.5,63.5,0.35,"Chlamys rubida","W-Msc-254460"
-9,63.5,0.34,"Chlamys rubida","W-Msc-254460"
-8.5,63.5,0.33,"Chlamys rubida","W-Msc-254460"
-8,63.5,0.32,"Chlamys rubida","W-Msc-254460"
-7.5,63.5,0.29,"Chlamys rubida","W-Msc-254460"
-7,63.5,0.21,"Chlamys rubida","W-Msc-254460"
-6.5,63.5,0.09,"Chlamys rubida","W-Msc-254460"
-6,63.5,0.03,"Chlamys rubida","W-Msc-254460"
1.5,63.5,0.01,"Chlamys rubida","W-Msc-254460"
2,63.5,0.07,"Chlamys rubida","W-Msc-254460"
2.5,63.5,0.11,"Chlamys rubida","W-Msc-254460"
3,63.5,0.12,"Chlamys rubida","W-Msc-254460"
3.5,63.5,0.13,"Chlamys rubida","W-Msc-254460"
4,63.5,0.13,"Chlamys rubida","W-Msc-254460"
4.5,63.5,0.14,"Chlamys rubida","W-Msc-254460"
5,63.5,0.2,"Chlamys rubida","W-Msc-254460"
5.5,63.5,0.46,"Chlamys rubida","W-Msc-254460"
6,63.5,0.49,"Chlamys rubida","W-Msc-254460"
6.5,63.5,0.43,"Chlamys rubida","W-Msc-254460"
7,63.5,0.39,"Chlamys rubida","W-Msc-254460"
7.5,63.5,0.38,"Chlamys rubida","W-Msc-254460"
8,63.5,0.42,"Chlamys rubida","W-Msc-254460"
8.5,63.5,0.53,"Chlamys rubida","W-Msc-254460"
9,63.5,0.3,"Chlamys rubida","W-Msc-254460"
9.5,63.5,0.78,"Chlamys rubida","W-Msc-254460"
10,63.5,0.75,"Chlamys rubida","W-Msc-254460"
10.5,63.5,0.73,"Chlamys rubida","W-Msc-254460"
11,63.5,0.79,"Chlamys rubida","W-Msc-254460"
11.5,63.5,0.8,"Chlamys rubida","W-Msc-254460"
37,63.5,0.03,"Chlamys rubida","W-Msc-254460"
37.5,63.5,0.06,"Chlamys rubida","W-Msc-254460"
38,63.5,0.17,"Chlamys rubida","W-Msc-254460"
38.5,63.5,0.16,"Chlamys rubida","W-Msc-254460"
-174.5,63,0.08,"Chlamys rubida","W-Msc-254460"
-174,63,0.08,"Chlamys rubida","W-Msc-254460"
-173.5,63,0.07,"Chlamys rubida","W-Msc-254460"
-173,63,0.07,"Chlamys rubida","W-Msc-254460"
-172.5,63,0.07,"Chlamys rubida","W-Msc-254460"
-172,63,0.08,"Chlamys rubida","W-Msc-254460"
-171.5,63,0.09,"Chlamys rubida","W-Msc-254460"
-171,63,0.07,"Chlamys rubida","W-Msc-254460"
-170.5,63,0.06,"Chlamys rubida","W-Msc-254460"
-170,63,0.05,"Chlamys rubida","W-Msc-254460"
-169.5,63,0.05,"Chlamys rubida","W-Msc-254460"
-169,63,0.04,"Chlamys rubida","W-Msc-254460"
-168.5,63,0.04,"Chlamys rubida","W-Msc-254460"
-168,63,0.05,"Chlamys rubida","W-Msc-254460"
-167.5,63,0.02,"Chlamys rubida","W-Msc-254460"
-167,63,0.02,"Chlamys rubida","W-Msc-254460"
-166.5,63,0.01,"Chlamys rubida","W-Msc-254460"
-166,63,0.01,"Chlamys rubida","W-Msc-254460"
-165.5,63,0.02,"Chlamys rubida","W-Msc-254460"
-165,63,0.03,"Chlamys rubida","W-Msc-254460"
-164.5,63,0.03,"Chlamys rubida","W-Msc-254460"
-164,63,0.03,"Chlamys rubida","W-Msc-254460"
-163.5,63,0.04,"Chlamys rubida","W-Msc-254460"
-163,63,0.08,"Chlamys rubida","W-Msc-254460"
-162.5,63,0.06,"Chlamys rubida","W-Msc-254460"
-162,63,0.04,"Chlamys rubida","W-Msc-254460"
-161.5,63,0.05,"Chlamys rubida","W-Msc-254460"
-90.5,63,0.05,"Chlamys rubida","W-Msc-254460"
-90,63,0.04,"Chlamys rubida","W-Msc-254460"
-89.5,63,0.01,"Chlamys rubida","W-Msc-254460"
-89,63,0.01,"Chlamys rubida","W-Msc-254460"
-88.5,63,0.01,"Chlamys rubida","W-Msc-254460"
-88,63,0.01,"Chlamys rubida","W-Msc-254460"
-87.5,63,0.01,"Chlamys rubida","W-Msc-254460"
-87,63,0.01,"Chlamys rubida","W-Msc-254460"
-86.5,63,0.01,"Chlamys rubida","W-Msc-254460"
-86,63,0.01,"Chlamys rubida","W-Msc-254460"
-85.5,63,0.01,"Chlamys rubida","W-Msc-254460"
-85,63,0.01,"Chlamys rubida","W-Msc-254460"
-84.5,63,0.01,"Chlamys rubida","W-Msc-254460"
-84,63,0.01,"Chlamys rubida","W-Msc-254460"
-82,63,0.01,"Chlamys rubida","W-Msc-254460"
-81.5,63,0.01,"Chlamys rubida","W-Msc-254460"
-81,63,0.01,"Chlamys rubida","W-Msc-254460"
-80.5,63,0.01,"Chlamys rubida","W-Msc-254460"
-78.5,63,0.01,"Chlamys rubida","W-Msc-254460"
-78,63,0.01,"Chlamys rubida","W-Msc-254460"
-77,63,0.01,"Chlamys rubida","W-Msc-254460"
-76.5,63,0.01,"Chlamys rubida","W-Msc-254460"
-76,63,0.01,"Chlamys rubida","W-Msc-254460"
-75.5,63,0.01,"Chlamys rubida","W-Msc-254460"
-75,63,0.01,"Chlamys rubida","W-Msc-254460"
-74.5,63,0.01,"Chlamys rubida","W-Msc-254460"
-74,63,0.01,"Chlamys rubida","W-Msc-254460"
-73.5,63,0.01,"Chlamys rubida","W-Msc-254460"
-73,63,0.01,"Chlamys rubida","W-Msc-254460"
-72.5,63,0.01,"Chlamys rubida","W-Msc-254460"
-72,63,0.01,"Chlamys rubida","W-Msc-254460"
-71.5,63,0.01,"Chlamys rubida","W-Msc-254460"
-71,63,0.01,"Chlamys rubida","W-Msc-254460"
-42,63,0.35,"Chlamys rubida","W-Msc-254460"
-41.5,63,0.03,"Chlamys rubida","W-Msc-254460"
-41,63,0.42,"Chlamys rubida","W-Msc-254460"
-40.5,63,0.44,"Chlamys rubida","W-Msc-254460"
-40,63,0.54,"Chlamys rubida","W-Msc-254460"
-39.5,63,0.46,"Chlamys rubida","W-Msc-254460"
-39,63,0.41,"Chlamys rubida","W-Msc-254460"
-38.5,63,0.39,"Chlamys rubida","W-Msc-254460"
-38,63,0.38,"Chlamys rubida","W-Msc-254460"
-37.5,63,0.37,"Chlamys rubida","W-Msc-254460"
-37,63,0.1,"Chlamys rubida","W-Msc-254460"
-28,63,0.05,"Chlamys rubida","W-Msc-254460"
-27.5,63,0.1,"Chlamys rubida","W-Msc-254460"
-27,63,0.1,"Chlamys rubida","W-Msc-254460"
-26.5,63,0.12,"Chlamys rubida","W-Msc-254460"
-26,63,0.21,"Chlamys rubida","W-Msc-254460"
-25.5,63,0.22,"Chlamys rubida","W-Msc-254460"
-25,63,0.23,"Chlamys rubida","W-Msc-254460"
-24.5,63,0.25,"Chlamys rubida","W-Msc-254460"
-24,63,0.26,"Chlamys rubida","W-Msc-254460"
-23.5,63,0.26,"Chlamys rubida","W-Msc-254460"
-23,63,0.28,"Chlamys rubida","W-Msc-254460"
-22.5,63,0.34,"Chlamys rubida","W-Msc-254460"
-22,63,0.34,"Chlamys rubida","W-Msc-254460"
-21.5,63,0.35,"Chlamys rubida","W-Msc-254460"
-21,63,0.37,"Chlamys rubida","W-Msc-254460"
-20.5,63,0.42,"Chlamys rubida","W-Msc-254460"
-20,63,0.45,"Chlamys rubida","W-Msc-254460"
-19.5,63,0.42,"Chlamys rubida","W-Msc-254460"
-19,63,0.38,"Chlamys rubida","W-Msc-254460"
-18.5,63,0.37,"Chlamys rubida","W-Msc-254460"
-18,63,0.37,"Chlamys rubida","W-Msc-254460"
-17.5,63,0.35,"Chlamys rubida","W-Msc-254460"
-17,63,0.34,"Chlamys rubida","W-Msc-254460"
-16.5,63,0.34,"Chlamys rubida","W-Msc-254460"
-16,63,0.31,"Chlamys rubida","W-Msc-254460"
-15.5,63,0.25,"Chlamys rubida","W-Msc-254460"
-15,63,0.2,"Chlamys rubida","W-Msc-254460"
-14.5,63,0.11,"Chlamys rubida","W-Msc-254460"
-14,63,0.05,"Chlamys rubida","W-Msc-254460"
-13.5,63,0.11,"Chlamys rubida","W-Msc-254460"
-13,63,0.2,"Chlamys rubida","W-Msc-254460"
-12.5,63,0.27,"Chlamys rubida","W-Msc-254460"
-12,63,0.32,"Chlamys rubida","W-Msc-254460"
-11.5,63,0.34,"Chlamys rubida","W-Msc-254460"
-11,63,0.34,"Chlamys rubida","W-Msc-254460"
-10.5,63,0.34,"Chlamys rubida","W-Msc-254460"
-10,63,0.32,"Chlamys rubida","W-Msc-254460"
-9.5,63,0.31,"Chlamys rubida","W-Msc-254460"
-9,63,0.31,"Chlamys rubida","W-Msc-254460"
-8.5,63,0.31,"Chlamys rubida","W-Msc-254460"
-8,63,0.3,"Chlamys rubida","W-Msc-254460"
-7.5,63,0.31,"Chlamys rubida","W-Msc-254460"
-7,63,0.28,"Chlamys rubida","W-Msc-254460"
-6.5,63,0.25,"Chlamys rubida","W-Msc-254460"
-6,63,0.16,"Chlamys rubida","W-Msc-254460"
-5.5,63,0.06,"Chlamys rubida","W-Msc-254460"
-0.5,63,0.01,"Chlamys rubida","W-Msc-254460"
0,63,0.05,"Chlamys rubida","W-Msc-254460"
0.5,63,0.08,"Chlamys rubida","W-Msc-254460"
1,63,0.12,"Chlamys rubida","W-Msc-254460"
1.5,63,0.16,"Chlamys rubida","W-Msc-254460"
2,63,0.22,"Chlamys rubida","W-Msc-254460"
2.5,63,0.26,"Chlamys rubida","W-Msc-254460"
3,63,0.31,"Chlamys rubida","W-Msc-254460"
3.5,63,0.35,"Chlamys rubida","W-Msc-254460"
4,63,0.33,"Chlamys rubida","W-Msc-254460"
4.5,63,0.35,"Chlamys rubida","W-Msc-254460"
5,63,0.47,"Chlamys rubida","W-Msc-254460"
5.5,63,0.53,"Chlamys rubida","W-Msc-254460"
6,63,0.52,"Chlamys rubida","W-Msc-254460"
6.5,63,0.49,"Chlamys rubida","W-Msc-254460"
7,63,0.47,"Chlamys rubida","W-Msc-254460"
7.5,63,0.51,"Chlamys rubida","W-Msc-254460"
8,63,0.72,"Chlamys rubida","W-Msc-254460"
8.5,63,0.33,"Chlamys rubida","W-Msc-254460"
9,63,0.4,"Chlamys rubida","W-Msc-254460"
9.5,63,0.38,"Chlamys rubida","W-Msc-254460"
10,63,0.86,"Chlamys rubida","W-Msc-254460"
10.5,63,0.65,"Chlamys rubida","W-Msc-254460"
11,63,0.71,"Chlamys rubida","W-Msc-254460"
-174.5,62.5,0.07,"Chlamys rubida","W-Msc-254460"
-174,62.5,0.06,"Chlamys rubida","W-Msc-254460"
-173.5,62.5,0.05,"Chlamys rubida","W-Msc-254460"
-173,62.5,0.04,"Chlamys rubida","W-Msc-254460"
-172.5,62.5,0.04,"Chlamys rubida","W-Msc-254460"
-172,62.5,0.03,"Chlamys rubida","W-Msc-254460"
-171.5,62.5,0.04,"Chlamys rubida","W-Msc-254460"
-171,62.5,0.04,"Chlamys rubida","W-Msc-254460"
-170.5,62.5,0.03,"Chlamys rubida","W-Msc-254460"
-170,62.5,0.03,"Chlamys rubida","W-Msc-254460"
-169.5,62.5,0.02,"Chlamys rubida","W-Msc-254460"
-169,62.5,0.02,"Chlamys rubida","W-Msc-254460"
-168.5,62.5,0.02,"Chlamys rubida","W-Msc-254460"
-168,62.5,0.01,"Chlamys rubida","W-Msc-254460"
-167.5,62.5,0.01,"Chlamys rubida","W-Msc-254460"
-167,62.5,0.01,"Chlamys rubida","W-Msc-254460"
-166.5,62.5,0.01,"Chlamys rubida","W-Msc-254460"
-166,62.5,0.01,"Chlamys rubida","W-Msc-254460"
-165.5,62.5,0.03,"Chlamys rubida","W-Msc-254460"
-165,62.5,0.05,"Chlamys rubida","W-Msc-254460"
-164.5,62.5,0.05,"Chlamys rubida","W-Msc-254460"
-92,62.5,0.01,"Chlamys rubida","W-Msc-254460"
-91.5,62.5,0.01,"Chlamys rubida","W-Msc-254460"
-91,62.5,0.02,"Chlamys rubida","W-Msc-254460"
-90.5,62.5,0.03,"Chlamys rubida","W-Msc-254460"
-90,62.5,0.02,"Chlamys rubida","W-Msc-254460"
-89.5,62.5,0.01,"Chlamys rubida","W-Msc-254460"
-89,62.5,0.01,"Chlamys rubida","W-Msc-254460"
-88.5,62.5,0.01,"Chlamys rubida","W-Msc-254460"
-88,62.5,0.01,"Chlamys rubida","W-Msc-254460"
-86,62.5,0.01,"Chlamys rubida","W-Msc-254460"
-85.5,62.5,0.01,"Chlamys rubida","W-Msc-254460"
-85,62.5,0.01,"Chlamys rubida","W-Msc-254460"
-83.5,62.5,0.01,"Chlamys rubida","W-Msc-254460"
-81.5,62.5,0.01,"Chlamys rubida","W-Msc-254460"
-79,62.5,0.01,"Chlamys rubida","W-Msc-254460"
-78.5,62.5,0.01,"Chlamys rubida","W-Msc-254460"
-78,62.5,0.01,"Chlamys rubida","W-Msc-254460"
-77.5,62.5,0.01,"Chlamys rubida","W-Msc-254460"
-77,62.5,0.01,"Chlamys rubida","W-Msc-254460"
-76.5,62.5,0.01,"Chlamys rubida","W-Msc-254460"
-76,62.5,0.01,"Chlamys rubida","W-Msc-254460"
-75.5,62.5,0.01,"Chlamys rubida","W-Msc-254460"
-75,62.5,0.01,"Chlamys rubida","W-Msc-254460"
-74.5,62.5,0.01,"Chlamys rubida","W-Msc-254460"
-74,62.5,0.01,"Chlamys rubida","W-Msc-254460"
-73.5,62.5,0.01,"Chlamys rubida","W-Msc-254460"
-73,62.5,0.01,"Chlamys rubida","W-Msc-254460"
-72.5,62.5,0.01,"Chlamys rubida","W-Msc-254460"
-72,62.5,0.01,"Chlamys rubida","W-Msc-254460"
-71.5,62.5,0.01,"Chlamys rubida","W-Msc-254460"
-71,62.5,0.02,"Chlamys rubida","W-Msc-254460"
-70.5,62.5,0.02,"Chlamys rubida","W-Msc-254460"
-70,62.5,0.02,"Chlamys rubida","W-Msc-254460"
-69.5,62.5,0.02,"Chlamys rubida","W-Msc-254460"
-69,62.5,0.02,"Chlamys rubida","W-Msc-254460"
-43,62.5,0.4,"Chlamys rubida","W-Msc-254460"
-42.5,62.5,0.39,"Chlamys rubida","W-Msc-254460"
-42,62.5,0.37,"Chlamys rubida","W-Msc-254460"
-41.5,62.5,0.34,"Chlamys rubida","W-Msc-254460"
-41,62.5,0.42,"Chlamys rubida","W-Msc-254460"
-40.5,62.5,0.59,"Chlamys rubida","W-Msc-254460"
-40,62.5,0.47,"Chlamys rubida","W-Msc-254460"
-39.5,62.5,0.07,"Chlamys rubida","W-Msc-254460"
-39,62.5,0.03,"Chlamys rubida","W-Msc-254460"
-28,62.5,0.05,"Chlamys rubida","W-Msc-254460"
-27.5,62.5,0.08,"Chlamys rubida","W-Msc-254460"
-27,62.5,0.09,"Chlamys rubida","W-Msc-254460"
-26.5,62.5,0.14,"Chlamys rubida","W-Msc-254460"
-26,62.5,0.16,"Chlamys rubida","W-Msc-254460"
-25.5,62.5,0.21,"Chlamys rubida","W-Msc-254460"
-25,62.5,0.22,"Chlamys rubida","W-Msc-254460"
-24.5,62.5,0.23,"Chlamys rubida","W-Msc-254460"
-24,62.5,0.24,"Chlamys rubida","W-Msc-254460"
-23.5,62.5,0.25,"Chlamys rubida","W-Msc-254460"
-23,62.5,0.2,"Chlamys rubida","W-Msc-254460"
-22.5,62.5,0.22,"Chlamys rubida","W-Msc-254460"
-22,62.5,0.24,"Chlamys rubida","W-Msc-254460"
-21.5,62.5,0.24,"Chlamys rubida","W-Msc-254460"
-21,62.5,0.25,"Chlamys rubida","W-Msc-254460"
-20.5,62.5,0.29,"Chlamys rubida","W-Msc-254460"
-20,62.5,0.29,"Chlamys rubida","W-Msc-254460"
-19.5,62.5,0.13,"Chlamys rubida","W-Msc-254460"
-19,62.5,0.08,"Chlamys rubida","W-Msc-254460"
-18.5,62.5,0.13,"Chlamys rubida","W-Msc-254460"
-18,62.5,0.14,"Chlamys rubida","W-Msc-254460"
-17.5,62.5,0.16,"Chlamys rubida","W-Msc-254460"
-17,62.5,0.07,"Chlamys rubida","W-Msc-254460"
-16.5,62.5,0.03,"Chlamys rubida","W-Msc-254460"
-14,62.5,0.05,"Chlamys rubida","W-Msc-254460"
-13.5,62.5,0.11,"Chlamys rubida","W-Msc-254460"
-13,62.5,0.18,"Chlamys rubida","W-Msc-254460"
-12.5,62.5,0.2,"Chlamys rubida","W-Msc-254460"
-12,62.5,0.22,"Chlamys rubida","W-Msc-254460"
-11.5,62.5,0.23,"Chlamys rubida","W-Msc-254460"
-11,62.5,0.25,"Chlamys rubida","W-Msc-254460"
-10.5,62.5,0.27,"Chlamys rubida","W-Msc-254460"
-10,62.5,0.28,"Chlamys rubida","W-Msc-254460"
-9.5,62.5,0.27,"Chlamys rubida","W-Msc-254460"
-9,62.5,0.27,"Chlamys rubida","W-Msc-254460"
-8.5,62.5,0.26,"Chlamys rubida","W-Msc-254460"
-8,62.5,0.25,"Chlamys rubida","W-Msc-254460"
-7.5,62.5,0.27,"Chlamys rubida","W-Msc-254460"
-7,62.5,0.28,"Chlamys rubida","W-Msc-254460"
-6.5,62.5,0.3,"Chlamys rubida","W-Msc-254460"
-6,62.5,0.31,"Chlamys rubida","W-Msc-254460"
-5.5,62.5,0.31,"Chlamys rubida","W-Msc-254460"
-5,62.5,0.32,"Chlamys rubida","W-Msc-254460"
-4.5,62.5,0.32,"Chlamys rubida","W-Msc-254460"
-4,62.5,0.31,"Chlamys rubida","W-Msc-254460"
-3.5,62.5,0.3,"Chlamys rubida","W-Msc-254460"
-3,62.5,0.29,"Chlamys rubida","W-Msc-254460"
-2.5,62.5,0.28,"Chlamys rubida","W-Msc-254460"
-2,62.5,0.25,"Chlamys rubida","W-Msc-254460"
-1.5,62.5,0.1,"Chlamys rubida","W-Msc-254460"
-1,62.5,0.03,"Chlamys rubida","W-Msc-254460"
-0.5,62.5,0.08,"Chlamys rubida","W-Msc-254460"
0,62.5,0.14,"Chlamys rubida","W-Msc-254460"
0.5,62.5,0.21,"Chlamys rubida","W-Msc-254460"
1,62.5,0.25,"Chlamys rubida","W-Msc-254460"
1.5,62.5,0.28,"Chlamys rubida","W-Msc-254460"
2,62.5,0.3,"Chlamys rubida","W-Msc-254460"
2.5,62.5,0.35,"Chlamys rubida","W-Msc-254460"
3,62.5,0.37,"Chlamys rubida","W-Msc-254460"
3.5,62.5,0.42,"Chlamys rubida","W-Msc-254460"
4,62.5,0.5,"Chlamys rubida","W-Msc-254460"
4.5,62.5,0.58,"Chlamys rubida","W-Msc-254460"
5,62.5,0.48,"Chlamys rubida","W-Msc-254460"
5.5,62.5,0.43,"Chlamys rubida","W-Msc-254460"
6,62.5,0.33,"Chlamys rubida","W-Msc-254460"
6.5,62.5,0.62,"Chlamys rubida","W-Msc-254460"
7,62.5,0.41,"Chlamys rubida","W-Msc-254460"
7.5,62.5,0.73,"Chlamys rubida","W-Msc-254460"
8,62.5,0.19,"Chlamys rubida","W-Msc-254460"
8.5,62.5,0.29,"Chlamys rubida","W-Msc-254460"
-174.5,62,0.06,"Chlamys rubida","W-Msc-254460"
-174,62,0.04,"Chlamys rubida","W-Msc-254460"
-173.5,62,0.03,"Chlamys rubida","W-Msc-254460"
-173,62,0.03,"Chlamys rubida","W-Msc-254460"
-172.5,62,0.03,"Chlamys rubida","W-Msc-254460"
-172,62,0.02,"Chlamys rubida","W-Msc-254460"
-171.5,62,0.02,"Chlamys rubida","W-Msc-254460"
-171,62,0.02,"Chlamys rubida","W-Msc-254460"
-170.5,62,0.02,"Chlamys rubida","W-Msc-254460"
-170,62,0.02,"Chlamys rubida","W-Msc-254460"
-169.5,62,0.01,"Chlamys rubida","W-Msc-254460"
-169,62,0.01,"Chlamys rubida","W-Msc-254460"
-168.5,62,0.01,"Chlamys rubida","W-Msc-254460"
-168,62,0.01,"Chlamys rubida","W-Msc-254460"
-167.5,62,0.01,"Chlamys rubida","W-Msc-254460"
-167,62,0.01,"Chlamys rubida","W-Msc-254460"
-166.5,62,0.01,"Chlamys rubida","W-Msc-254460"
-166,62,0.02,"Chlamys rubida","W-Msc-254460"
-165.5,62,0.04,"Chlamys rubida","W-Msc-254460"
-165,62,0.05,"Chlamys rubida","W-Msc-254460"
-93,62,0.01,"Chlamys rubida","W-Msc-254460"
-92.5,62,0.01,"Chlamys rubida","W-Msc-254460"
-92,62,0.01,"Chlamys rubida","W-Msc-254460"
-91.5,62,0.01,"Chlamys rubida","W-Msc-254460"
-91,62,0.01,"Chlamys rubida","W-Msc-254460"
-90.5,62,0.01,"Chlamys rubida","W-Msc-254460"
-90,62,0.01,"Chlamys rubida","W-Msc-254460"
-89.5,62,0.01,"Chlamys rubida","W-Msc-254460"
-89,62,0.01,"Chlamys rubida","W-Msc-254460"
-88.5,62,0.01,"Chlamys rubida","W-Msc-254460"
-84,62,0.01,"Chlamys rubida","W-Msc-254460"
-82.5,62,0.01,"Chlamys rubida","W-Msc-254460"
-82,62,0.01,"Chlamys rubida","W-Msc-254460"
-81.5,62,0.01,"Chlamys rubida","W-Msc-254460"
-80.5,62,0.01,"Chlamys rubida","W-Msc-254460"
-80,62,0.01,"Chlamys rubida","W-Msc-254460"
-79.5,62,0.01,"Chlamys rubida","W-Msc-254460"
-79,62,0.01,"Chlamys rubida","W-Msc-254460"
-78.5,62,0.01,"Chlamys rubida","W-Msc-254460"
-78,62,0.01,"Chlamys rubida","W-Msc-254460"
-75.5,62,0.01,"Chlamys rubida","W-Msc-254460"
-75,62,0.01,"Chlamys rubida","W-Msc-254460"
-74.5,62,0.01,"Chlamys rubida","W-Msc-254460"
-73,62,0.01,"Chlamys rubida","W-Msc-254460"
-72.5,62,0.01,"Chlamys rubida","W-Msc-254460"
-72,62,0.01,"Chlamys rubida","W-Msc-254460"
-71.5,62,0.01,"Chlamys rubida","W-Msc-254460"
-71,62,0.01,"Chlamys rubida","W-Msc-254460"
-70.5,62,0.02,"Chlamys rubida","W-Msc-254460"
-70,62,0.02,"Chlamys rubida","W-Msc-254460"
-69.5,62,0.02,"Chlamys rubida","W-Msc-254460"
-69,62,0.02,"Chlamys rubida","W-Msc-254460"
-68.5,62,0.02,"Chlamys rubida","W-Msc-254460"
-68,62,0.01,"Chlamys rubida","W-Msc-254460"
-42.5,62,0.13,"Chlamys rubida","W-Msc-254460"
-42,62,0.36,"Chlamys rubida","W-Msc-254460"
-41.5,62,0.36,"Chlamys rubida","W-Msc-254460"
-41,62,0.47,"Chlamys rubida","W-Msc-254460"
-40.5,62,0.56,"Chlamys rubida","W-Msc-254460"
-40,62,0.44,"Chlamys rubida","W-Msc-254460"
-39.5,62,0.15,"Chlamys rubida","W-Msc-254460"
-39,62,0.01,"Chlamys rubida","W-Msc-254460"
-28.5,62,0.02,"Chlamys rubida","W-Msc-254460"
-28,62,0.06,"Chlamys rubida","W-Msc-254460"
-27.5,62,0.08,"Chlamys rubida","W-Msc-254460"
-27,62,0.11,"Chlamys rubida","W-Msc-254460"
-26.5,62,0.19,"Chlamys rubida","W-Msc-254460"
-26,62,0.2,"Chlamys rubida","W-Msc-254460"
-25.5,62,0.21,"Chlamys rubida","W-Msc-254460"
-25,62,0.21,"Chlamys rubida","W-Msc-254460"
-24.5,62,0.22,"Chlamys rubida","W-Msc-254460"
-24,62,0.09,"Chlamys rubida","W-Msc-254460"
-23.5,62,0.07,"Chlamys rubida","W-Msc-254460"
-23,62,0.08,"Chlamys rubida","W-Msc-254460"
-22.5,62,0.1,"Chlamys rubida","W-Msc-254460"
-22,62,0.06,"Chlamys rubida","W-Msc-254460"
-21.5,62,0.07,"Chlamys rubida","W-Msc-254460"
-21,62,0.07,"Chlamys rubida","W-Msc-254460"
-20.5,62,0.05,"Chlamys rubida","W-Msc-254460"
-20,62,0.04,"Chlamys rubida","W-Msc-254460"
-19,62,0.05,"Chlamys rubida","W-Msc-254460"
-18.5,62,0.05,"Chlamys rubida","W-Msc-254460"
-18,62,0.06,"Chlamys rubida","W-Msc-254460"
-17.5,62,0.01,"Chlamys rubida","W-Msc-254460"
-14,62,0.02,"Chlamys rubida","W-Msc-254460"
-13.5,62,0.07,"Chlamys rubida","W-Msc-254460"
-13,62,0.1,"Chlamys rubida","W-Msc-254460"
-12.5,62,0.12,"Chlamys rubida","W-Msc-254460"
-12,62,0.14,"Chlamys rubida","W-Msc-254460"
-11.5,62,0.16,"Chlamys rubida","W-Msc-254460"
-11,62,0.16,"Chlamys rubida","W-Msc-254460"
-10.5,62,0.19,"Chlamys rubida","W-Msc-254460"
-10,62,0.21,"Chlamys rubida","W-Msc-254460"
-9.5,62,0.24,"Chlamys rubida","W-Msc-254460"
-9,62,0.24,"Chlamys rubida","W-Msc-254460"
-8.5,62,0.25,"Chlamys rubida","W-Msc-254460"
-8,62,0.32,"Chlamys rubida","W-Msc-254460"
-7.5,62,0.33,"Chlamys rubida","W-Msc-254460"
-7,62,0.17,"Chlamys rubida","W-Msc-254460"
-6.5,62,0.21,"Chlamys rubida","W-Msc-254460"
-6,62,0.18,"Chlamys rubida","W-Msc-254460"
-5.5,62,0.34,"Chlamys rubida","W-Msc-254460"
-5,62,0.3,"Chlamys rubida","W-Msc-254460"
-4.5,62,0.29,"Chlamys rubida","W-Msc-254460"
-4,62,0.3,"Chlamys rubida","W-Msc-254460"
-3.5,62,0.3,"Chlamys rubida","W-Msc-254460"
-3,62,0.29,"Chlamys rubida","W-Msc-254460"
-2.5,62,0.28,"Chlamys rubida","W-Msc-254460"
-2,62,0.21,"Chlamys rubida","W-Msc-254460"
-1.5,62,0.06,"Chlamys rubida","W-Msc-254460"
-1,62,0.23,"Chlamys rubida","W-Msc-254460"
-0.5,62,0.28,"Chlamys rubida","W-Msc-254460"
0,62,0.28,"Chlamys rubida","W-Msc-254460"
0.5,62,0.28,"Chlamys rubida","W-Msc-254460"
1,62,0.28,"Chlamys rubida","W-Msc-254460"
1.5,62,0.29,"Chlamys rubida","W-Msc-254460"
2,62,0.33,"Chlamys rubida","W-Msc-254460"
2.5,62,0.39,"Chlamys rubida","W-Msc-254460"
3,62,0.52,"Chlamys rubida","W-Msc-254460"
3.5,62,0.51,"Chlamys rubida","W-Msc-254460"
4,62,0.44,"Chlamys rubida","W-Msc-254460"
4.5,62,0.41,"Chlamys rubida","W-Msc-254460"
5,62,0.46,"Chlamys rubida","W-Msc-254460"
5.5,62,0.74,"Chlamys rubida","W-Msc-254460"
6,62,0.47,"Chlamys rubida","W-Msc-254460"
6.5,62,0.82,"Chlamys rubida","W-Msc-254460"
7,62,0.55,"Chlamys rubida","W-Msc-254460"
7.5,62,0.42,"Chlamys rubida","W-Msc-254460"
-174.5,61.5,0.06,"Chlamys rubida","W-Msc-254460"
-174,61.5,0.04,"Chlamys rubida","W-Msc-254460"
-173.5,61.5,0.03,"Chlamys rubida","W-Msc-254460"
-173,61.5,0.03,"Chlamys rubida","W-Msc-254460"
-172.5,61.5,0.03,"Chlamys rubida","W-Msc-254460"
-172,61.5,0.03,"Chlamys rubida","W-Msc-254460"
-171.5,61.5,0.02,"Chlamys rubida","W-Msc-254460"
-171,61.5,0.02,"Chlamys rubida","W-Msc-254460"
-170.5,61.5,0.02,"Chlamys rubida","W-Msc-254460"
-170,61.5,0.01,"Chlamys rubida","W-Msc-254460"
-169.5,61.5,0.01,"Chlamys rubida","W-Msc-254460"
-169,61.5,0.01,"Chlamys rubida","W-Msc-254460"
-168.5,61.5,0.01,"Chlamys rubida","W-Msc-254460"
-167,61.5,0.01,"Chlamys rubida","W-Msc-254460"
-166.5,61.5,0.02,"Chlamys rubida","W-Msc-254460"
-166,61.5,0.02,"Chlamys rubida","W-Msc-254460"
-165.5,61.5,0.06,"Chlamys rubida","W-Msc-254460"
-149.5,61.5,0.46,"Chlamys rubida","W-Msc-254460"
-149,61.5,0.21,"Chlamys rubida","W-Msc-254460"
-93.5,61.5,0.01,"Chlamys rubida","W-Msc-254460"
-93,61.5,0.01,"Chlamys rubida","W-Msc-254460"
-92.5,61.5,0.01,"Chlamys rubida","W-Msc-254460"
-92,61.5,0.01,"Chlamys rubida","W-Msc-254460"
-91.5,61.5,0.01,"Chlamys rubida","W-Msc-254460"
-91,61.5,0.01,"Chlamys rubida","W-Msc-254460"
-90.5,61.5,0.01,"Chlamys rubida","W-Msc-254460"
-83,61.5,0.01,"Chlamys rubida","W-Msc-254460"
-82.5,61.5,0.01,"Chlamys rubida","W-Msc-254460"
-80.5,61.5,0.01,"Chlamys rubida","W-Msc-254460"
-79.5,61.5,0.01,"Chlamys rubida","W-Msc-254460"
-79,61.5,0.01,"Chlamys rubida","W-Msc-254460"
-78.5,61.5,0.01,"Chlamys rubida","W-Msc-254460"
-78,61.5,0.01,"Chlamys rubida","W-Msc-254460"
-72,61.5,0.01,"Chlamys rubida","W-Msc-254460"
-71,61.5,0.01,"Chlamys rubida","W-Msc-254460"
-70.5,61.5,0.01,"Chlamys rubida","W-Msc-254460"
-70,61.5,0.01,"Chlamys rubida","W-Msc-254460"
-69.5,61.5,0.01,"Chlamys rubida","W-Msc-254460"
-69,61.5,0.01,"Chlamys rubida","W-Msc-254460"
-68.5,61.5,0.01,"Chlamys rubida","W-Msc-254460"
-68,61.5,0.01,"Chlamys rubida","W-Msc-254460"
-67.5,61.5,0.01,"Chlamys rubida","W-Msc-254460"
-67,61.5,0.01,"Chlamys rubida","W-Msc-254460"
-42,61.5,0.37,"Chlamys rubida","W-Msc-254460"
-41.5,61.5,0.44,"Chlamys rubida","W-Msc-254460"
-41,61.5,0.57,"Chlamys rubida","W-Msc-254460"
-40.5,61.5,0.49,"Chlamys rubida","W-Msc-254460"
-40,61.5,0.13,"Chlamys rubida","W-Msc-254460"
-39.5,61.5,0.11,"Chlamys rubida","W-Msc-254460"
-29,61.5,0.01,"Chlamys rubida","W-Msc-254460"
-28.5,61.5,0.06,"Chlamys rubida","W-Msc-254460"
-28,61.5,0.1,"Chlamys rubida","W-Msc-254460"
-27.5,61.5,0.14,"Chlamys rubida","W-Msc-254460"
-27,61.5,0.19,"Chlamys rubida","W-Msc-254460"
-26.5,61.5,0.2,"Chlamys rubida","W-Msc-254460"
-26,61.5,0.21,"Chlamys rubida","W-Msc-254460"
-25.5,61.5,0.19,"Chlamys rubida","W-Msc-254460"
-25,61.5,0.08,"Chlamys rubida","W-Msc-254460"
-24.5,61.5,0.05,"Chlamys rubida","W-Msc-254460"
-24,61.5,0.05,"Chlamys rubida","W-Msc-254460"
-23.5,61.5,0.04,"Chlamys rubida","W-Msc-254460"
-23,61.5,0.01,"Chlamys rubida","W-Msc-254460"
-21.5,61.5,0.01,"Chlamys rubida","W-Msc-254460"
-21,61.5,0.01,"Chlamys rubida","W-Msc-254460"
-19,61.5,0.01,"Chlamys rubida","W-Msc-254460"
-14.5,61.5,0.09,"Chlamys rubida","W-Msc-254460"
-13.5,61.5,0.04,"Chlamys rubida","W-Msc-254460"
-13,61.5,0.08,"Chlamys rubida","W-Msc-254460"
-12.5,61.5,0.08,"Chlamys rubida","W-Msc-254460"
-12,61.5,0.08,"Chlamys rubida","W-Msc-254460"
-11.5,61.5,0.1,"Chlamys rubida","W-Msc-254460"
-11,61.5,0.12,"Chlamys rubida","W-Msc-254460"
-10.5,61.5,0.17,"Chlamys rubida","W-Msc-254460"
-10,61.5,0.16,"Chlamys rubida","W-Msc-254460"
-9.5,61.5,0.19,"Chlamys rubida","W-Msc-254460"
-9,61.5,0.22,"Chlamys rubida","W-Msc-254460"
-8.5,61.5,0.25,"Chlamys rubida","W-Msc-254460"
-8,61.5,0.31,"Chlamys rubida","W-Msc-254460"
-7.5,61.5,0.32,"Chlamys rubida","W-Msc-254460"
-7,61.5,0.33,"Chlamys rubida","W-Msc-254460"
-6.5,61.5,0.14,"Chlamys rubida","W-Msc-254460"
-6,61.5,0.33,"Chlamys rubida","W-Msc-254460"
-5.5,61.5,0.33,"Chlamys rubida","W-Msc-254460"
-5,61.5,0.29,"Chlamys rubida","W-Msc-254460"
-4.5,61.5,0.28,"Chlamys rubida","W-Msc-254460"
-4,61.5,0.28,"Chlamys rubida","W-Msc-254460"
-3.5,61.5,0.28,"Chlamys rubida","W-Msc-254460"
-3,61.5,0.2,"Chlamys rubida","W-Msc-254460"
-2.5,61.5,0.07,"Chlamys rubida","W-Msc-254460"
-2,61.5,0.14,"Chlamys rubida","W-Msc-254460"
-1.5,61.5,0.28,"Chlamys rubida","W-Msc-254460"
-1,61.5,0.28,"Chlamys rubida","W-Msc-254460"
-0.5,61.5,0.28,"Chlamys rubida","W-Msc-254460"
0,61.5,0.28,"Chlamys rubida","W-Msc-254460"
0.5,61.5,0.28,"Chlamys rubida","W-Msc-254460"
1,61.5,0.29,"Chlamys rubida","W-Msc-254460"
1.5,61.5,0.3,"Chlamys rubida","W-Msc-254460"
2,61.5,0.32,"Chlamys rubida","W-Msc-254460"
2.5,61.5,0.38,"Chlamys rubida","W-Msc-254460"
3,61.5,0.47,"Chlamys rubida","W-Msc-254460"
3.5,61.5,0.62,"Chlamys rubida","W-Msc-254460"
4,61.5,0.56,"Chlamys rubida","W-Msc-254460"
4.5,61.5,0.55,"Chlamys rubida","W-Msc-254460"
5,61.5,0.82,"Chlamys rubida","W-Msc-254460"
5.5,61.5,0.45,"Chlamys rubida","W-Msc-254460"
6,61.5,0.01,"Chlamys rubida","W-Msc-254460"
6.5,61.5,0.37,"Chlamys rubida","W-Msc-254460"
-174.5,61,0.07,"Chlamys rubida","W-Msc-254460"
-174,61,0.06,"Chlamys rubida","W-Msc-254460"
-173.5,61,0.05,"Chlamys rubida","W-Msc-254460"
-173,61,0.04,"Chlamys rubida","W-Msc-254460"
-172.5,61,0.03,"Chlamys rubida","W-Msc-254460"
-172,61,0.03,"Chlamys rubida","W-Msc-254460"
-171.5,61,0.02,"Chlamys rubida","W-Msc-254460"
-171,61,0.02,"Chlamys rubida","W-Msc-254460"
-170.5,61,0.02,"Chlamys rubida","W-Msc-254460"
-170,61,0.01,"Chlamys rubida","W-Msc-254460"
-169.5,61,0.01,"Chlamys rubida","W-Msc-254460"
-169,61,0.01,"Chlamys rubida","W-Msc-254460"
-168.5,61,0.01,"Chlamys rubida","W-Msc-254460"
-168,61,0.01,"Chlamys rubida","W-Msc-254460"
-167.5,61,0.01,"Chlamys rubida","W-Msc-254460"
-166.5,61,0.01,"Chlamys rubida","W-Msc-254460"
-166,61,0.02,"Chlamys rubida","W-Msc-254460"
-165.5,61,0.02,"Chlamys rubida","W-Msc-254460"
-165,61,0.03,"Chlamys rubida","W-Msc-254460"
-164.5,61,0.01,"Chlamys rubida","W-Msc-254460"
-151.5,61,0.32,"Chlamys rubida","W-Msc-254460"
-151,61,0.21,"Chlamys rubida","W-Msc-254460"
-150.5,61,0.21,"Chlamys rubida","W-Msc-254460"
-150,61,0.25,"Chlamys rubida","W-Msc-254460"
-149.5,61,0.49,"Chlamys rubida","W-Msc-254460"
-149,61,0.72,"Chlamys rubida","W-Msc-254460"
-148,61,0.93,"Chlamys rubida","W-Msc-254460"
-147.5,61,0.94,"Chlamys rubida","W-Msc-254460"
-146.5,61,0.94,"Chlamys rubida","W-Msc-254460"
-146,61,0.93,"Chlamys rubida","W-Msc-254460"
-94,61,0.02,"Chlamys rubida","W-Msc-254460"
-93.5,61,0.02,"Chlamys rubida","W-Msc-254460"
-93,61,0.01,"Chlamys rubida","W-Msc-254460"
-92.5,61,0.01,"Chlamys rubida","W-Msc-254460"
-92,61,0.01,"Chlamys rubida","W-Msc-254460"
-91.5,61,0.01,"Chlamys rubida","W-Msc-254460"
-91,61,0.01,"Chlamys rubida","W-Msc-254460"
-78.5,61,0.01,"Chlamys rubida","W-Msc-254460"
-78,61,0.01,"Chlamys rubida","W-Msc-254460"
-77.5,61,0.01,"Chlamys rubida","W-Msc-254460"
-71,61,0.01,"Chlamys rubida","W-Msc-254460"
-70.5,61,0.01,"Chlamys rubida","W-Msc-254460"
-70,61,0.01,"Chlamys rubida","W-Msc-254460"
-69.5,61,0.01,"Chlamys rubida","W-Msc-254460"
-69,61,0.01,"Chlamys rubida","W-Msc-254460"
-68.5,61,0.01,"Chlamys rubida","W-Msc-254460"
-68,61,0.01,"Chlamys rubida","W-Msc-254460"
-67.5,61,0.01,"Chlamys rubida","W-Msc-254460"
-67,61,0.01,"Chlamys rubida","W-Msc-254460"
-66.5,61,0.01,"Chlamys rubida","W-Msc-254460"
-66,61,0.01,"Chlamys rubida","W-Msc-254460"
-65.5,61,0.01,"Chlamys rubida","W-Msc-254460"
-42.5,61,0.06,"Chlamys rubida","W-Msc-254460"
-42,61,0.42,"Chlamys rubida","W-Msc-254460"
-41.5,61,0.52,"Chlamys rubida","W-Msc-254460"
-41,61,0.57,"Chlamys rubida","W-Msc-254460"
-40.5,61,0.07,"Chlamys rubida","W-Msc-254460"
-29,61,0.11,"Chlamys rubida","W-Msc-254460"
-28.5,61,0.09,"Chlamys rubida","W-Msc-254460"
-28,61,0.17,"Chlamys rubida","W-Msc-254460"
-27.5,61,0.2,"Chlamys rubida","W-Msc-254460"
-27,61,0.19,"Chlamys rubida","W-Msc-254460"
-26.5,61,0.16,"Chlamys rubida","W-Msc-254460"
-26,61,0.08,"Chlamys rubida","W-Msc-254460"
-25.5,61,0.06,"Chlamys rubida","W-Msc-254460"
-25,61,0.02,"Chlamys rubida","W-Msc-254460"
-24.5,61,0.01,"Chlamys rubida","W-Msc-254460"
-13,61,0.02,"Chlamys rubida","W-Msc-254460"
-12.5,61,0.03,"Chlamys rubida","W-Msc-254460"
-12,61,0.08,"Chlamys rubida","W-Msc-254460"
-11.5,61,0.09,"Chlamys rubida","W-Msc-254460"
-11,61,0.16,"Chlamys rubida","W-Msc-254460"
-10.5,61,0.17,"Chlamys rubida","W-Msc-254460"
-10,61,0.19,"Chlamys rubida","W-Msc-254460"
-9.5,61,0.2,"Chlamys rubida","W-Msc-254460"
-9,61,0.22,"Chlamys rubida","W-Msc-254460"
-8.5,61,0.24,"Chlamys rubida","W-Msc-254460"
-8,61,0.28,"Chlamys rubida","W-Msc-254460"
-7.5,61,0.29,"Chlamys rubida","W-Msc-254460"
-7,61,0.29,"Chlamys rubida","W-Msc-254460"
-6.5,61,0.33,"Chlamys rubida","W-Msc-254460"
-6,61,0.33,"Chlamys rubida","W-Msc-254460"
-5.5,61,0.31,"Chlamys rubida","W-Msc-254460"
-5,61,0.26,"Chlamys rubida","W-Msc-254460"
-4.5,61,0.28,"Chlamys rubida","W-Msc-254460"
-4,61,0.28,"Chlamys rubida","W-Msc-254460"
-3.5,61,0.18,"Chlamys rubida","W-Msc-254460"
-3,61,0.27,"Chlamys rubida","W-Msc-254460"
-2.5,61,0.29,"Chlamys rubida","W-Msc-254460"
-2,61,0.29,"Chlamys rubida","W-Msc-254460"
-1.5,61,0.28,"Chlamys rubida","W-Msc-254460"
-1,61,0.29,"Chlamys rubida","W-Msc-254460"
-0.5,61,0.31,"Chlamys rubida","W-Msc-254460"
0,61,0.27,"Chlamys rubida","W-Msc-254460"
0.5,61,0.25,"Chlamys rubida","W-Msc-254460"
1,61,0.26,"Chlamys rubida","W-Msc-254460"
1.5,61,0.26,"Chlamys rubida","W-Msc-254460"
2,61,0.32,"Chlamys rubida","W-Msc-254460"
2.5,61,0.33,"Chlamys rubida","W-Msc-254460"
3,61,0.38,"Chlamys rubida","W-Msc-254460"
3.5,61,0.5,"Chlamys rubida","W-Msc-254460"
4,61,0.67,"Chlamys rubida","W-Msc-254460"
4.5,61,0.65,"Chlamys rubida","W-Msc-254460"
5,61,0.91,"Chlamys rubida","W-Msc-254460"
5.5,61,0.82,"Chlamys rubida","W-Msc-254460"
6,61,0.92,"Chlamys rubida","W-Msc-254460"
6.5,61,0.91,"Chlamys rubida","W-Msc-254460"
7,61,0.91,"Chlamys rubida","W-Msc-254460"
7.5,61,0.91,"Chlamys rubida","W-Msc-254460"
-174.5,60.5,0.11,"Chlamys rubida","W-Msc-254460"
-174,60.5,0.08,"Chlamys rubida","W-Msc-254460"
-173.5,60.5,0.07,"Chlamys rubida","W-Msc-254460"
-173,60.5,0.05,"Chlamys rubida","W-Msc-254460"
-172.5,60.5,0.04,"Chlamys rubida","W-Msc-254460"
-172,60.5,0.03,"Chlamys rubida","W-Msc-254460"
-171.5,60.5,0.02,"Chlamys rubida","W-Msc-254460"
-171,60.5,0.03,"Chlamys rubida","W-Msc-254460"
-170.5,60.5,0.03,"Chlamys rubida","W-Msc-254460"
-170,60.5,0.02,"Chlamys rubida","W-Msc-254460"
-169.5,60.5,0.02,"Chlamys rubida","W-Msc-254460"
-169,60.5,0.01,"Chlamys rubida","W-Msc-254460"
-168.5,60.5,0.01,"Chlamys rubida","W-Msc-254460"
-168,60.5,0.01,"Chlamys rubida","W-Msc-254460"
-167.5,60.5,0.01,"Chlamys rubida","W-Msc-254460"
-167,60.5,0.01,"Chlamys rubida","W-Msc-254460"
-166.5,60.5,0.01,"Chlamys rubida","W-Msc-254460"
-166,60.5,0.01,"Chlamys rubida","W-Msc-254460"
-165.5,60.5,0.02,"Chlamys rubida","W-Msc-254460"
-165,60.5,0.05,"Chlamys rubida","W-Msc-254460"
-164.5,60.5,0.04,"Chlamys rubida","W-Msc-254460"
-164,60.5,0.05,"Chlamys rubida","W-Msc-254460"
-163.5,60.5,0.05,"Chlamys rubida","W-Msc-254460"
-163,60.5,0.07,"Chlamys rubida","W-Msc-254460"
-152,60.5,0.45,"Chlamys rubida","W-Msc-254460"
-151.5,60.5,0.25,"Chlamys rubida","W-Msc-254460"
-151,60.5,0.12,"Chlamys rubida","W-Msc-254460"
-150.5,60.5,0.08,"Chlamys rubida","W-Msc-254460"
-150,60.5,0.47,"Chlamys rubida","W-Msc-254460"
-149.5,60.5,0.84,"Chlamys rubida","W-Msc-254460"
-149,60.5,0.97,"Chlamys rubida","W-Msc-254460"
-148,60.5,0.78,"Chlamys rubida","W-Msc-254460"
-147.5,60.5,0.81,"Chlamys rubida","W-Msc-254460"
-147,60.5,1,"Chlamys rubida","W-Msc-254460"
-146.5,60.5,1,"Chlamys rubida","W-Msc-254460"
-146,60.5,0.98,"Chlamys rubida","W-Msc-254460"
-145.5,60.5,0.3,"Chlamys rubida","W-Msc-254460"
-94.5,60.5,0.03,"Chlamys rubida","W-Msc-254460"
-94,60.5,0.02,"Chlamys rubida","W-Msc-254460"
-93.5,60.5,0.01,"Chlamys rubida","W-Msc-254460"
-93,60.5,0.01,"Chlamys rubida","W-Msc-254460"
-92.5,60.5,0.01,"Chlamys rubida","W-Msc-254460"
-92,60.5,0.01,"Chlamys rubida","W-Msc-254460"
-91.5,60.5,0.01,"Chlamys rubida","W-Msc-254460"
-79,60.5,0.01,"Chlamys rubida","W-Msc-254460"
-78.5,60.5,0.01,"Chlamys rubida","W-Msc-254460"
-78,60.5,0.02,"Chlamys rubida","W-Msc-254460"
-77.5,60.5,0.02,"Chlamys rubida","W-Msc-254460"
-69,60.5,0.01,"Chlamys rubida","W-Msc-254460"
-68.5,60.5,0.01,"Chlamys rubida","W-Msc-254460"
-68,60.5,0.01,"Chlamys rubida","W-Msc-254460"
-67.5,60.5,0.01,"Chlamys rubida","W-Msc-254460"
-67,60.5,0.01,"Chlamys rubida","W-Msc-254460"
-66.5,60.5,0.01,"Chlamys rubida","W-Msc-254460"
-66,60.5,0.01,"Chlamys rubida","W-Msc-254460"
-65.5,60.5,0.01,"Chlamys rubida","W-Msc-254460"
-65,60.5,0.01,"Chlamys rubida","W-Msc-254460"
-64.5,60.5,0.01,"Chlamys rubida","W-Msc-254460"
-43.5,60.5,0.05,"Chlamys rubida","W-Msc-254460"
-43,60.5,0.01,"Chlamys rubida","W-Msc-254460"
-42.5,60.5,0.41,"Chlamys rubida","W-Msc-254460"
-42,60.5,0.47,"Chlamys rubida","W-Msc-254460"
-41.5,60.5,0.53,"Chlamys rubida","W-Msc-254460"
-41,60.5,0.25,"Chlamys rubida","W-Msc-254460"
-40,60.5,0.03,"Chlamys rubida","W-Msc-254460"
-30,60.5,0.03,"Chlamys rubida","W-Msc-254460"
-29.5,60.5,0.12,"Chlamys rubida","W-Msc-254460"
-29,60.5,0.14,"Chlamys rubida","W-Msc-254460"
-28.5,60.5,0.2,"Chlamys rubida","W-Msc-254460"
-28,60.5,0.2,"Chlamys rubida","W-Msc-254460"
-27.5,60.5,0.16,"Chlamys rubida","W-Msc-254460"
-27,60.5,0.08,"Chlamys rubida","W-Msc-254460"
-26.5,60.5,0.06,"Chlamys rubida","W-Msc-254460"
-26,60.5,0.02,"Chlamys rubida","W-Msc-254460"
-13.5,60.5,0.03,"Chlamys rubida","W-Msc-254460"
-13,60.5,0.18,"Chlamys rubida","W-Msc-254460"
-12.5,60.5,0.18,"Chlamys rubida","W-Msc-254460"
-12,60.5,0.18,"Chlamys rubida","W-Msc-254460"
-11.5,60.5,0.18,"Chlamys rubida","W-Msc-254460"
-11,60.5,0.19,"Chlamys rubida","W-Msc-254460"
-10.5,60.5,0.2,"Chlamys rubida","W-Msc-254460"
-10,60.5,0.21,"Chlamys rubida","W-Msc-254460"
-9.5,60.5,0.23,"Chlamys rubida","W-Msc-254460"
-9,60.5,0.26,"Chlamys rubida","W-Msc-254460"
-8.5,60.5,0.26,"Chlamys rubida","W-Msc-254460"
-8,60.5,0.26,"Chlamys rubida","W-Msc-254460"
-7.5,60.5,0.27,"Chlamys rubida","W-Msc-254460"
-7,60.5,0.27,"Chlamys rubida","W-Msc-254460"
-6.5,60.5,0.29,"Chlamys rubida","W-Msc-254460"
-6,60.5,0.3,"Chlamys rubida","W-Msc-254460"
-5.5,60.5,0.29,"Chlamys rubida","W-Msc-254460"
-5,60.5,0.3,"Chlamys rubida","W-Msc-254460"
-4.5,60.5,0.26,"Chlamys rubida","W-Msc-254460"
-4,60.5,0.31,"Chlamys rubida","W-Msc-254460"
-3.5,60.5,0.31,"Chlamys rubida","W-Msc-254460"
-3,60.5,0.3,"Chlamys rubida","W-Msc-254460"
-2.5,60.5,0.31,"Chlamys rubida","W-Msc-254460"
-2,60.5,0.31,"Chlamys rubida","W-Msc-254460"
-1.5,60.5,0.31,"Chlamys rubida","W-Msc-254460"
-1,60.5,0.17,"Chlamys rubida","W-Msc-254460"
-0.5,60.5,0.21,"Chlamys rubida","W-Msc-254460"
0,60.5,0.24,"Chlamys rubida","W-Msc-254460"
0.5,60.5,0.24,"Chlamys rubida","W-Msc-254460"
1,60.5,0.23,"Chlamys rubida","W-Msc-254460"
1.5,60.5,0.23,"Chlamys rubida","W-Msc-254460"
2,60.5,0.23,"Chlamys rubida","W-Msc-254460"
2.5,60.5,0.21,"Chlamys rubida","W-Msc-254460"
3,60.5,0.36,"Chlamys rubida","W-Msc-254460"
3.5,60.5,0.46,"Chlamys rubida","W-Msc-254460"
4,60.5,0.67,"Chlamys rubida","W-Msc-254460"
4.5,60.5,0.66,"Chlamys rubida","W-Msc-254460"
5,60.5,0.96,"Chlamys rubida","W-Msc-254460"
5.5,60.5,0.67,"Chlamys rubida","W-Msc-254460"
-174.5,60,0.22,"Chlamys rubida","W-Msc-254460"
-174,60,0.25,"Chlamys rubida","W-Msc-254460"
-173.5,60,0.12,"Chlamys rubida","W-Msc-254460"
-173,60,0.08,"Chlamys rubida","W-Msc-254460"
-172.5,60,0.07,"Chlamys rubida","W-Msc-254460"
-172,60,0.04,"Chlamys rubida","W-Msc-254460"
-171.5,60,0.04,"Chlamys rubida","W-Msc-254460"
-171,60,0.05,"Chlamys rubida","W-Msc-254460"
-170.5,60,0.05,"Chlamys rubida","W-Msc-254460"
-170,60,0.04,"Chlamys rubida","W-Msc-254460"
-169.5,60,0.03,"Chlamys rubida","W-Msc-254460"
-169,60,0.02,"Chlamys rubida","W-Msc-254460"
-168.5,60,0.01,"Chlamys rubida","W-Msc-254460"
-168,60,0.01,"Chlamys rubida","W-Msc-254460"
-167.5,60,0.01,"Chlamys rubida","W-Msc-254460"
-167,60,0.01,"Chlamys rubida","W-Msc-254460"
-166.5,60,0.01,"Chlamys rubida","W-Msc-254460"
-166,60,0.02,"Chlamys rubida","W-Msc-254460"
-165.5,60,0.02,"Chlamys rubida","W-Msc-254460"
-165,60,0.03,"Chlamys rubida","W-Msc-254460"
-164.5,60,0.03,"Chlamys rubida","W-Msc-254460"
-164,60,0.02,"Chlamys rubida","W-Msc-254460"
-162,60,0.11,"Chlamys rubida","W-Msc-254460"
-152.5,60,0.77,"Chlamys rubida","W-Msc-254460"
-152,60,0.75,"Chlamys rubida","W-Msc-254460"
-151.5,60,0.3,"Chlamys rubida","W-Msc-254460"
-151,60,0.17,"Chlamys rubida","W-Msc-254460"
-149,60,0.99,"Chlamys rubida","W-Msc-254460"
-148,60,0.76,"Chlamys rubida","W-Msc-254460"
-147.5,60,0.95,"Chlamys rubida","W-Msc-254460"
-147,60,1,"Chlamys rubida","W-Msc-254460"
-146.5,60,1,"Chlamys rubida","W-Msc-254460"
-146,60,1,"Chlamys rubida","W-Msc-254460"
-145.5,60,0.6,"Chlamys rubida","W-Msc-254460"
-145,60,0.59,"Chlamys rubida","W-Msc-254460"
-144.5,60,0.77,"Chlamys rubida","W-Msc-254460"
-144,60,0.75,"Chlamys rubida","W-Msc-254460"
-143.5,60,0.76,"Chlamys rubida","W-Msc-254460"
-143,60,0.76,"Chlamys rubida","W-Msc-254460"
-142.5,60,0.96,"Chlamys rubida","W-Msc-254460"
-142,60,0.96,"Chlamys rubida","W-Msc-254460"
-141.5,60,0.95,"Chlamys rubida","W-Msc-254460"
-141,60,0.95,"Chlamys rubida","W-Msc-254460"
-139.5,60,0.95,"Chlamys rubida","W-Msc-254460"
-139,60,0.94,"Chlamys rubida","W-Msc-254460"
-94.5,60,0.04,"Chlamys rubida","W-Msc-254460"
-94,60,0.02,"Chlamys rubida","W-Msc-254460"
-93.5,60,0.01,"Chlamys rubida","W-Msc-254460"
-93,60,0.01,"Chlamys rubida","W-Msc-254460"
-92.5,60,0.01,"Chlamys rubida","W-Msc-254460"
-92,60,0.01,"Chlamys rubida","W-Msc-254460"
-79.5,60,0.01,"Chlamys rubida","W-Msc-254460"
-79,60,0.01,"Chlamys rubida","W-Msc-254460"
-78.5,60,0.01,"Chlamys rubida","W-Msc-254460"
-78,60,0.02,"Chlamys rubida","W-Msc-254460"
-77.5,60,0.03,"Chlamys rubida","W-Msc-254460"
-69.5,60,0.02,"Chlamys rubida","W-Msc-254460"
-66,60,0.01,"Chlamys rubida","W-Msc-254460"
-65.5,60,0.01,"Chlamys rubida","W-Msc-254460"
-65,60,0.01,"Chlamys rubida","W-Msc-254460"
-64.5,60,0.01,"Chlamys rubida","W-Msc-254460"
-43,60,0.06,"Chlamys rubida","W-Msc-254460"
-42.5,60,0.41,"Chlamys rubida","W-Msc-254460"
-42,60,0.5,"Chlamys rubida","W-Msc-254460"
-41.5,60,0.52,"Chlamys rubida","W-Msc-254460"
-30.5,60,0.03,"Chlamys rubida","W-Msc-254460"
-30,60,0.06,"Chlamys rubida","W-Msc-254460"
-29.5,60,0.11,"Chlamys rubida","W-Msc-254460"
-29,60,0.2,"Chlamys rubida","W-Msc-254460"
-28.5,60,0.17,"Chlamys rubida","W-Msc-254460"
-28,60,0.11,"Chlamys rubida","W-Msc-254460"
-27.5,60,0.08,"Chlamys rubida","W-Msc-254460"
-27,60,0.04,"Chlamys rubida","W-Msc-254460"
-14,60,0.07,"Chlamys rubida","W-Msc-254460"
-13.5,60,0.19,"Chlamys rubida","W-Msc-254460"
-13,60,0.19,"Chlamys rubida","W-Msc-254460"
-12.5,60,0.2,"Chlamys rubida","W-Msc-254460"
-12,60,0.2,"Chlamys rubida","W-Msc-254460"
-11.5,60,0.21,"Chlamys rubida","W-Msc-254460"
-11,60,0.18,"Chlamys rubida","W-Msc-254460"
-10.5,60,0.22,"Chlamys rubida","W-Msc-254460"
-10,60,0.22,"Chlamys rubida","W-Msc-254460"
-9.5,60,0.22,"Chlamys rubida","W-Msc-254460"
-9,60,0.22,"Chlamys rubida","W-Msc-254460"
-8.5,60,0.21,"Chlamys rubida","W-Msc-254460"
-8,60,0.22,"Chlamys rubida","W-Msc-254460"
-7.5,60,0.23,"Chlamys rubida","W-Msc-254460"
-7,60,0.26,"Chlamys rubida","W-Msc-254460"
-6.5,60,0.27,"Chlamys rubida","W-Msc-254460"
-6,60,0.28,"Chlamys rubida","W-Msc-254460"
-5.5,60,0.3,"Chlamys rubida","W-Msc-254460"
-5,60,0.3,"Chlamys rubida","W-Msc-254460"
-4.5,60,0.3,"Chlamys rubida","W-Msc-254460"
-4,60,0.3,"Chlamys rubida","W-Msc-254460"
-3.5,60,0.3,"Chlamys rubida","W-Msc-254460"
-3,60,0.31,"Chlamys rubida","W-Msc-254460"
-2.5,60,0.29,"Chlamys rubida","W-Msc-254460"
-2,60,0.2,"Chlamys rubida","W-Msc-254460"
-1.5,60,0.16,"Chlamys rubida","W-Msc-254460"
-1,60,0.12,"Chlamys rubida","W-Msc-254460"
-0.5,60,0.19,"Chlamys rubida","W-Msc-254460"
0,60,0.2,"Chlamys rubida","W-Msc-254460"
0.5,60,0.22,"Chlamys rubida","W-Msc-254460"
1,60,0.23,"Chlamys rubida","W-Msc-254460"
1.5,60,0.26,"Chlamys rubida","W-Msc-254460"
2,60,0.22,"Chlamys rubida","W-Msc-254460"
2.5,60,0.2,"Chlamys rubida","W-Msc-254460"
3,60,0.22,"Chlamys rubida","W-Msc-254460"
3.5,60,0.45,"Chlamys rubida","W-Msc-254460"
4,60,0.6,"Chlamys rubida","W-Msc-254460"
4.5,60,0.57,"Chlamys rubida","W-Msc-254460"
5,60,0.79,"Chlamys rubida","W-Msc-254460"
5.5,60,0.83,"Chlamys rubida","W-Msc-254460"
6,60,0.99,"Chlamys rubida","W-Msc-254460"
6.5,60,0.99,"Chlamys rubida","W-Msc-254460"
7,60,1,"Chlamys rubida","W-Msc-254460"
-174.5,59.5,0.34,"Chlamys rubida","W-Msc-254460"
-174,59.5,0.39,"Chlamys rubida","W-Msc-254460"
-173.5,59.5,0.25,"Chlamys rubida","W-Msc-254460"
-173,59.5,0.16,"Chlamys rubida","W-Msc-254460"
-172.5,59.5,0.14,"Chlamys rubida","W-Msc-254460"
-172,59.5,0.1,"Chlamys rubida","W-Msc-254460"
-171.5,59.5,0.09,"Chlamys rubida","W-Msc-254460"
-171,59.5,0.08,"Chlamys rubida","W-Msc-254460"
-170.5,59.5,0.08,"Chlamys rubida","W-Msc-254460"
-170,59.5,0.05,"Chlamys rubida","W-Msc-254460"
-169.5,59.5,0.04,"Chlamys rubida","W-Msc-254460"
-169,59.5,0.03,"Chlamys rubida","W-Msc-254460"
-168.5,59.5,0.02,"Chlamys rubida","W-Msc-254460"
-168,59.5,0.02,"Chlamys rubida","W-Msc-254460"
-167.5,59.5,0.02,"Chlamys rubida","W-Msc-254460"
-167,59.5,0.03,"Chlamys rubida","W-Msc-254460"
-166.5,59.5,0.03,"Chlamys rubida","W-Msc-254460"
-166,59.5,0.03,"Chlamys rubida","W-Msc-254460"
-165.5,59.5,0.02,"Chlamys rubida","W-Msc-254460"
-165,59.5,0.01,"Chlamys rubida","W-Msc-254460"
-164.5,59.5,0.02,"Chlamys rubida","W-Msc-254460"
-164,59.5,0.03,"Chlamys rubida","W-Msc-254460"
-163.5,59.5,0.05,"Chlamys rubida","W-Msc-254460"
-163,59.5,0.09,"Chlamys rubida","W-Msc-254460"
-162.5,59.5,0.1,"Chlamys rubida","W-Msc-254460"
-162,59.5,0.14,"Chlamys rubida","W-Msc-254460"
-161.5,59.5,0.17,"Chlamys rubida","W-Msc-254460"
-153.5,59.5,0.98,"Chlamys rubida","W-Msc-254460"
-153,59.5,1,"Chlamys rubida","W-Msc-254460"
-152.5,59.5,1,"Chlamys rubida","W-Msc-254460"
-152,59.5,0.41,"Chlamys rubida","W-Msc-254460"
-151.5,59.5,0.66,"Chlamys rubida","W-Msc-254460"
-151,59.5,0.98,"Chlamys rubida","W-Msc-254460"
-150.5,59.5,0.3,"Chlamys rubida","W-Msc-254460"
-150,59.5,0.42,"Chlamys rubida","W-Msc-254460"
-149.5,59.5,1,"Chlamys rubida","W-Msc-254460"
-149,59.5,1,"Chlamys rubida","W-Msc-254460"
-148.5,59.5,1,"Chlamys rubida","W-Msc-254460"
-148,59.5,1,"Chlamys rubida","W-Msc-254460"
-147.5,59.5,0.95,"Chlamys rubida","W-Msc-254460"
-147,59.5,1,"Chlamys rubida","W-Msc-254460"
-146.5,59.5,1,"Chlamys rubida","W-Msc-254460"
-146,59.5,0.72,"Chlamys rubida","W-Msc-254460"
-145.5,59.5,1,"Chlamys rubida","W-Msc-254460"
-145,59.5,0.99,"Chlamys rubida","W-Msc-254460"
-144.5,59.5,1,"Chlamys rubida","W-Msc-254460"
-144,59.5,1,"Chlamys rubida","W-Msc-254460"
-143.5,59.5,1,"Chlamys rubida","W-Msc-254460"
-143,59.5,1,"Chlamys rubida","W-Msc-254460"
-142.5,59.5,1,"Chlamys rubida","W-Msc-254460"
-142,59.5,1,"Chlamys rubida","W-Msc-254460"
-141.5,59.5,1,"Chlamys rubida","W-Msc-254460"
-141,59.5,1,"Chlamys rubida","W-Msc-254460"
-140.5,59.5,1,"Chlamys rubida","W-Msc-254460"
-140,59.5,1,"Chlamys rubida","W-Msc-254460"
-139.5,59.5,1,"Chlamys rubida","W-Msc-254460"
-139,59.5,0.14,"Chlamys rubida","W-Msc-254460"
-94.5,59.5,0.02,"Chlamys rubida","W-Msc-254460"
-94,59.5,0.01,"Chlamys rubida","W-Msc-254460"
-93.5,59.5,0.01,"Chlamys rubida","W-Msc-254460"
-93,59.5,0.01,"Chlamys rubida","W-Msc-254460"
-92.5,59.5,0.01,"Chlamys rubida","W-Msc-254460"
-92,59.5,0.01,"Chlamys rubida","W-Msc-254460"
-91.5,59.5,0.01,"Chlamys rubida","W-Msc-254460"
-80,59.5,0.01,"Chlamys rubida","W-Msc-254460"
-79.5,59.5,0.01,"Chlamys rubida","W-Msc-254460"
-79,59.5,0.01,"Chlamys rubida","W-Msc-254460"
-78.5,59.5,0.01,"Chlamys rubida","W-Msc-254460"
-78,59.5,0.01,"Chlamys rubida","W-Msc-254460"
-77.5,59.5,0.03,"Chlamys rubida","W-Msc-254460"
-77,59.5,0.01,"Chlamys rubida","W-Msc-254460"
-69.5,59.5,0.01,"Chlamys rubida","W-Msc-254460"
-66.5,59.5,0.01,"Chlamys rubida","W-Msc-254460"
-66,59.5,0.01,"Chlamys rubida","W-Msc-254460"
-65.5,59.5,0.02,"Chlamys rubida","W-Msc-254460"
-43.5,59.5,0.35,"Chlamys rubida","W-Msc-254460"
-43,59.5,0.41,"Chlamys rubida","W-Msc-254460"
-42.5,59.5,0.51,"Chlamys rubida","W-Msc-254460"
-42,59.5,0.57,"Chlamys rubida","W-Msc-254460"
-41.5,59.5,0.11,"Chlamys rubida","W-Msc-254460"
-31,59.5,0.04,"Chlamys rubida","W-Msc-254460"
-30.5,59.5,0.06,"Chlamys rubida","W-Msc-254460"
-30,59.5,0.12,"Chlamys rubida","W-Msc-254460"
-29.5,59.5,0.17,"Chlamys rubida","W-Msc-254460"
-29,59.5,0.13,"Chlamys rubida","W-Msc-254460"
-28.5,59.5,0.08,"Chlamys rubida","W-Msc-254460"
-28,59.5,0.06,"Chlamys rubida","W-Msc-254460"
-17,59.5,0.06,"Chlamys rubida","W-Msc-254460"
-16.5,59.5,0.1,"Chlamys rubida","W-Msc-254460"
-16,59.5,0.07,"Chlamys rubida","W-Msc-254460"
-15.5,59.5,0.08,"Chlamys rubida","W-Msc-254460"
-15,59.5,0.06,"Chlamys rubida","W-Msc-254460"
-14.5,59.5,0.14,"Chlamys rubida","W-Msc-254460"
-14,59.5,0.12,"Chlamys rubida","W-Msc-254460"
-13.5,59.5,0.13,"Chlamys rubida","W-Msc-254460"
-13,59.5,0.15,"Chlamys rubida","W-Msc-254460"
-12.5,59.5,0.16,"Chlamys rubida","W-Msc-254460"
-12,59.5,0.16,"Chlamys rubida","W-Msc-254460"
-11.5,59.5,0.2,"Chlamys rubida","W-Msc-254460"
-11,59.5,0.17,"Chlamys rubida","W-Msc-254460"
-10.5,59.5,0.12,"Chlamys rubida","W-Msc-254460"
-10,59.5,0.15,"Chlamys rubida","W-Msc-254460"
-9.5,59.5,0.14,"Chlamys rubida","W-Msc-254460"
-9,59.5,0.07,"Chlamys rubida","W-Msc-254460"
-8.5,59.5,0.11,"Chlamys rubida","W-Msc-254460"
-8,59.5,0.21,"Chlamys rubida","W-Msc-254460"
-7.5,59.5,0.22,"Chlamys rubida","W-Msc-254460"
-7,59.5,0.22,"Chlamys rubida","W-Msc-254460"
-6.5,59.5,0.21,"Chlamys rubida","W-Msc-254460"
-6,59.5,0.23,"Chlamys rubida","W-Msc-254460"
-5.5,59.5,0.27,"Chlamys rubida","W-Msc-254460"
-5,59.5,0.3,"Chlamys rubida","W-Msc-254460"
-4.5,59.5,0.31,"Chlamys rubida","W-Msc-254460"
-4,59.5,0.25,"Chlamys rubida","W-Msc-254460"
-3.5,59.5,0.25,"Chlamys rubida","W-Msc-254460"
-3,59.5,0.25,"Chlamys rubida","W-Msc-254460"
-2.5,59.5,0.15,"Chlamys rubida","W-Msc-254460"
-2,59.5,0.18,"Chlamys rubida","W-Msc-254460"
-1.5,59.5,0.18,"Chlamys rubida","W-Msc-254460"
-1,59.5,0.19,"Chlamys rubida","W-Msc-254460"
-0.5,59.5,0.21,"Chlamys rubida","W-Msc-254460"
0,59.5,0.23,"Chlamys rubida","W-Msc-254460"
0.5,59.5,0.23,"Chlamys rubida","W-Msc-254460"
1,59.5,0.23,"Chlamys rubida","W-Msc-254460"
1.5,59.5,0.22,"Chlamys rubida","W-Msc-254460"
2,59.5,0.22,"Chlamys rubida","W-Msc-254460"
2.5,59.5,0.23,"Chlamys rubida","W-Msc-254460"
3,59.5,0.25,"Chlamys rubida","W-Msc-254460"
3.5,59.5,0.49,"Chlamys rubida","W-Msc-254460"
4,59.5,0.57,"Chlamys rubida","W-Msc-254460"
4.5,59.5,0.53,"Chlamys rubida","W-Msc-254460"
5,59.5,0.84,"Chlamys rubida","W-Msc-254460"
5.5,59.5,0.25,"Chlamys rubida","W-Msc-254460"
6,59.5,0.86,"Chlamys rubida","W-Msc-254460"
10.5,59.5,0.05,"Chlamys rubida","W-Msc-254460"
11,59.5,1,"Chlamys rubida","W-Msc-254460"
-174.5,59,0.38,"Chlamys rubida","W-Msc-254460"
-174,59,0.4,"Chlamys rubida","W-Msc-254460"
-173.5,59,0.46,"Chlamys rubida","W-Msc-254460"
-173,59,0.36,"Chlamys rubida","W-Msc-254460"
-172.5,59,0.26,"Chlamys rubida","W-Msc-254460"
-172,59,0.2,"Chlamys rubida","W-Msc-254460"
-171.5,59,0.17,"Chlamys rubida","W-Msc-254460"
-171,59,0.13,"Chlamys rubida","W-Msc-254460"
-170.5,59,0.15,"Chlamys rubida","W-Msc-254460"
-170,59,0.12,"Chlamys rubida","W-Msc-254460"
-169.5,59,0.09,"Chlamys rubida","W-Msc-254460"
-169,59,0.07,"Chlamys rubida","W-Msc-254460"
-168.5,59,0.04,"Chlamys rubida","W-Msc-254460"
-168,59,0.03,"Chlamys rubida","W-Msc-254460"
-167.5,59,0.03,"Chlamys rubida","W-Msc-254460"
-167,59,0.02,"Chlamys rubida","W-Msc-254460"
-166.5,59,0.02,"Chlamys rubida","W-Msc-254460"
-166,59,0.02,"Chlamys rubida","W-Msc-254460"
-165.5,59,0.02,"Chlamys rubida","W-Msc-254460"
-165,59,0.01,"Chlamys rubida","W-Msc-254460"
-164.5,59,0.01,"Chlamys rubida","W-Msc-254460"
-164,59,0.01,"Chlamys rubida","W-Msc-254460"
-163.5,59,0.02,"Chlamys rubida","W-Msc-254460"
-163,59,0.03,"Chlamys rubida","W-Msc-254460"
-162.5,59,0.07,"Chlamys rubida","W-Msc-254460"
-162,59,0.11,"Chlamys rubida","W-Msc-254460"
-161.5,59,0.14,"Chlamys rubida","W-Msc-254460"
-160.5,59,0.07,"Chlamys rubida","W-Msc-254460"
-160,59,0.13,"Chlamys rubida","W-Msc-254460"
-154,59,0.99,"Chlamys rubida","W-Msc-254460"
-153.5,59,0.88,"Chlamys rubida","W-Msc-254460"
-153,59,0.65,"Chlamys rubida","W-Msc-254460"
-152.5,59,0.8,"Chlamys rubida","W-Msc-254460"
-152,59,0.88,"Chlamys rubida","W-Msc-254460"
-151.5,59,0.9,"Chlamys rubida","W-Msc-254460"
-151,59,0.78,"Chlamys rubida","W-Msc-254460"
-150.5,59,1,"Chlamys rubida","W-Msc-254460"
-150,59,0.95,"Chlamys rubida","W-Msc-254460"
-149.5,59,1,"Chlamys rubida","W-Msc-254460"
-149,59,1,"Chlamys rubida","W-Msc-254460"
-148.5,59,1,"Chlamys rubida","W-Msc-254460"
-148,59,1,"Chlamys rubida","W-Msc-254460"
-147.5,59,1,"Chlamys rubida","W-Msc-254460"
-147,59,1,"Chlamys rubida","W-Msc-254460"
-146.5,59,1,"Chlamys rubida","W-Msc-254460"
-146,59,1,"Chlamys rubida","W-Msc-254460"
-145.5,59,1,"Chlamys rubida","W-Msc-254460"
-145,59,1,"Chlamys rubida","W-Msc-254460"
-144.5,59,1,"Chlamys rubida","W-Msc-254460"
-144,59,0.37,"Chlamys rubida","W-Msc-254460"
-143.5,59,0.85,"Chlamys rubida","W-Msc-254460"
-143,59,0.76,"Chlamys rubida","W-Msc-254460"
-142.5,59,0.66,"Chlamys rubida","W-Msc-254460"
-142,59,1,"Chlamys rubida","W-Msc-254460"
-141.5,59,1,"Chlamys rubida","W-Msc-254460"
-141,59,1,"Chlamys rubida","W-Msc-254460"
-140.5,59,1,"Chlamys rubida","W-Msc-254460"
-140,59,1,"Chlamys rubida","W-Msc-254460"
-139.5,59,1,"Chlamys rubida","W-Msc-254460"
-139,59,1,"Chlamys rubida","W-Msc-254460"
-138.5,59,0.85,"Chlamys rubida","W-Msc-254460"
-138,59,0.62,"Chlamys rubida","W-Msc-254460"
-135,59,0.96,"Chlamys rubida","W-Msc-254460"
-94.5,59,0.03,"Chlamys rubida","W-Msc-254460"
-94,59,0.01,"Chlamys rubida","W-Msc-254460"
-93.5,59,0.01,"Chlamys rubida","W-Msc-254460"
-93,59,0.01,"Chlamys rubida","W-Msc-254460"
-92.5,59,0.01,"Chlamys rubida","W-Msc-254460"
-92,59,0.01,"Chlamys rubida","W-Msc-254460"
-91.5,59,0.01,"Chlamys rubida","W-Msc-254460"
-80.5,59,0.01,"Chlamys rubida","W-Msc-254460"
-79.5,59,0.01,"Chlamys rubida","W-Msc-254460"
-79,59,0.01,"Chlamys rubida","W-Msc-254460"
-78.5,59,0.01,"Chlamys rubida","W-Msc-254460"
-78,59,0.01,"Chlamys rubida","W-Msc-254460"
-77.5,59,0.01,"Chlamys rubida","W-Msc-254460"
-69.5,59,0.01,"Chlamys rubida","W-Msc-254460"
-69,59,0.02,"Chlamys rubida","W-Msc-254460"
-68.5,59,0.01,"Chlamys rubida","W-Msc-254460"
-68,59,0.02,"Chlamys rubida","W-Msc-254460"
-67.5,59,0.01,"Chlamys rubida","W-Msc-254460"
-67,59,0.01,"Chlamys rubida","W-Msc-254460"
-66.5,59,0.01,"Chlamys rubida","W-Msc-254460"
-66,59,0.02,"Chlamys rubida","W-Msc-254460"
-65.5,59,0.01,"Chlamys rubida","W-Msc-254460"
-43.5,59,0.49,"Chlamys rubida","W-Msc-254460"
-43,59,0.51,"Chlamys rubida","W-Msc-254460"
-42.5,59,0.41,"Chlamys rubida","W-Msc-254460"
-32,59,0.02,"Chlamys rubida","W-Msc-254460"
-31.5,59,0.04,"Chlamys rubida","W-Msc-254460"
-31,59,0.09,"Chlamys rubida","W-Msc-254460"
-30.5,59,0.12,"Chlamys rubida","W-Msc-254460"
-30,59,0.11,"Chlamys rubida","W-Msc-254460"
-29.5,59,0.1,"Chlamys rubida","W-Msc-254460"
-29,59,0.06,"Chlamys rubida","W-Msc-254460"
-28.5,59,0.02,"Chlamys rubida","W-Msc-254460"
-18.5,59,0.03,"Chlamys rubida","W-Msc-254460"
-18,59,0.11,"Chlamys rubida","W-Msc-254460"
-17.5,59,0.16,"Chlamys rubida","W-Msc-254460"
-17,59,0.18,"Chlamys rubida","W-Msc-254460"
-16.5,59,0.18,"Chlamys rubida","W-Msc-254460"
-16,59,0.18,"Chlamys rubida","W-Msc-254460"
-15.5,59,0.18,"Chlamys rubida","W-Msc-254460"
-15,59,0.18,"Chlamys rubida","W-Msc-254460"
-14.5,59,0.18,"Chlamys rubida","W-Msc-254460"
-14,59,0.19,"Chlamys rubida","W-Msc-254460"
-13.5,59,0.19,"Chlamys rubida","W-Msc-254460"
-13,59,0.17,"Chlamys rubida","W-Msc-254460"
-12.5,59,0.06,"Chlamys rubida","W-Msc-254460"
-12,59,0.05,"Chlamys rubida","W-Msc-254460"
-11.5,59,0.03,"Chlamys rubida","W-Msc-254460"
-10.5,59,0.17,"Chlamys rubida","W-Msc-254460"
-10,59,0.2,"Chlamys rubida","W-Msc-254460"
-9.5,59,0.21,"Chlamys rubida","W-Msc-254460"
-9,59,0.07,"Chlamys rubida","W-Msc-254460"
-8.5,59,0.05,"Chlamys rubida","W-Msc-254460"
-8,59,0.1,"Chlamys rubida","W-Msc-254460"
-7.5,59,0.22,"Chlamys rubida","W-Msc-254460"
-7,59,0.22,"Chlamys rubida","W-Msc-254460"
-6.5,59,0.24,"Chlamys rubida","W-Msc-254460"
-6,59,0.3,"Chlamys rubida","W-Msc-254460"
-5.5,59,0.2,"Chlamys rubida","W-Msc-254460"
-5,59,0.22,"Chlamys rubida","W-Msc-254460"
-4.5,59,0.28,"Chlamys rubida","W-Msc-254460"
-4,59,0.31,"Chlamys rubida","W-Msc-254460"
-3.5,59,0.24,"Chlamys rubida","W-Msc-254460"
-3,59,0.19,"Chlamys rubida","W-Msc-254460"
-2.5,59,0.16,"Chlamys rubida","W-Msc-254460"
-2,59,0.15,"Chlamys rubida","W-Msc-254460"
-1.5,59,0.18,"Chlamys rubida","W-Msc-254460"
-1,59,0.19,"Chlamys rubida","W-Msc-254460"
-0.5,59,0.25,"Chlamys rubida","W-Msc-254460"
0,59,0.26,"Chlamys rubida","W-Msc-254460"
0.5,59,0.22,"Chlamys rubida","W-Msc-254460"
1,59,0.24,"Chlamys rubida","W-Msc-254460"
1.5,59,0.21,"Chlamys rubida","W-Msc-254460"
2,59,0.21,"Chlamys rubida","W-Msc-254460"
2.5,59,0.25,"Chlamys rubida","W-Msc-254460"
3,59,0.33,"Chlamys rubida","W-Msc-254460"
3.5,59,0.53,"Chlamys rubida","W-Msc-254460"
4,59,0.52,"Chlamys rubida","W-Msc-254460"
4.5,59,0.53,"Chlamys rubida","W-Msc-254460"
5,59,0.67,"Chlamys rubida","W-Msc-254460"
5.5,59,1,"Chlamys rubida","W-Msc-254460"
6,59,1,"Chlamys rubida","W-Msc-254460"
6.5,59,1,"Chlamys rubida","W-Msc-254460"
10.5,59,0.37,"Chlamys rubida","W-Msc-254460"
11,59,0.51,"Chlamys rubida","W-Msc-254460"
11.5,59,0.25,"Chlamys rubida","W-Msc-254460"
-174.5,58.5,0.5,"Chlamys rubida","W-Msc-254460"
-174,58.5,0.53,"Chlamys rubida","W-Msc-254460"
-173.5,58.5,0.37,"Chlamys rubida","W-Msc-254460"
-173,58.5,0.43,"Chlamys rubida","W-Msc-254460"
-172.5,58.5,0.45,"Chlamys rubida","W-Msc-254460"
-172,58.5,0.42,"Chlamys rubida","W-Msc-254460"
-171.5,58.5,0.33,"Chlamys rubida","W-Msc-254460"
-171,58.5,0.25,"Chlamys rubida","W-Msc-254460"
-170.5,58.5,0.24,"Chlamys rubida","W-Msc-254460"
-170,58.5,0.26,"Chlamys rubida","W-Msc-254460"
-169.5,58.5,0.23,"Chlamys rubida","W-Msc-254460"
-169,58.5,0.17,"Chlamys rubida","W-Msc-254460"
-168.5,58.5,0.11,"Chlamys rubida","W-Msc-254460"
-168,58.5,0.09,"Chlamys rubida","W-Msc-254460"
-167.5,58.5,0.06,"Chlamys rubida","W-Msc-254460"
-167,58.5,0.05,"Chlamys rubida","W-Msc-254460"
-166.5,58.5,0.04,"Chlamys rubida","W-Msc-254460"
-166,58.5,0.03,"Chlamys rubida","W-Msc-254460"
-165.5,58.5,0.02,"Chlamys rubida","W-Msc-254460"
-165,58.5,0.02,"Chlamys rubida","W-Msc-254460"
-164.5,58.5,0.02,"Chlamys rubida","W-Msc-254460"
-164,58.5,0.02,"Chlamys rubida","W-Msc-254460"
-163.5,58.5,0.02,"Chlamys rubida","W-Msc-254460"
-163,58.5,0.02,"Chlamys rubida","W-Msc-254460"
-162.5,58.5,0.02,"Chlamys rubida","W-Msc-254460"
-162,58.5,0.05,"Chlamys rubida","W-Msc-254460"
-161.5,58.5,0.12,"Chlamys rubida","W-Msc-254460"
-161,58.5,0.1,"Chlamys rubida","W-Msc-254460"
-160.5,58.5,0.13,"Chlamys rubida","W-Msc-254460"
-160,58.5,0.1,"Chlamys rubida","W-Msc-254460"
-159.5,58.5,0.09,"Chlamys rubida","W-Msc-254460"
-159,58.5,0.12,"Chlamys rubida","W-Msc-254460"
-158.5,58.5,0.32,"Chlamys rubida","W-Msc-254460"
-158,58.5,0.37,"Chlamys rubida","W-Msc-254460"
-157.5,58.5,0.35,"Chlamys rubida","W-Msc-254460"
-157,58.5,0.39,"Chlamys rubida","W-Msc-254460"
-156.5,58.5,0.1,"Chlamys rubida","W-Msc-254460"
-153.5,58.5,1,"Chlamys rubida","W-Msc-254460"
-153,58.5,1,"Chlamys rubida","W-Msc-254460"
-152.5,58.5,1,"Chlamys rubida","W-Msc-254460"
-152,58.5,0.95,"Chlamys rubida","W-Msc-254460"
-151.5,58.5,0.97,"Chlamys rubida","W-Msc-254460"
-151,58.5,0.86,"Chlamys rubida","W-Msc-254460"
-150.5,58.5,0.99,"Chlamys rubida","W-Msc-254460"
-150,58.5,0.99,"Chlamys rubida","W-Msc-254460"
-149.5,58.5,1,"Chlamys rubida","W-Msc-254460"
-149,58.5,1,"Chlamys rubida","W-Msc-254460"
-148.5,58.5,1,"Chlamys rubida","W-Msc-254460"
-148,58.5,1,"Chlamys rubida","W-Msc-254460"
-147.5,58.5,1,"Chlamys rubida","W-Msc-254460"
-147,58.5,0.23,"Chlamys rubida","W-Msc-254460"
-141.5,58.5,0.3,"Chlamys rubida","W-Msc-254460"
-141,58.5,1,"Chlamys rubida","W-Msc-254460"
-140.5,58.5,1,"Chlamys rubida","W-Msc-254460"
-140,58.5,1,"Chlamys rubida","W-Msc-254460"
-139.5,58.5,1,"Chlamys rubida","W-Msc-254460"
-139,58.5,1,"Chlamys rubida","W-Msc-254460"
-138.5,58.5,1,"Chlamys rubida","W-Msc-254460"
-138,58.5,1,"Chlamys rubida","W-Msc-254460"
-137.5,58.5,1,"Chlamys rubida","W-Msc-254460"
-137,58.5,1,"Chlamys rubida","W-Msc-254460"
-136.5,58.5,1,"Chlamys rubida","W-Msc-254460"
-136,58.5,1,"Chlamys rubida","W-Msc-254460"
-135.5,58.5,0.48,"Chlamys rubida","W-Msc-254460"
-135,58.5,1,"Chlamys rubida","W-Msc-254460"
-134.5,58.5,0.98,"Chlamys rubida","W-Msc-254460"
-94.5,58.5,0.01,"Chlamys rubida","W-Msc-254460"
-94,58.5,0.01,"Chlamys rubida","W-Msc-254460"
-93.5,58.5,0.01,"Chlamys rubida","W-Msc-254460"
-93,58.5,0.01,"Chlamys rubida","W-Msc-254460"
-92.5,58.5,0.02,"Chlamys rubida","W-Msc-254460"
-92,58.5,0.01,"Chlamys rubida","W-Msc-254460"
-91.5,58.5,0.01,"Chlamys rubida","W-Msc-254460"
-81,58.5,0.01,"Chlamys rubida","W-Msc-254460"
-80.5,58.5,0.01,"Chlamys rubida","W-Msc-254460"
-79.5,58.5,0.01,"Chlamys rubida","W-Msc-254460"
-79,58.5,0.01,"Chlamys rubida","W-Msc-254460"
-78.5,58.5,0.01,"Chlamys rubida","W-Msc-254460"
-78,58.5,0.01,"Chlamys rubida","W-Msc-254460"
-69.5,58.5,0.03,"Chlamys rubida","W-Msc-254460"
-69,58.5,0.02,"Chlamys rubida","W-Msc-254460"
-68.5,58.5,0.01,"Chlamys rubida","W-Msc-254460"
-68,58.5,0.07,"Chlamys rubida","W-Msc-254460"
-67.5,58.5,0.07,"Chlamys rubida","W-Msc-254460"
-67,58.5,0.04,"Chlamys rubida","W-Msc-254460"
-66.5,58.5,0.04,"Chlamys rubida","W-Msc-254460"
-66,58.5,0.02,"Chlamys rubida","W-Msc-254460"
-32,58.5,0.09,"Chlamys rubida","W-Msc-254460"
-31.5,58.5,0.1,"Chlamys rubida","W-Msc-254460"
-31,58.5,0.08,"Chlamys rubida","W-Msc-254460"
-30.5,58.5,0.09,"Chlamys rubida","W-Msc-254460"
-30,58.5,0.08,"Chlamys rubida","W-Msc-254460"
-29.5,58.5,0.06,"Chlamys rubida","W-Msc-254460"
-19,58.5,0.07,"Chlamys rubida","W-Msc-254460"
-18.5,58.5,0.18,"Chlamys rubida","W-Msc-254460"
-18,58.5,0.18,"Chlamys rubida","W-Msc-254460"
-17.5,58.5,0.18,"Chlamys rubida","W-Msc-254460"
-17,58.5,0.17,"Chlamys rubida","W-Msc-254460"
-16.5,58.5,0.11,"Chlamys rubida","W-Msc-254460"
-16,58.5,0.12,"Chlamys rubida","W-Msc-254460"
-15.5,58.5,0.11,"Chlamys rubida","W-Msc-254460"
-15,58.5,0.11,"Chlamys rubida","W-Msc-254460"
-14.5,58.5,0.19,"Chlamys rubida","W-Msc-254460"
-14,58.5,0.19,"Chlamys rubida","W-Msc-254460"
-13.5,58.5,0.2,"Chlamys rubida","W-Msc-254460"
-13,58.5,0.18,"Chlamys rubida","W-Msc-254460"
-12.5,58.5,0.02,"Chlamys rubida","W-Msc-254460"
-12,58.5,0.03,"Chlamys rubida","W-Msc-254460"
-10,58.5,0.06,"Chlamys rubida","W-Msc-254460"
-9.5,58.5,0.08,"Chlamys rubida","W-Msc-254460"
-9,58.5,0.22,"Chlamys rubida","W-Msc-254460"
-8.5,58.5,0.22,"Chlamys rubida","W-Msc-254460"
-8,58.5,0.22,"Chlamys rubida","W-Msc-254460"
-7.5,58.5,0.27,"Chlamys rubida","W-Msc-254460"
-7,58.5,0.29,"Chlamys rubida","W-Msc-254460"
-6.5,58.5,0.3,"Chlamys rubida","W-Msc-254460"
-6,58.5,0.21,"Chlamys rubida","W-Msc-254460"
-5.5,58.5,0.21,"Chlamys rubida","W-Msc-254460"
-5,58.5,0.21,"Chlamys rubida","W-Msc-254460"
-4.5,58.5,0.19,"Chlamys rubida","W-Msc-254460"
-4,58.5,0.18,"Chlamys rubida","W-Msc-254460"
-3.5,58.5,0.2,"Chlamys rubida","W-Msc-254460"
-3,58.5,0.19,"Chlamys rubida","W-Msc-254460"
-2.5,58.5,0.18,"Chlamys rubida","W-Msc-254460"
-2,58.5,0.15,"Chlamys rubida","W-Msc-254460"
-1.5,58.5,0.19,"Chlamys rubida","W-Msc-254460"
-1,58.5,0.19,"Chlamys rubida","W-Msc-254460"
-0.5,58.5,0.21,"Chlamys rubida","W-Msc-254460"
0,58.5,0.19,"Chlamys rubida","W-Msc-254460"
0.5,58.5,0.19,"Chlamys rubida","W-Msc-254460"
1,58.5,0.19,"Chlamys rubida","W-Msc-254460"
1.5,58.5,0.19,"Chlamys rubida","W-Msc-254460"
2,58.5,0.17,"Chlamys rubida","W-Msc-254460"
2.5,58.5,0.17,"Chlamys rubida","W-Msc-254460"
3,58.5,0.27,"Chlamys rubida","W-Msc-254460"
3.5,58.5,0.41,"Chlamys rubida","W-Msc-254460"
4,58.5,0.53,"Chlamys rubida","W-Msc-254460"
4.5,58.5,0.55,"Chlamys rubida","W-Msc-254460"
5,58.5,0.63,"Chlamys rubida","W-Msc-254460"
5.5,58.5,0.8,"Chlamys rubida","W-Msc-254460"
6,58.5,0.58,"Chlamys rubida","W-Msc-254460"
9,58.5,0.3,"Chlamys rubida","W-Msc-254460"
9.5,58.5,1,"Chlamys rubida","W-Msc-254460"
10,58.5,1,"Chlamys rubida","W-Msc-254460"
10.5,58.5,1,"Chlamys rubida","W-Msc-254460"
11,58.5,0.65,"Chlamys rubida","W-Msc-254460"
11.5,58.5,0.2,"Chlamys rubida","W-Msc-254460"
-174.5,58,0.53,"Chlamys rubida","W-Msc-254460"
-174,58,0.53,"Chlamys rubida","W-Msc-254460"
-173.5,58,0.56,"Chlamys rubida","W-Msc-254460"
-173,58,0.57,"Chlamys rubida","W-Msc-254460"
-172.5,58,0.59,"Chlamys rubida","W-Msc-254460"
-172,58,0.49,"Chlamys rubida","W-Msc-254460"
-171.5,58,0.45,"Chlamys rubida","W-Msc-254460"
-171,58,0.47,"Chlamys rubida","W-Msc-254460"
-170.5,58,0.3,"Chlamys rubida","W-Msc-254460"
-170,58,0.3,"Chlamys rubida","W-Msc-254460"
-169.5,58,0.31,"Chlamys rubida","W-Msc-254460"
-169,58,0.29,"Chlamys rubida","W-Msc-254460"
-168.5,58,0.22,"Chlamys rubida","W-Msc-254460"
-168,58,0.16,"Chlamys rubida","W-Msc-254460"
-167.5,58,0.11,"Chlamys rubida","W-Msc-254460"
-167,58,0.09,"Chlamys rubida","W-Msc-254460"
-166.5,58,0.09,"Chlamys rubida","W-Msc-254460"
-166,58,0.06,"Chlamys rubida","W-Msc-254460"
-165.5,58,0.05,"Chlamys rubida","W-Msc-254460"
-165,58,0.04,"Chlamys rubida","W-Msc-254460"
-164.5,58,0.04,"Chlamys rubida","W-Msc-254460"
-164,58,0.03,"Chlamys rubida","W-Msc-254460"
-163.5,58,0.04,"Chlamys rubida","W-Msc-254460"
-163,58,0.04,"Chlamys rubida","W-Msc-254460"
-162.5,58,0.04,"Chlamys rubida","W-Msc-254460"
-162,58,0.05,"Chlamys rubida","W-Msc-254460"
-161.5,58,0.06,"Chlamys rubida","W-Msc-254460"
-161,58,0.06,"Chlamys rubida","W-Msc-254460"
-160.5,58,0.06,"Chlamys rubida","W-Msc-254460"
-160,58,0.06,"Chlamys rubida","W-Msc-254460"
-159.5,58,0.06,"Chlamys rubida","W-Msc-254460"
-159,58,0.07,"Chlamys rubida","W-Msc-254460"
-158.5,58,0.09,"Chlamys rubida","W-Msc-254460"
-158,58,0.14,"Chlamys rubida","W-Msc-254460"
-157.5,58,0.25,"Chlamys rubida","W-Msc-254460"
-157,58,0.02,"Chlamys rubida","W-Msc-254460"
-154.5,58,1,"Chlamys rubida","W-Msc-254460"
-154,58,1,"Chlamys rubida","W-Msc-254460"
-153.5,58,1,"Chlamys rubida","W-Msc-254460"
-153,58,1,"Chlamys rubida","W-Msc-254460"
-152.5,58,0.97,"Chlamys rubida","W-Msc-254460"
-152,58,0.85,"Chlamys rubida","W-Msc-254460"
-151.5,58,0.92,"Chlamys rubida","W-Msc-254460"
-151,58,0.82,"Chlamys rubida","W-Msc-254460"
-150.5,58,0.74,"Chlamys rubida","W-Msc-254460"
-150,58,1,"Chlamys rubida","W-Msc-254460"
-149.5,58,1,"Chlamys rubida","W-Msc-254460"
-149,58,1,"Chlamys rubida","W-Msc-254460"
-148.5,58,1,"Chlamys rubida","W-Msc-254460"
-148,58,1,"Chlamys rubida","W-Msc-254460"
-147.5,58,0.25,"Chlamys rubida","W-Msc-254460"
-139.5,58,1,"Chlamys rubida","W-Msc-254460"
-139,58,1,"Chlamys rubida","W-Msc-254460"
-138.5,58,1,"Chlamys rubida","W-Msc-254460"
-138,58,1,"Chlamys rubida","W-Msc-254460"
-137.5,58,1,"Chlamys rubida","W-Msc-254460"
-137,58,1,"Chlamys rubida","W-Msc-254460"
-136.5,58,1,"Chlamys rubida","W-Msc-254460"
-136,58,1,"Chlamys rubida","W-Msc-254460"
-135.5,58,0.94,"Chlamys rubida","W-Msc-254460"
-135,58,1,"Chlamys rubida","W-Msc-254460"
-134.5,58,1,"Chlamys rubida","W-Msc-254460"
-134,58,1,"Chlamys rubida","W-Msc-254460"
-133.5,58,0.97,"Chlamys rubida","W-Msc-254460"
-93,58,0.01,"Chlamys rubida","W-Msc-254460"
-92.5,58,0.04,"Chlamys rubida","W-Msc-254460"
-92,58,0.02,"Chlamys rubida","W-Msc-254460"
-91.5,58,0.01,"Chlamys rubida","W-Msc-254460"
-91,58,0.01,"Chlamys rubida","W-Msc-254460"
-90.5,58,0.01,"Chlamys rubida","W-Msc-254460"
-81,58,0.01,"Chlamys rubida","W-Msc-254460"
-80,58,0.01,"Chlamys rubida","W-Msc-254460"
-79.5,58,0.01,"Chlamys rubida","W-Msc-254460"
-79,58,0.01,"Chlamys rubida","W-Msc-254460"
-78.5,58,0.01,"Chlamys rubida","W-Msc-254460"
-78,58,0.02,"Chlamys rubida","W-Msc-254460"
-77.5,58,0.03,"Chlamys rubida","W-Msc-254460"
-77,58,0.04,"Chlamys rubida","W-Msc-254460"
-68,58,0.02,"Chlamys rubida","W-Msc-254460"
-67.5,58,0.04,"Chlamys rubida","W-Msc-254460"
-67,58,0.02,"Chlamys rubida","W-Msc-254460"
-33.5,58,0.02,"Chlamys rubida","W-Msc-254460"
-33,58,0.07,"Chlamys rubida","W-Msc-254460"
-32.5,58,0.1,"Chlamys rubida","W-Msc-254460"
-32,58,0.08,"Chlamys rubida","W-Msc-254460"
-31.5,58,0.12,"Chlamys rubida","W-Msc-254460"
-31,58,0.08,"Chlamys rubida","W-Msc-254460"
-30.5,58,0.1,"Chlamys rubida","W-Msc-254460"
-30,58,0.03,"Chlamys rubida","W-Msc-254460"
-19.5,58,0.06,"Chlamys rubida","W-Msc-254460"
-19,58,0.11,"Chlamys rubida","W-Msc-254460"
-18.5,58,0.18,"Chlamys rubida","W-Msc-254460"
-18,58,0.18,"Chlamys rubida","W-Msc-254460"
-17.5,58,0.18,"Chlamys rubida","W-Msc-254460"
-17,58,0.18,"Chlamys rubida","W-Msc-254460"
-16.5,58,0.1,"Chlamys rubida","W-Msc-254460"
-16,58,0.11,"Chlamys rubida","W-Msc-254460"
-15.5,58,0.14,"Chlamys rubida","W-Msc-254460"
-15,58,0.19,"Chlamys rubida","W-Msc-254460"
-14.5,58,0.2,"Chlamys rubida","W-Msc-254460"
-14,58,0.2,"Chlamys rubida","W-Msc-254460"
-13.5,58,0.2,"Chlamys rubida","W-Msc-254460"
-13,58,0.21,"Chlamys rubida","W-Msc-254460"
-12.5,58,0.13,"Chlamys rubida","W-Msc-254460"
-12,58,0.01,"Chlamys rubida","W-Msc-254460"
-9.5,58,0.21,"Chlamys rubida","W-Msc-254460"
-9,58,0.22,"Chlamys rubida","W-Msc-254460"
-8.5,58,0.28,"Chlamys rubida","W-Msc-254460"
-8,58,0.29,"Chlamys rubida","W-Msc-254460"
-7.5,58,0.23,"Chlamys rubida","W-Msc-254460"
-7,58,0.18,"Chlamys rubida","W-Msc-254460"
-6.5,58,0.15,"Chlamys rubida","W-Msc-254460"
-6,58,0.3,"Chlamys rubida","W-Msc-254460"
-5.5,58,0.25,"Chlamys rubida","W-Msc-254460"
-5,58,0.23,"Chlamys rubida","W-Msc-254460"
-3.5,58,0.48,"Chlamys rubida","W-Msc-254460"
-3,58,0.41,"Chlamys rubida","W-Msc-254460"
-2.5,58,0.13,"Chlamys rubida","W-Msc-254460"
-2,58,0.16,"Chlamys rubida","W-Msc-254460"
-1.5,58,0.21,"Chlamys rubida","W-Msc-254460"
-1,58,0.23,"Chlamys rubida","W-Msc-254460"
-0.5,58,0.19,"Chlamys rubida","W-Msc-254460"
0,58,0.18,"Chlamys rubida","W-Msc-254460"
0.5,58,0.19,"Chlamys rubida","W-Msc-254460"
1,58,0.19,"Chlamys rubida","W-Msc-254460"
1.5,58,0.17,"Chlamys rubida","W-Msc-254460"
2,58,0.14,"Chlamys rubida","W-Msc-254460"
2.5,58,0.12,"Chlamys rubida","W-Msc-254460"
3,58,0.13,"Chlamys rubida","W-Msc-254460"
3.5,58,0.18,"Chlamys rubida","W-Msc-254460"
4,58,0.41,"Chlamys rubida","W-Msc-254460"
4.5,58,0.54,"Chlamys rubida","W-Msc-254460"
5,58,0.65,"Chlamys rubida","W-Msc-254460"
5.5,58,0.81,"Chlamys rubida","W-Msc-254460"
6,58,1,"Chlamys rubida","W-Msc-254460"
6.5,58,1,"Chlamys rubida","W-Msc-254460"
7,58,1,"Chlamys rubida","W-Msc-254460"
7.5,58,0.06,"Chlamys rubida","W-Msc-254460"
8,58,0.47,"Chlamys rubida","W-Msc-254460"
8.5,58,0.81,"Chlamys rubida","W-Msc-254460"
9,58,0.78,"Chlamys rubida","W-Msc-254460"
9.5,58,0.61,"Chlamys rubida","W-Msc-254460"
10,58,0.47,"Chlamys rubida","W-Msc-254460"
10.5,58,0.46,"Chlamys rubida","W-Msc-254460"
11,58,0.65,"Chlamys rubida","W-Msc-254460"
11.5,58,0.9,"Chlamys rubida","W-Msc-254460"
12,58,0.02,"Chlamys rubida","W-Msc-254460"
-174.5,57.5,0.07,"Chlamys rubida","W-Msc-254460"
-174,57.5,0.56,"Chlamys rubida","W-Msc-254460"
-173.5,57.5,0.58,"Chlamys rubida","W-Msc-254460"
-173,57.5,0.62,"Chlamys rubida","W-Msc-254460"
-172.5,57.5,0.64,"Chlamys rubida","W-Msc-254460"
-172,57.5,0.64,"Chlamys rubida","W-Msc-254460"
-171.5,57.5,0.58,"Chlamys rubida","W-Msc-254460"
-171,57.5,0.48,"Chlamys rubida","W-Msc-254460"
-170.5,57.5,0.35,"Chlamys rubida","W-Msc-254460"
-170,57.5,0.36,"Chlamys rubida","W-Msc-254460"
-169.5,57.5,0.35,"Chlamys rubida","W-Msc-254460"
-169,57.5,0.32,"Chlamys rubida","W-Msc-254460"
-168.5,57.5,0.33,"Chlamys rubida","W-Msc-254460"
-168,57.5,0.3,"Chlamys rubida","W-Msc-254460"
-167.5,57.5,0.23,"Chlamys rubida","W-Msc-254460"
-167,57.5,0.17,"Chlamys rubida","W-Msc-254460"
-166.5,57.5,0.14,"Chlamys rubida","W-Msc-254460"
-166,57.5,0.12,"Chlamys rubida","W-Msc-254460"
-165.5,57.5,0.1,"Chlamys rubida","W-Msc-254460"
-165,57.5,0.09,"Chlamys rubida","W-Msc-254460"
-164.5,57.5,0.09,"Chlamys rubida","W-Msc-254460"
-164,57.5,0.08,"Chlamys rubida","W-Msc-254460"
-163.5,57.5,0.08,"Chlamys rubida","W-Msc-254460"
-163,57.5,0.07,"Chlamys rubida","W-Msc-254460"
-162.5,57.5,0.07,"Chlamys rubida","W-Msc-254460"
-162,57.5,0.08,"Chlamys rubida","W-Msc-254460"
-161.5,57.5,0.08,"Chlamys rubida","W-Msc-254460"
-161,57.5,0.08,"Chlamys rubida","W-Msc-254460"
-160.5,57.5,0.1,"Chlamys rubida","W-Msc-254460"
-160,57.5,0.1,"Chlamys rubida","W-Msc-254460"
-159.5,57.5,0.11,"Chlamys rubida","W-Msc-254460"
-159,57.5,0.11,"Chlamys rubida","W-Msc-254460"
-158.5,57.5,0.09,"Chlamys rubida","W-Msc-254460"
-158,57.5,0.09,"Chlamys rubida","W-Msc-254460"
-157.5,57.5,0.1,"Chlamys rubida","W-Msc-254460"
-156,57.5,0.19,"Chlamys rubida","W-Msc-254460"
-155.5,57.5,0.99,"Chlamys rubida","W-Msc-254460"
-155,57.5,1,"Chlamys rubida","W-Msc-254460"
-154.5,57.5,1,"Chlamys rubida","W-Msc-254460"
-154,57.5,1,"Chlamys rubida","W-Msc-254460"
-153.5,57.5,0.99,"Chlamys rubida","W-Msc-254460"
-153,57.5,0.23,"Chlamys rubida","W-Msc-254460"
-152.5,57.5,0.42,"Chlamys rubida","W-Msc-254460"
-152,57.5,0.93,"Chlamys rubida","W-Msc-254460"
-151.5,57.5,0.84,"Chlamys rubida","W-Msc-254460"
-151,57.5,0.73,"Chlamys rubida","W-Msc-254460"
-150.5,57.5,0.61,"Chlamys rubida","W-Msc-254460"
-150,57.5,1,"Chlamys rubida","W-Msc-254460"
-149.5,57.5,1,"Chlamys rubida","W-Msc-254460"
-149,57.5,1,"Chlamys rubida","W-Msc-254460"
-148.5,57.5,1,"Chlamys rubida","W-Msc-254460"
-148,57.5,0.46,"Chlamys rubida","W-Msc-254460"
-138,57.5,1,"Chlamys rubida","W-Msc-254460"
-137.5,57.5,1,"Chlamys rubida","W-Msc-254460"
-137,57.5,1,"Chlamys rubida","W-Msc-254460"
-136.5,57.5,1,"Chlamys rubida","W-Msc-254460"
-136,57.5,1,"Chlamys rubida","W-Msc-254460"
-135.5,57.5,0.49,"Chlamys rubida","W-Msc-254460"
-135,57.5,1,"Chlamys rubida","W-Msc-254460"
-134.5,57.5,1,"Chlamys rubida","W-Msc-254460"
-134,57.5,0.74,"Chlamys rubida","W-Msc-254460"
-133.5,57.5,1,"Chlamys rubida","W-Msc-254460"
-133,57.5,0.98,"Chlamys rubida","W-Msc-254460"
-92.5,57.5,0.05,"Chlamys rubida","W-Msc-254460"
-92,57.5,0.03,"Chlamys rubida","W-Msc-254460"
-91.5,57.5,0.03,"Chlamys rubida","W-Msc-254460"
-91,57.5,0.01,"Chlamys rubida","W-Msc-254460"
-90.5,57.5,0.01,"Chlamys rubida","W-Msc-254460"
-90,57.5,0.01,"Chlamys rubida","W-Msc-254460"
-80,57.5,0.01,"Chlamys rubida","W-Msc-254460"
-79.5,57.5,0.01,"Chlamys rubida","W-Msc-254460"
-78.5,57.5,0.01,"Chlamys rubida","W-Msc-254460"
-78,57.5,0.01,"Chlamys rubida","W-Msc-254460"
-77.5,57.5,0.01,"Chlamys rubida","W-Msc-254460"
-77,57.5,0.03,"Chlamys rubida","W-Msc-254460"
-76.5,57.5,0.03,"Chlamys rubida","W-Msc-254460"
-34,57.5,0.03,"Chlamys rubida","W-Msc-254460"
-33.5,57.5,0.07,"Chlamys rubida","W-Msc-254460"
-33,57.5,0.08,"Chlamys rubida","W-Msc-254460"
-32.5,57.5,0.09,"Chlamys rubida","W-Msc-254460"
-32,57.5,0.14,"Chlamys rubida","W-Msc-254460"
-31.5,57.5,0.09,"Chlamys rubida","W-Msc-254460"
-31,57.5,0.07,"Chlamys rubida","W-Msc-254460"
-20,57.5,0.07,"Chlamys rubida","W-Msc-254460"
-19.5,57.5,0.13,"Chlamys rubida","W-Msc-254460"
-19,57.5,0.16,"Chlamys rubida","W-Msc-254460"
-18.5,57.5,0.18,"Chlamys rubida","W-Msc-254460"
-18,57.5,0.18,"Chlamys rubida","W-Msc-254460"
-17.5,57.5,0.18,"Chlamys rubida","W-Msc-254460"
-17,57.5,0.18,"Chlamys rubida","W-Msc-254460"
-16.5,57.5,0.1,"Chlamys rubida","W-Msc-254460"
-16,57.5,0.1,"Chlamys rubida","W-Msc-254460"
-15.5,57.5,0.11,"Chlamys rubida","W-Msc-254460"
-15,57.5,0.19,"Chlamys rubida","W-Msc-254460"
-14.5,57.5,0.21,"Chlamys rubida","W-Msc-254460"
-14,57.5,0.24,"Chlamys rubida","W-Msc-254460"
-13.5,57.5,0.24,"Chlamys rubida","W-Msc-254460"
-13,57.5,0.22,"Chlamys rubida","W-Msc-254460"
-12.5,57.5,0.23,"Chlamys rubida","W-Msc-254460"
-12,57.5,0.01,"Chlamys rubida","W-Msc-254460"
-11,57.5,0.2,"Chlamys rubida","W-Msc-254460"
-10.5,57.5,0.2,"Chlamys rubida","W-Msc-254460"
-9.5,57.5,0.21,"Chlamys rubida","W-Msc-254460"
-9,57.5,0.28,"Chlamys rubida","W-Msc-254460"
-8.5,57.5,0.3,"Chlamys rubida","W-Msc-254460"
-8,57.5,0.3,"Chlamys rubida","W-Msc-254460"
-7.5,57.5,0.23,"Chlamys rubida","W-Msc-254460"
-7,57.5,0.19,"Chlamys rubida","W-Msc-254460"
-6.5,57.5,0.31,"Chlamys rubida","W-Msc-254460"
-6,57.5,0.4,"Chlamys rubida","W-Msc-254460"
-5.5,57.5,0.24,"Chlamys rubida","W-Msc-254460"
-5,57.5,0.18,"Chlamys rubida","W-Msc-254460"
-4,57.5,0.54,"Chlamys rubida","W-Msc-254460"
-3.5,57.5,0.5,"Chlamys rubida","W-Msc-254460"
-3,57.5,0.28,"Chlamys rubida","W-Msc-254460"
-2.5,57.5,0.15,"Chlamys rubida","W-Msc-254460"
-2,57.5,0.2,"Chlamys rubida","W-Msc-254460"
-1.5,57.5,0.3,"Chlamys rubida","W-Msc-254460"
-1,57.5,0.19,"Chlamys rubida","W-Msc-254460"
-0.5,57.5,0.17,"Chlamys rubida","W-Msc-254460"
0,57.5,0.16,"Chlamys rubida","W-Msc-254460"
0.5,57.5,0.19,"Chlamys rubida","W-Msc-254460"
1,57.5,0.19,"Chlamys rubida","W-Msc-254460"
1.5,57.5,0.17,"Chlamys rubida","W-Msc-254460"
2,57.5,0.11,"Chlamys rubida","W-Msc-254460"
2.5,57.5,0.09,"Chlamys rubida","W-Msc-254460"
3,57.5,0.09,"Chlamys rubida","W-Msc-254460"
3.5,57.5,0.11,"Chlamys rubida","W-Msc-254460"
4,57.5,0.14,"Chlamys rubida","W-Msc-254460"
4.5,57.5,0.18,"Chlamys rubida","W-Msc-254460"
5,57.5,0.25,"Chlamys rubida","W-Msc-254460"
5.5,57.5,0.48,"Chlamys rubida","W-Msc-254460"
6,57.5,0.6,"Chlamys rubida","W-Msc-254460"
6.5,57.5,0.69,"Chlamys rubida","W-Msc-254460"
7,57.5,0.79,"Chlamys rubida","W-Msc-254460"
7.5,57.5,0.74,"Chlamys rubida","W-Msc-254460"
8,57.5,0.64,"Chlamys rubida","W-Msc-254460"
8.5,57.5,0.53,"Chlamys rubida","W-Msc-254460"
9,57.5,0.5,"Chlamys rubida","W-Msc-254460"
9.5,57.5,0.53,"Chlamys rubida","W-Msc-254460"
10,57.5,0.52,"Chlamys rubida","W-Msc-254460"
10.5,57.5,0.25,"Chlamys rubida","W-Msc-254460"
11,57.5,0.47,"Chlamys rubida","W-Msc-254460"
11.5,57.5,0.87,"Chlamys rubida","W-Msc-254460"
12,57.5,0.16,"Chlamys rubida","W-Msc-254460"
-174,57,0.45,"Chlamys rubida","W-Msc-254460"
-173.5,57,0.61,"Chlamys rubida","W-Msc-254460"
-173,57,0.64,"Chlamys rubida","W-Msc-254460"
-172.5,57,0.68,"Chlamys rubida","W-Msc-254460"
-172,57,0.5,"Chlamys rubida","W-Msc-254460"
-171.5,57,0.74,"Chlamys rubida","W-Msc-254460"
-171,57,0.75,"Chlamys rubida","W-Msc-254460"
-170.5,57,0.56,"Chlamys rubida","W-Msc-254460"
-170,57,0.26,"Chlamys rubida","W-Msc-254460"
-169.5,57,0.26,"Chlamys rubida","W-Msc-254460"
-169,57,0.36,"Chlamys rubida","W-Msc-254460"
-168.5,57,0.4,"Chlamys rubida","W-Msc-254460"
-168,57,0.39,"Chlamys rubida","W-Msc-254460"
-167.5,57,0.35,"Chlamys rubida","W-Msc-254460"
-167,57,0.26,"Chlamys rubida","W-Msc-254460"
-166.5,57,0.21,"Chlamys rubida","W-Msc-254460"
-166,57,0.23,"Chlamys rubida","W-Msc-254460"
-165.5,57,0.22,"Chlamys rubida","W-Msc-254460"
-165,57,0.16,"Chlamys rubida","W-Msc-254460"
-164.5,57,0.15,"Chlamys rubida","W-Msc-254460"
-164,57,0.14,"Chlamys rubida","W-Msc-254460"
-163.5,57,0.14,"Chlamys rubida","W-Msc-254460"
-163,57,0.14,"Chlamys rubida","W-Msc-254460"
-162.5,57,0.11,"Chlamys rubida","W-Msc-254460"
-162,57,0.12,"Chlamys rubida","W-Msc-254460"
-161.5,57,0.15,"Chlamys rubida","W-Msc-254460"
-161,57,0.18,"Chlamys rubida","W-Msc-254460"
-160.5,57,0.21,"Chlamys rubida","W-Msc-254460"
-160,57,0.21,"Chlamys rubida","W-Msc-254460"
-159.5,57,0.17,"Chlamys rubida","W-Msc-254460"
-159,57,0.14,"Chlamys rubida","W-Msc-254460"
-158.5,57,0.12,"Chlamys rubida","W-Msc-254460"
-158,57,0.09,"Chlamys rubida","W-Msc-254460"
-157.5,57,0.04,"Chlamys rubida","W-Msc-254460"
-156.5,57,0.99,"Chlamys rubida","W-Msc-254460"
-156,57,1,"Chlamys rubida","W-Msc-254460"
-155.5,57,1,"Chlamys rubida","W-Msc-254460"
-155,57,1,"Chlamys rubida","W-Msc-254460"
-154.5,57,1,"Chlamys rubida","W-Msc-254460"
-154,57,0.24,"Chlamys rubida","W-Msc-254460"
-153.5,57,0.38,"Chlamys rubida","W-Msc-254460"
-153,57,0.41,"Chlamys rubida","W-Msc-254460"
-152.5,57,0.76,"Chlamys rubida","W-Msc-254460"
-152,57,0.73,"Chlamys rubida","W-Msc-254460"
-151.5,57,0.63,"Chlamys rubida","W-Msc-254460"
-151,57,1,"Chlamys rubida","W-Msc-254460"
-150.5,57,1,"Chlamys rubida","W-Msc-254460"
-150,57,1,"Chlamys rubida","W-Msc-254460"
-149.5,57,0.79,"Chlamys rubida","W-Msc-254460"
-136.5,57,0.69,"Chlamys rubida","W-Msc-254460"
-136,57,1,"Chlamys rubida","W-Msc-254460"
-135.5,57,0.79,"Chlamys rubida","W-Msc-254460"
-135,57,0.5,"Chlamys rubida","W-Msc-254460"
-134.5,57,1,"Chlamys rubida","W-Msc-254460"
-134,57,1,"Chlamys rubida","W-Msc-254460"
-133.5,57,1,"Chlamys rubida","W-Msc-254460"
-133,57,1,"Chlamys rubida","W-Msc-254460"
-132.5,57,0.98,"Chlamys rubida","W-Msc-254460"
-92.5,57,0.04,"Chlamys rubida","W-Msc-254460"
-92,57,0.02,"Chlamys rubida","W-Msc-254460"
-91.5,57,0.02,"Chlamys rubida","W-Msc-254460"
-91,57,0.02,"Chlamys rubida","W-Msc-254460"
-90.5,57,0.01,"Chlamys rubida","W-Msc-254460"
-90,57,0.01,"Chlamys rubida","W-Msc-254460"
-89.5,57,0.01,"Chlamys rubida","W-Msc-254460"
-89,57,0.01,"Chlamys rubida","W-Msc-254460"
-88.5,57,0.01,"Chlamys rubida","W-Msc-254460"
-88,57,0.01,"Chlamys rubida","W-Msc-254460"
-77.5,57,0.01,"Chlamys rubida","W-Msc-254460"
-77,57,0.01,"Chlamys rubida","W-Msc-254460"
-76.5,57,0.03,"Chlamys rubida","W-Msc-254460"
-34.5,57,0.09,"Chlamys rubida","W-Msc-254460"
-34,57,0.14,"Chlamys rubida","W-Msc-254460"
-33.5,57,0.16,"Chlamys rubida","W-Msc-254460"
-33,57,0.15,"Chlamys rubida","W-Msc-254460"
-32.5,57,0.12,"Chlamys rubida","W-Msc-254460"
-32,57,0.08,"Chlamys rubida","W-Msc-254460"
-20,57,0.1,"Chlamys rubida","W-Msc-254460"
-19.5,57,0.16,"Chlamys rubida","W-Msc-254460"
-19,57,0.14,"Chlamys rubida","W-Msc-254460"
-18.5,57,0.13,"Chlamys rubida","W-Msc-254460"
-18,57,0.12,"Chlamys rubida","W-Msc-254460"
-17.5,57,0.06,"Chlamys rubida","W-Msc-254460"
-17,57,0.08,"Chlamys rubida","W-Msc-254460"
-16.5,57,0.13,"Chlamys rubida","W-Msc-254460"
-16,57,0.13,"Chlamys rubida","W-Msc-254460"
-15.5,57,0.15,"Chlamys rubida","W-Msc-254460"
-15,57,0.2,"Chlamys rubida","W-Msc-254460"
-14.5,57,0.22,"Chlamys rubida","W-Msc-254460"
-14,57,0.25,"Chlamys rubida","W-Msc-254460"
-13.5,57,0.25,"Chlamys rubida","W-Msc-254460"
-13,57,0.22,"Chlamys rubida","W-Msc-254460"
-12.5,57,0.21,"Chlamys rubida","W-Msc-254460"
-11,57,0.19,"Chlamys rubida","W-Msc-254460"
-10.5,57,0.19,"Chlamys rubida","W-Msc-254460"
-9.5,57,0.21,"Chlamys rubida","W-Msc-254460"
-9,57,0.26,"Chlamys rubida","W-Msc-254460"
-8.5,57,0.29,"Chlamys rubida","W-Msc-254460"
-8,57,0.25,"Chlamys rubida","W-Msc-254460"
-7.5,57,0.21,"Chlamys rubida","W-Msc-254460"
-7,57,0.32,"Chlamys rubida","W-Msc-254460"
-6.5,57,0.28,"Chlamys rubida","W-Msc-254460"
-6,57,0.18,"Chlamys rubida","W-Msc-254460"
-5.5,57,0.37,"Chlamys rubida","W-Msc-254460"
-2,57,0.32,"Chlamys rubida","W-Msc-254460"
-1.5,57,0.14,"Chlamys rubida","W-Msc-254460"
-1,57,0.15,"Chlamys rubida","W-Msc-254460"
-0.5,57,0.14,"Chlamys rubida","W-Msc-254460"
0,57,0.13,"Chlamys rubida","W-Msc-254460"
0.5,57,0.12,"Chlamys rubida","W-Msc-254460"
1,57,0.12,"Chlamys rubida","W-Msc-254460"
1.5,57,0.12,"Chlamys rubida","W-Msc-254460"
2,57,0.1,"Chlamys rubida","W-Msc-254460"
2.5,57,0.08,"Chlamys rubida","W-Msc-254460"
3,57,0.07,"Chlamys rubida","W-Msc-254460"
3.5,57,0.07,"Chlamys rubida","W-Msc-254460"
4,57,0.07,"Chlamys rubida","W-Msc-254460"
4.5,57,0.07,"Chlamys rubida","W-Msc-254460"
5,57,0.08,"Chlamys rubida","W-Msc-254460"
5.5,57,0.12,"Chlamys rubida","W-Msc-254460"
6,57,0.14,"Chlamys rubida","W-Msc-254460"
6.5,57,0.17,"Chlamys rubida","W-Msc-254460"
7,57,0.25,"Chlamys rubida","W-Msc-254460"
7.5,57,0.32,"Chlamys rubida","W-Msc-254460"
8,57,0.36,"Chlamys rubida","W-Msc-254460"
8.5,57,0.29,"Chlamys rubida","W-Msc-254460"
9,57,0.19,"Chlamys rubida","W-Msc-254460"
9.5,57,0.18,"Chlamys rubida","W-Msc-254460"
10,57,0.09,"Chlamys rubida","W-Msc-254460"
10.5,57,0.13,"Chlamys rubida","W-Msc-254460"
11,57,0.12,"Chlamys rubida","W-Msc-254460"
11.5,57,0.06,"Chlamys rubida","W-Msc-254460"
12,57,0.11,"Chlamys rubida","W-Msc-254460"
12.5,57,0.25,"Chlamys rubida","W-Msc-254460"
-173.5,56.5,0.63,"Chlamys rubida","W-Msc-254460"
-173,56.5,0.66,"Chlamys rubida","W-Msc-254460"
-172.5,56.5,0.7,"Chlamys rubida","W-Msc-254460"
-172,56.5,0.72,"Chlamys rubida","W-Msc-254460"
-171.5,56.5,0.77,"Chlamys rubida","W-Msc-254460"
-171,56.5,0.83,"Chlamys rubida","W-Msc-254460"
-170.5,56.5,0.77,"Chlamys rubida","W-Msc-254460"
-170,56.5,0.44,"Chlamys rubida","W-Msc-254460"
-169.5,56.5,0.77,"Chlamys rubida","W-Msc-254460"
-169,56.5,0.81,"Chlamys rubida","W-Msc-254460"
-168.5,56.5,0.53,"Chlamys rubida","W-Msc-254460"
-168,56.5,0.53,"Chlamys rubida","W-Msc-254460"
-167.5,56.5,0.49,"Chlamys rubida","W-Msc-254460"
-167,56.5,0.42,"Chlamys rubida","W-Msc-254460"
-166.5,56.5,0.38,"Chlamys rubida","W-Msc-254460"
-166,56.5,0.34,"Chlamys rubida","W-Msc-254460"
-165.5,56.5,0.29,"Chlamys rubida","W-Msc-254460"
-165,56.5,0.28,"Chlamys rubida","W-Msc-254460"
-164.5,56.5,0.27,"Chlamys rubida","W-Msc-254460"
-164,56.5,0.26,"Chlamys rubida","W-Msc-254460"
-163.5,56.5,0.25,"Chlamys rubida","W-Msc-254460"
-163,56.5,0.24,"Chlamys rubida","W-Msc-254460"
-162.5,56.5,0.21,"Chlamys rubida","W-Msc-254460"
-162,56.5,0.19,"Chlamys rubida","W-Msc-254460"
-161.5,56.5,0.23,"Chlamys rubida","W-Msc-254460"
-161,56.5,0.23,"Chlamys rubida","W-Msc-254460"
-160.5,56.5,0.32,"Chlamys rubida","W-Msc-254460"
-160,56.5,0.31,"Chlamys rubida","W-Msc-254460"
-159.5,56.5,0.2,"Chlamys rubida","W-Msc-254460"
-159,56.5,0.18,"Chlamys rubida","W-Msc-254460"
-158.5,56.5,0.32,"Chlamys rubida","W-Msc-254460"
-158,56.5,0.04,"Chlamys rubida","W-Msc-254460"
-157.5,56.5,0.98,"Chlamys rubida","W-Msc-254460"
-157,56.5,1,"Chlamys rubida","W-Msc-254460"
-156.5,56.5,0.88,"Chlamys rubida","W-Msc-254460"
-156,56.5,1,"Chlamys rubida","W-Msc-254460"
-155.5,56.5,1,"Chlamys rubida","W-Msc-254460"
-155,56.5,1,"Chlamys rubida","W-Msc-254460"
-154.5,56.5,0.63,"Chlamys rubida","W-Msc-254460"
-154,56.5,0.23,"Chlamys rubida","W-Msc-254460"
-153.5,56.5,0.71,"Chlamys rubida","W-Msc-254460"
-153,56.5,0.78,"Chlamys rubida","W-Msc-254460"
-152.5,56.5,1,"Chlamys rubida","W-Msc-254460"
-152,56.5,1,"Chlamys rubida","W-Msc-254460"
-151.5,56.5,1,"Chlamys rubida","W-Msc-254460"
-151,56.5,1,"Chlamys rubida","W-Msc-254460"
-150.5,56.5,0.59,"Chlamys rubida","W-Msc-254460"
-146,56.5,0.56,"Chlamys rubida","W-Msc-254460"
-136,56.5,1,"Chlamys rubida","W-Msc-254460"
-135.5,56.5,1,"Chlamys rubida","W-Msc-254460"
-135,56.5,0.71,"Chlamys rubida","W-Msc-254460"
-134.5,56.5,1,"Chlamys rubida","W-Msc-254460"
-134,56.5,1,"Chlamys rubida","W-Msc-254460"
-133.5,56.5,0.1,"Chlamys rubida","W-Msc-254460"
-133,56.5,0.45,"Chlamys rubida","W-Msc-254460"
-132.5,56.5,1,"Chlamys rubida","W-Msc-254460"
-132,56.5,0.98,"Chlamys rubida","W-Msc-254460"
-89.5,56.5,0.01,"Chlamys rubida","W-Msc-254460"
-89,56.5,0.02,"Chlamys rubida","W-Msc-254460"
-88.5,56.5,0.02,"Chlamys rubida","W-Msc-254460"
-88,56.5,0.02,"Chlamys rubida","W-Msc-254460"
-87.5,56.5,0.01,"Chlamys rubida","W-Msc-254460"
-83.5,56.5,0.01,"Chlamys rubida","W-Msc-254460"
-83,56.5,0.01,"Chlamys rubida","W-Msc-254460"
-82.5,56.5,0.01,"Chlamys rubida","W-Msc-254460"
-80.5,56.5,0.01,"Chlamys rubida","W-Msc-254460"
-77,56.5,0.01,"Chlamys rubida","W-Msc-254460"
-76.5,56.5,0.05,"Chlamys rubida","W-Msc-254460"
-34.5,56.5,0.03,"Chlamys rubida","W-Msc-254460"
-34,56.5,0.03,"Chlamys rubida","W-Msc-254460"
-33.5,56.5,0.06,"Chlamys rubida","W-Msc-254460"
-33,56.5,0.07,"Chlamys rubida","W-Msc-254460"
-32.5,56.5,0.05,"Chlamys rubida","W-Msc-254460"
-21,56.5,0.01,"Chlamys rubida","W-Msc-254460"
-20.5,56.5,0.05,"Chlamys rubida","W-Msc-254460"
-20,56.5,0.1,"Chlamys rubida","W-Msc-254460"
-19.5,56.5,0.15,"Chlamys rubida","W-Msc-254460"
-19,56.5,0.12,"Chlamys rubida","W-Msc-254460"
-18.5,56.5,0.06,"Chlamys rubida","W-Msc-254460"
-18,56.5,0.07,"Chlamys rubida","W-Msc-254460"
-17.5,56.5,0.11,"Chlamys rubida","W-Msc-254460"
-17,56.5,0.17,"Chlamys rubida","W-Msc-254460"
-16.5,56.5,0.18,"Chlamys rubida","W-Msc-254460"
-16,56.5,0.19,"Chlamys rubida","W-Msc-254460"
-15.5,56.5,0.19,"Chlamys rubida","W-Msc-254460"
-15,56.5,0.21,"Chlamys rubida","W-Msc-254460"
-14.5,56.5,0.23,"Chlamys rubida","W-Msc-254460"
-14,56.5,0.22,"Chlamys rubida","W-Msc-254460"
-13.5,56.5,0.2,"Chlamys rubida","W-Msc-254460"
-13,56.5,0.19,"Chlamys rubida","W-Msc-254460"
-10,56.5,0.11,"Chlamys rubida","W-Msc-254460"
-9.5,56.5,0.07,"Chlamys rubida","W-Msc-254460"
-9,56.5,0.24,"Chlamys rubida","W-Msc-254460"
-8.5,56.5,0.29,"Chlamys rubida","W-Msc-254460"
-8,56.5,0.29,"Chlamys rubida","W-Msc-254460"
-7.5,56.5,0.34,"Chlamys rubida","W-Msc-254460"
-7,56.5,0.32,"Chlamys rubida","W-Msc-254460"
-6.5,56.5,0.3,"Chlamys rubida","W-Msc-254460"
-6,56.5,0.15,"Chlamys rubida","W-Msc-254460"
-5.5,56.5,0.24,"Chlamys rubida","W-Msc-254460"
-5,56.5,0.16,"Chlamys rubida","W-Msc-254460"
-2.5,56.5,0.43,"Chlamys rubida","W-Msc-254460"
-2,56.5,0.36,"Chlamys rubida","W-Msc-254460"
-1.5,56.5,0.23,"Chlamys rubida","W-Msc-254460"
-1,56.5,0.16,"Chlamys rubida","W-Msc-254460"
-0.5,56.5,0.11,"Chlamys rubida","W-Msc-254460"
0,56.5,0.18,"Chlamys rubida","W-Msc-254460"
0.5,56.5,0.18,"Chlamys rubida","W-Msc-254460"
1,56.5,0.13,"Chlamys rubida","W-Msc-254460"
1.5,56.5,0.11,"Chlamys rubida","W-Msc-254460"
2,56.5,0.08,"Chlamys rubida","W-Msc-254460"
2.5,56.5,0.07,"Chlamys rubida","W-Msc-254460"
3,56.5,0.06,"Chlamys rubida","W-Msc-254460"
3.5,56.5,0.06,"Chlamys rubida","W-Msc-254460"
4,56.5,0.06,"Chlamys rubida","W-Msc-254460"
4.5,56.5,0.06,"Chlamys rubida","W-Msc-254460"
5,56.5,0.05,"Chlamys rubida","W-Msc-254460"
5.5,56.5,0.05,"Chlamys rubida","W-Msc-254460"
6,56.5,0.04,"Chlamys rubida","W-Msc-254460"
6.5,56.5,0.05,"Chlamys rubida","W-Msc-254460"
7,56.5,0.06,"Chlamys rubida","W-Msc-254460"
7.5,56.5,0.1,"Chlamys rubida","W-Msc-254460"
8,56.5,0.18,"Chlamys rubida","W-Msc-254460"
8.5,56.5,0.13,"Chlamys rubida","W-Msc-254460"
9,56.5,0.14,"Chlamys rubida","W-Msc-254460"
10.5,56.5,0.07,"Chlamys rubida","W-Msc-254460"
11,56.5,0.07,"Chlamys rubida","W-Msc-254460"
11.5,56.5,0.03,"Chlamys rubida","W-Msc-254460"
12,56.5,0.06,"Chlamys rubida","W-Msc-254460"
12.5,56.5,0.12,"Chlamys rubida","W-Msc-254460"
13,56.5,0.22,"Chlamys rubida","W-Msc-254460"
-172.5,56,0.64,"Chlamys rubida","W-Msc-254460"
-172,56,0.5,"Chlamys rubida","W-Msc-254460"
-171.5,56,0.73,"Chlamys rubida","W-Msc-254460"
-171,56,0.81,"Chlamys rubida","W-Msc-254460"
-170.5,56,0.87,"Chlamys rubida","W-Msc-254460"
-170,56,0.93,"Chlamys rubida","W-Msc-254460"
-169.5,56,0.93,"Chlamys rubida","W-Msc-254460"
-169,56,0.94,"Chlamys rubida","W-Msc-254460"
-168.5,56,0.96,"Chlamys rubida","W-Msc-254460"
-168,56,0.97,"Chlamys rubida","W-Msc-254460"
-167.5,56,0.68,"Chlamys rubida","W-Msc-254460"
-167,56,0.63,"Chlamys rubida","W-Msc-254460"
-166.5,56,0.58,"Chlamys rubida","W-Msc-254460"
-166,56,0.55,"Chlamys rubida","W-Msc-254460"
-165.5,56,0.48,"Chlamys rubida","W-Msc-254460"
-165,56,0.43,"Chlamys rubida","W-Msc-254460"
-164.5,56,0.41,"Chlamys rubida","W-Msc-254460"
-164,56,0.4,"Chlamys rubida","W-Msc-254460"
-163.5,56,0.39,"Chlamys rubida","W-Msc-254460"
-163,56,0.38,"Chlamys rubida","W-Msc-254460"
-162.5,56,0.36,"Chlamys rubida","W-Msc-254460"
-162,56,0.37,"Chlamys rubida","W-Msc-254460"
-161.5,56,0.4,"Chlamys rubida","W-Msc-254460"
-161,56,0.3,"Chlamys rubida","W-Msc-254460"
-160.5,56,0.26,"Chlamys rubida","W-Msc-254460"
-160,56,0.28,"Chlamys rubida","W-Msc-254460"
-159.5,56,0.03,"Chlamys rubida","W-Msc-254460"
-158.5,56,0.02,"Chlamys rubida","W-Msc-254460"
-158,56,1,"Chlamys rubida","W-Msc-254460"
-157.5,56,0.95,"Chlamys rubida","W-Msc-254460"
-157,56,0.92,"Chlamys rubida","W-Msc-254460"
-156.5,56,1,"Chlamys rubida","W-Msc-254460"
-156,56,1,"Chlamys rubida","W-Msc-254460"
-155.5,56,1,"Chlamys rubida","W-Msc-254460"
-155,56,0.36,"Chlamys rubida","W-Msc-254460"
-154.5,56,1,"Chlamys rubida","W-Msc-254460"
-154,56,1,"Chlamys rubida","W-Msc-254460"
-153.5,56,1,"Chlamys rubida","W-Msc-254460"
-153,56,1,"Chlamys rubida","W-Msc-254460"
-152.5,56,1,"Chlamys rubida","W-Msc-254460"
-152,56,1,"Chlamys rubida","W-Msc-254460"
-151.5,56,0.61,"Chlamys rubida","W-Msc-254460"
-146,56,0.49,"Chlamys rubida","W-Msc-254460"
-145,56,0.39,"Chlamys rubida","W-Msc-254460"
-144,56,0.47,"Chlamys rubida","W-Msc-254460"
-142.5,56,0.5,"Chlamys rubida","W-Msc-254460"
-142,56,0.52,"Chlamys rubida","W-Msc-254460"
-135.5,56,1,"Chlamys rubida","W-Msc-254460"
-135,56,1,"Chlamys rubida","W-Msc-254460"
-134.5,56,1,"Chlamys rubida","W-Msc-254460"
-134,56,1,"Chlamys rubida","W-Msc-254460"
-133.5,56,1,"Chlamys rubida","W-Msc-254460"
-133,56,1,"Chlamys rubida","W-Msc-254460"
-132.5,56,1,"Chlamys rubida","W-Msc-254460"
-132,56,0.77,"Chlamys rubida","W-Msc-254460"
-131.5,56,0.33,"Chlamys rubida","W-Msc-254460"
-87.5,56,0.02,"Chlamys rubida","W-Msc-254460"
-87,56,0.01,"Chlamys rubida","W-Msc-254460"
-85.5,56,0.01,"Chlamys rubida","W-Msc-254460"
-84.5,56,0.01,"Chlamys rubida","W-Msc-254460"
-84,56,0.01,"Chlamys rubida","W-Msc-254460"
-83.5,56,0.01,"Chlamys rubida","W-Msc-254460"
-83,56,0.01,"Chlamys rubida","W-Msc-254460"
-82.5,56,0.01,"Chlamys rubida","W-Msc-254460"
-80.5,56,0.01,"Chlamys rubida","W-Msc-254460"
-80,56,0.01,"Chlamys rubida","W-Msc-254460"
-79.5,56,0.01,"Chlamys rubida","W-Msc-254460"
-78.5,56,0.01,"Chlamys rubida","W-Msc-254460"
-77,56,0.01,"Chlamys rubida","W-Msc-254460"
-76.5,56,0.06,"Chlamys rubida","W-Msc-254460"
-35,56,0.18,"Chlamys rubida","W-Msc-254460"
-34.5,56,0.15,"Chlamys rubida","W-Msc-254460"
-34,56,0.04,"Chlamys rubida","W-Msc-254460"
-33.5,56,0.08,"Chlamys rubida","W-Msc-254460"
-22.5,56,0.06,"Chlamys rubida","W-Msc-254460"
-22,56,0.09,"Chlamys rubida","W-Msc-254460"
-21.5,56,0.07,"Chlamys rubida","W-Msc-254460"
-21,56,0.06,"Chlamys rubida","W-Msc-254460"
-20.5,56,0.07,"Chlamys rubida","W-Msc-254460"
-20,56,0.07,"Chlamys rubida","W-Msc-254460"
-19.5,56,0.04,"Chlamys rubida","W-Msc-254460"
-19,56,0.05,"Chlamys rubida","W-Msc-254460"
-18.5,56,0.06,"Chlamys rubida","W-Msc-254460"
-18,56,0.05,"Chlamys rubida","W-Msc-254460"
-17.5,56,0.12,"Chlamys rubida","W-Msc-254460"
-17,56,0.18,"Chlamys rubida","W-Msc-254460"
-16.5,56,0.19,"Chlamys rubida","W-Msc-254460"
-16,56,0.19,"Chlamys rubida","W-Msc-254460"
-15.5,56,0.21,"Chlamys rubida","W-Msc-254460"
-15,56,0.22,"Chlamys rubida","W-Msc-254460"
-14.5,56,0.21,"Chlamys rubida","W-Msc-254460"
-14,56,0.2,"Chlamys rubida","W-Msc-254460"
-13.5,56,0.11,"Chlamys rubida","W-Msc-254460"
-10.5,56,0.06,"Chlamys rubida","W-Msc-254460"
-10,56,0.12,"Chlamys rubida","W-Msc-254460"
-9.5,56,0.05,"Chlamys rubida","W-Msc-254460"
-9,56,0.25,"Chlamys rubida","W-Msc-254460"
-8.5,56,0.28,"Chlamys rubida","W-Msc-254460"
-8,56,0.3,"Chlamys rubida","W-Msc-254460"
-7.5,56,0.28,"Chlamys rubida","W-Msc-254460"
-7,56,0.28,"Chlamys rubida","W-Msc-254460"
-6.5,56,0.27,"Chlamys rubida","W-Msc-254460"
-6,56,0.2,"Chlamys rubida","W-Msc-254460"
-5.5,56,0.46,"Chlamys rubida","W-Msc-254460"
-5,56,0.25,"Chlamys rubida","W-Msc-254460"
-3,56,0.58,"Chlamys rubida","W-Msc-254460"
-2.5,56,0.72,"Chlamys rubida","W-Msc-254460"
-2,56,0.25,"Chlamys rubida","W-Msc-254460"
-1.5,56,0.22,"Chlamys rubida","W-Msc-254460"
-1,56,0.16,"Chlamys rubida","W-Msc-254460"
-0.5,56,0.1,"Chlamys rubida","W-Msc-254460"
0,56,0.13,"Chlamys rubida","W-Msc-254460"
0.5,56,0.09,"Chlamys rubida","W-Msc-254460"
1,56,0.09,"Chlamys rubida","W-Msc-254460"
1.5,56,0.08,"Chlamys rubida","W-Msc-254460"
2,56,0.07,"Chlamys rubida","W-Msc-254460"
2.5,56,0.06,"Chlamys rubida","W-Msc-254460"
3,56,0.06,"Chlamys rubida","W-Msc-254460"
3.5,56,0.05,"Chlamys rubida","W-Msc-254460"
4,56,0.05,"Chlamys rubida","W-Msc-254460"
4.5,56,0.05,"Chlamys rubida","W-Msc-254460"
5,56,0.04,"Chlamys rubida","W-Msc-254460"
5.5,56,0.04,"Chlamys rubida","W-Msc-254460"
6,56,0.04,"Chlamys rubida","W-Msc-254460"
6.5,56,0.03,"Chlamys rubida","W-Msc-254460"
7,56,0.05,"Chlamys rubida","W-Msc-254460"
7.5,56,0.08,"Chlamys rubida","W-Msc-254460"
8,56,0.11,"Chlamys rubida","W-Msc-254460"
8.5,56,0.14,"Chlamys rubida","W-Msc-254460"
10.5,56,0.09,"Chlamys rubida","W-Msc-254460"
11,56,0.09,"Chlamys rubida","W-Msc-254460"
11.5,56,0.02,"Chlamys rubida","W-Msc-254460"
12,56,0.06,"Chlamys rubida","W-Msc-254460"
12.5,56,0.08,"Chlamys rubida","W-Msc-254460"
13,56,0.24,"Chlamys rubida","W-Msc-254460"
-170,55.5,0.77,"Chlamys rubida","W-Msc-254460"
-169.5,55.5,0.81,"Chlamys rubida","W-Msc-254460"
-169,55.5,0.42,"Chlamys rubida","W-Msc-254460"
-168.5,55.5,0.77,"Chlamys rubida","W-Msc-254460"
-168,55.5,0.8,"Chlamys rubida","W-Msc-254460"
-167.5,55.5,0.66,"Chlamys rubida","W-Msc-254460"
-167,55.5,0.66,"Chlamys rubida","W-Msc-254460"
-166.5,55.5,0.65,"Chlamys rubida","W-Msc-254460"
-166,55.5,0.63,"Chlamys rubida","W-Msc-254460"
-165.5,55.5,0.58,"Chlamys rubida","W-Msc-254460"
-165,55.5,0.55,"Chlamys rubida","W-Msc-254460"
-164.5,55.5,0.5,"Chlamys rubida","W-Msc-254460"
-164,55.5,0.47,"Chlamys rubida","W-Msc-254460"
-163.5,55.5,0.45,"Chlamys rubida","W-Msc-254460"
-163,55.5,0.44,"Chlamys rubida","W-Msc-254460"
-162.5,55.5,0.38,"Chlamys rubida","W-Msc-254460"
-162,55.5,0.33,"Chlamys rubida","W-Msc-254460"
-161.5,55.5,0.21,"Chlamys rubida","W-Msc-254460"
-161,55.5,0.36,"Chlamys rubida","W-Msc-254460"
-160.5,55.5,0.96,"Chlamys rubida","W-Msc-254460"
-160,55.5,0.93,"Chlamys rubida","W-Msc-254460"
-159.5,55.5,1,"Chlamys rubida","W-Msc-254460"
-159,55.5,1,"Chlamys rubida","W-Msc-254460"
-158.5,55.5,1,"Chlamys rubida","W-Msc-254460"
-158,55.5,1,"Chlamys rubida","W-Msc-254460"
-157.5,55.5,1,"Chlamys rubida","W-Msc-254460"
-157,55.5,0.71,"Chlamys rubida","W-Msc-254460"
-156.5,55.5,1,"Chlamys rubida","W-Msc-254460"
-156,55.5,1,"Chlamys rubida","W-Msc-254460"
-155.5,55.5,1,"Chlamys rubida","W-Msc-254460"
-155,55.5,1,"Chlamys rubida","W-Msc-254460"
-154.5,55.5,1,"Chlamys rubida","W-Msc-254460"
-154,55.5,1,"Chlamys rubida","W-Msc-254460"
-153.5,55.5,1,"Chlamys rubida","W-Msc-254460"
-153,55.5,0.91,"Chlamys rubida","W-Msc-254460"
-142,55.5,0.11,"Chlamys rubida","W-Msc-254460"
-141.5,55.5,0.5,"Chlamys rubida","W-Msc-254460"
-135.5,55.5,0.46,"Chlamys rubida","W-Msc-254460"
-135,55.5,1,"Chlamys rubida","W-Msc-254460"
-134.5,55.5,1,"Chlamys rubida","W-Msc-254460"
-134,55.5,1,"Chlamys rubida","W-Msc-254460"
-133.5,55.5,0.63,"Chlamys rubida","W-Msc-254460"
-133,55.5,0.09,"Chlamys rubida","W-Msc-254460"
-132.5,55.5,0.56,"Chlamys rubida","W-Msc-254460"
-132,55.5,0.52,"Chlamys rubida","W-Msc-254460"
-131.5,55.5,0.87,"Chlamys rubida","W-Msc-254460"
-131,55.5,0.99,"Chlamys rubida","W-Msc-254460"
-130.5,55.5,0.94,"Chlamys rubida","W-Msc-254460"
-87,55.5,0.01,"Chlamys rubida","W-Msc-254460"
-86.5,55.5,0.01,"Chlamys rubida","W-Msc-254460"
-86,55.5,0.01,"Chlamys rubida","W-Msc-254460"
-85.5,55.5,0.01,"Chlamys rubida","W-Msc-254460"
-85,55.5,0.01,"Chlamys rubida","W-Msc-254460"
-84.5,55.5,0.01,"Chlamys rubida","W-Msc-254460"
-84,55.5,0.01,"Chlamys rubida","W-Msc-254460"
-83.5,55.5,0.01,"Chlamys rubida","W-Msc-254460"
-83,55.5,0.01,"Chlamys rubida","W-Msc-254460"
-82.5,55.5,0.01,"Chlamys rubida","W-Msc-254460"
-82,55.5,0.01,"Chlamys rubida","W-Msc-254460"
-81.5,55.5,0.01,"Chlamys rubida","W-Msc-254460"
-81,55.5,0.01,"Chlamys rubida","W-Msc-254460"
-80.5,55.5,0.01,"Chlamys rubida","W-Msc-254460"
-80,55.5,0.01,"Chlamys rubida","W-Msc-254460"
-79.5,55.5,0.01,"Chlamys rubida","W-Msc-254460"
-79,55.5,0.01,"Chlamys rubida","W-Msc-254460"
-78.5,55.5,0.01,"Chlamys rubida","W-Msc-254460"
-78,55.5,0.01,"Chlamys rubida","W-Msc-254460"
-77.5,55.5,0.02,"Chlamys rubida","W-Msc-254460"
-77,55.5,0.03,"Chlamys rubida","W-Msc-254460"
-76.5,55.5,0.04,"Chlamys rubida","W-Msc-254460"
-35.5,55.5,0.03,"Chlamys rubida","W-Msc-254460"
-35,55.5,0.04,"Chlamys rubida","W-Msc-254460"
-34.5,55.5,0.08,"Chlamys rubida","W-Msc-254460"
-34,55.5,0.08,"Chlamys rubida","W-Msc-254460"
-33.5,55.5,0.11,"Chlamys rubida","W-Msc-254460"
-22.5,55.5,0.05,"Chlamys rubida","W-Msc-254460"
-22,55.5,0.09,"Chlamys rubida","W-Msc-254460"
-21.5,55.5,0.06,"Chlamys rubida","W-Msc-254460"
-21,55.5,0.06,"Chlamys rubida","W-Msc-254460"
-20.5,55.5,0.03,"Chlamys rubida","W-Msc-254460"
-20,55.5,0.1,"Chlamys rubida","W-Msc-254460"
-19.5,55.5,0.1,"Chlamys rubida","W-Msc-254460"
-19,55.5,0.04,"Chlamys rubida","W-Msc-254460"
-18.5,55.5,0.05,"Chlamys rubida","W-Msc-254460"
-18,55.5,0.07,"Chlamys rubida","W-Msc-254460"
-17.5,55.5,0.13,"Chlamys rubida","W-Msc-254460"
-17,55.5,0.18,"Chlamys rubida","W-Msc-254460"
-16.5,55.5,0.19,"Chlamys rubida","W-Msc-254460"
-16,55.5,0.19,"Chlamys rubida","W-Msc-254460"
-15.5,55.5,0.19,"Chlamys rubida","W-Msc-254460"
-15,55.5,0.19,"Chlamys rubida","W-Msc-254460"
-14.5,55.5,0.18,"Chlamys rubida","W-Msc-254460"
-14,55.5,0.05,"Chlamys rubida","W-Msc-254460"
-9.5,55.5,0.21,"Chlamys rubida","W-Msc-254460"
-9,55.5,0.26,"Chlamys rubida","W-Msc-254460"
-8.5,55.5,0.24,"Chlamys rubida","W-Msc-254460"
-8,55.5,0.29,"Chlamys rubida","W-Msc-254460"
-7.5,55.5,0.26,"Chlamys rubida","W-Msc-254460"
-7,55.5,0.35,"Chlamys rubida","W-Msc-254460"
-6.5,55.5,0.26,"Chlamys rubida","W-Msc-254460"
-6,55.5,0.23,"Chlamys rubida","W-Msc-254460"
-5.5,55.5,0.16,"Chlamys rubida","W-Msc-254460"
-5,55.5,0.23,"Chlamys rubida","W-Msc-254460"
-4.5,55.5,0.32,"Chlamys rubida","W-Msc-254460"
-3,55.5,0.06,"Chlamys rubida","W-Msc-254460"
-2.5,55.5,0.04,"Chlamys rubida","W-Msc-254460"
-2,55.5,0.33,"Chlamys rubida","W-Msc-254460"
-1.5,55.5,0.23,"Chlamys rubida","W-Msc-254460"
-1,55.5,0.17,"Chlamys rubida","W-Msc-254460"
-0.5,55.5,0.14,"Chlamys rubida","W-Msc-254460"
0,55.5,0.09,"Chlamys rubida","W-Msc-254460"
0.5,55.5,0.09,"Chlamys rubida","W-Msc-254460"
1,55.5,0.08,"Chlamys rubida","W-Msc-254460"
1.5,55.5,0.08,"Chlamys rubida","W-Msc-254460"
2,55.5,0.07,"Chlamys rubida","W-Msc-254460"
2.5,55.5,0.07,"Chlamys rubida","W-Msc-254460"
3,55.5,0.06,"Chlamys rubida","W-Msc-254460"
3.5,55.5,0.06,"Chlamys rubida","W-Msc-254460"
4,55.5,0.05,"Chlamys rubida","W-Msc-254460"
4.5,55.5,0.04,"Chlamys rubida","W-Msc-254460"
5,55.5,0.03,"Chlamys rubida","W-Msc-254460"
5.5,55.5,0.03,"Chlamys rubida","W-Msc-254460"
6,55.5,0.03,"Chlamys rubida","W-Msc-254460"
6.5,55.5,0.03,"Chlamys rubida","W-Msc-254460"
7,55.5,0.06,"Chlamys rubida","W-Msc-254460"
7.5,55.5,0.09,"Chlamys rubida","W-Msc-254460"
8,55.5,0.13,"Chlamys rubida","W-Msc-254460"
8.5,55.5,0.17,"Chlamys rubida","W-Msc-254460"
10,55.5,0.2,"Chlamys rubida","W-Msc-254460"
10.5,55.5,0.07,"Chlamys rubida","W-Msc-254460"
11,55.5,0.02,"Chlamys rubida","W-Msc-254460"
11.5,55.5,0.01,"Chlamys rubida","W-Msc-254460"
12,55.5,0.02,"Chlamys rubida","W-Msc-254460"
12.5,55.5,0.02,"Chlamys rubida","W-Msc-254460"
-168.5,55,0.1,"Chlamys rubida","W-Msc-254460"
-168,55,0.83,"Chlamys rubida","W-Msc-254460"
-167.5,55,0.83,"Chlamys rubida","W-Msc-254460"
-167,55,0.86,"Chlamys rubida","W-Msc-254460"
-166.5,55,0.7,"Chlamys rubida","W-Msc-254460"
-166,55,0.68,"Chlamys rubida","W-Msc-254460"
-165.5,55,0.64,"Chlamys rubida","W-Msc-254460"
-165,55,0.58,"Chlamys rubida","W-Msc-254460"
-164.5,55,0.52,"Chlamys rubida","W-Msc-254460"
-164,55,0.49,"Chlamys rubida","W-Msc-254460"
-163.5,55,0.43,"Chlamys rubida","W-Msc-254460"
-163,55,0.32,"Chlamys rubida","W-Msc-254460"
-162.5,55,0.17,"Chlamys rubida","W-Msc-254460"
-162,55,0.38,"Chlamys rubida","W-Msc-254460"
-161.5,55,0.56,"Chlamys rubida","W-Msc-254460"
-161,55,0.7,"Chlamys rubida","W-Msc-254460"
-160.5,55,0.97,"Chlamys rubida","W-Msc-254460"
-160,55,0.77,"Chlamys rubida","W-Msc-254460"
-159.5,55,1,"Chlamys rubida","W-Msc-254460"
-159,55,1,"Chlamys rubida","W-Msc-254460"
-158.5,55,1,"Chlamys rubida","W-Msc-254460"
-158,55,1,"Chlamys rubida","W-Msc-254460"
-157.5,55,0.69,"Chlamys rubida","W-Msc-254460"
-157,55,1,"Chlamys rubida","W-Msc-254460"
-156.5,55,1,"Chlamys rubida","W-Msc-254460"
-156,55,1,"Chlamys rubida","W-Msc-254460"
-155.5,55,1,"Chlamys rubida","W-Msc-254460"
-155,55,0.95,"Chlamys rubida","W-Msc-254460"
-154.5,55,0.73,"Chlamys rubida","W-Msc-254460"
-154,55,0.45,"Chlamys rubida","W-Msc-254460"
-140,55,0.43,"Chlamys rubida","W-Msc-254460"
-135,55,0.94,"Chlamys rubida","W-Msc-254460"
-134.5,55,1,"Chlamys rubida","W-Msc-254460"
-134,55,1,"Chlamys rubida","W-Msc-254460"
-133.5,55,1,"Chlamys rubida","W-Msc-254460"
-133,55,0.49,"Chlamys rubida","W-Msc-254460"
-132.5,55,0.1,"Chlamys rubida","W-Msc-254460"
-132,55,0.67,"Chlamys rubida","W-Msc-254460"
-131.5,55,0.65,"Chlamys rubida","W-Msc-254460"
-131,55,0.94,"Chlamys rubida","W-Msc-254460"
-130.5,55,0.48,"Chlamys rubida","W-Msc-254460"
-130,55,0.92,"Chlamys rubida","W-Msc-254460"
-129.5,55,0.97,"Chlamys rubida","W-Msc-254460"
-85,55,0.02,"Chlamys rubida","W-Msc-254460"
-84.5,55,0.01,"Chlamys rubida","W-Msc-254460"
-84,55,0.01,"Chlamys rubida","W-Msc-254460"
-83.5,55,0.01,"Chlamys rubida","W-Msc-254460"
-83,55,0.01,"Chlamys rubida","W-Msc-254460"
-82,55,0.01,"Chlamys rubida","W-Msc-254460"
-81.5,55,0.01,"Chlamys rubida","W-Msc-254460"
-81,55,0.01,"Chlamys rubida","W-Msc-254460"
-80.5,55,0.01,"Chlamys rubida","W-Msc-254460"
-80,55,0.01,"Chlamys rubida","W-Msc-254460"
-79.5,55,0.02,"Chlamys rubida","W-Msc-254460"
-79,55,0.01,"Chlamys rubida","W-Msc-254460"
-78.5,55,0.01,"Chlamys rubida","W-Msc-254460"
-78,55,0.02,"Chlamys rubida","W-Msc-254460"
-77.5,55,0.03,"Chlamys rubida","W-Msc-254460"
-35.5,55,0.02,"Chlamys rubida","W-Msc-254460"
-35,55,0.04,"Chlamys rubida","W-Msc-254460"
-34.5,55,0.08,"Chlamys rubida","W-Msc-254460"
-34,55,0.05,"Chlamys rubida","W-Msc-254460"
-20.5,55,0.01,"Chlamys rubida","W-Msc-254460"
-20,55,0.11,"Chlamys rubida","W-Msc-254460"
-19.5,55,0.06,"Chlamys rubida","W-Msc-254460"
-19,55,0.04,"Chlamys rubida","W-Msc-254460"
-18.5,55,0.07,"Chlamys rubida","W-Msc-254460"
-18,55,0.12,"Chlamys rubida","W-Msc-254460"
-17.5,55,0.15,"Chlamys rubida","W-Msc-254460"
-17,55,0.16,"Chlamys rubida","W-Msc-254460"
-16.5,55,0.17,"Chlamys rubida","W-Msc-254460"
-16,55,0.17,"Chlamys rubida","W-Msc-254460"
-15.5,55,0.15,"Chlamys rubida","W-Msc-254460"
-15,55,0.05,"Chlamys rubida","W-Msc-254460"
-10,55,0.21,"Chlamys rubida","W-Msc-254460"
-9.5,55,0.26,"Chlamys rubida","W-Msc-254460"
-9,55,0.25,"Chlamys rubida","W-Msc-254460"
-8.5,55,0.19,"Chlamys rubida","W-Msc-254460"
-8,55,0.16,"Chlamys rubida","W-Msc-254460"
-7.5,55,0.12,"Chlamys rubida","W-Msc-254460"
-7,55,0.12,"Chlamys rubida","W-Msc-254460"
-6.5,55,0.23,"Chlamys rubida","W-Msc-254460"
-6,55,0.44,"Chlamys rubida","W-Msc-254460"
-5.5,55,0.39,"Chlamys rubida","W-Msc-254460"
-5,55,0.29,"Chlamys rubida","W-Msc-254460"
-4.5,55,0.36,"Chlamys rubida","W-Msc-254460"
-3,55,0.01,"Chlamys rubida","W-Msc-254460"
-1.5,55,0.22,"Chlamys rubida","W-Msc-254460"
-1,55,0.41,"Chlamys rubida","W-Msc-254460"
-0.5,55,0.2,"Chlamys rubida","W-Msc-254460"
0,55,0.15,"Chlamys rubida","W-Msc-254460"
0.5,55,0.1,"Chlamys rubida","W-Msc-254460"
1,55,0.08,"Chlamys rubida","W-Msc-254460"
1.5,55,0.06,"Chlamys rubida","W-Msc-254460"
2,55,0.06,"Chlamys rubida","W-Msc-254460"
2.5,55,0.05,"Chlamys rubida","W-Msc-254460"
3,55,0.04,"Chlamys rubida","W-Msc-254460"
3.5,55,0.03,"Chlamys rubida","W-Msc-254460"
4,55,0.03,"Chlamys rubida","W-Msc-254460"
4.5,55,0.03,"Chlamys rubida","W-Msc-254460"
5,55,0.02,"Chlamys rubida","W-Msc-254460"
5.5,55,0.02,"Chlamys rubida","W-Msc-254460"
6,55,0.02,"Chlamys rubida","W-Msc-254460"
6.5,55,0.05,"Chlamys rubida","W-Msc-254460"
7,55,0.1,"Chlamys rubida","W-Msc-254460"
7.5,55,0.1,"Chlamys rubida","W-Msc-254460"
8,55,0.11,"Chlamys rubida","W-Msc-254460"
8.5,55,0.18,"Chlamys rubida","W-Msc-254460"
9,55,0.21,"Chlamys rubida","W-Msc-254460"
10,55,0.04,"Chlamys rubida","W-Msc-254460"
10.5,55,0.03,"Chlamys rubida","W-Msc-254460"
11,55,0.01,"Chlamys rubida","W-Msc-254460"
11.5,55,0.01,"Chlamys rubida","W-Msc-254460"
12,55,0.01,"Chlamys rubida","W-Msc-254460"
-169,54.5,0.09,"Chlamys rubida","W-Msc-254460"
-168.5,54.5,0.22,"Chlamys rubida","W-Msc-254460"
-168,54.5,0.21,"Chlamys rubida","W-Msc-254460"
-167.5,54.5,0.97,"Chlamys rubida","W-Msc-254460"
-167,54.5,0.99,"Chlamys rubida","W-Msc-254460"
-166.5,54.5,0.99,"Chlamys rubida","W-Msc-254460"
-166,54.5,1,"Chlamys rubida","W-Msc-254460"
-165.5,54.5,1,"Chlamys rubida","W-Msc-254460"
-165,54.5,1,"Chlamys rubida","W-Msc-254460"
-164.5,54.5,0.44,"Chlamys rubida","W-Msc-254460"
-164,54.5,0.71,"Chlamys rubida","W-Msc-254460"
-163.5,54.5,1,"Chlamys rubida","W-Msc-254460"
-163,54.5,1,"Chlamys rubida","W-Msc-254460"
-162.5,54.5,0.67,"Chlamys rubida","W-Msc-254460"
-162,54.5,1,"Chlamys rubida","W-Msc-254460"
-161.5,54.5,0.64,"Chlamys rubida","W-Msc-254460"
-161,54.5,0.94,"Chlamys rubida","W-Msc-254460"
-160.5,54.5,0.88,"Chlamys rubida","W-Msc-254460"
-160,54.5,0.72,"Chlamys rubida","W-Msc-254460"
-159.5,54.5,1,"Chlamys rubida","W-Msc-254460"
-159,54.5,1,"Chlamys rubida","W-Msc-254460"
-158.5,54.5,1,"Chlamys rubida","W-Msc-254460"
-158,54.5,1,"Chlamys rubida","W-Msc-254460"
-157.5,54.5,1,"Chlamys rubida","W-Msc-254460"
-157,54.5,1,"Chlamys rubida","W-Msc-254460"
-156.5,54.5,0.89,"Chlamys rubida","W-Msc-254460"
-156,54.5,0.46,"Chlamys rubida","W-Msc-254460"
-150.5,54.5,0.26,"Chlamys rubida","W-Msc-254460"
-150,54.5,0.5,"Chlamys rubida","W-Msc-254460"
-137,54.5,0.36,"Chlamys rubida","W-Msc-254460"
-136.5,54.5,0.47,"Chlamys rubida","W-Msc-254460"
-134.5,54.5,0.59,"Chlamys rubida","W-Msc-254460"
-134,54.5,1,"Chlamys rubida","W-Msc-254460"
-133.5,54.5,1,"Chlamys rubida","W-Msc-254460"
-133,54.5,1,"Chlamys rubida","W-Msc-254460"
-132.5,54.5,1,"Chlamys rubida","W-Msc-254460"
-132,54.5,1,"Chlamys rubida","W-Msc-254460"
-131.5,54.5,1,"Chlamys rubida","W-Msc-254460"
-131,54.5,1,"Chlamys rubida","W-Msc-254460"
-130.5,54.5,0.77,"Chlamys rubida","W-Msc-254460"
-130,54.5,0.78,"Chlamys rubida","W-Msc-254460"
-129.5,54.5,0.18,"Chlamys rubida","W-Msc-254460"
-82,54.5,0.01,"Chlamys rubida","W-Msc-254460"
-81.5,54.5,0.01,"Chlamys rubida","W-Msc-254460"
-81,54.5,0.01,"Chlamys rubida","W-Msc-254460"
-80.5,54.5,0.01,"Chlamys rubida","W-Msc-254460"
-80,54.5,0.03,"Chlamys rubida","W-Msc-254460"
-79.5,54.5,0.04,"Chlamys rubida","W-Msc-254460"
-79,54.5,0.01,"Chlamys rubida","W-Msc-254460"
-78.5,54.5,0.02,"Chlamys rubida","W-Msc-254460"
-36,54.5,0.03,"Chlamys rubida","W-Msc-254460"
-35.5,54.5,0.14,"Chlamys rubida","W-Msc-254460"
-35,54.5,0.19,"Chlamys rubida","W-Msc-254460"
-34.5,54.5,0.07,"Chlamys rubida","W-Msc-254460"
-34,54.5,0.03,"Chlamys rubida","W-Msc-254460"
-20,54.5,0.03,"Chlamys rubida","W-Msc-254460"
-19.5,54.5,0.06,"Chlamys rubida","W-Msc-254460"
-19,54.5,0.06,"Chlamys rubida","W-Msc-254460"
-18.5,54.5,0.09,"Chlamys rubida","W-Msc-254460"
-18,54.5,0.11,"Chlamys rubida","W-Msc-254460"
-17.5,54.5,0.13,"Chlamys rubida","W-Msc-254460"
-17,54.5,0.12,"Chlamys rubida","W-Msc-254460"
-16.5,54.5,0.06,"Chlamys rubida","W-Msc-254460"
-11,54.5,0.18,"Chlamys rubida","W-Msc-254460"
-10.5,54.5,0.21,"Chlamys rubida","W-Msc-254460"
-10,54.5,0.26,"Chlamys rubida","W-Msc-254460"
-9.5,54.5,0.22,"Chlamys rubida","W-Msc-254460"
-9,54.5,0.25,"Chlamys rubida","W-Msc-254460"
-8.5,54.5,0.26,"Chlamys rubida","W-Msc-254460"
-8,54.5,0.12,"Chlamys rubida","W-Msc-254460"
-5.5,54.5,0.4,"Chlamys rubida","W-Msc-254460"
-5,54.5,0.48,"Chlamys rubida","W-Msc-254460"
-4.5,54.5,0.25,"Chlamys rubida","W-Msc-254460"
-4,54.5,0.54,"Chlamys rubida","W-Msc-254460"
-3.5,54.5,0.48,"Chlamys rubida","W-Msc-254460"
-3,54.5,0.44,"Chlamys rubida","W-Msc-254460"
-1,54.5,0.56,"Chlamys rubida","W-Msc-254460"
-0.5,54.5,0.33,"Chlamys rubida","W-Msc-254460"
0,54.5,0.23,"Chlamys rubida","W-Msc-254460"
0.5,54.5,0.11,"Chlamys rubida","W-Msc-254460"
1,54.5,0.08,"Chlamys rubida","W-Msc-254460"
1.5,54.5,0.06,"Chlamys rubida","W-Msc-254460"
2,54.5,0.03,"Chlamys rubida","W-Msc-254460"
2.5,54.5,0.02,"Chlamys rubida","W-Msc-254460"
3,54.5,0.02,"Chlamys rubida","W-Msc-254460"
3.5,54.5,0.02,"Chlamys rubida","W-Msc-254460"
4,54.5,0.02,"Chlamys rubida","W-Msc-254460"
4.5,54.5,0.02,"Chlamys rubida","W-Msc-254460"
5,54.5,0.02,"Chlamys rubida","W-Msc-254460"
5.5,54.5,0.02,"Chlamys rubida","W-Msc-254460"
6,54.5,0.02,"Chlamys rubida","W-Msc-254460"
6.5,54.5,0.05,"Chlamys rubida","W-Msc-254460"
7,54.5,0.11,"Chlamys rubida","W-Msc-254460"
7.5,54.5,0.14,"Chlamys rubida","W-Msc-254460"
8,54.5,0.12,"Chlamys rubida","W-Msc-254460"
8.5,54.5,0.15,"Chlamys rubida","W-Msc-254460"
9,54.5,0.23,"Chlamys rubida","W-Msc-254460"
10,54.5,0.01,"Chlamys rubida","W-Msc-254460"
-168.5,54,0.26,"Chlamys rubida","W-Msc-254460"
-168,54,0.5,"Chlamys rubida","W-Msc-254460"
-167.5,54,0.92,"Chlamys rubida","W-Msc-254460"
-167,54,0.99,"Chlamys rubida","W-Msc-254460"
-166.5,54,1,"Chlamys rubida","W-Msc-254460"
-166,54,1,"Chlamys rubida","W-Msc-254460"
-165.5,54,1,"Chlamys rubida","W-Msc-254460"
-165,54,1,"Chlamys rubida","W-Msc-254460"
-164.5,54,0.58,"Chlamys rubida","W-Msc-254460"
-164,54,0.58,"Chlamys rubida","W-Msc-254460"
-163.5,54,0.59,"Chlamys rubida","W-Msc-254460"
-163,54,1,"Chlamys rubida","W-Msc-254460"
-162.5,54,1,"Chlamys rubida","W-Msc-254460"
-162,54,1,"Chlamys rubida","W-Msc-254460"
-161.5,54,1,"Chlamys rubida","W-Msc-254460"
-161,54,1,"Chlamys rubida","W-Msc-254460"
-160.5,54,1,"Chlamys rubida","W-Msc-254460"
-160,54,1,"Chlamys rubida","W-Msc-254460"
-159.5,54,1,"Chlamys rubida","W-Msc-254460"
-159,54,1,"Chlamys rubida","W-Msc-254460"
-158.5,54,1,"Chlamys rubida","W-Msc-254460"
-158,54,0.15,"Chlamys rubida","W-Msc-254460"
-150,54,0.34,"Chlamys rubida","W-Msc-254460"
-149,54,0.23,"Chlamys rubida","W-Msc-254460"
-148,54,0.28,"Chlamys rubida","W-Msc-254460"
-137,54,0.33,"Chlamys rubida","W-Msc-254460"
-134,54,0.6,"Chlamys rubida","W-Msc-254460"
-133.5,54,1,"Chlamys rubida","W-Msc-254460"
-133,54,1,"Chlamys rubida","W-Msc-254460"
-132.5,54,1,"Chlamys rubida","W-Msc-254460"
-132,54,1,"Chlamys rubida","W-Msc-254460"
-131.5,54,1,"Chlamys rubida","W-Msc-254460"
-131,54,1,"Chlamys rubida","W-Msc-254460"
-130.5,54,0.82,"Chlamys rubida","W-Msc-254460"
-130,54,0.6,"Chlamys rubida","W-Msc-254460"
-129.5,54,0.23,"Chlamys rubida","W-Msc-254460"
-82,54,0.03,"Chlamys rubida","W-Msc-254460"
-81.5,54,0.01,"Chlamys rubida","W-Msc-254460"
-81,54,0.01,"Chlamys rubida","W-Msc-254460"
-80.5,54,0.01,"Chlamys rubida","W-Msc-254460"
-80,54,0.03,"Chlamys rubida","W-Msc-254460"
-79.5,54,0.05,"Chlamys rubida","W-Msc-254460"
-79,54,0.02,"Chlamys rubida","W-Msc-254460"
-35.5,54,0.07,"Chlamys rubida","W-Msc-254460"
-35,54,0.11,"Chlamys rubida","W-Msc-254460"
-34.5,54,0.04,"Chlamys rubida","W-Msc-254460"
-20,54,0.03,"Chlamys rubida","W-Msc-254460"
-19.5,54,0.07,"Chlamys rubida","W-Msc-254460"
-19,54,0.06,"Chlamys rubida","W-Msc-254460"
-18.5,54,0.03,"Chlamys rubida","W-Msc-254460"
-18,54,0.02,"Chlamys rubida","W-Msc-254460"
-13.5,54,0.04,"Chlamys rubida","W-Msc-254460"
-13,54,0.14,"Chlamys rubida","W-Msc-254460"
-12.5,54,0.16,"Chlamys rubida","W-Msc-254460"
-12,54,0.17,"Chlamys rubida","W-Msc-254460"
-11.5,54,0.18,"Chlamys rubida","W-Msc-254460"
-11,54,0.23,"Chlamys rubida","W-Msc-254460"
-10.5,54,0.26,"Chlamys rubida","W-Msc-254460"
-10,54,0.24,"Chlamys rubida","W-Msc-254460"
-9.5,54,0.17,"Chlamys rubida","W-Msc-254460"
-9,54,0.31,"Chlamys rubida","W-Msc-254460"
-8.5,54,0.12,"Chlamys rubida","W-Msc-254460"
-8,54,0.05,"Chlamys rubida","W-Msc-254460"
-6,54,0.28,"Chlamys rubida","W-Msc-254460"
-5.5,54,0.42,"Chlamys rubida","W-Msc-254460"
-5,54,0.28,"Chlamys rubida","W-Msc-254460"
-4.5,54,0.28,"Chlamys rubida","W-Msc-254460"
-4,54,0.3,"Chlamys rubida","W-Msc-254460"
-3.5,54,0.42,"Chlamys rubida","W-Msc-254460"
-3,54,0.52,"Chlamys rubida","W-Msc-254460"
-2.5,54,0.39,"Chlamys rubida","W-Msc-254460"
0,54,0.29,"Chlamys rubida","W-Msc-254460"
0.5,54,0.11,"Chlamys rubida","W-Msc-254460"
1,54,0.07,"Chlamys rubida","W-Msc-254460"
1.5,54,0.05,"Chlamys rubida","W-Msc-254460"
2,54,0.03,"Chlamys rubida","W-Msc-254460"
2.5,54,0.05,"Chlamys rubida","W-Msc-254460"
3,54,0.03,"Chlamys rubida","W-Msc-254460"
3.5,54,0.02,"Chlamys rubida","W-Msc-254460"
4,54,0.02,"Chlamys rubida","W-Msc-254460"
4.5,54,0.02,"Chlamys rubida","W-Msc-254460"
5,54,0.02,"Chlamys rubida","W-Msc-254460"
5.5,54,0.02,"Chlamys rubida","W-Msc-254460"
6,54,0.03,"Chlamys rubida","W-Msc-254460"
6.5,54,0.06,"Chlamys rubida","W-Msc-254460"
7,54,0.1,"Chlamys rubida","W-Msc-254460"
7.5,54,0.16,"Chlamys rubida","W-Msc-254460"
8,54,0.2,"Chlamys rubida","W-Msc-254460"
8.5,54,0.15,"Chlamys rubida","W-Msc-254460"
9,54,0.18,"Chlamys rubida","W-Msc-254460"
9.5,54,0.04,"Chlamys rubida","W-Msc-254460"
-169.5,53.5,0.02,"Chlamys rubida","W-Msc-254460"
-169,53.5,0.15,"Chlamys rubida","W-Msc-254460"
-168.5,53.5,0.94,"Chlamys rubida","W-Msc-254460"
-168,53.5,0.99,"Chlamys rubida","W-Msc-254460"
-167.5,53.5,1,"Chlamys rubida","W-Msc-254460"
-167,53.5,1,"Chlamys rubida","W-Msc-254460"
-166.5,53.5,0.66,"Chlamys rubida","W-Msc-254460"
-166,53.5,1,"Chlamys rubida","W-Msc-254460"
-165.5,53.5,1,"Chlamys rubida","W-Msc-254460"
-165,53.5,1,"Chlamys rubida","W-Msc-254460"
-164.5,53.5,1,"Chlamys rubida","W-Msc-254460"
-164,53.5,1,"Chlamys rubida","W-Msc-254460"
-163.5,53.5,1,"Chlamys rubida","W-Msc-254460"
-163,53.5,1,"Chlamys rubida","W-Msc-254460"
-162.5,53.5,0.88,"Chlamys rubida","W-Msc-254460"
-162,53.5,0.2,"Chlamys rubida","W-Msc-254460"
-161.5,53.5,1,"Chlamys rubida","W-Msc-254460"
-161,53.5,0.72,"Chlamys rubida","W-Msc-254460"
-148.5,53.5,0.19,"Chlamys rubida","W-Msc-254460"
-148,53.5,0.38,"Chlamys rubida","W-Msc-254460"
-144,53.5,0.31,"Chlamys rubida","W-Msc-254460"
-136.5,53.5,0.21,"Chlamys rubida","W-Msc-254460"
-136,53.5,0.31,"Chlamys rubida","W-Msc-254460"
-135.5,53.5,0.33,"Chlamys rubida","W-Msc-254460"
-133.5,53.5,1,"Chlamys rubida","W-Msc-254460"
-133,53.5,1,"Chlamys rubida","W-Msc-254460"
-132.5,53.5,0.93,"Chlamys rubida","W-Msc-254460"
-132,53.5,0.55,"Chlamys rubida","W-Msc-254460"
-131.5,53.5,0.61,"Chlamys rubida","W-Msc-254460"
-131,53.5,0.35,"Chlamys rubida","W-Msc-254460"
-130.5,53.5,0.94,"Chlamys rubida","W-Msc-254460"
-130,53.5,1,"Chlamys rubida","W-Msc-254460"
-129.5,53.5,0.19,"Chlamys rubida","W-Msc-254460"
-129,53.5,0.99,"Chlamys rubida","W-Msc-254460"
-128.5,53.5,0.97,"Chlamys rubida","W-Msc-254460"
-82,53.5,0.03,"Chlamys rubida","W-Msc-254460"
-81.5,53.5,0.02,"Chlamys rubida","W-Msc-254460"
-81,53.5,0.01,"Chlamys rubida","W-Msc-254460"
-80.5,53.5,0.01,"Chlamys rubida","W-Msc-254460"
-80,53.5,0.02,"Chlamys rubida","W-Msc-254460"
-79.5,53.5,0.05,"Chlamys rubida","W-Msc-254460"
-79,53.5,0.04,"Chlamys rubida","W-Msc-254460"
-35.5,53.5,0.03,"Chlamys rubida","W-Msc-254460"
-35,53.5,0.04,"Chlamys rubida","W-Msc-254460"
-34.5,53.5,0.05,"Chlamys rubida","W-Msc-254460"
-20,53.5,0.02,"Chlamys rubida","W-Msc-254460"
-19.5,53.5,0.1,"Chlamys rubida","W-Msc-254460"
-19,53.5,0.01,"Chlamys rubida","W-Msc-254460"
-14.5,53.5,0.04,"Chlamys rubida","W-Msc-254460"
-14,53.5,0.16,"Chlamys rubida","W-Msc-254460"
-13.5,53.5,0.16,"Chlamys rubida","W-Msc-254460"
-13,53.5,0.17,"Chlamys rubida","W-Msc-254460"
-12.5,53.5,0.17,"Chlamys rubida","W-Msc-254460"
-12,53.5,0.2,"Chlamys rubida","W-Msc-254460"
-11.5,53.5,0.25,"Chlamys rubida","W-Msc-254460"
-11,53.5,0.25,"Chlamys rubida","W-Msc-254460"
-10.5,53.5,0.24,"Chlamys rubida","W-Msc-254460"
-10,53.5,0.21,"Chlamys rubida","W-Msc-254460"
-9.5,53.5,0.1,"Chlamys rubida","W-Msc-254460"
-6,53.5,0.27,"Chlamys rubida","W-Msc-254460"
-5.5,53.5,0.27,"Chlamys rubida","W-Msc-254460"
-5,53.5,0.22,"Chlamys rubida","W-Msc-254460"
-4.5,53.5,0.1,"Chlamys rubida","W-Msc-254460"
-4,53.5,0.19,"Chlamys rubida","W-Msc-254460"
-3.5,53.5,0.28,"Chlamys rubida","W-Msc-254460"
-3,53.5,0.38,"Chlamys rubida","W-Msc-254460"
-2.5,53.5,0.2,"Chlamys rubida","W-Msc-254460"
0,53.5,0.28,"Chlamys rubida","W-Msc-254460"
0.5,53.5,0.07,"Chlamys rubida","W-Msc-254460"
1,53.5,0.06,"Chlamys rubida","W-Msc-254460"
1.5,53.5,0.05,"Chlamys rubida","W-Msc-254460"
2,53.5,0.03,"Chlamys rubida","W-Msc-254460"
2.5,53.5,0.04,"Chlamys rubida","W-Msc-254460"
3,53.5,0.03,"Chlamys rubida","W-Msc-254460"
3.5,53.5,0.02,"Chlamys rubida","W-Msc-254460"
4,53.5,0.02,"Chlamys rubida","W-Msc-254460"
4.5,53.5,0.03,"Chlamys rubida","W-Msc-254460"
5,53.5,0.06,"Chlamys rubida","W-Msc-254460"
5.5,53.5,0.1,"Chlamys rubida","W-Msc-254460"
6,53.5,0.11,"Chlamys rubida","W-Msc-254460"
6.5,53.5,0.12,"Chlamys rubida","W-Msc-254460"
7,53.5,0.2,"Chlamys rubida","W-Msc-254460"
7.5,53.5,0.15,"Chlamys rubida","W-Msc-254460"
8,53.5,0.14,"Chlamys rubida","W-Msc-254460"
8.5,53.5,0.29,"Chlamys rubida","W-Msc-254460"
9,53.5,0.16,"Chlamys rubida","W-Msc-254460"
9.5,53.5,0.04,"Chlamys rubida","W-Msc-254460"
-172,53,0.03,"Chlamys rubida","W-Msc-254460"
-171.5,53,0.1,"Chlamys rubida","W-Msc-254460"
-171,53,0.7,"Chlamys rubida","W-Msc-254460"
-170.5,53,0.83,"Chlamys rubida","W-Msc-254460"
-170,53,0.97,"Chlamys rubida","W-Msc-254460"
-169.5,53,0.97,"Chlamys rubida","W-Msc-254460"
-169,53,0.99,"Chlamys rubida","W-Msc-254460"
-168.5,53,1,"Chlamys rubida","W-Msc-254460"
-168,53,1,"Chlamys rubida","W-Msc-254460"
-167.5,53,1,"Chlamys rubida","W-Msc-254460"
-167,53,1,"Chlamys rubida","W-Msc-254460"
-166.5,53,1,"Chlamys rubida","W-Msc-254460"
-166,53,1,"Chlamys rubida","W-Msc-254460"
-165.5,53,1,"Chlamys rubida","W-Msc-254460"
-165,53,0.32,"Chlamys rubida","W-Msc-254460"
-136,53,0.22,"Chlamys rubida","W-Msc-254460"
-135.5,53,0.5,"Chlamys rubida","W-Msc-254460"
-135,53,0.26,"Chlamys rubida","W-Msc-254460"
-134.5,53,0.06,"Chlamys rubida","W-Msc-254460"
-134,53,0.11,"Chlamys rubida","W-Msc-254460"
-133,53,1,"Chlamys rubida","W-Msc-254460"
-132.5,53,1,"Chlamys rubida","W-Msc-254460"
-132,53,1,"Chlamys rubida","W-Msc-254460"
-131.5,53,1,"Chlamys rubida","W-Msc-254460"
-131,53,0.29,"Chlamys rubida","W-Msc-254460"
-130.5,53,1,"Chlamys rubida","W-Msc-254460"
-130,53,1,"Chlamys rubida","W-Msc-254460"
-129.5,53,1,"Chlamys rubida","W-Msc-254460"
-129,53,1,"Chlamys rubida","W-Msc-254460"
-82,53,0.02,"Chlamys rubida","W-Msc-254460"
-81.5,53,0.02,"Chlamys rubida","W-Msc-254460"
-81,53,0.01,"Chlamys rubida","W-Msc-254460"
-80.5,53,0.02,"Chlamys rubida","W-Msc-254460"
-80,53,0.02,"Chlamys rubida","W-Msc-254460"
-79.5,53,0.03,"Chlamys rubida","W-Msc-254460"
-79,53,0.03,"Chlamys rubida","W-Msc-254460"
-35.5,53,0.01,"Chlamys rubida","W-Msc-254460"
-35,53,0.15,"Chlamys rubida","W-Msc-254460"
-34.5,53,0.14,"Chlamys rubida","W-Msc-254460"
-14.5,53,0.16,"Chlamys rubida","W-Msc-254460"
-14,53,0.19,"Chlamys rubida","W-Msc-254460"
-13.5,53,0.21,"Chlamys rubida","W-Msc-254460"
-13,53,0.22,"Chlamys rubida","W-Msc-254460"
-12.5,53,0.23,"Chlamys rubida","W-Msc-254460"
-12,53,0.24,"Chlamys rubida","W-Msc-254460"
-11.5,53,0.24,"Chlamys rubida","W-Msc-254460"
-11,53,0.21,"Chlamys rubida","W-Msc-254460"
-10.5,53,0.2,"Chlamys rubida","W-Msc-254460"
-10,53,0.18,"Chlamys rubida","W-Msc-254460"
-9.5,53,0.22,"Chlamys rubida","W-Msc-254460"
-9,53,0.11,"Chlamys rubida","W-Msc-254460"
-8.5,53,0.05,"Chlamys rubida","W-Msc-254460"
-6,53,0.11,"Chlamys rubida","W-Msc-254460"
-5.5,53,0.24,"Chlamys rubida","W-Msc-254460"
-5,53,0.17,"Chlamys rubida","W-Msc-254460"
-4.5,53,0.13,"Chlamys rubida","W-Msc-254460"
-4,53,0.28,"Chlamys rubida","W-Msc-254460"
-3.5,53,0.29,"Chlamys rubida","W-Msc-254460"
-3,53,0.35,"Chlamys rubida","W-Msc-254460"
-2.5,53,0.1,"Chlamys rubida","W-Msc-254460"
0.5,53,0.39,"Chlamys rubida","W-Msc-254460"
1,53,0.09,"Chlamys rubida","W-Msc-254460"
1.5,53,0.06,"Chlamys rubida","W-Msc-254460"
2,53,0.04,"Chlamys rubida","W-Msc-254460"
2.5,53,0.03,"Chlamys rubida","W-Msc-254460"
3,53,0.03,"Chlamys rubida","W-Msc-254460"
3.5,53,0.04,"Chlamys rubida","W-Msc-254460"
4,53,0.05,"Chlamys rubida","W-Msc-254460"
4.5,53,0.08,"Chlamys rubida","W-Msc-254460"
5,53,0.26,"Chlamys rubida","W-Msc-254460"
5.5,53,0.21,"Chlamys rubida","W-Msc-254460"
6,53,0.18,"Chlamys rubida","W-Msc-254460"
6.5,53,0.15,"Chlamys rubida","W-Msc-254460"
7,53,0.15,"Chlamys rubida","W-Msc-254460"
7.5,53,0.18,"Chlamys rubida","W-Msc-254460"
8.5,53,0.13,"Chlamys rubida","W-Msc-254460"
-174,52.5,0.16,"Chlamys rubida","W-Msc-254460"
-173.5,52.5,0.7,"Chlamys rubida","W-Msc-254460"
-173,52.5,0.68,"Chlamys rubida","W-Msc-254460"
-172.5,52.5,0.73,"Chlamys rubida","W-Msc-254460"
-172,52.5,0.83,"Chlamys rubida","W-Msc-254460"
-171.5,52.5,0.96,"Chlamys rubida","W-Msc-254460"
-171,52.5,0.98,"Chlamys rubida","W-Msc-254460"
-170.5,52.5,1,"Chlamys rubida","W-Msc-254460"
-170,52.5,0.99,"Chlamys rubida","W-Msc-254460"
-169.5,52.5,1,"Chlamys rubida","W-Msc-254460"
-169,52.5,1,"Chlamys rubida","W-Msc-254460"
-168.5,52.5,1,"Chlamys rubida","W-Msc-254460"
-168,52.5,1,"Chlamys rubida","W-Msc-254460"
-167.5,52.5,1,"Chlamys rubida","W-Msc-254460"
-167,52.5,1,"Chlamys rubida","W-Msc-254460"
-151,52.5,0.01,"Chlamys rubida","W-Msc-254460"
-150,52.5,0.04,"Chlamys rubida","W-Msc-254460"
-132.5,52.5,0.58,"Chlamys rubida","W-Msc-254460"
-132,52.5,1,"Chlamys rubida","W-Msc-254460"
-131.5,52.5,1,"Chlamys rubida","W-Msc-254460"
-131,52.5,1,"Chlamys rubida","W-Msc-254460"
-130.5,52.5,0.77,"Chlamys rubida","W-Msc-254460"
-130,52.5,1,"Chlamys rubida","W-Msc-254460"
-129.5,52.5,1,"Chlamys rubida","W-Msc-254460"
-129,52.5,1,"Chlamys rubida","W-Msc-254460"
-128.5,52.5,0.42,"Chlamys rubida","W-Msc-254460"
-128,52.5,0.71,"Chlamys rubida","W-Msc-254460"
-80.5,52.5,0.01,"Chlamys rubida","W-Msc-254460"
-80,52.5,0.02,"Chlamys rubida","W-Msc-254460"
-79.5,52.5,0.02,"Chlamys rubida","W-Msc-254460"
-79,52.5,0.01,"Chlamys rubida","W-Msc-254460"
-33.5,52.5,0.06,"Chlamys rubida","W-Msc-254460"
-15,52.5,0.11,"Chlamys rubida","W-Msc-254460"
-14.5,52.5,0.17,"Chlamys rubida","W-Msc-254460"
-14,52.5,0.21,"Chlamys rubida","W-Msc-254460"
-13.5,52.5,0.22,"Chlamys rubida","W-Msc-254460"
-13,52.5,0.22,"Chlamys rubida","W-Msc-254460"
-12.5,52.5,0.23,"Chlamys rubida","W-Msc-254460"
-12,52.5,0.23,"Chlamys rubida","W-Msc-254460"
-11.5,52.5,0.24,"Chlamys rubida","W-Msc-254460"
-11,52.5,0.19,"Chlamys rubida","W-Msc-254460"
-10.5,52.5,0.18,"Chlamys rubida","W-Msc-254460"
-10,52.5,0.18,"Chlamys rubida","W-Msc-254460"
-9.5,52.5,0.21,"Chlamys rubida","W-Msc-254460"
-9,52.5,0.07,"Chlamys rubida","W-Msc-254460"
-6,52.5,0.41,"Chlamys rubida","W-Msc-254460"
-5.5,52.5,0.21,"Chlamys rubida","W-Msc-254460"
-5,52.5,0.24,"Chlamys rubida","W-Msc-254460"
-4.5,52.5,0.43,"Chlamys rubida","W-Msc-254460"
-4,52.5,0.33,"Chlamys rubida","W-Msc-254460"
0.5,52.5,0.36,"Chlamys rubida","W-Msc-254460"
1,52.5,0.07,"Chlamys rubida","W-Msc-254460"
1.5,52.5,0.06,"Chlamys rubida","W-Msc-254460"
2,52.5,0.08,"Chlamys rubida","W-Msc-254460"
2.5,52.5,0.04,"Chlamys rubida","W-Msc-254460"
3,52.5,0.06,"Chlamys rubida","W-Msc-254460"
3.5,52.5,0.09,"Chlamys rubida","W-Msc-254460"
4,52.5,0.08,"Chlamys rubida","W-Msc-254460"
4.5,52.5,0.12,"Chlamys rubida","W-Msc-254460"
5,52.5,0.14,"Chlamys rubida","W-Msc-254460"
5.5,52.5,0.2,"Chlamys rubida","W-Msc-254460"
6,52.5,0.16,"Chlamys rubida","W-Msc-254460"
-174.5,52,0.95,"Chlamys rubida","W-Msc-254460"
-174,52,0.95,"Chlamys rubida","W-Msc-254460"
-173.5,52,0.93,"Chlamys rubida","W-Msc-254460"
-173,52,0.92,"Chlamys rubida","W-Msc-254460"
-172.5,52,0.94,"Chlamys rubida","W-Msc-254460"
-172,52,0.96,"Chlamys rubida","W-Msc-254460"
-171.5,52,1,"Chlamys rubida","W-Msc-254460"
-171,52,1,"Chlamys rubida","W-Msc-254460"
-170.5,52,1,"Chlamys rubida","W-Msc-254460"
-170,52,1,"Chlamys rubida","W-Msc-254460"
-169.5,52,1,"Chlamys rubida","W-Msc-254460"
-169,52,1,"Chlamys rubida","W-Msc-254460"
-134,52,0.34,"Chlamys rubida","W-Msc-254460"
-133.5,52,0.34,"Chlamys rubida","W-Msc-254460"
-131.5,52,1,"Chlamys rubida","W-Msc-254460"
-131,52,1,"Chlamys rubida","W-Msc-254460"
-130.5,52,1,"Chlamys rubida","W-Msc-254460"
-130,52,1,"Chlamys rubida","W-Msc-254460"
-129.5,52,1,"Chlamys rubida","W-Msc-254460"
-129,52,1,"Chlamys rubida","W-Msc-254460"
-128.5,52,1,"Chlamys rubida","W-Msc-254460"
-128,52,0.82,"Chlamys rubida","W-Msc-254460"
-127.5,52,0.81,"Chlamys rubida","W-Msc-254460"
-80,52,0.01,"Chlamys rubida","W-Msc-254460"
-79.5,52,0.01,"Chlamys rubida","W-Msc-254460"
-79,52,0.01,"Chlamys rubida","W-Msc-254460"
-78.5,52,0.01,"Chlamys rubida","W-Msc-254460"
-32,52,0.02,"Chlamys rubida","W-Msc-254460"
-31,52,0.08,"Chlamys rubida","W-Msc-254460"
-30.5,52,0.03,"Chlamys rubida","W-Msc-254460"
-15,52,0.11,"Chlamys rubida","W-Msc-254460"
-14.5,52,0.18,"Chlamys rubida","W-Msc-254460"
-14,52,0.21,"Chlamys rubida","W-Msc-254460"
-13.5,52,0.22,"Chlamys rubida","W-Msc-254460"
-13,52,0.22,"Chlamys rubida","W-Msc-254460"
-12.5,52,0.22,"Chlamys rubida","W-Msc-254460"
-12,52,0.22,"Chlamys rubida","W-Msc-254460"
-11.5,52,0.23,"Chlamys rubida","W-Msc-254460"
-11,52,0.25,"Chlamys rubida","W-Msc-254460"
-10.5,52,0.2,"Chlamys rubida","W-Msc-254460"
-10,52,0.17,"Chlamys rubida","W-Msc-254460"
-9.5,52,0.11,"Chlamys rubida","W-Msc-254460"
-7.5,52,0.26,"Chlamys rubida","W-Msc-254460"
-7,52,0.21,"Chlamys rubida","W-Msc-254460"
-6.5,52,0.19,"Chlamys rubida","W-Msc-254460"
-6,52,0.18,"Chlamys rubida","W-Msc-254460"
-5.5,52,0.14,"Chlamys rubida","W-Msc-254460"
-5,52,0.18,"Chlamys rubida","W-Msc-254460"
-4.5,52,0.41,"Chlamys rubida","W-Msc-254460"
-4,52,0.31,"Chlamys rubida","W-Msc-254460"
1.5,52,0.13,"Chlamys rubida","W-Msc-254460"
2,52,0.08,"Chlamys rubida","W-Msc-254460"
2.5,52,0.06,"Chlamys rubida","W-Msc-254460"
3,52,0.09,"Chlamys rubida","W-Msc-254460"
3.5,52,0.1,"Chlamys rubida","W-Msc-254460"
4,52,0.12,"Chlamys rubida","W-Msc-254460"
4.5,52,0.07,"Chlamys rubida","W-Msc-254460"
5,52,0.09,"Chlamys rubida","W-Msc-254460"
5.5,52,0.12,"Chlamys rubida","W-Msc-254460"
6,52,0.01,"Chlamys rubida","W-Msc-254460"
-174.5,51.5,0.99,"Chlamys rubida","W-Msc-254460"
-174,51.5,0.99,"Chlamys rubida","W-Msc-254460"
-173.5,51.5,0.99,"Chlamys rubida","W-Msc-254460"
-173,51.5,1,"Chlamys rubida","W-Msc-254460"
-172.5,51.5,1,"Chlamys rubida","W-Msc-254460"
-172,51.5,1,"Chlamys rubida","W-Msc-254460"
-171.5,51.5,1,"Chlamys rubida","W-Msc-254460"
-131,51.5,1,"Chlamys rubida","W-Msc-254460"
-130.5,51.5,1,"Chlamys rubida","W-Msc-254460"
-130,51.5,1,"Chlamys rubida","W-Msc-254460"
-129.5,51.5,1,"Chlamys rubida","W-Msc-254460"
-129,51.5,1,"Chlamys rubida","W-Msc-254460"
-128.5,51.5,0.92,"Chlamys rubida","W-Msc-254460"
-128,51.5,0.92,"Chlamys rubida","W-Msc-254460"
-127.5,51.5,1,"Chlamys rubida","W-Msc-254460"
-30,51.5,0.11,"Chlamys rubida","W-Msc-254460"
-29.5,51.5,0.03,"Chlamys rubida","W-Msc-254460"
-15,51.5,0.1,"Chlamys rubida","W-Msc-254460"
-14.5,51.5,0.18,"Chlamys rubida","W-Msc-254460"
-14,51.5,0.2,"Chlamys rubida","W-Msc-254460"
-13.5,51.5,0.2,"Chlamys rubida","W-Msc-254460"
-13,51.5,0.19,"Chlamys rubida","W-Msc-254460"
-12.5,51.5,0.16,"Chlamys rubida","W-Msc-254460"
-12,51.5,0.18,"Chlamys rubida","W-Msc-254460"
-11.5,51.5,0.22,"Chlamys rubida","W-Msc-254460"
-11,51.5,0.24,"Chlamys rubida","W-Msc-254460"
-10.5,51.5,0.27,"Chlamys rubida","W-Msc-254460"
-10,51.5,0.23,"Chlamys rubida","W-Msc-254460"
-9.5,51.5,0.14,"Chlamys rubida","W-Msc-254460"
-9,51.5,0.04,"Chlamys rubida","W-Msc-254460"
-8.5,51.5,0.17,"Chlamys rubida","W-Msc-254460"
-8,51.5,0.23,"Chlamys rubida","W-Msc-254460"
-7.5,51.5,0.29,"Chlamys rubida","W-Msc-254460"
-7,51.5,0.18,"Chlamys rubida","W-Msc-254460"
-6.5,51.5,0.11,"Chlamys rubida","W-Msc-254460"
-6,51.5,0.11,"Chlamys rubida","W-Msc-254460"
-5.5,51.5,0.11,"Chlamys rubida","W-Msc-254460"
-5,51.5,0.09,"Chlamys rubida","W-Msc-254460"
-4.5,51.5,0.26,"Chlamys rubida","W-Msc-254460"
-4,51.5,0.61,"Chlamys rubida","W-Msc-254460"
-3.5,51.5,0.7,"Chlamys rubida","W-Msc-254460"
-3,51.5,0.2,"Chlamys rubida","W-Msc-254460"
-2.5,51.5,0.49,"Chlamys rubida","W-Msc-254460"
1,51.5,0.2,"Chlamys rubida","W-Msc-254460"
1.5,51.5,0.18,"Chlamys rubida","W-Msc-254460"
2,51.5,0.06,"Chlamys rubida","W-Msc-254460"
2.5,51.5,0.09,"Chlamys rubida","W-Msc-254460"
3,51.5,0.11,"Chlamys rubida","W-Msc-254460"
3.5,51.5,0.13,"Chlamys rubida","W-Msc-254460"
4,51.5,0.16,"Chlamys rubida","W-Msc-254460"
4.5,51.5,0.1,"Chlamys rubida","W-Msc-254460"
5,51.5,0.02,"Chlamys rubida","W-Msc-254460"
-143,51,0.08,"Chlamys rubida","W-Msc-254460"
-130,51,1,"Chlamys rubida","W-Msc-254460"
-129.5,51,1,"Chlamys rubida","W-Msc-254460"
-129,51,1,"Chlamys rubida","W-Msc-254460"
-128.5,51,1,"Chlamys rubida","W-Msc-254460"
-128,51,0.96,"Chlamys rubida","W-Msc-254460"
-127.5,51,0.74,"Chlamys rubida","W-Msc-254460"
-127,51,0.12,"Chlamys rubida","W-Msc-254460"
-30,51,0.06,"Chlamys rubida","W-Msc-254460"
-15,51,0.05,"Chlamys rubida","W-Msc-254460"
-14.5,51,0.16,"Chlamys rubida","W-Msc-254460"
-14,51,0.18,"Chlamys rubida","W-Msc-254460"
-13.5,51,0.18,"Chlamys rubida","W-Msc-254460"
-13,51,0.15,"Chlamys rubida","W-Msc-254460"
-12.5,51,0.02,"Chlamys rubida","W-Msc-254460"
-12,51,0.09,"Chlamys rubida","W-Msc-254460"
-11.5,51,0.21,"Chlamys rubida","W-Msc-254460"
-11,51,0.22,"Chlamys rubida","W-Msc-254460"
-10.5,51,0.25,"Chlamys rubida","W-Msc-254460"
-10,51,0.27,"Chlamys rubida","W-Msc-254460"
-9.5,51,0.19,"Chlamys rubida","W-Msc-254460"
-9,51,0.2,"Chlamys rubida","W-Msc-254460"
-8.5,51,0.21,"Chlamys rubida","W-Msc-254460"
-8,51,0.15,"Chlamys rubida","W-Msc-254460"
-7.5,51,0.09,"Chlamys rubida","W-Msc-254460"
-7,51,0.08,"Chlamys rubida","W-Msc-254460"
-6.5,51,0.06,"Chlamys rubida","W-Msc-254460"
-6,51,0.07,"Chlamys rubida","W-Msc-254460"
-5.5,51,0.07,"Chlamys rubida","W-Msc-254460"
-5,51,0.07,"Chlamys rubida","W-Msc-254460"
-4.5,51,0.21,"Chlamys rubida","W-Msc-254460"
-4,51,0.3,"Chlamys rubida","W-Msc-254460"
-3.5,51,0.23,"Chlamys rubida","W-Msc-254460"
-3,51,0.4,"Chlamys rubida","W-Msc-254460"
-2.5,51,0.33,"Chlamys rubida","W-Msc-254460"
1,51,0.09,"Chlamys rubida","W-Msc-254460"
1.5,51,0.15,"Chlamys rubida","W-Msc-254460"
2,51,0.12,"Chlamys rubida","W-Msc-254460"
2.5,51,0.1,"Chlamys rubida","W-Msc-254460"
3,51,0.1,"Chlamys rubida","W-Msc-254460"
3.5,51,0.1,"Chlamys rubida","W-Msc-254460"
4,51,0.14,"Chlamys rubida","W-Msc-254460"
4.5,51,0.11,"Chlamys rubida","W-Msc-254460"
-144,50.5,0.21,"Chlamys rubida","W-Msc-254460"
-143,50.5,0.47,"Chlamys rubida","W-Msc-254460"
-142.5,50.5,0.22,"Chlamys rubida","W-Msc-254460"
-131,50.5,0.14,"Chlamys rubida","W-Msc-254460"
-130.5,50.5,0.41,"Chlamys rubida","W-Msc-254460"
-130,50.5,0.18,"Chlamys rubida","W-Msc-254460"
-129.5,50.5,1,"Chlamys rubida","W-Msc-254460"
-129,50.5,1,"Chlamys rubida","W-Msc-254460"
-128.5,50.5,1,"Chlamys rubida","W-Msc-254460"
-128,50.5,1,"Chlamys rubida","W-Msc-254460"
-127.5,50.5,1,"Chlamys rubida","W-Msc-254460"
-127,50.5,1,"Chlamys rubida","W-Msc-254460"
-126.5,50.5,0.57,"Chlamys rubida","W-Msc-254460"
-126,50.5,1,"Chlamys rubida","W-Msc-254460"
-14.5,50.5,0.1,"Chlamys rubida","W-Msc-254460"
-14,50.5,0.15,"Chlamys rubida","W-Msc-254460"
-13.5,50.5,0.14,"Chlamys rubida","W-Msc-254460"
-11.5,50.5,0.05,"Chlamys rubida","W-Msc-254460"
-11,50.5,0.21,"Chlamys rubida","W-Msc-254460"
-10.5,50.5,0.22,"Chlamys rubida","W-Msc-254460"
-10,50.5,0.23,"Chlamys rubida","W-Msc-254460"
-9.5,50.5,0.16,"Chlamys rubida","W-Msc-254460"
-9,50.5,0.15,"Chlamys rubida","W-Msc-254460"
-8.5,50.5,0.11,"Chlamys rubida","W-Msc-254460"
-8,50.5,0.1,"Chlamys rubida","W-Msc-254460"
-7.5,50.5,0.08,"Chlamys rubida","W-Msc-254460"
-7,50.5,0.07,"Chlamys rubida","W-Msc-254460"
-6.5,50.5,0.06,"Chlamys rubida","W-Msc-254460"
-6,50.5,0.05,"Chlamys rubida","W-Msc-254460"
-5.5,50.5,0.05,"Chlamys rubida","W-Msc-254460"
-5,50.5,0.05,"Chlamys rubida","W-Msc-254460"
-4.5,50.5,0.07,"Chlamys rubida","W-Msc-254460"
-3,50.5,0.58,"Chlamys rubida","W-Msc-254460"
-2.5,50.5,0.43,"Chlamys rubida","W-Msc-254460"
-2,50.5,0.09,"Chlamys rubida","W-Msc-254460"
-1.5,50.5,0.15,"Chlamys rubida","W-Msc-254460"
-1,50.5,0.17,"Chlamys rubida","W-Msc-254460"
-0.5,50.5,0.11,"Chlamys rubida","W-Msc-254460"
0,50.5,0.14,"Chlamys rubida","W-Msc-254460"
0.5,50.5,0.15,"Chlamys rubida","W-Msc-254460"
1,50.5,0.2,"Chlamys rubida","W-Msc-254460"
1.5,50.5,0.15,"Chlamys rubida","W-Msc-254460"
2,50.5,0.14,"Chlamys rubida","W-Msc-254460"
-142.5,50,0.25,"Chlamys rubida","W-Msc-254460"
-142,50,0.22,"Chlamys rubida","W-Msc-254460"
-141,50,0.16,"Chlamys rubida","W-Msc-254460"
-130.5,50,0.03,"Chlamys rubida","W-Msc-254460"
-130,50,0.25,"Chlamys rubida","W-Msc-254460"
-129,50,0.05,"Chlamys rubida","W-Msc-254460"
-128.5,50,0.83,"Chlamys rubida","W-Msc-254460"
-128,50,1,"Chlamys rubida","W-Msc-254460"
-127.5,50,1,"Chlamys rubida","W-Msc-254460"
-127,50,0.26,"Chlamys rubida","W-Msc-254460"
-126,50,0.47,"Chlamys rubida","W-Msc-254460"
-125.5,50,0.44,"Chlamys rubida","W-Msc-254460"
-125,50,0.86,"Chlamys rubida","W-Msc-254460"
-124.5,50,0.89,"Chlamys rubida","W-Msc-254460"
-11.5,50,0.1,"Chlamys rubida","W-Msc-254460"
-11,50,0.2,"Chlamys rubida","W-Msc-254460"
-10.5,50,0.21,"Chlamys rubida","W-Msc-254460"
-10,50,0.17,"Chlamys rubida","W-Msc-254460"
-9.5,50,0.13,"Chlamys rubida","W-Msc-254460"
-9,50,0.11,"Chlamys rubida","W-Msc-254460"
-8.5,50,0.09,"Chlamys rubida","W-Msc-254460"
-8,50,0.08,"Chlamys rubida","W-Msc-254460"
-7.5,50,0.07,"Chlamys rubida","W-Msc-254460"
-7,50,0.06,"Chlamys rubida","W-Msc-254460"
-6.5,50,0.05,"Chlamys rubida","W-Msc-254460"
-6,50,0.04,"Chlamys rubida","W-Msc-254460"
-5.5,50,0.04,"Chlamys rubida","W-Msc-254460"
-5,50,0.03,"Chlamys rubida","W-Msc-254460"
-4.5,50,0.12,"Chlamys rubida","W-Msc-254460"
-4,50,0.14,"Chlamys rubida","W-Msc-254460"
-3.5,50,0.14,"Chlamys rubida","W-Msc-254460"
-3,50,0.05,"Chlamys rubida","W-Msc-254460"
-2.5,50,0.03,"Chlamys rubida","W-Msc-254460"
-2,50,0.04,"Chlamys rubida","W-Msc-254460"
-1.5,50,0.05,"Chlamys rubida","W-Msc-254460"
-1,50,0.04,"Chlamys rubida","W-Msc-254460"
-0.5,50,0.03,"Chlamys rubida","W-Msc-254460"
0,50,0.04,"Chlamys rubida","W-Msc-254460"
0.5,50,0.06,"Chlamys rubida","W-Msc-254460"
1,50,0.15,"Chlamys rubida","W-Msc-254460"
1.5,50,0.19,"Chlamys rubida","W-Msc-254460"
2,50,0.15,"Chlamys rubida","W-Msc-254460"
-133,49.5,0.05,"Chlamys rubida","W-Msc-254460"
-132.5,49.5,0.31,"Chlamys rubida","W-Msc-254460"
-129,49.5,0.03,"Chlamys rubida","W-Msc-254460"
-128.5,49.5,0.18,"Chlamys rubida","W-Msc-254460"
-128,49.5,0.87,"Chlamys rubida","W-Msc-254460"
-127.5,49.5,1,"Chlamys rubida","W-Msc-254460"
-127,49.5,1,"Chlamys rubida","W-Msc-254460"
-126.5,49.5,0.62,"Chlamys rubida","W-Msc-254460"
-125,49.5,0.99,"Chlamys rubida","W-Msc-254460"
-124.5,49.5,0.92,"Chlamys rubida","W-Msc-254460"
-124,49.5,0.93,"Chlamys rubida","W-Msc-254460"
-123.5,49.5,0.21,"Chlamys rubida","W-Msc-254460"
-29.5,49.5,0.1,"Chlamys rubida","W-Msc-254460"
-28.5,49.5,0.06,"Chlamys rubida","W-Msc-254460"
-12.5,49.5,0.04,"Chlamys rubida","W-Msc-254460"
-12,49.5,0.08,"Chlamys rubida","W-Msc-254460"
-11.5,49.5,0.18,"Chlamys rubida","W-Msc-254460"
-11,49.5,0.19,"Chlamys rubida","W-Msc-254460"
-10.5,49.5,0.2,"Chlamys rubida","W-Msc-254460"
-10,49.5,0.16,"Chlamys rubida","W-Msc-254460"
-9.5,49.5,0.15,"Chlamys rubida","W-Msc-254460"
-9,49.5,0.13,"Chlamys rubida","W-Msc-254460"
-8.5,49.5,0.1,"Chlamys rubida","W-Msc-254460"
-8,49.5,0.08,"Chlamys rubida","W-Msc-254460"
-7.5,49.5,0.06,"Chlamys rubida","W-Msc-254460"
-7,49.5,0.05,"Chlamys rubida","W-Msc-254460"
-6.5,49.5,0.04,"Chlamys rubida","W-Msc-254460"
-6,49.5,0.04,"Chlamys rubida","W-Msc-254460"
-5.5,49.5,0.04,"Chlamys rubida","W-Msc-254460"
-5,49.5,0.04,"Chlamys rubida","W-Msc-254460"
-4.5,49.5,0.03,"Chlamys rubida","W-Msc-254460"
-4,49.5,0.02,"Chlamys rubida","W-Msc-254460"
-3.5,49.5,0.02,"Chlamys rubida","W-Msc-254460"
-3,49.5,0.02,"Chlamys rubida","W-Msc-254460"
-2.5,49.5,0.01,"Chlamys rubida","W-Msc-254460"
-2,49.5,0.02,"Chlamys rubida","W-Msc-254460"
-1.5,49.5,0.01,"Chlamys rubida","W-Msc-254460"
-1,49.5,0.02,"Chlamys rubida","W-Msc-254460"
-0.5,49.5,0.02,"Chlamys rubida","W-Msc-254460"
0,49.5,0.06,"Chlamys rubida","W-Msc-254460"
0.5,49.5,0.12,"Chlamys rubida","W-Msc-254460"
1,49.5,0.14,"Chlamys rubida","W-Msc-254460"
1.5,49.5,0.15,"Chlamys rubida","W-Msc-254460"
-139,49,0.07,"Chlamys rubida","W-Msc-254460"
-138.5,49,0.09,"Chlamys rubida","W-Msc-254460"
-133.5,49,0.02,"Chlamys rubida","W-Msc-254460"
-130.5,49,0.08,"Chlamys rubida","W-Msc-254460"
-127.5,49,0.44,"Chlamys rubida","W-Msc-254460"
-127,49,0.99,"Chlamys rubida","W-Msc-254460"
-126.5,49,1,"Chlamys rubida","W-Msc-254460"
-126,49,1,"Chlamys rubida","W-Msc-254460"
-125.5,49,0.61,"Chlamys rubida","W-Msc-254460"
-124.5,49,0.96,"Chlamys rubida","W-Msc-254460"
-124,49,0.91,"Chlamys rubida","W-Msc-254460"
-123.5,49,0.92,"Chlamys rubida","W-Msc-254460"
-123,49,0.94,"Chlamys rubida","W-Msc-254460"
-122.5,49,0.1,"Chlamys rubida","W-Msc-254460"
-27.5,49,0.02,"Chlamys rubida","W-Msc-254460"
-12.5,49,0.07,"Chlamys rubida","W-Msc-254460"
-12,49,0.11,"Chlamys rubida","W-Msc-254460"
-11.5,49,0.17,"Chlamys rubida","W-Msc-254460"
-11,49,0.19,"Chlamys rubida","W-Msc-254460"
-10.5,49,0.2,"Chlamys rubida","W-Msc-254460"
-10,49,0.2,"Chlamys rubida","W-Msc-254460"
-9.5,49,0.2,"Chlamys rubida","W-Msc-254460"
-9,49,0.17,"Chlamys rubida","W-Msc-254460"
-8.5,49,0.13,"Chlamys rubida","W-Msc-254460"
-8,49,0.11,"Chlamys rubida","W-Msc-254460"
-7.5,49,0.09,"Chlamys rubida","W-Msc-254460"
-7,49,0.06,"Chlamys rubida","W-Msc-254460"
-6.5,49,0.05,"Chlamys rubida","W-Msc-254460"
-6,49,0.04,"Chlamys rubida","W-Msc-254460"
-5.5,49,0.03,"Chlamys rubida","W-Msc-254460"
-5,49,0.03,"Chlamys rubida","W-Msc-254460"
-4.5,49,0.02,"Chlamys rubida","W-Msc-254460"
-4,49,0.02,"Chlamys rubida","W-Msc-254460"
-3.5,49,0.02,"Chlamys rubida","W-Msc-254460"
-3,49,0.02,"Chlamys rubida","W-Msc-254460"
-2.5,49,0.01,"Chlamys rubida","W-Msc-254460"
-2,49,0.04,"Chlamys rubida","W-Msc-254460"
-1.5,49,0.08,"Chlamys rubida","W-Msc-254460"
-1,49,0.12,"Chlamys rubida","W-Msc-254460"
-0.5,49,0.06,"Chlamys rubida","W-Msc-254460"
0,49,0.09,"Chlamys rubida","W-Msc-254460"
0.5,49,0.13,"Chlamys rubida","W-Msc-254460"
-133.5,48.5,0.27,"Chlamys rubida","W-Msc-254460"
-133,48.5,0.22,"Chlamys rubida","W-Msc-254460"
-129.5,48.5,0.07,"Chlamys rubida","W-Msc-254460"
-127,48.5,0.19,"Chlamys rubida","W-Msc-254460"
-126.5,48.5,0.98,"Chlamys rubida","W-Msc-254460"
-126,48.5,0.99,"Chlamys rubida","W-Msc-254460"
-125.5,48.5,0.85,"Chlamys rubida","W-Msc-254460"
-125,48.5,0.84,"Chlamys rubida","W-Msc-254460"
-124.5,48.5,1,"Chlamys rubida","W-Msc-254460"
-124,48.5,0.95,"Chlamys rubida","W-Msc-254460"
-123.5,48.5,0.2,"Chlamys rubida","W-Msc-254460"
-123,48.5,0.9,"Chlamys rubida","W-Msc-254460"
-122.5,48.5,0.62,"Chlamys rubida","W-Msc-254460"
-122,48.5,0.14,"Chlamys rubida","W-Msc-254460"
-28,48.5,0.1,"Chlamys rubida","W-Msc-254460"
-27.5,48.5,0.04,"Chlamys rubida","W-Msc-254460"
-12,48.5,0.07,"Chlamys rubida","W-Msc-254460"
-11.5,48.5,0.07,"Chlamys rubida","W-Msc-254460"
-11,48.5,0.16,"Chlamys rubida","W-Msc-254460"
-10.5,48.5,0.18,"Chlamys rubida","W-Msc-254460"
-10,48.5,0.18,"Chlamys rubida","W-Msc-254460"
-9.5,48.5,0.19,"Chlamys rubida","W-Msc-254460"
-9,48.5,0.19,"Chlamys rubida","W-Msc-254460"
-8.5,48.5,0.18,"Chlamys rubida","W-Msc-254460"
-8,48.5,0.15,"Chlamys rubida","W-Msc-254460"
-7.5,48.5,0.12,"Chlamys rubida","W-Msc-254460"
-7,48.5,0.08,"Chlamys rubida","W-Msc-254460"
-6.5,48.5,0.07,"Chlamys rubida","W-Msc-254460"
-6,48.5,0.05,"Chlamys rubida","W-Msc-254460"
-5.5,48.5,0.04,"Chlamys rubida","W-Msc-254460"
-5,48.5,0.04,"Chlamys rubida","W-Msc-254460"
-4.5,48.5,0.04,"Chlamys rubida","W-Msc-254460"
-4,48.5,0.11,"Chlamys rubida","W-Msc-254460"
-3.5,48.5,0.06,"Chlamys rubida","W-Msc-254460"
-3,48.5,0.02,"Chlamys rubida","W-Msc-254460"
-2.5,48.5,0.22,"Chlamys rubida","W-Msc-254460"
-2,48.5,0.04,"Chlamys rubida","W-Msc-254460"
-1.5,48.5,0.22,"Chlamys rubida","W-Msc-254460"
-1,48.5,0.07,"Chlamys rubida","W-Msc-254460"
-133,48,0.32,"Chlamys rubida","W-Msc-254460"
-132.5,48,0.43,"Chlamys rubida","W-Msc-254460"
-130,48,0.2,"Chlamys rubida","W-Msc-254460"
-129,48,0.13,"Chlamys rubida","W-Msc-254460"
-126.5,48,0.12,"Chlamys rubida","W-Msc-254460"
-126,48,0.95,"Chlamys rubida","W-Msc-254460"
-125.5,48,0.97,"Chlamys rubida","W-Msc-254460"
-125,48,1,"Chlamys rubida","W-Msc-254460"
-124.5,48,1,"Chlamys rubida","W-Msc-254460"
-124,48,1,"Chlamys rubida","W-Msc-254460"
-123.5,48,0.83,"Chlamys rubida","W-Msc-254460"
-123,48,0.78,"Chlamys rubida","W-Msc-254460"
-122.5,48,0.62,"Chlamys rubida","W-Msc-254460"
-122,48,0.67,"Chlamys rubida","W-Msc-254460"
-27.5,48,0.03,"Chlamys rubida","W-Msc-254460"
-11.5,48,0.1,"Chlamys rubida","W-Msc-254460"
-10,48,0.09,"Chlamys rubida","W-Msc-254460"
-9.5,48,0.18,"Chlamys rubida","W-Msc-254460"
-9,48,0.17,"Chlamys rubida","W-Msc-254460"
-8.5,48,0.18,"Chlamys rubida","W-Msc-254460"
-8,48,0.17,"Chlamys rubida","W-Msc-254460"
-7.5,48,0.15,"Chlamys rubida","W-Msc-254460"
-7,48,0.13,"Chlamys rubida","W-Msc-254460"
-6.5,48,0.11,"Chlamys rubida","W-Msc-254460"
-6,48,0.09,"Chlamys rubida","W-Msc-254460"
-5.5,48,0.05,"Chlamys rubida","W-Msc-254460"
-5,48,0.05,"Chlamys rubida","W-Msc-254460"
-4.5,48,0.07,"Chlamys rubida","W-Msc-254460"
-4,48,0.12,"Chlamys rubida","W-Msc-254460"
-131.5,47.5,0.11,"Chlamys rubida","W-Msc-254460"
-130,47.5,0.09,"Chlamys rubida","W-Msc-254460"
-126,47.5,0.26,"Chlamys rubida","W-Msc-254460"
-125.5,47.5,0.88,"Chlamys rubida","W-Msc-254460"
-125,47.5,0.95,"Chlamys rubida","W-Msc-254460"
-124.5,47.5,0.93,"Chlamys rubida","W-Msc-254460"
-124,47.5,0.24,"Chlamys rubida","W-Msc-254460"
-122,47.5,0.48,"Chlamys rubida","W-Msc-254460"
-27.5,47.5,0.02,"Chlamys rubida","W-Msc-254460"
-27,47.5,0.01,"Chlamys rubida","W-Msc-254460"
-8.5,47.5,0.03,"Chlamys rubida","W-Msc-254460"
-8,47.5,0.17,"Chlamys rubida","W-Msc-254460"
-7.5,47.5,0.17,"Chlamys rubida","W-Msc-254460"
-7,47.5,0.14,"Chlamys rubida","W-Msc-254460"
-6.5,47.5,0.12,"Chlamys rubida","W-Msc-254460"
-6,47.5,0.1,"Chlamys rubida","W-Msc-254460"
-5.5,47.5,0.08,"Chlamys rubida","W-Msc-254460"
-5,47.5,0.07,"Chlamys rubida","W-Msc-254460"
-4.5,47.5,0.07,"Chlamys rubida","W-Msc-254460"
-4,47.5,0.11,"Chlamys rubida","W-Msc-254460"
-3.5,47.5,0.14,"Chlamys rubida","W-Msc-254460"
-3,47.5,0.23,"Chlamys rubida","W-Msc-254460"
-2.5,47.5,0.24,"Chlamys rubida","W-Msc-254460"
-2,47.5,0.01,"Chlamys rubida","W-Msc-254460"
-131,47,0.01,"Chlamys rubida","W-Msc-254460"
-125.5,47,0.38,"Chlamys rubida","W-Msc-254460"
-125,47,0.92,"Chlamys rubida","W-Msc-254460"
-124.5,47,0.92,"Chlamys rubida","W-Msc-254460"
-124,47,0.4,"Chlamys rubida","W-Msc-254460"
-122,47,0.21,"Chlamys rubida","W-Msc-254460"
-27.5,47,0.02,"Chlamys rubida","W-Msc-254460"
-27,47,0.03,"Chlamys rubida","W-Msc-254460"
-7,47,0.04,"Chlamys rubida","W-Msc-254460"
-6.5,47,0.15,"Chlamys rubida","W-Msc-254460"
-6,47,0.12,"Chlamys rubida","W-Msc-254460"
-5.5,47,0.09,"Chlamys rubida","W-Msc-254460"
-5,47,0.09,"Chlamys rubida","W-Msc-254460"
-4.5,47,0.06,"Chlamys rubida","W-Msc-254460"
-4,47,0.07,"Chlamys rubida","W-Msc-254460"
-3.5,47,0.09,"Chlamys rubida","W-Msc-254460"
-3,47,0.24,"Chlamys rubida","W-Msc-254460"
-2.5,47,0.33,"Chlamys rubida","W-Msc-254460"
-2,47,0.04,"Chlamys rubida","W-Msc-254460"
-1.5,47,0.02,"Chlamys rubida","W-Msc-254460"
-131,46.5,0.35,"Chlamys rubida","W-Msc-254460"
-130.5,46.5,0.37,"Chlamys rubida","W-Msc-254460"
-129.5,46.5,0.05,"Chlamys rubida","W-Msc-254460"
-125,46.5,0.89,"Chlamys rubida","W-Msc-254460"
-124.5,46.5,0.91,"Chlamys rubida","W-Msc-254460"
-124,46.5,0.09,"Chlamys rubida","W-Msc-254460"
-5.5,46.5,0.09,"Chlamys rubida","W-Msc-254460"
-5,46.5,0.08,"Chlamys rubida","W-Msc-254460"
-4.5,46.5,0.07,"Chlamys rubida","W-Msc-254460"
-4,46.5,0.06,"Chlamys rubida","W-Msc-254460"
-3.5,46.5,0.07,"Chlamys rubida","W-Msc-254460"
-3,46.5,0.08,"Chlamys rubida","W-Msc-254460"
-2.5,46.5,0.14,"Chlamys rubida","W-Msc-254460"
-2,46.5,0.17,"Chlamys rubida","W-Msc-254460"
-1.5,46.5,0.11,"Chlamys rubida","W-Msc-254460"
-130.5,46,0.25,"Chlamys rubida","W-Msc-254460"
-130,46,0.37,"Chlamys rubida","W-Msc-254460"
-129.5,46,0.03,"Chlamys rubida","W-Msc-254460"
-125,46,0.34,"Chlamys rubida","W-Msc-254460"
-124.5,46,0.74,"Chlamys rubida","W-Msc-254460"
-27,46,0.01,"Chlamys rubida","W-Msc-254460"
-4.5,46,0.07,"Chlamys rubida","W-Msc-254460"
-4,46,0.06,"Chlamys rubida","W-Msc-254460"
-3.5,46,0.07,"Chlamys rubida","W-Msc-254460"
-3,46,0.07,"Chlamys rubida","W-Msc-254460"
-2.5,46,0.06,"Chlamys rubida","W-Msc-254460"
-2,46,0.06,"Chlamys rubida","W-Msc-254460"
-1.5,46,0.08,"Chlamys rubida","W-Msc-254460"
-1,46,0.1,"Chlamys rubida","W-Msc-254460"
-130,45.5,0.18,"Chlamys rubida","W-Msc-254460"
-129.5,45.5,0.04,"Chlamys rubida","W-Msc-254460"
-125,45.5,0.74,"Chlamys rubida","W-Msc-254460"
-124.5,45.5,0.87,"Chlamys rubida","W-Msc-254460"
-124,45.5,0.11,"Chlamys rubida","W-Msc-254460"
-28,45.5,0.01,"Chlamys rubida","W-Msc-254460"
-27,45.5,0.03,"Chlamys rubida","W-Msc-254460"
-3.5,45.5,0.06,"Chlamys rubida","W-Msc-254460"
-3,45.5,0.07,"Chlamys rubida","W-Msc-254460"
-2.5,45.5,0.08,"Chlamys rubida","W-Msc-254460"
-2,45.5,0.06,"Chlamys rubida","W-Msc-254460"
-1.5,45.5,0.06,"Chlamys rubida","W-Msc-254460"
-1,45.5,0.15,"Chlamys rubida","W-Msc-254460"
-0.5,45.5,0.01,"Chlamys rubida","W-Msc-254460"
-125,45,0.38,"Chlamys rubida","W-Msc-254460"
-124.5,45,0.86,"Chlamys rubida","W-Msc-254460"
-124,45,0.33,"Chlamys rubida","W-Msc-254460"
-123.5,45,0.12,"Chlamys rubida","W-Msc-254460"
-28,45,0.04,"Chlamys rubida","W-Msc-254460"
-27.5,45,0.03,"Chlamys rubida","W-Msc-254460"
-3,45,0.06,"Chlamys rubida","W-Msc-254460"
-2.5,45,0.08,"Chlamys rubida","W-Msc-254460"
-2,45,0.09,"Chlamys rubida","W-Msc-254460"
-1.5,45,0.1,"Chlamys rubida","W-Msc-254460"
-1,45,0.22,"Chlamys rubida","W-Msc-254460"
-0.5,45,0.1,"Chlamys rubida","W-Msc-254460"
-125,44.5,0.83,"Chlamys rubida","W-Msc-254460"
-124.5,44.5,0.71,"Chlamys rubida","W-Msc-254460"
-124,44.5,0.44,"Chlamys rubida","W-Msc-254460"
-34,44.5,0.02,"Chlamys rubida","W-Msc-254460"
-28,44.5,0.01,"Chlamys rubida","W-Msc-254460"
-2,44.5,0.08,"Chlamys rubida","W-Msc-254460"
-1.5,44.5,0.15,"Chlamys rubida","W-Msc-254460"
-1,44.5,0.28,"Chlamys rubida","W-Msc-254460"
-125,44,0.65,"Chlamys rubida","W-Msc-254460"
-124.5,44,0.78,"Chlamys rubida","W-Msc-254460"
-124,44,0.41,"Chlamys rubida","W-Msc-254460"
-28.5,44,0.01,"Chlamys rubida","W-Msc-254460"
-9,44,0.04,"Chlamys rubida","W-Msc-254460"
-8.5,44,0.06,"Chlamys rubida","W-Msc-254460"
-8,44,0.07,"Chlamys rubida","W-Msc-254460"
-7.5,44,0.07,"Chlamys rubida","W-Msc-254460"
-7,44,0.07,"Chlamys rubida","W-Msc-254460"
-6.5,44,0.07,"Chlamys rubida","W-Msc-254460"
-6,44,0.02,"Chlamys rubida","W-Msc-254460"
-5.5,44,0.03,"Chlamys rubida","W-Msc-254460"
-5,44,0.06,"Chlamys rubida","W-Msc-254460"
-4.5,44,0.05,"Chlamys rubida","W-Msc-254460"
-4,44,0.02,"Chlamys rubida","W-Msc-254460"
-2.5,44,0.03,"Chlamys rubida","W-Msc-254460"
-2,44,0.09,"Chlamys rubida","W-Msc-254460"
-1.5,44,0.18,"Chlamys rubida","W-Msc-254460"
-1,44,0.24,"Chlamys rubida","W-Msc-254460"
-125,43.5,0.53,"Chlamys rubida","W-Msc-254460"
-124.5,43.5,0.88,"Chlamys rubida","W-Msc-254460"
-124,43.5,0.39,"Chlamys rubida","W-Msc-254460"
-28.5,43.5,0.01,"Chlamys rubida","W-Msc-254460"
-22.5,43.5,0.03,"Chlamys rubida","W-Msc-254460"
-22,43.5,0.04,"Chlamys rubida","W-Msc-254460"
-9.5,43.5,0.03,"Chlamys rubida","W-Msc-254460"
-9,43.5,0.08,"Chlamys rubida","W-Msc-254460"
-8.5,43.5,0.11,"Chlamys rubida","W-Msc-254460"
-8,43.5,0.15,"Chlamys rubida","W-Msc-254460"
-7.5,43.5,0.14,"Chlamys rubida","W-Msc-254460"
-7,43.5,0.16,"Chlamys rubida","W-Msc-254460"
-6.5,43.5,0.15,"Chlamys rubida","W-Msc-254460"
-6,43.5,0.11,"Chlamys rubida","W-Msc-254460"
-5.5,43.5,0.14,"Chlamys rubida","W-Msc-254460"
-5,43.5,0.12,"Chlamys rubida","W-Msc-254460"
-4.5,43.5,0.09,"Chlamys rubida","W-Msc-254460"
-4,43.5,0.08,"Chlamys rubida","W-Msc-254460"
-3.5,43.5,0.09,"Chlamys rubida","W-Msc-254460"
-3,43.5,0.1,"Chlamys rubida","W-Msc-254460"
-2.5,43.5,0.1,"Chlamys rubida","W-Msc-254460"
-2,43.5,0.1,"Chlamys rubida","W-Msc-254460"
-1.5,43.5,0.2,"Chlamys rubida","W-Msc-254460"
-1,43.5,0.12,"Chlamys rubida","W-Msc-254460"
-125,43,0.54,"Chlamys rubida","W-Msc-254460"
-124.5,43,0.6,"Chlamys rubida","W-Msc-254460"
-124,43,0.25,"Chlamys rubida","W-Msc-254460"
-29,43,0.02,"Chlamys rubida","W-Msc-254460"
-25.5,43,0.01,"Chlamys rubida","W-Msc-254460"
-12,43,0.01,"Chlamys rubida","W-Msc-254460"
-11.5,43,0.01,"Chlamys rubida","W-Msc-254460"
-9.5,43,0.08,"Chlamys rubida","W-Msc-254460"
-9,43,0.16,"Chlamys rubida","W-Msc-254460"
-8.5,43,0.13,"Chlamys rubida","W-Msc-254460"
-8,43,0.08,"Chlamys rubida","W-Msc-254460"
-4.5,43,0.11,"Chlamys rubida","W-Msc-254460"
-4,43,0.05,"Chlamys rubida","W-Msc-254460"
-3,43,0.03,"Chlamys rubida","W-Msc-254460"
-2.5,43,0.03,"Chlamys rubida","W-Msc-254460"
-2,43,0.07,"Chlamys rubida","W-Msc-254460"
-1.5,43,0.1,"Chlamys rubida","W-Msc-254460"
-125,42.5,0.28,"Chlamys rubida","W-Msc-254460"
-124.5,42.5,0.55,"Chlamys rubida","W-Msc-254460"
-124,42.5,0.16,"Chlamys rubida","W-Msc-254460"
-29,42.5,0.02,"Chlamys rubida","W-Msc-254460"
-28.5,42.5,0.01,"Chlamys rubida","W-Msc-254460"
-12,42.5,0.01,"Chlamys rubida","W-Msc-254460"
-11.5,42.5,0.03,"Chlamys rubida","W-Msc-254460"
-11,42.5,0.02,"Chlamys rubida","W-Msc-254460"
-9.5,42.5,0.08,"Chlamys rubida","W-Msc-254460"
-9,42.5,0.17,"Chlamys rubida","W-Msc-254460"
-125,42,0.45,"Chlamys rubida","W-Msc-254460"
-124.5,42,0.5,"Chlamys rubida","W-Msc-254460"
-124,42,0.11,"Chlamys rubida","W-Msc-254460"
-29,42,0.01,"Chlamys rubida","W-Msc-254460"
-11,42,0.01,"Chlamys rubida","W-Msc-254460"
-9.5,42,0.03,"Chlamys rubida","W-Msc-254460"
-9,42,0.17,"Chlamys rubida","W-Msc-254460"
-8.5,42,0.13,"Chlamys rubida","W-Msc-254460"
-125,41.5,0.39,"Chlamys rubida","W-Msc-254460"
-124.5,41.5,0.61,"Chlamys rubida","W-Msc-254460"
-124,41.5,0.02,"Chlamys rubida","W-Msc-254460"
-30.5,41.5,0.02,"Chlamys rubida","W-Msc-254460"
-29.5,41.5,0.01,"Chlamys rubida","W-Msc-254460"
-29,41.5,0.01,"Chlamys rubida","W-Msc-254460"
-9,41.5,0.19,"Chlamys rubida","W-Msc-254460"
-8.5,41.5,0.21,"Chlamys rubida","W-Msc-254460"
-124.5,41,0.72,"Chlamys rubida","W-Msc-254460"
-124,41,0.04,"Chlamys rubida","W-Msc-254460"
-29.5,41,0.01,"Chlamys rubida","W-Msc-254460"
-29,41,0.01,"Chlamys rubida","W-Msc-254460"
-28.5,41,0.01,"Chlamys rubida","W-Msc-254460"
-9,41,0.2,"Chlamys rubida","W-Msc-254460"
-8.5,41,0.25,"Chlamys rubida","W-Msc-254460"
-130,40.5,0.09,"Chlamys rubida","W-Msc-254460"
-128.5,40.5,0.04,"Chlamys rubida","W-Msc-254460"
-124.5,40.5,0.62,"Chlamys rubida","W-Msc-254460"
-124,40.5,0.26,"Chlamys rubida","W-Msc-254460"
-29.5,40.5,0.01,"Chlamys rubida","W-Msc-254460"
-29,40.5,0.01,"Chlamys rubida","W-Msc-254460"
-28.5,40.5,0.02,"Chlamys rubida","W-Msc-254460"
-26.5,40.5,0.01,"Chlamys rubida","W-Msc-254460"
-9.5,40.5,0.03,"Chlamys rubida","W-Msc-254460"
-9,40.5,0.18,"Chlamys rubida","W-Msc-254460"
-8.5,40.5,0.11,"Chlamys rubida","W-Msc-254460"
-127.5,40,0.19,"Chlamys rubida","W-Msc-254460"
-127,40,0.07,"Chlamys rubida","W-Msc-254460"
-125,40,0.42,"Chlamys rubida","W-Msc-254460"
-124.5,40,0.69,"Chlamys rubida","W-Msc-254460"
-124,40,0.42,"Chlamys rubida","W-Msc-254460"
-29.5,40,0.01,"Chlamys rubida","W-Msc-254460"
-29,40,0.01,"Chlamys rubida","W-Msc-254460"
-27,40,0.01,"Chlamys rubida","W-Msc-254460"
-26.5,40,0.02,"Chlamys rubida","W-Msc-254460"
-9.5,40,0.04,"Chlamys rubida","W-Msc-254460"
-9,40,0.17,"Chlamys rubida","W-Msc-254460"
-8.5,40,0.09,"Chlamys rubida","W-Msc-254460"
-125,39.5,0.18,"Chlamys rubida","W-Msc-254460"
-124.5,39.5,0.56,"Chlamys rubida","W-Msc-254460"
-124,39.5,0.59,"Chlamys rubida","W-Msc-254460"
-123.5,39.5,0.11,"Chlamys rubida","W-Msc-254460"
-31,39.5,0.01,"Chlamys rubida","W-Msc-254460"
-30.5,39.5,0.01,"Chlamys rubida","W-Msc-254460"
-29.5,39.5,0.01,"Chlamys rubida","W-Msc-254460"
-29,39.5,0.02,"Chlamys rubida","W-Msc-254460"
-28.5,39.5,0.01,"Chlamys rubida","W-Msc-254460"
-27,39.5,0.01,"Chlamys rubida","W-Msc-254460"
-26.5,39.5,0.02,"Chlamys rubida","W-Msc-254460"
-9.5,39.5,0.06,"Chlamys rubida","W-Msc-254460"
-9,39.5,0.18,"Chlamys rubida","W-Msc-254460"
-8.5,39.5,0.02,"Chlamys rubida","W-Msc-254460"
-146,39,0.03,"Chlamys rubida","W-Msc-254460"
-124,39,0.67,"Chlamys rubida","W-Msc-254460"
-123.5,39,0.27,"Chlamys rubida","W-Msc-254460"
-31.5,39,0.01,"Chlamys rubida","W-Msc-254460"
-31,39,0.01,"Chlamys rubida","W-Msc-254460"
-30,39,0.01,"Chlamys rubida","W-Msc-254460"
-29.5,39,0.01,"Chlamys rubida","W-Msc-254460"
-28.5,39,0.01,"Chlamys rubida","W-Msc-254460"
-28,39,0.01,"Chlamys rubida","W-Msc-254460"
-27.5,39,0.01,"Chlamys rubida","W-Msc-254460"
-27,39,0.01,"Chlamys rubida","W-Msc-254460"
-26.5,39,0.01,"Chlamys rubida","W-Msc-254460"
-10,39,0.03,"Chlamys rubida","W-Msc-254460"
-9.5,39,0.13,"Chlamys rubida","W-Msc-254460"
-9,39,0.1,"Chlamys rubida","W-Msc-254460"
-124,38.5,0.63,"Chlamys rubida","W-Msc-254460"
-123.5,38.5,0.35,"Chlamys rubida","W-Msc-254460"
-31.5,38.5,0.01,"Chlamys rubida","W-Msc-254460"
-31,38.5,0.01,"Chlamys rubida","W-Msc-254460"
-30,38.5,0.01,"Chlamys rubida","W-Msc-254460"
-29.5,38.5,0.01,"Chlamys rubida","W-Msc-254460"
-29,38.5,0.01,"Chlamys rubida","W-Msc-254460"
-28.5,38.5,0.01,"Chlamys rubida","W-Msc-254460"
-28,38.5,0.01,"Chlamys rubida","W-Msc-254460"
-27.5,38.5,0.02,"Chlamys rubida","W-Msc-254460"
-27,38.5,0.01,"Chlamys rubida","W-Msc-254460"
-26.5,38.5,0.02,"Chlamys rubida","W-Msc-254460"
-26,38.5,0.01,"Chlamys rubida","W-Msc-254460"
-10,38.5,0.01,"Chlamys rubida","W-Msc-254460"
-9.5,38.5,0.06,"Chlamys rubida","W-Msc-254460"
-9,38.5,0.11,"Chlamys rubida","W-Msc-254460"
-8.5,38.5,0.03,"Chlamys rubida","W-Msc-254460"
-146,38,0.06,"Chlamys rubida","W-Msc-254460"
-123.5,38,0.77,"Chlamys rubida","W-Msc-254460"
-123,38,0.31,"Chlamys rubida","W-Msc-254460"
-31.5,38,0.01,"Chlamys rubida","W-Msc-254460"
-30.5,38,0.01,"Chlamys rubida","W-Msc-254460"
-30,38,0.01,"Chlamys rubida","W-Msc-254460"
-29.5,38,0.01,"Chlamys rubida","W-Msc-254460"
-29,38,0.01,"Chlamys rubida","W-Msc-254460"
-28.5,38,0.01,"Chlamys rubida","W-Msc-254460"
-28,38,0.01,"Chlamys rubida","W-Msc-254460"
-27.5,38,0.01,"Chlamys rubida","W-Msc-254460"
-27,38,0.01,"Chlamys rubida","W-Msc-254460"
-26.5,38,0.01,"Chlamys rubida","W-Msc-254460"
-26,38,0.01,"Chlamys rubida","W-Msc-254460"
-25.5,38,0.01,"Chlamys rubida","W-Msc-254460"
-9.5,38,0.01,"Chlamys rubida","W-Msc-254460"
-9,38,0.06,"Chlamys rubida","W-Msc-254460"
-8.5,38,0.09,"Chlamys rubida","W-Msc-254460"
-123,37.5,0.42,"Chlamys rubida","W-Msc-254460"
-30.5,37.5,0.01,"Chlamys rubida","W-Msc-254460"
-29.5,37.5,0.01,"Chlamys rubida","W-Msc-254460"
-29,37.5,0.01,"Chlamys rubida","W-Msc-254460"
-28.5,37.5,0.01,"Chlamys rubida","W-Msc-254460"
-25.5,37.5,0.01,"Chlamys rubida","W-Msc-254460"
-25,37.5,0.01,"Chlamys rubida","W-Msc-254460"
-24.5,37.5,0.01,"Chlamys rubida","W-Msc-254460"
-9,37.5,0.03,"Chlamys rubida","W-Msc-254460"
-8.5,37.5,0.05,"Chlamys rubida","W-Msc-254460"
-123,37,0.47,"Chlamys rubida","W-Msc-254460"
-9,37,0.02,"Chlamys rubida","W-Msc-254460"
-8.5,37,0.02,"Chlamys rubida","W-Msc-254460"
-8,37,0.01,"Chlamys rubida","W-Msc-254460"
-7.5,37,0.02,"Chlamys rubida","W-Msc-254460"
-7,37,0.04,"Chlamys rubida","W-Msc-254460"
-6.5,37,0.02,"Chlamys rubida","W-Msc-254460"
-122.5,36.5,0.3,"Chlamys rubida","W-Msc-254460"
-8.5,36.5,0.01,"Chlamys rubida","W-Msc-254460"
-8,36.5,0.01,"Chlamys rubida","W-Msc-254460"
-7.5,36.5,0.01,"Chlamys rubida","W-Msc-254460"
-7,36.5,0.01,"Chlamys rubida","W-Msc-254460"
-6.5,36.5,0.06,"Chlamys rubida","W-Msc-254460"
-6,36.5,0.02,"Chlamys rubida","W-Msc-254460"
-122,36,0.31,"Chlamys rubida","W-Msc-254460"
-121.5,36,0.09,"Chlamys rubida","W-Msc-254460"
-6.5,36,0.01,"Chlamys rubida","W-Msc-254460"
-6,36,0.04,"Chlamys rubida","W-Msc-254460"
-5.5,36,0.03,"Chlamys rubida","W-Msc-254460"
-122,35.5,0.47,"Chlamys rubida","W-Msc-254460"
-121.5,35.5,0.44,"Chlamys rubida","W-Msc-254460"
-121,35.5,0.15,"Chlamys rubida","W-Msc-254460"
-121.5,35,0.61,"Chlamys rubida","W-Msc-254460"
-121,35,0.39,"Chlamys rubida","W-Msc-254460"
-120.5,35,0.2,"Chlamys rubida","W-Msc-254460"
-121.5,34.5,0.58,"Chlamys rubida","W-Msc-254460"
-121,34.5,0.59,"Chlamys rubida","W-Msc-254460"
-120.5,34.5,0.24,"Chlamys rubida","W-Msc-254460"
-120,34.5,0.02,"Chlamys rubida","W-Msc-254460"
-121,34,0.57,"Chlamys rubida","W-Msc-254460"
-120.5,34,0.58,"Chlamys rubida","W-Msc-254460"
-120,34,0.44,"Chlamys rubida","W-Msc-254460"
-119.5,34,0.27,"Chlamys rubida","W-Msc-254460"
-119,34,0.21,"Chlamys rubida","W-Msc-254460"
-118.5,34,0.18,"Chlamys rubida","W-Msc-254460"
-118,34,0.02,"Chlamys rubida","W-Msc-254460"
-120.5,33.5,0.42,"Chlamys rubida","W-Msc-254460"
-120,33.5,0.52,"Chlamys rubida","W-Msc-254460"
-119.5,33.5,0.46,"Chlamys rubida","W-Msc-254460"
-119,33.5,0.41,"Chlamys rubida","W-Msc-254460"
-118.5,33.5,0.27,"Chlamys rubida","W-Msc-254460"
-118,33.5,0.19,"Chlamys rubida","W-Msc-254460"
-117.5,33.5,0.22,"Chlamys rubida","W-Msc-254460"
-120.5,33,0.25,"Chlamys rubida","W-Msc-254460"
-120,33,0.49,"Chlamys rubida","W-Msc-254460"
-119.5,33,0.49,"Chlamys rubida","W-Msc-254460"
-119,33,0.43,"Chlamys rubida","W-Msc-254460"
-118.5,33,0.38,"Chlamys rubida","W-Msc-254460"
-118,33,0.35,"Chlamys rubida","W-Msc-254460"
-117.5,33,0.25,"Chlamys rubida","W-Msc-254460"
-117,33,0.22,"Chlamys rubida","W-Msc-254460"
-127.5,32.5,0.04,"Chlamys rubida","W-Msc-254460"
-120,32.5,0.27,"Chlamys rubida","W-Msc-254460"
-119.5,32.5,0.3,"Chlamys rubida","W-Msc-254460"
-119,32.5,0.32,"Chlamys rubida","W-Msc-254460"
-118.5,32.5,0.36,"Chlamys rubida","W-Msc-254460"
-118,32.5,0.36,"Chlamys rubida","W-Msc-254460"
-117.5,32.5,0.33,"Chlamys rubida","W-Msc-254460"
-117,32.5,0.2,"Chlamys rubida","W-Msc-254460"
-127.5,32,0.04,"Chlamys rubida","W-Msc-254460"
-126.5,32,0.02,"Chlamys rubida","W-Msc-254460"
-120,32,0.09,"Chlamys rubida","W-Msc-254460"
-119.5,32,0.2,"Chlamys rubida","W-Msc-254460"
-119,32,0.23,"Chlamys rubida","W-Msc-254460"
-118.5,32,0.29,"Chlamys rubida","W-Msc-254460"
-118,32,0.37,"Chlamys rubida","W-Msc-254460"
-117.5,32,0.33,"Chlamys rubida","W-Msc-254460"
-117,32,0.3,"Chlamys rubida","W-Msc-254460"
-116.5,32,0.22,"Chlamys rubida","W-Msc-254460"
-119.5,31.5,0.02,"Chlamys rubida","W-Msc-254460"
-119,31.5,0.17,"Chlamys rubida","W-Msc-254460"
-118.5,31.5,0.17,"Chlamys rubida","W-Msc-254460"
-118,31.5,0.23,"Chlamys rubida","W-Msc-254460"
-117.5,31.5,0.35,"Chlamys rubida","W-Msc-254460"
-117,31.5,0.35,"Chlamys rubida","W-Msc-254460"
-116.5,31.5,0.2,"Chlamys rubida","W-Msc-254460"
-119,31,0.12,"Chlamys rubida","W-Msc-254460"
-118.5,31,0.15,"Chlamys rubida","W-Msc-254460"
-118,31,0.2,"Chlamys rubida","W-Msc-254460"
-117.5,31,0.21,"Chlamys rubida","W-Msc-254460"
-117,31,0.19,"Chlamys rubida","W-Msc-254460"
-116.5,31,0.29,"Chlamys rubida","W-Msc-254460"
-116,31,0.23,"Chlamys rubida","W-Msc-254460"
-118,30.5,0.03,"Chlamys rubida","W-Msc-254460"
-117.5,30.5,0.13,"Chlamys rubida","W-Msc-254460"
-117,30.5,0.31,"Chlamys rubida","W-Msc-254460"
-116.5,30.5,0.21,"Chlamys rubida","W-Msc-254460"
-116,30.5,0.21,"Chlamys rubida","W-Msc-254460"
-115.5,30.5,0.02,"Chlamys rubida","W-Msc-254460"
-122.5,30,0.02,"Chlamys rubida","W-Msc-254460"
-120,30,0.03,"Chlamys rubida","W-Msc-254460"
-119.5,30,0.02,"Chlamys rubida","W-Msc-254460"
-117.5,30,0.14,"Chlamys rubida","W-Msc-254460"
-117,30,0.1,"Chlamys rubida","W-Msc-254460"
-116.5,30,0.18,"Chlamys rubida","W-Msc-254460"
-116,30,0.33,"Chlamys rubida","W-Msc-254460"
-115.5,30,0.22,"Chlamys rubida","W-Msc-254460"
-114.5,30,0.01,"Chlamys rubida","W-Msc-254460"
-117,29.5,0.24,"Chlamys rubida","W-Msc-254460"
-116.5,29.5,0.32,"Chlamys rubida","W-Msc-254460"
-116,29.5,0.34,"Chlamys rubida","W-Msc-254460"
-115.5,29.5,0.17,"Chlamys rubida","W-Msc-254460"
-115,29.5,0.07,"Chlamys rubida","W-Msc-254460"
-118,29,0.25,"Chlamys rubida","W-Msc-254460"
-117,29,0.14,"Chlamys rubida","W-Msc-254460"
-116.5,29,0.28,"Chlamys rubida","W-Msc-254460"
-116,29,0.32,"Chlamys rubida","W-Msc-254460"
-115.5,29,0.35,"Chlamys rubida","W-Msc-254460"
-115,29,0.28,"Chlamys rubida","W-Msc-254460"
-114.5,29,0.17,"Chlamys rubida","W-Msc-254460"
-113.5,29,0.04,"Chlamys rubida","W-Msc-254460"
-113,29,0.01,"Chlamys rubida","W-Msc-254460"
-118,28.5,0.21,"Chlamys rubida","W-Msc-254460"
-116,28.5,0.24,"Chlamys rubida","W-Msc-254460"
-115.5,28.5,0.32,"Chlamys rubida","W-Msc-254460"
-115,28.5,0.33,"Chlamys rubida","W-Msc-254460"
-114.5,28.5,0.32,"Chlamys rubida","W-Msc-254460"
-114,28.5,0.18,"Chlamys rubida","W-Msc-254460"
-113,28.5,0.05,"Chlamys rubida","W-Msc-254460"
-112.5,28.5,0.01,"Chlamys rubida","W-Msc-254460"
-115.5,28,0.3,"Chlamys rubida","W-Msc-254460"
-115,28,0.3,"Chlamys rubida","W-Msc-254460"
-114.5,28,0.29,"Chlamys rubida","W-Msc-254460"
-114,28,0.28,"Chlamys rubida","W-Msc-254460"
-112.5,28,0.01,"Chlamys rubida","W-Msc-254460"
-119,27.5,0.01,"Chlamys rubida","W-Msc-254460"
-115.5,27.5,0.27,"Chlamys rubida","W-Msc-254460"
-115,27.5,0.28,"Chlamys rubida","W-Msc-254460"
-114.5,27.5,0.26,"Chlamys rubida","W-Msc-254460"
-114,27.5,0.04,"Chlamys rubida","W-Msc-254460"
-112.5,27.5,0.03,"Chlamys rubida","W-Msc-254460"
-115,27,0.16,"Chlamys rubida","W-Msc-254460"
-114.5,27,0.25,"Chlamys rubida","W-Msc-254460"
-114,27,0.23,"Chlamys rubida","W-Msc-254460"
-113.5,27,0.03,"Chlamys rubida","W-Msc-254460"
-114,26.5,0.2,"Chlamys rubida","W-Msc-254460"
-113.5,26.5,0.2,"Chlamys rubida","W-Msc-254460"
-113,26.5,0.17,"Chlamys rubida","W-Msc-254460"
-112.5,26.5,0.01,"Chlamys rubida","W-Msc-254460"
-115,26,0.03,"Chlamys rubida","W-Msc-254460"
-114.5,26,0.08,"Chlamys rubida","W-Msc-254460"
-114,26,0.02,"Chlamys rubida","W-Msc-254460"
-113.5,26,0.17,"Chlamys rubida","W-Msc-254460"
-113,26,0.15,"Chlamys rubida","W-Msc-254460"
-112.5,26,0.1,"Chlamys rubida","W-Msc-254460"
-113.5,25.5,0.07,"Chlamys rubida","W-Msc-254460"
-113,25.5,0.05,"Chlamys rubida","W-Msc-254460"
-112.5,25.5,0.07,"Chlamys rubida","W-Msc-254460"
-112,25.5,0.09,"Chlamys rubida","W-Msc-254460"
-115.5,25,0.02,"Chlamys rubida","W-Msc-254460"
-113,25,0.02,"Chlamys rubida","W-Msc-254460"
-112.5,25,0.03,"Chlamys rubida","W-Msc-254460"
-112,25,0.05,"Chlamys rubida","W-Msc-254460"
-115.5,24.5,0.01,"Chlamys rubida","W-Msc-254460"
-112.5,24.5,0.02,"Chlamys rubida","W-Msc-254460"
-112,24.5,0.03,"Chlamys rubida","W-Msc-254460"
-111.5,24.5,0.01,"Chlamys rubida","W-Msc-254460"
-112.5,24,0.01,"Chlamys rubida","W-Msc-254460"
-112,24,0.01,"Chlamys rubida","W-Msc-254460"
-111.5,24,0.01,"Chlamys rubida","W-Msc-254460"
-111,24,0.01,"Chlamys rubida","W-Msc-254460"
-83,-2,0.01,"Chlamys rubida","W-Msc-254460"
-82.5,-2,0.01,"Chlamys rubida","W-Msc-254460"
-83.5,-2.5,0.02,"Chlamys rubida","W-Msc-254460"
-83,-2.5,0.02,"Chlamys rubida","W-Msc-254460"
-81,-4,0.01,"Chlamys rubida","W-Msc-254460"
-81,-4.5,0.04,"Chlamys rubida","W-Msc-254460"
-81,-5,0.06,"Chlamys rubida","W-Msc-254460"
-81,-5.5,0.06,"Chlamys rubida","W-Msc-254460"
-81,-6,0.05,"Chlamys rubida","W-Msc-254460"
-81,-7,0.04,"Chlamys rubida","W-Msc-254460"
-81,-7.5,0.04,"Chlamys rubida","W-Msc-254460"
-80.5,-7.5,0.1,"Chlamys rubida","W-Msc-254460"
-80,-7.5,0.06,"Chlamys rubida","W-Msc-254460"
-80.5,-8,0.08,"Chlamys rubida","W-Msc-254460"
-80,-8,0.1,"Chlamys rubida","W-Msc-254460"
-79.5,-8,0.01,"Chlamys rubida","W-Msc-254460"
-80.5,-8.5,0.05,"Chlamys rubida","W-Msc-254460"
-80,-8.5,0.09,"Chlamys rubida","W-Msc-254460"
-79.5,-8.5,0.06,"Chlamys rubida","W-Msc-254460"
-80,-9,0.08,"Chlamys rubida","W-Msc-254460"
-79.5,-9,0.09,"Chlamys rubida","W-Msc-254460"
-79,-9,0.02,"Chlamys rubida","W-Msc-254460"
-80,-9.5,0.03,"Chlamys rubida","W-Msc-254460"
-79.5,-9.5,0.09,"Chlamys rubida","W-Msc-254460"
-79,-9.5,0.07,"Chlamys rubida","W-Msc-254460"
-79.5,-10,0.07,"Chlamys rubida","W-Msc-254460"
-79,-10,0.09,"Chlamys rubida","W-Msc-254460"
-78.5,-10,0.03,"Chlamys rubida","W-Msc-254460"
-79,-10.5,0.08,"Chlamys rubida","W-Msc-254460"
-78.5,-10.5,0.07,"Chlamys rubida","W-Msc-254460"
-78.5,-11,0.09,"Chlamys rubida","W-Msc-254460"
-78.5,-11.5,0.03,"Chlamys rubida","W-Msc-254460"
-78,-11.5,0.05,"Chlamys rubida","W-Msc-254460"
-78,-12,0.08,"Chlamys rubida","W-Msc-254460"
-77.5,-12.5,0.08,"Chlamys rubida","W-Msc-254460"
-77.5,-13,0.11,"Chlamys rubida","W-Msc-254460"
-77,-13,0.1,"Chlamys rubida","W-Msc-254460"
-77,-13.5,0.11,"Chlamys rubida","W-Msc-254460"
-76.5,-13.5,0.03,"Chlamys rubida","W-Msc-254460"
-77,-14,0.05,"Chlamys rubida","W-Msc-254460"
-76.5,-14,0.11,"Chlamys rubida","W-Msc-254460"
-76,-14,0.01,"Chlamys rubida","W-Msc-254460"
-76.5,-14.5,0.15,"Chlamys rubida","W-Msc-254460"
-76,-14.5,0.06,"Chlamys rubida","W-Msc-254460"
-76,-15,0.13,"Chlamys rubida","W-Msc-254460"
-75.5,-15,0.05,"Chlamys rubida","W-Msc-254460"
-75.5,-15.5,0.15,"Chlamys rubida","W-Msc-254460"
-75,-15.5,0.07,"Chlamys rubida","W-Msc-254460"
-75,-16,0.15,"Chlamys rubida","W-Msc-254460"
-74.5,-16,0.06,"Chlamys rubida","W-Msc-254460"
-74.5,-16.5,0.02,"Chlamys rubida","W-Msc-254460"
-74,-16.5,0.01,"Chlamys rubida","W-Msc-254460"
-73.5,-17,0.02,"Chlamys rubida","W-Msc-254460"
-72.5,-17.5,0.07,"Chlamys rubida","W-Msc-254460"
-72,-18,0.06,"Chlamys rubida","W-Msc-254460"
-71.5,-18,0.04,"Chlamys rubida","W-Msc-254460"
-94,-18.5,0.01,"Chlamys rubida","W-Msc-254460"
-71.5,-18.5,0.05,"Chlamys rubida","W-Msc-254460"
-71,-18.5,0.07,"Chlamys rubida","W-Msc-254460"
-71,-19,0.06,"Chlamys rubida","W-Msc-254460"
-70.5,-19,0.05,"Chlamys rubida","W-Msc-254460"
-70.5,-19.5,0.07,"Chlamys rubida","W-Msc-254460"
-80,-20,0.03,"Chlamys rubida","W-Msc-254460"
-70.5,-20,0.1,"Chlamys rubida","W-Msc-254460"
-70.5,-20.5,0.1,"Chlamys rubida","W-Msc-254460"
-80.5,-21,0.04,"Chlamys rubida","W-Msc-254460"
-70.5,-21,0.11,"Chlamys rubida","W-Msc-254460"
-81.5,-21.5,0.03,"Chlamys rubida","W-Msc-254460"
-81,-21.5,0.01,"Chlamys rubida","W-Msc-254460"
-70.5,-21.5,0.07,"Chlamys rubida","W-Msc-254460"
-70,-21.5,0.02,"Chlamys rubida","W-Msc-254460"
-82,-22,0.01,"Chlamys rubida","W-Msc-254460"
-81.5,-22,0.03,"Chlamys rubida","W-Msc-254460"
-81,-22,0.02,"Chlamys rubida","W-Msc-254460"
-70.5,-22,0.04,"Chlamys rubida","W-Msc-254460"
-70,-22,0.05,"Chlamys rubida","W-Msc-254460"
-82.5,-22.5,0.01,"Chlamys rubida","W-Msc-254460"
-81,-22.5,0.04,"Chlamys rubida","W-Msc-254460"
-70.5,-22.5,0.07,"Chlamys rubida","W-Msc-254460"
-70,-22.5,0.06,"Chlamys rubida","W-Msc-254460"
-83.5,-23,0.01,"Chlamys rubida","W-Msc-254460"
-82.5,-23,0.02,"Chlamys rubida","W-Msc-254460"
-81.5,-23,0.02,"Chlamys rubida","W-Msc-254460"
-70.5,-23,0.14,"Chlamys rubida","W-Msc-254460"
-70,-23,0.08,"Chlamys rubida","W-Msc-254460"
-83,-23.5,0.03,"Chlamys rubida","W-Msc-254460"
-82.5,-23.5,0.02,"Chlamys rubida","W-Msc-254460"
-82,-23.5,0.03,"Chlamys rubida","W-Msc-254460"
-81.5,-23.5,0.03,"Chlamys rubida","W-Msc-254460"
-70.5,-23.5,0.08,"Chlamys rubida","W-Msc-254460"
-70,-23.5,0.09,"Chlamys rubida","W-Msc-254460"
-85,-24,0.01,"Chlamys rubida","W-Msc-254460"
-84.5,-24,0.02,"Chlamys rubida","W-Msc-254460"
-82.5,-24,0.02,"Chlamys rubida","W-Msc-254460"
-82,-24,0.01,"Chlamys rubida","W-Msc-254460"
-70.5,-24,0.11,"Chlamys rubida","W-Msc-254460"
-70,-24,0.1,"Chlamys rubida","W-Msc-254460"
-84.5,-24.5,0.02,"Chlamys rubida","W-Msc-254460"
-83,-24.5,0.02,"Chlamys rubida","W-Msc-254460"
-70.5,-24.5,0.12,"Chlamys rubida","W-Msc-254460"
-70,-24.5,0.12,"Chlamys rubida","W-Msc-254460"
-88.5,-25,0.01,"Chlamys rubida","W-Msc-254460"
-88,-25,0.01,"Chlamys rubida","W-Msc-254460"
-85,-25,0.02,"Chlamys rubida","W-Msc-254460"
-84.5,-25,0.01,"Chlamys rubida","W-Msc-254460"
-83,-25,0.01,"Chlamys rubida","W-Msc-254460"
-82.5,-25,0.03,"Chlamys rubida","W-Msc-254460"
-82,-25,0.04,"Chlamys rubida","W-Msc-254460"
-81.5,-25,0.04,"Chlamys rubida","W-Msc-254460"
-70.5,-25,0.12,"Chlamys rubida","W-Msc-254460"
-70,-25,0.13,"Chlamys rubida","W-Msc-254460"
-88,-25.5,0.01,"Chlamys rubida","W-Msc-254460"
-87,-25.5,0.01,"Chlamys rubida","W-Msc-254460"
-85.5,-25.5,0.01,"Chlamys rubida","W-Msc-254460"
-85,-25.5,0.02,"Chlamys rubida","W-Msc-254460"
-84,-25.5,0.02,"Chlamys rubida","W-Msc-254460"
-82,-25.5,0.04,"Chlamys rubida","W-Msc-254460"
-81.5,-25.5,0.04,"Chlamys rubida","W-Msc-254460"
-70.5,-25.5,0.11,"Chlamys rubida","W-Msc-254460"
-70,-25.5,0.14,"Chlamys rubida","W-Msc-254460"
-87,-26,0.01,"Chlamys rubida","W-Msc-254460"
-86.5,-26,0.01,"Chlamys rubida","W-Msc-254460"
-86,-26,0.01,"Chlamys rubida","W-Msc-254460"
-85.5,-26,0.01,"Chlamys rubida","W-Msc-254460"
-85,-26,0.02,"Chlamys rubida","W-Msc-254460"
-84.5,-26,0.02,"Chlamys rubida","W-Msc-254460"
-84,-26,0.02,"Chlamys rubida","W-Msc-254460"
-83.5,-26,0.02,"Chlamys rubida","W-Msc-254460"
-83,-26,0.03,"Chlamys rubida","W-Msc-254460"
-82.5,-26,0.03,"Chlamys rubida","W-Msc-254460"
-82,-26,0.04,"Chlamys rubida","W-Msc-254460"
-70.5,-26,0.09,"Chlamys rubida","W-Msc-254460"
-80,-26.5,0.06,"Chlamys rubida","W-Msc-254460"
-79.5,-26.5,0.07,"Chlamys rubida","W-Msc-254460"
-70.5,-26.5,0.1,"Chlamys rubida","W-Msc-254460"
-79.5,-27,0.02,"Chlamys rubida","W-Msc-254460"
-71,-27,0.07,"Chlamys rubida","W-Msc-254460"
-70.5,-27,0.13,"Chlamys rubida","W-Msc-254460"
-71,-27.5,0.23,"Chlamys rubida","W-Msc-254460"
-70.5,-27.5,0.15,"Chlamys rubida","W-Msc-254460"
-71,-28,0.18,"Chlamys rubida","W-Msc-254460"
-70.5,-28,0.17,"Chlamys rubida","W-Msc-254460"
-71,-28.5,0.13,"Chlamys rubida","W-Msc-254460"
-71.5,-29,0.25,"Chlamys rubida","W-Msc-254460"
-71,-29,0.17,"Chlamys rubida","W-Msc-254460"
168,-29,0.01,"Chlamys rubida","W-Msc-254460"
168.5,-29,0.01,"Chlamys rubida","W-Msc-254460"
-71.5,-29.5,0.25,"Chlamys rubida","W-Msc-254460"
-71,-29.5,0.18,"Chlamys rubida","W-Msc-254460"
153.5,-29.5,0.01,"Chlamys rubida","W-Msc-254460"
159.5,-29.5,0.01,"Chlamys rubida","W-Msc-254460"
168,-29.5,0.02,"Chlamys rubida","W-Msc-254460"
168.5,-29.5,0.01,"Chlamys rubida","W-Msc-254460"
169,-29.5,0.01,"Chlamys rubida","W-Msc-254460"
173,-29.5,0.01,"Chlamys rubida","W-Msc-254460"
173.5,-29.5,0.01,"Chlamys rubida","W-Msc-254460"
-71.5,-30,0.27,"Chlamys rubida","W-Msc-254460"
-71,-30,0.21,"Chlamys rubida","W-Msc-254460"
153.5,-30,0.01,"Chlamys rubida","W-Msc-254460"
159.5,-30,0.01,"Chlamys rubida","W-Msc-254460"
168,-30,0.01,"Chlamys rubida","W-Msc-254460"
168.5,-30,0.01,"Chlamys rubida","W-Msc-254460"
170.5,-30,0.01,"Chlamys rubida","W-Msc-254460"
173,-30,0.01,"Chlamys rubida","W-Msc-254460"
-71.5,-30.5,0.22,"Chlamys rubida","W-Msc-254460"
-71,-30.5,0.22,"Chlamys rubida","W-Msc-254460"
153.5,-30.5,0.01,"Chlamys rubida","W-Msc-254460"
162.5,-30.5,0.01,"Chlamys rubida","W-Msc-254460"
163,-30.5,0.01,"Chlamys rubida","W-Msc-254460"
163.5,-30.5,0.01,"Chlamys rubida","W-Msc-254460"
167.5,-30.5,0.01,"Chlamys rubida","W-Msc-254460"
168,-30.5,0.01,"Chlamys rubida","W-Msc-254460"
168.5,-30.5,0.01,"Chlamys rubida","W-Msc-254460"
171.5,-30.5,0.01,"Chlamys rubida","W-Msc-254460"
173,-30.5,0.01,"Chlamys rubida","W-Msc-254460"
173.5,-30.5,0.01,"Chlamys rubida","W-Msc-254460"
-178.5,-31,0.01,"Chlamys rubida","W-Msc-254460"
-178,-31,0.01,"Chlamys rubida","W-Msc-254460"
-71.5,-31,0.17,"Chlamys rubida","W-Msc-254460"
156.5,-31,0.01,"Chlamys rubida","W-Msc-254460"
157,-31,0.01,"Chlamys rubida","W-Msc-254460"
160,-31,0.01,"Chlamys rubida","W-Msc-254460"
160.5,-31,0.01,"Chlamys rubida","W-Msc-254460"
162,-31,0.01,"Chlamys rubida","W-Msc-254460"
162.5,-31,0.01,"Chlamys rubida","W-Msc-254460"
163,-31,0.01,"Chlamys rubida","W-Msc-254460"
163.5,-31,0.01,"Chlamys rubida","W-Msc-254460"
164,-31,0.01,"Chlamys rubida","W-Msc-254460"
168,-31,0.01,"Chlamys rubida","W-Msc-254460"
173,-31,0.02,"Chlamys rubida","W-Msc-254460"
173.5,-31,0.01,"Chlamys rubida","W-Msc-254460"
174,-31,0.01,"Chlamys rubida","W-Msc-254460"
179.5,-31,0.01,"Chlamys rubida","W-Msc-254460"
-179,-31.5,0.01,"Chlamys rubida","W-Msc-254460"
-178.5,-31.5,0.01,"Chlamys rubida","W-Msc-254460"
-178,-31.5,0.01,"Chlamys rubida","W-Msc-254460"
-71.5,-31.5,0.18,"Chlamys rubida","W-Msc-254460"
153,-31.5,0.01,"Chlamys rubida","W-Msc-254460"
159,-31.5,0.01,"Chlamys rubida","W-Msc-254460"
159.5,-31.5,0.02,"Chlamys rubida","W-Msc-254460"
160,-31.5,0.01,"Chlamys rubida","W-Msc-254460"
160.5,-31.5,0.01,"Chlamys rubida","W-Msc-254460"
161,-31.5,0.01,"Chlamys rubida","W-Msc-254460"
161.5,-31.5,0.01,"Chlamys rubida","W-Msc-254460"
162,-31.5,0.01,"Chlamys rubida","W-Msc-254460"
162.5,-31.5,0.01,"Chlamys rubida","W-Msc-254460"
163,-31.5,0.01,"Chlamys rubida","W-Msc-254460"
163.5,-31.5,0.01,"Chlamys rubida","W-Msc-254460"
167,-31.5,0.02,"Chlamys rubida","W-Msc-254460"
167.5,-31.5,0.02,"Chlamys rubida","W-Msc-254460"
168,-31.5,0.02,"Chlamys rubida","W-Msc-254460"
168.5,-31.5,0.01,"Chlamys rubida","W-Msc-254460"
173,-31.5,0.02,"Chlamys rubida","W-Msc-254460"
173.5,-31.5,0.01,"Chlamys rubida","W-Msc-254460"
179.5,-31.5,0.01,"Chlamys rubida","W-Msc-254460"
-179,-32,0.01,"Chlamys rubida","W-Msc-254460"
-178.5,-32,0.01,"Chlamys rubida","W-Msc-254460"
-71.5,-32,0.19,"Chlamys rubida","W-Msc-254460"
-71,-32,0.01,"Chlamys rubida","W-Msc-254460"
153,-32,0.02,"Chlamys rubida","W-Msc-254460"
153.5,-32,0.01,"Chlamys rubida","W-Msc-254460"
159,-32,0.01,"Chlamys rubida","W-Msc-254460"
159.5,-32,0.02,"Chlamys rubida","W-Msc-254460"
160.5,-32,0.01,"Chlamys rubida","W-Msc-254460"
161,-32,0.01,"Chlamys rubida","W-Msc-254460"
161.5,-32,0.01,"Chlamys rubida","W-Msc-254460"
162,-32,0.01,"Chlamys rubida","W-Msc-254460"
162.5,-32,0.01,"Chlamys rubida","W-Msc-254460"
163,-32,0.01,"Chlamys rubida","W-Msc-254460"
163.5,-32,0.01,"Chlamys rubida","W-Msc-254460"
166.5,-32,0.01,"Chlamys rubida","W-Msc-254460"
167,-32,0.03,"Chlamys rubida","W-Msc-254460"
167.5,-32,0.03,"Chlamys rubida","W-Msc-254460"
168,-32,0.03,"Chlamys rubida","W-Msc-254460"
168.5,-32,0.02,"Chlamys rubida","W-Msc-254460"
172.5,-32,0.02,"Chlamys rubida","W-Msc-254460"
173,-32,0.02,"Chlamys rubida","W-Msc-254460"
173.5,-32,0.01,"Chlamys rubida","W-Msc-254460"
174,-32,0.02,"Chlamys rubida","W-Msc-254460"
179.5,-32,0.01,"Chlamys rubida","W-Msc-254460"
-179,-32.5,0.02,"Chlamys rubida","W-Msc-254460"
-178.5,-32.5,0.02,"Chlamys rubida","W-Msc-254460"
-71.5,-32.5,0.13,"Chlamys rubida","W-Msc-254460"
-71,-32.5,0.08,"Chlamys rubida","W-Msc-254460"
152.5,-32.5,0.01,"Chlamys rubida","W-Msc-254460"
153,-32.5,0.03,"Chlamys rubida","W-Msc-254460"
153.5,-32.5,0.01,"Chlamys rubida","W-Msc-254460"
161,-32.5,0.01,"Chlamys rubida","W-Msc-254460"
161.5,-32.5,0.01,"Chlamys rubida","W-Msc-254460"
162,-32.5,0.02,"Chlamys rubida","W-Msc-254460"
162.5,-32.5,0.02,"Chlamys rubida","W-Msc-254460"
163,-32.5,0.02,"Chlamys rubida","W-Msc-254460"
163.5,-32.5,0.02,"Chlamys rubida","W-Msc-254460"
164,-32.5,0.01,"Chlamys rubida","W-Msc-254460"
166.5,-32.5,0.02,"Chlamys rubida","W-Msc-254460"
167,-32.5,0.03,"Chlamys rubida","W-Msc-254460"
167.5,-32.5,0.03,"Chlamys rubida","W-Msc-254460"
168,-32.5,0.04,"Chlamys rubida","W-Msc-254460"
168.5,-32.5,0.03,"Chlamys rubida","W-Msc-254460"
169,-32.5,0.01,"Chlamys rubida","W-Msc-254460"
169.5,-32.5,0.02,"Chlamys rubida","W-Msc-254460"
172.5,-32.5,0.01,"Chlamys rubida","W-Msc-254460"
179,-32.5,0.01,"Chlamys rubida","W-Msc-254460"
-179.5,-33,0.02,"Chlamys rubida","W-Msc-254460"
-179,-33,0.02,"Chlamys rubida","W-Msc-254460"
-73.5,-33,0.36,"Chlamys rubida","W-Msc-254460"
-71.5,-33,0.18,"Chlamys rubida","W-Msc-254460"
-71,-33,0.12,"Chlamys rubida","W-Msc-254460"
152,-33,0.02,"Chlamys rubida","W-Msc-254460"
152.5,-33,0.03,"Chlamys rubida","W-Msc-254460"
153,-33,0.02,"Chlamys rubida","W-Msc-254460"
153.5,-33,0.01,"Chlamys rubida","W-Msc-254460"
156.5,-33,0.03,"Chlamys rubida","W-Msc-254460"
160.5,-33,0.01,"Chlamys rubida","W-Msc-254460"
161,-33,0.01,"Chlamys rubida","W-Msc-254460"
161.5,-33,0.01,"Chlamys rubida","W-Msc-254460"
162,-33,0.02,"Chlamys rubida","W-Msc-254460"
162.5,-33,0.02,"Chlamys rubida","W-Msc-254460"
163,-33,0.03,"Chlamys rubida","W-Msc-254460"
163.5,-33,0.03,"Chlamys rubida","W-Msc-254460"
164,-33,0.02,"Chlamys rubida","W-Msc-254460"
166.5,-33,0.02,"Chlamys rubida","W-Msc-254460"
167,-33,0.03,"Chlamys rubida","W-Msc-254460"
167.5,-33,0.04,"Chlamys rubida","W-Msc-254460"
168,-33,0.04,"Chlamys rubida","W-Msc-254460"
172.5,-33,0.01,"Chlamys rubida","W-Msc-254460"
173,-33,0.01,"Chlamys rubida","W-Msc-254460"
173.5,-33,0.01,"Chlamys rubida","W-Msc-254460"
179,-33,0.01,"Chlamys rubida","W-Msc-254460"
-179.5,-33.5,0.03,"Chlamys rubida","W-Msc-254460"
-179,-33.5,0.03,"Chlamys rubida","W-Msc-254460"
-78.5,-33.5,0.06,"Chlamys rubida","W-Msc-254460"
-78,-33.5,0.02,"Chlamys rubida","W-Msc-254460"
-77.5,-33.5,0.13,"Chlamys rubida","W-Msc-254460"
-77,-33.5,0.12,"Chlamys rubida","W-Msc-254460"
-76.5,-33.5,0.17,"Chlamys rubida","W-Msc-254460"
-72,-33.5,0.28,"Chlamys rubida","W-Msc-254460"
-71.5,-33.5,0.13,"Chlamys rubida","W-Msc-254460"
152,-33.5,0.04,"Chlamys rubida","W-Msc-254460"
152.5,-33.5,0.03,"Chlamys rubida","W-Msc-254460"
153,-33.5,0.03,"Chlamys rubida","W-Msc-254460"
156.5,-33.5,0.03,"Chlamys rubida","W-Msc-254460"
160.5,-33.5,0.01,"Chlamys rubida","W-Msc-254460"
161,-33.5,0.01,"Chlamys rubida","W-Msc-254460"
161.5,-33.5,0.01,"Chlamys rubida","W-Msc-254460"
162,-33.5,0.02,"Chlamys rubida","W-Msc-254460"
162.5,-33.5,0.03,"Chlamys rubida","W-Msc-254460"
163,-33.5,0.03,"Chlamys rubida","W-Msc-254460"
163.5,-33.5,0.03,"Chlamys rubida","W-Msc-254460"
164,-33.5,0.03,"Chlamys rubida","W-Msc-254460"
164.5,-33.5,0.01,"Chlamys rubida","W-Msc-254460"
167,-33.5,0.03,"Chlamys rubida","W-Msc-254460"
167.5,-33.5,0.04,"Chlamys rubida","W-Msc-254460"
168,-33.5,0.04,"Chlamys rubida","W-Msc-254460"
170,-33.5,0.03,"Chlamys rubida","W-Msc-254460"
170.5,-33.5,0.03,"Chlamys rubida","W-Msc-254460"
171,-33.5,0.02,"Chlamys rubida","W-Msc-254460"
171.5,-33.5,0.03,"Chlamys rubida","W-Msc-254460"
172,-33.5,0.01,"Chlamys rubida","W-Msc-254460"
172.5,-33.5,0.02,"Chlamys rubida","W-Msc-254460"
173,-33.5,0.01,"Chlamys rubida","W-Msc-254460"
173.5,-33.5,0.01,"Chlamys rubida","W-Msc-254460"
178.5,-33.5,0.01,"Chlamys rubida","W-Msc-254460"
179,-33.5,0.01,"Chlamys rubida","W-Msc-254460"
-179.5,-34,0.02,"Chlamys rubida","W-Msc-254460"
-171,-34,0.01,"Chlamys rubida","W-Msc-254460"
-80.5,-34,0.11,"Chlamys rubida","W-Msc-254460"
-79.5,-34,0.1,"Chlamys rubida","W-Msc-254460"
-79,-34,0.12,"Chlamys rubida","W-Msc-254460"
-78.5,-34,0.12,"Chlamys rubida","W-Msc-254460"
-78,-34,0.12,"Chlamys rubida","W-Msc-254460"
-77.5,-34,0.14,"Chlamys rubida","W-Msc-254460"
-72,-34,0.2,"Chlamys rubida","W-Msc-254460"
-71.5,-34,0.13,"Chlamys rubida","W-Msc-254460"
151.5,-34,0.04,"Chlamys rubida","W-Msc-254460"
152,-34,0.04,"Chlamys rubida","W-Msc-254460"
152.5,-34,0.03,"Chlamys rubida","W-Msc-254460"
161.5,-34,0.01,"Chlamys rubida","W-Msc-254460"
162,-34,0.02,"Chlamys rubida","W-Msc-254460"
162.5,-34,0.04,"Chlamys rubida","W-Msc-254460"
163,-34,0.04,"Chlamys rubida","W-Msc-254460"
163.5,-34,0.04,"Chlamys rubida","W-Msc-254460"
164,-34,0.03,"Chlamys rubida","W-Msc-254460"
164.5,-34,0.02,"Chlamys rubida","W-Msc-254460"
167,-34,0.02,"Chlamys rubida","W-Msc-254460"
167.5,-34,0.04,"Chlamys rubida","W-Msc-254460"
168,-34,0.02,"Chlamys rubida","W-Msc-254460"
168.5,-34,0.02,"Chlamys rubida","W-Msc-254460"
170.5,-34,0.01,"Chlamys rubida","W-Msc-254460"
171,-34,0.03,"Chlamys rubida","W-Msc-254460"
171.5,-34,0.03,"Chlamys rubida","W-Msc-254460"
172,-34,0.04,"Chlamys rubida","W-Msc-254460"
172.5,-34,0.04,"Chlamys rubida","W-Msc-254460"
173,-34,0.04,"Chlamys rubida","W-Msc-254460"
173.5,-34,0.01,"Chlamys rubida","W-Msc-254460"
174,-34,0.01,"Chlamys rubida","W-Msc-254460"
174.5,-34,0.02,"Chlamys rubida","W-Msc-254460"
178.5,-34,0.02,"Chlamys rubida","W-Msc-254460"
-80,-34.5,0.05,"Chlamys rubida","W-Msc-254460"
-72.5,-34.5,0.14,"Chlamys rubida","W-Msc-254460"
-72,-34.5,0.12,"Chlamys rubida","W-Msc-254460"
-71.5,-34.5,0.13,"Chlamys rubida","W-Msc-254460"
151,-34.5,0.01,"Chlamys rubida","W-Msc-254460"
151.5,-34.5,0.05,"Chlamys rubida","W-Msc-254460"
152,-34.5,0.04,"Chlamys rubida","W-Msc-254460"
162.5,-34.5,0.03,"Chlamys rubida","W-Msc-254460"
163,-34.5,0.04,"Chlamys rubida","W-Msc-254460"
163.5,-34.5,0.03,"Chlamys rubida","W-Msc-254460"
164,-34.5,0.02,"Chlamys rubida","W-Msc-254460"
164.5,-34.5,0.03,"Chlamys rubida","W-Msc-254460"
165,-34.5,0.03,"Chlamys rubida","W-Msc-254460"
167.5,-34.5,0.02,"Chlamys rubida","W-Msc-254460"
168,-34.5,0.02,"Chlamys rubida","W-Msc-254460"
168.5,-34.5,0.03,"Chlamys rubida","W-Msc-254460"
169,-34.5,0.03,"Chlamys rubida","W-Msc-254460"
169.5,-34.5,0.01,"Chlamys rubida","W-Msc-254460"
171.5,-34.5,0.03,"Chlamys rubida","W-Msc-254460"
172,-34.5,0.05,"Chlamys rubida","W-Msc-254460"
172.5,-34.5,0.08,"Chlamys rubida","W-Msc-254460"
173,-34.5,0.09,"Chlamys rubida","W-Msc-254460"
173.5,-34.5,0.08,"Chlamys rubida","W-Msc-254460"
174,-34.5,0.05,"Chlamys rubida","W-Msc-254460"
174.5,-34.5,0.03,"Chlamys rubida","W-Msc-254460"
175,-34.5,0.02,"Chlamys rubida","W-Msc-254460"
175.5,-34.5,0.02,"Chlamys rubida","W-Msc-254460"
176,-34.5,0.01,"Chlamys rubida","W-Msc-254460"
178,-34.5,0.01,"Chlamys rubida","W-Msc-254460"
178.5,-34.5,0.01,"Chlamys rubida","W-Msc-254460"
179.5,-34.5,0.04,"Chlamys rubida","W-Msc-254460"
-170.5,-35,0.01,"Chlamys rubida","W-Msc-254460"
-126,-35,0.01,"Chlamys rubida","W-Msc-254460"
-125.5,-35,0.01,"Chlamys rubida","W-Msc-254460"
-121.5,-35,0.01,"Chlamys rubida","W-Msc-254460"
-121,-35,0.01,"Chlamys rubida","W-Msc-254460"
-119,-35,0.01,"Chlamys rubida","W-Msc-254460"
-118,-35,0.01,"Chlamys rubida","W-Msc-254460"
-72.5,-35,0.33,"Chlamys rubida","W-Msc-254460"
-72,-35,0.07,"Chlamys rubida","W-Msc-254460"
151,-35,0.04,"Chlamys rubida","W-Msc-254460"
151.5,-35,0.05,"Chlamys rubida","W-Msc-254460"
162.5,-35,0.02,"Chlamys rubida","W-Msc-254460"
163,-35,0.03,"Chlamys rubida","W-Msc-254460"
163.5,-35,0.02,"Chlamys rubida","W-Msc-254460"
164,-35,0.02,"Chlamys rubida","W-Msc-254460"
164.5,-35,0.03,"Chlamys rubida","W-Msc-254460"
165,-35,0.03,"Chlamys rubida","W-Msc-254460"
165.5,-35,0.02,"Chlamys rubida","W-Msc-254460"
166,-35,0.01,"Chlamys rubida","W-Msc-254460"
168,-35,0.01,"Chlamys rubida","W-Msc-254460"
168.5,-35,0.01,"Chlamys rubida","W-Msc-254460"
169,-35,0.02,"Chlamys rubida","W-Msc-254460"
169.5,-35,0.03,"Chlamys rubida","W-Msc-254460"
170,-35,0.02,"Chlamys rubida","W-Msc-254460"
170.5,-35,0.01,"Chlamys rubida","W-Msc-254460"
171.5,-35,0.01,"Chlamys rubida","W-Msc-254460"
172,-35,0.05,"Chlamys rubida","W-Msc-254460"
172.5,-35,0.07,"Chlamys rubida","W-Msc-254460"
173,-35,0.08,"Chlamys rubida","W-Msc-254460"
173.5,-35,0.12,"Chlamys rubida","W-Msc-254460"
174,-35,0.1,"Chlamys rubida","W-Msc-254460"
174.5,-35,0.08,"Chlamys rubida","W-Msc-254460"
175,-35,0.05,"Chlamys rubida","W-Msc-254460"
175.5,-35,0.03,"Chlamys rubida","W-Msc-254460"
176,-35,0.01,"Chlamys rubida","W-Msc-254460"
178,-35,0.01,"Chlamys rubida","W-Msc-254460"
179.5,-35,0.04,"Chlamys rubida","W-Msc-254460"
-170,-35.5,0.02,"Chlamys rubida","W-Msc-254460"
-126,-35.5,0.02,"Chlamys rubida","W-Msc-254460"
-125.5,-35.5,0.02,"Chlamys rubida","W-Msc-254460"
-120,-35.5,0.01,"Chlamys rubida","W-Msc-254460"
-119.5,-35.5,0.02,"Chlamys rubida","W-Msc-254460"
-119,-35.5,0.02,"Chlamys rubida","W-Msc-254460"
-118.5,-35.5,0.01,"Chlamys rubida","W-Msc-254460"
-118,-35.5,0.01,"Chlamys rubida","W-Msc-254460"
-117,-35.5,0.03,"Chlamys rubida","W-Msc-254460"
-73,-35.5,0.38,"Chlamys rubida","W-Msc-254460"
-72.5,-35.5,0.05,"Chlamys rubida","W-Msc-254460"
-72,-35.5,0.03,"Chlamys rubida","W-Msc-254460"
150.5,-35.5,0.01,"Chlamys rubida","W-Msc-254460"
151,-35.5,0.07,"Chlamys rubida","W-Msc-254460"
151.5,-35.5,0.05,"Chlamys rubida","W-Msc-254460"
163,-35.5,0.01,"Chlamys rubida","W-Msc-254460"
163.5,-35.5,0.02,"Chlamys rubida","W-Msc-254460"
164,-35.5,0.02,"Chlamys rubida","W-Msc-254460"
164.5,-35.5,0.03,"Chlamys rubida","W-Msc-254460"
165,-35.5,0.03,"Chlamys rubida","W-Msc-254460"
165.5,-35.5,0.03,"Chlamys rubida","W-Msc-254460"
166,-35.5,0.03,"Chlamys rubida","W-Msc-254460"
166.5,-35.5,0.02,"Chlamys rubida","W-Msc-254460"
169,-35.5,0.02,"Chlamys rubida","W-Msc-254460"
169.5,-35.5,0.02,"Chlamys rubida","W-Msc-254460"
170,-35.5,0.03,"Chlamys rubida","W-Msc-254460"
170.5,-35.5,0.02,"Chlamys rubida","W-Msc-254460"
171.5,-35.5,0.02,"Chlamys rubida","W-Msc-254460"
172,-35.5,0.02,"Chlamys rubida","W-Msc-254460"
172.5,-35.5,0.06,"Chlamys rubida","W-Msc-254460"
173,-35.5,0.08,"Chlamys rubida","W-Msc-254460"
173.5,-35.5,0.1,"Chlamys rubida","W-Msc-254460"
174.5,-35.5,0.11,"Chlamys rubida","W-Msc-254460"
175,-35.5,0.1,"Chlamys rubida","W-Msc-254460"
175.5,-35.5,0.06,"Chlamys rubida","W-Msc-254460"
176,-35.5,0.04,"Chlamys rubida","W-Msc-254460"
176.5,-35.5,0.03,"Chlamys rubida","W-Msc-254460"
178,-35.5,0.03,"Chlamys rubida","W-Msc-254460"
179,-35.5,0.02,"Chlamys rubida","W-Msc-254460"
179.5,-35.5,0.04,"Chlamys rubida","W-Msc-254460"
-170,-36,0.01,"Chlamys rubida","W-Msc-254460"
-169,-36,0.01,"Chlamys rubida","W-Msc-254460"
-125,-36,0.02,"Chlamys rubida","W-Msc-254460"
-117,-36,0.04,"Chlamys rubida","W-Msc-254460"
-116,-36,0.05,"Chlamys rubida","W-Msc-254460"
-115.5,-36,0.05,"Chlamys rubida","W-Msc-254460"
-115,-36,0.05,"Chlamys rubida","W-Msc-254460"
-114.5,-36,0.04,"Chlamys rubida","W-Msc-254460"
-114,-36,0.02,"Chlamys rubida","W-Msc-254460"
-73.5,-36,0.45,"Chlamys rubida","W-Msc-254460"
-73,-36,0.23,"Chlamys rubida","W-Msc-254460"
150.5,-36,0.06,"Chlamys rubida","W-Msc-254460"
151,-36,0.06,"Chlamys rubida","W-Msc-254460"
163.5,-36,0.01,"Chlamys rubida","W-Msc-254460"
164,-36,0.01,"Chlamys rubida","W-Msc-254460"
164.5,-36,0.03,"Chlamys rubida","W-Msc-254460"
165,-36,0.03,"Chlamys rubida","W-Msc-254460"
165.5,-36,0.03,"Chlamys rubida","W-Msc-254460"
166,-36,0.03,"Chlamys rubida","W-Msc-254460"
166.5,-36,0.03,"Chlamys rubida","W-Msc-254460"
167,-36,0.01,"Chlamys rubida","W-Msc-254460"
170,-36,0.01,"Chlamys rubida","W-Msc-254460"
170.5,-36,0.01,"Chlamys rubida","W-Msc-254460"
172,-36,0.01,"Chlamys rubida","W-Msc-254460"
172.5,-36,0.04,"Chlamys rubida","W-Msc-254460"
173,-36,0.06,"Chlamys rubida","W-Msc-254460"
173.5,-36,0.08,"Chlamys rubida","W-Msc-254460"
174,-36,0.13,"Chlamys rubida","W-Msc-254460"
174.5,-36,0.01,"Chlamys rubida","W-Msc-254460"
175,-36,0.11,"Chlamys rubida","W-Msc-254460"
175.5,-36,0.11,"Chlamys rubida","W-Msc-254460"
176,-36,0.08,"Chlamys rubida","W-Msc-254460"
176.5,-36,0.05,"Chlamys rubida","W-Msc-254460"
177,-36,0.04,"Chlamys rubida","W-Msc-254460"
179,-36,0.03,"Chlamys rubida","W-Msc-254460"
-169.5,-36.5,0.01,"Chlamys rubida","W-Msc-254460"
-169,-36.5,0.03,"Chlamys rubida","W-Msc-254460"
-125,-36.5,0.05,"Chlamys rubida","W-Msc-254460"
-115,-36.5,0.06,"Chlamys rubida","W-Msc-254460"
-114.5,-36.5,0.06,"Chlamys rubida","W-Msc-254460"
-114,-36.5,0.06,"Chlamys rubida","W-Msc-254460"
-113.5,-36.5,0.06,"Chlamys rubida","W-Msc-254460"
-73.5,-36.5,0.4,"Chlamys rubida","W-Msc-254460"
-73,-36.5,0.03,"Chlamys rubida","W-Msc-254460"
150.5,-36.5,0.08,"Chlamys rubida","W-Msc-254460"
151,-36.5,0.06,"Chlamys rubida","W-Msc-254460"
164.5,-36.5,0.02,"Chlamys rubida","W-Msc-254460"
165,-36.5,0.03,"Chlamys rubida","W-Msc-254460"
165.5,-36.5,0.03,"Chlamys rubida","W-Msc-254460"
166,-36.5,0.03,"Chlamys rubida","W-Msc-254460"
166.5,-36.5,0.02,"Chlamys rubida","W-Msc-254460"
167,-36.5,0.01,"Chlamys rubida","W-Msc-254460"
167.5,-36.5,0.01,"Chlamys rubida","W-Msc-254460"
172.5,-36.5,0.01,"Chlamys rubida","W-Msc-254460"
173,-36.5,0.04,"Chlamys rubida","W-Msc-254460"
173.5,-36.5,0.07,"Chlamys rubida","W-Msc-254460"
174,-36.5,0.08,"Chlamys rubida","W-Msc-254460"
174.5,-36.5,0.07,"Chlamys rubida","W-Msc-254460"
175,-36.5,0.04,"Chlamys rubida","W-Msc-254460"
175.5,-36.5,0.05,"Chlamys rubida","W-Msc-254460"
176,-36.5,0.11,"Chlamys rubida","W-Msc-254460"
176.5,-36.5,0.07,"Chlamys rubida","W-Msc-254460"
177,-36.5,0.03,"Chlamys rubida","W-Msc-254460"
177.5,-36.5,0.01,"Chlamys rubida","W-Msc-254460"
178.5,-36.5,0.03,"Chlamys rubida","W-Msc-254460"
-169.5,-37,0.03,"Chlamys rubida","W-Msc-254460"
-114,-37,0.03,"Chlamys rubida","W-Msc-254460"
-113.5,-37,0.08,"Chlamys rubida","W-Msc-254460"
-113,-37,0.08,"Chlamys rubida","W-Msc-254460"
-112.5,-37,0.07,"Chlamys rubida","W-Msc-254460"
-112,-37,0.06,"Chlamys rubida","W-Msc-254460"
-73.5,-37,0.18,"Chlamys rubida","W-Msc-254460"
150,-37,0.02,"Chlamys rubida","W-Msc-254460"
150.5,-37,0.08,"Chlamys rubida","W-Msc-254460"
156.5,-37,0.06,"Chlamys rubida","W-Msc-254460"
164.5,-37,0.01,"Chlamys rubida","W-Msc-254460"
165,-37,0.02,"Chlamys rubida","W-Msc-254460"
165.5,-37,0.02,"Chlamys rubida","W-Msc-254460"
166,-37,0.02,"Chlamys rubida","W-Msc-254460"
166.5,-37,0.02,"Chlamys rubida","W-Msc-254460"
167,-37,0.01,"Chlamys rubida","W-Msc-254460"
167.5,-37,0.02,"Chlamys rubida","W-Msc-254460"
168,-37,0.02,"Chlamys rubida","W-Msc-254460"
168.5,-37,0.01,"Chlamys rubida","W-Msc-254460"
169,-37,0.01,"Chlamys rubida","W-Msc-254460"
173.5,-37,0.03,"Chlamys rubida","W-Msc-254460"
174,-37,0.08,"Chlamys rubida","W-Msc-254460"
174.5,-37,0.09,"Chlamys rubida","W-Msc-254460"
175,-37,0.01,"Chlamys rubida","W-Msc-254460"
175.5,-37,0.01,"Chlamys rubida","W-Msc-254460"
176,-37,0.08,"Chlamys rubida","W-Msc-254460"
176.5,-37,0.11,"Chlamys rubida","W-Msc-254460"
177,-37,0.04,"Chlamys rubida","W-Msc-254460"
177.5,-37,0.02,"Chlamys rubida","W-Msc-254460"
178,-37,0.01,"Chlamys rubida","W-Msc-254460"
-169,-37.5,0.03,"Chlamys rubida","W-Msc-254460"
-122.5,-37.5,0.04,"Chlamys rubida","W-Msc-254460"
-122,-37.5,0.03,"Chlamys rubida","W-Msc-254460"
-114.5,-37.5,0.1,"Chlamys rubida","W-Msc-254460"
-114,-37.5,0.09,"Chlamys rubida","W-Msc-254460"
-113,-37.5,0.02,"Chlamys rubida","W-Msc-254460"
-112.5,-37.5,0.02,"Chlamys rubida","W-Msc-254460"
-112,-37.5,0.01,"Chlamys rubida","W-Msc-254460"
-111.5,-37.5,0.02,"Chlamys rubida","W-Msc-254460"
-111,-37.5,0.01,"Chlamys rubida","W-Msc-254460"
-74,-37.5,0.4,"Chlamys rubida","W-Msc-254460"
-73.5,-37.5,0.16,"Chlamys rubida","W-Msc-254460"
150.5,-37.5,0.09,"Chlamys rubida","W-Msc-254460"
164,-37.5,0.01,"Chlamys rubida","W-Msc-254460"
164.5,-37.5,0.02,"Chlamys rubida","W-Msc-254460"
165,-37.5,0.02,"Chlamys rubida","W-Msc-254460"
165.5,-37.5,0.02,"Chlamys rubida","W-Msc-254460"
166,-37.5,0.01,"Chlamys rubida","W-Msc-254460"
166.5,-37.5,0.01,"Chlamys rubida","W-Msc-254460"
167,-37.5,0.03,"Chlamys rubida","W-Msc-254460"
167.5,-37.5,0.03,"Chlamys rubida","W-Msc-254460"
168,-37.5,0.03,"Chlamys rubida","W-Msc-254460"
168.5,-37.5,0.03,"Chlamys rubida","W-Msc-254460"
169,-37.5,0.03,"Chlamys rubida","W-Msc-254460"
169.5,-37.5,0.03,"Chlamys rubida","W-Msc-254460"
170,-37.5,0.02,"Chlamys rubida","W-Msc-254460"
172.5,-37.5,0.03,"Chlamys rubida","W-Msc-254460"
173,-37.5,0.01,"Chlamys rubida","W-Msc-254460"
173.5,-37.5,0.05,"Chlamys rubida","W-Msc-254460"
174,-37.5,0.08,"Chlamys rubida","W-Msc-254460"
174.5,-37.5,0.11,"Chlamys rubida","W-Msc-254460"
175,-37.5,0.05,"Chlamys rubida","W-Msc-254460"
175.5,-37.5,0.07,"Chlamys rubida","W-Msc-254460"
176,-37.5,0.06,"Chlamys rubida","W-Msc-254460"
176.5,-37.5,0.13,"Chlamys rubida","W-Msc-254460"
177,-37.5,0.08,"Chlamys rubida","W-Msc-254460"
177.5,-37.5,0.06,"Chlamys rubida","W-Msc-254460"
178,-37.5,0.08,"Chlamys rubida","W-Msc-254460"
178.5,-37.5,0.11,"Chlamys rubida","W-Msc-254460"
179,-37.5,0.1,"Chlamys rubida","W-Msc-254460"
179.5,-37.5,0.03,"Chlamys rubida","W-Msc-254460"
-169,-38,0.04,"Chlamys rubida","W-Msc-254460"
-168.5,-38,0.04,"Chlamys rubida","W-Msc-254460"
-168,-38,0.07,"Chlamys rubida","W-Msc-254460"
-113.5,-38,0.08,"Chlamys rubida","W-Msc-254460"
-113,-38,0.01,"Chlamys rubida","W-Msc-254460"
-112.5,-38,0.14,"Chlamys rubida","W-Msc-254460"
-112,-38,0.03,"Chlamys rubida","W-Msc-254460"
-74,-38,0.54,"Chlamys rubida","W-Msc-254460"
-73.5,-38,0.27,"Chlamys rubida","W-Msc-254460"
150.5,-38,0.09,"Chlamys rubida","W-Msc-254460"
164,-38,0.02,"Chlamys rubida","W-Msc-254460"
164.5,-38,0.03,"Chlamys rubida","W-Msc-254460"
165,-38,0.02,"Chlamys rubida","W-Msc-254460"
165.5,-38,0.02,"Chlamys rubida","W-Msc-254460"
167,-38,0.03,"Chlamys rubida","W-Msc-254460"
167.5,-38,0.03,"Chlamys rubida","W-Msc-254460"
168,-38,0.04,"Chlamys rubida","W-Msc-254460"
168.5,-38,0.04,"Chlamys rubida","W-Msc-254460"
169,-38,0.04,"Chlamys rubida","W-Msc-254460"
169.5,-38,0.04,"Chlamys rubida","W-Msc-254460"
170,-38,0.04,"Chlamys rubida","W-Msc-254460"
170.5,-38,0.03,"Chlamys rubida","W-Msc-254460"
171,-38,0.02,"Chlamys rubida","W-Msc-254460"
171.5,-38,0.01,"Chlamys rubida","W-Msc-254460"
172.5,-38,0.03,"Chlamys rubida","W-Msc-254460"
173,-38,0.02,"Chlamys rubida","W-Msc-254460"
173.5,-38,0.03,"Chlamys rubida","W-Msc-254460"
174,-38,0.09,"Chlamys rubida","W-Msc-254460"
174.5,-38,0.13,"Chlamys rubida","W-Msc-254460"
175,-38,0.13,"Chlamys rubida","W-Msc-254460"
176.5,-38,0.04,"Chlamys rubida","W-Msc-254460"
177,-38,0.13,"Chlamys rubida","W-Msc-254460"
177.5,-38,0.13,"Chlamys rubida","W-Msc-254460"
178,-38,0.12,"Chlamys rubida","W-Msc-254460"
178.5,-38,0.09,"Chlamys rubida","W-Msc-254460"
179,-38,0.13,"Chlamys rubida","W-Msc-254460"
179.5,-38,0.05,"Chlamys rubida","W-Msc-254460"
-168,-38.5,0.07,"Chlamys rubida","W-Msc-254460"
-167.5,-38.5,0.07,"Chlamys rubida","W-Msc-254460"
-111,-38.5,0.02,"Chlamys rubida","W-Msc-254460"
-110.5,-38.5,0.01,"Chlamys rubida","W-Msc-254460"
-93.5,-38.5,0.04,"Chlamys rubida","W-Msc-254460"
-74,-38.5,0.53,"Chlamys rubida","W-Msc-254460"
-73.5,-38.5,0.2,"Chlamys rubida","W-Msc-254460"
-73,-38.5,0.07,"Chlamys rubida","W-Msc-254460"
150.5,-38.5,0.1,"Chlamys rubida","W-Msc-254460"
165,-38.5,0.01,"Chlamys rubida","W-Msc-254460"
165.5,-38.5,0.01,"Chlamys rubida","W-Msc-254460"
167,-38.5,0.01,"Chlamys rubida","W-Msc-254460"
167.5,-38.5,0.03,"Chlamys rubida","W-Msc-254460"
168,-38.5,0.04,"Chlamys rubida","W-Msc-254460"
168.5,-38.5,0.04,"Chlamys rubida","W-Msc-254460"
169,-38.5,0.04,"Chlamys rubida","W-Msc-254460"
169.5,-38.5,0.04,"Chlamys rubida","W-Msc-254460"
170,-38.5,0.04,"Chlamys rubida","W-Msc-254460"
170.5,-38.5,0.04,"Chlamys rubida","W-Msc-254460"
171,-38.5,0.04,"Chlamys rubida","W-Msc-254460"
171.5,-38.5,0.04,"Chlamys rubida","W-Msc-254460"
172,-38.5,0.03,"Chlamys rubida","W-Msc-254460"
172.5,-38.5,0.04,"Chlamys rubida","W-Msc-254460"
173,-38.5,0.09,"Chlamys rubida","W-Msc-254460"
173.5,-38.5,0.1,"Chlamys rubida","W-Msc-254460"
174,-38.5,0.12,"Chlamys rubida","W-Msc-254460"
174.5,-38.5,0.17,"Chlamys rubida","W-Msc-254460"
175,-38.5,0.08,"Chlamys rubida","W-Msc-254460"
178.5,-38.5,0.07,"Chlamys rubida","W-Msc-254460"
179,-38.5,0.13,"Chlamys rubida","W-Msc-254460"
179.5,-38.5,0.11,"Chlamys rubida","W-Msc-254460"
-168,-39,0.07,"Chlamys rubida","W-Msc-254460"
-167.5,-39,0.08,"Chlamys rubida","W-Msc-254460"
-74,-39,0.57,"Chlamys rubida","W-Msc-254460"
-73.5,-39,0.06,"Chlamys rubida","W-Msc-254460"
-73,-39,0.12,"Chlamys rubida","W-Msc-254460"
167,-39,0.02,"Chlamys rubida","W-Msc-254460"
167.5,-39,0.04,"Chlamys rubida","W-Msc-254460"
168,-39,0.04,"Chlamys rubida","W-Msc-254460"
168.5,-39,0.04,"Chlamys rubida","W-Msc-254460"
169,-39,0.04,"Chlamys rubida","W-Msc-254460"
169.5,-39,0.04,"Chlamys rubida","W-Msc-254460"
170,-39,0.04,"Chlamys rubida","W-Msc-254460"
170.5,-39,0.05,"Chlamys rubida","W-Msc-254460"
171,-39,0.05,"Chlamys rubida","W-Msc-254460"
171.5,-39,0.05,"Chlamys rubida","W-Msc-254460"
172,-39,0.06,"Chlamys rubida","W-Msc-254460"
172.5,-39,0.09,"Chlamys rubida","W-Msc-254460"
173,-39,0.12,"Chlamys rubida","W-Msc-254460"
173.5,-39,0.15,"Chlamys rubida","W-Msc-254460"
174,-39,0.12,"Chlamys rubida","W-Msc-254460"
174.5,-39,0.09,"Chlamys rubida","W-Msc-254460"
175,-39,0.05,"Chlamys rubida","W-Msc-254460"
178,-39,0.11,"Chlamys rubida","W-Msc-254460"
178.5,-39,0.14,"Chlamys rubida","W-Msc-254460"
179,-39,0.13,"Chlamys rubida","W-Msc-254460"
-167.5,-39.5,0.05,"Chlamys rubida","W-Msc-254460"
-167,-39.5,0.09,"Chlamys rubida","W-Msc-254460"
-74,-39.5,0.58,"Chlamys rubida","W-Msc-254460"
-73.5,-39.5,0.26,"Chlamys rubida","W-Msc-254460"
-73,-39.5,0.2,"Chlamys rubida","W-Msc-254460"
167.5,-39.5,0.04,"Chlamys rubida","W-Msc-254460"
168,-39.5,0.04,"Chlamys rubida","W-Msc-254460"
168.5,-39.5,0.04,"Chlamys rubida","W-Msc-254460"
169,-39.5,0.04,"Chlamys rubida","W-Msc-254460"
169.5,-39.5,0.04,"Chlamys rubida","W-Msc-254460"
170,-39.5,0.05,"Chlamys rubida","W-Msc-254460"
170.5,-39.5,0.05,"Chlamys rubida","W-Msc-254460"
171,-39.5,0.05,"Chlamys rubida","W-Msc-254460"
171.5,-39.5,0.07,"Chlamys rubida","W-Msc-254460"
172,-39.5,0.1,"Chlamys rubida","W-Msc-254460"
172.5,-39.5,0.14,"Chlamys rubida","W-Msc-254460"
173,-39.5,0.18,"Chlamys rubida","W-Msc-254460"
173.5,-39.5,0.13,"Chlamys rubida","W-Msc-254460"
174,-39.5,0.12,"Chlamys rubida","W-Msc-254460"
174.5,-39.5,0.05,"Chlamys rubida","W-Msc-254460"
177,-39.5,0.04,"Chlamys rubida","W-Msc-254460"
177.5,-39.5,0.1,"Chlamys rubida","W-Msc-254460"
178,-39.5,0.11,"Chlamys rubida","W-Msc-254460"
178.5,-39.5,0.14,"Chlamys rubida","W-Msc-254460"
179,-39.5,0.05,"Chlamys rubida","W-Msc-254460"
-166.5,-40,0.02,"Chlamys rubida","W-Msc-254460"
-166,-40,0.02,"Chlamys rubida","W-Msc-254460"
-74,-40,0.58,"Chlamys rubida","W-Msc-254460"
-73.5,-40,0.19,"Chlamys rubida","W-Msc-254460"
-73,-40,0.37,"Chlamys rubida","W-Msc-254460"
167,-40,0.01,"Chlamys rubida","W-Msc-254460"
167.5,-40,0.04,"Chlamys rubida","W-Msc-254460"
168,-40,0.04,"Chlamys rubida","W-Msc-254460"
168.5,-40,0.05,"Chlamys rubida","W-Msc-254460"
169,-40,0.05,"Chlamys rubida","W-Msc-254460"
169.5,-40,0.05,"Chlamys rubida","W-Msc-254460"
170,-40,0.05,"Chlamys rubida","W-Msc-254460"
170.5,-40,0.05,"Chlamys rubida","W-Msc-254460"
171,-40,0.06,"Chlamys rubida","W-Msc-254460"
171.5,-40,0.08,"Chlamys rubida","W-Msc-254460"
172,-40,0.14,"Chlamys rubida","W-Msc-254460"
172.5,-40,0.19,"Chlamys rubida","W-Msc-254460"
173,-40,0.2,"Chlamys rubida","W-Msc-254460"
173.5,-40,0.14,"Chlamys rubida","W-Msc-254460"
174,-40,0.11,"Chlamys rubida","W-Msc-254460"
174.5,-40,0.09,"Chlamys rubida","W-Msc-254460"
175,-40,0.06,"Chlamys rubida","W-Msc-254460"
175.5,-40,0.03,"Chlamys rubida","W-Msc-254460"
177,-40,0.06,"Chlamys rubida","W-Msc-254460"
177.5,-40,0.18,"Chlamys rubida","W-Msc-254460"
178,-40,0.16,"Chlamys rubida","W-Msc-254460"
178.5,-40,0.14,"Chlamys rubida","W-Msc-254460"
179,-40,0.03,"Chlamys rubida","W-Msc-254460"
-165.5,-40.5,0.05,"Chlamys rubida","W-Msc-254460"
-74.5,-40.5,0.08,"Chlamys rubida","W-Msc-254460"
-74,-40.5,0.47,"Chlamys rubida","W-Msc-254460"
-73.5,-40.5,0.01,"Chlamys rubida","W-Msc-254460"
167,-40.5,0.01,"Chlamys rubida","W-Msc-254460"
167.5,-40.5,0.03,"Chlamys rubida","W-Msc-254460"
168,-40.5,0.04,"Chlamys rubida","W-Msc-254460"
168.5,-40.5,0.05,"Chlamys rubida","W-Msc-254460"
169,-40.5,0.05,"Chlamys rubida","W-Msc-254460"
169.5,-40.5,0.05,"Chlamys rubida","W-Msc-254460"
170,-40.5,0.05,"Chlamys rubida","W-Msc-254460"
170.5,-40.5,0.05,"Chlamys rubida","W-Msc-254460"
171,-40.5,0.07,"Chlamys rubida","W-Msc-254460"
171.5,-40.5,0.11,"Chlamys rubida","W-Msc-254460"
172,-40.5,0.18,"Chlamys rubida","W-Msc-254460"
172.5,-40.5,0.21,"Chlamys rubida","W-Msc-254460"
173,-40.5,0.2,"Chlamys rubida","W-Msc-254460"
173.5,-40.5,0.12,"Chlamys rubida","W-Msc-254460"
174,-40.5,0.12,"Chlamys rubida","W-Msc-254460"
174.5,-40.5,0.15,"Chlamys rubida","W-Msc-254460"
175,-40.5,0.14,"Chlamys rubida","W-Msc-254460"
175.5,-40.5,0.1,"Chlamys rubida","W-Msc-254460"
177,-40.5,0.19,"Chlamys rubida","W-Msc-254460"
177.5,-40.5,0.17,"Chlamys rubida","W-Msc-254460"
178,-40.5,0.1,"Chlamys rubida","W-Msc-254460"
178.5,-40.5,0.13,"Chlamys rubida","W-Msc-254460"
-165,-41,0.12,"Chlamys rubida","W-Msc-254460"
-164.5,-41,0.11,"Chlamys rubida","W-Msc-254460"
-74.5,-41,0.58,"Chlamys rubida","W-Msc-254460"
-74,-41,0.54,"Chlamys rubida","W-Msc-254460"
-73.5,-41,0.4,"Chlamys rubida","W-Msc-254460"
167,-41,0.01,"Chlamys rubida","W-Msc-254460"
167.5,-41,0.04,"Chlamys rubida","W-Msc-254460"
168,-41,0.05,"Chlamys rubida","W-Msc-254460"
168.5,-41,0.05,"Chlamys rubida","W-Msc-254460"
169,-41,0.05,"Chlamys rubida","W-Msc-254460"
169.5,-41,0.05,"Chlamys rubida","W-Msc-254460"
170,-41,0.05,"Chlamys rubida","W-Msc-254460"
170.5,-41,0.07,"Chlamys rubida","W-Msc-254460"
171,-41,0.09,"Chlamys rubida","W-Msc-254460"
171.5,-41,0.17,"Chlamys rubida","W-Msc-254460"
172,-41,0.22,"Chlamys rubida","W-Msc-254460"
172.5,-41,0.21,"Chlamys rubida","W-Msc-254460"
173,-41,0.22,"Chlamys rubida","W-Msc-254460"
173.5,-41,0.25,"Chlamys rubida","W-Msc-254460"
174,-41,0.15,"Chlamys rubida","W-Msc-254460"
174.5,-41,0.23,"Chlamys rubida","W-Msc-254460"
175,-41,0.24,"Chlamys rubida","W-Msc-254460"
175.5,-41,0.11,"Chlamys rubida","W-Msc-254460"
176.5,-41,0.23,"Chlamys rubida","W-Msc-254460"
177,-41,0.2,"Chlamys rubida","W-Msc-254460"
177.5,-41,0.17,"Chlamys rubida","W-Msc-254460"
-164,-41.5,0.14,"Chlamys rubida","W-Msc-254460"
-98,-41.5,0.04,"Chlamys rubida","W-Msc-254460"
-74.5,-41.5,0.62,"Chlamys rubida","W-Msc-254460"
-74,-41.5,0.61,"Chlamys rubida","W-Msc-254460"
-73.5,-41.5,0.65,"Chlamys rubida","W-Msc-254460"
-72.5,-41.5,0.7,"Chlamys rubida","W-Msc-254460"
167.5,-41.5,0.03,"Chlamys rubida","W-Msc-254460"
168,-41.5,0.04,"Chlamys rubida","W-Msc-254460"
168.5,-41.5,0.06,"Chlamys rubida","W-Msc-254460"
169,-41.5,0.06,"Chlamys rubida","W-Msc-254460"
169.5,-41.5,0.06,"Chlamys rubida","W-Msc-254460"
170,-41.5,0.06,"Chlamys rubida","W-Msc-254460"
170.5,-41.5,0.09,"Chlamys rubida","W-Msc-254460"
171,-41.5,0.16,"Chlamys rubida","W-Msc-254460"
171.5,-41.5,0.22,"Chlamys rubida","W-Msc-254460"
172,-41.5,0.26,"Chlamys rubida","W-Msc-254460"
172.5,-41.5,0.23,"Chlamys rubida","W-Msc-254460"
173.5,-41.5,0.22,"Chlamys rubida","W-Msc-254460"
174,-41.5,0.07,"Chlamys rubida","W-Msc-254460"
174.5,-41.5,0.31,"Chlamys rubida","W-Msc-254460"
175,-41.5,0.28,"Chlamys rubida","W-Msc-254460"
175.5,-41.5,0.27,"Chlamys rubida","W-Msc-254460"
176,-41.5,0.26,"Chlamys rubida","W-Msc-254460"
176.5,-41.5,0.25,"Chlamys rubida","W-Msc-254460"
177,-41.5,0.2,"Chlamys rubida","W-Msc-254460"
177.5,-41.5,0.05,"Chlamys rubida","W-Msc-254460"
-179,-42,0.06,"Chlamys rubida","W-Msc-254460"
-164,-42,0.07,"Chlamys rubida","W-Msc-254460"
-163.5,-42,0.05,"Chlamys rubida","W-Msc-254460"
-74.5,-42,0.65,"Chlamys rubida","W-Msc-254460"
-74,-42,0.6,"Chlamys rubida","W-Msc-254460"
-73.5,-42,0.4,"Chlamys rubida","W-Msc-254460"
-73,-42,0.91,"Chlamys rubida","W-Msc-254460"
-72.5,-42,0.87,"Chlamys rubida","W-Msc-254460"
167.5,-42,0.02,"Chlamys rubida","W-Msc-254460"
168,-42,0.04,"Chlamys rubida","W-Msc-254460"
168.5,-42,0.05,"Chlamys rubida","W-Msc-254460"
169,-42,0.06,"Chlamys rubida","W-Msc-254460"
169.5,-42,0.06,"Chlamys rubida","W-Msc-254460"
170,-42,0.08,"Chlamys rubida","W-Msc-254460"
170.5,-42,0.13,"Chlamys rubida","W-Msc-254460"
171,-42,0.22,"Chlamys rubida","W-Msc-254460"
171.5,-42,0.23,"Chlamys rubida","W-Msc-254460"
172,-42,0.19,"Chlamys rubida","W-Msc-254460"
174.5,-42,0.33,"Chlamys rubida","W-Msc-254460"
175,-42,0.34,"Chlamys rubida","W-Msc-254460"
175.5,-42,0.31,"Chlamys rubida","W-Msc-254460"
176,-42,0.29,"Chlamys rubida","W-Msc-254460"
176.5,-42,0.12,"Chlamys rubida","W-Msc-254460"
-179,-42.5,0.01,"Chlamys rubida","W-Msc-254460"
-178.5,-42.5,0.02,"Chlamys rubida","W-Msc-254460"
-178,-42.5,0.03,"Chlamys rubida","W-Msc-254460"
-177.5,-42.5,0.03,"Chlamys rubida","W-Msc-254460"
-171.5,-42.5,0.01,"Chlamys rubida","W-Msc-254460"
-162.5,-42.5,0.19,"Chlamys rubida","W-Msc-254460"
-75,-42.5,0.29,"Chlamys rubida","W-Msc-254460"
-74.5,-42.5,0.68,"Chlamys rubida","W-Msc-254460"
-74,-42.5,0.74,"Chlamys rubida","W-Msc-254460"
-73.5,-42.5,0.11,"Chlamys rubida","W-Msc-254460"
-73,-42.5,0.93,"Chlamys rubida","W-Msc-254460"
-72.5,-42.5,0.92,"Chlamys rubida","W-Msc-254460"
-72,-42.5,0.91,"Chlamys rubida","W-Msc-254460"
168.5,-42.5,0.03,"Chlamys rubida","W-Msc-254460"
169,-42.5,0.05,"Chlamys rubida","W-Msc-254460"
169.5,-42.5,0.07,"Chlamys rubida","W-Msc-254460"
170,-42.5,0.13,"Chlamys rubida","W-Msc-254460"
170.5,-42.5,0.22,"Chlamys rubida","W-Msc-254460"
171,-42.5,0.23,"Chlamys rubida","W-Msc-254460"
171.5,-42.5,0.13,"Chlamys rubida","W-Msc-254460"
174,-42.5,0.35,"Chlamys rubida","W-Msc-254460"
174.5,-42.5,0.4,"Chlamys rubida","W-Msc-254460"
175,-42.5,0.31,"Chlamys rubida","W-Msc-254460"
176.5,-42.5,0.03,"Chlamys rubida","W-Msc-254460"
-179.5,-43,0.22,"Chlamys rubida","W-Msc-254460"
-179,-43,0.21,"Chlamys rubida","W-Msc-254460"
-178.5,-43,0.2,"Chlamys rubida","W-Msc-254460"
-178,-43,0.2,"Chlamys rubida","W-Msc-254460"
-177.5,-43,0.19,"Chlamys rubida","W-Msc-254460"
-177,-43,0.19,"Chlamys rubida","W-Msc-254460"
-176.5,-43,0.19,"Chlamys rubida","W-Msc-254460"
-176,-43,0.18,"Chlamys rubida","W-Msc-254460"
-175.5,-43,0.18,"Chlamys rubida","W-Msc-254460"
-175,-43,0.15,"Chlamys rubida","W-Msc-254460"
-174.5,-43,0.15,"Chlamys rubida","W-Msc-254460"
-174,-43,0.13,"Chlamys rubida","W-Msc-254460"
-173.5,-43,0.09,"Chlamys rubida","W-Msc-254460"
-172,-43,0.03,"Chlamys rubida","W-Msc-254460"
-171.5,-43,0.02,"Chlamys rubida","W-Msc-254460"
-161.5,-43,0.17,"Chlamys rubida","W-Msc-254460"
-75,-43,0.63,"Chlamys rubida","W-Msc-254460"
-74.5,-43,0.72,"Chlamys rubida","W-Msc-254460"
-74,-43,0.78,"Chlamys rubida","W-Msc-254460"
-73.5,-43,0.98,"Chlamys rubida","W-Msc-254460"
-73,-43,0.98,"Chlamys rubida","W-Msc-254460"
-72.5,-43,0.94,"Chlamys rubida","W-Msc-254460"
168,-43,0.05,"Chlamys rubida","W-Msc-254460"
168.5,-43,0.07,"Chlamys rubida","W-Msc-254460"
169,-43,0.11,"Chlamys rubida","W-Msc-254460"
169.5,-43,0.18,"Chlamys rubida","W-Msc-254460"
170,-43,0.24,"Chlamys rubida","W-Msc-254460"
170.5,-43,0.24,"Chlamys rubida","W-Msc-254460"
171,-43,0.2,"Chlamys rubida","W-Msc-254460"
171.5,-43,0.04,"Chlamys rubida","W-Msc-254460"
173.5,-43,0.26,"Chlamys rubida","W-Msc-254460"
174,-43,0.42,"Chlamys rubida","W-Msc-254460"
174.5,-43,0.32,"Chlamys rubida","W-Msc-254460"
175,-43,0.34,"Chlamys rubida","W-Msc-254460"
175.5,-43,0.32,"Chlamys rubida","W-Msc-254460"
176,-43,0.29,"Chlamys rubida","W-Msc-254460"
176.5,-43,0.27,"Chlamys rubida","W-Msc-254460"
177,-43,0.26,"Chlamys rubida","W-Msc-254460"
177.5,-43,0.25,"Chlamys rubida","W-Msc-254460"
178,-43,0.26,"Chlamys rubida","W-Msc-254460"
178.5,-43,0.26,"Chlamys rubida","W-Msc-254460"
179,-43,0.26,"Chlamys rubida","W-Msc-254460"
179.5,-43,0.23,"Chlamys rubida","W-Msc-254460"
-179.5,-43.5,0.24,"Chlamys rubida","W-Msc-254460"
-179,-43.5,0.23,"Chlamys rubida","W-Msc-254460"
-178.5,-43.5,0.23,"Chlamys rubida","W-Msc-254460"
-178,-43.5,0.22,"Chlamys rubida","W-Msc-254460"
-177.5,-43.5,0.23,"Chlamys rubida","W-Msc-254460"
-177,-43.5,0.28,"Chlamys rubida","W-Msc-254460"
-176.5,-43.5,0.31,"Chlamys rubida","W-Msc-254460"
-176,-43.5,0.29,"Chlamys rubida","W-Msc-254460"
-175.5,-43.5,0.24,"Chlamys rubida","W-Msc-254460"
-175,-43.5,0.22,"Chlamys rubida","W-Msc-254460"
-174.5,-43.5,0.19,"Chlamys rubida","W-Msc-254460"
-174,-43.5,0.18,"Chlamys rubida","W-Msc-254460"
-173.5,-43.5,0.11,"Chlamys rubida","W-Msc-254460"
-161.5,-43.5,0.04,"Chlamys rubida","W-Msc-254460"
-161,-43.5,0.24,"Chlamys rubida","W-Msc-254460"
-98,-43.5,0.3,"Chlamys rubida","W-Msc-254460"
-97.5,-43.5,0.3,"Chlamys rubida","W-Msc-254460"
-97,-43.5,0.02,"Chlamys rubida","W-Msc-254460"
-75,-43.5,0.65,"Chlamys rubida","W-Msc-254460"
-74.5,-43.5,0.76,"Chlamys rubida","W-Msc-254460"
-74,-43.5,0.9,"Chlamys rubida","W-Msc-254460"
-73.5,-43.5,0.67,"Chlamys rubida","W-Msc-254460"
-73,-43.5,1,"Chlamys rubida","W-Msc-254460"
-72.5,-43.5,0.86,"Chlamys rubida","W-Msc-254460"
168,-43.5,0.07,"Chlamys rubida","W-Msc-254460"
168.5,-43.5,0.13,"Chlamys rubida","W-Msc-254460"
169,-43.5,0.21,"Chlamys rubida","W-Msc-254460"
169.5,-43.5,0.25,"Chlamys rubida","W-Msc-254460"
170,-43.5,0.25,"Chlamys rubida","W-Msc-254460"
170.5,-43.5,0.16,"Chlamys rubida","W-Msc-254460"
173.5,-43.5,0.3,"Chlamys rubida","W-Msc-254460"
174,-43.5,0.44,"Chlamys rubida","W-Msc-254460"
174.5,-43.5,0.38,"Chlamys rubida","W-Msc-254460"
175,-43.5,0.35,"Chlamys rubida","W-Msc-254460"
175.5,-43.5,0.35,"Chlamys rubida","W-Msc-254460"
176,-43.5,0.34,"Chlamys rubida","W-Msc-254460"
176.5,-43.5,0.33,"Chlamys rubida","W-Msc-254460"
177,-43.5,0.32,"Chlamys rubida","W-Msc-254460"
177.5,-43.5,0.34,"Chlamys rubida","W-Msc-254460"
178,-43.5,0.34,"Chlamys rubida","W-Msc-254460"
178.5,-43.5,0.35,"Chlamys rubida","W-Msc-254460"
179,-43.5,0.33,"Chlamys rubida","W-Msc-254460"
179.5,-43.5,0.26,"Chlamys rubida","W-Msc-254460"
-179.5,-44,0.28,"Chlamys rubida","W-Msc-254460"
-179,-44,0.29,"Chlamys rubida","W-Msc-254460"
-178.5,-44,0.28,"Chlamys rubida","W-Msc-254460"
-178,-44,0.27,"Chlamys rubida","W-Msc-254460"
-177.5,-44,0.28,"Chlamys rubida","W-Msc-254460"
-177,-44,0.36,"Chlamys rubida","W-Msc-254460"
-176.5,-44,0.37,"Chlamys rubida","W-Msc-254460"
-176,-44,0.37,"Chlamys rubida","W-Msc-254460"
-175.5,-44,0.32,"Chlamys rubida","W-Msc-254460"
-175,-44,0.24,"Chlamys rubida","W-Msc-254460"
-174.5,-44,0.2,"Chlamys rubida","W-Msc-254460"
-174,-44,0.17,"Chlamys rubida","W-Msc-254460"
-173.5,-44,0.09,"Chlamys rubida","W-Msc-254460"
-172.5,-44,0.03,"Chlamys rubida","W-Msc-254460"
-172,-44,0.03,"Chlamys rubida","W-Msc-254460"
-161.5,-44,0.04,"Chlamys rubida","W-Msc-254460"
-161,-44,0.25,"Chlamys rubida","W-Msc-254460"
-160.5,-44,0.22,"Chlamys rubida","W-Msc-254460"
-98,-44,0.06,"Chlamys rubida","W-Msc-254460"
-97.5,-44,0.18,"Chlamys rubida","W-Msc-254460"
-97,-44,0.3,"Chlamys rubida","W-Msc-254460"
-75,-44,0.66,"Chlamys rubida","W-Msc-254460"
-74.5,-44,0.75,"Chlamys rubida","W-Msc-254460"
-74,-44,0.89,"Chlamys rubida","W-Msc-254460"
-73.5,-44,0.99,"Chlamys rubida","W-Msc-254460"
-73,-44,0.99,"Chlamys rubida","W-Msc-254460"
-72.5,-44,0.19,"Chlamys rubida","W-Msc-254460"
150.5,-44,0.17,"Chlamys rubida","W-Msc-254460"
151,-44,0.18,"Chlamys rubida","W-Msc-254460"
168,-44,0.01,"Chlamys rubida","W-Msc-254460"
168.5,-44,0.27,"Chlamys rubida","W-Msc-254460"
169,-44,0.27,"Chlamys rubida","W-Msc-254460"
169.5,-44,0.23,"Chlamys rubida","W-Msc-254460"
170,-44,0.17,"Chlamys rubida","W-Msc-254460"
172,-44,0.01,"Chlamys rubida","W-Msc-254460"
172.5,-44,0.12,"Chlamys rubida","W-Msc-254460"
173,-44,0.23,"Chlamys rubida","W-Msc-254460"
173.5,-44,0.19,"Chlamys rubida","W-Msc-254460"
174,-44,0.47,"Chlamys rubida","W-Msc-254460"
174.5,-44,0.45,"Chlamys rubida","W-Msc-254460"
175,-44,0.41,"Chlamys rubida","W-Msc-254460"
175.5,-44,0.39,"Chlamys rubida","W-Msc-254460"
176,-44,0.4,"Chlamys rubida","W-Msc-254460"
176.5,-44,0.41,"Chlamys rubida","W-Msc-254460"
177,-44,0.42,"Chlamys rubida","W-Msc-254460"
177.5,-44,0.42,"Chlamys rubida","W-Msc-254460"
178,-44,0.43,"Chlamys rubida","W-Msc-254460"
178.5,-44,0.42,"Chlamys rubida","W-Msc-254460"
179,-44,0.4,"Chlamys rubida","W-Msc-254460"
179.5,-44,0.33,"Chlamys rubida","W-Msc-254460"
-179.5,-44.5,0.37,"Chlamys rubida","W-Msc-254460"
-179,-44.5,0.36,"Chlamys rubida","W-Msc-254460"
-178.5,-44.5,0.36,"Chlamys rubida","W-Msc-254460"
-178,-44.5,0.34,"Chlamys rubida","W-Msc-254460"
-177.5,-44.5,0.33,"Chlamys rubida","W-Msc-254460"
-177,-44.5,0.34,"Chlamys rubida","W-Msc-254460"
-176.5,-44.5,0.39,"Chlamys rubida","W-Msc-254460"
-176,-44.5,0.39,"Chlamys rubida","W-Msc-254460"
-175.5,-44.5,0.32,"Chlamys rubida","W-Msc-254460"
-175,-44.5,0.25,"Chlamys rubida","W-Msc-254460"
-174.5,-44.5,0.2,"Chlamys rubida","W-Msc-254460"
-174,-44.5,0.1,"Chlamys rubida","W-Msc-254460"
-173.5,-44.5,0.03,"Chlamys rubida","W-Msc-254460"
-160.5,-44.5,0.05,"Chlamys rubida","W-Msc-254460"
-75.5,-44.5,0.39,"Chlamys rubida","W-Msc-254460"
-75,-44.5,0.68,"Chlamys rubida","W-Msc-254460"
-74.5,-44.5,0.76,"Chlamys rubida","W-Msc-254460"
-74,-44.5,0.86,"Chlamys rubida","W-Msc-254460"
-73.5,-44.5,0.57,"Chlamys rubida","W-Msc-254460"
-73,-44.5,1,"Chlamys rubida","W-Msc-254460"
-72.5,-44.5,0.55,"Chlamys rubida","W-Msc-254460"
168,-44.5,0.28,"Chlamys rubida","W-Msc-254460"
168.5,-44.5,0.3,"Chlamys rubida","W-Msc-254460"
171.5,-44.5,0.2,"Chlamys rubida","W-Msc-254460"
172,-44.5,0.09,"Chlamys rubida","W-Msc-254460"
172.5,-44.5,0.26,"Chlamys rubida","W-Msc-254460"
173,-44.5,0.47,"Chlamys rubida","W-Msc-254460"
173.5,-44.5,0.49,"Chlamys rubida","W-Msc-254460"
174,-44.5,0.5,"Chlamys rubida","W-Msc-254460"
174.5,-44.5,0.5,"Chlamys rubida","W-Msc-254460"
175,-44.5,0.48,"Chlamys rubida","W-Msc-254460"
175.5,-44.5,0.47,"Chlamys rubida","W-Msc-254460"
176,-44.5,0.47,"Chlamys rubida","W-Msc-254460"
176.5,-44.5,0.49,"Chlamys rubida","W-Msc-254460"
177,-44.5,0.48,"Chlamys rubida","W-Msc-254460"
177.5,-44.5,0.44,"Chlamys rubida","W-Msc-254460"
178,-44.5,0.36,"Chlamys rubida","W-Msc-254460"
178.5,-44.5,0.32,"Chlamys rubida","W-Msc-254460"
179,-44.5,0.39,"Chlamys rubida","W-Msc-254460"
179.5,-44.5,0.38,"Chlamys rubida","W-Msc-254460"
-179.5,-45,0.22,"Chlamys rubida","W-Msc-254460"
-179,-45,0.23,"Chlamys rubida","W-Msc-254460"
-178.5,-45,0.21,"Chlamys rubida","W-Msc-254460"
-178,-45,0.21,"Chlamys rubida","W-Msc-254460"
-177.5,-45,0.24,"Chlamys rubida","W-Msc-254460"
-177,-45,0.28,"Chlamys rubida","W-Msc-254460"
-176.5,-45,0.3,"Chlamys rubida","W-Msc-254460"
-176,-45,0.29,"Chlamys rubida","W-Msc-254460"
-175.5,-45,0.26,"Chlamys rubida","W-Msc-254460"
-175,-45,0.15,"Chlamys rubida","W-Msc-254460"
-174.5,-45,0.04,"Chlamys rubida","W-Msc-254460"
-174,-45,0.02,"Chlamys rubida","W-Msc-254460"
-75.5,-45,0.61,"Chlamys rubida","W-Msc-254460"
-75,-45,0.69,"Chlamys rubida","W-Msc-254460"
-74.5,-45,0.75,"Chlamys rubida","W-Msc-254460"
-74,-45,0.44,"Chlamys rubida","W-Msc-254460"
-73.5,-45,0.9,"Chlamys rubida","W-Msc-254460"
-73,-45,0.96,"Chlamys rubida","W-Msc-254460"
-72.5,-45,0.79,"Chlamys rubida","W-Msc-254460"
167,-45,0.3,"Chlamys rubida","W-Msc-254460"
167.5,-45,0.3,"Chlamys rubida","W-Msc-254460"
168,-45,0.32,"Chlamys rubida","W-Msc-254460"
171.5,-45,0.24,"Chlamys rubida","W-Msc-254460"
172,-45,0.47,"Chlamys rubida","W-Msc-254460"
172.5,-45,0.5,"Chlamys rubida","W-Msc-254460"
173,-45,0.53,"Chlamys rubida","W-Msc-254460"
173.5,-45,0.54,"Chlamys rubida","W-Msc-254460"
174,-45,0.54,"Chlamys rubida","W-Msc-254460"
174.5,-45,0.46,"Chlamys rubida","W-Msc-254460"
175,-45,0.47,"Chlamys rubida","W-Msc-254460"
175.5,-45,0.45,"Chlamys rubida","W-Msc-254460"
176,-45,0.41,"Chlamys rubida","W-Msc-254460"
176.5,-45,0.35,"Chlamys rubida","W-Msc-254460"
177,-45,0.25,"Chlamys rubida","W-Msc-254460"
177.5,-45,0.17,"Chlamys rubida","W-Msc-254460"
178,-45,0.1,"Chlamys rubida","W-Msc-254460"
178.5,-45,0.1,"Chlamys rubida","W-Msc-254460"
179,-45,0.08,"Chlamys rubida","W-Msc-254460"
179.5,-45,0.18,"Chlamys rubida","W-Msc-254460"
-157.5,-45.5,0.26,"Chlamys rubida","W-Msc-254460"
-157,-45.5,0.26,"Chlamys rubida","W-Msc-254460"
-93.5,-45.5,0.12,"Chlamys rubida","W-Msc-254460"
-75.5,-45.5,0.6,"Chlamys rubida","W-Msc-254460"
-75,-45.5,0.69,"Chlamys rubida","W-Msc-254460"
-74.5,-45.5,0.68,"Chlamys rubida","W-Msc-254460"
-74,-45.5,0.34,"Chlamys rubida","W-Msc-254460"
-73.5,-45.5,0.94,"Chlamys rubida","W-Msc-254460"
-73,-45.5,0.94,"Chlamys rubida","W-Msc-254460"
167,-45.5,0.32,"Chlamys rubida","W-Msc-254460"
167.5,-45.5,0.33,"Chlamys rubida","W-Msc-254460"
171,-45.5,0.43,"Chlamys rubida","W-Msc-254460"
171.5,-45.5,0.49,"Chlamys rubida","W-Msc-254460"
172,-45.5,0.53,"Chlamys rubida","W-Msc-254460"
172.5,-45.5,0.39,"Chlamys rubida","W-Msc-254460"
173,-45.5,0.13,"Chlamys rubida","W-Msc-254460"
173.5,-45.5,0.15,"Chlamys rubida","W-Msc-254460"
174,-45.5,0.15,"Chlamys rubida","W-Msc-254460"
174.5,-45.5,0.23,"Chlamys rubida","W-Msc-254460"
175,-45.5,0.25,"Chlamys rubida","W-Msc-254460"
175.5,-45.5,0.18,"Chlamys rubida","W-Msc-254460"
176,-45.5,0.13,"Chlamys rubida","W-Msc-254460"
176.5,-45.5,0.1,"Chlamys rubida","W-Msc-254460"
177,-45.5,0.03,"Chlamys rubida","W-Msc-254460"
-157.5,-46,0.22,"Chlamys rubida","W-Msc-254460"
-83.5,-46,0.13,"Chlamys rubida","W-Msc-254460"
-75.5,-46,0.68,"Chlamys rubida","W-Msc-254460"
-75,-46,0.71,"Chlamys rubida","W-Msc-254460"
-74.5,-46,0.3,"Chlamys rubida","W-Msc-254460"
-74,-46,0.14,"Chlamys rubida","W-Msc-254460"
-73.5,-46,0.74,"Chlamys rubida","W-Msc-254460"
-73,-46,0.7,"Chlamys rubida","W-Msc-254460"
166,-46,0.23,"Chlamys rubida","W-Msc-254460"
166.5,-46,0.33,"Chlamys rubida","W-Msc-254460"
167,-46,0.33,"Chlamys rubida","W-Msc-254460"
170.5,-46,0.46,"Chlamys rubida","W-Msc-254460"
171,-46,0.49,"Chlamys rubida","W-Msc-254460"
171.5,-46,0.53,"Chlamys rubida","W-Msc-254460"
172,-46,0.25,"Chlamys rubida","W-Msc-254460"
172.5,-46,0.1,"Chlamys rubida","W-Msc-254460"
173,-46,0.11,"Chlamys rubida","W-Msc-254460"
173.5,-46,0.07,"Chlamys rubida","W-Msc-254460"
174,-46,0.08,"Chlamys rubida","W-Msc-254460"
174.5,-46,0.08,"Chlamys rubida","W-Msc-254460"
175,-46,0.13,"Chlamys rubida","W-Msc-254460"
175.5,-46,0.13,"Chlamys rubida","W-Msc-254460"
176,-46,0.08,"Chlamys rubida","W-Msc-254460"
176.5,-46,0.03,"Chlamys rubida","W-Msc-254460"
-155.5,-46.5,0.23,"Chlamys rubida","W-Msc-254460"
-154,-46.5,0.24,"Chlamys rubida","W-Msc-254460"
-83.5,-46.5,0.27,"Chlamys rubida","W-Msc-254460"
-75.5,-46.5,0.7,"Chlamys rubida","W-Msc-254460"
-75,-46.5,0.71,"Chlamys rubida","W-Msc-254460"
-74.5,-46.5,0.39,"Chlamys rubida","W-Msc-254460"
-73.5,-46.5,0.92,"Chlamys rubida","W-Msc-254460"
166,-46.5,0.25,"Chlamys rubida","W-Msc-254460"
166.5,-46.5,0.36,"Chlamys rubida","W-Msc-254460"
167,-46.5,0.38,"Chlamys rubida","W-Msc-254460"
167.5,-46.5,0.39,"Chlamys rubida","W-Msc-254460"
168,-46.5,0.39,"Chlamys rubida","W-Msc-254460"
168.5,-46.5,0.27,"Chlamys rubida","W-Msc-254460"
170,-46.5,0.47,"Chlamys rubida","W-Msc-254460"
170.5,-46.5,0.49,"Chlamys rubida","W-Msc-254460"
171,-46.5,0.52,"Chlamys rubida","W-Msc-254460"
171.5,-46.5,0.43,"Chlamys rubida","W-Msc-254460"
172,-46.5,0.14,"Chlamys rubida","W-Msc-254460"
172.5,-46.5,0.09,"Chlamys rubida","W-Msc-254460"
173,-46.5,0.05,"Chlamys rubida","W-Msc-254460"
173.5,-46.5,0.03,"Chlamys rubida","W-Msc-254460"
174,-46.5,0.02,"Chlamys rubida","W-Msc-254460"
-75.5,-47,0.78,"Chlamys rubida","W-Msc-254460"
-75,-47,1,"Chlamys rubida","W-Msc-254460"
-74.5,-47,1,"Chlamys rubida","W-Msc-254460"
-74,-47,0.58,"Chlamys rubida","W-Msc-254460"
-73.5,-47,0.96,"Chlamys rubida","W-Msc-254460"
165.5,-47,0.15,"Chlamys rubida","W-Msc-254460"
166,-47,0.21,"Chlamys rubida","W-Msc-254460"
166.5,-47,0.25,"Chlamys rubida","W-Msc-254460"
167,-47,0.34,"Chlamys rubida","W-Msc-254460"
167.5,-47,0.39,"Chlamys rubida","W-Msc-254460"
168,-47,0.43,"Chlamys rubida","W-Msc-254460"
168.5,-47,0.11,"Chlamys rubida","W-Msc-254460"
169,-47,0.24,"Chlamys rubida","W-Msc-254460"
169.5,-47,0.31,"Chlamys rubida","W-Msc-254460"
170,-47,0.5,"Chlamys rubida","W-Msc-254460"
170.5,-47,0.53,"Chlamys rubida","W-Msc-254460"
171,-47,0.33,"Chlamys rubida","W-Msc-254460"
171.5,-47,0.18,"Chlamys rubida","W-Msc-254460"
172,-47,0.12,"Chlamys rubida","W-Msc-254460"
172.5,-47,0.1,"Chlamys rubida","W-Msc-254460"
173,-47,0.06,"Chlamys rubida","W-Msc-254460"
173.5,-47,0.06,"Chlamys rubida","W-Msc-254460"
174,-47,0.06,"Chlamys rubida","W-Msc-254460"
174.5,-47,0.09,"Chlamys rubida","W-Msc-254460"
175,-47,0.1,"Chlamys rubida","W-Msc-254460"
175.5,-47,0.07,"Chlamys rubida","W-Msc-254460"
176,-47,0.06,"Chlamys rubida","W-Msc-254460"
-179.5,-47.5,0.3,"Chlamys rubida","W-Msc-254460"
-179,-47.5,0.29,"Chlamys rubida","W-Msc-254460"
-178.5,-47.5,0.14,"Chlamys rubida","W-Msc-254460"
-114,-47.5,0.02,"Chlamys rubida","W-Msc-254460"
-113.5,-47.5,0.03,"Chlamys rubida","W-Msc-254460"
-75.5,-47.5,0.79,"Chlamys rubida","W-Msc-254460"
-75,-47.5,0.99,"Chlamys rubida","W-Msc-254460"
-74.5,-47.5,1,"Chlamys rubida","W-Msc-254460"
-74,-47.5,1,"Chlamys rubida","W-Msc-254460"
165.5,-47.5,0.07,"Chlamys rubida","W-Msc-254460"
166,-47.5,0.23,"Chlamys rubida","W-Msc-254460"
166.5,-47.5,0.01,"Chlamys rubida","W-Msc-254460"
167,-47.5,0.27,"Chlamys rubida","W-Msc-254460"
167.5,-47.5,0.35,"Chlamys rubida","W-Msc-254460"
168,-47.5,0.42,"Chlamys rubida","W-Msc-254460"
168.5,-47.5,0.3,"Chlamys rubida","W-Msc-254460"
169,-47.5,0.46,"Chlamys rubida","W-Msc-254460"
169.5,-47.5,0.43,"Chlamys rubida","W-Msc-254460"
170,-47.5,0.41,"Chlamys rubida","W-Msc-254460"
170.5,-47.5,0.3,"Chlamys rubida","W-Msc-254460"
171,-47.5,0.17,"Chlamys rubida","W-Msc-254460"
171.5,-47.5,0.12,"Chlamys rubida","W-Msc-254460"
172,-47.5,0.11,"Chlamys rubida","W-Msc-254460"
172.5,-47.5,0.08,"Chlamys rubida","W-Msc-254460"
173,-47.5,0.08,"Chlamys rubida","W-Msc-254460"
173.5,-47.5,0.08,"Chlamys rubida","W-Msc-254460"
174,-47.5,0.08,"Chlamys rubida","W-Msc-254460"
174.5,-47.5,0.1,"Chlamys rubida","W-Msc-254460"
175,-47.5,0.14,"Chlamys rubida","W-Msc-254460"
175.5,-47.5,0.15,"Chlamys rubida","W-Msc-254460"
176,-47.5,0.15,"Chlamys rubida","W-Msc-254460"
176.5,-47.5,0.15,"Chlamys rubida","W-Msc-254460"
177,-47.5,0.28,"Chlamys rubida","W-Msc-254460"
177.5,-47.5,0.27,"Chlamys rubida","W-Msc-254460"
178,-47.5,0.28,"Chlamys rubida","W-Msc-254460"
178.5,-47.5,0.29,"Chlamys rubida","W-Msc-254460"
179,-47.5,0.29,"Chlamys rubida","W-Msc-254460"
179.5,-47.5,0.3,"Chlamys rubida","W-Msc-254460"
-179.5,-48,0.29,"Chlamys rubida","W-Msc-254460"
-179,-48,0.29,"Chlamys rubida","W-Msc-254460"
-178.5,-48,0.19,"Chlamys rubida","W-Msc-254460"
-149.5,-48,0.07,"Chlamys rubida","W-Msc-254460"
-76,-48,0.66,"Chlamys rubida","W-Msc-254460"
-75.5,-48,0.77,"Chlamys rubida","W-Msc-254460"
-75,-48,0.81,"Chlamys rubida","W-Msc-254460"
-74.5,-48,0.91,"Chlamys rubida","W-Msc-254460"
-74,-48,0.47,"Chlamys rubida","W-Msc-254460"
-73.5,-48,0.96,"Chlamys rubida","W-Msc-254460"
165,-48,0.04,"Chlamys rubida","W-Msc-254460"
165.5,-48,0.14,"Chlamys rubida","W-Msc-254460"
166.5,-48,0.24,"Chlamys rubida","W-Msc-254460"
167,-48,0.22,"Chlamys rubida","W-Msc-254460"
167.5,-48,0.3,"Chlamys rubida","W-Msc-254460"
168,-48,0.25,"Chlamys rubida","W-Msc-254460"
168.5,-48,0.4,"Chlamys rubida","W-Msc-254460"
169,-48,0.5,"Chlamys rubida","W-Msc-254460"
169.5,-48,0.42,"Chlamys rubida","W-Msc-254460"
170,-48,0.33,"Chlamys rubida","W-Msc-254460"
170.5,-48,0.21,"Chlamys rubida","W-Msc-254460"
171,-48,0.11,"Chlamys rubida","W-Msc-254460"
171.5,-48,0.1,"Chlamys rubida","W-Msc-254460"
172,-48,0.1,"Chlamys rubida","W-Msc-254460"
172.5,-48,0.11,"Chlamys rubida","W-Msc-254460"
173,-48,0.1,"Chlamys rubida","W-Msc-254460"
173.5,-48,0.11,"Chlamys rubida","W-Msc-254460"
174,-48,0.11,"Chlamys rubida","W-Msc-254460"
174.5,-48,0.13,"Chlamys rubida","W-Msc-254460"
175,-48,0.16,"Chlamys rubida","W-Msc-254460"
175.5,-48,0.15,"Chlamys rubida","W-Msc-254460"
176,-48,0.13,"Chlamys rubida","W-Msc-254460"
176.5,-48,0.14,"Chlamys rubida","W-Msc-254460"
177,-48,0.27,"Chlamys rubida","W-Msc-254460"
177.5,-48,0.27,"Chlamys rubida","W-Msc-254460"
178,-48,0.22,"Chlamys rubida","W-Msc-254460"
178.5,-48,0.27,"Chlamys rubida","W-Msc-254460"
179,-48,0.28,"Chlamys rubida","W-Msc-254460"
179.5,-48,0.28,"Chlamys rubida","W-Msc-254460"
-179.5,-48.5,0.28,"Chlamys rubida","W-Msc-254460"
-179,-48.5,0.28,"Chlamys rubida","W-Msc-254460"
-178.5,-48.5,0.23,"Chlamys rubida","W-Msc-254460"
-148.5,-48.5,0.25,"Chlamys rubida","W-Msc-254460"
-147.5,-48.5,0.1,"Chlamys rubida","W-Msc-254460"
-76.5,-48.5,0.01,"Chlamys rubida","W-Msc-254460"
-76,-48.5,0.69,"Chlamys rubida","W-Msc-254460"
-75.5,-48.5,0.75,"Chlamys rubida","W-Msc-254460"
-75,-48.5,0.79,"Chlamys rubida","W-Msc-254460"
-74.5,-48.5,0.85,"Chlamys rubida","W-Msc-254460"
-74,-48.5,0.1,"Chlamys rubida","W-Msc-254460"
-73.5,-48.5,0.38,"Chlamys rubida","W-Msc-254460"
150.5,-48.5,0.05,"Chlamys rubida","W-Msc-254460"
151,-48.5,0.04,"Chlamys rubida","W-Msc-254460"
163,-48.5,0.01,"Chlamys rubida","W-Msc-254460"
165,-48.5,0.02,"Chlamys rubida","W-Msc-254460"
165.5,-48.5,0.21,"Chlamys rubida","W-Msc-254460"
166.5,-48.5,0.24,"Chlamys rubida","W-Msc-254460"
167,-48.5,0.28,"Chlamys rubida","W-Msc-254460"
167.5,-48.5,0.26,"Chlamys rubida","W-Msc-254460"
168,-48.5,0.25,"Chlamys rubida","W-Msc-254460"
168.5,-48.5,0.35,"Chlamys rubida","W-Msc-254460"
169,-48.5,0.38,"Chlamys rubida","W-Msc-254460"
169.5,-48.5,0.35,"Chlamys rubida","W-Msc-254460"
170,-48.5,0.28,"Chlamys rubida","W-Msc-254460"
170.5,-48.5,0.21,"Chlamys rubida","W-Msc-254460"
171,-48.5,0.19,"Chlamys rubida","W-Msc-254460"
171.5,-48.5,0.21,"Chlamys rubida","W-Msc-254460"
172,-48.5,0.21,"Chlamys rubida","W-Msc-254460"
172.5,-48.5,0.22,"Chlamys rubida","W-Msc-254460"
173,-48.5,0.21,"Chlamys rubida","W-Msc-254460"
173.5,-48.5,0.24,"Chlamys rubida","W-Msc-254460"
174,-48.5,0.24,"Chlamys rubida","W-Msc-254460"
174.5,-48.5,0.22,"Chlamys rubida","W-Msc-254460"
175,-48.5,0.23,"Chlamys rubida","W-Msc-254460"
175.5,-48.5,0.23,"Chlamys rubida","W-Msc-254460"
176,-48.5,0.21,"Chlamys rubida","W-Msc-254460"
176.5,-48.5,0.12,"Chlamys rubida","W-Msc-254460"
177,-48.5,0.1,"Chlamys rubida","W-Msc-254460"
177.5,-48.5,0.12,"Chlamys rubida","W-Msc-254460"
178,-48.5,0.18,"Chlamys rubida","W-Msc-254460"
178.5,-48.5,0.26,"Chlamys rubida","W-Msc-254460"
179,-48.5,0.26,"Chlamys rubida","W-Msc-254460"
179.5,-48.5,0.27,"Chlamys rubida","W-Msc-254460"
-179.5,-49,0.27,"Chlamys rubida","W-Msc-254460"
-179,-49,0.22,"Chlamys rubida","W-Msc-254460"
-146.5,-49,0.2,"Chlamys rubida","W-Msc-254460"
-76.5,-49,0.08,"Chlamys rubida","W-Msc-254460"
-76,-49,0.6,"Chlamys rubida","W-Msc-254460"
-75.5,-49,0.73,"Chlamys rubida","W-Msc-254460"
-75,-49,0.58,"Chlamys rubida","W-Msc-254460"
-74.5,-49,0.07,"Chlamys rubida","W-Msc-254460"
-74,-49,0.79,"Chlamys rubida","W-Msc-254460"
150.5,-49,0.09,"Chlamys rubida","W-Msc-254460"
151,-49,0.08,"Chlamys rubida","W-Msc-254460"
165,-49,0.23,"Chlamys rubida","W-Msc-254460"
165.5,-49,0.03,"Chlamys rubida","W-Msc-254460"
166.5,-49,0.27,"Chlamys rubida","W-Msc-254460"
167,-49,0.23,"Chlamys rubida","W-Msc-254460"
167.5,-49,0.22,"Chlamys rubida","W-Msc-254460"
168,-49,0.29,"Chlamys rubida","W-Msc-254460"
168.5,-49,0.35,"Chlamys rubida","W-Msc-254460"
169,-49,0.32,"Chlamys rubida","W-Msc-254460"
169.5,-49,0.27,"Chlamys rubida","W-Msc-254460"
170,-49,0.25,"Chlamys rubida","W-Msc-254460"
170.5,-49,0.25,"Chlamys rubida","W-Msc-254460"
171,-49,0.26,"Chlamys rubida","W-Msc-254460"
171.5,-49,0.26,"Chlamys rubida","W-Msc-254460"
172,-49,0.27,"Chlamys rubida","W-Msc-254460"
172.5,-49,0.27,"Chlamys rubida","W-Msc-254460"
173,-49,0.27,"Chlamys rubida","W-Msc-254460"
173.5,-49,0.27,"Chlamys rubida","W-Msc-254460"
174,-49,0.27,"Chlamys rubida","W-Msc-254460"
174.5,-49,0.27,"Chlamys rubida","W-Msc-254460"
175,-49,0.27,"Chlamys rubida","W-Msc-254460"
175.5,-49,0.27,"Chlamys rubida","W-Msc-254460"
176,-49,0.25,"Chlamys rubida","W-Msc-254460"
176.5,-49,0.13,"Chlamys rubida","W-Msc-254460"
177,-49,0.12,"Chlamys rubida","W-Msc-254460"
177.5,-49,0.14,"Chlamys rubida","W-Msc-254460"
178,-49,0.17,"Chlamys rubida","W-Msc-254460"
178.5,-49,0.21,"Chlamys rubida","W-Msc-254460"
179,-49,0.26,"Chlamys rubida","W-Msc-254460"
179.5,-49,0.27,"Chlamys rubida","W-Msc-254460"
-179.5,-49.5,0.15,"Chlamys rubida","W-Msc-254460"
-179,-49.5,0.03,"Chlamys rubida","W-Msc-254460"
-76.5,-49.5,0.15,"Chlamys rubida","W-Msc-254460"
-76,-49.5,0.57,"Chlamys rubida","W-Msc-254460"
-75.5,-49.5,0.73,"Chlamys rubida","W-Msc-254460"
-75,-49.5,0.72,"Chlamys rubida","W-Msc-254460"
-74,-49.5,0.66,"Chlamys rubida","W-Msc-254460"
-73.5,-49.5,0.52,"Chlamys rubida","W-Msc-254460"
150.5,-49.5,0.06,"Chlamys rubida","W-Msc-254460"
151,-49.5,0.07,"Chlamys rubida","W-Msc-254460"
164.5,-49.5,0.23,"Chlamys rubida","W-Msc-254460"
165,-49.5,0.05,"Chlamys rubida","W-Msc-254460"
166,-49.5,0.05,"Chlamys rubida","W-Msc-254460"
166.5,-49.5,0.25,"Chlamys rubida","W-Msc-254460"
167,-49.5,0.19,"Chlamys rubida","W-Msc-254460"
167.5,-49.5,0.26,"Chlamys rubida","W-Msc-254460"
168,-49.5,0.29,"Chlamys rubida","W-Msc-254460"
168.5,-49.5,0.29,"Chlamys rubida","W-Msc-254460"
169,-49.5,0.27,"Chlamys rubida","W-Msc-254460"
169.5,-49.5,0.26,"Chlamys rubida","W-Msc-254460"
170,-49.5,0.25,"Chlamys rubida","W-Msc-254460"
170.5,-49.5,0.24,"Chlamys rubida","W-Msc-254460"
171,-49.5,0.25,"Chlamys rubida","W-Msc-254460"
171.5,-49.5,0.25,"Chlamys rubida","W-Msc-254460"
172,-49.5,0.25,"Chlamys rubida","W-Msc-254460"
172.5,-49.5,0.25,"Chlamys rubida","W-Msc-254460"
173,-49.5,0.26,"Chlamys rubida","W-Msc-254460"
173.5,-49.5,0.26,"Chlamys rubida","W-Msc-254460"
174,-49.5,0.26,"Chlamys rubida","W-Msc-254460"
174.5,-49.5,0.26,"Chlamys rubida","W-Msc-254460"
175,-49.5,0.27,"Chlamys rubida","W-Msc-254460"
175.5,-49.5,0.26,"Chlamys rubida","W-Msc-254460"
176,-49.5,0.26,"Chlamys rubida","W-Msc-254460"
176.5,-49.5,0.17,"Chlamys rubida","W-Msc-254460"
177,-49.5,0.15,"Chlamys rubida","W-Msc-254460"
177.5,-49.5,0.2,"Chlamys rubida","W-Msc-254460"
178,-49.5,0.22,"Chlamys rubida","W-Msc-254460"
178.5,-49.5,0.22,"Chlamys rubida","W-Msc-254460"
179,-49.5,0.24,"Chlamys rubida","W-Msc-254460"
179.5,-49.5,0.27,"Chlamys rubida","W-Msc-254460"
-177,-50,0.13,"Chlamys rubida","W-Msc-254460"
-176.5,-50,0.12,"Chlamys rubida","W-Msc-254460"
-176,-50,0.11,"Chlamys rubida","W-Msc-254460"
-76.5,-50,0.09,"Chlamys rubida","W-Msc-254460"
-76,-50,0.21,"Chlamys rubida","W-Msc-254460"
-75.5,-50,0.72,"Chlamys rubida","W-Msc-254460"
-75,-50,0.74,"Chlamys rubida","W-Msc-254460"
-74.5,-50,0.65,"Chlamys rubida","W-Msc-254460"
-74,-50,0.52,"Chlamys rubida","W-Msc-254460"
164,-50,0.11,"Chlamys rubida","W-Msc-254460"
164.5,-50,0.21,"Chlamys rubida","W-Msc-254460"
166,-50,0.08,"Chlamys rubida","W-Msc-254460"
166.5,-50,0.2,"Chlamys rubida","W-Msc-254460"
167,-50,0.28,"Chlamys rubida","W-Msc-254460"
167.5,-50,0.26,"Chlamys rubida","W-Msc-254460"
168,-50,0.27,"Chlamys rubida","W-Msc-254460"
168.5,-50,0.29,"Chlamys rubida","W-Msc-254460"
169,-50,0.28,"Chlamys rubida","W-Msc-254460"
169.5,-50,0.26,"Chlamys rubida","W-Msc-254460"
170,-50,0.25,"Chlamys rubida","W-Msc-254460"
170.5,-50,0.24,"Chlamys rubida","W-Msc-254460"
171,-50,0.24,"Chlamys rubida","W-Msc-254460"
171.5,-50,0.24,"Chlamys rubida","W-Msc-254460"
172,-50,0.25,"Chlamys rubida","W-Msc-254460"
172.5,-50,0.25,"Chlamys rubida","W-Msc-254460"
173,-50,0.26,"Chlamys rubida","W-Msc-254460"
173.5,-50,0.26,"Chlamys rubida","W-Msc-254460"
174,-50,0.26,"Chlamys rubida","W-Msc-254460"
174.5,-50,0.26,"Chlamys rubida","W-Msc-254460"
175,-50,0.26,"Chlamys rubida","W-Msc-254460"
175.5,-50,0.25,"Chlamys rubida","W-Msc-254460"
176,-50,0.25,"Chlamys rubida","W-Msc-254460"
176.5,-50,0.16,"Chlamys rubida","W-Msc-254460"
177,-50,0.18,"Chlamys rubida","W-Msc-254460"
177.5,-50,0.2,"Chlamys rubida","W-Msc-254460"
178,-50,0.25,"Chlamys rubida","W-Msc-254460"
178.5,-50,0.22,"Chlamys rubida","W-Msc-254460"
179,-50,0.26,"Chlamys rubida","W-Msc-254460"
179.5,-50,0.27,"Chlamys rubida","W-Msc-254460"
-177,-50.5,0.11,"Chlamys rubida","W-Msc-254460"
-176.5,-50.5,0.11,"Chlamys rubida","W-Msc-254460"
-176,-50.5,0.1,"Chlamys rubida","W-Msc-254460"
-139,-50.5,0.09,"Chlamys rubida","W-Msc-254460"
-76,-50.5,0.41,"Chlamys rubida","W-Msc-254460"
-75.5,-50.5,0.71,"Chlamys rubida","W-Msc-254460"
-75,-50.5,0.63,"Chlamys rubida","W-Msc-254460"
-74.5,-50.5,0.36,"Chlamys rubida","W-Msc-254460"
-74,-50.5,0.37,"Chlamys rubida","W-Msc-254460"
163.5,-50.5,0.05,"Chlamys rubida","W-Msc-254460"
164,-50.5,0.1,"Chlamys rubida","W-Msc-254460"
164.5,-50.5,0.03,"Chlamys rubida","W-Msc-254460"
166,-50.5,0.27,"Chlamys rubida","W-Msc-254460"
166.5,-50.5,0.26,"Chlamys rubida","W-Msc-254460"
167,-50.5,0.31,"Chlamys rubida","W-Msc-254460"
167.5,-50.5,0.28,"Chlamys rubida","W-Msc-254460"
168,-50.5,0.23,"Chlamys rubida","W-Msc-254460"
168.5,-50.5,0.26,"Chlamys rubida","W-Msc-254460"
169,-50.5,0.27,"Chlamys rubida","W-Msc-254460"
169.5,-50.5,0.27,"Chlamys rubida","W-Msc-254460"
170,-50.5,0.26,"Chlamys rubida","W-Msc-254460"
170.5,-50.5,0.26,"Chlamys rubida","W-Msc-254460"
171,-50.5,0.26,"Chlamys rubida","W-Msc-254460"
171.5,-50.5,0.26,"Chlamys rubida","W-Msc-254460"
172,-50.5,0.26,"Chlamys rubida","W-Msc-254460"
172.5,-50.5,0.26,"Chlamys rubida","W-Msc-254460"
173,-50.5,0.26,"Chlamys rubida","W-Msc-254460"
173.5,-50.5,0.26,"Chlamys rubida","W-Msc-254460"
174,-50.5,0.25,"Chlamys rubida","W-Msc-254460"
174.5,-50.5,0.24,"Chlamys rubida","W-Msc-254460"
175,-50.5,0.21,"Chlamys rubida","W-Msc-254460"
175.5,-50.5,0.18,"Chlamys rubida","W-Msc-254460"
176,-50.5,0.13,"Chlamys rubida","W-Msc-254460"
176.5,-50.5,0.03,"Chlamys rubida","W-Msc-254460"
177,-50.5,0.04,"Chlamys rubida","W-Msc-254460"
177.5,-50.5,0.07,"Chlamys rubida","W-Msc-254460"
178,-50.5,0.01,"Chlamys rubida","W-Msc-254460"
-76,-51,0.4,"Chlamys rubida","W-Msc-254460"
-75.5,-51,0.6,"Chlamys rubida","W-Msc-254460"
-75,-51,0.73,"Chlamys rubida","W-Msc-254460"
-74.5,-51,0.35,"Chlamys rubida","W-Msc-254460"
-73.5,-51,0.58,"Chlamys rubida","W-Msc-254460"
162.5,-51,0.2,"Chlamys rubida","W-Msc-254460"
163.5,-51,0.06,"Chlamys rubida","W-Msc-254460"
164,-51,0.19,"Chlamys rubida","W-Msc-254460"
164.5,-51,0.06,"Chlamys rubida","W-Msc-254460"
165,-51,0.18,"Chlamys rubida","W-Msc-254460"
166,-51,0.3,"Chlamys rubida","W-Msc-254460"
166.5,-51,0.47,"Chlamys rubida","W-Msc-254460"
167,-51,0.31,"Chlamys rubida","W-Msc-254460"
167.5,-51,0.23,"Chlamys rubida","W-Msc-254460"
168,-51,0.22,"Chlamys rubida","W-Msc-254460"
168.5,-51,0.24,"Chlamys rubida","W-Msc-254460"
169,-51,0.27,"Chlamys rubida","W-Msc-254460"
169.5,-51,0.28,"Chlamys rubida","W-Msc-254460"
170,-51,0.28,"Chlamys rubida","W-Msc-254460"
170.5,-51,0.28,"Chlamys rubida","W-Msc-254460"
171,-51,0.28,"Chlamys rubida","W-Msc-254460"
171.5,-51,0.28,"Chlamys rubida","W-Msc-254460"
172,-51,0.28,"Chlamys rubida","W-Msc-254460"
172.5,-51,0.27,"Chlamys rubida","W-Msc-254460"
173,-51,0.26,"Chlamys rubida","W-Msc-254460"
173.5,-51,0.25,"Chlamys rubida","W-Msc-254460"
174,-51,0.24,"Chlamys rubida","W-Msc-254460"
174.5,-51,0.22,"Chlamys rubida","W-Msc-254460"
175,-51,0.17,"Chlamys rubida","W-Msc-254460"
175.5,-51,0.11,"Chlamys rubida","W-Msc-254460"
176,-51,0.04,"Chlamys rubida","W-Msc-254460"
-76,-51.5,0.25,"Chlamys rubida","W-Msc-254460"
-75.5,-51.5,0.63,"Chlamys rubida","W-Msc-254460"
-75,-51.5,0.73,"Chlamys rubida","W-Msc-254460"
-74.5,-51.5,0.78,"Chlamys rubida","W-Msc-254460"
-74,-51.5,0.83,"Chlamys rubida","W-Msc-254460"
-73.5,-51.5,0.71,"Chlamys rubida","W-Msc-254460"
-73,-51.5,0.67,"Chlamys rubida","W-Msc-254460"
161.5,-51.5,0.03,"Chlamys rubida","W-Msc-254460"
162,-51.5,0.17,"Chlamys rubida","W-Msc-254460"
162.5,-51.5,0.2,"Chlamys rubida","W-Msc-254460"
165,-51.5,0.19,"Chlamys rubida","W-Msc-254460"
165.5,-51.5,0.21,"Chlamys rubida","W-Msc-254460"
166,-51.5,0.17,"Chlamys rubida","W-Msc-254460"
166.5,-51.5,0.19,"Chlamys rubida","W-Msc-254460"
167,-51.5,0.17,"Chlamys rubida","W-Msc-254460"
167.5,-51.5,0.2,"Chlamys rubida","W-Msc-254460"
168,-51.5,0.21,"Chlamys rubida","W-Msc-254460"
168.5,-51.5,0.23,"Chlamys rubida","W-Msc-254460"
169,-51.5,0.26,"Chlamys rubida","W-Msc-254460"
169.5,-51.5,0.28,"Chlamys rubida","W-Msc-254460"
170,-51.5,0.28,"Chlamys rubida","W-Msc-254460"
170.5,-51.5,0.29,"Chlamys rubida","W-Msc-254460"
171,-51.5,0.29,"Chlamys rubida","W-Msc-254460"
171.5,-51.5,0.28,"Chlamys rubida","W-Msc-254460"
172,-51.5,0.27,"Chlamys rubida","W-Msc-254460"
172.5,-51.5,0.26,"Chlamys rubida","W-Msc-254460"
173,-51.5,0.25,"Chlamys rubida","W-Msc-254460"
173.5,-51.5,0.24,"Chlamys rubida","W-Msc-254460"
174,-51.5,0.23,"Chlamys rubida","W-Msc-254460"
174.5,-51.5,0.22,"Chlamys rubida","W-Msc-254460"
175,-51.5,0.2,"Chlamys rubida","W-Msc-254460"
175.5,-51.5,0.15,"Chlamys rubida","W-Msc-254460"
176,-51.5,0.06,"Chlamys rubida","W-Msc-254460"
-76,-52,0.1,"Chlamys rubida","W-Msc-254460"
-75.5,-52,0.55,"Chlamys rubida","W-Msc-254460"
-75,-52,0.72,"Chlamys rubida","W-Msc-254460"
-74.5,-52,0.16,"Chlamys rubida","W-Msc-254460"
-74,-52,0.22,"Chlamys rubida","W-Msc-254460"
-73.5,-52,0.81,"Chlamys rubida","W-Msc-254460"
-73,-52,0.51,"Chlamys rubida","W-Msc-254460"
-72.5,-52,0.51,"Chlamys rubida","W-Msc-254460"
-72,-52,0.08,"Chlamys rubida","W-Msc-254460"
161.5,-52,0.18,"Chlamys rubida","W-Msc-254460"
162,-52,0.06,"Chlamys rubida","W-Msc-254460"
166,-52,0.15,"Chlamys rubida","W-Msc-254460"
166.5,-52,0.17,"Chlamys rubida","W-Msc-254460"
167,-52,0.15,"Chlamys rubida","W-Msc-254460"
167.5,-52,0.17,"Chlamys rubida","W-Msc-254460"
168,-52,0.18,"Chlamys rubida","W-Msc-254460"
168.5,-52,0.21,"Chlamys rubida","W-Msc-254460"
169,-52,0.24,"Chlamys rubida","W-Msc-254460"
169.5,-52,0.27,"Chlamys rubida","W-Msc-254460"
170,-52,0.28,"Chlamys rubida","W-Msc-254460"
170.5,-52,0.27,"Chlamys rubida","W-Msc-254460"
171,-52,0.27,"Chlamys rubida","W-Msc-254460"
171.5,-52,0.27,"Chlamys rubida","W-Msc-254460"
172,-52,0.26,"Chlamys rubida","W-Msc-254460"
172.5,-52,0.24,"Chlamys rubida","W-Msc-254460"
173,-52,0.22,"Chlamys rubida","W-Msc-254460"
173.5,-52,0.22,"Chlamys rubida","W-Msc-254460"
174,-52,0.21,"Chlamys rubida","W-Msc-254460"
174.5,-52,0.21,"Chlamys rubida","W-Msc-254460"
175,-52,0.2,"Chlamys rubida","W-Msc-254460"
175.5,-52,0.11,"Chlamys rubida","W-Msc-254460"
-142.5,-52.5,0.06,"Chlamys rubida","W-Msc-254460"
-142,-52.5,0.01,"Chlamys rubida","W-Msc-254460"
-76,-52.5,0.03,"Chlamys rubida","W-Msc-254460"
-75.5,-52.5,0.45,"Chlamys rubida","W-Msc-254460"
-75,-52.5,0.71,"Chlamys rubida","W-Msc-254460"
-74.5,-52.5,0.72,"Chlamys rubida","W-Msc-254460"
-74,-52.5,0.02,"Chlamys rubida","W-Msc-254460"
-73.5,-52.5,0.14,"Chlamys rubida","W-Msc-254460"
-73,-52.5,0.16,"Chlamys rubida","W-Msc-254460"
-72.5,-52.5,0.33,"Chlamys rubida","W-Msc-254460"
-72,-52.5,0.26,"Chlamys rubida","W-Msc-254460"
160.5,-52.5,0.2,"Chlamys rubida","W-Msc-254460"
161,-52.5,0.19,"Chlamys rubida","W-Msc-254460"
165.5,-52.5,0.09,"Chlamys rubida","W-Msc-254460"
166,-52.5,0.11,"Chlamys rubida","W-Msc-254460"
166.5,-52.5,0.11,"Chlamys rubida","W-Msc-254460"
167,-52.5,0.13,"Chlamys rubida","W-Msc-254460"
167.5,-52.5,0.15,"Chlamys rubida","W-Msc-254460"
168,-52.5,0.17,"Chlamys rubida","W-Msc-254460"
168.5,-52.5,0.19,"Chlamys rubida","W-Msc-254460"
169,-52.5,0.2,"Chlamys rubida","W-Msc-254460"
169.5,-52.5,0.24,"Chlamys rubida","W-Msc-254460"
170,-52.5,0.28,"Chlamys rubida","W-Msc-254460"
170.5,-52.5,0.26,"Chlamys rubida","W-Msc-254460"
171,-52.5,0.24,"Chlamys rubida","W-Msc-254460"
171.5,-52.5,0.23,"Chlamys rubida","W-Msc-254460"
172,-52.5,0.22,"Chlamys rubida","W-Msc-254460"
172.5,-52.5,0.21,"Chlamys rubida","W-Msc-254460"
173,-52.5,0.2,"Chlamys rubida","W-Msc-254460"
173.5,-52.5,0.2,"Chlamys rubida","W-Msc-254460"
174,-52.5,0.2,"Chlamys rubida","W-Msc-254460"
174.5,-52.5,0.14,"Chlamys rubida","W-Msc-254460"
175,-52.5,0.07,"Chlamys rubida","W-Msc-254460"
-142,-53,0.06,"Chlamys rubida","W-Msc-254460"
-75.5,-53,0.31,"Chlamys rubida","W-Msc-254460"
-75,-53,0.47,"Chlamys rubida","W-Msc-254460"
-74.5,-53,0.71,"Chlamys rubida","W-Msc-254460"
-74,-53,0.61,"Chlamys rubida","W-Msc-254460"
-73.5,-53,0.45,"Chlamys rubida","W-Msc-254460"
-73,-53,0.06,"Chlamys rubida","W-Msc-254460"
-72.5,-53,0.39,"Chlamys rubida","W-Msc-254460"
-72,-53,0.35,"Chlamys rubida","W-Msc-254460"
-71.5,-53,0.34,"Chlamys rubida","W-Msc-254460"
-71,-53,0.38,"Chlamys rubida","W-Msc-254460"
-70.5,-53,0.4,"Chlamys rubida","W-Msc-254460"
-70,-53,0.38,"Chlamys rubida","W-Msc-254460"
-69.5,-53,0.38,"Chlamys rubida","W-Msc-254460"
160,-53,0.18,"Chlamys rubida","W-Msc-254460"
160.5,-53,0.2,"Chlamys rubida","W-Msc-254460"
161,-53,0.19,"Chlamys rubida","W-Msc-254460"
165,-53,0.02,"Chlamys rubida","W-Msc-254460"
165.5,-53,0.14,"Chlamys rubida","W-Msc-254460"
166,-53,0.15,"Chlamys rubida","W-Msc-254460"
166.5,-53,0.11,"Chlamys rubida","W-Msc-254460"
167,-53,0.11,"Chlamys rubida","W-Msc-254460"
167.5,-53,0.12,"Chlamys rubida","W-Msc-254460"
168,-53,0.14,"Chlamys rubida","W-Msc-254460"
168.5,-53,0.17,"Chlamys rubida","W-Msc-254460"
169,-53,0.19,"Chlamys rubida","W-Msc-254460"
169.5,-53,0.23,"Chlamys rubida","W-Msc-254460"
170,-53,0.25,"Chlamys rubida","W-Msc-254460"
170.5,-53,0.23,"Chlamys rubida","W-Msc-254460"
171,-53,0.22,"Chlamys rubida","W-Msc-254460"
171.5,-53,0.22,"Chlamys rubida","W-Msc-254460"
172,-53,0.21,"Chlamys rubida","W-Msc-254460"
172.5,-53,0.19,"Chlamys rubida","W-Msc-254460"
173,-53,0.19,"Chlamys rubida","W-Msc-254460"
173.5,-53,0.18,"Chlamys rubida","W-Msc-254460"
174,-53,0.18,"Chlamys rubida","W-Msc-254460"
174.5,-53,0.13,"Chlamys rubida","W-Msc-254460"
-140.5,-53.5,0.19,"Chlamys rubida","W-Msc-254460"
-75.5,-53.5,0.08,"Chlamys rubida","W-Msc-254460"
-75,-53.5,0.33,"Chlamys rubida","W-Msc-254460"
-74.5,-53.5,0.51,"Chlamys rubida","W-Msc-254460"
-74,-53.5,0.7,"Chlamys rubida","W-Msc-254460"
-73.5,-53.5,0.5,"Chlamys rubida","W-Msc-254460"
-73,-53.5,0.42,"Chlamys rubida","W-Msc-254460"
-72.5,-53.5,0.42,"Chlamys rubida","W-Msc-254460"
-72,-53.5,0.26,"Chlamys rubida","W-Msc-254460"
-71.5,-53.5,0.5,"Chlamys rubida","W-Msc-254460"
-71,-53.5,0.45,"Chlamys rubida","W-Msc-254460"
-70.5,-53.5,0.63,"Chlamys rubida","W-Msc-254460"
-70,-53.5,0.61,"Chlamys rubida","W-Msc-254460"
-69.5,-53.5,0.39,"Chlamys rubida","W-Msc-254460"
-69,-53.5,0.31,"Chlamys rubida","W-Msc-254460"
160,-53.5,0.13,"Chlamys rubida","W-Msc-254460"
160.5,-53.5,0.1,"Chlamys rubida","W-Msc-254460"
165,-53.5,0.01,"Chlamys rubida","W-Msc-254460"
165.5,-53.5,0.12,"Chlamys rubida","W-Msc-254460"
166,-53.5,0.13,"Chlamys rubida","W-Msc-254460"
166.5,-53.5,0.08,"Chlamys rubida","W-Msc-254460"
167,-53.5,0.1,"Chlamys rubida","W-Msc-254460"
167.5,-53.5,0.11,"Chlamys rubida","W-Msc-254460"
168,-53.5,0.16,"Chlamys rubida","W-Msc-254460"
168.5,-53.5,0.16,"Chlamys rubida","W-Msc-254460"
169,-53.5,0.15,"Chlamys rubida","W-Msc-254460"
169.5,-53.5,0.17,"Chlamys rubida","W-Msc-254460"
170,-53.5,0.19,"Chlamys rubida","W-Msc-254460"
170.5,-53.5,0.19,"Chlamys rubida","W-Msc-254460"
171,-53.5,0.2,"Chlamys rubida","W-Msc-254460"
171.5,-53.5,0.2,"Chlamys rubida","W-Msc-254460"
172,-53.5,0.2,"Chlamys rubida","W-Msc-254460"
172.5,-53.5,0.18,"Chlamys rubida","W-Msc-254460"
173,-53.5,0.17,"Chlamys rubida","W-Msc-254460"
173.5,-53.5,0.17,"Chlamys rubida","W-Msc-254460"
174,-53.5,0.18,"Chlamys rubida","W-Msc-254460"
174.5,-53.5,0.04,"Chlamys rubida","W-Msc-254460"
-140.5,-54,0.21,"Chlamys rubida","W-Msc-254460"
-140,-54,0.21,"Chlamys rubida","W-Msc-254460"
-139.5,-54,0.21,"Chlamys rubida","W-Msc-254460"
-135,-54,0.03,"Chlamys rubida","W-Msc-254460"
-74.5,-54,0.24,"Chlamys rubida","W-Msc-254460"
-74,-54,0.46,"Chlamys rubida","W-Msc-254460"
-73.5,-54,0.69,"Chlamys rubida","W-Msc-254460"
-73,-54,0.7,"Chlamys rubida","W-Msc-254460"
-72.5,-54,0.31,"Chlamys rubida","W-Msc-254460"
-72,-54,0.69,"Chlamys rubida","W-Msc-254460"
-71.5,-54,0.7,"Chlamys rubida","W-Msc-254460"
-71,-54,0.69,"Chlamys rubida","W-Msc-254460"
-70.5,-54,0.69,"Chlamys rubida","W-Msc-254460"
-70,-54,0.68,"Chlamys rubida","W-Msc-254460"
-69.5,-54,0.43,"Chlamys rubida","W-Msc-254460"
-69,-54,0.02,"Chlamys rubida","W-Msc-254460"
159,-54,0.2,"Chlamys rubida","W-Msc-254460"
159.5,-54,0.2,"Chlamys rubida","W-Msc-254460"
165,-54,0.03,"Chlamys rubida","W-Msc-254460"
165.5,-54,0.03,"Chlamys rubida","W-Msc-254460"
166,-54,0.06,"Chlamys rubida","W-Msc-254460"
166.5,-54,0.07,"Chlamys rubida","W-Msc-254460"
167,-54,0.11,"Chlamys rubida","W-Msc-254460"
167.5,-54,0.13,"Chlamys rubida","W-Msc-254460"
168,-54,0.15,"Chlamys rubida","W-Msc-254460"
168.5,-54,0.14,"Chlamys rubida","W-Msc-254460"
169,-54,0.15,"Chlamys rubida","W-Msc-254460"
169.5,-54,0.15,"Chlamys rubida","W-Msc-254460"
170,-54,0.16,"Chlamys rubida","W-Msc-254460"
170.5,-54,0.15,"Chlamys rubida","W-Msc-254460"
171,-54,0.16,"Chlamys rubida","W-Msc-254460"
171.5,-54,0.17,"Chlamys rubida","W-Msc-254460"
172,-54,0.16,"Chlamys rubida","W-Msc-254460"
172.5,-54,0.16,"Chlamys rubida","W-Msc-254460"
173,-54,0.15,"Chlamys rubida","W-Msc-254460"
173.5,-54,0.11,"Chlamys rubida","W-Msc-254460"
174,-54,0.03,"Chlamys rubida","W-Msc-254460"
-139.5,-54.5,0.21,"Chlamys rubida","W-Msc-254460"
-74,-54.5,0.33,"Chlamys rubida","W-Msc-254460"
-73.5,-54.5,0.44,"Chlamys rubida","W-Msc-254460"
-73,-54.5,0.69,"Chlamys rubida","W-Msc-254460"
-72.5,-54.5,0.62,"Chlamys rubida","W-Msc-254460"
-72,-54.5,0.69,"Chlamys rubida","W-Msc-254460"
-71.5,-54.5,0.68,"Chlamys rubida","W-Msc-254460"
-71,-54.5,0.69,"Chlamys rubida","W-Msc-254460"
-70.5,-54.5,0.68,"Chlamys rubida","W-Msc-254460"
-70,-54.5,0.17,"Chlamys rubida","W-Msc-254460"
-69.5,-54.5,0.68,"Chlamys rubida","W-Msc-254460"
-69,-54.5,0.67,"Chlamys rubida","W-Msc-254460"
159,-54.5,0.19,"Chlamys rubida","W-Msc-254460"
159.5,-54.5,0.2,"Chlamys rubida","W-Msc-254460"
165,-54.5,0.09,"Chlamys rubida","W-Msc-254460"
165.5,-54.5,0.06,"Chlamys rubida","W-Msc-254460"
166,-54.5,0.12,"Chlamys rubida","W-Msc-254460"
166.5,-54.5,0.14,"Chlamys rubida","W-Msc-254460"
167,-54.5,0.11,"Chlamys rubida","W-Msc-254460"
167.5,-54.5,0.14,"Chlamys rubida","W-Msc-254460"
168,-54.5,0.13,"Chlamys rubida","W-Msc-254460"
168.5,-54.5,0.12,"Chlamys rubida","W-Msc-254460"
169,-54.5,0.12,"Chlamys rubida","W-Msc-254460"
169.5,-54.5,0.11,"Chlamys rubida","W-Msc-254460"
170,-54.5,0.1,"Chlamys rubida","W-Msc-254460"
170.5,-54.5,0.09,"Chlamys rubida","W-Msc-254460"
171,-54.5,0.08,"Chlamys rubida","W-Msc-254460"
171.5,-54.5,0.09,"Chlamys rubida","W-Msc-254460"
172,-54.5,0.05,"Chlamys rubida","W-Msc-254460"
-138.5,-55,0.06,"Chlamys rubida","W-Msc-254460"
-138,-55,0.12,"Chlamys rubida","W-Msc-254460"
-137.5,-55,0.04,"Chlamys rubida","W-Msc-254460"
-130,-55,0.08,"Chlamys rubida","W-Msc-254460"
-129.5,-55,0.16,"Chlamys rubida","W-Msc-254460"
-129,-55,0.13,"Chlamys rubida","W-Msc-254460"
-128.5,-55,0.11,"Chlamys rubida","W-Msc-254460"
-126,-55,0.14,"Chlamys rubida","W-Msc-254460"
-125.5,-55,0.05,"Chlamys rubida","W-Msc-254460"
-74,-55,0.11,"Chlamys rubida","W-Msc-254460"
-73.5,-55,0.3,"Chlamys rubida","W-Msc-254460"
-73,-55,0.41,"Chlamys rubida","W-Msc-254460"
-72.5,-55,0.53,"Chlamys rubida","W-Msc-254460"
-72,-55,0.68,"Chlamys rubida","W-Msc-254460"
-71.5,-55,0.64,"Chlamys rubida","W-Msc-254460"
-71,-55,0.68,"Chlamys rubida","W-Msc-254460"
-70.5,-55,0.61,"Chlamys rubida","W-Msc-254460"
-70,-55,0.68,"Chlamys rubida","W-Msc-254460"
-69.5,-55,0.29,"Chlamys rubida","W-Msc-254460"
-69,-55,0.22,"Chlamys rubida","W-Msc-254460"
-68.5,-55,0.64,"Chlamys rubida","W-Msc-254460"
159,-55,0.19,"Chlamys rubida","W-Msc-254460"
159.5,-55,0.19,"Chlamys rubida","W-Msc-254460"
165,-55,0.04,"Chlamys rubida","W-Msc-254460"
165.5,-55,0.06,"Chlamys rubida","W-Msc-254460"
166,-55,0.11,"Chlamys rubida","W-Msc-254460"
166.5,-55,0.11,"Chlamys rubida","W-Msc-254460"
167,-55,0.12,"Chlamys rubida","W-Msc-254460"
167.5,-55,0.12,"Chlamys rubida","W-Msc-254460"
168,-55,0.13,"Chlamys rubida","W-Msc-254460"
168.5,-55,0.08,"Chlamys rubida","W-Msc-254460"
169,-55,0.1,"Chlamys rubida","W-Msc-254460"
169.5,-55,0.08,"Chlamys rubida","W-Msc-254460"
170,-55,0.07,"Chlamys rubida","W-Msc-254460"
170.5,-55,0.08,"Chlamys rubida","W-Msc-254460"
171,-55,0.02,"Chlamys rubida","W-Msc-254460"
-128.5,-55.5,0.16,"Chlamys rubida","W-Msc-254460"
-128,-55.5,0.09,"Chlamys rubida","W-Msc-254460"
-126.5,-55.5,0.04,"Chlamys rubida","W-Msc-254460"
-126,-55.5,0.13,"Chlamys rubida","W-Msc-254460"
-125.5,-55.5,0.17,"Chlamys rubida","W-Msc-254460"
-125,-55.5,0.17,"Chlamys rubida","W-Msc-254460"
-124.5,-55.5,0.15,"Chlamys rubida","W-Msc-254460"
-72.5,-55.5,0.2,"Chlamys rubida","W-Msc-254460"
-72,-55.5,0.33,"Chlamys rubida","W-Msc-254460"
-71.5,-55.5,0.36,"Chlamys rubida","W-Msc-254460"
-71,-55.5,0.49,"Chlamys rubida","W-Msc-254460"
-70.5,-55.5,0.64,"Chlamys rubida","W-Msc-254460"
-70,-55.5,0.68,"Chlamys rubida","W-Msc-254460"
-69.5,-55.5,0.5,"Chlamys rubida","W-Msc-254460"
-69,-55.5,0.24,"Chlamys rubida","W-Msc-254460"
-68.5,-55.5,0.18,"Chlamys rubida","W-Msc-254460"
-68,-55.5,0.55,"Chlamys rubida","W-Msc-254460"
-67.5,-55.5,0.54,"Chlamys rubida","W-Msc-254460"
-67,-55.5,0.54,"Chlamys rubida","W-Msc-254460"
-66.5,-55.5,0.6,"Chlamys rubida","W-Msc-254460"
-66,-55.5,0.47,"Chlamys rubida","W-Msc-254460"
158.5,-55.5,0.17,"Chlamys rubida","W-Msc-254460"
159,-55.5,0.17,"Chlamys rubida","W-Msc-254460"
166,-55.5,0.02,"Chlamys rubida","W-Msc-254460"
166.5,-55.5,0.1,"Chlamys rubida","W-Msc-254460"
167,-55.5,0.09,"Chlamys rubida","W-Msc-254460"
167.5,-55.5,0.07,"Chlamys rubida","W-Msc-254460"
168,-55.5,0.07,"Chlamys rubida","W-Msc-254460"
168.5,-55.5,0.05,"Chlamys rubida","W-Msc-254460"
169,-55.5,0.02,"Chlamys rubida","W-Msc-254460"
169.5,-55.5,0.06,"Chlamys rubida","W-Msc-254460"
-144,-56,0.03,"Chlamys rubida","W-Msc-254460"
-143.5,-56,0.07,"Chlamys rubida","W-Msc-254460"
-143,-56,0.09,"Chlamys rubida","W-Msc-254460"
-122,-56,0.1,"Chlamys rubida","W-Msc-254460"
-72,-56,0.15,"Chlamys rubida","W-Msc-254460"
-71.5,-56,0.08,"Chlamys rubida","W-Msc-254460"
-71,-56,0.15,"Chlamys rubida","W-Msc-254460"
-70.5,-56,0.32,"Chlamys rubida","W-Msc-254460"
-70,-56,0.42,"Chlamys rubida","W-Msc-254460"
-69.5,-56,0.67,"Chlamys rubida","W-Msc-254460"
-69,-56,0.44,"Chlamys rubida","W-Msc-254460"
-68.5,-56,0.43,"Chlamys rubida","W-Msc-254460"
-68,-56,0.39,"Chlamys rubida","W-Msc-254460"
-67.5,-56,0.42,"Chlamys rubida","W-Msc-254460"
-67,-56,0.45,"Chlamys rubida","W-Msc-254460"
-66.5,-56,0.65,"Chlamys rubida","W-Msc-254460"
-66,-56,0.28,"Chlamys rubida","W-Msc-254460"
-65.5,-56,0.22,"Chlamys rubida","W-Msc-254460"
158.5,-56,0.02,"Chlamys rubida","W-Msc-254460"
166.5,-56,0.05,"Chlamys rubida","W-Msc-254460"
167,-56,0.04,"Chlamys rubida","W-Msc-254460"
-143.5,-56.5,0.02,"Chlamys rubida","W-Msc-254460"
-143,-56.5,0.05,"Chlamys rubida","W-Msc-254460"
-142.5,-56.5,0.1,"Chlamys rubida","W-Msc-254460"
-142,-56.5,0.11,"Chlamys rubida","W-Msc-254460"
-70,-56.5,0.29,"Chlamys rubida","W-Msc-254460"
-69.5,-56.5,0.3,"Chlamys rubida","W-Msc-254460"
-69,-56.5,0.33,"Chlamys rubida","W-Msc-254460"
-68.5,-56.5,0.65,"Chlamys rubida","W-Msc-254460"
-68,-56.5,0.66,"Chlamys rubida","W-Msc-254460"
-67.5,-56.5,0.55,"Chlamys rubida","W-Msc-254460"
-67,-56.5,0.65,"Chlamys rubida","W-Msc-254460"
-66.5,-56.5,0.26,"Chlamys rubida","W-Msc-254460"
-66,-56.5,0.29,"Chlamys rubida","W-Msc-254460"
158.5,-56.5,0.03,"Chlamys rubida","W-Msc-254460"
159,-56.5,0.08,"Chlamys rubida","W-Msc-254460"
-69,-57,0.23,"Chlamys rubida","W-Msc-254460"
-68.5,-57,0.25,"Chlamys rubida","W-Msc-254460"
-68,-57,0.25,"Chlamys rubida","W-Msc-254460"
-67.5,-57,0.26,"Chlamys rubida","W-Msc-254460"
158.5,-57,0.09,"Chlamys rubida","W-Msc-254460"
159,-57,0.07,"Chlamys rubida","W-Msc-254460"
-67.5,-57.5,0.05,"Chlamys rubida","W-Msc-254460"
161,-58,0.01,"Chlamys rubida","W-Msc-254460"
161.5,-59,0.07,"Chlamys rubida","W-Msc-254460"
162,-59,0.08,"Chlamys rubida","W-Msc-254460"
-68.5,-59.5,0.01,"Chlamys rubida","W-Msc-254460"
159,-59.5,0.02,"Chlamys rubida","W-Msc-254460"
