"long_dd","lat_dd","poccur","species","aquamaps_id"
-59,53.5,0.01,"Crassostrea virginica","W-Msc-140657"
-58.5,53.5,0.02,"Crassostrea virginica","W-Msc-140657"
-57,53.5,0.01,"Crassostrea virginica","W-Msc-140657"
-60,53,0.01,"Crassostrea virginica","W-Msc-140657"
-59.5,53,0.02,"Crassostrea virginica","W-Msc-140657"
-55.5,52.5,0.02,"Crassostrea virginica","W-Msc-140657"
-56,52,0.01,"Crassostrea virginica","W-Msc-140657"
-55.5,52,0.03,"Crassostrea virginica","W-Msc-140657"
-55,52,0.02,"Crassostrea virginica","W-Msc-140657"
-57,51.5,0.08,"Crassostrea virginica","W-Msc-140657"
-56.5,51.5,0.13,"Crassostrea virginica","W-Msc-140657"
-56,51.5,0.09,"Crassostrea virginica","W-Msc-140657"
-55.5,51.5,0.07,"Crassostrea virginica","W-Msc-140657"
-55,51.5,0.05,"Crassostrea virginica","W-Msc-140657"
-58.5,51,0.31,"Crassostrea virginica","W-Msc-140657"
-58,51,0.34,"Crassostrea virginica","W-Msc-140657"
-57.5,51,0.31,"Crassostrea virginica","W-Msc-140657"
-57,51,0.21,"Crassostrea virginica","W-Msc-140657"
-56.5,51,0.2,"Crassostrea virginica","W-Msc-140657"
-56,51,0.17,"Crassostrea virginica","W-Msc-140657"
-55.5,51,0.18,"Crassostrea virginica","W-Msc-140657"
-55,51,0.11,"Crassostrea virginica","W-Msc-140657"
-59.5,50.5,0.38,"Crassostrea virginica","W-Msc-140657"
-59,50.5,0.39,"Crassostrea virginica","W-Msc-140657"
-58.5,50.5,0.41,"Crassostrea virginica","W-Msc-140657"
-58,50.5,0.04,"Crassostrea virginica","W-Msc-140657"
-57.5,50.5,0.27,"Crassostrea virginica","W-Msc-140657"
-57,50.5,0.34,"Crassostrea virginica","W-Msc-140657"
-56.5,50.5,0.3,"Crassostrea virginica","W-Msc-140657"
-56,50.5,0.23,"Crassostrea virginica","W-Msc-140657"
-55.5,50.5,0.22,"Crassostrea virginica","W-Msc-140657"
-55,50.5,0.18,"Crassostrea virginica","W-Msc-140657"
-66.5,50,0.13,"Crassostrea virginica","W-Msc-140657"
-66,50,0.19,"Crassostrea virginica","W-Msc-140657"
-65.5,50,0.28,"Crassostrea virginica","W-Msc-140657"
-65,50,0.39,"Crassostrea virginica","W-Msc-140657"
-64.5,50,0.47,"Crassostrea virginica","W-Msc-140657"
-64,50,0.47,"Crassostrea virginica","W-Msc-140657"
-63.5,50,0.45,"Crassostrea virginica","W-Msc-140657"
-63,50,0.5,"Crassostrea virginica","W-Msc-140657"
-62.5,50,0.52,"Crassostrea virginica","W-Msc-140657"
-62,50,0.51,"Crassostrea virginica","W-Msc-140657"
-61.5,50,0.49,"Crassostrea virginica","W-Msc-140657"
-61,50,0.49,"Crassostrea virginica","W-Msc-140657"
-60.5,50,0.48,"Crassostrea virginica","W-Msc-140657"
-60,50,0.46,"Crassostrea virginica","W-Msc-140657"
-59.5,50,0.44,"Crassostrea virginica","W-Msc-140657"
-59,50,0.45,"Crassostrea virginica","W-Msc-140657"
-58.5,50,0.25,"Crassostrea virginica","W-Msc-140657"
-57.5,50,0.53,"Crassostrea virginica","W-Msc-140657"
-57,50,0.43,"Crassostrea virginica","W-Msc-140657"
-56.5,50,0.37,"Crassostrea virginica","W-Msc-140657"
-56,50,0.31,"Crassostrea virginica","W-Msc-140657"
-55.5,50,0.3,"Crassostrea virginica","W-Msc-140657"
-55,50,0.28,"Crassostrea virginica","W-Msc-140657"
-67,49.5,0.11,"Crassostrea virginica","W-Msc-140657"
-66.5,49.5,0.09,"Crassostrea virginica","W-Msc-140657"
-64.5,49.5,0.32,"Crassostrea virginica","W-Msc-140657"
-64,49.5,0.44,"Crassostrea virginica","W-Msc-140657"
-63.5,49.5,0.49,"Crassostrea virginica","W-Msc-140657"
-63,49.5,0.38,"Crassostrea virginica","W-Msc-140657"
-62.5,49.5,0.41,"Crassostrea virginica","W-Msc-140657"
-62,49.5,0.54,"Crassostrea virginica","W-Msc-140657"
-61.5,49.5,0.23,"Crassostrea virginica","W-Msc-140657"
-61,49.5,0.07,"Crassostrea virginica","W-Msc-140657"
-60.5,49.5,0.06,"Crassostrea virginica","W-Msc-140657"
-60,49.5,0.05,"Crassostrea virginica","W-Msc-140657"
-58,49.5,0.63,"Crassostrea virginica","W-Msc-140657"
-57.5,49.5,0.61,"Crassostrea virginica","W-Msc-140657"
-56.5,49.5,0.38,"Crassostrea virginica","W-Msc-140657"
-56,49.5,0.4,"Crassostrea virginica","W-Msc-140657"
-55.5,49.5,0.43,"Crassostrea virginica","W-Msc-140657"
-55,49.5,0.43,"Crassostrea virginica","W-Msc-140657"
-54.5,49.5,0.42,"Crassostrea virginica","W-Msc-140657"
-54,49.5,0.41,"Crassostrea virginica","W-Msc-140657"
-53.5,49.5,0.38,"Crassostrea virginica","W-Msc-140657"
-53,49.5,0.33,"Crassostrea virginica","W-Msc-140657"
-68.5,49,0.04,"Crassostrea virginica","W-Msc-140657"
-68,49,0.06,"Crassostrea virginica","W-Msc-140657"
-67.5,49,0.09,"Crassostrea virginica","W-Msc-140657"
-67,49,0.04,"Crassostrea virginica","W-Msc-140657"
-65,49,0.04,"Crassostrea virginica","W-Msc-140657"
-64.5,49,0.2,"Crassostrea virginica","W-Msc-140657"
-64,49,0.38,"Crassostrea virginica","W-Msc-140657"
-63.5,49,0.59,"Crassostrea virginica","W-Msc-140657"
-63,49,0.61,"Crassostrea virginica","W-Msc-140657"
-62.5,49,0.59,"Crassostrea virginica","W-Msc-140657"
-62,49,0.61,"Crassostrea virginica","W-Msc-140657"
-61.5,49,0.6,"Crassostrea virginica","W-Msc-140657"
-61,49,0.59,"Crassostrea virginica","W-Msc-140657"
-59,49,0.33,"Crassostrea virginica","W-Msc-140657"
-58.5,49,0.67,"Crassostrea virginica","W-Msc-140657"
-58,49,0.67,"Crassostrea virginica","W-Msc-140657"
-57.5,49,0.08,"Crassostrea virginica","W-Msc-140657"
-56,49,0.06,"Crassostrea virginica","W-Msc-140657"
-55.5,49,0.06,"Crassostrea virginica","W-Msc-140657"
-55,49,0.25,"Crassostrea virginica","W-Msc-140657"
-54.5,49,0.48,"Crassostrea virginica","W-Msc-140657"
-54,49,0.47,"Crassostrea virginica","W-Msc-140657"
-53.5,49,0.46,"Crassostrea virginica","W-Msc-140657"
-53,49,0.41,"Crassostrea virginica","W-Msc-140657"
-69,48.5,0.02,"Crassostrea virginica","W-Msc-140657"
-68.5,48.5,0.04,"Crassostrea virginica","W-Msc-140657"
-64,48.5,0.38,"Crassostrea virginica","W-Msc-140657"
-63.5,48.5,0.46,"Crassostrea virginica","W-Msc-140657"
-61.5,48.5,0.1,"Crassostrea virginica","W-Msc-140657"
-61,48.5,0.28,"Crassostrea virginica","W-Msc-140657"
-59,48.5,0.72,"Crassostrea virginica","W-Msc-140657"
-58.5,48.5,0.73,"Crassostrea virginica","W-Msc-140657"
-58,48.5,0.7,"Crassostrea virginica","W-Msc-140657"
-54,48.5,0.07,"Crassostrea virginica","W-Msc-140657"
-53.5,48.5,0.52,"Crassostrea virginica","W-Msc-140657"
-53,48.5,0.48,"Crassostrea virginica","W-Msc-140657"
-52.5,48.5,0.41,"Crassostrea virginica","W-Msc-140657"
-69.5,48,0.01,"Crassostrea virginica","W-Msc-140657"
-69,48,0.01,"Crassostrea virginica","W-Msc-140657"
-66.5,48,0.02,"Crassostrea virginica","W-Msc-140657"
-66,48,0.19,"Crassostrea virginica","W-Msc-140657"
-65.5,48,0.3,"Crassostrea virginica","W-Msc-140657"
-65,48,0.43,"Crassostrea virginica","W-Msc-140657"
-64.5,48,0.69,"Crassostrea virginica","W-Msc-140657"
-64,48,0.63,"Crassostrea virginica","W-Msc-140657"
-63.5,48,0.4,"Crassostrea virginica","W-Msc-140657"
-63,48,0.68,"Crassostrea virginica","W-Msc-140657"
-62.5,48,0.31,"Crassostrea virginica","W-Msc-140657"
-62,48,0.34,"Crassostrea virginica","W-Msc-140657"
-61.5,48,0.36,"Crassostrea virginica","W-Msc-140657"
-61,48,0.36,"Crassostrea virginica","W-Msc-140657"
-59,48,0.76,"Crassostrea virginica","W-Msc-140657"
-58.5,48,0.75,"Crassostrea virginica","W-Msc-140657"
-58,48,0.74,"Crassostrea virginica","W-Msc-140657"
-54,48,0.07,"Crassostrea virginica","W-Msc-140657"
-53.5,48,0.57,"Crassostrea virginica","W-Msc-140657"
-53,48,0.53,"Crassostrea virginica","W-Msc-140657"
-52.5,48,0.48,"Crassostrea virginica","W-Msc-140657"
-69.5,47.5,0.01,"Crassostrea virginica","W-Msc-140657"
-69,47.5,0.02,"Crassostrea virginica","W-Msc-140657"
-66,47.5,0.38,"Crassostrea virginica","W-Msc-140657"
-65.5,47.5,0.65,"Crassostrea virginica","W-Msc-140657"
-65,47.5,0.62,"Crassostrea virginica","W-Msc-140657"
-64.5,47.5,0.64,"Crassostrea virginica","W-Msc-140657"
-64,47.5,0.69,"Crassostrea virginica","W-Msc-140657"
-63.5,47.5,0.69,"Crassostrea virginica","W-Msc-140657"
-63,47.5,0.63,"Crassostrea virginica","W-Msc-140657"
-62.5,47.5,0.62,"Crassostrea virginica","W-Msc-140657"
-62,47.5,0.76,"Crassostrea virginica","W-Msc-140657"
-61.5,47.5,0.76,"Crassostrea virginica","W-Msc-140657"
-61,47.5,0.75,"Crassostrea virginica","W-Msc-140657"
-60.5,47.5,0.75,"Crassostrea virginica","W-Msc-140657"
-59,47.5,0.78,"Crassostrea virginica","W-Msc-140657"
-58.5,47.5,0.78,"Crassostrea virginica","W-Msc-140657"
-58,47.5,0.77,"Crassostrea virginica","W-Msc-140657"
-57.5,47.5,0.76,"Crassostrea virginica","W-Msc-140657"
-57,47.5,0.75,"Crassostrea virginica","W-Msc-140657"
-56.5,47.5,0.75,"Crassostrea virginica","W-Msc-140657"
-56,47.5,0.77,"Crassostrea virginica","W-Msc-140657"
-55.5,47.5,0.73,"Crassostrea virginica","W-Msc-140657"
-55,47.5,0.7,"Crassostrea virginica","W-Msc-140657"
-54.5,47.5,0.68,"Crassostrea virginica","W-Msc-140657"
-54,47.5,0.68,"Crassostrea virginica","W-Msc-140657"
-53.5,47.5,0.63,"Crassostrea virginica","W-Msc-140657"
-53,47.5,0.59,"Crassostrea virginica","W-Msc-140657"
-52.5,47.5,0.55,"Crassostrea virginica","W-Msc-140657"
-70,47,0.01,"Crassostrea virginica","W-Msc-140657"
-65,47,0.75,"Crassostrea virginica","W-Msc-140657"
-64.5,47,0.85,"Crassostrea virginica","W-Msc-140657"
-64,47,0.8,"Crassostrea virginica","W-Msc-140657"
-63.5,47,0.78,"Crassostrea virginica","W-Msc-140657"
-63,47,0.66,"Crassostrea virginica","W-Msc-140657"
-62.5,47,0.62,"Crassostrea virginica","W-Msc-140657"
-62,47,0.76,"Crassostrea virginica","W-Msc-140657"
-61.5,47,0.82,"Crassostrea virginica","W-Msc-140657"
-61,47,0.82,"Crassostrea virginica","W-Msc-140657"
-60.5,47,0.82,"Crassostrea virginica","W-Msc-140657"
-60,47,0.81,"Crassostrea virginica","W-Msc-140657"
-57.5,47,0.22,"Crassostrea virginica","W-Msc-140657"
-57,47,0.44,"Crassostrea virginica","W-Msc-140657"
-56,47,0.77,"Crassostrea virginica","W-Msc-140657"
-55.5,47,0.77,"Crassostrea virginica","W-Msc-140657"
-55,47,0.75,"Crassostrea virginica","W-Msc-140657"
-54.5,47,0.74,"Crassostrea virginica","W-Msc-140657"
-54,47,0.72,"Crassostrea virginica","W-Msc-140657"
-53.5,47,0.66,"Crassostrea virginica","W-Msc-140657"
-53,47,0.15,"Crassostrea virginica","W-Msc-140657"
-52.5,47,0.56,"Crassostrea virginica","W-Msc-140657"
-50,47,0.04,"Crassostrea virginica","W-Msc-140657"
-49.5,47,0.04,"Crassostrea virginica","W-Msc-140657"
-49,47,0.04,"Crassostrea virginica","W-Msc-140657"
-70.5,46.5,0.04,"Crassostrea virginica","W-Msc-140657"
-64.5,46.5,0.82,"Crassostrea virginica","W-Msc-140657"
-64,46.5,0.81,"Crassostrea virginica","W-Msc-140657"
-63.5,46.5,0.87,"Crassostrea virginica","W-Msc-140657"
-63,46.5,0.88,"Crassostrea virginica","W-Msc-140657"
-62.5,46.5,0.86,"Crassostrea virginica","W-Msc-140657"
-62,46.5,0.88,"Crassostrea virginica","W-Msc-140657"
-61.5,46.5,0.9,"Crassostrea virginica","W-Msc-140657"
-61,46.5,0.8,"Crassostrea virginica","W-Msc-140657"
-60.5,46.5,0.91,"Crassostrea virginica","W-Msc-140657"
-60,46.5,0.91,"Crassostrea virginica","W-Msc-140657"
-59.5,46.5,0.52,"Crassostrea virginica","W-Msc-140657"
-57,46.5,0.84,"Crassostrea virginica","W-Msc-140657"
-56.5,46.5,0.8,"Crassostrea virginica","W-Msc-140657"
-56,46.5,0.76,"Crassostrea virginica","W-Msc-140657"
-55.5,46.5,0.75,"Crassostrea virginica","W-Msc-140657"
-55,46.5,0.74,"Crassostrea virginica","W-Msc-140657"
-54,46.5,0.7,"Crassostrea virginica","W-Msc-140657"
-53.5,46.5,0.68,"Crassostrea virginica","W-Msc-140657"
-53,46.5,0.64,"Crassostrea virginica","W-Msc-140657"
-52.5,46.5,0.61,"Crassostrea virginica","W-Msc-140657"
-51,46.5,0.05,"Crassostrea virginica","W-Msc-140657"
-50.5,46.5,0.16,"Crassostrea virginica","W-Msc-140657"
-50,46.5,0.04,"Crassostrea virginica","W-Msc-140657"
-49.5,46.5,0.2,"Crassostrea virginica","W-Msc-140657"
-49,46.5,0.29,"Crassostrea virginica","W-Msc-140657"
-48.5,46.5,0.17,"Crassostrea virginica","W-Msc-140657"
-64.5,46,0.95,"Crassostrea virginica","W-Msc-140657"
-64,46,0.71,"Crassostrea virginica","W-Msc-140657"
-63.5,46,0.71,"Crassostrea virginica","W-Msc-140657"
-63,46,0.74,"Crassostrea virginica","W-Msc-140657"
-62.5,46,0.81,"Crassostrea virginica","W-Msc-140657"
-62,46,0.94,"Crassostrea virginica","W-Msc-140657"
-61.5,46,0.85,"Crassostrea virginica","W-Msc-140657"
-61,46,0.9,"Crassostrea virginica","W-Msc-140657"
-60.5,46,0.94,"Crassostrea virginica","W-Msc-140657"
-60,46,0.94,"Crassostrea virginica","W-Msc-140657"
-59.5,46,0.9,"Crassostrea virginica","W-Msc-140657"
-59,46,0.87,"Crassostrea virginica","W-Msc-140657"
-57,46,0.86,"Crassostrea virginica","W-Msc-140657"
-56.5,46,0.85,"Crassostrea virginica","W-Msc-140657"
-56,46,0.69,"Crassostrea virginica","W-Msc-140657"
-55.5,46,0.55,"Crassostrea virginica","W-Msc-140657"
-55,46,0.28,"Crassostrea virginica","W-Msc-140657"
-54.5,46,0.04,"Crassostrea virginica","W-Msc-140657"
-54,46,0.09,"Crassostrea virginica","W-Msc-140657"
-53.5,46,0.12,"Crassostrea virginica","W-Msc-140657"
-53,46,0.42,"Crassostrea virginica","W-Msc-140657"
-52,46,0.26,"Crassostrea virginica","W-Msc-140657"
-51.5,46,0.35,"Crassostrea virginica","W-Msc-140657"
-51,46,0.32,"Crassostrea virginica","W-Msc-140657"
-50.5,46,0.53,"Crassostrea virginica","W-Msc-140657"
-50,46,0.24,"Crassostrea virginica","W-Msc-140657"
-49.5,46,0.3,"Crassostrea virginica","W-Msc-140657"
-49,46,0.37,"Crassostrea virginica","W-Msc-140657"
-48.5,46,0.33,"Crassostrea virginica","W-Msc-140657"
-48,46,0.06,"Crassostrea virginica","W-Msc-140657"
-65,45.5,0.96,"Crassostrea virginica","W-Msc-140657"
-64.5,45.5,0.95,"Crassostrea virginica","W-Msc-140657"
-64,45.5,0.98,"Crassostrea virginica","W-Msc-140657"
-63.5,45.5,0.88,"Crassostrea virginica","W-Msc-140657"
-63,45.5,0.65,"Crassostrea virginica","W-Msc-140657"
-62.5,45.5,0.63,"Crassostrea virginica","W-Msc-140657"
-62,45.5,0.75,"Crassostrea virginica","W-Msc-140657"
-61.5,45.5,0.79,"Crassostrea virginica","W-Msc-140657"
-61,45.5,0.97,"Crassostrea virginica","W-Msc-140657"
-60.5,45.5,0.95,"Crassostrea virginica","W-Msc-140657"
-60,45.5,0.93,"Crassostrea virginica","W-Msc-140657"
-59.5,45.5,0.9,"Crassostrea virginica","W-Msc-140657"
-59,45.5,0.78,"Crassostrea virginica","W-Msc-140657"
-58.5,45.5,0.39,"Crassostrea virginica","W-Msc-140657"
-58,45.5,0.39,"Crassostrea virginica","W-Msc-140657"
-56.5,45.5,0.9,"Crassostrea virginica","W-Msc-140657"
-56,45.5,0.87,"Crassostrea virginica","W-Msc-140657"
-55.5,45.5,0.84,"Crassostrea virginica","W-Msc-140657"
-55,45.5,0.48,"Crassostrea virginica","W-Msc-140657"
-54.5,45.5,0.51,"Crassostrea virginica","W-Msc-140657"
-54,45.5,0.32,"Crassostrea virginica","W-Msc-140657"
-53.5,45.5,0.12,"Crassostrea virginica","W-Msc-140657"
-53,45.5,0.82,"Crassostrea virginica","W-Msc-140657"
-52.5,45.5,0.84,"Crassostrea virginica","W-Msc-140657"
-52,45.5,0.68,"Crassostrea virginica","W-Msc-140657"
-51.5,45.5,0.29,"Crassostrea virginica","W-Msc-140657"
-51,45.5,0.87,"Crassostrea virginica","W-Msc-140657"
-50.5,45.5,0.86,"Crassostrea virginica","W-Msc-140657"
-50,45.5,0.39,"Crassostrea virginica","W-Msc-140657"
-49.5,45.5,0.67,"Crassostrea virginica","W-Msc-140657"
-49,45.5,0.68,"Crassostrea virginica","W-Msc-140657"
-48.5,45.5,0.46,"Crassostrea virginica","W-Msc-140657"
12.5,45.5,0.02,"Crassostrea virginica","W-Msc-140657"
13,45.5,0.46,"Crassostrea virginica","W-Msc-140657"
13.5,45.5,1,"Crassostrea virginica","W-Msc-140657"
14,45.5,1,"Crassostrea virginica","W-Msc-140657"
-67,45,0.96,"Crassostrea virginica","W-Msc-140657"
-66.5,45,0.99,"Crassostrea virginica","W-Msc-140657"
-66,45,1,"Crassostrea virginica","W-Msc-140657"
-65.5,45,0.98,"Crassostrea virginica","W-Msc-140657"
-65,45,0.95,"Crassostrea virginica","W-Msc-140657"
-64.5,45,0.95,"Crassostrea virginica","W-Msc-140657"
-64,45,0.98,"Crassostrea virginica","W-Msc-140657"
-63.5,45,1,"Crassostrea virginica","W-Msc-140657"
-63,45,0.12,"Crassostrea virginica","W-Msc-140657"
-61.5,45,1,"Crassostrea virginica","W-Msc-140657"
-61,45,0.98,"Crassostrea virginica","W-Msc-140657"
-60.5,45,0.96,"Crassostrea virginica","W-Msc-140657"
-60,45,0.51,"Crassostrea virginica","W-Msc-140657"
-58.5,45,0.19,"Crassostrea virginica","W-Msc-140657"
-58,45,0.48,"Crassostrea virginica","W-Msc-140657"
-57.5,45,0.83,"Crassostrea virginica","W-Msc-140657"
-57,45,0.48,"Crassostrea virginica","W-Msc-140657"
-56,45,0.71,"Crassostrea virginica","W-Msc-140657"
-55.5,45,0.8,"Crassostrea virginica","W-Msc-140657"
-55,45,0.39,"Crassostrea virginica","W-Msc-140657"
-54.5,45,0.55,"Crassostrea virginica","W-Msc-140657"
-54,45,0.02,"Crassostrea virginica","W-Msc-140657"
-53.5,45,0.64,"Crassostrea virginica","W-Msc-140657"
-53,45,0.79,"Crassostrea virginica","W-Msc-140657"
-52.5,45,0.17,"Crassostrea virginica","W-Msc-140657"
-52,45,0.42,"Crassostrea virginica","W-Msc-140657"
-51.5,45,0.98,"Crassostrea virginica","W-Msc-140657"
-51,45,0.97,"Crassostrea virginica","W-Msc-140657"
-50.5,45,0.95,"Crassostrea virginica","W-Msc-140657"
-50,45,0.9,"Crassostrea virginica","W-Msc-140657"
-49.5,45,0.6,"Crassostrea virginica","W-Msc-140657"
-49,45,0.3,"Crassostrea virginica","W-Msc-140657"
-48.5,45,0.17,"Crassostrea virginica","W-Msc-140657"
13,45,0.52,"Crassostrea virginica","W-Msc-140657"
13.5,45,1,"Crassostrea virginica","W-Msc-140657"
14,45,1,"Crassostrea virginica","W-Msc-140657"
14.5,45,0.69,"Crassostrea virginica","W-Msc-140657"
15,45,1,"Crassostrea virginica","W-Msc-140657"
-68.5,44.5,0.25,"Crassostrea virginica","W-Msc-140657"
-68,44.5,0.25,"Crassostrea virginica","W-Msc-140657"
-67.5,44.5,0.25,"Crassostrea virginica","W-Msc-140657"
-67,44.5,1,"Crassostrea virginica","W-Msc-140657"
-66.5,44.5,1,"Crassostrea virginica","W-Msc-140657"
-66,44.5,1,"Crassostrea virginica","W-Msc-140657"
-65.5,44.5,1,"Crassostrea virginica","W-Msc-140657"
-65,44.5,1,"Crassostrea virginica","W-Msc-140657"
-64,44.5,1,"Crassostrea virginica","W-Msc-140657"
-63.5,44.5,1,"Crassostrea virginica","W-Msc-140657"
-63,44.5,1,"Crassostrea virginica","W-Msc-140657"
-62.5,44.5,1,"Crassostrea virginica","W-Msc-140657"
-62,44.5,1,"Crassostrea virginica","W-Msc-140657"
-61.5,44.5,1,"Crassostrea virginica","W-Msc-140657"
-60.5,44.5,1,"Crassostrea virginica","W-Msc-140657"
-60,44.5,1,"Crassostrea virginica","W-Msc-140657"
-59.5,44.5,0.87,"Crassostrea virginica","W-Msc-140657"
-59,44.5,0.87,"Crassostrea virginica","W-Msc-140657"
-58.5,44.5,0.87,"Crassostrea virginica","W-Msc-140657"
-58,44.5,0.79,"Crassostrea virginica","W-Msc-140657"
-57.5,44.5,1,"Crassostrea virginica","W-Msc-140657"
-57,44.5,1,"Crassostrea virginica","W-Msc-140657"
-53,44.5,1,"Crassostrea virginica","W-Msc-140657"
-52.5,44.5,1,"Crassostrea virginica","W-Msc-140657"
-52,44.5,1,"Crassostrea virginica","W-Msc-140657"
-51.5,44.5,1,"Crassostrea virginica","W-Msc-140657"
-51,44.5,1,"Crassostrea virginica","W-Msc-140657"
-50.5,44.5,1,"Crassostrea virginica","W-Msc-140657"
-50,44.5,1,"Crassostrea virginica","W-Msc-140657"
-49.5,44.5,0.88,"Crassostrea virginica","W-Msc-140657"
-49,44.5,0.78,"Crassostrea virginica","W-Msc-140657"
13.5,44.5,0.77,"Crassostrea virginica","W-Msc-140657"
14,44.5,1,"Crassostrea virginica","W-Msc-140657"
14.5,44.5,0.83,"Crassostrea virginica","W-Msc-140657"
15,44.5,0.72,"Crassostrea virginica","W-Msc-140657"
15.5,44.5,0.11,"Crassostrea virginica","W-Msc-140657"
-69.5,44,0.12,"Crassostrea virginica","W-Msc-140657"
-69,44,1,"Crassostrea virginica","W-Msc-140657"
-68.5,44,1,"Crassostrea virginica","W-Msc-140657"
-68,44,1,"Crassostrea virginica","W-Msc-140657"
-67.5,44,1,"Crassostrea virginica","W-Msc-140657"
-67,44,0.82,"Crassostrea virginica","W-Msc-140657"
-66.5,44,0.23,"Crassostrea virginica","W-Msc-140657"
-66,44,1,"Crassostrea virginica","W-Msc-140657"
-65.5,44,0.25,"Crassostrea virginica","W-Msc-140657"
-64.5,44,1,"Crassostrea virginica","W-Msc-140657"
-64,44,1,"Crassostrea virginica","W-Msc-140657"
-63.5,44,1,"Crassostrea virginica","W-Msc-140657"
-63,44,1,"Crassostrea virginica","W-Msc-140657"
-61.5,44,0.41,"Crassostrea virginica","W-Msc-140657"
-61,44,0.9,"Crassostrea virginica","W-Msc-140657"
-60.5,44,1,"Crassostrea virginica","W-Msc-140657"
-60,44,1,"Crassostrea virginica","W-Msc-140657"
-59.5,44,1,"Crassostrea virginica","W-Msc-140657"
-59,44,1,"Crassostrea virginica","W-Msc-140657"
-58.5,44,0.74,"Crassostrea virginica","W-Msc-140657"
-58,44,0.87,"Crassostrea virginica","W-Msc-140657"
-57.5,44,0.72,"Crassostrea virginica","W-Msc-140657"
-57,44,0.31,"Crassostrea virginica","W-Msc-140657"
-52.5,44,0.67,"Crassostrea virginica","W-Msc-140657"
-52,44,1,"Crassostrea virginica","W-Msc-140657"
-51.5,44,0.74,"Crassostrea virginica","W-Msc-140657"
-51,44,1,"Crassostrea virginica","W-Msc-140657"
-50.5,44,1,"Crassostrea virginica","W-Msc-140657"
-50,44,1,"Crassostrea virginica","W-Msc-140657"
-49.5,44,0.95,"Crassostrea virginica","W-Msc-140657"
-49,44,0.88,"Crassostrea virginica","W-Msc-140657"
8.5,44,0.23,"Crassostrea virginica","W-Msc-140657"
9,44,0.03,"Crassostrea virginica","W-Msc-140657"
9.5,44,0.04,"Crassostrea virginica","W-Msc-140657"
10,44,0.51,"Crassostrea virginica","W-Msc-140657"
10.5,44,0.87,"Crassostrea virginica","W-Msc-140657"
12.5,44,0.45,"Crassostrea virginica","W-Msc-140657"
13,44,1,"Crassostrea virginica","W-Msc-140657"
13.5,44,1,"Crassostrea virginica","W-Msc-140657"
14,44,0.65,"Crassostrea virginica","W-Msc-140657"
14.5,44,0.72,"Crassostrea virginica","W-Msc-140657"
15,44,0.62,"Crassostrea virginica","W-Msc-140657"
15.5,44,0.47,"Crassostrea virginica","W-Msc-140657"
16,44,0.08,"Crassostrea virginica","W-Msc-140657"
-70,43.5,1,"Crassostrea virginica","W-Msc-140657"
-69.5,43.5,1,"Crassostrea virginica","W-Msc-140657"
-69,43.5,1,"Crassostrea virginica","W-Msc-140657"
-68.5,43.5,1,"Crassostrea virginica","W-Msc-140657"
-68,43.5,0.15,"Crassostrea virginica","W-Msc-140657"
-66,43.5,1,"Crassostrea virginica","W-Msc-140657"
-65.5,43.5,1,"Crassostrea virginica","W-Msc-140657"
-65,43.5,1,"Crassostrea virginica","W-Msc-140657"
-64.5,43.5,1,"Crassostrea virginica","W-Msc-140657"
-64,43.5,0.33,"Crassostrea virginica","W-Msc-140657"
-62,43.5,0.23,"Crassostrea virginica","W-Msc-140657"
-61.5,43.5,1,"Crassostrea virginica","W-Msc-140657"
-61,43.5,1,"Crassostrea virginica","W-Msc-140657"
-60.5,43.5,1,"Crassostrea virginica","W-Msc-140657"
-60,43.5,1,"Crassostrea virginica","W-Msc-140657"
-59.5,43.5,1,"Crassostrea virginica","W-Msc-140657"
-59,43.5,1,"Crassostrea virginica","W-Msc-140657"
-52,43.5,1,"Crassostrea virginica","W-Msc-140657"
-51.5,43.5,1,"Crassostrea virginica","W-Msc-140657"
-51,43.5,0.44,"Crassostrea virginica","W-Msc-140657"
-50.5,43.5,0.67,"Crassostrea virginica","W-Msc-140657"
-50,43.5,1,"Crassostrea virginica","W-Msc-140657"
-49.5,43.5,1,"Crassostrea virginica","W-Msc-140657"
-49,43.5,1,"Crassostrea virginica","W-Msc-140657"
4,43.5,0.74,"Crassostrea virginica","W-Msc-140657"
4.5,43.5,0.75,"Crassostrea virginica","W-Msc-140657"
7,43.5,0.28,"Crassostrea virginica","W-Msc-140657"
7.5,43.5,0.17,"Crassostrea virginica","W-Msc-140657"
8,43.5,0.17,"Crassostrea virginica","W-Msc-140657"
8.5,43.5,0.08,"Crassostrea virginica","W-Msc-140657"
10,43.5,0.08,"Crassostrea virginica","W-Msc-140657"
10.5,43.5,0.21,"Crassostrea virginica","W-Msc-140657"
13,43.5,1,"Crassostrea virginica","W-Msc-140657"
13.5,43.5,1,"Crassostrea virginica","W-Msc-140657"
14,43.5,1,"Crassostrea virginica","W-Msc-140657"
14.5,43.5,0.48,"Crassostrea virginica","W-Msc-140657"
15,43.5,0.35,"Crassostrea virginica","W-Msc-140657"
15.5,43.5,0.25,"Crassostrea virginica","W-Msc-140657"
16,43.5,0.17,"Crassostrea virginica","W-Msc-140657"
16.5,43.5,0.38,"Crassostrea virginica","W-Msc-140657"
17,43.5,0.08,"Crassostrea virginica","W-Msc-140657"
-70.5,43,1,"Crassostrea virginica","W-Msc-140657"
-70,43,1,"Crassostrea virginica","W-Msc-140657"
-69.5,43,0.36,"Crassostrea virginica","W-Msc-140657"
-66,43,1,"Crassostrea virginica","W-Msc-140657"
-65.5,43,1,"Crassostrea virginica","W-Msc-140657"
-65,43,1,"Crassostrea virginica","W-Msc-140657"
-64.5,43,0.51,"Crassostrea virginica","W-Msc-140657"
-64,43,0.05,"Crassostrea virginica","W-Msc-140657"
-63.5,43,0.44,"Crassostrea virginica","W-Msc-140657"
-62.5,43,1,"Crassostrea virginica","W-Msc-140657"
-62,43,0.33,"Crassostrea virginica","W-Msc-140657"
-61.5,43,0.56,"Crassostrea virginica","W-Msc-140657"
-61,43,0.77,"Crassostrea virginica","W-Msc-140657"
-60.5,43,0.41,"Crassostrea virginica","W-Msc-140657"
-51,43,0.08,"Crassostrea virginica","W-Msc-140657"
-50.5,43,1,"Crassostrea virginica","W-Msc-140657"
-50,43,0.85,"Crassostrea virginica","W-Msc-140657"
-49.5,43,0.85,"Crassostrea virginica","W-Msc-140657"
3.5,43,0.47,"Crassostrea virginica","W-Msc-140657"
4,43,0.55,"Crassostrea virginica","W-Msc-140657"
4.5,43,0.87,"Crassostrea virginica","W-Msc-140657"
5,43,0.69,"Crassostrea virginica","W-Msc-140657"
5.5,43,0.36,"Crassostrea virginica","W-Msc-140657"
6,43,0.29,"Crassostrea virginica","W-Msc-140657"
6.5,43,0.23,"Crassostrea virginica","W-Msc-140657"
7,43,0.04,"Crassostrea virginica","W-Msc-140657"
9.5,43,0.04,"Crassostrea virginica","W-Msc-140657"
10,43,0.04,"Crassostrea virginica","W-Msc-140657"
10.5,43,0.19,"Crassostrea virginica","W-Msc-140657"
11,43,0.51,"Crassostrea virginica","W-Msc-140657"
14,43,1,"Crassostrea virginica","W-Msc-140657"
14.5,43,0.68,"Crassostrea virginica","W-Msc-140657"
15,43,0.11,"Crassostrea virginica","W-Msc-140657"
15.5,43,0.13,"Crassostrea virginica","W-Msc-140657"
16,43,0.12,"Crassostrea virginica","W-Msc-140657"
16.5,43,0.1,"Crassostrea virginica","W-Msc-140657"
17,43,0.07,"Crassostrea virginica","W-Msc-140657"
17.5,43,0.34,"Crassostrea virginica","W-Msc-140657"
18,43,0.64,"Crassostrea virginica","W-Msc-140657"
-70.5,42.5,1,"Crassostrea virginica","W-Msc-140657"
-70,42.5,0.87,"Crassostrea virginica","W-Msc-140657"
-68.5,42.5,0.46,"Crassostrea virginica","W-Msc-140657"
-66,42.5,0.85,"Crassostrea virginica","W-Msc-140657"
-65.5,42.5,0.28,"Crassostrea virginica","W-Msc-140657"
-64.5,42.5,1,"Crassostrea virginica","W-Msc-140657"
-64,42.5,0.28,"Crassostrea virginica","W-Msc-140657"
-63.5,42.5,0.05,"Crassostrea virginica","W-Msc-140657"
-62.5,42.5,1,"Crassostrea virginica","W-Msc-140657"
-50,42.5,1,"Crassostrea virginica","W-Msc-140657"
3.5,42.5,0.41,"Crassostrea virginica","W-Msc-140657"
4,42.5,0.01,"Crassostrea virginica","W-Msc-140657"
9,42.5,0.08,"Crassostrea virginica","W-Msc-140657"
9.5,42.5,0.1,"Crassostrea virginica","W-Msc-140657"
10,42.5,0.1,"Crassostrea virginica","W-Msc-140657"
10.5,42.5,0.04,"Crassostrea virginica","W-Msc-140657"
11,42.5,0.09,"Crassostrea virginica","W-Msc-140657"
11.5,42.5,0.53,"Crassostrea virginica","W-Msc-140657"
14,42.5,0.8,"Crassostrea virginica","W-Msc-140657"
14.5,42.5,0.68,"Crassostrea virginica","W-Msc-140657"
15,42.5,0.04,"Crassostrea virginica","W-Msc-140657"
15.5,42.5,0.14,"Crassostrea virginica","W-Msc-140657"
16,42.5,0.13,"Crassostrea virginica","W-Msc-140657"
16.5,42.5,0.1,"Crassostrea virginica","W-Msc-140657"
17,42.5,0.06,"Crassostrea virginica","W-Msc-140657"
17.5,42.5,0.05,"Crassostrea virginica","W-Msc-140657"
18,42.5,0.05,"Crassostrea virginica","W-Msc-140657"
18.5,42.5,0.37,"Crassostrea virginica","W-Msc-140657"
19,42.5,0.09,"Crassostrea virginica","W-Msc-140657"
41.5,42.5,0.08,"Crassostrea virginica","W-Msc-140657"
-71,42,0.25,"Crassostrea virginica","W-Msc-140657"
-70.5,42,1,"Crassostrea virginica","W-Msc-140657"
-70,42,1,"Crassostrea virginica","W-Msc-140657"
-69.5,42,1,"Crassostrea virginica","W-Msc-140657"
-67.5,42,0.85,"Crassostrea virginica","W-Msc-140657"
-67,42,1,"Crassostrea virginica","W-Msc-140657"
-66.5,42,0.62,"Crassostrea virginica","W-Msc-140657"
-66,42,0.1,"Crassostrea virginica","W-Msc-140657"
-65.5,42,0.1,"Crassostrea virginica","W-Msc-140657"
-65,42,0.21,"Crassostrea virginica","W-Msc-140657"
3.5,42,0.33,"Crassostrea virginica","W-Msc-140657"
9,42,0.08,"Crassostrea virginica","W-Msc-140657"
9.5,42,0.07,"Crassostrea virginica","W-Msc-140657"
10,42,0.04,"Crassostrea virginica","W-Msc-140657"
10.5,42,0.04,"Crassostrea virginica","W-Msc-140657"
11,42,0.04,"Crassostrea virginica","W-Msc-140657"
11.5,42,0.12,"Crassostrea virginica","W-Msc-140657"
12,42,0.45,"Crassostrea virginica","W-Msc-140657"
12.5,42,0.22,"Crassostrea virginica","W-Msc-140657"
14.5,42,0.52,"Crassostrea virginica","W-Msc-140657"
15,42,0.45,"Crassostrea virginica","W-Msc-140657"
15.5,42,0.27,"Crassostrea virginica","W-Msc-140657"
16,42,0.13,"Crassostrea virginica","W-Msc-140657"
16.5,42,0.13,"Crassostrea virginica","W-Msc-140657"
18.5,42,0.04,"Crassostrea virginica","W-Msc-140657"
19,42,0.12,"Crassostrea virginica","W-Msc-140657"
19.5,42,0.59,"Crassostrea virginica","W-Msc-140657"
27.5,42,0.03,"Crassostrea virginica","W-Msc-140657"
41.5,42,0.09,"Crassostrea virginica","W-Msc-140657"
-71,41.5,0.62,"Crassostrea virginica","W-Msc-140657"
-70.5,41.5,1,"Crassostrea virginica","W-Msc-140657"
-70,41.5,1,"Crassostrea virginica","W-Msc-140657"
-69.5,41.5,1,"Crassostrea virginica","W-Msc-140657"
-69,41.5,1,"Crassostrea virginica","W-Msc-140657"
-68,41.5,1,"Crassostrea virginica","W-Msc-140657"
-67.5,41.5,1,"Crassostrea virginica","W-Msc-140657"
-67,41.5,1,"Crassostrea virginica","W-Msc-140657"
-66.5,41.5,0.97,"Crassostrea virginica","W-Msc-140657"
-66,41.5,1,"Crassostrea virginica","W-Msc-140657"
2.5,41.5,0.4,"Crassostrea virginica","W-Msc-140657"
3,41.5,0.31,"Crassostrea virginica","W-Msc-140657"
3.5,41.5,0.3,"Crassostrea virginica","W-Msc-140657"
9,41.5,0.08,"Crassostrea virginica","W-Msc-140657"
9.5,41.5,0.07,"Crassostrea virginica","W-Msc-140657"
10,41.5,0.03,"Crassostrea virginica","W-Msc-140657"
12,41.5,0.13,"Crassostrea virginica","W-Msc-140657"
12.5,41.5,0.39,"Crassostrea virginica","W-Msc-140657"
13,41.5,0.43,"Crassostrea virginica","W-Msc-140657"
15.5,41.5,0.32,"Crassostrea virginica","W-Msc-140657"
16,41.5,0.26,"Crassostrea virginica","W-Msc-140657"
16.5,41.5,0.2,"Crassostrea virginica","W-Msc-140657"
19.5,41.5,0.23,"Crassostrea virginica","W-Msc-140657"
20,41.5,0.55,"Crassostrea virginica","W-Msc-140657"
33,41.5,0.05,"Crassostrea virginica","W-Msc-140657"
33.5,41.5,0.08,"Crassostrea virginica","W-Msc-140657"
34.5,41.5,0.09,"Crassostrea virginica","W-Msc-140657"
35,41.5,0.05,"Crassostrea virginica","W-Msc-140657"
41.5,41.5,0.11,"Crassostrea virginica","W-Msc-140657"
-73.5,41,1,"Crassostrea virginica","W-Msc-140657"
-73,41,1,"Crassostrea virginica","W-Msc-140657"
-72.5,41,0.96,"Crassostrea virginica","W-Msc-140657"
-72,41,1,"Crassostrea virginica","W-Msc-140657"
-71.5,41,1,"Crassostrea virginica","W-Msc-140657"
-71,41,1,"Crassostrea virginica","W-Msc-140657"
-70.5,41,1,"Crassostrea virginica","W-Msc-140657"
-70,41,1,"Crassostrea virginica","W-Msc-140657"
-69.5,41,1,"Crassostrea virginica","W-Msc-140657"
-69,41,1,"Crassostrea virginica","W-Msc-140657"
-68.5,41,1,"Crassostrea virginica","W-Msc-140657"
-68,41,1,"Crassostrea virginica","W-Msc-140657"
-67.5,41,1,"Crassostrea virginica","W-Msc-140657"
-67,41,1,"Crassostrea virginica","W-Msc-140657"
-66.5,41,1,"Crassostrea virginica","W-Msc-140657"
-66,41,0.15,"Crassostrea virginica","W-Msc-140657"
1,41,0.68,"Crassostrea virginica","W-Msc-140657"
1.5,41,0.53,"Crassostrea virginica","W-Msc-140657"
2,41,0.35,"Crassostrea virginica","W-Msc-140657"
2.5,41,0.33,"Crassostrea virginica","W-Msc-140657"
3,41,0.16,"Crassostrea virginica","W-Msc-140657"
8.5,41,0.08,"Crassostrea virginica","W-Msc-140657"
9,41,0.15,"Crassostrea virginica","W-Msc-140657"
9.5,41,0.1,"Crassostrea virginica","W-Msc-140657"
10,41,0.06,"Crassostrea virginica","W-Msc-140657"
13,41,0.34,"Crassostrea virginica","W-Msc-140657"
13.5,41,0.28,"Crassostrea virginica","W-Msc-140657"
14,41,0.26,"Crassostrea virginica","W-Msc-140657"
16.5,41,0.17,"Crassostrea virginica","W-Msc-140657"
17,41,0.11,"Crassostrea virginica","W-Msc-140657"
17.5,41,0.05,"Crassostrea virginica","W-Msc-140657"
19.5,41,0.1,"Crassostrea virginica","W-Msc-140657"
20,41,0.35,"Crassostrea virginica","W-Msc-140657"
25.5,41,1,"Crassostrea virginica","W-Msc-140657"
28,41,0.35,"Crassostrea virginica","W-Msc-140657"
28.5,41,0.2,"Crassostrea virginica","W-Msc-140657"
29,41,0.11,"Crassostrea virginica","W-Msc-140657"
32,41,0.11,"Crassostrea virginica","W-Msc-140657"
36.5,41,0.15,"Crassostrea virginica","W-Msc-140657"
37,41,0.09,"Crassostrea virginica","W-Msc-140657"
41.5,41,0.04,"Crassostrea virginica","W-Msc-140657"
-74,40.5,1,"Crassostrea virginica","W-Msc-140657"
-73.5,40.5,1,"Crassostrea virginica","W-Msc-140657"
-73,40.5,1,"Crassostrea virginica","W-Msc-140657"
-72.5,40.5,1,"Crassostrea virginica","W-Msc-140657"
-72,40.5,1,"Crassostrea virginica","W-Msc-140657"
-71.5,40.5,1,"Crassostrea virginica","W-Msc-140657"
-71,40.5,0.79,"Crassostrea virginica","W-Msc-140657"
-70.5,40.5,0.9,"Crassostrea virginica","W-Msc-140657"
-70,40.5,1,"Crassostrea virginica","W-Msc-140657"
-69.5,40.5,1,"Crassostrea virginica","W-Msc-140657"
-69,40.5,1,"Crassostrea virginica","W-Msc-140657"
-68.5,40.5,1,"Crassostrea virginica","W-Msc-140657"
-68,40.5,1,"Crassostrea virginica","W-Msc-140657"
-67.5,40.5,1,"Crassostrea virginica","W-Msc-140657"
-67,40.5,0.36,"Crassostrea virginica","W-Msc-140657"
-66.5,40.5,0.1,"Crassostrea virginica","W-Msc-140657"
1,40.5,0.61,"Crassostrea virginica","W-Msc-140657"
1.5,40.5,0.45,"Crassostrea virginica","W-Msc-140657"
8.5,40.5,0.17,"Crassostrea virginica","W-Msc-140657"
9,40.5,0.17,"Crassostrea virginica","W-Msc-140657"
10,40.5,0.06,"Crassostrea virginica","W-Msc-140657"
13,40.5,0.06,"Crassostrea virginica","W-Msc-140657"
13.5,40.5,0.07,"Crassostrea virginica","W-Msc-140657"
14,40.5,0.25,"Crassostrea virginica","W-Msc-140657"
14.5,40.5,0.26,"Crassostrea virginica","W-Msc-140657"
15,40.5,0.27,"Crassostrea virginica","W-Msc-140657"
17.5,40.5,0.02,"Crassostrea virginica","W-Msc-140657"
18,40.5,0.03,"Crassostrea virginica","W-Msc-140657"
18.5,40.5,0.03,"Crassostrea virginica","W-Msc-140657"
19.5,40.5,0.06,"Crassostrea virginica","W-Msc-140657"
20,40.5,0.09,"Crassostrea virginica","W-Msc-140657"
23,40.5,1,"Crassostrea virginica","W-Msc-140657"
24,40.5,1,"Crassostrea virginica","W-Msc-140657"
24.5,40.5,1,"Crassostrea virginica","W-Msc-140657"
25,40.5,1,"Crassostrea virginica","W-Msc-140657"
25.5,40.5,1,"Crassostrea virginica","W-Msc-140657"
26,40.5,1,"Crassostrea virginica","W-Msc-140657"
26.5,40.5,1,"Crassostrea virginica","W-Msc-140657"
27,40.5,0.89,"Crassostrea virginica","W-Msc-140657"
27.5,40.5,0.74,"Crassostrea virginica","W-Msc-140657"
28,40.5,0.62,"Crassostrea virginica","W-Msc-140657"
28.5,40.5,0.46,"Crassostrea virginica","W-Msc-140657"
29,40.5,0.3,"Crassostrea virginica","W-Msc-140657"
29.5,40.5,0.53,"Crassostrea virginica","W-Msc-140657"
30,40.5,0.22,"Crassostrea virginica","W-Msc-140657"
38.5,40.5,0.28,"Crassostrea virginica","W-Msc-140657"
39,40.5,0.28,"Crassostrea virginica","W-Msc-140657"
40.5,40.5,0.19,"Crassostrea virginica","W-Msc-140657"
-74,40,0.62,"Crassostrea virginica","W-Msc-140657"
-73.5,40,1,"Crassostrea virginica","W-Msc-140657"
-73,40,1,"Crassostrea virginica","W-Msc-140657"
-72.5,40,1,"Crassostrea virginica","W-Msc-140657"
-72,40,0.85,"Crassostrea virginica","W-Msc-140657"
-71.5,40,0.56,"Crassostrea virginica","W-Msc-140657"
-71,40,0.26,"Crassostrea virginica","W-Msc-140657"
-70.5,40,0.18,"Crassostrea virginica","W-Msc-140657"
-70,40,0.28,"Crassostrea virginica","W-Msc-140657"
-69.5,40,0.46,"Crassostrea virginica","W-Msc-140657"
-69,40,0.44,"Crassostrea virginica","W-Msc-140657"
-68.5,40,0.64,"Crassostrea virginica","W-Msc-140657"
-68,40,0.74,"Crassostrea virginica","W-Msc-140657"
0.5,40,0.68,"Crassostrea virginica","W-Msc-140657"
1,40,0.61,"Crassostrea virginica","W-Msc-140657"
1.5,40,0.04,"Crassostrea virginica","W-Msc-140657"
3.5,40,0.22,"Crassostrea virginica","W-Msc-140657"
4,40,0.28,"Crassostrea virginica","W-Msc-140657"
4.5,40,0.31,"Crassostrea virginica","W-Msc-140657"
8.5,40,0.29,"Crassostrea virginica","W-Msc-140657"
9,40,0.19,"Crassostrea virginica","W-Msc-140657"
10,40,0.06,"Crassostrea virginica","W-Msc-140657"
15,40,0.09,"Crassostrea virginica","W-Msc-140657"
15.5,40,0.12,"Crassostrea virginica","W-Msc-140657"
16,40,0.13,"Crassostrea virginica","W-Msc-140657"
19.5,40,0.03,"Crassostrea virginica","W-Msc-140657"
20,40,0.13,"Crassostrea virginica","W-Msc-140657"
23,40,1,"Crassostrea virginica","W-Msc-140657"
23.5,40,1,"Crassostrea virginica","W-Msc-140657"
24,40,1,"Crassostrea virginica","W-Msc-140657"
24.5,40,1,"Crassostrea virginica","W-Msc-140657"
25.5,40,1,"Crassostrea virginica","W-Msc-140657"
26,40,1,"Crassostrea virginica","W-Msc-140657"
26.5,40,1,"Crassostrea virginica","W-Msc-140657"
27,40,1,"Crassostrea virginica","W-Msc-140657"
27.5,40,1,"Crassostrea virginica","W-Msc-140657"
28,40,0.99,"Crassostrea virginica","W-Msc-140657"
28.5,40,0.86,"Crassostrea virginica","W-Msc-140657"
29,40,0.75,"Crassostrea virginica","W-Msc-140657"
29.5,40,0.64,"Crassostrea virginica","W-Msc-140657"
-76,39.5,0.27,"Crassostrea virginica","W-Msc-140657"
-75.5,39.5,0.11,"Crassostrea virginica","W-Msc-140657"
-75,39.5,0.08,"Crassostrea virginica","W-Msc-140657"
-74,39.5,1,"Crassostrea virginica","W-Msc-140657"
-73.5,39.5,1,"Crassostrea virginica","W-Msc-140657"
-73,39.5,1,"Crassostrea virginica","W-Msc-140657"
-72.5,39.5,0.77,"Crassostrea virginica","W-Msc-140657"
-72,39.5,0.41,"Crassostrea virginica","W-Msc-140657"
0,39.5,0.55,"Crassostrea virginica","W-Msc-140657"
0.5,39.5,0.54,"Crassostrea virginica","W-Msc-140657"
1,39.5,0.43,"Crassostrea virginica","W-Msc-140657"
2.5,39.5,0.23,"Crassostrea virginica","W-Msc-140657"
3,39.5,0.21,"Crassostrea virginica","W-Msc-140657"
3.5,39.5,0.16,"Crassostrea virginica","W-Msc-140657"
4,39.5,0.18,"Crassostrea virginica","W-Msc-140657"
4.5,39.5,0.22,"Crassostrea virginica","W-Msc-140657"
8.5,39.5,0.15,"Crassostrea virginica","W-Msc-140657"
9,39.5,0.18,"Crassostrea virginica","W-Msc-140657"
10,39.5,0.15,"Crassostrea virginica","W-Msc-140657"
15.5,39.5,0.06,"Crassostrea virginica","W-Msc-140657"
16,39.5,0.06,"Crassostrea virginica","W-Msc-140657"
20,39.5,0.02,"Crassostrea virginica","W-Msc-140657"
20.5,39.5,0.18,"Crassostrea virginica","W-Msc-140657"
23,39.5,1,"Crassostrea virginica","W-Msc-140657"
23.5,39.5,1,"Crassostrea virginica","W-Msc-140657"
24,39.5,0.66,"Crassostrea virginica","W-Msc-140657"
24.5,39.5,0.44,"Crassostrea virginica","W-Msc-140657"
25,39.5,0.11,"Crassostrea virginica","W-Msc-140657"
25.5,39.5,0.94,"Crassostrea virginica","W-Msc-140657"
26,39.5,1,"Crassostrea virginica","W-Msc-140657"
26.5,39.5,1,"Crassostrea virginica","W-Msc-140657"
27,39.5,1,"Crassostrea virginica","W-Msc-140657"
-76.5,39,0.04,"Crassostrea virginica","W-Msc-140657"
-76,39,0.22,"Crassostrea virginica","W-Msc-140657"
-75.5,39,0.08,"Crassostrea virginica","W-Msc-140657"
-74.5,39,0.8,"Crassostrea virginica","W-Msc-140657"
-74,39,1,"Crassostrea virginica","W-Msc-140657"
-73.5,39,1,"Crassostrea virginica","W-Msc-140657"
-73,39,1,"Crassostrea virginica","W-Msc-140657"
-72.5,39,0.46,"Crassostrea virginica","W-Msc-140657"
0,39,0.59,"Crassostrea virginica","W-Msc-140657"
0.5,39,0.45,"Crassostrea virginica","W-Msc-140657"
1.5,39,0.26,"Crassostrea virginica","W-Msc-140657"
2,39,0.23,"Crassostrea virginica","W-Msc-140657"
2.5,39,0.09,"Crassostrea virginica","W-Msc-140657"
3,39,0.22,"Crassostrea virginica","W-Msc-140657"
3.5,39,0.19,"Crassostrea virginica","W-Msc-140657"
8.5,39,0.14,"Crassostrea virginica","W-Msc-140657"
9,39,0.16,"Crassostrea virginica","W-Msc-140657"
9.5,39,0.18,"Crassostrea virginica","W-Msc-140657"
10,39,0.16,"Crassostrea virginica","W-Msc-140657"
16,39,0.01,"Crassostrea virginica","W-Msc-140657"
16.5,39,0.09,"Crassostrea virginica","W-Msc-140657"
21,39,0.23,"Crassostrea virginica","W-Msc-140657"
21.5,39,0.51,"Crassostrea virginica","W-Msc-140657"
23,39,1,"Crassostrea virginica","W-Msc-140657"
23.5,39,1,"Crassostrea virginica","W-Msc-140657"
24,39,0.42,"Crassostrea virginica","W-Msc-140657"
24.5,39,0.37,"Crassostrea virginica","W-Msc-140657"
25,39,0.5,"Crassostrea virginica","W-Msc-140657"
25.5,39,0.59,"Crassostrea virginica","W-Msc-140657"
26,39,1,"Crassostrea virginica","W-Msc-140657"
26.5,39,1,"Crassostrea virginica","W-Msc-140657"
27,39,1,"Crassostrea virginica","W-Msc-140657"
-77,38.5,0.02,"Crassostrea virginica","W-Msc-140657"
-76.5,38.5,0.09,"Crassostrea virginica","W-Msc-140657"
-76,38.5,0.13,"Crassostrea virginica","W-Msc-140657"
-75.5,38.5,0.08,"Crassostrea virginica","W-Msc-140657"
-75,38.5,1,"Crassostrea virginica","W-Msc-140657"
-74.5,38.5,1,"Crassostrea virginica","W-Msc-140657"
-74,38.5,1,"Crassostrea virginica","W-Msc-140657"
-73.5,38.5,1,"Crassostrea virginica","W-Msc-140657"
-73,38.5,1,"Crassostrea virginica","W-Msc-140657"
0,38.5,0.67,"Crassostrea virginica","W-Msc-140657"
0.5,38.5,0.65,"Crassostrea virginica","W-Msc-140657"
1.5,38.5,0.26,"Crassostrea virginica","W-Msc-140657"
2,38.5,0.22,"Crassostrea virginica","W-Msc-140657"
8.5,38.5,0.11,"Crassostrea virginica","W-Msc-140657"
9,38.5,0.15,"Crassostrea virginica","W-Msc-140657"
9.5,38.5,0.11,"Crassostrea virginica","W-Msc-140657"
13.5,38.5,0.04,"Crassostrea virginica","W-Msc-140657"
14.5,38.5,0.09,"Crassostrea virginica","W-Msc-140657"
15,38.5,0.08,"Crassostrea virginica","W-Msc-140657"
15.5,38.5,0.08,"Crassostrea virginica","W-Msc-140657"
16,38.5,0.14,"Crassostrea virginica","W-Msc-140657"
16.5,38.5,0.08,"Crassostrea virginica","W-Msc-140657"
21.5,38.5,0.29,"Crassostrea virginica","W-Msc-140657"
23,38.5,1,"Crassostrea virginica","W-Msc-140657"
23.5,38.5,1,"Crassostrea virginica","W-Msc-140657"
24,38.5,1,"Crassostrea virginica","W-Msc-140657"
24.5,38.5,0.37,"Crassostrea virginica","W-Msc-140657"
25,38.5,0.46,"Crassostrea virginica","W-Msc-140657"
26,38.5,0.59,"Crassostrea virginica","W-Msc-140657"
26.5,38.5,0.17,"Crassostrea virginica","W-Msc-140657"
27.5,38.5,1,"Crassostrea virginica","W-Msc-140657"
-77,38,0.07,"Crassostrea virginica","W-Msc-140657"
-76.5,38,0.05,"Crassostrea virginica","W-Msc-140657"
-76,38,0.03,"Crassostrea virginica","W-Msc-140657"
-75.5,38,1,"Crassostrea virginica","W-Msc-140657"
-75,38,1,"Crassostrea virginica","W-Msc-140657"
-74.5,38,1,"Crassostrea virginica","W-Msc-140657"
-74,38,1,"Crassostrea virginica","W-Msc-140657"
-73.5,38,0.69,"Crassostrea virginica","W-Msc-140657"
-0.5,38,0.74,"Crassostrea virginica","W-Msc-140657"
0,38,0.76,"Crassostrea virginica","W-Msc-140657"
12.5,38,0.14,"Crassostrea virginica","W-Msc-140657"
13,38,0.15,"Crassostrea virginica","W-Msc-140657"
13.5,38,0.12,"Crassostrea virginica","W-Msc-140657"
14,38,0.1,"Crassostrea virginica","W-Msc-140657"
14.5,38,0.11,"Crassostrea virginica","W-Msc-140657"
15,38,0.1,"Crassostrea virginica","W-Msc-140657"
15.5,38,0.12,"Crassostrea virginica","W-Msc-140657"
16,38,0.1,"Crassostrea virginica","W-Msc-140657"
16.5,38,0.01,"Crassostrea virginica","W-Msc-140657"
22,38,0.25,"Crassostrea virginica","W-Msc-140657"
22.5,38,0.43,"Crassostrea virginica","W-Msc-140657"
23,38,1,"Crassostrea virginica","W-Msc-140657"
23.5,38,1,"Crassostrea virginica","W-Msc-140657"
24,38,1,"Crassostrea virginica","W-Msc-140657"
24.5,38,0.75,"Crassostrea virginica","W-Msc-140657"
25,38,0.45,"Crassostrea virginica","W-Msc-140657"
26,38,0.18,"Crassostrea virginica","W-Msc-140657"
27.5,38,0.41,"Crassostrea virginica","W-Msc-140657"
-76.5,37.5,0.05,"Crassostrea virginica","W-Msc-140657"
-76,37.5,0.4,"Crassostrea virginica","W-Msc-140657"
-75.5,37.5,1,"Crassostrea virginica","W-Msc-140657"
-75,37.5,1,"Crassostrea virginica","W-Msc-140657"
-74.5,37.5,1,"Crassostrea virginica","W-Msc-140657"
-74,37.5,0.85,"Crassostrea virginica","W-Msc-140657"
-1,37.5,0.8,"Crassostrea virginica","W-Msc-140657"
-0.5,37.5,0.81,"Crassostrea virginica","W-Msc-140657"
9,37.5,0.16,"Crassostrea virginica","W-Msc-140657"
9.5,37.5,0.17,"Crassostrea virginica","W-Msc-140657"
10.5,37.5,0.04,"Crassostrea virginica","W-Msc-140657"
11,37.5,0.05,"Crassostrea virginica","W-Msc-140657"
12,37.5,0.11,"Crassostrea virginica","W-Msc-140657"
12.5,37.5,0.13,"Crassostrea virginica","W-Msc-140657"
13,37.5,0.14,"Crassostrea virginica","W-Msc-140657"
13.5,37.5,0.14,"Crassostrea virginica","W-Msc-140657"
15.5,37.5,0.04,"Crassostrea virginica","W-Msc-140657"
16,37.5,0.06,"Crassostrea virginica","W-Msc-140657"
16.5,37.5,0.04,"Crassostrea virginica","W-Msc-140657"
21.5,37.5,0.01,"Crassostrea virginica","W-Msc-140657"
22,37.5,0.22,"Crassostrea virginica","W-Msc-140657"
23,37.5,0.8,"Crassostrea virginica","W-Msc-140657"
23.5,37.5,0.96,"Crassostrea virginica","W-Msc-140657"
24,37.5,1,"Crassostrea virginica","W-Msc-140657"
24.5,37.5,0.83,"Crassostrea virginica","W-Msc-140657"
25,37.5,0.28,"Crassostrea virginica","W-Msc-140657"
25.5,37.5,0.15,"Crassostrea virginica","W-Msc-140657"
26,37.5,0.01,"Crassostrea virginica","W-Msc-140657"
-76.5,37,0.66,"Crassostrea virginica","W-Msc-140657"
-76,37,0.75,"Crassostrea virginica","W-Msc-140657"
-75.5,37,1,"Crassostrea virginica","W-Msc-140657"
-75,37,1,"Crassostrea virginica","W-Msc-140657"
-74.5,37,1,"Crassostrea virginica","W-Msc-140657"
-1.5,37,0.87,"Crassostrea virginica","W-Msc-140657"
-1,37,0.87,"Crassostrea virginica","W-Msc-140657"
6.5,37,0.71,"Crassostrea virginica","W-Msc-140657"
7,37,0.68,"Crassostrea virginica","W-Msc-140657"
7.5,37,0.66,"Crassostrea virginica","W-Msc-140657"
8,37,0.63,"Crassostrea virginica","W-Msc-140657"
8.5,37,0.43,"Crassostrea virginica","W-Msc-140657"
9,37,0.42,"Crassostrea virginica","W-Msc-140657"
9.5,37,0.55,"Crassostrea virginica","W-Msc-140657"
10,37,0.57,"Crassostrea virginica","W-Msc-140657"
10.5,37,0.57,"Crassostrea virginica","W-Msc-140657"
11,37,0.27,"Crassostrea virginica","W-Msc-140657"
11.5,37,0.16,"Crassostrea virginica","W-Msc-140657"
12,37,0.03,"Crassostrea virginica","W-Msc-140657"
12.5,37,0.07,"Crassostrea virginica","W-Msc-140657"
13,37,0.14,"Crassostrea virginica","W-Msc-140657"
13.5,37,0.18,"Crassostrea virginica","W-Msc-140657"
14,37,0.18,"Crassostrea virginica","W-Msc-140657"
14.5,37,0.18,"Crassostrea virginica","W-Msc-140657"
15.5,37,0.06,"Crassostrea virginica","W-Msc-140657"
21.5,37,0.03,"Crassostrea virginica","W-Msc-140657"
22,37,0.21,"Crassostrea virginica","W-Msc-140657"
22.5,37,0.43,"Crassostrea virginica","W-Msc-140657"
23,37,0.68,"Crassostrea virginica","W-Msc-140657"
23.5,37,0.89,"Crassostrea virginica","W-Msc-140657"
24,37,0.4,"Crassostrea virginica","W-Msc-140657"
24.5,37,0.28,"Crassostrea virginica","W-Msc-140657"
25,37,0.15,"Crassostrea virginica","W-Msc-140657"
25.5,37,0.05,"Crassostrea virginica","W-Msc-140657"
28.5,37,0.17,"Crassostrea virginica","W-Msc-140657"
-76,36.5,1,"Crassostrea virginica","W-Msc-140657"
-75.5,36.5,1,"Crassostrea virginica","W-Msc-140657"
-75,36.5,1,"Crassostrea virginica","W-Msc-140657"
-74.5,36.5,1,"Crassostrea virginica","W-Msc-140657"
-4.5,36.5,1,"Crassostrea virginica","W-Msc-140657"
-4,36.5,0.97,"Crassostrea virginica","W-Msc-140657"
-3.5,36.5,0.96,"Crassostrea virginica","W-Msc-140657"
-3,36.5,0.94,"Crassostrea virginica","W-Msc-140657"
-2.5,36.5,0.91,"Crassostrea virginica","W-Msc-140657"
-2,36.5,0.9,"Crassostrea virginica","W-Msc-140657"
-1.5,36.5,0.89,"Crassostrea virginica","W-Msc-140657"
1.5,36.5,0.89,"Crassostrea virginica","W-Msc-140657"
2,36.5,0.76,"Crassostrea virginica","W-Msc-140657"
2.5,36.5,0.63,"Crassostrea virginica","W-Msc-140657"
3,36.5,0.85,"Crassostrea virginica","W-Msc-140657"
3.5,36.5,0.83,"Crassostrea virginica","W-Msc-140657"
4,36.5,0.81,"Crassostrea virginica","W-Msc-140657"
4.5,36.5,0.79,"Crassostrea virginica","W-Msc-140657"
5,36.5,0.77,"Crassostrea virginica","W-Msc-140657"
5.5,36.5,0.76,"Crassostrea virginica","W-Msc-140657"
6,36.5,0.72,"Crassostrea virginica","W-Msc-140657"
6.5,36.5,0.68,"Crassostrea virginica","W-Msc-140657"
7,36.5,0.65,"Crassostrea virginica","W-Msc-140657"
7.5,36.5,0.62,"Crassostrea virginica","W-Msc-140657"
8,36.5,0.59,"Crassostrea virginica","W-Msc-140657"
8.5,36.5,0.56,"Crassostrea virginica","W-Msc-140657"
9,36.5,0.49,"Crassostrea virginica","W-Msc-140657"
10.5,36.5,0.54,"Crassostrea virginica","W-Msc-140657"
11,36.5,0.43,"Crassostrea virginica","W-Msc-140657"
11.5,36.5,0.16,"Crassostrea virginica","W-Msc-140657"
12,36.5,0.15,"Crassostrea virginica","W-Msc-140657"
12.5,36.5,0.15,"Crassostrea virginica","W-Msc-140657"
13,36.5,0.08,"Crassostrea virginica","W-Msc-140657"
14.5,36.5,0.26,"Crassostrea virginica","W-Msc-140657"
15,36.5,0.19,"Crassostrea virginica","W-Msc-140657"
15.5,36.5,0.1,"Crassostrea virginica","W-Msc-140657"
22,36.5,0.15,"Crassostrea virginica","W-Msc-140657"
22.5,36.5,0.3,"Crassostrea virginica","W-Msc-140657"
23,36.5,0.49,"Crassostrea virginica","W-Msc-140657"
23.5,36.5,0.48,"Crassostrea virginica","W-Msc-140657"
24,36.5,0.25,"Crassostrea virginica","W-Msc-140657"
24.5,36.5,0.17,"Crassostrea virginica","W-Msc-140657"
25,36.5,0.09,"Crassostrea virginica","W-Msc-140657"
25.5,36.5,0.01,"Crassostrea virginica","W-Msc-140657"
32,36.5,0.04,"Crassostrea virginica","W-Msc-140657"
32.5,36.5,0.18,"Crassostrea virginica","W-Msc-140657"
34.5,36.5,0.01,"Crassostrea virginica","W-Msc-140657"
36.5,36.5,0.82,"Crassostrea virginica","W-Msc-140657"
-76.5,36,1,"Crassostrea virginica","W-Msc-140657"
-76,36,1,"Crassostrea virginica","W-Msc-140657"
-75.5,36,1,"Crassostrea virginica","W-Msc-140657"
-75,36,1,"Crassostrea virginica","W-Msc-140657"
-74.5,36,1,"Crassostrea virginica","W-Msc-140657"
-5,36,1,"Crassostrea virginica","W-Msc-140657"
-4.5,36,1,"Crassostrea virginica","W-Msc-140657"
0,36,0.31,"Crassostrea virginica","W-Msc-140657"
0.5,36,0.92,"Crassostrea virginica","W-Msc-140657"
1,36,0.91,"Crassostrea virginica","W-Msc-140657"
10.5,36,0.11,"Crassostrea virginica","W-Msc-140657"
11,36,0.41,"Crassostrea virginica","W-Msc-140657"
11.5,36,0.15,"Crassostrea virginica","W-Msc-140657"
14.5,36,0.17,"Crassostrea virginica","W-Msc-140657"
15,36,0.02,"Crassostrea virginica","W-Msc-140657"
22.5,36,0.1,"Crassostrea virginica","W-Msc-140657"
23,36,0.17,"Crassostrea virginica","W-Msc-140657"
23.5,36,0.21,"Crassostrea virginica","W-Msc-140657"
36.5,36,0.6,"Crassostrea virginica","W-Msc-140657"
-76.5,35.5,1,"Crassostrea virginica","W-Msc-140657"
-76,35.5,1,"Crassostrea virginica","W-Msc-140657"
-75.5,35.5,1,"Crassostrea virginica","W-Msc-140657"
-75,35.5,1,"Crassostrea virginica","W-Msc-140657"
-74.5,35.5,1,"Crassostrea virginica","W-Msc-140657"
-5,35.5,1,"Crassostrea virginica","W-Msc-140657"
-2.5,35.5,0.97,"Crassostrea virginica","W-Msc-140657"
-1,35.5,0.95,"Crassostrea virginica","W-Msc-140657"
-0.5,35.5,0.97,"Crassostrea virginica","W-Msc-140657"
0,35.5,0.93,"Crassostrea virginica","W-Msc-140657"
0.5,35.5,0.9,"Crassostrea virginica","W-Msc-140657"
11,35.5,0.37,"Crassostrea virginica","W-Msc-140657"
11.5,35.5,0.25,"Crassostrea virginica","W-Msc-140657"
12,35.5,0.16,"Crassostrea virginica","W-Msc-140657"
12.5,35.5,0.15,"Crassostrea virginica","W-Msc-140657"
13,35.5,0.13,"Crassostrea virginica","W-Msc-140657"
14.5,35.5,0.14,"Crassostrea virginica","W-Msc-140657"
15,35.5,0.14,"Crassostrea virginica","W-Msc-140657"
15.5,35.5,0.03,"Crassostrea virginica","W-Msc-140657"
23.5,35.5,0.09,"Crassostrea virginica","W-Msc-140657"
24,35.5,0.04,"Crassostrea virginica","W-Msc-140657"
24.5,35.5,0.03,"Crassostrea virginica","W-Msc-140657"
-76.5,35,1,"Crassostrea virginica","W-Msc-140657"
-76,35,1,"Crassostrea virginica","W-Msc-140657"
-75.5,35,1,"Crassostrea virginica","W-Msc-140657"
-75,35,1,"Crassostrea virginica","W-Msc-140657"
-74.5,35,1,"Crassostrea virginica","W-Msc-140657"
-5,35,0.99,"Crassostrea virginica","W-Msc-140657"
-4.5,35,1,"Crassostrea virginica","W-Msc-140657"
-4,35,1,"Crassostrea virginica","W-Msc-140657"
-3.5,35,0.98,"Crassostrea virginica","W-Msc-140657"
-3,35,0.98,"Crassostrea virginica","W-Msc-140657"
-2.5,35,0.97,"Crassostrea virginica","W-Msc-140657"
-2,35,0.96,"Crassostrea virginica","W-Msc-140657"
-1.5,35,0.96,"Crassostrea virginica","W-Msc-140657"
-1,35,0.94,"Crassostrea virginica","W-Msc-140657"
11,35,0.08,"Crassostrea virginica","W-Msc-140657"
11.5,35,0.31,"Crassostrea virginica","W-Msc-140657"
12,35,0.18,"Crassostrea virginica","W-Msc-140657"
12.5,35,0.16,"Crassostrea virginica","W-Msc-140657"
13,35,0.13,"Crassostrea virginica","W-Msc-140657"
13.5,35,0.05,"Crassostrea virginica","W-Msc-140657"
-77,34.5,1,"Crassostrea virginica","W-Msc-140657"
-76.5,34.5,1,"Crassostrea virginica","W-Msc-140657"
-76,34.5,1,"Crassostrea virginica","W-Msc-140657"
-75.5,34.5,1,"Crassostrea virginica","W-Msc-140657"
-75,34.5,0.99,"Crassostrea virginica","W-Msc-140657"
10.5,34.5,0.03,"Crassostrea virginica","W-Msc-140657"
11,34.5,0.32,"Crassostrea virginica","W-Msc-140657"
11.5,34.5,0.28,"Crassostrea virginica","W-Msc-140657"
12,34.5,0.17,"Crassostrea virginica","W-Msc-140657"
12.5,34.5,0.14,"Crassostrea virginica","W-Msc-140657"
13,34.5,0.11,"Crassostrea virginica","W-Msc-140657"
13.5,34.5,0.01,"Crassostrea virginica","W-Msc-140657"
36.5,34.5,0.19,"Crassostrea virginica","W-Msc-140657"
-77.5,34,1,"Crassostrea virginica","W-Msc-140657"
-77,34,1,"Crassostrea virginica","W-Msc-140657"
-76.5,34,1,"Crassostrea virginica","W-Msc-140657"
-76,34,1,"Crassostrea virginica","W-Msc-140657"
-75.5,34,0.77,"Crassostrea virginica","W-Msc-140657"
10.5,34,0.15,"Crassostrea virginica","W-Msc-140657"
11,34,0.19,"Crassostrea virginica","W-Msc-140657"
11.5,34,0.15,"Crassostrea virginica","W-Msc-140657"
12,34,0.12,"Crassostrea virginica","W-Msc-140657"
12.5,34,0.07,"Crassostrea virginica","W-Msc-140657"
-79,33.5,0.75,"Crassostrea virginica","W-Msc-140657"
-78.5,33.5,1,"Crassostrea virginica","W-Msc-140657"
-78,33.5,1,"Crassostrea virginica","W-Msc-140657"
-77.5,33.5,1,"Crassostrea virginica","W-Msc-140657"
-77,33.5,1,"Crassostrea virginica","W-Msc-140657"
-76.5,33.5,0.99,"Crassostrea virginica","W-Msc-140657"
-76,33.5,1,"Crassostrea virginica","W-Msc-140657"
10.5,33.5,0.15,"Crassostrea virginica","W-Msc-140657"
11,33.5,0.19,"Crassostrea virginica","W-Msc-140657"
11.5,33.5,0.17,"Crassostrea virginica","W-Msc-140657"
12,33.5,0.13,"Crassostrea virginica","W-Msc-140657"
12.5,33.5,0.1,"Crassostrea virginica","W-Msc-140657"
13,33.5,0.06,"Crassostrea virginica","W-Msc-140657"
-79.5,33,0.25,"Crassostrea virginica","W-Msc-140657"
-79,33,1,"Crassostrea virginica","W-Msc-140657"
-78.5,33,1,"Crassostrea virginica","W-Msc-140657"
-78,33,1,"Crassostrea virginica","W-Msc-140657"
-77.5,33,0.99,"Crassostrea virginica","W-Msc-140657"
-77,33,0.99,"Crassostrea virginica","W-Msc-140657"
-76.5,33,0.36,"Crassostrea virginica","W-Msc-140657"
11.5,33,0.21,"Crassostrea virginica","W-Msc-140657"
12,33,0.18,"Crassostrea virginica","W-Msc-140657"
12.5,33,0.12,"Crassostrea virginica","W-Msc-140657"
13,33,0.11,"Crassostrea virginica","W-Msc-140657"
13.5,33,0.15,"Crassostrea virginica","W-Msc-140657"
14,33,0.05,"Crassostrea virginica","W-Msc-140657"
-80.5,32.5,0.12,"Crassostrea virginica","W-Msc-140657"
-80,32.5,1,"Crassostrea virginica","W-Msc-140657"
-79.5,32.5,1,"Crassostrea virginica","W-Msc-140657"
-79,32.5,1,"Crassostrea virginica","W-Msc-140657"
-78.5,32.5,1,"Crassostrea virginica","W-Msc-140657"
-78,32.5,0.99,"Crassostrea virginica","W-Msc-140657"
-64.5,32.5,0.85,"Crassostrea virginica","W-Msc-140657"
12.5,32.5,0.22,"Crassostrea virginica","W-Msc-140657"
13,32.5,0.17,"Crassostrea virginica","W-Msc-140657"
13.5,32.5,0.14,"Crassostrea virginica","W-Msc-140657"
14,32.5,0.11,"Crassostrea virginica","W-Msc-140657"
14.5,32.5,0.08,"Crassostrea virginica","W-Msc-140657"
15,32.5,0.05,"Crassostrea virginica","W-Msc-140657"
-80.5,32,1,"Crassostrea virginica","W-Msc-140657"
-80,32,1,"Crassostrea virginica","W-Msc-140657"
-79.5,32,1,"Crassostrea virginica","W-Msc-140657"
-79,32,0.99,"Crassostrea virginica","W-Msc-140657"
-78.5,32,1,"Crassostrea virginica","W-Msc-140657"
-65,32,0.3,"Crassostrea virginica","W-Msc-140657"
-64.5,32,0.84,"Crassostrea virginica","W-Msc-140657"
15,32,0.1,"Crassostrea virginica","W-Msc-140657"
15.5,32,0.04,"Crassostrea virginica","W-Msc-140657"
16,32,0.03,"Crassostrea virginica","W-Msc-140657"
20,32,0.02,"Crassostrea virginica","W-Msc-140657"
20.5,32,0.03,"Crassostrea virginica","W-Msc-140657"
-81,31.5,1,"Crassostrea virginica","W-Msc-140657"
-80.5,31.5,1,"Crassostrea virginica","W-Msc-140657"
-80,31.5,1,"Crassostrea virginica","W-Msc-140657"
-79.5,31.5,0.98,"Crassostrea virginica","W-Msc-140657"
-79,31.5,0.69,"Crassostrea virginica","W-Msc-140657"
15.5,31.5,0.13,"Crassostrea virginica","W-Msc-140657"
16,31.5,0.1,"Crassostrea virginica","W-Msc-140657"
16.5,31.5,0.03,"Crassostrea virginica","W-Msc-140657"
20,31.5,0.04,"Crassostrea virginica","W-Msc-140657"
20.5,31.5,0.09,"Crassostrea virginica","W-Msc-140657"
31,31.5,0.05,"Crassostrea virginica","W-Msc-140657"
31.5,31.5,0.18,"Crassostrea virginica","W-Msc-140657"
32,31.5,0.24,"Crassostrea virginica","W-Msc-140657"
32.5,31.5,0.04,"Crassostrea virginica","W-Msc-140657"
34.5,31.5,0.19,"Crassostrea virginica","W-Msc-140657"
-81,31,1,"Crassostrea virginica","W-Msc-140657"
-80.5,31,1,"Crassostrea virginica","W-Msc-140657"
-80,31,0.96,"Crassostrea virginica","W-Msc-140657"
-79.5,31,1,"Crassostrea virginica","W-Msc-140657"
16,31,0.17,"Crassostrea virginica","W-Msc-140657"
16.5,31,0.12,"Crassostrea virginica","W-Msc-140657"
17,31,0.06,"Crassostrea virginica","W-Msc-140657"
17.5,31,0.06,"Crassostrea virginica","W-Msc-140657"
18,31,0.07,"Crassostrea virginica","W-Msc-140657"
18.5,31,0.05,"Crassostrea virginica","W-Msc-140657"
20,31,0.11,"Crassostrea virginica","W-Msc-140657"
20.5,31,0.17,"Crassostrea virginica","W-Msc-140657"
32,31,0.08,"Crassostrea virginica","W-Msc-140657"
32.5,31,0.15,"Crassostrea virginica","W-Msc-140657"
33,31,0.27,"Crassostrea virginica","W-Msc-140657"
33.5,31,0.15,"Crassostrea virginica","W-Msc-140657"
34,31,0.13,"Crassostrea virginica","W-Msc-140657"
34.5,31,0.1,"Crassostrea virginica","W-Msc-140657"
-88,30.5,0.7,"Crassostrea virginica","W-Msc-140657"
-87.5,30.5,0.87,"Crassostrea virginica","W-Msc-140657"
-87,30.5,0.25,"Crassostrea virginica","W-Msc-140657"
-86.5,30.5,0.75,"Crassostrea virginica","W-Msc-140657"
-86,30.5,0.38,"Crassostrea virginica","W-Msc-140657"
-81,30.5,1,"Crassostrea virginica","W-Msc-140657"
-80.5,30.5,0.97,"Crassostrea virginica","W-Msc-140657"
-80,30.5,0.98,"Crassostrea virginica","W-Msc-140657"
-79.5,30.5,0.87,"Crassostrea virginica","W-Msc-140657"
18,30.5,0.3,"Crassostrea virginica","W-Msc-140657"
18.5,30.5,0.33,"Crassostrea virginica","W-Msc-140657"
19,30.5,0.13,"Crassostrea virginica","W-Msc-140657"
20,30.5,0.28,"Crassostrea virginica","W-Msc-140657"
20.5,30.5,0.27,"Crassostrea virginica","W-Msc-140657"
-93.5,30,0.12,"Crassostrea virginica","W-Msc-140657"
-90,30,0.06,"Crassostrea virginica","W-Msc-140657"
-88.5,30,0.23,"Crassostrea virginica","W-Msc-140657"
-88,30,0.89,"Crassostrea virginica","W-Msc-140657"
-87.5,30,1,"Crassostrea virginica","W-Msc-140657"
-87,30,1,"Crassostrea virginica","W-Msc-140657"
-86.5,30,1,"Crassostrea virginica","W-Msc-140657"
-86,30,1,"Crassostrea virginica","W-Msc-140657"
-85.5,30,1,"Crassostrea virginica","W-Msc-140657"
-85,30,0.12,"Crassostrea virginica","W-Msc-140657"
-84,30,1,"Crassostrea virginica","W-Msc-140657"
-83.5,30,1,"Crassostrea virginica","W-Msc-140657"
-81,30,1,"Crassostrea virginica","W-Msc-140657"
-80.5,30,0.97,"Crassostrea virginica","W-Msc-140657"
-80,30,1,"Crassostrea virginica","W-Msc-140657"
19,30,0.39,"Crassostrea virginica","W-Msc-140657"
19.5,30,0.39,"Crassostrea virginica","W-Msc-140657"
20,30,0.37,"Crassostrea virginica","W-Msc-140657"
-94.5,29.5,0.64,"Crassostrea virginica","W-Msc-140657"
-94,29.5,1,"Crassostrea virginica","W-Msc-140657"
-93.5,29.5,1,"Crassostrea virginica","W-Msc-140657"
-93,29.5,1,"Crassostrea virginica","W-Msc-140657"
-92.5,29.5,1,"Crassostrea virginica","W-Msc-140657"
-92,29.5,1,"Crassostrea virginica","W-Msc-140657"
-91.5,29.5,1,"Crassostrea virginica","W-Msc-140657"
-91,29.5,0.98,"Crassostrea virginica","W-Msc-140657"
-90,29.5,0.06,"Crassostrea virginica","W-Msc-140657"
-89.5,29.5,0.22,"Crassostrea virginica","W-Msc-140657"
-89,29.5,0.19,"Crassostrea virginica","W-Msc-140657"
-88.5,29.5,0.63,"Crassostrea virginica","W-Msc-140657"
-88,29.5,1,"Crassostrea virginica","W-Msc-140657"
-87.5,29.5,1,"Crassostrea virginica","W-Msc-140657"
-87,29.5,1,"Crassostrea virginica","W-Msc-140657"
-86.5,29.5,0.62,"Crassostrea virginica","W-Msc-140657"
-86,29.5,1,"Crassostrea virginica","W-Msc-140657"
-85.5,29.5,1,"Crassostrea virginica","W-Msc-140657"
-85,29.5,1,"Crassostrea virginica","W-Msc-140657"
-84.5,29.5,1,"Crassostrea virginica","W-Msc-140657"
-84,29.5,1,"Crassostrea virginica","W-Msc-140657"
-83.5,29.5,1,"Crassostrea virginica","W-Msc-140657"
-83,29.5,1,"Crassostrea virginica","W-Msc-140657"
-81,29.5,0.99,"Crassostrea virginica","W-Msc-140657"
-80.5,29.5,0.97,"Crassostrea virginica","W-Msc-140657"
-80,29.5,1,"Crassostrea virginica","W-Msc-140657"
-95,29,1,"Crassostrea virginica","W-Msc-140657"
-94.5,29,0.8,"Crassostrea virginica","W-Msc-140657"
-94,29,1,"Crassostrea virginica","W-Msc-140657"
-93.5,29,1,"Crassostrea virginica","W-Msc-140657"
-93,29,1,"Crassostrea virginica","W-Msc-140657"
-92.5,29,1,"Crassostrea virginica","W-Msc-140657"
-92,29,1,"Crassostrea virginica","W-Msc-140657"
-91.5,29,1,"Crassostrea virginica","W-Msc-140657"
-91,29,1,"Crassostrea virginica","W-Msc-140657"
-90.5,29,1,"Crassostrea virginica","W-Msc-140657"
-90,29,1,"Crassostrea virginica","W-Msc-140657"
-89.5,29,0.59,"Crassostrea virginica","W-Msc-140657"
-89,29,0.84,"Crassostrea virginica","W-Msc-140657"
-88.5,29,1,"Crassostrea virginica","W-Msc-140657"
-88,29,1,"Crassostrea virginica","W-Msc-140657"
-87.5,29,1,"Crassostrea virginica","W-Msc-140657"
-86,29,0.77,"Crassostrea virginica","W-Msc-140657"
-85.5,29,1,"Crassostrea virginica","W-Msc-140657"
-85,29,1,"Crassostrea virginica","W-Msc-140657"
-84.5,29,1,"Crassostrea virginica","W-Msc-140657"
-84,29,1,"Crassostrea virginica","W-Msc-140657"
-83.5,29,1,"Crassostrea virginica","W-Msc-140657"
-83,29,1,"Crassostrea virginica","W-Msc-140657"
-82.5,29,0.88,"Crassostrea virginica","W-Msc-140657"
-81,29,1,"Crassostrea virginica","W-Msc-140657"
-80.5,29,0.97,"Crassostrea virginica","W-Msc-140657"
-80,29,1,"Crassostrea virginica","W-Msc-140657"
-96.5,28.5,1,"Crassostrea virginica","W-Msc-140657"
-96,28.5,1,"Crassostrea virginica","W-Msc-140657"
-95.5,28.5,1,"Crassostrea virginica","W-Msc-140657"
-95,28.5,1,"Crassostrea virginica","W-Msc-140657"
-94.5,28.5,1,"Crassostrea virginica","W-Msc-140657"
-94,28.5,0.97,"Crassostrea virginica","W-Msc-140657"
-93.5,28.5,0.77,"Crassostrea virginica","W-Msc-140657"
-93,28.5,0.68,"Crassostrea virginica","W-Msc-140657"
-92.5,28.5,0.7,"Crassostrea virginica","W-Msc-140657"
-92,28.5,0.94,"Crassostrea virginica","W-Msc-140657"
-91.5,28.5,1,"Crassostrea virginica","W-Msc-140657"
-91,28.5,1,"Crassostrea virginica","W-Msc-140657"
-90.5,28.5,1,"Crassostrea virginica","W-Msc-140657"
-90,28.5,1,"Crassostrea virginica","W-Msc-140657"
-89.5,28.5,1,"Crassostrea virginica","W-Msc-140657"
-89,28.5,1,"Crassostrea virginica","W-Msc-140657"
-88.5,28.5,0.08,"Crassostrea virginica","W-Msc-140657"
-85,28.5,0.92,"Crassostrea virginica","W-Msc-140657"
-84.5,28.5,1,"Crassostrea virginica","W-Msc-140657"
-84,28.5,1,"Crassostrea virginica","W-Msc-140657"
-83.5,28.5,1,"Crassostrea virginica","W-Msc-140657"
-83,28.5,1,"Crassostrea virginica","W-Msc-140657"
-82.5,28.5,1,"Crassostrea virginica","W-Msc-140657"
-80.5,28.5,0.96,"Crassostrea virginica","W-Msc-140657"
-80,28.5,0.99,"Crassostrea virginica","W-Msc-140657"
-79.5,28.5,0.56,"Crassostrea virginica","W-Msc-140657"
-97,28,1,"Crassostrea virginica","W-Msc-140657"
-96.5,28,1,"Crassostrea virginica","W-Msc-140657"
-96,28,1,"Crassostrea virginica","W-Msc-140657"
-95.5,28,1,"Crassostrea virginica","W-Msc-140657"
-95,28,1,"Crassostrea virginica","W-Msc-140657"
-94.5,28,0.77,"Crassostrea virginica","W-Msc-140657"
-94,28,0.65,"Crassostrea virginica","W-Msc-140657"
-93.5,28,0.66,"Crassostrea virginica","W-Msc-140657"
-93,28,0.63,"Crassostrea virginica","W-Msc-140657"
-92.5,28,0.61,"Crassostrea virginica","W-Msc-140657"
-92,28,0.59,"Crassostrea virginica","W-Msc-140657"
-91.5,28,0.6,"Crassostrea virginica","W-Msc-140657"
-91,28,0.68,"Crassostrea virginica","W-Msc-140657"
-90.5,28,0.89,"Crassostrea virginica","W-Msc-140657"
-90,28,1,"Crassostrea virginica","W-Msc-140657"
-89.5,28,0.15,"Crassostrea virginica","W-Msc-140657"
-84.5,28,0.95,"Crassostrea virginica","W-Msc-140657"
-84,28,1,"Crassostrea virginica","W-Msc-140657"
-83.5,28,0.82,"Crassostrea virginica","W-Msc-140657"
-83,28,1,"Crassostrea virginica","W-Msc-140657"
-82.5,28,1,"Crassostrea virginica","W-Msc-140657"
-80.5,28,0.99,"Crassostrea virginica","W-Msc-140657"
-80,28,0.99,"Crassostrea virginica","W-Msc-140657"
-79.5,28,0.66,"Crassostrea virginica","W-Msc-140657"
-97,27.5,1,"Crassostrea virginica","W-Msc-140657"
-96.5,27.5,1,"Crassostrea virginica","W-Msc-140657"
-96,27.5,1,"Crassostrea virginica","W-Msc-140657"
-95.5,27.5,0.79,"Crassostrea virginica","W-Msc-140657"
-95,27.5,0.42,"Crassostrea virginica","W-Msc-140657"
-94.5,27.5,0.04,"Crassostrea virginica","W-Msc-140657"
-94,27.5,0.06,"Crassostrea virginica","W-Msc-140657"
-93.5,27.5,0.04,"Crassostrea virginica","W-Msc-140657"
-84,27.5,1,"Crassostrea virginica","W-Msc-140657"
-83.5,27.5,0.75,"Crassostrea virginica","W-Msc-140657"
-83,27.5,1,"Crassostrea virginica","W-Msc-140657"
-82.5,27.5,1,"Crassostrea virginica","W-Msc-140657"
-82,27.5,0.62,"Crassostrea virginica","W-Msc-140657"
-80.5,27.5,0.25,"Crassostrea virginica","W-Msc-140657"
-80,27.5,0.99,"Crassostrea virginica","W-Msc-140657"
-79.5,27.5,0.98,"Crassostrea virginica","W-Msc-140657"
-97.5,27,0.12,"Crassostrea virginica","W-Msc-140657"
-97,27,1,"Crassostrea virginica","W-Msc-140657"
-96.5,27,0.83,"Crassostrea virginica","W-Msc-140657"
-96,27,0.22,"Crassostrea virginica","W-Msc-140657"
-84,27,0.62,"Crassostrea virginica","W-Msc-140657"
-83.5,27,0.74,"Crassostrea virginica","W-Msc-140657"
-83,27,0.62,"Crassostrea virginica","W-Msc-140657"
-82.5,27,1,"Crassostrea virginica","W-Msc-140657"
-82,27,1,"Crassostrea virginica","W-Msc-140657"
-80,27,1,"Crassostrea virginica","W-Msc-140657"
-79.5,27,0.95,"Crassostrea virginica","W-Msc-140657"
-79,27,0.98,"Crassostrea virginica","W-Msc-140657"
-78.5,27,0.93,"Crassostrea virginica","W-Msc-140657"
-78,27,0.92,"Crassostrea virginica","W-Msc-140657"
-77.5,27,0.92,"Crassostrea virginica","W-Msc-140657"
-77,27,0.44,"Crassostrea virginica","W-Msc-140657"
-97,26.5,1,"Crassostrea virginica","W-Msc-140657"
-96.5,26.5,0.61,"Crassostrea virginica","W-Msc-140657"
-96,26.5,0.16,"Crassostrea virginica","W-Msc-140657"
-83.5,26.5,0.75,"Crassostrea virginica","W-Msc-140657"
-83,26.5,0.4,"Crassostrea virginica","W-Msc-140657"
-82.5,26.5,0.94,"Crassostrea virginica","W-Msc-140657"
-82,26.5,1,"Crassostrea virginica","W-Msc-140657"
-81.5,26.5,0.12,"Crassostrea virginica","W-Msc-140657"
-80,26.5,1,"Crassostrea virginica","W-Msc-140657"
-79.5,26.5,0.92,"Crassostrea virginica","W-Msc-140657"
-78.5,26.5,0.94,"Crassostrea virginica","W-Msc-140657"
-78,26.5,0.9,"Crassostrea virginica","W-Msc-140657"
-77.5,26.5,0.86,"Crassostrea virginica","W-Msc-140657"
-77,26.5,0.87,"Crassostrea virginica","W-Msc-140657"
-76.5,26.5,0.26,"Crassostrea virginica","W-Msc-140657"
-97,26,1,"Crassostrea virginica","W-Msc-140657"
-96.5,26,0.53,"Crassostrea virginica","W-Msc-140657"
-96,26,0.31,"Crassostrea virginica","W-Msc-140657"
-84,26,0.13,"Crassostrea virginica","W-Msc-140657"
-83.5,26,0.24,"Crassostrea virginica","W-Msc-140657"
-83,26,0.33,"Crassostrea virginica","W-Msc-140657"
-82.5,26,0.36,"Crassostrea virginica","W-Msc-140657"
-82,26,1,"Crassostrea virginica","W-Msc-140657"
-81.5,26,1,"Crassostrea virginica","W-Msc-140657"
-80,26,1,"Crassostrea virginica","W-Msc-140657"
-79,26,0.69,"Crassostrea virginica","W-Msc-140657"
-78.5,26,0.71,"Crassostrea virginica","W-Msc-140657"
-77.5,26,0.9,"Crassostrea virginica","W-Msc-140657"
-77,26,0.87,"Crassostrea virginica","W-Msc-140657"
-76.5,26,0.04,"Crassostrea virginica","W-Msc-140657"
-97,25.5,0.71,"Crassostrea virginica","W-Msc-140657"
-96.5,25.5,0.5,"Crassostrea virginica","W-Msc-140657"
-96,25.5,0.18,"Crassostrea virginica","W-Msc-140657"
-90,25.5,0.07,"Crassostrea virginica","W-Msc-140657"
-83.5,25.5,0.16,"Crassostrea virginica","W-Msc-140657"
-83,25.5,0.28,"Crassostrea virginica","W-Msc-140657"
-82.5,25.5,0.21,"Crassostrea virginica","W-Msc-140657"
-82,25.5,0.43,"Crassostrea virginica","W-Msc-140657"
-81.5,25.5,0.98,"Crassostrea virginica","W-Msc-140657"
-81,25.5,0.98,"Crassostrea virginica","W-Msc-140657"
-80,25.5,0.98,"Crassostrea virginica","W-Msc-140657"
-79,25.5,0.85,"Crassostrea virginica","W-Msc-140657"
-78.5,25.5,0.83,"Crassostrea virginica","W-Msc-140657"
-78,25.5,0.87,"Crassostrea virginica","W-Msc-140657"
-77.5,25.5,0.74,"Crassostrea virginica","W-Msc-140657"
-77,25.5,0.2,"Crassostrea virginica","W-Msc-140657"
-76.5,25.5,0.06,"Crassostrea virginica","W-Msc-140657"
-97.5,25,0.48,"Crassostrea virginica","W-Msc-140657"
-97,25,0.43,"Crassostrea virginica","W-Msc-140657"
-96.5,25,0.32,"Crassostrea virginica","W-Msc-140657"
-84,25,0.2,"Crassostrea virginica","W-Msc-140657"
-83.5,25,0.25,"Crassostrea virginica","W-Msc-140657"
-83,25,0.25,"Crassostrea virginica","W-Msc-140657"
-82.5,25,0.14,"Crassostrea virginica","W-Msc-140657"
-82,25,0.27,"Crassostrea virginica","W-Msc-140657"
-81.5,25,0.73,"Crassostrea virginica","W-Msc-140657"
-81,25,0.86,"Crassostrea virginica","W-Msc-140657"
-80.5,25,0.72,"Crassostrea virginica","W-Msc-140657"
-80,25,0.47,"Crassostrea virginica","W-Msc-140657"
-79,25,0.63,"Crassostrea virginica","W-Msc-140657"
-78.5,25,0.76,"Crassostrea virginica","W-Msc-140657"
-78,25,0.61,"Crassostrea virginica","W-Msc-140657"
-77.5,25,0.02,"Crassostrea virginica","W-Msc-140657"
-77,25,0.11,"Crassostrea virginica","W-Msc-140657"
-76.5,25,0.24,"Crassostrea virginica","W-Msc-140657"
-76,25,0.09,"Crassostrea virginica","W-Msc-140657"
-97.5,24.5,0.53,"Crassostrea virginica","W-Msc-140657"
-97,24.5,0.49,"Crassostrea virginica","W-Msc-140657"
-96.5,24.5,0.18,"Crassostrea virginica","W-Msc-140657"
-83.5,24.5,0.31,"Crassostrea virginica","W-Msc-140657"
-83,24.5,0.23,"Crassostrea virginica","W-Msc-140657"
-82.5,24.5,0.28,"Crassostrea virginica","W-Msc-140657"
-82,24.5,0.38,"Crassostrea virginica","W-Msc-140657"
-81.5,24.5,0.61,"Crassostrea virginica","W-Msc-140657"
-81,24.5,0.72,"Crassostrea virginica","W-Msc-140657"
-80.5,24.5,0.37,"Crassostrea virginica","W-Msc-140657"
-80,24.5,0.16,"Crassostrea virginica","W-Msc-140657"
-78.5,24.5,0.48,"Crassostrea virginica","W-Msc-140657"
-78,24.5,0.42,"Crassostrea virginica","W-Msc-140657"
-77,24.5,0.14,"Crassostrea virginica","W-Msc-140657"
-97.5,24,0.93,"Crassostrea virginica","W-Msc-140657"
-97,24,0.67,"Crassostrea virginica","W-Msc-140657"
-83,24,0.1,"Crassostrea virginica","W-Msc-140657"
-82.5,24,0.27,"Crassostrea virginica","W-Msc-140657"
-82,24,0.29,"Crassostrea virginica","W-Msc-140657"
-81.5,24,0.25,"Crassostrea virginica","W-Msc-140657"
-80,24,0.58,"Crassostrea virginica","W-Msc-140657"
-79.5,24,0.32,"Crassostrea virginica","W-Msc-140657"
-78.5,24,0.33,"Crassostrea virginica","W-Msc-140657"
-78,24,0.23,"Crassostrea virginica","W-Msc-140657"
-77.5,24,0.08,"Crassostrea virginica","W-Msc-140657"
-76.5,24,0.14,"Crassostrea virginica","W-Msc-140657"
-97.5,23.5,1,"Crassostrea virginica","W-Msc-140657"
-97,23.5,0.74,"Crassostrea virginica","W-Msc-140657"
-88.5,23.5,0.13,"Crassostrea virginica","W-Msc-140657"
-88,23.5,0.18,"Crassostrea virginica","W-Msc-140657"
-87.5,23.5,0.41,"Crassostrea virginica","W-Msc-140657"
-80,23.5,0.87,"Crassostrea virginica","W-Msc-140657"
-79.5,23.5,0.86,"Crassostrea virginica","W-Msc-140657"
-79,23.5,0.41,"Crassostrea virginica","W-Msc-140657"
-78.5,23.5,0.36,"Crassostrea virginica","W-Msc-140657"
-78,23.5,0.18,"Crassostrea virginica","W-Msc-140657"
-77.5,23.5,0.14,"Crassostrea virginica","W-Msc-140657"
-76,23.5,0.08,"Crassostrea virginica","W-Msc-140657"
-97.5,23,1,"Crassostrea virginica","W-Msc-140657"
-97,23,0.93,"Crassostrea virginica","W-Msc-140657"
-88.5,23,0.34,"Crassostrea virginica","W-Msc-140657"
-88,23,0.43,"Crassostrea virginica","W-Msc-140657"
-87.5,23,0.93,"Crassostrea virginica","W-Msc-140657"
-87,23,0.9,"Crassostrea virginica","W-Msc-140657"
-83,23,0.29,"Crassostrea virginica","W-Msc-140657"
-82.5,23,0.33,"Crassostrea virginica","W-Msc-140657"
-82,23,0.32,"Crassostrea virginica","W-Msc-140657"
-81.5,23,0.38,"Crassostrea virginica","W-Msc-140657"
-81,23,0.57,"Crassostrea virginica","W-Msc-140657"
-80.5,23,0.74,"Crassostrea virginica","W-Msc-140657"
-80,23,0.54,"Crassostrea virginica","W-Msc-140657"
-79.5,23,0.26,"Crassostrea virginica","W-Msc-140657"
-78.5,23,0.46,"Crassostrea virginica","W-Msc-140657"
-78,23,0.46,"Crassostrea virginica","W-Msc-140657"
-77.5,23,0.1,"Crassostrea virginica","W-Msc-140657"
-77,23,0.09,"Crassostrea virginica","W-Msc-140657"
-76.5,23,0.09,"Crassostrea virginica","W-Msc-140657"
-76,23,0.09,"Crassostrea virginica","W-Msc-140657"
-75.5,23,0.12,"Crassostrea virginica","W-Msc-140657"
-75,23,0.01,"Crassostrea virginica","W-Msc-140657"
-97.5,22.5,1,"Crassostrea virginica","W-Msc-140657"
-90.5,22.5,0.31,"Crassostrea virginica","W-Msc-140657"
-90,22.5,0.46,"Crassostrea virginica","W-Msc-140657"
-89.5,22.5,0.64,"Crassostrea virginica","W-Msc-140657"
-89,22.5,0.8,"Crassostrea virginica","W-Msc-140657"
-88.5,22.5,0.95,"Crassostrea virginica","W-Msc-140657"
-88,22.5,0.96,"Crassostrea virginica","W-Msc-140657"
-87.5,22.5,0.98,"Crassostrea virginica","W-Msc-140657"
-87,22.5,0.96,"Crassostrea virginica","W-Msc-140657"
-84,22.5,0.14,"Crassostrea virginica","W-Msc-140657"
-83.5,22.5,0.13,"Crassostrea virginica","W-Msc-140657"
-83,22.5,0.19,"Crassostrea virginica","W-Msc-140657"
-82.5,22.5,0.31,"Crassostrea virginica","W-Msc-140657"
-82,22.5,0.35,"Crassostrea virginica","W-Msc-140657"
-81.5,22.5,0.24,"Crassostrea virginica","W-Msc-140657"
-80,22.5,0.08,"Crassostrea virginica","W-Msc-140657"
-79.5,22.5,0.31,"Crassostrea virginica","W-Msc-140657"
-79,22.5,0.43,"Crassostrea virginica","W-Msc-140657"
-78.5,22.5,0.45,"Crassostrea virginica","W-Msc-140657"
-78,22.5,0.45,"Crassostrea virginica","W-Msc-140657"
-77,22.5,0.27,"Crassostrea virginica","W-Msc-140657"
-76.5,22.5,0.15,"Crassostrea virginica","W-Msc-140657"
-76,22.5,0.14,"Crassostrea virginica","W-Msc-140657"
-97.5,22,0.6,"Crassostrea virginica","W-Msc-140657"
-97,22,1,"Crassostrea virginica","W-Msc-140657"
-92,22,0.16,"Crassostrea virginica","W-Msc-140657"
-91.5,22,0.36,"Crassostrea virginica","W-Msc-140657"
-91,22,0.67,"Crassostrea virginica","W-Msc-140657"
-90.5,22,0.9,"Crassostrea virginica","W-Msc-140657"
-90,22,0.91,"Crassostrea virginica","W-Msc-140657"
-89.5,22,0.92,"Crassostrea virginica","W-Msc-140657"
-89,22,0.93,"Crassostrea virginica","W-Msc-140657"
-88.5,22,0.93,"Crassostrea virginica","W-Msc-140657"
-88,22,0.95,"Crassostrea virginica","W-Msc-140657"
-87.5,22,0.97,"Crassostrea virginica","W-Msc-140657"
-87,22,0.99,"Crassostrea virginica","W-Msc-140657"
-86.5,22,0.9,"Crassostrea virginica","W-Msc-140657"
-84.5,22,0.05,"Crassostrea virginica","W-Msc-140657"
-84,22,0.03,"Crassostrea virginica","W-Msc-140657"
-83,22,0.06,"Crassostrea virginica","W-Msc-140657"
-82.5,22,0.05,"Crassostrea virginica","W-Msc-140657"
-82,22,0.04,"Crassostrea virginica","W-Msc-140657"
-81.5,22,0.04,"Crassostrea virginica","W-Msc-140657"
-80.5,22,0.09,"Crassostrea virginica","W-Msc-140657"
-80,22,0.13,"Crassostrea virginica","W-Msc-140657"
-79,22,0.15,"Crassostrea virginica","W-Msc-140657"
-78.5,22,0.47,"Crassostrea virginica","W-Msc-140657"
-78,22,0.59,"Crassostrea virginica","W-Msc-140657"
-77.5,22,0.51,"Crassostrea virginica","W-Msc-140657"
-77,22,0.27,"Crassostrea virginica","W-Msc-140657"
-76.5,22,0.16,"Crassostrea virginica","W-Msc-140657"
-76,22,0.07,"Crassostrea virginica","W-Msc-140657"
-75.5,22,0.1,"Crassostrea virginica","W-Msc-140657"
-97.5,21.5,1,"Crassostrea virginica","W-Msc-140657"
-97,21.5,1,"Crassostrea virginica","W-Msc-140657"
-92,21.5,0.07,"Crassostrea virginica","W-Msc-140657"
-91.5,21.5,0.51,"Crassostrea virginica","W-Msc-140657"
-91,21.5,0.88,"Crassostrea virginica","W-Msc-140657"
-90.5,21.5,0.9,"Crassostrea virginica","W-Msc-140657"
-90,21.5,0.92,"Crassostrea virginica","W-Msc-140657"
-89.5,21.5,0.93,"Crassostrea virginica","W-Msc-140657"
-89,21.5,0.94,"Crassostrea virginica","W-Msc-140657"
-88.5,21.5,0.95,"Crassostrea virginica","W-Msc-140657"
-88,21.5,0.96,"Crassostrea virginica","W-Msc-140657"
-87.5,21.5,0.98,"Crassostrea virginica","W-Msc-140657"
-87,21.5,0.99,"Crassostrea virginica","W-Msc-140657"
-86.5,21.5,0.91,"Crassostrea virginica","W-Msc-140657"
-86,21.5,0.76,"Crassostrea virginica","W-Msc-140657"
-82,21.5,0.02,"Crassostrea virginica","W-Msc-140657"
-81.5,21.5,0.02,"Crassostrea virginica","W-Msc-140657"
-79.5,21.5,0.04,"Crassostrea virginica","W-Msc-140657"
-79,21.5,0.27,"Crassostrea virginica","W-Msc-140657"
-78.5,21.5,0.5,"Crassostrea virginica","W-Msc-140657"
-77.5,21.5,0.86,"Crassostrea virginica","W-Msc-140657"
-77,21.5,0.23,"Crassostrea virginica","W-Msc-140657"
-76.5,21.5,0.16,"Crassostrea virginica","W-Msc-140657"
-97,21,1,"Crassostrea virginica","W-Msc-140657"
-91.5,21,0.44,"Crassostrea virginica","W-Msc-140657"
-91,21,0.88,"Crassostrea virginica","W-Msc-140657"
-90.5,21,0.91,"Crassostrea virginica","W-Msc-140657"
-90,21,0.93,"Crassostrea virginica","W-Msc-140657"
-89.5,21,0.94,"Crassostrea virginica","W-Msc-140657"
-89,21,0.97,"Crassostrea virginica","W-Msc-140657"
-88.5,21,0.62,"Crassostrea virginica","W-Msc-140657"
-87,21,0.37,"Crassostrea virginica","W-Msc-140657"
-86.5,21,0.81,"Crassostrea virginica","W-Msc-140657"
-86,21,0.73,"Crassostrea virginica","W-Msc-140657"
-79,21,0.2,"Crassostrea virginica","W-Msc-140657"
-78.5,21,0.62,"Crassostrea virginica","W-Msc-140657"
-78,21,0.77,"Crassostrea virginica","W-Msc-140657"
-77,21,0.1,"Crassostrea virginica","W-Msc-140657"
-76.5,21,0.85,"Crassostrea virginica","W-Msc-140657"
-76,21,0.9,"Crassostrea virginica","W-Msc-140657"
-75.5,21,0.11,"Crassostrea virginica","W-Msc-140657"
-97,20.5,1,"Crassostrea virginica","W-Msc-140657"
-96.5,20.5,1,"Crassostrea virginica","W-Msc-140657"
-91.5,20.5,0.48,"Crassostrea virginica","W-Msc-140657"
-91,20.5,0.88,"Crassostrea virginica","W-Msc-140657"
-90.5,20.5,0.9,"Crassostrea virginica","W-Msc-140657"
-90,20.5,0.93,"Crassostrea virginica","W-Msc-140657"
-87,20.5,0.86,"Crassostrea virginica","W-Msc-140657"
-86.5,20.5,0.75,"Crassostrea virginica","W-Msc-140657"
-78.5,20.5,0.26,"Crassostrea virginica","W-Msc-140657"
-78,20.5,0.7,"Crassostrea virginica","W-Msc-140657"
-77.5,20.5,0.71,"Crassostrea virginica","W-Msc-140657"
-77,20.5,0.75,"Crassostrea virginica","W-Msc-140657"
-75.5,20.5,0.25,"Crassostrea virginica","W-Msc-140657"
-75,20.5,0.34,"Crassostrea virginica","W-Msc-140657"
-74.5,20.5,0.04,"Crassostrea virginica","W-Msc-140657"
-69.5,20.5,0.01,"Crassostrea virginica","W-Msc-140657"
-96.5,20,1,"Crassostrea virginica","W-Msc-140657"
-96,20,0.72,"Crassostrea virginica","W-Msc-140657"
-91.5,20,0.36,"Crassostrea virginica","W-Msc-140657"
-91,20,0.85,"Crassostrea virginica","W-Msc-140657"
-90.5,20,0.81,"Crassostrea virginica","W-Msc-140657"
-90,20,0.95,"Crassostrea virginica","W-Msc-140657"
-87,20,0.75,"Crassostrea virginica","W-Msc-140657"
-86.5,20,0.46,"Crassostrea virginica","W-Msc-140657"
-78,20,0.03,"Crassostrea virginica","W-Msc-140657"
-77.5,20,0.68,"Crassostrea virginica","W-Msc-140657"
-77,20,0.69,"Crassostrea virginica","W-Msc-140657"
-76,20,0.54,"Crassostrea virginica","W-Msc-140657"
-75.5,20,0.05,"Crassostrea virginica","W-Msc-140657"
-75,20,0.04,"Crassostrea virginica","W-Msc-140657"
-74.5,20,0.06,"Crassostrea virginica","W-Msc-140657"
-72.5,20,0.12,"Crassostrea virginica","W-Msc-140657"
-96,19.5,1,"Crassostrea virginica","W-Msc-140657"
-92.5,19.5,0.02,"Crassostrea virginica","W-Msc-140657"
-92,19.5,0.04,"Crassostrea virginica","W-Msc-140657"
-91.5,19.5,0.23,"Crassostrea virginica","W-Msc-140657"
-91,19.5,0.83,"Crassostrea virginica","W-Msc-140657"
-90.5,19.5,0.77,"Crassostrea virginica","W-Msc-140657"
-90,19.5,0.89,"Crassostrea virginica","W-Msc-140657"
-87.5,19.5,0.77,"Crassostrea virginica","W-Msc-140657"
-87,19.5,0.48,"Crassostrea virginica","W-Msc-140657"
-80,19.5,0.03,"Crassostrea virginica","W-Msc-140657"
-79.5,19.5,0.05,"Crassostrea virginica","W-Msc-140657"
-76.5,19.5,0.04,"Crassostrea virginica","W-Msc-140657"
-76,19.5,0.49,"Crassostrea virginica","W-Msc-140657"
-75.5,19.5,0.61,"Crassostrea virginica","W-Msc-140657"
-75,19.5,0.41,"Crassostrea virginica","W-Msc-140657"
-73,19.5,0.13,"Crassostrea virginica","W-Msc-140657"
-72.5,19.5,0.31,"Crassostrea virginica","W-Msc-140657"
-72,19.5,0.64,"Crassostrea virginica","W-Msc-140657"
-71.5,19.5,0.67,"Crassostrea virginica","W-Msc-140657"
-71,19.5,0.7,"Crassostrea virginica","W-Msc-140657"
-70.5,19.5,0.63,"Crassostrea virginica","W-Msc-140657"
-70,19.5,0.46,"Crassostrea virginica","W-Msc-140657"
-69.5,19.5,0.15,"Crassostrea virginica","W-Msc-140657"
-96,19,1,"Crassostrea virginica","W-Msc-140657"
-95.5,19,1,"Crassostrea virginica","W-Msc-140657"
-92.5,19,0.93,"Crassostrea virginica","W-Msc-140657"
-92,19,0.92,"Crassostrea virginica","W-Msc-140657"
-91.5,19,0.92,"Crassostrea virginica","W-Msc-140657"
-91,19,0.85,"Crassostrea virginica","W-Msc-140657"
-90.5,19,0.87,"Crassostrea virginica","W-Msc-140657"
-87.5,19,0.75,"Crassostrea virginica","W-Msc-140657"
-87,19,0.47,"Crassostrea virginica","W-Msc-140657"
-81,19,0.1,"Crassostrea virginica","W-Msc-140657"
-72.5,19,0.3,"Crassostrea virginica","W-Msc-140657"
-69.5,19,0.85,"Crassostrea virginica","W-Msc-140657"
-69,19,0.86,"Crassostrea virginica","W-Msc-140657"
-68.5,19,0.19,"Crassostrea virginica","W-Msc-140657"
-95.5,18.5,1,"Crassostrea virginica","W-Msc-140657"
-95,18.5,1,"Crassostrea virginica","W-Msc-140657"
-94.5,18.5,1,"Crassostrea virginica","W-Msc-140657"
-94,18.5,0.63,"Crassostrea virginica","W-Msc-140657"
-93.5,18.5,0.98,"Crassostrea virginica","W-Msc-140657"
-93,18.5,0.97,"Crassostrea virginica","W-Msc-140657"
-92.5,18.5,0.96,"Crassostrea virginica","W-Msc-140657"
-92,18.5,0.91,"Crassostrea virginica","W-Msc-140657"
-91.5,18.5,0.86,"Crassostrea virginica","W-Msc-140657"
-91,18.5,0.87,"Crassostrea virginica","W-Msc-140657"
-88,18.5,0.74,"Crassostrea virginica","W-Msc-140657"
-87.5,18.5,0.74,"Crassostrea virginica","W-Msc-140657"
-87,18.5,0.43,"Crassostrea virginica","W-Msc-140657"
-78,18.5,0.12,"Crassostrea virginica","W-Msc-140657"
-77.5,18.5,0.08,"Crassostrea virginica","W-Msc-140657"
-77,18.5,0.04,"Crassostrea virginica","W-Msc-140657"
-75.5,18.5,0.02,"Crassostrea virginica","W-Msc-140657"
-74.5,18.5,0.06,"Crassostrea virginica","W-Msc-140657"
-74,18.5,0.01,"Crassostrea virginica","W-Msc-140657"
-73.5,18.5,0.01,"Crassostrea virginica","W-Msc-140657"
-73,18.5,0.18,"Crassostrea virginica","W-Msc-140657"
-72.5,18.5,0.19,"Crassostrea virginica","W-Msc-140657"
-72,18.5,0.41,"Crassostrea virginica","W-Msc-140657"
-71.5,18.5,0.56,"Crassostrea virginica","W-Msc-140657"
-68.5,18.5,0.56,"Crassostrea virginica","W-Msc-140657"
-68,18.5,0.29,"Crassostrea virginica","W-Msc-140657"
-67.5,18.5,0.06,"Crassostrea virginica","W-Msc-140657"
-67,18.5,0.29,"Crassostrea virginica","W-Msc-140657"
-66.5,18.5,0.2,"Crassostrea virginica","W-Msc-140657"
-66,18.5,0.11,"Crassostrea virginica","W-Msc-140657"
-65.5,18.5,0.24,"Crassostrea virginica","W-Msc-140657"
-65,18.5,0.3,"Crassostrea virginica","W-Msc-140657"
-64.5,18.5,0.28,"Crassostrea virginica","W-Msc-140657"
-64,18.5,0.23,"Crassostrea virginica","W-Msc-140657"
-63,18.5,0.11,"Crassostrea virginica","W-Msc-140657"
-62.5,18.5,0.21,"Crassostrea virginica","W-Msc-140657"
-94.5,18,0.98,"Crassostrea virginica","W-Msc-140657"
-94,18,1,"Crassostrea virginica","W-Msc-140657"
-93.5,18,0.94,"Crassostrea virginica","W-Msc-140657"
-93,18,0.45,"Crassostrea virginica","W-Msc-140657"
-92.5,18,0.43,"Crassostrea virginica","W-Msc-140657"
-91.5,18,0.1,"Crassostrea virginica","W-Msc-140657"
-88,18,0.74,"Crassostrea virginica","W-Msc-140657"
-87.5,18,0.74,"Crassostrea virginica","W-Msc-140657"
-87,18,0.15,"Crassostrea virginica","W-Msc-140657"
-78,18,0.13,"Crassostrea virginica","W-Msc-140657"
-77.5,18,0.11,"Crassostrea virginica","W-Msc-140657"
-77,18,0.11,"Crassostrea virginica","W-Msc-140657"
-76.5,18,0.06,"Crassostrea virginica","W-Msc-140657"
-76,18,0.02,"Crassostrea virginica","W-Msc-140657"
-74.5,18,0.13,"Crassostrea virginica","W-Msc-140657"
-74,18,0.1,"Crassostrea virginica","W-Msc-140657"
-73.5,18,0.24,"Crassostrea virginica","W-Msc-140657"
-73,18,0.35,"Crassostrea virginica","W-Msc-140657"
-72.5,18,0.4,"Crassostrea virginica","W-Msc-140657"
-72,18,0.36,"Crassostrea virginica","W-Msc-140657"
-71.5,18,0.47,"Crassostrea virginica","W-Msc-140657"
-71,18,0.6,"Crassostrea virginica","W-Msc-140657"
-70.5,18,0.74,"Crassostrea virginica","W-Msc-140657"
-70,18,0.77,"Crassostrea virginica","W-Msc-140657"
-69.5,18,0.77,"Crassostrea virginica","W-Msc-140657"
-69,18,0.27,"Crassostrea virginica","W-Msc-140657"
-68.5,18,0.28,"Crassostrea virginica","W-Msc-140657"
-68,18,0.31,"Crassostrea virginica","W-Msc-140657"
-67.5,18,0.32,"Crassostrea virginica","W-Msc-140657"
-67,18,0.34,"Crassostrea virginica","W-Msc-140657"
-66.5,18,0.07,"Crassostrea virginica","W-Msc-140657"
-66,18,0.04,"Crassostrea virginica","W-Msc-140657"
-65.5,18,0.42,"Crassostrea virginica","W-Msc-140657"
-65,18,0.53,"Crassostrea virginica","W-Msc-140657"
-64.5,18,0.31,"Crassostrea virginica","W-Msc-140657"
-64,18,0.31,"Crassostrea virginica","W-Msc-140657"
-63,18,0.47,"Crassostrea virginica","W-Msc-140657"
-62.5,18,0.56,"Crassostrea virginica","W-Msc-140657"
-88,17.5,0.74,"Crassostrea virginica","W-Msc-140657"
-87.5,17.5,0.17,"Crassostrea virginica","W-Msc-140657"
-78.5,17.5,0.14,"Crassostrea virginica","W-Msc-140657"
-77.5,17.5,0.13,"Crassostrea virginica","W-Msc-140657"
-77,17.5,0.19,"Crassostrea virginica","W-Msc-140657"
-76.5,17.5,0.11,"Crassostrea virginica","W-Msc-140657"
-76,17.5,0.14,"Crassostrea virginica","W-Msc-140657"
-71.5,17.5,0.32,"Crassostrea virginica","W-Msc-140657"
-71,17.5,0.33,"Crassostrea virginica","W-Msc-140657"
-67,17.5,0.37,"Crassostrea virginica","W-Msc-140657"
-66.5,17.5,0.37,"Crassostrea virginica","W-Msc-140657"
-66,17.5,0.38,"Crassostrea virginica","W-Msc-140657"
-65.5,17.5,0.41,"Crassostrea virginica","W-Msc-140657"
-64.5,17.5,0.41,"Crassostrea virginica","W-Msc-140657"
-63.5,17.5,0.43,"Crassostrea virginica","W-Msc-140657"
-63,17.5,0.52,"Crassostrea virginica","W-Msc-140657"
-62.5,17.5,0.51,"Crassostrea virginica","W-Msc-140657"
-62,17.5,0.53,"Crassostrea virginica","W-Msc-140657"
-61.5,17.5,0.45,"Crassostrea virginica","W-Msc-140657"
-88,17,0.73,"Crassostrea virginica","W-Msc-140657"
-87,17,0.02,"Crassostrea virginica","W-Msc-140657"
-83.5,17,0.15,"Crassostrea virginica","W-Msc-140657"
-78.5,17,0.5,"Crassostrea virginica","W-Msc-140657"
-78,17,0.31,"Crassostrea virginica","W-Msc-140657"
-77.5,17,0.21,"Crassostrea virginica","W-Msc-140657"
-77,17,0.22,"Crassostrea virginica","W-Msc-140657"
-75.5,17,0.02,"Crassostrea virginica","W-Msc-140657"
-71.5,17,0.35,"Crassostrea virginica","W-Msc-140657"
-63.5,17,0.55,"Crassostrea virginica","W-Msc-140657"
-63,17,0.56,"Crassostrea virginica","W-Msc-140657"
-62.5,17,0.57,"Crassostrea virginica","W-Msc-140657"
-62,17,0.6,"Crassostrea virginica","W-Msc-140657"
-61.5,17,0.53,"Crassostrea virginica","W-Msc-140657"
-88,16.5,0.71,"Crassostrea virginica","W-Msc-140657"
-85.5,16.5,0.03,"Crassostrea virginica","W-Msc-140657"
-83,16.5,0.07,"Crassostrea virginica","W-Msc-140657"
-82.5,16.5,0.1,"Crassostrea virginica","W-Msc-140657"
-82,16.5,0.13,"Crassostrea virginica","W-Msc-140657"
-81.5,16.5,0.2,"Crassostrea virginica","W-Msc-140657"
-81,16.5,0.02,"Crassostrea virginica","W-Msc-140657"
-80.5,16.5,0.45,"Crassostrea virginica","W-Msc-140657"
-80,16.5,0.46,"Crassostrea virginica","W-Msc-140657"
-78.5,16.5,0.43,"Crassostrea virginica","W-Msc-140657"
-78,16.5,0.38,"Crassostrea virginica","W-Msc-140657"
-62,16.5,0.63,"Crassostrea virginica","W-Msc-140657"
-61,16.5,0.48,"Crassostrea virginica","W-Msc-140657"
-88.5,16,0.33,"Crassostrea virginica","W-Msc-140657"
-88,16,0.52,"Crassostrea virginica","W-Msc-140657"
-85.5,16,0.03,"Crassostrea virginica","W-Msc-140657"
-85,16,0.02,"Crassostrea virginica","W-Msc-140657"
-84.5,16,0.11,"Crassostrea virginica","W-Msc-140657"
-84,16,0.69,"Crassostrea virginica","W-Msc-140657"
-83.5,16,0.45,"Crassostrea virginica","W-Msc-140657"
-83,16,0.33,"Crassostrea virginica","W-Msc-140657"
-82.5,16,0.22,"Crassostrea virginica","W-Msc-140657"
-82,16,0.12,"Crassostrea virginica","W-Msc-140657"
-81.5,16,0.16,"Crassostrea virginica","W-Msc-140657"
-81,16,0.34,"Crassostrea virginica","W-Msc-140657"
-80.5,16,0.51,"Crassostrea virginica","W-Msc-140657"
-80,16,0.51,"Crassostrea virginica","W-Msc-140657"
-79,16,0.51,"Crassostrea virginica","W-Msc-140657"
-61.5,16,0.64,"Crassostrea virginica","W-Msc-140657"
-61,16,0.53,"Crassostrea virginica","W-Msc-140657"
-60.5,16,0.44,"Crassostrea virginica","W-Msc-140657"
-88.5,15.5,0.65,"Crassostrea virginica","W-Msc-140657"
-88,15.5,0.06,"Crassostrea virginica","W-Msc-140657"
-87.5,15.5,0.67,"Crassostrea virginica","W-Msc-140657"
-87,15.5,0.68,"Crassostrea virginica","W-Msc-140657"
-86.5,15.5,0.68,"Crassostrea virginica","W-Msc-140657"
-86,15.5,0.69,"Crassostrea virginica","W-Msc-140657"
-85.5,15.5,0.7,"Crassostrea virginica","W-Msc-140657"
-85,15.5,0.71,"Crassostrea virginica","W-Msc-140657"
-84.5,15.5,0.71,"Crassostrea virginica","W-Msc-140657"
-84,15.5,0.71,"Crassostrea virginica","W-Msc-140657"
-83.5,15.5,0.68,"Crassostrea virginica","W-Msc-140657"
-83,15.5,0.67,"Crassostrea virginica","W-Msc-140657"
-82.5,15.5,0.45,"Crassostrea virginica","W-Msc-140657"
-82,15.5,0.39,"Crassostrea virginica","W-Msc-140657"
-81.5,15.5,0.33,"Crassostrea virginica","W-Msc-140657"
-81,15.5,0.36,"Crassostrea virginica","W-Msc-140657"
-80.5,15.5,0.44,"Crassostrea virginica","W-Msc-140657"
-79.5,15.5,0.5,"Crassostrea virginica","W-Msc-140657"
-78.5,15.5,0.56,"Crassostrea virginica","W-Msc-140657"
-63.5,15.5,0.73,"Crassostrea virginica","W-Msc-140657"
-61.5,15.5,0.74,"Crassostrea virginica","W-Msc-140657"
-61,15.5,0.64,"Crassostrea virginica","W-Msc-140657"
-84,15,0.7,"Crassostrea virginica","W-Msc-140657"
-83.5,15,0.34,"Crassostrea virginica","W-Msc-140657"
-83,15,0.68,"Crassostrea virginica","W-Msc-140657"
-82.5,15,0.68,"Crassostrea virginica","W-Msc-140657"
-82,15,0.45,"Crassostrea virginica","W-Msc-140657"
-81.5,15,0.42,"Crassostrea virginica","W-Msc-140657"
-81,15,0.38,"Crassostrea virginica","W-Msc-140657"
-80.5,15,0.44,"Crassostrea virginica","W-Msc-140657"
-61,15,0.78,"Crassostrea virginica","W-Msc-140657"
-60.5,15,0.4,"Crassostrea virginica","W-Msc-140657"
-83,14.5,0.69,"Crassostrea virginica","W-Msc-140657"
-82.5,14.5,0.68,"Crassostrea virginica","W-Msc-140657"
-82,14.5,0.4,"Crassostrea virginica","W-Msc-140657"
-81.5,14.5,0.33,"Crassostrea virginica","W-Msc-140657"
-81,14.5,0.37,"Crassostrea virginica","W-Msc-140657"
-80,14.5,0.46,"Crassostrea virginica","W-Msc-140657"
-61,14.5,0.77,"Crassostrea virginica","W-Msc-140657"
-60.5,14.5,0.71,"Crassostrea virginica","W-Msc-140657"
-83,14,0.7,"Crassostrea virginica","W-Msc-140657"
-82.5,14,0.69,"Crassostrea virginica","W-Msc-140657"
-82,14,0.32,"Crassostrea virginica","W-Msc-140657"
-81.5,14,0.3,"Crassostrea virginica","W-Msc-140657"
-81,14,0.34,"Crassostrea virginica","W-Msc-140657"
-80,14,0.43,"Crassostrea virginica","W-Msc-140657"
-60.5,14,0.76,"Crassostrea virginica","W-Msc-140657"
-83.5,13.5,0.69,"Crassostrea virginica","W-Msc-140657"
-83,13.5,0.7,"Crassostrea virginica","W-Msc-140657"
-82.5,13.5,0.45,"Crassostrea virginica","W-Msc-140657"
-82,13.5,0.32,"Crassostrea virginica","W-Msc-140657"
-81.5,13.5,0.28,"Crassostrea virginica","W-Msc-140657"
-81,13.5,0.3,"Crassostrea virginica","W-Msc-140657"
-80,13.5,0.37,"Crassostrea virginica","W-Msc-140657"
-79.5,13.5,0.43,"Crassostrea virginica","W-Msc-140657"
-61,13.5,0.74,"Crassostrea virginica","W-Msc-140657"
-60.5,13.5,0.75,"Crassostrea virginica","W-Msc-140657"
-83.5,13,0.7,"Crassostrea virginica","W-Msc-140657"
-83,13,0.71,"Crassostrea virginica","W-Msc-140657"
-82.5,13,0.32,"Crassostrea virginica","W-Msc-140657"
-82,13,0.27,"Crassostrea virginica","W-Msc-140657"
-81,13,0.23,"Crassostrea virginica","W-Msc-140657"
-61,13,0.74,"Crassostrea virginica","W-Msc-140657"
-59.5,13,0.75,"Crassostrea virginica","W-Msc-140657"
-59,13,0.75,"Crassostrea virginica","W-Msc-140657"
-83.5,12.5,0.7,"Crassostrea virginica","W-Msc-140657"
-83,12.5,0.71,"Crassostrea virginica","W-Msc-140657"
-82.5,12.5,0.31,"Crassostrea virginica","W-Msc-140657"
-82,12.5,0.24,"Crassostrea virginica","W-Msc-140657"
-81.5,12.5,0.18,"Crassostrea virginica","W-Msc-140657"
-71.5,12.5,0.95,"Crassostrea virginica","W-Msc-140657"
-71,12.5,0.98,"Crassostrea virginica","W-Msc-140657"
-70.5,12.5,0.95,"Crassostrea virginica","W-Msc-140657"
-70,12.5,0.9,"Crassostrea virginica","W-Msc-140657"
-69.5,12.5,0.83,"Crassostrea virginica","W-Msc-140657"
-61,12.5,0.75,"Crassostrea virginica","W-Msc-140657"
-83.5,12,0.71,"Crassostrea virginica","W-Msc-140657"
-83,12,0.71,"Crassostrea virginica","W-Msc-140657"
-82.5,12,0.24,"Crassostrea virginica","W-Msc-140657"
-81.5,12,0.09,"Crassostrea virginica","W-Msc-140657"
-81,12,0.07,"Crassostrea virginica","W-Msc-140657"
-72.5,12,0.92,"Crassostrea virginica","W-Msc-140657"
-72,12,0.88,"Crassostrea virginica","W-Msc-140657"
-71.5,12,1,"Crassostrea virginica","W-Msc-140657"
-71,12,0.98,"Crassostrea virginica","W-Msc-140657"
-70.5,12,0.91,"Crassostrea virginica","W-Msc-140657"
-70,12,0.97,"Crassostrea virginica","W-Msc-140657"
-69.5,12,0.93,"Crassostrea virginica","W-Msc-140657"
-69,12,0.87,"Crassostrea virginica","W-Msc-140657"
-68.5,12,0.84,"Crassostrea virginica","W-Msc-140657"
-68,12,0.83,"Crassostrea virginica","W-Msc-140657"
-67.5,12,0.82,"Crassostrea virginica","W-Msc-140657"
-67,12,0.83,"Crassostrea virginica","W-Msc-140657"
-66.5,12,0.84,"Crassostrea virginica","W-Msc-140657"
-61.5,12,0.75,"Crassostrea virginica","W-Msc-140657"
-61,12,0.75,"Crassostrea virginica","W-Msc-140657"
-83.5,11.5,0.71,"Crassostrea virginica","W-Msc-140657"
-83,11.5,0.7,"Crassostrea virginica","W-Msc-140657"
-73,11.5,0.99,"Crassostrea virginica","W-Msc-140657"
-72.5,11.5,0.93,"Crassostrea virginica","W-Msc-140657"
-72,11.5,0.97,"Crassostrea virginica","W-Msc-140657"
-71.5,11.5,0.89,"Crassostrea virginica","W-Msc-140657"
-71,11.5,0.8,"Crassostrea virginica","W-Msc-140657"
-70.5,11.5,0.92,"Crassostrea virginica","W-Msc-140657"
-70,11.5,1,"Crassostrea virginica","W-Msc-140657"
-69.5,11.5,0.99,"Crassostrea virginica","W-Msc-140657"
-69,11.5,1,"Crassostrea virginica","W-Msc-140657"
-68.5,11.5,0.92,"Crassostrea virginica","W-Msc-140657"
-66.5,11.5,0.88,"Crassostrea virginica","W-Msc-140657"
-66,11.5,0.89,"Crassostrea virginica","W-Msc-140657"
-64.5,11.5,0.96,"Crassostrea virginica","W-Msc-140657"
-64,11.5,0.97,"Crassostrea virginica","W-Msc-140657"
-63.5,11.5,0.71,"Crassostrea virginica","W-Msc-140657"
-63,11.5,0.81,"Crassostrea virginica","W-Msc-140657"
-62,11.5,0.23,"Crassostrea virginica","W-Msc-140657"
-61.5,11.5,0.76,"Crassostrea virginica","W-Msc-140657"
-83.5,11,0.72,"Crassostrea virginica","W-Msc-140657"
-83,11,0.52,"Crassostrea virginica","W-Msc-140657"
-74,11,0.87,"Crassostrea virginica","W-Msc-140657"
-73.5,11,0.85,"Crassostrea virginica","W-Msc-140657"
-73,11,0.83,"Crassostrea virginica","W-Msc-140657"
-71.5,11,0.29,"Crassostrea virginica","W-Msc-140657"
-71,11,0.35,"Crassostrea virginica","W-Msc-140657"
-70.5,11,0.96,"Crassostrea virginica","W-Msc-140657"
-70,11,0.92,"Crassostrea virginica","W-Msc-140657"
-69.5,11,0.92,"Crassostrea virginica","W-Msc-140657"
-69,11,0.82,"Crassostrea virginica","W-Msc-140657"
-68.5,11,0.93,"Crassostrea virginica","W-Msc-140657"
-68,11,0.89,"Crassostrea virginica","W-Msc-140657"
-65.5,11,0.57,"Crassostrea virginica","W-Msc-140657"
-65,11,1,"Crassostrea virginica","W-Msc-140657"
-64.5,11,1,"Crassostrea virginica","W-Msc-140657"
-64,11,1,"Crassostrea virginica","W-Msc-140657"
-63.5,11,0.88,"Crassostrea virginica","W-Msc-140657"
-63,11,0.6,"Crassostrea virginica","W-Msc-140657"
-62.5,11,0.9,"Crassostrea virginica","W-Msc-140657"
-62,11,0.31,"Crassostrea virginica","W-Msc-140657"
-61,11,0.45,"Crassostrea virginica","W-Msc-140657"
-60.5,11,0.75,"Crassostrea virginica","W-Msc-140657"
-60,11,0.71,"Crassostrea virginica","W-Msc-140657"
-83.5,10.5,0.69,"Crassostrea virginica","W-Msc-140657"
-83,10.5,0.7,"Crassostrea virginica","W-Msc-140657"
-75,10.5,0.35,"Crassostrea virginica","W-Msc-140657"
-74.5,10.5,0.3,"Crassostrea virginica","W-Msc-140657"
-74,10.5,0.69,"Crassostrea virginica","W-Msc-140657"
-71.5,10.5,0.41,"Crassostrea virginica","W-Msc-140657"
-71,10.5,0.64,"Crassostrea virginica","W-Msc-140657"
-68,10.5,0.81,"Crassostrea virginica","W-Msc-140657"
-67.5,10.5,0.84,"Crassostrea virginica","W-Msc-140657"
-67,10.5,0.87,"Crassostrea virginica","W-Msc-140657"
-66.5,10.5,0.93,"Crassostrea virginica","W-Msc-140657"
-66,10.5,0.99,"Crassostrea virginica","W-Msc-140657"
-65.5,10.5,0.99,"Crassostrea virginica","W-Msc-140657"
-65,10.5,0.99,"Crassostrea virginica","W-Msc-140657"
-64,10.5,0.98,"Crassostrea virginica","W-Msc-140657"
-63.5,10.5,0.86,"Crassostrea virginica","W-Msc-140657"
-63,10.5,0.5,"Crassostrea virginica","W-Msc-140657"
-62.5,10.5,0.72,"Crassostrea virginica","W-Msc-140657"
-62,10.5,0.84,"Crassostrea virginica","W-Msc-140657"
-61.5,10.5,0.79,"Crassostrea virginica","W-Msc-140657"
-61,10.5,0.76,"Crassostrea virginica","W-Msc-140657"
-60.5,10.5,0.74,"Crassostrea virginica","W-Msc-140657"
-60,10.5,0.69,"Crassostrea virginica","W-Msc-140657"
-83,10,0.7,"Crassostrea virginica","W-Msc-140657"
-82.5,10,0.68,"Crassostrea virginica","W-Msc-140657"
-75.5,10,0.58,"Crassostrea virginica","W-Msc-140657"
-75,10,0.08,"Crassostrea virginica","W-Msc-140657"
-71.5,10,0.32,"Crassostrea virginica","W-Msc-140657"
-71,10,0.49,"Crassostrea virginica","W-Msc-140657"
-66,10,0.99,"Crassostrea virginica","W-Msc-140657"
-65.5,10,1,"Crassostrea virginica","W-Msc-140657"
-65,10,0.96,"Crassostrea virginica","W-Msc-140657"
-64.5,10,0.93,"Crassostrea virginica","W-Msc-140657"
-64,10,1,"Crassostrea virginica","W-Msc-140657"
-63.5,10,0.5,"Crassostrea virginica","W-Msc-140657"
-62.5,10,0.86,"Crassostrea virginica","W-Msc-140657"
-62,10,0.71,"Crassostrea virginica","W-Msc-140657"
-61.5,10,0.64,"Crassostrea virginica","W-Msc-140657"
-61,10,0.75,"Crassostrea virginica","W-Msc-140657"
-60.5,10,0.73,"Crassostrea virginica","W-Msc-140657"
-60,10,0.7,"Crassostrea virginica","W-Msc-140657"
-82.5,9.5,0.68,"Crassostrea virginica","W-Msc-140657"
-82,9.5,0.68,"Crassostrea virginica","W-Msc-140657"
-79.5,9.5,0.34,"Crassostrea virginica","W-Msc-140657"
-79,9.5,0.1,"Crassostrea virginica","W-Msc-140657"
-78.5,9.5,0.07,"Crassostrea virginica","W-Msc-140657"
-78,9.5,0.04,"Crassostrea virginica","W-Msc-140657"
-76,9.5,0.58,"Crassostrea virginica","W-Msc-140657"
-75.5,9.5,0.53,"Crassostrea virginica","W-Msc-140657"
-72,9.5,0.4,"Crassostrea virginica","W-Msc-140657"
-71.5,9.5,0.3,"Crassostrea virginica","W-Msc-140657"
-71,9.5,0.26,"Crassostrea virginica","W-Msc-140657"
-62,9.5,0.31,"Crassostrea virginica","W-Msc-140657"
-61.5,9.5,0.74,"Crassostrea virginica","W-Msc-140657"
-61,9.5,0.71,"Crassostrea virginica","W-Msc-140657"
-60.5,9.5,0.67,"Crassostrea virginica","W-Msc-140657"
-60,9.5,0.69,"Crassostrea virginica","W-Msc-140657"
-59.5,9.5,0.69,"Crassostrea virginica","W-Msc-140657"
-82,9,0.69,"Crassostrea virginica","W-Msc-140657"
-81.5,9,0.71,"Crassostrea virginica","W-Msc-140657"
-81,9,0.71,"Crassostrea virginica","W-Msc-140657"
-80.5,9,0.71,"Crassostrea virginica","W-Msc-140657"
-80,9,0.7,"Crassostrea virginica","W-Msc-140657"
-79.5,9,0.76,"Crassostrea virginica","W-Msc-140657"
-79,9,0.77,"Crassostrea virginica","W-Msc-140657"
-78.5,9,0.67,"Crassostrea virginica","W-Msc-140657"
-78,9,0.72,"Crassostrea virginica","W-Msc-140657"
-77.5,9,0.67,"Crassostrea virginica","W-Msc-140657"
-76.5,9,0.21,"Crassostrea virginica","W-Msc-140657"
-76,9,0.59,"Crassostrea virginica","W-Msc-140657"
-75.5,9,0.57,"Crassostrea virginica","W-Msc-140657"
-71.5,9,0.32,"Crassostrea virginica","W-Msc-140657"
-71,9,0.27,"Crassostrea virginica","W-Msc-140657"
-60.5,9,0.59,"Crassostrea virginica","W-Msc-140657"
-60,9,0.72,"Crassostrea virginica","W-Msc-140657"
-59.5,9,0.71,"Crassostrea virginica","W-Msc-140657"
-59,9,0.69,"Crassostrea virginica","W-Msc-140657"
-81.5,8.5,0.67,"Crassostrea virginica","W-Msc-140657"
-81,8.5,0.7,"Crassostrea virginica","W-Msc-140657"
-80.5,8.5,0.73,"Crassostrea virginica","W-Msc-140657"
-77.5,8.5,0.72,"Crassostrea virginica","W-Msc-140657"
-77,8.5,0.67,"Crassostrea virginica","W-Msc-140657"
-76.5,8.5,0.65,"Crassostrea virginica","W-Msc-140657"
-76,8.5,0.63,"Crassostrea virginica","W-Msc-140657"
-60.5,8.5,0.6,"Crassostrea virginica","W-Msc-140657"
-60,8.5,0.73,"Crassostrea virginica","W-Msc-140657"
-59.5,8.5,0.74,"Crassostrea virginica","W-Msc-140657"
-59,8.5,0.71,"Crassostrea virginica","W-Msc-140657"
-58.5,8.5,0.7,"Crassostrea virginica","W-Msc-140657"
-77,8,0.71,"Crassostrea virginica","W-Msc-140657"
-76.5,8,0.69,"Crassostrea virginica","W-Msc-140657"
-59.5,8,0.73,"Crassostrea virginica","W-Msc-140657"
-59,8,0.72,"Crassostrea virginica","W-Msc-140657"
-58.5,8,0.71,"Crassostrea virginica","W-Msc-140657"
-58,8,0.71,"Crassostrea virginica","W-Msc-140657"
-57.5,8,0.69,"Crassostrea virginica","W-Msc-140657"
-76.5,7.5,0.71,"Crassostrea virginica","W-Msc-140657"
-59,7.5,0.18,"Crassostrea virginica","W-Msc-140657"
-58.5,7.5,0.71,"Crassostrea virginica","W-Msc-140657"
-58,7.5,0.72,"Crassostrea virginica","W-Msc-140657"
-57.5,7.5,0.74,"Crassostrea virginica","W-Msc-140657"
-57,7.5,0.73,"Crassostrea virginica","W-Msc-140657"
-56.5,7.5,0.72,"Crassostrea virginica","W-Msc-140657"
-58.5,7,0.73,"Crassostrea virginica","W-Msc-140657"
-58,7,0.69,"Crassostrea virginica","W-Msc-140657"
-57.5,7,0.75,"Crassostrea virginica","W-Msc-140657"
-57,7,0.77,"Crassostrea virginica","W-Msc-140657"
-56.5,7,0.76,"Crassostrea virginica","W-Msc-140657"
-56,7,0.76,"Crassostrea virginica","W-Msc-140657"
-55.5,7,0.64,"Crassostrea virginica","W-Msc-140657"
-55,7,0.76,"Crassostrea virginica","W-Msc-140657"
-54.5,7,0.76,"Crassostrea virginica","W-Msc-140657"
-54,7,0.75,"Crassostrea virginica","W-Msc-140657"
-53.5,7,0.74,"Crassostrea virginica","W-Msc-140657"
-53,7,0.52,"Crassostrea virginica","W-Msc-140657"
-58.5,6.5,0.09,"Crassostrea virginica","W-Msc-140657"
-58,6.5,0.73,"Crassostrea virginica","W-Msc-140657"
-57.5,6.5,0.75,"Crassostrea virginica","W-Msc-140657"
-57,6.5,0.78,"Crassostrea virginica","W-Msc-140657"
-56.5,6.5,0.82,"Crassostrea virginica","W-Msc-140657"
-56,6.5,0.62,"Crassostrea virginica","W-Msc-140657"
-55.5,6.5,0.85,"Crassostrea virginica","W-Msc-140657"
-55,6.5,0.84,"Crassostrea virginica","W-Msc-140657"
-54.5,6.5,0.83,"Crassostrea virginica","W-Msc-140657"
-54,6.5,0.82,"Crassostrea virginica","W-Msc-140657"
-53.5,6.5,0.79,"Crassostrea virginica","W-Msc-140657"
-53,6.5,0.75,"Crassostrea virginica","W-Msc-140657"
-52.5,6.5,0.72,"Crassostrea virginica","W-Msc-140657"
-52,6.5,0.7,"Crassostrea virginica","W-Msc-140657"
-58.5,6,0.09,"Crassostrea virginica","W-Msc-140657"
-57.5,6,0.76,"Crassostrea virginica","W-Msc-140657"
-57,6,0.76,"Crassostrea virginica","W-Msc-140657"
-56.5,6,0.83,"Crassostrea virginica","W-Msc-140657"
-56,6,0.88,"Crassostrea virginica","W-Msc-140657"
-55.5,6,0.88,"Crassostrea virginica","W-Msc-140657"
-55,6,0.85,"Crassostrea virginica","W-Msc-140657"
-54.5,6,0.68,"Crassostrea virginica","W-Msc-140657"
-54,6,0.71,"Crassostrea virginica","W-Msc-140657"
-53.5,6,0.86,"Crassostrea virginica","W-Msc-140657"
-53,6,0.81,"Crassostrea virginica","W-Msc-140657"
-52.5,6,0.76,"Crassostrea virginica","W-Msc-140657"
-52,6,0.72,"Crassostrea virginica","W-Msc-140657"
-51.5,6,0.69,"Crassostrea virginica","W-Msc-140657"
-57,5.5,0.09,"Crassostrea virginica","W-Msc-140657"
-56.5,5.5,0.68,"Crassostrea virginica","W-Msc-140657"
-56,5.5,0.72,"Crassostrea virginica","W-Msc-140657"
-55.5,5.5,0.8,"Crassostrea virginica","W-Msc-140657"
-55,5.5,0.31,"Crassostrea virginica","W-Msc-140657"
-54.5,5.5,0.85,"Crassostrea virginica","W-Msc-140657"
-54,5.5,0.86,"Crassostrea virginica","W-Msc-140657"
-53.5,5.5,0.88,"Crassostrea virginica","W-Msc-140657"
-53,5.5,0.86,"Crassostrea virginica","W-Msc-140657"
-52.5,5.5,0.8,"Crassostrea virginica","W-Msc-140657"
-52,5.5,0.75,"Crassostrea virginica","W-Msc-140657"
-51.5,5.5,0.71,"Crassostrea virginica","W-Msc-140657"
-51,5.5,0.68,"Crassostrea virginica","W-Msc-140657"
-53,5,0.84,"Crassostrea virginica","W-Msc-140657"
-52.5,5,0.82,"Crassostrea virginica","W-Msc-140657"
-52,5,0.65,"Crassostrea virginica","W-Msc-140657"
-51.5,5,0.65,"Crassostrea virginica","W-Msc-140657"
-51,5,0.69,"Crassostrea virginica","W-Msc-140657"
-50.5,5,0.69,"Crassostrea virginica","W-Msc-140657"
-52,4.5,0.53,"Crassostrea virginica","W-Msc-140657"
-51.5,4.5,0.44,"Crassostrea virginica","W-Msc-140657"
-51,4.5,0.37,"Crassostrea virginica","W-Msc-140657"
-50.5,4.5,0.68,"Crassostrea virginica","W-Msc-140657"
-50,4.5,0.71,"Crassostrea virginica","W-Msc-140657"
-51.5,4,0.28,"Crassostrea virginica","W-Msc-140657"
-51,4,0.15,"Crassostrea virginica","W-Msc-140657"
-50.5,4,0.42,"Crassostrea virginica","W-Msc-140657"
-50,4,0.71,"Crassostrea virginica","W-Msc-140657"
-49.5,4,0.73,"Crassostrea virginica","W-Msc-140657"
-49,4,0.17,"Crassostrea virginica","W-Msc-140657"
-51,3.5,0.04,"Crassostrea virginica","W-Msc-140657"
-50.5,3.5,0.19,"Crassostrea virginica","W-Msc-140657"
-50,3.5,0.71,"Crassostrea virginica","W-Msc-140657"
-49.5,3.5,0.72,"Crassostrea virginica","W-Msc-140657"
-49,3.5,0.75,"Crassostrea virginica","W-Msc-140657"
-48.5,3.5,0.77,"Crassostrea virginica","W-Msc-140657"
-51,3,0.02,"Crassostrea virginica","W-Msc-140657"
-50,3,0.36,"Crassostrea virginica","W-Msc-140657"
-49.5,3,0.72,"Crassostrea virginica","W-Msc-140657"
-49,3,0.64,"Crassostrea virginica","W-Msc-140657"
-48.5,3,0.76,"Crassostrea virginica","W-Msc-140657"
-48,3,0.45,"Crassostrea virginica","W-Msc-140657"
-50,2.5,0.05,"Crassostrea virginica","W-Msc-140657"
-49.5,2.5,0.48,"Crassostrea virginica","W-Msc-140657"
-49,2.5,0.45,"Crassostrea virginica","W-Msc-140657"
-48.5,2.5,0.17,"Crassostrea virginica","W-Msc-140657"
-48,2.5,0.79,"Crassostrea virginica","W-Msc-140657"
-47.5,2.5,0.81,"Crassostrea virginica","W-Msc-140657"
-49.5,2,0.18,"Crassostrea virginica","W-Msc-140657"
-49,2,0.2,"Crassostrea virginica","W-Msc-140657"
-47.5,2,0.81,"Crassostrea virginica","W-Msc-140657"
-47,2,0.13,"Crassostrea virginica","W-Msc-140657"
-47,1.5,0.82,"Crassostrea virginica","W-Msc-140657"
-46.5,1.5,0.82,"Crassostrea virginica","W-Msc-140657"
-47,1,0.1,"Crassostrea virginica","W-Msc-140657"
-46.5,1,0.8,"Crassostrea virginica","W-Msc-140657"
-46,1,0.8,"Crassostrea virginica","W-Msc-140657"
-47.5,0.5,0.25,"Crassostrea virginica","W-Msc-140657"
-47,0.5,0.32,"Crassostrea virginica","W-Msc-140657"
-46.5,0.5,0.75,"Crassostrea virginica","W-Msc-140657"
-46,0.5,0.77,"Crassostrea virginica","W-Msc-140657"
-45.5,0.5,0.79,"Crassostrea virginica","W-Msc-140657"
-45,0.5,0.37,"Crassostrea virginica","W-Msc-140657"
-48,0,0.34,"Crassostrea virginica","W-Msc-140657"
-47.5,0,0.66,"Crassostrea virginica","W-Msc-140657"
-47,0,0.67,"Crassostrea virginica","W-Msc-140657"
-46.5,0,0.69,"Crassostrea virginica","W-Msc-140657"
-46,0,0.72,"Crassostrea virginica","W-Msc-140657"
-45.5,0,0.75,"Crassostrea virginica","W-Msc-140657"
-45,0,0.78,"Crassostrea virginica","W-Msc-140657"
-44.5,0,0.8,"Crassostrea virginica","W-Msc-140657"
-44,0,0.81,"Crassostrea virginica","W-Msc-140657"
-48,-0.5,0.66,"Crassostrea virginica","W-Msc-140657"
-47.5,-0.5,0.67,"Crassostrea virginica","W-Msc-140657"
-47,-0.5,0.67,"Crassostrea virginica","W-Msc-140657"
-46.5,-0.5,0.68,"Crassostrea virginica","W-Msc-140657"
-46,-0.5,0.69,"Crassostrea virginica","W-Msc-140657"
-45.5,-0.5,0.72,"Crassostrea virginica","W-Msc-140657"
-45,-0.5,0.75,"Crassostrea virginica","W-Msc-140657"
-44.5,-0.5,0.79,"Crassostrea virginica","W-Msc-140657"
-44,-0.5,0.81,"Crassostrea virginica","W-Msc-140657"
-43.5,-0.5,0.54,"Crassostrea virginica","W-Msc-140657"
-48.5,-1,0.08,"Crassostrea virginica","W-Msc-140657"
-48,-1,0.21,"Crassostrea virginica","W-Msc-140657"
-47.5,-1,0.67,"Crassostrea virginica","W-Msc-140657"
-47,-1,0.71,"Crassostrea virginica","W-Msc-140657"
-46.5,-1,0.72,"Crassostrea virginica","W-Msc-140657"
-46,-1,0.72,"Crassostrea virginica","W-Msc-140657"
-45.5,-1,0.71,"Crassostrea virginica","W-Msc-140657"
-45,-1,0.72,"Crassostrea virginica","W-Msc-140657"
-44.5,-1,0.76,"Crassostrea virginica","W-Msc-140657"
-44,-1,0.8,"Crassostrea virginica","W-Msc-140657"
-43.5,-1,0.82,"Crassostrea virginica","W-Msc-140657"
-48.5,-1.5,0.08,"Crassostrea virginica","W-Msc-140657"
-48,-1.5,0.18,"Crassostrea virginica","W-Msc-140657"
-46,-1.5,0.62,"Crassostrea virginica","W-Msc-140657"
-45.5,-1.5,0.74,"Crassostrea virginica","W-Msc-140657"
-45,-1.5,0.72,"Crassostrea virginica","W-Msc-140657"
-44.5,-1.5,0.72,"Crassostrea virginica","W-Msc-140657"
-44,-1.5,0.75,"Crassostrea virginica","W-Msc-140657"
-43.5,-1.5,0.8,"Crassostrea virginica","W-Msc-140657"
-43,-1.5,0.77,"Crassostrea virginica","W-Msc-140657"
-38.5,-1.5,0.82,"Crassostrea virginica","W-Msc-140657"
-49,-2,0.01,"Crassostrea virginica","W-Msc-140657"
-48.5,-2,0.06,"Crassostrea virginica","W-Msc-140657"
-48,-2,0.02,"Crassostrea virginica","W-Msc-140657"
-45,-2,0.73,"Crassostrea virginica","W-Msc-140657"
-44.5,-2,0.72,"Crassostrea virginica","W-Msc-140657"
-44,-2,0.71,"Crassostrea virginica","W-Msc-140657"
-43.5,-2,0.74,"Crassostrea virginica","W-Msc-140657"
-43,-2,0.78,"Crassostrea virginica","W-Msc-140657"
-42.5,-2,0.8,"Crassostrea virginica","W-Msc-140657"
-38.5,-2,0.1,"Crassostrea virginica","W-Msc-140657"
-44.5,-2.5,0.18,"Crassostrea virginica","W-Msc-140657"
-44,-2.5,0.7,"Crassostrea virginica","W-Msc-140657"
-43.5,-2.5,0.72,"Crassostrea virginica","W-Msc-140657"
-43,-2.5,0.74,"Crassostrea virginica","W-Msc-140657"
-42.5,-2.5,0.75,"Crassostrea virginica","W-Msc-140657"
-42,-2.5,0.76,"Crassostrea virginica","W-Msc-140657"
-41.5,-2.5,0.78,"Crassostrea virginica","W-Msc-140657"
-41,-2.5,0.78,"Crassostrea virginica","W-Msc-140657"
-40.5,-2.5,0.79,"Crassostrea virginica","W-Msc-140657"
-40,-2.5,0.79,"Crassostrea virginica","W-Msc-140657"
-39.5,-2.5,0.81,"Crassostrea virginica","W-Msc-140657"
-39,-2.5,0.81,"Crassostrea virginica","W-Msc-140657"
-38,-2.5,0.81,"Crassostrea virginica","W-Msc-140657"
-44.5,-3,0.74,"Crassostrea virginica","W-Msc-140657"
-44,-3,0.75,"Crassostrea virginica","W-Msc-140657"
-43.5,-3,0.37,"Crassostrea virginica","W-Msc-140657"
-43,-3,0.09,"Crassostrea virginica","W-Msc-140657"
-42.5,-3,0.74,"Crassostrea virginica","W-Msc-140657"
-42,-3,0.73,"Crassostrea virginica","W-Msc-140657"
-41.5,-3,0.74,"Crassostrea virginica","W-Msc-140657"
-41,-3,0.75,"Crassostrea virginica","W-Msc-140657"
-40.5,-3,0.76,"Crassostrea virginica","W-Msc-140657"
-40,-3,0.78,"Crassostrea virginica","W-Msc-140657"
-39.5,-3,0.79,"Crassostrea virginica","W-Msc-140657"
-39,-3,0.81,"Crassostrea virginica","W-Msc-140657"
-38.5,-3,0.82,"Crassostrea virginica","W-Msc-140657"
-44.5,-3.5,0.19,"Crassostrea virginica","W-Msc-140657"
-39.5,-3.5,0.78,"Crassostrea virginica","W-Msc-140657"
-39,-3.5,0.79,"Crassostrea virginica","W-Msc-140657"
-38.5,-3.5,0.81,"Crassostrea virginica","W-Msc-140657"
-38,-3.5,0.82,"Crassostrea virginica","W-Msc-140657"
-38.5,-4,0.8,"Crassostrea virginica","W-Msc-140657"
-38,-4,0.81,"Crassostrea virginica","W-Msc-140657"
-37.5,-4,0.8,"Crassostrea virginica","W-Msc-140657"
-37,-4,0.23,"Crassostrea virginica","W-Msc-140657"
-35.5,-4,0.04,"Crassostrea virginica","W-Msc-140657"
-33.5,-4,0.83,"Crassostrea virginica","W-Msc-140657"
-32,-4,0.85,"Crassostrea virginica","W-Msc-140657"
-38,-4.5,0.81,"Crassostrea virginica","W-Msc-140657"
-37.5,-4.5,0.81,"Crassostrea virginica","W-Msc-140657"
-37,-4.5,0.8,"Crassostrea virginica","W-Msc-140657"
-36.5,-4.5,0.33,"Crassostrea virginica","W-Msc-140657"
-37.5,-5,0.82,"Crassostrea virginica","W-Msc-140657"
-37,-5,0.81,"Crassostrea virginica","W-Msc-140657"
-36.5,-5,0.78,"Crassostrea virginica","W-Msc-140657"
-36,-5,0.78,"Crassostrea virginica","W-Msc-140657"
-35.5,-5,0.79,"Crassostrea virginica","W-Msc-140657"
-35,-5,0.81,"Crassostrea virginica","W-Msc-140657"
-36.5,-5.5,0.82,"Crassostrea virginica","W-Msc-140657"
-36,-5.5,0.81,"Crassostrea virginica","W-Msc-140657"
-35.5,-5.5,0.77,"Crassostrea virginica","W-Msc-140657"
-35,-5.5,0.77,"Crassostrea virginica","W-Msc-140657"
-34.5,-5.5,0.75,"Crassostrea virginica","W-Msc-140657"
-35,-6,0.76,"Crassostrea virginica","W-Msc-140657"
-34.5,-6,0.79,"Crassostrea virginica","W-Msc-140657"
-35,-6.5,0.74,"Crassostrea virginica","W-Msc-140657"
-34.5,-6.5,0.75,"Crassostrea virginica","W-Msc-140657"
-34.5,-7,0.71,"Crassostrea virginica","W-Msc-140657"
-34.5,-7.5,0.66,"Crassostrea virginica","W-Msc-140657"
-34,-7.5,0.62,"Crassostrea virginica","W-Msc-140657"
-34.5,-8,0.63,"Crassostrea virginica","W-Msc-140657"
-34,-8,0.67,"Crassostrea virginica","W-Msc-140657"
-34.5,-8.5,0.62,"Crassostrea virginica","W-Msc-140657"
-34,-8.5,0.17,"Crassostrea virginica","W-Msc-140657"
-35,-9,0.66,"Crassostrea virginica","W-Msc-140657"
-34.5,-9,0.62,"Crassostrea virginica","W-Msc-140657"
-35.5,-9.5,0.3,"Crassostrea virginica","W-Msc-140657"
-35,-9.5,0.64,"Crassostrea virginica","W-Msc-140657"
-34.5,-9.5,0.62,"Crassostrea virginica","W-Msc-140657"
-35.5,-10,0.67,"Crassostrea virginica","W-Msc-140657"
-35,-10,0.62,"Crassostrea virginica","W-Msc-140657"
-36,-10.5,0.97,"Crassostrea virginica","W-Msc-140657"
-35.5,-10.5,0.75,"Crassostrea virginica","W-Msc-140657"
-37,-11,0.22,"Crassostrea virginica","W-Msc-140657"
-36.5,-11,1,"Crassostrea virginica","W-Msc-140657"
-36,-11,0.94,"Crassostrea virginica","W-Msc-140657"
-37,-11.5,0.74,"Crassostrea virginica","W-Msc-140657"
-36.5,-11.5,0.73,"Crassostrea virginica","W-Msc-140657"
-37.5,-12,0.69,"Crassostrea virginica","W-Msc-140657"
-37,-12,0.65,"Crassostrea virginica","W-Msc-140657"
-37.5,-12.5,0.62,"Crassostrea virginica","W-Msc-140657"
-37,-12.5,0.59,"Crassostrea virginica","W-Msc-140657"
-38.5,-13,0.59,"Crassostrea virginica","W-Msc-140657"
-38,-13,0.59,"Crassostrea virginica","W-Msc-140657"
-37.5,-13,0.58,"Crassostrea virginica","W-Msc-140657"
-38.5,-13.5,0.61,"Crassostrea virginica","W-Msc-140657"
-38,-13.5,0.56,"Crassostrea virginica","W-Msc-140657"
-39,-14,0.09,"Crassostrea virginica","W-Msc-140657"
-38.5,-14,0.59,"Crassostrea virginica","W-Msc-140657"
-39,-14.5,0.17,"Crassostrea virginica","W-Msc-140657"
-38.5,-14.5,0.57,"Crassostrea virginica","W-Msc-140657"
-39,-15,0.67,"Crassostrea virginica","W-Msc-140657"
-38.5,-15,0.57,"Crassostrea virginica","W-Msc-140657"
-39,-15.5,0.16,"Crassostrea virginica","W-Msc-140657"
-38.5,-15.5,0.57,"Crassostrea virginica","W-Msc-140657"
-38.5,-16,0.59,"Crassostrea virginica","W-Msc-140657"
-38,-16,0.54,"Crassostrea virginica","W-Msc-140657"
-37.5,-16,0.48,"Crassostrea virginica","W-Msc-140657"
-39,-16.5,0.65,"Crassostrea virginica","W-Msc-140657"
-38.5,-16.5,0.61,"Crassostrea virginica","W-Msc-140657"
-38,-16.5,0.55,"Crassostrea virginica","W-Msc-140657"
-37.5,-16.5,0.38,"Crassostrea virginica","W-Msc-140657"
-39,-17,0.66,"Crassostrea virginica","W-Msc-140657"
-38.5,-17,0.58,"Crassostrea virginica","W-Msc-140657"
-39,-17.5,0.68,"Crassostrea virginica","W-Msc-140657"
-38.5,-17.5,0.6,"Crassostrea virginica","W-Msc-140657"
-38,-17.5,0.52,"Crassostrea virginica","W-Msc-140657"
-36.5,-17.5,0.22,"Crassostrea virginica","W-Msc-140657"
-39,-18,0.67,"Crassostrea virginica","W-Msc-140657"
-38.5,-18,0.61,"Crassostrea virginica","W-Msc-140657"
-38,-18,0.57,"Crassostrea virginica","W-Msc-140657"
-37.5,-18,0.54,"Crassostrea virginica","W-Msc-140657"
-37,-18,0.5,"Crassostrea virginica","W-Msc-140657"
-36,-18,0.22,"Crassostrea virginica","W-Msc-140657"
-35.5,-18,0.18,"Crassostrea virginica","W-Msc-140657"
-39.5,-18.5,0.7,"Crassostrea virginica","W-Msc-140657"
-39,-18.5,0.64,"Crassostrea virginica","W-Msc-140657"
-38.5,-18.5,0.59,"Crassostrea virginica","W-Msc-140657"
-38,-18.5,0.57,"Crassostrea virginica","W-Msc-140657"
-37.5,-18.5,0.55,"Crassostrea virginica","W-Msc-140657"
-37,-18.5,0.5,"Crassostrea virginica","W-Msc-140657"
-39.5,-19,0.69,"Crassostrea virginica","W-Msc-140657"
-39,-19,0.6,"Crassostrea virginica","W-Msc-140657"
-38.5,-19,0.57,"Crassostrea virginica","W-Msc-140657"
-38,-19,0.57,"Crassostrea virginica","W-Msc-140657"
-37.5,-19,0.53,"Crassostrea virginica","W-Msc-140657"
-39.5,-19.5,0.86,"Crassostrea virginica","W-Msc-140657"
-39,-19.5,0.61,"Crassostrea virginica","W-Msc-140657"
-38.5,-19.5,0.56,"Crassostrea virginica","W-Msc-140657"
-38,-19.5,0.56,"Crassostrea virginica","W-Msc-140657"
-37.5,-19.5,0.53,"Crassostrea virginica","W-Msc-140657"
-40,-20,0.74,"Crassostrea virginica","W-Msc-140657"
-39.5,-20,0.81,"Crassostrea virginica","W-Msc-140657"
-39,-20,0.56,"Crassostrea virginica","W-Msc-140657"
-38,-20,0.54,"Crassostrea virginica","W-Msc-140657"
-37.5,-20,0.44,"Crassostrea virginica","W-Msc-140657"
-40,-20.5,0.74,"Crassostrea virginica","W-Msc-140657"
-39.5,-20.5,0.6,"Crassostrea virginica","W-Msc-140657"
-38,-20.5,0.12,"Crassostrea virginica","W-Msc-140657"
-36.5,-20.5,0.18,"Crassostrea virginica","W-Msc-140657"
-36,-20.5,0.16,"Crassostrea virginica","W-Msc-140657"
-35.5,-20.5,0.04,"Crassostrea virginica","W-Msc-140657"
-34.5,-20.5,0.05,"Crassostrea virginica","W-Msc-140657"
-30.5,-20.5,0.08,"Crassostrea virginica","W-Msc-140657"
-40.5,-21,0.78,"Crassostrea virginica","W-Msc-140657"
-40,-21,0.68,"Crassostrea virginica","W-Msc-140657"
-39.5,-21,0.52,"Crassostrea virginica","W-Msc-140657"
-38,-21,0.35,"Crassostrea virginica","W-Msc-140657"
-37.5,-21,0.27,"Crassostrea virginica","W-Msc-140657"
-37,-21,0.21,"Crassostrea virginica","W-Msc-140657"
-35,-21,0.13,"Crassostrea virginica","W-Msc-140657"
-34.5,-21,0.11,"Crassostrea virginica","W-Msc-140657"
-29.5,-21,0.08,"Crassostrea virginica","W-Msc-140657"
-41,-21.5,0.84,"Crassostrea virginica","W-Msc-140657"
-40.5,-21.5,0.79,"Crassostrea virginica","W-Msc-140657"
-40,-21.5,0.6,"Crassostrea virginica","W-Msc-140657"
-41,-22,0.45,"Crassostrea virginica","W-Msc-140657"
-40.5,-22,0.83,"Crassostrea virginica","W-Msc-140657"
-40,-22,0.62,"Crassostrea virginica","W-Msc-140657"
-41.5,-22.5,1,"Crassostrea virginica","W-Msc-140657"
-41,-22.5,1,"Crassostrea virginica","W-Msc-140657"
-40.5,-22.5,0.77,"Crassostrea virginica","W-Msc-140657"
-40,-22.5,0.64,"Crassostrea virginica","W-Msc-140657"
-37.5,-22.5,0.01,"Crassostrea virginica","W-Msc-140657"
-44,-23,0.75,"Crassostrea virginica","W-Msc-140657"
-43.5,-23,0.97,"Crassostrea virginica","W-Msc-140657"
-43,-23,0.93,"Crassostrea virginica","W-Msc-140657"
-42.5,-23,0.93,"Crassostrea virginica","W-Msc-140657"
-42,-23,0.92,"Crassostrea virginica","W-Msc-140657"
-41.5,-23,0.95,"Crassostrea virginica","W-Msc-140657"
-41,-23,0.85,"Crassostrea virginica","W-Msc-140657"
-40.5,-23,0.64,"Crassostrea virginica","W-Msc-140657"
-45,-23.5,1,"Crassostrea virginica","W-Msc-140657"
-44.5,-23.5,1,"Crassostrea virginica","W-Msc-140657"
-44,-23.5,1,"Crassostrea virginica","W-Msc-140657"
-43.5,-23.5,0.77,"Crassostrea virginica","W-Msc-140657"
-43,-23.5,0.88,"Crassostrea virginica","W-Msc-140657"
-42.5,-23.5,0.79,"Crassostrea virginica","W-Msc-140657"
-42,-23.5,0.25,"Crassostrea virginica","W-Msc-140657"
-41.5,-23.5,0.77,"Crassostrea virginica","W-Msc-140657"
-41,-23.5,0.68,"Crassostrea virginica","W-Msc-140657"
-46,-24,1,"Crassostrea virginica","W-Msc-140657"
-45.5,-24,1,"Crassostrea virginica","W-Msc-140657"
-45,-24,1,"Crassostrea virginica","W-Msc-140657"
-44.5,-24,0.98,"Crassostrea virginica","W-Msc-140657"
-44,-24,0.56,"Crassostrea virginica","W-Msc-140657"
-41,-24,0.36,"Crassostrea virginica","W-Msc-140657"
-47,-24.5,1,"Crassostrea virginica","W-Msc-140657"
-46.5,-24.5,1,"Crassostrea virginica","W-Msc-140657"
-46,-24.5,1,"Crassostrea virginica","W-Msc-140657"
-45.5,-24.5,1,"Crassostrea virginica","W-Msc-140657"
-45,-24.5,0.99,"Crassostrea virginica","W-Msc-140657"
-44.5,-24.5,0.31,"Crassostrea virginica","W-Msc-140657"
-47.5,-25,1,"Crassostrea virginica","W-Msc-140657"
-47,-25,1,"Crassostrea virginica","W-Msc-140657"
-46.5,-25,1,"Crassostrea virginica","W-Msc-140657"
-46,-25,0.87,"Crassostrea virginica","W-Msc-140657"
-45.5,-25,0.96,"Crassostrea virginica","W-Msc-140657"
-45,-25,0.79,"Crassostrea virginica","W-Msc-140657"
-48.5,-25.5,0.12,"Crassostrea virginica","W-Msc-140657"
-48,-25.5,1,"Crassostrea virginica","W-Msc-140657"
-47.5,-25.5,1,"Crassostrea virginica","W-Msc-140657"
-47,-25.5,1,"Crassostrea virginica","W-Msc-140657"
-46.5,-25.5,0.92,"Crassostrea virginica","W-Msc-140657"
-46,-25.5,0.45,"Crassostrea virginica","W-Msc-140657"
-45.5,-25.5,0.38,"Crassostrea virginica","W-Msc-140657"
-45,-25.5,0.78,"Crassostrea virginica","W-Msc-140657"
-48.5,-26,1,"Crassostrea virginica","W-Msc-140657"
-48,-26,1,"Crassostrea virginica","W-Msc-140657"
-47.5,-26,1,"Crassostrea virginica","W-Msc-140657"
-47,-26,1,"Crassostrea virginica","W-Msc-140657"
-46.5,-26,0.35,"Crassostrea virginica","W-Msc-140657"
-45.5,-26,0.77,"Crassostrea virginica","W-Msc-140657"
-45,-26,0.7,"Crassostrea virginica","W-Msc-140657"
-48.5,-26.5,1,"Crassostrea virginica","W-Msc-140657"
-48,-26.5,1,"Crassostrea virginica","W-Msc-140657"
-47.5,-26.5,1,"Crassostrea virginica","W-Msc-140657"
-47,-26.5,0.39,"Crassostrea virginica","W-Msc-140657"
-48.5,-27,1,"Crassostrea virginica","W-Msc-140657"
-48,-27,1,"Crassostrea virginica","W-Msc-140657"
-47.5,-27,0.97,"Crassostrea virginica","W-Msc-140657"
-48.5,-27.5,1,"Crassostrea virginica","W-Msc-140657"
-48,-27.5,1,"Crassostrea virginica","W-Msc-140657"
-47.5,-27.5,0.35,"Crassostrea virginica","W-Msc-140657"
-48.5,-28,1,"Crassostrea virginica","W-Msc-140657"
-48,-28,1,"Crassostrea virginica","W-Msc-140657"
-47.5,-28,0.79,"Crassostrea virginica","W-Msc-140657"
-48.5,-28.5,1,"Crassostrea virginica","W-Msc-140657"
-48,-28.5,1,"Crassostrea virginica","W-Msc-140657"
-47.5,-28.5,0.4,"Crassostrea virginica","W-Msc-140657"
-49,-29,1,"Crassostrea virginica","W-Msc-140657"
-48.5,-29,1,"Crassostrea virginica","W-Msc-140657"
-48,-29,0.38,"Crassostrea virginica","W-Msc-140657"
-49.5,-29.5,1,"Crassostrea virginica","W-Msc-140657"
-49,-29.5,1,"Crassostrea virginica","W-Msc-140657"
-48.5,-29.5,0.79,"Crassostrea virginica","W-Msc-140657"
-51,-30,0.02,"Crassostrea virginica","W-Msc-140657"
-50,-30,1,"Crassostrea virginica","W-Msc-140657"
-49.5,-30,1,"Crassostrea virginica","W-Msc-140657"
-49,-30,1,"Crassostrea virginica","W-Msc-140657"
-48.5,-30,0.44,"Crassostrea virginica","W-Msc-140657"
-50.5,-30.5,0.36,"Crassostrea virginica","W-Msc-140657"
-50,-30.5,0.77,"Crassostrea virginica","W-Msc-140657"
-49.5,-30.5,1,"Crassostrea virginica","W-Msc-140657"
-49,-30.5,0.31,"Crassostrea virginica","W-Msc-140657"
-51,-31,0.04,"Crassostrea virginica","W-Msc-140657"
-50,-31,0.61,"Crassostrea virginica","W-Msc-140657"
-49.5,-31,0.95,"Crassostrea virginica","W-Msc-140657"
-49,-31,0.82,"Crassostrea virginica","W-Msc-140657"
-51.5,-31.5,0.31,"Crassostrea virginica","W-Msc-140657"
-51,-31.5,0.26,"Crassostrea virginica","W-Msc-140657"
-50.5,-31.5,0.52,"Crassostrea virginica","W-Msc-140657"
-50,-31.5,1,"Crassostrea virginica","W-Msc-140657"
-49.5,-31.5,1,"Crassostrea virginica","W-Msc-140657"
-52,-32,1,"Crassostrea virginica","W-Msc-140657"
-51.5,-32,0.7,"Crassostrea virginica","W-Msc-140657"
-51,-32,0.55,"Crassostrea virginica","W-Msc-140657"
-50.5,-32,1,"Crassostrea virginica","W-Msc-140657"
-50,-32,0.26,"Crassostrea virginica","W-Msc-140657"
-52,-32.5,1,"Crassostrea virginica","W-Msc-140657"
-51.5,-32.5,1,"Crassostrea virginica","W-Msc-140657"
-51,-32.5,1,"Crassostrea virginica","W-Msc-140657"
-50.5,-32.5,0.82,"Crassostrea virginica","W-Msc-140657"
-50,-32.5,1,"Crassostrea virginica","W-Msc-140657"
-52.5,-33,1,"Crassostrea virginica","W-Msc-140657"
-52,-33,1,"Crassostrea virginica","W-Msc-140657"
-51.5,-33,1,"Crassostrea virginica","W-Msc-140657"
-51,-33,0.9,"Crassostrea virginica","W-Msc-140657"
-50.5,-33,0.92,"Crassostrea virginica","W-Msc-140657"
-50,-33,0.69,"Crassostrea virginica","W-Msc-140657"
-53,-33.5,1,"Crassostrea virginica","W-Msc-140657"
-52.5,-33.5,1,"Crassostrea virginica","W-Msc-140657"
-52,-33.5,1,"Crassostrea virginica","W-Msc-140657"
-51.5,-33.5,1,"Crassostrea virginica","W-Msc-140657"
-51,-33.5,0.59,"Crassostrea virginica","W-Msc-140657"
-50.5,-33.5,0.18,"Crassostrea virginica","W-Msc-140657"
-53.5,-34,1,"Crassostrea virginica","W-Msc-140657"
-53,-34,1,"Crassostrea virginica","W-Msc-140657"
-52.5,-34,1,"Crassostrea virginica","W-Msc-140657"
-52,-34,0.83,"Crassostrea virginica","W-Msc-140657"
-51.5,-34,1,"Crassostrea virginica","W-Msc-140657"
-53.5,-34.5,0.99,"Crassostrea virginica","W-Msc-140657"
-53,-34.5,0.99,"Crassostrea virginica","W-Msc-140657"
-52.5,-34.5,0.7,"Crassostrea virginica","W-Msc-140657"
-52,-34.5,1,"Crassostrea virginica","W-Msc-140657"
-51.5,-34.5,1,"Crassostrea virginica","W-Msc-140657"
-55.5,-35,0.18,"Crassostrea virginica","W-Msc-140657"
-55,-35,0.6,"Crassostrea virginica","W-Msc-140657"
-54.5,-35,0.94,"Crassostrea virginica","W-Msc-140657"
-54,-35,0.68,"Crassostrea virginica","W-Msc-140657"
-53.5,-35,0.61,"Crassostrea virginica","W-Msc-140657"
-53,-35,0.7,"Crassostrea virginica","W-Msc-140657"
-52.5,-35,1,"Crassostrea virginica","W-Msc-140657"
-52,-35,0.46,"Crassostrea virginica","W-Msc-140657"
-55.5,-35.5,0.45,"Crassostrea virginica","W-Msc-140657"
-55,-35.5,0.99,"Crassostrea virginica","W-Msc-140657"
-54.5,-35.5,0.88,"Crassostrea virginica","W-Msc-140657"
-54,-35.5,0.75,"Crassostrea virginica","W-Msc-140657"
-53.5,-35.5,0.72,"Crassostrea virginica","W-Msc-140657"
-53,-35.5,0.76,"Crassostrea virginica","W-Msc-140657"
-52.5,-35.5,1,"Crassostrea virginica","W-Msc-140657"
-56,-36,0.39,"Crassostrea virginica","W-Msc-140657"
-55.5,-36,0.99,"Crassostrea virginica","W-Msc-140657"
-55,-36,0.98,"Crassostrea virginica","W-Msc-140657"
-54.5,-36,0.79,"Crassostrea virginica","W-Msc-140657"
-54,-36,0.65,"Crassostrea virginica","W-Msc-140657"
-53.5,-36,0.74,"Crassostrea virginica","W-Msc-140657"
-53,-36,1,"Crassostrea virginica","W-Msc-140657"
-56,-36.5,0.32,"Crassostrea virginica","W-Msc-140657"
-55.5,-36.5,0.98,"Crassostrea virginica","W-Msc-140657"
-55,-36.5,0.73,"Crassostrea virginica","W-Msc-140657"
-54.5,-36.5,0.52,"Crassostrea virginica","W-Msc-140657"
-54,-36.5,0.63,"Crassostrea virginica","W-Msc-140657"
-53.5,-36.5,1,"Crassostrea virginica","W-Msc-140657"
-53,-36.5,1,"Crassostrea virginica","W-Msc-140657"
-56.5,-37,0.48,"Crassostrea virginica","W-Msc-140657"
-56,-37,0.54,"Crassostrea virginica","W-Msc-140657"
-55.5,-37,0.96,"Crassostrea virginica","W-Msc-140657"
-55,-37,0.51,"Crassostrea virginica","W-Msc-140657"
-54.5,-37,0.5,"Crassostrea virginica","W-Msc-140657"
-54,-37,1,"Crassostrea virginica","W-Msc-140657"
-53.5,-37,1,"Crassostrea virginica","W-Msc-140657"
-57,-37.5,0.97,"Crassostrea virginica","W-Msc-140657"
-56.5,-37.5,1,"Crassostrea virginica","W-Msc-140657"
-56,-37.5,1,"Crassostrea virginica","W-Msc-140657"
-55.5,-37.5,0.65,"Crassostrea virginica","W-Msc-140657"
-55,-37.5,0.3,"Crassostrea virginica","W-Msc-140657"
-54.5,-37.5,0.13,"Crassostrea virginica","W-Msc-140657"
-54,-37.5,0.85,"Crassostrea virginica","W-Msc-140657"
-57.5,-38,1,"Crassostrea virginica","W-Msc-140657"
-57,-38,1,"Crassostrea virginica","W-Msc-140657"
-56.5,-38,1,"Crassostrea virginica","W-Msc-140657"
-56,-38,1,"Crassostrea virginica","W-Msc-140657"
-55.5,-38,0.87,"Crassostrea virginica","W-Msc-140657"
-55,-38,0.77,"Crassostrea virginica","W-Msc-140657"
-58,-38.5,1,"Crassostrea virginica","W-Msc-140657"
-57.5,-38.5,1,"Crassostrea virginica","W-Msc-140657"
-57,-38.5,1,"Crassostrea virginica","W-Msc-140657"
-56.5,-38.5,1,"Crassostrea virginica","W-Msc-140657"
-56,-38.5,1,"Crassostrea virginica","W-Msc-140657"
-55.5,-38.5,1,"Crassostrea virginica","W-Msc-140657"
-55,-38.5,1,"Crassostrea virginica","W-Msc-140657"
-62,-39,1,"Crassostrea virginica","W-Msc-140657"
-61.5,-39,1,"Crassostrea virginica","W-Msc-140657"
-61,-39,1,"Crassostrea virginica","W-Msc-140657"
-60.5,-39,1,"Crassostrea virginica","W-Msc-140657"
-60,-39,1,"Crassostrea virginica","W-Msc-140657"
-59.5,-39,1,"Crassostrea virginica","W-Msc-140657"
-59,-39,1,"Crassostrea virginica","W-Msc-140657"
-58.5,-39,1,"Crassostrea virginica","W-Msc-140657"
-58,-39,1,"Crassostrea virginica","W-Msc-140657"
-57.5,-39,1,"Crassostrea virginica","W-Msc-140657"
-57,-39,1,"Crassostrea virginica","W-Msc-140657"
-56.5,-39,1,"Crassostrea virginica","W-Msc-140657"
-56,-39,1,"Crassostrea virginica","W-Msc-140657"
-55.5,-39,1,"Crassostrea virginica","W-Msc-140657"
-55,-39,0.23,"Crassostrea virginica","W-Msc-140657"
-62,-39.5,1,"Crassostrea virginica","W-Msc-140657"
-61.5,-39.5,1,"Crassostrea virginica","W-Msc-140657"
-61,-39.5,1,"Crassostrea virginica","W-Msc-140657"
-60.5,-39.5,1,"Crassostrea virginica","W-Msc-140657"
-60,-39.5,1,"Crassostrea virginica","W-Msc-140657"
-59.5,-39.5,1,"Crassostrea virginica","W-Msc-140657"
-59,-39.5,1,"Crassostrea virginica","W-Msc-140657"
-58.5,-39.5,1,"Crassostrea virginica","W-Msc-140657"
-58,-39.5,1,"Crassostrea virginica","W-Msc-140657"
-57.5,-39.5,1,"Crassostrea virginica","W-Msc-140657"
-57,-39.5,1,"Crassostrea virginica","W-Msc-140657"
-56.5,-39.5,1,"Crassostrea virginica","W-Msc-140657"
-56,-39.5,0.95,"Crassostrea virginica","W-Msc-140657"
-55.5,-39.5,1,"Crassostrea virginica","W-Msc-140657"
-62,-40,1,"Crassostrea virginica","W-Msc-140657"
-61.5,-40,1,"Crassostrea virginica","W-Msc-140657"
-61,-40,0.95,"Crassostrea virginica","W-Msc-140657"
-60.5,-40,1,"Crassostrea virginica","W-Msc-140657"
-60,-40,1,"Crassostrea virginica","W-Msc-140657"
-59.5,-40,1,"Crassostrea virginica","W-Msc-140657"
-59,-40,0.67,"Crassostrea virginica","W-Msc-140657"
-58.5,-40,0.9,"Crassostrea virginica","W-Msc-140657"
-58,-40,0.82,"Crassostrea virginica","W-Msc-140657"
-57.5,-40,0.92,"Crassostrea virginica","W-Msc-140657"
-57,-40,1,"Crassostrea virginica","W-Msc-140657"
-56.5,-40,0.05,"Crassostrea virginica","W-Msc-140657"
-56,-40,0.97,"Crassostrea virginica","W-Msc-140657"
-62,-40.5,1,"Crassostrea virginica","W-Msc-140657"
-61.5,-40.5,1,"Crassostrea virginica","W-Msc-140657"
-61,-40.5,0.73,"Crassostrea virginica","W-Msc-140657"
-60.5,-40.5,1,"Crassostrea virginica","W-Msc-140657"
-60,-40.5,0.85,"Crassostrea virginica","W-Msc-140657"
-59.5,-40.5,1,"Crassostrea virginica","W-Msc-140657"
-59,-40.5,1,"Crassostrea virginica","W-Msc-140657"
-58.5,-40.5,0.74,"Crassostrea virginica","W-Msc-140657"
-58,-40.5,1,"Crassostrea virginica","W-Msc-140657"
-57.5,-40.5,0.85,"Crassostrea virginica","W-Msc-140657"
-57,-40.5,1,"Crassostrea virginica","W-Msc-140657"
-56.5,-40.5,0.95,"Crassostrea virginica","W-Msc-140657"
-56,-40.5,1,"Crassostrea virginica","W-Msc-140657"
-65,-41,1,"Crassostrea virginica","W-Msc-140657"
-64.5,-41,1,"Crassostrea virginica","W-Msc-140657"
-64,-41,1,"Crassostrea virginica","W-Msc-140657"
-62.5,-41,1,"Crassostrea virginica","W-Msc-140657"
-62,-41,1,"Crassostrea virginica","W-Msc-140657"
-61.5,-41,0.79,"Crassostrea virginica","W-Msc-140657"
-61,-41,1,"Crassostrea virginica","W-Msc-140657"
-60.5,-41,1,"Crassostrea virginica","W-Msc-140657"
-60,-41,0.95,"Crassostrea virginica","W-Msc-140657"
-59.5,-41,1,"Crassostrea virginica","W-Msc-140657"
-59,-41,1,"Crassostrea virginica","W-Msc-140657"
-58.5,-41,1,"Crassostrea virginica","W-Msc-140657"
-58,-41,0.05,"Crassostrea virginica","W-Msc-140657"
-57.5,-41,0.1,"Crassostrea virginica","W-Msc-140657"
-56.5,-41,0.54,"Crassostrea virginica","W-Msc-140657"
-65,-41.5,1,"Crassostrea virginica","W-Msc-140657"
-63,-41.5,0.19,"Crassostrea virginica","W-Msc-140657"
-62.5,-41.5,0.32,"Crassostrea virginica","W-Msc-140657"
-62,-41.5,0.54,"Crassostrea virginica","W-Msc-140657"
-61.5,-41.5,0.96,"Crassostrea virginica","W-Msc-140657"
-61,-41.5,1,"Crassostrea virginica","W-Msc-140657"
-60.5,-41.5,1,"Crassostrea virginica","W-Msc-140657"
-60,-41.5,0.49,"Crassostrea virginica","W-Msc-140657"
-59.5,-41.5,0.54,"Crassostrea virginica","W-Msc-140657"
-59,-41.5,0.26,"Crassostrea virginica","W-Msc-140657"
-58.5,-41.5,1,"Crassostrea virginica","W-Msc-140657"
-58,-41.5,1,"Crassostrea virginica","W-Msc-140657"
-57.5,-41.5,0.64,"Crassostrea virginica","W-Msc-140657"
-65,-42,1,"Crassostrea virginica","W-Msc-140657"
-63.5,-42,0.23,"Crassostrea virginica","W-Msc-140657"
-63,-42,0.5,"Crassostrea virginica","W-Msc-140657"
-62.5,-42,0.72,"Crassostrea virginica","W-Msc-140657"
-62,-42,1,"Crassostrea virginica","W-Msc-140657"
-61.5,-42,0.79,"Crassostrea virginica","W-Msc-140657"
-61,-42,1,"Crassostrea virginica","W-Msc-140657"
-60.5,-42,1,"Crassostrea virginica","W-Msc-140657"
-60,-42,1,"Crassostrea virginica","W-Msc-140657"
-59.5,-42,0.44,"Crassostrea virginica","W-Msc-140657"
-59,-42,0.28,"Crassostrea virginica","W-Msc-140657"
-58.5,-42,1,"Crassostrea virginica","W-Msc-140657"
-58,-42,0.79,"Crassostrea virginica","W-Msc-140657"
-57.5,-42,1,"Crassostrea virginica","W-Msc-140657"
-65,-42.5,1,"Crassostrea virginica","W-Msc-140657"
-64,-42.5,0.18,"Crassostrea virginica","W-Msc-140657"
-63.5,-42.5,1,"Crassostrea virginica","W-Msc-140657"
-63,-42.5,1,"Crassostrea virginica","W-Msc-140657"
-62.5,-42.5,0.95,"Crassostrea virginica","W-Msc-140657"
-62,-42.5,1,"Crassostrea virginica","W-Msc-140657"
-61.5,-42.5,1,"Crassostrea virginica","W-Msc-140657"
-61,-42.5,0.87,"Crassostrea virginica","W-Msc-140657"
-60.5,-42.5,1,"Crassostrea virginica","W-Msc-140657"
-60,-42.5,1,"Crassostrea virginica","W-Msc-140657"
-59.5,-42.5,0.59,"Crassostrea virginica","W-Msc-140657"
-59,-42.5,1,"Crassostrea virginica","W-Msc-140657"
-58.5,-42.5,1,"Crassostrea virginica","W-Msc-140657"
-58,-42.5,1,"Crassostrea virginica","W-Msc-140657"
-65,-43,0.25,"Crassostrea virginica","W-Msc-140657"
-64.5,-43,1,"Crassostrea virginica","W-Msc-140657"
-64,-43,1,"Crassostrea virginica","W-Msc-140657"
-63.5,-43,1,"Crassostrea virginica","W-Msc-140657"
-63,-43,1,"Crassostrea virginica","W-Msc-140657"
-62.5,-43,0.41,"Crassostrea virginica","W-Msc-140657"
-62,-43,0.97,"Crassostrea virginica","W-Msc-140657"
-61.5,-43,0.33,"Crassostrea virginica","W-Msc-140657"
-60.5,-43,1,"Crassostrea virginica","W-Msc-140657"
-60,-43,1,"Crassostrea virginica","W-Msc-140657"
-59.5,-43,1,"Crassostrea virginica","W-Msc-140657"
-59,-43,1,"Crassostrea virginica","W-Msc-140657"
-58.5,-43,1,"Crassostrea virginica","W-Msc-140657"
-65,-43.5,1,"Crassostrea virginica","W-Msc-140657"
-64.5,-43.5,1,"Crassostrea virginica","W-Msc-140657"
-64,-43.5,1,"Crassostrea virginica","W-Msc-140657"
-63.5,-43.5,1,"Crassostrea virginica","W-Msc-140657"
-63,-43.5,1,"Crassostrea virginica","W-Msc-140657"
-62.5,-43.5,1,"Crassostrea virginica","W-Msc-140657"
-62,-43.5,1,"Crassostrea virginica","W-Msc-140657"
-61,-43.5,1,"Crassostrea virginica","W-Msc-140657"
-60.5,-43.5,1,"Crassostrea virginica","W-Msc-140657"
-60,-43.5,1,"Crassostrea virginica","W-Msc-140657"
-59.5,-43.5,0.82,"Crassostrea virginica","W-Msc-140657"
-65,-44,1,"Crassostrea virginica","W-Msc-140657"
-64.5,-44,0.95,"Crassostrea virginica","W-Msc-140657"
-64,-44,0.46,"Crassostrea virginica","W-Msc-140657"
-63.5,-44,1,"Crassostrea virginica","W-Msc-140657"
-63,-44,1,"Crassostrea virginica","W-Msc-140657"
-62.5,-44,1,"Crassostrea virginica","W-Msc-140657"
-62,-44,0.92,"Crassostrea virginica","W-Msc-140657"
-61,-44,1,"Crassostrea virginica","W-Msc-140657"
-60.5,-44,1,"Crassostrea virginica","W-Msc-140657"
-60,-44,1,"Crassostrea virginica","W-Msc-140657"
-65,-44.5,1,"Crassostrea virginica","W-Msc-140657"
-64.5,-44.5,0.92,"Crassostrea virginica","W-Msc-140657"
-64,-44.5,0.08,"Crassostrea virginica","W-Msc-140657"
-63.5,-44.5,0.44,"Crassostrea virginica","W-Msc-140657"
-63,-44.5,0.21,"Crassostrea virginica","W-Msc-140657"
-62.5,-44.5,1,"Crassostrea virginica","W-Msc-140657"
-62,-44.5,1,"Crassostrea virginica","W-Msc-140657"
-61.5,-44.5,1,"Crassostrea virginica","W-Msc-140657"
-61,-44.5,0.31,"Crassostrea virginica","W-Msc-140657"
-60.5,-44.5,1,"Crassostrea virginica","W-Msc-140657"
-60,-44.5,1,"Crassostrea virginica","W-Msc-140657"
-59.5,-44.5,0.23,"Crassostrea virginica","W-Msc-140657"
-66,-45,1,"Crassostrea virginica","W-Msc-140657"
-65.5,-45,1,"Crassostrea virginica","W-Msc-140657"
-65,-45,1,"Crassostrea virginica","W-Msc-140657"
-64.5,-45,0.28,"Crassostrea virginica","W-Msc-140657"
-64,-45,0.54,"Crassostrea virginica","W-Msc-140657"
-63.5,-45,1,"Crassostrea virginica","W-Msc-140657"
-62.5,-45,0.21,"Crassostrea virginica","W-Msc-140657"
-62,-45,0.54,"Crassostrea virginica","W-Msc-140657"
-61.5,-45,1,"Crassostrea virginica","W-Msc-140657"
-61,-45,1,"Crassostrea virginica","W-Msc-140657"
-60.5,-45,1,"Crassostrea virginica","W-Msc-140657"
-60,-45,1,"Crassostrea virginica","W-Msc-140657"
-67,-45.5,1,"Crassostrea virginica","W-Msc-140657"
-66.5,-45.5,1,"Crassostrea virginica","W-Msc-140657"
-66,-45.5,1,"Crassostrea virginica","W-Msc-140657"
-65.5,-45.5,1,"Crassostrea virginica","W-Msc-140657"
-65,-45.5,1,"Crassostrea virginica","W-Msc-140657"
-64.5,-45.5,0.69,"Crassostrea virginica","W-Msc-140657"
-64,-45.5,0.67,"Crassostrea virginica","W-Msc-140657"
-63.5,-45.5,0.54,"Crassostrea virginica","W-Msc-140657"
-63,-45.5,0.56,"Crassostrea virginica","W-Msc-140657"
-62.5,-45.5,0.97,"Crassostrea virginica","W-Msc-140657"
-62,-45.5,1,"Crassostrea virginica","W-Msc-140657"
-61.5,-45.5,1,"Crassostrea virginica","W-Msc-140657"
-61,-45.5,0.51,"Crassostrea virginica","W-Msc-140657"
-60.5,-45.5,1,"Crassostrea virginica","W-Msc-140657"
-60,-45.5,1,"Crassostrea virginica","W-Msc-140657"
-67.5,-46,1,"Crassostrea virginica","W-Msc-140657"
-67,-46,1,"Crassostrea virginica","W-Msc-140657"
-66.5,-46,0.56,"Crassostrea virginica","W-Msc-140657"
-66,-46,0.82,"Crassostrea virginica","W-Msc-140657"
-65.5,-46,0.69,"Crassostrea virginica","W-Msc-140657"
-65,-46,0.28,"Crassostrea virginica","W-Msc-140657"
-64.5,-46,0.67,"Crassostrea virginica","W-Msc-140657"
-64,-46,0.21,"Crassostrea virginica","W-Msc-140657"
-63.5,-46,0.74,"Crassostrea virginica","W-Msc-140657"
-63,-46,0.41,"Crassostrea virginica","W-Msc-140657"
-62.5,-46,1,"Crassostrea virginica","W-Msc-140657"
-62,-46,0.62,"Crassostrea virginica","W-Msc-140657"
-61.5,-46,1,"Crassostrea virginica","W-Msc-140657"
-60.5,-46,1,"Crassostrea virginica","W-Msc-140657"
-60,-46,1,"Crassostrea virginica","W-Msc-140657"
-67.5,-46.5,1,"Crassostrea virginica","W-Msc-140657"
-67,-46.5,1,"Crassostrea virginica","W-Msc-140657"
-66,-46.5,0.13,"Crassostrea virginica","W-Msc-140657"
-65.5,-46.5,0.18,"Crassostrea virginica","W-Msc-140657"
-65,-46.5,0.33,"Crassostrea virginica","W-Msc-140657"
-64.5,-46.5,0.9,"Crassostrea virginica","W-Msc-140657"
-64,-46.5,0.28,"Crassostrea virginica","W-Msc-140657"
-63.5,-46.5,0.15,"Crassostrea virginica","W-Msc-140657"
-63,-46.5,1,"Crassostrea virginica","W-Msc-140657"
-62.5,-46.5,1,"Crassostrea virginica","W-Msc-140657"
-62,-46.5,1,"Crassostrea virginica","W-Msc-140657"
-61.5,-46.5,0.92,"Crassostrea virginica","W-Msc-140657"
-60,-46.5,0.44,"Crassostrea virginica","W-Msc-140657"
-67,-47,1,"Crassostrea virginica","W-Msc-140657"
-66.5,-47,1,"Crassostrea virginica","W-Msc-140657"
-66,-47,1,"Crassostrea virginica","W-Msc-140657"
-65.5,-47,1,"Crassostrea virginica","W-Msc-140657"
-65,-47,1,"Crassostrea virginica","W-Msc-140657"
-64.5,-47,1,"Crassostrea virginica","W-Msc-140657"
-63.5,-47,0.79,"Crassostrea virginica","W-Msc-140657"
-63,-47,0.92,"Crassostrea virginica","W-Msc-140657"
-62.5,-47,1,"Crassostrea virginica","W-Msc-140657"
-62,-47,0.41,"Crassostrea virginica","W-Msc-140657"
-61,-47,0.85,"Crassostrea virginica","W-Msc-140657"
-60.5,-47,0.64,"Crassostrea virginica","W-Msc-140657"
-60,-47,0.42,"Crassostrea virginica","W-Msc-140657"
-66.5,-47.5,1,"Crassostrea virginica","W-Msc-140657"
-66,-47.5,1,"Crassostrea virginica","W-Msc-140657"
-65.5,-47.5,1,"Crassostrea virginica","W-Msc-140657"
-65,-47.5,1,"Crassostrea virginica","W-Msc-140657"
-64.5,-47.5,0.92,"Crassostrea virginica","W-Msc-140657"
-64,-47.5,0.46,"Crassostrea virginica","W-Msc-140657"
-63.5,-47.5,0.33,"Crassostrea virginica","W-Msc-140657"
-63,-47.5,0.28,"Crassostrea virginica","W-Msc-140657"
-62.5,-47.5,0.79,"Crassostrea virginica","W-Msc-140657"
-62,-47.5,0.38,"Crassostrea virginica","W-Msc-140657"
-61.5,-47.5,0.05,"Crassostrea virginica","W-Msc-140657"
-61,-47.5,0.38,"Crassostrea virginica","W-Msc-140657"
-60.5,-47.5,0.58,"Crassostrea virginica","W-Msc-140657"
-65.5,-48,1,"Crassostrea virginica","W-Msc-140657"
-65,-48,1,"Crassostrea virginica","W-Msc-140657"
-64.5,-48,0.69,"Crassostrea virginica","W-Msc-140657"
-64,-48,0.28,"Crassostrea virginica","W-Msc-140657"
-61,-48,0.54,"Crassostrea virginica","W-Msc-140657"
-66.5,-48.5,1,"Crassostrea virginica","W-Msc-140657"
-66,-48.5,1,"Crassostrea virginica","W-Msc-140657"
-65.5,-48.5,1,"Crassostrea virginica","W-Msc-140657"
-65,-48.5,0.77,"Crassostrea virginica","W-Msc-140657"
-64.5,-48.5,0.31,"Crassostrea virginica","W-Msc-140657"
-63.5,-48.5,0.36,"Crassostrea virginica","W-Msc-140657"
-61.5,-48.5,0.92,"Crassostrea virginica","W-Msc-140657"
-61,-48.5,0.28,"Crassostrea virginica","W-Msc-140657"
-67,-49,1,"Crassostrea virginica","W-Msc-140657"
-66.5,-49,1,"Crassostrea virginica","W-Msc-140657"
-66,-49,0.31,"Crassostrea virginica","W-Msc-140657"
-65.5,-49,0.28,"Crassostrea virginica","W-Msc-140657"
-65,-49,0.26,"Crassostrea virginica","W-Msc-140657"
-64,-49,0.51,"Crassostrea virginica","W-Msc-140657"
-63.5,-49,0.92,"Crassostrea virginica","W-Msc-140657"
-63,-49,0.79,"Crassostrea virginica","W-Msc-140657"
-67.5,-49.5,1,"Crassostrea virginica","W-Msc-140657"
-67,-49.5,1,"Crassostrea virginica","W-Msc-140657"
-66.5,-49.5,0.56,"Crassostrea virginica","W-Msc-140657"
-65.5,-49.5,0.31,"Crassostrea virginica","W-Msc-140657"
-65,-49.5,0.49,"Crassostrea virginica","W-Msc-140657"
-62,-49.5,0.2,"Crassostrea virginica","W-Msc-140657"
-68.5,-50,1,"Crassostrea virginica","W-Msc-140657"
-68,-50,0.99,"Crassostrea virginica","W-Msc-140657"
-67.5,-50,0.96,"Crassostrea virginica","W-Msc-140657"
-67,-50,1,"Crassostrea virginica","W-Msc-140657"
-66.5,-50,1,"Crassostrea virginica","W-Msc-140657"
-66,-50,0.56,"Crassostrea virginica","W-Msc-140657"
-63.5,-50,0.13,"Crassostrea virginica","W-Msc-140657"
-62,-50,0.5,"Crassostrea virginica","W-Msc-140657"
-69,-50.5,0.48,"Crassostrea virginica","W-Msc-140657"
-68.5,-50.5,0.95,"Crassostrea virginica","W-Msc-140657"
-68,-50.5,0.94,"Crassostrea virginica","W-Msc-140657"
-67.5,-50.5,0.95,"Crassostrea virginica","W-Msc-140657"
-67,-50.5,0.98,"Crassostrea virginica","W-Msc-140657"
-66.5,-50.5,0.77,"Crassostrea virginica","W-Msc-140657"
-65.5,-50.5,0.33,"Crassostrea virginica","W-Msc-140657"
-65,-50.5,0.1,"Crassostrea virginica","W-Msc-140657"
-62.5,-50.5,0.91,"Crassostrea virginica","W-Msc-140657"
-58.5,-50.5,0.38,"Crassostrea virginica","W-Msc-140657"
-69,-51,0.91,"Crassostrea virginica","W-Msc-140657"
-68.5,-51,0.91,"Crassostrea virginica","W-Msc-140657"
-68,-51,0.95,"Crassostrea virginica","W-Msc-140657"
-67.5,-51,0.96,"Crassostrea virginica","W-Msc-140657"
-67,-51,0.96,"Crassostrea virginica","W-Msc-140657"
-65.5,-51,0.14,"Crassostrea virginica","W-Msc-140657"
-65,-51,0.07,"Crassostrea virginica","W-Msc-140657"
-63,-51,0.27,"Crassostrea virginica","W-Msc-140657"
-62.5,-51,0.44,"Crassostrea virginica","W-Msc-140657"
-61,-51,0.82,"Crassostrea virginica","W-Msc-140657"
-60.5,-51,0.84,"Crassostrea virginica","W-Msc-140657"
-60,-51,0.86,"Crassostrea virginica","W-Msc-140657"
-59.5,-51,0.85,"Crassostrea virginica","W-Msc-140657"
-59,-51,0.85,"Crassostrea virginica","W-Msc-140657"
-58.5,-51,0.83,"Crassostrea virginica","W-Msc-140657"
-58,-51,0.29,"Crassostrea virginica","W-Msc-140657"
-69,-51.5,0.86,"Crassostrea virginica","W-Msc-140657"
-68.5,-51.5,0.83,"Crassostrea virginica","W-Msc-140657"
-68,-51.5,0.59,"Crassostrea virginica","W-Msc-140657"
-67.5,-51.5,0.65,"Crassostrea virginica","W-Msc-140657"
-67,-51.5,0.49,"Crassostrea virginica","W-Msc-140657"
-66.5,-51.5,0.46,"Crassostrea virginica","W-Msc-140657"
-61,-51.5,0.8,"Crassostrea virginica","W-Msc-140657"
-60.5,-51.5,0.8,"Crassostrea virginica","W-Msc-140657"
-60,-51.5,0.5,"Crassostrea virginica","W-Msc-140657"
-59.5,-51.5,0.41,"Crassostrea virginica","W-Msc-140657"
-59,-51.5,0.49,"Crassostrea virginica","W-Msc-140657"
-58.5,-51.5,0.77,"Crassostrea virginica","W-Msc-140657"
-58,-51.5,0.77,"Crassostrea virginica","W-Msc-140657"
-57.5,-51.5,0.75,"Crassostrea virginica","W-Msc-140657"
-57,-51.5,0.13,"Crassostrea virginica","W-Msc-140657"
-69,-52,0.4,"Crassostrea virginica","W-Msc-140657"
-68.5,-52,0.76,"Crassostrea virginica","W-Msc-140657"
-68,-52,0.8,"Crassostrea virginica","W-Msc-140657"
-67.5,-52,0.36,"Crassostrea virginica","W-Msc-140657"
-61,-52,0.78,"Crassostrea virginica","W-Msc-140657"
-60.5,-52,0.79,"Crassostrea virginica","W-Msc-140657"
-60,-52,0.66,"Crassostrea virginica","W-Msc-140657"
-59.5,-52,0.53,"Crassostrea virginica","W-Msc-140657"
-59,-52,0.22,"Crassostrea virginica","W-Msc-140657"
-58.5,-52,0.75,"Crassostrea virginica","W-Msc-140657"
-58,-52,0.74,"Crassostrea virginica","W-Msc-140657"
-57.5,-52,0.73,"Crassostrea virginica","W-Msc-140657"
-69.5,-52.5,0.76,"Crassostrea virginica","W-Msc-140657"
-69,-52.5,0.72,"Crassostrea virginica","W-Msc-140657"
-68.5,-52.5,0.73,"Crassostrea virginica","W-Msc-140657"
-68,-52.5,0.74,"Crassostrea virginica","W-Msc-140657"
-67.5,-52.5,0.76,"Crassostrea virginica","W-Msc-140657"
-67,-52.5,0.12,"Crassostrea virginica","W-Msc-140657"
-66.5,-52.5,0.14,"Crassostrea virginica","W-Msc-140657"
-61,-52.5,0.74,"Crassostrea virginica","W-Msc-140657"
-60.5,-52.5,0.74,"Crassostrea virginica","W-Msc-140657"
-60,-52.5,0.75,"Crassostrea virginica","W-Msc-140657"
-59.5,-52.5,0.75,"Crassostrea virginica","W-Msc-140657"
-59,-52.5,0.73,"Crassostrea virginica","W-Msc-140657"
-58.5,-52.5,0.73,"Crassostrea virginica","W-Msc-140657"
-58,-52.5,0.72,"Crassostrea virginica","W-Msc-140657"
-57.5,-52.5,0.52,"Crassostrea virginica","W-Msc-140657"
-69,-53,0.71,"Crassostrea virginica","W-Msc-140657"
-68.5,-53,0.7,"Crassostrea virginica","W-Msc-140657"
-68,-53,0.7,"Crassostrea virginica","W-Msc-140657"
-67.5,-53,0.72,"Crassostrea virginica","W-Msc-140657"
-67,-53,0.13,"Crassostrea virginica","W-Msc-140657"
-66.5,-53,0.02,"Crassostrea virginica","W-Msc-140657"
-59,-53,0.71,"Crassostrea virginica","W-Msc-140657"
-58.5,-53,0.07,"Crassostrea virginica","W-Msc-140657"
-68.5,-53.5,0.66,"Crassostrea virginica","W-Msc-140657"
-68,-53.5,0.66,"Crassostrea virginica","W-Msc-140657"
-67.5,-53.5,0.7,"Crassostrea virginica","W-Msc-140657"
-67,-53.5,0.53,"Crassostrea virginica","W-Msc-140657"
-66.5,-53.5,0.76,"Crassostrea virginica","W-Msc-140657"
-67.5,-54,0.66,"Crassostrea virginica","W-Msc-140657"
-67,-54,0.7,"Crassostrea virginica","W-Msc-140657"
-66.5,-54,0.7,"Crassostrea virginica","W-Msc-140657"
-66,-54,0.76,"Crassostrea virginica","W-Msc-140657"
-64,-54,0.71,"Crassostrea virginica","W-Msc-140657"
-63.5,-54,0.26,"Crassostrea virginica","W-Msc-140657"
-60.5,-54,0.04,"Crassostrea virginica","W-Msc-140657"
-68,-54.5,0.71,"Crassostrea virginica","W-Msc-140657"
-67.5,-54.5,0.72,"Crassostrea virginica","W-Msc-140657"
-67,-54.5,0.71,"Crassostrea virginica","W-Msc-140657"
-66.5,-54.5,0.74,"Crassostrea virginica","W-Msc-140657"
-66,-54.5,0.74,"Crassostrea virginica","W-Msc-140657"
-65.5,-54.5,0.74,"Crassostrea virginica","W-Msc-140657"
-65,-54.5,0.75,"Crassostrea virginica","W-Msc-140657"
-64.5,-54.5,0.74,"Crassostrea virginica","W-Msc-140657"
-64,-54.5,0.71,"Crassostrea virginica","W-Msc-140657"
-63.5,-54.5,0.68,"Crassostrea virginica","W-Msc-140657"
-61,-54.5,0.5,"Crassostrea virginica","W-Msc-140657"
-60.5,-54.5,0.39,"Crassostrea virginica","W-Msc-140657"
-60,-54.5,0.51,"Crassostrea virginica","W-Msc-140657"
-59.5,-54.5,0.19,"Crassostrea virginica","W-Msc-140657"
-59,-54.5,0.5,"Crassostrea virginica","W-Msc-140657"
-58.5,-54.5,0.49,"Crassostrea virginica","W-Msc-140657"
-58,-54.5,0.09,"Crassostrea virginica","W-Msc-140657"
-57.5,-54.5,0.34,"Crassostrea virginica","W-Msc-140657"
-57,-54.5,0.07,"Crassostrea virginica","W-Msc-140657"
-56.5,-54.5,0.21,"Crassostrea virginica","W-Msc-140657"
