"long_dd","lat_dd","poccur","species","aquamaps_id"
-165.5,62,0.01,"Entosphenus tridentatus","Fis-48258"
165.5,62,0.02,"Entosphenus tridentatus","Fis-48258"
157,61.5,0.16,"Entosphenus tridentatus","Fis-48258"
157.5,61.5,0.29,"Entosphenus tridentatus","Fis-48258"
158,61.5,0.49,"Entosphenus tridentatus","Fis-48258"
158.5,61.5,0.48,"Entosphenus tridentatus","Fis-48258"
159,61.5,0.44,"Entosphenus tridentatus","Fis-48258"
159.5,61.5,0.36,"Entosphenus tridentatus","Fis-48258"
160,61.5,0.27,"Entosphenus tridentatus","Fis-48258"
160.5,61.5,0.17,"Entosphenus tridentatus","Fis-48258"
164.5,61.5,0.03,"Entosphenus tridentatus","Fis-48258"
175.5,61.5,0.04,"Entosphenus tridentatus","Fis-48258"
176,61.5,0.14,"Entosphenus tridentatus","Fis-48258"
176.5,61.5,0.24,"Entosphenus tridentatus","Fis-48258"
177,61.5,0.3,"Entosphenus tridentatus","Fis-48258"
177.5,61.5,0.29,"Entosphenus tridentatus","Fis-48258"
178,61.5,0.22,"Entosphenus tridentatus","Fis-48258"
178.5,61.5,0.14,"Entosphenus tridentatus","Fis-48258"
179,61.5,0.08,"Entosphenus tridentatus","Fis-48258"
179.5,61.5,0.03,"Entosphenus tridentatus","Fis-48258"
-179.5,61,0.04,"Entosphenus tridentatus","Fis-48258"
-179,61,0.04,"Entosphenus tridentatus","Fis-48258"
-178.5,61,0.03,"Entosphenus tridentatus","Fis-48258"
-178,61,0.02,"Entosphenus tridentatus","Fis-48258"
-148,61,0.95,"Entosphenus tridentatus","Fis-48258"
-147.5,61,0.97,"Entosphenus tridentatus","Fis-48258"
-147,61,0.01,"Entosphenus tridentatus","Fis-48258"
-146.5,61,0.96,"Entosphenus tridentatus","Fis-48258"
-146,61,0.94,"Entosphenus tridentatus","Fis-48258"
156.5,61,0.1,"Entosphenus tridentatus","Fis-48258"
157,61,0.23,"Entosphenus tridentatus","Fis-48258"
157.5,61,0.16,"Entosphenus tridentatus","Fis-48258"
158,61,0.15,"Entosphenus tridentatus","Fis-48258"
158.5,61,0.19,"Entosphenus tridentatus","Fis-48258"
159,61,0.26,"Entosphenus tridentatus","Fis-48258"
159.5,61,0.32,"Entosphenus tridentatus","Fis-48258"
160,61,0.34,"Entosphenus tridentatus","Fis-48258"
160.5,61,0.04,"Entosphenus tridentatus","Fis-48258"
163.5,61,0.05,"Entosphenus tridentatus","Fis-48258"
164,61,0.14,"Entosphenus tridentatus","Fis-48258"
164.5,61,0.04,"Entosphenus tridentatus","Fis-48258"
172.5,61,0.14,"Entosphenus tridentatus","Fis-48258"
173,61,0.1,"Entosphenus tridentatus","Fis-48258"
173.5,61,0.1,"Entosphenus tridentatus","Fis-48258"
174,61,0.15,"Entosphenus tridentatus","Fis-48258"
174.5,61,0.24,"Entosphenus tridentatus","Fis-48258"
175,61,0.38,"Entosphenus tridentatus","Fis-48258"
175.5,61,0.52,"Entosphenus tridentatus","Fis-48258"
176,61,0.32,"Entosphenus tridentatus","Fis-48258"
176.5,61,0.13,"Entosphenus tridentatus","Fis-48258"
177,61,0.03,"Entosphenus tridentatus","Fis-48258"
178,61,0.06,"Entosphenus tridentatus","Fis-48258"
178.5,61,0.09,"Entosphenus tridentatus","Fis-48258"
179,61,0.1,"Entosphenus tridentatus","Fis-48258"
179.5,61,0.07,"Entosphenus tridentatus","Fis-48258"
-179.5,60.5,0.19,"Entosphenus tridentatus","Fis-48258"
-179,60.5,0.18,"Entosphenus tridentatus","Fis-48258"
-178.5,60.5,0.15,"Entosphenus tridentatus","Fis-48258"
-178,60.5,0.11,"Entosphenus tridentatus","Fis-48258"
-177.5,60.5,0.08,"Entosphenus tridentatus","Fis-48258"
-177,60.5,0.05,"Entosphenus tridentatus","Fis-48258"
-176.5,60.5,0.02,"Entosphenus tridentatus","Fis-48258"
-163,60.5,0.01,"Entosphenus tridentatus","Fis-48258"
-149,60.5,1,"Entosphenus tridentatus","Fis-48258"
-148.5,60.5,0.01,"Entosphenus tridentatus","Fis-48258"
-148,60.5,0.84,"Entosphenus tridentatus","Fis-48258"
-147.5,60.5,0.87,"Entosphenus tridentatus","Fis-48258"
-147,60.5,1,"Entosphenus tridentatus","Fis-48258"
-146.5,60.5,1,"Entosphenus tridentatus","Fis-48258"
-146,60.5,1,"Entosphenus tridentatus","Fis-48258"
-145.5,60.5,0.33,"Entosphenus tridentatus","Fis-48258"
156,60.5,0.01,"Entosphenus tridentatus","Fis-48258"
158,60.5,0.03,"Entosphenus tridentatus","Fis-48258"
158.5,60.5,0.07,"Entosphenus tridentatus","Fis-48258"
159,60.5,0.1,"Entosphenus tridentatus","Fis-48258"
159.5,60.5,0.15,"Entosphenus tridentatus","Fis-48258"
160,60.5,0.16,"Entosphenus tridentatus","Fis-48258"
160.5,60.5,0.04,"Entosphenus tridentatus","Fis-48258"
163,60.5,0.02,"Entosphenus tridentatus","Fis-48258"
163.5,60.5,0.01,"Entosphenus tridentatus","Fis-48258"
164,60.5,0.01,"Entosphenus tridentatus","Fis-48258"
168,60.5,0.57,"Entosphenus tridentatus","Fis-48258"
168.5,60.5,0.57,"Entosphenus tridentatus","Fis-48258"
169,60.5,0.53,"Entosphenus tridentatus","Fis-48258"
169.5,60.5,0.5,"Entosphenus tridentatus","Fis-48258"
171.5,60.5,0.34,"Entosphenus tridentatus","Fis-48258"
172,60.5,0.33,"Entosphenus tridentatus","Fis-48258"
172.5,60.5,0.37,"Entosphenus tridentatus","Fis-48258"
173,60.5,0.48,"Entosphenus tridentatus","Fis-48258"
173.5,60.5,0.6,"Entosphenus tridentatus","Fis-48258"
174,60.5,0.71,"Entosphenus tridentatus","Fis-48258"
174.5,60.5,0.84,"Entosphenus tridentatus","Fis-48258"
175,60.5,0.47,"Entosphenus tridentatus","Fis-48258"
175.5,60.5,0.02,"Entosphenus tridentatus","Fis-48258"
176,60.5,0.01,"Entosphenus tridentatus","Fis-48258"
179,60.5,0.11,"Entosphenus tridentatus","Fis-48258"
179.5,60.5,0.16,"Entosphenus tridentatus","Fis-48258"
-179.5,60,0.1,"Entosphenus tridentatus","Fis-48258"
-179,60,0.2,"Entosphenus tridentatus","Fis-48258"
-178.5,60,0.23,"Entosphenus tridentatus","Fis-48258"
-178,60,0.23,"Entosphenus tridentatus","Fis-48258"
-177.5,60,0.2,"Entosphenus tridentatus","Fis-48258"
-177,60,0.21,"Entosphenus tridentatus","Fis-48258"
-176.5,60,0.16,"Entosphenus tridentatus","Fis-48258"
-176,60,0.12,"Entosphenus tridentatus","Fis-48258"
-175.5,60,0.07,"Entosphenus tridentatus","Fis-48258"
-175,60,0.03,"Entosphenus tridentatus","Fis-48258"
-152.5,60,0.46,"Entosphenus tridentatus","Fis-48258"
-152,60,0.28,"Entosphenus tridentatus","Fis-48258"
-149,60,1,"Entosphenus tridentatus","Fis-48258"
-148.5,60,0.01,"Entosphenus tridentatus","Fis-48258"
-148,60,0.82,"Entosphenus tridentatus","Fis-48258"
-147.5,60,1,"Entosphenus tridentatus","Fis-48258"
-147,60,1,"Entosphenus tridentatus","Fis-48258"
-146.5,60,1,"Entosphenus tridentatus","Fis-48258"
-146,60,1,"Entosphenus tridentatus","Fis-48258"
-145.5,60,0.65,"Entosphenus tridentatus","Fis-48258"
-145,60,0.7,"Entosphenus tridentatus","Fis-48258"
-144.5,60,1,"Entosphenus tridentatus","Fis-48258"
-144,60,0.85,"Entosphenus tridentatus","Fis-48258"
-143.5,60,0.84,"Entosphenus tridentatus","Fis-48258"
-143,60,0.84,"Entosphenus tridentatus","Fis-48258"
-142.5,60,1,"Entosphenus tridentatus","Fis-48258"
-142,60,1,"Entosphenus tridentatus","Fis-48258"
-141.5,60,1,"Entosphenus tridentatus","Fis-48258"
-141,60,1,"Entosphenus tridentatus","Fis-48258"
-139.5,60,0.99,"Entosphenus tridentatus","Fis-48258"
-139,60,0.97,"Entosphenus tridentatus","Fis-48258"
158,60,0.02,"Entosphenus tridentatus","Fis-48258"
158.5,60,0.04,"Entosphenus tridentatus","Fis-48258"
159,60,0.05,"Entosphenus tridentatus","Fis-48258"
159.5,60,0.04,"Entosphenus tridentatus","Fis-48258"
160,60,0.03,"Entosphenus tridentatus","Fis-48258"
160.5,60,0.01,"Entosphenus tridentatus","Fis-48258"
161.5,60,0.01,"Entosphenus tridentatus","Fis-48258"
162,60,0.02,"Entosphenus tridentatus","Fis-48258"
162.5,60,0.02,"Entosphenus tridentatus","Fis-48258"
164,60,0.21,"Entosphenus tridentatus","Fis-48258"
164.5,60,0.18,"Entosphenus tridentatus","Fis-48258"
165,60,0.21,"Entosphenus tridentatus","Fis-48258"
165.5,60,0.5,"Entosphenus tridentatus","Fis-48258"
166,60,0.54,"Entosphenus tridentatus","Fis-48258"
166.5,60,0.38,"Entosphenus tridentatus","Fis-48258"
167,60,0.7,"Entosphenus tridentatus","Fis-48258"
167.5,60,0.84,"Entosphenus tridentatus","Fis-48258"
168,60,0.88,"Entosphenus tridentatus","Fis-48258"
168.5,60,0.91,"Entosphenus tridentatus","Fis-48258"
169,60,0.86,"Entosphenus tridentatus","Fis-48258"
169.5,60,0.7,"Entosphenus tridentatus","Fis-48258"
170,60,0.59,"Entosphenus tridentatus","Fis-48258"
170.5,60,0.45,"Entosphenus tridentatus","Fis-48258"
171,60,0.51,"Entosphenus tridentatus","Fis-48258"
171.5,60,0.69,"Entosphenus tridentatus","Fis-48258"
172,60,0.6,"Entosphenus tridentatus","Fis-48258"
179.5,60,0.08,"Entosphenus tridentatus","Fis-48258"
-179,59.5,0.2,"Entosphenus tridentatus","Fis-48258"
-178.5,59.5,0.37,"Entosphenus tridentatus","Fis-48258"
-178,59.5,0.43,"Entosphenus tridentatus","Fis-48258"
-177.5,59.5,0.43,"Entosphenus tridentatus","Fis-48258"
-177,59.5,0.44,"Entosphenus tridentatus","Fis-48258"
-176.5,59.5,0.38,"Entosphenus tridentatus","Fis-48258"
-176,59.5,0.37,"Entosphenus tridentatus","Fis-48258"
-175.5,59.5,0.28,"Entosphenus tridentatus","Fis-48258"
-175,59.5,0.22,"Entosphenus tridentatus","Fis-48258"
-174.5,59.5,0.17,"Entosphenus tridentatus","Fis-48258"
-174,59.5,0.12,"Entosphenus tridentatus","Fis-48258"
-173.5,59.5,0.02,"Entosphenus tridentatus","Fis-48258"
-163.5,59.5,0.02,"Entosphenus tridentatus","Fis-48258"
-153.5,59.5,1,"Entosphenus tridentatus","Fis-48258"
-153,59.5,1,"Entosphenus tridentatus","Fis-48258"
-152.5,59.5,1,"Entosphenus tridentatus","Fis-48258"
-152,59.5,0.45,"Entosphenus tridentatus","Fis-48258"
-151.5,59.5,0.71,"Entosphenus tridentatus","Fis-48258"
-151,59.5,1,"Entosphenus tridentatus","Fis-48258"
-150.5,59.5,0.34,"Entosphenus tridentatus","Fis-48258"
-150,59.5,0.46,"Entosphenus tridentatus","Fis-48258"
-149.5,59.5,1,"Entosphenus tridentatus","Fis-48258"
-149,59.5,1,"Entosphenus tridentatus","Fis-48258"
-148.5,59.5,1,"Entosphenus tridentatus","Fis-48258"
-148,59.5,1,"Entosphenus tridentatus","Fis-48258"
-147.5,59.5,1,"Entosphenus tridentatus","Fis-48258"
-147,59.5,1,"Entosphenus tridentatus","Fis-48258"
-146.5,59.5,1,"Entosphenus tridentatus","Fis-48258"
-146,59.5,0.77,"Entosphenus tridentatus","Fis-48258"
-145.5,59.5,1,"Entosphenus tridentatus","Fis-48258"
-145,59.5,1,"Entosphenus tridentatus","Fis-48258"
-144.5,59.5,1,"Entosphenus tridentatus","Fis-48258"
-144,59.5,1,"Entosphenus tridentatus","Fis-48258"
-143.5,59.5,1,"Entosphenus tridentatus","Fis-48258"
-143,59.5,1,"Entosphenus tridentatus","Fis-48258"
-142.5,59.5,1,"Entosphenus tridentatus","Fis-48258"
-142,59.5,1,"Entosphenus tridentatus","Fis-48258"
-141.5,59.5,1,"Entosphenus tridentatus","Fis-48258"
-141,59.5,1,"Entosphenus tridentatus","Fis-48258"
-140.5,59.5,1,"Entosphenus tridentatus","Fis-48258"
-140,59.5,1,"Entosphenus tridentatus","Fis-48258"
-139.5,59.5,1,"Entosphenus tridentatus","Fis-48258"
-139,59.5,0.16,"Entosphenus tridentatus","Fis-48258"
-138.5,59.5,0.01,"Entosphenus tridentatus","Fis-48258"
149,59.5,0.11,"Entosphenus tridentatus","Fis-48258"
149.5,59.5,0.23,"Entosphenus tridentatus","Fis-48258"
150,59.5,0.23,"Entosphenus tridentatus","Fis-48258"
150.5,59.5,0.17,"Entosphenus tridentatus","Fis-48258"
151,59.5,0.15,"Entosphenus tridentatus","Fis-48258"
151.5,59.5,0.23,"Entosphenus tridentatus","Fis-48258"
152,59.5,0.22,"Entosphenus tridentatus","Fis-48258"
157,59.5,0.01,"Entosphenus tridentatus","Fis-48258"
158,59.5,0.02,"Entosphenus tridentatus","Fis-48258"
158.5,59.5,0.04,"Entosphenus tridentatus","Fis-48258"
159,59.5,0.06,"Entosphenus tridentatus","Fis-48258"
159.5,59.5,0.07,"Entosphenus tridentatus","Fis-48258"
160,59.5,0.1,"Entosphenus tridentatus","Fis-48258"
160.5,59.5,0.14,"Entosphenus tridentatus","Fis-48258"
161,59.5,0.16,"Entosphenus tridentatus","Fis-48258"
161.5,59.5,0.13,"Entosphenus tridentatus","Fis-48258"
163.5,59.5,0.15,"Entosphenus tridentatus","Fis-48258"
164,59.5,0.39,"Entosphenus tridentatus","Fis-48258"
164.5,59.5,0.49,"Entosphenus tridentatus","Fis-48258"
165,59.5,0.58,"Entosphenus tridentatus","Fis-48258"
165.5,59.5,0.7,"Entosphenus tridentatus","Fis-48258"
166,59.5,0.79,"Entosphenus tridentatus","Fis-48258"
166.5,59.5,0.87,"Entosphenus tridentatus","Fis-48258"
167,59.5,0.94,"Entosphenus tridentatus","Fis-48258"
167.5,59.5,1,"Entosphenus tridentatus","Fis-48258"
168,59.5,1,"Entosphenus tridentatus","Fis-48258"
168.5,59.5,1,"Entosphenus tridentatus","Fis-48258"
169,59.5,0.29,"Entosphenus tridentatus","Fis-48258"
169.5,59.5,1,"Entosphenus tridentatus","Fis-48258"
170,59.5,0.86,"Entosphenus tridentatus","Fis-48258"
170.5,59.5,0.77,"Entosphenus tridentatus","Fis-48258"
171,59.5,0.86,"Entosphenus tridentatus","Fis-48258"
-178.5,59,0.29,"Entosphenus tridentatus","Fis-48258"
-178,59,0.42,"Entosphenus tridentatus","Fis-48258"
-177.5,59,0.49,"Entosphenus tridentatus","Fis-48258"
-177,59,0.62,"Entosphenus tridentatus","Fis-48258"
-176.5,59,0.74,"Entosphenus tridentatus","Fis-48258"
-176,59,0.6,"Entosphenus tridentatus","Fis-48258"
-175.5,59,0.64,"Entosphenus tridentatus","Fis-48258"
-175,59,0.5,"Entosphenus tridentatus","Fis-48258"
-174.5,59,0.41,"Entosphenus tridentatus","Fis-48258"
-174,59,0.34,"Entosphenus tridentatus","Fis-48258"
-173.5,59,0.29,"Entosphenus tridentatus","Fis-48258"
-173,59,0.15,"Entosphenus tridentatus","Fis-48258"
-172.5,59,0.06,"Entosphenus tridentatus","Fis-48258"
-162.5,59,0.06,"Entosphenus tridentatus","Fis-48258"
-162,59,0.02,"Entosphenus tridentatus","Fis-48258"
-160.5,59,0.02,"Entosphenus tridentatus","Fis-48258"
-160,59,0.01,"Entosphenus tridentatus","Fis-48258"
-154,59,1,"Entosphenus tridentatus","Fis-48258"
-153.5,59,0.94,"Entosphenus tridentatus","Fis-48258"
-153,59,0.7,"Entosphenus tridentatus","Fis-48258"
-152.5,59,0.85,"Entosphenus tridentatus","Fis-48258"
-152,59,0.94,"Entosphenus tridentatus","Fis-48258"
-151.5,59,0.96,"Entosphenus tridentatus","Fis-48258"
-151,59,0.84,"Entosphenus tridentatus","Fis-48258"
-150.5,59,1,"Entosphenus tridentatus","Fis-48258"
-150,59,1,"Entosphenus tridentatus","Fis-48258"
-149.5,59,1,"Entosphenus tridentatus","Fis-48258"
-149,59,1,"Entosphenus tridentatus","Fis-48258"
-148.5,59,1,"Entosphenus tridentatus","Fis-48258"
-148,59,1,"Entosphenus tridentatus","Fis-48258"
-147.5,59,1,"Entosphenus tridentatus","Fis-48258"
-147,59,1,"Entosphenus tridentatus","Fis-48258"
-146.5,59,1,"Entosphenus tridentatus","Fis-48258"
-146,59,1,"Entosphenus tridentatus","Fis-48258"
-145.5,59,1,"Entosphenus tridentatus","Fis-48258"
-145,59,1,"Entosphenus tridentatus","Fis-48258"
-144.5,59,1,"Entosphenus tridentatus","Fis-48258"
-144,59,0.28,"Entosphenus tridentatus","Fis-48258"
-143.5,59,0.8,"Entosphenus tridentatus","Fis-48258"
-143,59,0.7,"Entosphenus tridentatus","Fis-48258"
-142.5,59,0.6,"Entosphenus tridentatus","Fis-48258"
-142,59,1,"Entosphenus tridentatus","Fis-48258"
-141.5,59,1,"Entosphenus tridentatus","Fis-48258"
-141,59,1,"Entosphenus tridentatus","Fis-48258"
-140.5,59,1,"Entosphenus tridentatus","Fis-48258"
-140,59,1,"Entosphenus tridentatus","Fis-48258"
-139.5,59,1,"Entosphenus tridentatus","Fis-48258"
-139,59,1,"Entosphenus tridentatus","Fis-48258"
-138.5,59,0.91,"Entosphenus tridentatus","Fis-48258"
-138,59,0.67,"Entosphenus tridentatus","Fis-48258"
-137,59,0.01,"Entosphenus tridentatus","Fis-48258"
-136.5,59,0.01,"Entosphenus tridentatus","Fis-48258"
-136,59,0.01,"Entosphenus tridentatus","Fis-48258"
-135.5,59,0.01,"Entosphenus tridentatus","Fis-48258"
-135,59,1,"Entosphenus tridentatus","Fis-48258"
142.5,59,0.5,"Entosphenus tridentatus","Fis-48258"
143,59,0.6,"Entosphenus tridentatus","Fis-48258"
143.5,59,0.57,"Entosphenus tridentatus","Fis-48258"
144,59,0.52,"Entosphenus tridentatus","Fis-48258"
144.5,59,0.49,"Entosphenus tridentatus","Fis-48258"
145,59,0.6,"Entosphenus tridentatus","Fis-48258"
145.5,59,0.6,"Entosphenus tridentatus","Fis-48258"
146,59,0.55,"Entosphenus tridentatus","Fis-48258"
146.5,59,0.47,"Entosphenus tridentatus","Fis-48258"
147,59,0.51,"Entosphenus tridentatus","Fis-48258"
147.5,59,0.36,"Entosphenus tridentatus","Fis-48258"
148,59,0.27,"Entosphenus tridentatus","Fis-48258"
148.5,59,0.18,"Entosphenus tridentatus","Fis-48258"
149,59,0.18,"Entosphenus tridentatus","Fis-48258"
149.5,59,0.21,"Entosphenus tridentatus","Fis-48258"
150,59,0.24,"Entosphenus tridentatus","Fis-48258"
150.5,59,0.18,"Entosphenus tridentatus","Fis-48258"
151,59,0.37,"Entosphenus tridentatus","Fis-48258"
151.5,59,0.35,"Entosphenus tridentatus","Fis-48258"
152,59,0.31,"Entosphenus tridentatus","Fis-48258"
152.5,59,0.2,"Entosphenus tridentatus","Fis-48258"
153,59,0.04,"Entosphenus tridentatus","Fis-48258"
153.5,59,0.04,"Entosphenus tridentatus","Fis-48258"
156.5,59,0.01,"Entosphenus tridentatus","Fis-48258"
158,59,0.02,"Entosphenus tridentatus","Fis-48258"
158.5,59,0.06,"Entosphenus tridentatus","Fis-48258"
159,59,0.1,"Entosphenus tridentatus","Fis-48258"
159.5,59,0.15,"Entosphenus tridentatus","Fis-48258"
160,59,0.19,"Entosphenus tridentatus","Fis-48258"
160.5,59,0.17,"Entosphenus tridentatus","Fis-48258"
163.5,59,0.26,"Entosphenus tridentatus","Fis-48258"
164,59,0.35,"Entosphenus tridentatus","Fis-48258"
164.5,59,0.47,"Entosphenus tridentatus","Fis-48258"
165,59,0.65,"Entosphenus tridentatus","Fis-48258"
165.5,59,0.92,"Entosphenus tridentatus","Fis-48258"
166,59,1,"Entosphenus tridentatus","Fis-48258"
166.5,59,1,"Entosphenus tridentatus","Fis-48258"
167,59,1,"Entosphenus tridentatus","Fis-48258"
167.5,59,0.03,"Entosphenus tridentatus","Fis-48258"
170,59,1,"Entosphenus tridentatus","Fis-48258"
170.5,59,1,"Entosphenus tridentatus","Fis-48258"
171,59,1,"Entosphenus tridentatus","Fis-48258"
171.5,59,0.41,"Entosphenus tridentatus","Fis-48258"
-178,58.5,0.49,"Entosphenus tridentatus","Fis-48258"
-177.5,58.5,0.59,"Entosphenus tridentatus","Fis-48258"
-177,58.5,0.69,"Entosphenus tridentatus","Fis-48258"
-176.5,58.5,0.81,"Entosphenus tridentatus","Fis-48258"
-176,58.5,0.91,"Entosphenus tridentatus","Fis-48258"
-175.5,58.5,1,"Entosphenus tridentatus","Fis-48258"
-175,58.5,1,"Entosphenus tridentatus","Fis-48258"
-174.5,58.5,1,"Entosphenus tridentatus","Fis-48258"
-174,58.5,0.89,"Entosphenus tridentatus","Fis-48258"
-173.5,58.5,0.53,"Entosphenus tridentatus","Fis-48258"
-173,58.5,0.46,"Entosphenus tridentatus","Fis-48258"
-172.5,58.5,0.35,"Entosphenus tridentatus","Fis-48258"
-172,58.5,0.23,"Entosphenus tridentatus","Fis-48258"
-171.5,58.5,0.11,"Entosphenus tridentatus","Fis-48258"
-171,58.5,0.02,"Entosphenus tridentatus","Fis-48258"
-159,58.5,0.12,"Entosphenus tridentatus","Fis-48258"
-154,58.5,0.01,"Entosphenus tridentatus","Fis-48258"
-153.5,58.5,1,"Entosphenus tridentatus","Fis-48258"
-153,58.5,1,"Entosphenus tridentatus","Fis-48258"
-152.5,58.5,1,"Entosphenus tridentatus","Fis-48258"
-152,58.5,1,"Entosphenus tridentatus","Fis-48258"
-151.5,58.5,1,"Entosphenus tridentatus","Fis-48258"
-151,58.5,0.92,"Entosphenus tridentatus","Fis-48258"
-150.5,58.5,1,"Entosphenus tridentatus","Fis-48258"
-150,58.5,1,"Entosphenus tridentatus","Fis-48258"
-149.5,58.5,1,"Entosphenus tridentatus","Fis-48258"
-149,58.5,1,"Entosphenus tridentatus","Fis-48258"
-148.5,58.5,1,"Entosphenus tridentatus","Fis-48258"
-148,58.5,1,"Entosphenus tridentatus","Fis-48258"
-147.5,58.5,1,"Entosphenus tridentatus","Fis-48258"
-147,58.5,0.14,"Entosphenus tridentatus","Fis-48258"
-141.5,58.5,0.24,"Entosphenus tridentatus","Fis-48258"
-141,58.5,1,"Entosphenus tridentatus","Fis-48258"
-140.5,58.5,1,"Entosphenus tridentatus","Fis-48258"
-140,58.5,1,"Entosphenus tridentatus","Fis-48258"
-139.5,58.5,1,"Entosphenus tridentatus","Fis-48258"
-139,58.5,1,"Entosphenus tridentatus","Fis-48258"
-138.5,58.5,1,"Entosphenus tridentatus","Fis-48258"
-138,58.5,1,"Entosphenus tridentatus","Fis-48258"
-137.5,58.5,1,"Entosphenus tridentatus","Fis-48258"
-137,58.5,1,"Entosphenus tridentatus","Fis-48258"
-136.5,58.5,1,"Entosphenus tridentatus","Fis-48258"
-136,58.5,1,"Entosphenus tridentatus","Fis-48258"
-135.5,58.5,0.51,"Entosphenus tridentatus","Fis-48258"
-135,58.5,1,"Entosphenus tridentatus","Fis-48258"
-134.5,58.5,1,"Entosphenus tridentatus","Fis-48258"
141.5,58.5,0.48,"Entosphenus tridentatus","Fis-48258"
142,58.5,0.42,"Entosphenus tridentatus","Fis-48258"
142.5,58.5,0.42,"Entosphenus tridentatus","Fis-48258"
143,58.5,0.34,"Entosphenus tridentatus","Fis-48258"
143.5,58.5,0.35,"Entosphenus tridentatus","Fis-48258"
144,58.5,0.35,"Entosphenus tridentatus","Fis-48258"
144.5,58.5,0.36,"Entosphenus tridentatus","Fis-48258"
145,58.5,0.37,"Entosphenus tridentatus","Fis-48258"
145.5,58.5,0.33,"Entosphenus tridentatus","Fis-48258"
146,58.5,0.36,"Entosphenus tridentatus","Fis-48258"
146.5,58.5,0.35,"Entosphenus tridentatus","Fis-48258"
147,58.5,0.33,"Entosphenus tridentatus","Fis-48258"
147.5,58.5,0.26,"Entosphenus tridentatus","Fis-48258"
148,58.5,0.24,"Entosphenus tridentatus","Fis-48258"
148.5,58.5,0.13,"Entosphenus tridentatus","Fis-48258"
149,58.5,0.05,"Entosphenus tridentatus","Fis-48258"
149.5,58.5,0.18,"Entosphenus tridentatus","Fis-48258"
150,58.5,0.13,"Entosphenus tridentatus","Fis-48258"
150.5,58.5,0.13,"Entosphenus tridentatus","Fis-48258"
151,58.5,0.04,"Entosphenus tridentatus","Fis-48258"
151.5,58.5,0.17,"Entosphenus tridentatus","Fis-48258"
152,58.5,0.09,"Entosphenus tridentatus","Fis-48258"
152.5,58.5,0.03,"Entosphenus tridentatus","Fis-48258"
156,58.5,0.03,"Entosphenus tridentatus","Fis-48258"
156.5,58.5,0.07,"Entosphenus tridentatus","Fis-48258"
157,58.5,0.05,"Entosphenus tridentatus","Fis-48258"
157.5,58.5,0.03,"Entosphenus tridentatus","Fis-48258"
158,58.5,0.05,"Entosphenus tridentatus","Fis-48258"
158.5,58.5,0.1,"Entosphenus tridentatus","Fis-48258"
159,58.5,0.16,"Entosphenus tridentatus","Fis-48258"
159.5,58.5,0.21,"Entosphenus tridentatus","Fis-48258"
160,58.5,0.09,"Entosphenus tridentatus","Fis-48258"
162.5,58.5,0.12,"Entosphenus tridentatus","Fis-48258"
163,58.5,0.2,"Entosphenus tridentatus","Fis-48258"
163.5,58.5,0.3,"Entosphenus tridentatus","Fis-48258"
164,58.5,0.55,"Entosphenus tridentatus","Fis-48258"
164.5,58.5,1,"Entosphenus tridentatus","Fis-48258"
165,58.5,1,"Entosphenus tridentatus","Fis-48258"
170,58.5,0.62,"Entosphenus tridentatus","Fis-48258"
170.5,58.5,0.63,"Entosphenus tridentatus","Fis-48258"
171,58.5,0.44,"Entosphenus tridentatus","Fis-48258"
171.5,58.5,0.27,"Entosphenus tridentatus","Fis-48258"
-177.5,58,0.11,"Entosphenus tridentatus","Fis-48258"
-176,58,0.16,"Entosphenus tridentatus","Fis-48258"
-175.5,58,0.78,"Entosphenus tridentatus","Fis-48258"
-175,58,0.86,"Entosphenus tridentatus","Fis-48258"
-174.5,58,0.94,"Entosphenus tridentatus","Fis-48258"
-174,58,1,"Entosphenus tridentatus","Fis-48258"
-173.5,58,1,"Entosphenus tridentatus","Fis-48258"
-173,58,0.92,"Entosphenus tridentatus","Fis-48258"
-172.5,58,0.75,"Entosphenus tridentatus","Fis-48258"
-172,58,0.5,"Entosphenus tridentatus","Fis-48258"
-171.5,58,0.36,"Entosphenus tridentatus","Fis-48258"
-171,58,0.26,"Entosphenus tridentatus","Fis-48258"
-170.5,58,0.08,"Entosphenus tridentatus","Fis-48258"
-170,58,0.01,"Entosphenus tridentatus","Fis-48258"
-158,58,0.09,"Entosphenus tridentatus","Fis-48258"
-157.5,58,0.34,"Entosphenus tridentatus","Fis-48258"
-157,58,0.03,"Entosphenus tridentatus","Fis-48258"
-155,58,0.01,"Entosphenus tridentatus","Fis-48258"
-154.5,58,1,"Entosphenus tridentatus","Fis-48258"
-154,58,1,"Entosphenus tridentatus","Fis-48258"
-153.5,58,1,"Entosphenus tridentatus","Fis-48258"
-153,58,1,"Entosphenus tridentatus","Fis-48258"
-152.5,58,1,"Entosphenus tridentatus","Fis-48258"
-152,58,0.91,"Entosphenus tridentatus","Fis-48258"
-151.5,58,0.98,"Entosphenus tridentatus","Fis-48258"
-151,58,0.87,"Entosphenus tridentatus","Fis-48258"
-150.5,58,0.79,"Entosphenus tridentatus","Fis-48258"
-150,58,1,"Entosphenus tridentatus","Fis-48258"
-149.5,58,1,"Entosphenus tridentatus","Fis-48258"
-149,58,1,"Entosphenus tridentatus","Fis-48258"
-148.5,58,1,"Entosphenus tridentatus","Fis-48258"
-148,58,1,"Entosphenus tridentatus","Fis-48258"
-147.5,58,0.16,"Entosphenus tridentatus","Fis-48258"
-139.5,58,1,"Entosphenus tridentatus","Fis-48258"
-139,58,1,"Entosphenus tridentatus","Fis-48258"
-138.5,58,1,"Entosphenus tridentatus","Fis-48258"
-138,58,1,"Entosphenus tridentatus","Fis-48258"
-137.5,58,1,"Entosphenus tridentatus","Fis-48258"
-137,58,1,"Entosphenus tridentatus","Fis-48258"
-136.5,58,1,"Entosphenus tridentatus","Fis-48258"
-136,58,1,"Entosphenus tridentatus","Fis-48258"
-135.5,58,1,"Entosphenus tridentatus","Fis-48258"
-135,58,1,"Entosphenus tridentatus","Fis-48258"
-134.5,58,1,"Entosphenus tridentatus","Fis-48258"
-134,58,1,"Entosphenus tridentatus","Fis-48258"
-133.5,58,1,"Entosphenus tridentatus","Fis-48258"
141,58,0.59,"Entosphenus tridentatus","Fis-48258"
141.5,58,0.49,"Entosphenus tridentatus","Fis-48258"
142,58,0.3,"Entosphenus tridentatus","Fis-48258"
142.5,58,0.28,"Entosphenus tridentatus","Fis-48258"
143,58,0.24,"Entosphenus tridentatus","Fis-48258"
143.5,58,0.17,"Entosphenus tridentatus","Fis-48258"
144,58,0.15,"Entosphenus tridentatus","Fis-48258"
144.5,58,0.17,"Entosphenus tridentatus","Fis-48258"
145,58,0.11,"Entosphenus tridentatus","Fis-48258"
145.5,58,0.11,"Entosphenus tridentatus","Fis-48258"
146,58,0.12,"Entosphenus tridentatus","Fis-48258"
146.5,58,0.12,"Entosphenus tridentatus","Fis-48258"
147,58,0.14,"Entosphenus tridentatus","Fis-48258"
147.5,58,0.1,"Entosphenus tridentatus","Fis-48258"
148,58,0.09,"Entosphenus tridentatus","Fis-48258"
148.5,58,0.07,"Entosphenus tridentatus","Fis-48258"
149,58,0.05,"Entosphenus tridentatus","Fis-48258"
149.5,58,0.07,"Entosphenus tridentatus","Fis-48258"
150,58,0.18,"Entosphenus tridentatus","Fis-48258"
150.5,58,0.27,"Entosphenus tridentatus","Fis-48258"
151,58,0.14,"Entosphenus tridentatus","Fis-48258"
151.5,58,0.23,"Entosphenus tridentatus","Fis-48258"
152,58,0.25,"Entosphenus tridentatus","Fis-48258"
152.5,58,0.19,"Entosphenus tridentatus","Fis-48258"
153,58,0.15,"Entosphenus tridentatus","Fis-48258"
153.5,58,0.13,"Entosphenus tridentatus","Fis-48258"
154,58,0.14,"Entosphenus tridentatus","Fis-48258"
154.5,58,0.2,"Entosphenus tridentatus","Fis-48258"
155,58,0.27,"Entosphenus tridentatus","Fis-48258"
155.5,58,0.35,"Entosphenus tridentatus","Fis-48258"
156,58,0.36,"Entosphenus tridentatus","Fis-48258"
156.5,58,0.28,"Entosphenus tridentatus","Fis-48258"
157,58,0.18,"Entosphenus tridentatus","Fis-48258"
157.5,58,0.13,"Entosphenus tridentatus","Fis-48258"
158,58,0.13,"Entosphenus tridentatus","Fis-48258"
158.5,58,0.2,"Entosphenus tridentatus","Fis-48258"
159,58,0.24,"Entosphenus tridentatus","Fis-48258"
159.5,58,0.08,"Entosphenus tridentatus","Fis-48258"
163,58,0.09,"Entosphenus tridentatus","Fis-48258"
163.5,58,0.59,"Entosphenus tridentatus","Fis-48258"
164,58,0.99,"Entosphenus tridentatus","Fis-48258"
164.5,58,0.41,"Entosphenus tridentatus","Fis-48258"
170,58,0.18,"Entosphenus tridentatus","Fis-48258"
170.5,58,0.28,"Entosphenus tridentatus","Fis-48258"
171,58,0.26,"Entosphenus tridentatus","Fis-48258"
171.5,58,0.15,"Entosphenus tridentatus","Fis-48258"
-174.5,57.5,0.03,"Entosphenus tridentatus","Fis-48258"
-174,57.5,0.98,"Entosphenus tridentatus","Fis-48258"
-173.5,57.5,1,"Entosphenus tridentatus","Fis-48258"
-173,57.5,1,"Entosphenus tridentatus","Fis-48258"
-172.5,57.5,1,"Entosphenus tridentatus","Fis-48258"
-172,57.5,0.89,"Entosphenus tridentatus","Fis-48258"
-171.5,57.5,0.7,"Entosphenus tridentatus","Fis-48258"
-171,57.5,0.44,"Entosphenus tridentatus","Fis-48258"
-170.5,57.5,0.22,"Entosphenus tridentatus","Fis-48258"
-170,57.5,0.14,"Entosphenus tridentatus","Fis-48258"
-169.5,57.5,0.09,"Entosphenus tridentatus","Fis-48258"
-169,57.5,0.07,"Entosphenus tridentatus","Fis-48258"
-168.5,57.5,0.08,"Entosphenus tridentatus","Fis-48258"
-168,57.5,0.07,"Entosphenus tridentatus","Fis-48258"
-167.5,57.5,0.04,"Entosphenus tridentatus","Fis-48258"
-167,57.5,0.02,"Entosphenus tridentatus","Fis-48258"
-166.5,57.5,0.01,"Entosphenus tridentatus","Fis-48258"
-166,57.5,0.02,"Entosphenus tridentatus","Fis-48258"
-165.5,57.5,0.02,"Entosphenus tridentatus","Fis-48258"
-165,57.5,0.02,"Entosphenus tridentatus","Fis-48258"
-164.5,57.5,0.02,"Entosphenus tridentatus","Fis-48258"
-164,57.5,0.02,"Entosphenus tridentatus","Fis-48258"
-163.5,57.5,0.01,"Entosphenus tridentatus","Fis-48258"
-162,57.5,0.02,"Entosphenus tridentatus","Fis-48258"
-161.5,57.5,0.03,"Entosphenus tridentatus","Fis-48258"
-161,57.5,0.04,"Entosphenus tridentatus","Fis-48258"
-160.5,57.5,0.05,"Entosphenus tridentatus","Fis-48258"
-160,57.5,0.04,"Entosphenus tridentatus","Fis-48258"
-157.5,57.5,0.05,"Entosphenus tridentatus","Fis-48258"
-157,57.5,0.01,"Entosphenus tridentatus","Fis-48258"
-156,57.5,0.21,"Entosphenus tridentatus","Fis-48258"
-155.5,57.5,1,"Entosphenus tridentatus","Fis-48258"
-155,57.5,1,"Entosphenus tridentatus","Fis-48258"
-154.5,57.5,1,"Entosphenus tridentatus","Fis-48258"
-154,57.5,1,"Entosphenus tridentatus","Fis-48258"
-153.5,57.5,1,"Entosphenus tridentatus","Fis-48258"
-153,57.5,0.25,"Entosphenus tridentatus","Fis-48258"
-152.5,57.5,0.46,"Entosphenus tridentatus","Fis-48258"
-152,57.5,0.99,"Entosphenus tridentatus","Fis-48258"
-151.5,57.5,0.9,"Entosphenus tridentatus","Fis-48258"
-151,57.5,0.78,"Entosphenus tridentatus","Fis-48258"
-150.5,57.5,0.66,"Entosphenus tridentatus","Fis-48258"
-150,57.5,1,"Entosphenus tridentatus","Fis-48258"
-149.5,57.5,1,"Entosphenus tridentatus","Fis-48258"
-149,57.5,1,"Entosphenus tridentatus","Fis-48258"
-148.5,57.5,1,"Entosphenus tridentatus","Fis-48258"
-148,57.5,0.42,"Entosphenus tridentatus","Fis-48258"
-138,57.5,1,"Entosphenus tridentatus","Fis-48258"
-137.5,57.5,1,"Entosphenus tridentatus","Fis-48258"
-137,57.5,1,"Entosphenus tridentatus","Fis-48258"
-136.5,57.5,1,"Entosphenus tridentatus","Fis-48258"
-136,57.5,1,"Entosphenus tridentatus","Fis-48258"
-135.5,57.5,0.53,"Entosphenus tridentatus","Fis-48258"
-135,57.5,1,"Entosphenus tridentatus","Fis-48258"
-134.5,57.5,1,"Entosphenus tridentatus","Fis-48258"
-134,57.5,0.79,"Entosphenus tridentatus","Fis-48258"
-133.5,57.5,1,"Entosphenus tridentatus","Fis-48258"
-133,57.5,1,"Entosphenus tridentatus","Fis-48258"
-132.5,57.5,0.01,"Entosphenus tridentatus","Fis-48258"
140,57.5,0.46,"Entosphenus tridentatus","Fis-48258"
140.5,57.5,0.47,"Entosphenus tridentatus","Fis-48258"
141,57.5,0.21,"Entosphenus tridentatus","Fis-48258"
141.5,57.5,0.28,"Entosphenus tridentatus","Fis-48258"
142,57.5,0.22,"Entosphenus tridentatus","Fis-48258"
142.5,57.5,0.17,"Entosphenus tridentatus","Fis-48258"
143,57.5,0.09,"Entosphenus tridentatus","Fis-48258"
143.5,57.5,0.04,"Entosphenus tridentatus","Fis-48258"
144,57.5,0.02,"Entosphenus tridentatus","Fis-48258"
144.5,57.5,0.02,"Entosphenus tridentatus","Fis-48258"
145,57.5,0.02,"Entosphenus tridentatus","Fis-48258"
145.5,57.5,0.02,"Entosphenus tridentatus","Fis-48258"
146,57.5,0.02,"Entosphenus tridentatus","Fis-48258"
146.5,57.5,0.02,"Entosphenus tridentatus","Fis-48258"
147,57.5,0.02,"Entosphenus tridentatus","Fis-48258"
147.5,57.5,0.02,"Entosphenus tridentatus","Fis-48258"
148,57.5,0.02,"Entosphenus tridentatus","Fis-48258"
148.5,57.5,0.02,"Entosphenus tridentatus","Fis-48258"
149,57.5,0.06,"Entosphenus tridentatus","Fis-48258"
149.5,57.5,0.09,"Entosphenus tridentatus","Fis-48258"
150,57.5,0.15,"Entosphenus tridentatus","Fis-48258"
150.5,57.5,0.22,"Entosphenus tridentatus","Fis-48258"
151,57.5,0.28,"Entosphenus tridentatus","Fis-48258"
151.5,57.5,0.47,"Entosphenus tridentatus","Fis-48258"
152,57.5,0.63,"Entosphenus tridentatus","Fis-48258"
152.5,57.5,0.64,"Entosphenus tridentatus","Fis-48258"
153,57.5,0.64,"Entosphenus tridentatus","Fis-48258"
153.5,57.5,0.67,"Entosphenus tridentatus","Fis-48258"
154,57.5,0.71,"Entosphenus tridentatus","Fis-48258"
154.5,57.5,0.75,"Entosphenus tridentatus","Fis-48258"
155,57.5,0.76,"Entosphenus tridentatus","Fis-48258"
155.5,57.5,0.7,"Entosphenus tridentatus","Fis-48258"
156,57.5,0.58,"Entosphenus tridentatus","Fis-48258"
156.5,57.5,0.47,"Entosphenus tridentatus","Fis-48258"
157,57.5,0.36,"Entosphenus tridentatus","Fis-48258"
157.5,57.5,0.09,"Entosphenus tridentatus","Fis-48258"
158,57.5,0.1,"Entosphenus tridentatus","Fis-48258"
163,57.5,0.16,"Entosphenus tridentatus","Fis-48258"
163.5,57.5,0.71,"Entosphenus tridentatus","Fis-48258"
164,57.5,1,"Entosphenus tridentatus","Fis-48258"
170.5,57.5,0.08,"Entosphenus tridentatus","Fis-48258"
171,57.5,0.1,"Entosphenus tridentatus","Fis-48258"
171.5,57.5,0.06,"Entosphenus tridentatus","Fis-48258"
-174,57,0.71,"Entosphenus tridentatus","Fis-48258"
-173.5,57,1,"Entosphenus tridentatus","Fis-48258"
-173,57,1,"Entosphenus tridentatus","Fis-48258"
-172.5,57,1,"Entosphenus tridentatus","Fis-48258"
-172,57,0.75,"Entosphenus tridentatus","Fis-48258"
-171.5,57,1,"Entosphenus tridentatus","Fis-48258"
-171,57,0.86,"Entosphenus tridentatus","Fis-48258"
-170.5,57,0.51,"Entosphenus tridentatus","Fis-48258"
-170,57,0.16,"Entosphenus tridentatus","Fis-48258"
-169.5,57,0.17,"Entosphenus tridentatus","Fis-48258"
-169,57,0.3,"Entosphenus tridentatus","Fis-48258"
-168.5,57,0.38,"Entosphenus tridentatus","Fis-48258"
-168,57,0.37,"Entosphenus tridentatus","Fis-48258"
-167.5,57,0.29,"Entosphenus tridentatus","Fis-48258"
-167,57,0.19,"Entosphenus tridentatus","Fis-48258"
-166.5,57,0.13,"Entosphenus tridentatus","Fis-48258"
-166,57,0.13,"Entosphenus tridentatus","Fis-48258"
-165.5,57,0.12,"Entosphenus tridentatus","Fis-48258"
-165,57,0.11,"Entosphenus tridentatus","Fis-48258"
-164.5,57,0.13,"Entosphenus tridentatus","Fis-48258"
-164,57,0.14,"Entosphenus tridentatus","Fis-48258"
-163.5,57,0.16,"Entosphenus tridentatus","Fis-48258"
-163,57,0.12,"Entosphenus tridentatus","Fis-48258"
-162.5,57,0.08,"Entosphenus tridentatus","Fis-48258"
-162,57,0.1,"Entosphenus tridentatus","Fis-48258"
-161.5,57,0.16,"Entosphenus tridentatus","Fis-48258"
-161,57,0.26,"Entosphenus tridentatus","Fis-48258"
-160.5,57,0.37,"Entosphenus tridentatus","Fis-48258"
-160,57,0.37,"Entosphenus tridentatus","Fis-48258"
-159.5,57,0.21,"Entosphenus tridentatus","Fis-48258"
-159,57,0.06,"Entosphenus tridentatus","Fis-48258"
-158.5,57,0.01,"Entosphenus tridentatus","Fis-48258"
-158,57,0.02,"Entosphenus tridentatus","Fis-48258"
-157.5,57,0.06,"Entosphenus tridentatus","Fis-48258"
-156.5,57,1,"Entosphenus tridentatus","Fis-48258"
-156,57,1,"Entosphenus tridentatus","Fis-48258"
-155.5,57,1,"Entosphenus tridentatus","Fis-48258"
-155,57,1,"Entosphenus tridentatus","Fis-48258"
-154.5,57,1,"Entosphenus tridentatus","Fis-48258"
-154,57,0.26,"Entosphenus tridentatus","Fis-48258"
-153.5,57,0.41,"Entosphenus tridentatus","Fis-48258"
-153,57,0.44,"Entosphenus tridentatus","Fis-48258"
-152.5,57,0.82,"Entosphenus tridentatus","Fis-48258"
-152,57,0.78,"Entosphenus tridentatus","Fis-48258"
-151.5,57,0.68,"Entosphenus tridentatus","Fis-48258"
-151,57,1,"Entosphenus tridentatus","Fis-48258"
-150.5,57,1,"Entosphenus tridentatus","Fis-48258"
-150,57,1,"Entosphenus tridentatus","Fis-48258"
-149.5,57,0.74,"Entosphenus tridentatus","Fis-48258"
-136.5,57,0.63,"Entosphenus tridentatus","Fis-48258"
-136,57,1,"Entosphenus tridentatus","Fis-48258"
-135.5,57,0.84,"Entosphenus tridentatus","Fis-48258"
-135,57,0.54,"Entosphenus tridentatus","Fis-48258"
-134.5,57,1,"Entosphenus tridentatus","Fis-48258"
-134,57,1,"Entosphenus tridentatus","Fis-48258"
-133.5,57,1,"Entosphenus tridentatus","Fis-48258"
-133,57,1,"Entosphenus tridentatus","Fis-48258"
-132.5,57,1,"Entosphenus tridentatus","Fis-48258"
139,57,0.42,"Entosphenus tridentatus","Fis-48258"
139.5,57,0.57,"Entosphenus tridentatus","Fis-48258"
140,57,0.46,"Entosphenus tridentatus","Fis-48258"
140.5,57,0.33,"Entosphenus tridentatus","Fis-48258"
141,57,0.22,"Entosphenus tridentatus","Fis-48258"
141.5,57,0.17,"Entosphenus tridentatus","Fis-48258"
142,57,0.09,"Entosphenus tridentatus","Fis-48258"
142.5,57,0.03,"Entosphenus tridentatus","Fis-48258"
143,57,0.01,"Entosphenus tridentatus","Fis-48258"
144.5,57,0.01,"Entosphenus tridentatus","Fis-48258"
145,57,0.01,"Entosphenus tridentatus","Fis-48258"
145.5,57,0.02,"Entosphenus tridentatus","Fis-48258"
146,57,0.01,"Entosphenus tridentatus","Fis-48258"
146.5,57,0.01,"Entosphenus tridentatus","Fis-48258"
147,57,0.02,"Entosphenus tridentatus","Fis-48258"
147.5,57,0.02,"Entosphenus tridentatus","Fis-48258"
148,57,0.02,"Entosphenus tridentatus","Fis-48258"
148.5,57,0.04,"Entosphenus tridentatus","Fis-48258"
149,57,0.06,"Entosphenus tridentatus","Fis-48258"
149.5,57,0.11,"Entosphenus tridentatus","Fis-48258"
150,57,0.17,"Entosphenus tridentatus","Fis-48258"
150.5,57,0.24,"Entosphenus tridentatus","Fis-48258"
151,57,0.36,"Entosphenus tridentatus","Fis-48258"
151.5,57,0.48,"Entosphenus tridentatus","Fis-48258"
152,57,0.64,"Entosphenus tridentatus","Fis-48258"
152.5,57,0.8,"Entosphenus tridentatus","Fis-48258"
153,57,0.97,"Entosphenus tridentatus","Fis-48258"
153.5,57,1,"Entosphenus tridentatus","Fis-48258"
154,57,1,"Entosphenus tridentatus","Fis-48258"
154.5,57,0.99,"Entosphenus tridentatus","Fis-48258"
155,57,0.91,"Entosphenus tridentatus","Fis-48258"
155.5,57,0.83,"Entosphenus tridentatus","Fis-48258"
156,57,0.77,"Entosphenus tridentatus","Fis-48258"
156.5,57,0.75,"Entosphenus tridentatus","Fis-48258"
157,57,0.72,"Entosphenus tridentatus","Fis-48258"
157.5,57,0.04,"Entosphenus tridentatus","Fis-48258"
163,57,0.86,"Entosphenus tridentatus","Fis-48258"
163.5,57,0.92,"Entosphenus tridentatus","Fis-48258"
164,57,0.52,"Entosphenus tridentatus","Fis-48258"
-173.5,56.5,1,"Entosphenus tridentatus","Fis-48258"
-173,56.5,1,"Entosphenus tridentatus","Fis-48258"
-172.5,56.5,1,"Entosphenus tridentatus","Fis-48258"
-172,56.5,1,"Entosphenus tridentatus","Fis-48258"
-171.5,56.5,1,"Entosphenus tridentatus","Fis-48258"
-171,56.5,1,"Entosphenus tridentatus","Fis-48258"
-170.5,56.5,0.98,"Entosphenus tridentatus","Fis-48258"
-170,56.5,0.6,"Entosphenus tridentatus","Fis-48258"
-169.5,56.5,0.93,"Entosphenus tridentatus","Fis-48258"
-169,56.5,1,"Entosphenus tridentatus","Fis-48258"
-168.5,56.5,0.67,"Entosphenus tridentatus","Fis-48258"
-168,56.5,0.66,"Entosphenus tridentatus","Fis-48258"
-167.5,56.5,0.63,"Entosphenus tridentatus","Fis-48258"
-167,56.5,0.55,"Entosphenus tridentatus","Fis-48258"
-166.5,56.5,0.52,"Entosphenus tridentatus","Fis-48258"
-166,56.5,0.42,"Entosphenus tridentatus","Fis-48258"
-165.5,56.5,0.35,"Entosphenus tridentatus","Fis-48258"
-165,56.5,0.33,"Entosphenus tridentatus","Fis-48258"
-164.5,56.5,0.33,"Entosphenus tridentatus","Fis-48258"
-164,56.5,0.35,"Entosphenus tridentatus","Fis-48258"
-163.5,56.5,0.39,"Entosphenus tridentatus","Fis-48258"
-163,56.5,0.39,"Entosphenus tridentatus","Fis-48258"
-162.5,56.5,0.38,"Entosphenus tridentatus","Fis-48258"
-162,56.5,0.38,"Entosphenus tridentatus","Fis-48258"
-161.5,56.5,0.46,"Entosphenus tridentatus","Fis-48258"
-161,56.5,0.41,"Entosphenus tridentatus","Fis-48258"
-160.5,56.5,0.52,"Entosphenus tridentatus","Fis-48258"
-160,56.5,0.53,"Entosphenus tridentatus","Fis-48258"
-159.5,56.5,0.35,"Entosphenus tridentatus","Fis-48258"
-159,56.5,0.3,"Entosphenus tridentatus","Fis-48258"
-158.5,56.5,0.46,"Entosphenus tridentatus","Fis-48258"
-158,56.5,0.05,"Entosphenus tridentatus","Fis-48258"
-157.5,56.5,1,"Entosphenus tridentatus","Fis-48258"
-157,56.5,1,"Entosphenus tridentatus","Fis-48258"
-156.5,56.5,0.94,"Entosphenus tridentatus","Fis-48258"
-156,56.5,1,"Entosphenus tridentatus","Fis-48258"
-155.5,56.5,1,"Entosphenus tridentatus","Fis-48258"
-155,56.5,1,"Entosphenus tridentatus","Fis-48258"
-154.5,56.5,0.68,"Entosphenus tridentatus","Fis-48258"
-154,56.5,0.25,"Entosphenus tridentatus","Fis-48258"
-153.5,56.5,0.76,"Entosphenus tridentatus","Fis-48258"
-153,56.5,0.83,"Entosphenus tridentatus","Fis-48258"
-152.5,56.5,1,"Entosphenus tridentatus","Fis-48258"
-152,56.5,1,"Entosphenus tridentatus","Fis-48258"
-151.5,56.5,1,"Entosphenus tridentatus","Fis-48258"
-151,56.5,1,"Entosphenus tridentatus","Fis-48258"
-150.5,56.5,0.57,"Entosphenus tridentatus","Fis-48258"
-146,56.5,0.61,"Entosphenus tridentatus","Fis-48258"
-136,56.5,1,"Entosphenus tridentatus","Fis-48258"
-135.5,56.5,1,"Entosphenus tridentatus","Fis-48258"
-135,56.5,0.76,"Entosphenus tridentatus","Fis-48258"
-134.5,56.5,1,"Entosphenus tridentatus","Fis-48258"
-134,56.5,1,"Entosphenus tridentatus","Fis-48258"
-133.5,56.5,0.12,"Entosphenus tridentatus","Fis-48258"
-133,56.5,0.49,"Entosphenus tridentatus","Fis-48258"
-132.5,56.5,1,"Entosphenus tridentatus","Fis-48258"
-132,56.5,1,"Entosphenus tridentatus","Fis-48258"
138.5,56.5,0.39,"Entosphenus tridentatus","Fis-48258"
139,56.5,0.52,"Entosphenus tridentatus","Fis-48258"
139.5,56.5,0.35,"Entosphenus tridentatus","Fis-48258"
140,56.5,0.22,"Entosphenus tridentatus","Fis-48258"
140.5,56.5,0.17,"Entosphenus tridentatus","Fis-48258"
141,56.5,0.06,"Entosphenus tridentatus","Fis-48258"
141.5,56.5,0.01,"Entosphenus tridentatus","Fis-48258"
142,56.5,0.01,"Entosphenus tridentatus","Fis-48258"
142.5,56.5,0.01,"Entosphenus tridentatus","Fis-48258"
143,56.5,0.02,"Entosphenus tridentatus","Fis-48258"
143.5,56.5,0.02,"Entosphenus tridentatus","Fis-48258"
144,56.5,0.01,"Entosphenus tridentatus","Fis-48258"
144.5,56.5,0.01,"Entosphenus tridentatus","Fis-48258"
145,56.5,0.02,"Entosphenus tridentatus","Fis-48258"
145.5,56.5,0.03,"Entosphenus tridentatus","Fis-48258"
146,56.5,0.03,"Entosphenus tridentatus","Fis-48258"
146.5,56.5,0.03,"Entosphenus tridentatus","Fis-48258"
147,56.5,0.03,"Entosphenus tridentatus","Fis-48258"
147.5,56.5,0.04,"Entosphenus tridentatus","Fis-48258"
148,56.5,0.04,"Entosphenus tridentatus","Fis-48258"
148.5,56.5,0.04,"Entosphenus tridentatus","Fis-48258"
149,56.5,0.05,"Entosphenus tridentatus","Fis-48258"
149.5,56.5,0.08,"Entosphenus tridentatus","Fis-48258"
150,56.5,0.13,"Entosphenus tridentatus","Fis-48258"
150.5,56.5,0.23,"Entosphenus tridentatus","Fis-48258"
151,56.5,0.37,"Entosphenus tridentatus","Fis-48258"
151.5,56.5,0.54,"Entosphenus tridentatus","Fis-48258"
152,56.5,0.66,"Entosphenus tridentatus","Fis-48258"
152.5,56.5,0.78,"Entosphenus tridentatus","Fis-48258"
153,56.5,0.91,"Entosphenus tridentatus","Fis-48258"
153.5,56.5,1,"Entosphenus tridentatus","Fis-48258"
154,56.5,0.89,"Entosphenus tridentatus","Fis-48258"
154.5,56.5,1,"Entosphenus tridentatus","Fis-48258"
155,56.5,1,"Entosphenus tridentatus","Fis-48258"
155.5,56.5,0.96,"Entosphenus tridentatus","Fis-48258"
156,56.5,0.91,"Entosphenus tridentatus","Fis-48258"
156.5,56.5,0.41,"Entosphenus tridentatus","Fis-48258"
163,56.5,0.89,"Entosphenus tridentatus","Fis-48258"
163.5,56.5,0.96,"Entosphenus tridentatus","Fis-48258"
164,56.5,0.89,"Entosphenus tridentatus","Fis-48258"
-172.5,56,0.95,"Entosphenus tridentatus","Fis-48258"
-172,56,0.67,"Entosphenus tridentatus","Fis-48258"
-171.5,56,1,"Entosphenus tridentatus","Fis-48258"
-171,56,1,"Entosphenus tridentatus","Fis-48258"
-170.5,56,1,"Entosphenus tridentatus","Fis-48258"
-170,56,1,"Entosphenus tridentatus","Fis-48258"
-169.5,56,1,"Entosphenus tridentatus","Fis-48258"
-169,56,1,"Entosphenus tridentatus","Fis-48258"
-168.5,56,1,"Entosphenus tridentatus","Fis-48258"
-168,56,1,"Entosphenus tridentatus","Fis-48258"
-167.5,56,0.76,"Entosphenus tridentatus","Fis-48258"
-167,56,0.7,"Entosphenus tridentatus","Fis-48258"
-166.5,56,0.66,"Entosphenus tridentatus","Fis-48258"
-166,56,0.63,"Entosphenus tridentatus","Fis-48258"
-165.5,56,0.56,"Entosphenus tridentatus","Fis-48258"
-165,56,0.51,"Entosphenus tridentatus","Fis-48258"
-164.5,56,0.48,"Entosphenus tridentatus","Fis-48258"
-164,56,0.47,"Entosphenus tridentatus","Fis-48258"
-163.5,56,0.45,"Entosphenus tridentatus","Fis-48258"
-163,56,0.44,"Entosphenus tridentatus","Fis-48258"
-162.5,56,0.42,"Entosphenus tridentatus","Fis-48258"
-162,56,0.43,"Entosphenus tridentatus","Fis-48258"
-161.5,56,0.47,"Entosphenus tridentatus","Fis-48258"
-161,56,0.36,"Entosphenus tridentatus","Fis-48258"
-160.5,56,0.33,"Entosphenus tridentatus","Fis-48258"
-160,56,0.31,"Entosphenus tridentatus","Fis-48258"
-159.5,56,0.04,"Entosphenus tridentatus","Fis-48258"
-158.5,56,0.03,"Entosphenus tridentatus","Fis-48258"
-158,56,1,"Entosphenus tridentatus","Fis-48258"
-157.5,56,1,"Entosphenus tridentatus","Fis-48258"
-157,56,0.98,"Entosphenus tridentatus","Fis-48258"
-156.5,56,1,"Entosphenus tridentatus","Fis-48258"
-156,56,1,"Entosphenus tridentatus","Fis-48258"
-155.5,56,1,"Entosphenus tridentatus","Fis-48258"
-155,56,0.39,"Entosphenus tridentatus","Fis-48258"
-154.5,56,1,"Entosphenus tridentatus","Fis-48258"
-154,56,1,"Entosphenus tridentatus","Fis-48258"
-153.5,56,1,"Entosphenus tridentatus","Fis-48258"
-153,56,1,"Entosphenus tridentatus","Fis-48258"
-152.5,56,1,"Entosphenus tridentatus","Fis-48258"
-152,56,1,"Entosphenus tridentatus","Fis-48258"
-151.5,56,0.6,"Entosphenus tridentatus","Fis-48258"
-146,56,0.32,"Entosphenus tridentatus","Fis-48258"
-145,56,0.19,"Entosphenus tridentatus","Fis-48258"
-144,56,0.24,"Entosphenus tridentatus","Fis-48258"
-142.5,56,0.32,"Entosphenus tridentatus","Fis-48258"
-142,56,0.42,"Entosphenus tridentatus","Fis-48258"
-135.5,56,1,"Entosphenus tridentatus","Fis-48258"
-135,56,1,"Entosphenus tridentatus","Fis-48258"
-134.5,56,1,"Entosphenus tridentatus","Fis-48258"
-134,56,1,"Entosphenus tridentatus","Fis-48258"
-133.5,56,1,"Entosphenus tridentatus","Fis-48258"
-133,56,1,"Entosphenus tridentatus","Fis-48258"
-132.5,56,1,"Entosphenus tridentatus","Fis-48258"
-132,56,0.82,"Entosphenus tridentatus","Fis-48258"
-131.5,56,0.36,"Entosphenus tridentatus","Fis-48258"
-131,56,0.01,"Entosphenus tridentatus","Fis-48258"
137.5,56,0.22,"Entosphenus tridentatus","Fis-48258"
138,56,0.34,"Entosphenus tridentatus","Fis-48258"
138.5,56,0.45,"Entosphenus tridentatus","Fis-48258"
139,56,0.26,"Entosphenus tridentatus","Fis-48258"
139.5,56,0.17,"Entosphenus tridentatus","Fis-48258"
140,56,0.06,"Entosphenus tridentatus","Fis-48258"
142.5,56,0.01,"Entosphenus tridentatus","Fis-48258"
143,56,0.07,"Entosphenus tridentatus","Fis-48258"
143.5,56,0.07,"Entosphenus tridentatus","Fis-48258"
144,56,0.05,"Entosphenus tridentatus","Fis-48258"
144.5,56,0.06,"Entosphenus tridentatus","Fis-48258"
145,56,0.06,"Entosphenus tridentatus","Fis-48258"
145.5,56,0.06,"Entosphenus tridentatus","Fis-48258"
146,56,0.06,"Entosphenus tridentatus","Fis-48258"
146.5,56,0.05,"Entosphenus tridentatus","Fis-48258"
147,56,0.05,"Entosphenus tridentatus","Fis-48258"
147.5,56,0.04,"Entosphenus tridentatus","Fis-48258"
148,56,0.04,"Entosphenus tridentatus","Fis-48258"
148.5,56,0.05,"Entosphenus tridentatus","Fis-48258"
149,56,0.06,"Entosphenus tridentatus","Fis-48258"
149.5,56,0.1,"Entosphenus tridentatus","Fis-48258"
150,56,0.14,"Entosphenus tridentatus","Fis-48258"
150.5,56,0.21,"Entosphenus tridentatus","Fis-48258"
151,56,0.29,"Entosphenus tridentatus","Fis-48258"
151.5,56,0.43,"Entosphenus tridentatus","Fis-48258"
152,56,0.56,"Entosphenus tridentatus","Fis-48258"
152.5,56,0.69,"Entosphenus tridentatus","Fis-48258"
153,56,0.87,"Entosphenus tridentatus","Fis-48258"
153.5,56,1,"Entosphenus tridentatus","Fis-48258"
154,56,0.93,"Entosphenus tridentatus","Fis-48258"
154.5,56,1,"Entosphenus tridentatus","Fis-48258"
155,56,1,"Entosphenus tridentatus","Fis-48258"
155.5,56,0.97,"Entosphenus tridentatus","Fis-48258"
156,56,0.95,"Entosphenus tridentatus","Fis-48258"
162.5,56,0.82,"Entosphenus tridentatus","Fis-48258"
163,56,1,"Entosphenus tridentatus","Fis-48258"
163.5,56,1,"Entosphenus tridentatus","Fis-48258"
164,56,1,"Entosphenus tridentatus","Fis-48258"
-170,55.5,1,"Entosphenus tridentatus","Fis-48258"
-169.5,55.5,0.95,"Entosphenus tridentatus","Fis-48258"
-169,55.5,0.46,"Entosphenus tridentatus","Fis-48258"
-168.5,55.5,1,"Entosphenus tridentatus","Fis-48258"
-168,55.5,1,"Entosphenus tridentatus","Fis-48258"
-167.5,55.5,0.8,"Entosphenus tridentatus","Fis-48258"
-167,55.5,0.73,"Entosphenus tridentatus","Fis-48258"
-166.5,55.5,0.7,"Entosphenus tridentatus","Fis-48258"
-166,55.5,0.67,"Entosphenus tridentatus","Fis-48258"
-165.5,55.5,0.62,"Entosphenus tridentatus","Fis-48258"
-165,55.5,0.59,"Entosphenus tridentatus","Fis-48258"
-164.5,55.5,0.54,"Entosphenus tridentatus","Fis-48258"
-164,55.5,0.51,"Entosphenus tridentatus","Fis-48258"
-163.5,55.5,0.48,"Entosphenus tridentatus","Fis-48258"
-163,55.5,0.47,"Entosphenus tridentatus","Fis-48258"
-162.5,55.5,0.42,"Entosphenus tridentatus","Fis-48258"
-162,55.5,0.38,"Entosphenus tridentatus","Fis-48258"
-161.5,55.5,0.23,"Entosphenus tridentatus","Fis-48258"
-161,55.5,0.39,"Entosphenus tridentatus","Fis-48258"
-160.5,55.5,1,"Entosphenus tridentatus","Fis-48258"
-160,55.5,1,"Entosphenus tridentatus","Fis-48258"
-159.5,55.5,1,"Entosphenus tridentatus","Fis-48258"
-159,55.5,1,"Entosphenus tridentatus","Fis-48258"
-158.5,55.5,1,"Entosphenus tridentatus","Fis-48258"
-158,55.5,1,"Entosphenus tridentatus","Fis-48258"
-157.5,55.5,1,"Entosphenus tridentatus","Fis-48258"
-157,55.5,0.76,"Entosphenus tridentatus","Fis-48258"
-156.5,55.5,1,"Entosphenus tridentatus","Fis-48258"
-156,55.5,1,"Entosphenus tridentatus","Fis-48258"
-155.5,55.5,1,"Entosphenus tridentatus","Fis-48258"
-155,55.5,1,"Entosphenus tridentatus","Fis-48258"
-154.5,55.5,1,"Entosphenus tridentatus","Fis-48258"
-154,55.5,1,"Entosphenus tridentatus","Fis-48258"
-153.5,55.5,1,"Entosphenus tridentatus","Fis-48258"
-153,55.5,1,"Entosphenus tridentatus","Fis-48258"
-142,55.5,0.03,"Entosphenus tridentatus","Fis-48258"
-141.5,55.5,0.31,"Entosphenus tridentatus","Fis-48258"
-135.5,55.5,0.39,"Entosphenus tridentatus","Fis-48258"
-135,55.5,1,"Entosphenus tridentatus","Fis-48258"
-134.5,55.5,1,"Entosphenus tridentatus","Fis-48258"
-134,55.5,1,"Entosphenus tridentatus","Fis-48258"
-133.5,55.5,0.7,"Entosphenus tridentatus","Fis-48258"
-133,55.5,0.24,"Entosphenus tridentatus","Fis-48258"
-132.5,55.5,0.79,"Entosphenus tridentatus","Fis-48258"
-132,55.5,0.97,"Entosphenus tridentatus","Fis-48258"
-131.5,55.5,0.93,"Entosphenus tridentatus","Fis-48258"
-131,55.5,1,"Entosphenus tridentatus","Fis-48258"
-130.5,55.5,1,"Entosphenus tridentatus","Fis-48258"
-130,55.5,0.01,"Entosphenus tridentatus","Fis-48258"
-129.5,55.5,0.01,"Entosphenus tridentatus","Fis-48258"
136.5,55.5,0.12,"Entosphenus tridentatus","Fis-48258"
137,55.5,0.17,"Entosphenus tridentatus","Fis-48258"
137.5,55.5,0.31,"Entosphenus tridentatus","Fis-48258"
138,55.5,0.21,"Entosphenus tridentatus","Fis-48258"
138.5,55.5,0.08,"Entosphenus tridentatus","Fis-48258"
143,55.5,0.11,"Entosphenus tridentatus","Fis-48258"
143.5,55.5,0.18,"Entosphenus tridentatus","Fis-48258"
144,55.5,0.2,"Entosphenus tridentatus","Fis-48258"
144.5,55.5,0.17,"Entosphenus tridentatus","Fis-48258"
145,55.5,0.11,"Entosphenus tridentatus","Fis-48258"
145.5,55.5,0.06,"Entosphenus tridentatus","Fis-48258"
146,55.5,0.04,"Entosphenus tridentatus","Fis-48258"
146.5,55.5,0.04,"Entosphenus tridentatus","Fis-48258"
147,55.5,0.04,"Entosphenus tridentatus","Fis-48258"
147.5,55.5,0.03,"Entosphenus tridentatus","Fis-48258"
148,55.5,0.03,"Entosphenus tridentatus","Fis-48258"
148.5,55.5,0.04,"Entosphenus tridentatus","Fis-48258"
149,55.5,0.05,"Entosphenus tridentatus","Fis-48258"
149.5,55.5,0.08,"Entosphenus tridentatus","Fis-48258"
150,55.5,0.12,"Entosphenus tridentatus","Fis-48258"
150.5,55.5,0.18,"Entosphenus tridentatus","Fis-48258"
151,55.5,0.27,"Entosphenus tridentatus","Fis-48258"
151.5,55.5,0.34,"Entosphenus tridentatus","Fis-48258"
152,55.5,0.42,"Entosphenus tridentatus","Fis-48258"
152.5,55.5,0.53,"Entosphenus tridentatus","Fis-48258"
153,55.5,0.71,"Entosphenus tridentatus","Fis-48258"
153.5,55.5,0.98,"Entosphenus tridentatus","Fis-48258"
154,55.5,1,"Entosphenus tridentatus","Fis-48258"
154.5,55.5,1,"Entosphenus tridentatus","Fis-48258"
155,55.5,1,"Entosphenus tridentatus","Fis-48258"
155.5,55.5,0.88,"Entosphenus tridentatus","Fis-48258"
156,55.5,0.22,"Entosphenus tridentatus","Fis-48258"
162,55.5,0.94,"Entosphenus tridentatus","Fis-48258"
162.5,55.5,1,"Entosphenus tridentatus","Fis-48258"
163,55.5,1,"Entosphenus tridentatus","Fis-48258"
163.5,55.5,1,"Entosphenus tridentatus","Fis-48258"
165,55.5,1,"Entosphenus tridentatus","Fis-48258"
165.5,55.5,1,"Entosphenus tridentatus","Fis-48258"
166,55.5,1,"Entosphenus tridentatus","Fis-48258"
166.5,55.5,0.89,"Entosphenus tridentatus","Fis-48258"
-168.5,55,0.03,"Entosphenus tridentatus","Fis-48258"
-168,55,1,"Entosphenus tridentatus","Fis-48258"
-167.5,55,1,"Entosphenus tridentatus","Fis-48258"
-167,55,1,"Entosphenus tridentatus","Fis-48258"
-166.5,55,0.82,"Entosphenus tridentatus","Fis-48258"
-166,55,0.73,"Entosphenus tridentatus","Fis-48258"
-165.5,55,0.69,"Entosphenus tridentatus","Fis-48258"
-165,55,0.62,"Entosphenus tridentatus","Fis-48258"
-164.5,55,0.56,"Entosphenus tridentatus","Fis-48258"
-164,55,0.53,"Entosphenus tridentatus","Fis-48258"
-163.5,55,0.46,"Entosphenus tridentatus","Fis-48258"
-163,55,0.35,"Entosphenus tridentatus","Fis-48258"
-162.5,55,0.19,"Entosphenus tridentatus","Fis-48258"
-162,55,0.41,"Entosphenus tridentatus","Fis-48258"
-161.5,55,0.6,"Entosphenus tridentatus","Fis-48258"
-161,55,0.75,"Entosphenus tridentatus","Fis-48258"
-160.5,55,1,"Entosphenus tridentatus","Fis-48258"
-160,55,0.83,"Entosphenus tridentatus","Fis-48258"
-159.5,55,1,"Entosphenus tridentatus","Fis-48258"
-159,55,1,"Entosphenus tridentatus","Fis-48258"
-158.5,55,1,"Entosphenus tridentatus","Fis-48258"
-158,55,1,"Entosphenus tridentatus","Fis-48258"
-157.5,55,0.74,"Entosphenus tridentatus","Fis-48258"
-157,55,1,"Entosphenus tridentatus","Fis-48258"
-156.5,55,1,"Entosphenus tridentatus","Fis-48258"
-156,55,1,"Entosphenus tridentatus","Fis-48258"
-155.5,55,1,"Entosphenus tridentatus","Fis-48258"
-155,55,0.91,"Entosphenus tridentatus","Fis-48258"
-154.5,55,0.79,"Entosphenus tridentatus","Fis-48258"
-154,55,0.49,"Entosphenus tridentatus","Fis-48258"
-140,55,0.21,"Entosphenus tridentatus","Fis-48258"
-135,55,0.9,"Entosphenus tridentatus","Fis-48258"
-134.5,55,1,"Entosphenus tridentatus","Fis-48258"
-134,55,1,"Entosphenus tridentatus","Fis-48258"
-133.5,55,1,"Entosphenus tridentatus","Fis-48258"
-133,55,0.53,"Entosphenus tridentatus","Fis-48258"
-132.5,55,0.11,"Entosphenus tridentatus","Fis-48258"
-132,55,0.71,"Entosphenus tridentatus","Fis-48258"
-131.5,55,0.71,"Entosphenus tridentatus","Fis-48258"
-131,55,1,"Entosphenus tridentatus","Fis-48258"
-130.5,55,0.56,"Entosphenus tridentatus","Fis-48258"
-130,55,1,"Entosphenus tridentatus","Fis-48258"
-129.5,55,1,"Entosphenus tridentatus","Fis-48258"
136,55,0.07,"Entosphenus tridentatus","Fis-48258"
136.5,55,0.08,"Entosphenus tridentatus","Fis-48258"
143.5,55,0.12,"Entosphenus tridentatus","Fis-48258"
144,55,0.24,"Entosphenus tridentatus","Fis-48258"
144.5,55,0.3,"Entosphenus tridentatus","Fis-48258"
145,55,0.31,"Entosphenus tridentatus","Fis-48258"
145.5,55,0.22,"Entosphenus tridentatus","Fis-48258"
146,55,0.11,"Entosphenus tridentatus","Fis-48258"
146.5,55,0.06,"Entosphenus tridentatus","Fis-48258"
147,55,0.05,"Entosphenus tridentatus","Fis-48258"
147.5,55,0.04,"Entosphenus tridentatus","Fis-48258"
148,55,0.03,"Entosphenus tridentatus","Fis-48258"
148.5,55,0.03,"Entosphenus tridentatus","Fis-48258"
149,55,0.04,"Entosphenus tridentatus","Fis-48258"
149.5,55,0.05,"Entosphenus tridentatus","Fis-48258"
150,55,0.06,"Entosphenus tridentatus","Fis-48258"
150.5,55,0.09,"Entosphenus tridentatus","Fis-48258"
151,55,0.11,"Entosphenus tridentatus","Fis-48258"
151.5,55,0.15,"Entosphenus tridentatus","Fis-48258"
152,55,0.21,"Entosphenus tridentatus","Fis-48258"
152.5,55,0.37,"Entosphenus tridentatus","Fis-48258"
153,55,0.56,"Entosphenus tridentatus","Fis-48258"
153.5,55,0.77,"Entosphenus tridentatus","Fis-48258"
154,55,1,"Entosphenus tridentatus","Fis-48258"
154.5,55,1,"Entosphenus tridentatus","Fis-48258"
155,55,1,"Entosphenus tridentatus","Fis-48258"
155.5,55,1,"Entosphenus tridentatus","Fis-48258"
156,55,0.21,"Entosphenus tridentatus","Fis-48258"
162,55,1,"Entosphenus tridentatus","Fis-48258"
162.5,55,1,"Entosphenus tridentatus","Fis-48258"
165.5,55,1,"Entosphenus tridentatus","Fis-48258"
166,55,1,"Entosphenus tridentatus","Fis-48258"
166.5,55,1,"Entosphenus tridentatus","Fis-48258"
167,55,1,"Entosphenus tridentatus","Fis-48258"
167.5,55,1,"Entosphenus tridentatus","Fis-48258"
-169,54.5,0.02,"Entosphenus tridentatus","Fis-48258"
-168.5,54.5,0.19,"Entosphenus tridentatus","Fis-48258"
-168,54.5,0.15,"Entosphenus tridentatus","Fis-48258"
-167.5,54.5,1,"Entosphenus tridentatus","Fis-48258"
-167,54.5,1,"Entosphenus tridentatus","Fis-48258"
-166.5,54.5,1,"Entosphenus tridentatus","Fis-48258"
-166,54.5,1,"Entosphenus tridentatus","Fis-48258"
-165.5,54.5,1,"Entosphenus tridentatus","Fis-48258"
-165,54.5,1,"Entosphenus tridentatus","Fis-48258"
-164.5,54.5,0.47,"Entosphenus tridentatus","Fis-48258"
-164,54.5,0.76,"Entosphenus tridentatus","Fis-48258"
-163.5,54.5,1,"Entosphenus tridentatus","Fis-48258"
-163,54.5,1,"Entosphenus tridentatus","Fis-48258"
-162.5,54.5,0.72,"Entosphenus tridentatus","Fis-48258"
-162,54.5,1,"Entosphenus tridentatus","Fis-48258"
-161.5,54.5,0.69,"Entosphenus tridentatus","Fis-48258"
-161,54.5,1,"Entosphenus tridentatus","Fis-48258"
-160.5,54.5,0.94,"Entosphenus tridentatus","Fis-48258"
-160,54.5,0.77,"Entosphenus tridentatus","Fis-48258"
-159.5,54.5,1,"Entosphenus tridentatus","Fis-48258"
-159,54.5,1,"Entosphenus tridentatus","Fis-48258"
-158.5,54.5,1,"Entosphenus tridentatus","Fis-48258"
-158,54.5,1,"Entosphenus tridentatus","Fis-48258"
-157.5,54.5,1,"Entosphenus tridentatus","Fis-48258"
-157,54.5,1,"Entosphenus tridentatus","Fis-48258"
-156.5,54.5,0.85,"Entosphenus tridentatus","Fis-48258"
-156,54.5,0.44,"Entosphenus tridentatus","Fis-48258"
-150.5,54.5,0.17,"Entosphenus tridentatus","Fis-48258"
-150,54.5,0.39,"Entosphenus tridentatus","Fis-48258"
-137,54.5,0.32,"Entosphenus tridentatus","Fis-48258"
-136.5,54.5,0.5,"Entosphenus tridentatus","Fis-48258"
-134.5,54.5,0.52,"Entosphenus tridentatus","Fis-48258"
-134,54.5,1,"Entosphenus tridentatus","Fis-48258"
-133.5,54.5,1,"Entosphenus tridentatus","Fis-48258"
-133,54.5,1,"Entosphenus tridentatus","Fis-48258"
-132.5,54.5,1,"Entosphenus tridentatus","Fis-48258"
-132,54.5,1,"Entosphenus tridentatus","Fis-48258"
-131.5,54.5,1,"Entosphenus tridentatus","Fis-48258"
-131,54.5,1,"Entosphenus tridentatus","Fis-48258"
-130.5,54.5,1,"Entosphenus tridentatus","Fis-48258"
-130,54.5,1,"Entosphenus tridentatus","Fis-48258"
-129.5,54.5,0.22,"Entosphenus tridentatus","Fis-48258"
144,54.5,0.17,"Entosphenus tridentatus","Fis-48258"
144.5,54.5,0.42,"Entosphenus tridentatus","Fis-48258"
145,54.5,0.42,"Entosphenus tridentatus","Fis-48258"
145.5,54.5,0.26,"Entosphenus tridentatus","Fis-48258"
146,54.5,0.11,"Entosphenus tridentatus","Fis-48258"
146.5,54.5,0.06,"Entosphenus tridentatus","Fis-48258"
147,54.5,0.05,"Entosphenus tridentatus","Fis-48258"
147.5,54.5,0.04,"Entosphenus tridentatus","Fis-48258"
148,54.5,0.03,"Entosphenus tridentatus","Fis-48258"
148.5,54.5,0.02,"Entosphenus tridentatus","Fis-48258"
149,54.5,0.03,"Entosphenus tridentatus","Fis-48258"
149.5,54.5,0.04,"Entosphenus tridentatus","Fis-48258"
150,54.5,0.06,"Entosphenus tridentatus","Fis-48258"
150.5,54.5,0.08,"Entosphenus tridentatus","Fis-48258"
151,54.5,0.09,"Entosphenus tridentatus","Fis-48258"
151.5,54.5,0.13,"Entosphenus tridentatus","Fis-48258"
152,54.5,0.2,"Entosphenus tridentatus","Fis-48258"
152.5,54.5,0.29,"Entosphenus tridentatus","Fis-48258"
153,54.5,0.43,"Entosphenus tridentatus","Fis-48258"
153.5,54.5,0.71,"Entosphenus tridentatus","Fis-48258"
154,54.5,1,"Entosphenus tridentatus","Fis-48258"
154.5,54.5,1,"Entosphenus tridentatus","Fis-48258"
155,54.5,1,"Entosphenus tridentatus","Fis-48258"
155.5,54.5,1,"Entosphenus tridentatus","Fis-48258"
156,54.5,0.37,"Entosphenus tridentatus","Fis-48258"
161,54.5,0.82,"Entosphenus tridentatus","Fis-48258"
161.5,54.5,1,"Entosphenus tridentatus","Fis-48258"
162,54.5,1,"Entosphenus tridentatus","Fis-48258"
162.5,54.5,1,"Entosphenus tridentatus","Fis-48258"
166.5,54.5,1,"Entosphenus tridentatus","Fis-48258"
167,54.5,1,"Entosphenus tridentatus","Fis-48258"
167.5,54.5,1,"Entosphenus tridentatus","Fis-48258"
168,54.5,1,"Entosphenus tridentatus","Fis-48258"
168.5,54.5,1,"Entosphenus tridentatus","Fis-48258"
169,54.5,0.01,"Entosphenus tridentatus","Fis-48258"
-179.5,54,0.04,"Entosphenus tridentatus","Fis-48258"
-168.5,54,0.23,"Entosphenus tridentatus","Fis-48258"
-168,54,0.46,"Entosphenus tridentatus","Fis-48258"
-167.5,54,0.88,"Entosphenus tridentatus","Fis-48258"
-167,54,1,"Entosphenus tridentatus","Fis-48258"
-166.5,54,1,"Entosphenus tridentatus","Fis-48258"
-166,54,1,"Entosphenus tridentatus","Fis-48258"
-165.5,54,1,"Entosphenus tridentatus","Fis-48258"
-165,54,1,"Entosphenus tridentatus","Fis-48258"
-164.5,54,0.63,"Entosphenus tridentatus","Fis-48258"
-164,54,0.62,"Entosphenus tridentatus","Fis-48258"
-163.5,54,0.64,"Entosphenus tridentatus","Fis-48258"
-163,54,1,"Entosphenus tridentatus","Fis-48258"
-162.5,54,1,"Entosphenus tridentatus","Fis-48258"
-162,54,1,"Entosphenus tridentatus","Fis-48258"
-161.5,54,1,"Entosphenus tridentatus","Fis-48258"
-161,54,1,"Entosphenus tridentatus","Fis-48258"
-160.5,54,1,"Entosphenus tridentatus","Fis-48258"
-160,54,1,"Entosphenus tridentatus","Fis-48258"
-159.5,54,1,"Entosphenus tridentatus","Fis-48258"
-159,54,1,"Entosphenus tridentatus","Fis-48258"
-158.5,54,1,"Entosphenus tridentatus","Fis-48258"
-158,54,0.07,"Entosphenus tridentatus","Fis-48258"
-150,54,0.16,"Entosphenus tridentatus","Fis-48258"
-149,54,0.09,"Entosphenus tridentatus","Fis-48258"
-148,54,0.09,"Entosphenus tridentatus","Fis-48258"
-137,54,0.16,"Entosphenus tridentatus","Fis-48258"
-134,54,0.53,"Entosphenus tridentatus","Fis-48258"
-133.5,54,1,"Entosphenus tridentatus","Fis-48258"
-133,54,1,"Entosphenus tridentatus","Fis-48258"
-132.5,54,1,"Entosphenus tridentatus","Fis-48258"
-132,54,1,"Entosphenus tridentatus","Fis-48258"
-131.5,54,1,"Entosphenus tridentatus","Fis-48258"
-131,54,1,"Entosphenus tridentatus","Fis-48258"
-130.5,54,1,"Entosphenus tridentatus","Fis-48258"
-130,54,0.64,"Entosphenus tridentatus","Fis-48258"
-129.5,54,0.28,"Entosphenus tridentatus","Fis-48258"
-128.5,54,0.01,"Entosphenus tridentatus","Fis-48258"
144,54,0.16,"Entosphenus tridentatus","Fis-48258"
144.5,54,0.47,"Entosphenus tridentatus","Fis-48258"
145,54,0.24,"Entosphenus tridentatus","Fis-48258"
145.5,54,0.06,"Entosphenus tridentatus","Fis-48258"
146,54,0.06,"Entosphenus tridentatus","Fis-48258"
146.5,54,0.03,"Entosphenus tridentatus","Fis-48258"
147,54,0.03,"Entosphenus tridentatus","Fis-48258"
147.5,54,0.04,"Entosphenus tridentatus","Fis-48258"
148,54,0.05,"Entosphenus tridentatus","Fis-48258"
148.5,54,0.06,"Entosphenus tridentatus","Fis-48258"
149,54,0.08,"Entosphenus tridentatus","Fis-48258"
149.5,54,0.11,"Entosphenus tridentatus","Fis-48258"
150,54,0.15,"Entosphenus tridentatus","Fis-48258"
150.5,54,0.17,"Entosphenus tridentatus","Fis-48258"
151,54,0.19,"Entosphenus tridentatus","Fis-48258"
151.5,54,0.25,"Entosphenus tridentatus","Fis-48258"
152,54,0.33,"Entosphenus tridentatus","Fis-48258"
152.5,54,0.47,"Entosphenus tridentatus","Fis-48258"
153,54,0.67,"Entosphenus tridentatus","Fis-48258"
153.5,54,1,"Entosphenus tridentatus","Fis-48258"
154,54,1,"Entosphenus tridentatus","Fis-48258"
154.5,54,1,"Entosphenus tridentatus","Fis-48258"
155,54,1,"Entosphenus tridentatus","Fis-48258"
155.5,54,1,"Entosphenus tridentatus","Fis-48258"
156,54,0.68,"Entosphenus tridentatus","Fis-48258"
160,54,0.26,"Entosphenus tridentatus","Fis-48258"
160.5,54,1,"Entosphenus tridentatus","Fis-48258"
161,54,1,"Entosphenus tridentatus","Fis-48258"
161.5,54,1,"Entosphenus tridentatus","Fis-48258"
162,54,1,"Entosphenus tridentatus","Fis-48258"
167,54,0.14,"Entosphenus tridentatus","Fis-48258"
167.5,54,1,"Entosphenus tridentatus","Fis-48258"
168,54,1,"Entosphenus tridentatus","Fis-48258"
168.5,54,0.96,"Entosphenus tridentatus","Fis-48258"
169,54,0.25,"Entosphenus tridentatus","Fis-48258"
179,54,0.01,"Entosphenus tridentatus","Fis-48258"
179.5,54,0.03,"Entosphenus tridentatus","Fis-48258"
-179.5,53.5,0.13,"Entosphenus tridentatus","Fis-48258"
-179,53.5,0.12,"Entosphenus tridentatus","Fis-48258"
-169,53.5,0.09,"Entosphenus tridentatus","Fis-48258"
-168.5,53.5,0.91,"Entosphenus tridentatus","Fis-48258"
-168,53.5,1,"Entosphenus tridentatus","Fis-48258"
-167.5,53.5,1,"Entosphenus tridentatus","Fis-48258"
-167,53.5,1,"Entosphenus tridentatus","Fis-48258"
-166.5,53.5,0.71,"Entosphenus tridentatus","Fis-48258"
-166,53.5,1,"Entosphenus tridentatus","Fis-48258"
-165.5,53.5,1,"Entosphenus tridentatus","Fis-48258"
-165,53.5,1,"Entosphenus tridentatus","Fis-48258"
-164.5,53.5,1,"Entosphenus tridentatus","Fis-48258"
-164,53.5,1,"Entosphenus tridentatus","Fis-48258"
-163.5,53.5,1,"Entosphenus tridentatus","Fis-48258"
-163,53.5,1,"Entosphenus tridentatus","Fis-48258"
-162.5,53.5,0.83,"Entosphenus tridentatus","Fis-48258"
-162,53.5,0.11,"Entosphenus tridentatus","Fis-48258"
-161.5,53.5,1,"Entosphenus tridentatus","Fis-48258"
-161,53.5,0.67,"Entosphenus tridentatus","Fis-48258"
-148.5,53.5,0.04,"Entosphenus tridentatus","Fis-48258"
-148,53.5,0.08,"Entosphenus tridentatus","Fis-48258"
-144,53.5,0.07,"Entosphenus tridentatus","Fis-48258"
-136.5,53.5,0.05,"Entosphenus tridentatus","Fis-48258"
-136,53.5,0.11,"Entosphenus tridentatus","Fis-48258"
-135.5,53.5,0.19,"Entosphenus tridentatus","Fis-48258"
-133.5,53.5,1,"Entosphenus tridentatus","Fis-48258"
-133,53.5,1,"Entosphenus tridentatus","Fis-48258"
-132.5,53.5,0.99,"Entosphenus tridentatus","Fis-48258"
-132,53.5,0.59,"Entosphenus tridentatus","Fis-48258"
-131.5,53.5,0.66,"Entosphenus tridentatus","Fis-48258"
-131,53.5,0.38,"Entosphenus tridentatus","Fis-48258"
-130.5,53.5,1,"Entosphenus tridentatus","Fis-48258"
-130,53.5,1,"Entosphenus tridentatus","Fis-48258"
-129.5,53.5,0.21,"Entosphenus tridentatus","Fis-48258"
-129,53.5,1,"Entosphenus tridentatus","Fis-48258"
-128.5,53.5,1,"Entosphenus tridentatus","Fis-48258"
-128,53.5,0.01,"Entosphenus tridentatus","Fis-48258"
143.5,53.5,0.14,"Entosphenus tridentatus","Fis-48258"
144,53.5,0.14,"Entosphenus tridentatus","Fis-48258"
144.5,53.5,0.38,"Entosphenus tridentatus","Fis-48258"
145,53.5,0.31,"Entosphenus tridentatus","Fis-48258"
145.5,53.5,0.01,"Entosphenus tridentatus","Fis-48258"
147,53.5,0.01,"Entosphenus tridentatus","Fis-48258"
147.5,53.5,0.02,"Entosphenus tridentatus","Fis-48258"
148,53.5,0.02,"Entosphenus tridentatus","Fis-48258"
148.5,53.5,0.04,"Entosphenus tridentatus","Fis-48258"
149,53.5,0.07,"Entosphenus tridentatus","Fis-48258"
149.5,53.5,0.09,"Entosphenus tridentatus","Fis-48258"
150,53.5,0.13,"Entosphenus tridentatus","Fis-48258"
150.5,53.5,0.23,"Entosphenus tridentatus","Fis-48258"
151,53.5,0.3,"Entosphenus tridentatus","Fis-48258"
151.5,53.5,0.37,"Entosphenus tridentatus","Fis-48258"
152,53.5,0.44,"Entosphenus tridentatus","Fis-48258"
152.5,53.5,0.54,"Entosphenus tridentatus","Fis-48258"
153,53.5,0.75,"Entosphenus tridentatus","Fis-48258"
153.5,53.5,1,"Entosphenus tridentatus","Fis-48258"
154,53.5,1,"Entosphenus tridentatus","Fis-48258"
154.5,53.5,1,"Entosphenus tridentatus","Fis-48258"
155,53.5,0.88,"Entosphenus tridentatus","Fis-48258"
155.5,53.5,1,"Entosphenus tridentatus","Fis-48258"
156,53.5,0.75,"Entosphenus tridentatus","Fis-48258"
156.5,53.5,0.07,"Entosphenus tridentatus","Fis-48258"
160,53.5,1,"Entosphenus tridentatus","Fis-48258"
160.5,53.5,1,"Entosphenus tridentatus","Fis-48258"
161,53.5,1,"Entosphenus tridentatus","Fis-48258"
161.5,53.5,0.17,"Entosphenus tridentatus","Fis-48258"
179.5,53.5,0.12,"Entosphenus tridentatus","Fis-48258"
-179.5,53,0.24,"Entosphenus tridentatus","Fis-48258"
-179,53,0.13,"Entosphenus tridentatus","Fis-48258"
-171.5,53,0.04,"Entosphenus tridentatus","Fis-48258"
-171,53,0.86,"Entosphenus tridentatus","Fis-48258"
-170.5,53,0.88,"Entosphenus tridentatus","Fis-48258"
-170,53,1,"Entosphenus tridentatus","Fis-48258"
-169.5,53,1,"Entosphenus tridentatus","Fis-48258"
-169,53,1,"Entosphenus tridentatus","Fis-48258"
-168.5,53,1,"Entosphenus tridentatus","Fis-48258"
-168,53,1,"Entosphenus tridentatus","Fis-48258"
-167.5,53,1,"Entosphenus tridentatus","Fis-48258"
-167,53,1,"Entosphenus tridentatus","Fis-48258"
-166.5,53,1,"Entosphenus tridentatus","Fis-48258"
-166,53,1,"Entosphenus tridentatus","Fis-48258"
-165.5,53,1,"Entosphenus tridentatus","Fis-48258"
-165,53,0.24,"Entosphenus tridentatus","Fis-48258"
-136,53,0.07,"Entosphenus tridentatus","Fis-48258"
-135.5,53,0.34,"Entosphenus tridentatus","Fis-48258"
-135,53,0.18,"Entosphenus tridentatus","Fis-48258"
-134,53,0.07,"Entosphenus tridentatus","Fis-48258"
-133,53,1,"Entosphenus tridentatus","Fis-48258"
-132.5,53,1,"Entosphenus tridentatus","Fis-48258"
-132,53,1,"Entosphenus tridentatus","Fis-48258"
-131.5,53,1,"Entosphenus tridentatus","Fis-48258"
-131,53,0.31,"Entosphenus tridentatus","Fis-48258"
-130.5,53,1,"Entosphenus tridentatus","Fis-48258"
-130,53,1,"Entosphenus tridentatus","Fis-48258"
-129.5,53,1,"Entosphenus tridentatus","Fis-48258"
-129,53,1,"Entosphenus tridentatus","Fis-48258"
-128.5,53,0.01,"Entosphenus tridentatus","Fis-48258"
-128,53,0.01,"Entosphenus tridentatus","Fis-48258"
143.5,53,0.24,"Entosphenus tridentatus","Fis-48258"
144,53,0.18,"Entosphenus tridentatus","Fis-48258"
144.5,53,0.33,"Entosphenus tridentatus","Fis-48258"
145,53,0.3,"Entosphenus tridentatus","Fis-48258"
145.5,53,0.02,"Entosphenus tridentatus","Fis-48258"
147,53,0.01,"Entosphenus tridentatus","Fis-48258"
147.5,53,0.01,"Entosphenus tridentatus","Fis-48258"
148,53,0.01,"Entosphenus tridentatus","Fis-48258"
148.5,53,0.01,"Entosphenus tridentatus","Fis-48258"
149,53,0.01,"Entosphenus tridentatus","Fis-48258"
149.5,53,0.03,"Entosphenus tridentatus","Fis-48258"
150,53,0.07,"Entosphenus tridentatus","Fis-48258"
150.5,53,0.14,"Entosphenus tridentatus","Fis-48258"
151,53,0.27,"Entosphenus tridentatus","Fis-48258"
151.5,53,0.44,"Entosphenus tridentatus","Fis-48258"
152,53,0.55,"Entosphenus tridentatus","Fis-48258"
152.5,53,0.65,"Entosphenus tridentatus","Fis-48258"
153,53,0.81,"Entosphenus tridentatus","Fis-48258"
153.5,53,1,"Entosphenus tridentatus","Fis-48258"
154,53,1,"Entosphenus tridentatus","Fis-48258"
154.5,53,1,"Entosphenus tridentatus","Fis-48258"
155,53,0.71,"Entosphenus tridentatus","Fis-48258"
155.5,53,0.72,"Entosphenus tridentatus","Fis-48258"
156,53,0.77,"Entosphenus tridentatus","Fis-48258"
156.5,53,0.18,"Entosphenus tridentatus","Fis-48258"
158.5,53,1,"Entosphenus tridentatus","Fis-48258"
159,53,1,"Entosphenus tridentatus","Fis-48258"
159.5,53,1,"Entosphenus tridentatus","Fis-48258"
160,53,1,"Entosphenus tridentatus","Fis-48258"
160.5,53,1,"Entosphenus tridentatus","Fis-48258"
172.5,53,0.34,"Entosphenus tridentatus","Fis-48258"
173,53,1,"Entosphenus tridentatus","Fis-48258"
173.5,53,0.98,"Entosphenus tridentatus","Fis-48258"
179.5,53,0.22,"Entosphenus tridentatus","Fis-48258"
-179.5,52.5,0.61,"Entosphenus tridentatus","Fis-48258"
-179,52.5,0.63,"Entosphenus tridentatus","Fis-48258"
-174,52.5,0.13,"Entosphenus tridentatus","Fis-48258"
-173.5,52.5,1,"Entosphenus tridentatus","Fis-48258"
-173,52.5,1,"Entosphenus tridentatus","Fis-48258"
-172.5,52.5,1,"Entosphenus tridentatus","Fis-48258"
-172,52.5,1,"Entosphenus tridentatus","Fis-48258"
-171.5,52.5,1,"Entosphenus tridentatus","Fis-48258"
-171,52.5,1,"Entosphenus tridentatus","Fis-48258"
-170.5,52.5,1,"Entosphenus tridentatus","Fis-48258"
-170,52.5,1,"Entosphenus tridentatus","Fis-48258"
-169.5,52.5,1,"Entosphenus tridentatus","Fis-48258"
-169,52.5,1,"Entosphenus tridentatus","Fis-48258"
-168.5,52.5,1,"Entosphenus tridentatus","Fis-48258"
-168,52.5,1,"Entosphenus tridentatus","Fis-48258"
-167.5,52.5,1,"Entosphenus tridentatus","Fis-48258"
-167,52.5,0.97,"Entosphenus tridentatus","Fis-48258"
-132.5,52.5,0.51,"Entosphenus tridentatus","Fis-48258"
-132,52.5,1,"Entosphenus tridentatus","Fis-48258"
-131.5,52.5,1,"Entosphenus tridentatus","Fis-48258"
-131,52.5,1,"Entosphenus tridentatus","Fis-48258"
-130.5,52.5,0.83,"Entosphenus tridentatus","Fis-48258"
-130,52.5,1,"Entosphenus tridentatus","Fis-48258"
-129.5,52.5,1,"Entosphenus tridentatus","Fis-48258"
-129,52.5,1,"Entosphenus tridentatus","Fis-48258"
-128.5,52.5,0.45,"Entosphenus tridentatus","Fis-48258"
-128,52.5,0.76,"Entosphenus tridentatus","Fis-48258"
-127.5,52.5,0.01,"Entosphenus tridentatus","Fis-48258"
-127,52.5,0.01,"Entosphenus tridentatus","Fis-48258"
143.5,52.5,0.13,"Entosphenus tridentatus","Fis-48258"
144,52.5,0.23,"Entosphenus tridentatus","Fis-48258"
144.5,52.5,0.28,"Entosphenus tridentatus","Fis-48258"
145,52.5,0.42,"Entosphenus tridentatus","Fis-48258"
145.5,52.5,0.4,"Entosphenus tridentatus","Fis-48258"
146,52.5,0.13,"Entosphenus tridentatus","Fis-48258"
146.5,52.5,0.04,"Entosphenus tridentatus","Fis-48258"
147,52.5,0.02,"Entosphenus tridentatus","Fis-48258"
147.5,52.5,0.01,"Entosphenus tridentatus","Fis-48258"
149.5,52.5,0.02,"Entosphenus tridentatus","Fis-48258"
150,52.5,0.04,"Entosphenus tridentatus","Fis-48258"
150.5,52.5,0.08,"Entosphenus tridentatus","Fis-48258"
151,52.5,0.15,"Entosphenus tridentatus","Fis-48258"
151.5,52.5,0.29,"Entosphenus tridentatus","Fis-48258"
152,52.5,0.51,"Entosphenus tridentatus","Fis-48258"
152.5,52.5,0.73,"Entosphenus tridentatus","Fis-48258"
153,52.5,0.92,"Entosphenus tridentatus","Fis-48258"
153.5,52.5,1,"Entosphenus tridentatus","Fis-48258"
154,52.5,1,"Entosphenus tridentatus","Fis-48258"
154.5,52.5,1,"Entosphenus tridentatus","Fis-48258"
155,52.5,1,"Entosphenus tridentatus","Fis-48258"
155.5,52.5,1,"Entosphenus tridentatus","Fis-48258"
156,52.5,1,"Entosphenus tridentatus","Fis-48258"
156.5,52.5,0.84,"Entosphenus tridentatus","Fis-48258"
158.5,52.5,0.01,"Entosphenus tridentatus","Fis-48258"
159,52.5,1,"Entosphenus tridentatus","Fis-48258"
159.5,52.5,1,"Entosphenus tridentatus","Fis-48258"
160,52.5,1,"Entosphenus tridentatus","Fis-48258"
160.5,52.5,1,"Entosphenus tridentatus","Fis-48258"
161,52.5,1,"Entosphenus tridentatus","Fis-48258"
172,52.5,0.14,"Entosphenus tridentatus","Fis-48258"
172.5,52.5,1,"Entosphenus tridentatus","Fis-48258"
173,52.5,1,"Entosphenus tridentatus","Fis-48258"
173.5,52.5,1,"Entosphenus tridentatus","Fis-48258"
174,52.5,1,"Entosphenus tridentatus","Fis-48258"
174.5,52.5,1,"Entosphenus tridentatus","Fis-48258"
175,52.5,0.98,"Entosphenus tridentatus","Fis-48258"
175.5,52.5,0.57,"Entosphenus tridentatus","Fis-48258"
176,52.5,0.21,"Entosphenus tridentatus","Fis-48258"
179.5,52.5,0.23,"Entosphenus tridentatus","Fis-48258"
-179.5,52,1,"Entosphenus tridentatus","Fis-48258"
-179,52,0.8,"Entosphenus tridentatus","Fis-48258"
-177,52,0.44,"Entosphenus tridentatus","Fis-48258"
-176.5,52,1,"Entosphenus tridentatus","Fis-48258"
-176,52,1,"Entosphenus tridentatus","Fis-48258"
-175.5,52,1,"Entosphenus tridentatus","Fis-48258"
-175,52,1,"Entosphenus tridentatus","Fis-48258"
-174.5,52,1,"Entosphenus tridentatus","Fis-48258"
-174,52,1,"Entosphenus tridentatus","Fis-48258"
-173.5,52,1,"Entosphenus tridentatus","Fis-48258"
-173,52,1,"Entosphenus tridentatus","Fis-48258"
-172.5,52,1,"Entosphenus tridentatus","Fis-48258"
-172,52,1,"Entosphenus tridentatus","Fis-48258"
-171.5,52,1,"Entosphenus tridentatus","Fis-48258"
-171,52,1,"Entosphenus tridentatus","Fis-48258"
-170.5,52,1,"Entosphenus tridentatus","Fis-48258"
-170,52,1,"Entosphenus tridentatus","Fis-48258"
-169.5,52,1,"Entosphenus tridentatus","Fis-48258"
-169,52,1,"Entosphenus tridentatus","Fis-48258"
-134,52,0.32,"Entosphenus tridentatus","Fis-48258"
-133.5,52,0.42,"Entosphenus tridentatus","Fis-48258"
-131.5,52,1,"Entosphenus tridentatus","Fis-48258"
-131,52,1,"Entosphenus tridentatus","Fis-48258"
-130.5,52,1,"Entosphenus tridentatus","Fis-48258"
-130,52,1,"Entosphenus tridentatus","Fis-48258"
-129.5,52,1,"Entosphenus tridentatus","Fis-48258"
-129,52,1,"Entosphenus tridentatus","Fis-48258"
-128.5,52,1,"Entosphenus tridentatus","Fis-48258"
-128,52,0.88,"Entosphenus tridentatus","Fis-48258"
-127.5,52,0.86,"Entosphenus tridentatus","Fis-48258"
-127,52,0.01,"Entosphenus tridentatus","Fis-48258"
143.5,52,0.39,"Entosphenus tridentatus","Fis-48258"
144,52,0.25,"Entosphenus tridentatus","Fis-48258"
144.5,52,0.29,"Entosphenus tridentatus","Fis-48258"
145,52,0.39,"Entosphenus tridentatus","Fis-48258"
145.5,52,0.39,"Entosphenus tridentatus","Fis-48258"
146,52,0.15,"Entosphenus tridentatus","Fis-48258"
146.5,52,0.04,"Entosphenus tridentatus","Fis-48258"
147,52,0.01,"Entosphenus tridentatus","Fis-48258"
149,52,0.01,"Entosphenus tridentatus","Fis-48258"
149.5,52,0.03,"Entosphenus tridentatus","Fis-48258"
150,52,0.05,"Entosphenus tridentatus","Fis-48258"
150.5,52,0.07,"Entosphenus tridentatus","Fis-48258"
151,52,0.15,"Entosphenus tridentatus","Fis-48258"
151.5,52,0.31,"Entosphenus tridentatus","Fis-48258"
152,52,0.52,"Entosphenus tridentatus","Fis-48258"
152.5,52,0.73,"Entosphenus tridentatus","Fis-48258"
153,52,0.92,"Entosphenus tridentatus","Fis-48258"
153.5,52,1,"Entosphenus tridentatus","Fis-48258"
154,52,1,"Entosphenus tridentatus","Fis-48258"
154.5,52,1,"Entosphenus tridentatus","Fis-48258"
155,52,1,"Entosphenus tridentatus","Fis-48258"
155.5,52,1,"Entosphenus tridentatus","Fis-48258"
156,52,1,"Entosphenus tridentatus","Fis-48258"
156.5,52,1,"Entosphenus tridentatus","Fis-48258"
157,52,0.01,"Entosphenus tridentatus","Fis-48258"
158.5,52,1,"Entosphenus tridentatus","Fis-48258"
159,52,1,"Entosphenus tridentatus","Fis-48258"
173,52,0.87,"Entosphenus tridentatus","Fis-48258"
173.5,52,1,"Entosphenus tridentatus","Fis-48258"
174,52,1,"Entosphenus tridentatus","Fis-48258"
174.5,52,1,"Entosphenus tridentatus","Fis-48258"
175,52,1,"Entosphenus tridentatus","Fis-48258"
175.5,52,1,"Entosphenus tridentatus","Fis-48258"
176,52,0.84,"Entosphenus tridentatus","Fis-48258"
176.5,52,0.72,"Entosphenus tridentatus","Fis-48258"
177,52,0.81,"Entosphenus tridentatus","Fis-48258"
177.5,52,1,"Entosphenus tridentatus","Fis-48258"
178,52,1,"Entosphenus tridentatus","Fis-48258"
178.5,52,1,"Entosphenus tridentatus","Fis-48258"
179,52,1,"Entosphenus tridentatus","Fis-48258"
179.5,52,1,"Entosphenus tridentatus","Fis-48258"
-179.5,51.5,1,"Entosphenus tridentatus","Fis-48258"
-179,51.5,1,"Entosphenus tridentatus","Fis-48258"
-178.5,51.5,1,"Entosphenus tridentatus","Fis-48258"
-178,51.5,1,"Entosphenus tridentatus","Fis-48258"
-177.5,51.5,1,"Entosphenus tridentatus","Fis-48258"
-177,51.5,1,"Entosphenus tridentatus","Fis-48258"
-176.5,51.5,1,"Entosphenus tridentatus","Fis-48258"
-176,51.5,1,"Entosphenus tridentatus","Fis-48258"
-175.5,51.5,1,"Entosphenus tridentatus","Fis-48258"
-175,51.5,1,"Entosphenus tridentatus","Fis-48258"
-174.5,51.5,1,"Entosphenus tridentatus","Fis-48258"
-174,51.5,1,"Entosphenus tridentatus","Fis-48258"
-173.5,51.5,1,"Entosphenus tridentatus","Fis-48258"
-173,51.5,1,"Entosphenus tridentatus","Fis-48258"
-172.5,51.5,1,"Entosphenus tridentatus","Fis-48258"
-172,51.5,1,"Entosphenus tridentatus","Fis-48258"
-171.5,51.5,1,"Entosphenus tridentatus","Fis-48258"
-131,51.5,1,"Entosphenus tridentatus","Fis-48258"
-130.5,51.5,1,"Entosphenus tridentatus","Fis-48258"
-130,51.5,1,"Entosphenus tridentatus","Fis-48258"
-129.5,51.5,1,"Entosphenus tridentatus","Fis-48258"
-129,51.5,1,"Entosphenus tridentatus","Fis-48258"
-128.5,51.5,0.98,"Entosphenus tridentatus","Fis-48258"
-128,51.5,0.98,"Entosphenus tridentatus","Fis-48258"
-127.5,51.5,1,"Entosphenus tridentatus","Fis-48258"
-127,51.5,0.01,"Entosphenus tridentatus","Fis-48258"
141,51.5,0.29,"Entosphenus tridentatus","Fis-48258"
141.5,51.5,0.21,"Entosphenus tridentatus","Fis-48258"
142,51.5,0.04,"Entosphenus tridentatus","Fis-48258"
142.5,51.5,0.01,"Entosphenus tridentatus","Fis-48258"
143.5,51.5,0.35,"Entosphenus tridentatus","Fis-48258"
144,51.5,0.27,"Entosphenus tridentatus","Fis-48258"
144.5,51.5,0.3,"Entosphenus tridentatus","Fis-48258"
145,51.5,0.37,"Entosphenus tridentatus","Fis-48258"
145.5,51.5,0.34,"Entosphenus tridentatus","Fis-48258"
146,51.5,0.27,"Entosphenus tridentatus","Fis-48258"
146.5,51.5,0.1,"Entosphenus tridentatus","Fis-48258"
147,51.5,0.02,"Entosphenus tridentatus","Fis-48258"
147.5,51.5,0.01,"Entosphenus tridentatus","Fis-48258"
148.5,51.5,0.01,"Entosphenus tridentatus","Fis-48258"
149,51.5,0.04,"Entosphenus tridentatus","Fis-48258"
149.5,51.5,0.08,"Entosphenus tridentatus","Fis-48258"
150,51.5,0.12,"Entosphenus tridentatus","Fis-48258"
150.5,51.5,0.16,"Entosphenus tridentatus","Fis-48258"
151,51.5,0.22,"Entosphenus tridentatus","Fis-48258"
151.5,51.5,0.39,"Entosphenus tridentatus","Fis-48258"
152,51.5,0.64,"Entosphenus tridentatus","Fis-48258"
152.5,51.5,0.59,"Entosphenus tridentatus","Fis-48258"
153,51.5,0.69,"Entosphenus tridentatus","Fis-48258"
153.5,51.5,0.87,"Entosphenus tridentatus","Fis-48258"
154,51.5,1,"Entosphenus tridentatus","Fis-48258"
154.5,51.5,1,"Entosphenus tridentatus","Fis-48258"
155,51.5,1,"Entosphenus tridentatus","Fis-48258"
155.5,51.5,1,"Entosphenus tridentatus","Fis-48258"
156,51.5,1,"Entosphenus tridentatus","Fis-48258"
156.5,51.5,1,"Entosphenus tridentatus","Fis-48258"
157,51.5,0.3,"Entosphenus tridentatus","Fis-48258"
158,51.5,1,"Entosphenus tridentatus","Fis-48258"
158.5,51.5,1,"Entosphenus tridentatus","Fis-48258"
159,51.5,1,"Entosphenus tridentatus","Fis-48258"
175,51.5,0.63,"Entosphenus tridentatus","Fis-48258"
175.5,51.5,0.64,"Entosphenus tridentatus","Fis-48258"
176,51.5,0.75,"Entosphenus tridentatus","Fis-48258"
176.5,51.5,0.88,"Entosphenus tridentatus","Fis-48258"
177,51.5,1,"Entosphenus tridentatus","Fis-48258"
177.5,51.5,1,"Entosphenus tridentatus","Fis-48258"
178,51.5,1,"Entosphenus tridentatus","Fis-48258"
178.5,51.5,1,"Entosphenus tridentatus","Fis-48258"
179,51.5,1,"Entosphenus tridentatus","Fis-48258"
179.5,51.5,1,"Entosphenus tridentatus","Fis-48258"
-179.5,51,1,"Entosphenus tridentatus","Fis-48258"
-179,51,1,"Entosphenus tridentatus","Fis-48258"
-178.5,51,1,"Entosphenus tridentatus","Fis-48258"
-178,51,1,"Entosphenus tridentatus","Fis-48258"
-177.5,51,1,"Entosphenus tridentatus","Fis-48258"
-177,51,0.48,"Entosphenus tridentatus","Fis-48258"
-176.5,51,1,"Entosphenus tridentatus","Fis-48258"
-176,51,0.38,"Entosphenus tridentatus","Fis-48258"
-143,51,0.01,"Entosphenus tridentatus","Fis-48258"
-130,51,1,"Entosphenus tridentatus","Fis-48258"
-129.5,51,1,"Entosphenus tridentatus","Fis-48258"
-129,51,1,"Entosphenus tridentatus","Fis-48258"
-128.5,51,1,"Entosphenus tridentatus","Fis-48258"
-128,51,1,"Entosphenus tridentatus","Fis-48258"
-127.5,51,0.79,"Entosphenus tridentatus","Fis-48258"
-127,51,0.14,"Entosphenus tridentatus","Fis-48258"
-126.5,51,0.01,"Entosphenus tridentatus","Fis-48258"
-125.5,51,0.01,"Entosphenus tridentatus","Fis-48258"
141,51,0.65,"Entosphenus tridentatus","Fis-48258"
141.5,51,0.36,"Entosphenus tridentatus","Fis-48258"
142,51,0.21,"Entosphenus tridentatus","Fis-48258"
142.5,51,0.24,"Entosphenus tridentatus","Fis-48258"
143.5,51,0.2,"Entosphenus tridentatus","Fis-48258"
144,51,0.29,"Entosphenus tridentatus","Fis-48258"
144.5,51,0.28,"Entosphenus tridentatus","Fis-48258"
145,51,0.36,"Entosphenus tridentatus","Fis-48258"
145.5,51,0.42,"Entosphenus tridentatus","Fis-48258"
146,51,0.47,"Entosphenus tridentatus","Fis-48258"
146.5,51,0.31,"Entosphenus tridentatus","Fis-48258"
147,51,0.08,"Entosphenus tridentatus","Fis-48258"
147.5,51,0.02,"Entosphenus tridentatus","Fis-48258"
148,51,0.02,"Entosphenus tridentatus","Fis-48258"
148.5,51,0.03,"Entosphenus tridentatus","Fis-48258"
149,51,0.06,"Entosphenus tridentatus","Fis-48258"
149.5,51,0.08,"Entosphenus tridentatus","Fis-48258"
150,51,0.12,"Entosphenus tridentatus","Fis-48258"
150.5,51,0.15,"Entosphenus tridentatus","Fis-48258"
151,51,0.21,"Entosphenus tridentatus","Fis-48258"
151.5,51,0.31,"Entosphenus tridentatus","Fis-48258"
152,51,0.4,"Entosphenus tridentatus","Fis-48258"
152.5,51,0.45,"Entosphenus tridentatus","Fis-48258"
153,51,0.59,"Entosphenus tridentatus","Fis-48258"
153.5,51,0.75,"Entosphenus tridentatus","Fis-48258"
154,51,0.98,"Entosphenus tridentatus","Fis-48258"
154.5,51,1,"Entosphenus tridentatus","Fis-48258"
155,51,1,"Entosphenus tridentatus","Fis-48258"
155.5,51,1,"Entosphenus tridentatus","Fis-48258"
156,51,1,"Entosphenus tridentatus","Fis-48258"
156.5,51,1,"Entosphenus tridentatus","Fis-48258"
157,51,1,"Entosphenus tridentatus","Fis-48258"
157.5,51,0.56,"Entosphenus tridentatus","Fis-48258"
158,51,1,"Entosphenus tridentatus","Fis-48258"
158.5,51,1,"Entosphenus tridentatus","Fis-48258"
159,51,1,"Entosphenus tridentatus","Fis-48258"
178.5,51,1,"Entosphenus tridentatus","Fis-48258"
179,51,1,"Entosphenus tridentatus","Fis-48258"
179.5,51,1,"Entosphenus tridentatus","Fis-48258"
-144,50.5,0.07,"Entosphenus tridentatus","Fis-48258"
-143,50.5,0.21,"Entosphenus tridentatus","Fis-48258"
-142.5,50.5,0.08,"Entosphenus tridentatus","Fis-48258"
-131,50.5,0.12,"Entosphenus tridentatus","Fis-48258"
-130.5,50.5,0.55,"Entosphenus tridentatus","Fis-48258"
-130,50.5,0.1,"Entosphenus tridentatus","Fis-48258"
-129.5,50.5,1,"Entosphenus tridentatus","Fis-48258"
-129,50.5,1,"Entosphenus tridentatus","Fis-48258"
-128.5,50.5,1,"Entosphenus tridentatus","Fis-48258"
-128,50.5,1,"Entosphenus tridentatus","Fis-48258"
-127.5,50.5,1,"Entosphenus tridentatus","Fis-48258"
-127,50.5,1,"Entosphenus tridentatus","Fis-48258"
-126.5,50.5,0.61,"Entosphenus tridentatus","Fis-48258"
-126,50.5,1,"Entosphenus tridentatus","Fis-48258"
-125.5,50.5,0.01,"Entosphenus tridentatus","Fis-48258"
-125,50.5,0.01,"Entosphenus tridentatus","Fis-48258"
-124.5,50.5,0.01,"Entosphenus tridentatus","Fis-48258"
140.5,50.5,0.57,"Entosphenus tridentatus","Fis-48258"
141,50.5,0.71,"Entosphenus tridentatus","Fis-48258"
141.5,50.5,0.52,"Entosphenus tridentatus","Fis-48258"
142,50.5,0.24,"Entosphenus tridentatus","Fis-48258"
142.5,50.5,0.29,"Entosphenus tridentatus","Fis-48258"
144,50.5,0.25,"Entosphenus tridentatus","Fis-48258"
144.5,50.5,0.24,"Entosphenus tridentatus","Fis-48258"
145,50.5,0.31,"Entosphenus tridentatus","Fis-48258"
145.5,50.5,0.4,"Entosphenus tridentatus","Fis-48258"
146,50.5,0.45,"Entosphenus tridentatus","Fis-48258"
146.5,50.5,0.51,"Entosphenus tridentatus","Fis-48258"
147,50.5,0.2,"Entosphenus tridentatus","Fis-48258"
147.5,50.5,0.05,"Entosphenus tridentatus","Fis-48258"
148,50.5,0.04,"Entosphenus tridentatus","Fis-48258"
148.5,50.5,0.04,"Entosphenus tridentatus","Fis-48258"
149,50.5,0.06,"Entosphenus tridentatus","Fis-48258"
149.5,50.5,0.08,"Entosphenus tridentatus","Fis-48258"
150,50.5,0.14,"Entosphenus tridentatus","Fis-48258"
150.5,50.5,0.16,"Entosphenus tridentatus","Fis-48258"
151,50.5,0.2,"Entosphenus tridentatus","Fis-48258"
151.5,50.5,0.17,"Entosphenus tridentatus","Fis-48258"
152,50.5,0.32,"Entosphenus tridentatus","Fis-48258"
152.5,50.5,0.41,"Entosphenus tridentatus","Fis-48258"
153,50.5,0.51,"Entosphenus tridentatus","Fis-48258"
153.5,50.5,0.71,"Entosphenus tridentatus","Fis-48258"
154,50.5,0.94,"Entosphenus tridentatus","Fis-48258"
154.5,50.5,0.99,"Entosphenus tridentatus","Fis-48258"
155,50.5,0.84,"Entosphenus tridentatus","Fis-48258"
155.5,50.5,1,"Entosphenus tridentatus","Fis-48258"
156,50.5,1,"Entosphenus tridentatus","Fis-48258"
156.5,50.5,1,"Entosphenus tridentatus","Fis-48258"
157,50.5,0.8,"Entosphenus tridentatus","Fis-48258"
157.5,50.5,1,"Entosphenus tridentatus","Fis-48258"
158,50.5,1,"Entosphenus tridentatus","Fis-48258"
158.5,50.5,1,"Entosphenus tridentatus","Fis-48258"
159,50.5,0.25,"Entosphenus tridentatus","Fis-48258"
-142.5,50,0.11,"Entosphenus tridentatus","Fis-48258"
-142,50,0.1,"Entosphenus tridentatus","Fis-48258"
-141,50,0.07,"Entosphenus tridentatus","Fis-48258"
-130,50,0.26,"Entosphenus tridentatus","Fis-48258"
-128.5,50,0.78,"Entosphenus tridentatus","Fis-48258"
-128,50,1,"Entosphenus tridentatus","Fis-48258"
-127.5,50,1,"Entosphenus tridentatus","Fis-48258"
-127,50,0.28,"Entosphenus tridentatus","Fis-48258"
-126,50,0.51,"Entosphenus tridentatus","Fis-48258"
-125.5,50,0.49,"Entosphenus tridentatus","Fis-48258"
-125,50,0.56,"Entosphenus tridentatus","Fis-48258"
-124.5,50,0.58,"Entosphenus tridentatus","Fis-48258"
-124,50,0.01,"Entosphenus tridentatus","Fis-48258"
-123.5,50,0.01,"Entosphenus tridentatus","Fis-48258"
140.5,50,0.01,"Entosphenus tridentatus","Fis-48258"
141,50,0.67,"Entosphenus tridentatus","Fis-48258"
141.5,50,0.52,"Entosphenus tridentatus","Fis-48258"
142,50,0.37,"Entosphenus tridentatus","Fis-48258"
142.5,50,0.4,"Entosphenus tridentatus","Fis-48258"
144,50,0.3,"Entosphenus tridentatus","Fis-48258"
144.5,50,0.24,"Entosphenus tridentatus","Fis-48258"
145,50,0.24,"Entosphenus tridentatus","Fis-48258"
145.5,50,0.36,"Entosphenus tridentatus","Fis-48258"
146,50,0.44,"Entosphenus tridentatus","Fis-48258"
146.5,50,0.51,"Entosphenus tridentatus","Fis-48258"
147,50,0.32,"Entosphenus tridentatus","Fis-48258"
147.5,50,0.11,"Entosphenus tridentatus","Fis-48258"
148,50,0.08,"Entosphenus tridentatus","Fis-48258"
148.5,50,0.07,"Entosphenus tridentatus","Fis-48258"
149,50,0.09,"Entosphenus tridentatus","Fis-48258"
149.5,50,0.11,"Entosphenus tridentatus","Fis-48258"
150,50,0.12,"Entosphenus tridentatus","Fis-48258"
150.5,50,0.15,"Entosphenus tridentatus","Fis-48258"
151,50,0.21,"Entosphenus tridentatus","Fis-48258"
151.5,50,0.26,"Entosphenus tridentatus","Fis-48258"
152,50,0.24,"Entosphenus tridentatus","Fis-48258"
152.5,50,0.29,"Entosphenus tridentatus","Fis-48258"
153,50,0.46,"Entosphenus tridentatus","Fis-48258"
153.5,50,0.62,"Entosphenus tridentatus","Fis-48258"
154,50,0.76,"Entosphenus tridentatus","Fis-48258"
154.5,50,0.67,"Entosphenus tridentatus","Fis-48258"
155,50,1,"Entosphenus tridentatus","Fis-48258"
155.5,50,1,"Entosphenus tridentatus","Fis-48258"
156,50,1,"Entosphenus tridentatus","Fis-48258"
156.5,50,1,"Entosphenus tridentatus","Fis-48258"
157,50,1,"Entosphenus tridentatus","Fis-48258"
157.5,50,1,"Entosphenus tridentatus","Fis-48258"
158,50,1,"Entosphenus tridentatus","Fis-48258"
-132.5,49.5,0.14,"Entosphenus tridentatus","Fis-48258"
-128.5,49.5,0.08,"Entosphenus tridentatus","Fis-48258"
-128,49.5,0.82,"Entosphenus tridentatus","Fis-48258"
-127.5,49.5,1,"Entosphenus tridentatus","Fis-48258"
-127,49.5,1,"Entosphenus tridentatus","Fis-48258"
-126.5,49.5,0.66,"Entosphenus tridentatus","Fis-48258"
-126,49.5,0.01,"Entosphenus tridentatus","Fis-48258"
-125,49.5,1,"Entosphenus tridentatus","Fis-48258"
-124.5,49.5,0.59,"Entosphenus tridentatus","Fis-48258"
-124,49.5,0.74,"Entosphenus tridentatus","Fis-48258"
-123.5,49.5,0.19,"Entosphenus tridentatus","Fis-48258"
140.5,49.5,0.45,"Entosphenus tridentatus","Fis-48258"
141,49.5,0.65,"Entosphenus tridentatus","Fis-48258"
141.5,49.5,0.61,"Entosphenus tridentatus","Fis-48258"
142,49.5,0.51,"Entosphenus tridentatus","Fis-48258"
142.5,49.5,0.57,"Entosphenus tridentatus","Fis-48258"
144.5,49.5,0.19,"Entosphenus tridentatus","Fis-48258"
145,49.5,0.21,"Entosphenus tridentatus","Fis-48258"
145.5,49.5,0.33,"Entosphenus tridentatus","Fis-48258"
146,49.5,0.45,"Entosphenus tridentatus","Fis-48258"
146.5,49.5,0.55,"Entosphenus tridentatus","Fis-48258"
147,49.5,0.42,"Entosphenus tridentatus","Fis-48258"
147.5,49.5,0.15,"Entosphenus tridentatus","Fis-48258"
148,49.5,0.1,"Entosphenus tridentatus","Fis-48258"
148.5,49.5,0.1,"Entosphenus tridentatus","Fis-48258"
149,49.5,0.11,"Entosphenus tridentatus","Fis-48258"
149.5,49.5,0.12,"Entosphenus tridentatus","Fis-48258"
150,49.5,0.15,"Entosphenus tridentatus","Fis-48258"
150.5,49.5,0.22,"Entosphenus tridentatus","Fis-48258"
151,49.5,0.35,"Entosphenus tridentatus","Fis-48258"
151.5,49.5,0.45,"Entosphenus tridentatus","Fis-48258"
152,49.5,0.37,"Entosphenus tridentatus","Fis-48258"
152.5,49.5,0.37,"Entosphenus tridentatus","Fis-48258"
153,49.5,0.32,"Entosphenus tridentatus","Fis-48258"
153.5,49.5,0.22,"Entosphenus tridentatus","Fis-48258"
154,49.5,0.14,"Entosphenus tridentatus","Fis-48258"
154.5,49.5,1,"Entosphenus tridentatus","Fis-48258"
155,49.5,1,"Entosphenus tridentatus","Fis-48258"
155.5,49.5,1,"Entosphenus tridentatus","Fis-48258"
156,49.5,1,"Entosphenus tridentatus","Fis-48258"
156.5,49.5,1,"Entosphenus tridentatus","Fis-48258"
157,49.5,1,"Entosphenus tridentatus","Fis-48258"
157.5,49.5,0.06,"Entosphenus tridentatus","Fis-48258"
-139,49,0.01,"Entosphenus tridentatus","Fis-48258"
-138.5,49,0.03,"Entosphenus tridentatus","Fis-48258"
-130.5,49,0.03,"Entosphenus tridentatus","Fis-48258"
-127.5,49,0.37,"Entosphenus tridentatus","Fis-48258"
-127,49,1,"Entosphenus tridentatus","Fis-48258"
-126.5,49,1,"Entosphenus tridentatus","Fis-48258"
-126,49,1,"Entosphenus tridentatus","Fis-48258"
-125.5,49,0.65,"Entosphenus tridentatus","Fis-48258"
-125,49,0.01,"Entosphenus tridentatus","Fis-48258"
-124.5,49,1,"Entosphenus tridentatus","Fis-48258"
-124,49,0.62,"Entosphenus tridentatus","Fis-48258"
-123.5,49,0.74,"Entosphenus tridentatus","Fis-48258"
-123,49,0.89,"Entosphenus tridentatus","Fis-48258"
-122.5,49,0.08,"Entosphenus tridentatus","Fis-48258"
140.5,49,0.87,"Entosphenus tridentatus","Fis-48258"
141,49,0.83,"Entosphenus tridentatus","Fis-48258"
141.5,49,0.78,"Entosphenus tridentatus","Fis-48258"
142,49,0.64,"Entosphenus tridentatus","Fis-48258"
142.5,49,0.72,"Entosphenus tridentatus","Fis-48258"
143,49,0.73,"Entosphenus tridentatus","Fis-48258"
143.5,49,0.91,"Entosphenus tridentatus","Fis-48258"
144,49,0.77,"Entosphenus tridentatus","Fis-48258"
144.5,49,0.38,"Entosphenus tridentatus","Fis-48258"
145,49,0.3,"Entosphenus tridentatus","Fis-48258"
145.5,49,0.34,"Entosphenus tridentatus","Fis-48258"
146,49,0.45,"Entosphenus tridentatus","Fis-48258"
146.5,49,0.58,"Entosphenus tridentatus","Fis-48258"
147,49,0.42,"Entosphenus tridentatus","Fis-48258"
147.5,49,0.17,"Entosphenus tridentatus","Fis-48258"
148,49,0.16,"Entosphenus tridentatus","Fis-48258"
148.5,49,0.16,"Entosphenus tridentatus","Fis-48258"
149,49,0.15,"Entosphenus tridentatus","Fis-48258"
149.5,49,0.17,"Entosphenus tridentatus","Fis-48258"
150,49,0.23,"Entosphenus tridentatus","Fis-48258"
150.5,49,0.33,"Entosphenus tridentatus","Fis-48258"
151,49,0.44,"Entosphenus tridentatus","Fis-48258"
151.5,49,0.45,"Entosphenus tridentatus","Fis-48258"
152,49,0.27,"Entosphenus tridentatus","Fis-48258"
152.5,49,0.37,"Entosphenus tridentatus","Fis-48258"
153,49,0.15,"Entosphenus tridentatus","Fis-48258"
153.5,49,1,"Entosphenus tridentatus","Fis-48258"
154,49,1,"Entosphenus tridentatus","Fis-48258"
154.5,49,0.96,"Entosphenus tridentatus","Fis-48258"
155,49,0.89,"Entosphenus tridentatus","Fis-48258"
155.5,49,1,"Entosphenus tridentatus","Fis-48258"
156,49,1,"Entosphenus tridentatus","Fis-48258"
156.5,49,1,"Entosphenus tridentatus","Fis-48258"
-133.5,48.5,0.04,"Entosphenus tridentatus","Fis-48258"
-133,48.5,0.02,"Entosphenus tridentatus","Fis-48258"
-129.5,48.5,0.02,"Entosphenus tridentatus","Fis-48258"
-127,48.5,0.1,"Entosphenus tridentatus","Fis-48258"
-126.5,48.5,1,"Entosphenus tridentatus","Fis-48258"
-126,48.5,1,"Entosphenus tridentatus","Fis-48258"
-125.5,48.5,0.91,"Entosphenus tridentatus","Fis-48258"
-125,48.5,0.9,"Entosphenus tridentatus","Fis-48258"
-124.5,48.5,1,"Entosphenus tridentatus","Fis-48258"
-124,48.5,0.94,"Entosphenus tridentatus","Fis-48258"
-123.5,48.5,0.13,"Entosphenus tridentatus","Fis-48258"
-123,48.5,0.57,"Entosphenus tridentatus","Fis-48258"
-122.5,48.5,0.42,"Entosphenus tridentatus","Fis-48258"
-122,48.5,0.07,"Entosphenus tridentatus","Fis-48258"
140.5,48.5,0.99,"Entosphenus tridentatus","Fis-48258"
141,48.5,0.89,"Entosphenus tridentatus","Fis-48258"
141.5,48.5,0.9,"Entosphenus tridentatus","Fis-48258"
142,48.5,0.82,"Entosphenus tridentatus","Fis-48258"
142.5,48.5,0.17,"Entosphenus tridentatus","Fis-48258"
143,48.5,0.84,"Entosphenus tridentatus","Fis-48258"
143.5,48.5,0.86,"Entosphenus tridentatus","Fis-48258"
144,48.5,0.73,"Entosphenus tridentatus","Fis-48258"
144.5,48.5,0.59,"Entosphenus tridentatus","Fis-48258"
145,48.5,0.46,"Entosphenus tridentatus","Fis-48258"
145.5,48.5,0.41,"Entosphenus tridentatus","Fis-48258"
146,48.5,0.51,"Entosphenus tridentatus","Fis-48258"
146.5,48.5,0.55,"Entosphenus tridentatus","Fis-48258"
147,48.5,0.46,"Entosphenus tridentatus","Fis-48258"
147.5,48.5,0.32,"Entosphenus tridentatus","Fis-48258"
148,48.5,0.21,"Entosphenus tridentatus","Fis-48258"
148.5,48.5,0.23,"Entosphenus tridentatus","Fis-48258"
149,48.5,0.14,"Entosphenus tridentatus","Fis-48258"
149.5,48.5,0.12,"Entosphenus tridentatus","Fis-48258"
150,48.5,0.11,"Entosphenus tridentatus","Fis-48258"
150.5,48.5,0.07,"Entosphenus tridentatus","Fis-48258"
151,48.5,0.01,"Entosphenus tridentatus","Fis-48258"
153.5,48.5,1,"Entosphenus tridentatus","Fis-48258"
154,48.5,1,"Entosphenus tridentatus","Fis-48258"
154.5,48.5,0.87,"Entosphenus tridentatus","Fis-48258"
155,48.5,0.94,"Entosphenus tridentatus","Fis-48258"
155.5,48.5,1,"Entosphenus tridentatus","Fis-48258"
156,48.5,1,"Entosphenus tridentatus","Fis-48258"
-133,48,0.04,"Entosphenus tridentatus","Fis-48258"
-132.5,48,0.04,"Entosphenus tridentatus","Fis-48258"
-130,48,0.15,"Entosphenus tridentatus","Fis-48258"
-129,48,0.03,"Entosphenus tridentatus","Fis-48258"
-126.5,48,0.05,"Entosphenus tridentatus","Fis-48258"
-126,48,1,"Entosphenus tridentatus","Fis-48258"
-125.5,48,1,"Entosphenus tridentatus","Fis-48258"
-125,48,1,"Entosphenus tridentatus","Fis-48258"
-124.5,48,1,"Entosphenus tridentatus","Fis-48258"
-124,48,1,"Entosphenus tridentatus","Fis-48258"
-123.5,48,0.33,"Entosphenus tridentatus","Fis-48258"
-123,48,0.23,"Entosphenus tridentatus","Fis-48258"
-122,48,0.28,"Entosphenus tridentatus","Fis-48258"
140,48,1,"Entosphenus tridentatus","Fis-48258"
140.5,48,0.82,"Entosphenus tridentatus","Fis-48258"
141,48,0.84,"Entosphenus tridentatus","Fis-48258"
141.5,48,1,"Entosphenus tridentatus","Fis-48258"
142,48,1,"Entosphenus tridentatus","Fis-48258"
142.5,48,0.93,"Entosphenus tridentatus","Fis-48258"
143,48,0.86,"Entosphenus tridentatus","Fis-48258"
143.5,48,0.77,"Entosphenus tridentatus","Fis-48258"
144,48,0.66,"Entosphenus tridentatus","Fis-48258"
144.5,48,0.58,"Entosphenus tridentatus","Fis-48258"
145,48,0.49,"Entosphenus tridentatus","Fis-48258"
145.5,48,0.48,"Entosphenus tridentatus","Fis-48258"
146,48,0.61,"Entosphenus tridentatus","Fis-48258"
146.5,48,0.44,"Entosphenus tridentatus","Fis-48258"
147,48,0.43,"Entosphenus tridentatus","Fis-48258"
147.5,48,0.22,"Entosphenus tridentatus","Fis-48258"
148,48,0.11,"Entosphenus tridentatus","Fis-48258"
148.5,48,0.11,"Entosphenus tridentatus","Fis-48258"
149,48,0.1,"Entosphenus tridentatus","Fis-48258"
149.5,48,0.02,"Entosphenus tridentatus","Fis-48258"
153.5,48,1,"Entosphenus tridentatus","Fis-48258"
154,48,0.98,"Entosphenus tridentatus","Fis-48258"
154.5,48,0.94,"Entosphenus tridentatus","Fis-48258"
155,48,1,"Entosphenus tridentatus","Fis-48258"
155.5,48,1,"Entosphenus tridentatus","Fis-48258"
-131.5,47.5,0.02,"Entosphenus tridentatus","Fis-48258"
-130,47.5,0.03,"Entosphenus tridentatus","Fis-48258"
-126,47.5,0.28,"Entosphenus tridentatus","Fis-48258"
-125.5,47.5,1,"Entosphenus tridentatus","Fis-48258"
-125,47.5,1,"Entosphenus tridentatus","Fis-48258"
-124.5,47.5,1,"Entosphenus tridentatus","Fis-48258"
-124,47.5,0.3,"Entosphenus tridentatus","Fis-48258"
-122,47.5,0.32,"Entosphenus tridentatus","Fis-48258"
139.5,47.5,1,"Entosphenus tridentatus","Fis-48258"
140,47.5,0.74,"Entosphenus tridentatus","Fis-48258"
140.5,47.5,0.63,"Entosphenus tridentatus","Fis-48258"
141,47.5,0.95,"Entosphenus tridentatus","Fis-48258"
141.5,47.5,1,"Entosphenus tridentatus","Fis-48258"
142,47.5,1,"Entosphenus tridentatus","Fis-48258"
142.5,47.5,0.95,"Entosphenus tridentatus","Fis-48258"
143,47.5,0.77,"Entosphenus tridentatus","Fis-48258"
143.5,47.5,0.66,"Entosphenus tridentatus","Fis-48258"
144,47.5,0.55,"Entosphenus tridentatus","Fis-48258"
144.5,47.5,0.49,"Entosphenus tridentatus","Fis-48258"
145,47.5,0.5,"Entosphenus tridentatus","Fis-48258"
145.5,47.5,0.56,"Entosphenus tridentatus","Fis-48258"
146,47.5,0.16,"Entosphenus tridentatus","Fis-48258"
152.5,47.5,0.12,"Entosphenus tridentatus","Fis-48258"
153,47.5,1,"Entosphenus tridentatus","Fis-48258"
153.5,47.5,1,"Entosphenus tridentatus","Fis-48258"
154,47.5,0.21,"Entosphenus tridentatus","Fis-48258"
154.5,47.5,1,"Entosphenus tridentatus","Fis-48258"
155,47.5,1,"Entosphenus tridentatus","Fis-48258"
-125.5,47,0.42,"Entosphenus tridentatus","Fis-48258"
-125,47,1,"Entosphenus tridentatus","Fis-48258"
-124.5,47,1,"Entosphenus tridentatus","Fis-48258"
-124,47,1,"Entosphenus tridentatus","Fis-48258"
-122,47,0.26,"Entosphenus tridentatus","Fis-48258"
139,47,1,"Entosphenus tridentatus","Fis-48258"
139.5,47,1,"Entosphenus tridentatus","Fis-48258"
140,47,0.68,"Entosphenus tridentatus","Fis-48258"
140.5,47,0.77,"Entosphenus tridentatus","Fis-48258"
141,47,0.71,"Entosphenus tridentatus","Fis-48258"
141.5,47,1,"Entosphenus tridentatus","Fis-48258"
142,47,1,"Entosphenus tridentatus","Fis-48258"
142.5,47,0.43,"Entosphenus tridentatus","Fis-48258"
143,47,0.28,"Entosphenus tridentatus","Fis-48258"
143.5,47,0.61,"Entosphenus tridentatus","Fis-48258"
144,47,0.55,"Entosphenus tridentatus","Fis-48258"
144.5,47,0.19,"Entosphenus tridentatus","Fis-48258"
145.5,47,0.15,"Entosphenus tridentatus","Fis-48258"
152,47,1,"Entosphenus tridentatus","Fis-48258"
152.5,47,1,"Entosphenus tridentatus","Fis-48258"
153,47,1,"Entosphenus tridentatus","Fis-48258"
153.5,47,0.27,"Entosphenus tridentatus","Fis-48258"
154.5,47,0.78,"Entosphenus tridentatus","Fis-48258"
-125,46.5,1,"Entosphenus tridentatus","Fis-48258"
-124.5,46.5,1,"Entosphenus tridentatus","Fis-48258"
-124,46.5,0.93,"Entosphenus tridentatus","Fis-48258"
-123.5,46.5,0.62,"Entosphenus tridentatus","Fis-48258"
138.5,46.5,1,"Entosphenus tridentatus","Fis-48258"
139,46.5,0.74,"Entosphenus tridentatus","Fis-48258"
139.5,46.5,0.61,"Entosphenus tridentatus","Fis-48258"
140,46.5,0.85,"Entosphenus tridentatus","Fis-48258"
140.5,46.5,0.53,"Entosphenus tridentatus","Fis-48258"
141,46.5,0.89,"Entosphenus tridentatus","Fis-48258"
141.5,46.5,1,"Entosphenus tridentatus","Fis-48258"
142,46.5,1,"Entosphenus tridentatus","Fis-48258"
142.5,46.5,0.23,"Entosphenus tridentatus","Fis-48258"
143,46.5,0.91,"Entosphenus tridentatus","Fis-48258"
143.5,46.5,0.72,"Entosphenus tridentatus","Fis-48258"
144,46.5,0.62,"Entosphenus tridentatus","Fis-48258"
144.5,46.5,0.35,"Entosphenus tridentatus","Fis-48258"
151,46.5,1,"Entosphenus tridentatus","Fis-48258"
151.5,46.5,1,"Entosphenus tridentatus","Fis-48258"
152,46.5,1,"Entosphenus tridentatus","Fis-48258"
152.5,46.5,1,"Entosphenus tridentatus","Fis-48258"
153,46.5,0.78,"Entosphenus tridentatus","Fis-48258"
-125,46,0.31,"Entosphenus tridentatus","Fis-48258"
-124.5,46,1,"Entosphenus tridentatus","Fis-48258"
-124,46,0.43,"Entosphenus tridentatus","Fis-48258"
-123.5,46,0.21,"Entosphenus tridentatus","Fis-48258"
138,46,0.99,"Entosphenus tridentatus","Fis-48258"
138.5,46,0.76,"Entosphenus tridentatus","Fis-48258"
139,46,0.61,"Entosphenus tridentatus","Fis-48258"
139.5,46,0.33,"Entosphenus tridentatus","Fis-48258"
140,46,0.19,"Entosphenus tridentatus","Fis-48258"
140.5,46,0.34,"Entosphenus tridentatus","Fis-48258"
141,46,0.93,"Entosphenus tridentatus","Fis-48258"
141.5,46,1,"Entosphenus tridentatus","Fis-48258"
142,46,1,"Entosphenus tridentatus","Fis-48258"
142.5,46,0.6,"Entosphenus tridentatus","Fis-48258"
143,46,1,"Entosphenus tridentatus","Fis-48258"
143.5,46,1,"Entosphenus tridentatus","Fis-48258"
144,46,0.77,"Entosphenus tridentatus","Fis-48258"
144.5,46,0.77,"Entosphenus tridentatus","Fis-48258"
149,46,0.04,"Entosphenus tridentatus","Fis-48258"
149.5,46,0.07,"Entosphenus tridentatus","Fis-48258"
150,46,1,"Entosphenus tridentatus","Fis-48258"
150.5,46,1,"Entosphenus tridentatus","Fis-48258"
151,46,1,"Entosphenus tridentatus","Fis-48258"
151.5,46,1,"Entosphenus tridentatus","Fis-48258"
152,46,0.64,"Entosphenus tridentatus","Fis-48258"
152.5,46,0.21,"Entosphenus tridentatus","Fis-48258"
169.5,46,0.16,"Entosphenus tridentatus","Fis-48258"
170,46,0.14,"Entosphenus tridentatus","Fis-48258"
-125,45.5,0.82,"Entosphenus tridentatus","Fis-48258"
-124.5,45.5,1,"Entosphenus tridentatus","Fis-48258"
-124,45.5,0.96,"Entosphenus tridentatus","Fis-48258"
-123.5,45.5,0.65,"Entosphenus tridentatus","Fis-48258"
137.5,45.5,1,"Entosphenus tridentatus","Fis-48258"
138,45.5,1,"Entosphenus tridentatus","Fis-48258"
138.5,45.5,0.68,"Entosphenus tridentatus","Fis-48258"
139,45.5,0.11,"Entosphenus tridentatus","Fis-48258"
139.5,45.5,0.09,"Entosphenus tridentatus","Fis-48258"
140,45.5,0.25,"Entosphenus tridentatus","Fis-48258"
140.5,45.5,0.1,"Entosphenus tridentatus","Fis-48258"
141,45.5,0.61,"Entosphenus tridentatus","Fis-48258"
141.5,45.5,1,"Entosphenus tridentatus","Fis-48258"
142,45.5,0.8,"Entosphenus tridentatus","Fis-48258"
142.5,45.5,0.42,"Entosphenus tridentatus","Fis-48258"
143,45.5,0.84,"Entosphenus tridentatus","Fis-48258"
143.5,45.5,1,"Entosphenus tridentatus","Fis-48258"
144,45.5,0.92,"Entosphenus tridentatus","Fis-48258"
144.5,45.5,0.97,"Entosphenus tridentatus","Fis-48258"
145,45.5,0.8,"Entosphenus tridentatus","Fis-48258"
148,45.5,0.73,"Entosphenus tridentatus","Fis-48258"
148.5,45.5,1,"Entosphenus tridentatus","Fis-48258"
149,45.5,1,"Entosphenus tridentatus","Fis-48258"
149.5,45.5,1,"Entosphenus tridentatus","Fis-48258"
150,45.5,1,"Entosphenus tridentatus","Fis-48258"
150.5,45.5,1,"Entosphenus tridentatus","Fis-48258"
151,45.5,1,"Entosphenus tridentatus","Fis-48258"
151.5,45.5,1,"Entosphenus tridentatus","Fis-48258"
152,45.5,0.71,"Entosphenus tridentatus","Fis-48258"
152.5,45.5,0.44,"Entosphenus tridentatus","Fis-48258"
169.5,45.5,0.05,"Entosphenus tridentatus","Fis-48258"
170,45.5,0.11,"Entosphenus tridentatus","Fis-48258"
170.5,45.5,0.17,"Entosphenus tridentatus","Fis-48258"
-125,45,0.38,"Entosphenus tridentatus","Fis-48258"
-124.5,45,1,"Entosphenus tridentatus","Fis-48258"
-124,45,1,"Entosphenus tridentatus","Fis-48258"
-123.5,45,0.97,"Entosphenus tridentatus","Fis-48258"
137,45,0.98,"Entosphenus tridentatus","Fis-48258"
137.5,45,0.87,"Entosphenus tridentatus","Fis-48258"
138,45,0.72,"Entosphenus tridentatus","Fis-48258"
138.5,45,0.12,"Entosphenus tridentatus","Fis-48258"
141,45,0.58,"Entosphenus tridentatus","Fis-48258"
141.5,45,1,"Entosphenus tridentatus","Fis-48258"
142,45,0.49,"Entosphenus tridentatus","Fis-48258"
142.5,45,0.94,"Entosphenus tridentatus","Fis-48258"
143,45,0.83,"Entosphenus tridentatus","Fis-48258"
143.5,45,1,"Entosphenus tridentatus","Fis-48258"
144,45,1,"Entosphenus tridentatus","Fis-48258"
144.5,45,1,"Entosphenus tridentatus","Fis-48258"
145,45,0.86,"Entosphenus tridentatus","Fis-48258"
147,45,0.4,"Entosphenus tridentatus","Fis-48258"
147.5,45,1,"Entosphenus tridentatus","Fis-48258"
148,45,1,"Entosphenus tridentatus","Fis-48258"
148.5,45,1,"Entosphenus tridentatus","Fis-48258"
149,45,1,"Entosphenus tridentatus","Fis-48258"
149.5,45,1,"Entosphenus tridentatus","Fis-48258"
150,45,1,"Entosphenus tridentatus","Fis-48258"
150.5,45,1,"Entosphenus tridentatus","Fis-48258"
151,45,1,"Entosphenus tridentatus","Fis-48258"
151.5,45,0.15,"Entosphenus tridentatus","Fis-48258"
-125,44.5,0.92,"Entosphenus tridentatus","Fis-48258"
-124.5,44.5,1,"Entosphenus tridentatus","Fis-48258"
-124,44.5,1,"Entosphenus tridentatus","Fis-48258"
136.5,44.5,1,"Entosphenus tridentatus","Fis-48258"
137,44.5,0.92,"Entosphenus tridentatus","Fis-48258"
137.5,44.5,0.73,"Entosphenus tridentatus","Fis-48258"
138,44.5,0.1,"Entosphenus tridentatus","Fis-48258"
138.5,44.5,0.01,"Entosphenus tridentatus","Fis-48258"
141,44.5,0.16,"Entosphenus tridentatus","Fis-48258"
141.5,44.5,0.61,"Entosphenus tridentatus","Fis-48258"
142,44.5,0.47,"Entosphenus tridentatus","Fis-48258"
143,44.5,1,"Entosphenus tridentatus","Fis-48258"
143.5,44.5,1,"Entosphenus tridentatus","Fis-48258"
144,44.5,1,"Entosphenus tridentatus","Fis-48258"
144.5,44.5,1,"Entosphenus tridentatus","Fis-48258"
145,44.5,1,"Entosphenus tridentatus","Fis-48258"
145.5,44.5,1,"Entosphenus tridentatus","Fis-48258"
146,44.5,0.97,"Entosphenus tridentatus","Fis-48258"
146.5,44.5,1,"Entosphenus tridentatus","Fis-48258"
147,44.5,1,"Entosphenus tridentatus","Fis-48258"
147.5,44.5,1,"Entosphenus tridentatus","Fis-48258"
148,44.5,1,"Entosphenus tridentatus","Fis-48258"
148.5,44.5,1,"Entosphenus tridentatus","Fis-48258"
149,44.5,1,"Entosphenus tridentatus","Fis-48258"
149.5,44.5,1,"Entosphenus tridentatus","Fis-48258"
150,44.5,1,"Entosphenus tridentatus","Fis-48258"
170,44.5,0.01,"Entosphenus tridentatus","Fis-48258"
170.5,44.5,0.38,"Entosphenus tridentatus","Fis-48258"
-125,44,0.69,"Entosphenus tridentatus","Fis-48258"
-124.5,44,1,"Entosphenus tridentatus","Fis-48258"
-124,44,0.9,"Entosphenus tridentatus","Fis-48258"
136,44,1,"Entosphenus tridentatus","Fis-48258"
136.5,44,1,"Entosphenus tridentatus","Fis-48258"
137,44,0.65,"Entosphenus tridentatus","Fis-48258"
137.5,44,0.15,"Entosphenus tridentatus","Fis-48258"
141.5,44,0.21,"Entosphenus tridentatus","Fis-48258"
142,44,0.57,"Entosphenus tridentatus","Fis-48258"
143.5,44,0.36,"Entosphenus tridentatus","Fis-48258"
144,44,0.86,"Entosphenus tridentatus","Fis-48258"
144.5,44,1,"Entosphenus tridentatus","Fis-48258"
145,44,1,"Entosphenus tridentatus","Fis-48258"
145.5,44,1,"Entosphenus tridentatus","Fis-48258"
146,44,1,"Entosphenus tridentatus","Fis-48258"
146.5,44,1,"Entosphenus tridentatus","Fis-48258"
147,44,1,"Entosphenus tridentatus","Fis-48258"
147.5,44,1,"Entosphenus tridentatus","Fis-48258"
148,44,1,"Entosphenus tridentatus","Fis-48258"
148.5,44,1,"Entosphenus tridentatus","Fis-48258"
149,44,1,"Entosphenus tridentatus","Fis-48258"
170.5,44,0.31,"Entosphenus tridentatus","Fis-48258"
-125,43.5,0.55,"Entosphenus tridentatus","Fis-48258"
-124.5,43.5,1,"Entosphenus tridentatus","Fis-48258"
-124,43.5,0.92,"Entosphenus tridentatus","Fis-48258"
135.5,43.5,1,"Entosphenus tridentatus","Fis-48258"
136,43.5,0.98,"Entosphenus tridentatus","Fis-48258"
136.5,43.5,0.46,"Entosphenus tridentatus","Fis-48258"
137,43.5,0.07,"Entosphenus tridentatus","Fis-48258"
141.5,43.5,0.83,"Entosphenus tridentatus","Fis-48258"
142,43.5,0.42,"Entosphenus tridentatus","Fis-48258"
144.5,43.5,0.06,"Entosphenus tridentatus","Fis-48258"
145,43.5,0.16,"Entosphenus tridentatus","Fis-48258"
145.5,43.5,0.93,"Entosphenus tridentatus","Fis-48258"
146,43.5,1,"Entosphenus tridentatus","Fis-48258"
146.5,43.5,1,"Entosphenus tridentatus","Fis-48258"
147,43.5,1,"Entosphenus tridentatus","Fis-48258"
147.5,43.5,1,"Entosphenus tridentatus","Fis-48258"
148,43.5,1,"Entosphenus tridentatus","Fis-48258"
148.5,43.5,0.59,"Entosphenus tridentatus","Fis-48258"
-125,43,0.55,"Entosphenus tridentatus","Fis-48258"
-124.5,43,1,"Entosphenus tridentatus","Fis-48258"
-124,43,0.74,"Entosphenus tridentatus","Fis-48258"
134.5,43,1,"Entosphenus tridentatus","Fis-48258"
135,43,0.66,"Entosphenus tridentatus","Fis-48258"
135.5,43,0.58,"Entosphenus tridentatus","Fis-48258"
136,43,0.03,"Entosphenus tridentatus","Fis-48258"
140.5,43,0.2,"Entosphenus tridentatus","Fis-48258"
141,43,0.96,"Entosphenus tridentatus","Fis-48258"
141.5,43,0.69,"Entosphenus tridentatus","Fis-48258"
144.5,43,0.01,"Entosphenus tridentatus","Fis-48258"
145,43,1,"Entosphenus tridentatus","Fis-48258"
145.5,43,1,"Entosphenus tridentatus","Fis-48258"
146,43,1,"Entosphenus tridentatus","Fis-48258"
146.5,43,1,"Entosphenus tridentatus","Fis-48258"
147,43,1,"Entosphenus tridentatus","Fis-48258"
147.5,43,0.75,"Entosphenus tridentatus","Fis-48258"
170.5,43,0.13,"Entosphenus tridentatus","Fis-48258"
171,43,0.12,"Entosphenus tridentatus","Fis-48258"
-125,42.5,0.22,"Entosphenus tridentatus","Fis-48258"
-124.5,42.5,1,"Entosphenus tridentatus","Fis-48258"
-124,42.5,0.65,"Entosphenus tridentatus","Fis-48258"
133.5,42.5,0.83,"Entosphenus tridentatus","Fis-48258"
134,42.5,0.35,"Entosphenus tridentatus","Fis-48258"
140.5,42.5,0.89,"Entosphenus tridentatus","Fis-48258"
141,42.5,0.43,"Entosphenus tridentatus","Fis-48258"
141.5,42.5,0.93,"Entosphenus tridentatus","Fis-48258"
142,42.5,1,"Entosphenus tridentatus","Fis-48258"
143.5,42.5,1,"Entosphenus tridentatus","Fis-48258"
144,42.5,1,"Entosphenus tridentatus","Fis-48258"
144.5,42.5,1,"Entosphenus tridentatus","Fis-48258"
145,42.5,1,"Entosphenus tridentatus","Fis-48258"
145.5,42.5,1,"Entosphenus tridentatus","Fis-48258"
146,42.5,1,"Entosphenus tridentatus","Fis-48258"
170.5,42.5,0.1,"Entosphenus tridentatus","Fis-48258"
-125,42,0.43,"Entosphenus tridentatus","Fis-48258"
-124.5,42,1,"Entosphenus tridentatus","Fis-48258"
-124,42,0.74,"Entosphenus tridentatus","Fis-48258"
139.5,42,0.09,"Entosphenus tridentatus","Fis-48258"
140,42,0.64,"Entosphenus tridentatus","Fis-48258"
140.5,42,0.97,"Entosphenus tridentatus","Fis-48258"
141,42,0.51,"Entosphenus tridentatus","Fis-48258"
141.5,42,0.99,"Entosphenus tridentatus","Fis-48258"
142,42,1,"Entosphenus tridentatus","Fis-48258"
142.5,42,1,"Entosphenus tridentatus","Fis-48258"
143,42,1,"Entosphenus tridentatus","Fis-48258"
143.5,42,1,"Entosphenus tridentatus","Fis-48258"
144,42,1,"Entosphenus tridentatus","Fis-48258"
144.5,42,1,"Entosphenus tridentatus","Fis-48258"
145,42,0.18,"Entosphenus tridentatus","Fis-48258"
170.5,42,0.42,"Entosphenus tridentatus","Fis-48258"
171,42,0.29,"Entosphenus tridentatus","Fis-48258"
-125,41.5,0.36,"Entosphenus tridentatus","Fis-48258"
-124.5,41.5,1,"Entosphenus tridentatus","Fis-48258"
-124,41.5,0.87,"Entosphenus tridentatus","Fis-48258"
139.5,41.5,0.24,"Entosphenus tridentatus","Fis-48258"
140,41.5,0.61,"Entosphenus tridentatus","Fis-48258"
140.5,41.5,0.74,"Entosphenus tridentatus","Fis-48258"
141,41.5,0.78,"Entosphenus tridentatus","Fis-48258"
141.5,41.5,0.92,"Entosphenus tridentatus","Fis-48258"
142,41.5,0.93,"Entosphenus tridentatus","Fis-48258"
142.5,41.5,0.62,"Entosphenus tridentatus","Fis-48258"
143,41.5,1,"Entosphenus tridentatus","Fis-48258"
143.5,41.5,1,"Entosphenus tridentatus","Fis-48258"
144,41.5,1,"Entosphenus tridentatus","Fis-48258"
144.5,41.5,0.68,"Entosphenus tridentatus","Fis-48258"
171,41.5,0.07,"Entosphenus tridentatus","Fis-48258"
-124.5,41,1,"Entosphenus tridentatus","Fis-48258"
-124,41,0.89,"Entosphenus tridentatus","Fis-48258"
139.5,41,0.08,"Entosphenus tridentatus","Fis-48258"
140,41,0.21,"Entosphenus tridentatus","Fis-48258"
140.5,41,0.52,"Entosphenus tridentatus","Fis-48258"
141,41,0.7,"Entosphenus tridentatus","Fis-48258"
141.5,41,0.62,"Entosphenus tridentatus","Fis-48258"
142,41,0.84,"Entosphenus tridentatus","Fis-48258"
142.5,41,0.78,"Entosphenus tridentatus","Fis-48258"
143,41,0.29,"Entosphenus tridentatus","Fis-48258"
143.5,41,0.16,"Entosphenus tridentatus","Fis-48258"
170.5,41,0.29,"Entosphenus tridentatus","Fis-48258"
171,41,0.47,"Entosphenus tridentatus","Fis-48258"
-124.5,40.5,1,"Entosphenus tridentatus","Fis-48258"
-124,40.5,1,"Entosphenus tridentatus","Fis-48258"
139.5,40.5,0.08,"Entosphenus tridentatus","Fis-48258"
140,40.5,0.5,"Entosphenus tridentatus","Fis-48258"
140.5,40.5,0.6,"Entosphenus tridentatus","Fis-48258"
141,40.5,0.25,"Entosphenus tridentatus","Fis-48258"
141.5,40.5,0.3,"Entosphenus tridentatus","Fis-48258"
142,40.5,0.79,"Entosphenus tridentatus","Fis-48258"
142.5,40.5,0.87,"Entosphenus tridentatus","Fis-48258"
143,40.5,0.46,"Entosphenus tridentatus","Fis-48258"
143.5,40.5,0.29,"Entosphenus tridentatus","Fis-48258"
170.5,40.5,0.22,"Entosphenus tridentatus","Fis-48258"
171,40.5,0.35,"Entosphenus tridentatus","Fis-48258"
-127.5,40,0.2,"Entosphenus tridentatus","Fis-48258"
-125,40,0.45,"Entosphenus tridentatus","Fis-48258"
-124.5,40,1,"Entosphenus tridentatus","Fis-48258"
-124,40,1,"Entosphenus tridentatus","Fis-48258"
136,40,0.03,"Entosphenus tridentatus","Fis-48258"
136.5,40,0.03,"Entosphenus tridentatus","Fis-48258"
139.5,40,0.05,"Entosphenus tridentatus","Fis-48258"
140,40,0.49,"Entosphenus tridentatus","Fis-48258"
140.5,40,0.13,"Entosphenus tridentatus","Fis-48258"
142,40,0.79,"Entosphenus tridentatus","Fis-48258"
142.5,40,0.84,"Entosphenus tridentatus","Fis-48258"
143,40,0.82,"Entosphenus tridentatus","Fis-48258"
143.5,40,0.39,"Entosphenus tridentatus","Fis-48258"
170.5,40,0.06,"Entosphenus tridentatus","Fis-48258"
-125,39.5,0.14,"Entosphenus tridentatus","Fis-48258"
-124.5,39.5,0.62,"Entosphenus tridentatus","Fis-48258"
-124,39.5,1,"Entosphenus tridentatus","Fis-48258"
-123.5,39.5,0.96,"Entosphenus tridentatus","Fis-48258"
139,39.5,0.03,"Entosphenus tridentatus","Fis-48258"
139.5,39.5,0.1,"Entosphenus tridentatus","Fis-48258"
140,39.5,0.47,"Entosphenus tridentatus","Fis-48258"
140.5,39.5,0.17,"Entosphenus tridentatus","Fis-48258"
142,39.5,0.74,"Entosphenus tridentatus","Fis-48258"
142.5,39.5,0.79,"Entosphenus tridentatus","Fis-48258"
143,39.5,0.75,"Entosphenus tridentatus","Fis-48258"
143.5,39.5,0.17,"Entosphenus tridentatus","Fis-48258"
-124,39,1,"Entosphenus tridentatus","Fis-48258"
-123.5,39,1,"Entosphenus tridentatus","Fis-48258"
139,39,0.04,"Entosphenus tridentatus","Fis-48258"
139.5,39,0.2,"Entosphenus tridentatus","Fis-48258"
140,39,0.45,"Entosphenus tridentatus","Fis-48258"
140.5,39,0.16,"Entosphenus tridentatus","Fis-48258"
142,39,0.69,"Entosphenus tridentatus","Fis-48258"
142.5,39,0.7,"Entosphenus tridentatus","Fis-48258"
143,39,0.48,"Entosphenus tridentatus","Fis-48258"
-124,38.5,0.76,"Entosphenus tridentatus","Fis-48258"
-123.5,38.5,0.98,"Entosphenus tridentatus","Fis-48258"
-123,38.5,0.64,"Entosphenus tridentatus","Fis-48258"
137,38.5,0.06,"Entosphenus tridentatus","Fis-48258"
137.5,38.5,0.05,"Entosphenus tridentatus","Fis-48258"
138,38.5,0.01,"Entosphenus tridentatus","Fis-48258"
138.5,38.5,0.1,"Entosphenus tridentatus","Fis-48258"
139,38.5,0.1,"Entosphenus tridentatus","Fis-48258"
139.5,38.5,0.41,"Entosphenus tridentatus","Fis-48258"
140,38.5,0.46,"Entosphenus tridentatus","Fis-48258"
141.5,38.5,0.05,"Entosphenus tridentatus","Fis-48258"
142,38.5,0.65,"Entosphenus tridentatus","Fis-48258"
142.5,38.5,0.6,"Entosphenus tridentatus","Fis-48258"
143,38.5,0.28,"Entosphenus tridentatus","Fis-48258"
171.5,38.5,0.34,"Entosphenus tridentatus","Fis-48258"
-123.5,38,0.99,"Entosphenus tridentatus","Fis-48258"
-123,38,1,"Entosphenus tridentatus","Fis-48258"
-122.5,38,0.13,"Entosphenus tridentatus","Fis-48258"
-122,38,0.07,"Entosphenus tridentatus","Fis-48258"
136.5,38,0.01,"Entosphenus tridentatus","Fis-48258"
137,38,0.13,"Entosphenus tridentatus","Fis-48258"
137.5,38,0.16,"Entosphenus tridentatus","Fis-48258"
138,38,0.13,"Entosphenus tridentatus","Fis-48258"
138.5,38,0.29,"Entosphenus tridentatus","Fis-48258"
139,38,0.38,"Entosphenus tridentatus","Fis-48258"
139.5,38,0.42,"Entosphenus tridentatus","Fis-48258"
141,38,0.12,"Entosphenus tridentatus","Fis-48258"
141.5,38,0.66,"Entosphenus tridentatus","Fis-48258"
142,38,0.58,"Entosphenus tridentatus","Fis-48258"
142.5,38,0.51,"Entosphenus tridentatus","Fis-48258"
143,38,0.22,"Entosphenus tridentatus","Fis-48258"
170.5,38,0.2,"Entosphenus tridentatus","Fis-48258"
171,38,0.2,"Entosphenus tridentatus","Fis-48258"
171.5,38,0.03,"Entosphenus tridentatus","Fis-48258"
-123,37.5,1,"Entosphenus tridentatus","Fis-48258"
-122.5,37.5,0.12,"Entosphenus tridentatus","Fis-48258"
133.5,37.5,0.07,"Entosphenus tridentatus","Fis-48258"
134,37.5,0.05,"Entosphenus tridentatus","Fis-48258"
134.5,37.5,0.02,"Entosphenus tridentatus","Fis-48258"
136.5,37.5,0.16,"Entosphenus tridentatus","Fis-48258"
137,37.5,0.31,"Entosphenus tridentatus","Fis-48258"
137.5,37.5,0.26,"Entosphenus tridentatus","Fis-48258"
138,37.5,0.3,"Entosphenus tridentatus","Fis-48258"
138.5,37.5,0.38,"Entosphenus tridentatus","Fis-48258"
139,37.5,0.38,"Entosphenus tridentatus","Fis-48258"
139.5,37.5,0.11,"Entosphenus tridentatus","Fis-48258"
141,37.5,0.13,"Entosphenus tridentatus","Fis-48258"
141.5,37.5,0.57,"Entosphenus tridentatus","Fis-48258"
142,37.5,0.48,"Entosphenus tridentatus","Fis-48258"
142.5,37.5,0.42,"Entosphenus tridentatus","Fis-48258"
143,37.5,0.22,"Entosphenus tridentatus","Fis-48258"
170.5,37.5,0.16,"Entosphenus tridentatus","Fis-48258"
171,37.5,0.16,"Entosphenus tridentatus","Fis-48258"
171.5,37.5,0.05,"Entosphenus tridentatus","Fis-48258"
-123,37,0.96,"Entosphenus tridentatus","Fis-48258"
-122.5,37,0.38,"Entosphenus tridentatus","Fis-48258"
-122,37,0.36,"Entosphenus tridentatus","Fis-48258"
133.5,37,0.18,"Entosphenus tridentatus","Fis-48258"
134,37,0.11,"Entosphenus tridentatus","Fis-48258"
135,37,0.02,"Entosphenus tridentatus","Fis-48258"
135.5,37,0.03,"Entosphenus tridentatus","Fis-48258"
136,37,0.09,"Entosphenus tridentatus","Fis-48258"
136.5,37,0.28,"Entosphenus tridentatus","Fis-48258"
137,37,0.3,"Entosphenus tridentatus","Fis-48258"
137.5,37,0.31,"Entosphenus tridentatus","Fis-48258"
138,37,0.33,"Entosphenus tridentatus","Fis-48258"
138.5,37,0.36,"Entosphenus tridentatus","Fis-48258"
139,37,0.19,"Entosphenus tridentatus","Fis-48258"
141.5,37,0.42,"Entosphenus tridentatus","Fis-48258"
142,37,0.36,"Entosphenus tridentatus","Fis-48258"
142.5,37,0.3,"Entosphenus tridentatus","Fis-48258"
143,37,0.15,"Entosphenus tridentatus","Fis-48258"
-122.5,36.5,0.94,"Entosphenus tridentatus","Fis-48258"
-122,36.5,0.73,"Entosphenus tridentatus","Fis-48258"
-121.5,36.5,0.53,"Entosphenus tridentatus","Fis-48258"
133.5,36.5,0.25,"Entosphenus tridentatus","Fis-48258"
134,36.5,0.22,"Entosphenus tridentatus","Fis-48258"
134.5,36.5,0.11,"Entosphenus tridentatus","Fis-48258"
135,36.5,0.05,"Entosphenus tridentatus","Fis-48258"
135.5,36.5,0.07,"Entosphenus tridentatus","Fis-48258"
136,36.5,0.23,"Entosphenus tridentatus","Fis-48258"
136.5,36.5,0.27,"Entosphenus tridentatus","Fis-48258"
137,36.5,0.27,"Entosphenus tridentatus","Fis-48258"
137.5,36.5,0.27,"Entosphenus tridentatus","Fis-48258"
138,36.5,0.01,"Entosphenus tridentatus","Fis-48258"
141,36.5,0.31,"Entosphenus tridentatus","Fis-48258"
141.5,36.5,0.27,"Entosphenus tridentatus","Fis-48258"
142,36.5,0.22,"Entosphenus tridentatus","Fis-48258"
171.5,36.5,0.17,"Entosphenus tridentatus","Fis-48258"
-122,36,0.95,"Entosphenus tridentatus","Fis-48258"
-121.5,36,0.92,"Entosphenus tridentatus","Fis-48258"
-121,36,0.42,"Entosphenus tridentatus","Fis-48258"
133.5,36,0.21,"Entosphenus tridentatus","Fis-48258"
134,36,0.16,"Entosphenus tridentatus","Fis-48258"
134.5,36,0.2,"Entosphenus tridentatus","Fis-48258"
135,36,0.19,"Entosphenus tridentatus","Fis-48258"
135.5,36,0.18,"Entosphenus tridentatus","Fis-48258"
136,36,0.24,"Entosphenus tridentatus","Fis-48258"
136.5,36,0.24,"Entosphenus tridentatus","Fis-48258"
141,36,0.23,"Entosphenus tridentatus","Fis-48258"
141.5,36,0.15,"Entosphenus tridentatus","Fis-48258"
142,36,0.03,"Entosphenus tridentatus","Fis-48258"
-122,35.5,0.58,"Entosphenus tridentatus","Fis-48258"
-121.5,35.5,0.89,"Entosphenus tridentatus","Fis-48258"
-121,35.5,0.89,"Entosphenus tridentatus","Fis-48258"
133.5,35.5,0.18,"Entosphenus tridentatus","Fis-48258"
134,35.5,0.2,"Entosphenus tridentatus","Fis-48258"
134.5,35.5,0.21,"Entosphenus tridentatus","Fis-48258"
135,35.5,0.21,"Entosphenus tridentatus","Fis-48258"
135.5,35.5,0.22,"Entosphenus tridentatus","Fis-48258"
136,35.5,0.23,"Entosphenus tridentatus","Fis-48258"
136.5,35.5,0.02,"Entosphenus tridentatus","Fis-48258"
140,35.5,0.09,"Entosphenus tridentatus","Fis-48258"
140.5,35.5,0.12,"Entosphenus tridentatus","Fis-48258"
141,35.5,0.13,"Entosphenus tridentatus","Fis-48258"
141.5,35.5,0.02,"Entosphenus tridentatus","Fis-48258"
171.5,35.5,0.1,"Entosphenus tridentatus","Fis-48258"
172,35.5,0.11,"Entosphenus tridentatus","Fis-48258"
-121.5,35,0.81,"Entosphenus tridentatus","Fis-48258"
-121,35,0.84,"Entosphenus tridentatus","Fis-48258"
-120.5,35,0.81,"Entosphenus tridentatus","Fis-48258"
137,35,0.13,"Entosphenus tridentatus","Fis-48258"
139,35,0.07,"Entosphenus tridentatus","Fis-48258"
139.5,35,0.05,"Entosphenus tridentatus","Fis-48258"
140,35,0.07,"Entosphenus tridentatus","Fis-48258"
171.5,35,0.07,"Entosphenus tridentatus","Fis-48258"
172,35,0.08,"Entosphenus tridentatus","Fis-48258"
172.5,35,0.08,"Entosphenus tridentatus","Fis-48258"
-121.5,34.5,0.76,"Entosphenus tridentatus","Fis-48258"
-121,34.5,0.79,"Entosphenus tridentatus","Fis-48258"
-120.5,34.5,0.83,"Entosphenus tridentatus","Fis-48258"
-120,34.5,0.07,"Entosphenus tridentatus","Fis-48258"
134.5,34.5,0.12,"Entosphenus tridentatus","Fis-48258"
135,34.5,0.05,"Entosphenus tridentatus","Fis-48258"
135.5,34.5,0.03,"Entosphenus tridentatus","Fis-48258"
137,34.5,0.03,"Entosphenus tridentatus","Fis-48258"
137.5,34.5,0.05,"Entosphenus tridentatus","Fis-48258"
138,34.5,0.03,"Entosphenus tridentatus","Fis-48258"
138.5,34.5,0.02,"Entosphenus tridentatus","Fis-48258"
139,34.5,0.01,"Entosphenus tridentatus","Fis-48258"
172,34.5,0.04,"Entosphenus tridentatus","Fis-48258"
172.5,34.5,0.05,"Entosphenus tridentatus","Fis-48258"
-121,34,0.74,"Entosphenus tridentatus","Fis-48258"
-120.5,34,0.76,"Entosphenus tridentatus","Fis-48258"
-120,34,0.7,"Entosphenus tridentatus","Fis-48258"
-119.5,34,0.59,"Entosphenus tridentatus","Fis-48258"
-119,34,0.54,"Entosphenus tridentatus","Fis-48258"
-118.5,34,0.49,"Entosphenus tridentatus","Fis-48258"
-118,34,0.03,"Entosphenus tridentatus","Fis-48258"
133.5,34,0.08,"Entosphenus tridentatus","Fis-48258"
134,34,0.03,"Entosphenus tridentatus","Fis-48258"
134.5,34,0.01,"Entosphenus tridentatus","Fis-48258"
135,34,0.04,"Entosphenus tridentatus","Fis-48258"
-120.5,33.5,0.5,"Entosphenus tridentatus","Fis-48258"
-120,33.5,0.66,"Entosphenus tridentatus","Fis-48258"
-119.5,33.5,0.56,"Entosphenus tridentatus","Fis-48258"
-119,33.5,0.47,"Entosphenus tridentatus","Fis-48258"
-118.5,33.5,0.42,"Entosphenus tridentatus","Fis-48258"
-118,33.5,0.4,"Entosphenus tridentatus","Fis-48258"
-117.5,33.5,0.29,"Entosphenus tridentatus","Fis-48258"
-120.5,33,0.42,"Entosphenus tridentatus","Fis-48258"
-120,33,0.66,"Entosphenus tridentatus","Fis-48258"
-119.5,33,0.61,"Entosphenus tridentatus","Fis-48258"
-119,33,0.51,"Entosphenus tridentatus","Fis-48258"
-118.5,33,0.41,"Entosphenus tridentatus","Fis-48258"
-118,33,0.36,"Entosphenus tridentatus","Fis-48258"
-117.5,33,0.34,"Entosphenus tridentatus","Fis-48258"
-117,33,0.19,"Entosphenus tridentatus","Fis-48258"
-120,32.5,0.29,"Entosphenus tridentatus","Fis-48258"
-119.5,32.5,0.5,"Entosphenus tridentatus","Fis-48258"
-119,32.5,0.23,"Entosphenus tridentatus","Fis-48258"
-118.5,32.5,0.45,"Entosphenus tridentatus","Fis-48258"
-118,32.5,0.39,"Entosphenus tridentatus","Fis-48258"
-117.5,32.5,0.31,"Entosphenus tridentatus","Fis-48258"
-117,32.5,0.39,"Entosphenus tridentatus","Fis-48258"
-116.5,32.5,0.26,"Entosphenus tridentatus","Fis-48258"
