"long_dd","lat_dd","poccur","species","aquamaps_id"
-73,76.5,0.03,"Mya arenaria","W-Msc-140430"
-72.5,76.5,0.03,"Mya arenaria","W-Msc-140430"
-72,76.5,0.03,"Mya arenaria","W-Msc-140430"
-71,76.5,0.05,"Mya arenaria","W-Msc-140430"
-70.5,76.5,0.03,"Mya arenaria","W-Msc-140430"
-70,76.5,0.03,"Mya arenaria","W-Msc-140430"
-69.5,76.5,0.03,"Mya arenaria","W-Msc-140430"
-69,76.5,0.02,"Mya arenaria","W-Msc-140430"
-68.5,76.5,0.02,"Mya arenaria","W-Msc-140430"
-68,76.5,0.02,"Mya arenaria","W-Msc-140430"
13.5,76.5,0.33,"Mya arenaria","W-Msc-140430"
14,76.5,0.36,"Mya arenaria","W-Msc-140430"
14.5,76.5,0.38,"Mya arenaria","W-Msc-140430"
15,76.5,0.33,"Mya arenaria","W-Msc-140430"
15.5,76.5,0.36,"Mya arenaria","W-Msc-140430"
16,76.5,0.36,"Mya arenaria","W-Msc-140430"
16.5,76.5,0.31,"Mya arenaria","W-Msc-140430"
17,76.5,0.25,"Mya arenaria","W-Msc-140430"
17.5,76.5,0.16,"Mya arenaria","W-Msc-140430"
18,76.5,0.15,"Mya arenaria","W-Msc-140430"
18.5,76.5,0.12,"Mya arenaria","W-Msc-140430"
19,76.5,0.15,"Mya arenaria","W-Msc-140430"
19.5,76.5,0.1,"Mya arenaria","W-Msc-140430"
20,76.5,0.09,"Mya arenaria","W-Msc-140430"
20.5,76.5,0.11,"Mya arenaria","W-Msc-140430"
21,76.5,0.14,"Mya arenaria","W-Msc-140430"
21.5,76.5,0.12,"Mya arenaria","W-Msc-140430"
22,76.5,0.12,"Mya arenaria","W-Msc-140430"
22.5,76.5,0.12,"Mya arenaria","W-Msc-140430"
23,76.5,0.09,"Mya arenaria","W-Msc-140430"
23.5,76.5,0.08,"Mya arenaria","W-Msc-140430"
24,76.5,0.1,"Mya arenaria","W-Msc-140430"
24.5,76.5,0.09,"Mya arenaria","W-Msc-140430"
25,76.5,0.08,"Mya arenaria","W-Msc-140430"
25.5,76.5,0.08,"Mya arenaria","W-Msc-140430"
26,76.5,0.08,"Mya arenaria","W-Msc-140430"
26.5,76.5,0.07,"Mya arenaria","W-Msc-140430"
27,76.5,0.06,"Mya arenaria","W-Msc-140430"
27.5,76.5,0.06,"Mya arenaria","W-Msc-140430"
28,76.5,0.08,"Mya arenaria","W-Msc-140430"
28.5,76.5,0.08,"Mya arenaria","W-Msc-140430"
29,76.5,0.04,"Mya arenaria","W-Msc-140430"
31.5,76.5,0.1,"Mya arenaria","W-Msc-140430"
32,76.5,0.02,"Mya arenaria","W-Msc-140430"
32.5,76.5,0.04,"Mya arenaria","W-Msc-140430"
33,76.5,0.02,"Mya arenaria","W-Msc-140430"
33.5,76.5,0.06,"Mya arenaria","W-Msc-140430"
34,76.5,0.06,"Mya arenaria","W-Msc-140430"
34.5,76.5,0.06,"Mya arenaria","W-Msc-140430"
35,76.5,0.06,"Mya arenaria","W-Msc-140430"
35.5,76.5,0.06,"Mya arenaria","W-Msc-140430"
36,76.5,0.04,"Mya arenaria","W-Msc-140430"
36.5,76.5,0.03,"Mya arenaria","W-Msc-140430"
37,76.5,0.03,"Mya arenaria","W-Msc-140430"
37.5,76.5,0.03,"Mya arenaria","W-Msc-140430"
38,76.5,0.02,"Mya arenaria","W-Msc-140430"
38.5,76.5,0.01,"Mya arenaria","W-Msc-140430"
39,76.5,0.01,"Mya arenaria","W-Msc-140430"
42,76.5,0.01,"Mya arenaria","W-Msc-140430"
43,76.5,0.02,"Mya arenaria","W-Msc-140430"
43.5,76.5,0.01,"Mya arenaria","W-Msc-140430"
47,76.5,0.03,"Mya arenaria","W-Msc-140430"
47.5,76.5,0.04,"Mya arenaria","W-Msc-140430"
48,76.5,0.03,"Mya arenaria","W-Msc-140430"
53.5,76.5,0.01,"Mya arenaria","W-Msc-140430"
54,76.5,0.06,"Mya arenaria","W-Msc-140430"
54.5,76.5,0.08,"Mya arenaria","W-Msc-140430"
55,76.5,0.1,"Mya arenaria","W-Msc-140430"
55.5,76.5,0.11,"Mya arenaria","W-Msc-140430"
56,76.5,0.13,"Mya arenaria","W-Msc-140430"
56.5,76.5,0.11,"Mya arenaria","W-Msc-140430"
57,76.5,0.09,"Mya arenaria","W-Msc-140430"
57.5,76.5,0.09,"Mya arenaria","W-Msc-140430"
58,76.5,0.09,"Mya arenaria","W-Msc-140430"
58.5,76.5,0.06,"Mya arenaria","W-Msc-140430"
59,76.5,0.04,"Mya arenaria","W-Msc-140430"
59.5,76.5,0.07,"Mya arenaria","W-Msc-140430"
60,76.5,0.04,"Mya arenaria","W-Msc-140430"
60.5,76.5,0.07,"Mya arenaria","W-Msc-140430"
61,76.5,0.08,"Mya arenaria","W-Msc-140430"
61.5,76.5,0.08,"Mya arenaria","W-Msc-140430"
62,76.5,0.06,"Mya arenaria","W-Msc-140430"
62.5,76.5,0.05,"Mya arenaria","W-Msc-140430"
63,76.5,0.03,"Mya arenaria","W-Msc-140430"
63.5,76.5,0.05,"Mya arenaria","W-Msc-140430"
64,76.5,0.09,"Mya arenaria","W-Msc-140430"
64.5,76.5,0.09,"Mya arenaria","W-Msc-140430"
65,76.5,0.1,"Mya arenaria","W-Msc-140430"
65.5,76.5,0.1,"Mya arenaria","W-Msc-140430"
66,76.5,0.1,"Mya arenaria","W-Msc-140430"
66.5,76.5,0.06,"Mya arenaria","W-Msc-140430"
67,76.5,0.05,"Mya arenaria","W-Msc-140430"
67.5,76.5,0.04,"Mya arenaria","W-Msc-140430"
69,76.5,0.04,"Mya arenaria","W-Msc-140430"
69.5,76.5,0.05,"Mya arenaria","W-Msc-140430"
70,76.5,0.03,"Mya arenaria","W-Msc-140430"
70.5,76.5,0.03,"Mya arenaria","W-Msc-140430"
71.5,76.5,0.01,"Mya arenaria","W-Msc-140430"
72,76.5,0.01,"Mya arenaria","W-Msc-140430"
72.5,76.5,0.01,"Mya arenaria","W-Msc-140430"
73,76.5,0.01,"Mya arenaria","W-Msc-140430"
73.5,76.5,0.01,"Mya arenaria","W-Msc-140430"
74,76.5,0.01,"Mya arenaria","W-Msc-140430"
-70.5,76,0.02,"Mya arenaria","W-Msc-140430"
-70,76,0.03,"Mya arenaria","W-Msc-140430"
-69.5,76,0.03,"Mya arenaria","W-Msc-140430"
-69,76,0.03,"Mya arenaria","W-Msc-140430"
-68.5,76,0.03,"Mya arenaria","W-Msc-140430"
-68,76,0.02,"Mya arenaria","W-Msc-140430"
-67.5,76,0.02,"Mya arenaria","W-Msc-140430"
-67,76,0.02,"Mya arenaria","W-Msc-140430"
-66.5,76,0.01,"Mya arenaria","W-Msc-140430"
-66,76,0.01,"Mya arenaria","W-Msc-140430"
-65.5,76,0.01,"Mya arenaria","W-Msc-140430"
-65,76,0.01,"Mya arenaria","W-Msc-140430"
-64.5,76,0.01,"Mya arenaria","W-Msc-140430"
-64,76,0.01,"Mya arenaria","W-Msc-140430"
-63.5,76,0.01,"Mya arenaria","W-Msc-140430"
-63,76,0.01,"Mya arenaria","W-Msc-140430"
-62.5,76,0.01,"Mya arenaria","W-Msc-140430"
-62,76,0.01,"Mya arenaria","W-Msc-140430"
-61.5,76,0.01,"Mya arenaria","W-Msc-140430"
-61,76,0.01,"Mya arenaria","W-Msc-140430"
-60.5,76,0.01,"Mya arenaria","W-Msc-140430"
-60,76,0.01,"Mya arenaria","W-Msc-140430"
15.5,76,0.12,"Mya arenaria","W-Msc-140430"
16,76,0.39,"Mya arenaria","W-Msc-140430"
16.5,76,0.41,"Mya arenaria","W-Msc-140430"
17,76,0.38,"Mya arenaria","W-Msc-140430"
17.5,76,0.33,"Mya arenaria","W-Msc-140430"
18,76,0.05,"Mya arenaria","W-Msc-140430"
18.5,76,0.08,"Mya arenaria","W-Msc-140430"
19,76,0.09,"Mya arenaria","W-Msc-140430"
19.5,76,0.1,"Mya arenaria","W-Msc-140430"
20,76,0.16,"Mya arenaria","W-Msc-140430"
20.5,76,0.17,"Mya arenaria","W-Msc-140430"
21,76,0.19,"Mya arenaria","W-Msc-140430"
21.5,76,0.22,"Mya arenaria","W-Msc-140430"
22,76,0.21,"Mya arenaria","W-Msc-140430"
22.5,76,0.19,"Mya arenaria","W-Msc-140430"
23,76,0.18,"Mya arenaria","W-Msc-140430"
23.5,76,0.16,"Mya arenaria","W-Msc-140430"
24,76,0.13,"Mya arenaria","W-Msc-140430"
24.5,76,0.12,"Mya arenaria","W-Msc-140430"
25,76,0.12,"Mya arenaria","W-Msc-140430"
25.5,76,0.12,"Mya arenaria","W-Msc-140430"
26,76,0.11,"Mya arenaria","W-Msc-140430"
26.5,76,0.1,"Mya arenaria","W-Msc-140430"
27,76,0.1,"Mya arenaria","W-Msc-140430"
27.5,76,0.11,"Mya arenaria","W-Msc-140430"
28,76,0.12,"Mya arenaria","W-Msc-140430"
28.5,76,0.2,"Mya arenaria","W-Msc-140430"
29,76,0.09,"Mya arenaria","W-Msc-140430"
29.5,76,0.02,"Mya arenaria","W-Msc-140430"
36.5,76,0.03,"Mya arenaria","W-Msc-140430"
37,76,0.01,"Mya arenaria","W-Msc-140430"
38.5,76,0.03,"Mya arenaria","W-Msc-140430"
39.5,76,0.02,"Mya arenaria","W-Msc-140430"
47,76,0.03,"Mya arenaria","W-Msc-140430"
47.5,76,0.05,"Mya arenaria","W-Msc-140430"
48,76,0.05,"Mya arenaria","W-Msc-140430"
48.5,76,0.07,"Mya arenaria","W-Msc-140430"
49,76,0.01,"Mya arenaria","W-Msc-140430"
49.5,76,0.01,"Mya arenaria","W-Msc-140430"
52.5,76,0.07,"Mya arenaria","W-Msc-140430"
53,76,0.11,"Mya arenaria","W-Msc-140430"
53.5,76,0.11,"Mya arenaria","W-Msc-140430"
54,76,0.11,"Mya arenaria","W-Msc-140430"
54.5,76,0.09,"Mya arenaria","W-Msc-140430"
55,76,0.09,"Mya arenaria","W-Msc-140430"
55.5,76,0.08,"Mya arenaria","W-Msc-140430"
56,76,0.1,"Mya arenaria","W-Msc-140430"
56.5,76,0.1,"Mya arenaria","W-Msc-140430"
57,76,0.12,"Mya arenaria","W-Msc-140430"
57.5,76,0.12,"Mya arenaria","W-Msc-140430"
58,76,0.12,"Mya arenaria","W-Msc-140430"
58.5,76,0.09,"Mya arenaria","W-Msc-140430"
59,76,0.15,"Mya arenaria","W-Msc-140430"
59.5,76,0.15,"Mya arenaria","W-Msc-140430"
60,76,0.15,"Mya arenaria","W-Msc-140430"
60.5,76,0.15,"Mya arenaria","W-Msc-140430"
61,76,0.14,"Mya arenaria","W-Msc-140430"
61.5,76,0.11,"Mya arenaria","W-Msc-140430"
62,76,0.09,"Mya arenaria","W-Msc-140430"
62.5,76,0.08,"Mya arenaria","W-Msc-140430"
63,76,0.08,"Mya arenaria","W-Msc-140430"
63.5,76,0.08,"Mya arenaria","W-Msc-140430"
64,76,0.07,"Mya arenaria","W-Msc-140430"
64.5,76,0.07,"Mya arenaria","W-Msc-140430"
65,76,0.07,"Mya arenaria","W-Msc-140430"
67,76,0.04,"Mya arenaria","W-Msc-140430"
67.5,76,0.03,"Mya arenaria","W-Msc-140430"
68,76,0.03,"Mya arenaria","W-Msc-140430"
68.5,76,0.03,"Mya arenaria","W-Msc-140430"
69,76,0.03,"Mya arenaria","W-Msc-140430"
69.5,76,0.02,"Mya arenaria","W-Msc-140430"
70,76,0.02,"Mya arenaria","W-Msc-140430"
70.5,76,0.02,"Mya arenaria","W-Msc-140430"
71,76,0.01,"Mya arenaria","W-Msc-140430"
71.5,76,0.01,"Mya arenaria","W-Msc-140430"
72,76,0.01,"Mya arenaria","W-Msc-140430"
72.5,76,0.01,"Mya arenaria","W-Msc-140430"
73,76,0.01,"Mya arenaria","W-Msc-140430"
73.5,76,0.01,"Mya arenaria","W-Msc-140430"
74,76,0.01,"Mya arenaria","W-Msc-140430"
-68,75.5,0.01,"Mya arenaria","W-Msc-140430"
-67.5,75.5,0.01,"Mya arenaria","W-Msc-140430"
-67,75.5,0.02,"Mya arenaria","W-Msc-140430"
-66.5,75.5,0.02,"Mya arenaria","W-Msc-140430"
-66,75.5,0.02,"Mya arenaria","W-Msc-140430"
-65,75.5,0.02,"Mya arenaria","W-Msc-140430"
-64.5,75.5,0.02,"Mya arenaria","W-Msc-140430"
-61.5,75.5,0.01,"Mya arenaria","W-Msc-140430"
-61,75.5,0.02,"Mya arenaria","W-Msc-140430"
-60.5,75.5,0.01,"Mya arenaria","W-Msc-140430"
-60,75.5,0.02,"Mya arenaria","W-Msc-140430"
-59.5,75.5,0.02,"Mya arenaria","W-Msc-140430"
-59,75.5,0.02,"Mya arenaria","W-Msc-140430"
-58.5,75.5,0.02,"Mya arenaria","W-Msc-140430"
-58,75.5,0.02,"Mya arenaria","W-Msc-140430"
16.5,75.5,0.11,"Mya arenaria","W-Msc-140430"
17,75.5,0.3,"Mya arenaria","W-Msc-140430"
17.5,75.5,0.23,"Mya arenaria","W-Msc-140430"
18,75.5,0.21,"Mya arenaria","W-Msc-140430"
18.5,75.5,0.24,"Mya arenaria","W-Msc-140430"
19,75.5,0.28,"Mya arenaria","W-Msc-140430"
19.5,75.5,0.28,"Mya arenaria","W-Msc-140430"
20,75.5,0.24,"Mya arenaria","W-Msc-140430"
20.5,75.5,0.22,"Mya arenaria","W-Msc-140430"
21,75.5,0.2,"Mya arenaria","W-Msc-140430"
21.5,75.5,0.19,"Mya arenaria","W-Msc-140430"
22,75.5,0.18,"Mya arenaria","W-Msc-140430"
22.5,75.5,0.17,"Mya arenaria","W-Msc-140430"
23,75.5,0.15,"Mya arenaria","W-Msc-140430"
23.5,75.5,0.14,"Mya arenaria","W-Msc-140430"
24,75.5,0.13,"Mya arenaria","W-Msc-140430"
24.5,75.5,0.11,"Mya arenaria","W-Msc-140430"
25,75.5,0.1,"Mya arenaria","W-Msc-140430"
25.5,75.5,0.11,"Mya arenaria","W-Msc-140430"
26,75.5,0.13,"Mya arenaria","W-Msc-140430"
26.5,75.5,0.15,"Mya arenaria","W-Msc-140430"
27,75.5,0.09,"Mya arenaria","W-Msc-140430"
27.5,75.5,0.02,"Mya arenaria","W-Msc-140430"
28.5,75.5,0.04,"Mya arenaria","W-Msc-140430"
29,75.5,0.04,"Mya arenaria","W-Msc-140430"
34,75.5,0.01,"Mya arenaria","W-Msc-140430"
34.5,75.5,0.07,"Mya arenaria","W-Msc-140430"
35,75.5,0.07,"Mya arenaria","W-Msc-140430"
35.5,75.5,0.09,"Mya arenaria","W-Msc-140430"
36,75.5,0.09,"Mya arenaria","W-Msc-140430"
36.5,75.5,0.06,"Mya arenaria","W-Msc-140430"
37,75.5,0.04,"Mya arenaria","W-Msc-140430"
37.5,75.5,0.05,"Mya arenaria","W-Msc-140430"
38,75.5,0.06,"Mya arenaria","W-Msc-140430"
38.5,75.5,0.01,"Mya arenaria","W-Msc-140430"
39.5,75.5,0.03,"Mya arenaria","W-Msc-140430"
45,75.5,0.04,"Mya arenaria","W-Msc-140430"
45.5,75.5,0.09,"Mya arenaria","W-Msc-140430"
48.5,75.5,0.03,"Mya arenaria","W-Msc-140430"
49,75.5,0.02,"Mya arenaria","W-Msc-140430"
50,75.5,0.01,"Mya arenaria","W-Msc-140430"
51.5,75.5,0.06,"Mya arenaria","W-Msc-140430"
52,75.5,0.07,"Mya arenaria","W-Msc-140430"
52.5,75.5,0.1,"Mya arenaria","W-Msc-140430"
53,75.5,0.09,"Mya arenaria","W-Msc-140430"
53.5,75.5,0.07,"Mya arenaria","W-Msc-140430"
54,75.5,0.08,"Mya arenaria","W-Msc-140430"
54.5,75.5,0.08,"Mya arenaria","W-Msc-140430"
55,75.5,0.09,"Mya arenaria","W-Msc-140430"
55.5,75.5,0.12,"Mya arenaria","W-Msc-140430"
56,75.5,0.1,"Mya arenaria","W-Msc-140430"
56.5,75.5,0.1,"Mya arenaria","W-Msc-140430"
57,75.5,0.1,"Mya arenaria","W-Msc-140430"
57.5,75.5,0.16,"Mya arenaria","W-Msc-140430"
58,75.5,0.18,"Mya arenaria","W-Msc-140430"
58.5,75.5,0.17,"Mya arenaria","W-Msc-140430"
59,75.5,0.14,"Mya arenaria","W-Msc-140430"
59.5,75.5,0.12,"Mya arenaria","W-Msc-140430"
60,75.5,0.11,"Mya arenaria","W-Msc-140430"
63,75.5,0.05,"Mya arenaria","W-Msc-140430"
63.5,75.5,0.05,"Mya arenaria","W-Msc-140430"
64,75.5,0.05,"Mya arenaria","W-Msc-140430"
64.5,75.5,0.04,"Mya arenaria","W-Msc-140430"
65,75.5,0.04,"Mya arenaria","W-Msc-140430"
65.5,75.5,0.04,"Mya arenaria","W-Msc-140430"
66,75.5,0.03,"Mya arenaria","W-Msc-140430"
66.5,75.5,0.03,"Mya arenaria","W-Msc-140430"
67,75.5,0.02,"Mya arenaria","W-Msc-140430"
67.5,75.5,0.01,"Mya arenaria","W-Msc-140430"
68,75.5,0.01,"Mya arenaria","W-Msc-140430"
73,75.5,0.01,"Mya arenaria","W-Msc-140430"
73.5,75.5,0.01,"Mya arenaria","W-Msc-140430"
90.5,75.5,0.01,"Mya arenaria","W-Msc-140430"
91,75.5,0.01,"Mya arenaria","W-Msc-140430"
91.5,75.5,0.01,"Mya arenaria","W-Msc-140430"
92,75.5,0.01,"Mya arenaria","W-Msc-140430"
-79.5,75,0.01,"Mya arenaria","W-Msc-140430"
-63.5,75,0.01,"Mya arenaria","W-Msc-140430"
-63,75,0.01,"Mya arenaria","W-Msc-140430"
-62.5,75,0.01,"Mya arenaria","W-Msc-140430"
-59,75,0.01,"Mya arenaria","W-Msc-140430"
-58.5,75,0.02,"Mya arenaria","W-Msc-140430"
-58,75,0.03,"Mya arenaria","W-Msc-140430"
-57.5,75,0.03,"Mya arenaria","W-Msc-140430"
16,75,0.08,"Mya arenaria","W-Msc-140430"
16.5,75,0.17,"Mya arenaria","W-Msc-140430"
17,75,0.3,"Mya arenaria","W-Msc-140430"
17.5,75,0.28,"Mya arenaria","W-Msc-140430"
18,75,0.36,"Mya arenaria","W-Msc-140430"
18.5,75,0.38,"Mya arenaria","W-Msc-140430"
19,75,0.32,"Mya arenaria","W-Msc-140430"
19.5,75,0.27,"Mya arenaria","W-Msc-140430"
20,75,0.24,"Mya arenaria","W-Msc-140430"
20.5,75,0.22,"Mya arenaria","W-Msc-140430"
21,75,0.21,"Mya arenaria","W-Msc-140430"
21.5,75,0.19,"Mya arenaria","W-Msc-140430"
22,75,0.18,"Mya arenaria","W-Msc-140430"
22.5,75,0.18,"Mya arenaria","W-Msc-140430"
23,75,0.17,"Mya arenaria","W-Msc-140430"
23.5,75,0.15,"Mya arenaria","W-Msc-140430"
24,75,0.15,"Mya arenaria","W-Msc-140430"
24.5,75,0.15,"Mya arenaria","W-Msc-140430"
25,75,0.17,"Mya arenaria","W-Msc-140430"
25.5,75,0.14,"Mya arenaria","W-Msc-140430"
26,75,0.1,"Mya arenaria","W-Msc-140430"
26.5,75,0.12,"Mya arenaria","W-Msc-140430"
27,75,0.05,"Mya arenaria","W-Msc-140430"
33,75,0.14,"Mya arenaria","W-Msc-140430"
33.5,75,0.16,"Mya arenaria","W-Msc-140430"
34,75,0.11,"Mya arenaria","W-Msc-140430"
34.5,75,0.08,"Mya arenaria","W-Msc-140430"
35,75,0.08,"Mya arenaria","W-Msc-140430"
35.5,75,0.1,"Mya arenaria","W-Msc-140430"
36,75,0.09,"Mya arenaria","W-Msc-140430"
36.5,75,0.15,"Mya arenaria","W-Msc-140430"
37,75,0.16,"Mya arenaria","W-Msc-140430"
37.5,75,0.06,"Mya arenaria","W-Msc-140430"
38,75,0.05,"Mya arenaria","W-Msc-140430"
38.5,75,0.06,"Mya arenaria","W-Msc-140430"
39,75,0.02,"Mya arenaria","W-Msc-140430"
39.5,75,0.02,"Mya arenaria","W-Msc-140430"
40,75,0.03,"Mya arenaria","W-Msc-140430"
40.5,75,0.03,"Mya arenaria","W-Msc-140430"
41,75,0.02,"Mya arenaria","W-Msc-140430"
41.5,75,0.03,"Mya arenaria","W-Msc-140430"
42,75,0.03,"Mya arenaria","W-Msc-140430"
42.5,75,0.01,"Mya arenaria","W-Msc-140430"
50,75,0.02,"Mya arenaria","W-Msc-140430"
50.5,75,0.04,"Mya arenaria","W-Msc-140430"
51,75,0.09,"Mya arenaria","W-Msc-140430"
51.5,75,0.08,"Mya arenaria","W-Msc-140430"
52,75,0.11,"Mya arenaria","W-Msc-140430"
52.5,75,0.13,"Mya arenaria","W-Msc-140430"
53,75,0.06,"Mya arenaria","W-Msc-140430"
53.5,75,0.08,"Mya arenaria","W-Msc-140430"
54,75,0.07,"Mya arenaria","W-Msc-140430"
54.5,75,0.07,"Mya arenaria","W-Msc-140430"
55,75,0.05,"Mya arenaria","W-Msc-140430"
55.5,75,0.08,"Mya arenaria","W-Msc-140430"
56,75,0.21,"Mya arenaria","W-Msc-140430"
56.5,75,0.21,"Mya arenaria","W-Msc-140430"
57,75,0.18,"Mya arenaria","W-Msc-140430"
57.5,75,0.15,"Mya arenaria","W-Msc-140430"
58,75,0.14,"Mya arenaria","W-Msc-140430"
60.5,75,0.07,"Mya arenaria","W-Msc-140430"
61,75,0.06,"Mya arenaria","W-Msc-140430"
61.5,75,0.06,"Mya arenaria","W-Msc-140430"
62,75,0.05,"Mya arenaria","W-Msc-140430"
62.5,75,0.04,"Mya arenaria","W-Msc-140430"
63,75,0.03,"Mya arenaria","W-Msc-140430"
63.5,75,0.02,"Mya arenaria","W-Msc-140430"
66,75,0.01,"Mya arenaria","W-Msc-140430"
66.5,75,0.01,"Mya arenaria","W-Msc-140430"
69.5,75,0.01,"Mya arenaria","W-Msc-140430"
70,75,0.01,"Mya arenaria","W-Msc-140430"
70.5,75,0.01,"Mya arenaria","W-Msc-140430"
71,75,0.01,"Mya arenaria","W-Msc-140430"
71.5,75,0.01,"Mya arenaria","W-Msc-140430"
72,75,0.01,"Mya arenaria","W-Msc-140430"
87.5,75,0.01,"Mya arenaria","W-Msc-140430"
88,75,0.01,"Mya arenaria","W-Msc-140430"
88.5,75,0.02,"Mya arenaria","W-Msc-140430"
89,75,0.01,"Mya arenaria","W-Msc-140430"
89.5,75,0.01,"Mya arenaria","W-Msc-140430"
90,75,0.01,"Mya arenaria","W-Msc-140430"
-83,74.5,0.01,"Mya arenaria","W-Msc-140430"
-80.5,74.5,0.01,"Mya arenaria","W-Msc-140430"
-80,74.5,0.01,"Mya arenaria","W-Msc-140430"
-79.5,74.5,0.01,"Mya arenaria","W-Msc-140430"
-79,74.5,0.01,"Mya arenaria","W-Msc-140430"
-58.5,74.5,0.01,"Mya arenaria","W-Msc-140430"
-58,74.5,0.04,"Mya arenaria","W-Msc-140430"
-57.5,74.5,0.03,"Mya arenaria","W-Msc-140430"
-57,74.5,0.03,"Mya arenaria","W-Msc-140430"
-56.5,74.5,0.04,"Mya arenaria","W-Msc-140430"
17,74.5,0.17,"Mya arenaria","W-Msc-140430"
17.5,74.5,0.27,"Mya arenaria","W-Msc-140430"
18,74.5,0.31,"Mya arenaria","W-Msc-140430"
18.5,74.5,0.4,"Mya arenaria","W-Msc-140430"
19,74.5,0.41,"Mya arenaria","W-Msc-140430"
19.5,74.5,0.36,"Mya arenaria","W-Msc-140430"
20,74.5,0.31,"Mya arenaria","W-Msc-140430"
20.5,74.5,0.28,"Mya arenaria","W-Msc-140430"
21,74.5,0.27,"Mya arenaria","W-Msc-140430"
21.5,74.5,0.25,"Mya arenaria","W-Msc-140430"
22,74.5,0.21,"Mya arenaria","W-Msc-140430"
22.5,74.5,0.21,"Mya arenaria","W-Msc-140430"
23,74.5,0.19,"Mya arenaria","W-Msc-140430"
23.5,74.5,0.18,"Mya arenaria","W-Msc-140430"
24,74.5,0.15,"Mya arenaria","W-Msc-140430"
24.5,74.5,0.12,"Mya arenaria","W-Msc-140430"
25,74.5,0.11,"Mya arenaria","W-Msc-140430"
25.5,74.5,0.02,"Mya arenaria","W-Msc-140430"
26,74.5,0.01,"Mya arenaria","W-Msc-140430"
32,74.5,0.05,"Mya arenaria","W-Msc-140430"
32.5,74.5,0.14,"Mya arenaria","W-Msc-140430"
33,74.5,0.17,"Mya arenaria","W-Msc-140430"
33.5,74.5,0.14,"Mya arenaria","W-Msc-140430"
34,74.5,0.04,"Mya arenaria","W-Msc-140430"
34.5,74.5,0.04,"Mya arenaria","W-Msc-140430"
35,74.5,0.02,"Mya arenaria","W-Msc-140430"
35.5,74.5,0.01,"Mya arenaria","W-Msc-140430"
36,74.5,0.02,"Mya arenaria","W-Msc-140430"
36.5,74.5,0.05,"Mya arenaria","W-Msc-140430"
37,74.5,0.06,"Mya arenaria","W-Msc-140430"
37.5,74.5,0.08,"Mya arenaria","W-Msc-140430"
38,74.5,0.23,"Mya arenaria","W-Msc-140430"
38.5,74.5,0.15,"Mya arenaria","W-Msc-140430"
39,74.5,0.1,"Mya arenaria","W-Msc-140430"
39.5,74.5,0.08,"Mya arenaria","W-Msc-140430"
40,74.5,0.09,"Mya arenaria","W-Msc-140430"
40.5,74.5,0.09,"Mya arenaria","W-Msc-140430"
41,74.5,0.03,"Mya arenaria","W-Msc-140430"
41.5,74.5,0.02,"Mya arenaria","W-Msc-140430"
42,74.5,0.01,"Mya arenaria","W-Msc-140430"
42.5,74.5,0.01,"Mya arenaria","W-Msc-140430"
47,74.5,0.14,"Mya arenaria","W-Msc-140430"
47.5,74.5,0.14,"Mya arenaria","W-Msc-140430"
48,74.5,0.07,"Mya arenaria","W-Msc-140430"
48.5,74.5,0.01,"Mya arenaria","W-Msc-140430"
49,74.5,0.1,"Mya arenaria","W-Msc-140430"
49.5,74.5,0.12,"Mya arenaria","W-Msc-140430"
50,74.5,0.1,"Mya arenaria","W-Msc-140430"
50.5,74.5,0.11,"Mya arenaria","W-Msc-140430"
51,74.5,0.11,"Mya arenaria","W-Msc-140430"
51.5,74.5,0.12,"Mya arenaria","W-Msc-140430"
52,74.5,0.09,"Mya arenaria","W-Msc-140430"
52.5,74.5,0.08,"Mya arenaria","W-Msc-140430"
53,74.5,0.07,"Mya arenaria","W-Msc-140430"
53.5,74.5,0.04,"Mya arenaria","W-Msc-140430"
54,74.5,0.08,"Mya arenaria","W-Msc-140430"
54.5,74.5,0.14,"Mya arenaria","W-Msc-140430"
55,74.5,0.15,"Mya arenaria","W-Msc-140430"
55.5,74.5,0.23,"Mya arenaria","W-Msc-140430"
56,74.5,0.23,"Mya arenaria","W-Msc-140430"
56.5,74.5,0.22,"Mya arenaria","W-Msc-140430"
59.5,74.5,0.06,"Mya arenaria","W-Msc-140430"
60,74.5,0.05,"Mya arenaria","W-Msc-140430"
60.5,74.5,0.03,"Mya arenaria","W-Msc-140430"
61,74.5,0.03,"Mya arenaria","W-Msc-140430"
61.5,74.5,0.02,"Mya arenaria","W-Msc-140430"
63.5,74.5,0.01,"Mya arenaria","W-Msc-140430"
64,74.5,0.01,"Mya arenaria","W-Msc-140430"
64.5,74.5,0.01,"Mya arenaria","W-Msc-140430"
65,74.5,0.01,"Mya arenaria","W-Msc-140430"
65.5,74.5,0.01,"Mya arenaria","W-Msc-140430"
66,74.5,0.01,"Mya arenaria","W-Msc-140430"
66.5,74.5,0.01,"Mya arenaria","W-Msc-140430"
67,74.5,0.01,"Mya arenaria","W-Msc-140430"
67.5,74.5,0.01,"Mya arenaria","W-Msc-140430"
68,74.5,0.01,"Mya arenaria","W-Msc-140430"
68.5,74.5,0.01,"Mya arenaria","W-Msc-140430"
69,74.5,0.01,"Mya arenaria","W-Msc-140430"
69.5,74.5,0.01,"Mya arenaria","W-Msc-140430"
70,74.5,0.01,"Mya arenaria","W-Msc-140430"
70.5,74.5,0.01,"Mya arenaria","W-Msc-140430"
71,74.5,0.01,"Mya arenaria","W-Msc-140430"
71.5,74.5,0.01,"Mya arenaria","W-Msc-140430"
85.5,74.5,0.01,"Mya arenaria","W-Msc-140430"
86,74.5,0.01,"Mya arenaria","W-Msc-140430"
86.5,74.5,0.01,"Mya arenaria","W-Msc-140430"
87,74.5,0.01,"Mya arenaria","W-Msc-140430"
87.5,74.5,0.02,"Mya arenaria","W-Msc-140430"
-58.5,74,0.02,"Mya arenaria","W-Msc-140430"
-58,74,0.02,"Mya arenaria","W-Msc-140430"
-57.5,74,0.05,"Mya arenaria","W-Msc-140430"
-57,74,0.06,"Mya arenaria","W-Msc-140430"
-56.5,74,0.06,"Mya arenaria","W-Msc-140430"
-56,74,0.06,"Mya arenaria","W-Msc-140430"
17,74,0.02,"Mya arenaria","W-Msc-140430"
17.5,74,0.18,"Mya arenaria","W-Msc-140430"
18,74,0.27,"Mya arenaria","W-Msc-140430"
18.5,74,0.46,"Mya arenaria","W-Msc-140430"
19,74,0.47,"Mya arenaria","W-Msc-140430"
19.5,74,0.45,"Mya arenaria","W-Msc-140430"
20,74,0.39,"Mya arenaria","W-Msc-140430"
20.5,74,0.33,"Mya arenaria","W-Msc-140430"
21,74,0.3,"Mya arenaria","W-Msc-140430"
21.5,74,0.34,"Mya arenaria","W-Msc-140430"
22,74,0.3,"Mya arenaria","W-Msc-140430"
22.5,74,0.32,"Mya arenaria","W-Msc-140430"
23,74,0.32,"Mya arenaria","W-Msc-140430"
23.5,74,0.28,"Mya arenaria","W-Msc-140430"
32,74,0.02,"Mya arenaria","W-Msc-140430"
32.5,74,0.02,"Mya arenaria","W-Msc-140430"
37.5,74,0.02,"Mya arenaria","W-Msc-140430"
38,74,0.08,"Mya arenaria","W-Msc-140430"
38.5,74,0.06,"Mya arenaria","W-Msc-140430"
39,74,0.03,"Mya arenaria","W-Msc-140430"
39.5,74,0.03,"Mya arenaria","W-Msc-140430"
40,74,0.03,"Mya arenaria","W-Msc-140430"
40.5,74,0.04,"Mya arenaria","W-Msc-140430"
41,74,0.01,"Mya arenaria","W-Msc-140430"
47,74,0.15,"Mya arenaria","W-Msc-140430"
47.5,74,0.13,"Mya arenaria","W-Msc-140430"
48,74,0.06,"Mya arenaria","W-Msc-140430"
48.5,74,0.08,"Mya arenaria","W-Msc-140430"
49,74,0.11,"Mya arenaria","W-Msc-140430"
49.5,74,0.11,"Mya arenaria","W-Msc-140430"
50,74,0.12,"Mya arenaria","W-Msc-140430"
50.5,74,0.13,"Mya arenaria","W-Msc-140430"
51,74,0.23,"Mya arenaria","W-Msc-140430"
51.5,74,0.12,"Mya arenaria","W-Msc-140430"
52,74,0.07,"Mya arenaria","W-Msc-140430"
52.5,74,0.1,"Mya arenaria","W-Msc-140430"
53,74,0.09,"Mya arenaria","W-Msc-140430"
53.5,74,0.25,"Mya arenaria","W-Msc-140430"
54,74,0.25,"Mya arenaria","W-Msc-140430"
54.5,74,0.27,"Mya arenaria","W-Msc-140430"
55,74,0.26,"Mya arenaria","W-Msc-140430"
55.5,74,0.25,"Mya arenaria","W-Msc-140430"
56,74,0.24,"Mya arenaria","W-Msc-140430"
58,74,0.08,"Mya arenaria","W-Msc-140430"
58.5,74,0.06,"Mya arenaria","W-Msc-140430"
59,74,0.04,"Mya arenaria","W-Msc-140430"
59.5,74,0.03,"Mya arenaria","W-Msc-140430"
60,74,0.02,"Mya arenaria","W-Msc-140430"
60.5,74,0.01,"Mya arenaria","W-Msc-140430"
63,74,0.01,"Mya arenaria","W-Msc-140430"
63.5,74,0.01,"Mya arenaria","W-Msc-140430"
64,74,0.01,"Mya arenaria","W-Msc-140430"
64.5,74,0.01,"Mya arenaria","W-Msc-140430"
65,74,0.01,"Mya arenaria","W-Msc-140430"
65.5,74,0.01,"Mya arenaria","W-Msc-140430"
66,74,0.01,"Mya arenaria","W-Msc-140430"
66.5,74,0.01,"Mya arenaria","W-Msc-140430"
67,74,0.01,"Mya arenaria","W-Msc-140430"
67.5,74,0.01,"Mya arenaria","W-Msc-140430"
68,74,0.01,"Mya arenaria","W-Msc-140430"
68.5,74,0.01,"Mya arenaria","W-Msc-140430"
69,74,0.01,"Mya arenaria","W-Msc-140430"
69.5,74,0.01,"Mya arenaria","W-Msc-140430"
70,74,0.01,"Mya arenaria","W-Msc-140430"
70.5,74,0.01,"Mya arenaria","W-Msc-140430"
71,74,0.01,"Mya arenaria","W-Msc-140430"
71.5,74,0.01,"Mya arenaria","W-Msc-140430"
72,74,0.01,"Mya arenaria","W-Msc-140430"
72.5,74,0.01,"Mya arenaria","W-Msc-140430"
73,74,0.01,"Mya arenaria","W-Msc-140430"
73.5,74,0.01,"Mya arenaria","W-Msc-140430"
74,74,0.01,"Mya arenaria","W-Msc-140430"
74.5,74,0.01,"Mya arenaria","W-Msc-140430"
75,74,0.01,"Mya arenaria","W-Msc-140430"
75.5,74,0.01,"Mya arenaria","W-Msc-140430"
76,74,0.01,"Mya arenaria","W-Msc-140430"
76.5,74,0.01,"Mya arenaria","W-Msc-140430"
77,74,0.01,"Mya arenaria","W-Msc-140430"
77.5,74,0.01,"Mya arenaria","W-Msc-140430"
78,74,0.01,"Mya arenaria","W-Msc-140430"
86,74,0.01,"Mya arenaria","W-Msc-140430"
86.5,74,0.02,"Mya arenaria","W-Msc-140430"
87,74,0.02,"Mya arenaria","W-Msc-140430"
87.5,74,0.03,"Mya arenaria","W-Msc-140430"
-59,73.5,0.02,"Mya arenaria","W-Msc-140430"
-58.5,73.5,0.03,"Mya arenaria","W-Msc-140430"
-58,73.5,0.01,"Mya arenaria","W-Msc-140430"
-57.5,73.5,0.01,"Mya arenaria","W-Msc-140430"
-57,73.5,0.05,"Mya arenaria","W-Msc-140430"
-56.5,73.5,0.06,"Mya arenaria","W-Msc-140430"
-56,73.5,0.07,"Mya arenaria","W-Msc-140430"
-55.5,73.5,0.06,"Mya arenaria","W-Msc-140430"
18,73.5,0.02,"Mya arenaria","W-Msc-140430"
18.5,73.5,0.18,"Mya arenaria","W-Msc-140430"
19,73.5,0.27,"Mya arenaria","W-Msc-140430"
19.5,73.5,0.25,"Mya arenaria","W-Msc-140430"
20,73.5,0.23,"Mya arenaria","W-Msc-140430"
20.5,73.5,0.07,"Mya arenaria","W-Msc-140430"
49,73.5,0.03,"Mya arenaria","W-Msc-140430"
49.5,73.5,0.08,"Mya arenaria","W-Msc-140430"
50,73.5,0.11,"Mya arenaria","W-Msc-140430"
50.5,73.5,0.12,"Mya arenaria","W-Msc-140430"
51,73.5,0.12,"Mya arenaria","W-Msc-140430"
51.5,73.5,0.02,"Mya arenaria","W-Msc-140430"
52,73.5,0.18,"Mya arenaria","W-Msc-140430"
52.5,73.5,0.23,"Mya arenaria","W-Msc-140430"
53,73.5,0.24,"Mya arenaria","W-Msc-140430"
53.5,73.5,0.26,"Mya arenaria","W-Msc-140430"
54,73.5,0.27,"Mya arenaria","W-Msc-140430"
54.5,73.5,0.25,"Mya arenaria","W-Msc-140430"
55,73.5,0.24,"Mya arenaria","W-Msc-140430"
57,73.5,0.08,"Mya arenaria","W-Msc-140430"
57.5,73.5,0.05,"Mya arenaria","W-Msc-140430"
58,73.5,0.05,"Mya arenaria","W-Msc-140430"
58.5,73.5,0.05,"Mya arenaria","W-Msc-140430"
59,73.5,0.01,"Mya arenaria","W-Msc-140430"
61,73.5,0.01,"Mya arenaria","W-Msc-140430"
61.5,73.5,0.01,"Mya arenaria","W-Msc-140430"
62,73.5,0.01,"Mya arenaria","W-Msc-140430"
62.5,73.5,0.01,"Mya arenaria","W-Msc-140430"
63,73.5,0.01,"Mya arenaria","W-Msc-140430"
63.5,73.5,0.01,"Mya arenaria","W-Msc-140430"
64,73.5,0.01,"Mya arenaria","W-Msc-140430"
64.5,73.5,0.01,"Mya arenaria","W-Msc-140430"
65,73.5,0.01,"Mya arenaria","W-Msc-140430"
65.5,73.5,0.01,"Mya arenaria","W-Msc-140430"
66,73.5,0.01,"Mya arenaria","W-Msc-140430"
66.5,73.5,0.01,"Mya arenaria","W-Msc-140430"
67,73.5,0.01,"Mya arenaria","W-Msc-140430"
67.5,73.5,0.01,"Mya arenaria","W-Msc-140430"
68,73.5,0.01,"Mya arenaria","W-Msc-140430"
68.5,73.5,0.01,"Mya arenaria","W-Msc-140430"
69,73.5,0.01,"Mya arenaria","W-Msc-140430"
69.5,73.5,0.01,"Mya arenaria","W-Msc-140430"
70,73.5,0.01,"Mya arenaria","W-Msc-140430"
70.5,73.5,0.01,"Mya arenaria","W-Msc-140430"
71,73.5,0.01,"Mya arenaria","W-Msc-140430"
71.5,73.5,0.01,"Mya arenaria","W-Msc-140430"
72,73.5,0.01,"Mya arenaria","W-Msc-140430"
72.5,73.5,0.01,"Mya arenaria","W-Msc-140430"
73,73.5,0.01,"Mya arenaria","W-Msc-140430"
73.5,73.5,0.01,"Mya arenaria","W-Msc-140430"
74,73.5,0.01,"Mya arenaria","W-Msc-140430"
74.5,73.5,0.01,"Mya arenaria","W-Msc-140430"
75,73.5,0.01,"Mya arenaria","W-Msc-140430"
75.5,73.5,0.01,"Mya arenaria","W-Msc-140430"
76,73.5,0.01,"Mya arenaria","W-Msc-140430"
76.5,73.5,0.01,"Mya arenaria","W-Msc-140430"
77,73.5,0.01,"Mya arenaria","W-Msc-140430"
77.5,73.5,0.01,"Mya arenaria","W-Msc-140430"
78,73.5,0.01,"Mya arenaria","W-Msc-140430"
78.5,73.5,0.01,"Mya arenaria","W-Msc-140430"
79,73.5,0.01,"Mya arenaria","W-Msc-140430"
79.5,73.5,0.01,"Mya arenaria","W-Msc-140430"
80,73.5,0.02,"Mya arenaria","W-Msc-140430"
80.5,73.5,0.02,"Mya arenaria","W-Msc-140430"
81,73.5,0.03,"Mya arenaria","W-Msc-140430"
81.5,73.5,0.03,"Mya arenaria","W-Msc-140430"
82,73.5,0.04,"Mya arenaria","W-Msc-140430"
82.5,73.5,0.04,"Mya arenaria","W-Msc-140430"
83,73.5,0.03,"Mya arenaria","W-Msc-140430"
83.5,73.5,0.03,"Mya arenaria","W-Msc-140430"
84,73.5,0.03,"Mya arenaria","W-Msc-140430"
84.5,73.5,0.02,"Mya arenaria","W-Msc-140430"
85,73.5,0.03,"Mya arenaria","W-Msc-140430"
85.5,73.5,0.03,"Mya arenaria","W-Msc-140430"
86,73.5,0.04,"Mya arenaria","W-Msc-140430"
86.5,73.5,0.04,"Mya arenaria","W-Msc-140430"
87,73.5,0.03,"Mya arenaria","W-Msc-140430"
87.5,73.5,0.03,"Mya arenaria","W-Msc-140430"
107.5,73.5,0.01,"Mya arenaria","W-Msc-140430"
108,73.5,0.01,"Mya arenaria","W-Msc-140430"
113.5,73.5,0.01,"Mya arenaria","W-Msc-140430"
114,73.5,0.01,"Mya arenaria","W-Msc-140430"
123.5,73.5,0.01,"Mya arenaria","W-Msc-140430"
124,73.5,0.01,"Mya arenaria","W-Msc-140430"
124.5,73.5,0.02,"Mya arenaria","W-Msc-140430"
125,73.5,0.02,"Mya arenaria","W-Msc-140430"
125.5,73.5,0.02,"Mya arenaria","W-Msc-140430"
126,73.5,0.02,"Mya arenaria","W-Msc-140430"
126.5,73.5,0.02,"Mya arenaria","W-Msc-140430"
127,73.5,0.01,"Mya arenaria","W-Msc-140430"
127.5,73.5,0.01,"Mya arenaria","W-Msc-140430"
128,73.5,0.01,"Mya arenaria","W-Msc-140430"
-124.5,73,0.01,"Mya arenaria","W-Msc-140430"
-124,73,0.01,"Mya arenaria","W-Msc-140430"
-77,73,0.01,"Mya arenaria","W-Msc-140430"
-76.5,73,0.01,"Mya arenaria","W-Msc-140430"
-76,73,0.01,"Mya arenaria","W-Msc-140430"
-57,73,0.02,"Mya arenaria","W-Msc-140430"
-56.5,73,0.06,"Mya arenaria","W-Msc-140430"
-56,73,0.07,"Mya arenaria","W-Msc-140430"
-55.5,73,0.07,"Mya arenaria","W-Msc-140430"
-55,73,0.07,"Mya arenaria","W-Msc-140430"
-54.5,73,0.07,"Mya arenaria","W-Msc-140430"
-26,73,0.01,"Mya arenaria","W-Msc-140430"
-25.5,73,0.01,"Mya arenaria","W-Msc-140430"
-25,73,0.01,"Mya arenaria","W-Msc-140430"
-24,73,0.01,"Mya arenaria","W-Msc-140430"
-23.5,73,0.01,"Mya arenaria","W-Msc-140430"
-23,73,0.01,"Mya arenaria","W-Msc-140430"
-22.5,73,0.01,"Mya arenaria","W-Msc-140430"
-22,73,0.01,"Mya arenaria","W-Msc-140430"
-21.5,73,0.01,"Mya arenaria","W-Msc-140430"
-21,73,0.01,"Mya arenaria","W-Msc-140430"
34.5,73,0.01,"Mya arenaria","W-Msc-140430"
51,73,0.05,"Mya arenaria","W-Msc-140430"
51.5,73,0.2,"Mya arenaria","W-Msc-140430"
52,73,0.29,"Mya arenaria","W-Msc-140430"
52.5,73,0.28,"Mya arenaria","W-Msc-140430"
53,73,0.29,"Mya arenaria","W-Msc-140430"
53.5,73,0.27,"Mya arenaria","W-Msc-140430"
54,73,0.25,"Mya arenaria","W-Msc-140430"
54.5,73,0.23,"Mya arenaria","W-Msc-140430"
55,73,0.2,"Mya arenaria","W-Msc-140430"
56,73,0.05,"Mya arenaria","W-Msc-140430"
56.5,73,0.05,"Mya arenaria","W-Msc-140430"
57,73,0.05,"Mya arenaria","W-Msc-140430"
57.5,73,0.04,"Mya arenaria","W-Msc-140430"
58,73,0.03,"Mya arenaria","W-Msc-140430"
60,73,0.01,"Mya arenaria","W-Msc-140430"
60.5,73,0.01,"Mya arenaria","W-Msc-140430"
61,73,0.01,"Mya arenaria","W-Msc-140430"
61.5,73,0.01,"Mya arenaria","W-Msc-140430"
62,73,0.01,"Mya arenaria","W-Msc-140430"
62.5,73,0.01,"Mya arenaria","W-Msc-140430"
63,73,0.01,"Mya arenaria","W-Msc-140430"
63.5,73,0.01,"Mya arenaria","W-Msc-140430"
64,73,0.01,"Mya arenaria","W-Msc-140430"
64.5,73,0.01,"Mya arenaria","W-Msc-140430"
65,73,0.01,"Mya arenaria","W-Msc-140430"
65.5,73,0.01,"Mya arenaria","W-Msc-140430"
66,73,0.01,"Mya arenaria","W-Msc-140430"
66.5,73,0.02,"Mya arenaria","W-Msc-140430"
67,73,0.02,"Mya arenaria","W-Msc-140430"
67.5,73,0.02,"Mya arenaria","W-Msc-140430"
68,73,0.02,"Mya arenaria","W-Msc-140430"
68.5,73,0.02,"Mya arenaria","W-Msc-140430"
69,73,0.02,"Mya arenaria","W-Msc-140430"
69.5,73,0.02,"Mya arenaria","W-Msc-140430"
70,73,0.03,"Mya arenaria","W-Msc-140430"
70.5,73,0.03,"Mya arenaria","W-Msc-140430"
71,73,0.04,"Mya arenaria","W-Msc-140430"
71.5,73,0.04,"Mya arenaria","W-Msc-140430"
72,73,0.04,"Mya arenaria","W-Msc-140430"
72.5,73,0.02,"Mya arenaria","W-Msc-140430"
73,73,0.02,"Mya arenaria","W-Msc-140430"
73.5,73,0.02,"Mya arenaria","W-Msc-140430"
74,73,0.02,"Mya arenaria","W-Msc-140430"
74.5,73,0.02,"Mya arenaria","W-Msc-140430"
75,73,0.01,"Mya arenaria","W-Msc-140430"
75.5,73,0.01,"Mya arenaria","W-Msc-140430"
76,73,0.02,"Mya arenaria","W-Msc-140430"
76.5,73,0.03,"Mya arenaria","W-Msc-140430"
77,73,0.02,"Mya arenaria","W-Msc-140430"
77.5,73,0.02,"Mya arenaria","W-Msc-140430"
78,73,0.02,"Mya arenaria","W-Msc-140430"
78.5,73,0.03,"Mya arenaria","W-Msc-140430"
79,73,0.03,"Mya arenaria","W-Msc-140430"
79.5,73,0.03,"Mya arenaria","W-Msc-140430"
80,73,0.03,"Mya arenaria","W-Msc-140430"
80.5,73,0.03,"Mya arenaria","W-Msc-140430"
81,73,0.03,"Mya arenaria","W-Msc-140430"
106.5,73,0.01,"Mya arenaria","W-Msc-140430"
107,73,0.01,"Mya arenaria","W-Msc-140430"
107.5,73,0.01,"Mya arenaria","W-Msc-140430"
109,73,0.01,"Mya arenaria","W-Msc-140430"
109.5,73,0.01,"Mya arenaria","W-Msc-140430"
110,73,0.01,"Mya arenaria","W-Msc-140430"
113.5,73,0.01,"Mya arenaria","W-Msc-140430"
114,73,0.01,"Mya arenaria","W-Msc-140430"
114.5,73,0.01,"Mya arenaria","W-Msc-140430"
123.5,73,0.01,"Mya arenaria","W-Msc-140430"
124,73,0.02,"Mya arenaria","W-Msc-140430"
126,73,0.03,"Mya arenaria","W-Msc-140430"
126.5,73,0.03,"Mya arenaria","W-Msc-140430"
127,73,0.03,"Mya arenaria","W-Msc-140430"
128,73,0.02,"Mya arenaria","W-Msc-140430"
128.5,73,0.02,"Mya arenaria","W-Msc-140430"
129,73,0.02,"Mya arenaria","W-Msc-140430"
129.5,73,0.01,"Mya arenaria","W-Msc-140430"
-125,72.5,0.01,"Mya arenaria","W-Msc-140430"
-124.5,72.5,0.01,"Mya arenaria","W-Msc-140430"
-79,72.5,0.01,"Mya arenaria","W-Msc-140430"
-78.5,72.5,0.01,"Mya arenaria","W-Msc-140430"
-78,72.5,0.01,"Mya arenaria","W-Msc-140430"
-77.5,72.5,0.01,"Mya arenaria","W-Msc-140430"
-77,72.5,0.01,"Mya arenaria","W-Msc-140430"
-76.5,72.5,0.01,"Mya arenaria","W-Msc-140430"
-76,72.5,0.01,"Mya arenaria","W-Msc-140430"
-75.5,72.5,0.01,"Mya arenaria","W-Msc-140430"
-58.5,72.5,0.01,"Mya arenaria","W-Msc-140430"
-58,72.5,0.04,"Mya arenaria","W-Msc-140430"
-57.5,72.5,0.05,"Mya arenaria","W-Msc-140430"
-57,72.5,0.04,"Mya arenaria","W-Msc-140430"
-56.5,72.5,0.08,"Mya arenaria","W-Msc-140430"
-56,72.5,0.09,"Mya arenaria","W-Msc-140430"
-55.5,72.5,0.09,"Mya arenaria","W-Msc-140430"
-55,72.5,0.07,"Mya arenaria","W-Msc-140430"
-54.5,72.5,0.07,"Mya arenaria","W-Msc-140430"
-27,72.5,0.01,"Mya arenaria","W-Msc-140430"
-26.5,72.5,0.01,"Mya arenaria","W-Msc-140430"
-26,72.5,0.01,"Mya arenaria","W-Msc-140430"
-25.5,72.5,0.01,"Mya arenaria","W-Msc-140430"
-25,72.5,0.01,"Mya arenaria","W-Msc-140430"
-24.5,72.5,0.01,"Mya arenaria","W-Msc-140430"
-22.5,72.5,0.01,"Mya arenaria","W-Msc-140430"
46.5,72.5,0.32,"Mya arenaria","W-Msc-140430"
47,72.5,0.35,"Mya arenaria","W-Msc-140430"
48.5,72.5,0.08,"Mya arenaria","W-Msc-140430"
49,72.5,0.08,"Mya arenaria","W-Msc-140430"
49.5,72.5,0.13,"Mya arenaria","W-Msc-140430"
50,72.5,0.18,"Mya arenaria","W-Msc-140430"
50.5,72.5,0.19,"Mya arenaria","W-Msc-140430"
51,72.5,0.23,"Mya arenaria","W-Msc-140430"
51.5,72.5,0.27,"Mya arenaria","W-Msc-140430"
52,72.5,0.29,"Mya arenaria","W-Msc-140430"
52.5,72.5,0.3,"Mya arenaria","W-Msc-140430"
53,72.5,0.28,"Mya arenaria","W-Msc-140430"
53.5,72.5,0.26,"Mya arenaria","W-Msc-140430"
56,72.5,0.05,"Mya arenaria","W-Msc-140430"
56.5,72.5,0.05,"Mya arenaria","W-Msc-140430"
57,72.5,0.04,"Mya arenaria","W-Msc-140430"
59.5,72.5,0.01,"Mya arenaria","W-Msc-140430"
60,72.5,0.01,"Mya arenaria","W-Msc-140430"
60.5,72.5,0.01,"Mya arenaria","W-Msc-140430"
61,72.5,0.01,"Mya arenaria","W-Msc-140430"
61.5,72.5,0.01,"Mya arenaria","W-Msc-140430"
62,72.5,0.01,"Mya arenaria","W-Msc-140430"
62.5,72.5,0.01,"Mya arenaria","W-Msc-140430"
63,72.5,0.01,"Mya arenaria","W-Msc-140430"
63.5,72.5,0.01,"Mya arenaria","W-Msc-140430"
64,72.5,0.01,"Mya arenaria","W-Msc-140430"
64.5,72.5,0.01,"Mya arenaria","W-Msc-140430"
65,72.5,0.01,"Mya arenaria","W-Msc-140430"
65.5,72.5,0.01,"Mya arenaria","W-Msc-140430"
66,72.5,0.01,"Mya arenaria","W-Msc-140430"
66.5,72.5,0.02,"Mya arenaria","W-Msc-140430"
67,72.5,0.02,"Mya arenaria","W-Msc-140430"
67.5,72.5,0.02,"Mya arenaria","W-Msc-140430"
68,72.5,0.03,"Mya arenaria","W-Msc-140430"
68.5,72.5,0.04,"Mya arenaria","W-Msc-140430"
69,72.5,0.05,"Mya arenaria","W-Msc-140430"
69.5,72.5,0.06,"Mya arenaria","W-Msc-140430"
70,72.5,0.06,"Mya arenaria","W-Msc-140430"
70.5,72.5,0.05,"Mya arenaria","W-Msc-140430"
71,72.5,0.05,"Mya arenaria","W-Msc-140430"
71.5,72.5,0.05,"Mya arenaria","W-Msc-140430"
72,72.5,0.04,"Mya arenaria","W-Msc-140430"
72.5,72.5,0.05,"Mya arenaria","W-Msc-140430"
73,72.5,0.04,"Mya arenaria","W-Msc-140430"
73.5,72.5,0.02,"Mya arenaria","W-Msc-140430"
74,72.5,0.02,"Mya arenaria","W-Msc-140430"
74.5,72.5,0.03,"Mya arenaria","W-Msc-140430"
75,72.5,0.04,"Mya arenaria","W-Msc-140430"
75.5,72.5,0.02,"Mya arenaria","W-Msc-140430"
76,72.5,0.01,"Mya arenaria","W-Msc-140430"
76.5,72.5,0.01,"Mya arenaria","W-Msc-140430"
77,72.5,0.01,"Mya arenaria","W-Msc-140430"
77.5,72.5,0.02,"Mya arenaria","W-Msc-140430"
78,72.5,0.03,"Mya arenaria","W-Msc-140430"
78.5,72.5,0.03,"Mya arenaria","W-Msc-140430"
79,72.5,0.02,"Mya arenaria","W-Msc-140430"
79.5,72.5,0.02,"Mya arenaria","W-Msc-140430"
80,72.5,0.01,"Mya arenaria","W-Msc-140430"
80.5,72.5,0.02,"Mya arenaria","W-Msc-140430"
81,72.5,0.03,"Mya arenaria","W-Msc-140430"
121,72.5,0.01,"Mya arenaria","W-Msc-140430"
121.5,72.5,0.01,"Mya arenaria","W-Msc-140430"
122.5,72.5,0.01,"Mya arenaria","W-Msc-140430"
123.5,72.5,0.01,"Mya arenaria","W-Msc-140430"
129,72.5,0.02,"Mya arenaria","W-Msc-140430"
129.5,72.5,0.03,"Mya arenaria","W-Msc-140430"
130,72.5,0.02,"Mya arenaria","W-Msc-140430"
-125.5,72,0.01,"Mya arenaria","W-Msc-140430"
-125,72,0.01,"Mya arenaria","W-Msc-140430"
-118,72,0.01,"Mya arenaria","W-Msc-140430"
-78.5,72,0.01,"Mya arenaria","W-Msc-140430"
-78,72,0.01,"Mya arenaria","W-Msc-140430"
-75.5,72,0.01,"Mya arenaria","W-Msc-140430"
-75,72,0.01,"Mya arenaria","W-Msc-140430"
-74.5,72,0.01,"Mya arenaria","W-Msc-140430"
-57,72,0.05,"Mya arenaria","W-Msc-140430"
-56.5,72,0.02,"Mya arenaria","W-Msc-140430"
-56,72,0.13,"Mya arenaria","W-Msc-140430"
-55.5,72,0.12,"Mya arenaria","W-Msc-140430"
-55,72,0.1,"Mya arenaria","W-Msc-140430"
-25,72,0.01,"Mya arenaria","W-Msc-140430"
-24.5,72,0.01,"Mya arenaria","W-Msc-140430"
47,72,0.07,"Mya arenaria","W-Msc-140430"
47.5,72,0.24,"Mya arenaria","W-Msc-140430"
48,72,0.29,"Mya arenaria","W-Msc-140430"
48.5,72,0.18,"Mya arenaria","W-Msc-140430"
49,72,0.24,"Mya arenaria","W-Msc-140430"
49.5,72,0.28,"Mya arenaria","W-Msc-140430"
50,72,0.3,"Mya arenaria","W-Msc-140430"
50.5,72,0.24,"Mya arenaria","W-Msc-140430"
51,72,0.21,"Mya arenaria","W-Msc-140430"
51.5,72,0.33,"Mya arenaria","W-Msc-140430"
52,72,0.3,"Mya arenaria","W-Msc-140430"
52.5,72,0.29,"Mya arenaria","W-Msc-140430"
53,72,0.27,"Mya arenaria","W-Msc-140430"
55.5,72,0.07,"Mya arenaria","W-Msc-140430"
56,72,0.06,"Mya arenaria","W-Msc-140430"
56.5,72,0.03,"Mya arenaria","W-Msc-140430"
58.5,72,0.01,"Mya arenaria","W-Msc-140430"
59,72,0.01,"Mya arenaria","W-Msc-140430"
59.5,72,0.02,"Mya arenaria","W-Msc-140430"
60,72,0.01,"Mya arenaria","W-Msc-140430"
60.5,72,0.01,"Mya arenaria","W-Msc-140430"
61,72,0.01,"Mya arenaria","W-Msc-140430"
61.5,72,0.01,"Mya arenaria","W-Msc-140430"
62,72,0.01,"Mya arenaria","W-Msc-140430"
62.5,72,0.01,"Mya arenaria","W-Msc-140430"
63,72,0.01,"Mya arenaria","W-Msc-140430"
63.5,72,0.01,"Mya arenaria","W-Msc-140430"
64,72,0.01,"Mya arenaria","W-Msc-140430"
64.5,72,0.01,"Mya arenaria","W-Msc-140430"
65,72,0.01,"Mya arenaria","W-Msc-140430"
65.5,72,0.01,"Mya arenaria","W-Msc-140430"
66,72,0.01,"Mya arenaria","W-Msc-140430"
66.5,72,0.01,"Mya arenaria","W-Msc-140430"
67,72,0.02,"Mya arenaria","W-Msc-140430"
67.5,72,0.02,"Mya arenaria","W-Msc-140430"
68,72,0.04,"Mya arenaria","W-Msc-140430"
68.5,72,0.07,"Mya arenaria","W-Msc-140430"
69,72,0.08,"Mya arenaria","W-Msc-140430"
73,72,0.04,"Mya arenaria","W-Msc-140430"
73.5,72,0.03,"Mya arenaria","W-Msc-140430"
74,72,0.03,"Mya arenaria","W-Msc-140430"
74.5,72,0.03,"Mya arenaria","W-Msc-140430"
75,72,0.05,"Mya arenaria","W-Msc-140430"
75.5,72,0.04,"Mya arenaria","W-Msc-140430"
76,72,0.01,"Mya arenaria","W-Msc-140430"
76.5,72,0.01,"Mya arenaria","W-Msc-140430"
77,72,0.01,"Mya arenaria","W-Msc-140430"
77.5,72,0.01,"Mya arenaria","W-Msc-140430"
78,72,0.04,"Mya arenaria","W-Msc-140430"
78.5,72,0.05,"Mya arenaria","W-Msc-140430"
79,72,0.04,"Mya arenaria","W-Msc-140430"
79.5,72,0.04,"Mya arenaria","W-Msc-140430"
80,72,0.04,"Mya arenaria","W-Msc-140430"
80.5,72,0.03,"Mya arenaria","W-Msc-140430"
81,72,0.02,"Mya arenaria","W-Msc-140430"
81.5,72,0.02,"Mya arenaria","W-Msc-140430"
82,72,0.03,"Mya arenaria","W-Msc-140430"
82.5,72,0.05,"Mya arenaria","W-Msc-140430"
128.5,72,0.02,"Mya arenaria","W-Msc-140430"
129,72,0.02,"Mya arenaria","W-Msc-140430"
129.5,72,0.02,"Mya arenaria","W-Msc-140430"
130,72,0.02,"Mya arenaria","W-Msc-140430"
-125.5,71.5,0.01,"Mya arenaria","W-Msc-140430"
-125,71.5,0.02,"Mya arenaria","W-Msc-140430"
-124.5,71.5,0.03,"Mya arenaria","W-Msc-140430"
-124,71.5,0.02,"Mya arenaria","W-Msc-140430"
-123.5,71.5,0.02,"Mya arenaria","W-Msc-140430"
-120.5,71.5,0.01,"Mya arenaria","W-Msc-140430"
-120,71.5,0.01,"Mya arenaria","W-Msc-140430"
-118.5,71.5,0.01,"Mya arenaria","W-Msc-140430"
-118,71.5,0.01,"Mya arenaria","W-Msc-140430"
-117.5,71.5,0.01,"Mya arenaria","W-Msc-140430"
-74.5,71.5,0.01,"Mya arenaria","W-Msc-140430"
-74,71.5,0.01,"Mya arenaria","W-Msc-140430"
-73.5,71.5,0.01,"Mya arenaria","W-Msc-140430"
-57,71.5,0.02,"Mya arenaria","W-Msc-140430"
-56.5,71.5,0.03,"Mya arenaria","W-Msc-140430"
-56,71.5,0.08,"Mya arenaria","W-Msc-140430"
-55.5,71.5,0.12,"Mya arenaria","W-Msc-140430"
-54,71.5,0.14,"Mya arenaria","W-Msc-140430"
-53.5,71.5,0.14,"Mya arenaria","W-Msc-140430"
-53,71.5,0.12,"Mya arenaria","W-Msc-140430"
-52.5,71.5,0.11,"Mya arenaria","W-Msc-140430"
-52,71.5,0.1,"Mya arenaria","W-Msc-140430"
-51.5,71.5,0.09,"Mya arenaria","W-Msc-140430"
-51,71.5,0.09,"Mya arenaria","W-Msc-140430"
-28,71.5,0.01,"Mya arenaria","W-Msc-140430"
-27.5,71.5,0.01,"Mya arenaria","W-Msc-140430"
-27,71.5,0.01,"Mya arenaria","W-Msc-140430"
-26.5,71.5,0.01,"Mya arenaria","W-Msc-140430"
-26,71.5,0.01,"Mya arenaria","W-Msc-140430"
-25.5,71.5,0.01,"Mya arenaria","W-Msc-140430"
33.5,71.5,0.03,"Mya arenaria","W-Msc-140430"
43,71.5,0.13,"Mya arenaria","W-Msc-140430"
44,71.5,0.09,"Mya arenaria","W-Msc-140430"
44.5,71.5,0.41,"Mya arenaria","W-Msc-140430"
45,71.5,0.45,"Mya arenaria","W-Msc-140430"
45.5,71.5,0.44,"Mya arenaria","W-Msc-140430"
46,71.5,0.52,"Mya arenaria","W-Msc-140430"
46.5,71.5,0.46,"Mya arenaria","W-Msc-140430"
47,71.5,0.47,"Mya arenaria","W-Msc-140430"
47.5,71.5,0.46,"Mya arenaria","W-Msc-140430"
48,71.5,0.42,"Mya arenaria","W-Msc-140430"
48.5,71.5,0.4,"Mya arenaria","W-Msc-140430"
49,71.5,0.31,"Mya arenaria","W-Msc-140430"
49.5,71.5,0.23,"Mya arenaria","W-Msc-140430"
50,71.5,0.23,"Mya arenaria","W-Msc-140430"
50.5,71.5,0.25,"Mya arenaria","W-Msc-140430"
51,71.5,0.28,"Mya arenaria","W-Msc-140430"
51.5,71.5,0.32,"Mya arenaria","W-Msc-140430"
52,71.5,0.29,"Mya arenaria","W-Msc-140430"
52.5,71.5,0.27,"Mya arenaria","W-Msc-140430"
53,71.5,0.25,"Mya arenaria","W-Msc-140430"
53.5,71.5,0.23,"Mya arenaria","W-Msc-140430"
55.5,71.5,0.09,"Mya arenaria","W-Msc-140430"
56,71.5,0.06,"Mya arenaria","W-Msc-140430"
56.5,71.5,0.05,"Mya arenaria","W-Msc-140430"
57,71.5,0.02,"Mya arenaria","W-Msc-140430"
58.5,71.5,0.02,"Mya arenaria","W-Msc-140430"
59,71.5,0.01,"Mya arenaria","W-Msc-140430"
59.5,71.5,0.01,"Mya arenaria","W-Msc-140430"
60,71.5,0.01,"Mya arenaria","W-Msc-140430"
60.5,71.5,0.02,"Mya arenaria","W-Msc-140430"
61,71.5,0.02,"Mya arenaria","W-Msc-140430"
61.5,71.5,0.02,"Mya arenaria","W-Msc-140430"
62,71.5,0.01,"Mya arenaria","W-Msc-140430"
62.5,71.5,0.02,"Mya arenaria","W-Msc-140430"
63,71.5,0.02,"Mya arenaria","W-Msc-140430"
63.5,71.5,0.01,"Mya arenaria","W-Msc-140430"
64,71.5,0.01,"Mya arenaria","W-Msc-140430"
64.5,71.5,0.01,"Mya arenaria","W-Msc-140430"
65,71.5,0.01,"Mya arenaria","W-Msc-140430"
65.5,71.5,0.01,"Mya arenaria","W-Msc-140430"
66,71.5,0.02,"Mya arenaria","W-Msc-140430"
66.5,71.5,0.03,"Mya arenaria","W-Msc-140430"
67,71.5,0.05,"Mya arenaria","W-Msc-140430"
67.5,71.5,0.06,"Mya arenaria","W-Msc-140430"
68,71.5,0.08,"Mya arenaria","W-Msc-140430"
68.5,71.5,0.09,"Mya arenaria","W-Msc-140430"
69,71.5,0.08,"Mya arenaria","W-Msc-140430"
72,71.5,0.05,"Mya arenaria","W-Msc-140430"
72.5,71.5,0.04,"Mya arenaria","W-Msc-140430"
73,71.5,0.03,"Mya arenaria","W-Msc-140430"
73.5,71.5,0.03,"Mya arenaria","W-Msc-140430"
74,71.5,0.04,"Mya arenaria","W-Msc-140430"
74.5,71.5,0.04,"Mya arenaria","W-Msc-140430"
75.5,71.5,0.01,"Mya arenaria","W-Msc-140430"
76,71.5,0.01,"Mya arenaria","W-Msc-140430"
76.5,71.5,0.02,"Mya arenaria","W-Msc-140430"
77.5,71.5,0.02,"Mya arenaria","W-Msc-140430"
78,71.5,0.02,"Mya arenaria","W-Msc-140430"
78.5,71.5,0.06,"Mya arenaria","W-Msc-140430"
81,71.5,0.04,"Mya arenaria","W-Msc-140430"
81.5,71.5,0.05,"Mya arenaria","W-Msc-140430"
82,71.5,0.06,"Mya arenaria","W-Msc-140430"
82.5,71.5,0.07,"Mya arenaria","W-Msc-140430"
83,71.5,0.08,"Mya arenaria","W-Msc-140430"
83.5,71.5,0.07,"Mya arenaria","W-Msc-140430"
84,71.5,0.06,"Mya arenaria","W-Msc-140430"
129,71.5,0.02,"Mya arenaria","W-Msc-140430"
129.5,71.5,0.02,"Mya arenaria","W-Msc-140430"
130,71.5,0.01,"Mya arenaria","W-Msc-140430"
136,71.5,0.01,"Mya arenaria","W-Msc-140430"
149.5,71.5,0.01,"Mya arenaria","W-Msc-140430"
150,71.5,0.01,"Mya arenaria","W-Msc-140430"
-174.5,71,0.01,"Mya arenaria","W-Msc-140430"
-174,71,0.01,"Mya arenaria","W-Msc-140430"
-173.5,71,0.01,"Mya arenaria","W-Msc-140430"
-173,71,0.01,"Mya arenaria","W-Msc-140430"
-172.5,71,0.01,"Mya arenaria","W-Msc-140430"
-172,71,0.01,"Mya arenaria","W-Msc-140430"
-171.5,71,0.01,"Mya arenaria","W-Msc-140430"
-171,71,0.01,"Mya arenaria","W-Msc-140430"
-168.5,71,0.01,"Mya arenaria","W-Msc-140430"
-168,71,0.01,"Mya arenaria","W-Msc-140430"
-167.5,71,0.01,"Mya arenaria","W-Msc-140430"
-167,71,0.01,"Mya arenaria","W-Msc-140430"
-166.5,71,0.01,"Mya arenaria","W-Msc-140430"
-166,71,0.01,"Mya arenaria","W-Msc-140430"
-165.5,71,0.01,"Mya arenaria","W-Msc-140430"
-165,71,0.01,"Mya arenaria","W-Msc-140430"
-164.5,71,0.01,"Mya arenaria","W-Msc-140430"
-164,71,0.01,"Mya arenaria","W-Msc-140430"
-163,71,0.01,"Mya arenaria","W-Msc-140430"
-162,71,0.01,"Mya arenaria","W-Msc-140430"
-158.5,71,0.01,"Mya arenaria","W-Msc-140430"
-158,71,0.01,"Mya arenaria","W-Msc-140430"
-157.5,71,0.01,"Mya arenaria","W-Msc-140430"
-157,71,0.01,"Mya arenaria","W-Msc-140430"
-123.5,71,0.02,"Mya arenaria","W-Msc-140430"
-123,71,0.01,"Mya arenaria","W-Msc-140430"
-122.5,71,0.01,"Mya arenaria","W-Msc-140430"
-122,71,0.01,"Mya arenaria","W-Msc-140430"
-121.5,71,0.01,"Mya arenaria","W-Msc-140430"
-121,71,0.01,"Mya arenaria","W-Msc-140430"
-120.5,71,0.01,"Mya arenaria","W-Msc-140430"
-118,71,0.01,"Mya arenaria","W-Msc-140430"
-117.5,71,0.01,"Mya arenaria","W-Msc-140430"
-117,71,0.01,"Mya arenaria","W-Msc-140430"
-116.5,71,0.01,"Mya arenaria","W-Msc-140430"
-116,71,0.01,"Mya arenaria","W-Msc-140430"
-73.5,71,0.01,"Mya arenaria","W-Msc-140430"
-73,71,0.01,"Mya arenaria","W-Msc-140430"
-72,71,0.01,"Mya arenaria","W-Msc-140430"
-71.5,71,0.01,"Mya arenaria","W-Msc-140430"
-71,71,0.01,"Mya arenaria","W-Msc-140430"
-70.5,71,0.01,"Mya arenaria","W-Msc-140430"
-57,71,0.01,"Mya arenaria","W-Msc-140430"
-56.5,71,0.01,"Mya arenaria","W-Msc-140430"
-56,71,0.07,"Mya arenaria","W-Msc-140430"
-55.5,71,0.16,"Mya arenaria","W-Msc-140430"
-55,71,0.18,"Mya arenaria","W-Msc-140430"
-54.5,71,0.19,"Mya arenaria","W-Msc-140430"
-54,71,0.19,"Mya arenaria","W-Msc-140430"
-53.5,71,0.18,"Mya arenaria","W-Msc-140430"
-53,71,0.16,"Mya arenaria","W-Msc-140430"
-52.5,71,0.14,"Mya arenaria","W-Msc-140430"
-52,71,0.11,"Mya arenaria","W-Msc-140430"
-51.5,71,0.1,"Mya arenaria","W-Msc-140430"
-51,71,0.1,"Mya arenaria","W-Msc-140430"
-27.5,71,0.01,"Mya arenaria","W-Msc-140430"
-26,71,0.01,"Mya arenaria","W-Msc-140430"
-25.5,71,0.01,"Mya arenaria","W-Msc-140430"
-25,71,0.01,"Mya arenaria","W-Msc-140430"
-24.5,71,0.01,"Mya arenaria","W-Msc-140430"
-24,71,0.01,"Mya arenaria","W-Msc-140430"
-9,71,0.01,"Mya arenaria","W-Msc-140430"
-8.5,71,0.37,"Mya arenaria","W-Msc-140430"
-8,71,0.38,"Mya arenaria","W-Msc-140430"
-7.5,71,0.4,"Mya arenaria","W-Msc-140430"
18.5,71,0.09,"Mya arenaria","W-Msc-140430"
19,71,0.15,"Mya arenaria","W-Msc-140430"
19.5,71,0.04,"Mya arenaria","W-Msc-140430"
20,71,0.05,"Mya arenaria","W-Msc-140430"
20.5,71,0.23,"Mya arenaria","W-Msc-140430"
21,71,0.19,"Mya arenaria","W-Msc-140430"
21.5,71,0.18,"Mya arenaria","W-Msc-140430"
22,71,0.17,"Mya arenaria","W-Msc-140430"
23,71,0.22,"Mya arenaria","W-Msc-140430"
23.5,71,0.39,"Mya arenaria","W-Msc-140430"
24,71,1,"Mya arenaria","W-Msc-140430"
24.5,71,0.99,"Mya arenaria","W-Msc-140430"
25,71,0.97,"Mya arenaria","W-Msc-140430"
25.5,71,0.97,"Mya arenaria","W-Msc-140430"
26,71,0.96,"Mya arenaria","W-Msc-140430"
26.5,71,0.96,"Mya arenaria","W-Msc-140430"
27,71,0.49,"Mya arenaria","W-Msc-140430"
27.5,71,0.95,"Mya arenaria","W-Msc-140430"
28,71,0.94,"Mya arenaria","W-Msc-140430"
28.5,71,0.94,"Mya arenaria","W-Msc-140430"
29,71,0.93,"Mya arenaria","W-Msc-140430"
35,71,0.1,"Mya arenaria","W-Msc-140430"
35.5,71,0.13,"Mya arenaria","W-Msc-140430"
36,71,0.13,"Mya arenaria","W-Msc-140430"
36.5,71,0.1,"Mya arenaria","W-Msc-140430"
41,71,0.22,"Mya arenaria","W-Msc-140430"
41.5,71,0.41,"Mya arenaria","W-Msc-140430"
42,71,0.45,"Mya arenaria","W-Msc-140430"
42.5,71,0.45,"Mya arenaria","W-Msc-140430"
43,71,0.43,"Mya arenaria","W-Msc-140430"
43.5,71,0.4,"Mya arenaria","W-Msc-140430"
44,71,0.35,"Mya arenaria","W-Msc-140430"
44.5,71,0.33,"Mya arenaria","W-Msc-140430"
45,71,0.43,"Mya arenaria","W-Msc-140430"
45.5,71,0.46,"Mya arenaria","W-Msc-140430"
46,71,0.46,"Mya arenaria","W-Msc-140430"
46.5,71,0.43,"Mya arenaria","W-Msc-140430"
47,71,0.47,"Mya arenaria","W-Msc-140430"
47.5,71,0.46,"Mya arenaria","W-Msc-140430"
48,71,0.36,"Mya arenaria","W-Msc-140430"
48.5,71,0.3,"Mya arenaria","W-Msc-140430"
49,71,0.27,"Mya arenaria","W-Msc-140430"
49.5,71,0.25,"Mya arenaria","W-Msc-140430"
50,71,0.23,"Mya arenaria","W-Msc-140430"
50.5,71,0.24,"Mya arenaria","W-Msc-140430"
51,71,0.2,"Mya arenaria","W-Msc-140430"
51.5,71,0.19,"Mya arenaria","W-Msc-140430"
52,71,0.28,"Mya arenaria","W-Msc-140430"
52.5,71,0.25,"Mya arenaria","W-Msc-140430"
53,71,0.24,"Mya arenaria","W-Msc-140430"
53.5,71,0.22,"Mya arenaria","W-Msc-140430"
54,71,0.21,"Mya arenaria","W-Msc-140430"
56,71,0.11,"Mya arenaria","W-Msc-140430"
56.5,71,0.06,"Mya arenaria","W-Msc-140430"
57,71,0.05,"Mya arenaria","W-Msc-140430"
57.5,71,0.03,"Mya arenaria","W-Msc-140430"
58,71,0.02,"Mya arenaria","W-Msc-140430"
58.5,71,0.01,"Mya arenaria","W-Msc-140430"
59,71,0.01,"Mya arenaria","W-Msc-140430"
59.5,71,0.01,"Mya arenaria","W-Msc-140430"
60,71,0.02,"Mya arenaria","W-Msc-140430"
60.5,71,0.02,"Mya arenaria","W-Msc-140430"
61,71,0.02,"Mya arenaria","W-Msc-140430"
61.5,71,0.02,"Mya arenaria","W-Msc-140430"
62,71,0.02,"Mya arenaria","W-Msc-140430"
62.5,71,0.01,"Mya arenaria","W-Msc-140430"
63,71,0.01,"Mya arenaria","W-Msc-140430"
63.5,71,0.01,"Mya arenaria","W-Msc-140430"
64,71,0.02,"Mya arenaria","W-Msc-140430"
64.5,71,0.02,"Mya arenaria","W-Msc-140430"
65,71,0.02,"Mya arenaria","W-Msc-140430"
65.5,71,0.03,"Mya arenaria","W-Msc-140430"
66,71,0.04,"Mya arenaria","W-Msc-140430"
66.5,71,0.06,"Mya arenaria","W-Msc-140430"
67,71,0.08,"Mya arenaria","W-Msc-140430"
67.5,71,0.09,"Mya arenaria","W-Msc-140430"
68,71,0.08,"Mya arenaria","W-Msc-140430"
72,71,0.06,"Mya arenaria","W-Msc-140430"
72.5,71,0.06,"Mya arenaria","W-Msc-140430"
73,71,0.04,"Mya arenaria","W-Msc-140430"
73.5,71,0.05,"Mya arenaria","W-Msc-140430"
74,71,0.04,"Mya arenaria","W-Msc-140430"
75.5,71,0.05,"Mya arenaria","W-Msc-140430"
76,71,0.03,"Mya arenaria","W-Msc-140430"
76.5,71,0.03,"Mya arenaria","W-Msc-140430"
77,71,0.02,"Mya arenaria","W-Msc-140430"
77.5,71,0.01,"Mya arenaria","W-Msc-140430"
78,71,0.01,"Mya arenaria","W-Msc-140430"
78.5,71,0.06,"Mya arenaria","W-Msc-140430"
82.5,71,0.07,"Mya arenaria","W-Msc-140430"
83,71,0.07,"Mya arenaria","W-Msc-140430"
83.5,71,0.07,"Mya arenaria","W-Msc-140430"
129.5,71,0.01,"Mya arenaria","W-Msc-140430"
135,71,0.01,"Mya arenaria","W-Msc-140430"
137.5,71,0.01,"Mya arenaria","W-Msc-140430"
138,71,0.01,"Mya arenaria","W-Msc-140430"
138.5,71,0.01,"Mya arenaria","W-Msc-140430"
139.5,71,0.01,"Mya arenaria","W-Msc-140430"
179,71,0.01,"Mya arenaria","W-Msc-140430"
179.5,71,0.01,"Mya arenaria","W-Msc-140430"
-175.5,70.5,0.01,"Mya arenaria","W-Msc-140430"
-175,70.5,0.01,"Mya arenaria","W-Msc-140430"
-174.5,70.5,0.01,"Mya arenaria","W-Msc-140430"
-174,70.5,0.02,"Mya arenaria","W-Msc-140430"
-173.5,70.5,0.02,"Mya arenaria","W-Msc-140430"
-173,70.5,0.02,"Mya arenaria","W-Msc-140430"
-172.5,70.5,0.02,"Mya arenaria","W-Msc-140430"
-172,70.5,0.02,"Mya arenaria","W-Msc-140430"
-171.5,70.5,0.01,"Mya arenaria","W-Msc-140430"
-171,70.5,0.01,"Mya arenaria","W-Msc-140430"
-170.5,70.5,0.01,"Mya arenaria","W-Msc-140430"
-170,70.5,0.01,"Mya arenaria","W-Msc-140430"
-169.5,70.5,0.01,"Mya arenaria","W-Msc-140430"
-169,70.5,0.01,"Mya arenaria","W-Msc-140430"
-168.5,70.5,0.01,"Mya arenaria","W-Msc-140430"
-168,70.5,0.02,"Mya arenaria","W-Msc-140430"
-167.5,70.5,0.02,"Mya arenaria","W-Msc-140430"
-167,70.5,0.02,"Mya arenaria","W-Msc-140430"
-166.5,70.5,0.02,"Mya arenaria","W-Msc-140430"
-166,70.5,0.03,"Mya arenaria","W-Msc-140430"
-165.5,70.5,0.03,"Mya arenaria","W-Msc-140430"
-165,70.5,0.03,"Mya arenaria","W-Msc-140430"
-164.5,70.5,0.03,"Mya arenaria","W-Msc-140430"
-164,70.5,0.03,"Mya arenaria","W-Msc-140430"
-163.5,70.5,0.03,"Mya arenaria","W-Msc-140430"
-163,70.5,0.03,"Mya arenaria","W-Msc-140430"
-162.5,70.5,0.03,"Mya arenaria","W-Msc-140430"
-162,70.5,0.03,"Mya arenaria","W-Msc-140430"
-161.5,70.5,0.03,"Mya arenaria","W-Msc-140430"
-161,70.5,0.03,"Mya arenaria","W-Msc-140430"
-160.5,70.5,0.03,"Mya arenaria","W-Msc-140430"
-160,70.5,0.03,"Mya arenaria","W-Msc-140430"
-159.5,70.5,0.03,"Mya arenaria","W-Msc-140430"
-159,70.5,0.02,"Mya arenaria","W-Msc-140430"
-158.5,70.5,0.02,"Mya arenaria","W-Msc-140430"
-158,70.5,0.02,"Mya arenaria","W-Msc-140430"
-157.5,70.5,0.02,"Mya arenaria","W-Msc-140430"
-128.5,70.5,0.01,"Mya arenaria","W-Msc-140430"
-128,70.5,0.01,"Mya arenaria","W-Msc-140430"
-127.5,70.5,0.01,"Mya arenaria","W-Msc-140430"
-118,70.5,0.01,"Mya arenaria","W-Msc-140430"
-117.5,70.5,0.01,"Mya arenaria","W-Msc-140430"
-117,70.5,0.01,"Mya arenaria","W-Msc-140430"
-116.5,70.5,0.01,"Mya arenaria","W-Msc-140430"
-116,70.5,0.01,"Mya arenaria","W-Msc-140430"
-115.5,70.5,0.01,"Mya arenaria","W-Msc-140430"
-72,70.5,0.01,"Mya arenaria","W-Msc-140430"
-71.5,70.5,0.01,"Mya arenaria","W-Msc-140430"
-71,70.5,0.01,"Mya arenaria","W-Msc-140430"
-70.5,70.5,0.01,"Mya arenaria","W-Msc-140430"
-70,70.5,0.01,"Mya arenaria","W-Msc-140430"
-56,70.5,0.05,"Mya arenaria","W-Msc-140430"
-55.5,70.5,0.12,"Mya arenaria","W-Msc-140430"
-55,70.5,0.18,"Mya arenaria","W-Msc-140430"
-54.5,70.5,0.19,"Mya arenaria","W-Msc-140430"
-54,70.5,0.19,"Mya arenaria","W-Msc-140430"
-53.5,70.5,0.18,"Mya arenaria","W-Msc-140430"
-53,70.5,0.17,"Mya arenaria","W-Msc-140430"
-52.5,70.5,0.16,"Mya arenaria","W-Msc-140430"
-52,70.5,0.14,"Mya arenaria","W-Msc-140430"
-51.5,70.5,0.12,"Mya arenaria","W-Msc-140430"
-51,70.5,0.11,"Mya arenaria","W-Msc-140430"
-50.5,70.5,0.1,"Mya arenaria","W-Msc-140430"
-28.5,70.5,0.01,"Mya arenaria","W-Msc-140430"
-28,70.5,0.01,"Mya arenaria","W-Msc-140430"
-27.5,70.5,0.01,"Mya arenaria","W-Msc-140430"
-27,70.5,0.01,"Mya arenaria","W-Msc-140430"
-26.5,70.5,0.01,"Mya arenaria","W-Msc-140430"
-26,70.5,0.01,"Mya arenaria","W-Msc-140430"
-25.5,70.5,0.01,"Mya arenaria","W-Msc-140430"
-25,70.5,0.01,"Mya arenaria","W-Msc-140430"
-24,70.5,0.01,"Mya arenaria","W-Msc-140430"
-23.5,70.5,0.01,"Mya arenaria","W-Msc-140430"
-23,70.5,0.01,"Mya arenaria","W-Msc-140430"
-22.5,70.5,0.01,"Mya arenaria","W-Msc-140430"
-22,70.5,0.01,"Mya arenaria","W-Msc-140430"
-21,70.5,0.01,"Mya arenaria","W-Msc-140430"
-13,70.5,0.07,"Mya arenaria","W-Msc-140430"
-12.5,70.5,0.08,"Mya arenaria","W-Msc-140430"
-9,70.5,0.43,"Mya arenaria","W-Msc-140430"
-8.5,70.5,0.44,"Mya arenaria","W-Msc-140430"
-8,70.5,0.46,"Mya arenaria","W-Msc-140430"
-7.5,70.5,0.29,"Mya arenaria","W-Msc-140430"
18,70.5,0.31,"Mya arenaria","W-Msc-140430"
18.5,70.5,0.37,"Mya arenaria","W-Msc-140430"
19,70.5,0.44,"Mya arenaria","W-Msc-140430"
19.5,70.5,0.44,"Mya arenaria","W-Msc-140430"
20,70.5,0.2,"Mya arenaria","W-Msc-140430"
20.5,70.5,0.86,"Mya arenaria","W-Msc-140430"
21,70.5,0.92,"Mya arenaria","W-Msc-140430"
21.5,70.5,0.28,"Mya arenaria","W-Msc-140430"
22,70.5,1,"Mya arenaria","W-Msc-140430"
22.5,70.5,1,"Mya arenaria","W-Msc-140430"
23,70.5,0.98,"Mya arenaria","W-Msc-140430"
23.5,70.5,0.95,"Mya arenaria","W-Msc-140430"
24,70.5,0.93,"Mya arenaria","W-Msc-140430"
24.5,70.5,0.9,"Mya arenaria","W-Msc-140430"
25,70.5,0.9,"Mya arenaria","W-Msc-140430"
25.5,70.5,0.89,"Mya arenaria","W-Msc-140430"
26,70.5,0.9,"Mya arenaria","W-Msc-140430"
26.5,70.5,0.91,"Mya arenaria","W-Msc-140430"
27,70.5,0.92,"Mya arenaria","W-Msc-140430"
27.5,70.5,0.92,"Mya arenaria","W-Msc-140430"
28.5,70.5,0.91,"Mya arenaria","W-Msc-140430"
29,70.5,0.91,"Mya arenaria","W-Msc-140430"
29.5,70.5,0.91,"Mya arenaria","W-Msc-140430"
30,70.5,0.91,"Mya arenaria","W-Msc-140430"
30.5,70.5,0.91,"Mya arenaria","W-Msc-140430"
31,70.5,0.91,"Mya arenaria","W-Msc-140430"
31.5,70.5,0.49,"Mya arenaria","W-Msc-140430"
34.5,70.5,0.22,"Mya arenaria","W-Msc-140430"
35,70.5,0.2,"Mya arenaria","W-Msc-140430"
35.5,70.5,0.18,"Mya arenaria","W-Msc-140430"
36,70.5,0.18,"Mya arenaria","W-Msc-140430"
36.5,70.5,0.16,"Mya arenaria","W-Msc-140430"
37,70.5,0.16,"Mya arenaria","W-Msc-140430"
37.5,70.5,0.14,"Mya arenaria","W-Msc-140430"
38,70.5,0.08,"Mya arenaria","W-Msc-140430"
38.5,70.5,0.05,"Mya arenaria","W-Msc-140430"
39,70.5,0.01,"Mya arenaria","W-Msc-140430"
39.5,70.5,0.04,"Mya arenaria","W-Msc-140430"
40,70.5,0.06,"Mya arenaria","W-Msc-140430"
40.5,70.5,0.26,"Mya arenaria","W-Msc-140430"
41,70.5,0.36,"Mya arenaria","W-Msc-140430"
41.5,70.5,0.45,"Mya arenaria","W-Msc-140430"
42,70.5,0.46,"Mya arenaria","W-Msc-140430"
42.5,70.5,0.57,"Mya arenaria","W-Msc-140430"
43,70.5,0.59,"Mya arenaria","W-Msc-140430"
43.5,70.5,0.45,"Mya arenaria","W-Msc-140430"
44,70.5,0.42,"Mya arenaria","W-Msc-140430"
44.5,70.5,0.39,"Mya arenaria","W-Msc-140430"
45,70.5,0.4,"Mya arenaria","W-Msc-140430"
45.5,70.5,0.36,"Mya arenaria","W-Msc-140430"
46,70.5,0.36,"Mya arenaria","W-Msc-140430"
46.5,70.5,0.37,"Mya arenaria","W-Msc-140430"
47,70.5,0.33,"Mya arenaria","W-Msc-140430"
47.5,70.5,0.28,"Mya arenaria","W-Msc-140430"
48,70.5,0.3,"Mya arenaria","W-Msc-140430"
48.5,70.5,0.26,"Mya arenaria","W-Msc-140430"
49,70.5,0.33,"Mya arenaria","W-Msc-140430"
49.5,70.5,0.33,"Mya arenaria","W-Msc-140430"
50,70.5,0.33,"Mya arenaria","W-Msc-140430"
50.5,70.5,0.31,"Mya arenaria","W-Msc-140430"
51,70.5,0.23,"Mya arenaria","W-Msc-140430"
51.5,70.5,0.22,"Mya arenaria","W-Msc-140430"
52,70.5,0.18,"Mya arenaria","W-Msc-140430"
52.5,70.5,0.14,"Mya arenaria","W-Msc-140430"
53,70.5,0.26,"Mya arenaria","W-Msc-140430"
53.5,70.5,0.24,"Mya arenaria","W-Msc-140430"
54,70.5,0.24,"Mya arenaria","W-Msc-140430"
54.5,70.5,0.23,"Mya arenaria","W-Msc-140430"
55,70.5,0.2,"Mya arenaria","W-Msc-140430"
55.5,70.5,0.18,"Mya arenaria","W-Msc-140430"
56,70.5,0.16,"Mya arenaria","W-Msc-140430"
56.5,70.5,0.14,"Mya arenaria","W-Msc-140430"
57,70.5,0.13,"Mya arenaria","W-Msc-140430"
57.5,70.5,0.09,"Mya arenaria","W-Msc-140430"
58,70.5,0.09,"Mya arenaria","W-Msc-140430"
58.5,70.5,0.09,"Mya arenaria","W-Msc-140430"
59,70.5,0.08,"Mya arenaria","W-Msc-140430"
59.5,70.5,0.07,"Mya arenaria","W-Msc-140430"
60,70.5,0.05,"Mya arenaria","W-Msc-140430"
60.5,70.5,0.03,"Mya arenaria","W-Msc-140430"
61,70.5,0.03,"Mya arenaria","W-Msc-140430"
61.5,70.5,0.02,"Mya arenaria","W-Msc-140430"
62,70.5,0.02,"Mya arenaria","W-Msc-140430"
62.5,70.5,0.01,"Mya arenaria","W-Msc-140430"
63,70.5,0.01,"Mya arenaria","W-Msc-140430"
63.5,70.5,0.01,"Mya arenaria","W-Msc-140430"
64,70.5,0.02,"Mya arenaria","W-Msc-140430"
64.5,70.5,0.02,"Mya arenaria","W-Msc-140430"
65,70.5,0.02,"Mya arenaria","W-Msc-140430"
65.5,70.5,0.02,"Mya arenaria","W-Msc-140430"
66,70.5,0.03,"Mya arenaria","W-Msc-140430"
66.5,70.5,0.04,"Mya arenaria","W-Msc-140430"
67,70.5,0.05,"Mya arenaria","W-Msc-140430"
67.5,70.5,0.05,"Mya arenaria","W-Msc-140430"
73,70.5,0.04,"Mya arenaria","W-Msc-140430"
73.5,70.5,0.04,"Mya arenaria","W-Msc-140430"
74,70.5,0.04,"Mya arenaria","W-Msc-140430"
74.5,70.5,0.05,"Mya arenaria","W-Msc-140430"
78.5,70.5,0.07,"Mya arenaria","W-Msc-140430"
82.5,70.5,0.06,"Mya arenaria","W-Msc-140430"
83,70.5,0.06,"Mya arenaria","W-Msc-140430"
83.5,70.5,0.06,"Mya arenaria","W-Msc-140430"
84,70.5,0.06,"Mya arenaria","W-Msc-140430"
130.5,70.5,0.01,"Mya arenaria","W-Msc-140430"
131,70.5,0.01,"Mya arenaria","W-Msc-140430"
131.5,70.5,0.01,"Mya arenaria","W-Msc-140430"
132,70.5,0.01,"Mya arenaria","W-Msc-140430"
-176.5,70,0.01,"Mya arenaria","W-Msc-140430"
-176,70,0.01,"Mya arenaria","W-Msc-140430"
-175.5,70,0.01,"Mya arenaria","W-Msc-140430"
-175,70,0.02,"Mya arenaria","W-Msc-140430"
-174.5,70,0.02,"Mya arenaria","W-Msc-140430"
-174,70,0.02,"Mya arenaria","W-Msc-140430"
-173.5,70,0.02,"Mya arenaria","W-Msc-140430"
-173,70,0.02,"Mya arenaria","W-Msc-140430"
-172.5,70,0.02,"Mya arenaria","W-Msc-140430"
-172,70,0.02,"Mya arenaria","W-Msc-140430"
-171.5,70,0.02,"Mya arenaria","W-Msc-140430"
-171,70,0.02,"Mya arenaria","W-Msc-140430"
-170.5,70,0.02,"Mya arenaria","W-Msc-140430"
-170,70,0.02,"Mya arenaria","W-Msc-140430"
-169.5,70,0.02,"Mya arenaria","W-Msc-140430"
-169,70,0.02,"Mya arenaria","W-Msc-140430"
-168.5,70,0.02,"Mya arenaria","W-Msc-140430"
-168,70,0.03,"Mya arenaria","W-Msc-140430"
-167.5,70,0.03,"Mya arenaria","W-Msc-140430"
-167,70,0.03,"Mya arenaria","W-Msc-140430"
-166.5,70,0.04,"Mya arenaria","W-Msc-140430"
-166,70,0.04,"Mya arenaria","W-Msc-140430"
-165.5,70,0.05,"Mya arenaria","W-Msc-140430"
-165,70,0.05,"Mya arenaria","W-Msc-140430"
-164.5,70,0.05,"Mya arenaria","W-Msc-140430"
-164,70,0.06,"Mya arenaria","W-Msc-140430"
-163.5,70,0.06,"Mya arenaria","W-Msc-140430"
-163,70,0.06,"Mya arenaria","W-Msc-140430"
-162.5,70,0.07,"Mya arenaria","W-Msc-140430"
-162,70,0.07,"Mya arenaria","W-Msc-140430"
-161.5,70,0.07,"Mya arenaria","W-Msc-140430"
-161,70,0.06,"Mya arenaria","W-Msc-140430"
-160.5,70,0.05,"Mya arenaria","W-Msc-140430"
-159.5,70,0.04,"Mya arenaria","W-Msc-140430"
-131,70,0.01,"Mya arenaria","W-Msc-140430"
-130.5,70,0.01,"Mya arenaria","W-Msc-140430"
-130,70,0.01,"Mya arenaria","W-Msc-140430"
-129.5,70,0.01,"Mya arenaria","W-Msc-140430"
-129,70,0.01,"Mya arenaria","W-Msc-140430"
-128.5,70,0.01,"Mya arenaria","W-Msc-140430"
-128,70,0.02,"Mya arenaria","W-Msc-140430"
-127.5,70,0.02,"Mya arenaria","W-Msc-140430"
-127,70,0.02,"Mya arenaria","W-Msc-140430"
-126.5,70,0.02,"Mya arenaria","W-Msc-140430"
-125.5,70,0.01,"Mya arenaria","W-Msc-140430"
-125,70,0.01,"Mya arenaria","W-Msc-140430"
-124.5,70,0.01,"Mya arenaria","W-Msc-140430"
-124,70,0.01,"Mya arenaria","W-Msc-140430"
-123.5,70,0.01,"Mya arenaria","W-Msc-140430"
-117,70,0.01,"Mya arenaria","W-Msc-140430"
-116.5,70,0.01,"Mya arenaria","W-Msc-140430"
-116,70,0.01,"Mya arenaria","W-Msc-140430"
-115.5,70,0.01,"Mya arenaria","W-Msc-140430"
-115,70,0.01,"Mya arenaria","W-Msc-140430"
-82,70,0.01,"Mya arenaria","W-Msc-140430"
-81.5,70,0.01,"Mya arenaria","W-Msc-140430"
-81,70,0.01,"Mya arenaria","W-Msc-140430"
-80.5,70,0.01,"Mya arenaria","W-Msc-140430"
-80,70,0.01,"Mya arenaria","W-Msc-140430"
-71,70,0.01,"Mya arenaria","W-Msc-140430"
-69.5,70,0.01,"Mya arenaria","W-Msc-140430"
-69,70,0.01,"Mya arenaria","W-Msc-140430"
-68.5,70,0.01,"Mya arenaria","W-Msc-140430"
-68,70,0.01,"Mya arenaria","W-Msc-140430"
-67.5,70,0.01,"Mya arenaria","W-Msc-140430"
-67,70,0.01,"Mya arenaria","W-Msc-140430"
-56.5,70,0.03,"Mya arenaria","W-Msc-140430"
-56,70,0.09,"Mya arenaria","W-Msc-140430"
-55.5,70,0.14,"Mya arenaria","W-Msc-140430"
-55,70,0.19,"Mya arenaria","W-Msc-140430"
-54.5,70,0.18,"Mya arenaria","W-Msc-140430"
-54,70,0.17,"Mya arenaria","W-Msc-140430"
-53.5,70,0.17,"Mya arenaria","W-Msc-140430"
-53,70,0.18,"Mya arenaria","W-Msc-140430"
-52.5,70,0.18,"Mya arenaria","W-Msc-140430"
-52,70,0.17,"Mya arenaria","W-Msc-140430"
-51.5,70,0.15,"Mya arenaria","W-Msc-140430"
-51,70,0.13,"Mya arenaria","W-Msc-140430"
-50.5,70,0.1,"Mya arenaria","W-Msc-140430"
-50,70,0.1,"Mya arenaria","W-Msc-140430"
-29,70,0.01,"Mya arenaria","W-Msc-140430"
-28.5,70,0.01,"Mya arenaria","W-Msc-140430"
-28,70,0.01,"Mya arenaria","W-Msc-140430"
-27.5,70,0.01,"Mya arenaria","W-Msc-140430"
-24,70,0.01,"Mya arenaria","W-Msc-140430"
-23.5,70,0.01,"Mya arenaria","W-Msc-140430"
-23,70,0.01,"Mya arenaria","W-Msc-140430"
-22.5,70,0.01,"Mya arenaria","W-Msc-140430"
-22,70,0.02,"Mya arenaria","W-Msc-140430"
-21.5,70,0.01,"Mya arenaria","W-Msc-140430"
17,70,0.27,"Mya arenaria","W-Msc-140430"
17.5,70,0.66,"Mya arenaria","W-Msc-140430"
18,70,0.82,"Mya arenaria","W-Msc-140430"
18.5,70,1,"Mya arenaria","W-Msc-140430"
19,70,1,"Mya arenaria","W-Msc-140430"
19.5,70,1,"Mya arenaria","W-Msc-140430"
20,70,1,"Mya arenaria","W-Msc-140430"
20.5,70,1,"Mya arenaria","W-Msc-140430"
21,70,1,"Mya arenaria","W-Msc-140430"
21.5,70,0.99,"Mya arenaria","W-Msc-140430"
22,70,0.97,"Mya arenaria","W-Msc-140430"
22.5,70,0.94,"Mya arenaria","W-Msc-140430"
23,70,0.91,"Mya arenaria","W-Msc-140430"
23.5,70,0.89,"Mya arenaria","W-Msc-140430"
25,70,0.85,"Mya arenaria","W-Msc-140430"
25.5,70,0.83,"Mya arenaria","W-Msc-140430"
26,70,0.86,"Mya arenaria","W-Msc-140430"
27,70,0.89,"Mya arenaria","W-Msc-140430"
29,70,0.87,"Mya arenaria","W-Msc-140430"
29.5,70,0.87,"Mya arenaria","W-Msc-140430"
30,70,0.87,"Mya arenaria","W-Msc-140430"
30.5,70,0.88,"Mya arenaria","W-Msc-140430"
31,70,0.89,"Mya arenaria","W-Msc-140430"
31.5,70,0.89,"Mya arenaria","W-Msc-140430"
32,70,0.85,"Mya arenaria","W-Msc-140430"
32.5,70,0.84,"Mya arenaria","W-Msc-140430"
33,70,0.48,"Mya arenaria","W-Msc-140430"
33.5,70,0.34,"Mya arenaria","W-Msc-140430"
34,70,0.22,"Mya arenaria","W-Msc-140430"
34.5,70,0.01,"Mya arenaria","W-Msc-140430"
35.5,70,0.13,"Mya arenaria","W-Msc-140430"
36,70,0.23,"Mya arenaria","W-Msc-140430"
36.5,70,0.22,"Mya arenaria","W-Msc-140430"
37,70,0.21,"Mya arenaria","W-Msc-140430"
37.5,70,0.2,"Mya arenaria","W-Msc-140430"
38,70,0.18,"Mya arenaria","W-Msc-140430"
38.5,70,0.15,"Mya arenaria","W-Msc-140430"
39,70,0.11,"Mya arenaria","W-Msc-140430"
39.5,70,0.1,"Mya arenaria","W-Msc-140430"
40,70,0.35,"Mya arenaria","W-Msc-140430"
40.5,70,0.31,"Mya arenaria","W-Msc-140430"
41,70,0.35,"Mya arenaria","W-Msc-140430"
41.5,70,0.44,"Mya arenaria","W-Msc-140430"
42,70,0.46,"Mya arenaria","W-Msc-140430"
42.5,70,0.5,"Mya arenaria","W-Msc-140430"
43,70,0.49,"Mya arenaria","W-Msc-140430"
43.5,70,0.44,"Mya arenaria","W-Msc-140430"
44,70,0.41,"Mya arenaria","W-Msc-140430"
44.5,70,0.38,"Mya arenaria","W-Msc-140430"
45,70,0.45,"Mya arenaria","W-Msc-140430"
45.5,70,0.39,"Mya arenaria","W-Msc-140430"
46,70,0.39,"Mya arenaria","W-Msc-140430"
46.5,70,0.38,"Mya arenaria","W-Msc-140430"
47,70,0.33,"Mya arenaria","W-Msc-140430"
47.5,70,0.37,"Mya arenaria","W-Msc-140430"
48,70,0.38,"Mya arenaria","W-Msc-140430"
48.5,70,0.4,"Mya arenaria","W-Msc-140430"
49,70,0.39,"Mya arenaria","W-Msc-140430"
49.5,70,0.37,"Mya arenaria","W-Msc-140430"
50,70,0.33,"Mya arenaria","W-Msc-140430"
50.5,70,0.3,"Mya arenaria","W-Msc-140430"
51,70,0.27,"Mya arenaria","W-Msc-140430"
51.5,70,0.26,"Mya arenaria","W-Msc-140430"
52,70,0.21,"Mya arenaria","W-Msc-140430"
52.5,70,0.19,"Mya arenaria","W-Msc-140430"
53,70,0.2,"Mya arenaria","W-Msc-140430"
53.5,70,0.19,"Mya arenaria","W-Msc-140430"
54,70,0.22,"Mya arenaria","W-Msc-140430"
54.5,70,0.18,"Mya arenaria","W-Msc-140430"
55,70,0.19,"Mya arenaria","W-Msc-140430"
55.5,70,0.24,"Mya arenaria","W-Msc-140430"
56,70,0.23,"Mya arenaria","W-Msc-140430"
56.5,70,0.21,"Mya arenaria","W-Msc-140430"
57,70,0.2,"Mya arenaria","W-Msc-140430"
57.5,70,0.18,"Mya arenaria","W-Msc-140430"
58,70,0.18,"Mya arenaria","W-Msc-140430"
58.5,70,0.17,"Mya arenaria","W-Msc-140430"
59,70,0.13,"Mya arenaria","W-Msc-140430"
59.5,70,0.11,"Mya arenaria","W-Msc-140430"
60,70,0.11,"Mya arenaria","W-Msc-140430"
60.5,70,0.12,"Mya arenaria","W-Msc-140430"
61,70,0.04,"Mya arenaria","W-Msc-140430"
61.5,70,0.02,"Mya arenaria","W-Msc-140430"
62,70,0.01,"Mya arenaria","W-Msc-140430"
62.5,70,0.01,"Mya arenaria","W-Msc-140430"
63,70,0.01,"Mya arenaria","W-Msc-140430"
63.5,70,0.01,"Mya arenaria","W-Msc-140430"
64,70,0.02,"Mya arenaria","W-Msc-140430"
64.5,70,0.02,"Mya arenaria","W-Msc-140430"
65,70,0.02,"Mya arenaria","W-Msc-140430"
65.5,70,0.02,"Mya arenaria","W-Msc-140430"
66,70,0.02,"Mya arenaria","W-Msc-140430"
66.5,70,0.02,"Mya arenaria","W-Msc-140430"
67,70,0.04,"Mya arenaria","W-Msc-140430"
67.5,70,0.04,"Mya arenaria","W-Msc-140430"
72.5,70,0.07,"Mya arenaria","W-Msc-140430"
73,70,0.07,"Mya arenaria","W-Msc-140430"
73.5,70,0.05,"Mya arenaria","W-Msc-140430"
74,70,0.06,"Mya arenaria","W-Msc-140430"
74.5,70,0.06,"Mya arenaria","W-Msc-140430"
83,70,0.05,"Mya arenaria","W-Msc-140430"
83.5,70,0.05,"Mya arenaria","W-Msc-140430"
84,70,0.05,"Mya arenaria","W-Msc-140430"
-177.5,69.5,0.01,"Mya arenaria","W-Msc-140430"
-177,69.5,0.01,"Mya arenaria","W-Msc-140430"
-176.5,69.5,0.01,"Mya arenaria","W-Msc-140430"
-176,69.5,0.01,"Mya arenaria","W-Msc-140430"
-175.5,69.5,0.02,"Mya arenaria","W-Msc-140430"
-175,69.5,0.02,"Mya arenaria","W-Msc-140430"
-174.5,69.5,0.02,"Mya arenaria","W-Msc-140430"
-174,69.5,0.03,"Mya arenaria","W-Msc-140430"
-173.5,69.5,0.03,"Mya arenaria","W-Msc-140430"
-173,69.5,0.03,"Mya arenaria","W-Msc-140430"
-172.5,69.5,0.03,"Mya arenaria","W-Msc-140430"
-172,69.5,0.03,"Mya arenaria","W-Msc-140430"
-171.5,69.5,0.03,"Mya arenaria","W-Msc-140430"
-171,69.5,0.03,"Mya arenaria","W-Msc-140430"
-170.5,69.5,0.03,"Mya arenaria","W-Msc-140430"
-170,69.5,0.04,"Mya arenaria","W-Msc-140430"
-169.5,69.5,0.04,"Mya arenaria","W-Msc-140430"
-169,69.5,0.04,"Mya arenaria","W-Msc-140430"
-168.5,69.5,0.04,"Mya arenaria","W-Msc-140430"
-168,69.5,0.05,"Mya arenaria","W-Msc-140430"
-167.5,69.5,0.05,"Mya arenaria","W-Msc-140430"
-167,69.5,0.05,"Mya arenaria","W-Msc-140430"
-166.5,69.5,0.06,"Mya arenaria","W-Msc-140430"
-166,69.5,0.06,"Mya arenaria","W-Msc-140430"
-165.5,69.5,0.07,"Mya arenaria","W-Msc-140430"
-165,69.5,0.07,"Mya arenaria","W-Msc-140430"
-164.5,69.5,0.07,"Mya arenaria","W-Msc-140430"
-164,69.5,0.08,"Mya arenaria","W-Msc-140430"
-163.5,69.5,0.1,"Mya arenaria","W-Msc-140430"
-163,69.5,0.11,"Mya arenaria","W-Msc-140430"
-162.5,69.5,0.1,"Mya arenaria","W-Msc-140430"
-135.5,69.5,0.01,"Mya arenaria","W-Msc-140430"
-135,69.5,0.01,"Mya arenaria","W-Msc-140430"
-134.5,69.5,0.02,"Mya arenaria","W-Msc-140430"
-134,69.5,0.02,"Mya arenaria","W-Msc-140430"
-133.5,69.5,0.02,"Mya arenaria","W-Msc-140430"
-133,69.5,0.02,"Mya arenaria","W-Msc-140430"
-132.5,69.5,0.02,"Mya arenaria","W-Msc-140430"
-132,69.5,0.02,"Mya arenaria","W-Msc-140430"
-131.5,69.5,0.02,"Mya arenaria","W-Msc-140430"
-131,69.5,0.02,"Mya arenaria","W-Msc-140430"
-130.5,69.5,0.02,"Mya arenaria","W-Msc-140430"
-130,69.5,0.02,"Mya arenaria","W-Msc-140430"
-129.5,69.5,0.02,"Mya arenaria","W-Msc-140430"
-129,69.5,0.03,"Mya arenaria","W-Msc-140430"
-128.5,69.5,0.02,"Mya arenaria","W-Msc-140430"
-128,69.5,0.03,"Mya arenaria","W-Msc-140430"
-126.5,69.5,0.04,"Mya arenaria","W-Msc-140430"
-126,69.5,0.03,"Mya arenaria","W-Msc-140430"
-125.5,69.5,0.03,"Mya arenaria","W-Msc-140430"
-125,69.5,0.03,"Mya arenaria","W-Msc-140430"
-124.5,69.5,0.03,"Mya arenaria","W-Msc-140430"
-124,69.5,0.03,"Mya arenaria","W-Msc-140430"
-123.5,69.5,0.02,"Mya arenaria","W-Msc-140430"
-123,69.5,0.03,"Mya arenaria","W-Msc-140430"
-122.5,69.5,0.02,"Mya arenaria","W-Msc-140430"
-122,69.5,0.02,"Mya arenaria","W-Msc-140430"
-121.5,69.5,0.02,"Mya arenaria","W-Msc-140430"
-121,69.5,0.03,"Mya arenaria","W-Msc-140430"
-120.5,69.5,0.02,"Mya arenaria","W-Msc-140430"
-120,69.5,0.01,"Mya arenaria","W-Msc-140430"
-117,69.5,0.01,"Mya arenaria","W-Msc-140430"
-116.5,69.5,0.01,"Mya arenaria","W-Msc-140430"
-82.5,69.5,0.01,"Mya arenaria","W-Msc-140430"
-82,69.5,0.01,"Mya arenaria","W-Msc-140430"
-81.5,69.5,0.01,"Mya arenaria","W-Msc-140430"
-81,69.5,0.01,"Mya arenaria","W-Msc-140430"
-80.5,69.5,0.01,"Mya arenaria","W-Msc-140430"
-80,69.5,0.01,"Mya arenaria","W-Msc-140430"
-79.5,69.5,0.01,"Mya arenaria","W-Msc-140430"
-79,69.5,0.01,"Mya arenaria","W-Msc-140430"
-70,69.5,0.01,"Mya arenaria","W-Msc-140430"
-69.5,69.5,0.01,"Mya arenaria","W-Msc-140430"
-69,69.5,0.01,"Mya arenaria","W-Msc-140430"
-68.5,69.5,0.01,"Mya arenaria","W-Msc-140430"
-68,69.5,0.01,"Mya arenaria","W-Msc-140430"
-67.5,69.5,0.01,"Mya arenaria","W-Msc-140430"
-67,69.5,0.01,"Mya arenaria","W-Msc-140430"
-66.5,69.5,0.01,"Mya arenaria","W-Msc-140430"
-57,69.5,0.01,"Mya arenaria","W-Msc-140430"
-56.5,69.5,0.03,"Mya arenaria","W-Msc-140430"
-56,69.5,0.09,"Mya arenaria","W-Msc-140430"
-55.5,69.5,0.12,"Mya arenaria","W-Msc-140430"
-55,69.5,0.21,"Mya arenaria","W-Msc-140430"
-54.5,69.5,0.23,"Mya arenaria","W-Msc-140430"
-54,69.5,0.23,"Mya arenaria","W-Msc-140430"
-52.5,69.5,0.23,"Mya arenaria","W-Msc-140430"
-52,69.5,0.19,"Mya arenaria","W-Msc-140430"
-51.5,69.5,0.18,"Mya arenaria","W-Msc-140430"
-51,69.5,0.15,"Mya arenaria","W-Msc-140430"
-50.5,69.5,0.12,"Mya arenaria","W-Msc-140430"
-50,69.5,0.11,"Mya arenaria","W-Msc-140430"
-24,69.5,0.02,"Mya arenaria","W-Msc-140430"
-23.5,69.5,0.02,"Mya arenaria","W-Msc-140430"
-23,69.5,0.03,"Mya arenaria","W-Msc-140430"
-22.5,69.5,0.03,"Mya arenaria","W-Msc-140430"
-22,69.5,0.02,"Mya arenaria","W-Msc-140430"
16.5,69.5,0.71,"Mya arenaria","W-Msc-140430"
17,69.5,0.86,"Mya arenaria","W-Msc-140430"
17.5,69.5,1,"Mya arenaria","W-Msc-140430"
18,69.5,1,"Mya arenaria","W-Msc-140430"
18.5,69.5,0.99,"Mya arenaria","W-Msc-140430"
19,69.5,0.95,"Mya arenaria","W-Msc-140430"
19.5,69.5,0.93,"Mya arenaria","W-Msc-140430"
20,69.5,0.93,"Mya arenaria","W-Msc-140430"
20.5,69.5,0.93,"Mya arenaria","W-Msc-140430"
21,69.5,0.92,"Mya arenaria","W-Msc-140430"
21.5,69.5,0.93,"Mya arenaria","W-Msc-140430"
22,69.5,0.93,"Mya arenaria","W-Msc-140430"
30,69.5,0.82,"Mya arenaria","W-Msc-140430"
30.5,69.5,0.84,"Mya arenaria","W-Msc-140430"
31,69.5,0.85,"Mya arenaria","W-Msc-140430"
31.5,69.5,0.86,"Mya arenaria","W-Msc-140430"
32,69.5,0.86,"Mya arenaria","W-Msc-140430"
32.5,69.5,0.86,"Mya arenaria","W-Msc-140430"
33,69.5,0.86,"Mya arenaria","W-Msc-140430"
33.5,69.5,0.87,"Mya arenaria","W-Msc-140430"
34,69.5,0.51,"Mya arenaria","W-Msc-140430"
34.5,69.5,0.45,"Mya arenaria","W-Msc-140430"
35,69.5,0.28,"Mya arenaria","W-Msc-140430"
35.5,69.5,0.15,"Mya arenaria","W-Msc-140430"
36,69.5,0.19,"Mya arenaria","W-Msc-140430"
36.5,69.5,0.22,"Mya arenaria","W-Msc-140430"
37,69.5,0.34,"Mya arenaria","W-Msc-140430"
37.5,69.5,0.38,"Mya arenaria","W-Msc-140430"
38,69.5,0.42,"Mya arenaria","W-Msc-140430"
38.5,69.5,0.46,"Mya arenaria","W-Msc-140430"
39,69.5,0.43,"Mya arenaria","W-Msc-140430"
39.5,69.5,0.36,"Mya arenaria","W-Msc-140430"
40,69.5,0.26,"Mya arenaria","W-Msc-140430"
40.5,69.5,0.32,"Mya arenaria","W-Msc-140430"
41,69.5,0.38,"Mya arenaria","W-Msc-140430"
41.5,69.5,0.38,"Mya arenaria","W-Msc-140430"
42,69.5,0.4,"Mya arenaria","W-Msc-140430"
42.5,69.5,0.4,"Mya arenaria","W-Msc-140430"
43,69.5,0.48,"Mya arenaria","W-Msc-140430"
43.5,69.5,0.53,"Mya arenaria","W-Msc-140430"
44,69.5,0.51,"Mya arenaria","W-Msc-140430"
44.5,69.5,0.43,"Mya arenaria","W-Msc-140430"
45,69.5,0.39,"Mya arenaria","W-Msc-140430"
45.5,69.5,0.37,"Mya arenaria","W-Msc-140430"
46,69.5,0.38,"Mya arenaria","W-Msc-140430"
46.5,69.5,0.39,"Mya arenaria","W-Msc-140430"
47,69.5,0.4,"Mya arenaria","W-Msc-140430"
47.5,69.5,0.39,"Mya arenaria","W-Msc-140430"
48,69.5,0.42,"Mya arenaria","W-Msc-140430"
48.5,69.5,0.38,"Mya arenaria","W-Msc-140430"
49,69.5,0.33,"Mya arenaria","W-Msc-140430"
49.5,69.5,0.31,"Mya arenaria","W-Msc-140430"
50,69.5,0.3,"Mya arenaria","W-Msc-140430"
50.5,69.5,0.28,"Mya arenaria","W-Msc-140430"
51,69.5,0.29,"Mya arenaria","W-Msc-140430"
51.5,69.5,0.28,"Mya arenaria","W-Msc-140430"
52,69.5,0.25,"Mya arenaria","W-Msc-140430"
52.5,69.5,0.24,"Mya arenaria","W-Msc-140430"
53,69.5,0.23,"Mya arenaria","W-Msc-140430"
53.5,69.5,0.21,"Mya arenaria","W-Msc-140430"
54,69.5,0.21,"Mya arenaria","W-Msc-140430"
54.5,69.5,0.22,"Mya arenaria","W-Msc-140430"
55,69.5,0.25,"Mya arenaria","W-Msc-140430"
55.5,69.5,0.24,"Mya arenaria","W-Msc-140430"
56,69.5,0.23,"Mya arenaria","W-Msc-140430"
56.5,69.5,0.22,"Mya arenaria","W-Msc-140430"
57,69.5,0.21,"Mya arenaria","W-Msc-140430"
57.5,69.5,0.2,"Mya arenaria","W-Msc-140430"
58,69.5,0.18,"Mya arenaria","W-Msc-140430"
58.5,69.5,0.17,"Mya arenaria","W-Msc-140430"
59,69.5,0.16,"Mya arenaria","W-Msc-140430"
59.5,69.5,0.16,"Mya arenaria","W-Msc-140430"
60,69.5,0.13,"Mya arenaria","W-Msc-140430"
60.5,69.5,0.14,"Mya arenaria","W-Msc-140430"
61,69.5,0.16,"Mya arenaria","W-Msc-140430"
61.5,69.5,0.15,"Mya arenaria","W-Msc-140430"
62,69.5,0.15,"Mya arenaria","W-Msc-140430"
62.5,69.5,0.12,"Mya arenaria","W-Msc-140430"
63,69.5,0.11,"Mya arenaria","W-Msc-140430"
63.5,69.5,0.08,"Mya arenaria","W-Msc-140430"
64,69.5,0.06,"Mya arenaria","W-Msc-140430"
64.5,69.5,0.04,"Mya arenaria","W-Msc-140430"
65,69.5,0.02,"Mya arenaria","W-Msc-140430"
65.5,69.5,0.02,"Mya arenaria","W-Msc-140430"
66,69.5,0.02,"Mya arenaria","W-Msc-140430"
66.5,69.5,0.02,"Mya arenaria","W-Msc-140430"
67,69.5,0.03,"Mya arenaria","W-Msc-140430"
67.5,69.5,0.03,"Mya arenaria","W-Msc-140430"
68,69.5,0.04,"Mya arenaria","W-Msc-140430"
68.5,69.5,0.05,"Mya arenaria","W-Msc-140430"
73,69.5,0.09,"Mya arenaria","W-Msc-140430"
73.5,69.5,0.07,"Mya arenaria","W-Msc-140430"
74,69.5,0.07,"Mya arenaria","W-Msc-140430"
83.5,69.5,0.05,"Mya arenaria","W-Msc-140430"
84,69.5,0.05,"Mya arenaria","W-Msc-140430"
84.5,69.5,0.05,"Mya arenaria","W-Msc-140430"
160,69.5,0.01,"Mya arenaria","W-Msc-140430"
160.5,69.5,0.01,"Mya arenaria","W-Msc-140430"
161,69.5,0.01,"Mya arenaria","W-Msc-140430"
170.5,69.5,0.01,"Mya arenaria","W-Msc-140430"
171,69.5,0.01,"Mya arenaria","W-Msc-140430"
172.5,69.5,0.01,"Mya arenaria","W-Msc-140430"
173,69.5,0.01,"Mya arenaria","W-Msc-140430"
173.5,69.5,0.01,"Mya arenaria","W-Msc-140430"
174,69.5,0.01,"Mya arenaria","W-Msc-140430"
174.5,69.5,0.01,"Mya arenaria","W-Msc-140430"
176,69.5,0.01,"Mya arenaria","W-Msc-140430"
176.5,69.5,0.01,"Mya arenaria","W-Msc-140430"
177,69.5,0.01,"Mya arenaria","W-Msc-140430"
-179.5,69,0.01,"Mya arenaria","W-Msc-140430"
-179,69,0.01,"Mya arenaria","W-Msc-140430"
-178.5,69,0.01,"Mya arenaria","W-Msc-140430"
-178,69,0.01,"Mya arenaria","W-Msc-140430"
-177.5,69,0.01,"Mya arenaria","W-Msc-140430"
-177,69,0.01,"Mya arenaria","W-Msc-140430"
-176.5,69,0.01,"Mya arenaria","W-Msc-140430"
-176,69,0.01,"Mya arenaria","W-Msc-140430"
-175.5,69,0.02,"Mya arenaria","W-Msc-140430"
-175,69,0.02,"Mya arenaria","W-Msc-140430"
-174.5,69,0.02,"Mya arenaria","W-Msc-140430"
-174,69,0.03,"Mya arenaria","W-Msc-140430"
-173.5,69,0.03,"Mya arenaria","W-Msc-140430"
-173,69,0.03,"Mya arenaria","W-Msc-140430"
-172.5,69,0.03,"Mya arenaria","W-Msc-140430"
-172,69,0.04,"Mya arenaria","W-Msc-140430"
-171.5,69,0.04,"Mya arenaria","W-Msc-140430"
-171,69,0.04,"Mya arenaria","W-Msc-140430"
-170.5,69,0.04,"Mya arenaria","W-Msc-140430"
-170,69,0.04,"Mya arenaria","W-Msc-140430"
-169.5,69,0.05,"Mya arenaria","W-Msc-140430"
-169,69,0.05,"Mya arenaria","W-Msc-140430"
-168.5,69,0.06,"Mya arenaria","W-Msc-140430"
-168,69,0.06,"Mya arenaria","W-Msc-140430"
-167.5,69,0.07,"Mya arenaria","W-Msc-140430"
-167,69,0.07,"Mya arenaria","W-Msc-140430"
-166.5,69,0.08,"Mya arenaria","W-Msc-140430"
-166,69,0.08,"Mya arenaria","W-Msc-140430"
-165.5,69,0.09,"Mya arenaria","W-Msc-140430"
-165,69,0.09,"Mya arenaria","W-Msc-140430"
-164.5,69,0.1,"Mya arenaria","W-Msc-140430"
-164,69,0.11,"Mya arenaria","W-Msc-140430"
-163.5,69,0.13,"Mya arenaria","W-Msc-140430"
-163,69,0.14,"Mya arenaria","W-Msc-140430"
-138.5,69,0.01,"Mya arenaria","W-Msc-140430"
-138,69,0.01,"Mya arenaria","W-Msc-140430"
-137.5,69,0.01,"Mya arenaria","W-Msc-140430"
-137,69,0.01,"Mya arenaria","W-Msc-140430"
-136.5,69,0.02,"Mya arenaria","W-Msc-140430"
-136,69,0.03,"Mya arenaria","W-Msc-140430"
-135.5,69,0.03,"Mya arenaria","W-Msc-140430"
-135,69,0.03,"Mya arenaria","W-Msc-140430"
-134.5,69,0.04,"Mya arenaria","W-Msc-140430"
-134,69,0.05,"Mya arenaria","W-Msc-140430"
-133.5,69,0.05,"Mya arenaria","W-Msc-140430"
-133,69,0.05,"Mya arenaria","W-Msc-140430"
-132.5,69,0.05,"Mya arenaria","W-Msc-140430"
-130.5,69,0.04,"Mya arenaria","W-Msc-140430"
-126,69,0.04,"Mya arenaria","W-Msc-140430"
-125.5,69,0.04,"Mya arenaria","W-Msc-140430"
-125,69,0.04,"Mya arenaria","W-Msc-140430"
-124,69,0.04,"Mya arenaria","W-Msc-140430"
-123.5,69,0.04,"Mya arenaria","W-Msc-140430"
-123,69,0.04,"Mya arenaria","W-Msc-140430"
-120,69,0.04,"Mya arenaria","W-Msc-140430"
-119.5,69,0.03,"Mya arenaria","W-Msc-140430"
-119,69,0.03,"Mya arenaria","W-Msc-140430"
-118.5,69,0.02,"Mya arenaria","W-Msc-140430"
-118,69,0.01,"Mya arenaria","W-Msc-140430"
-117.5,69,0.01,"Mya arenaria","W-Msc-140430"
-117,69,0.01,"Mya arenaria","W-Msc-140430"
-116.5,69,0.01,"Mya arenaria","W-Msc-140430"
-116,69,0.01,"Mya arenaria","W-Msc-140430"
-115.5,69,0.01,"Mya arenaria","W-Msc-140430"
-115,69,0.01,"Mya arenaria","W-Msc-140430"
-114.5,69,0.01,"Mya arenaria","W-Msc-140430"
-114,69,0.01,"Mya arenaria","W-Msc-140430"
-113.5,69,0.01,"Mya arenaria","W-Msc-140430"
-82,69,0.01,"Mya arenaria","W-Msc-140430"
-81.5,69,0.01,"Mya arenaria","W-Msc-140430"
-81,69,0.01,"Mya arenaria","W-Msc-140430"
-80.5,69,0.01,"Mya arenaria","W-Msc-140430"
-80,69,0.01,"Mya arenaria","W-Msc-140430"
-75.5,69,0.01,"Mya arenaria","W-Msc-140430"
-75,69,0.01,"Mya arenaria","W-Msc-140430"
-68,69,0.01,"Mya arenaria","W-Msc-140430"
-67.5,69,0.01,"Mya arenaria","W-Msc-140430"
-67,69,0.01,"Mya arenaria","W-Msc-140430"
-66.5,69,0.01,"Mya arenaria","W-Msc-140430"
-56.5,69,0.01,"Mya arenaria","W-Msc-140430"
-56,69,0.06,"Mya arenaria","W-Msc-140430"
-55.5,69,0.09,"Mya arenaria","W-Msc-140430"
-55,69,0.06,"Mya arenaria","W-Msc-140430"
-54.5,69,0.15,"Mya arenaria","W-Msc-140430"
-54,69,0.29,"Mya arenaria","W-Msc-140430"
-53.5,69,0.31,"Mya arenaria","W-Msc-140430"
-53,69,0.32,"Mya arenaria","W-Msc-140430"
-52.5,69,0.31,"Mya arenaria","W-Msc-140430"
-52,69,0.29,"Mya arenaria","W-Msc-140430"
-51,69,0.22,"Mya arenaria","W-Msc-140430"
-50.5,69,0.17,"Mya arenaria","W-Msc-140430"
-50,69,0.13,"Mya arenaria","W-Msc-140430"
-25,69,0.03,"Mya arenaria","W-Msc-140430"
-24.5,69,0.03,"Mya arenaria","W-Msc-140430"
-24,69,0.03,"Mya arenaria","W-Msc-140430"
-23.5,69,0.02,"Mya arenaria","W-Msc-140430"
14,69,0.9,"Mya arenaria","W-Msc-140430"
14.5,69,0.64,"Mya arenaria","W-Msc-140430"
15,69,0.81,"Mya arenaria","W-Msc-140430"
15.5,69,1,"Mya arenaria","W-Msc-140430"
16,69,1,"Mya arenaria","W-Msc-140430"
16.5,69,1,"Mya arenaria","W-Msc-140430"
17,69,1,"Mya arenaria","W-Msc-140430"
17.5,69,1,"Mya arenaria","W-Msc-140430"
18,69,1,"Mya arenaria","W-Msc-140430"
18.5,69,0.97,"Mya arenaria","W-Msc-140430"
19,69,0.93,"Mya arenaria","W-Msc-140430"
19.5,69,0.89,"Mya arenaria","W-Msc-140430"
20.5,69,0.91,"Mya arenaria","W-Msc-140430"
33,69,0.83,"Mya arenaria","W-Msc-140430"
33.5,69,0.84,"Mya arenaria","W-Msc-140430"
34,69,0.84,"Mya arenaria","W-Msc-140430"
34.5,69,0.84,"Mya arenaria","W-Msc-140430"
35,69,0.84,"Mya arenaria","W-Msc-140430"
35.5,69,0.84,"Mya arenaria","W-Msc-140430"
36,69,0.83,"Mya arenaria","W-Msc-140430"
36.5,69,0.83,"Mya arenaria","W-Msc-140430"
37,69,0.82,"Mya arenaria","W-Msc-140430"
37.5,69,0.49,"Mya arenaria","W-Msc-140430"
38,69,0.26,"Mya arenaria","W-Msc-140430"
38.5,69,0.4,"Mya arenaria","W-Msc-140430"
39,69,0.39,"Mya arenaria","W-Msc-140430"
39.5,69,0.42,"Mya arenaria","W-Msc-140430"
40,69,0.41,"Mya arenaria","W-Msc-140430"
40.5,69,0.52,"Mya arenaria","W-Msc-140430"
41,69,0.48,"Mya arenaria","W-Msc-140430"
41.5,69,0.49,"Mya arenaria","W-Msc-140430"
42,69,0.5,"Mya arenaria","W-Msc-140430"
42.5,69,0.49,"Mya arenaria","W-Msc-140430"
43,69,0.5,"Mya arenaria","W-Msc-140430"
43.5,69,0.52,"Mya arenaria","W-Msc-140430"
44,69,0.47,"Mya arenaria","W-Msc-140430"
44.5,69,0.46,"Mya arenaria","W-Msc-140430"
45,69,0.44,"Mya arenaria","W-Msc-140430"
45.5,69,0.41,"Mya arenaria","W-Msc-140430"
46,69,0.37,"Mya arenaria","W-Msc-140430"
46.5,69,0.37,"Mya arenaria","W-Msc-140430"
47,69,0.33,"Mya arenaria","W-Msc-140430"
47.5,69,0.29,"Mya arenaria","W-Msc-140430"
48,69,0.3,"Mya arenaria","W-Msc-140430"
48.5,69,0.34,"Mya arenaria","W-Msc-140430"
49,69,0.31,"Mya arenaria","W-Msc-140430"
50,69,0.29,"Mya arenaria","W-Msc-140430"
50.5,69,0.33,"Mya arenaria","W-Msc-140430"
51,69,0.28,"Mya arenaria","W-Msc-140430"
51.5,69,0.25,"Mya arenaria","W-Msc-140430"
52,69,0.26,"Mya arenaria","W-Msc-140430"
52.5,69,0.28,"Mya arenaria","W-Msc-140430"
53,69,0.27,"Mya arenaria","W-Msc-140430"
53.5,69,0.26,"Mya arenaria","W-Msc-140430"
54,69,0.25,"Mya arenaria","W-Msc-140430"
54.5,69,0.24,"Mya arenaria","W-Msc-140430"
55,69,0.23,"Mya arenaria","W-Msc-140430"
55.5,69,0.22,"Mya arenaria","W-Msc-140430"
56,69,0.21,"Mya arenaria","W-Msc-140430"
56.5,69,0.2,"Mya arenaria","W-Msc-140430"
57,69,0.19,"Mya arenaria","W-Msc-140430"
57.5,69,0.18,"Mya arenaria","W-Msc-140430"
58,69,0.17,"Mya arenaria","W-Msc-140430"
58.5,69,0.15,"Mya arenaria","W-Msc-140430"
59,69,0.14,"Mya arenaria","W-Msc-140430"
59.5,69,0.13,"Mya arenaria","W-Msc-140430"
60,69,0.13,"Mya arenaria","W-Msc-140430"
60.5,69,0.14,"Mya arenaria","W-Msc-140430"
61,69,0.16,"Mya arenaria","W-Msc-140430"
65,69,0.09,"Mya arenaria","W-Msc-140430"
65.5,69,0.07,"Mya arenaria","W-Msc-140430"
66,69,0.03,"Mya arenaria","W-Msc-140430"
66.5,69,0.01,"Mya arenaria","W-Msc-140430"
67,69,0.01,"Mya arenaria","W-Msc-140430"
67.5,69,0.01,"Mya arenaria","W-Msc-140430"
68,69,0.02,"Mya arenaria","W-Msc-140430"
68.5,69,0.04,"Mya arenaria","W-Msc-140430"
73,69,0.1,"Mya arenaria","W-Msc-140430"
73.5,69,0.06,"Mya arenaria","W-Msc-140430"
74,69,0.07,"Mya arenaria","W-Msc-140430"
74.5,69,0.08,"Mya arenaria","W-Msc-140430"
75,69,0.08,"Mya arenaria","W-Msc-140430"
75.5,69,0.08,"Mya arenaria","W-Msc-140430"
76,69,0.08,"Mya arenaria","W-Msc-140430"
76.5,69,0.07,"Mya arenaria","W-Msc-140430"
77,69,0.07,"Mya arenaria","W-Msc-140430"
161.5,69,0.01,"Mya arenaria","W-Msc-140430"
162,69,0.01,"Mya arenaria","W-Msc-140430"
170.5,69,0.01,"Mya arenaria","W-Msc-140430"
171,69,0.01,"Mya arenaria","W-Msc-140430"
171.5,69,0.01,"Mya arenaria","W-Msc-140430"
178.5,69,0.01,"Mya arenaria","W-Msc-140430"
179,69,0.01,"Mya arenaria","W-Msc-140430"
179.5,69,0.01,"Mya arenaria","W-Msc-140430"
-179.5,68.5,0.01,"Mya arenaria","W-Msc-140430"
-179,68.5,0.01,"Mya arenaria","W-Msc-140430"
-178.5,68.5,0.01,"Mya arenaria","W-Msc-140430"
-178,68.5,0.01,"Mya arenaria","W-Msc-140430"
-177.5,68.5,0.01,"Mya arenaria","W-Msc-140430"
-177,68.5,0.01,"Mya arenaria","W-Msc-140430"
-176.5,68.5,0.01,"Mya arenaria","W-Msc-140430"
-176,68.5,0.01,"Mya arenaria","W-Msc-140430"
-175.5,68.5,0.02,"Mya arenaria","W-Msc-140430"
-175,68.5,0.02,"Mya arenaria","W-Msc-140430"
-174.5,68.5,0.03,"Mya arenaria","W-Msc-140430"
-174,68.5,0.03,"Mya arenaria","W-Msc-140430"
-173.5,68.5,0.03,"Mya arenaria","W-Msc-140430"
-173,68.5,0.04,"Mya arenaria","W-Msc-140430"
-172.5,68.5,0.04,"Mya arenaria","W-Msc-140430"
-172,68.5,0.04,"Mya arenaria","W-Msc-140430"
-171.5,68.5,0.04,"Mya arenaria","W-Msc-140430"
-171,68.5,0.05,"Mya arenaria","W-Msc-140430"
-170.5,68.5,0.05,"Mya arenaria","W-Msc-140430"
-170,68.5,0.05,"Mya arenaria","W-Msc-140430"
-169.5,68.5,0.05,"Mya arenaria","W-Msc-140430"
-169,68.5,0.06,"Mya arenaria","W-Msc-140430"
-168.5,68.5,0.06,"Mya arenaria","W-Msc-140430"
-168,68.5,0.07,"Mya arenaria","W-Msc-140430"
-167.5,68.5,0.08,"Mya arenaria","W-Msc-140430"
-167,68.5,0.09,"Mya arenaria","W-Msc-140430"
-166.5,68.5,0.11,"Mya arenaria","W-Msc-140430"
-166,68.5,0.12,"Mya arenaria","W-Msc-140430"
-165.5,68.5,0.11,"Mya arenaria","W-Msc-140430"
-165,68.5,0.12,"Mya arenaria","W-Msc-140430"
-164.5,68.5,0.13,"Mya arenaria","W-Msc-140430"
-164,68.5,0.14,"Mya arenaria","W-Msc-140430"
-137,68.5,0.04,"Mya arenaria","W-Msc-140430"
-136.5,68.5,0.04,"Mya arenaria","W-Msc-140430"
-136,68.5,0.05,"Mya arenaria","W-Msc-140430"
-135.5,68.5,0.05,"Mya arenaria","W-Msc-140430"
-135,68.5,0.06,"Mya arenaria","W-Msc-140430"
-117,68.5,0.01,"Mya arenaria","W-Msc-140430"
-116.5,68.5,0.01,"Mya arenaria","W-Msc-140430"
-116,68.5,0.01,"Mya arenaria","W-Msc-140430"
-115.5,68.5,0.01,"Mya arenaria","W-Msc-140430"
-115,68.5,0.01,"Mya arenaria","W-Msc-140430"
-114.5,68.5,0.01,"Mya arenaria","W-Msc-140430"
-113.5,68.5,0.01,"Mya arenaria","W-Msc-140430"
-93.5,68.5,0.01,"Mya arenaria","W-Msc-140430"
-82.5,68.5,0.02,"Mya arenaria","W-Msc-140430"
-82,68.5,0.02,"Mya arenaria","W-Msc-140430"
-81.5,68.5,0.01,"Mya arenaria","W-Msc-140430"
-81,68.5,0.01,"Mya arenaria","W-Msc-140430"
-69,68.5,0.01,"Mya arenaria","W-Msc-140430"
-68.5,68.5,0.01,"Mya arenaria","W-Msc-140430"
-68,68.5,0.02,"Mya arenaria","W-Msc-140430"
-67.5,68.5,0.01,"Mya arenaria","W-Msc-140430"
-67,68.5,0.01,"Mya arenaria","W-Msc-140430"
-56,68.5,0.04,"Mya arenaria","W-Msc-140430"
-55.5,68.5,0.1,"Mya arenaria","W-Msc-140430"
-55,68.5,0.06,"Mya arenaria","W-Msc-140430"
-54.5,68.5,0.02,"Mya arenaria","W-Msc-140430"
-54,68.5,0.15,"Mya arenaria","W-Msc-140430"
-53.5,68.5,0.27,"Mya arenaria","W-Msc-140430"
-53,68.5,0.3,"Mya arenaria","W-Msc-140430"
-52.5,68.5,0.3,"Mya arenaria","W-Msc-140430"
-52,68.5,0.29,"Mya arenaria","W-Msc-140430"
-51.5,68.5,0.28,"Mya arenaria","W-Msc-140430"
-51,68.5,0.26,"Mya arenaria","W-Msc-140430"
-50,68.5,0.15,"Mya arenaria","W-Msc-140430"
-32.5,68.5,0.01,"Mya arenaria","W-Msc-140430"
-27.5,68.5,0.02,"Mya arenaria","W-Msc-140430"
-27,68.5,0.02,"Mya arenaria","W-Msc-140430"
-26.5,68.5,0.02,"Mya arenaria","W-Msc-140430"
-26,68.5,0.03,"Mya arenaria","W-Msc-140430"
-25.5,68.5,0.03,"Mya arenaria","W-Msc-140430"
-25,68.5,0.03,"Mya arenaria","W-Msc-140430"
12.5,68.5,0.48,"Mya arenaria","W-Msc-140430"
13,68.5,0.47,"Mya arenaria","W-Msc-140430"
13.5,68.5,0.64,"Mya arenaria","W-Msc-140430"
14,68.5,0.74,"Mya arenaria","W-Msc-140430"
14.5,68.5,1,"Mya arenaria","W-Msc-140430"
15,68.5,1,"Mya arenaria","W-Msc-140430"
15.5,68.5,1,"Mya arenaria","W-Msc-140430"
16,68.5,1,"Mya arenaria","W-Msc-140430"
16.5,68.5,1,"Mya arenaria","W-Msc-140430"
17,68.5,1,"Mya arenaria","W-Msc-140430"
17.5,68.5,1,"Mya arenaria","W-Msc-140430"
37,68.5,0.8,"Mya arenaria","W-Msc-140430"
37.5,68.5,0.79,"Mya arenaria","W-Msc-140430"
38,68.5,0.78,"Mya arenaria","W-Msc-140430"
38.5,68.5,0.77,"Mya arenaria","W-Msc-140430"
39,68.5,0.52,"Mya arenaria","W-Msc-140430"
39.5,68.5,0.43,"Mya arenaria","W-Msc-140430"
40,68.5,0.43,"Mya arenaria","W-Msc-140430"
40.5,68.5,0.43,"Mya arenaria","W-Msc-140430"
41,68.5,0.49,"Mya arenaria","W-Msc-140430"
41.5,68.5,0.51,"Mya arenaria","W-Msc-140430"
42,68.5,0.49,"Mya arenaria","W-Msc-140430"
42.5,68.5,0.47,"Mya arenaria","W-Msc-140430"
43,68.5,0.46,"Mya arenaria","W-Msc-140430"
43.5,68.5,0.5,"Mya arenaria","W-Msc-140430"
44,68.5,0.48,"Mya arenaria","W-Msc-140430"
44.5,68.5,0.48,"Mya arenaria","W-Msc-140430"
45,68.5,0.47,"Mya arenaria","W-Msc-140430"
45.5,68.5,0.46,"Mya arenaria","W-Msc-140430"
46,68.5,0.45,"Mya arenaria","W-Msc-140430"
46.5,68.5,0.41,"Mya arenaria","W-Msc-140430"
47,68.5,0.3,"Mya arenaria","W-Msc-140430"
47.5,68.5,0.25,"Mya arenaria","W-Msc-140430"
48,68.5,0.23,"Mya arenaria","W-Msc-140430"
48.5,68.5,0.27,"Mya arenaria","W-Msc-140430"
49,68.5,0.26,"Mya arenaria","W-Msc-140430"
49.5,68.5,0.26,"Mya arenaria","W-Msc-140430"
50,68.5,0.26,"Mya arenaria","W-Msc-140430"
50.5,68.5,0.22,"Mya arenaria","W-Msc-140430"
51,68.5,0.23,"Mya arenaria","W-Msc-140430"
51.5,68.5,0.28,"Mya arenaria","W-Msc-140430"
52,68.5,0.29,"Mya arenaria","W-Msc-140430"
52.5,68.5,0.29,"Mya arenaria","W-Msc-140430"
53,68.5,0.29,"Mya arenaria","W-Msc-140430"
53.5,68.5,0.28,"Mya arenaria","W-Msc-140430"
54,68.5,0.26,"Mya arenaria","W-Msc-140430"
54.5,68.5,0.25,"Mya arenaria","W-Msc-140430"
55,68.5,0.23,"Mya arenaria","W-Msc-140430"
55.5,68.5,0.21,"Mya arenaria","W-Msc-140430"
56,68.5,0.22,"Mya arenaria","W-Msc-140430"
56.5,68.5,0.21,"Mya arenaria","W-Msc-140430"
57,68.5,0.21,"Mya arenaria","W-Msc-140430"
57.5,68.5,0.21,"Mya arenaria","W-Msc-140430"
58,68.5,0.21,"Mya arenaria","W-Msc-140430"
58.5,68.5,0.19,"Mya arenaria","W-Msc-140430"
59,68.5,0.18,"Mya arenaria","W-Msc-140430"
59.5,68.5,0.14,"Mya arenaria","W-Msc-140430"
60,68.5,0.14,"Mya arenaria","W-Msc-140430"
60.5,68.5,0.16,"Mya arenaria","W-Msc-140430"
61,68.5,0.16,"Mya arenaria","W-Msc-140430"
66.5,68.5,0.1,"Mya arenaria","W-Msc-140430"
67,68.5,0.07,"Mya arenaria","W-Msc-140430"
67.5,68.5,0.03,"Mya arenaria","W-Msc-140430"
68,68.5,0.02,"Mya arenaria","W-Msc-140430"
68.5,68.5,0.02,"Mya arenaria","W-Msc-140430"
69,68.5,0.04,"Mya arenaria","W-Msc-140430"
69.5,68.5,0.08,"Mya arenaria","W-Msc-140430"
73,68.5,0.14,"Mya arenaria","W-Msc-140430"
73.5,68.5,0.11,"Mya arenaria","W-Msc-140430"
74,68.5,0.07,"Mya arenaria","W-Msc-140430"
74.5,68.5,0.08,"Mya arenaria","W-Msc-140430"
75,68.5,0.1,"Mya arenaria","W-Msc-140430"
75.5,68.5,0.09,"Mya arenaria","W-Msc-140430"
76,68.5,0.08,"Mya arenaria","W-Msc-140430"
77,68.5,0.07,"Mya arenaria","W-Msc-140430"
77.5,68.5,0.06,"Mya arenaria","W-Msc-140430"
78,68.5,0.07,"Mya arenaria","W-Msc-140430"
169.5,68.5,0.01,"Mya arenaria","W-Msc-140430"
170,68.5,0.01,"Mya arenaria","W-Msc-140430"
170.5,68.5,0.02,"Mya arenaria","W-Msc-140430"
171,68.5,0.02,"Mya arenaria","W-Msc-140430"
-177.5,68,0.02,"Mya arenaria","W-Msc-140430"
-177,68,0.02,"Mya arenaria","W-Msc-140430"
-176.5,68,0.02,"Mya arenaria","W-Msc-140430"
-176,68,0.02,"Mya arenaria","W-Msc-140430"
-175.5,68,0.02,"Mya arenaria","W-Msc-140430"
-175,68,0.02,"Mya arenaria","W-Msc-140430"
-174.5,68,0.02,"Mya arenaria","W-Msc-140430"
-174,68,0.03,"Mya arenaria","W-Msc-140430"
-173.5,68,0.03,"Mya arenaria","W-Msc-140430"
-173,68,0.04,"Mya arenaria","W-Msc-140430"
-172.5,68,0.04,"Mya arenaria","W-Msc-140430"
-172,68,0.05,"Mya arenaria","W-Msc-140430"
-171.5,68,0.05,"Mya arenaria","W-Msc-140430"
-171,68,0.05,"Mya arenaria","W-Msc-140430"
-170.5,68,0.05,"Mya arenaria","W-Msc-140430"
-170,68,0.05,"Mya arenaria","W-Msc-140430"
-169.5,68,0.05,"Mya arenaria","W-Msc-140430"
-169,68,0.06,"Mya arenaria","W-Msc-140430"
-168.5,68,0.06,"Mya arenaria","W-Msc-140430"
-168,68,0.07,"Mya arenaria","W-Msc-140430"
-167.5,68,0.08,"Mya arenaria","W-Msc-140430"
-167,68,0.11,"Mya arenaria","W-Msc-140430"
-166.5,68,0.13,"Mya arenaria","W-Msc-140430"
-166,68,0.15,"Mya arenaria","W-Msc-140430"
-165.5,68,0.14,"Mya arenaria","W-Msc-140430"
-165,68,0.14,"Mya arenaria","W-Msc-140430"
-115,68,0.01,"Mya arenaria","W-Msc-140430"
-114.5,68,0.01,"Mya arenaria","W-Msc-140430"
-97.5,68,0.01,"Mya arenaria","W-Msc-140430"
-97,68,0.01,"Mya arenaria","W-Msc-140430"
-96.5,68,0.01,"Mya arenaria","W-Msc-140430"
-96,68,0.01,"Mya arenaria","W-Msc-140430"
-82,68,0.02,"Mya arenaria","W-Msc-140430"
-81.5,68,0.01,"Mya arenaria","W-Msc-140430"
-72.5,68,0.01,"Mya arenaria","W-Msc-140430"
-67.5,68,0.01,"Mya arenaria","W-Msc-140430"
-67,68,0.01,"Mya arenaria","W-Msc-140430"
-66.5,68,0.01,"Mya arenaria","W-Msc-140430"
-66,68,0.01,"Mya arenaria","W-Msc-140430"
-56.5,68,0.03,"Mya arenaria","W-Msc-140430"
-56,68,0.07,"Mya arenaria","W-Msc-140430"
-55.5,68,0.13,"Mya arenaria","W-Msc-140430"
-55,68,0.2,"Mya arenaria","W-Msc-140430"
-54.5,68,0.25,"Mya arenaria","W-Msc-140430"
-54,68,0.21,"Mya arenaria","W-Msc-140430"
-53.5,68,0.27,"Mya arenaria","W-Msc-140430"
-53,68,0.26,"Mya arenaria","W-Msc-140430"
-52.5,68,0.25,"Mya arenaria","W-Msc-140430"
-52,68,0.24,"Mya arenaria","W-Msc-140430"
-51.5,68,0.2,"Mya arenaria","W-Msc-140430"
-51,68,0.18,"Mya arenaria","W-Msc-140430"
-50.5,68,0.17,"Mya arenaria","W-Msc-140430"
-31,68,0.01,"Mya arenaria","W-Msc-140430"
-30.5,68,0.02,"Mya arenaria","W-Msc-140430"
-30,68,0.02,"Mya arenaria","W-Msc-140430"
-29.5,68,0.03,"Mya arenaria","W-Msc-140430"
-29,68,0.03,"Mya arenaria","W-Msc-140430"
-28.5,68,0.03,"Mya arenaria","W-Msc-140430"
-28,68,0.03,"Mya arenaria","W-Msc-140430"
-27.5,68,0.03,"Mya arenaria","W-Msc-140430"
-27,68,0.01,"Mya arenaria","W-Msc-140430"
11,68,0.22,"Mya arenaria","W-Msc-140430"
11.5,68,0.37,"Mya arenaria","W-Msc-140430"
12,68,0.39,"Mya arenaria","W-Msc-140430"
12.5,68,0.29,"Mya arenaria","W-Msc-140430"
13,68,1,"Mya arenaria","W-Msc-140430"
13.5,68,1,"Mya arenaria","W-Msc-140430"
14,68,1,"Mya arenaria","W-Msc-140430"
14.5,68,1,"Mya arenaria","W-Msc-140430"
15,68,1,"Mya arenaria","W-Msc-140430"
15.5,68,1,"Mya arenaria","W-Msc-140430"
16,68,1,"Mya arenaria","W-Msc-140430"
16.5,68,1,"Mya arenaria","W-Msc-140430"
17,68,1,"Mya arenaria","W-Msc-140430"
17.5,68,0.98,"Mya arenaria","W-Msc-140430"
38.5,68,0.73,"Mya arenaria","W-Msc-140430"
39,68,0.71,"Mya arenaria","W-Msc-140430"
39.5,68,0.68,"Mya arenaria","W-Msc-140430"
40,68,0.66,"Mya arenaria","W-Msc-140430"
40.5,68,0.63,"Mya arenaria","W-Msc-140430"
41,68,0.52,"Mya arenaria","W-Msc-140430"
41.5,68,0.5,"Mya arenaria","W-Msc-140430"
42,68,0.48,"Mya arenaria","W-Msc-140430"
42.5,68,0.45,"Mya arenaria","W-Msc-140430"
43,68,0.41,"Mya arenaria","W-Msc-140430"
43.5,68,0.35,"Mya arenaria","W-Msc-140430"
44,68,0.37,"Mya arenaria","W-Msc-140430"
44.5,68,0.43,"Mya arenaria","W-Msc-140430"
46,68,0.42,"Mya arenaria","W-Msc-140430"
46.5,68,0.4,"Mya arenaria","W-Msc-140430"
47,68,0.32,"Mya arenaria","W-Msc-140430"
47.5,68,0.23,"Mya arenaria","W-Msc-140430"
48,68,0.19,"Mya arenaria","W-Msc-140430"
48.5,68,0.2,"Mya arenaria","W-Msc-140430"
49,68,0.2,"Mya arenaria","W-Msc-140430"
49.5,68,0.22,"Mya arenaria","W-Msc-140430"
50,68,0.27,"Mya arenaria","W-Msc-140430"
50.5,68,0.31,"Mya arenaria","W-Msc-140430"
51,68,0.31,"Mya arenaria","W-Msc-140430"
51.5,68,0.3,"Mya arenaria","W-Msc-140430"
52.5,68,0.28,"Mya arenaria","W-Msc-140430"
53,68,0.26,"Mya arenaria","W-Msc-140430"
53.5,68,0.25,"Mya arenaria","W-Msc-140430"
54,68,0.25,"Mya arenaria","W-Msc-140430"
54.5,68,0.26,"Mya arenaria","W-Msc-140430"
55,68,0.23,"Mya arenaria","W-Msc-140430"
55.5,68,0.23,"Mya arenaria","W-Msc-140430"
59.5,68,0.19,"Mya arenaria","W-Msc-140430"
60,68,0.19,"Mya arenaria","W-Msc-140430"
68,68,0.1,"Mya arenaria","W-Msc-140430"
68.5,68,0.03,"Mya arenaria","W-Msc-140430"
69,68,0.09,"Mya arenaria","W-Msc-140430"
73.5,68,0.09,"Mya arenaria","W-Msc-140430"
74,68,0.08,"Mya arenaria","W-Msc-140430"
74.5,68,0.09,"Mya arenaria","W-Msc-140430"
75,68,0.1,"Mya arenaria","W-Msc-140430"
77.5,68,0.09,"Mya arenaria","W-Msc-140430"
78,68,0.08,"Mya arenaria","W-Msc-140430"
78.5,68,0.08,"Mya arenaria","W-Msc-140430"
-176,67.5,0.03,"Mya arenaria","W-Msc-140430"
-175.5,67.5,0.02,"Mya arenaria","W-Msc-140430"
-175,67.5,0.02,"Mya arenaria","W-Msc-140430"
-174.5,67.5,0.03,"Mya arenaria","W-Msc-140430"
-174,67.5,0.03,"Mya arenaria","W-Msc-140430"
-173.5,67.5,0.03,"Mya arenaria","W-Msc-140430"
-173,67.5,0.04,"Mya arenaria","W-Msc-140430"
-172.5,67.5,0.04,"Mya arenaria","W-Msc-140430"
-172,67.5,0.05,"Mya arenaria","W-Msc-140430"
-171.5,67.5,0.05,"Mya arenaria","W-Msc-140430"
-171,67.5,0.05,"Mya arenaria","W-Msc-140430"
-170.5,67.5,0.06,"Mya arenaria","W-Msc-140430"
-170,67.5,0.06,"Mya arenaria","W-Msc-140430"
-169.5,67.5,0.06,"Mya arenaria","W-Msc-140430"
-169,67.5,0.06,"Mya arenaria","W-Msc-140430"
-168.5,67.5,0.07,"Mya arenaria","W-Msc-140430"
-168,67.5,0.07,"Mya arenaria","W-Msc-140430"
-167.5,67.5,0.07,"Mya arenaria","W-Msc-140430"
-167,67.5,0.08,"Mya arenaria","W-Msc-140430"
-166.5,67.5,0.09,"Mya arenaria","W-Msc-140430"
-166,67.5,0.12,"Mya arenaria","W-Msc-140430"
-165.5,67.5,0.14,"Mya arenaria","W-Msc-140430"
-165,67.5,0.17,"Mya arenaria","W-Msc-140430"
-164.5,67.5,0.19,"Mya arenaria","W-Msc-140430"
-164,67.5,0.17,"Mya arenaria","W-Msc-140430"
-115,67.5,0.01,"Mya arenaria","W-Msc-140430"
-114,67.5,0.01,"Mya arenaria","W-Msc-140430"
-113.5,67.5,0.01,"Mya arenaria","W-Msc-140430"
-113,67.5,0.01,"Mya arenaria","W-Msc-140430"
-112.5,67.5,0.01,"Mya arenaria","W-Msc-140430"
-112,67.5,0.01,"Mya arenaria","W-Msc-140430"
-111.5,67.5,0.01,"Mya arenaria","W-Msc-140430"
-111,67.5,0.01,"Mya arenaria","W-Msc-140430"
-108,67.5,0.01,"Mya arenaria","W-Msc-140430"
-107.5,67.5,0.01,"Mya arenaria","W-Msc-140430"
-97,67.5,0.04,"Mya arenaria","W-Msc-140430"
-96,67.5,0.02,"Mya arenaria","W-Msc-140430"
-95.5,67.5,0.01,"Mya arenaria","W-Msc-140430"
-95,67.5,0.02,"Mya arenaria","W-Msc-140430"
-82,67.5,0.01,"Mya arenaria","W-Msc-140430"
-72.5,67.5,0.01,"Mya arenaria","W-Msc-140430"
-72,67.5,0.02,"Mya arenaria","W-Msc-140430"
-66,67.5,0.01,"Mya arenaria","W-Msc-140430"
-65.5,67.5,0.01,"Mya arenaria","W-Msc-140430"
-64.5,67.5,0.01,"Mya arenaria","W-Msc-140430"
-64,67.5,0.01,"Mya arenaria","W-Msc-140430"
-56.5,67.5,0.03,"Mya arenaria","W-Msc-140430"
-56,67.5,0.1,"Mya arenaria","W-Msc-140430"
-55.5,67.5,0.15,"Mya arenaria","W-Msc-140430"
-55,67.5,0.22,"Mya arenaria","W-Msc-140430"
-54.5,67.5,0.24,"Mya arenaria","W-Msc-140430"
-54,67.5,0.26,"Mya arenaria","W-Msc-140430"
-53.5,67.5,0.26,"Mya arenaria","W-Msc-140430"
-53,67.5,0.25,"Mya arenaria","W-Msc-140430"
-52.5,67.5,0.24,"Mya arenaria","W-Msc-140430"
-52,67.5,0.22,"Mya arenaria","W-Msc-140430"
-51.5,67.5,0.21,"Mya arenaria","W-Msc-140430"
-51,67.5,0.19,"Mya arenaria","W-Msc-140430"
-50.5,67.5,0.18,"Mya arenaria","W-Msc-140430"
-33,67.5,0.02,"Mya arenaria","W-Msc-140430"
-32.5,67.5,0.01,"Mya arenaria","W-Msc-140430"
-32,67.5,0.02,"Mya arenaria","W-Msc-140430"
-31.5,67.5,0.02,"Mya arenaria","W-Msc-140430"
11,67.5,0.19,"Mya arenaria","W-Msc-140430"
11.5,67.5,0.35,"Mya arenaria","W-Msc-140430"
12,67.5,1,"Mya arenaria","W-Msc-140430"
12.5,67.5,1,"Mya arenaria","W-Msc-140430"
13,67.5,1,"Mya arenaria","W-Msc-140430"
13.5,67.5,1,"Mya arenaria","W-Msc-140430"
14,67.5,0.56,"Mya arenaria","W-Msc-140430"
14.5,67.5,1,"Mya arenaria","W-Msc-140430"
15,67.5,1,"Mya arenaria","W-Msc-140430"
15.5,67.5,1,"Mya arenaria","W-Msc-140430"
16,67.5,1,"Mya arenaria","W-Msc-140430"
40.5,67.5,0.57,"Mya arenaria","W-Msc-140430"
41,67.5,0.56,"Mya arenaria","W-Msc-140430"
41.5,67.5,0.53,"Mya arenaria","W-Msc-140430"
42,67.5,0.42,"Mya arenaria","W-Msc-140430"
42.5,67.5,0.33,"Mya arenaria","W-Msc-140430"
43,67.5,0.28,"Mya arenaria","W-Msc-140430"
43.5,67.5,0.26,"Mya arenaria","W-Msc-140430"
44,67.5,0.31,"Mya arenaria","W-Msc-140430"
44.5,67.5,0.36,"Mya arenaria","W-Msc-140430"
45.5,67.5,0.38,"Mya arenaria","W-Msc-140430"
46,67.5,0.32,"Mya arenaria","W-Msc-140430"
46.5,67.5,0.21,"Mya arenaria","W-Msc-140430"
47,67.5,0.22,"Mya arenaria","W-Msc-140430"
47.5,67.5,0.19,"Mya arenaria","W-Msc-140430"
48,67.5,0.21,"Mya arenaria","W-Msc-140430"
48.5,67.5,0.3,"Mya arenaria","W-Msc-140430"
49,67.5,0.34,"Mya arenaria","W-Msc-140430"
49.5,67.5,0.32,"Mya arenaria","W-Msc-140430"
73,67.5,0.12,"Mya arenaria","W-Msc-140430"
73.5,67.5,0.11,"Mya arenaria","W-Msc-140430"
74,67.5,0.07,"Mya arenaria","W-Msc-140430"
74.5,67.5,0.08,"Mya arenaria","W-Msc-140430"
75,67.5,0.1,"Mya arenaria","W-Msc-140430"
77.5,67.5,0.08,"Mya arenaria","W-Msc-140430"
78,67.5,0.08,"Mya arenaria","W-Msc-140430"
78.5,67.5,0.09,"Mya arenaria","W-Msc-140430"
79,67.5,0.09,"Mya arenaria","W-Msc-140430"
-174.5,67,0.04,"Mya arenaria","W-Msc-140430"
-174,67,0.03,"Mya arenaria","W-Msc-140430"
-173.5,67,0.04,"Mya arenaria","W-Msc-140430"
-173,67,0.04,"Mya arenaria","W-Msc-140430"
-172.5,67,0.05,"Mya arenaria","W-Msc-140430"
-172,67,0.05,"Mya arenaria","W-Msc-140430"
-171.5,67,0.06,"Mya arenaria","W-Msc-140430"
-171,67,0.06,"Mya arenaria","W-Msc-140430"
-170.5,67,0.06,"Mya arenaria","W-Msc-140430"
-170,67,0.07,"Mya arenaria","W-Msc-140430"
-169.5,67,0.07,"Mya arenaria","W-Msc-140430"
-169,67,0.07,"Mya arenaria","W-Msc-140430"
-168.5,67,0.08,"Mya arenaria","W-Msc-140430"
-168,67,0.09,"Mya arenaria","W-Msc-140430"
-167.5,67,0.09,"Mya arenaria","W-Msc-140430"
-167,67,0.09,"Mya arenaria","W-Msc-140430"
-166.5,67,0.1,"Mya arenaria","W-Msc-140430"
-166,67,0.11,"Mya arenaria","W-Msc-140430"
-165.5,67,0.12,"Mya arenaria","W-Msc-140430"
-165,67,0.12,"Mya arenaria","W-Msc-140430"
-164.5,67,0.14,"Mya arenaria","W-Msc-140430"
-164,67,0.17,"Mya arenaria","W-Msc-140430"
-163.5,67,0.18,"Mya arenaria","W-Msc-140430"
-163,67,0.17,"Mya arenaria","W-Msc-140430"
-162.5,67,0.19,"Mya arenaria","W-Msc-140430"
-162,67,0.2,"Mya arenaria","W-Msc-140430"
-161.5,67,0.19,"Mya arenaria","W-Msc-140430"
-108.5,67,0.01,"Mya arenaria","W-Msc-140430"
-108,67,0.01,"Mya arenaria","W-Msc-140430"
-107.5,67,0.01,"Mya arenaria","W-Msc-140430"
-107,67,0.01,"Mya arenaria","W-Msc-140430"
-96,67,0.02,"Mya arenaria","W-Msc-140430"
-95.5,67,0.02,"Mya arenaria","W-Msc-140430"
-95,67,0.02,"Mya arenaria","W-Msc-140430"
-73,67,0.01,"Mya arenaria","W-Msc-140430"
-72.5,67,0.02,"Mya arenaria","W-Msc-140430"
-72,67,0.02,"Mya arenaria","W-Msc-140430"
-64,67,0.01,"Mya arenaria","W-Msc-140430"
-63.5,67,0.01,"Mya arenaria","W-Msc-140430"
-63,67,0.01,"Mya arenaria","W-Msc-140430"
-62.5,67,0.01,"Mya arenaria","W-Msc-140430"
-62,67,0.01,"Mya arenaria","W-Msc-140430"
-61.5,67,0.01,"Mya arenaria","W-Msc-140430"
-56.5,67,0.03,"Mya arenaria","W-Msc-140430"
-56,67,0.1,"Mya arenaria","W-Msc-140430"
-55.5,67,0.15,"Mya arenaria","W-Msc-140430"
-55,67,0.2,"Mya arenaria","W-Msc-140430"
-54.5,67,0.23,"Mya arenaria","W-Msc-140430"
-54,67,0.24,"Mya arenaria","W-Msc-140430"
-53.5,67,0.28,"Mya arenaria","W-Msc-140430"
-33.5,67,0.03,"Mya arenaria","W-Msc-140430"
-33,67,0.01,"Mya arenaria","W-Msc-140430"
-32.5,67,0.01,"Mya arenaria","W-Msc-140430"
-32,67,0.01,"Mya arenaria","W-Msc-140430"
-30,67,0.03,"Mya arenaria","W-Msc-140430"
-29.5,67,0.01,"Mya arenaria","W-Msc-140430"
-21,67,0.14,"Mya arenaria","W-Msc-140430"
-20.5,67,0.12,"Mya arenaria","W-Msc-140430"
-18.5,67,0.18,"Mya arenaria","W-Msc-140430"
-18,67,0.15,"Mya arenaria","W-Msc-140430"
-15.5,67,0.16,"Mya arenaria","W-Msc-140430"
-15,67,0.16,"Mya arenaria","W-Msc-140430"
-14.5,67,0.09,"Mya arenaria","W-Msc-140430"
10.5,67,0.01,"Mya arenaria","W-Msc-140430"
11,67,0.19,"Mya arenaria","W-Msc-140430"
11.5,67,0.43,"Mya arenaria","W-Msc-140430"
12,67,1,"Mya arenaria","W-Msc-140430"
12.5,67,1,"Mya arenaria","W-Msc-140430"
13,67,0.11,"Mya arenaria","W-Msc-140430"
13.5,67,1,"Mya arenaria","W-Msc-140430"
14,67,1,"Mya arenaria","W-Msc-140430"
14.5,67,1,"Mya arenaria","W-Msc-140430"
15,67,1,"Mya arenaria","W-Msc-140430"
15.5,67,1,"Mya arenaria","W-Msc-140430"
32,67,0.62,"Mya arenaria","W-Msc-140430"
32.5,67,0.6,"Mya arenaria","W-Msc-140430"
33,67,0.6,"Mya arenaria","W-Msc-140430"
41.5,67,0.47,"Mya arenaria","W-Msc-140430"
42,67,0.45,"Mya arenaria","W-Msc-140430"
42.5,67,0.39,"Mya arenaria","W-Msc-140430"
43,67,0.27,"Mya arenaria","W-Msc-140430"
43.5,67,0.24,"Mya arenaria","W-Msc-140430"
44,67,0.26,"Mya arenaria","W-Msc-140430"
44.5,67,0.32,"Mya arenaria","W-Msc-140430"
45,67,0.33,"Mya arenaria","W-Msc-140430"
45.5,67,0.32,"Mya arenaria","W-Msc-140430"
46,67,0.23,"Mya arenaria","W-Msc-140430"
46.5,67,0.17,"Mya arenaria","W-Msc-140430"
47,67,0.16,"Mya arenaria","W-Msc-140430"
47.5,67,0.2,"Mya arenaria","W-Msc-140430"
48,67,0.27,"Mya arenaria","W-Msc-140430"
72,67,0.13,"Mya arenaria","W-Msc-140430"
72.5,67,0.13,"Mya arenaria","W-Msc-140430"
73,67,0.09,"Mya arenaria","W-Msc-140430"
73.5,67,0.07,"Mya arenaria","W-Msc-140430"
74,67,0.09,"Mya arenaria","W-Msc-140430"
74.5,67,0.11,"Mya arenaria","W-Msc-140430"
78,67,0.1,"Mya arenaria","W-Msc-140430"
-174.5,66.5,0.05,"Mya arenaria","W-Msc-140430"
-174,66.5,0.06,"Mya arenaria","W-Msc-140430"
-173.5,66.5,0.06,"Mya arenaria","W-Msc-140430"
-171.5,66.5,0.08,"Mya arenaria","W-Msc-140430"
-171,66.5,0.07,"Mya arenaria","W-Msc-140430"
-170.5,66.5,0.07,"Mya arenaria","W-Msc-140430"
-170,66.5,0.08,"Mya arenaria","W-Msc-140430"
-169.5,66.5,0.08,"Mya arenaria","W-Msc-140430"
-169,66.5,0.09,"Mya arenaria","W-Msc-140430"
-168.5,66.5,0.11,"Mya arenaria","W-Msc-140430"
-168,66.5,0.12,"Mya arenaria","W-Msc-140430"
-167.5,66.5,0.12,"Mya arenaria","W-Msc-140430"
-167,66.5,0.12,"Mya arenaria","W-Msc-140430"
-166.5,66.5,0.13,"Mya arenaria","W-Msc-140430"
-166,66.5,0.13,"Mya arenaria","W-Msc-140430"
-165.5,66.5,0.13,"Mya arenaria","W-Msc-140430"
-165,66.5,0.13,"Mya arenaria","W-Msc-140430"
-164.5,66.5,0.13,"Mya arenaria","W-Msc-140430"
-164,66.5,0.13,"Mya arenaria","W-Msc-140430"
-163.5,66.5,0.13,"Mya arenaria","W-Msc-140430"
-163,66.5,0.15,"Mya arenaria","W-Msc-140430"
-162.5,66.5,0.17,"Mya arenaria","W-Msc-140430"
-162,66.5,0.23,"Mya arenaria","W-Msc-140430"
-161.5,66.5,0.21,"Mya arenaria","W-Msc-140430"
-161,66.5,0.2,"Mya arenaria","W-Msc-140430"
-160.5,66.5,0.19,"Mya arenaria","W-Msc-140430"
-160,66.5,0.19,"Mya arenaria","W-Msc-140430"
-108,66.5,0.01,"Mya arenaria","W-Msc-140430"
-107.5,66.5,0.01,"Mya arenaria","W-Msc-140430"
-107,66.5,0.01,"Mya arenaria","W-Msc-140430"
-73,66.5,0.01,"Mya arenaria","W-Msc-140430"
-72.5,66.5,0.02,"Mya arenaria","W-Msc-140430"
-67.5,66.5,0.03,"Mya arenaria","W-Msc-140430"
-67,66.5,0.03,"Mya arenaria","W-Msc-140430"
-63,66.5,0.01,"Mya arenaria","W-Msc-140430"
-62.5,66.5,0.01,"Mya arenaria","W-Msc-140430"
-62,66.5,0.01,"Mya arenaria","W-Msc-140430"
-61.5,66.5,0.01,"Mya arenaria","W-Msc-140430"
-61,66.5,0.01,"Mya arenaria","W-Msc-140430"
-56,66.5,0.08,"Mya arenaria","W-Msc-140430"
-55.5,66.5,0.14,"Mya arenaria","W-Msc-140430"
-55,66.5,0.2,"Mya arenaria","W-Msc-140430"
-54.5,66.5,0.28,"Mya arenaria","W-Msc-140430"
-54,66.5,0.31,"Mya arenaria","W-Msc-140430"
-53.5,66.5,0.33,"Mya arenaria","W-Msc-140430"
-53,66.5,0.32,"Mya arenaria","W-Msc-140430"
-52.5,66.5,0.3,"Mya arenaria","W-Msc-140430"
-52,66.5,0.29,"Mya arenaria","W-Msc-140430"
-51.5,66.5,0.27,"Mya arenaria","W-Msc-140430"
-51,66.5,0.26,"Mya arenaria","W-Msc-140430"
-50.5,66.5,0.26,"Mya arenaria","W-Msc-140430"
-34,66.5,0.05,"Mya arenaria","W-Msc-140430"
-33.5,66.5,0.04,"Mya arenaria","W-Msc-140430"
-33,66.5,0.02,"Mya arenaria","W-Msc-140430"
-24.5,66.5,0.39,"Mya arenaria","W-Msc-140430"
-24,66.5,0.47,"Mya arenaria","W-Msc-140430"
-23.5,66.5,0.52,"Mya arenaria","W-Msc-140430"
-23,66.5,0.67,"Mya arenaria","W-Msc-140430"
-22.5,66.5,0.8,"Mya arenaria","W-Msc-140430"
-22,66.5,0.76,"Mya arenaria","W-Msc-140430"
-21.5,66.5,0.66,"Mya arenaria","W-Msc-140430"
-21,66.5,0.47,"Mya arenaria","W-Msc-140430"
-20.5,66.5,0.11,"Mya arenaria","W-Msc-140430"
-20,66.5,0.54,"Mya arenaria","W-Msc-140430"
-19.5,66.5,0.53,"Mya arenaria","W-Msc-140430"
-18,66.5,0.79,"Mya arenaria","W-Msc-140430"
-17.5,66.5,0.79,"Mya arenaria","W-Msc-140430"
-17,66.5,0.37,"Mya arenaria","W-Msc-140430"
-16.5,66.5,0.79,"Mya arenaria","W-Msc-140430"
-16,66.5,0.79,"Mya arenaria","W-Msc-140430"
-15.5,66.5,0.79,"Mya arenaria","W-Msc-140430"
-15,66.5,0.47,"Mya arenaria","W-Msc-140430"
-14.5,66.5,0.43,"Mya arenaria","W-Msc-140430"
-14,66.5,0.41,"Mya arenaria","W-Msc-140430"
-13.5,66.5,0.31,"Mya arenaria","W-Msc-140430"
-13,66.5,0.29,"Mya arenaria","W-Msc-140430"
-12.5,66.5,0.01,"Mya arenaria","W-Msc-140430"
12,66.5,0.99,"Mya arenaria","W-Msc-140430"
12.5,66.5,1,"Mya arenaria","W-Msc-140430"
13,66.5,1,"Mya arenaria","W-Msc-140430"
13.5,66.5,1,"Mya arenaria","W-Msc-140430"
14,66.5,1,"Mya arenaria","W-Msc-140430"
33,66.5,0.55,"Mya arenaria","W-Msc-140430"
33.5,66.5,0.56,"Mya arenaria","W-Msc-140430"
34,66.5,0.59,"Mya arenaria","W-Msc-140430"
34.5,66.5,0.64,"Mya arenaria","W-Msc-140430"
35,66.5,0.66,"Mya arenaria","W-Msc-140430"
35.5,66.5,0.66,"Mya arenaria","W-Msc-140430"
41,66.5,0.47,"Mya arenaria","W-Msc-140430"
41.5,66.5,0.43,"Mya arenaria","W-Msc-140430"
42,66.5,0.42,"Mya arenaria","W-Msc-140430"
42.5,66.5,0.33,"Mya arenaria","W-Msc-140430"
43,66.5,0.3,"Mya arenaria","W-Msc-140430"
43.5,66.5,0.28,"Mya arenaria","W-Msc-140430"
44,66.5,0.33,"Mya arenaria","W-Msc-140430"
44.5,66.5,0.35,"Mya arenaria","W-Msc-140430"
46,66.5,0.43,"Mya arenaria","W-Msc-140430"
46.5,66.5,0.29,"Mya arenaria","W-Msc-140430"
47,66.5,0.33,"Mya arenaria","W-Msc-140430"
47.5,66.5,0.39,"Mya arenaria","W-Msc-140430"
48,66.5,0.39,"Mya arenaria","W-Msc-140430"
70.5,66.5,0.14,"Mya arenaria","W-Msc-140430"
71,66.5,0.13,"Mya arenaria","W-Msc-140430"
71.5,66.5,0.13,"Mya arenaria","W-Msc-140430"
72,66.5,0.13,"Mya arenaria","W-Msc-140430"
72.5,66.5,0.1,"Mya arenaria","W-Msc-140430"
73,66.5,0.11,"Mya arenaria","W-Msc-140430"
73.5,66.5,0.12,"Mya arenaria","W-Msc-140430"
74,66.5,0.11,"Mya arenaria","W-Msc-140430"
-179.5,66,0.09,"Mya arenaria","W-Msc-140430"
-179,66,0.17,"Mya arenaria","W-Msc-140430"
-178.5,66,0.17,"Mya arenaria","W-Msc-140430"
-178,66,0.16,"Mya arenaria","W-Msc-140430"
-174,66,0.09,"Mya arenaria","W-Msc-140430"
-173.5,66,0.08,"Mya arenaria","W-Msc-140430"
-170.5,66,0.11,"Mya arenaria","W-Msc-140430"
-170,66,0.08,"Mya arenaria","W-Msc-140430"
-169.5,66,0.09,"Mya arenaria","W-Msc-140430"
-169,66,0.09,"Mya arenaria","W-Msc-140430"
-168.5,66,0.1,"Mya arenaria","W-Msc-140430"
-168,66,0.14,"Mya arenaria","W-Msc-140430"
-167.5,66,0.15,"Mya arenaria","W-Msc-140430"
-167,66,0.15,"Mya arenaria","W-Msc-140430"
-166.5,66,0.16,"Mya arenaria","W-Msc-140430"
-166,66,0.16,"Mya arenaria","W-Msc-140430"
-165.5,66,0.17,"Mya arenaria","W-Msc-140430"
-165,66,0.17,"Mya arenaria","W-Msc-140430"
-164.5,66,0.16,"Mya arenaria","W-Msc-140430"
-163.5,66,0.15,"Mya arenaria","W-Msc-140430"
-163,66,0.15,"Mya arenaria","W-Msc-140430"
-162.5,66,0.16,"Mya arenaria","W-Msc-140430"
-162,66,0.19,"Mya arenaria","W-Msc-140430"
-161.5,66,0.22,"Mya arenaria","W-Msc-140430"
-161,66,0.22,"Mya arenaria","W-Msc-140430"
-160.5,66,0.23,"Mya arenaria","W-Msc-140430"
-160,66,0.22,"Mya arenaria","W-Msc-140430"
-86.5,66,0.01,"Mya arenaria","W-Msc-140430"
-73.5,66,0.01,"Mya arenaria","W-Msc-140430"
-68,66,0.03,"Mya arenaria","W-Msc-140430"
-67.5,66,0.04,"Mya arenaria","W-Msc-140430"
-67,66,0.04,"Mya arenaria","W-Msc-140430"
-66.5,66,0.03,"Mya arenaria","W-Msc-140430"
-66,66,0.03,"Mya arenaria","W-Msc-140430"
-65.5,66,0.03,"Mya arenaria","W-Msc-140430"
-65,66,0.03,"Mya arenaria","W-Msc-140430"
-64.5,66,0.03,"Mya arenaria","W-Msc-140430"
-62,66,0.03,"Mya arenaria","W-Msc-140430"
-61.5,66,0.02,"Mya arenaria","W-Msc-140430"
-61,66,0.02,"Mya arenaria","W-Msc-140430"
-56,66,0.06,"Mya arenaria","W-Msc-140430"
-55.5,66,0.06,"Mya arenaria","W-Msc-140430"
-55,66,0.13,"Mya arenaria","W-Msc-140430"
-54.5,66,0.25,"Mya arenaria","W-Msc-140430"
-54,66,0.32,"Mya arenaria","W-Msc-140430"
-53.5,66,0.35,"Mya arenaria","W-Msc-140430"
-53,66,0.34,"Mya arenaria","W-Msc-140430"
-52.5,66,0.32,"Mya arenaria","W-Msc-140430"
-51.5,66,0.29,"Mya arenaria","W-Msc-140430"
-37.5,66,0.12,"Mya arenaria","W-Msc-140430"
-37,66,0.11,"Mya arenaria","W-Msc-140430"
-36,66,0.1,"Mya arenaria","W-Msc-140430"
-35.5,66,0.1,"Mya arenaria","W-Msc-140430"
-35,66,0.09,"Mya arenaria","W-Msc-140430"
-34.5,66,0.08,"Mya arenaria","W-Msc-140430"
-34,66,0.06,"Mya arenaria","W-Msc-140430"
-26,66,0.01,"Mya arenaria","W-Msc-140430"
-25.5,66,0.32,"Mya arenaria","W-Msc-140430"
-25,66,0.52,"Mya arenaria","W-Msc-140430"
-24.5,66,0.61,"Mya arenaria","W-Msc-140430"
-24,66,0.82,"Mya arenaria","W-Msc-140430"
-23.5,66,0.85,"Mya arenaria","W-Msc-140430"
-23,66,0.81,"Mya arenaria","W-Msc-140430"
-22.5,66,0.79,"Mya arenaria","W-Msc-140430"
-22,66,0.77,"Mya arenaria","W-Msc-140430"
-21.5,66,0.77,"Mya arenaria","W-Msc-140430"
-21,66,0.79,"Mya arenaria","W-Msc-140430"
-20.5,66,0.51,"Mya arenaria","W-Msc-140430"
-20,66,0.81,"Mya arenaria","W-Msc-140430"
-19.5,66,0.81,"Mya arenaria","W-Msc-140430"
-19,66,0.81,"Mya arenaria","W-Msc-140430"
-18.5,66,0.81,"Mya arenaria","W-Msc-140430"
-18,66,0.81,"Mya arenaria","W-Msc-140430"
-17.5,66,0.81,"Mya arenaria","W-Msc-140430"
-17,66,0.82,"Mya arenaria","W-Msc-140430"
-16.5,66,0.81,"Mya arenaria","W-Msc-140430"
-16,66,0.8,"Mya arenaria","W-Msc-140430"
-15.5,66,0.78,"Mya arenaria","W-Msc-140430"
-15,66,0.77,"Mya arenaria","W-Msc-140430"
-14.5,66,0.77,"Mya arenaria","W-Msc-140430"
-14,66,0.77,"Mya arenaria","W-Msc-140430"
-13.5,66,0.4,"Mya arenaria","W-Msc-140430"
-13,66,0.46,"Mya arenaria","W-Msc-140430"
-12.5,66,0.26,"Mya arenaria","W-Msc-140430"
11.5,66,0.3,"Mya arenaria","W-Msc-140430"
12,66,1,"Mya arenaria","W-Msc-140430"
12.5,66,1,"Mya arenaria","W-Msc-140430"
13,66,1,"Mya arenaria","W-Msc-140430"
13.5,66,1,"Mya arenaria","W-Msc-140430"
34,66,0.64,"Mya arenaria","W-Msc-140430"
34.5,66,0.66,"Mya arenaria","W-Msc-140430"
35,66,0.65,"Mya arenaria","W-Msc-140430"
35.5,66,0.64,"Mya arenaria","W-Msc-140430"
36,66,0.61,"Mya arenaria","W-Msc-140430"
36.5,66,0.59,"Mya arenaria","W-Msc-140430"
37,66,0.57,"Mya arenaria","W-Msc-140430"
37.5,66,0.59,"Mya arenaria","W-Msc-140430"
38,66,0.59,"Mya arenaria","W-Msc-140430"
38.5,66,0.58,"Mya arenaria","W-Msc-140430"
39,66,0.56,"Mya arenaria","W-Msc-140430"
39.5,66,0.53,"Mya arenaria","W-Msc-140430"
40,66,0.5,"Mya arenaria","W-Msc-140430"
40.5,66,0.45,"Mya arenaria","W-Msc-140430"
41,66,0.44,"Mya arenaria","W-Msc-140430"
41.5,66,0.43,"Mya arenaria","W-Msc-140430"
42,66,0.44,"Mya arenaria","W-Msc-140430"
42.5,66,0.44,"Mya arenaria","W-Msc-140430"
43,66,0.45,"Mya arenaria","W-Msc-140430"
43.5,66,0.45,"Mya arenaria","W-Msc-140430"
44,66,0.44,"Mya arenaria","W-Msc-140430"
44.5,66,0.45,"Mya arenaria","W-Msc-140430"
70.5,66,0.15,"Mya arenaria","W-Msc-140430"
71,66,0.14,"Mya arenaria","W-Msc-140430"
71.5,66,0.14,"Mya arenaria","W-Msc-140430"
72,66,0.13,"Mya arenaria","W-Msc-140430"
72.5,66,0.12,"Mya arenaria","W-Msc-140430"
-179.5,65.5,0.12,"Mya arenaria","W-Msc-140430"
-179,65.5,0.14,"Mya arenaria","W-Msc-140430"
-178.5,65.5,0.19,"Mya arenaria","W-Msc-140430"
-178,65.5,0.2,"Mya arenaria","W-Msc-140430"
-177,65.5,0.2,"Mya arenaria","W-Msc-140430"
-176.5,65.5,0.2,"Mya arenaria","W-Msc-140430"
-176,65.5,0.2,"Mya arenaria","W-Msc-140430"
-172.5,65.5,0.12,"Mya arenaria","W-Msc-140430"
-172,65.5,0.13,"Mya arenaria","W-Msc-140430"
-171.5,65.5,0.14,"Mya arenaria","W-Msc-140430"
-171,65.5,0.17,"Mya arenaria","W-Msc-140430"
-170.5,65.5,0.14,"Mya arenaria","W-Msc-140430"
-170,65.5,0.14,"Mya arenaria","W-Msc-140430"
-169.5,65.5,0.12,"Mya arenaria","W-Msc-140430"
-169,65.5,0.12,"Mya arenaria","W-Msc-140430"
-168.5,65.5,0.14,"Mya arenaria","W-Msc-140430"
-168,65.5,0.16,"Mya arenaria","W-Msc-140430"
-167.5,65.5,0.16,"Mya arenaria","W-Msc-140430"
-167,65.5,0.2,"Mya arenaria","W-Msc-140430"
-166.5,65.5,0.22,"Mya arenaria","W-Msc-140430"
-90,65.5,0.06,"Mya arenaria","W-Msc-140430"
-89.5,65.5,0.06,"Mya arenaria","W-Msc-140430"
-89,65.5,0.06,"Mya arenaria","W-Msc-140430"
-88.5,65.5,0.04,"Mya arenaria","W-Msc-140430"
-88,65.5,0.03,"Mya arenaria","W-Msc-140430"
-86.5,65.5,0.01,"Mya arenaria","W-Msc-140430"
-86,65.5,0.01,"Mya arenaria","W-Msc-140430"
-85.5,65.5,0.01,"Mya arenaria","W-Msc-140430"
-73.5,65.5,0.02,"Mya arenaria","W-Msc-140430"
-68,65.5,0.04,"Mya arenaria","W-Msc-140430"
-67.5,65.5,0.05,"Mya arenaria","W-Msc-140430"
-67,65.5,0.05,"Mya arenaria","W-Msc-140430"
-66.5,65.5,0.03,"Mya arenaria","W-Msc-140430"
-66,65.5,0.02,"Mya arenaria","W-Msc-140430"
-65.5,65.5,0.04,"Mya arenaria","W-Msc-140430"
-65,65.5,0.04,"Mya arenaria","W-Msc-140430"
-63,65.5,0.01,"Mya arenaria","W-Msc-140430"
-62.5,65.5,0.02,"Mya arenaria","W-Msc-140430"
-62,65.5,0.02,"Mya arenaria","W-Msc-140430"
-61.5,65.5,0.01,"Mya arenaria","W-Msc-140430"
-55.5,65.5,0.12,"Mya arenaria","W-Msc-140430"
-55,65.5,0.17,"Mya arenaria","W-Msc-140430"
-54.5,65.5,0.19,"Mya arenaria","W-Msc-140430"
-54,65.5,0.3,"Mya arenaria","W-Msc-140430"
-53.5,65.5,0.37,"Mya arenaria","W-Msc-140430"
-53,65.5,0.36,"Mya arenaria","W-Msc-140430"
-52.5,65.5,0.34,"Mya arenaria","W-Msc-140430"
-52,65.5,0.32,"Mya arenaria","W-Msc-140430"
-51.5,65.5,0.3,"Mya arenaria","W-Msc-140430"
-39.5,65.5,0.11,"Mya arenaria","W-Msc-140430"
-39,65.5,0.11,"Mya arenaria","W-Msc-140430"
-38.5,65.5,0.13,"Mya arenaria","W-Msc-140430"
-38,65.5,0.15,"Mya arenaria","W-Msc-140430"
-37.5,65.5,0.19,"Mya arenaria","W-Msc-140430"
-37,65.5,0.17,"Mya arenaria","W-Msc-140430"
-36.5,65.5,0.14,"Mya arenaria","W-Msc-140430"
-36,65.5,0.13,"Mya arenaria","W-Msc-140430"
-35.5,65.5,0.13,"Mya arenaria","W-Msc-140430"
-35,65.5,0.02,"Mya arenaria","W-Msc-140430"
-26.5,65.5,0.03,"Mya arenaria","W-Msc-140430"
-26,65.5,0.31,"Mya arenaria","W-Msc-140430"
-25.5,65.5,0.49,"Mya arenaria","W-Msc-140430"
-25,65.5,0.68,"Mya arenaria","W-Msc-140430"
-24.5,65.5,0.91,"Mya arenaria","W-Msc-140430"
-24,65.5,0.86,"Mya arenaria","W-Msc-140430"
-23.5,65.5,0.85,"Mya arenaria","W-Msc-140430"
-23,65.5,0.86,"Mya arenaria","W-Msc-140430"
-22.5,65.5,0.84,"Mya arenaria","W-Msc-140430"
-22,65.5,0.81,"Mya arenaria","W-Msc-140430"
-21.5,65.5,0.77,"Mya arenaria","W-Msc-140430"
-21,65.5,0.76,"Mya arenaria","W-Msc-140430"
-20.5,65.5,0.77,"Mya arenaria","W-Msc-140430"
-20,65.5,0.77,"Mya arenaria","W-Msc-140430"
-19.5,65.5,0.78,"Mya arenaria","W-Msc-140430"
-19,65.5,0.83,"Mya arenaria","W-Msc-140430"
-18,65.5,0.88,"Mya arenaria","W-Msc-140430"
-14.5,65.5,0.76,"Mya arenaria","W-Msc-140430"
-14,65.5,0.77,"Mya arenaria","W-Msc-140430"
-13.5,65.5,0.77,"Mya arenaria","W-Msc-140430"
-13,65.5,0.5,"Mya arenaria","W-Msc-140430"
-12.5,65.5,0.38,"Mya arenaria","W-Msc-140430"
-12,65.5,0.23,"Mya arenaria","W-Msc-140430"
-11.5,65.5,0.04,"Mya arenaria","W-Msc-140430"
11.5,65.5,1,"Mya arenaria","W-Msc-140430"
12,65.5,1,"Mya arenaria","W-Msc-140430"
12.5,65.5,1,"Mya arenaria","W-Msc-140430"
13,65.5,1,"Mya arenaria","W-Msc-140430"
22.5,65.5,0.06,"Mya arenaria","W-Msc-140430"
23,65.5,0.07,"Mya arenaria","W-Msc-140430"
23.5,65.5,0.06,"Mya arenaria","W-Msc-140430"
24,65.5,0.05,"Mya arenaria","W-Msc-140430"
24.5,65.5,0.03,"Mya arenaria","W-Msc-140430"
25,65.5,0.19,"Mya arenaria","W-Msc-140430"
25.5,65.5,0.31,"Mya arenaria","W-Msc-140430"
35,65.5,0.65,"Mya arenaria","W-Msc-140430"
35.5,65.5,0.64,"Mya arenaria","W-Msc-140430"
36,65.5,0.46,"Mya arenaria","W-Msc-140430"
36.5,65.5,0.21,"Mya arenaria","W-Msc-140430"
37,65.5,0.27,"Mya arenaria","W-Msc-140430"
37.5,65.5,0.33,"Mya arenaria","W-Msc-140430"
38,65.5,0.37,"Mya arenaria","W-Msc-140430"
38.5,65.5,0.39,"Mya arenaria","W-Msc-140430"
39,65.5,0.39,"Mya arenaria","W-Msc-140430"
39.5,65.5,0.34,"Mya arenaria","W-Msc-140430"
40,65.5,0.43,"Mya arenaria","W-Msc-140430"
40.5,65.5,0.46,"Mya arenaria","W-Msc-140430"
41,65.5,0.47,"Mya arenaria","W-Msc-140430"
-179.5,65,0.14,"Mya arenaria","W-Msc-140430"
-179,65,0.17,"Mya arenaria","W-Msc-140430"
-178.5,65,0.2,"Mya arenaria","W-Msc-140430"
-178,65,0.24,"Mya arenaria","W-Msc-140430"
-177.5,65,0.25,"Mya arenaria","W-Msc-140430"
-177,65,0.25,"Mya arenaria","W-Msc-140430"
-176.5,65,0.27,"Mya arenaria","W-Msc-140430"
-176,65,0.28,"Mya arenaria","W-Msc-140430"
-175.5,65,0.25,"Mya arenaria","W-Msc-140430"
-172,65,0.15,"Mya arenaria","W-Msc-140430"
-171.5,65,0.17,"Mya arenaria","W-Msc-140430"
-171,65,0.16,"Mya arenaria","W-Msc-140430"
-170.5,65,0.14,"Mya arenaria","W-Msc-140430"
-170,65,0.12,"Mya arenaria","W-Msc-140430"
-169.5,65,0.11,"Mya arenaria","W-Msc-140430"
-169,65,0.12,"Mya arenaria","W-Msc-140430"
-168.5,65,0.13,"Mya arenaria","W-Msc-140430"
-168,65,0.17,"Mya arenaria","W-Msc-140430"
-167.5,65,0.23,"Mya arenaria","W-Msc-140430"
-167,65,0.28,"Mya arenaria","W-Msc-140430"
-166.5,65,0.29,"Mya arenaria","W-Msc-140430"
-166,65,0.27,"Mya arenaria","W-Msc-140430"
-89,65,0.06,"Mya arenaria","W-Msc-140430"
-88.5,65,0.05,"Mya arenaria","W-Msc-140430"
-88,65,0.04,"Mya arenaria","W-Msc-140430"
-87.5,65,0.04,"Mya arenaria","W-Msc-140430"
-87,65,0.04,"Mya arenaria","W-Msc-140430"
-86.5,65,0.02,"Mya arenaria","W-Msc-140430"
-86,65,0.02,"Mya arenaria","W-Msc-140430"
-85,65,0.01,"Mya arenaria","W-Msc-140430"
-74,65,0.01,"Mya arenaria","W-Msc-140430"
-67,65,0.04,"Mya arenaria","W-Msc-140430"
-66.5,65,0.04,"Mya arenaria","W-Msc-140430"
-66,65,0.02,"Mya arenaria","W-Msc-140430"
-65,65,0.03,"Mya arenaria","W-Msc-140430"
-64.5,65,0.03,"Mya arenaria","W-Msc-140430"
-64,65,0.03,"Mya arenaria","W-Msc-140430"
-63.5,65,0.02,"Mya arenaria","W-Msc-140430"
-63,65,0.02,"Mya arenaria","W-Msc-140430"
-62.5,65,0.01,"Mya arenaria","W-Msc-140430"
-62,65,0.01,"Mya arenaria","W-Msc-140430"
-55,65,0.13,"Mya arenaria","W-Msc-140430"
-54.5,65,0.19,"Mya arenaria","W-Msc-140430"
-54,65,0.23,"Mya arenaria","W-Msc-140430"
-53.5,65,0.29,"Mya arenaria","W-Msc-140430"
-53,65,0.37,"Mya arenaria","W-Msc-140430"
-52.5,65,0.36,"Mya arenaria","W-Msc-140430"
-52,65,0.34,"Mya arenaria","W-Msc-140430"
-40.5,65,0.12,"Mya arenaria","W-Msc-140430"
-40,65,0.1,"Mya arenaria","W-Msc-140430"
-39.5,65,0.1,"Mya arenaria","W-Msc-140430"
-39,65,0.12,"Mya arenaria","W-Msc-140430"
-38.5,65,0.18,"Mya arenaria","W-Msc-140430"
-38,65,0.18,"Mya arenaria","W-Msc-140430"
-37,65,0.14,"Mya arenaria","W-Msc-140430"
-36.5,65,0.11,"Mya arenaria","W-Msc-140430"
-36,65,0.02,"Mya arenaria","W-Msc-140430"
-35.5,65,0.01,"Mya arenaria","W-Msc-140430"
-33.5,65,0.06,"Mya arenaria","W-Msc-140430"
-26.5,65,0.12,"Mya arenaria","W-Msc-140430"
-26,65,0.31,"Mya arenaria","W-Msc-140430"
-25.5,65,0.48,"Mya arenaria","W-Msc-140430"
-25,65,0.63,"Mya arenaria","W-Msc-140430"
-24.5,65,0.95,"Mya arenaria","W-Msc-140430"
-24,65,0.96,"Mya arenaria","W-Msc-140430"
-23.5,65,0.97,"Mya arenaria","W-Msc-140430"
-23,65,0.94,"Mya arenaria","W-Msc-140430"
-22.5,65,0.89,"Mya arenaria","W-Msc-140430"
-22,65,0.84,"Mya arenaria","W-Msc-140430"
-21.5,65,0.8,"Mya arenaria","W-Msc-140430"
-21,65,0.73,"Mya arenaria","W-Msc-140430"
-20.5,65,0.82,"Mya arenaria","W-Msc-140430"
-13.5,65,0.75,"Mya arenaria","W-Msc-140430"
-13,65,0.75,"Mya arenaria","W-Msc-140430"
-12.5,65,0.41,"Mya arenaria","W-Msc-140430"
-12,65,0.24,"Mya arenaria","W-Msc-140430"
-11.5,65,0.12,"Mya arenaria","W-Msc-140430"
9.5,65,0.03,"Mya arenaria","W-Msc-140430"
10,65,0.13,"Mya arenaria","W-Msc-140430"
10.5,65,0.35,"Mya arenaria","W-Msc-140430"
11,65,1,"Mya arenaria","W-Msc-140430"
11.5,65,1,"Mya arenaria","W-Msc-140430"
12,65,1,"Mya arenaria","W-Msc-140430"
12.5,65,1,"Mya arenaria","W-Msc-140430"
13,65,1,"Mya arenaria","W-Msc-140430"
21.5,65,0.02,"Mya arenaria","W-Msc-140430"
22,65,0.02,"Mya arenaria","W-Msc-140430"
22.5,65,0.03,"Mya arenaria","W-Msc-140430"
23,65,0.02,"Mya arenaria","W-Msc-140430"
23.5,65,0.01,"Mya arenaria","W-Msc-140430"
24,65,0.01,"Mya arenaria","W-Msc-140430"
24.5,65,0.03,"Mya arenaria","W-Msc-140430"
25,65,0.05,"Mya arenaria","W-Msc-140430"
25.5,65,0.04,"Mya arenaria","W-Msc-140430"
34.5,65,0.61,"Mya arenaria","W-Msc-140430"
35,65,0.62,"Mya arenaria","W-Msc-140430"
35.5,65,0.57,"Mya arenaria","W-Msc-140430"
36,65,0.39,"Mya arenaria","W-Msc-140430"
36.5,65,0.36,"Mya arenaria","W-Msc-140430"
37,65,0.37,"Mya arenaria","W-Msc-140430"
37.5,65,0.46,"Mya arenaria","W-Msc-140430"
38,65,0.48,"Mya arenaria","W-Msc-140430"
38.5,65,0.39,"Mya arenaria","W-Msc-140430"
39,65,0.36,"Mya arenaria","W-Msc-140430"
39.5,65,0.53,"Mya arenaria","W-Msc-140430"
40,65,0.58,"Mya arenaria","W-Msc-140430"
40.5,65,0.51,"Mya arenaria","W-Msc-140430"
179.5,65,0.14,"Mya arenaria","W-Msc-140430"
-179.5,64.5,0.16,"Mya arenaria","W-Msc-140430"
-179,64.5,0.16,"Mya arenaria","W-Msc-140430"
-178.5,64.5,0.16,"Mya arenaria","W-Msc-140430"
-178,64.5,0.18,"Mya arenaria","W-Msc-140430"
-177.5,64.5,0.19,"Mya arenaria","W-Msc-140430"
-177,64.5,0.21,"Mya arenaria","W-Msc-140430"
-176.5,64.5,0.21,"Mya arenaria","W-Msc-140430"
-176,64.5,0.24,"Mya arenaria","W-Msc-140430"
-175.5,64.5,0.28,"Mya arenaria","W-Msc-140430"
-175,64.5,0.3,"Mya arenaria","W-Msc-140430"
-174.5,64.5,0.26,"Mya arenaria","W-Msc-140430"
-174,64.5,0.23,"Mya arenaria","W-Msc-140430"
-172.5,64.5,0.15,"Mya arenaria","W-Msc-140430"
-172,64.5,0.15,"Mya arenaria","W-Msc-140430"
-171.5,64.5,0.15,"Mya arenaria","W-Msc-140430"
-171,64.5,0.13,"Mya arenaria","W-Msc-140430"
-170.5,64.5,0.13,"Mya arenaria","W-Msc-140430"
-170,64.5,0.13,"Mya arenaria","W-Msc-140430"
-169.5,64.5,0.13,"Mya arenaria","W-Msc-140430"
-169,64.5,0.13,"Mya arenaria","W-Msc-140430"
-168.5,64.5,0.14,"Mya arenaria","W-Msc-140430"
-168,64.5,0.18,"Mya arenaria","W-Msc-140430"
-167.5,64.5,0.21,"Mya arenaria","W-Msc-140430"
-167,64.5,0.26,"Mya arenaria","W-Msc-140430"
-166.5,64.5,0.3,"Mya arenaria","W-Msc-140430"
-166,64.5,0.29,"Mya arenaria","W-Msc-140430"
-165.5,64.5,0.29,"Mya arenaria","W-Msc-140430"
-165,64.5,0.28,"Mya arenaria","W-Msc-140430"
-164.5,64.5,0.28,"Mya arenaria","W-Msc-140430"
-164,64.5,0.28,"Mya arenaria","W-Msc-140430"
-163.5,64.5,0.29,"Mya arenaria","W-Msc-140430"
-163,64.5,0.3,"Mya arenaria","W-Msc-140430"
-162.5,64.5,0.29,"Mya arenaria","W-Msc-140430"
-162,64.5,0.28,"Mya arenaria","W-Msc-140430"
-161.5,64.5,0.31,"Mya arenaria","W-Msc-140430"
-161,64.5,0.34,"Mya arenaria","W-Msc-140430"
-160.5,64.5,0.35,"Mya arenaria","W-Msc-140430"
-87.5,64.5,0.05,"Mya arenaria","W-Msc-140430"
-87,64.5,0.06,"Mya arenaria","W-Msc-140430"
-86.5,64.5,0.04,"Mya arenaria","W-Msc-140430"
-86,64.5,0.06,"Mya arenaria","W-Msc-140430"
-83,64.5,0.01,"Mya arenaria","W-Msc-140430"
-75.5,64.5,0.02,"Mya arenaria","W-Msc-140430"
-75,64.5,0.03,"Mya arenaria","W-Msc-140430"
-74.5,64.5,0.07,"Mya arenaria","W-Msc-140430"
-74,64.5,0.04,"Mya arenaria","W-Msc-140430"
-73.5,64.5,0.03,"Mya arenaria","W-Msc-140430"
-73,64.5,0.04,"Mya arenaria","W-Msc-140430"
-66,64.5,0.05,"Mya arenaria","W-Msc-140430"
-65.5,64.5,0.04,"Mya arenaria","W-Msc-140430"
-65,64.5,0.03,"Mya arenaria","W-Msc-140430"
-64.5,64.5,0.02,"Mya arenaria","W-Msc-140430"
-64,64.5,0.01,"Mya arenaria","W-Msc-140430"
-63.5,64.5,0.02,"Mya arenaria","W-Msc-140430"
-63,64.5,0.02,"Mya arenaria","W-Msc-140430"
-54.5,64.5,0.05,"Mya arenaria","W-Msc-140430"
-54,64.5,0.18,"Mya arenaria","W-Msc-140430"
-53.5,64.5,0.24,"Mya arenaria","W-Msc-140430"
-53,64.5,0.33,"Mya arenaria","W-Msc-140430"
-52.5,64.5,0.28,"Mya arenaria","W-Msc-140430"
-52,64.5,0.35,"Mya arenaria","W-Msc-140430"
-51.5,64.5,0.31,"Mya arenaria","W-Msc-140430"
-51,64.5,0.29,"Mya arenaria","W-Msc-140430"
-50.5,64.5,0.29,"Mya arenaria","W-Msc-140430"
-50,64.5,0.29,"Mya arenaria","W-Msc-140430"
-41,64.5,0.15,"Mya arenaria","W-Msc-140430"
-40.5,64.5,0.1,"Mya arenaria","W-Msc-140430"
-40,64.5,0.12,"Mya arenaria","W-Msc-140430"
-39.5,64.5,0.15,"Mya arenaria","W-Msc-140430"
-39,64.5,0.07,"Mya arenaria","W-Msc-140430"
-36,64.5,0.1,"Mya arenaria","W-Msc-140430"
-35.5,64.5,0.1,"Mya arenaria","W-Msc-140430"
-26.5,64.5,0.09,"Mya arenaria","W-Msc-140430"
-26,64.5,0.15,"Mya arenaria","W-Msc-140430"
-25.5,64.5,0.17,"Mya arenaria","W-Msc-140430"
-25,64.5,0.25,"Mya arenaria","W-Msc-140430"
-24.5,64.5,0.31,"Mya arenaria","W-Msc-140430"
-24,64.5,0.94,"Mya arenaria","W-Msc-140430"
-23.5,64.5,0.96,"Mya arenaria","W-Msc-140430"
-23,64.5,0.97,"Mya arenaria","W-Msc-140430"
-22.5,64.5,0.98,"Mya arenaria","W-Msc-140430"
-22,64.5,0.96,"Mya arenaria","W-Msc-140430"
-21.5,64.5,0.91,"Mya arenaria","W-Msc-140430"
-14,64.5,0.9,"Mya arenaria","W-Msc-140430"
-13.5,64.5,0.78,"Mya arenaria","W-Msc-140430"
-13,64.5,0.56,"Mya arenaria","W-Msc-140430"
-12.5,64.5,0.37,"Mya arenaria","W-Msc-140430"
-12,64.5,0.3,"Mya arenaria","W-Msc-140430"
-11.5,64.5,0.02,"Mya arenaria","W-Msc-140430"
8.5,64.5,0.18,"Mya arenaria","W-Msc-140430"
9,64.5,0.54,"Mya arenaria","W-Msc-140430"
9.5,64.5,0.56,"Mya arenaria","W-Msc-140430"
10.5,64.5,0.94,"Mya arenaria","W-Msc-140430"
11,64.5,1,"Mya arenaria","W-Msc-140430"
11.5,64.5,1,"Mya arenaria","W-Msc-140430"
12,64.5,1,"Mya arenaria","W-Msc-140430"
21.5,64.5,0.1,"Mya arenaria","W-Msc-140430"
22,64.5,0.04,"Mya arenaria","W-Msc-140430"
22.5,64.5,0.01,"Mya arenaria","W-Msc-140430"
23,64.5,0.01,"Mya arenaria","W-Msc-140430"
23.5,64.5,0.01,"Mya arenaria","W-Msc-140430"
24,64.5,0.01,"Mya arenaria","W-Msc-140430"
24.5,64.5,0.03,"Mya arenaria","W-Msc-140430"
25,64.5,0.09,"Mya arenaria","W-Msc-140430"
25.5,64.5,0.08,"Mya arenaria","W-Msc-140430"
35,64.5,0.61,"Mya arenaria","W-Msc-140430"
35.5,64.5,0.57,"Mya arenaria","W-Msc-140430"
36,64.5,0.35,"Mya arenaria","W-Msc-140430"
36.5,64.5,0.3,"Mya arenaria","W-Msc-140430"
37,64.5,0.34,"Mya arenaria","W-Msc-140430"
38,64.5,0.59,"Mya arenaria","W-Msc-140430"
38.5,64.5,0.65,"Mya arenaria","W-Msc-140430"
39,64.5,0.67,"Mya arenaria","W-Msc-140430"
39.5,64.5,0.67,"Mya arenaria","W-Msc-140430"
40,64.5,0.61,"Mya arenaria","W-Msc-140430"
40.5,64.5,0.43,"Mya arenaria","W-Msc-140430"
176.5,64.5,0.08,"Mya arenaria","W-Msc-140430"
177,64.5,0.08,"Mya arenaria","W-Msc-140430"
177.5,64.5,0.09,"Mya arenaria","W-Msc-140430"
178,64.5,0.1,"Mya arenaria","W-Msc-140430"
178.5,64.5,0.12,"Mya arenaria","W-Msc-140430"
179,64.5,0.14,"Mya arenaria","W-Msc-140430"
179.5,64.5,0.17,"Mya arenaria","W-Msc-140430"
-179.5,64,0.17,"Mya arenaria","W-Msc-140430"
-179,64,0.17,"Mya arenaria","W-Msc-140430"
-178.5,64,0.17,"Mya arenaria","W-Msc-140430"
-178,64,0.16,"Mya arenaria","W-Msc-140430"
-177.5,64,0.16,"Mya arenaria","W-Msc-140430"
-177,64,0.17,"Mya arenaria","W-Msc-140430"
-176.5,64,0.18,"Mya arenaria","W-Msc-140430"
-176,64,0.19,"Mya arenaria","W-Msc-140430"
-175.5,64,0.19,"Mya arenaria","W-Msc-140430"
-175,64,0.21,"Mya arenaria","W-Msc-140430"
-174.5,64,0.23,"Mya arenaria","W-Msc-140430"
-174,64,0.3,"Mya arenaria","W-Msc-140430"
-173.5,64,0.3,"Mya arenaria","W-Msc-140430"
-173,64,0.27,"Mya arenaria","W-Msc-140430"
-172.5,64,0.24,"Mya arenaria","W-Msc-140430"
-172,64,0.21,"Mya arenaria","W-Msc-140430"
-171.5,64,0.2,"Mya arenaria","W-Msc-140430"
-171,64,0.2,"Mya arenaria","W-Msc-140430"
-170.5,64,0.19,"Mya arenaria","W-Msc-140430"
-170,64,0.17,"Mya arenaria","W-Msc-140430"
-169.5,64,0.16,"Mya arenaria","W-Msc-140430"
-169,64,0.16,"Mya arenaria","W-Msc-140430"
-168.5,64,0.16,"Mya arenaria","W-Msc-140430"
-168,64,0.17,"Mya arenaria","W-Msc-140430"
-167.5,64,0.19,"Mya arenaria","W-Msc-140430"
-167,64,0.21,"Mya arenaria","W-Msc-140430"
-166.5,64,0.23,"Mya arenaria","W-Msc-140430"
-166,64,0.28,"Mya arenaria","W-Msc-140430"
-165.5,64,0.31,"Mya arenaria","W-Msc-140430"
-165,64,0.31,"Mya arenaria","W-Msc-140430"
-164.5,64,0.31,"Mya arenaria","W-Msc-140430"
-164,64,0.32,"Mya arenaria","W-Msc-140430"
-163.5,64,0.34,"Mya arenaria","W-Msc-140430"
-163,64,0.38,"Mya arenaria","W-Msc-140430"
-162.5,64,0.27,"Mya arenaria","W-Msc-140430"
-162,64,0.23,"Mya arenaria","W-Msc-140430"
-161.5,64,0.27,"Mya arenaria","W-Msc-140430"
-161,64,0.3,"Mya arenaria","W-Msc-140430"
-160.5,64,0.39,"Mya arenaria","W-Msc-140430"
-93.5,64,0.1,"Mya arenaria","W-Msc-140430"
-93,64,0.1,"Mya arenaria","W-Msc-140430"
-90,64,0.1,"Mya arenaria","W-Msc-140430"
-89.5,64,0.1,"Mya arenaria","W-Msc-140430"
-89,64,0.09,"Mya arenaria","W-Msc-140430"
-88.5,64,0.07,"Mya arenaria","W-Msc-140430"
-88,64,0.06,"Mya arenaria","W-Msc-140430"
-87.5,64,0.06,"Mya arenaria","W-Msc-140430"
-87,64,0.03,"Mya arenaria","W-Msc-140430"
-86.5,64,0.05,"Mya arenaria","W-Msc-140430"
-86,64,0.06,"Mya arenaria","W-Msc-140430"
-83.5,64,0.02,"Mya arenaria","W-Msc-140430"
-83,64,0.02,"Mya arenaria","W-Msc-140430"
-82.5,64,0.02,"Mya arenaria","W-Msc-140430"
-81.5,64,0.01,"Mya arenaria","W-Msc-140430"
-81,64,0.01,"Mya arenaria","W-Msc-140430"
-80.5,64,0.01,"Mya arenaria","W-Msc-140430"
-80,64,0.01,"Mya arenaria","W-Msc-140430"
-78,64,0.01,"Mya arenaria","W-Msc-140430"
-77.5,64,0.02,"Mya arenaria","W-Msc-140430"
-77,64,0.03,"Mya arenaria","W-Msc-140430"
-76.5,64,0.04,"Mya arenaria","W-Msc-140430"
-76,64,0.05,"Mya arenaria","W-Msc-140430"
-75.5,64,0.06,"Mya arenaria","W-Msc-140430"
-75,64,0.05,"Mya arenaria","W-Msc-140430"
-74.5,64,0.06,"Mya arenaria","W-Msc-140430"
-74,64,0.06,"Mya arenaria","W-Msc-140430"
-73.5,64,0.05,"Mya arenaria","W-Msc-140430"
-73,64,0.05,"Mya arenaria","W-Msc-140430"
-72.5,64,0.04,"Mya arenaria","W-Msc-140430"
-65,64,0.03,"Mya arenaria","W-Msc-140430"
-64.5,64,0.02,"Mya arenaria","W-Msc-140430"
-64,64,0.01,"Mya arenaria","W-Msc-140430"
-63,64,0.01,"Mya arenaria","W-Msc-140430"
-62.5,64,0.01,"Mya arenaria","W-Msc-140430"
-62,64,0.01,"Mya arenaria","W-Msc-140430"
-54,64,0.14,"Mya arenaria","W-Msc-140430"
-53.5,64,0.26,"Mya arenaria","W-Msc-140430"
-53,64,0.3,"Mya arenaria","W-Msc-140430"
-52.5,64,0.34,"Mya arenaria","W-Msc-140430"
-52,64,0.34,"Mya arenaria","W-Msc-140430"
-51.5,64,0.31,"Mya arenaria","W-Msc-140430"
-51,64,0.3,"Mya arenaria","W-Msc-140430"
-50.5,64,0.3,"Mya arenaria","W-Msc-140430"
-50,64,0.31,"Mya arenaria","W-Msc-140430"
-49.5,64,0.32,"Mya arenaria","W-Msc-140430"
-41,64,0.21,"Mya arenaria","W-Msc-140430"
-40.5,64,0.2,"Mya arenaria","W-Msc-140430"
-40,64,0.23,"Mya arenaria","W-Msc-140430"
-39.5,64,0.09,"Mya arenaria","W-Msc-140430"
-25,64,0.03,"Mya arenaria","W-Msc-140430"
-24.5,64,0.16,"Mya arenaria","W-Msc-140430"
-24,64,0.28,"Mya arenaria","W-Msc-140430"
-23.5,64,0.44,"Mya arenaria","W-Msc-140430"
-23,64,0.66,"Mya arenaria","W-Msc-140430"
-22.5,64,0.96,"Mya arenaria","W-Msc-140430"
-22,64,0.97,"Mya arenaria","W-Msc-140430"
-21.5,64,1,"Mya arenaria","W-Msc-140430"
-16,64,0.96,"Mya arenaria","W-Msc-140430"
-15.5,64,0.96,"Mya arenaria","W-Msc-140430"
-15,64,0.97,"Mya arenaria","W-Msc-140430"
-14.5,64,0.98,"Mya arenaria","W-Msc-140430"
-14,64,0.98,"Mya arenaria","W-Msc-140430"
-13.5,64,0.55,"Mya arenaria","W-Msc-140430"
-13,64,0.43,"Mya arenaria","W-Msc-140430"
-12.5,64,0.32,"Mya arenaria","W-Msc-140430"
-12,64,0.08,"Mya arenaria","W-Msc-140430"
8.5,64,0.27,"Mya arenaria","W-Msc-140430"
9,64,1,"Mya arenaria","W-Msc-140430"
9.5,64,1,"Mya arenaria","W-Msc-140430"
10,64,1,"Mya arenaria","W-Msc-140430"
10.5,64,1,"Mya arenaria","W-Msc-140430"
11,64,1,"Mya arenaria","W-Msc-140430"
11.5,64,1,"Mya arenaria","W-Msc-140430"
21,64,0.12,"Mya arenaria","W-Msc-140430"
21.5,64,0.03,"Mya arenaria","W-Msc-140430"
22,64,0.02,"Mya arenaria","W-Msc-140430"
22.5,64,0.02,"Mya arenaria","W-Msc-140430"
23,64,0.02,"Mya arenaria","W-Msc-140430"
23.5,64,0.02,"Mya arenaria","W-Msc-140430"
24,64,0.02,"Mya arenaria","W-Msc-140430"
24.5,64,0.09,"Mya arenaria","W-Msc-140430"
35.5,64,0.61,"Mya arenaria","W-Msc-140430"
36,64,0.41,"Mya arenaria","W-Msc-140430"
36.5,64,0.34,"Mya arenaria","W-Msc-140430"
37,64,0.27,"Mya arenaria","W-Msc-140430"
37.5,64,0.39,"Mya arenaria","W-Msc-140430"
38,64,0.54,"Mya arenaria","W-Msc-140430"
38.5,64,0.61,"Mya arenaria","W-Msc-140430"
178,64,0.09,"Mya arenaria","W-Msc-140430"
178.5,64,0.1,"Mya arenaria","W-Msc-140430"
179,64,0.12,"Mya arenaria","W-Msc-140430"
179.5,64,0.15,"Mya arenaria","W-Msc-140430"
-179.5,63.5,0.19,"Mya arenaria","W-Msc-140430"
-179,63.5,0.17,"Mya arenaria","W-Msc-140430"
-178.5,63.5,0.17,"Mya arenaria","W-Msc-140430"
-178,63.5,0.16,"Mya arenaria","W-Msc-140430"
-177.5,63.5,0.16,"Mya arenaria","W-Msc-140430"
-177,63.5,0.15,"Mya arenaria","W-Msc-140430"
-176.5,63.5,0.14,"Mya arenaria","W-Msc-140430"
-176,63.5,0.14,"Mya arenaria","W-Msc-140430"
-175.5,63.5,0.15,"Mya arenaria","W-Msc-140430"
-175,63.5,0.16,"Mya arenaria","W-Msc-140430"
-174.5,63.5,0.17,"Mya arenaria","W-Msc-140430"
-174,63.5,0.18,"Mya arenaria","W-Msc-140430"
-173.5,63.5,0.24,"Mya arenaria","W-Msc-140430"
-173,63.5,0.25,"Mya arenaria","W-Msc-140430"
-172.5,63.5,0.25,"Mya arenaria","W-Msc-140430"
-172,63.5,0.26,"Mya arenaria","W-Msc-140430"
-171.5,63.5,0.23,"Mya arenaria","W-Msc-140430"
-171,63.5,0.19,"Mya arenaria","W-Msc-140430"
-170.5,63.5,0.18,"Mya arenaria","W-Msc-140430"
-170,63.5,0.18,"Mya arenaria","W-Msc-140430"
-169.5,63.5,0.18,"Mya arenaria","W-Msc-140430"
-169,63.5,0.17,"Mya arenaria","W-Msc-140430"
-168.5,63.5,0.17,"Mya arenaria","W-Msc-140430"
-168,63.5,0.17,"Mya arenaria","W-Msc-140430"
-167.5,63.5,0.18,"Mya arenaria","W-Msc-140430"
-167,63.5,0.19,"Mya arenaria","W-Msc-140430"
-166.5,63.5,0.21,"Mya arenaria","W-Msc-140430"
-166,63.5,0.24,"Mya arenaria","W-Msc-140430"
-165.5,63.5,0.26,"Mya arenaria","W-Msc-140430"
-165,63.5,0.28,"Mya arenaria","W-Msc-140430"
-164.5,63.5,0.27,"Mya arenaria","W-Msc-140430"
-164,63.5,0.29,"Mya arenaria","W-Msc-140430"
-163.5,63.5,0.3,"Mya arenaria","W-Msc-140430"
-163,63.5,0.32,"Mya arenaria","W-Msc-140430"
-162.5,63.5,0.28,"Mya arenaria","W-Msc-140430"
-162,63.5,0.25,"Mya arenaria","W-Msc-140430"
-161.5,63.5,0.24,"Mya arenaria","W-Msc-140430"
-161,63.5,0.26,"Mya arenaria","W-Msc-140430"
-160.5,63.5,0.43,"Mya arenaria","W-Msc-140430"
-93.5,63.5,0.11,"Mya arenaria","W-Msc-140430"
-93,63.5,0.12,"Mya arenaria","W-Msc-140430"
-92.5,63.5,0.13,"Mya arenaria","W-Msc-140430"
-92,63.5,0.13,"Mya arenaria","W-Msc-140430"
-91.5,63.5,0.12,"Mya arenaria","W-Msc-140430"
-91,63.5,0.11,"Mya arenaria","W-Msc-140430"
-90.5,63.5,0.11,"Mya arenaria","W-Msc-140430"
-90,63.5,0.1,"Mya arenaria","W-Msc-140430"
-89.5,63.5,0.11,"Mya arenaria","W-Msc-140430"
-89,63.5,0.08,"Mya arenaria","W-Msc-140430"
-88.5,63.5,0.07,"Mya arenaria","W-Msc-140430"
-88,63.5,0.05,"Mya arenaria","W-Msc-140430"
-87.5,63.5,0.03,"Mya arenaria","W-Msc-140430"
-87,63.5,0.05,"Mya arenaria","W-Msc-140430"
-86.5,63.5,0.05,"Mya arenaria","W-Msc-140430"
-86,63.5,0.06,"Mya arenaria","W-Msc-140430"
-85.5,63.5,0.06,"Mya arenaria","W-Msc-140430"
-84,63.5,0.04,"Mya arenaria","W-Msc-140430"
-83.5,63.5,0.06,"Mya arenaria","W-Msc-140430"
-83,63.5,0.04,"Mya arenaria","W-Msc-140430"
-82.5,63.5,0.05,"Mya arenaria","W-Msc-140430"
-82,63.5,0.02,"Mya arenaria","W-Msc-140430"
-81.5,63.5,0.02,"Mya arenaria","W-Msc-140430"
-81,63.5,0.01,"Mya arenaria","W-Msc-140430"
-80.5,63.5,0.02,"Mya arenaria","W-Msc-140430"
-80,63.5,0.03,"Mya arenaria","W-Msc-140430"
-79.5,63.5,0.02,"Mya arenaria","W-Msc-140430"
-78.5,63.5,0.01,"Mya arenaria","W-Msc-140430"
-78,63.5,0.01,"Mya arenaria","W-Msc-140430"
-77.5,63.5,0.02,"Mya arenaria","W-Msc-140430"
-77,63.5,0.02,"Mya arenaria","W-Msc-140430"
-76.5,63.5,0.03,"Mya arenaria","W-Msc-140430"
-76,63.5,0.02,"Mya arenaria","W-Msc-140430"
-75,63.5,0.01,"Mya arenaria","W-Msc-140430"
-74.5,63.5,0.02,"Mya arenaria","W-Msc-140430"
-74,63.5,0.03,"Mya arenaria","W-Msc-140430"
-73.5,63.5,0.03,"Mya arenaria","W-Msc-140430"
-73,63.5,0.03,"Mya arenaria","W-Msc-140430"
-72.5,63.5,0.03,"Mya arenaria","W-Msc-140430"
-72,63.5,0.03,"Mya arenaria","W-Msc-140430"
-71.5,63.5,0.03,"Mya arenaria","W-Msc-140430"
-71,63.5,0.05,"Mya arenaria","W-Msc-140430"
-68.5,63.5,0.03,"Mya arenaria","W-Msc-140430"
-68,63.5,0.04,"Mya arenaria","W-Msc-140430"
-67.5,63.5,0.04,"Mya arenaria","W-Msc-140430"
-67,63.5,0.04,"Mya arenaria","W-Msc-140430"
-65,63.5,0.02,"Mya arenaria","W-Msc-140430"
-64.5,63.5,0.02,"Mya arenaria","W-Msc-140430"
-64,63.5,0.02,"Mya arenaria","W-Msc-140430"
-63.5,63.5,0.02,"Mya arenaria","W-Msc-140430"
-62.5,63.5,0.01,"Mya arenaria","W-Msc-140430"
-62,63.5,0.01,"Mya arenaria","W-Msc-140430"
-53,63.5,0.24,"Mya arenaria","W-Msc-140430"
-52.5,63.5,0.32,"Mya arenaria","W-Msc-140430"
-52,63.5,0.34,"Mya arenaria","W-Msc-140430"
-51.5,63.5,0.34,"Mya arenaria","W-Msc-140430"
-51,63.5,0.32,"Mya arenaria","W-Msc-140430"
-50.5,63.5,0.32,"Mya arenaria","W-Msc-140430"
-41.5,63.5,0.32,"Mya arenaria","W-Msc-140430"
-41,63.5,0.31,"Mya arenaria","W-Msc-140430"
-40.5,63.5,0.36,"Mya arenaria","W-Msc-140430"
-40,63.5,0.46,"Mya arenaria","W-Msc-140430"
-39.5,63.5,0.06,"Mya arenaria","W-Msc-140430"
-39,63.5,0.05,"Mya arenaria","W-Msc-140430"
-38,63.5,0.18,"Mya arenaria","W-Msc-140430"
-26,63.5,0.29,"Mya arenaria","W-Msc-140430"
-25.5,63.5,0.17,"Mya arenaria","W-Msc-140430"
-25,63.5,0.1,"Mya arenaria","W-Msc-140430"
-24.5,63.5,0.02,"Mya arenaria","W-Msc-140430"
-24,63.5,0.23,"Mya arenaria","W-Msc-140430"
-23.5,63.5,0.53,"Mya arenaria","W-Msc-140430"
-23,63.5,0.79,"Mya arenaria","W-Msc-140430"
-22.5,63.5,0.95,"Mya arenaria","W-Msc-140430"
-22,63.5,0.99,"Mya arenaria","W-Msc-140430"
-21.5,63.5,1,"Mya arenaria","W-Msc-140430"
-21,63.5,1,"Mya arenaria","W-Msc-140430"
-20.5,63.5,1,"Mya arenaria","W-Msc-140430"
-20,63.5,1,"Mya arenaria","W-Msc-140430"
-19.5,63.5,1,"Mya arenaria","W-Msc-140430"
-18,63.5,0.94,"Mya arenaria","W-Msc-140430"
-17.5,63.5,0.93,"Mya arenaria","W-Msc-140430"
-17,63.5,0.92,"Mya arenaria","W-Msc-140430"
-16.5,63.5,0.92,"Mya arenaria","W-Msc-140430"
-16,63.5,0.92,"Mya arenaria","W-Msc-140430"
-15.5,63.5,0.71,"Mya arenaria","W-Msc-140430"
-15,63.5,0.62,"Mya arenaria","W-Msc-140430"
-14.5,63.5,0.46,"Mya arenaria","W-Msc-140430"
-14,63.5,0.46,"Mya arenaria","W-Msc-140430"
-13.5,63.5,0.44,"Mya arenaria","W-Msc-140430"
7.5,63.5,0.12,"Mya arenaria","W-Msc-140430"
8,63.5,1,"Mya arenaria","W-Msc-140430"
8.5,63.5,1,"Mya arenaria","W-Msc-140430"
9,63.5,1,"Mya arenaria","W-Msc-140430"
9.5,63.5,1,"Mya arenaria","W-Msc-140430"
10,63.5,1,"Mya arenaria","W-Msc-140430"
10.5,63.5,1,"Mya arenaria","W-Msc-140430"
11,63.5,1,"Mya arenaria","W-Msc-140430"
11.5,63.5,1,"Mya arenaria","W-Msc-140430"
19.5,63.5,0.47,"Mya arenaria","W-Msc-140430"
20,63.5,0.3,"Mya arenaria","W-Msc-140430"
20.5,63.5,0.2,"Mya arenaria","W-Msc-140430"
21,63.5,0.18,"Mya arenaria","W-Msc-140430"
21.5,63.5,0.06,"Mya arenaria","W-Msc-140430"
22,63.5,0.05,"Mya arenaria","W-Msc-140430"
22.5,63.5,0.05,"Mya arenaria","W-Msc-140430"
23,63.5,0.06,"Mya arenaria","W-Msc-140430"
23.5,63.5,0.06,"Mya arenaria","W-Msc-140430"
37,63.5,0.64,"Mya arenaria","W-Msc-140430"
37.5,63.5,0.63,"Mya arenaria","W-Msc-140430"
38,63.5,0.63,"Mya arenaria","W-Msc-140430"
38.5,63.5,0.63,"Mya arenaria","W-Msc-140430"
178.5,63.5,0.14,"Mya arenaria","W-Msc-140430"
179,63.5,0.15,"Mya arenaria","W-Msc-140430"
179.5,63.5,0.15,"Mya arenaria","W-Msc-140430"
-179.5,63,0.2,"Mya arenaria","W-Msc-140430"
-179,63,0.2,"Mya arenaria","W-Msc-140430"
-178.5,63,0.17,"Mya arenaria","W-Msc-140430"
-178,63,0.16,"Mya arenaria","W-Msc-140430"
-177.5,63,0.14,"Mya arenaria","W-Msc-140430"
-177,63,0.14,"Mya arenaria","W-Msc-140430"
-176.5,63,0.14,"Mya arenaria","W-Msc-140430"
-176,63,0.14,"Mya arenaria","W-Msc-140430"
-175.5,63,0.15,"Mya arenaria","W-Msc-140430"
-175,63,0.15,"Mya arenaria","W-Msc-140430"
-174.5,63,0.15,"Mya arenaria","W-Msc-140430"
-174,63,0.16,"Mya arenaria","W-Msc-140430"
-173.5,63,0.18,"Mya arenaria","W-Msc-140430"
-173,63,0.2,"Mya arenaria","W-Msc-140430"
-172.5,63,0.21,"Mya arenaria","W-Msc-140430"
-172,63,0.22,"Mya arenaria","W-Msc-140430"
-171.5,63,0.26,"Mya arenaria","W-Msc-140430"
-171,63,0.27,"Mya arenaria","W-Msc-140430"
-170.5,63,0.26,"Mya arenaria","W-Msc-140430"
-170,63,0.22,"Mya arenaria","W-Msc-140430"
-169.5,63,0.21,"Mya arenaria","W-Msc-140430"
-169,63,0.19,"Mya arenaria","W-Msc-140430"
-168.5,63,0.17,"Mya arenaria","W-Msc-140430"
-168,63,0.17,"Mya arenaria","W-Msc-140430"
-167.5,63,0.19,"Mya arenaria","W-Msc-140430"
-167,63,0.2,"Mya arenaria","W-Msc-140430"
-166.5,63,0.22,"Mya arenaria","W-Msc-140430"
-166,63,0.24,"Mya arenaria","W-Msc-140430"
-165.5,63,0.28,"Mya arenaria","W-Msc-140430"
-165,63,0.31,"Mya arenaria","W-Msc-140430"
-164.5,63,0.33,"Mya arenaria","W-Msc-140430"
-164,63,0.32,"Mya arenaria","W-Msc-140430"
-163.5,63,0.33,"Mya arenaria","W-Msc-140430"
-163,63,0.34,"Mya arenaria","W-Msc-140430"
-162.5,63,0.35,"Mya arenaria","W-Msc-140430"
-162,63,0.39,"Mya arenaria","W-Msc-140430"
-161.5,63,0.43,"Mya arenaria","W-Msc-140430"
-161,63,0.4,"Mya arenaria","W-Msc-140430"
-91,63,0.12,"Mya arenaria","W-Msc-140430"
-90.5,63,0.11,"Mya arenaria","W-Msc-140430"
-90,63,0.09,"Mya arenaria","W-Msc-140430"
-89.5,63,0.07,"Mya arenaria","W-Msc-140430"
-89,63,0.02,"Mya arenaria","W-Msc-140430"
-88.5,63,0.02,"Mya arenaria","W-Msc-140430"
-88,63,0.02,"Mya arenaria","W-Msc-140430"
-87.5,63,0.03,"Mya arenaria","W-Msc-140430"
-87,63,0.04,"Mya arenaria","W-Msc-140430"
-86.5,63,0.04,"Mya arenaria","W-Msc-140430"
-86,63,0.05,"Mya arenaria","W-Msc-140430"
-85.5,63,0.07,"Mya arenaria","W-Msc-140430"
-85,63,0.06,"Mya arenaria","W-Msc-140430"
-84.5,63,0.07,"Mya arenaria","W-Msc-140430"
-84,63,0.03,"Mya arenaria","W-Msc-140430"
-83.5,63,0.02,"Mya arenaria","W-Msc-140430"
-83,63,0.01,"Mya arenaria","W-Msc-140430"
-82.5,63,0.01,"Mya arenaria","W-Msc-140430"
-82,63,0.02,"Mya arenaria","W-Msc-140430"
-81.5,63,0.01,"Mya arenaria","W-Msc-140430"
-81,63,0.02,"Mya arenaria","W-Msc-140430"
-80.5,63,0.02,"Mya arenaria","W-Msc-140430"
-80,63,0.01,"Mya arenaria","W-Msc-140430"
-78.5,63,0.02,"Mya arenaria","W-Msc-140430"
-78,63,0.03,"Mya arenaria","W-Msc-140430"
-77.5,63,0.03,"Mya arenaria","W-Msc-140430"
-77,63,0.04,"Mya arenaria","W-Msc-140430"
-76.5,63,0.04,"Mya arenaria","W-Msc-140430"
-76,63,0.03,"Mya arenaria","W-Msc-140430"
-75.5,63,0.01,"Mya arenaria","W-Msc-140430"
-75,63,0.01,"Mya arenaria","W-Msc-140430"
-74.5,63,0.01,"Mya arenaria","W-Msc-140430"
-72.5,63,0.02,"Mya arenaria","W-Msc-140430"
-72,63,0.03,"Mya arenaria","W-Msc-140430"
-71.5,63,0.04,"Mya arenaria","W-Msc-140430"
-71,63,0.05,"Mya arenaria","W-Msc-140430"
-70.5,63,0.06,"Mya arenaria","W-Msc-140430"
-68,63,0.03,"Mya arenaria","W-Msc-140430"
-67.5,63,0.03,"Mya arenaria","W-Msc-140430"
-67,63,0.04,"Mya arenaria","W-Msc-140430"
-66.5,63,0.05,"Mya arenaria","W-Msc-140430"
-66,63,0.04,"Mya arenaria","W-Msc-140430"
-65.5,63,0.04,"Mya arenaria","W-Msc-140430"
-65,63,0.03,"Mya arenaria","W-Msc-140430"
-64.5,63,0.03,"Mya arenaria","W-Msc-140430"
-64,63,0.02,"Mya arenaria","W-Msc-140430"
-63.5,63,0.02,"Mya arenaria","W-Msc-140430"
-63,63,0.01,"Mya arenaria","W-Msc-140430"
-62.5,63,0.01,"Mya arenaria","W-Msc-140430"
-52.5,63,0.18,"Mya arenaria","W-Msc-140430"
-52,63,0.34,"Mya arenaria","W-Msc-140430"
-51.5,63,0.34,"Mya arenaria","W-Msc-140430"
-51,63,0.33,"Mya arenaria","W-Msc-140430"
-50.5,63,0.32,"Mya arenaria","W-Msc-140430"
-50,63,0.31,"Mya arenaria","W-Msc-140430"
-49.5,63,0.31,"Mya arenaria","W-Msc-140430"
-42,63,0.34,"Mya arenaria","W-Msc-140430"
-41.5,63,0.34,"Mya arenaria","W-Msc-140430"
-41,63,0.36,"Mya arenaria","W-Msc-140430"
-40.5,63,0.45,"Mya arenaria","W-Msc-140430"
-40,63,0.04,"Mya arenaria","W-Msc-140430"
-24,63,0.49,"Mya arenaria","W-Msc-140430"
-23.5,63,0.61,"Mya arenaria","W-Msc-140430"
-23,63,0.04,"Mya arenaria","W-Msc-140430"
-22.5,63,0.07,"Mya arenaria","W-Msc-140430"
-22,63,0.06,"Mya arenaria","W-Msc-140430"
-21.5,63,0.37,"Mya arenaria","W-Msc-140430"
-21,63,0.53,"Mya arenaria","W-Msc-140430"
-20.5,63,0.98,"Mya arenaria","W-Msc-140430"
-20,63,1,"Mya arenaria","W-Msc-140430"
-19.5,63,0.52,"Mya arenaria","W-Msc-140430"
-19,63,0.94,"Mya arenaria","W-Msc-140430"
-18.5,63,0.93,"Mya arenaria","W-Msc-140430"
-18,63,0.93,"Mya arenaria","W-Msc-140430"
-17.5,63,0.92,"Mya arenaria","W-Msc-140430"
-17,63,0.91,"Mya arenaria","W-Msc-140430"
-16.5,63,0.61,"Mya arenaria","W-Msc-140430"
-16,63,0.53,"Mya arenaria","W-Msc-140430"
-15.5,63,0.23,"Mya arenaria","W-Msc-140430"
5.5,63,0.46,"Mya arenaria","W-Msc-140430"
6,63,0.44,"Mya arenaria","W-Msc-140430"
6.5,63,0.76,"Mya arenaria","W-Msc-140430"
7,63,1,"Mya arenaria","W-Msc-140430"
7.5,63,1,"Mya arenaria","W-Msc-140430"
8,63,1,"Mya arenaria","W-Msc-140430"
8.5,63,1,"Mya arenaria","W-Msc-140430"
9,63,1,"Mya arenaria","W-Msc-140430"
9.5,63,1,"Mya arenaria","W-Msc-140430"
10,63,1,"Mya arenaria","W-Msc-140430"
10.5,63,1,"Mya arenaria","W-Msc-140430"
11,63,1,"Mya arenaria","W-Msc-140430"
18,63,0.98,"Mya arenaria","W-Msc-140430"
18.5,63,0.64,"Mya arenaria","W-Msc-140430"
19,63,0.29,"Mya arenaria","W-Msc-140430"
19.5,63,0.28,"Mya arenaria","W-Msc-140430"
20,63,0.29,"Mya arenaria","W-Msc-140430"
20.5,63,0.29,"Mya arenaria","W-Msc-140430"
21,63,0.26,"Mya arenaria","W-Msc-140430"
21.5,63,0.23,"Mya arenaria","W-Msc-140430"
22,63,0.2,"Mya arenaria","W-Msc-140430"
22.5,63,0.16,"Mya arenaria","W-Msc-140430"
179,63,0.16,"Mya arenaria","W-Msc-140430"
179.5,63,0.19,"Mya arenaria","W-Msc-140430"
-179.5,62.5,0.28,"Mya arenaria","W-Msc-140430"
-179,62.5,0.17,"Mya arenaria","W-Msc-140430"
-178.5,62.5,0.17,"Mya arenaria","W-Msc-140430"
-178,62.5,0.16,"Mya arenaria","W-Msc-140430"
-177.5,62.5,0.15,"Mya arenaria","W-Msc-140430"
-177,62.5,0.13,"Mya arenaria","W-Msc-140430"
-176.5,62.5,0.13,"Mya arenaria","W-Msc-140430"
-176,62.5,0.14,"Mya arenaria","W-Msc-140430"
-175.5,62.5,0.14,"Mya arenaria","W-Msc-140430"
-175,62.5,0.15,"Mya arenaria","W-Msc-140430"
-174.5,62.5,0.16,"Mya arenaria","W-Msc-140430"
-174,62.5,0.17,"Mya arenaria","W-Msc-140430"
-173.5,62.5,0.19,"Mya arenaria","W-Msc-140430"
-173,62.5,0.2,"Mya arenaria","W-Msc-140430"
-172.5,62.5,0.2,"Mya arenaria","W-Msc-140430"
-172,62.5,0.22,"Mya arenaria","W-Msc-140430"
-171.5,62.5,0.23,"Mya arenaria","W-Msc-140430"
-171,62.5,0.23,"Mya arenaria","W-Msc-140430"
-170.5,62.5,0.24,"Mya arenaria","W-Msc-140430"
-170,62.5,0.24,"Mya arenaria","W-Msc-140430"
-169.5,62.5,0.24,"Mya arenaria","W-Msc-140430"
-169,62.5,0.23,"Mya arenaria","W-Msc-140430"
-168.5,62.5,0.21,"Mya arenaria","W-Msc-140430"
-168,62.5,0.2,"Mya arenaria","W-Msc-140430"
-167.5,62.5,0.17,"Mya arenaria","W-Msc-140430"
-167,62.5,0.13,"Mya arenaria","W-Msc-140430"
-166.5,62.5,0.18,"Mya arenaria","W-Msc-140430"
-166,62.5,0.29,"Mya arenaria","W-Msc-140430"
-165.5,62.5,0.33,"Mya arenaria","W-Msc-140430"
-165,62.5,0.37,"Mya arenaria","W-Msc-140430"
-164.5,62.5,0.38,"Mya arenaria","W-Msc-140430"
-92.5,62.5,0.14,"Mya arenaria","W-Msc-140430"
-92,62.5,0.13,"Mya arenaria","W-Msc-140430"
-91.5,62.5,0.13,"Mya arenaria","W-Msc-140430"
-91,62.5,0.12,"Mya arenaria","W-Msc-140430"
-90.5,62.5,0.1,"Mya arenaria","W-Msc-140430"
-90,62.5,0.08,"Mya arenaria","W-Msc-140430"
-89.5,62.5,0.01,"Mya arenaria","W-Msc-140430"
-89,62.5,0.01,"Mya arenaria","W-Msc-140430"
-88.5,62.5,0.01,"Mya arenaria","W-Msc-140430"
-88,62.5,0.01,"Mya arenaria","W-Msc-140430"
-87.5,62.5,0.01,"Mya arenaria","W-Msc-140430"
-87,62.5,0.01,"Mya arenaria","W-Msc-140430"
-86.5,62.5,0.01,"Mya arenaria","W-Msc-140430"
-86,62.5,0.02,"Mya arenaria","W-Msc-140430"
-85.5,62.5,0.02,"Mya arenaria","W-Msc-140430"
-85,62.5,0.02,"Mya arenaria","W-Msc-140430"
-84.5,62.5,0.02,"Mya arenaria","W-Msc-140430"
-84,62.5,0.02,"Mya arenaria","W-Msc-140430"
-83.5,62.5,0.03,"Mya arenaria","W-Msc-140430"
-83,62.5,0.03,"Mya arenaria","W-Msc-140430"
-82.5,62.5,0.03,"Mya arenaria","W-Msc-140430"
-82,62.5,0.02,"Mya arenaria","W-Msc-140430"
-81.5,62.5,0.03,"Mya arenaria","W-Msc-140430"
-81,62.5,0.01,"Mya arenaria","W-Msc-140430"
-79,62.5,0.01,"Mya arenaria","W-Msc-140430"
-78.5,62.5,0.01,"Mya arenaria","W-Msc-140430"
-78,62.5,0.02,"Mya arenaria","W-Msc-140430"
-77.5,62.5,0.02,"Mya arenaria","W-Msc-140430"
-77,62.5,0.02,"Mya arenaria","W-Msc-140430"
-76.5,62.5,0.02,"Mya arenaria","W-Msc-140430"
-76,62.5,0.02,"Mya arenaria","W-Msc-140430"
-75.5,62.5,0.01,"Mya arenaria","W-Msc-140430"
-75,62.5,0.01,"Mya arenaria","W-Msc-140430"
-74.5,62.5,0.02,"Mya arenaria","W-Msc-140430"
-74,62.5,0.03,"Mya arenaria","W-Msc-140430"
-73.5,62.5,0.03,"Mya arenaria","W-Msc-140430"
-73,62.5,0.02,"Mya arenaria","W-Msc-140430"
-71.5,62.5,0.03,"Mya arenaria","W-Msc-140430"
-71,62.5,0.06,"Mya arenaria","W-Msc-140430"
-70.5,62.5,0.06,"Mya arenaria","W-Msc-140430"
-70,62.5,0.07,"Mya arenaria","W-Msc-140430"
-69.5,62.5,0.07,"Mya arenaria","W-Msc-140430"
-69,62.5,0.06,"Mya arenaria","W-Msc-140430"
-67.5,62.5,0.04,"Mya arenaria","W-Msc-140430"
-67,62.5,0.04,"Mya arenaria","W-Msc-140430"
-66.5,62.5,0.05,"Mya arenaria","W-Msc-140430"
-66,62.5,0.05,"Mya arenaria","W-Msc-140430"
-65.5,62.5,0.05,"Mya arenaria","W-Msc-140430"
-65,62.5,0.04,"Mya arenaria","W-Msc-140430"
-64.5,62.5,0.03,"Mya arenaria","W-Msc-140430"
-64,62.5,0.02,"Mya arenaria","W-Msc-140430"
-63.5,62.5,0.02,"Mya arenaria","W-Msc-140430"
-63,62.5,0.02,"Mya arenaria","W-Msc-140430"
-62.5,62.5,0.01,"Mya arenaria","W-Msc-140430"
-51.5,62.5,0.28,"Mya arenaria","W-Msc-140430"
-51,62.5,0.33,"Mya arenaria","W-Msc-140430"
-50.5,62.5,0.32,"Mya arenaria","W-Msc-140430"
-50,62.5,0.31,"Mya arenaria","W-Msc-140430"
-49.5,62.5,0.3,"Mya arenaria","W-Msc-140430"
-43,62.5,0.36,"Mya arenaria","W-Msc-140430"
-42.5,62.5,0.35,"Mya arenaria","W-Msc-140430"
-42,62.5,0.34,"Mya arenaria","W-Msc-140430"
-41.5,62.5,0.33,"Mya arenaria","W-Msc-140430"
-41,62.5,0.41,"Mya arenaria","W-Msc-140430"
-40.5,62.5,0.14,"Mya arenaria","W-Msc-140430"
-8,62.5,0.07,"Mya arenaria","W-Msc-140430"
-7.5,62.5,0.38,"Mya arenaria","W-Msc-140430"
-7,62.5,0.55,"Mya arenaria","W-Msc-140430"
-6.5,62.5,0.53,"Mya arenaria","W-Msc-140430"
-6,62.5,0.68,"Mya arenaria","W-Msc-140430"
-5.5,62.5,0.3,"Mya arenaria","W-Msc-140430"
-5,62.5,0.01,"Mya arenaria","W-Msc-140430"
4,62.5,0.11,"Mya arenaria","W-Msc-140430"
4.5,62.5,0.21,"Mya arenaria","W-Msc-140430"
5,62.5,0.46,"Mya arenaria","W-Msc-140430"
5.5,62.5,0.73,"Mya arenaria","W-Msc-140430"
6,62.5,1,"Mya arenaria","W-Msc-140430"
6.5,62.5,1,"Mya arenaria","W-Msc-140430"
7,62.5,1,"Mya arenaria","W-Msc-140430"
7.5,62.5,1,"Mya arenaria","W-Msc-140430"
8,62.5,1,"Mya arenaria","W-Msc-140430"
8.5,62.5,1,"Mya arenaria","W-Msc-140430"
9,62.5,1,"Mya arenaria","W-Msc-140430"
17.5,62.5,0.97,"Mya arenaria","W-Msc-140430"
18,62.5,0.64,"Mya arenaria","W-Msc-140430"
18.5,62.5,0.3,"Mya arenaria","W-Msc-140430"
19,62.5,0.22,"Mya arenaria","W-Msc-140430"
19.5,62.5,0.05,"Mya arenaria","W-Msc-140430"
20,62.5,0.09,"Mya arenaria","W-Msc-140430"
20.5,62.5,0.15,"Mya arenaria","W-Msc-140430"
21,62.5,0.22,"Mya arenaria","W-Msc-140430"
21.5,62.5,0.21,"Mya arenaria","W-Msc-140430"
163.5,62.5,0.25,"Mya arenaria","W-Msc-140430"
164,62.5,0.26,"Mya arenaria","W-Msc-140430"
164.5,62.5,0.27,"Mya arenaria","W-Msc-140430"
165,62.5,0.28,"Mya arenaria","W-Msc-140430"
165.5,62.5,0.29,"Mya arenaria","W-Msc-140430"
177,62.5,0.3,"Mya arenaria","W-Msc-140430"
177.5,62.5,0.29,"Mya arenaria","W-Msc-140430"
178,62.5,0.28,"Mya arenaria","W-Msc-140430"
178.5,62.5,0.27,"Mya arenaria","W-Msc-140430"
179.5,62.5,0.26,"Mya arenaria","W-Msc-140430"
-179.5,62,0.3,"Mya arenaria","W-Msc-140430"
-179,62,0.26,"Mya arenaria","W-Msc-140430"
-178.5,62,0.16,"Mya arenaria","W-Msc-140430"
-178,62,0.15,"Mya arenaria","W-Msc-140430"
-177.5,62,0.15,"Mya arenaria","W-Msc-140430"
-177,62,0.14,"Mya arenaria","W-Msc-140430"
-176.5,62,0.14,"Mya arenaria","W-Msc-140430"
-176,62,0.14,"Mya arenaria","W-Msc-140430"
-175.5,62,0.14,"Mya arenaria","W-Msc-140430"
-175,62,0.15,"Mya arenaria","W-Msc-140430"
-174.5,62,0.17,"Mya arenaria","W-Msc-140430"
-174,62,0.18,"Mya arenaria","W-Msc-140430"
-173.5,62,0.19,"Mya arenaria","W-Msc-140430"
-173,62,0.2,"Mya arenaria","W-Msc-140430"
-172.5,62,0.21,"Mya arenaria","W-Msc-140430"
-172,62,0.21,"Mya arenaria","W-Msc-140430"
-171.5,62,0.21,"Mya arenaria","W-Msc-140430"
-171,62,0.22,"Mya arenaria","W-Msc-140430"
-170.5,62,0.22,"Mya arenaria","W-Msc-140430"
-170,62,0.21,"Mya arenaria","W-Msc-140430"
-169.5,62,0.18,"Mya arenaria","W-Msc-140430"
-169,62,0.14,"Mya arenaria","W-Msc-140430"
-168.5,62,0.11,"Mya arenaria","W-Msc-140430"
-168,62,0.1,"Mya arenaria","W-Msc-140430"
-167.5,62,0.1,"Mya arenaria","W-Msc-140430"
-167,62,0.13,"Mya arenaria","W-Msc-140430"
-166.5,62,0.22,"Mya arenaria","W-Msc-140430"
-166,62,0.33,"Mya arenaria","W-Msc-140430"
-165.5,62,0.37,"Mya arenaria","W-Msc-140430"
-165,62,0.38,"Mya arenaria","W-Msc-140430"
-93,62,0.15,"Mya arenaria","W-Msc-140430"
-92.5,62,0.14,"Mya arenaria","W-Msc-140430"
-92,62,0.1,"Mya arenaria","W-Msc-140430"
-91.5,62,0.06,"Mya arenaria","W-Msc-140430"
-91,62,0.04,"Mya arenaria","W-Msc-140430"
-90.5,62,0.02,"Mya arenaria","W-Msc-140430"
-90,62,0.01,"Mya arenaria","W-Msc-140430"
-89.5,62,0.01,"Mya arenaria","W-Msc-140430"
-89,62,0.01,"Mya arenaria","W-Msc-140430"
-88.5,62,0.01,"Mya arenaria","W-Msc-140430"
-88,62,0.01,"Mya arenaria","W-Msc-140430"
-87.5,62,0.01,"Mya arenaria","W-Msc-140430"
-87,62,0.01,"Mya arenaria","W-Msc-140430"
-86.5,62,0.01,"Mya arenaria","W-Msc-140430"
-86,62,0.01,"Mya arenaria","W-Msc-140430"
-85.5,62,0.01,"Mya arenaria","W-Msc-140430"
-85,62,0.01,"Mya arenaria","W-Msc-140430"
-84.5,62,0.01,"Mya arenaria","W-Msc-140430"
-84,62,0.02,"Mya arenaria","W-Msc-140430"
-83.5,62,0.02,"Mya arenaria","W-Msc-140430"
-83,62,0.03,"Mya arenaria","W-Msc-140430"
-82.5,62,0.04,"Mya arenaria","W-Msc-140430"
-82,62,0.02,"Mya arenaria","W-Msc-140430"
-81.5,62,0.01,"Mya arenaria","W-Msc-140430"
-80.5,62,0.01,"Mya arenaria","W-Msc-140430"
-80,62,0.02,"Mya arenaria","W-Msc-140430"
-79.5,62,0.02,"Mya arenaria","W-Msc-140430"
-79,62,0.03,"Mya arenaria","W-Msc-140430"
-78.5,62,0.01,"Mya arenaria","W-Msc-140430"
-78,62,0.03,"Mya arenaria","W-Msc-140430"
-77.5,62,0.04,"Mya arenaria","W-Msc-140430"
-76.5,62,0.04,"Mya arenaria","W-Msc-140430"
-76,62,0.04,"Mya arenaria","W-Msc-140430"
-75.5,62,0.03,"Mya arenaria","W-Msc-140430"
-75,62,0.02,"Mya arenaria","W-Msc-140430"
-74.5,62,0.02,"Mya arenaria","W-Msc-140430"
-74,62,0.02,"Mya arenaria","W-Msc-140430"
-73.5,62,0.03,"Mya arenaria","W-Msc-140430"
-73,62,0.03,"Mya arenaria","W-Msc-140430"
-72.5,62,0.02,"Mya arenaria","W-Msc-140430"
-72,62,0.02,"Mya arenaria","W-Msc-140430"
-71.5,62,0.02,"Mya arenaria","W-Msc-140430"
-70.5,62,0.03,"Mya arenaria","W-Msc-140430"
-70,62,0.07,"Mya arenaria","W-Msc-140430"
-69.5,62,0.07,"Mya arenaria","W-Msc-140430"
-69,62,0.07,"Mya arenaria","W-Msc-140430"
-68.5,62,0.06,"Mya arenaria","W-Msc-140430"
-68,62,0.05,"Mya arenaria","W-Msc-140430"
-67.5,62,0.04,"Mya arenaria","W-Msc-140430"
-67,62,0.04,"Mya arenaria","W-Msc-140430"
-66.5,62,0.04,"Mya arenaria","W-Msc-140430"
-66,62,0.04,"Mya arenaria","W-Msc-140430"
-65.5,62,0.03,"Mya arenaria","W-Msc-140430"
-65,62,0.02,"Mya arenaria","W-Msc-140430"
-64.5,62,0.03,"Mya arenaria","W-Msc-140430"
-64,62,0.04,"Mya arenaria","W-Msc-140430"
-63.5,62,0.03,"Mya arenaria","W-Msc-140430"
-51,62,0.36,"Mya arenaria","W-Msc-140430"
-50.5,62,0.33,"Mya arenaria","W-Msc-140430"
-50,62,0.31,"Mya arenaria","W-Msc-140430"
-49.5,62,0.29,"Mya arenaria","W-Msc-140430"
-49,62,0.29,"Mya arenaria","W-Msc-140430"
-48.5,62,0.3,"Mya arenaria","W-Msc-140430"
-42.5,62,0.36,"Mya arenaria","W-Msc-140430"
-42,62,0.33,"Mya arenaria","W-Msc-140430"
-41.5,62,0.36,"Mya arenaria","W-Msc-140430"
-41,62,0.08,"Mya arenaria","W-Msc-140430"
-40.5,62,0.07,"Mya arenaria","W-Msc-140430"
-8.5,62,0.11,"Mya arenaria","W-Msc-140430"
-8,62,0.45,"Mya arenaria","W-Msc-140430"
-7.5,62,0.89,"Mya arenaria","W-Msc-140430"
-7,62,0.89,"Mya arenaria","W-Msc-140430"
-6.5,62,0.9,"Mya arenaria","W-Msc-140430"
-6,62,0.9,"Mya arenaria","W-Msc-140430"
-5.5,62,0.73,"Mya arenaria","W-Msc-140430"
-5,62,0.39,"Mya arenaria","W-Msc-140430"
-4.5,62,0.18,"Mya arenaria","W-Msc-140430"
4,62,0.12,"Mya arenaria","W-Msc-140430"
4.5,62,0.26,"Mya arenaria","W-Msc-140430"
5,62,0.91,"Mya arenaria","W-Msc-140430"
5.5,62,1,"Mya arenaria","W-Msc-140430"
6,62,1,"Mya arenaria","W-Msc-140430"
6.5,62,1,"Mya arenaria","W-Msc-140430"
7,62,1,"Mya arenaria","W-Msc-140430"
7.5,62,1,"Mya arenaria","W-Msc-140430"
17.5,62,0.64,"Mya arenaria","W-Msc-140430"
18,62,0.32,"Mya arenaria","W-Msc-140430"
18.5,62,0.27,"Mya arenaria","W-Msc-140430"
19,62,0.15,"Mya arenaria","W-Msc-140430"
19.5,62,0.11,"Mya arenaria","W-Msc-140430"
20,62,0.08,"Mya arenaria","W-Msc-140430"
20.5,62,0.06,"Mya arenaria","W-Msc-140430"
21,62,0.06,"Mya arenaria","W-Msc-140430"
21.5,62,0.08,"Mya arenaria","W-Msc-140430"
163.5,62,0.26,"Mya arenaria","W-Msc-140430"
164,62,0.31,"Mya arenaria","W-Msc-140430"
164.5,62,0.32,"Mya arenaria","W-Msc-140430"
165,62,0.33,"Mya arenaria","W-Msc-140430"
165.5,62,0.34,"Mya arenaria","W-Msc-140430"
175.5,62,0.34,"Mya arenaria","W-Msc-140430"
176,62,0.36,"Mya arenaria","W-Msc-140430"
176.5,62,0.37,"Mya arenaria","W-Msc-140430"
177,62,0.37,"Mya arenaria","W-Msc-140430"
177.5,62,0.35,"Mya arenaria","W-Msc-140430"
178,62,0.37,"Mya arenaria","W-Msc-140430"
178.5,62,0.36,"Mya arenaria","W-Msc-140430"
179,62,0.35,"Mya arenaria","W-Msc-140430"
179.5,62,0.33,"Mya arenaria","W-Msc-140430"
-179.5,61.5,0.29,"Mya arenaria","W-Msc-140430"
-179,61.5,0.28,"Mya arenaria","W-Msc-140430"
-178.5,61.5,0.17,"Mya arenaria","W-Msc-140430"
-178,61.5,0.16,"Mya arenaria","W-Msc-140430"
-177.5,61.5,0.15,"Mya arenaria","W-Msc-140430"
-177,61.5,0.15,"Mya arenaria","W-Msc-140430"
-176.5,61.5,0.13,"Mya arenaria","W-Msc-140430"
-176,61.5,0.14,"Mya arenaria","W-Msc-140430"
-175.5,61.5,0.14,"Mya arenaria","W-Msc-140430"
-175,61.5,0.15,"Mya arenaria","W-Msc-140430"
-174.5,61.5,0.18,"Mya arenaria","W-Msc-140430"
-174,61.5,0.18,"Mya arenaria","W-Msc-140430"
-173.5,61.5,0.18,"Mya arenaria","W-Msc-140430"
-173,61.5,0.2,"Mya arenaria","W-Msc-140430"
-172.5,61.5,0.2,"Mya arenaria","W-Msc-140430"
-172,61.5,0.2,"Mya arenaria","W-Msc-140430"
-171.5,61.5,0.2,"Mya arenaria","W-Msc-140430"
-171,61.5,0.19,"Mya arenaria","W-Msc-140430"
-170.5,61.5,0.17,"Mya arenaria","W-Msc-140430"
-170,61.5,0.14,"Mya arenaria","W-Msc-140430"
-169.5,61.5,0.12,"Mya arenaria","W-Msc-140430"
-169,61.5,0.1,"Mya arenaria","W-Msc-140430"
-168.5,61.5,0.08,"Mya arenaria","W-Msc-140430"
-168,61.5,0.08,"Mya arenaria","W-Msc-140430"
-167.5,61.5,0.1,"Mya arenaria","W-Msc-140430"
-167,61.5,0.13,"Mya arenaria","W-Msc-140430"
-166.5,61.5,0.23,"Mya arenaria","W-Msc-140430"
-166,61.5,0.36,"Mya arenaria","W-Msc-140430"
-165.5,61.5,0.39,"Mya arenaria","W-Msc-140430"
-149.5,61.5,0.79,"Mya arenaria","W-Msc-140430"
-149,61.5,0.81,"Mya arenaria","W-Msc-140430"
-93.5,61.5,0.16,"Mya arenaria","W-Msc-140430"
-93,61.5,0.13,"Mya arenaria","W-Msc-140430"
-92.5,61.5,0.07,"Mya arenaria","W-Msc-140430"
-92,61.5,0.04,"Mya arenaria","W-Msc-140430"
-91.5,61.5,0.02,"Mya arenaria","W-Msc-140430"
-91,61.5,0.01,"Mya arenaria","W-Msc-140430"
-90.5,61.5,0.01,"Mya arenaria","W-Msc-140430"
-90,61.5,0.01,"Mya arenaria","W-Msc-140430"
-89.5,61.5,0.01,"Mya arenaria","W-Msc-140430"
-89,61.5,0.01,"Mya arenaria","W-Msc-140430"
-83.5,61.5,0.01,"Mya arenaria","W-Msc-140430"
-83,61.5,0.01,"Mya arenaria","W-Msc-140430"
-82.5,61.5,0.01,"Mya arenaria","W-Msc-140430"
-80.5,61.5,0.02,"Mya arenaria","W-Msc-140430"
-80,61.5,0.04,"Mya arenaria","W-Msc-140430"
-79.5,61.5,0.03,"Mya arenaria","W-Msc-140430"
-79,61.5,0.02,"Mya arenaria","W-Msc-140430"
-78.5,61.5,0.01,"Mya arenaria","W-Msc-140430"
-78,61.5,0.04,"Mya arenaria","W-Msc-140430"
-77.5,61.5,0.06,"Mya arenaria","W-Msc-140430"
-77,61.5,0.06,"Mya arenaria","W-Msc-140430"
-72.5,61.5,0.04,"Mya arenaria","W-Msc-140430"
-72,61.5,0.03,"Mya arenaria","W-Msc-140430"
-71.5,61.5,0.03,"Mya arenaria","W-Msc-140430"
-71,61.5,0.03,"Mya arenaria","W-Msc-140430"
-70.5,61.5,0.01,"Mya arenaria","W-Msc-140430"
-68,61.5,0.01,"Mya arenaria","W-Msc-140430"
-67.5,61.5,0.02,"Mya arenaria","W-Msc-140430"
-67,61.5,0.04,"Mya arenaria","W-Msc-140430"
-66.5,61.5,0.04,"Mya arenaria","W-Msc-140430"
-66,61.5,0.03,"Mya arenaria","W-Msc-140430"
-65.5,61.5,0.03,"Mya arenaria","W-Msc-140430"
-65,61.5,0.03,"Mya arenaria","W-Msc-140430"
-64.5,61.5,0.04,"Mya arenaria","W-Msc-140430"
-64,61.5,0.04,"Mya arenaria","W-Msc-140430"
-50.5,61.5,0.36,"Mya arenaria","W-Msc-140430"
-50,61.5,0.31,"Mya arenaria","W-Msc-140430"
-49.5,61.5,0.29,"Mya arenaria","W-Msc-140430"
-49,61.5,0.27,"Mya arenaria","W-Msc-140430"
-48.5,61.5,0.29,"Mya arenaria","W-Msc-140430"
-48,61.5,0.29,"Mya arenaria","W-Msc-140430"
-43,61.5,0.37,"Mya arenaria","W-Msc-140430"
-42.5,61.5,0.37,"Mya arenaria","W-Msc-140430"
-42,61.5,0.35,"Mya arenaria","W-Msc-140430"
-41.5,61.5,0.43,"Mya arenaria","W-Msc-140430"
-41,61.5,0.12,"Mya arenaria","W-Msc-140430"
-40.5,61.5,0.05,"Mya arenaria","W-Msc-140430"
-8,61.5,0.29,"Mya arenaria","W-Msc-140430"
-7.5,61.5,0.4,"Mya arenaria","W-Msc-140430"
-7,61.5,0.89,"Mya arenaria","W-Msc-140430"
-6.5,61.5,0.9,"Mya arenaria","W-Msc-140430"
-6,61.5,0.86,"Mya arenaria","W-Msc-140430"
-5.5,61.5,0.34,"Mya arenaria","W-Msc-140430"
-5,61.5,0.22,"Mya arenaria","W-Msc-140430"
-0.5,61.5,0.1,"Mya arenaria","W-Msc-140430"
0,61.5,0.09,"Mya arenaria","W-Msc-140430"
0.5,61.5,0.13,"Mya arenaria","W-Msc-140430"
1,61.5,0.12,"Mya arenaria","W-Msc-140430"
1.5,61.5,0.13,"Mya arenaria","W-Msc-140430"
2,61.5,0.15,"Mya arenaria","W-Msc-140430"
4.5,61.5,0.26,"Mya arenaria","W-Msc-140430"
5,61.5,1,"Mya arenaria","W-Msc-140430"
5.5,61.5,1,"Mya arenaria","W-Msc-140430"
6,61.5,1,"Mya arenaria","W-Msc-140430"
6.5,61.5,1,"Mya arenaria","W-Msc-140430"
7,61.5,1,"Mya arenaria","W-Msc-140430"
17.5,61.5,0.31,"Mya arenaria","W-Msc-140430"
18,61.5,0.32,"Mya arenaria","W-Msc-140430"
18.5,61.5,0.2,"Mya arenaria","W-Msc-140430"
19,61.5,0.11,"Mya arenaria","W-Msc-140430"
19.5,61.5,0.08,"Mya arenaria","W-Msc-140430"
20,61.5,0.04,"Mya arenaria","W-Msc-140430"
20.5,61.5,0.02,"Mya arenaria","W-Msc-140430"
21,61.5,0.03,"Mya arenaria","W-Msc-140430"
21.5,61.5,0.07,"Mya arenaria","W-Msc-140430"
22,61.5,0.22,"Mya arenaria","W-Msc-140430"
157,61.5,0.41,"Mya arenaria","W-Msc-140430"
157.5,61.5,0.45,"Mya arenaria","W-Msc-140430"
158,61.5,0.51,"Mya arenaria","W-Msc-140430"
158.5,61.5,0.5,"Mya arenaria","W-Msc-140430"
159,61.5,0.49,"Mya arenaria","W-Msc-140430"
159.5,61.5,0.48,"Mya arenaria","W-Msc-140430"
160,61.5,0.46,"Mya arenaria","W-Msc-140430"
160.5,61.5,0.44,"Mya arenaria","W-Msc-140430"
162.5,61.5,0.3,"Mya arenaria","W-Msc-140430"
163,61.5,0.27,"Mya arenaria","W-Msc-140430"
163.5,61.5,0.25,"Mya arenaria","W-Msc-140430"
164,61.5,0.35,"Mya arenaria","W-Msc-140430"
164.5,61.5,0.36,"Mya arenaria","W-Msc-140430"
173.5,61.5,0.37,"Mya arenaria","W-Msc-140430"
174,61.5,0.37,"Mya arenaria","W-Msc-140430"
174.5,61.5,0.39,"Mya arenaria","W-Msc-140430"
175,61.5,0.39,"Mya arenaria","W-Msc-140430"
175.5,61.5,0.41,"Mya arenaria","W-Msc-140430"
176,61.5,0.03,"Mya arenaria","W-Msc-140430"
177.5,61.5,0.33,"Mya arenaria","W-Msc-140430"
178,61.5,0.44,"Mya arenaria","W-Msc-140430"
178.5,61.5,0.42,"Mya arenaria","W-Msc-140430"
179,61.5,0.4,"Mya arenaria","W-Msc-140430"
179.5,61.5,0.3,"Mya arenaria","W-Msc-140430"
-179.5,61,0.15,"Mya arenaria","W-Msc-140430"
-179,61,0.14,"Mya arenaria","W-Msc-140430"
-178.5,61,0.2,"Mya arenaria","W-Msc-140430"
-178,61,0.14,"Mya arenaria","W-Msc-140430"
-177.5,61,0.15,"Mya arenaria","W-Msc-140430"
-177,61,0.16,"Mya arenaria","W-Msc-140430"
-176.5,61,0.15,"Mya arenaria","W-Msc-140430"
-176,61,0.15,"Mya arenaria","W-Msc-140430"
-175.5,61,0.19,"Mya arenaria","W-Msc-140430"
-175,61,0.22,"Mya arenaria","W-Msc-140430"
-174.5,61,0.17,"Mya arenaria","W-Msc-140430"
-174,61,0.18,"Mya arenaria","W-Msc-140430"
-173.5,61,0.18,"Mya arenaria","W-Msc-140430"
-173,61,0.19,"Mya arenaria","W-Msc-140430"
-172.5,61,0.19,"Mya arenaria","W-Msc-140430"
-172,61,0.18,"Mya arenaria","W-Msc-140430"
-171.5,61,0.19,"Mya arenaria","W-Msc-140430"
-171,61,0.2,"Mya arenaria","W-Msc-140430"
-170.5,61,0.19,"Mya arenaria","W-Msc-140430"
-170,61,0.16,"Mya arenaria","W-Msc-140430"
-169.5,61,0.13,"Mya arenaria","W-Msc-140430"
-169,61,0.11,"Mya arenaria","W-Msc-140430"
-168.5,61,0.1,"Mya arenaria","W-Msc-140430"
-168,61,0.1,"Mya arenaria","W-Msc-140430"
-167.5,61,0.11,"Mya arenaria","W-Msc-140430"
-167,61,0.13,"Mya arenaria","W-Msc-140430"
-166.5,61,0.21,"Mya arenaria","W-Msc-140430"
-166,61,0.32,"Mya arenaria","W-Msc-140430"
-165.5,61,0.41,"Mya arenaria","W-Msc-140430"
-165,61,0.41,"Mya arenaria","W-Msc-140430"
-164.5,61,0.42,"Mya arenaria","W-Msc-140430"
-151.5,61,0.76,"Mya arenaria","W-Msc-140430"
-151,61,0.78,"Mya arenaria","W-Msc-140430"
-150.5,61,0.82,"Mya arenaria","W-Msc-140430"
-150,61,0.84,"Mya arenaria","W-Msc-140430"
-149.5,61,0.88,"Mya arenaria","W-Msc-140430"
-149,61,0.91,"Mya arenaria","W-Msc-140430"
-148,61,0.97,"Mya arenaria","W-Msc-140430"
-147.5,61,0.97,"Mya arenaria","W-Msc-140430"
-147,61,0.97,"Mya arenaria","W-Msc-140430"
-146.5,61,0.97,"Mya arenaria","W-Msc-140430"
-146,61,0.96,"Mya arenaria","W-Msc-140430"
-94,61,0.16,"Mya arenaria","W-Msc-140430"
-93.5,61,0.14,"Mya arenaria","W-Msc-140430"
-93,61,0.06,"Mya arenaria","W-Msc-140430"
-92.5,61,0.03,"Mya arenaria","W-Msc-140430"
-92,61,0.02,"Mya arenaria","W-Msc-140430"
-91.5,61,0.01,"Mya arenaria","W-Msc-140430"
-91,61,0.01,"Mya arenaria","W-Msc-140430"
-90.5,61,0.01,"Mya arenaria","W-Msc-140430"
-90,61,0.01,"Mya arenaria","W-Msc-140430"
-89.5,61,0.01,"Mya arenaria","W-Msc-140430"
-83,61,0.01,"Mya arenaria","W-Msc-140430"
-80.5,61,0.01,"Mya arenaria","W-Msc-140430"
-80,61,0.01,"Mya arenaria","W-Msc-140430"
-79.5,61,0.01,"Mya arenaria","W-Msc-140430"
-79,61,0.01,"Mya arenaria","W-Msc-140430"
-78.5,61,0.01,"Mya arenaria","W-Msc-140430"
-78,61,0.04,"Mya arenaria","W-Msc-140430"
-77.5,61,0.09,"Mya arenaria","W-Msc-140430"
-71.5,61,0.05,"Mya arenaria","W-Msc-140430"
-71,61,0.04,"Mya arenaria","W-Msc-140430"
-70.5,61,0.03,"Mya arenaria","W-Msc-140430"
-70,61,0.03,"Mya arenaria","W-Msc-140430"
-69.5,61,0.03,"Mya arenaria","W-Msc-140430"
-69,61,0.03,"Mya arenaria","W-Msc-140430"
-68.5,61,0.01,"Mya arenaria","W-Msc-140430"
-65.5,61,0.03,"Mya arenaria","W-Msc-140430"
-65,61,0.03,"Mya arenaria","W-Msc-140430"
-64.5,61,0.04,"Mya arenaria","W-Msc-140430"
-64,61,0.02,"Mya arenaria","W-Msc-140430"
-50,61,0.23,"Mya arenaria","W-Msc-140430"
-49.5,61,0.33,"Mya arenaria","W-Msc-140430"
-49,61,0.3,"Mya arenaria","W-Msc-140430"
-48.5,61,0.3,"Mya arenaria","W-Msc-140430"
-48,61,0.3,"Mya arenaria","W-Msc-140430"
-47.5,61,0.29,"Mya arenaria","W-Msc-140430"
-46.5,61,0.28,"Mya arenaria","W-Msc-140430"
-46,61,0.28,"Mya arenaria","W-Msc-140430"
-45.5,61,0.28,"Mya arenaria","W-Msc-140430"
-45,61,0.28,"Mya arenaria","W-Msc-140430"
-43.5,61,0.34,"Mya arenaria","W-Msc-140430"
-43,61,0.38,"Mya arenaria","W-Msc-140430"
-42.5,61,0.36,"Mya arenaria","W-Msc-140430"
-42,61,0.39,"Mya arenaria","W-Msc-140430"
-41.5,61,0.17,"Mya arenaria","W-Msc-140430"
-41,61,0.04,"Mya arenaria","W-Msc-140430"
-9,61,0.13,"Mya arenaria","W-Msc-140430"
-8.5,61,0.54,"Mya arenaria","W-Msc-140430"
-8,61,0.58,"Mya arenaria","W-Msc-140430"
-7.5,61,0.3,"Mya arenaria","W-Msc-140430"
-7,61,0.62,"Mya arenaria","W-Msc-140430"
-6.5,61,0.89,"Mya arenaria","W-Msc-140430"
-6,61,0.72,"Mya arenaria","W-Msc-140430"
-5.5,61,0.05,"Mya arenaria","W-Msc-140430"
-5,61,0.03,"Mya arenaria","W-Msc-140430"
-1.5,61,0.27,"Mya arenaria","W-Msc-140430"
-1,61,0.4,"Mya arenaria","W-Msc-140430"
-0.5,61,0.43,"Mya arenaria","W-Msc-140430"
0,61,0.39,"Mya arenaria","W-Msc-140430"
0.5,61,0.39,"Mya arenaria","W-Msc-140430"
1,61,0.34,"Mya arenaria","W-Msc-140430"
1.5,61,0.26,"Mya arenaria","W-Msc-140430"
2,61,0.32,"Mya arenaria","W-Msc-140430"
2.5,61,0.36,"Mya arenaria","W-Msc-140430"
3,61,0.35,"Mya arenaria","W-Msc-140430"
5,61,1,"Mya arenaria","W-Msc-140430"
5.5,61,1,"Mya arenaria","W-Msc-140430"
6,61,1,"Mya arenaria","W-Msc-140430"
6.5,61,1,"Mya arenaria","W-Msc-140430"
7,61,1,"Mya arenaria","W-Msc-140430"
7.5,61,1,"Mya arenaria","W-Msc-140430"
8,61,1,"Mya arenaria","W-Msc-140430"
17.5,61,0.3,"Mya arenaria","W-Msc-140430"
18,61,0.22,"Mya arenaria","W-Msc-140430"
18.5,61,0.11,"Mya arenaria","W-Msc-140430"
19,61,0.08,"Mya arenaria","W-Msc-140430"
19.5,61,0.05,"Mya arenaria","W-Msc-140430"
20,61,0.03,"Mya arenaria","W-Msc-140430"
20.5,61,0.03,"Mya arenaria","W-Msc-140430"
21,61,0.04,"Mya arenaria","W-Msc-140430"
21.5,61,0.08,"Mya arenaria","W-Msc-140430"
22,61,0.26,"Mya arenaria","W-Msc-140430"
156.5,61,0.4,"Mya arenaria","W-Msc-140430"
157,61,0.44,"Mya arenaria","W-Msc-140430"
157.5,61,0.25,"Mya arenaria","W-Msc-140430"
158,61,0.33,"Mya arenaria","W-Msc-140430"
158.5,61,0.39,"Mya arenaria","W-Msc-140430"
159,61,0.44,"Mya arenaria","W-Msc-140430"
159.5,61,0.46,"Mya arenaria","W-Msc-140430"
160,61,0.47,"Mya arenaria","W-Msc-140430"
160.5,61,0.39,"Mya arenaria","W-Msc-140430"
161.5,61,0.31,"Mya arenaria","W-Msc-140430"
162,61,0.28,"Mya arenaria","W-Msc-140430"
162.5,61,0.28,"Mya arenaria","W-Msc-140430"
163,61,0.3,"Mya arenaria","W-Msc-140430"
163.5,61,0.36,"Mya arenaria","W-Msc-140430"
164,61,0.41,"Mya arenaria","W-Msc-140430"
164.5,61,0.41,"Mya arenaria","W-Msc-140430"
172.5,61,0.43,"Mya arenaria","W-Msc-140430"
173,61,0.42,"Mya arenaria","W-Msc-140430"
173.5,61,0.42,"Mya arenaria","W-Msc-140430"
174,61,0.43,"Mya arenaria","W-Msc-140430"
174.5,61,0.12,"Mya arenaria","W-Msc-140430"
175,61,0.49,"Mya arenaria","W-Msc-140430"
175.5,61,0.47,"Mya arenaria","W-Msc-140430"
179,61,0.27,"Mya arenaria","W-Msc-140430"
179.5,61,0.42,"Mya arenaria","W-Msc-140430"
-179.5,60.5,0.03,"Mya arenaria","W-Msc-140430"
-179,60.5,0.01,"Mya arenaria","W-Msc-140430"
-178.5,60.5,0.12,"Mya arenaria","W-Msc-140430"
-178,60.5,0.18,"Mya arenaria","W-Msc-140430"
-177.5,60.5,0.21,"Mya arenaria","W-Msc-140430"
-177,60.5,0.25,"Mya arenaria","W-Msc-140430"
-176.5,60.5,0.22,"Mya arenaria","W-Msc-140430"
-176,60.5,0.23,"Mya arenaria","W-Msc-140430"
-175.5,60.5,0.3,"Mya arenaria","W-Msc-140430"
-175,60.5,0.2,"Mya arenaria","W-Msc-140430"
-174.5,60.5,0.23,"Mya arenaria","W-Msc-140430"
-174,60.5,0.19,"Mya arenaria","W-Msc-140430"
-173.5,60.5,0.19,"Mya arenaria","W-Msc-140430"
-173,60.5,0.23,"Mya arenaria","W-Msc-140430"
-172.5,60.5,0.22,"Mya arenaria","W-Msc-140430"
-172,60.5,0.21,"Mya arenaria","W-Msc-140430"
-171.5,60.5,0.23,"Mya arenaria","W-Msc-140430"
-171,60.5,0.22,"Mya arenaria","W-Msc-140430"
-170.5,60.5,0.22,"Mya arenaria","W-Msc-140430"
-170,60.5,0.23,"Mya arenaria","W-Msc-140430"
-169.5,60.5,0.18,"Mya arenaria","W-Msc-140430"
-169,60.5,0.16,"Mya arenaria","W-Msc-140430"
-168.5,60.5,0.14,"Mya arenaria","W-Msc-140430"
-168,60.5,0.13,"Mya arenaria","W-Msc-140430"
-167.5,60.5,0.13,"Mya arenaria","W-Msc-140430"
-167,60.5,0.13,"Mya arenaria","W-Msc-140430"
-166.5,60.5,0.16,"Mya arenaria","W-Msc-140430"
-166,60.5,0.23,"Mya arenaria","W-Msc-140430"
-165.5,60.5,0.3,"Mya arenaria","W-Msc-140430"
-165,60.5,0.44,"Mya arenaria","W-Msc-140430"
-164.5,60.5,0.43,"Mya arenaria","W-Msc-140430"
-164,60.5,0.44,"Mya arenaria","W-Msc-140430"
-163.5,60.5,0.45,"Mya arenaria","W-Msc-140430"
-163,60.5,0.47,"Mya arenaria","W-Msc-140430"
-152,60.5,0.81,"Mya arenaria","W-Msc-140430"
-151.5,60.5,0.83,"Mya arenaria","W-Msc-140430"
-151,60.5,0.84,"Mya arenaria","W-Msc-140430"
-150.5,60.5,0.88,"Mya arenaria","W-Msc-140430"
-150,60.5,0.92,"Mya arenaria","W-Msc-140430"
-149.5,60.5,0.96,"Mya arenaria","W-Msc-140430"
-149,60.5,1,"Mya arenaria","W-Msc-140430"
-148.5,60.5,1,"Mya arenaria","W-Msc-140430"
-148,60.5,1,"Mya arenaria","W-Msc-140430"
-147.5,60.5,1,"Mya arenaria","W-Msc-140430"
-147,60.5,1,"Mya arenaria","W-Msc-140430"
-146.5,60.5,1,"Mya arenaria","W-Msc-140430"
-146,60.5,1,"Mya arenaria","W-Msc-140430"
-145.5,60.5,1,"Mya arenaria","W-Msc-140430"
-94.5,60.5,0.16,"Mya arenaria","W-Msc-140430"
-94,60.5,0.16,"Mya arenaria","W-Msc-140430"
-93.5,60.5,0.06,"Mya arenaria","W-Msc-140430"
-93,60.5,0.03,"Mya arenaria","W-Msc-140430"
-92.5,60.5,0.02,"Mya arenaria","W-Msc-140430"
-92,60.5,0.01,"Mya arenaria","W-Msc-140430"
-91.5,60.5,0.01,"Mya arenaria","W-Msc-140430"
-91,60.5,0.01,"Mya arenaria","W-Msc-140430"
-90.5,60.5,0.01,"Mya arenaria","W-Msc-140430"
-90,60.5,0.01,"Mya arenaria","W-Msc-140430"
-82,60.5,0.01,"Mya arenaria","W-Msc-140430"
-81.5,60.5,0.01,"Mya arenaria","W-Msc-140430"
-81,60.5,0.01,"Mya arenaria","W-Msc-140430"
-80.5,60.5,0.01,"Mya arenaria","W-Msc-140430"
-80,60.5,0.01,"Mya arenaria","W-Msc-140430"
-79.5,60.5,0.01,"Mya arenaria","W-Msc-140430"
-79,60.5,0.01,"Mya arenaria","W-Msc-140430"
-78.5,60.5,0.03,"Mya arenaria","W-Msc-140430"
-78,60.5,0.1,"Mya arenaria","W-Msc-140430"
-77.5,60.5,0.15,"Mya arenaria","W-Msc-140430"
-77,60.5,0.13,"Mya arenaria","W-Msc-140430"
-70,60.5,0.07,"Mya arenaria","W-Msc-140430"
-69.5,60.5,0.07,"Mya arenaria","W-Msc-140430"
-69,60.5,0.04,"Mya arenaria","W-Msc-140430"
-68.5,60.5,0.03,"Mya arenaria","W-Msc-140430"
-68,60.5,0.03,"Mya arenaria","W-Msc-140430"
-67.5,60.5,0.03,"Mya arenaria","W-Msc-140430"
-67,60.5,0.03,"Mya arenaria","W-Msc-140430"
-66.5,60.5,0.03,"Mya arenaria","W-Msc-140430"
-66,60.5,0.01,"Mya arenaria","W-Msc-140430"
-64.5,60.5,0.05,"Mya arenaria","W-Msc-140430"
-64,60.5,0.05,"Mya arenaria","W-Msc-140430"
-49,60.5,0.34,"Mya arenaria","W-Msc-140430"
-48.5,60.5,0.2,"Mya arenaria","W-Msc-140430"
-48,60.5,0.3,"Mya arenaria","W-Msc-140430"
-47.5,60.5,0.29,"Mya arenaria","W-Msc-140430"
-47,60.5,0.28,"Mya arenaria","W-Msc-140430"
-46.5,60.5,0.27,"Mya arenaria","W-Msc-140430"
-46,60.5,0.25,"Mya arenaria","W-Msc-140430"
-45.5,60.5,0.25,"Mya arenaria","W-Msc-140430"
-45,60.5,0.26,"Mya arenaria","W-Msc-140430"
-44.5,60.5,0.28,"Mya arenaria","W-Msc-140430"
-44,60.5,0.3,"Mya arenaria","W-Msc-140430"
-43.5,60.5,0.33,"Mya arenaria","W-Msc-140430"
-43,60.5,0.37,"Mya arenaria","W-Msc-140430"
-42.5,60.5,0.37,"Mya arenaria","W-Msc-140430"
-42,60.5,0.35,"Mya arenaria","W-Msc-140430"
-41.5,60.5,0.2,"Mya arenaria","W-Msc-140430"
-10.5,60.5,0.13,"Mya arenaria","W-Msc-140430"
-10,60.5,0.35,"Mya arenaria","W-Msc-140430"
-9.5,60.5,0.06,"Mya arenaria","W-Msc-140430"
-9,60.5,0.41,"Mya arenaria","W-Msc-140430"
-8.5,60.5,0.58,"Mya arenaria","W-Msc-140430"
-8,60.5,0.43,"Mya arenaria","W-Msc-140430"
-6.5,60.5,0.58,"Mya arenaria","W-Msc-140430"
-6,60.5,0.33,"Mya arenaria","W-Msc-140430"
-2.5,60.5,0.35,"Mya arenaria","W-Msc-140430"
-2,60.5,0.48,"Mya arenaria","W-Msc-140430"
-1.5,60.5,0.87,"Mya arenaria","W-Msc-140430"
-1,60.5,0.87,"Mya arenaria","W-Msc-140430"
-0.5,60.5,0.87,"Mya arenaria","W-Msc-140430"
0,60.5,0.57,"Mya arenaria","W-Msc-140430"
0.5,60.5,0.67,"Mya arenaria","W-Msc-140430"
1,60.5,0.38,"Mya arenaria","W-Msc-140430"
1.5,60.5,0.48,"Mya arenaria","W-Msc-140430"
2,60.5,0.43,"Mya arenaria","W-Msc-140430"
2.5,60.5,0.52,"Mya arenaria","W-Msc-140430"
3,60.5,0.57,"Mya arenaria","W-Msc-140430"
3.5,60.5,0.49,"Mya arenaria","W-Msc-140430"
4.5,60.5,0.08,"Mya arenaria","W-Msc-140430"
5,60.5,1,"Mya arenaria","W-Msc-140430"
5.5,60.5,1,"Mya arenaria","W-Msc-140430"
6,60.5,1,"Mya arenaria","W-Msc-140430"
7,60.5,1,"Mya arenaria","W-Msc-140430"
7.5,60.5,1,"Mya arenaria","W-Msc-140430"
17.5,60.5,0.32,"Mya arenaria","W-Msc-140430"
18,60.5,0.33,"Mya arenaria","W-Msc-140430"
18.5,60.5,0.16,"Mya arenaria","W-Msc-140430"
19,60.5,0.09,"Mya arenaria","W-Msc-140430"
19.5,60.5,0.06,"Mya arenaria","W-Msc-140430"
20,60.5,0.05,"Mya arenaria","W-Msc-140430"
20.5,60.5,0.05,"Mya arenaria","W-Msc-140430"
21,60.5,0.09,"Mya arenaria","W-Msc-140430"
21.5,60.5,0.16,"Mya arenaria","W-Msc-140430"
22,60.5,0.31,"Mya arenaria","W-Msc-140430"
22.5,60.5,0.35,"Mya arenaria","W-Msc-140430"
27,60.5,0.04,"Mya arenaria","W-Msc-140430"
27.5,60.5,0.02,"Mya arenaria","W-Msc-140430"
28,60.5,0.01,"Mya arenaria","W-Msc-140430"
28.5,60.5,0.05,"Mya arenaria","W-Msc-140430"
29,60.5,0.13,"Mya arenaria","W-Msc-140430"
155.5,60.5,0.36,"Mya arenaria","W-Msc-140430"
156,60.5,0.39,"Mya arenaria","W-Msc-140430"
156.5,60.5,0.39,"Mya arenaria","W-Msc-140430"
157,60.5,0.17,"Mya arenaria","W-Msc-140430"
157.5,60.5,0.19,"Mya arenaria","W-Msc-140430"
158,60.5,0.31,"Mya arenaria","W-Msc-140430"
158.5,60.5,0.37,"Mya arenaria","W-Msc-140430"
159,60.5,0.38,"Mya arenaria","W-Msc-140430"
159.5,60.5,0.4,"Mya arenaria","W-Msc-140430"
160,60.5,0.41,"Mya arenaria","W-Msc-140430"
160.5,60.5,0.35,"Mya arenaria","W-Msc-140430"
161,60.5,0.27,"Mya arenaria","W-Msc-140430"
161.5,60.5,0.25,"Mya arenaria","W-Msc-140430"
162,60.5,0.26,"Mya arenaria","W-Msc-140430"
162.5,60.5,0.3,"Mya arenaria","W-Msc-140430"
163,60.5,0.33,"Mya arenaria","W-Msc-140430"
163.5,60.5,0.36,"Mya arenaria","W-Msc-140430"
164,60.5,0.42,"Mya arenaria","W-Msc-140430"
168,60.5,0.53,"Mya arenaria","W-Msc-140430"
168.5,60.5,0.53,"Mya arenaria","W-Msc-140430"
169,60.5,0.53,"Mya arenaria","W-Msc-140430"
169.5,60.5,0.52,"Mya arenaria","W-Msc-140430"
171,60.5,0.49,"Mya arenaria","W-Msc-140430"
171.5,60.5,0.49,"Mya arenaria","W-Msc-140430"
172,60.5,0.48,"Mya arenaria","W-Msc-140430"
172.5,60.5,0.49,"Mya arenaria","W-Msc-140430"
173,60.5,0.5,"Mya arenaria","W-Msc-140430"
179.5,60.5,0.19,"Mya arenaria","W-Msc-140430"
-178.5,60,0.2,"Mya arenaria","W-Msc-140430"
-178,60,0.25,"Mya arenaria","W-Msc-140430"
-177.5,60,0.21,"Mya arenaria","W-Msc-140430"
-177,60,0.2,"Mya arenaria","W-Msc-140430"
-176.5,60,0.17,"Mya arenaria","W-Msc-140430"
-176,60,0.19,"Mya arenaria","W-Msc-140430"
-175.5,60,0.22,"Mya arenaria","W-Msc-140430"
-175,60,0.21,"Mya arenaria","W-Msc-140430"
-174.5,60,0.27,"Mya arenaria","W-Msc-140430"
-174,60,0.28,"Mya arenaria","W-Msc-140430"
-173.5,60,0.25,"Mya arenaria","W-Msc-140430"
-173,60,0.28,"Mya arenaria","W-Msc-140430"
-172.5,60,0.25,"Mya arenaria","W-Msc-140430"
-172,60,0.24,"Mya arenaria","W-Msc-140430"
-171.5,60,0.25,"Mya arenaria","W-Msc-140430"
-171,60,0.24,"Mya arenaria","W-Msc-140430"
-170.5,60,0.24,"Mya arenaria","W-Msc-140430"
-170,60,0.24,"Mya arenaria","W-Msc-140430"
-169.5,60,0.26,"Mya arenaria","W-Msc-140430"
-169,60,0.24,"Mya arenaria","W-Msc-140430"
-168.5,60,0.2,"Mya arenaria","W-Msc-140430"
-168,60,0.19,"Mya arenaria","W-Msc-140430"
-167.5,60,0.18,"Mya arenaria","W-Msc-140430"
-167,60,0.19,"Mya arenaria","W-Msc-140430"
-166.5,60,0.16,"Mya arenaria","W-Msc-140430"
-166,60,0.22,"Mya arenaria","W-Msc-140430"
-165.5,60,0.21,"Mya arenaria","W-Msc-140430"
-165,60,0.36,"Mya arenaria","W-Msc-140430"
-164.5,60,0.44,"Mya arenaria","W-Msc-140430"
-164,60,0.46,"Mya arenaria","W-Msc-140430"
-162.5,60,0.53,"Mya arenaria","W-Msc-140430"
-162,60,0.56,"Mya arenaria","W-Msc-140430"
-152.5,60,0.87,"Mya arenaria","W-Msc-140430"
-152,60,0.87,"Mya arenaria","W-Msc-140430"
-151.5,60,0.88,"Mya arenaria","W-Msc-140430"
-151,60,0.92,"Mya arenaria","W-Msc-140430"
-149,60,1,"Mya arenaria","W-Msc-140430"
-148.5,60,1,"Mya arenaria","W-Msc-140430"
-148,60,1,"Mya arenaria","W-Msc-140430"
-147.5,60,1,"Mya arenaria","W-Msc-140430"
-147,60,1,"Mya arenaria","W-Msc-140430"
-146.5,60,1,"Mya arenaria","W-Msc-140430"
-146,60,1,"Mya arenaria","W-Msc-140430"
-145.5,60,1,"Mya arenaria","W-Msc-140430"
-145,60,0.96,"Mya arenaria","W-Msc-140430"
-144.5,60,0.88,"Mya arenaria","W-Msc-140430"
-144,60,0.98,"Mya arenaria","W-Msc-140430"
-143.5,60,1,"Mya arenaria","W-Msc-140430"
-143,60,1,"Mya arenaria","W-Msc-140430"
-142.5,60,1,"Mya arenaria","W-Msc-140430"
-142,60,0.99,"Mya arenaria","W-Msc-140430"
-141.5,60,0.99,"Mya arenaria","W-Msc-140430"
-141,60,0.99,"Mya arenaria","W-Msc-140430"
-139.5,60,0.98,"Mya arenaria","W-Msc-140430"
-139,60,0.97,"Mya arenaria","W-Msc-140430"
-94.5,60,0.17,"Mya arenaria","W-Msc-140430"
-94,60,0.12,"Mya arenaria","W-Msc-140430"
-93.5,60,0.04,"Mya arenaria","W-Msc-140430"
-93,60,0.02,"Mya arenaria","W-Msc-140430"
-92.5,60,0.02,"Mya arenaria","W-Msc-140430"
-92,60,0.02,"Mya arenaria","W-Msc-140430"
-91.5,60,0.01,"Mya arenaria","W-Msc-140430"
-91,60,0.01,"Mya arenaria","W-Msc-140430"
-81.5,60,0.01,"Mya arenaria","W-Msc-140430"
-81,60,0.01,"Mya arenaria","W-Msc-140430"
-80.5,60,0.01,"Mya arenaria","W-Msc-140430"
-80,60,0.01,"Mya arenaria","W-Msc-140430"
-79.5,60,0.01,"Mya arenaria","W-Msc-140430"
-79,60,0.01,"Mya arenaria","W-Msc-140430"
-78.5,60,0.02,"Mya arenaria","W-Msc-140430"
-78,60,0.08,"Mya arenaria","W-Msc-140430"
-77.5,60,0.15,"Mya arenaria","W-Msc-140430"
-77,60,0.14,"Mya arenaria","W-Msc-140430"
-70.5,60,0.08,"Mya arenaria","W-Msc-140430"
-70,60,0.08,"Mya arenaria","W-Msc-140430"
-69.5,60,0.08,"Mya arenaria","W-Msc-140430"
-69,60,0.07,"Mya arenaria","W-Msc-140430"
-68.5,60,0.04,"Mya arenaria","W-Msc-140430"
-68,60,0.03,"Mya arenaria","W-Msc-140430"
-67.5,60,0.03,"Mya arenaria","W-Msc-140430"
-67,60,0.03,"Mya arenaria","W-Msc-140430"
-66.5,60,0.03,"Mya arenaria","W-Msc-140430"
-66,60,0.02,"Mya arenaria","W-Msc-140430"
-65.5,60,0.02,"Mya arenaria","W-Msc-140430"
-65,60,0.05,"Mya arenaria","W-Msc-140430"
-64.5,60,0.06,"Mya arenaria","W-Msc-140430"
-64,60,0.07,"Mya arenaria","W-Msc-140430"
-63.5,60,0.07,"Mya arenaria","W-Msc-140430"
-63,60,0.02,"Mya arenaria","W-Msc-140430"
-62.5,60,0.02,"Mya arenaria","W-Msc-140430"
-62,60,0.03,"Mya arenaria","W-Msc-140430"
-61.5,60,0.01,"Mya arenaria","W-Msc-140430"
-48,60,0.27,"Mya arenaria","W-Msc-140430"
-47.5,60,0.25,"Mya arenaria","W-Msc-140430"
-47,60,0.34,"Mya arenaria","W-Msc-140430"
-46.5,60,0.25,"Mya arenaria","W-Msc-140430"
-46,60,0.27,"Mya arenaria","W-Msc-140430"
-45.5,60,0.25,"Mya arenaria","W-Msc-140430"
-45,60,0.25,"Mya arenaria","W-Msc-140430"
-44.5,60,0.26,"Mya arenaria","W-Msc-140430"
-44,60,0.28,"Mya arenaria","W-Msc-140430"
-43.5,60,0.32,"Mya arenaria","W-Msc-140430"
-43,60,0.34,"Mya arenaria","W-Msc-140430"
-42.5,60,0.39,"Mya arenaria","W-Msc-140430"
-42,60,0.08,"Mya arenaria","W-Msc-140430"
-4.5,60,0.22,"Mya arenaria","W-Msc-140430"
-4,60,0.39,"Mya arenaria","W-Msc-140430"
-3.5,60,0.43,"Mya arenaria","W-Msc-140430"
-3,60,0.5,"Mya arenaria","W-Msc-140430"
-2.5,60,0.62,"Mya arenaria","W-Msc-140430"
-2,60,0.88,"Mya arenaria","W-Msc-140430"
-1.5,60,0.88,"Mya arenaria","W-Msc-140430"
-1,60,0.88,"Mya arenaria","W-Msc-140430"
-0.5,60,0.88,"Mya arenaria","W-Msc-140430"
0,60,0.64,"Mya arenaria","W-Msc-140430"
0.5,60,0.45,"Mya arenaria","W-Msc-140430"
1,60,0.43,"Mya arenaria","W-Msc-140430"
1.5,60,0.48,"Mya arenaria","W-Msc-140430"
2,60,0.53,"Mya arenaria","W-Msc-140430"
2.5,60,0.54,"Mya arenaria","W-Msc-140430"
3,60,0.61,"Mya arenaria","W-Msc-140430"
3.5,60,0.51,"Mya arenaria","W-Msc-140430"
5,60,1,"Mya arenaria","W-Msc-140430"
5.5,60,1,"Mya arenaria","W-Msc-140430"
6,60,1,"Mya arenaria","W-Msc-140430"
6.5,60,1,"Mya arenaria","W-Msc-140430"
7,60,1,"Mya arenaria","W-Msc-140430"
18.5,60,0.28,"Mya arenaria","W-Msc-140430"
19,60,0.18,"Mya arenaria","W-Msc-140430"
19.5,60,0.12,"Mya arenaria","W-Msc-140430"
20,60,0.13,"Mya arenaria","W-Msc-140430"
20.5,60,0.17,"Mya arenaria","W-Msc-140430"
21,60,0.24,"Mya arenaria","W-Msc-140430"
21.5,60,0.32,"Mya arenaria","W-Msc-140430"
22,60,0.37,"Mya arenaria","W-Msc-140430"
22.5,60,0.37,"Mya arenaria","W-Msc-140430"
23,60,0.36,"Mya arenaria","W-Msc-140430"
23.5,60,0.32,"Mya arenaria","W-Msc-140430"
24,60,0.27,"Mya arenaria","W-Msc-140430"
24.5,60,0.23,"Mya arenaria","W-Msc-140430"
25,60,0.19,"Mya arenaria","W-Msc-140430"
25.5,60,0.14,"Mya arenaria","W-Msc-140430"
26,60,0.1,"Mya arenaria","W-Msc-140430"
26.5,60,0.06,"Mya arenaria","W-Msc-140430"
27,60,0.04,"Mya arenaria","W-Msc-140430"
27.5,60,0.02,"Mya arenaria","W-Msc-140430"
29.5,60,0.15,"Mya arenaria","W-Msc-140430"
30,60,0.32,"Mya arenaria","W-Msc-140430"
30.5,60,0.49,"Mya arenaria","W-Msc-140430"
154.5,60,0.35,"Mya arenaria","W-Msc-140430"
155,60,0.35,"Mya arenaria","W-Msc-140430"
155.5,60,0.37,"Mya arenaria","W-Msc-140430"
156,60,0.21,"Mya arenaria","W-Msc-140430"
157.5,60,0.07,"Mya arenaria","W-Msc-140430"
158,60,0.31,"Mya arenaria","W-Msc-140430"
158.5,60,0.34,"Mya arenaria","W-Msc-140430"
159,60,0.35,"Mya arenaria","W-Msc-140430"
159.5,60,0.35,"Mya arenaria","W-Msc-140430"
160,60,0.34,"Mya arenaria","W-Msc-140430"
160.5,60,0.33,"Mya arenaria","W-Msc-140430"
161,60,0.23,"Mya arenaria","W-Msc-140430"
161.5,60,0.35,"Mya arenaria","W-Msc-140430"
162,60,0.35,"Mya arenaria","W-Msc-140430"
162.5,60,0.36,"Mya arenaria","W-Msc-140430"
164,60,0.44,"Mya arenaria","W-Msc-140430"
164.5,60,0.48,"Mya arenaria","W-Msc-140430"
165,60,0.5,"Mya arenaria","W-Msc-140430"
165.5,60,0.51,"Mya arenaria","W-Msc-140430"
166,60,0.53,"Mya arenaria","W-Msc-140430"
166.5,60,0.53,"Mya arenaria","W-Msc-140430"
167,60,0.56,"Mya arenaria","W-Msc-140430"
167.5,60,0.59,"Mya arenaria","W-Msc-140430"
168,60,0.6,"Mya arenaria","W-Msc-140430"
168.5,60,0.2,"Mya arenaria","W-Msc-140430"
169,60,0.21,"Mya arenaria","W-Msc-140430"
169.5,60,0.58,"Mya arenaria","W-Msc-140430"
170,60,0.56,"Mya arenaria","W-Msc-140430"
170.5,60,0.54,"Mya arenaria","W-Msc-140430"
171,60,0.53,"Mya arenaria","W-Msc-140430"
171.5,60,0.57,"Mya arenaria","W-Msc-140430"
-178.5,59.5,0.46,"Mya arenaria","W-Msc-140430"
-178,59.5,0.31,"Mya arenaria","W-Msc-140430"
-177.5,59.5,0.21,"Mya arenaria","W-Msc-140430"
-177,59.5,0.3,"Mya arenaria","W-Msc-140430"
-176.5,59.5,0.39,"Mya arenaria","W-Msc-140430"
-176,59.5,0.26,"Mya arenaria","W-Msc-140430"
-175.5,59.5,0.26,"Mya arenaria","W-Msc-140430"
-175,59.5,0.23,"Mya arenaria","W-Msc-140430"
-174.5,59.5,0.32,"Mya arenaria","W-Msc-140430"
-174,59.5,0.34,"Mya arenaria","W-Msc-140430"
-173.5,59.5,0.35,"Mya arenaria","W-Msc-140430"
-173,59.5,0.34,"Mya arenaria","W-Msc-140430"
-172.5,59.5,0.26,"Mya arenaria","W-Msc-140430"
-172,59.5,0.29,"Mya arenaria","W-Msc-140430"
-171.5,59.5,0.27,"Mya arenaria","W-Msc-140430"
-171,59.5,0.26,"Mya arenaria","W-Msc-140430"
-170.5,59.5,0.27,"Mya arenaria","W-Msc-140430"
-170,59.5,0.28,"Mya arenaria","W-Msc-140430"
-169.5,59.5,0.28,"Mya arenaria","W-Msc-140430"
-169,59.5,0.28,"Mya arenaria","W-Msc-140430"
-168.5,59.5,0.29,"Mya arenaria","W-Msc-140430"
-168,59.5,0.3,"Mya arenaria","W-Msc-140430"
-167.5,59.5,0.29,"Mya arenaria","W-Msc-140430"
-167,59.5,0.31,"Mya arenaria","W-Msc-140430"
-166.5,59.5,0.34,"Mya arenaria","W-Msc-140430"
-166,59.5,0.3,"Mya arenaria","W-Msc-140430"
-165.5,59.5,0.27,"Mya arenaria","W-Msc-140430"
-165,59.5,0.23,"Mya arenaria","W-Msc-140430"
-164.5,59.5,0.36,"Mya arenaria","W-Msc-140430"
-164,59.5,0.49,"Mya arenaria","W-Msc-140430"
-163.5,59.5,0.52,"Mya arenaria","W-Msc-140430"
-163,59.5,0.53,"Mya arenaria","W-Msc-140430"
-162.5,59.5,0.56,"Mya arenaria","W-Msc-140430"
-162,59.5,0.59,"Mya arenaria","W-Msc-140430"
-161.5,59.5,0.6,"Mya arenaria","W-Msc-140430"
-153.5,59.5,0.87,"Mya arenaria","W-Msc-140430"
-153,59.5,0.89,"Mya arenaria","W-Msc-140430"
-152.5,59.5,0.9,"Mya arenaria","W-Msc-140430"
-152,59.5,0.84,"Mya arenaria","W-Msc-140430"
-151.5,59.5,0.94,"Mya arenaria","W-Msc-140430"
-151,59.5,0.98,"Mya arenaria","W-Msc-140430"
-150.5,59.5,1,"Mya arenaria","W-Msc-140430"
-150,59.5,1,"Mya arenaria","W-Msc-140430"
-149.5,59.5,1,"Mya arenaria","W-Msc-140430"
-149,59.5,1,"Mya arenaria","W-Msc-140430"
-148.5,59.5,1,"Mya arenaria","W-Msc-140430"
-148,59.5,1,"Mya arenaria","W-Msc-140430"
-147.5,59.5,1,"Mya arenaria","W-Msc-140430"
-147,59.5,1,"Mya arenaria","W-Msc-140430"
-146.5,59.5,0.89,"Mya arenaria","W-Msc-140430"
-146,59.5,1,"Mya arenaria","W-Msc-140430"
-145.5,59.5,0.73,"Mya arenaria","W-Msc-140430"
-145,59.5,0.74,"Mya arenaria","W-Msc-140430"
-144.5,59.5,1,"Mya arenaria","W-Msc-140430"
-144,59.5,1,"Mya arenaria","W-Msc-140430"
-143.5,59.5,1,"Mya arenaria","W-Msc-140430"
-143,59.5,0.72,"Mya arenaria","W-Msc-140430"
-142.5,59.5,0.56,"Mya arenaria","W-Msc-140430"
-142,59.5,0.99,"Mya arenaria","W-Msc-140430"
-141.5,59.5,1,"Mya arenaria","W-Msc-140430"
-141,59.5,1,"Mya arenaria","W-Msc-140430"
-140.5,59.5,1,"Mya arenaria","W-Msc-140430"
-140,59.5,1,"Mya arenaria","W-Msc-140430"
-139.5,59.5,1,"Mya arenaria","W-Msc-140430"
-139,59.5,1,"Mya arenaria","W-Msc-140430"
-138.5,59.5,1,"Mya arenaria","W-Msc-140430"
-94.5,59.5,0.17,"Mya arenaria","W-Msc-140430"
-94,59.5,0.07,"Mya arenaria","W-Msc-140430"
-93.5,59.5,0.03,"Mya arenaria","W-Msc-140430"
-93,59.5,0.03,"Mya arenaria","W-Msc-140430"
-92.5,59.5,0.03,"Mya arenaria","W-Msc-140430"
-92,59.5,0.02,"Mya arenaria","W-Msc-140430"
-91.5,59.5,0.01,"Mya arenaria","W-Msc-140430"
-91,59.5,0.01,"Mya arenaria","W-Msc-140430"
-90.5,59.5,0.01,"Mya arenaria","W-Msc-140430"
-80.5,59.5,0.01,"Mya arenaria","W-Msc-140430"
-80,59.5,0.02,"Mya arenaria","W-Msc-140430"
-79.5,59.5,0.02,"Mya arenaria","W-Msc-140430"
-79,59.5,0.01,"Mya arenaria","W-Msc-140430"
-78.5,59.5,0.02,"Mya arenaria","W-Msc-140430"
-78,59.5,0.08,"Mya arenaria","W-Msc-140430"
-77.5,59.5,0.15,"Mya arenaria","W-Msc-140430"
-77,59.5,0.15,"Mya arenaria","W-Msc-140430"
-69.5,59.5,0.08,"Mya arenaria","W-Msc-140430"
-69,59.5,0.07,"Mya arenaria","W-Msc-140430"
-68.5,59.5,0.06,"Mya arenaria","W-Msc-140430"
-68,59.5,0.03,"Mya arenaria","W-Msc-140430"
-67.5,59.5,0.03,"Mya arenaria","W-Msc-140430"
-67,59.5,0.03,"Mya arenaria","W-Msc-140430"
-66.5,59.5,0.02,"Mya arenaria","W-Msc-140430"
-66,59.5,0.03,"Mya arenaria","W-Msc-140430"
-65.5,59.5,0.07,"Mya arenaria","W-Msc-140430"
-65,59.5,0.07,"Mya arenaria","W-Msc-140430"
-64,59.5,0.1,"Mya arenaria","W-Msc-140430"
-63.5,59.5,0.1,"Mya arenaria","W-Msc-140430"
-63,59.5,0.09,"Mya arenaria","W-Msc-140430"
-62.5,59.5,0.04,"Mya arenaria","W-Msc-140430"
-62,59.5,0.04,"Mya arenaria","W-Msc-140430"
-61.5,59.5,0.03,"Mya arenaria","W-Msc-140430"
-61,59.5,0.01,"Mya arenaria","W-Msc-140430"
-60.5,59.5,0.04,"Mya arenaria","W-Msc-140430"
-46,59.5,0.32,"Mya arenaria","W-Msc-140430"
-45.5,59.5,0.33,"Mya arenaria","W-Msc-140430"
-45,59.5,0.29,"Mya arenaria","W-Msc-140430"
-44.5,59.5,0.29,"Mya arenaria","W-Msc-140430"
-44,59.5,0.31,"Mya arenaria","W-Msc-140430"
-43.5,59.5,0.34,"Mya arenaria","W-Msc-140430"
-43,59.5,0.4,"Mya arenaria","W-Msc-140430"
-42.5,59.5,0.39,"Mya arenaria","W-Msc-140430"
-42,59.5,0.03,"Mya arenaria","W-Msc-140430"
-6,59.5,0.27,"Mya arenaria","W-Msc-140430"
-5.5,59.5,0.47,"Mya arenaria","W-Msc-140430"
-5,59.5,0.51,"Mya arenaria","W-Msc-140430"
-4.5,59.5,0.73,"Mya arenaria","W-Msc-140430"
-4,59.5,0.72,"Mya arenaria","W-Msc-140430"
-3.5,59.5,0.61,"Mya arenaria","W-Msc-140430"
-3,59.5,0.72,"Mya arenaria","W-Msc-140430"
-2.5,59.5,0.7,"Mya arenaria","W-Msc-140430"
-2,59.5,0.63,"Mya arenaria","W-Msc-140430"
-1.5,59.5,0.89,"Mya arenaria","W-Msc-140430"
-1,59.5,0.88,"Mya arenaria","W-Msc-140430"
-0.5,59.5,0.43,"Mya arenaria","W-Msc-140430"
0,59.5,0.41,"Mya arenaria","W-Msc-140430"
0.5,59.5,0.42,"Mya arenaria","W-Msc-140430"
1,59.5,0.43,"Mya arenaria","W-Msc-140430"
1.5,59.5,0.51,"Mya arenaria","W-Msc-140430"
2,59.5,0.54,"Mya arenaria","W-Msc-140430"
2.5,59.5,0.53,"Mya arenaria","W-Msc-140430"
3,59.5,0.52,"Mya arenaria","W-Msc-140430"
3.5,59.5,0.53,"Mya arenaria","W-Msc-140430"
5,59.5,0.84,"Mya arenaria","W-Msc-140430"
5.5,59.5,1,"Mya arenaria","W-Msc-140430"
6,59.5,1,"Mya arenaria","W-Msc-140430"
6.5,59.5,1,"Mya arenaria","W-Msc-140430"
7,59.5,1,"Mya arenaria","W-Msc-140430"
10.5,59.5,1,"Mya arenaria","W-Msc-140430"
11,59.5,1,"Mya arenaria","W-Msc-140430"
18.5,59.5,0.28,"Mya arenaria","W-Msc-140430"
19,59.5,0.19,"Mya arenaria","W-Msc-140430"
19.5,59.5,0.11,"Mya arenaria","W-Msc-140430"
20,59.5,0.08,"Mya arenaria","W-Msc-140430"
20.5,59.5,0.16,"Mya arenaria","W-Msc-140430"
21,59.5,0.35,"Mya arenaria","W-Msc-140430"
21.5,59.5,0.45,"Mya arenaria","W-Msc-140430"
22,59.5,0.41,"Mya arenaria","W-Msc-140430"
22.5,59.5,0.38,"Mya arenaria","W-Msc-140430"
23,59.5,0.36,"Mya arenaria","W-Msc-140430"
23.5,59.5,0.34,"Mya arenaria","W-Msc-140430"
24,59.5,0.3,"Mya arenaria","W-Msc-140430"
24.5,59.5,0.27,"Mya arenaria","W-Msc-140430"
25,59.5,0.22,"Mya arenaria","W-Msc-140430"
25.5,59.5,0.19,"Mya arenaria","W-Msc-140430"
26,59.5,0.16,"Mya arenaria","W-Msc-140430"
26.5,59.5,0.12,"Mya arenaria","W-Msc-140430"
27,59.5,0.08,"Mya arenaria","W-Msc-140430"
27.5,59.5,0.05,"Mya arenaria","W-Msc-140430"
28,59.5,0.02,"Mya arenaria","W-Msc-140430"
29.5,59.5,0.12,"Mya arenaria","W-Msc-140430"
30,59.5,0.29,"Mya arenaria","W-Msc-140430"
30.5,59.5,0.46,"Mya arenaria","W-Msc-140430"
149,59.5,0.43,"Mya arenaria","W-Msc-140430"
149.5,59.5,0.43,"Mya arenaria","W-Msc-140430"
150,59.5,0.43,"Mya arenaria","W-Msc-140430"
150.5,59.5,0.43,"Mya arenaria","W-Msc-140430"
151,59.5,0.44,"Mya arenaria","W-Msc-140430"
151.5,59.5,0.44,"Mya arenaria","W-Msc-140430"
152,59.5,0.43,"Mya arenaria","W-Msc-140430"
154.5,59.5,0.25,"Mya arenaria","W-Msc-140430"
155,59.5,0.26,"Mya arenaria","W-Msc-140430"
155.5,59.5,0.28,"Mya arenaria","W-Msc-140430"
156,59.5,0.02,"Mya arenaria","W-Msc-140430"
157.5,59.5,0.01,"Mya arenaria","W-Msc-140430"
158,59.5,0.19,"Mya arenaria","W-Msc-140430"
158.5,59.5,0.33,"Mya arenaria","W-Msc-140430"
159,59.5,0.36,"Mya arenaria","W-Msc-140430"
159.5,59.5,0.17,"Mya arenaria","W-Msc-140430"
160,59.5,0.15,"Mya arenaria","W-Msc-140430"
160.5,59.5,0.41,"Mya arenaria","W-Msc-140430"
161,59.5,0.43,"Mya arenaria","W-Msc-140430"
161.5,59.5,0.4,"Mya arenaria","W-Msc-140430"
163.5,59.5,0.43,"Mya arenaria","W-Msc-140430"
164,59.5,0.48,"Mya arenaria","W-Msc-140430"
164.5,59.5,0.51,"Mya arenaria","W-Msc-140430"
165,59.5,0.53,"Mya arenaria","W-Msc-140430"
165.5,59.5,0.56,"Mya arenaria","W-Msc-140430"
166,59.5,0.58,"Mya arenaria","W-Msc-140430"
166.5,59.5,0.59,"Mya arenaria","W-Msc-140430"
167,59.5,0.62,"Mya arenaria","W-Msc-140430"
167.5,59.5,0.26,"Mya arenaria","W-Msc-140430"
168,59.5,0.29,"Mya arenaria","W-Msc-140430"
170,59.5,0.09,"Mya arenaria","W-Msc-140430"
170.5,59.5,0.59,"Mya arenaria","W-Msc-140430"
171,59.5,0.56,"Mya arenaria","W-Msc-140430"
-178,59,0.31,"Mya arenaria","W-Msc-140430"
-177.5,59,0.51,"Mya arenaria","W-Msc-140430"
-177,59,0.35,"Mya arenaria","W-Msc-140430"
-176.5,59,0.37,"Mya arenaria","W-Msc-140430"
-176,59,0.33,"Mya arenaria","W-Msc-140430"
-175.5,59,0.31,"Mya arenaria","W-Msc-140430"
-175,59,0.36,"Mya arenaria","W-Msc-140430"
-174.5,59,0.37,"Mya arenaria","W-Msc-140430"
-174,59,0.5,"Mya arenaria","W-Msc-140430"
-173.5,59,0.46,"Mya arenaria","W-Msc-140430"
-173,59,0.44,"Mya arenaria","W-Msc-140430"
-172.5,59,0.41,"Mya arenaria","W-Msc-140430"
-172,59,0.38,"Mya arenaria","W-Msc-140430"
-171.5,59,0.36,"Mya arenaria","W-Msc-140430"
-171,59,0.34,"Mya arenaria","W-Msc-140430"
-170.5,59,0.26,"Mya arenaria","W-Msc-140430"
-170,59,0.31,"Mya arenaria","W-Msc-140430"
-169.5,59,0.31,"Mya arenaria","W-Msc-140430"
-169,59,0.31,"Mya arenaria","W-Msc-140430"
-168.5,59,0.31,"Mya arenaria","W-Msc-140430"
-168,59,0.32,"Mya arenaria","W-Msc-140430"
-167.5,59,0.34,"Mya arenaria","W-Msc-140430"
-167,59,0.36,"Mya arenaria","W-Msc-140430"
-166.5,59,0.34,"Mya arenaria","W-Msc-140430"
-166,59,0.32,"Mya arenaria","W-Msc-140430"
-165.5,59,0.3,"Mya arenaria","W-Msc-140430"
-165,59,0.27,"Mya arenaria","W-Msc-140430"
-164.5,59,0.27,"Mya arenaria","W-Msc-140430"
-164,59,0.31,"Mya arenaria","W-Msc-140430"
-163.5,59,0.43,"Mya arenaria","W-Msc-140430"
-163,59,0.53,"Mya arenaria","W-Msc-140430"
-162.5,59,0.55,"Mya arenaria","W-Msc-140430"
-162,59,0.56,"Mya arenaria","W-Msc-140430"
-161.5,59,0.61,"Mya arenaria","W-Msc-140430"
-160.5,59,0.64,"Mya arenaria","W-Msc-140430"
-160,59,0.64,"Mya arenaria","W-Msc-140430"
-158.5,59,0.65,"Mya arenaria","W-Msc-140430"
-158,59,0.65,"Mya arenaria","W-Msc-140430"
-156.5,59,0.72,"Mya arenaria","W-Msc-140430"
-154,59,0.88,"Mya arenaria","W-Msc-140430"
-153.5,59,0.92,"Mya arenaria","W-Msc-140430"
-153,59,0.94,"Mya arenaria","W-Msc-140430"
-152.5,59,0.94,"Mya arenaria","W-Msc-140430"
-152,59,0.91,"Mya arenaria","W-Msc-140430"
-151.5,59,0.99,"Mya arenaria","W-Msc-140430"
-151,59,1,"Mya arenaria","W-Msc-140430"
-150.5,59,1,"Mya arenaria","W-Msc-140430"
-150,59,1,"Mya arenaria","W-Msc-140430"
-149.5,59,0.63,"Mya arenaria","W-Msc-140430"
-149,59,0.55,"Mya arenaria","W-Msc-140430"
-148.5,59,0.66,"Mya arenaria","W-Msc-140430"
-148,59,0.66,"Mya arenaria","W-Msc-140430"
-147.5,59,0.62,"Mya arenaria","W-Msc-140430"
-147,59,0.51,"Mya arenaria","W-Msc-140430"
-146.5,59,0.75,"Mya arenaria","W-Msc-140430"
-146,59,1,"Mya arenaria","W-Msc-140430"
-145.5,59,0.45,"Mya arenaria","W-Msc-140430"
-142,59,0.04,"Mya arenaria","W-Msc-140430"
-141.5,59,0.1,"Mya arenaria","W-Msc-140430"
-141,59,0.14,"Mya arenaria","W-Msc-140430"
-140.5,59,0.4,"Mya arenaria","W-Msc-140430"
-140,59,0.6,"Mya arenaria","W-Msc-140430"
-139.5,59,1,"Mya arenaria","W-Msc-140430"
-139,59,1,"Mya arenaria","W-Msc-140430"
-138.5,59,1,"Mya arenaria","W-Msc-140430"
-138,59,1,"Mya arenaria","W-Msc-140430"
-137,59,1,"Mya arenaria","W-Msc-140430"
-136.5,59,1,"Mya arenaria","W-Msc-140430"
-136,59,1,"Mya arenaria","W-Msc-140430"
-135.5,59,1,"Mya arenaria","W-Msc-140430"
-135,59,0.99,"Mya arenaria","W-Msc-140430"
-94.5,59,0.17,"Mya arenaria","W-Msc-140430"
-94,59,0.1,"Mya arenaria","W-Msc-140430"
-93.5,59,0.06,"Mya arenaria","W-Msc-140430"
-93,59,0.06,"Mya arenaria","W-Msc-140430"
-92.5,59,0.05,"Mya arenaria","W-Msc-140430"
-92,59,0.03,"Mya arenaria","W-Msc-140430"
-91.5,59,0.02,"Mya arenaria","W-Msc-140430"
-91,59,0.01,"Mya arenaria","W-Msc-140430"
-90.5,59,0.01,"Mya arenaria","W-Msc-140430"
-90,59,0.01,"Mya arenaria","W-Msc-140430"
-81.5,59,0.01,"Mya arenaria","W-Msc-140430"
-81,59,0.01,"Mya arenaria","W-Msc-140430"
-80.5,59,0.02,"Mya arenaria","W-Msc-140430"
-80,59,0.02,"Mya arenaria","W-Msc-140430"
-79.5,59,0.01,"Mya arenaria","W-Msc-140430"
-79,59,0.02,"Mya arenaria","W-Msc-140430"
-78.5,59,0.04,"Mya arenaria","W-Msc-140430"
-78,59,0.12,"Mya arenaria","W-Msc-140430"
-77.5,59,0.17,"Mya arenaria","W-Msc-140430"
-69.5,59,0.1,"Mya arenaria","W-Msc-140430"
-69,59,0.09,"Mya arenaria","W-Msc-140430"
-68.5,59,0.07,"Mya arenaria","W-Msc-140430"
-68,59,0.05,"Mya arenaria","W-Msc-140430"
-67.5,59,0.02,"Mya arenaria","W-Msc-140430"
-67,59,0.02,"Mya arenaria","W-Msc-140430"
-66.5,59,0.05,"Mya arenaria","W-Msc-140430"
-66,59,0.07,"Mya arenaria","W-Msc-140430"
-65.5,59,0.09,"Mya arenaria","W-Msc-140430"
-65,59,0.1,"Mya arenaria","W-Msc-140430"
-63.5,59,0.11,"Mya arenaria","W-Msc-140430"
-63,59,0.11,"Mya arenaria","W-Msc-140430"
-62.5,59,0.07,"Mya arenaria","W-Msc-140430"
-62,59,0.06,"Mya arenaria","W-Msc-140430"
-61.5,59,0.04,"Mya arenaria","W-Msc-140430"
-61,59,0.02,"Mya arenaria","W-Msc-140430"
-60.5,59,0.02,"Mya arenaria","W-Msc-140430"
-43.5,59,0.02,"Mya arenaria","W-Msc-140430"
-7,59,0.3,"Mya arenaria","W-Msc-140430"
-6.5,59,0.47,"Mya arenaria","W-Msc-140430"
-6,59,0.87,"Mya arenaria","W-Msc-140430"
-5.5,59,0.87,"Mya arenaria","W-Msc-140430"
-5,59,0.69,"Mya arenaria","W-Msc-140430"
-4.5,59,0.83,"Mya arenaria","W-Msc-140430"
-4,59,0.9,"Mya arenaria","W-Msc-140430"
-3.5,59,0.72,"Mya arenaria","W-Msc-140430"
-3,59,0.92,"Mya arenaria","W-Msc-140430"
-2.5,59,0.92,"Mya arenaria","W-Msc-140430"
-2,59,0.91,"Mya arenaria","W-Msc-140430"
-1.5,59,0.65,"Mya arenaria","W-Msc-140430"
-1,59,0.58,"Mya arenaria","W-Msc-140430"
-0.5,59,0.38,"Mya arenaria","W-Msc-140430"
0,59,0.4,"Mya arenaria","W-Msc-140430"
0.5,59,0.4,"Mya arenaria","W-Msc-140430"
1,59,0.43,"Mya arenaria","W-Msc-140430"
1.5,59,0.52,"Mya arenaria","W-Msc-140430"
2,59,0.49,"Mya arenaria","W-Msc-140430"
2.5,59,0.51,"Mya arenaria","W-Msc-140430"
3,59,0.5,"Mya arenaria","W-Msc-140430"
3.5,59,0.47,"Mya arenaria","W-Msc-140430"
4,59,0.01,"Mya arenaria","W-Msc-140430"
5,59,1,"Mya arenaria","W-Msc-140430"
5.5,59,1,"Mya arenaria","W-Msc-140430"
6,59,1,"Mya arenaria","W-Msc-140430"
6.5,59,1,"Mya arenaria","W-Msc-140430"
7,59,1,"Mya arenaria","W-Msc-140430"
10,59,1,"Mya arenaria","W-Msc-140430"
10.5,59,1,"Mya arenaria","W-Msc-140430"
11,59,1,"Mya arenaria","W-Msc-140430"
11.5,59,1,"Mya arenaria","W-Msc-140430"
18,59,0.48,"Mya arenaria","W-Msc-140430"
18.5,59,0.22,"Mya arenaria","W-Msc-140430"
19,59,0.21,"Mya arenaria","W-Msc-140430"
19.5,59,0.12,"Mya arenaria","W-Msc-140430"
20,59,0.11,"Mya arenaria","W-Msc-140430"
20.5,59,0.16,"Mya arenaria","W-Msc-140430"
21,59,0.33,"Mya arenaria","W-Msc-140430"
21.5,59,0.44,"Mya arenaria","W-Msc-140430"
22,59,0.46,"Mya arenaria","W-Msc-140430"
22.5,59,0.48,"Mya arenaria","W-Msc-140430"
23,59,0.46,"Mya arenaria","W-Msc-140430"
23.5,59,0.44,"Mya arenaria","W-Msc-140430"
24,59,0.41,"Mya arenaria","W-Msc-140430"
24.5,59,0.26,"Mya arenaria","W-Msc-140430"
25,59,0.18,"Mya arenaria","W-Msc-140430"
27,59,0.04,"Mya arenaria","W-Msc-140430"
27.5,59,0.02,"Mya arenaria","W-Msc-140430"
28,59,0.01,"Mya arenaria","W-Msc-140430"
28.5,59,0.01,"Mya arenaria","W-Msc-140430"
142.5,59,0.51,"Mya arenaria","W-Msc-140430"
143,59,0.54,"Mya arenaria","W-Msc-140430"
143.5,59,0.53,"Mya arenaria","W-Msc-140430"
144,59,0.53,"Mya arenaria","W-Msc-140430"
144.5,59,0.53,"Mya arenaria","W-Msc-140430"
145,59,0.54,"Mya arenaria","W-Msc-140430"
145.5,59,0.54,"Mya arenaria","W-Msc-140430"
146,59,0.52,"Mya arenaria","W-Msc-140430"
146.5,59,0.5,"Mya arenaria","W-Msc-140430"
147,59,0.51,"Mya arenaria","W-Msc-140430"
147.5,59,0.5,"Mya arenaria","W-Msc-140430"
148,59,0.46,"Mya arenaria","W-Msc-140430"
148.5,59,0.45,"Mya arenaria","W-Msc-140430"
149,59,0.44,"Mya arenaria","W-Msc-140430"
149.5,59,0.45,"Mya arenaria","W-Msc-140430"
150,59,0.48,"Mya arenaria","W-Msc-140430"
150.5,59,0.49,"Mya arenaria","W-Msc-140430"
151,59,0.48,"Mya arenaria","W-Msc-140430"
151.5,59,0.48,"Mya arenaria","W-Msc-140430"
152,59,0.48,"Mya arenaria","W-Msc-140430"
152.5,59,0.43,"Mya arenaria","W-Msc-140430"
153,59,0.39,"Mya arenaria","W-Msc-140430"
153.5,59,0.35,"Mya arenaria","W-Msc-140430"
154,59,0.31,"Mya arenaria","W-Msc-140430"
154.5,59,0.31,"Mya arenaria","W-Msc-140430"
155,59,0.3,"Mya arenaria","W-Msc-140430"
155.5,59,0.27,"Mya arenaria","W-Msc-140430"
156,59,0.3,"Mya arenaria","W-Msc-140430"
156.5,59,0.22,"Mya arenaria","W-Msc-140430"
157,59,0.07,"Mya arenaria","W-Msc-140430"
157.5,59,0.05,"Mya arenaria","W-Msc-140430"
158,59,0.18,"Mya arenaria","W-Msc-140430"
158.5,59,0.16,"Mya arenaria","W-Msc-140430"
159,59,0.35,"Mya arenaria","W-Msc-140430"
159.5,59,0.37,"Mya arenaria","W-Msc-140430"
160,59,0.43,"Mya arenaria","W-Msc-140430"
160.5,59,0.43,"Mya arenaria","W-Msc-140430"
163,59,0.43,"Mya arenaria","W-Msc-140430"
163.5,59,0.45,"Mya arenaria","W-Msc-140430"
164,59,0.48,"Mya arenaria","W-Msc-140430"
164.5,59,0.5,"Mya arenaria","W-Msc-140430"
165,59,0.55,"Mya arenaria","W-Msc-140430"
165.5,59,0.61,"Mya arenaria","W-Msc-140430"
166,59,0.58,"Mya arenaria","W-Msc-140430"
166.5,59,0.66,"Mya arenaria","W-Msc-140430"
167,59,0.63,"Mya arenaria","W-Msc-140430"
-177.5,58.5,0.32,"Mya arenaria","W-Msc-140430"
-177,58.5,0.5,"Mya arenaria","W-Msc-140430"
-176.5,58.5,0.48,"Mya arenaria","W-Msc-140430"
-176,58.5,0.65,"Mya arenaria","W-Msc-140430"
-175.5,58.5,0.38,"Mya arenaria","W-Msc-140430"
-175,58.5,0.41,"Mya arenaria","W-Msc-140430"
-174.5,58.5,0.37,"Mya arenaria","W-Msc-140430"
-174,58.5,0.31,"Mya arenaria","W-Msc-140430"
-173.5,58.5,0.57,"Mya arenaria","W-Msc-140430"
-173,58.5,0.44,"Mya arenaria","W-Msc-140430"
-172.5,58.5,0.51,"Mya arenaria","W-Msc-140430"
-172,58.5,0.47,"Mya arenaria","W-Msc-140430"
-171.5,58.5,0.4,"Mya arenaria","W-Msc-140430"
-171,58.5,0.42,"Mya arenaria","W-Msc-140430"
-170.5,58.5,0.29,"Mya arenaria","W-Msc-140430"
-170,58.5,0.33,"Mya arenaria","W-Msc-140430"
-169.5,58.5,0.27,"Mya arenaria","W-Msc-140430"
-169,58.5,0.29,"Mya arenaria","W-Msc-140430"
-168.5,58.5,0.33,"Mya arenaria","W-Msc-140430"
-168,58.5,0.32,"Mya arenaria","W-Msc-140430"
-167.5,58.5,0.33,"Mya arenaria","W-Msc-140430"
-167,58.5,0.34,"Mya arenaria","W-Msc-140430"
-166.5,58.5,0.36,"Mya arenaria","W-Msc-140430"
-166,58.5,0.38,"Mya arenaria","W-Msc-140430"
-165.5,58.5,0.4,"Mya arenaria","W-Msc-140430"
-165,58.5,0.38,"Mya arenaria","W-Msc-140430"
-164.5,58.5,0.36,"Mya arenaria","W-Msc-140430"
-164,58.5,0.36,"Mya arenaria","W-Msc-140430"
-163.5,58.5,0.39,"Mya arenaria","W-Msc-140430"
-163,58.5,0.41,"Mya arenaria","W-Msc-140430"
-162.5,58.5,0.46,"Mya arenaria","W-Msc-140430"
-162,58.5,0.54,"Mya arenaria","W-Msc-140430"
-161.5,58.5,0.57,"Mya arenaria","W-Msc-140430"
-161,58.5,0.64,"Mya arenaria","W-Msc-140430"
-160.5,58.5,0.66,"Mya arenaria","W-Msc-140430"
-160,58.5,0.66,"Mya arenaria","W-Msc-140430"
-159.5,58.5,0.67,"Mya arenaria","W-Msc-140430"
-159,58.5,0.67,"Mya arenaria","W-Msc-140430"
-158.5,58.5,0.66,"Mya arenaria","W-Msc-140430"
-158,58.5,0.67,"Mya arenaria","W-Msc-140430"
-157.5,58.5,0.68,"Mya arenaria","W-Msc-140430"
-157,58.5,0.68,"Mya arenaria","W-Msc-140430"
-156.5,58.5,0.73,"Mya arenaria","W-Msc-140430"
-154,58.5,0.93,"Mya arenaria","W-Msc-140430"
-153.5,58.5,0.96,"Mya arenaria","W-Msc-140430"
-153,58.5,0.99,"Mya arenaria","W-Msc-140430"
-152.5,58.5,0.99,"Mya arenaria","W-Msc-140430"
-152,58.5,0.99,"Mya arenaria","W-Msc-140430"
-151.5,58.5,1,"Mya arenaria","W-Msc-140430"
-151,58.5,0.59,"Mya arenaria","W-Msc-140430"
-150.5,58.5,0.66,"Mya arenaria","W-Msc-140430"
-150,58.5,0.77,"Mya arenaria","W-Msc-140430"
-149.5,58.5,0.58,"Mya arenaria","W-Msc-140430"
-149,58.5,0.54,"Mya arenaria","W-Msc-140430"
-148.5,58.5,0.51,"Mya arenaria","W-Msc-140430"
-148,58.5,0.14,"Mya arenaria","W-Msc-140430"
-140.5,58.5,0.22,"Mya arenaria","W-Msc-140430"
-140,58.5,0.44,"Mya arenaria","W-Msc-140430"
-139.5,58.5,0.45,"Mya arenaria","W-Msc-140430"
-139,58.5,0.56,"Mya arenaria","W-Msc-140430"
-138.5,58.5,0.78,"Mya arenaria","W-Msc-140430"
-138,58.5,1,"Mya arenaria","W-Msc-140430"
-137.5,58.5,1,"Mya arenaria","W-Msc-140430"
-137,58.5,1,"Mya arenaria","W-Msc-140430"
-136.5,58.5,1,"Mya arenaria","W-Msc-140430"
-136,58.5,1,"Mya arenaria","W-Msc-140430"
-135.5,58.5,1,"Mya arenaria","W-Msc-140430"
-135,58.5,1,"Mya arenaria","W-Msc-140430"
-134.5,58.5,1,"Mya arenaria","W-Msc-140430"
-133.5,58.5,0.97,"Mya arenaria","W-Msc-140430"
-94.5,58.5,0.16,"Mya arenaria","W-Msc-140430"
-94,58.5,0.12,"Mya arenaria","W-Msc-140430"
-93.5,58.5,0.11,"Mya arenaria","W-Msc-140430"
-93,58.5,0.1,"Mya arenaria","W-Msc-140430"
-92.5,58.5,0.09,"Mya arenaria","W-Msc-140430"
-92,58.5,0.06,"Mya arenaria","W-Msc-140430"
-91.5,58.5,0.03,"Mya arenaria","W-Msc-140430"
-91,58.5,0.02,"Mya arenaria","W-Msc-140430"
-90.5,58.5,0.01,"Mya arenaria","W-Msc-140430"
-90,58.5,0.01,"Mya arenaria","W-Msc-140430"
-89.5,58.5,0.01,"Mya arenaria","W-Msc-140430"
-89,58.5,0.01,"Mya arenaria","W-Msc-140430"
-80.5,58.5,0.01,"Mya arenaria","W-Msc-140430"
-80,58.5,0.02,"Mya arenaria","W-Msc-140430"
-79.5,58.5,0.01,"Mya arenaria","W-Msc-140430"
-79,58.5,0.03,"Mya arenaria","W-Msc-140430"
-78.5,58.5,0.06,"Mya arenaria","W-Msc-140430"
-78,58.5,0.12,"Mya arenaria","W-Msc-140430"
-70,58.5,0.11,"Mya arenaria","W-Msc-140430"
-69.5,58.5,0.11,"Mya arenaria","W-Msc-140430"
-69,58.5,0.1,"Mya arenaria","W-Msc-140430"
-68.5,58.5,0.1,"Mya arenaria","W-Msc-140430"
-68,58.5,0.09,"Mya arenaria","W-Msc-140430"
-67.5,58.5,0.09,"Mya arenaria","W-Msc-140430"
-67,58.5,0.08,"Mya arenaria","W-Msc-140430"
-66.5,58.5,0.09,"Mya arenaria","W-Msc-140430"
-66,58.5,0.1,"Mya arenaria","W-Msc-140430"
-65.5,58.5,0.11,"Mya arenaria","W-Msc-140430"
-65,58.5,0.11,"Mya arenaria","W-Msc-140430"
-63,58.5,0.12,"Mya arenaria","W-Msc-140430"
-62.5,58.5,0.13,"Mya arenaria","W-Msc-140430"
-62,58.5,0.09,"Mya arenaria","W-Msc-140430"
-61.5,58.5,0.04,"Mya arenaria","W-Msc-140430"
-61,58.5,0.05,"Mya arenaria","W-Msc-140430"
-60.5,58.5,0.02,"Mya arenaria","W-Msc-140430"
-60,58.5,0.02,"Mya arenaria","W-Msc-140430"
-8,58.5,0.2,"Mya arenaria","W-Msc-140430"
-7.5,58.5,0.34,"Mya arenaria","W-Msc-140430"
-7,58.5,0.83,"Mya arenaria","W-Msc-140430"
-6.5,58.5,0.81,"Mya arenaria","W-Msc-140430"
-6,58.5,0.88,"Mya arenaria","W-Msc-140430"
-5.5,58.5,0.6,"Mya arenaria","W-Msc-140430"
-5,58.5,0.94,"Mya arenaria","W-Msc-140430"
-4.5,58.5,0.94,"Mya arenaria","W-Msc-140430"
-4,58.5,0.93,"Mya arenaria","W-Msc-140430"
-3.5,58.5,0.94,"Mya arenaria","W-Msc-140430"
-3,58.5,0.94,"Mya arenaria","W-Msc-140430"
-2.5,58.5,0.92,"Mya arenaria","W-Msc-140430"
-2,58.5,0.86,"Mya arenaria","W-Msc-140430"
-1.5,58.5,0.62,"Mya arenaria","W-Msc-140430"
-1,58.5,0.5,"Mya arenaria","W-Msc-140430"
-0.5,58.5,0.44,"Mya arenaria","W-Msc-140430"
0,58.5,0.47,"Mya arenaria","W-Msc-140430"
0.5,58.5,0.33,"Mya arenaria","W-Msc-140430"
1,58.5,0.41,"Mya arenaria","W-Msc-140430"
1.5,58.5,0.49,"Mya arenaria","W-Msc-140430"
2,58.5,0.53,"Mya arenaria","W-Msc-140430"
2.5,58.5,0.61,"Mya arenaria","W-Msc-140430"
3,58.5,0.63,"Mya arenaria","W-Msc-140430"
3.5,58.5,0.59,"Mya arenaria","W-Msc-140430"
4,58.5,0.51,"Mya arenaria","W-Msc-140430"
5.5,58.5,1,"Mya arenaria","W-Msc-140430"
6,58.5,1,"Mya arenaria","W-Msc-140430"
6.5,58.5,1,"Mya arenaria","W-Msc-140430"
9,58.5,1,"Mya arenaria","W-Msc-140430"
9.5,58.5,1,"Mya arenaria","W-Msc-140430"
10,58.5,1,"Mya arenaria","W-Msc-140430"
10.5,58.5,1,"Mya arenaria","W-Msc-140430"
11,58.5,1,"Mya arenaria","W-Msc-140430"
11.5,58.5,1,"Mya arenaria","W-Msc-140430"
16.5,58.5,0.94,"Mya arenaria","W-Msc-140430"
17,58.5,0.63,"Mya arenaria","W-Msc-140430"
17.5,58.5,0.52,"Mya arenaria","W-Msc-140430"
18,58.5,0.52,"Mya arenaria","W-Msc-140430"
18.5,58.5,0.53,"Mya arenaria","W-Msc-140430"
19,58.5,0.11,"Mya arenaria","W-Msc-140430"
19.5,58.5,0.07,"Mya arenaria","W-Msc-140430"
20,58.5,0.06,"Mya arenaria","W-Msc-140430"
20.5,58.5,0.09,"Mya arenaria","W-Msc-140430"
21,58.5,0.08,"Mya arenaria","W-Msc-140430"
21.5,58.5,0.11,"Mya arenaria","W-Msc-140430"
22,58.5,0.17,"Mya arenaria","W-Msc-140430"
22.5,58.5,0.25,"Mya arenaria","W-Msc-140430"
23,58.5,0.48,"Mya arenaria","W-Msc-140430"
23.5,58.5,0.42,"Mya arenaria","W-Msc-140430"
24,58.5,0.29,"Mya arenaria","W-Msc-140430"
141.5,58.5,0.51,"Mya arenaria","W-Msc-140430"
142,58.5,0.5,"Mya arenaria","W-Msc-140430"
142.5,58.5,0.5,"Mya arenaria","W-Msc-140430"
143,58.5,0.49,"Mya arenaria","W-Msc-140430"
143.5,58.5,0.45,"Mya arenaria","W-Msc-140430"
144,58.5,0.28,"Mya arenaria","W-Msc-140430"
144.5,58.5,0.31,"Mya arenaria","W-Msc-140430"
145,58.5,0.29,"Mya arenaria","W-Msc-140430"
145.5,58.5,0.33,"Mya arenaria","W-Msc-140430"
146,58.5,0.42,"Mya arenaria","W-Msc-140430"
146.5,58.5,0.42,"Mya arenaria","W-Msc-140430"
147,58.5,0.43,"Mya arenaria","W-Msc-140430"
147.5,58.5,0.41,"Mya arenaria","W-Msc-140430"
148,58.5,0.46,"Mya arenaria","W-Msc-140430"
148.5,58.5,0.46,"Mya arenaria","W-Msc-140430"
149,58.5,0.45,"Mya arenaria","W-Msc-140430"
149.5,58.5,0.45,"Mya arenaria","W-Msc-140430"
150,58.5,0.45,"Mya arenaria","W-Msc-140430"
150.5,58.5,0.44,"Mya arenaria","W-Msc-140430"
151,58.5,0.44,"Mya arenaria","W-Msc-140430"
151.5,58.5,0.42,"Mya arenaria","W-Msc-140430"
152,58.5,0.39,"Mya arenaria","W-Msc-140430"
152.5,58.5,0.38,"Mya arenaria","W-Msc-140430"
153,58.5,0.35,"Mya arenaria","W-Msc-140430"
153.5,58.5,0.34,"Mya arenaria","W-Msc-140430"
154,58.5,0.3,"Mya arenaria","W-Msc-140430"
154.5,58.5,0.3,"Mya arenaria","W-Msc-140430"
155,58.5,0.29,"Mya arenaria","W-Msc-140430"
155.5,58.5,0.2,"Mya arenaria","W-Msc-140430"
156,58.5,0.22,"Mya arenaria","W-Msc-140430"
156.5,58.5,0.08,"Mya arenaria","W-Msc-140430"
157,58.5,0.19,"Mya arenaria","W-Msc-140430"
157.5,58.5,0.31,"Mya arenaria","W-Msc-140430"
158,58.5,0.38,"Mya arenaria","W-Msc-140430"
158.5,58.5,0.37,"Mya arenaria","W-Msc-140430"
159,58.5,0.4,"Mya arenaria","W-Msc-140430"
159.5,58.5,0.43,"Mya arenaria","W-Msc-140430"
160,58.5,0.43,"Mya arenaria","W-Msc-140430"
162.5,58.5,0.42,"Mya arenaria","W-Msc-140430"
163,58.5,0.45,"Mya arenaria","W-Msc-140430"
163.5,58.5,0.47,"Mya arenaria","W-Msc-140430"
164,58.5,0.53,"Mya arenaria","W-Msc-140430"
164.5,58.5,0.65,"Mya arenaria","W-Msc-140430"
165,58.5,0.67,"Mya arenaria","W-Msc-140430"
-175.5,58,0.21,"Mya arenaria","W-Msc-140430"
-175,58,0.31,"Mya arenaria","W-Msc-140430"
-174,58,0.54,"Mya arenaria","W-Msc-140430"
-173.5,58,0.6,"Mya arenaria","W-Msc-140430"
-173,58,0.56,"Mya arenaria","W-Msc-140430"
-172.5,58,0.4,"Mya arenaria","W-Msc-140430"
-172,58,0.44,"Mya arenaria","W-Msc-140430"
-171.5,58,0.38,"Mya arenaria","W-Msc-140430"
-171,58,0.49,"Mya arenaria","W-Msc-140430"
-170.5,58,0.43,"Mya arenaria","W-Msc-140430"
-170,58,0.4,"Mya arenaria","W-Msc-140430"
-169.5,58,0.37,"Mya arenaria","W-Msc-140430"
-169,58,0.24,"Mya arenaria","W-Msc-140430"
-168.5,58,0.27,"Mya arenaria","W-Msc-140430"
-168,58,0.35,"Mya arenaria","W-Msc-140430"
-167.5,58,0.34,"Mya arenaria","W-Msc-140430"
-167,58,0.34,"Mya arenaria","W-Msc-140430"
-166.5,58,0.36,"Mya arenaria","W-Msc-140430"
-166,58,0.37,"Mya arenaria","W-Msc-140430"
-165.5,58,0.39,"Mya arenaria","W-Msc-140430"
-165,58,0.39,"Mya arenaria","W-Msc-140430"
-164.5,58,0.41,"Mya arenaria","W-Msc-140430"
-164,58,0.43,"Mya arenaria","W-Msc-140430"
-163.5,58,0.45,"Mya arenaria","W-Msc-140430"
-163,58,0.47,"Mya arenaria","W-Msc-140430"
-162.5,58,0.5,"Mya arenaria","W-Msc-140430"
-162,58,0.52,"Mya arenaria","W-Msc-140430"
-161.5,58,0.58,"Mya arenaria","W-Msc-140430"
-161,58,0.62,"Mya arenaria","W-Msc-140430"
-160.5,58,0.63,"Mya arenaria","W-Msc-140430"
-160,58,0.63,"Mya arenaria","W-Msc-140430"
-159.5,58,0.64,"Mya arenaria","W-Msc-140430"
-159,58,0.65,"Mya arenaria","W-Msc-140430"
-158.5,58,0.66,"Mya arenaria","W-Msc-140430"
-158,58,0.68,"Mya arenaria","W-Msc-140430"
-157.5,58,0.69,"Mya arenaria","W-Msc-140430"
-157,58,0.72,"Mya arenaria","W-Msc-140430"
-155,58,0.91,"Mya arenaria","W-Msc-140430"
-154.5,58,0.95,"Mya arenaria","W-Msc-140430"
-154,58,0.98,"Mya arenaria","W-Msc-140430"
-153.5,58,0.99,"Mya arenaria","W-Msc-140430"
-153,58,1,"Mya arenaria","W-Msc-140430"
-152.5,58,0.98,"Mya arenaria","W-Msc-140430"
-152,58,0.96,"Mya arenaria","W-Msc-140430"
-151.5,58,0.97,"Mya arenaria","W-Msc-140430"
-151,58,0.82,"Mya arenaria","W-Msc-140430"
-150.5,58,0.78,"Mya arenaria","W-Msc-140430"
-150,58,0.96,"Mya arenaria","W-Msc-140430"
-149.5,58,0.84,"Mya arenaria","W-Msc-140430"
-149,58,0.63,"Mya arenaria","W-Msc-140430"
-148.5,58,0.64,"Mya arenaria","W-Msc-140430"
-148,58,0.16,"Mya arenaria","W-Msc-140430"
-139,58,0.91,"Mya arenaria","W-Msc-140430"
-138.5,58,0.95,"Mya arenaria","W-Msc-140430"
-138,58,0.78,"Mya arenaria","W-Msc-140430"
-137.5,58,0.49,"Mya arenaria","W-Msc-140430"
-137,58,1,"Mya arenaria","W-Msc-140430"
-136.5,58,1,"Mya arenaria","W-Msc-140430"
-136,58,1,"Mya arenaria","W-Msc-140430"
-135.5,58,1,"Mya arenaria","W-Msc-140430"
-135,58,1,"Mya arenaria","W-Msc-140430"
-134.5,58,1,"Mya arenaria","W-Msc-140430"
-134,58,1,"Mya arenaria","W-Msc-140430"
-133.5,58,1,"Mya arenaria","W-Msc-140430"
-94,58,0.17,"Mya arenaria","W-Msc-140430"
-93,58,0.14,"Mya arenaria","W-Msc-140430"
-92.5,58,0.14,"Mya arenaria","W-Msc-140430"
-92,58,0.1,"Mya arenaria","W-Msc-140430"
-91.5,58,0.08,"Mya arenaria","W-Msc-140430"
-91,58,0.04,"Mya arenaria","W-Msc-140430"
-90.5,58,0.02,"Mya arenaria","W-Msc-140430"
-90,58,0.02,"Mya arenaria","W-Msc-140430"
-89.5,58,0.01,"Mya arenaria","W-Msc-140430"
-89,58,0.01,"Mya arenaria","W-Msc-140430"
-88.5,58,0.01,"Mya arenaria","W-Msc-140430"
-88,58,0.01,"Mya arenaria","W-Msc-140430"
-85.5,58,0.01,"Mya arenaria","W-Msc-140430"
-81.5,58,0.01,"Mya arenaria","W-Msc-140430"
-81,58,0.01,"Mya arenaria","W-Msc-140430"
-80.5,58,0.01,"Mya arenaria","W-Msc-140430"
-80,58,0.01,"Mya arenaria","W-Msc-140430"
-79.5,58,0.02,"Mya arenaria","W-Msc-140430"
-79,58,0.02,"Mya arenaria","W-Msc-140430"
-78.5,58,0.04,"Mya arenaria","W-Msc-140430"
-78,58,0.14,"Mya arenaria","W-Msc-140430"
-77.5,58,0.15,"Mya arenaria","W-Msc-140430"
-77,58,0.18,"Mya arenaria","W-Msc-140430"
-68.5,58,0.13,"Mya arenaria","W-Msc-140430"
-68,58,0.13,"Mya arenaria","W-Msc-140430"
-67.5,58,0.13,"Mya arenaria","W-Msc-140430"
-67,58,0.12,"Mya arenaria","W-Msc-140430"
-66.5,58,0.13,"Mya arenaria","W-Msc-140430"
-66,58,0.13,"Mya arenaria","W-Msc-140430"
-65.5,58,0.13,"Mya arenaria","W-Msc-140430"
-63.5,58,0.14,"Mya arenaria","W-Msc-140430"
-63,58,0.14,"Mya arenaria","W-Msc-140430"
-62.5,58,0.16,"Mya arenaria","W-Msc-140430"
-62,58,0.16,"Mya arenaria","W-Msc-140430"
-61.5,58,0.13,"Mya arenaria","W-Msc-140430"
-61,58,0.06,"Mya arenaria","W-Msc-140430"
-60.5,58,0.05,"Mya arenaria","W-Msc-140430"
-60,58,0.05,"Mya arenaria","W-Msc-140430"
-13.5,58,0.29,"Mya arenaria","W-Msc-140430"
-13,58,0.18,"Mya arenaria","W-Msc-140430"
-8.5,58,0.31,"Mya arenaria","W-Msc-140430"
-8,58,0.87,"Mya arenaria","W-Msc-140430"
-7.5,58,0.88,"Mya arenaria","W-Msc-140430"
-7,58,0.89,"Mya arenaria","W-Msc-140430"
-6.5,58,0.89,"Mya arenaria","W-Msc-140430"
-6,58,0.94,"Mya arenaria","W-Msc-140430"
-5.5,58,0.95,"Mya arenaria","W-Msc-140430"
-5,58,0.98,"Mya arenaria","W-Msc-140430"
-4.5,58,1,"Mya arenaria","W-Msc-140430"
-3.5,58,1,"Mya arenaria","W-Msc-140430"
-3,58,0.97,"Mya arenaria","W-Msc-140430"
-2.5,58,0.94,"Mya arenaria","W-Msc-140430"
-2,58,0.8,"Mya arenaria","W-Msc-140430"
-1.5,58,0.68,"Mya arenaria","W-Msc-140430"
-1,58,0.67,"Mya arenaria","W-Msc-140430"
-0.5,58,0.51,"Mya arenaria","W-Msc-140430"
0,58,0.45,"Mya arenaria","W-Msc-140430"
0.5,58,0.38,"Mya arenaria","W-Msc-140430"
1,58,0.29,"Mya arenaria","W-Msc-140430"
1.5,58,0.48,"Mya arenaria","W-Msc-140430"
2,58,0.6,"Mya arenaria","W-Msc-140430"
2.5,58,0.72,"Mya arenaria","W-Msc-140430"
3,58,0.77,"Mya arenaria","W-Msc-140430"
3.5,58,0.69,"Mya arenaria","W-Msc-140430"
4,58,0.63,"Mya arenaria","W-Msc-140430"
4.5,58,0.61,"Mya arenaria","W-Msc-140430"
5,58,0.62,"Mya arenaria","W-Msc-140430"
5.5,58,0.47,"Mya arenaria","W-Msc-140430"
6,58,1,"Mya arenaria","W-Msc-140430"
6.5,58,1,"Mya arenaria","W-Msc-140430"
7,58,1,"Mya arenaria","W-Msc-140430"
7.5,58,1,"Mya arenaria","W-Msc-140430"
8,58,1,"Mya arenaria","W-Msc-140430"
8.5,58,1,"Mya arenaria","W-Msc-140430"
9,58,1,"Mya arenaria","W-Msc-140430"
9.5,58,0.73,"Mya arenaria","W-Msc-140430"
10,58,0.37,"Mya arenaria","W-Msc-140430"
10.5,58,0.54,"Mya arenaria","W-Msc-140430"
11,58,0.99,"Mya arenaria","W-Msc-140430"
11.5,58,1,"Mya arenaria","W-Msc-140430"
12,58,1,"Mya arenaria","W-Msc-140430"
17,58,0.54,"Mya arenaria","W-Msc-140430"
17.5,58,0.28,"Mya arenaria","W-Msc-140430"
18,58,0.08,"Mya arenaria","W-Msc-140430"
18.5,58,0.06,"Mya arenaria","W-Msc-140430"
19,58,0.05,"Mya arenaria","W-Msc-140430"
19.5,58,0.05,"Mya arenaria","W-Msc-140430"
20,58,0.03,"Mya arenaria","W-Msc-140430"
20.5,58,0.03,"Mya arenaria","W-Msc-140430"
21,58,0.05,"Mya arenaria","W-Msc-140430"
21.5,58,0.12,"Mya arenaria","W-Msc-140430"
22,58,0.28,"Mya arenaria","W-Msc-140430"
22.5,58,0.4,"Mya arenaria","W-Msc-140430"
23,58,0.21,"Mya arenaria","W-Msc-140430"
23.5,58,0.16,"Mya arenaria","W-Msc-140430"
24,58,0.13,"Mya arenaria","W-Msc-140430"
24.5,58,0.11,"Mya arenaria","W-Msc-140430"
25,58,0.09,"Mya arenaria","W-Msc-140430"
141,58,0.53,"Mya arenaria","W-Msc-140430"
141.5,58,0.52,"Mya arenaria","W-Msc-140430"
142,58,0.48,"Mya arenaria","W-Msc-140430"
142.5,58,0.46,"Mya arenaria","W-Msc-140430"
143,58,0.45,"Mya arenaria","W-Msc-140430"
143.5,58,0.44,"Mya arenaria","W-Msc-140430"
144,58,0.37,"Mya arenaria","W-Msc-140430"
144.5,58,0.41,"Mya arenaria","W-Msc-140430"
145,58,0.43,"Mya arenaria","W-Msc-140430"
145.5,58,0.42,"Mya arenaria","W-Msc-140430"
146,58,0.44,"Mya arenaria","W-Msc-140430"
146.5,58,0.44,"Mya arenaria","W-Msc-140430"
147,58,0.45,"Mya arenaria","W-Msc-140430"
147.5,58,0.37,"Mya arenaria","W-Msc-140430"
148,58,0.38,"Mya arenaria","W-Msc-140430"
148.5,58,0.45,"Mya arenaria","W-Msc-140430"
149,58,0.47,"Mya arenaria","W-Msc-140430"
149.5,58,0.47,"Mya arenaria","W-Msc-140430"
150,58,0.47,"Mya arenaria","W-Msc-140430"
150.5,58,0.47,"Mya arenaria","W-Msc-140430"
151,58,0.46,"Mya arenaria","W-Msc-140430"
151.5,58,0.45,"Mya arenaria","W-Msc-140430"
152,58,0.4,"Mya arenaria","W-Msc-140430"
152.5,58,0.31,"Mya arenaria","W-Msc-140430"
153,58,0.28,"Mya arenaria","W-Msc-140430"
153.5,58,0.29,"Mya arenaria","W-Msc-140430"
154,58,0.27,"Mya arenaria","W-Msc-140430"
154.5,58,0.28,"Mya arenaria","W-Msc-140430"
155,58,0.21,"Mya arenaria","W-Msc-140430"
156.5,58,0.11,"Mya arenaria","W-Msc-140430"
157,58,0.28,"Mya arenaria","W-Msc-140430"
157.5,58,0.42,"Mya arenaria","W-Msc-140430"
158,58,0.41,"Mya arenaria","W-Msc-140430"
158.5,58,0.43,"Mya arenaria","W-Msc-140430"
159,58,0.44,"Mya arenaria","W-Msc-140430"
159.5,58,0.45,"Mya arenaria","W-Msc-140430"
162.5,58,0.41,"Mya arenaria","W-Msc-140430"
163,58,0.4,"Mya arenaria","W-Msc-140430"
163.5,58,0.54,"Mya arenaria","W-Msc-140430"
164,58,0.65,"Mya arenaria","W-Msc-140430"
-174,57.5,0.38,"Mya arenaria","W-Msc-140430"
-173.5,57.5,0.6,"Mya arenaria","W-Msc-140430"
-173,57.5,0.54,"Mya arenaria","W-Msc-140430"
-172.5,57.5,0.64,"Mya arenaria","W-Msc-140430"
-172,57.5,0.61,"Mya arenaria","W-Msc-140430"
-171.5,57.5,0.58,"Mya arenaria","W-Msc-140430"
-171,57.5,0.55,"Mya arenaria","W-Msc-140430"
-170.5,57.5,0.48,"Mya arenaria","W-Msc-140430"
-170,57.5,0.45,"Mya arenaria","W-Msc-140430"
-169.5,57.5,0.46,"Mya arenaria","W-Msc-140430"
-169,57.5,0.35,"Mya arenaria","W-Msc-140430"
-168.5,57.5,0.4,"Mya arenaria","W-Msc-140430"
-168,57.5,0.38,"Mya arenaria","W-Msc-140430"
-167.5,57.5,0.36,"Mya arenaria","W-Msc-140430"
-167,57.5,0.34,"Mya arenaria","W-Msc-140430"
-166.5,57.5,0.36,"Mya arenaria","W-Msc-140430"
-166,57.5,0.38,"Mya arenaria","W-Msc-140430"
-165.5,57.5,0.41,"Mya arenaria","W-Msc-140430"
-165,57.5,0.42,"Mya arenaria","W-Msc-140430"
-164.5,57.5,0.43,"Mya arenaria","W-Msc-140430"
-164,57.5,0.44,"Mya arenaria","W-Msc-140430"
-163.5,57.5,0.45,"Mya arenaria","W-Msc-140430"
-163,57.5,0.45,"Mya arenaria","W-Msc-140430"
-162.5,57.5,0.51,"Mya arenaria","W-Msc-140430"
-162,57.5,0.51,"Mya arenaria","W-Msc-140430"
-161.5,57.5,0.53,"Mya arenaria","W-Msc-140430"
-161,57.5,0.55,"Mya arenaria","W-Msc-140430"
-160.5,57.5,0.57,"Mya arenaria","W-Msc-140430"
-160,57.5,0.61,"Mya arenaria","W-Msc-140430"
-159.5,57.5,0.62,"Mya arenaria","W-Msc-140430"
-159,57.5,0.63,"Mya arenaria","W-Msc-140430"
-158.5,57.5,0.63,"Mya arenaria","W-Msc-140430"
-158,57.5,0.65,"Mya arenaria","W-Msc-140430"
-157.5,57.5,0.66,"Mya arenaria","W-Msc-140430"
-157,57.5,0.76,"Mya arenaria","W-Msc-140430"
-156,57.5,0.88,"Mya arenaria","W-Msc-140430"
-155.5,57.5,0.92,"Mya arenaria","W-Msc-140430"
-155,57.5,0.97,"Mya arenaria","W-Msc-140430"
-154.5,57.5,0.98,"Mya arenaria","W-Msc-140430"
-154,57.5,0.99,"Mya arenaria","W-Msc-140430"
-153.5,57.5,0.99,"Mya arenaria","W-Msc-140430"
-153,57.5,0.99,"Mya arenaria","W-Msc-140430"
-152.5,57.5,0.96,"Mya arenaria","W-Msc-140430"
-152,57.5,0.95,"Mya arenaria","W-Msc-140430"
-151.5,57.5,0.85,"Mya arenaria","W-Msc-140430"
-151,57.5,0.83,"Mya arenaria","W-Msc-140430"
-150.5,57.5,0.87,"Mya arenaria","W-Msc-140430"
-150,57.5,0.75,"Mya arenaria","W-Msc-140430"
-149.5,57.5,0.46,"Mya arenaria","W-Msc-140430"
-149,57.5,0.23,"Mya arenaria","W-Msc-140430"
-137.5,57.5,0.25,"Mya arenaria","W-Msc-140430"
-137,57.5,0.17,"Mya arenaria","W-Msc-140430"
-136.5,57.5,1,"Mya arenaria","W-Msc-140430"
-136,57.5,1,"Mya arenaria","W-Msc-140430"
-135.5,57.5,1,"Mya arenaria","W-Msc-140430"
-135,57.5,1,"Mya arenaria","W-Msc-140430"
-134.5,57.5,1,"Mya arenaria","W-Msc-140430"
-134,57.5,1,"Mya arenaria","W-Msc-140430"
-133.5,57.5,1,"Mya arenaria","W-Msc-140430"
-133,57.5,1,"Mya arenaria","W-Msc-140430"
-132.5,57.5,0.99,"Mya arenaria","W-Msc-140430"
-92.5,57.5,0.17,"Mya arenaria","W-Msc-140430"
-92,57.5,0.14,"Mya arenaria","W-Msc-140430"
-91.5,57.5,0.11,"Mya arenaria","W-Msc-140430"
-91,57.5,0.09,"Mya arenaria","W-Msc-140430"
-90.5,57.5,0.08,"Mya arenaria","W-Msc-140430"
-90,57.5,0.05,"Mya arenaria","W-Msc-140430"
-89.5,57.5,0.02,"Mya arenaria","W-Msc-140430"
-89,57.5,0.02,"Mya arenaria","W-Msc-140430"
-88.5,57.5,0.01,"Mya arenaria","W-Msc-140430"
-88,57.5,0.01,"Mya arenaria","W-Msc-140430"
-87.5,57.5,0.01,"Mya arenaria","W-Msc-140430"
-87,57.5,0.01,"Mya arenaria","W-Msc-140430"
-86.5,57.5,0.01,"Mya arenaria","W-Msc-140430"
-86,57.5,0.01,"Mya arenaria","W-Msc-140430"
-85.5,57.5,0.01,"Mya arenaria","W-Msc-140430"
-85,57.5,0.01,"Mya arenaria","W-Msc-140430"
-82,57.5,0.01,"Mya arenaria","W-Msc-140430"
-81.5,57.5,0.01,"Mya arenaria","W-Msc-140430"
-81,57.5,0.01,"Mya arenaria","W-Msc-140430"
-80.5,57.5,0.01,"Mya arenaria","W-Msc-140430"
-80,57.5,0.01,"Mya arenaria","W-Msc-140430"
-79.5,57.5,0.02,"Mya arenaria","W-Msc-140430"
-79,57.5,0.02,"Mya arenaria","W-Msc-140430"
-78.5,57.5,0.02,"Mya arenaria","W-Msc-140430"
-78,57.5,0.03,"Mya arenaria","W-Msc-140430"
-77.5,57.5,0.05,"Mya arenaria","W-Msc-140430"
-77,57.5,0.16,"Mya arenaria","W-Msc-140430"
-76.5,57.5,0.18,"Mya arenaria","W-Msc-140430"
-62.5,57.5,0.16,"Mya arenaria","W-Msc-140430"
-62,57.5,0.16,"Mya arenaria","W-Msc-140430"
-61.5,57.5,0.15,"Mya arenaria","W-Msc-140430"
-61,57.5,0.14,"Mya arenaria","W-Msc-140430"
-60.5,57.5,0.07,"Mya arenaria","W-Msc-140430"
-60,57.5,0.06,"Mya arenaria","W-Msc-140430"
-59.5,57.5,0.05,"Mya arenaria","W-Msc-140430"
-14,57.5,0.34,"Mya arenaria","W-Msc-140430"
-13.5,57.5,0.75,"Mya arenaria","W-Msc-140430"
-13,57.5,0.87,"Mya arenaria","W-Msc-140430"
-9,57.5,0.32,"Mya arenaria","W-Msc-140430"
-8.5,57.5,0.88,"Mya arenaria","W-Msc-140430"
-8,57.5,0.89,"Mya arenaria","W-Msc-140430"
-7.5,57.5,0.9,"Mya arenaria","W-Msc-140430"
-7,57.5,0.92,"Mya arenaria","W-Msc-140430"
-6.5,57.5,0.95,"Mya arenaria","W-Msc-140430"
-6,57.5,0.96,"Mya arenaria","W-Msc-140430"
-5.5,57.5,0.98,"Mya arenaria","W-Msc-140430"
-5,57.5,1,"Mya arenaria","W-Msc-140430"
-4,57.5,1,"Mya arenaria","W-Msc-140430"
-3.5,57.5,1,"Mya arenaria","W-Msc-140430"
-3,57.5,1,"Mya arenaria","W-Msc-140430"
-2.5,57.5,1,"Mya arenaria","W-Msc-140430"
-2,57.5,0.98,"Mya arenaria","W-Msc-140430"
-1.5,57.5,0.95,"Mya arenaria","W-Msc-140430"
-1,57.5,0.69,"Mya arenaria","W-Msc-140430"
-0.5,57.5,0.6,"Mya arenaria","W-Msc-140430"
0,57.5,0.59,"Mya arenaria","W-Msc-140430"
0.5,57.5,0.59,"Mya arenaria","W-Msc-140430"
1,57.5,0.6,"Mya arenaria","W-Msc-140430"
1.5,57.5,0.6,"Mya arenaria","W-Msc-140430"
2,57.5,0.62,"Mya arenaria","W-Msc-140430"
2.5,57.5,0.71,"Mya arenaria","W-Msc-140430"
3,57.5,0.76,"Mya arenaria","W-Msc-140430"
3.5,57.5,0.79,"Mya arenaria","W-Msc-140430"
4,57.5,0.85,"Mya arenaria","W-Msc-140430"
4.5,57.5,0.9,"Mya arenaria","W-Msc-140430"
5,57.5,0.89,"Mya arenaria","W-Msc-140430"
5.5,57.5,0.74,"Mya arenaria","W-Msc-140430"
6,57.5,0.7,"Mya arenaria","W-Msc-140430"
6.5,57.5,0.71,"Mya arenaria","W-Msc-140430"
7,57.5,0.53,"Mya arenaria","W-Msc-140430"
7.5,57.5,0.78,"Mya arenaria","W-Msc-140430"
8,57.5,1,"Mya arenaria","W-Msc-140430"
8.5,57.5,0.69,"Mya arenaria","W-Msc-140430"
9,57.5,1,"Mya arenaria","W-Msc-140430"
9.5,57.5,1,"Mya arenaria","W-Msc-140430"
10,57.5,1,"Mya arenaria","W-Msc-140430"
10.5,57.5,1,"Mya arenaria","W-Msc-140430"
11,57.5,1,"Mya arenaria","W-Msc-140430"
11.5,57.5,1,"Mya arenaria","W-Msc-140430"
12,57.5,1,"Mya arenaria","W-Msc-140430"
17,57.5,0.57,"Mya arenaria","W-Msc-140430"
17.5,57.5,0.14,"Mya arenaria","W-Msc-140430"
18,57.5,0.07,"Mya arenaria","W-Msc-140430"
18.5,57.5,0.05,"Mya arenaria","W-Msc-140430"
19,57.5,0.03,"Mya arenaria","W-Msc-140430"
19.5,57.5,0.02,"Mya arenaria","W-Msc-140430"
20,57.5,0.01,"Mya arenaria","W-Msc-140430"
20.5,57.5,0.01,"Mya arenaria","W-Msc-140430"
21,57.5,0.06,"Mya arenaria","W-Msc-140430"
21.5,57.5,0.14,"Mya arenaria","W-Msc-140430"
22,57.5,0.43,"Mya arenaria","W-Msc-140430"
22.5,57.5,0.33,"Mya arenaria","W-Msc-140430"
23,57.5,0.21,"Mya arenaria","W-Msc-140430"
23.5,57.5,0.15,"Mya arenaria","W-Msc-140430"
24,57.5,0.11,"Mya arenaria","W-Msc-140430"
24.5,57.5,0.08,"Mya arenaria","W-Msc-140430"
140,57.5,0.52,"Mya arenaria","W-Msc-140430"
140.5,57.5,0.5,"Mya arenaria","W-Msc-140430"
141,57.5,0.48,"Mya arenaria","W-Msc-140430"
141.5,57.5,0.47,"Mya arenaria","W-Msc-140430"
142,57.5,0.45,"Mya arenaria","W-Msc-140430"
142.5,57.5,0.43,"Mya arenaria","W-Msc-140430"
143,57.5,0.34,"Mya arenaria","W-Msc-140430"
143.5,57.5,0.41,"Mya arenaria","W-Msc-140430"
144,57.5,0.4,"Mya arenaria","W-Msc-140430"
144.5,57.5,0.24,"Mya arenaria","W-Msc-140430"
145,57.5,0.26,"Mya arenaria","W-Msc-140430"
145.5,57.5,0.41,"Mya arenaria","W-Msc-140430"
146,57.5,0.42,"Mya arenaria","W-Msc-140430"
146.5,57.5,0.43,"Mya arenaria","W-Msc-140430"
147,57.5,0.41,"Mya arenaria","W-Msc-140430"
147.5,57.5,0.43,"Mya arenaria","W-Msc-140430"
148,57.5,0.38,"Mya arenaria","W-Msc-140430"
148.5,57.5,0.4,"Mya arenaria","W-Msc-140430"
149,57.5,0.43,"Mya arenaria","W-Msc-140430"
149.5,57.5,0.42,"Mya arenaria","W-Msc-140430"
150,57.5,0.26,"Mya arenaria","W-Msc-140430"
150.5,57.5,0.3,"Mya arenaria","W-Msc-140430"
151,57.5,0.38,"Mya arenaria","W-Msc-140430"
151.5,57.5,0.38,"Mya arenaria","W-Msc-140430"
152,57.5,0.08,"Mya arenaria","W-Msc-140430"
152.5,57.5,0.06,"Mya arenaria","W-Msc-140430"
153,57.5,0.03,"Mya arenaria","W-Msc-140430"
156.5,57.5,0.4,"Mya arenaria","W-Msc-140430"
157,57.5,0.48,"Mya arenaria","W-Msc-140430"
157.5,57.5,0.45,"Mya arenaria","W-Msc-140430"
158,57.5,0.47,"Mya arenaria","W-Msc-140430"
162.5,57.5,0.37,"Mya arenaria","W-Msc-140430"
163,57.5,0.51,"Mya arenaria","W-Msc-140430"
163.5,57.5,0.6,"Mya arenaria","W-Msc-140430"
-173.5,57,0.39,"Mya arenaria","W-Msc-140430"
-173,57,0.72,"Mya arenaria","W-Msc-140430"
-172.5,57,0.7,"Mya arenaria","W-Msc-140430"
-172,57,0.67,"Mya arenaria","W-Msc-140430"
-171.5,57,0.57,"Mya arenaria","W-Msc-140430"
-171,57,0.61,"Mya arenaria","W-Msc-140430"
-170.5,57,0.56,"Mya arenaria","W-Msc-140430"
-170,57,0.52,"Mya arenaria","W-Msc-140430"
-169.5,57,0.52,"Mya arenaria","W-Msc-140430"
-169,57,0.54,"Mya arenaria","W-Msc-140430"
-168.5,57,0.56,"Mya arenaria","W-Msc-140430"
-168,57,0.48,"Mya arenaria","W-Msc-140430"
-167.5,57,0.48,"Mya arenaria","W-Msc-140430"
-167,57,0.43,"Mya arenaria","W-Msc-140430"
-166.5,57,0.37,"Mya arenaria","W-Msc-140430"
-166,57,0.39,"Mya arenaria","W-Msc-140430"
-165.5,57,0.41,"Mya arenaria","W-Msc-140430"
-165,57,0.47,"Mya arenaria","W-Msc-140430"
-164.5,57,0.47,"Mya arenaria","W-Msc-140430"
-164,57,0.48,"Mya arenaria","W-Msc-140430"
-163.5,57,0.47,"Mya arenaria","W-Msc-140430"
-163,57,0.46,"Mya arenaria","W-Msc-140430"
-162.5,57,0.48,"Mya arenaria","W-Msc-140430"
-162,57,0.5,"Mya arenaria","W-Msc-140430"
-161.5,57,0.53,"Mya arenaria","W-Msc-140430"
-161,57,0.57,"Mya arenaria","W-Msc-140430"
-160.5,57,0.59,"Mya arenaria","W-Msc-140430"
-160,57,0.62,"Mya arenaria","W-Msc-140430"
-159.5,57,0.64,"Mya arenaria","W-Msc-140430"
-159,57,0.64,"Mya arenaria","W-Msc-140430"
-158.5,57,0.66,"Mya arenaria","W-Msc-140430"
-158,57,0.65,"Mya arenaria","W-Msc-140430"
-157.5,57,0.75,"Mya arenaria","W-Msc-140430"
-156.5,57,0.88,"Mya arenaria","W-Msc-140430"
-156,57,0.94,"Mya arenaria","W-Msc-140430"
-155.5,57,0.96,"Mya arenaria","W-Msc-140430"
-155,57,0.1,"Mya arenaria","W-Msc-140430"
-154.5,57,0.97,"Mya arenaria","W-Msc-140430"
-154,57,0.97,"Mya arenaria","W-Msc-140430"
-153.5,57,0.97,"Mya arenaria","W-Msc-140430"
-153,57,0.97,"Mya arenaria","W-Msc-140430"
-152.5,57,0.98,"Mya arenaria","W-Msc-140430"
-152,57,0.98,"Mya arenaria","W-Msc-140430"
-151.5,57,0.91,"Mya arenaria","W-Msc-140430"
-151,57,0.9,"Mya arenaria","W-Msc-140430"
-150.5,57,0.69,"Mya arenaria","W-Msc-140430"
-150,57,0.21,"Mya arenaria","W-Msc-140430"
-136,57,0.88,"Mya arenaria","W-Msc-140430"
-135.5,57,1,"Mya arenaria","W-Msc-140430"
-135,57,1,"Mya arenaria","W-Msc-140430"
-134.5,57,1,"Mya arenaria","W-Msc-140430"
-134,57,1,"Mya arenaria","W-Msc-140430"
-133.5,57,1,"Mya arenaria","W-Msc-140430"
-133,57,1,"Mya arenaria","W-Msc-140430"
-132.5,57,1,"Mya arenaria","W-Msc-140430"
-92.5,57,0.19,"Mya arenaria","W-Msc-140430"
-92,57,0.19,"Mya arenaria","W-Msc-140430"
-91.5,57,0.15,"Mya arenaria","W-Msc-140430"
-91,57,0.12,"Mya arenaria","W-Msc-140430"
-90.5,57,0.1,"Mya arenaria","W-Msc-140430"
-90,57,0.1,"Mya arenaria","W-Msc-140430"
-89.5,57,0.07,"Mya arenaria","W-Msc-140430"
-89,57,0.05,"Mya arenaria","W-Msc-140430"
-88.5,57,0.04,"Mya arenaria","W-Msc-140430"
-88,57,0.02,"Mya arenaria","W-Msc-140430"
-87.5,57,0.02,"Mya arenaria","W-Msc-140430"
-87,57,0.02,"Mya arenaria","W-Msc-140430"
-86.5,57,0.02,"Mya arenaria","W-Msc-140430"
-86,57,0.01,"Mya arenaria","W-Msc-140430"
-85.5,57,0.01,"Mya arenaria","W-Msc-140430"
-85,57,0.01,"Mya arenaria","W-Msc-140430"
-84.5,57,0.01,"Mya arenaria","W-Msc-140430"
-84,57,0.01,"Mya arenaria","W-Msc-140430"
-82.5,57,0.01,"Mya arenaria","W-Msc-140430"
-82,57,0.01,"Mya arenaria","W-Msc-140430"
-81.5,57,0.01,"Mya arenaria","W-Msc-140430"
-81,57,0.01,"Mya arenaria","W-Msc-140430"
-80.5,57,0.01,"Mya arenaria","W-Msc-140430"
-80,57,0.01,"Mya arenaria","W-Msc-140430"
-79.5,57,0.02,"Mya arenaria","W-Msc-140430"
-79,57,0.01,"Mya arenaria","W-Msc-140430"
-78.5,57,0.01,"Mya arenaria","W-Msc-140430"
-78,57,0.02,"Mya arenaria","W-Msc-140430"
-77.5,57,0.04,"Mya arenaria","W-Msc-140430"
-77,57,0.08,"Mya arenaria","W-Msc-140430"
-76.5,57,0.18,"Mya arenaria","W-Msc-140430"
-62,57,0.17,"Mya arenaria","W-Msc-140430"
-61.5,57,0.18,"Mya arenaria","W-Msc-140430"
-61,57,0.16,"Mya arenaria","W-Msc-140430"
-60.5,57,0.14,"Mya arenaria","W-Msc-140430"
-60,57,0.08,"Mya arenaria","W-Msc-140430"
-59.5,57,0.1,"Mya arenaria","W-Msc-140430"
-59,57,0.09,"Mya arenaria","W-Msc-140430"
-14.5,57,0.18,"Mya arenaria","W-Msc-140430"
-14,57,0.58,"Mya arenaria","W-Msc-140430"
-13.5,57,0.83,"Mya arenaria","W-Msc-140430"
-13,57,0.86,"Mya arenaria","W-Msc-140430"
-9,57,0.38,"Mya arenaria","W-Msc-140430"
-8.5,57,0.64,"Mya arenaria","W-Msc-140430"
-8,57,0.63,"Mya arenaria","W-Msc-140430"
-7.5,57,0.91,"Mya arenaria","W-Msc-140430"
-7,57,0.95,"Mya arenaria","W-Msc-140430"
-6.5,57,0.97,"Mya arenaria","W-Msc-140430"
-6,57,0.98,"Mya arenaria","W-Msc-140430"
-5.5,57,0.98,"Mya arenaria","W-Msc-140430"
-5,57,1,"Mya arenaria","W-Msc-140430"
-2,57,1,"Mya arenaria","W-Msc-140430"
-1.5,57,0.97,"Mya arenaria","W-Msc-140430"
-1,57,0.77,"Mya arenaria","W-Msc-140430"
-0.5,57,0.74,"Mya arenaria","W-Msc-140430"
0,57,0.69,"Mya arenaria","W-Msc-140430"
0.5,57,0.65,"Mya arenaria","W-Msc-140430"
1,57,0.6,"Mya arenaria","W-Msc-140430"
1.5,57,0.62,"Mya arenaria","W-Msc-140430"
2,57,0.61,"Mya arenaria","W-Msc-140430"
2.5,57,0.66,"Mya arenaria","W-Msc-140430"
3,57,0.72,"Mya arenaria","W-Msc-140430"
3.5,57,0.75,"Mya arenaria","W-Msc-140430"
4,57,0.81,"Mya arenaria","W-Msc-140430"
4.5,57,0.89,"Mya arenaria","W-Msc-140430"
5,57,0.93,"Mya arenaria","W-Msc-140430"
5.5,57,0.96,"Mya arenaria","W-Msc-140430"
6,57,0.98,"Mya arenaria","W-Msc-140430"
6.5,57,0.96,"Mya arenaria","W-Msc-140430"
7,57,0.94,"Mya arenaria","W-Msc-140430"
7.5,57,0.97,"Mya arenaria","W-Msc-140430"
8,57,1,"Mya arenaria","W-Msc-140430"
8.5,57,1,"Mya arenaria","W-Msc-140430"
9,57,1,"Mya arenaria","W-Msc-140430"
9.5,57,1,"Mya arenaria","W-Msc-140430"
10,57,1,"Mya arenaria","W-Msc-140430"
10.5,57,1,"Mya arenaria","W-Msc-140430"
11,57,1,"Mya arenaria","W-Msc-140430"
11.5,57,1,"Mya arenaria","W-Msc-140430"
12,57,1,"Mya arenaria","W-Msc-140430"
12.5,57,1,"Mya arenaria","W-Msc-140430"
16.5,57,0.66,"Mya arenaria","W-Msc-140430"
17,57,0.28,"Mya arenaria","W-Msc-140430"
17.5,57,0.12,"Mya arenaria","W-Msc-140430"
18,57,0.08,"Mya arenaria","W-Msc-140430"
18.5,57,0.05,"Mya arenaria","W-Msc-140430"
19,57,0.01,"Mya arenaria","W-Msc-140430"
20,57,0.01,"Mya arenaria","W-Msc-140430"
20.5,57,0.03,"Mya arenaria","W-Msc-140430"
21,57,0.16,"Mya arenaria","W-Msc-140430"
21.5,57,0.58,"Mya arenaria","W-Msc-140430"
22,57,0.48,"Mya arenaria","W-Msc-140430"
23,57,0.22,"Mya arenaria","W-Msc-140430"
23.5,57,0.1,"Mya arenaria","W-Msc-140430"
24,57,0.06,"Mya arenaria","W-Msc-140430"
24.5,57,0.04,"Mya arenaria","W-Msc-140430"
139,57,0.49,"Mya arenaria","W-Msc-140430"
139.5,57,0.53,"Mya arenaria","W-Msc-140430"
140,57,0.5,"Mya arenaria","W-Msc-140430"
140.5,57,0.47,"Mya arenaria","W-Msc-140430"
141,57,0.46,"Mya arenaria","W-Msc-140430"
141.5,57,0.44,"Mya arenaria","W-Msc-140430"
142,57,0.42,"Mya arenaria","W-Msc-140430"
142.5,57,0.41,"Mya arenaria","W-Msc-140430"
143,57,0.4,"Mya arenaria","W-Msc-140430"
143.5,57,0.38,"Mya arenaria","W-Msc-140430"
144,57,0.39,"Mya arenaria","W-Msc-140430"
144.5,57,0.38,"Mya arenaria","W-Msc-140430"
145,57,0.38,"Mya arenaria","W-Msc-140430"
145.5,57,0.42,"Mya arenaria","W-Msc-140430"
146,57,0.42,"Mya arenaria","W-Msc-140430"
146.5,57,0.43,"Mya arenaria","W-Msc-140430"
147,57,0.45,"Mya arenaria","W-Msc-140430"
147.5,57,0.39,"Mya arenaria","W-Msc-140430"
148,57,0.37,"Mya arenaria","W-Msc-140430"
148.5,57,0.38,"Mya arenaria","W-Msc-140430"
149,57,0.38,"Mya arenaria","W-Msc-140430"
149.5,57,0.33,"Mya arenaria","W-Msc-140430"
150,57,0.26,"Mya arenaria","W-Msc-140430"
150.5,57,0.09,"Mya arenaria","W-Msc-140430"
151,57,0.12,"Mya arenaria","W-Msc-140430"
151.5,57,0.09,"Mya arenaria","W-Msc-140430"
156,57,0.27,"Mya arenaria","W-Msc-140430"
156.5,57,0.57,"Mya arenaria","W-Msc-140430"
157,57,0.56,"Mya arenaria","W-Msc-140430"
157.5,57,0.53,"Mya arenaria","W-Msc-140430"
163,57,0.63,"Mya arenaria","W-Msc-140430"
163.5,57,0.66,"Mya arenaria","W-Msc-140430"
-173,56.5,0.31,"Mya arenaria","W-Msc-140430"
-172.5,56.5,0.74,"Mya arenaria","W-Msc-140430"
-172,56.5,0.73,"Mya arenaria","W-Msc-140430"
-171.5,56.5,0.67,"Mya arenaria","W-Msc-140430"
-171,56.5,0.62,"Mya arenaria","W-Msc-140430"
-170.5,56.5,0.52,"Mya arenaria","W-Msc-140430"
-170,56.5,0.54,"Mya arenaria","W-Msc-140430"
-169.5,56.5,0.62,"Mya arenaria","W-Msc-140430"
-169,56.5,0.64,"Mya arenaria","W-Msc-140430"
-168.5,56.5,0.66,"Mya arenaria","W-Msc-140430"
-168,56.5,0.59,"Mya arenaria","W-Msc-140430"
-167.5,56.5,0.49,"Mya arenaria","W-Msc-140430"
-167,56.5,0.47,"Mya arenaria","W-Msc-140430"
-166.5,56.5,0.46,"Mya arenaria","W-Msc-140430"
-166,56.5,0.45,"Mya arenaria","W-Msc-140430"
-165.5,56.5,0.46,"Mya arenaria","W-Msc-140430"
-165,56.5,0.45,"Mya arenaria","W-Msc-140430"
-164.5,56.5,0.46,"Mya arenaria","W-Msc-140430"
-164,56.5,0.46,"Mya arenaria","W-Msc-140430"
-163.5,56.5,0.49,"Mya arenaria","W-Msc-140430"
-163,56.5,0.49,"Mya arenaria","W-Msc-140430"
-162.5,56.5,0.5,"Mya arenaria","W-Msc-140430"
-162,56.5,0.52,"Mya arenaria","W-Msc-140430"
-161.5,56.5,0.62,"Mya arenaria","W-Msc-140430"
-161,56.5,0.66,"Mya arenaria","W-Msc-140430"
-160.5,56.5,0.56,"Mya arenaria","W-Msc-140430"
-160,56.5,0.66,"Mya arenaria","W-Msc-140430"
-159.5,56.5,0.69,"Mya arenaria","W-Msc-140430"
-159,56.5,0.68,"Mya arenaria","W-Msc-140430"
-158.5,56.5,0.68,"Mya arenaria","W-Msc-140430"
-158,56.5,0.76,"Mya arenaria","W-Msc-140430"
-157.5,56.5,0.83,"Mya arenaria","W-Msc-140430"
-157,56.5,0.91,"Mya arenaria","W-Msc-140430"
-156.5,56.5,0.94,"Mya arenaria","W-Msc-140430"
-156,56.5,0.75,"Mya arenaria","W-Msc-140430"
-155.5,56.5,0.65,"Mya arenaria","W-Msc-140430"
-155,56.5,0.92,"Mya arenaria","W-Msc-140430"
-154.5,56.5,0.95,"Mya arenaria","W-Msc-140430"
-154,56.5,0.95,"Mya arenaria","W-Msc-140430"
-153.5,56.5,0.96,"Mya arenaria","W-Msc-140430"
-153,56.5,0.98,"Mya arenaria","W-Msc-140430"
-152.5,56.5,0.84,"Mya arenaria","W-Msc-140430"
-152,56.5,0.96,"Mya arenaria","W-Msc-140430"
-151.5,56.5,1,"Mya arenaria","W-Msc-140430"
-135.5,56.5,1,"Mya arenaria","W-Msc-140430"
-135,56.5,1,"Mya arenaria","W-Msc-140430"
-134.5,56.5,1,"Mya arenaria","W-Msc-140430"
-134,56.5,1,"Mya arenaria","W-Msc-140430"
-133.5,56.5,1,"Mya arenaria","W-Msc-140430"
-133,56.5,1,"Mya arenaria","W-Msc-140430"
-132.5,56.5,1,"Mya arenaria","W-Msc-140430"
-132,56.5,1,"Mya arenaria","W-Msc-140430"
-92.5,56.5,0.21,"Mya arenaria","W-Msc-140430"
-89.5,56.5,0.13,"Mya arenaria","W-Msc-140430"
-89,56.5,0.12,"Mya arenaria","W-Msc-140430"
-88.5,56.5,0.11,"Mya arenaria","W-Msc-140430"
-88,56.5,0.08,"Mya arenaria","W-Msc-140430"
-87.5,56.5,0.05,"Mya arenaria","W-Msc-140430"
-87,56.5,0.03,"Mya arenaria","W-Msc-140430"
-86.5,56.5,0.02,"Mya arenaria","W-Msc-140430"
-86,56.5,0.02,"Mya arenaria","W-Msc-140430"
-85.5,56.5,0.02,"Mya arenaria","W-Msc-140430"
-85,56.5,0.01,"Mya arenaria","W-Msc-140430"
-84.5,56.5,0.01,"Mya arenaria","W-Msc-140430"
-84,56.5,0.01,"Mya arenaria","W-Msc-140430"
-83.5,56.5,0.01,"Mya arenaria","W-Msc-140430"
-83,56.5,0.01,"Mya arenaria","W-Msc-140430"
-82.5,56.5,0.01,"Mya arenaria","W-Msc-140430"
-82,56.5,0.01,"Mya arenaria","W-Msc-140430"
-81.5,56.5,0.01,"Mya arenaria","W-Msc-140430"
-81,56.5,0.01,"Mya arenaria","W-Msc-140430"
-80.5,56.5,0.01,"Mya arenaria","W-Msc-140430"
-80,56.5,0.02,"Mya arenaria","W-Msc-140430"
-79.5,56.5,0.02,"Mya arenaria","W-Msc-140430"
-79,56.5,0.02,"Mya arenaria","W-Msc-140430"
-78.5,56.5,0.02,"Mya arenaria","W-Msc-140430"
-78,56.5,0.02,"Mya arenaria","W-Msc-140430"
-77.5,56.5,0.04,"Mya arenaria","W-Msc-140430"
-77,56.5,0.09,"Mya arenaria","W-Msc-140430"
-76.5,56.5,0.19,"Mya arenaria","W-Msc-140430"
-76,56.5,0.2,"Mya arenaria","W-Msc-140430"
-62,56.5,0.2,"Mya arenaria","W-Msc-140430"
-61.5,56.5,0.23,"Mya arenaria","W-Msc-140430"
-61,56.5,0.2,"Mya arenaria","W-Msc-140430"
-60.5,56.5,0.19,"Mya arenaria","W-Msc-140430"
-60,56.5,0.14,"Mya arenaria","W-Msc-140430"
-59.5,56.5,0.13,"Mya arenaria","W-Msc-140430"
-59,56.5,0.14,"Mya arenaria","W-Msc-140430"
-58.5,56.5,0.09,"Mya arenaria","W-Msc-140430"
-14.5,56.5,0.87,"Mya arenaria","W-Msc-140430"
-14,56.5,0.51,"Mya arenaria","W-Msc-140430"
-9,56.5,0.22,"Mya arenaria","W-Msc-140430"
-8.5,56.5,0.88,"Mya arenaria","W-Msc-140430"
-8,56.5,0.81,"Mya arenaria","W-Msc-140430"
-7.5,56.5,0.92,"Mya arenaria","W-Msc-140430"
-7,56.5,0.94,"Mya arenaria","W-Msc-140430"
-6.5,56.5,0.96,"Mya arenaria","W-Msc-140430"
-6,56.5,0.99,"Mya arenaria","W-Msc-140430"
-5.5,56.5,0.99,"Mya arenaria","W-Msc-140430"
-5,56.5,1,"Mya arenaria","W-Msc-140430"
-2.5,56.5,1,"Mya arenaria","W-Msc-140430"
-2,56.5,1,"Mya arenaria","W-Msc-140430"
-1.5,56.5,0.93,"Mya arenaria","W-Msc-140430"
-1,56.5,0.75,"Mya arenaria","W-Msc-140430"
-0.5,56.5,0.76,"Mya arenaria","W-Msc-140430"
0,56.5,0.74,"Mya arenaria","W-Msc-140430"
0.5,56.5,0.7,"Mya arenaria","W-Msc-140430"
1,56.5,0.61,"Mya arenaria","W-Msc-140430"
1.5,56.5,0.62,"Mya arenaria","W-Msc-140430"
2,56.5,0.61,"Mya arenaria","W-Msc-140430"
2.5,56.5,0.68,"Mya arenaria","W-Msc-140430"
3,56.5,0.73,"Mya arenaria","W-Msc-140430"
3.5,56.5,0.73,"Mya arenaria","W-Msc-140430"
4,56.5,0.81,"Mya arenaria","W-Msc-140430"
4.5,56.5,0.83,"Mya arenaria","W-Msc-140430"
5,56.5,0.87,"Mya arenaria","W-Msc-140430"
5.5,56.5,0.89,"Mya arenaria","W-Msc-140430"
6,56.5,0.93,"Mya arenaria","W-Msc-140430"
6.5,56.5,0.96,"Mya arenaria","W-Msc-140430"
7,56.5,0.99,"Mya arenaria","W-Msc-140430"
7.5,56.5,1,"Mya arenaria","W-Msc-140430"
8,56.5,1,"Mya arenaria","W-Msc-140430"
8.5,56.5,1,"Mya arenaria","W-Msc-140430"
9,56.5,1,"Mya arenaria","W-Msc-140430"
10.5,56.5,1,"Mya arenaria","W-Msc-140430"
11,56.5,1,"Mya arenaria","W-Msc-140430"
11.5,56.5,0.99,"Mya arenaria","W-Msc-140430"
12,56.5,0.85,"Mya arenaria","W-Msc-140430"
12.5,56.5,1,"Mya arenaria","W-Msc-140430"
13,56.5,1,"Mya arenaria","W-Msc-140430"
16.5,56.5,0.41,"Mya arenaria","W-Msc-140430"
17,56.5,0.23,"Mya arenaria","W-Msc-140430"
17.5,56.5,0.05,"Mya arenaria","W-Msc-140430"
18,56.5,0.06,"Mya arenaria","W-Msc-140430"
18.5,56.5,0.07,"Mya arenaria","W-Msc-140430"
19,56.5,0.02,"Mya arenaria","W-Msc-140430"
19.5,56.5,0.01,"Mya arenaria","W-Msc-140430"
20,56.5,0.03,"Mya arenaria","W-Msc-140430"
20.5,56.5,0.12,"Mya arenaria","W-Msc-140430"
21,56.5,0.63,"Mya arenaria","W-Msc-140430"
21.5,56.5,0.58,"Mya arenaria","W-Msc-140430"
138.5,56.5,0.48,"Mya arenaria","W-Msc-140430"
139,56.5,0.51,"Mya arenaria","W-Msc-140430"
139.5,56.5,0.25,"Mya arenaria","W-Msc-140430"
140,56.5,0.32,"Mya arenaria","W-Msc-140430"
140.5,56.5,0.38,"Mya arenaria","W-Msc-140430"
141,56.5,0.3,"Mya arenaria","W-Msc-140430"
141.5,56.5,0.41,"Mya arenaria","W-Msc-140430"
142,56.5,0.41,"Mya arenaria","W-Msc-140430"
142.5,56.5,0.06,"Mya arenaria","W-Msc-140430"
143,56.5,0.39,"Mya arenaria","W-Msc-140430"
143.5,56.5,0.37,"Mya arenaria","W-Msc-140430"
144,56.5,0.38,"Mya arenaria","W-Msc-140430"
144.5,56.5,0.31,"Mya arenaria","W-Msc-140430"
145,56.5,0.22,"Mya arenaria","W-Msc-140430"
145.5,56.5,0.37,"Mya arenaria","W-Msc-140430"
146,56.5,0.29,"Mya arenaria","W-Msc-140430"
146.5,56.5,0.37,"Mya arenaria","W-Msc-140430"
147,56.5,0.33,"Mya arenaria","W-Msc-140430"
147.5,56.5,0.31,"Mya arenaria","W-Msc-140430"
148,56.5,0.31,"Mya arenaria","W-Msc-140430"
148.5,56.5,0.28,"Mya arenaria","W-Msc-140430"
149,56.5,0.28,"Mya arenaria","W-Msc-140430"
149.5,56.5,0.29,"Mya arenaria","W-Msc-140430"
150,56.5,0.25,"Mya arenaria","W-Msc-140430"
150.5,56.5,0.15,"Mya arenaria","W-Msc-140430"
151,56.5,0.14,"Mya arenaria","W-Msc-140430"
155.5,56.5,0.09,"Mya arenaria","W-Msc-140430"
156,56.5,0.62,"Mya arenaria","W-Msc-140430"
156.5,56.5,0.61,"Mya arenaria","W-Msc-140430"
163,56.5,0.64,"Mya arenaria","W-Msc-140430"
163.5,56.5,0.67,"Mya arenaria","W-Msc-140430"
-171,56,0.73,"Mya arenaria","W-Msc-140430"
-170.5,56,0.75,"Mya arenaria","W-Msc-140430"
-170,56,0.73,"Mya arenaria","W-Msc-140430"
-169.5,56,0.73,"Mya arenaria","W-Msc-140430"
-169,56,0.43,"Mya arenaria","W-Msc-140430"
-168.5,56,0.72,"Mya arenaria","W-Msc-140430"
-168,56,0.34,"Mya arenaria","W-Msc-140430"
-167.5,56,0.37,"Mya arenaria","W-Msc-140430"
-167,56,0.4,"Mya arenaria","W-Msc-140430"
-166.5,56,0.43,"Mya arenaria","W-Msc-140430"
-166,56,0.47,"Mya arenaria","W-Msc-140430"
-165.5,56,0.48,"Mya arenaria","W-Msc-140430"
-165,56,0.49,"Mya arenaria","W-Msc-140430"
-164.5,56,0.49,"Mya arenaria","W-Msc-140430"
-164,56,0.53,"Mya arenaria","W-Msc-140430"
-163.5,56,0.5,"Mya arenaria","W-Msc-140430"
-163,56,0.52,"Mya arenaria","W-Msc-140430"
-162.5,56,0.53,"Mya arenaria","W-Msc-140430"
-162,56,0.6,"Mya arenaria","W-Msc-140430"
-161.5,56,0.73,"Mya arenaria","W-Msc-140430"
-161,56,0.73,"Mya arenaria","W-Msc-140430"
-160.5,56,0.72,"Mya arenaria","W-Msc-140430"
-160,56,0.77,"Mya arenaria","W-Msc-140430"
-159.5,56,0.8,"Mya arenaria","W-Msc-140430"
-158.5,56,0.82,"Mya arenaria","W-Msc-140430"
-158,56,0.89,"Mya arenaria","W-Msc-140430"
-157.5,56,0.9,"Mya arenaria","W-Msc-140430"
-157,56,0.92,"Mya arenaria","W-Msc-140430"
-156.5,56,0.95,"Mya arenaria","W-Msc-140430"
-156,56,0.64,"Mya arenaria","W-Msc-140430"
-155.5,56,0.92,"Mya arenaria","W-Msc-140430"
-155,56,0.94,"Mya arenaria","W-Msc-140430"
-154.5,56,0.95,"Mya arenaria","W-Msc-140430"
-154,56,0.97,"Mya arenaria","W-Msc-140430"
-153.5,56,0.96,"Mya arenaria","W-Msc-140430"
-153,56,1,"Mya arenaria","W-Msc-140430"
-152.5,56,1,"Mya arenaria","W-Msc-140430"
-152,56,0.16,"Mya arenaria","W-Msc-140430"
-135.5,56,0.2,"Mya arenaria","W-Msc-140430"
-135,56,0.69,"Mya arenaria","W-Msc-140430"
-134.5,56,1,"Mya arenaria","W-Msc-140430"
-134,56,1,"Mya arenaria","W-Msc-140430"
-133.5,56,1,"Mya arenaria","W-Msc-140430"
-133,56,1,"Mya arenaria","W-Msc-140430"
-132.5,56,1,"Mya arenaria","W-Msc-140430"
-132,56,1,"Mya arenaria","W-Msc-140430"
-131.5,56,1,"Mya arenaria","W-Msc-140430"
-131,56,1,"Mya arenaria","W-Msc-140430"
-87.5,56,0.12,"Mya arenaria","W-Msc-140430"
-87,56,0.09,"Mya arenaria","W-Msc-140430"
-86.5,56,0.05,"Mya arenaria","W-Msc-140430"
-86,56,0.04,"Mya arenaria","W-Msc-140430"
-85.5,56,0.02,"Mya arenaria","W-Msc-140430"
-85,56,0.01,"Mya arenaria","W-Msc-140430"
-84.5,56,0.01,"Mya arenaria","W-Msc-140430"
-84,56,0.01,"Mya arenaria","W-Msc-140430"
-83.5,56,0.01,"Mya arenaria","W-Msc-140430"
-83,56,0.02,"Mya arenaria","W-Msc-140430"
-82.5,56,0.02,"Mya arenaria","W-Msc-140430"
-82,56,0.02,"Mya arenaria","W-Msc-140430"
-81.5,56,0.01,"Mya arenaria","W-Msc-140430"
-81,56,0.01,"Mya arenaria","W-Msc-140430"
-80.5,56,0.01,"Mya arenaria","W-Msc-140430"
-80,56,0.03,"Mya arenaria","W-Msc-140430"
-79.5,56,0.03,"Mya arenaria","W-Msc-140430"
-79,56,0.04,"Mya arenaria","W-Msc-140430"
-78.5,56,0.04,"Mya arenaria","W-Msc-140430"
-78,56,0.04,"Mya arenaria","W-Msc-140430"
-77.5,56,0.05,"Mya arenaria","W-Msc-140430"
-77,56,0.1,"Mya arenaria","W-Msc-140430"
-76.5,56,0.2,"Mya arenaria","W-Msc-140430"
-62,56,0.24,"Mya arenaria","W-Msc-140430"
-61.5,56,0.23,"Mya arenaria","W-Msc-140430"
-61,56,0.24,"Mya arenaria","W-Msc-140430"
-60.5,56,0.22,"Mya arenaria","W-Msc-140430"
-60,56,0.21,"Mya arenaria","W-Msc-140430"
-59.5,56,0.15,"Mya arenaria","W-Msc-140430"
-59,56,0.15,"Mya arenaria","W-Msc-140430"
-58.5,56,0.13,"Mya arenaria","W-Msc-140430"
-15,56,0.01,"Mya arenaria","W-Msc-140430"
-14.5,56,0.25,"Mya arenaria","W-Msc-140430"
-9,56,0.23,"Mya arenaria","W-Msc-140430"
-8.5,56,0.65,"Mya arenaria","W-Msc-140430"
-8,56,0.76,"Mya arenaria","W-Msc-140430"
-7.5,56,0.81,"Mya arenaria","W-Msc-140430"
-7,56,0.95,"Mya arenaria","W-Msc-140430"
-6.5,56,0.97,"Mya arenaria","W-Msc-140430"
-6,56,1,"Mya arenaria","W-Msc-140430"
-5.5,56,1,"Mya arenaria","W-Msc-140430"
-5,56,1,"Mya arenaria","W-Msc-140430"
-4.5,56,1,"Mya arenaria","W-Msc-140430"
-3.5,56,1,"Mya arenaria","W-Msc-140430"
-3,56,1,"Mya arenaria","W-Msc-140430"
-2.5,56,1,"Mya arenaria","W-Msc-140430"
-2,56,1,"Mya arenaria","W-Msc-140430"
-1.5,56,1,"Mya arenaria","W-Msc-140430"
-1,56,0.74,"Mya arenaria","W-Msc-140430"
-0.5,56,0.78,"Mya arenaria","W-Msc-140430"
0,56,0.79,"Mya arenaria","W-Msc-140430"
0.5,56,0.69,"Mya arenaria","W-Msc-140430"
1,56,0.68,"Mya arenaria","W-Msc-140430"
1.5,56,0.66,"Mya arenaria","W-Msc-140430"
2,56,0.65,"Mya arenaria","W-Msc-140430"
2.5,56,0.67,"Mya arenaria","W-Msc-140430"
3,56,0.74,"Mya arenaria","W-Msc-140430"
3.5,56,0.72,"Mya arenaria","W-Msc-140430"
4,56,0.79,"Mya arenaria","W-Msc-140430"
4.5,56,0.82,"Mya arenaria","W-Msc-140430"
5,56,0.88,"Mya arenaria","W-Msc-140430"
5.5,56,0.91,"Mya arenaria","W-Msc-140430"
6,56,0.83,"Mya arenaria","W-Msc-140430"
6.5,56,0.93,"Mya arenaria","W-Msc-140430"
7,56,0.95,"Mya arenaria","W-Msc-140430"
7.5,56,1,"Mya arenaria","W-Msc-140430"
8,56,1,"Mya arenaria","W-Msc-140430"
8.5,56,1,"Mya arenaria","W-Msc-140430"
10.5,56,1,"Mya arenaria","W-Msc-140430"
11,56,1,"Mya arenaria","W-Msc-140430"
11.5,56,0.89,"Mya arenaria","W-Msc-140430"
12,56,0.86,"Mya arenaria","W-Msc-140430"
12.5,56,1,"Mya arenaria","W-Msc-140430"
13,56,1,"Mya arenaria","W-Msc-140430"
14.5,56,1,"Mya arenaria","W-Msc-140430"
15,56,1,"Mya arenaria","W-Msc-140430"
15.5,56,0.7,"Mya arenaria","W-Msc-140430"
16,56,0.35,"Mya arenaria","W-Msc-140430"
16.5,56,0.22,"Mya arenaria","W-Msc-140430"
17,56,0.06,"Mya arenaria","W-Msc-140430"
17.5,56,0.07,"Mya arenaria","W-Msc-140430"
18,56,0.06,"Mya arenaria","W-Msc-140430"
18.5,56,0.05,"Mya arenaria","W-Msc-140430"
19,56,0.05,"Mya arenaria","W-Msc-140430"
19.5,56,0.08,"Mya arenaria","W-Msc-140430"
20,56,0.17,"Mya arenaria","W-Msc-140430"
20.5,56,0.59,"Mya arenaria","W-Msc-140430"
21,56,0.63,"Mya arenaria","W-Msc-140430"
21.5,56,0.57,"Mya arenaria","W-Msc-140430"
137.5,56,0.43,"Mya arenaria","W-Msc-140430"
138,56,0.47,"Mya arenaria","W-Msc-140430"
138.5,56,0.5,"Mya arenaria","W-Msc-140430"
139,56,0.27,"Mya arenaria","W-Msc-140430"
139.5,56,0.29,"Mya arenaria","W-Msc-140430"
140,56,0.29,"Mya arenaria","W-Msc-140430"
141,56,0.02,"Mya arenaria","W-Msc-140430"
141.5,56,0.3,"Mya arenaria","W-Msc-140430"
142,56,0.31,"Mya arenaria","W-Msc-140430"
142.5,56,0.04,"Mya arenaria","W-Msc-140430"
143.5,56,0.39,"Mya arenaria","W-Msc-140430"
144,56,0.38,"Mya arenaria","W-Msc-140430"
144.5,56,0.04,"Mya arenaria","W-Msc-140430"
145,56,0.08,"Mya arenaria","W-Msc-140430"
145.5,56,0.15,"Mya arenaria","W-Msc-140430"
146,56,0.14,"Mya arenaria","W-Msc-140430"
146.5,56,0.04,"Mya arenaria","W-Msc-140430"
147,56,0.09,"Mya arenaria","W-Msc-140430"
147.5,56,0.04,"Mya arenaria","W-Msc-140430"
148,56,0.12,"Mya arenaria","W-Msc-140430"
148.5,56,0.18,"Mya arenaria","W-Msc-140430"
149,56,0.21,"Mya arenaria","W-Msc-140430"
149.5,56,0.22,"Mya arenaria","W-Msc-140430"
150,56,0.19,"Mya arenaria","W-Msc-140430"
150.5,56,0.11,"Mya arenaria","W-Msc-140430"
151,56,0.1,"Mya arenaria","W-Msc-140430"
155.5,56,0.53,"Mya arenaria","W-Msc-140430"
156,56,0.66,"Mya arenaria","W-Msc-140430"
162.5,56,0.63,"Mya arenaria","W-Msc-140430"
163,56,0.66,"Mya arenaria","W-Msc-140430"
163.5,56,0.68,"Mya arenaria","W-Msc-140430"
164,56,0.19,"Mya arenaria","W-Msc-140430"
-168.5,55.5,0.46,"Mya arenaria","W-Msc-140430"
-168,55.5,0.55,"Mya arenaria","W-Msc-140430"
-167.5,55.5,0.43,"Mya arenaria","W-Msc-140430"
-167,55.5,0.33,"Mya arenaria","W-Msc-140430"
-166.5,55.5,0.41,"Mya arenaria","W-Msc-140430"
-166,55.5,0.42,"Mya arenaria","W-Msc-140430"
-165.5,55.5,0.43,"Mya arenaria","W-Msc-140430"
-165,55.5,0.47,"Mya arenaria","W-Msc-140430"
-164.5,55.5,0.53,"Mya arenaria","W-Msc-140430"
-164,55.5,0.51,"Mya arenaria","W-Msc-140430"
-163.5,55.5,0.55,"Mya arenaria","W-Msc-140430"
-163,55.5,0.74,"Mya arenaria","W-Msc-140430"
-162.5,55.5,0.77,"Mya arenaria","W-Msc-140430"
-162,55.5,0.75,"Mya arenaria","W-Msc-140430"
-161.5,55.5,0.78,"Mya arenaria","W-Msc-140430"
-161,55.5,0.79,"Mya arenaria","W-Msc-140430"
-160.5,55.5,0.78,"Mya arenaria","W-Msc-140430"
-160,55.5,0.85,"Mya arenaria","W-Msc-140430"
-159.5,55.5,0.92,"Mya arenaria","W-Msc-140430"
-159,55.5,0.93,"Mya arenaria","W-Msc-140430"
-158.5,55.5,0.93,"Mya arenaria","W-Msc-140430"
-158,55.5,0.94,"Mya arenaria","W-Msc-140430"
-157.5,55.5,0.95,"Mya arenaria","W-Msc-140430"
-157,55.5,0.95,"Mya arenaria","W-Msc-140430"
-156.5,55.5,0.91,"Mya arenaria","W-Msc-140430"
-156,55.5,0.54,"Mya arenaria","W-Msc-140430"
-155.5,55.5,0.96,"Mya arenaria","W-Msc-140430"
-155,55.5,0.97,"Mya arenaria","W-Msc-140430"
-154.5,55.5,0.63,"Mya arenaria","W-Msc-140430"
-153.5,55.5,0.38,"Mya arenaria","W-Msc-140430"
-135,55.5,0.2,"Mya arenaria","W-Msc-140430"
-134.5,55.5,1,"Mya arenaria","W-Msc-140430"
-134,55.5,1,"Mya arenaria","W-Msc-140430"
-133.5,55.5,0.99,"Mya arenaria","W-Msc-140430"
-133,55.5,0.68,"Mya arenaria","W-Msc-140430"
-132.5,55.5,0.88,"Mya arenaria","W-Msc-140430"
-132,55.5,0.78,"Mya arenaria","W-Msc-140430"
-131.5,55.5,1,"Mya arenaria","W-Msc-140430"
-131,55.5,1,"Mya arenaria","W-Msc-140430"
-130.5,55.5,0.99,"Mya arenaria","W-Msc-140430"
-130,55.5,0.99,"Mya arenaria","W-Msc-140430"
-129.5,55.5,1,"Mya arenaria","W-Msc-140430"
-87,55.5,0.14,"Mya arenaria","W-Msc-140430"
-86.5,55.5,0.12,"Mya arenaria","W-Msc-140430"
-86,55.5,0.12,"Mya arenaria","W-Msc-140430"
-85.5,55.5,0.1,"Mya arenaria","W-Msc-140430"
-85,55.5,0.05,"Mya arenaria","W-Msc-140430"
-84.5,55.5,0.03,"Mya arenaria","W-Msc-140430"
-84,55.5,0.03,"Mya arenaria","W-Msc-140430"
-83.5,55.5,0.03,"Mya arenaria","W-Msc-140430"
-83,55.5,0.03,"Mya arenaria","W-Msc-140430"
-82.5,55.5,0.03,"Mya arenaria","W-Msc-140430"
-82,55.5,0.03,"Mya arenaria","W-Msc-140430"
-81.5,55.5,0.02,"Mya arenaria","W-Msc-140430"
-81,55.5,0.02,"Mya arenaria","W-Msc-140430"
-80.5,55.5,0.02,"Mya arenaria","W-Msc-140430"
-80,55.5,0.04,"Mya arenaria","W-Msc-140430"
-79.5,55.5,0.06,"Mya arenaria","W-Msc-140430"
-79,55.5,0.08,"Mya arenaria","W-Msc-140430"
-78.5,55.5,0.08,"Mya arenaria","W-Msc-140430"
-78,55.5,0.08,"Mya arenaria","W-Msc-140430"
-77.5,55.5,0.14,"Mya arenaria","W-Msc-140430"
-77,55.5,0.19,"Mya arenaria","W-Msc-140430"
-76.5,55.5,0.21,"Mya arenaria","W-Msc-140430"
-61,55.5,0.27,"Mya arenaria","W-Msc-140430"
-60.5,55.5,0.26,"Mya arenaria","W-Msc-140430"
-60,55.5,0.25,"Mya arenaria","W-Msc-140430"
-59.5,55.5,0.24,"Mya arenaria","W-Msc-140430"
-59,55.5,0.23,"Mya arenaria","W-Msc-140430"
-58.5,55.5,0.03,"Mya arenaria","W-Msc-140430"
-58,55.5,0.15,"Mya arenaria","W-Msc-140430"
-57.5,55.5,0.14,"Mya arenaria","W-Msc-140430"
-57,55.5,0.08,"Mya arenaria","W-Msc-140430"
-56.5,55.5,0.02,"Mya arenaria","W-Msc-140430"
-9,55.5,0.72,"Mya arenaria","W-Msc-140430"
-8.5,55.5,0.64,"Mya arenaria","W-Msc-140430"
-8,55.5,0.64,"Mya arenaria","W-Msc-140430"
-7.5,55.5,0.7,"Mya arenaria","W-Msc-140430"
-7,55.5,0.82,"Mya arenaria","W-Msc-140430"
-6.5,55.5,0.97,"Mya arenaria","W-Msc-140430"
-6,55.5,1,"Mya arenaria","W-Msc-140430"
-5.5,55.5,1,"Mya arenaria","W-Msc-140430"
-5,55.5,1,"Mya arenaria","W-Msc-140430"
-4.5,55.5,1,"Mya arenaria","W-Msc-140430"
-4,55.5,1,"Mya arenaria","W-Msc-140430"
-3,55.5,1,"Mya arenaria","W-Msc-140430"
-2.5,55.5,1,"Mya arenaria","W-Msc-140430"
-2,55.5,1,"Mya arenaria","W-Msc-140430"
-1.5,55.5,1,"Mya arenaria","W-Msc-140430"
-1,55.5,1,"Mya arenaria","W-Msc-140430"
-0.5,55.5,0.84,"Mya arenaria","W-Msc-140430"
0,55.5,0.87,"Mya arenaria","W-Msc-140430"
0.5,55.5,0.89,"Mya arenaria","W-Msc-140430"
1,55.5,0.88,"Mya arenaria","W-Msc-140430"
1.5,55.5,0.77,"Mya arenaria","W-Msc-140430"
2,55.5,0.75,"Mya arenaria","W-Msc-140430"
2.5,55.5,0.85,"Mya arenaria","W-Msc-140430"
3,55.5,0.9,"Mya arenaria","W-Msc-140430"
3.5,55.5,0.92,"Mya arenaria","W-Msc-140430"
4,55.5,0.94,"Mya arenaria","W-Msc-140430"
4.5,55.5,0.94,"Mya arenaria","W-Msc-140430"
5,55.5,0.92,"Mya arenaria","W-Msc-140430"
5.5,55.5,0.79,"Mya arenaria","W-Msc-140430"
6,55.5,0.66,"Mya arenaria","W-Msc-140430"
6.5,55.5,0.91,"Mya arenaria","W-Msc-140430"
7,55.5,0.98,"Mya arenaria","W-Msc-140430"
7.5,55.5,1,"Mya arenaria","W-Msc-140430"
8,55.5,1,"Mya arenaria","W-Msc-140430"
8.5,55.5,1,"Mya arenaria","W-Msc-140430"
10,55.5,1,"Mya arenaria","W-Msc-140430"
10.5,55.5,1,"Mya arenaria","W-Msc-140430"
11,55.5,1,"Mya arenaria","W-Msc-140430"
11.5,55.5,1,"Mya arenaria","W-Msc-140430"
12,55.5,1,"Mya arenaria","W-Msc-140430"
12.5,55.5,1,"Mya arenaria","W-Msc-140430"
13,55.5,1,"Mya arenaria","W-Msc-140430"
13.5,55.5,1,"Mya arenaria","W-Msc-140430"
14.5,55.5,0.65,"Mya arenaria","W-Msc-140430"
15,55.5,0.53,"Mya arenaria","W-Msc-140430"
15.5,55.5,0.12,"Mya arenaria","W-Msc-140430"
16,55.5,0.09,"Mya arenaria","W-Msc-140430"
16.5,55.5,0.05,"Mya arenaria","W-Msc-140430"
17,55.5,0.07,"Mya arenaria","W-Msc-140430"
17.5,55.5,0.09,"Mya arenaria","W-Msc-140430"
18,55.5,0.07,"Mya arenaria","W-Msc-140430"
18.5,55.5,0.07,"Mya arenaria","W-Msc-140430"
19,55.5,0.12,"Mya arenaria","W-Msc-140430"
19.5,55.5,0.24,"Mya arenaria","W-Msc-140430"
20,55.5,0.37,"Mya arenaria","W-Msc-140430"
20.5,55.5,0.57,"Mya arenaria","W-Msc-140430"
21,55.5,0.63,"Mya arenaria","W-Msc-140430"
21.5,55.5,0.58,"Mya arenaria","W-Msc-140430"
136.5,55.5,0.39,"Mya arenaria","W-Msc-140430"
137,55.5,0.41,"Mya arenaria","W-Msc-140430"
137.5,55.5,0.46,"Mya arenaria","W-Msc-140430"
138,55.5,0.25,"Mya arenaria","W-Msc-140430"
138.5,55.5,0.29,"Mya arenaria","W-Msc-140430"
139,55.5,0.26,"Mya arenaria","W-Msc-140430"
139.5,55.5,0.3,"Mya arenaria","W-Msc-140430"
140,55.5,0.06,"Mya arenaria","W-Msc-140430"
140.5,55.5,0.1,"Mya arenaria","W-Msc-140430"
141,55.5,0.04,"Mya arenaria","W-Msc-140430"
141.5,55.5,0.28,"Mya arenaria","W-Msc-140430"
142,55.5,0.28,"Mya arenaria","W-Msc-140430"
142.5,55.5,0.1,"Mya arenaria","W-Msc-140430"
145,55.5,0.22,"Mya arenaria","W-Msc-140430"
145.5,55.5,0.18,"Mya arenaria","W-Msc-140430"
146,55.5,0.18,"Mya arenaria","W-Msc-140430"
146.5,55.5,0.04,"Mya arenaria","W-Msc-140430"
147,55.5,0.05,"Mya arenaria","W-Msc-140430"
155,55.5,0.15,"Mya arenaria","W-Msc-140430"
155.5,55.5,0.69,"Mya arenaria","W-Msc-140430"
156,55.5,0.68,"Mya arenaria","W-Msc-140430"
162,55.5,0.67,"Mya arenaria","W-Msc-140430"
162.5,55.5,0.64,"Mya arenaria","W-Msc-140430"
163,55.5,0.07,"Mya arenaria","W-Msc-140430"
165.5,55.5,0.76,"Mya arenaria","W-Msc-140430"
166,55.5,0.6,"Mya arenaria","W-Msc-140430"
-167.5,55,0.27,"Mya arenaria","W-Msc-140430"
-167,55,0.28,"Mya arenaria","W-Msc-140430"
-166.5,55,0.33,"Mya arenaria","W-Msc-140430"
-166,55,0.35,"Mya arenaria","W-Msc-140430"
-165.5,55,0.39,"Mya arenaria","W-Msc-140430"
-165,55,0.42,"Mya arenaria","W-Msc-140430"
-164.5,55,0.63,"Mya arenaria","W-Msc-140430"
-164,55,0.79,"Mya arenaria","W-Msc-140430"
-163.5,55,0.79,"Mya arenaria","W-Msc-140430"
-163,55,0.78,"Mya arenaria","W-Msc-140430"
-162.5,55,0.78,"Mya arenaria","W-Msc-140430"
-162,55,0.81,"Mya arenaria","W-Msc-140430"
-161.5,55,0.85,"Mya arenaria","W-Msc-140430"
-161,55,0.87,"Mya arenaria","W-Msc-140430"
-160.5,55,0.9,"Mya arenaria","W-Msc-140430"
-160,55,0.91,"Mya arenaria","W-Msc-140430"
-159.5,55,0.93,"Mya arenaria","W-Msc-140430"
-159,55,0.95,"Mya arenaria","W-Msc-140430"
-158.5,55,0.97,"Mya arenaria","W-Msc-140430"
-158,55,0.64,"Mya arenaria","W-Msc-140430"
-157.5,55,0.97,"Mya arenaria","W-Msc-140430"
-157,55,0.84,"Mya arenaria","W-Msc-140430"
-156.5,55,0.97,"Mya arenaria","W-Msc-140430"
-156,55,0.29,"Mya arenaria","W-Msc-140430"
-155.5,55,0.02,"Mya arenaria","W-Msc-140430"
-134.5,55,0.02,"Mya arenaria","W-Msc-140430"
-134,55,0.75,"Mya arenaria","W-Msc-140430"
-133.5,55,1,"Mya arenaria","W-Msc-140430"
-133,55,1,"Mya arenaria","W-Msc-140430"
-132.5,55,1,"Mya arenaria","W-Msc-140430"
-132,55,1,"Mya arenaria","W-Msc-140430"
-131.5,55,1,"Mya arenaria","W-Msc-140430"
-131,55,0.98,"Mya arenaria","W-Msc-140430"
-130.5,55,0.97,"Mya arenaria","W-Msc-140430"
-130,55,0.97,"Mya arenaria","W-Msc-140430"
-129.5,55,0.99,"Mya arenaria","W-Msc-140430"
-85,55,0.12,"Mya arenaria","W-Msc-140430"
-84.5,55,0.12,"Mya arenaria","W-Msc-140430"
-84,55,0.11,"Mya arenaria","W-Msc-140430"
-83.5,55,0.1,"Mya arenaria","W-Msc-140430"
-83,55,0.1,"Mya arenaria","W-Msc-140430"
-82.5,55,0.09,"Mya arenaria","W-Msc-140430"
-82,55,0.08,"Mya arenaria","W-Msc-140430"
-81.5,55,0.05,"Mya arenaria","W-Msc-140430"
-81,55,0.03,"Mya arenaria","W-Msc-140430"
-80.5,55,0.03,"Mya arenaria","W-Msc-140430"
-80,55,0.06,"Mya arenaria","W-Msc-140430"
-79.5,55,0.08,"Mya arenaria","W-Msc-140430"
-79,55,0.09,"Mya arenaria","W-Msc-140430"
-78.5,55,0.11,"Mya arenaria","W-Msc-140430"
-78,55,0.18,"Mya arenaria","W-Msc-140430"
-77.5,55,0.2,"Mya arenaria","W-Msc-140430"
-77,55,0.21,"Mya arenaria","W-Msc-140430"
-60.5,55,0.3,"Mya arenaria","W-Msc-140430"
-60,55,0.3,"Mya arenaria","W-Msc-140430"
-59.5,55,0.29,"Mya arenaria","W-Msc-140430"
-59,55,0.27,"Mya arenaria","W-Msc-140430"
-58.5,55,0.25,"Mya arenaria","W-Msc-140430"
-58,55,0.26,"Mya arenaria","W-Msc-140430"
-57.5,55,0.23,"Mya arenaria","W-Msc-140430"
-57,55,0.1,"Mya arenaria","W-Msc-140430"
-56.5,55,0.11,"Mya arenaria","W-Msc-140430"
-56,55,0.12,"Mya arenaria","W-Msc-140430"
-10,55,0.4,"Mya arenaria","W-Msc-140430"
-9.5,55,0.86,"Mya arenaria","W-Msc-140430"
-9,55,0.79,"Mya arenaria","W-Msc-140430"
-8.5,55,0.9,"Mya arenaria","W-Msc-140430"
-8,55,0.91,"Mya arenaria","W-Msc-140430"
-7.5,55,0.92,"Mya arenaria","W-Msc-140430"
-7,55,0.95,"Mya arenaria","W-Msc-140430"
-6.5,55,0.97,"Mya arenaria","W-Msc-140430"
-6,55,1,"Mya arenaria","W-Msc-140430"
-5.5,55,1,"Mya arenaria","W-Msc-140430"
-5,55,1,"Mya arenaria","W-Msc-140430"
-4.5,55,1,"Mya arenaria","W-Msc-140430"
-3.5,55,1,"Mya arenaria","W-Msc-140430"
-3,55,1,"Mya arenaria","W-Msc-140430"
-1.5,55,1,"Mya arenaria","W-Msc-140430"
-1,55,1,"Mya arenaria","W-Msc-140430"
-0.5,55,0.71,"Mya arenaria","W-Msc-140430"
0,55,0.92,"Mya arenaria","W-Msc-140430"
0.5,55,0.91,"Mya arenaria","W-Msc-140430"
1,55,0.9,"Mya arenaria","W-Msc-140430"
1.5,55,0.97,"Mya arenaria","W-Msc-140430"
2,55,1,"Mya arenaria","W-Msc-140430"
2.5,55,0.99,"Mya arenaria","W-Msc-140430"
3,55,0.99,"Mya arenaria","W-Msc-140430"
3.5,55,0.98,"Mya arenaria","W-Msc-140430"
4,55,0.97,"Mya arenaria","W-Msc-140430"
4.5,55,0.91,"Mya arenaria","W-Msc-140430"
5,55,0.72,"Mya arenaria","W-Msc-140430"
5.5,55,0.63,"Mya arenaria","W-Msc-140430"
6,55,0.66,"Mya arenaria","W-Msc-140430"
6.5,55,0.92,"Mya arenaria","W-Msc-140430"
7,55,0.99,"Mya arenaria","W-Msc-140430"
7.5,55,1,"Mya arenaria","W-Msc-140430"
8,55,1,"Mya arenaria","W-Msc-140430"
8.5,55,1,"Mya arenaria","W-Msc-140430"
9,55,1,"Mya arenaria","W-Msc-140430"
10,55,1,"Mya arenaria","W-Msc-140430"
10.5,55,1,"Mya arenaria","W-Msc-140430"
11,55,1,"Mya arenaria","W-Msc-140430"
11.5,55,1,"Mya arenaria","W-Msc-140430"
12,55,1,"Mya arenaria","W-Msc-140430"
12.5,55,0.91,"Mya arenaria","W-Msc-140430"
13,55,0.37,"Mya arenaria","W-Msc-140430"
13.5,55,0.11,"Mya arenaria","W-Msc-140430"
14,55,0.05,"Mya arenaria","W-Msc-140430"
14.5,55,0.09,"Mya arenaria","W-Msc-140430"
15,55,0.05,"Mya arenaria","W-Msc-140430"
15.5,55,0.02,"Mya arenaria","W-Msc-140430"
16,55,0.02,"Mya arenaria","W-Msc-140430"
16.5,55,0.07,"Mya arenaria","W-Msc-140430"
17,55,0.12,"Mya arenaria","W-Msc-140430"
17.5,55,0.17,"Mya arenaria","W-Msc-140430"
18,55,0.32,"Mya arenaria","W-Msc-140430"
18.5,55,0.5,"Mya arenaria","W-Msc-140430"
19,55,0.41,"Mya arenaria","W-Msc-140430"
19.5,55,0.41,"Mya arenaria","W-Msc-140430"
20,55,0.65,"Mya arenaria","W-Msc-140430"
20.5,55,0.63,"Mya arenaria","W-Msc-140430"
21,55,0.61,"Mya arenaria","W-Msc-140430"
21.5,55,0.61,"Mya arenaria","W-Msc-140430"
135.5,55,0.36,"Mya arenaria","W-Msc-140430"
136,55,0.38,"Mya arenaria","W-Msc-140430"
136.5,55,0.38,"Mya arenaria","W-Msc-140430"
137,55,0.32,"Mya arenaria","W-Msc-140430"
137.5,55,0.3,"Mya arenaria","W-Msc-140430"
138,55,0.3,"Mya arenaria","W-Msc-140430"
138.5,55,0.31,"Mya arenaria","W-Msc-140430"
139,55,0.33,"Mya arenaria","W-Msc-140430"
139.5,55,0.33,"Mya arenaria","W-Msc-140430"
140,55,0.28,"Mya arenaria","W-Msc-140430"
140.5,55,0.24,"Mya arenaria","W-Msc-140430"
143,55,0.05,"Mya arenaria","W-Msc-140430"
146.5,55,0.07,"Mya arenaria","W-Msc-140430"
147,55,0.05,"Mya arenaria","W-Msc-140430"
155,55,0.03,"Mya arenaria","W-Msc-140430"
155.5,55,0.72,"Mya arenaria","W-Msc-140430"
156,55,0.7,"Mya arenaria","W-Msc-140430"
162,55,0.7,"Mya arenaria","W-Msc-140430"
162.5,55,0.72,"Mya arenaria","W-Msc-140430"
165.5,55,0.79,"Mya arenaria","W-Msc-140430"
166,55,0.78,"Mya arenaria","W-Msc-140430"
166.5,55,0.78,"Mya arenaria","W-Msc-140430"
167,55,0.64,"Mya arenaria","W-Msc-140430"
-167,54.5,0.03,"Mya arenaria","W-Msc-140430"
-166.5,54.5,0.25,"Mya arenaria","W-Msc-140430"
-166,54.5,0.32,"Mya arenaria","W-Msc-140430"
-165.5,54.5,0.35,"Mya arenaria","W-Msc-140430"
-165,54.5,0.59,"Mya arenaria","W-Msc-140430"
-164.5,54.5,0.8,"Mya arenaria","W-Msc-140430"
-164,54.5,0.82,"Mya arenaria","W-Msc-140430"
-163.5,54.5,0.83,"Mya arenaria","W-Msc-140430"
-163,54.5,0.83,"Mya arenaria","W-Msc-140430"
-162.5,54.5,0.84,"Mya arenaria","W-Msc-140430"
-162,54.5,0.86,"Mya arenaria","W-Msc-140430"
-161.5,54.5,0.89,"Mya arenaria","W-Msc-140430"
-161,54.5,0.91,"Mya arenaria","W-Msc-140430"
-160.5,54.5,0.92,"Mya arenaria","W-Msc-140430"
-160,54.5,0.92,"Mya arenaria","W-Msc-140430"
-159.5,54.5,0.92,"Mya arenaria","W-Msc-140430"
-159,54.5,0.94,"Mya arenaria","W-Msc-140430"
-158.5,54.5,0.96,"Mya arenaria","W-Msc-140430"
-158,54.5,0.55,"Mya arenaria","W-Msc-140430"
-157.5,54.5,0.63,"Mya arenaria","W-Msc-140430"
-157,54.5,0.5,"Mya arenaria","W-Msc-140430"
-134,54.5,0.2,"Mya arenaria","W-Msc-140430"
-133.5,54.5,1,"Mya arenaria","W-Msc-140430"
-133,54.5,1,"Mya arenaria","W-Msc-140430"
-132.5,54.5,1,"Mya arenaria","W-Msc-140430"
-132,54.5,1,"Mya arenaria","W-Msc-140430"
-131.5,54.5,1,"Mya arenaria","W-Msc-140430"
-131,54.5,1,"Mya arenaria","W-Msc-140430"
-130.5,54.5,0.91,"Mya arenaria","W-Msc-140430"
-130,54.5,0.89,"Mya arenaria","W-Msc-140430"
-129.5,54.5,0.96,"Mya arenaria","W-Msc-140430"
-82,54.5,0.17,"Mya arenaria","W-Msc-140430"
-81.5,54.5,0.1,"Mya arenaria","W-Msc-140430"
-81,54.5,0.05,"Mya arenaria","W-Msc-140430"
-80.5,54.5,0.05,"Mya arenaria","W-Msc-140430"
-80,54.5,0.11,"Mya arenaria","W-Msc-140430"
-79.5,54.5,0.15,"Mya arenaria","W-Msc-140430"
-79,54.5,0.16,"Mya arenaria","W-Msc-140430"
-78.5,54.5,0.18,"Mya arenaria","W-Msc-140430"
-59.5,54.5,0.34,"Mya arenaria","W-Msc-140430"
-58.5,54.5,0.3,"Mya arenaria","W-Msc-140430"
-58,54.5,0.29,"Mya arenaria","W-Msc-140430"
-57.5,54.5,0.28,"Mya arenaria","W-Msc-140430"
-57,54.5,0.29,"Mya arenaria","W-Msc-140430"
-56.5,54.5,0.29,"Mya arenaria","W-Msc-140430"
-56,54.5,0.12,"Mya arenaria","W-Msc-140430"
-55,54.5,0.08,"Mya arenaria","W-Msc-140430"
-54.5,54.5,0.05,"Mya arenaria","W-Msc-140430"
-10,54.5,0.59,"Mya arenaria","W-Msc-140430"
-9.5,54.5,0.87,"Mya arenaria","W-Msc-140430"
-9,54.5,0.76,"Mya arenaria","W-Msc-140430"
-8.5,54.5,0.93,"Mya arenaria","W-Msc-140430"
-8,54.5,0.94,"Mya arenaria","W-Msc-140430"
-5.5,54.5,1,"Mya arenaria","W-Msc-140430"
-5,54.5,1,"Mya arenaria","W-Msc-140430"
-4.5,54.5,1,"Mya arenaria","W-Msc-140430"
-4,54.5,1,"Mya arenaria","W-Msc-140430"
-3.5,54.5,1,"Mya arenaria","W-Msc-140430"
-3,54.5,1,"Mya arenaria","W-Msc-140430"
-1,54.5,1,"Mya arenaria","W-Msc-140430"
-0.5,54.5,1,"Mya arenaria","W-Msc-140430"
0,54.5,0.95,"Mya arenaria","W-Msc-140430"
0.5,54.5,0.95,"Mya arenaria","W-Msc-140430"
1,54.5,0.92,"Mya arenaria","W-Msc-140430"
1.5,54.5,0.99,"Mya arenaria","W-Msc-140430"
2,54.5,1,"Mya arenaria","W-Msc-140430"
2.5,54.5,1,"Mya arenaria","W-Msc-140430"
3,54.5,1,"Mya arenaria","W-Msc-140430"
3.5,54.5,0.91,"Mya arenaria","W-Msc-140430"
4,54.5,0.66,"Mya arenaria","W-Msc-140430"
4.5,54.5,0.51,"Mya arenaria","W-Msc-140430"
5,54.5,0.51,"Mya arenaria","W-Msc-140430"
5.5,54.5,0.53,"Mya arenaria","W-Msc-140430"
6,54.5,0.69,"Mya arenaria","W-Msc-140430"
6.5,54.5,0.92,"Mya arenaria","W-Msc-140430"
7,54.5,0.98,"Mya arenaria","W-Msc-140430"
7.5,54.5,1,"Mya arenaria","W-Msc-140430"
8,54.5,1,"Mya arenaria","W-Msc-140430"
8.5,54.5,1,"Mya arenaria","W-Msc-140430"
9,54.5,1,"Mya arenaria","W-Msc-140430"
9.5,54.5,1,"Mya arenaria","W-Msc-140430"
10,54.5,1,"Mya arenaria","W-Msc-140430"
10.5,54.5,1,"Mya arenaria","W-Msc-140430"
11,54.5,1,"Mya arenaria","W-Msc-140430"
11.5,54.5,1,"Mya arenaria","W-Msc-140430"
12,54.5,1,"Mya arenaria","W-Msc-140430"
12.5,54.5,0.48,"Mya arenaria","W-Msc-140430"
13,54.5,0.34,"Mya arenaria","W-Msc-140430"
13.5,54.5,0.26,"Mya arenaria","W-Msc-140430"
14,54.5,0.18,"Mya arenaria","W-Msc-140430"
14.5,54.5,0.18,"Mya arenaria","W-Msc-140430"
15,54.5,0.08,"Mya arenaria","W-Msc-140430"
15.5,54.5,0.04,"Mya arenaria","W-Msc-140430"
16,54.5,0.05,"Mya arenaria","W-Msc-140430"
16.5,54.5,0.21,"Mya arenaria","W-Msc-140430"
17,54.5,0.38,"Mya arenaria","W-Msc-140430"
17.5,54.5,0.63,"Mya arenaria","W-Msc-140430"
18,54.5,0.66,"Mya arenaria","W-Msc-140430"
18.5,54.5,0.65,"Mya arenaria","W-Msc-140430"
19,54.5,0.64,"Mya arenaria","W-Msc-140430"
19.5,54.5,0.49,"Mya arenaria","W-Msc-140430"
20,54.5,0.62,"Mya arenaria","W-Msc-140430"
20.5,54.5,0.62,"Mya arenaria","W-Msc-140430"
21,54.5,0.64,"Mya arenaria","W-Msc-140430"
21.5,54.5,0.65,"Mya arenaria","W-Msc-140430"
135.5,54.5,0.37,"Mya arenaria","W-Msc-140430"
136,54.5,0.3,"Mya arenaria","W-Msc-140430"
136.5,54.5,0.25,"Mya arenaria","W-Msc-140430"
137,54.5,0.21,"Mya arenaria","W-Msc-140430"
137.5,54.5,0.21,"Mya arenaria","W-Msc-140430"
138,54.5,0.24,"Mya arenaria","W-Msc-140430"
138.5,54.5,0.26,"Mya arenaria","W-Msc-140430"
139,54.5,0.26,"Mya arenaria","W-Msc-140430"
139.5,54.5,0.27,"Mya arenaria","W-Msc-140430"
140,54.5,0.25,"Mya arenaria","W-Msc-140430"
140.5,54.5,0.18,"Mya arenaria","W-Msc-140430"
141,54.5,0.15,"Mya arenaria","W-Msc-140430"
143,54.5,0.1,"Mya arenaria","W-Msc-140430"
155.5,54.5,0.59,"Mya arenaria","W-Msc-140430"
156,54.5,0.72,"Mya arenaria","W-Msc-140430"
161,54.5,0.74,"Mya arenaria","W-Msc-140430"
161.5,54.5,0.74,"Mya arenaria","W-Msc-140430"
162,54.5,0.73,"Mya arenaria","W-Msc-140430"
162.5,54.5,0.73,"Mya arenaria","W-Msc-140430"
166.5,54.5,0.81,"Mya arenaria","W-Msc-140430"
167,54.5,0.8,"Mya arenaria","W-Msc-140430"
167.5,54.5,0.79,"Mya arenaria","W-Msc-140430"
168,54.5,0.79,"Mya arenaria","W-Msc-140430"
168.5,54.5,0.79,"Mya arenaria","W-Msc-140430"
179,54.5,0.04,"Mya arenaria","W-Msc-140430"
-166.5,54,0.81,"Mya arenaria","W-Msc-140430"
-166,54,0.81,"Mya arenaria","W-Msc-140430"
-165.5,54,0.8,"Mya arenaria","W-Msc-140430"
-165,54,0.8,"Mya arenaria","W-Msc-140430"
-164.5,54,0.83,"Mya arenaria","W-Msc-140430"
-164,54,0.86,"Mya arenaria","W-Msc-140430"
-163.5,54,0.7,"Mya arenaria","W-Msc-140430"
-163,54,0.87,"Mya arenaria","W-Msc-140430"
-162.5,54,0.89,"Mya arenaria","W-Msc-140430"
-162,54,0.91,"Mya arenaria","W-Msc-140430"
-161.5,54,0.77,"Mya arenaria","W-Msc-140430"
-161,54,0.75,"Mya arenaria","W-Msc-140430"
-160.5,54,0.6,"Mya arenaria","W-Msc-140430"
-160,54,0.57,"Mya arenaria","W-Msc-140430"
-159.5,54,0.77,"Mya arenaria","W-Msc-140430"
-159,54,0.23,"Mya arenaria","W-Msc-140430"
-133,54,1,"Mya arenaria","W-Msc-140430"
-132.5,54,1,"Mya arenaria","W-Msc-140430"
-132,54,1,"Mya arenaria","W-Msc-140430"
-131.5,54,1,"Mya arenaria","W-Msc-140430"
-131,54,1,"Mya arenaria","W-Msc-140430"
-130.5,54,0.91,"Mya arenaria","W-Msc-140430"
-130,54,1,"Mya arenaria","W-Msc-140430"
-129.5,54,0.95,"Mya arenaria","W-Msc-140430"
-128.5,54,1,"Mya arenaria","W-Msc-140430"
-82,54,0.2,"Mya arenaria","W-Msc-140430"
-81.5,54,0.14,"Mya arenaria","W-Msc-140430"
-81,54,0.08,"Mya arenaria","W-Msc-140430"
-80.5,54,0.08,"Mya arenaria","W-Msc-140430"
-80,54,0.15,"Mya arenaria","W-Msc-140430"
-79.5,54,0.18,"Mya arenaria","W-Msc-140430"
-79,54,0.19,"Mya arenaria","W-Msc-140430"
-78.5,54,0.2,"Mya arenaria","W-Msc-140430"
-59,54,0.39,"Mya arenaria","W-Msc-140430"
-58.5,54,0.38,"Mya arenaria","W-Msc-140430"
-58,54,0.38,"Mya arenaria","W-Msc-140430"
-57.5,54,0.4,"Mya arenaria","W-Msc-140430"
-57,54,0.38,"Mya arenaria","W-Msc-140430"
-56.5,54,0.35,"Mya arenaria","W-Msc-140430"
-56,54,0.34,"Mya arenaria","W-Msc-140430"
-55.5,54,0.08,"Mya arenaria","W-Msc-140430"
-55,54,0.1,"Mya arenaria","W-Msc-140430"
-54.5,54,0.07,"Mya arenaria","W-Msc-140430"
-54,54,0.05,"Mya arenaria","W-Msc-140430"
-53.5,54,0.01,"Mya arenaria","W-Msc-140430"
-10.5,54,0.39,"Mya arenaria","W-Msc-140430"
-10,54,0.89,"Mya arenaria","W-Msc-140430"
-9.5,54,0.9,"Mya arenaria","W-Msc-140430"
-9,54,0.92,"Mya arenaria","W-Msc-140430"
-8.5,54,0.94,"Mya arenaria","W-Msc-140430"
-8,54,0.96,"Mya arenaria","W-Msc-140430"
-6,54,1,"Mya arenaria","W-Msc-140430"
-5.5,54,1,"Mya arenaria","W-Msc-140430"
-5,54,1,"Mya arenaria","W-Msc-140430"
-4.5,54,1,"Mya arenaria","W-Msc-140430"
-4,54,1,"Mya arenaria","W-Msc-140430"
-3.5,54,1,"Mya arenaria","W-Msc-140430"
-3,54,1,"Mya arenaria","W-Msc-140430"
-2.5,54,1,"Mya arenaria","W-Msc-140430"
-0.5,54,1,"Mya arenaria","W-Msc-140430"
0,54,1,"Mya arenaria","W-Msc-140430"
0.5,54,1,"Mya arenaria","W-Msc-140430"
1,54,1,"Mya arenaria","W-Msc-140430"
1.5,54,0.98,"Mya arenaria","W-Msc-140430"
2,54,1,"Mya arenaria","W-Msc-140430"
2.5,54,1,"Mya arenaria","W-Msc-140430"
3,54,0.94,"Mya arenaria","W-Msc-140430"
3.5,54,0.72,"Mya arenaria","W-Msc-140430"
4,54,0.54,"Mya arenaria","W-Msc-140430"
4.5,54,0.5,"Mya arenaria","W-Msc-140430"
5,54,0.62,"Mya arenaria","W-Msc-140430"
5.5,54,0.75,"Mya arenaria","W-Msc-140430"
6,54,0.95,"Mya arenaria","W-Msc-140430"
6.5,54,0.99,"Mya arenaria","W-Msc-140430"
7,54,0.99,"Mya arenaria","W-Msc-140430"
7.5,54,0.98,"Mya arenaria","W-Msc-140430"
8,54,1,"Mya arenaria","W-Msc-140430"
8.5,54,1,"Mya arenaria","W-Msc-140430"
9,54,0.9,"Mya arenaria","W-Msc-140430"
9.5,54,1,"Mya arenaria","W-Msc-140430"
10,54,1,"Mya arenaria","W-Msc-140430"
10.5,54,1,"Mya arenaria","W-Msc-140430"
11,54,1,"Mya arenaria","W-Msc-140430"
11.5,54,1,"Mya arenaria","W-Msc-140430"
12,54,0.88,"Mya arenaria","W-Msc-140430"
12.5,54,0.77,"Mya arenaria","W-Msc-140430"
13,54,0.83,"Mya arenaria","W-Msc-140430"
13.5,54,0.73,"Mya arenaria","W-Msc-140430"
14,54,0.7,"Mya arenaria","W-Msc-140430"
14.5,54,0.69,"Mya arenaria","W-Msc-140430"
15,54,0.68,"Mya arenaria","W-Msc-140430"
15.5,54,0.56,"Mya arenaria","W-Msc-140430"
16,54,0.47,"Mya arenaria","W-Msc-140430"
16.5,54,0.72,"Mya arenaria","W-Msc-140430"
19,54,0.67,"Mya arenaria","W-Msc-140430"
19.5,54,0.62,"Mya arenaria","W-Msc-140430"
20,54,0.69,"Mya arenaria","W-Msc-140430"
137,54,0.22,"Mya arenaria","W-Msc-140430"
137.5,54,0.21,"Mya arenaria","W-Msc-140430"
138,54,0.2,"Mya arenaria","W-Msc-140430"
138.5,54,0.21,"Mya arenaria","W-Msc-140430"
139,54,0.22,"Mya arenaria","W-Msc-140430"
139.5,54,0.24,"Mya arenaria","W-Msc-140430"
140,54,0.25,"Mya arenaria","W-Msc-140430"
140.5,54,0.27,"Mya arenaria","W-Msc-140430"
141,54,0.21,"Mya arenaria","W-Msc-140430"
141.5,54,0.08,"Mya arenaria","W-Msc-140430"
142.5,54,0.34,"Mya arenaria","W-Msc-140430"
143,54,0.37,"Mya arenaria","W-Msc-140430"
143.5,54,0.11,"Mya arenaria","W-Msc-140430"
144,54,0.26,"Mya arenaria","W-Msc-140430"
154.5,54,0.07,"Mya arenaria","W-Msc-140430"
155,54,0.22,"Mya arenaria","W-Msc-140430"
155.5,54,0.59,"Mya arenaria","W-Msc-140430"
156,54,0.73,"Mya arenaria","W-Msc-140430"
160,54,0.74,"Mya arenaria","W-Msc-140430"
160.5,54,0.77,"Mya arenaria","W-Msc-140430"
161,54,0.76,"Mya arenaria","W-Msc-140430"
161.5,54,0.22,"Mya arenaria","W-Msc-140430"
179.5,54,0.62,"Mya arenaria","W-Msc-140430"
-168,53.5,0.8,"Mya arenaria","W-Msc-140430"
-167.5,53.5,0.81,"Mya arenaria","W-Msc-140430"
-167,53.5,0.81,"Mya arenaria","W-Msc-140430"
-166.5,53.5,0.84,"Mya arenaria","W-Msc-140430"
-166,53.5,0.84,"Mya arenaria","W-Msc-140430"
-165.5,53.5,0.71,"Mya arenaria","W-Msc-140430"
-165,53.5,0.69,"Mya arenaria","W-Msc-140430"
-164.5,53.5,0.89,"Mya arenaria","W-Msc-140430"
-164,53.5,0.89,"Mya arenaria","W-Msc-140430"
-163.5,53.5,0.75,"Mya arenaria","W-Msc-140430"
-163,53.5,0.62,"Mya arenaria","W-Msc-140430"
-133,53.5,1,"Mya arenaria","W-Msc-140430"
-132.5,53.5,1,"Mya arenaria","W-Msc-140430"
-132,53.5,1,"Mya arenaria","W-Msc-140430"
-131.5,53.5,1,"Mya arenaria","W-Msc-140430"
-131,53.5,1,"Mya arenaria","W-Msc-140430"
-130.5,53.5,1,"Mya arenaria","W-Msc-140430"
-130,53.5,1,"Mya arenaria","W-Msc-140430"
-129.5,53.5,1,"Mya arenaria","W-Msc-140430"
-129,53.5,1,"Mya arenaria","W-Msc-140430"
-128.5,53.5,1,"Mya arenaria","W-Msc-140430"
-128,53.5,1,"Mya arenaria","W-Msc-140430"
-82,53.5,0.19,"Mya arenaria","W-Msc-140430"
-81.5,53.5,0.16,"Mya arenaria","W-Msc-140430"
-81,53.5,0.14,"Mya arenaria","W-Msc-140430"
-80.5,53.5,0.15,"Mya arenaria","W-Msc-140430"
-80,53.5,0.16,"Mya arenaria","W-Msc-140430"
-79.5,53.5,0.18,"Mya arenaria","W-Msc-140430"
-79,53.5,0.21,"Mya arenaria","W-Msc-140430"
-78.5,53.5,0.21,"Mya arenaria","W-Msc-140430"
-60,53.5,0.42,"Mya arenaria","W-Msc-140430"
-59.5,53.5,0.45,"Mya arenaria","W-Msc-140430"
-59,53.5,0.47,"Mya arenaria","W-Msc-140430"
-58.5,53.5,0.45,"Mya arenaria","W-Msc-140430"
-57,53.5,0.42,"Mya arenaria","W-Msc-140430"
-56.5,53.5,0.4,"Mya arenaria","W-Msc-140430"
-56,53.5,0.38,"Mya arenaria","W-Msc-140430"
-55.5,53.5,0.37,"Mya arenaria","W-Msc-140430"
-55,53.5,0.18,"Mya arenaria","W-Msc-140430"
-54.5,53.5,0.14,"Mya arenaria","W-Msc-140430"
-54,53.5,0.08,"Mya arenaria","W-Msc-140430"
-53.5,53.5,0.07,"Mya arenaria","W-Msc-140430"
-53,53.5,0.01,"Mya arenaria","W-Msc-140430"
-13.5,53.5,0.06,"Mya arenaria","W-Msc-140430"
-13,53.5,0.34,"Mya arenaria","W-Msc-140430"
-12.5,53.5,0.15,"Mya arenaria","W-Msc-140430"
-11,53.5,0.41,"Mya arenaria","W-Msc-140430"
-10.5,53.5,0.51,"Mya arenaria","W-Msc-140430"
-10,53.5,0.91,"Mya arenaria","W-Msc-140430"
-9.5,53.5,0.93,"Mya arenaria","W-Msc-140430"
-6,53.5,1,"Mya arenaria","W-Msc-140430"
-5.5,53.5,1,"Mya arenaria","W-Msc-140430"
-5,53.5,0.81,"Mya arenaria","W-Msc-140430"
-4.5,53.5,1,"Mya arenaria","W-Msc-140430"
-4,53.5,1,"Mya arenaria","W-Msc-140430"
-3.5,53.5,0.69,"Mya arenaria","W-Msc-140430"
-3,53.5,1,"Mya arenaria","W-Msc-140430"
-2.5,53.5,1,"Mya arenaria","W-Msc-140430"
-0.5,53.5,1,"Mya arenaria","W-Msc-140430"
0,53.5,1,"Mya arenaria","W-Msc-140430"
0.5,53.5,1,"Mya arenaria","W-Msc-140430"
1,53.5,1,"Mya arenaria","W-Msc-140430"
1.5,53.5,1,"Mya arenaria","W-Msc-140430"
2,53.5,0.98,"Mya arenaria","W-Msc-140430"
2.5,53.5,1,"Mya arenaria","W-Msc-140430"
3,53.5,0.9,"Mya arenaria","W-Msc-140430"
3.5,53.5,0.82,"Mya arenaria","W-Msc-140430"
4,53.5,0.96,"Mya arenaria","W-Msc-140430"
4.5,53.5,0.99,"Mya arenaria","W-Msc-140430"
5,53.5,1,"Mya arenaria","W-Msc-140430"
5.5,53.5,1,"Mya arenaria","W-Msc-140430"
6,53.5,1,"Mya arenaria","W-Msc-140430"
6.5,53.5,1,"Mya arenaria","W-Msc-140430"
7,53.5,1,"Mya arenaria","W-Msc-140430"
7.5,53.5,1,"Mya arenaria","W-Msc-140430"
8,53.5,1,"Mya arenaria","W-Msc-140430"
8.5,53.5,1,"Mya arenaria","W-Msc-140430"
9,53.5,0.96,"Mya arenaria","W-Msc-140430"
9.5,53.5,0.81,"Mya arenaria","W-Msc-140430"
10,53.5,0.98,"Mya arenaria","W-Msc-140430"
11,53.5,1,"Mya arenaria","W-Msc-140430"
11.5,53.5,1,"Mya arenaria","W-Msc-140430"
12,53.5,1,"Mya arenaria","W-Msc-140430"
14,53.5,0.81,"Mya arenaria","W-Msc-140430"
14.5,53.5,0.66,"Mya arenaria","W-Msc-140430"
15,53.5,0.78,"Mya arenaria","W-Msc-140430"
137,53.5,0.23,"Mya arenaria","W-Msc-140430"
137.5,53.5,0.23,"Mya arenaria","W-Msc-140430"
138,53.5,0.23,"Mya arenaria","W-Msc-140430"
138.5,53.5,0.22,"Mya arenaria","W-Msc-140430"
139,53.5,0.25,"Mya arenaria","W-Msc-140430"
140.5,53.5,0.3,"Mya arenaria","W-Msc-140430"
141,53.5,0.32,"Mya arenaria","W-Msc-140430"
141.5,53.5,0.31,"Mya arenaria","W-Msc-140430"
142,53.5,0.33,"Mya arenaria","W-Msc-140430"
142.5,53.5,0.35,"Mya arenaria","W-Msc-140430"
143,53.5,0.39,"Mya arenaria","W-Msc-140430"
143.5,53.5,0.45,"Mya arenaria","W-Msc-140430"
144,53.5,0.39,"Mya arenaria","W-Msc-140430"
144.5,53.5,0.08,"Mya arenaria","W-Msc-140430"
153.5,53.5,0.01,"Mya arenaria","W-Msc-140430"
154,53.5,0.35,"Mya arenaria","W-Msc-140430"
154.5,53.5,0.51,"Mya arenaria","W-Msc-140430"
155,53.5,0.58,"Mya arenaria","W-Msc-140430"
155.5,53.5,0.46,"Mya arenaria","W-Msc-140430"
156,53.5,0.74,"Mya arenaria","W-Msc-140430"
156.5,53.5,0.74,"Mya arenaria","W-Msc-140430"
160,53.5,0.7,"Mya arenaria","W-Msc-140430"
160.5,53.5,0.79,"Mya arenaria","W-Msc-140430"
179.5,53.5,0.07,"Mya arenaria","W-Msc-140430"
-170,53,0.26,"Mya arenaria","W-Msc-140430"
-169.5,53,0.8,"Mya arenaria","W-Msc-140430"
-168.5,53,0.81,"Mya arenaria","W-Msc-140430"
-168,53,0.83,"Mya arenaria","W-Msc-140430"
-167.5,53,0.84,"Mya arenaria","W-Msc-140430"
-167,53,0.86,"Mya arenaria","W-Msc-140430"
-166.5,53,0.89,"Mya arenaria","W-Msc-140430"
-166,53,0.91,"Mya arenaria","W-Msc-140430"
-135.5,53,0.12,"Mya arenaria","W-Msc-140430"
-132.5,53,1,"Mya arenaria","W-Msc-140430"
-132,53,1,"Mya arenaria","W-Msc-140430"
-131.5,53,1,"Mya arenaria","W-Msc-140430"
-131,53,1,"Mya arenaria","W-Msc-140430"
-130.5,53,1,"Mya arenaria","W-Msc-140430"
-130,53,1,"Mya arenaria","W-Msc-140430"
-129.5,53,1,"Mya arenaria","W-Msc-140430"
-129,53,1,"Mya arenaria","W-Msc-140430"
-128.5,53,1,"Mya arenaria","W-Msc-140430"
-128,53,1,"Mya arenaria","W-Msc-140430"
-82,53,0.23,"Mya arenaria","W-Msc-140430"
-81.5,53,0.22,"Mya arenaria","W-Msc-140430"
-81,53,0.19,"Mya arenaria","W-Msc-140430"
-80.5,53,0.17,"Mya arenaria","W-Msc-140430"
-80,53,0.16,"Mya arenaria","W-Msc-140430"
-79.5,53,0.17,"Mya arenaria","W-Msc-140430"
-79,53,0.21,"Mya arenaria","W-Msc-140430"
-78.5,53,0.21,"Mya arenaria","W-Msc-140430"
-60.5,53,0.47,"Mya arenaria","W-Msc-140430"
-60,53,0.46,"Mya arenaria","W-Msc-140430"
-59.5,53,0.48,"Mya arenaria","W-Msc-140430"
-57,53,0.47,"Mya arenaria","W-Msc-140430"
-56,53,0.42,"Mya arenaria","W-Msc-140430"
-55.5,53,0.39,"Mya arenaria","W-Msc-140430"
-55,53,0.2,"Mya arenaria","W-Msc-140430"
-54.5,53,0.06,"Mya arenaria","W-Msc-140430"
-54,53,0.1,"Mya arenaria","W-Msc-140430"
-53.5,53,0.09,"Mya arenaria","W-Msc-140430"
-53,53,0.02,"Mya arenaria","W-Msc-140430"
-14,53,0.32,"Mya arenaria","W-Msc-140430"
-13.5,53,0.53,"Mya arenaria","W-Msc-140430"
-13,53,0.35,"Mya arenaria","W-Msc-140430"
-11.5,53,0.31,"Mya arenaria","W-Msc-140430"
-11,53,0.45,"Mya arenaria","W-Msc-140430"
-10.5,53,0.65,"Mya arenaria","W-Msc-140430"
-10,53,0.97,"Mya arenaria","W-Msc-140430"
-9.5,53,1,"Mya arenaria","W-Msc-140430"
-9,53,1,"Mya arenaria","W-Msc-140430"
-8.5,53,1,"Mya arenaria","W-Msc-140430"
-6,53,1,"Mya arenaria","W-Msc-140430"
-5.5,53,1,"Mya arenaria","W-Msc-140430"
-5,53,0.81,"Mya arenaria","W-Msc-140430"
-4.5,53,1,"Mya arenaria","W-Msc-140430"
-4,53,1,"Mya arenaria","W-Msc-140430"
-3.5,53,1,"Mya arenaria","W-Msc-140430"
-3,53,1,"Mya arenaria","W-Msc-140430"
-2.5,53,1,"Mya arenaria","W-Msc-140430"
0.5,53,1,"Mya arenaria","W-Msc-140430"
1,53,1,"Mya arenaria","W-Msc-140430"
1.5,53,1,"Mya arenaria","W-Msc-140430"
2,53,1,"Mya arenaria","W-Msc-140430"
2.5,53,0.99,"Mya arenaria","W-Msc-140430"
3,53,1,"Mya arenaria","W-Msc-140430"
3.5,53,0.99,"Mya arenaria","W-Msc-140430"
4,53,0.99,"Mya arenaria","W-Msc-140430"
4.5,53,1,"Mya arenaria","W-Msc-140430"
5,53,1,"Mya arenaria","W-Msc-140430"
5.5,53,1,"Mya arenaria","W-Msc-140430"
6,53,1,"Mya arenaria","W-Msc-140430"
6.5,53,1,"Mya arenaria","W-Msc-140430"
7,53,1,"Mya arenaria","W-Msc-140430"
7.5,53,1,"Mya arenaria","W-Msc-140430"
8.5,53,0.98,"Mya arenaria","W-Msc-140430"
9,53,0.92,"Mya arenaria","W-Msc-140430"
141,53,0.34,"Mya arenaria","W-Msc-140430"
141.5,53,0.32,"Mya arenaria","W-Msc-140430"
142,53,0.32,"Mya arenaria","W-Msc-140430"
142.5,53,0.38,"Mya arenaria","W-Msc-140430"
143,53,0.42,"Mya arenaria","W-Msc-140430"
143.5,53,0.48,"Mya arenaria","W-Msc-140430"
144,53,0.45,"Mya arenaria","W-Msc-140430"
153.5,53,0.48,"Mya arenaria","W-Msc-140430"
154,53,0.78,"Mya arenaria","W-Msc-140430"
154.5,53,0.75,"Mya arenaria","W-Msc-140430"
155,53,0.78,"Mya arenaria","W-Msc-140430"
155.5,53,0.64,"Mya arenaria","W-Msc-140430"
156,53,0.73,"Mya arenaria","W-Msc-140430"
156.5,53,0.74,"Mya arenaria","W-Msc-140430"
158.5,53,0.76,"Mya arenaria","W-Msc-140430"
159,53,0.75,"Mya arenaria","W-Msc-140430"
159.5,53,0.74,"Mya arenaria","W-Msc-140430"
160,53,0.78,"Mya arenaria","W-Msc-140430"
160.5,53,0.78,"Mya arenaria","W-Msc-140430"
171,53,0.85,"Mya arenaria","W-Msc-140430"
171.5,53,0.85,"Mya arenaria","W-Msc-140430"
173,53,0.85,"Mya arenaria","W-Msc-140430"
173.5,53,0.85,"Mya arenaria","W-Msc-140430"
-179.5,52.5,0.47,"Mya arenaria","W-Msc-140430"
-179,52.5,0.32,"Mya arenaria","W-Msc-140430"
-172,52.5,0.23,"Mya arenaria","W-Msc-140430"
-171,52.5,0.79,"Mya arenaria","W-Msc-140430"
-170.5,52.5,0.8,"Mya arenaria","W-Msc-140430"
-170,52.5,0.8,"Mya arenaria","W-Msc-140430"
-169.5,52.5,0.82,"Mya arenaria","W-Msc-140430"
-169,52.5,0.84,"Mya arenaria","W-Msc-140430"
-168.5,52.5,0.87,"Mya arenaria","W-Msc-140430"
-168,52.5,0.9,"Mya arenaria","W-Msc-140430"
-132,52.5,1,"Mya arenaria","W-Msc-140430"
-131.5,52.5,1,"Mya arenaria","W-Msc-140430"
-131,52.5,1,"Mya arenaria","W-Msc-140430"
-130.5,52.5,0.98,"Mya arenaria","W-Msc-140430"
-130,52.5,0.51,"Mya arenaria","W-Msc-140430"
-129.5,52.5,1,"Mya arenaria","W-Msc-140430"
-129,52.5,1,"Mya arenaria","W-Msc-140430"
-128.5,52.5,1,"Mya arenaria","W-Msc-140430"
-128,52.5,1,"Mya arenaria","W-Msc-140430"
-127.5,52.5,1,"Mya arenaria","W-Msc-140430"
-127,52.5,1,"Mya arenaria","W-Msc-140430"
-82,52.5,0.27,"Mya arenaria","W-Msc-140430"
-81.5,52.5,0.36,"Mya arenaria","W-Msc-140430"
-81,52.5,0.32,"Mya arenaria","W-Msc-140430"
-80.5,52.5,0.22,"Mya arenaria","W-Msc-140430"
-80,52.5,0.17,"Mya arenaria","W-Msc-140430"
-79.5,52.5,0.17,"Mya arenaria","W-Msc-140430"
-79,52.5,0.2,"Mya arenaria","W-Msc-140430"
-78.5,52.5,0.22,"Mya arenaria","W-Msc-140430"
-56,52.5,0.46,"Mya arenaria","W-Msc-140430"
-55.5,52.5,0.44,"Mya arenaria","W-Msc-140430"
-55,52.5,0.15,"Mya arenaria","W-Msc-140430"
-54.5,52.5,0.11,"Mya arenaria","W-Msc-140430"
-54,52.5,0.05,"Mya arenaria","W-Msc-140430"
-53,52.5,0.03,"Mya arenaria","W-Msc-140430"
-52.5,52.5,0.11,"Mya arenaria","W-Msc-140430"
-13.5,52.5,0.11,"Mya arenaria","W-Msc-140430"
-11.5,52.5,0.39,"Mya arenaria","W-Msc-140430"
-11,52.5,0.39,"Mya arenaria","W-Msc-140430"
-10.5,52.5,0.53,"Mya arenaria","W-Msc-140430"
-10,52.5,0.85,"Mya arenaria","W-Msc-140430"
-9.5,52.5,1,"Mya arenaria","W-Msc-140430"
-9,52.5,1,"Mya arenaria","W-Msc-140430"
-8.5,52.5,1,"Mya arenaria","W-Msc-140430"
-6,52.5,1,"Mya arenaria","W-Msc-140430"
-5.5,52.5,1,"Mya arenaria","W-Msc-140430"
-5,52.5,0.8,"Mya arenaria","W-Msc-140430"
-4.5,52.5,1,"Mya arenaria","W-Msc-140430"
-4,52.5,1,"Mya arenaria","W-Msc-140430"
-3.5,52.5,1,"Mya arenaria","W-Msc-140430"
0.5,52.5,0.98,"Mya arenaria","W-Msc-140430"
1,52.5,1,"Mya arenaria","W-Msc-140430"
1.5,52.5,1,"Mya arenaria","W-Msc-140430"
2,52.5,1,"Mya arenaria","W-Msc-140430"
2.5,52.5,1,"Mya arenaria","W-Msc-140430"
3,52.5,0.99,"Mya arenaria","W-Msc-140430"
3.5,52.5,0.98,"Mya arenaria","W-Msc-140430"
4,52.5,1,"Mya arenaria","W-Msc-140430"
4.5,52.5,1,"Mya arenaria","W-Msc-140430"
5,52.5,1,"Mya arenaria","W-Msc-140430"
5.5,52.5,1,"Mya arenaria","W-Msc-140430"
6,52.5,1,"Mya arenaria","W-Msc-140430"
6.5,52.5,1,"Mya arenaria","W-Msc-140430"
141,52.5,0.41,"Mya arenaria","W-Msc-140430"
141.5,52.5,0.34,"Mya arenaria","W-Msc-140430"
142,52.5,0.31,"Mya arenaria","W-Msc-140430"
143.5,52.5,0.46,"Mya arenaria","W-Msc-140430"
144,52.5,0.46,"Mya arenaria","W-Msc-140430"
144.5,52.5,0.3,"Mya arenaria","W-Msc-140430"
154.5,52.5,0.18,"Mya arenaria","W-Msc-140430"
155,52.5,0.63,"Mya arenaria","W-Msc-140430"
155.5,52.5,0.52,"Mya arenaria","W-Msc-140430"
156,52.5,0.73,"Mya arenaria","W-Msc-140430"
156.5,52.5,0.73,"Mya arenaria","W-Msc-140430"
158.5,52.5,0.77,"Mya arenaria","W-Msc-140430"
159,52.5,0.75,"Mya arenaria","W-Msc-140430"
159.5,52.5,0.13,"Mya arenaria","W-Msc-140430"
160,52.5,0.17,"Mya arenaria","W-Msc-140430"
172.5,52.5,0.86,"Mya arenaria","W-Msc-140430"
173,52.5,0.84,"Mya arenaria","W-Msc-140430"
173.5,52.5,0.83,"Mya arenaria","W-Msc-140430"
174,52.5,0.83,"Mya arenaria","W-Msc-140430"
174.5,52.5,0.83,"Mya arenaria","W-Msc-140430"
-179.5,52,0.78,"Mya arenaria","W-Msc-140430"
-176.5,52,0.81,"Mya arenaria","W-Msc-140430"
-176,52,0.81,"Mya arenaria","W-Msc-140430"
-175.5,52,0.82,"Mya arenaria","W-Msc-140430"
-175,52,0.82,"Mya arenaria","W-Msc-140430"
-174.5,52,0.82,"Mya arenaria","W-Msc-140430"
-174,52,0.83,"Mya arenaria","W-Msc-140430"
-173.5,52,0.82,"Mya arenaria","W-Msc-140430"
-173,52,0.82,"Mya arenaria","W-Msc-140430"
-172.5,52,0.81,"Mya arenaria","W-Msc-140430"
-172,52,0.81,"Mya arenaria","W-Msc-140430"
-171.5,52,0.41,"Mya arenaria","W-Msc-140430"
-171,52,0.84,"Mya arenaria","W-Msc-140430"
-170.5,52,0.36,"Mya arenaria","W-Msc-140430"
-170,52,0.07,"Mya arenaria","W-Msc-140430"
-131.5,52,1,"Mya arenaria","W-Msc-140430"
-131,52,1,"Mya arenaria","W-Msc-140430"
-130.5,52,1,"Mya arenaria","W-Msc-140430"
-130,52,0.33,"Mya arenaria","W-Msc-140430"
-129.5,52,0.5,"Mya arenaria","W-Msc-140430"
-129,52,1,"Mya arenaria","W-Msc-140430"
-128.5,52,1,"Mya arenaria","W-Msc-140430"
-128,52,1,"Mya arenaria","W-Msc-140430"
-127.5,52,1,"Mya arenaria","W-Msc-140430"
-127,52,1,"Mya arenaria","W-Msc-140430"
-81.5,52,0.28,"Mya arenaria","W-Msc-140430"
-81,52,0.26,"Mya arenaria","W-Msc-140430"
-80.5,52,0.21,"Mya arenaria","W-Msc-140430"
-80,52,0.19,"Mya arenaria","W-Msc-140430"
-79.5,52,0.19,"Mya arenaria","W-Msc-140430"
-79,52,0.2,"Mya arenaria","W-Msc-140430"
-78.5,52,0.22,"Mya arenaria","W-Msc-140430"
-78,52,0.25,"Mya arenaria","W-Msc-140430"
-56,52,0.5,"Mya arenaria","W-Msc-140430"
-55.5,52,0.46,"Mya arenaria","W-Msc-140430"
-55,52,0.44,"Mya arenaria","W-Msc-140430"
-54.5,52,0.1,"Mya arenaria","W-Msc-140430"
-54,52,0.08,"Mya arenaria","W-Msc-140430"
-11.5,52,0.19,"Mya arenaria","W-Msc-140430"
-11,52,0.36,"Mya arenaria","W-Msc-140430"
-10.5,52,0.9,"Mya arenaria","W-Msc-140430"
-10,52,0.96,"Mya arenaria","W-Msc-140430"
-9.5,52,1,"Mya arenaria","W-Msc-140430"
-7.5,52,1,"Mya arenaria","W-Msc-140430"
-7,52,1,"Mya arenaria","W-Msc-140430"
-6.5,52,1,"Mya arenaria","W-Msc-140430"
-6,52,1,"Mya arenaria","W-Msc-140430"
-5.5,52,0.85,"Mya arenaria","W-Msc-140430"
-5,52,1,"Mya arenaria","W-Msc-140430"
-4.5,52,1,"Mya arenaria","W-Msc-140430"
-4,52,1,"Mya arenaria","W-Msc-140430"
1.5,52,1,"Mya arenaria","W-Msc-140430"
2,52,1,"Mya arenaria","W-Msc-140430"
2.5,52,1,"Mya arenaria","W-Msc-140430"
3,52,0.97,"Mya arenaria","W-Msc-140430"
3.5,52,0.99,"Mya arenaria","W-Msc-140430"
4,52,1,"Mya arenaria","W-Msc-140430"
4.5,52,0.78,"Mya arenaria","W-Msc-140430"
5,52,0.87,"Mya arenaria","W-Msc-140430"
5.5,52,0.86,"Mya arenaria","W-Msc-140430"
6,52,0.94,"Mya arenaria","W-Msc-140430"
141.5,52,0.34,"Mya arenaria","W-Msc-140430"
142,52,0.41,"Mya arenaria","W-Msc-140430"
143.5,52,0.49,"Mya arenaria","W-Msc-140430"
144,52,0.27,"Mya arenaria","W-Msc-140430"
144.5,52,0.25,"Mya arenaria","W-Msc-140430"
156,52,0.17,"Mya arenaria","W-Msc-140430"
156.5,52,0.72,"Mya arenaria","W-Msc-140430"
157,52,0.73,"Mya arenaria","W-Msc-140430"
158.5,52,0.75,"Mya arenaria","W-Msc-140430"
159,52,0.76,"Mya arenaria","W-Msc-140430"
173.5,52,0.84,"Mya arenaria","W-Msc-140430"
174,52,0.83,"Mya arenaria","W-Msc-140430"
175.5,52,0.03,"Mya arenaria","W-Msc-140430"
176,52,0.81,"Mya arenaria","W-Msc-140430"
176.5,52,0.8,"Mya arenaria","W-Msc-140430"
177,52,0.81,"Mya arenaria","W-Msc-140430"
177.5,52,0.81,"Mya arenaria","W-Msc-140430"
178,52,0.8,"Mya arenaria","W-Msc-140430"
178.5,52,0.8,"Mya arenaria","W-Msc-140430"
179,52,0.79,"Mya arenaria","W-Msc-140430"
179.5,52,0.78,"Mya arenaria","W-Msc-140430"
-179,51.5,0.7,"Mya arenaria","W-Msc-140430"
-178.5,51.5,0.79,"Mya arenaria","W-Msc-140430"
-178,51.5,0.8,"Mya arenaria","W-Msc-140430"
-177.5,51.5,0.8,"Mya arenaria","W-Msc-140430"
-177,51.5,0.81,"Mya arenaria","W-Msc-140430"
-176.5,51.5,0.83,"Mya arenaria","W-Msc-140430"
-176,51.5,0.82,"Mya arenaria","W-Msc-140430"
-175.5,51.5,0.83,"Mya arenaria","W-Msc-140430"
-175,51.5,0.84,"Mya arenaria","W-Msc-140430"
-174.5,51.5,0.84,"Mya arenaria","W-Msc-140430"
-174,51.5,0.85,"Mya arenaria","W-Msc-140430"
-173.5,51.5,0.61,"Mya arenaria","W-Msc-140430"
-173,51.5,0.86,"Mya arenaria","W-Msc-140430"
-172.5,51.5,0.8,"Mya arenaria","W-Msc-140430"
-172,51.5,0.2,"Mya arenaria","W-Msc-140430"
-171.5,51.5,0.27,"Mya arenaria","W-Msc-140430"
-131,51.5,1,"Mya arenaria","W-Msc-140430"
-130.5,51.5,1,"Mya arenaria","W-Msc-140430"
-130,51.5,0.3,"Mya arenaria","W-Msc-140430"
-129.5,51.5,0.55,"Mya arenaria","W-Msc-140430"
-129,51.5,0.87,"Mya arenaria","W-Msc-140430"
-128.5,51.5,0.94,"Mya arenaria","W-Msc-140430"
-128,51.5,1,"Mya arenaria","W-Msc-140430"
-127.5,51.5,1,"Mya arenaria","W-Msc-140430"
-127,51.5,1,"Mya arenaria","W-Msc-140430"
-80.5,51.5,0.29,"Mya arenaria","W-Msc-140430"
-80,51.5,0.25,"Mya arenaria","W-Msc-140430"
-79.5,51.5,0.24,"Mya arenaria","W-Msc-140430"
-79,51.5,0.27,"Mya arenaria","W-Msc-140430"
-78.5,51.5,0.25,"Mya arenaria","W-Msc-140430"
-57,51.5,0.62,"Mya arenaria","W-Msc-140430"
-56.5,51.5,0.58,"Mya arenaria","W-Msc-140430"
-56,51.5,0.52,"Mya arenaria","W-Msc-140430"
-55.5,51.5,0.5,"Mya arenaria","W-Msc-140430"
-55,51.5,0.48,"Mya arenaria","W-Msc-140430"
-54.5,51.5,0.27,"Mya arenaria","W-Msc-140430"
-54,51.5,0.02,"Mya arenaria","W-Msc-140430"
-11,51.5,0.27,"Mya arenaria","W-Msc-140430"
-10.5,51.5,0.78,"Mya arenaria","W-Msc-140430"
-10,51.5,0.96,"Mya arenaria","W-Msc-140430"
-9.5,51.5,0.96,"Mya arenaria","W-Msc-140430"
-9,51.5,0.99,"Mya arenaria","W-Msc-140430"
-8.5,51.5,1,"Mya arenaria","W-Msc-140430"
-8,51.5,1,"Mya arenaria","W-Msc-140430"
-7.5,51.5,1,"Mya arenaria","W-Msc-140430"
-7,51.5,0.88,"Mya arenaria","W-Msc-140430"
-6.5,51.5,0.85,"Mya arenaria","W-Msc-140430"
-6,51.5,0.81,"Mya arenaria","W-Msc-140430"
-5.5,51.5,0.88,"Mya arenaria","W-Msc-140430"
-5,51.5,1,"Mya arenaria","W-Msc-140430"
-4.5,51.5,1,"Mya arenaria","W-Msc-140430"
-4,51.5,1,"Mya arenaria","W-Msc-140430"
-3.5,51.5,1,"Mya arenaria","W-Msc-140430"
-3,51.5,1,"Mya arenaria","W-Msc-140430"
-2.5,51.5,1,"Mya arenaria","W-Msc-140430"
-2,51.5,1,"Mya arenaria","W-Msc-140430"
1,51.5,1,"Mya arenaria","W-Msc-140430"
1.5,51.5,1,"Mya arenaria","W-Msc-140430"
2,51.5,1,"Mya arenaria","W-Msc-140430"
2.5,51.5,0.98,"Mya arenaria","W-Msc-140430"
3,51.5,0.99,"Mya arenaria","W-Msc-140430"
3.5,51.5,1,"Mya arenaria","W-Msc-140430"
4,51.5,0.94,"Mya arenaria","W-Msc-140430"
4.5,51.5,0.86,"Mya arenaria","W-Msc-140430"
5,51.5,0.88,"Mya arenaria","W-Msc-140430"
141,51.5,0.63,"Mya arenaria","W-Msc-140430"
141.5,51.5,0.6,"Mya arenaria","W-Msc-140430"
142,51.5,0.52,"Mya arenaria","W-Msc-140430"
142.5,51.5,0.55,"Mya arenaria","W-Msc-140430"
143.5,51.5,0.48,"Mya arenaria","W-Msc-140430"
144,51.5,0.42,"Mya arenaria","W-Msc-140430"
156,51.5,0.11,"Mya arenaria","W-Msc-140430"
156.5,51.5,0.73,"Mya arenaria","W-Msc-140430"
157,51.5,0.71,"Mya arenaria","W-Msc-140430"
158,51.5,0.72,"Mya arenaria","W-Msc-140430"
158.5,51.5,0.73,"Mya arenaria","W-Msc-140430"
159,51.5,0.74,"Mya arenaria","W-Msc-140430"
176,51.5,0.81,"Mya arenaria","W-Msc-140430"
176.5,51.5,0.73,"Mya arenaria","W-Msc-140430"
177,51.5,0.56,"Mya arenaria","W-Msc-140430"
177.5,51.5,0.8,"Mya arenaria","W-Msc-140430"
178,51.5,0.79,"Mya arenaria","W-Msc-140430"
178.5,51.5,0.78,"Mya arenaria","W-Msc-140430"
179,51.5,0.77,"Mya arenaria","W-Msc-140430"
179.5,51.5,0.77,"Mya arenaria","W-Msc-140430"
-179,51,0.82,"Mya arenaria","W-Msc-140430"
-178.5,51,0.83,"Mya arenaria","W-Msc-140430"
-178,51,0.77,"Mya arenaria","W-Msc-140430"
-176.5,51,0.16,"Mya arenaria","W-Msc-140430"
-129.5,51,0.28,"Mya arenaria","W-Msc-140430"
-129,51,0.75,"Mya arenaria","W-Msc-140430"
-128.5,51,0.77,"Mya arenaria","W-Msc-140430"
-128,51,1,"Mya arenaria","W-Msc-140430"
-127.5,51,1,"Mya arenaria","W-Msc-140430"
-127,51,1,"Mya arenaria","W-Msc-140430"
-126.5,51,1,"Mya arenaria","W-Msc-140430"
-125.5,51,1,"Mya arenaria","W-Msc-140430"
-80.5,51,0.29,"Mya arenaria","W-Msc-140430"
-80,51,0.23,"Mya arenaria","W-Msc-140430"
-79.5,51,0.19,"Mya arenaria","W-Msc-140430"
-79,51,0.26,"Mya arenaria","W-Msc-140430"
-78.5,51,0.27,"Mya arenaria","W-Msc-140430"
-58.5,51,0.71,"Mya arenaria","W-Msc-140430"
-58,51,0.72,"Mya arenaria","W-Msc-140430"
-57.5,51,0.72,"Mya arenaria","W-Msc-140430"
-57,51,0.68,"Mya arenaria","W-Msc-140430"
-56.5,51,0.63,"Mya arenaria","W-Msc-140430"
-56,51,0.59,"Mya arenaria","W-Msc-140430"
-55.5,51,0.58,"Mya arenaria","W-Msc-140430"
-55,51,0.54,"Mya arenaria","W-Msc-140430"
-54.5,51,0.12,"Mya arenaria","W-Msc-140430"
-53.5,51,0.01,"Mya arenaria","W-Msc-140430"
-11,51,0.17,"Mya arenaria","W-Msc-140430"
-10.5,51,0.26,"Mya arenaria","W-Msc-140430"
-10,51,0.64,"Mya arenaria","W-Msc-140430"
-9.5,51,0.94,"Mya arenaria","W-Msc-140430"
-9,51,0.95,"Mya arenaria","W-Msc-140430"
-8.5,51,0.73,"Mya arenaria","W-Msc-140430"
-8,51,0.65,"Mya arenaria","W-Msc-140430"
-7.5,51,0.58,"Mya arenaria","W-Msc-140430"
-7,51,0.64,"Mya arenaria","W-Msc-140430"
-6.5,51,0.7,"Mya arenaria","W-Msc-140430"
-6,51,0.63,"Mya arenaria","W-Msc-140430"
-5.5,51,0.7,"Mya arenaria","W-Msc-140430"
-5,51,0.83,"Mya arenaria","W-Msc-140430"
-4.5,51,1,"Mya arenaria","W-Msc-140430"
-4,51,1,"Mya arenaria","W-Msc-140430"
-3.5,51,0.82,"Mya arenaria","W-Msc-140430"
-3,51,1,"Mya arenaria","W-Msc-140430"
-2.5,51,1,"Mya arenaria","W-Msc-140430"
0.5,51,1,"Mya arenaria","W-Msc-140430"
1,51,1,"Mya arenaria","W-Msc-140430"
1.5,51,1,"Mya arenaria","W-Msc-140430"
2,51,1,"Mya arenaria","W-Msc-140430"
2.5,51,1,"Mya arenaria","W-Msc-140430"
3,51,1,"Mya arenaria","W-Msc-140430"
3.5,51,1,"Mya arenaria","W-Msc-140430"
4,51,1,"Mya arenaria","W-Msc-140430"
4.5,51,0.98,"Mya arenaria","W-Msc-140430"
141,51,0.78,"Mya arenaria","W-Msc-140430"
141.5,51,0.69,"Mya arenaria","W-Msc-140430"
142,51,0.63,"Mya arenaria","W-Msc-140430"
142.5,51,0.58,"Mya arenaria","W-Msc-140430"
143.5,51,0.5,"Mya arenaria","W-Msc-140430"
144,51,0.47,"Mya arenaria","W-Msc-140430"
156.5,51,0.24,"Mya arenaria","W-Msc-140430"
157,51,0.69,"Mya arenaria","W-Msc-140430"
157.5,51,0.69,"Mya arenaria","W-Msc-140430"
158,51,0.71,"Mya arenaria","W-Msc-140430"
158.5,51,0.53,"Mya arenaria","W-Msc-140430"
159,51,0.21,"Mya arenaria","W-Msc-140430"
179,51,0.3,"Mya arenaria","W-Msc-140430"
179.5,51,0.79,"Mya arenaria","W-Msc-140430"
-129,50.5,1,"Mya arenaria","W-Msc-140430"
-128.5,50.5,1,"Mya arenaria","W-Msc-140430"
-128,50.5,1,"Mya arenaria","W-Msc-140430"
-127.5,50.5,1,"Mya arenaria","W-Msc-140430"
-127,50.5,1,"Mya arenaria","W-Msc-140430"
-126.5,50.5,1,"Mya arenaria","W-Msc-140430"
-126,50.5,1,"Mya arenaria","W-Msc-140430"
-125.5,50.5,0.98,"Mya arenaria","W-Msc-140430"
-125,50.5,1,"Mya arenaria","W-Msc-140430"
-124.5,50.5,1,"Mya arenaria","W-Msc-140430"
-59.5,50.5,0.74,"Mya arenaria","W-Msc-140430"
-59,50.5,0.75,"Mya arenaria","W-Msc-140430"
-58.5,50.5,0.75,"Mya arenaria","W-Msc-140430"
-58,50.5,0.54,"Mya arenaria","W-Msc-140430"
-57.5,50.5,0.66,"Mya arenaria","W-Msc-140430"
-57,50.5,0.78,"Mya arenaria","W-Msc-140430"
-56.5,50.5,0.7,"Mya arenaria","W-Msc-140430"
-56,50.5,0.62,"Mya arenaria","W-Msc-140430"
-55.5,50.5,0.61,"Mya arenaria","W-Msc-140430"
-55,50.5,0.59,"Mya arenaria","W-Msc-140430"
-54.5,50.5,0.13,"Mya arenaria","W-Msc-140430"
-10.5,50.5,0.17,"Mya arenaria","W-Msc-140430"
-10,50.5,0.56,"Mya arenaria","W-Msc-140430"
-9.5,50.5,0.69,"Mya arenaria","W-Msc-140430"
-9,50.5,0.57,"Mya arenaria","W-Msc-140430"
-8.5,50.5,0.63,"Mya arenaria","W-Msc-140430"
-8,50.5,0.7,"Mya arenaria","W-Msc-140430"
-7.5,50.5,0.62,"Mya arenaria","W-Msc-140430"
-7,50.5,0.65,"Mya arenaria","W-Msc-140430"
-6.5,50.5,0.6,"Mya arenaria","W-Msc-140430"
-6,50.5,0.64,"Mya arenaria","W-Msc-140430"
-5.5,50.5,0.73,"Mya arenaria","W-Msc-140430"
-5,50.5,0.88,"Mya arenaria","W-Msc-140430"
-4.5,50.5,1,"Mya arenaria","W-Msc-140430"
-3,50.5,1,"Mya arenaria","W-Msc-140430"
-2.5,50.5,1,"Mya arenaria","W-Msc-140430"
-2,50.5,1,"Mya arenaria","W-Msc-140430"
-1.5,50.5,1,"Mya arenaria","W-Msc-140430"
-1,50.5,1,"Mya arenaria","W-Msc-140430"
-0.5,50.5,1,"Mya arenaria","W-Msc-140430"
0,50.5,1,"Mya arenaria","W-Msc-140430"
0.5,50.5,1,"Mya arenaria","W-Msc-140430"
1,50.5,1,"Mya arenaria","W-Msc-140430"
1.5,50.5,1,"Mya arenaria","W-Msc-140430"
2,50.5,1,"Mya arenaria","W-Msc-140430"
140.5,50.5,0.73,"Mya arenaria","W-Msc-140430"
141,50.5,0.78,"Mya arenaria","W-Msc-140430"
141.5,50.5,0.65,"Mya arenaria","W-Msc-140430"
142.5,50.5,0.61,"Mya arenaria","W-Msc-140430"
144,50.5,0.46,"Mya arenaria","W-Msc-140430"
155.5,50.5,0.54,"Mya arenaria","W-Msc-140430"
156,50.5,0.68,"Mya arenaria","W-Msc-140430"
156.5,50.5,0.66,"Mya arenaria","W-Msc-140430"
157,50.5,0.65,"Mya arenaria","W-Msc-140430"
157.5,50.5,0.44,"Mya arenaria","W-Msc-140430"
158,50.5,0.34,"Mya arenaria","W-Msc-140430"
-128,50,1,"Mya arenaria","W-Msc-140430"
-127.5,50,1,"Mya arenaria","W-Msc-140430"
-127,50,1,"Mya arenaria","W-Msc-140430"
-126,50,1,"Mya arenaria","W-Msc-140430"
-125.5,50,1,"Mya arenaria","W-Msc-140430"
-125,50,0.95,"Mya arenaria","W-Msc-140430"
-124.5,50,0.97,"Mya arenaria","W-Msc-140430"
-124,50,1,"Mya arenaria","W-Msc-140430"
-123.5,50,1,"Mya arenaria","W-Msc-140430"
-66.5,50,0.78,"Mya arenaria","W-Msc-140430"
-66,50,0.8,"Mya arenaria","W-Msc-140430"
-65.5,50,0.83,"Mya arenaria","W-Msc-140430"
-65,50,0.83,"Mya arenaria","W-Msc-140430"
-64.5,50,0.82,"Mya arenaria","W-Msc-140430"
-64,50,0.8,"Mya arenaria","W-Msc-140430"
-63.5,50,0.8,"Mya arenaria","W-Msc-140430"
-63,50,0.83,"Mya arenaria","W-Msc-140430"
-62.5,50,0.84,"Mya arenaria","W-Msc-140430"
-62,50,0.83,"Mya arenaria","W-Msc-140430"
-61.5,50,0.82,"Mya arenaria","W-Msc-140430"
-61,50,0.81,"Mya arenaria","W-Msc-140430"
-60.5,50,0.8,"Mya arenaria","W-Msc-140430"
-60,50,0.79,"Mya arenaria","W-Msc-140430"
-59.5,50,0.78,"Mya arenaria","W-Msc-140430"
-59,50,0.79,"Mya arenaria","W-Msc-140430"
-58.5,50,0.65,"Mya arenaria","W-Msc-140430"
-58,50,0.44,"Mya arenaria","W-Msc-140430"
-57.5,50,0.86,"Mya arenaria","W-Msc-140430"
-57,50,0.8,"Mya arenaria","W-Msc-140430"
-56.5,50,0.73,"Mya arenaria","W-Msc-140430"
-56,50,0.68,"Mya arenaria","W-Msc-140430"
-55.5,50,0.68,"Mya arenaria","W-Msc-140430"
-55,50,0.66,"Mya arenaria","W-Msc-140430"
-54.5,50,0.11,"Mya arenaria","W-Msc-140430"
-54,50,0.02,"Mya arenaria","W-Msc-140430"
-53.5,50,0.13,"Mya arenaria","W-Msc-140430"
-53,50,0.07,"Mya arenaria","W-Msc-140430"
-10.5,50,0.35,"Mya arenaria","W-Msc-140430"
-10,50,0.67,"Mya arenaria","W-Msc-140430"
-9.5,50,0.56,"Mya arenaria","W-Msc-140430"
-9,50,0.76,"Mya arenaria","W-Msc-140430"
-8.5,50,0.65,"Mya arenaria","W-Msc-140430"
-8,50,0.69,"Mya arenaria","W-Msc-140430"
-7.5,50,0.59,"Mya arenaria","W-Msc-140430"
-7,50,0.57,"Mya arenaria","W-Msc-140430"
-6.5,50,0.62,"Mya arenaria","W-Msc-140430"
-6,50,0.9,"Mya arenaria","W-Msc-140430"
-5.5,50,0.93,"Mya arenaria","W-Msc-140430"
-5,50,1,"Mya arenaria","W-Msc-140430"
-4.5,50,1,"Mya arenaria","W-Msc-140430"
-4,50,1,"Mya arenaria","W-Msc-140430"
-3.5,50,0.99,"Mya arenaria","W-Msc-140430"
-3,50,0.99,"Mya arenaria","W-Msc-140430"
-2.5,50,0.89,"Mya arenaria","W-Msc-140430"
-2,50,1,"Mya arenaria","W-Msc-140430"
-1.5,50,1,"Mya arenaria","W-Msc-140430"
-1,50,0.99,"Mya arenaria","W-Msc-140430"
-0.5,50,0.89,"Mya arenaria","W-Msc-140430"
0,50,0.91,"Mya arenaria","W-Msc-140430"
0.5,50,0.92,"Mya arenaria","W-Msc-140430"
1,50,0.94,"Mya arenaria","W-Msc-140430"
1.5,50,1,"Mya arenaria","W-Msc-140430"
2,50,1,"Mya arenaria","W-Msc-140430"
140.5,50,0.77,"Mya arenaria","W-Msc-140430"
141,50,0.76,"Mya arenaria","W-Msc-140430"
142.5,50,0.66,"Mya arenaria","W-Msc-140430"
144,50,0.47,"Mya arenaria","W-Msc-140430"
144.5,50,0.45,"Mya arenaria","W-Msc-140430"
155,50,0.12,"Mya arenaria","W-Msc-140430"
155.5,50,0.66,"Mya arenaria","W-Msc-140430"
156,50,0.67,"Mya arenaria","W-Msc-140430"
156.5,50,0.68,"Mya arenaria","W-Msc-140430"
157,50,0.68,"Mya arenaria","W-Msc-140430"
157.5,50,0.39,"Mya arenaria","W-Msc-140430"
-127.5,49.5,0.77,"Mya arenaria","W-Msc-140430"
-127,49.5,1,"Mya arenaria","W-Msc-140430"
-126.5,49.5,1,"Mya arenaria","W-Msc-140430"
-126,49.5,1,"Mya arenaria","W-Msc-140430"
-125,49.5,1,"Mya arenaria","W-Msc-140430"
-124.5,49.5,1,"Mya arenaria","W-Msc-140430"
-124,49.5,1,"Mya arenaria","W-Msc-140430"
-123.5,49.5,1,"Mya arenaria","W-Msc-140430"
-123,49.5,1,"Mya arenaria","W-Msc-140430"
-67,49.5,0.82,"Mya arenaria","W-Msc-140430"
-66.5,49.5,0.81,"Mya arenaria","W-Msc-140430"
-66,49.5,0.08,"Mya arenaria","W-Msc-140430"
-65,49.5,0.5,"Mya arenaria","W-Msc-140430"
-64.5,49.5,0.77,"Mya arenaria","W-Msc-140430"
-64,49.5,0.84,"Mya arenaria","W-Msc-140430"
-63.5,49.5,0.84,"Mya arenaria","W-Msc-140430"
-63,49.5,0.81,"Mya arenaria","W-Msc-140430"
-62.5,49.5,0.83,"Mya arenaria","W-Msc-140430"
-62,49.5,0.87,"Mya arenaria","W-Msc-140430"
-61.5,49.5,0.67,"Mya arenaria","W-Msc-140430"
-61,49.5,0.61,"Mya arenaria","W-Msc-140430"
-60.5,49.5,0.6,"Mya arenaria","W-Msc-140430"
-60,49.5,0.59,"Mya arenaria","W-Msc-140430"
-59.5,49.5,0.53,"Mya arenaria","W-Msc-140430"
-59,49.5,0.04,"Mya arenaria","W-Msc-140430"
-58.5,49.5,0.47,"Mya arenaria","W-Msc-140430"
-58,49.5,0.92,"Mya arenaria","W-Msc-140430"
-57.5,49.5,0.91,"Mya arenaria","W-Msc-140430"
-56.5,49.5,0.73,"Mya arenaria","W-Msc-140430"
-56,49.5,0.75,"Mya arenaria","W-Msc-140430"
-55.5,49.5,0.77,"Mya arenaria","W-Msc-140430"
-55,49.5,0.77,"Mya arenaria","W-Msc-140430"
-54.5,49.5,0.76,"Mya arenaria","W-Msc-140430"
-54,49.5,0.76,"Mya arenaria","W-Msc-140430"
-53.5,49.5,0.74,"Mya arenaria","W-Msc-140430"
-53,49.5,0.7,"Mya arenaria","W-Msc-140430"
-52.5,49.5,0.08,"Mya arenaria","W-Msc-140430"
-10.5,49.5,0.76,"Mya arenaria","W-Msc-140430"
-10,49.5,0.84,"Mya arenaria","W-Msc-140430"
-9.5,49.5,0.51,"Mya arenaria","W-Msc-140430"
-9,49.5,0.86,"Mya arenaria","W-Msc-140430"
-8.5,49.5,0.8,"Mya arenaria","W-Msc-140430"
-8,49.5,0.69,"Mya arenaria","W-Msc-140430"
-7.5,49.5,0.68,"Mya arenaria","W-Msc-140430"
-7,49.5,0.58,"Mya arenaria","W-Msc-140430"
-6.5,49.5,0.54,"Mya arenaria","W-Msc-140430"
-6,49.5,0.77,"Mya arenaria","W-Msc-140430"
-5.5,49.5,0.54,"Mya arenaria","W-Msc-140430"
-5,49.5,0.85,"Mya arenaria","W-Msc-140430"
-4.5,49.5,0.49,"Mya arenaria","W-Msc-140430"
-4,49.5,0.39,"Mya arenaria","W-Msc-140430"
-3.5,49.5,0.38,"Mya arenaria","W-Msc-140430"
-3,49.5,0.32,"Mya arenaria","W-Msc-140430"
-2.5,49.5,0.31,"Mya arenaria","W-Msc-140430"
-2,49.5,0.36,"Mya arenaria","W-Msc-140430"
-1.5,49.5,0.37,"Mya arenaria","W-Msc-140430"
-1,49.5,0.47,"Mya arenaria","W-Msc-140430"
-0.5,49.5,0.65,"Mya arenaria","W-Msc-140430"
0,49.5,1,"Mya arenaria","W-Msc-140430"
0.5,49.5,1,"Mya arenaria","W-Msc-140430"
1,49.5,1,"Mya arenaria","W-Msc-140430"
1.5,49.5,1,"Mya arenaria","W-Msc-140430"
140.5,49.5,0.82,"Mya arenaria","W-Msc-140430"
141,49.5,0.77,"Mya arenaria","W-Msc-140430"
142.5,49.5,0.75,"Mya arenaria","W-Msc-140430"
144.5,49.5,0.44,"Mya arenaria","W-Msc-140430"
145,49.5,0.45,"Mya arenaria","W-Msc-140430"
145.5,49.5,0.48,"Mya arenaria","W-Msc-140430"
154.5,49.5,0.66,"Mya arenaria","W-Msc-140430"
155,49.5,0.64,"Mya arenaria","W-Msc-140430"
155.5,49.5,0.64,"Mya arenaria","W-Msc-140430"
156,49.5,0.66,"Mya arenaria","W-Msc-140430"
156.5,49.5,0.69,"Mya arenaria","W-Msc-140430"
-127,49,0.29,"Mya arenaria","W-Msc-140430"
-126.5,49,1,"Mya arenaria","W-Msc-140430"
-126,49,1,"Mya arenaria","W-Msc-140430"
-125.5,49,1,"Mya arenaria","W-Msc-140430"
-125,49,1,"Mya arenaria","W-Msc-140430"
-124.5,49,1,"Mya arenaria","W-Msc-140430"
-124,49,1,"Mya arenaria","W-Msc-140430"
-123.5,49,1,"Mya arenaria","W-Msc-140430"
-123,49,1,"Mya arenaria","W-Msc-140430"
-122.5,49,1,"Mya arenaria","W-Msc-140430"
-68.5,49,0.68,"Mya arenaria","W-Msc-140430"
-68,49,0.73,"Mya arenaria","W-Msc-140430"
-67.5,49,0.79,"Mya arenaria","W-Msc-140430"
-67,49,0.76,"Mya arenaria","W-Msc-140430"
-66.5,49,0.7,"Mya arenaria","W-Msc-140430"
-66,49,0.71,"Mya arenaria","W-Msc-140430"
-65.5,49,0.71,"Mya arenaria","W-Msc-140430"
-65,49,0.75,"Mya arenaria","W-Msc-140430"
-64.5,49,0.81,"Mya arenaria","W-Msc-140430"
-64,49,0.86,"Mya arenaria","W-Msc-140430"
-63.5,49,0.9,"Mya arenaria","W-Msc-140430"
-63,49,0.91,"Mya arenaria","W-Msc-140430"
-62.5,49,0.9,"Mya arenaria","W-Msc-140430"
-62,49,0.9,"Mya arenaria","W-Msc-140430"
-61.5,49,0.9,"Mya arenaria","W-Msc-140430"
-61,49,0.82,"Mya arenaria","W-Msc-140430"
-60.5,49,0.55,"Mya arenaria","W-Msc-140430"
-60,49,0.3,"Mya arenaria","W-Msc-140430"
-59.5,49,0.28,"Mya arenaria","W-Msc-140430"
-59,49,0.74,"Mya arenaria","W-Msc-140430"
-58.5,49,0.94,"Mya arenaria","W-Msc-140430"
-58,49,0.95,"Mya arenaria","W-Msc-140430"
-57.5,49,0.92,"Mya arenaria","W-Msc-140430"
-56,49,0.82,"Mya arenaria","W-Msc-140430"
-55.5,49,0.82,"Mya arenaria","W-Msc-140430"
-55,49,0.82,"Mya arenaria","W-Msc-140430"
-54.5,49,0.81,"Mya arenaria","W-Msc-140430"
-54,49,0.8,"Mya arenaria","W-Msc-140430"
-53.5,49,0.79,"Mya arenaria","W-Msc-140430"
-53,49,0.76,"Mya arenaria","W-Msc-140430"
-11,49,0.19,"Mya arenaria","W-Msc-140430"
-10.5,49,0.77,"Mya arenaria","W-Msc-140430"
-10,49,0.84,"Mya arenaria","W-Msc-140430"
-9.5,49,0.54,"Mya arenaria","W-Msc-140430"
-9,49,0.47,"Mya arenaria","W-Msc-140430"
-8.5,49,0.85,"Mya arenaria","W-Msc-140430"
-8,49,0.54,"Mya arenaria","W-Msc-140430"
-7.5,49,0.48,"Mya arenaria","W-Msc-140430"
-7,49,0.6,"Mya arenaria","W-Msc-140430"
-6.5,49,0.66,"Mya arenaria","W-Msc-140430"
-6,49,0.38,"Mya arenaria","W-Msc-140430"
-5.5,49,0.34,"Mya arenaria","W-Msc-140430"
-5,49,0.33,"Mya arenaria","W-Msc-140430"
-4.5,49,0.35,"Mya arenaria","W-Msc-140430"
-4,49,0.31,"Mya arenaria","W-Msc-140430"
-3.5,49,0.39,"Mya arenaria","W-Msc-140430"
-3,49,0.43,"Mya arenaria","W-Msc-140430"
-2.5,49,0.28,"Mya arenaria","W-Msc-140430"
-2,49,0.53,"Mya arenaria","W-Msc-140430"
-1.5,49,1,"Mya arenaria","W-Msc-140430"
-1,49,1,"Mya arenaria","W-Msc-140430"
-0.5,49,1,"Mya arenaria","W-Msc-140430"
0,49,1,"Mya arenaria","W-Msc-140430"
0.5,49,1,"Mya arenaria","W-Msc-140430"
140.5,49,0.87,"Mya arenaria","W-Msc-140430"
141,49,0.87,"Mya arenaria","W-Msc-140430"
142,49,0.82,"Mya arenaria","W-Msc-140430"
142.5,49,0.84,"Mya arenaria","W-Msc-140430"
143,49,0.84,"Mya arenaria","W-Msc-140430"
143.5,49,0.87,"Mya arenaria","W-Msc-140430"
144,49,0.79,"Mya arenaria","W-Msc-140430"
144.5,49,0.56,"Mya arenaria","W-Msc-140430"
145,49,0.49,"Mya arenaria","W-Msc-140430"
145.5,49,0.15,"Mya arenaria","W-Msc-140430"
154,49,0.66,"Mya arenaria","W-Msc-140430"
154.5,49,0.45,"Mya arenaria","W-Msc-140430"
155,49,0.61,"Mya arenaria","W-Msc-140430"
155.5,49,0.18,"Mya arenaria","W-Msc-140430"
156,49,0.47,"Mya arenaria","W-Msc-140430"
-126,48.5,0.73,"Mya arenaria","W-Msc-140430"
-125.5,48.5,1,"Mya arenaria","W-Msc-140430"
-125,48.5,1,"Mya arenaria","W-Msc-140430"
-124.5,48.5,1,"Mya arenaria","W-Msc-140430"
-124,48.5,1,"Mya arenaria","W-Msc-140430"
-123.5,48.5,1,"Mya arenaria","W-Msc-140430"
-123,48.5,1,"Mya arenaria","W-Msc-140430"
-122.5,48.5,1,"Mya arenaria","W-Msc-140430"
-122,48.5,0.95,"Mya arenaria","W-Msc-140430"
-69,48.5,0.64,"Mya arenaria","W-Msc-140430"
-68.5,48.5,0.67,"Mya arenaria","W-Msc-140430"
-68,48.5,0.66,"Mya arenaria","W-Msc-140430"
-67.5,48.5,0.64,"Mya arenaria","W-Msc-140430"
-67,48.5,0.71,"Mya arenaria","W-Msc-140430"
-64,48.5,0.87,"Mya arenaria","W-Msc-140430"
-63.5,48.5,0.79,"Mya arenaria","W-Msc-140430"
-63,48.5,0.44,"Mya arenaria","W-Msc-140430"
-62,48.5,0.43,"Mya arenaria","W-Msc-140430"
-61.5,48.5,0.66,"Mya arenaria","W-Msc-140430"
-61,48.5,0.73,"Mya arenaria","W-Msc-140430"
-60.5,48.5,0.43,"Mya arenaria","W-Msc-140430"
-59.5,48.5,0.57,"Mya arenaria","W-Msc-140430"
-59,48.5,0.99,"Mya arenaria","W-Msc-140430"
-58.5,48.5,0.99,"Mya arenaria","W-Msc-140430"
-58,48.5,0.98,"Mya arenaria","W-Msc-140430"
-54,48.5,0.84,"Mya arenaria","W-Msc-140430"
-53.5,48.5,0.84,"Mya arenaria","W-Msc-140430"
-53,48.5,0.81,"Mya arenaria","W-Msc-140430"
-52.5,48.5,0.76,"Mya arenaria","W-Msc-140430"
-51.5,48.5,0.07,"Mya arenaria","W-Msc-140430"
-51,48.5,0.2,"Mya arenaria","W-Msc-140430"
-50.5,48.5,0.16,"Mya arenaria","W-Msc-140430"
-50,48.5,0.09,"Mya arenaria","W-Msc-140430"
-10.5,48.5,0.28,"Mya arenaria","W-Msc-140430"
-10,48.5,0.32,"Mya arenaria","W-Msc-140430"
-9.5,48.5,0.19,"Mya arenaria","W-Msc-140430"
-9,48.5,0.46,"Mya arenaria","W-Msc-140430"
-8.5,48.5,0.63,"Mya arenaria","W-Msc-140430"
-8,48.5,0.69,"Mya arenaria","W-Msc-140430"
-7.5,48.5,0.51,"Mya arenaria","W-Msc-140430"
-7,48.5,0.52,"Mya arenaria","W-Msc-140430"
-6.5,48.5,0.45,"Mya arenaria","W-Msc-140430"
-6,48.5,0.45,"Mya arenaria","W-Msc-140430"
-5.5,48.5,0.5,"Mya arenaria","W-Msc-140430"
-5,48.5,0.67,"Mya arenaria","W-Msc-140430"
-4.5,48.5,0.82,"Mya arenaria","W-Msc-140430"
-4,48.5,0.93,"Mya arenaria","W-Msc-140430"
-3.5,48.5,0.94,"Mya arenaria","W-Msc-140430"
-3,48.5,0.97,"Mya arenaria","W-Msc-140430"
-2.5,48.5,1,"Mya arenaria","W-Msc-140430"
-2,48.5,1,"Mya arenaria","W-Msc-140430"
-1.5,48.5,1,"Mya arenaria","W-Msc-140430"
-1,48.5,1,"Mya arenaria","W-Msc-140430"
140.5,48.5,0.95,"Mya arenaria","W-Msc-140430"
141,48.5,0.77,"Mya arenaria","W-Msc-140430"
142,48.5,0.92,"Mya arenaria","W-Msc-140430"
142.5,48.5,0.89,"Mya arenaria","W-Msc-140430"
143,48.5,0.87,"Mya arenaria","W-Msc-140430"
143.5,48.5,0.85,"Mya arenaria","W-Msc-140430"
144,48.5,0.3,"Mya arenaria","W-Msc-140430"
144.5,48.5,0.68,"Mya arenaria","W-Msc-140430"
145,48.5,0.57,"Mya arenaria","W-Msc-140430"
145.5,48.5,0.05,"Mya arenaria","W-Msc-140430"
154,48.5,0.63,"Mya arenaria","W-Msc-140430"
154.5,48.5,0.61,"Mya arenaria","W-Msc-140430"
155,48.5,0.52,"Mya arenaria","W-Msc-140430"
155.5,48.5,0.53,"Mya arenaria","W-Msc-140430"
-125.5,48,0.5,"Mya arenaria","W-Msc-140430"
-125,48,0.55,"Mya arenaria","W-Msc-140430"
-124.5,48,1,"Mya arenaria","W-Msc-140430"
-124,48,1,"Mya arenaria","W-Msc-140430"
-123.5,48,1,"Mya arenaria","W-Msc-140430"
-123,48,1,"Mya arenaria","W-Msc-140430"
-122.5,48,0.97,"Mya arenaria","W-Msc-140430"
-122,48,0.87,"Mya arenaria","W-Msc-140430"
-69.5,48,0.64,"Mya arenaria","W-Msc-140430"
-69,48,0.55,"Mya arenaria","W-Msc-140430"
-68.5,48,0.64,"Mya arenaria","W-Msc-140430"
-66.5,48,0.82,"Mya arenaria","W-Msc-140430"
-66,48,0.88,"Mya arenaria","W-Msc-140430"
-65.5,48,0.92,"Mya arenaria","W-Msc-140430"
-65,48,0.94,"Mya arenaria","W-Msc-140430"
-64.5,48,0.99,"Mya arenaria","W-Msc-140430"
-64,48,0.97,"Mya arenaria","W-Msc-140430"
-63.5,48,0.79,"Mya arenaria","W-Msc-140430"
-63,48,0.89,"Mya arenaria","W-Msc-140430"
-62.5,48,0.76,"Mya arenaria","W-Msc-140430"
-62,48,0.77,"Mya arenaria","W-Msc-140430"
-61.5,48,0.78,"Mya arenaria","W-Msc-140430"
-61,48,0.78,"Mya arenaria","W-Msc-140430"
-60.5,48,0.37,"Mya arenaria","W-Msc-140430"
-59.5,48,0.48,"Mya arenaria","W-Msc-140430"
-59,48,1,"Mya arenaria","W-Msc-140430"
-58.5,48,1,"Mya arenaria","W-Msc-140430"
-58,48,1,"Mya arenaria","W-Msc-140430"
-54,48,0.9,"Mya arenaria","W-Msc-140430"
-53.5,48,0.88,"Mya arenaria","W-Msc-140430"
-53,48,0.85,"Mya arenaria","W-Msc-140430"
-52.5,48,0.81,"Mya arenaria","W-Msc-140430"
-52,48,0.13,"Mya arenaria","W-Msc-140430"
-51.5,48,0.31,"Mya arenaria","W-Msc-140430"
-51,48,0.43,"Mya arenaria","W-Msc-140430"
-50.5,48,0.31,"Mya arenaria","W-Msc-140430"
-50,48,0.24,"Mya arenaria","W-Msc-140430"
-49.5,48,0.16,"Mya arenaria","W-Msc-140430"
-9,48,0.29,"Mya arenaria","W-Msc-140430"
-8.5,48,0.23,"Mya arenaria","W-Msc-140430"
-8,48,0.28,"Mya arenaria","W-Msc-140430"
-7.5,48,0.28,"Mya arenaria","W-Msc-140430"
-7,48,0.45,"Mya arenaria","W-Msc-140430"
-6.5,48,0.81,"Mya arenaria","W-Msc-140430"
-6,48,0.75,"Mya arenaria","W-Msc-140430"
-5.5,48,0.67,"Mya arenaria","W-Msc-140430"
-5,48,0.89,"Mya arenaria","W-Msc-140430"
-4.5,48,0.91,"Mya arenaria","W-Msc-140430"
-4,48,0.92,"Mya arenaria","W-Msc-140430"
140,48,1,"Mya arenaria","W-Msc-140430"
140.5,48,1,"Mya arenaria","W-Msc-140430"
141,48,0.81,"Mya arenaria","W-Msc-140430"
141.5,48,0.52,"Mya arenaria","W-Msc-140430"
142,48,0.69,"Mya arenaria","W-Msc-140430"
142.5,48,0.94,"Mya arenaria","W-Msc-140430"
143,48,0.85,"Mya arenaria","W-Msc-140430"
143.5,48,0.05,"Mya arenaria","W-Msc-140430"
144,48,0.12,"Mya arenaria","W-Msc-140430"
145,48,0.31,"Mya arenaria","W-Msc-140430"
145.5,48,0.03,"Mya arenaria","W-Msc-140430"
153.5,48,0.65,"Mya arenaria","W-Msc-140430"
154,48,0.62,"Mya arenaria","W-Msc-140430"
154.5,48,0.01,"Mya arenaria","W-Msc-140430"
155,48,0.61,"Mya arenaria","W-Msc-140430"
155.5,48,0.29,"Mya arenaria","W-Msc-140430"
-125,47.5,0.38,"Mya arenaria","W-Msc-140430"
-124.5,47.5,0.99,"Mya arenaria","W-Msc-140430"
-124,47.5,0.95,"Mya arenaria","W-Msc-140430"
-123,47.5,0.69,"Mya arenaria","W-Msc-140430"
-122.5,47.5,0.46,"Mya arenaria","W-Msc-140430"
-122,47.5,0.78,"Mya arenaria","W-Msc-140430"
-70,47.5,0.7,"Mya arenaria","W-Msc-140430"
-69.5,47.5,0.61,"Mya arenaria","W-Msc-140430"
-69,47.5,0.66,"Mya arenaria","W-Msc-140430"
-66,47.5,0.93,"Mya arenaria","W-Msc-140430"
-65.5,47.5,0.97,"Mya arenaria","W-Msc-140430"
-65,47.5,0.96,"Mya arenaria","W-Msc-140430"
-64.5,47.5,0.97,"Mya arenaria","W-Msc-140430"
-64,47.5,0.98,"Mya arenaria","W-Msc-140430"
-63.5,47.5,0.99,"Mya arenaria","W-Msc-140430"
-63,47.5,0.88,"Mya arenaria","W-Msc-140430"
-62.5,47.5,0.87,"Mya arenaria","W-Msc-140430"
-62,47.5,0.97,"Mya arenaria","W-Msc-140430"
-61.5,47.5,1,"Mya arenaria","W-Msc-140430"
-61,47.5,1,"Mya arenaria","W-Msc-140430"
-60.5,47.5,0.95,"Mya arenaria","W-Msc-140430"
-60,47.5,0.59,"Mya arenaria","W-Msc-140430"
-59,47.5,1,"Mya arenaria","W-Msc-140430"
-58.5,47.5,1,"Mya arenaria","W-Msc-140430"
-58,47.5,1,"Mya arenaria","W-Msc-140430"
-57.5,47.5,1,"Mya arenaria","W-Msc-140430"
-57,47.5,1,"Mya arenaria","W-Msc-140430"
-56.5,47.5,1,"Mya arenaria","W-Msc-140430"
-56,47.5,1,"Mya arenaria","W-Msc-140430"
-55.5,47.5,0.99,"Mya arenaria","W-Msc-140430"
-55,47.5,0.97,"Mya arenaria","W-Msc-140430"
-54.5,47.5,0.96,"Mya arenaria","W-Msc-140430"
-54,47.5,0.96,"Mya arenaria","W-Msc-140430"
-53.5,47.5,0.92,"Mya arenaria","W-Msc-140430"
-53,47.5,0.89,"Mya arenaria","W-Msc-140430"
-52.5,47.5,0.86,"Mya arenaria","W-Msc-140430"
-52,47.5,0.18,"Mya arenaria","W-Msc-140430"
-51.5,47.5,0.24,"Mya arenaria","W-Msc-140430"
-51,47.5,0.35,"Mya arenaria","W-Msc-140430"
-50.5,47.5,0.4,"Mya arenaria","W-Msc-140430"
-50,47.5,0.45,"Mya arenaria","W-Msc-140430"
-49.5,47.5,0.52,"Mya arenaria","W-Msc-140430"
-49,47.5,0.42,"Mya arenaria","W-Msc-140430"
-48.5,47.5,0.3,"Mya arenaria","W-Msc-140430"
-48,47.5,0.1,"Mya arenaria","W-Msc-140430"
-7.5,47.5,0.05,"Mya arenaria","W-Msc-140430"
-7,47.5,0.63,"Mya arenaria","W-Msc-140430"
-6.5,47.5,0.28,"Mya arenaria","W-Msc-140430"
-6,47.5,0.5,"Mya arenaria","W-Msc-140430"
-5.5,47.5,0.33,"Mya arenaria","W-Msc-140430"
-5,47.5,0.73,"Mya arenaria","W-Msc-140430"
-4.5,47.5,0.91,"Mya arenaria","W-Msc-140430"
-4,47.5,0.94,"Mya arenaria","W-Msc-140430"
-3.5,47.5,0.98,"Mya arenaria","W-Msc-140430"
-3,47.5,1,"Mya arenaria","W-Msc-140430"
-2.5,47.5,1,"Mya arenaria","W-Msc-140430"
-2,47.5,1,"Mya arenaria","W-Msc-140430"
139.5,47.5,1,"Mya arenaria","W-Msc-140430"
140,47.5,1,"Mya arenaria","W-Msc-140430"
141.5,47.5,0.08,"Mya arenaria","W-Msc-140430"
142,47.5,0.9,"Mya arenaria","W-Msc-140430"
142.5,47.5,0.97,"Mya arenaria","W-Msc-140430"
143,47.5,0.83,"Mya arenaria","W-Msc-140430"
143.5,47.5,0.46,"Mya arenaria","W-Msc-140430"
153,47.5,0.66,"Mya arenaria","W-Msc-140430"
153.5,47.5,0.66,"Mya arenaria","W-Msc-140430"
-124.5,47,1,"Mya arenaria","W-Msc-140430"
-124,47,0.69,"Mya arenaria","W-Msc-140430"
-123,47,0.44,"Mya arenaria","W-Msc-140430"
-122.5,47,0.46,"Mya arenaria","W-Msc-140430"
-122,47,0.71,"Mya arenaria","W-Msc-140430"
-70.5,47,0.76,"Mya arenaria","W-Msc-140430"
-70,47,0.73,"Mya arenaria","W-Msc-140430"
-65,47,0.98,"Mya arenaria","W-Msc-140430"
-64.5,47,0.99,"Mya arenaria","W-Msc-140430"
-64,47,0.99,"Mya arenaria","W-Msc-140430"
-63.5,47,0.99,"Mya arenaria","W-Msc-140430"
-63,47,0.87,"Mya arenaria","W-Msc-140430"
-62.5,47,0.86,"Mya arenaria","W-Msc-140430"
-62,47,0.99,"Mya arenaria","W-Msc-140430"
-61.5,47,1,"Mya arenaria","W-Msc-140430"
-61,47,1,"Mya arenaria","W-Msc-140430"
-60.5,47,1,"Mya arenaria","W-Msc-140430"
-60,47,1,"Mya arenaria","W-Msc-140430"
-59.5,47,0.12,"Mya arenaria","W-Msc-140430"
-58.5,47,0.36,"Mya arenaria","W-Msc-140430"
-58,47,0.49,"Mya arenaria","W-Msc-140430"
-57.5,47,0.74,"Mya arenaria","W-Msc-140430"
-57,47,0.81,"Mya arenaria","W-Msc-140430"
-56.5,47,0.61,"Mya arenaria","W-Msc-140430"
-56,47,1,"Mya arenaria","W-Msc-140430"
-55.5,47,1,"Mya arenaria","W-Msc-140430"
-55,47,1,"Mya arenaria","W-Msc-140430"
-54.5,47,1,"Mya arenaria","W-Msc-140430"
-54,47,0.99,"Mya arenaria","W-Msc-140430"
-53.5,47,0.94,"Mya arenaria","W-Msc-140430"
-53,47,0.91,"Mya arenaria","W-Msc-140430"
-52.5,47,0.87,"Mya arenaria","W-Msc-140430"
-52,47,0.35,"Mya arenaria","W-Msc-140430"
-51.5,47,0.46,"Mya arenaria","W-Msc-140430"
-51,47,0.48,"Mya arenaria","W-Msc-140430"
-50.5,47,0.48,"Mya arenaria","W-Msc-140430"
-50,47,0.61,"Mya arenaria","W-Msc-140430"
-49.5,47,0.61,"Mya arenaria","W-Msc-140430"
-49,47,0.59,"Mya arenaria","W-Msc-140430"
-48.5,47,0.53,"Mya arenaria","W-Msc-140430"
-48,47,0.4,"Mya arenaria","W-Msc-140430"
-47.5,47,0.27,"Mya arenaria","W-Msc-140430"
-45,47,0.26,"Mya arenaria","W-Msc-140430"
-44.5,47,0.35,"Mya arenaria","W-Msc-140430"
-44,47,0.31,"Mya arenaria","W-Msc-140430"
-6,47,0.3,"Mya arenaria","W-Msc-140430"
-5.5,47,0.34,"Mya arenaria","W-Msc-140430"
-5,47,0.52,"Mya arenaria","W-Msc-140430"
-4.5,47,0.43,"Mya arenaria","W-Msc-140430"
-4,47,0.49,"Mya arenaria","W-Msc-140430"
-3.5,47,0.59,"Mya arenaria","W-Msc-140430"
-3,47,1,"Mya arenaria","W-Msc-140430"
-2.5,47,1,"Mya arenaria","W-Msc-140430"
-2,47,0.75,"Mya arenaria","W-Msc-140430"
-1.5,47,1,"Mya arenaria","W-Msc-140430"
37.5,47,1,"Mya arenaria","W-Msc-140430"
38,47,1,"Mya arenaria","W-Msc-140430"
38.5,47,1,"Mya arenaria","W-Msc-140430"
39,47,1,"Mya arenaria","W-Msc-140430"
39.5,47,1,"Mya arenaria","W-Msc-140430"
139,47,1,"Mya arenaria","W-Msc-140430"
139.5,47,1,"Mya arenaria","W-Msc-140430"
142,47,1,"Mya arenaria","W-Msc-140430"
142.5,47,0.98,"Mya arenaria","W-Msc-140430"
143,47,0.9,"Mya arenaria","W-Msc-140430"
143.5,47,0.76,"Mya arenaria","W-Msc-140430"
152.5,47,0.68,"Mya arenaria","W-Msc-140430"
153,47,0.69,"Mya arenaria","W-Msc-140430"
-130.5,46.5,0.41,"Mya arenaria","W-Msc-140430"
-124.5,46.5,0.71,"Mya arenaria","W-Msc-140430"
-124,46.5,0.51,"Mya arenaria","W-Msc-140430"
-123.5,46.5,0.39,"Mya arenaria","W-Msc-140430"
-71,46.5,0.8,"Mya arenaria","W-Msc-140430"
-70.5,46.5,0.79,"Mya arenaria","W-Msc-140430"
-64.5,46.5,0.98,"Mya arenaria","W-Msc-140430"
-64,46.5,0.98,"Mya arenaria","W-Msc-140430"
-63.5,46.5,0.99,"Mya arenaria","W-Msc-140430"
-63,46.5,0.99,"Mya arenaria","W-Msc-140430"
-62.5,46.5,0.99,"Mya arenaria","W-Msc-140430"
-62,46.5,0.99,"Mya arenaria","W-Msc-140430"
-61.5,46.5,1,"Mya arenaria","W-Msc-140430"
-61,46.5,0.98,"Mya arenaria","W-Msc-140430"
-60.5,46.5,1,"Mya arenaria","W-Msc-140430"
-60,46.5,1,"Mya arenaria","W-Msc-140430"
-59.5,46.5,0.81,"Mya arenaria","W-Msc-140430"
-59,46.5,0.65,"Mya arenaria","W-Msc-140430"
-57.5,46.5,0.56,"Mya arenaria","W-Msc-140430"
-57,46.5,1,"Mya arenaria","W-Msc-140430"
-56.5,46.5,0.95,"Mya arenaria","W-Msc-140430"
-56,46.5,1,"Mya arenaria","W-Msc-140430"
-55.5,46.5,1,"Mya arenaria","W-Msc-140430"
-55,46.5,1,"Mya arenaria","W-Msc-140430"
-54.5,46.5,0.59,"Mya arenaria","W-Msc-140430"
-54,46.5,0.97,"Mya arenaria","W-Msc-140430"
-53.5,46.5,0.96,"Mya arenaria","W-Msc-140430"
-53,46.5,0.93,"Mya arenaria","W-Msc-140430"
-52.5,46.5,0.91,"Mya arenaria","W-Msc-140430"
-52,46.5,0.6,"Mya arenaria","W-Msc-140430"
-51.5,46.5,0.58,"Mya arenaria","W-Msc-140430"
-51,46.5,0.66,"Mya arenaria","W-Msc-140430"
-50.5,46.5,0.7,"Mya arenaria","W-Msc-140430"
-50,46.5,0.67,"Mya arenaria","W-Msc-140430"
-49.5,46.5,0.72,"Mya arenaria","W-Msc-140430"
-49,46.5,0.74,"Mya arenaria","W-Msc-140430"
-48.5,46.5,0.68,"Mya arenaria","W-Msc-140430"
-48,46.5,0.5,"Mya arenaria","W-Msc-140430"
-47.5,46.5,0.38,"Mya arenaria","W-Msc-140430"
-47,46.5,0.17,"Mya arenaria","W-Msc-140430"
-45,46.5,0.16,"Mya arenaria","W-Msc-140430"
-44.5,46.5,0.38,"Mya arenaria","W-Msc-140430"
-44,46.5,0.35,"Mya arenaria","W-Msc-140430"
-5,46.5,0.18,"Mya arenaria","W-Msc-140430"
-4.5,46.5,0.75,"Mya arenaria","W-Msc-140430"
-4,46.5,0.49,"Mya arenaria","W-Msc-140430"
-3.5,46.5,0.42,"Mya arenaria","W-Msc-140430"
-3,46.5,0.63,"Mya arenaria","W-Msc-140430"
-2.5,46.5,0.92,"Mya arenaria","W-Msc-140430"
-2,46.5,0.98,"Mya arenaria","W-Msc-140430"
-1.5,46.5,0.99,"Mya arenaria","W-Msc-140430"
31,46.5,1,"Mya arenaria","W-Msc-140430"
31.5,46.5,1,"Mya arenaria","W-Msc-140430"
32,46.5,1,"Mya arenaria","W-Msc-140430"
32.5,46.5,1,"Mya arenaria","W-Msc-140430"
35.5,46.5,1,"Mya arenaria","W-Msc-140430"
36,46.5,1,"Mya arenaria","W-Msc-140430"
36.5,46.5,1,"Mya arenaria","W-Msc-140430"
37,46.5,1,"Mya arenaria","W-Msc-140430"
37.5,46.5,1,"Mya arenaria","W-Msc-140430"
38,46.5,1,"Mya arenaria","W-Msc-140430"
38.5,46.5,1,"Mya arenaria","W-Msc-140430"
39,46.5,1,"Mya arenaria","W-Msc-140430"
138.5,46.5,1,"Mya arenaria","W-Msc-140430"
139,46.5,1,"Mya arenaria","W-Msc-140430"
142,46.5,1,"Mya arenaria","W-Msc-140430"
142.5,46.5,1,"Mya arenaria","W-Msc-140430"
143,46.5,0.95,"Mya arenaria","W-Msc-140430"
143.5,46.5,0.85,"Mya arenaria","W-Msc-140430"
144,46.5,0.77,"Mya arenaria","W-Msc-140430"
151,46.5,0.75,"Mya arenaria","W-Msc-140430"
152,46.5,0.71,"Mya arenaria","W-Msc-140430"
152.5,46.5,0.73,"Mya arenaria","W-Msc-140430"
-124.5,46,0.3,"Mya arenaria","W-Msc-140430"
-124,46,0.3,"Mya arenaria","W-Msc-140430"
-123.5,46,0.23,"Mya arenaria","W-Msc-140430"
-123,46,0.45,"Mya arenaria","W-Msc-140430"
-64.5,46,1,"Mya arenaria","W-Msc-140430"
-64,46,0.96,"Mya arenaria","W-Msc-140430"
-63.5,46,0.96,"Mya arenaria","W-Msc-140430"
-63,46,0.96,"Mya arenaria","W-Msc-140430"
-62.5,46,0.97,"Mya arenaria","W-Msc-140430"
-62,46,0.99,"Mya arenaria","W-Msc-140430"
-61.5,46,0.98,"Mya arenaria","W-Msc-140430"
-61,46,0.99,"Mya arenaria","W-Msc-140430"
-60.5,46,1,"Mya arenaria","W-Msc-140430"
-60,46,1,"Mya arenaria","W-Msc-140430"
-59.5,46,1,"Mya arenaria","W-Msc-140430"
-59,46,0.92,"Mya arenaria","W-Msc-140430"
-58.5,46,0.6,"Mya arenaria","W-Msc-140430"
-57,46,0.9,"Mya arenaria","W-Msc-140430"
-56.5,46,0.96,"Mya arenaria","W-Msc-140430"
-56,46,0.87,"Mya arenaria","W-Msc-140430"
-55.5,46,0.84,"Mya arenaria","W-Msc-140430"
-55,46,0.76,"Mya arenaria","W-Msc-140430"
-54.5,46,0.69,"Mya arenaria","W-Msc-140430"
-54,46,0.69,"Mya arenaria","W-Msc-140430"
-53.5,46,0.69,"Mya arenaria","W-Msc-140430"
-53,46,0.79,"Mya arenaria","W-Msc-140430"
-52.5,46,0.6,"Mya arenaria","W-Msc-140430"
-52,46,0.76,"Mya arenaria","W-Msc-140430"
-51.5,46,0.78,"Mya arenaria","W-Msc-140430"
-51,46,0.77,"Mya arenaria","W-Msc-140430"
-50.5,46,0.84,"Mya arenaria","W-Msc-140430"
-50,46,0.75,"Mya arenaria","W-Msc-140430"
-49.5,46,0.77,"Mya arenaria","W-Msc-140430"
-49,46,0.79,"Mya arenaria","W-Msc-140430"
-48.5,46,0.75,"Mya arenaria","W-Msc-140430"
-48,46,0.62,"Mya arenaria","W-Msc-140430"
-47.5,46,0.41,"Mya arenaria","W-Msc-140430"
-47,46,0.08,"Mya arenaria","W-Msc-140430"
-4.5,46,0.53,"Mya arenaria","W-Msc-140430"
-4,46,0.61,"Mya arenaria","W-Msc-140430"
-3.5,46,0.73,"Mya arenaria","W-Msc-140430"
-3,46,0.5,"Mya arenaria","W-Msc-140430"
-2.5,46,0.75,"Mya arenaria","W-Msc-140430"
-2,46,0.86,"Mya arenaria","W-Msc-140430"
-1.5,46,0.93,"Mya arenaria","W-Msc-140430"
-1,46,0.94,"Mya arenaria","W-Msc-140430"
30.5,46,1,"Mya arenaria","W-Msc-140430"
31,46,1,"Mya arenaria","W-Msc-140430"
31.5,46,1,"Mya arenaria","W-Msc-140430"
32,46,1,"Mya arenaria","W-Msc-140430"
32.5,46,1,"Mya arenaria","W-Msc-140430"
33,46,1,"Mya arenaria","W-Msc-140430"
33.5,46,0.99,"Mya arenaria","W-Msc-140430"
34,46,0.99,"Mya arenaria","W-Msc-140430"
35,46,0.99,"Mya arenaria","W-Msc-140430"
35.5,46,1,"Mya arenaria","W-Msc-140430"
36,46,1,"Mya arenaria","W-Msc-140430"
36.5,46,1,"Mya arenaria","W-Msc-140430"
37,46,1,"Mya arenaria","W-Msc-140430"
37.5,46,0.99,"Mya arenaria","W-Msc-140430"
38,46,0.99,"Mya arenaria","W-Msc-140430"
38.5,46,0.98,"Mya arenaria","W-Msc-140430"
39,46,0.97,"Mya arenaria","W-Msc-140430"
138,46,1,"Mya arenaria","W-Msc-140430"
138.5,46,1,"Mya arenaria","W-Msc-140430"
141.5,46,1,"Mya arenaria","W-Msc-140430"
142,46,1,"Mya arenaria","W-Msc-140430"
142.5,46,1,"Mya arenaria","W-Msc-140430"
143,46,1,"Mya arenaria","W-Msc-140430"
143.5,46,1,"Mya arenaria","W-Msc-140430"
144,46,0.85,"Mya arenaria","W-Msc-140430"
150,46,0.83,"Mya arenaria","W-Msc-140430"
150.5,46,0.78,"Mya arenaria","W-Msc-140430"
151,46,0.75,"Mya arenaria","W-Msc-140430"
-124.5,45.5,0.32,"Mya arenaria","W-Msc-140430"
-124,45.5,0.53,"Mya arenaria","W-Msc-140430"
-123.5,45.5,0.46,"Mya arenaria","W-Msc-140430"
-65,45.5,1,"Mya arenaria","W-Msc-140430"
-64.5,45.5,1,"Mya arenaria","W-Msc-140430"
-64,45.5,1,"Mya arenaria","W-Msc-140430"
-63.5,45.5,0.98,"Mya arenaria","W-Msc-140430"
-63,45.5,0.96,"Mya arenaria","W-Msc-140430"
-62.5,45.5,0.95,"Mya arenaria","W-Msc-140430"
-62,45.5,0.96,"Mya arenaria","W-Msc-140430"
-61.5,45.5,0.97,"Mya arenaria","W-Msc-140430"
-61,45.5,1,"Mya arenaria","W-Msc-140430"
-60.5,45.5,1,"Mya arenaria","W-Msc-140430"
-60,45.5,1,"Mya arenaria","W-Msc-140430"
-59.5,45.5,1,"Mya arenaria","W-Msc-140430"
-59,45.5,0.88,"Mya arenaria","W-Msc-140430"
-58.5,45.5,0.78,"Mya arenaria","W-Msc-140430"
-58,45.5,0.78,"Mya arenaria","W-Msc-140430"
-57.5,45.5,0.59,"Mya arenaria","W-Msc-140430"
-56.5,45.5,0.91,"Mya arenaria","W-Msc-140430"
-56,45.5,0.93,"Mya arenaria","W-Msc-140430"
-55.5,45.5,1,"Mya arenaria","W-Msc-140430"
-55,45.5,0.81,"Mya arenaria","W-Msc-140430"
-54.5,45.5,0.83,"Mya arenaria","W-Msc-140430"
-54,45.5,0.77,"Mya arenaria","W-Msc-140430"
-53.5,45.5,0.71,"Mya arenaria","W-Msc-140430"
-53,45.5,0.96,"Mya arenaria","W-Msc-140430"
-52.5,45.5,0.94,"Mya arenaria","W-Msc-140430"
-52,45.5,0.86,"Mya arenaria","W-Msc-140430"
-51.5,45.5,0.75,"Mya arenaria","W-Msc-140430"
-51,45.5,1,"Mya arenaria","W-Msc-140430"
-50.5,45.5,1,"Mya arenaria","W-Msc-140430"
-50,45.5,0.78,"Mya arenaria","W-Msc-140430"
-49.5,45.5,0.87,"Mya arenaria","W-Msc-140430"
-49,45.5,0.89,"Mya arenaria","W-Msc-140430"
-48.5,45.5,0.8,"Mya arenaria","W-Msc-140430"
-48,45.5,0.63,"Mya arenaria","W-Msc-140430"
-47.5,45.5,0.37,"Mya arenaria","W-Msc-140430"
-3.5,45.5,0.67,"Mya arenaria","W-Msc-140430"
-3,45.5,0.69,"Mya arenaria","W-Msc-140430"
-2.5,45.5,0.48,"Mya arenaria","W-Msc-140430"
-2,45.5,0.61,"Mya arenaria","W-Msc-140430"
-1.5,45.5,0.82,"Mya arenaria","W-Msc-140430"
-1,45.5,0.9,"Mya arenaria","W-Msc-140430"
-0.5,45.5,0.89,"Mya arenaria","W-Msc-140430"
12.5,45.5,0.43,"Mya arenaria","W-Msc-140430"
13,45.5,0.49,"Mya arenaria","W-Msc-140430"
13.5,45.5,0.6,"Mya arenaria","W-Msc-140430"
14,45.5,0.62,"Mya arenaria","W-Msc-140430"
30,45.5,0.54,"Mya arenaria","W-Msc-140430"
30.5,45.5,0.94,"Mya arenaria","W-Msc-140430"
31,45.5,0.93,"Mya arenaria","W-Msc-140430"
31.5,45.5,0.92,"Mya arenaria","W-Msc-140430"
32,45.5,0.93,"Mya arenaria","W-Msc-140430"
32.5,45.5,0.94,"Mya arenaria","W-Msc-140430"
33,45.5,0.95,"Mya arenaria","W-Msc-140430"
33.5,45.5,0.94,"Mya arenaria","W-Msc-140430"
34,45.5,0.93,"Mya arenaria","W-Msc-140430"
35,45.5,0.96,"Mya arenaria","W-Msc-140430"
35.5,45.5,0.96,"Mya arenaria","W-Msc-140430"
36,45.5,0.96,"Mya arenaria","W-Msc-140430"
36.5,45.5,0.96,"Mya arenaria","W-Msc-140430"
37,45.5,0.95,"Mya arenaria","W-Msc-140430"
37.5,45.5,0.95,"Mya arenaria","W-Msc-140430"
38,45.5,0.9,"Mya arenaria","W-Msc-140430"
137.5,45.5,1,"Mya arenaria","W-Msc-140430"
138,45.5,1,"Mya arenaria","W-Msc-140430"
138.5,45.5,0.01,"Mya arenaria","W-Msc-140430"
141,45.5,0.66,"Mya arenaria","W-Msc-140430"
141.5,45.5,1,"Mya arenaria","W-Msc-140430"
142,45.5,1,"Mya arenaria","W-Msc-140430"
142.5,45.5,1,"Mya arenaria","W-Msc-140430"
143,45.5,1,"Mya arenaria","W-Msc-140430"
143.5,45.5,0.98,"Mya arenaria","W-Msc-140430"
144,45.5,0.93,"Mya arenaria","W-Msc-140430"
149,45.5,0.91,"Mya arenaria","W-Msc-140430"
149.5,45.5,0.85,"Mya arenaria","W-Msc-140430"
150,45.5,0.8,"Mya arenaria","W-Msc-140430"
150.5,45.5,0.78,"Mya arenaria","W-Msc-140430"
-124,45,0.61,"Mya arenaria","W-Msc-140430"
-123.5,45,0.53,"Mya arenaria","W-Msc-140430"
-67,45,1,"Mya arenaria","W-Msc-140430"
-66.5,45,1,"Mya arenaria","W-Msc-140430"
-66,45,1,"Mya arenaria","W-Msc-140430"
-65.5,45,1,"Mya arenaria","W-Msc-140430"
-65,45,1,"Mya arenaria","W-Msc-140430"
-64.5,45,1,"Mya arenaria","W-Msc-140430"
-64,45,1,"Mya arenaria","W-Msc-140430"
-63.5,45,1,"Mya arenaria","W-Msc-140430"
-63,45,1,"Mya arenaria","W-Msc-140430"
-61.5,45,1,"Mya arenaria","W-Msc-140430"
-61,45,1,"Mya arenaria","W-Msc-140430"
-60.5,45,1,"Mya arenaria","W-Msc-140430"
-60,45,0.8,"Mya arenaria","W-Msc-140430"
-59.5,45,0.65,"Mya arenaria","W-Msc-140430"
-59,45,0.66,"Mya arenaria","W-Msc-140430"
-58.5,45,0.72,"Mya arenaria","W-Msc-140430"
-58,45,0.8,"Mya arenaria","W-Msc-140430"
-57.5,45,0.89,"Mya arenaria","W-Msc-140430"
-57,45,0.8,"Mya arenaria","W-Msc-140430"
-56,45,0.86,"Mya arenaria","W-Msc-140430"
-55.5,45,0.88,"Mya arenaria","W-Msc-140430"
-55,45,0.77,"Mya arenaria","W-Msc-140430"
-54.5,45,0.81,"Mya arenaria","W-Msc-140430"
-54,45,0.68,"Mya arenaria","W-Msc-140430"
-53.5,45,0.83,"Mya arenaria","W-Msc-140430"
-53,45,0.87,"Mya arenaria","W-Msc-140430"
-52.5,45,0.72,"Mya arenaria","W-Msc-140430"
-52,45,0.78,"Mya arenaria","W-Msc-140430"
-51.5,45,1,"Mya arenaria","W-Msc-140430"
-51,45,1,"Mya arenaria","W-Msc-140430"
-50.5,45,1,"Mya arenaria","W-Msc-140430"
-50,45,0.95,"Mya arenaria","W-Msc-140430"
-49.5,45,0.84,"Mya arenaria","W-Msc-140430"
-49,45,0.77,"Mya arenaria","W-Msc-140430"
-48.5,45,0.72,"Mya arenaria","W-Msc-140430"
-3,45,0.46,"Mya arenaria","W-Msc-140430"
-2.5,45,0.67,"Mya arenaria","W-Msc-140430"
-2,45,0.75,"Mya arenaria","W-Msc-140430"
-1.5,45,0.64,"Mya arenaria","W-Msc-140430"
-1,45,0.83,"Mya arenaria","W-Msc-140430"
-0.5,45,0.85,"Mya arenaria","W-Msc-140430"
12.5,45,0.12,"Mya arenaria","W-Msc-140430"
13,45,0.48,"Mya arenaria","W-Msc-140430"
13.5,45,0.57,"Mya arenaria","W-Msc-140430"
14,45,0.48,"Mya arenaria","W-Msc-140430"
14.5,45,0.35,"Mya arenaria","W-Msc-140430"
15,45,0.5,"Mya arenaria","W-Msc-140430"
29.5,45,0.31,"Mya arenaria","W-Msc-140430"
30,45,0.08,"Mya arenaria","W-Msc-140430"
30.5,45,0.81,"Mya arenaria","W-Msc-140430"
31,45,0.85,"Mya arenaria","W-Msc-140430"
31.5,45,0.75,"Mya arenaria","W-Msc-140430"
32,45,0.44,"Mya arenaria","W-Msc-140430"
32.5,45,0.39,"Mya arenaria","W-Msc-140430"
33,45,0.18,"Mya arenaria","W-Msc-140430"
33.5,45,0.13,"Mya arenaria","W-Msc-140430"
34,45,0.49,"Mya arenaria","W-Msc-140430"
35.5,45,0.68,"Mya arenaria","W-Msc-140430"
36,45,0.77,"Mya arenaria","W-Msc-140430"
36.5,45,0.85,"Mya arenaria","W-Msc-140430"
37,45,0.84,"Mya arenaria","W-Msc-140430"
37.5,45,0.83,"Mya arenaria","W-Msc-140430"
38,45,0.8,"Mya arenaria","W-Msc-140430"
137,45,1,"Mya arenaria","W-Msc-140430"
137.5,45,1,"Mya arenaria","W-Msc-140430"
140.5,45,0.26,"Mya arenaria","W-Msc-140430"
141,45,0.79,"Mya arenaria","W-Msc-140430"
141.5,45,1,"Mya arenaria","W-Msc-140430"
142,45,1,"Mya arenaria","W-Msc-140430"
142.5,45,1,"Mya arenaria","W-Msc-140430"
143,45,1,"Mya arenaria","W-Msc-140430"
143.5,45,0.56,"Mya arenaria","W-Msc-140430"
144,45,0.7,"Mya arenaria","W-Msc-140430"
144.5,45,0.17,"Mya arenaria","W-Msc-140430"
147.5,45,0.63,"Mya arenaria","W-Msc-140430"
148,45,0.97,"Mya arenaria","W-Msc-140430"
148.5,45,0.93,"Mya arenaria","W-Msc-140430"
149,45,0.9,"Mya arenaria","W-Msc-140430"
149.5,45,0.86,"Mya arenaria","W-Msc-140430"
150,45,0.29,"Mya arenaria","W-Msc-140430"
-124.5,44.5,0.35,"Mya arenaria","W-Msc-140430"
-124,44.5,0.73,"Mya arenaria","W-Msc-140430"
-68.5,44.5,1,"Mya arenaria","W-Msc-140430"
-68,44.5,1,"Mya arenaria","W-Msc-140430"
-67.5,44.5,1,"Mya arenaria","W-Msc-140430"
-67,44.5,1,"Mya arenaria","W-Msc-140430"
-66.5,44.5,1,"Mya arenaria","W-Msc-140430"
-66,44.5,1,"Mya arenaria","W-Msc-140430"
-65.5,44.5,1,"Mya arenaria","W-Msc-140430"
-65,44.5,1,"Mya arenaria","W-Msc-140430"
-64,44.5,1,"Mya arenaria","W-Msc-140430"
-63.5,44.5,1,"Mya arenaria","W-Msc-140430"
-63,44.5,1,"Mya arenaria","W-Msc-140430"
-62.5,44.5,1,"Mya arenaria","W-Msc-140430"
-62,44.5,1,"Mya arenaria","W-Msc-140430"
-61.5,44.5,1,"Mya arenaria","W-Msc-140430"
-61,44.5,0.65,"Mya arenaria","W-Msc-140430"
-60.5,44.5,0.95,"Mya arenaria","W-Msc-140430"
-60,44.5,0.95,"Mya arenaria","W-Msc-140430"
-59.5,44.5,0.88,"Mya arenaria","W-Msc-140430"
-59,44.5,0.87,"Mya arenaria","W-Msc-140430"
-58.5,44.5,0.86,"Mya arenaria","W-Msc-140430"
-58,44.5,0.86,"Mya arenaria","W-Msc-140430"
-57.5,44.5,1,"Mya arenaria","W-Msc-140430"
-57,44.5,0.96,"Mya arenaria","W-Msc-140430"
-56,44.5,0.22,"Mya arenaria","W-Msc-140430"
-55.5,44.5,0.49,"Mya arenaria","W-Msc-140430"
-54,44.5,0.6,"Mya arenaria","W-Msc-140430"
-53.5,44.5,0.68,"Mya arenaria","W-Msc-140430"
-53,44.5,1,"Mya arenaria","W-Msc-140430"
-52.5,44.5,0.98,"Mya arenaria","W-Msc-140430"
-52,44.5,0.94,"Mya arenaria","W-Msc-140430"
-51.5,44.5,1,"Mya arenaria","W-Msc-140430"
-51,44.5,1,"Mya arenaria","W-Msc-140430"
-50.5,44.5,1,"Mya arenaria","W-Msc-140430"
-50,44.5,1,"Mya arenaria","W-Msc-140430"
-49.5,44.5,1,"Mya arenaria","W-Msc-140430"
-49,44.5,1,"Mya arenaria","W-Msc-140430"
-48.5,44.5,0.25,"Mya arenaria","W-Msc-140430"
-2,44.5,0.64,"Mya arenaria","W-Msc-140430"
-1.5,44.5,0.65,"Mya arenaria","W-Msc-140430"
-1,44.5,0.79,"Mya arenaria","W-Msc-140430"
13,44.5,0.25,"Mya arenaria","W-Msc-140430"
13.5,44.5,0.46,"Mya arenaria","W-Msc-140430"
14,44.5,0.43,"Mya arenaria","W-Msc-140430"
14.5,44.5,0.35,"Mya arenaria","W-Msc-140430"
15,44.5,0.33,"Mya arenaria","W-Msc-140430"
15.5,44.5,0.38,"Mya arenaria","W-Msc-140430"
29,44.5,0.11,"Mya arenaria","W-Msc-140430"
29.5,44.5,0.05,"Mya arenaria","W-Msc-140430"
30,44.5,0.1,"Mya arenaria","W-Msc-140430"
30.5,44.5,0.72,"Mya arenaria","W-Msc-140430"
31,44.5,0.68,"Mya arenaria","W-Msc-140430"
31.5,44.5,0.27,"Mya arenaria","W-Msc-140430"
32,44.5,0.07,"Mya arenaria","W-Msc-140430"
32.5,44.5,0.02,"Mya arenaria","W-Msc-140430"
33,44.5,0.01,"Mya arenaria","W-Msc-140430"
33.5,44.5,0.05,"Mya arenaria","W-Msc-140430"
34,44.5,0.14,"Mya arenaria","W-Msc-140430"
34.5,44.5,0.25,"Mya arenaria","W-Msc-140430"
35,44.5,0.23,"Mya arenaria","W-Msc-140430"
35.5,44.5,0.19,"Mya arenaria","W-Msc-140430"
36,44.5,0.3,"Mya arenaria","W-Msc-140430"
36.5,44.5,0.4,"Mya arenaria","W-Msc-140430"
37,44.5,0.73,"Mya arenaria","W-Msc-140430"
37.5,44.5,0.71,"Mya arenaria","W-Msc-140430"
38,44.5,0.68,"Mya arenaria","W-Msc-140430"
38.5,44.5,0.71,"Mya arenaria","W-Msc-140430"
136.5,44.5,1,"Mya arenaria","W-Msc-140430"
137,44.5,1,"Mya arenaria","W-Msc-140430"
137.5,44.5,0.27,"Mya arenaria","W-Msc-140430"
140.5,44.5,0.82,"Mya arenaria","W-Msc-140430"
141,44.5,0.56,"Mya arenaria","W-Msc-140430"
141.5,44.5,0.78,"Mya arenaria","W-Msc-140430"
142,44.5,1,"Mya arenaria","W-Msc-140430"
143,44.5,1,"Mya arenaria","W-Msc-140430"
143.5,44.5,1,"Mya arenaria","W-Msc-140430"
144,44.5,0.68,"Mya arenaria","W-Msc-140430"
144.5,44.5,0.37,"Mya arenaria","W-Msc-140430"
146.5,44.5,1,"Mya arenaria","W-Msc-140430"
147,44.5,1,"Mya arenaria","W-Msc-140430"
147.5,44.5,0.96,"Mya arenaria","W-Msc-140430"
148,44.5,0.93,"Mya arenaria","W-Msc-140430"
148.5,44.5,0.44,"Mya arenaria","W-Msc-140430"
149,44.5,0.91,"Mya arenaria","W-Msc-140430"
149.5,44.5,0.92,"Mya arenaria","W-Msc-140430"
-124.5,44,0.59,"Mya arenaria","W-Msc-140430"
-124,44,0.75,"Mya arenaria","W-Msc-140430"
-69.5,44,1,"Mya arenaria","W-Msc-140430"
-69,44,1,"Mya arenaria","W-Msc-140430"
-68.5,44,1,"Mya arenaria","W-Msc-140430"
-68,44,1,"Mya arenaria","W-Msc-140430"
-67.5,44,1,"Mya arenaria","W-Msc-140430"
-67,44,0.87,"Mya arenaria","W-Msc-140430"
-66.5,44,0.73,"Mya arenaria","W-Msc-140430"
-66,44,1,"Mya arenaria","W-Msc-140430"
-65.5,44,1,"Mya arenaria","W-Msc-140430"
-64.5,44,1,"Mya arenaria","W-Msc-140430"
-64,44,1,"Mya arenaria","W-Msc-140430"
-63.5,44,1,"Mya arenaria","W-Msc-140430"
-63,44,1,"Mya arenaria","W-Msc-140430"
-62.5,44,0.5,"Mya arenaria","W-Msc-140430"
-62,44,0.64,"Mya arenaria","W-Msc-140430"
-61.5,44,0.77,"Mya arenaria","W-Msc-140430"
-61,44,0.81,"Mya arenaria","W-Msc-140430"
-60.5,44,0.95,"Mya arenaria","W-Msc-140430"
-60,44,1,"Mya arenaria","W-Msc-140430"
-59.5,44,0.97,"Mya arenaria","W-Msc-140430"
-59,44,1,"Mya arenaria","W-Msc-140430"
-58.5,44,0.85,"Mya arenaria","W-Msc-140430"
-58,44,0.88,"Mya arenaria","W-Msc-140430"
-57.5,44,0.84,"Mya arenaria","W-Msc-140430"
-57,44,0.75,"Mya arenaria","W-Msc-140430"
-53,44,0.44,"Mya arenaria","W-Msc-140430"
-52.5,44,0.83,"Mya arenaria","W-Msc-140430"
-52,44,1,"Mya arenaria","W-Msc-140430"
-51.5,44,0.85,"Mya arenaria","W-Msc-140430"
-51,44,0.96,"Mya arenaria","W-Msc-140430"
-50.5,44,0.92,"Mya arenaria","W-Msc-140430"
-50,44,1,"Mya arenaria","W-Msc-140430"
-49.5,44,1,"Mya arenaria","W-Msc-140430"
-49,44,1,"Mya arenaria","W-Msc-140430"
-48.5,44,0.11,"Mya arenaria","W-Msc-140430"
-7.5,44,0.22,"Mya arenaria","W-Msc-140430"
-7,44,0.41,"Mya arenaria","W-Msc-140430"
-6.5,44,0.04,"Mya arenaria","W-Msc-140430"
-1.5,44,0.45,"Mya arenaria","W-Msc-140430"
-1,44,0.75,"Mya arenaria","W-Msc-140430"
8.5,44,0.07,"Mya arenaria","W-Msc-140430"
10,44,0.2,"Mya arenaria","W-Msc-140430"
10.5,44,0.3,"Mya arenaria","W-Msc-140430"
12.5,44,0.43,"Mya arenaria","W-Msc-140430"
13,44,0.56,"Mya arenaria","W-Msc-140430"
13.5,44,0.47,"Mya arenaria","W-Msc-140430"
14,44,0.14,"Mya arenaria","W-Msc-140430"
14.5,44,0.14,"Mya arenaria","W-Msc-140430"
15,44,0.25,"Mya arenaria","W-Msc-140430"
15.5,44,0.22,"Mya arenaria","W-Msc-140430"
16,44,0.28,"Mya arenaria","W-Msc-140430"
29,44,0.83,"Mya arenaria","W-Msc-140430"
29.5,44,0.67,"Mya arenaria","W-Msc-140430"
30,44,0.7,"Mya arenaria","W-Msc-140430"
30.5,44,0.61,"Mya arenaria","W-Msc-140430"
31,44,0.26,"Mya arenaria","W-Msc-140430"
31.5,44,0.02,"Mya arenaria","W-Msc-140430"
33.5,44,0.01,"Mya arenaria","W-Msc-140430"
34,44,0.03,"Mya arenaria","W-Msc-140430"
34.5,44,0.05,"Mya arenaria","W-Msc-140430"
38.5,44,0.03,"Mya arenaria","W-Msc-140430"
39,44,0.4,"Mya arenaria","W-Msc-140430"
39.5,44,0.7,"Mya arenaria","W-Msc-140430"
136,44,1,"Mya arenaria","W-Msc-140430"
136.5,44,1,"Mya arenaria","W-Msc-140430"
140.5,44,0.03,"Mya arenaria","W-Msc-140430"
141,44,0.49,"Mya arenaria","W-Msc-140430"
141.5,44,1,"Mya arenaria","W-Msc-140430"
142,44,1,"Mya arenaria","W-Msc-140430"
143.5,44,1,"Mya arenaria","W-Msc-140430"
144,44,1,"Mya arenaria","W-Msc-140430"
144.5,44,1,"Mya arenaria","W-Msc-140430"
145,44,1,"Mya arenaria","W-Msc-140430"
145.5,44,1,"Mya arenaria","W-Msc-140430"
146,44,1,"Mya arenaria","W-Msc-140430"
146.5,44,1,"Mya arenaria","W-Msc-140430"
147,44,1,"Mya arenaria","W-Msc-140430"
147.5,44,0.96,"Mya arenaria","W-Msc-140430"
148,44,0.78,"Mya arenaria","W-Msc-140430"
-124.5,43.5,0.38,"Mya arenaria","W-Msc-140430"
-124,43.5,0.73,"Mya arenaria","W-Msc-140430"
-70,43.5,1,"Mya arenaria","W-Msc-140430"
-69.5,43.5,1,"Mya arenaria","W-Msc-140430"
-69,43.5,1,"Mya arenaria","W-Msc-140430"
-68.5,43.5,1,"Mya arenaria","W-Msc-140430"
-68,43.5,0.71,"Mya arenaria","W-Msc-140430"
-67.5,43.5,0.28,"Mya arenaria","W-Msc-140430"
-67,43.5,0.36,"Mya arenaria","W-Msc-140430"
-66.5,43.5,0.62,"Mya arenaria","W-Msc-140430"
-66,43.5,1,"Mya arenaria","W-Msc-140430"
-65.5,43.5,1,"Mya arenaria","W-Msc-140430"
-65,43.5,1,"Mya arenaria","W-Msc-140430"
-64.5,43.5,1,"Mya arenaria","W-Msc-140430"
-64,43.5,0.75,"Mya arenaria","W-Msc-140430"
-63.5,43.5,0.37,"Mya arenaria","W-Msc-140430"
-63,43.5,0.5,"Mya arenaria","W-Msc-140430"
-62.5,43.5,0.53,"Mya arenaria","W-Msc-140430"
-62,43.5,0.6,"Mya arenaria","W-Msc-140430"
-61.5,43.5,0.78,"Mya arenaria","W-Msc-140430"
-61,43.5,0.71,"Mya arenaria","W-Msc-140430"
-60.5,43.5,0.76,"Mya arenaria","W-Msc-140430"
-60,43.5,0.89,"Mya arenaria","W-Msc-140430"
-59.5,43.5,1,"Mya arenaria","W-Msc-140430"
-59,43.5,1,"Mya arenaria","W-Msc-140430"
-58.5,43.5,0.23,"Mya arenaria","W-Msc-140430"
-52,43.5,1,"Mya arenaria","W-Msc-140430"
-51.5,43.5,0.92,"Mya arenaria","W-Msc-140430"
-51,43.5,0.78,"Mya arenaria","W-Msc-140430"
-50.5,43.5,0.83,"Mya arenaria","W-Msc-140430"
-50,43.5,0.93,"Mya arenaria","W-Msc-140430"
-49.5,43.5,0.94,"Mya arenaria","W-Msc-140430"
-49,43.5,1,"Mya arenaria","W-Msc-140430"
-8.5,43.5,0.29,"Mya arenaria","W-Msc-140430"
-8,43.5,0.7,"Mya arenaria","W-Msc-140430"
-7.5,43.5,0.68,"Mya arenaria","W-Msc-140430"
-7,43.5,0.68,"Mya arenaria","W-Msc-140430"
-6.5,43.5,0.68,"Mya arenaria","W-Msc-140430"
-6,43.5,0.67,"Mya arenaria","W-Msc-140430"
-5.5,43.5,0.66,"Mya arenaria","W-Msc-140430"
-5,43.5,0.64,"Mya arenaria","W-Msc-140430"
-4.5,43.5,0.63,"Mya arenaria","W-Msc-140430"
-4,43.5,0.54,"Mya arenaria","W-Msc-140430"
-3.5,43.5,0.63,"Mya arenaria","W-Msc-140430"
-3,43.5,0.64,"Mya arenaria","W-Msc-140430"
-2.5,43.5,0.65,"Mya arenaria","W-Msc-140430"
-2,43.5,0.27,"Mya arenaria","W-Msc-140430"
-1.5,43.5,0.71,"Mya arenaria","W-Msc-140430"
-1,43.5,0.71,"Mya arenaria","W-Msc-140430"
4,43.5,0.39,"Mya arenaria","W-Msc-140430"
4.5,43.5,0.38,"Mya arenaria","W-Msc-140430"
7,43.5,0.16,"Mya arenaria","W-Msc-140430"
7.5,43.5,0.08,"Mya arenaria","W-Msc-140430"
8,43.5,0.04,"Mya arenaria","W-Msc-140430"
8.5,43.5,0.01,"Mya arenaria","W-Msc-140430"
10,43.5,0.01,"Mya arenaria","W-Msc-140430"
10.5,43.5,0.06,"Mya arenaria","W-Msc-140430"
13,43.5,0.52,"Mya arenaria","W-Msc-140430"
13.5,43.5,0.53,"Mya arenaria","W-Msc-140430"
14,43.5,0.25,"Mya arenaria","W-Msc-140430"
14.5,43.5,0.04,"Mya arenaria","W-Msc-140430"
15,43.5,0.04,"Mya arenaria","W-Msc-140430"
15.5,43.5,0.09,"Mya arenaria","W-Msc-140430"
16,43.5,0.12,"Mya arenaria","W-Msc-140430"
16.5,43.5,0.18,"Mya arenaria","W-Msc-140430"
17,43.5,0.25,"Mya arenaria","W-Msc-140430"
29,43.5,0.83,"Mya arenaria","W-Msc-140430"
29.5,43.5,0.63,"Mya arenaria","W-Msc-140430"
30,43.5,0.55,"Mya arenaria","W-Msc-140430"
30.5,43.5,0.15,"Mya arenaria","W-Msc-140430"
40,43.5,0.66,"Mya arenaria","W-Msc-140430"
135.5,43.5,1,"Mya arenaria","W-Msc-140430"
136,43.5,1,"Mya arenaria","W-Msc-140430"
141,43.5,0.5,"Mya arenaria","W-Msc-140430"
141.5,43.5,1,"Mya arenaria","W-Msc-140430"
142,43.5,1,"Mya arenaria","W-Msc-140430"
144.5,43.5,1,"Mya arenaria","W-Msc-140430"
145,43.5,1,"Mya arenaria","W-Msc-140430"
145.5,43.5,1,"Mya arenaria","W-Msc-140430"
146,43.5,1,"Mya arenaria","W-Msc-140430"
146.5,43.5,1,"Mya arenaria","W-Msc-140430"
147,43.5,1,"Mya arenaria","W-Msc-140430"
147.5,43.5,1,"Mya arenaria","W-Msc-140430"
148,43.5,0.16,"Mya arenaria","W-Msc-140430"
-124.5,43,0.54,"Mya arenaria","W-Msc-140430"
-124,43,0.67,"Mya arenaria","W-Msc-140430"
-70.5,43,1,"Mya arenaria","W-Msc-140430"
-70,43,1,"Mya arenaria","W-Msc-140430"
-69.5,43,0.76,"Mya arenaria","W-Msc-140430"
-69,43,0.59,"Mya arenaria","W-Msc-140430"
-68.5,43,0.56,"Mya arenaria","W-Msc-140430"
-68,43,0.35,"Mya arenaria","W-Msc-140430"
-67.5,43,0.21,"Mya arenaria","W-Msc-140430"
-67,43,0.14,"Mya arenaria","W-Msc-140430"
-66.5,43,0.67,"Mya arenaria","W-Msc-140430"
-66,43,1,"Mya arenaria","W-Msc-140430"
-65.5,43,1,"Mya arenaria","W-Msc-140430"
-65,43,1,"Mya arenaria","W-Msc-140430"
-64.5,43,0.79,"Mya arenaria","W-Msc-140430"
-64,43,0.64,"Mya arenaria","W-Msc-140430"
-63.5,43,0.69,"Mya arenaria","W-Msc-140430"
-63,43,0.45,"Mya arenaria","W-Msc-140430"
-62.5,43,0.92,"Mya arenaria","W-Msc-140430"
-62,43,0.73,"Mya arenaria","W-Msc-140430"
-61.5,43,0.81,"Mya arenaria","W-Msc-140430"
-61,43,0.82,"Mya arenaria","W-Msc-140430"
-60.5,43,0.77,"Mya arenaria","W-Msc-140430"
-60,43,0.49,"Mya arenaria","W-Msc-140430"
-51.5,43,0.46,"Mya arenaria","W-Msc-140430"
-51,43,0.69,"Mya arenaria","W-Msc-140430"
-50.5,43,0.92,"Mya arenaria","W-Msc-140430"
-50,43,0.87,"Mya arenaria","W-Msc-140430"
-49.5,43,0.87,"Mya arenaria","W-Msc-140430"
-49,43,0.54,"Mya arenaria","W-Msc-140430"
-9,43,0.72,"Mya arenaria","W-Msc-140430"
-8.5,43,0.72,"Mya arenaria","W-Msc-140430"
-8,43,0.71,"Mya arenaria","W-Msc-140430"
-4.5,43,0.62,"Mya arenaria","W-Msc-140430"
-4,43,0.6,"Mya arenaria","W-Msc-140430"
-3.5,43,0.59,"Mya arenaria","W-Msc-140430"
-3,43,0.58,"Mya arenaria","W-Msc-140430"
-2.5,43,0.59,"Mya arenaria","W-Msc-140430"
-2,43,0.6,"Mya arenaria","W-Msc-140430"
-1.5,43,0.62,"Mya arenaria","W-Msc-140430"
3.5,43,0.29,"Mya arenaria","W-Msc-140430"
4,43,0.31,"Mya arenaria","W-Msc-140430"
4.5,43,0.42,"Mya arenaria","W-Msc-140430"
5,43,0.4,"Mya arenaria","W-Msc-140430"
5.5,43,0.21,"Mya arenaria","W-Msc-140430"
6,43,0.18,"Mya arenaria","W-Msc-140430"
6.5,43,0.15,"Mya arenaria","W-Msc-140430"
10.5,43,0.03,"Mya arenaria","W-Msc-140430"
11,43,0.19,"Mya arenaria","W-Msc-140430"
14,43,0.35,"Mya arenaria","W-Msc-140430"
14.5,43,0.08,"Mya arenaria","W-Msc-140430"
15,43,0.01,"Mya arenaria","W-Msc-140430"
15.5,43,0.02,"Mya arenaria","W-Msc-140430"
16,43,0.02,"Mya arenaria","W-Msc-140430"
16.5,43,0.09,"Mya arenaria","W-Msc-140430"
17,43,0.09,"Mya arenaria","W-Msc-140430"
17.5,43,0.16,"Mya arenaria","W-Msc-140430"
18,43,0.23,"Mya arenaria","W-Msc-140430"
28,43,0.83,"Mya arenaria","W-Msc-140430"
28.5,43,0.82,"Mya arenaria","W-Msc-140430"
29,43,0.8,"Mya arenaria","W-Msc-140430"
29.5,43,0.11,"Mya arenaria","W-Msc-140430"
40,43,0.04,"Mya arenaria","W-Msc-140430"
40.5,43,0.12,"Mya arenaria","W-Msc-140430"
41,43,0.65,"Mya arenaria","W-Msc-140430"
41.5,43,0.64,"Mya arenaria","W-Msc-140430"
132,43,1,"Mya arenaria","W-Msc-140430"
132.5,43,1,"Mya arenaria","W-Msc-140430"
134.5,43,1,"Mya arenaria","W-Msc-140430"
135,43,1,"Mya arenaria","W-Msc-140430"
135.5,43,1,"Mya arenaria","W-Msc-140430"
140.5,43,1,"Mya arenaria","W-Msc-140430"
141,43,1,"Mya arenaria","W-Msc-140430"
141.5,43,1,"Mya arenaria","W-Msc-140430"
144.5,43,1,"Mya arenaria","W-Msc-140430"
145,43,1,"Mya arenaria","W-Msc-140430"
145.5,43,1,"Mya arenaria","W-Msc-140430"
146,43,1,"Mya arenaria","W-Msc-140430"
146.5,43,1,"Mya arenaria","W-Msc-140430"
147,43,1,"Mya arenaria","W-Msc-140430"
-124.5,42.5,0.77,"Mya arenaria","W-Msc-140430"
-124,42.5,0.61,"Mya arenaria","W-Msc-140430"
-70.5,42.5,1,"Mya arenaria","W-Msc-140430"
-70,42.5,0.88,"Mya arenaria","W-Msc-140430"
-69.5,42.5,0.67,"Mya arenaria","W-Msc-140430"
-69,42.5,0.67,"Mya arenaria","W-Msc-140430"
-68.5,42.5,0.78,"Mya arenaria","W-Msc-140430"
-68,42.5,0.24,"Mya arenaria","W-Msc-140430"
-67.5,42.5,0.26,"Mya arenaria","W-Msc-140430"
-67,42.5,0.01,"Mya arenaria","W-Msc-140430"
-66.5,42.5,0.39,"Mya arenaria","W-Msc-140430"
-66,42.5,0.87,"Mya arenaria","W-Msc-140430"
-65.5,42.5,0.74,"Mya arenaria","W-Msc-140430"
-65,42.5,0.64,"Mya arenaria","W-Msc-140430"
-64.5,42.5,0.94,"Mya arenaria","W-Msc-140430"
-64,42.5,0.74,"Mya arenaria","W-Msc-140430"
-63.5,42.5,0.69,"Mya arenaria","W-Msc-140430"
-63,42.5,0.65,"Mya arenaria","W-Msc-140430"
-62.5,42.5,1,"Mya arenaria","W-Msc-140430"
-62,42.5,0.26,"Mya arenaria","W-Msc-140430"
-61.5,42.5,0.04,"Mya arenaria","W-Msc-140430"
-50.5,42.5,0.51,"Mya arenaria","W-Msc-140430"
-50,42.5,0.92,"Mya arenaria","W-Msc-140430"
-49.5,42.5,0.52,"Mya arenaria","W-Msc-140430"
-9,42.5,0.74,"Mya arenaria","W-Msc-140430"
-8.5,42.5,0.74,"Mya arenaria","W-Msc-140430"
3.5,42.5,0.26,"Mya arenaria","W-Msc-140430"
4,42.5,0.16,"Mya arenaria","W-Msc-140430"
4.5,42.5,0.16,"Mya arenaria","W-Msc-140430"
5,42.5,0.08,"Mya arenaria","W-Msc-140430"
9,42.5,0.01,"Mya arenaria","W-Msc-140430"
9.5,42.5,0.01,"Mya arenaria","W-Msc-140430"
10,42.5,0.01,"Mya arenaria","W-Msc-140430"
11,42.5,0.01,"Mya arenaria","W-Msc-140430"
11.5,42.5,0.19,"Mya arenaria","W-Msc-140430"
14,42.5,0.26,"Mya arenaria","W-Msc-140430"
14.5,42.5,0.24,"Mya arenaria","W-Msc-140430"
15,42.5,0.02,"Mya arenaria","W-Msc-140430"
15.5,42.5,0.02,"Mya arenaria","W-Msc-140430"
16,42.5,0.02,"Mya arenaria","W-Msc-140430"
16.5,42.5,0.02,"Mya arenaria","W-Msc-140430"
17,42.5,0.04,"Mya arenaria","W-Msc-140430"
17.5,42.5,0.07,"Mya arenaria","W-Msc-140430"
18,42.5,0.07,"Mya arenaria","W-Msc-140430"
18.5,42.5,0.15,"Mya arenaria","W-Msc-140430"
19,42.5,0.24,"Mya arenaria","W-Msc-140430"
28,42.5,0.81,"Mya arenaria","W-Msc-140430"
28.5,42.5,0.79,"Mya arenaria","W-Msc-140430"
29,42.5,0.16,"Mya arenaria","W-Msc-140430"
40.5,42.5,0.04,"Mya arenaria","W-Msc-140430"
41,42.5,0.58,"Mya arenaria","W-Msc-140430"
41.5,42.5,0.6,"Mya arenaria","W-Msc-140430"
42,42.5,0.61,"Mya arenaria","W-Msc-140430"
131,42.5,1,"Mya arenaria","W-Msc-140430"
131.5,42.5,1,"Mya arenaria","W-Msc-140430"
132,42.5,1,"Mya arenaria","W-Msc-140430"
132.5,42.5,1,"Mya arenaria","W-Msc-140430"
133,42.5,1,"Mya arenaria","W-Msc-140430"
133.5,42.5,1,"Mya arenaria","W-Msc-140430"
134,42.5,1,"Mya arenaria","W-Msc-140430"
134.5,42.5,1,"Mya arenaria","W-Msc-140430"
140,42.5,1,"Mya arenaria","W-Msc-140430"
140.5,42.5,1,"Mya arenaria","W-Msc-140430"
141,42.5,1,"Mya arenaria","W-Msc-140430"
141.5,42.5,1,"Mya arenaria","W-Msc-140430"
142,42.5,1,"Mya arenaria","W-Msc-140430"
143.5,42.5,1,"Mya arenaria","W-Msc-140430"
144,42.5,1,"Mya arenaria","W-Msc-140430"
144.5,42.5,1,"Mya arenaria","W-Msc-140430"
145,42.5,1,"Mya arenaria","W-Msc-140430"
145.5,42.5,0.95,"Mya arenaria","W-Msc-140430"
146,42.5,0.83,"Mya arenaria","W-Msc-140430"
-124.5,42,0.52,"Mya arenaria","W-Msc-140430"
-124,42,0.55,"Mya arenaria","W-Msc-140430"
-71,42,1,"Mya arenaria","W-Msc-140430"
-70.5,42,1,"Mya arenaria","W-Msc-140430"
-70,42,1,"Mya arenaria","W-Msc-140430"
-69.5,42,1,"Mya arenaria","W-Msc-140430"
-69,42,0.25,"Mya arenaria","W-Msc-140430"
-68.5,42,0.37,"Mya arenaria","W-Msc-140430"
-68,42,0.2,"Mya arenaria","W-Msc-140430"
-67.5,42,0.87,"Mya arenaria","W-Msc-140430"
-67,42,0.96,"Mya arenaria","W-Msc-140430"
-66.5,42,0.82,"Mya arenaria","W-Msc-140430"
-66,42,0.7,"Mya arenaria","W-Msc-140430"
-65.5,42,0.7,"Mya arenaria","W-Msc-140430"
-65,42,0.72,"Mya arenaria","W-Msc-140430"
-64.5,42,0.55,"Mya arenaria","W-Msc-140430"
-9,42,0.7,"Mya arenaria","W-Msc-140430"
-8.5,42,0.76,"Mya arenaria","W-Msc-140430"
3.5,42,0.18,"Mya arenaria","W-Msc-140430"
4,42,0.05,"Mya arenaria","W-Msc-140430"
11.5,42,0.01,"Mya arenaria","W-Msc-140430"
12,42,0.11,"Mya arenaria","W-Msc-140430"
12.5,42,0.18,"Mya arenaria","W-Msc-140430"
14.5,42,0.18,"Mya arenaria","W-Msc-140430"
15,42,0.16,"Mya arenaria","W-Msc-140430"
15.5,42,0.03,"Mya arenaria","W-Msc-140430"
16,42,0.01,"Mya arenaria","W-Msc-140430"
16.5,42,0.02,"Mya arenaria","W-Msc-140430"
17,42,0.01,"Mya arenaria","W-Msc-140430"
18.5,42,0.04,"Mya arenaria","W-Msc-140430"
19,42,0.08,"Mya arenaria","W-Msc-140430"
19.5,42,0.19,"Mya arenaria","W-Msc-140430"
27.5,42,0.74,"Mya arenaria","W-Msc-140430"
28,42,0.64,"Mya arenaria","W-Msc-140430"
28.5,42,0.45,"Mya arenaria","W-Msc-140430"
33.5,42,0.12,"Mya arenaria","W-Msc-140430"
34,42,0.06,"Mya arenaria","W-Msc-140430"
34.5,42,0.03,"Mya arenaria","W-Msc-140430"
35,42,0.11,"Mya arenaria","W-Msc-140430"
35.5,42,0.11,"Mya arenaria","W-Msc-140430"
41.5,42,0.34,"Mya arenaria","W-Msc-140430"
42,42,0.58,"Mya arenaria","W-Msc-140430"
130.5,42,1,"Mya arenaria","W-Msc-140430"
131,42,1,"Mya arenaria","W-Msc-140430"
131.5,42,1,"Mya arenaria","W-Msc-140430"
139.5,42,1,"Mya arenaria","W-Msc-140430"
140,42,1,"Mya arenaria","W-Msc-140430"
140.5,42,1,"Mya arenaria","W-Msc-140430"
141,42,1,"Mya arenaria","W-Msc-140430"
141.5,42,1,"Mya arenaria","W-Msc-140430"
142,42,0.98,"Mya arenaria","W-Msc-140430"
142.5,42,1,"Mya arenaria","W-Msc-140430"
143,42,1,"Mya arenaria","W-Msc-140430"
143.5,42,1,"Mya arenaria","W-Msc-140430"
144,42,1,"Mya arenaria","W-Msc-140430"
-124,41.5,0.47,"Mya arenaria","W-Msc-140430"
-71,41.5,1,"Mya arenaria","W-Msc-140430"
-70.5,41.5,1,"Mya arenaria","W-Msc-140430"
-70,41.5,1,"Mya arenaria","W-Msc-140430"
-69.5,41.5,1,"Mya arenaria","W-Msc-140430"
-69,41.5,0.93,"Mya arenaria","W-Msc-140430"
-68.5,41.5,0.51,"Mya arenaria","W-Msc-140430"
-68,41.5,1,"Mya arenaria","W-Msc-140430"
-67.5,41.5,1,"Mya arenaria","W-Msc-140430"
-67,41.5,0.98,"Mya arenaria","W-Msc-140430"
-66.5,41.5,0.9,"Mya arenaria","W-Msc-140430"
-66,41.5,1,"Mya arenaria","W-Msc-140430"
-65.5,41.5,0.65,"Mya arenaria","W-Msc-140430"
-9,41.5,0.71,"Mya arenaria","W-Msc-140430"
-8.5,41.5,0.84,"Mya arenaria","W-Msc-140430"
2.5,41.5,0.19,"Mya arenaria","W-Msc-140430"
3,41.5,0.17,"Mya arenaria","W-Msc-140430"
3.5,41.5,0.19,"Mya arenaria","W-Msc-140430"
12,41.5,0.01,"Mya arenaria","W-Msc-140430"
12.5,41.5,0.1,"Mya arenaria","W-Msc-140430"
13,41.5,0.11,"Mya arenaria","W-Msc-140430"
15.5,41.5,0.06,"Mya arenaria","W-Msc-140430"
16,41.5,0.04,"Mya arenaria","W-Msc-140430"
16.5,41.5,0.05,"Mya arenaria","W-Msc-140430"
17,41.5,0.01,"Mya arenaria","W-Msc-140430"
19,41.5,0.03,"Mya arenaria","W-Msc-140430"
19.5,41.5,0.11,"Mya arenaria","W-Msc-140430"
20,41.5,0.18,"Mya arenaria","W-Msc-140430"
28.5,41.5,0.41,"Mya arenaria","W-Msc-140430"
29,41.5,0.23,"Mya arenaria","W-Msc-140430"
29.5,41.5,0.12,"Mya arenaria","W-Msc-140430"
31.5,41.5,0.1,"Mya arenaria","W-Msc-140430"
32,41.5,0.21,"Mya arenaria","W-Msc-140430"
32.5,41.5,0.1,"Mya arenaria","W-Msc-140430"
33,41.5,0.25,"Mya arenaria","W-Msc-140430"
33.5,41.5,0.39,"Mya arenaria","W-Msc-140430"
34.5,41.5,0.72,"Mya arenaria","W-Msc-140430"
35,41.5,0.73,"Mya arenaria","W-Msc-140430"
35.5,41.5,0.75,"Mya arenaria","W-Msc-140430"
36,41.5,0.74,"Mya arenaria","W-Msc-140430"
36.5,41.5,0.28,"Mya arenaria","W-Msc-140430"
37,41.5,0.04,"Mya arenaria","W-Msc-140430"
37.5,41.5,0.01,"Mya arenaria","W-Msc-140430"
41.5,41.5,0.43,"Mya arenaria","W-Msc-140430"
42,41.5,0.56,"Mya arenaria","W-Msc-140430"
130,41.5,1,"Mya arenaria","W-Msc-140430"
130.5,41.5,1,"Mya arenaria","W-Msc-140430"
139.5,41.5,0.68,"Mya arenaria","W-Msc-140430"
140,41.5,0.52,"Mya arenaria","W-Msc-140430"
140.5,41.5,1,"Mya arenaria","W-Msc-140430"
141,41.5,1,"Mya arenaria","W-Msc-140430"
141.5,41.5,1,"Mya arenaria","W-Msc-140430"
142,41.5,0.77,"Mya arenaria","W-Msc-140430"
143,41.5,0.6,"Mya arenaria","W-Msc-140430"
143.5,41.5,1,"Mya arenaria","W-Msc-140430"
144,41.5,0.69,"Mya arenaria","W-Msc-140430"
-124.5,41,0.79,"Mya arenaria","W-Msc-140430"
-124,41,0.49,"Mya arenaria","W-Msc-140430"
-73.5,41,1,"Mya arenaria","W-Msc-140430"
-73,41,1,"Mya arenaria","W-Msc-140430"
-72.5,41,0.96,"Mya arenaria","W-Msc-140430"
-72,41,1,"Mya arenaria","W-Msc-140430"
-71.5,41,1,"Mya arenaria","W-Msc-140430"
-71,41,1,"Mya arenaria","W-Msc-140430"
-70.5,41,1,"Mya arenaria","W-Msc-140430"
-70,41,1,"Mya arenaria","W-Msc-140430"
-69.5,41,1,"Mya arenaria","W-Msc-140430"
-69,41,1,"Mya arenaria","W-Msc-140430"
-68.5,41,0.91,"Mya arenaria","W-Msc-140430"
-68,41,1,"Mya arenaria","W-Msc-140430"
-67.5,41,0.98,"Mya arenaria","W-Msc-140430"
-67,41,0.96,"Mya arenaria","W-Msc-140430"
-66.5,41,1,"Mya arenaria","W-Msc-140430"
-66,41,0.71,"Mya arenaria","W-Msc-140430"
-65.5,41,0.23,"Mya arenaria","W-Msc-140430"
-9,41,0.6,"Mya arenaria","W-Msc-140430"
-8.5,41,0.82,"Mya arenaria","W-Msc-140430"
1,41,0.24,"Mya arenaria","W-Msc-140430"
1.5,41,0.2,"Mya arenaria","W-Msc-140430"
2,41,0.16,"Mya arenaria","W-Msc-140430"
2.5,41,0.16,"Mya arenaria","W-Msc-140430"
3,41,0.07,"Mya arenaria","W-Msc-140430"
9,41,0.02,"Mya arenaria","W-Msc-140430"
9.5,41,0.01,"Mya arenaria","W-Msc-140430"
12.5,41,0.01,"Mya arenaria","W-Msc-140430"
13,41,0.12,"Mya arenaria","W-Msc-140430"
13.5,41,0.04,"Mya arenaria","W-Msc-140430"
14,41,0.1,"Mya arenaria","W-Msc-140430"
16.5,41,0.04,"Mya arenaria","W-Msc-140430"
17,41,0.03,"Mya arenaria","W-Msc-140430"
17.5,41,0.02,"Mya arenaria","W-Msc-140430"
18,41,0.01,"Mya arenaria","W-Msc-140430"
19,41,0.01,"Mya arenaria","W-Msc-140430"
19.5,41,0.08,"Mya arenaria","W-Msc-140430"
20,41,0.13,"Mya arenaria","W-Msc-140430"
25.5,41,0.53,"Mya arenaria","W-Msc-140430"
28,41,0.72,"Mya arenaria","W-Msc-140430"
28.5,41,0.74,"Mya arenaria","W-Msc-140430"
29,41,0.75,"Mya arenaria","W-Msc-140430"
29.5,41,0.75,"Mya arenaria","W-Msc-140430"
30,41,0.75,"Mya arenaria","W-Msc-140430"
30.5,41,0.74,"Mya arenaria","W-Msc-140430"
31,41,0.73,"Mya arenaria","W-Msc-140430"
31.5,41,0.73,"Mya arenaria","W-Msc-140430"
32,41,0.5,"Mya arenaria","W-Msc-140430"
36.5,41,0.68,"Mya arenaria","W-Msc-140430"
37,41,0.69,"Mya arenaria","W-Msc-140430"
37.5,41,0.55,"Mya arenaria","W-Msc-140430"
38,41,0.19,"Mya arenaria","W-Msc-140430"
38.5,41,0.05,"Mya arenaria","W-Msc-140430"
39,41,0.12,"Mya arenaria","W-Msc-140430"
39.5,41,0.22,"Mya arenaria","W-Msc-140430"
40,41,0.14,"Mya arenaria","W-Msc-140430"
40.5,41,0.44,"Mya arenaria","W-Msc-140430"
41,41,0.61,"Mya arenaria","W-Msc-140430"
41.5,41,0.58,"Mya arenaria","W-Msc-140430"
122,41,1,"Mya arenaria","W-Msc-140430"
130,41,1,"Mya arenaria","W-Msc-140430"
140,41,0.85,"Mya arenaria","W-Msc-140430"
140.5,41,0.89,"Mya arenaria","W-Msc-140430"
141,41,1,"Mya arenaria","W-Msc-140430"
141.5,41,1,"Mya arenaria","W-Msc-140430"
142,41,1,"Mya arenaria","W-Msc-140430"
-124.5,40.5,0.66,"Mya arenaria","W-Msc-140430"
-124,40.5,0.62,"Mya arenaria","W-Msc-140430"
-74,40.5,0.98,"Mya arenaria","W-Msc-140430"
-73.5,40.5,1,"Mya arenaria","W-Msc-140430"
-73,40.5,1,"Mya arenaria","W-Msc-140430"
-72.5,40.5,1,"Mya arenaria","W-Msc-140430"
-72,40.5,1,"Mya arenaria","W-Msc-140430"
-71.5,40.5,1,"Mya arenaria","W-Msc-140430"
-71,40.5,0.86,"Mya arenaria","W-Msc-140430"
-70.5,40.5,0.89,"Mya arenaria","W-Msc-140430"
-70,40.5,1,"Mya arenaria","W-Msc-140430"
-69.5,40.5,1,"Mya arenaria","W-Msc-140430"
-69,40.5,0.99,"Mya arenaria","W-Msc-140430"
-68.5,40.5,0.91,"Mya arenaria","W-Msc-140430"
-68,40.5,0.94,"Mya arenaria","W-Msc-140430"
-67.5,40.5,0.93,"Mya arenaria","W-Msc-140430"
-67,40.5,0.76,"Mya arenaria","W-Msc-140430"
-66.5,40.5,0.69,"Mya arenaria","W-Msc-140430"
-66,40.5,0.06,"Mya arenaria","W-Msc-140430"
-9,40.5,0.66,"Mya arenaria","W-Msc-140430"
-8.5,40.5,0.79,"Mya arenaria","W-Msc-140430"
1,40.5,0.2,"Mya arenaria","W-Msc-140430"
1.5,40.5,0.16,"Mya arenaria","W-Msc-140430"
8.5,40.5,0.02,"Mya arenaria","W-Msc-140430"
9,40.5,0.02,"Mya arenaria","W-Msc-140430"
14,40.5,0.03,"Mya arenaria","W-Msc-140430"
14.5,40.5,0.09,"Mya arenaria","W-Msc-140430"
15,40.5,0.05,"Mya arenaria","W-Msc-140430"
17.5,40.5,0.02,"Mya arenaria","W-Msc-140430"
18,40.5,0.02,"Mya arenaria","W-Msc-140430"
18.5,40.5,0.02,"Mya arenaria","W-Msc-140430"
19,40.5,0.01,"Mya arenaria","W-Msc-140430"
19.5,40.5,0.07,"Mya arenaria","W-Msc-140430"
20,40.5,0.1,"Mya arenaria","W-Msc-140430"
23,40.5,0.4,"Mya arenaria","W-Msc-140430"
24,40.5,0.42,"Mya arenaria","W-Msc-140430"
24.5,40.5,0.44,"Mya arenaria","W-Msc-140430"
25,40.5,0.44,"Mya arenaria","W-Msc-140430"
25.5,40.5,0.48,"Mya arenaria","W-Msc-140430"
26,40.5,0.49,"Mya arenaria","W-Msc-140430"
26.5,40.5,0.55,"Mya arenaria","W-Msc-140430"
27,40.5,0.6,"Mya arenaria","W-Msc-140430"
27.5,40.5,0.65,"Mya arenaria","W-Msc-140430"
28,40.5,0.69,"Mya arenaria","W-Msc-140430"
28.5,40.5,0.71,"Mya arenaria","W-Msc-140430"
29,40.5,0.74,"Mya arenaria","W-Msc-140430"
29.5,40.5,0.74,"Mya arenaria","W-Msc-140430"
30,40.5,0.73,"Mya arenaria","W-Msc-140430"
38.5,40.5,0.6,"Mya arenaria","W-Msc-140430"
39,40.5,0.58,"Mya arenaria","W-Msc-140430"
40.5,40.5,0.56,"Mya arenaria","W-Msc-140430"
121,40.5,1,"Mya arenaria","W-Msc-140430"
121.5,40.5,1,"Mya arenaria","W-Msc-140430"
122,40.5,1,"Mya arenaria","W-Msc-140430"
122.5,40.5,1,"Mya arenaria","W-Msc-140430"
129.5,40.5,1,"Mya arenaria","W-Msc-140430"
130,40.5,1,"Mya arenaria","W-Msc-140430"
140,40.5,0.79,"Mya arenaria","W-Msc-140430"
140.5,40.5,0.88,"Mya arenaria","W-Msc-140430"
141,40.5,0.98,"Mya arenaria","W-Msc-140430"
141.5,40.5,1,"Mya arenaria","W-Msc-140430"
142,40.5,1,"Mya arenaria","W-Msc-140430"
142.5,40.5,0.43,"Mya arenaria","W-Msc-140430"
-124.5,40,0.42,"Mya arenaria","W-Msc-140430"
-124,40,0.73,"Mya arenaria","W-Msc-140430"
-74,40,1,"Mya arenaria","W-Msc-140430"
-73.5,40,1,"Mya arenaria","W-Msc-140430"
-73,40,1,"Mya arenaria","W-Msc-140430"
-72.5,40,0.92,"Mya arenaria","W-Msc-140430"
-72,40,0.85,"Mya arenaria","W-Msc-140430"
-71.5,40,0.77,"Mya arenaria","W-Msc-140430"
-71,40,0.69,"Mya arenaria","W-Msc-140430"
-70.5,40,0.68,"Mya arenaria","W-Msc-140430"
-70,40,0.73,"Mya arenaria","W-Msc-140430"
-69.5,40,0.78,"Mya arenaria","W-Msc-140430"
-69,40,0.78,"Mya arenaria","W-Msc-140430"
-68.5,40,0.78,"Mya arenaria","W-Msc-140430"
-68,40,0.74,"Mya arenaria","W-Msc-140430"
-67.5,40,0.27,"Mya arenaria","W-Msc-140430"
-67,40,0.16,"Mya arenaria","W-Msc-140430"
-9.5,40,0.08,"Mya arenaria","W-Msc-140430"
-9,40,0.55,"Mya arenaria","W-Msc-140430"
-8.5,40,0.72,"Mya arenaria","W-Msc-140430"
0.5,40,0.17,"Mya arenaria","W-Msc-140430"
1,40,0.17,"Mya arenaria","W-Msc-140430"
1.5,40,0.05,"Mya arenaria","W-Msc-140430"
3.5,40,0.01,"Mya arenaria","W-Msc-140430"
4,40,0.02,"Mya arenaria","W-Msc-140430"
4.5,40,0.03,"Mya arenaria","W-Msc-140430"
8.5,40,0.03,"Mya arenaria","W-Msc-140430"
9,40,0.02,"Mya arenaria","W-Msc-140430"
15.5,40,0.01,"Mya arenaria","W-Msc-140430"
16,40,0.01,"Mya arenaria","W-Msc-140430"
17,40,0.03,"Mya arenaria","W-Msc-140430"
17.5,40,0.01,"Mya arenaria","W-Msc-140430"
18.5,40,0.01,"Mya arenaria","W-Msc-140430"
19,40,0.01,"Mya arenaria","W-Msc-140430"
19.5,40,0.02,"Mya arenaria","W-Msc-140430"
20,40,0.08,"Mya arenaria","W-Msc-140430"
23,40,0.37,"Mya arenaria","W-Msc-140430"
23.5,40,0.37,"Mya arenaria","W-Msc-140430"
24,40,0.38,"Mya arenaria","W-Msc-140430"
24.5,40,0.15,"Mya arenaria","W-Msc-140430"
25.5,40,0.19,"Mya arenaria","W-Msc-140430"
26,40,0.49,"Mya arenaria","W-Msc-140430"
26.5,40,0.52,"Mya arenaria","W-Msc-140430"
27,40,0.55,"Mya arenaria","W-Msc-140430"
27.5,40,0.59,"Mya arenaria","W-Msc-140430"
28,40,0.62,"Mya arenaria","W-Msc-140430"
28.5,40,0.64,"Mya arenaria","W-Msc-140430"
29,40,0.65,"Mya arenaria","W-Msc-140430"
29.5,40,0.65,"Mya arenaria","W-Msc-140430"
120,40,1,"Mya arenaria","W-Msc-140430"
120.5,40,0.66,"Mya arenaria","W-Msc-140430"
121,40,0.75,"Mya arenaria","W-Msc-140430"
121.5,40,0.89,"Mya arenaria","W-Msc-140430"
122,40,1,"Mya arenaria","W-Msc-140430"
122.5,40,1,"Mya arenaria","W-Msc-140430"
128.5,40,1,"Mya arenaria","W-Msc-140430"
129,40,1,"Mya arenaria","W-Msc-140430"
129.5,40,1,"Mya arenaria","W-Msc-140430"
140,40,0.75,"Mya arenaria","W-Msc-140430"
140.5,40,0.85,"Mya arenaria","W-Msc-140430"
142,40,1,"Mya arenaria","W-Msc-140430"
142.5,40,0.84,"Mya arenaria","W-Msc-140430"
-124,39.5,0.73,"Mya arenaria","W-Msc-140430"
-123.5,39.5,0.53,"Mya arenaria","W-Msc-140430"
-76,39.5,0.8,"Mya arenaria","W-Msc-140430"
-75.5,39.5,0.81,"Mya arenaria","W-Msc-140430"
-75,39.5,0.84,"Mya arenaria","W-Msc-140430"
-74,39.5,1,"Mya arenaria","W-Msc-140430"
-73.5,39.5,0.97,"Mya arenaria","W-Msc-140430"
-73,39.5,0.92,"Mya arenaria","W-Msc-140430"
-72.5,39.5,0.77,"Mya arenaria","W-Msc-140430"
-72,39.5,0.65,"Mya arenaria","W-Msc-140430"
-71.5,39.5,0.47,"Mya arenaria","W-Msc-140430"
-71,39.5,0.2,"Mya arenaria","W-Msc-140430"
-69.5,39.5,0.21,"Mya arenaria","W-Msc-140430"
-69,39.5,0.24,"Mya arenaria","W-Msc-140430"
-31,39.5,0.31,"Mya arenaria","W-Msc-140430"
-9.5,39.5,0.32,"Mya arenaria","W-Msc-140430"
-9,39.5,0.65,"Mya arenaria","W-Msc-140430"
-8.5,39.5,0.66,"Mya arenaria","W-Msc-140430"
0,39.5,0.17,"Mya arenaria","W-Msc-140430"
0.5,39.5,0.09,"Mya arenaria","W-Msc-140430"
1,39.5,0.04,"Mya arenaria","W-Msc-140430"
2.5,39.5,0.01,"Mya arenaria","W-Msc-140430"
3,39.5,0.01,"Mya arenaria","W-Msc-140430"
4,39.5,0.01,"Mya arenaria","W-Msc-140430"
4.5,39.5,0.01,"Mya arenaria","W-Msc-140430"
8.5,39.5,0.01,"Mya arenaria","W-Msc-140430"
9,39.5,0.02,"Mya arenaria","W-Msc-140430"
10,39.5,0.01,"Mya arenaria","W-Msc-140430"
17,39.5,0.02,"Mya arenaria","W-Msc-140430"
17.5,39.5,0.01,"Mya arenaria","W-Msc-140430"
19.5,39.5,0.01,"Mya arenaria","W-Msc-140430"
20,39.5,0.03,"Mya arenaria","W-Msc-140430"
20.5,39.5,0.08,"Mya arenaria","W-Msc-140430"
23,39.5,0.36,"Mya arenaria","W-Msc-140430"
23.5,39.5,0.16,"Mya arenaria","W-Msc-140430"
24,39.5,0.06,"Mya arenaria","W-Msc-140430"
24.5,39.5,0.03,"Mya arenaria","W-Msc-140430"
25,39.5,0.03,"Mya arenaria","W-Msc-140430"
25.5,39.5,0.13,"Mya arenaria","W-Msc-140430"
26,39.5,0.47,"Mya arenaria","W-Msc-140430"
26.5,39.5,0.47,"Mya arenaria","W-Msc-140430"
27,39.5,0.49,"Mya arenaria","W-Msc-140430"
119.5,39.5,0.62,"Mya arenaria","W-Msc-140430"
120,39.5,0.49,"Mya arenaria","W-Msc-140430"
120.5,39.5,0.37,"Mya arenaria","W-Msc-140430"
121,39.5,0.29,"Mya arenaria","W-Msc-140430"
121.5,39.5,0.63,"Mya arenaria","W-Msc-140430"
122,39.5,1,"Mya arenaria","W-Msc-140430"
123,39.5,1,"Mya arenaria","W-Msc-140430"
123.5,39.5,1,"Mya arenaria","W-Msc-140430"
124,39.5,1,"Mya arenaria","W-Msc-140430"
124.5,39.5,1,"Mya arenaria","W-Msc-140430"
125,39.5,1,"Mya arenaria","W-Msc-140430"
125.5,39.5,1,"Mya arenaria","W-Msc-140430"
126,39.5,1,"Mya arenaria","W-Msc-140430"
128,39.5,1,"Mya arenaria","W-Msc-140430"
128.5,39.5,1,"Mya arenaria","W-Msc-140430"
129,39.5,0.26,"Mya arenaria","W-Msc-140430"
140,39.5,0.72,"Mya arenaria","W-Msc-140430"
140.5,39.5,0.8,"Mya arenaria","W-Msc-140430"
142,39.5,1,"Mya arenaria","W-Msc-140430"
142.5,39.5,1,"Mya arenaria","W-Msc-140430"
-123.5,39,0.64,"Mya arenaria","W-Msc-140430"
-76.5,39,0.73,"Mya arenaria","W-Msc-140430"
-76,39,0.71,"Mya arenaria","W-Msc-140430"
-75.5,39,0.69,"Mya arenaria","W-Msc-140430"
-75,39,0.58,"Mya arenaria","W-Msc-140430"
-74.5,39,0.87,"Mya arenaria","W-Msc-140430"
-74,39,0.95,"Mya arenaria","W-Msc-140430"
-73.5,39,0.91,"Mya arenaria","W-Msc-140430"
-73,39,0.81,"Mya arenaria","W-Msc-140430"
-72.5,39,0.6,"Mya arenaria","W-Msc-140430"
-72,39,0.31,"Mya arenaria","W-Msc-140430"
-31,39,0.29,"Mya arenaria","W-Msc-140430"
-28,39,0.33,"Mya arenaria","W-Msc-140430"
-27.5,39,0.33,"Mya arenaria","W-Msc-140430"
-9.5,39,0.44,"Mya arenaria","W-Msc-140430"
-9,39,0.62,"Mya arenaria","W-Msc-140430"
0,39,0.1,"Mya arenaria","W-Msc-140430"
0.5,39,0.04,"Mya arenaria","W-Msc-140430"
1.5,39,0.01,"Mya arenaria","W-Msc-140430"
2,39,0.01,"Mya arenaria","W-Msc-140430"
2.5,39,0.01,"Mya arenaria","W-Msc-140430"
3,39,0.01,"Mya arenaria","W-Msc-140430"
8.5,39,0.01,"Mya arenaria","W-Msc-140430"
9,39,0.01,"Mya arenaria","W-Msc-140430"
9.5,39,0.02,"Mya arenaria","W-Msc-140430"
10,39,0.01,"Mya arenaria","W-Msc-140430"
16.5,39,0.02,"Mya arenaria","W-Msc-140430"
17.5,39,0.01,"Mya arenaria","W-Msc-140430"
20.5,39,0.02,"Mya arenaria","W-Msc-140430"
21,39,0.07,"Mya arenaria","W-Msc-140430"
21.5,39,0.13,"Mya arenaria","W-Msc-140430"
23,39,0.29,"Mya arenaria","W-Msc-140430"
23.5,39,0.13,"Mya arenaria","W-Msc-140430"
24,39,0.03,"Mya arenaria","W-Msc-140430"
24.5,39,0.02,"Mya arenaria","W-Msc-140430"
25,39,0.04,"Mya arenaria","W-Msc-140430"
25.5,39,0.09,"Mya arenaria","W-Msc-140430"
26,39,0.21,"Mya arenaria","W-Msc-140430"
26.5,39,0.39,"Mya arenaria","W-Msc-140430"
27,39,0.41,"Mya arenaria","W-Msc-140430"
118,39,1,"Mya arenaria","W-Msc-140430"
118.5,39,1,"Mya arenaria","W-Msc-140430"
119,39,1,"Mya arenaria","W-Msc-140430"
119.5,39,0.89,"Mya arenaria","W-Msc-140430"
120,39,0.39,"Mya arenaria","W-Msc-140430"
120.5,39,0.03,"Mya arenaria","W-Msc-140430"
121,39,0.38,"Mya arenaria","W-Msc-140430"
121.5,39,0.56,"Mya arenaria","W-Msc-140430"
122,39,1,"Mya arenaria","W-Msc-140430"
122.5,39,1,"Mya arenaria","W-Msc-140430"
123,39,0.97,"Mya arenaria","W-Msc-140430"
123.5,39,0.88,"Mya arenaria","W-Msc-140430"
124,39,0.93,"Mya arenaria","W-Msc-140430"
124.5,39,0.98,"Mya arenaria","W-Msc-140430"
125,39,1,"Mya arenaria","W-Msc-140430"
125.5,39,1,"Mya arenaria","W-Msc-140430"
127.5,39,1,"Mya arenaria","W-Msc-140430"
128,39,1,"Mya arenaria","W-Msc-140430"
128.5,39,1,"Mya arenaria","W-Msc-140430"
135.5,39,0.85,"Mya arenaria","W-Msc-140430"
139,39,0.18,"Mya arenaria","W-Msc-140430"
140,39,0.68,"Mya arenaria","W-Msc-140430"
140.5,39,0.77,"Mya arenaria","W-Msc-140430"
142,39,0.98,"Mya arenaria","W-Msc-140430"
142.5,39,0.99,"Mya arenaria","W-Msc-140430"
-123.5,38.5,0.71,"Mya arenaria","W-Msc-140430"
-123,38.5,0.44,"Mya arenaria","W-Msc-140430"
-77,38.5,0.71,"Mya arenaria","W-Msc-140430"
-76.5,38.5,0.66,"Mya arenaria","W-Msc-140430"
-76,38.5,0.65,"Mya arenaria","W-Msc-140430"
-75.5,38.5,0.74,"Mya arenaria","W-Msc-140430"
-75,38.5,0.91,"Mya arenaria","W-Msc-140430"
-74.5,38.5,0.93,"Mya arenaria","W-Msc-140430"
-74,38.5,0.87,"Mya arenaria","W-Msc-140430"
-73.5,38.5,0.81,"Mya arenaria","W-Msc-140430"
-73,38.5,0.65,"Mya arenaria","W-Msc-140430"
-72.5,38.5,0.4,"Mya arenaria","W-Msc-140430"
-28.5,38.5,0.3,"Mya arenaria","W-Msc-140430"
-28,38.5,0.31,"Mya arenaria","W-Msc-140430"
-27.5,38.5,0.32,"Mya arenaria","W-Msc-140430"
-27,38.5,0.32,"Mya arenaria","W-Msc-140430"
-26.5,38.5,0.31,"Mya arenaria","W-Msc-140430"
-9.5,38.5,0.41,"Mya arenaria","W-Msc-140430"
-9,38.5,0.6,"Mya arenaria","W-Msc-140430"
-8.5,38.5,0.56,"Mya arenaria","W-Msc-140430"
0,38.5,0.12,"Mya arenaria","W-Msc-140430"
0.5,38.5,0.05,"Mya arenaria","W-Msc-140430"
1.5,38.5,0.01,"Mya arenaria","W-Msc-140430"
2,38.5,0.01,"Mya arenaria","W-Msc-140430"
9,38.5,0.01,"Mya arenaria","W-Msc-140430"
16,38.5,0.01,"Mya arenaria","W-Msc-140430"
16.5,38.5,0.01,"Mya arenaria","W-Msc-140430"
17,38.5,0.02,"Mya arenaria","W-Msc-140430"
17.5,38.5,0.01,"Mya arenaria","W-Msc-140430"
21,38.5,0.02,"Mya arenaria","W-Msc-140430"
21.5,38.5,0.08,"Mya arenaria","W-Msc-140430"
23,38.5,0.31,"Mya arenaria","W-Msc-140430"
23.5,38.5,0.31,"Mya arenaria","W-Msc-140430"
24,38.5,0.13,"Mya arenaria","W-Msc-140430"
24.5,38.5,0.02,"Mya arenaria","W-Msc-140430"
25,38.5,0.03,"Mya arenaria","W-Msc-140430"
25.5,38.5,0.02,"Mya arenaria","W-Msc-140430"
26,38.5,0.05,"Mya arenaria","W-Msc-140430"
26.5,38.5,0.07,"Mya arenaria","W-Msc-140430"
27,38.5,0.05,"Mya arenaria","W-Msc-140430"
27.5,38.5,0.28,"Mya arenaria","W-Msc-140430"
118,38.5,0.96,"Mya arenaria","W-Msc-140430"
118.5,38.5,1,"Mya arenaria","W-Msc-140430"
119,38.5,1,"Mya arenaria","W-Msc-140430"
119.5,38.5,0.6,"Mya arenaria","W-Msc-140430"
120,38.5,0.38,"Mya arenaria","W-Msc-140430"
120.5,38.5,0.28,"Mya arenaria","W-Msc-140430"
121,38.5,0.73,"Mya arenaria","W-Msc-140430"
121.5,38.5,1,"Mya arenaria","W-Msc-140430"
122,38.5,1,"Mya arenaria","W-Msc-140430"
122.5,38.5,1,"Mya arenaria","W-Msc-140430"
123,38.5,0.81,"Mya arenaria","W-Msc-140430"
123.5,38.5,0.84,"Mya arenaria","W-Msc-140430"
124,38.5,0.77,"Mya arenaria","W-Msc-140430"
124.5,38.5,0.76,"Mya arenaria","W-Msc-140430"
125,38.5,1,"Mya arenaria","W-Msc-140430"
125.5,38.5,1,"Mya arenaria","W-Msc-140430"
126,38.5,1,"Mya arenaria","W-Msc-140430"
128,38.5,1,"Mya arenaria","W-Msc-140430"
128.5,38.5,0.94,"Mya arenaria","W-Msc-140430"
129,38.5,0.78,"Mya arenaria","W-Msc-140430"
138.5,38.5,0.3,"Mya arenaria","W-Msc-140430"
139,38.5,0.28,"Mya arenaria","W-Msc-140430"
139.5,38.5,0.65,"Mya arenaria","W-Msc-140430"
140,38.5,0.69,"Mya arenaria","W-Msc-140430"
141.5,38.5,0.88,"Mya arenaria","W-Msc-140430"
142,38.5,0.94,"Mya arenaria","W-Msc-140430"
-123,38,0.67,"Mya arenaria","W-Msc-140430"
-122.5,38,0.23,"Mya arenaria","W-Msc-140430"
-122,38,0.13,"Mya arenaria","W-Msc-140430"
-77,38,0.67,"Mya arenaria","W-Msc-140430"
-76.5,38,0.59,"Mya arenaria","W-Msc-140430"
-76,38,0.54,"Mya arenaria","W-Msc-140430"
-75.5,38,0.84,"Mya arenaria","W-Msc-140430"
-75,38,0.88,"Mya arenaria","W-Msc-140430"
-74.5,38,0.85,"Mya arenaria","W-Msc-140430"
-74,38,0.73,"Mya arenaria","W-Msc-140430"
-73.5,38,0.55,"Mya arenaria","W-Msc-140430"
-73,38,0.33,"Mya arenaria","W-Msc-140430"
-28,38,0.28,"Mya arenaria","W-Msc-140430"
-27.5,38,0.29,"Mya arenaria","W-Msc-140430"
-9,38,0.52,"Mya arenaria","W-Msc-140430"
-8.5,38,0.51,"Mya arenaria","W-Msc-140430"
-0.5,38,0.16,"Mya arenaria","W-Msc-140430"
0,38,0.13,"Mya arenaria","W-Msc-140430"
0.5,38,0.03,"Mya arenaria","W-Msc-140430"
13,38,0.01,"Mya arenaria","W-Msc-140430"
15.5,38,0.01,"Mya arenaria","W-Msc-140430"
16,38,0.01,"Mya arenaria","W-Msc-140430"
16.5,38,0.01,"Mya arenaria","W-Msc-140430"
17,38,0.01,"Mya arenaria","W-Msc-140430"
21,38,0.01,"Mya arenaria","W-Msc-140430"
21.5,38,0.03,"Mya arenaria","W-Msc-140430"
22,38,0.09,"Mya arenaria","W-Msc-140430"
22.5,38,0.14,"Mya arenaria","W-Msc-140430"
23,38,0.26,"Mya arenaria","W-Msc-140430"
23.5,38,0.27,"Mya arenaria","W-Msc-140430"
24,38,0.22,"Mya arenaria","W-Msc-140430"
24.5,38,0.07,"Mya arenaria","W-Msc-140430"
25,38,0.03,"Mya arenaria","W-Msc-140430"
26,38,0.02,"Mya arenaria","W-Msc-140430"
26.5,38,0.03,"Mya arenaria","W-Msc-140430"
27,38,0.04,"Mya arenaria","W-Msc-140430"
27.5,38,0.12,"Mya arenaria","W-Msc-140430"
118,38,0.94,"Mya arenaria","W-Msc-140430"
118.5,38,1,"Mya arenaria","W-Msc-140430"
119,38,1,"Mya arenaria","W-Msc-140430"
119.5,38,1,"Mya arenaria","W-Msc-140430"
120,38,0.47,"Mya arenaria","W-Msc-140430"
120.5,38,0.41,"Mya arenaria","W-Msc-140430"
121,38,0.48,"Mya arenaria","W-Msc-140430"
121.5,38,0.56,"Mya arenaria","W-Msc-140430"
122,38,0.79,"Mya arenaria","W-Msc-140430"
122.5,38,0.85,"Mya arenaria","W-Msc-140430"
123,38,0.88,"Mya arenaria","W-Msc-140430"
123.5,38,0.95,"Mya arenaria","W-Msc-140430"
124,38,1,"Mya arenaria","W-Msc-140430"
124.5,38,1,"Mya arenaria","W-Msc-140430"
125,38,1,"Mya arenaria","W-Msc-140430"
125.5,38,1,"Mya arenaria","W-Msc-140430"
126,38,1,"Mya arenaria","W-Msc-140430"
128.5,38,0.88,"Mya arenaria","W-Msc-140430"
129,38,0.81,"Mya arenaria","W-Msc-140430"
137,38,0.16,"Mya arenaria","W-Msc-140430"
137.5,38,0.27,"Mya arenaria","W-Msc-140430"
138.5,38,0.63,"Mya arenaria","W-Msc-140430"
139,38,0.62,"Mya arenaria","W-Msc-140430"
139.5,38,0.63,"Mya arenaria","W-Msc-140430"
141,38,0.79,"Mya arenaria","W-Msc-140430"
141.5,38,0.87,"Mya arenaria","W-Msc-140430"
142,38,0.86,"Mya arenaria","W-Msc-140430"
-123,37.5,0.75,"Mya arenaria","W-Msc-140430"
-122.5,37.5,0.06,"Mya arenaria","W-Msc-140430"
-76.5,37.5,0.71,"Mya arenaria","W-Msc-140430"
-76,37.5,0.75,"Mya arenaria","W-Msc-140430"
-75.5,37.5,0.79,"Mya arenaria","W-Msc-140430"
-75,37.5,0.82,"Mya arenaria","W-Msc-140430"
-74.5,37.5,0.75,"Mya arenaria","W-Msc-140430"
-74,37.5,0.54,"Mya arenaria","W-Msc-140430"
-73.5,37.5,0.03,"Mya arenaria","W-Msc-140430"
-25.5,37.5,0.22,"Mya arenaria","W-Msc-140430"
-25,37.5,0.24,"Mya arenaria","W-Msc-140430"
-8.5,37.5,0.46,"Mya arenaria","W-Msc-140430"
-1,37.5,0.19,"Mya arenaria","W-Msc-140430"
-0.5,37.5,0.19,"Mya arenaria","W-Msc-140430"
0,37.5,0.06,"Mya arenaria","W-Msc-140430"
13,37.5,0.01,"Mya arenaria","W-Msc-140430"
13.5,37.5,0.01,"Mya arenaria","W-Msc-140430"
15.5,37.5,0.01,"Mya arenaria","W-Msc-140430"
16,37.5,0.01,"Mya arenaria","W-Msc-140430"
16.5,37.5,0.01,"Mya arenaria","W-Msc-140430"
21.5,37.5,0.01,"Mya arenaria","W-Msc-140430"
22,37.5,0.08,"Mya arenaria","W-Msc-140430"
23,37.5,0.17,"Mya arenaria","W-Msc-140430"
23.5,37.5,0.17,"Mya arenaria","W-Msc-140430"
24,37.5,0.17,"Mya arenaria","W-Msc-140430"
24.5,37.5,0.06,"Mya arenaria","W-Msc-140430"
25,37.5,0.01,"Mya arenaria","W-Msc-140430"
25.5,37.5,0.01,"Mya arenaria","W-Msc-140430"
26,37.5,0.01,"Mya arenaria","W-Msc-140430"
26.5,37.5,0.01,"Mya arenaria","W-Msc-140430"
27,37.5,0.02,"Mya arenaria","W-Msc-140430"
27.5,37.5,0.03,"Mya arenaria","W-Msc-140430"
119,37.5,0.99,"Mya arenaria","W-Msc-140430"
119.5,37.5,1,"Mya arenaria","W-Msc-140430"
120,37.5,0.89,"Mya arenaria","W-Msc-140430"
120.5,37.5,0.53,"Mya arenaria","W-Msc-140430"
121,37.5,0.46,"Mya arenaria","W-Msc-140430"
121.5,37.5,0.31,"Mya arenaria","W-Msc-140430"
122,37.5,0.31,"Mya arenaria","W-Msc-140430"
122.5,37.5,0.49,"Mya arenaria","W-Msc-140430"
123,37.5,1,"Mya arenaria","W-Msc-140430"
123.5,37.5,0.98,"Mya arenaria","W-Msc-140430"
124,37.5,0.98,"Mya arenaria","W-Msc-140430"
124.5,37.5,1,"Mya arenaria","W-Msc-140430"
125,37.5,1,"Mya arenaria","W-Msc-140430"
125.5,37.5,1,"Mya arenaria","W-Msc-140430"
126,37.5,1,"Mya arenaria","W-Msc-140430"
126.5,37.5,0.82,"Mya arenaria","W-Msc-140430"
127,37.5,0.91,"Mya arenaria","W-Msc-140430"
129,37.5,0.78,"Mya arenaria","W-Msc-140430"
129.5,37.5,0.72,"Mya arenaria","W-Msc-140430"
131,37.5,0.66,"Mya arenaria","W-Msc-140430"
136.5,37.5,0.44,"Mya arenaria","W-Msc-140430"
137,37.5,0.57,"Mya arenaria","W-Msc-140430"
137.5,37.5,0.58,"Mya arenaria","W-Msc-140430"
138,37.5,0.32,"Mya arenaria","W-Msc-140430"
138.5,37.5,0.6,"Mya arenaria","W-Msc-140430"
139,37.5,0.61,"Mya arenaria","W-Msc-140430"
139.5,37.5,0.61,"Mya arenaria","W-Msc-140430"
141,37.5,0.74,"Mya arenaria","W-Msc-140430"
141.5,37.5,0.81,"Mya arenaria","W-Msc-140430"
142,37.5,0.52,"Mya arenaria","W-Msc-140430"
-122.5,37,0.2,"Mya arenaria","W-Msc-140430"
-122,37,0.2,"Mya arenaria","W-Msc-140430"
-76.5,37,0.71,"Mya arenaria","W-Msc-140430"
-76,37,0.72,"Mya arenaria","W-Msc-140430"
-75.5,37,0.76,"Mya arenaria","W-Msc-140430"
-75,37,0.73,"Mya arenaria","W-Msc-140430"
-74.5,37,0.61,"Mya arenaria","W-Msc-140430"
-74,37,0.28,"Mya arenaria","W-Msc-140430"
-25,37,0.12,"Mya arenaria","W-Msc-140430"
-24.5,37,0.1,"Mya arenaria","W-Msc-140430"
-9,37,0.29,"Mya arenaria","W-Msc-140430"
-8.5,37,0.41,"Mya arenaria","W-Msc-140430"
-8,37,0.39,"Mya arenaria","W-Msc-140430"
-7.5,37,0.38,"Mya arenaria","W-Msc-140430"
-7,37,0.36,"Mya arenaria","W-Msc-140430"
-6.5,37,0.37,"Mya arenaria","W-Msc-140430"
-1.5,37,0.21,"Mya arenaria","W-Msc-140430"
-1,37,0.18,"Mya arenaria","W-Msc-140430"
6.5,37,0.11,"Mya arenaria","W-Msc-140430"
7,37,0.05,"Mya arenaria","W-Msc-140430"
7.5,37,0.08,"Mya arenaria","W-Msc-140430"
8,37,0.05,"Mya arenaria","W-Msc-140430"
8.5,37,0.03,"Mya arenaria","W-Msc-140430"
9,37,0.03,"Mya arenaria","W-Msc-140430"
9.5,37,0.04,"Mya arenaria","W-Msc-140430"
10,37,0.04,"Mya arenaria","W-Msc-140430"
10.5,37,0.09,"Mya arenaria","W-Msc-140430"
11,37,0.01,"Mya arenaria","W-Msc-140430"
13,37,0.01,"Mya arenaria","W-Msc-140430"
13.5,37,0.01,"Mya arenaria","W-Msc-140430"
14,37,0.01,"Mya arenaria","W-Msc-140430"
14.5,37,0.01,"Mya arenaria","W-Msc-140430"
15.5,37,0.01,"Mya arenaria","W-Msc-140430"
21.5,37,0.01,"Mya arenaria","W-Msc-140430"
22,37,0.03,"Mya arenaria","W-Msc-140430"
22.5,37,0.08,"Mya arenaria","W-Msc-140430"
23,37,0.13,"Mya arenaria","W-Msc-140430"
23.5,37,0.05,"Mya arenaria","W-Msc-140430"
24,37,0.02,"Mya arenaria","W-Msc-140430"
24.5,37,0.01,"Mya arenaria","W-Msc-140430"
25,37,0.01,"Mya arenaria","W-Msc-140430"
25.5,37,0.01,"Mya arenaria","W-Msc-140430"
28,37,0.02,"Mya arenaria","W-Msc-140430"
28.5,37,0.04,"Mya arenaria","W-Msc-140430"
119,37,0.95,"Mya arenaria","W-Msc-140430"
119.5,37,0.96,"Mya arenaria","W-Msc-140430"
120,37,0.98,"Mya arenaria","W-Msc-140430"
120.5,37,0.99,"Mya arenaria","W-Msc-140430"
122,37,0.46,"Mya arenaria","W-Msc-140430"
122.5,37,0.58,"Mya arenaria","W-Msc-140430"
123,37,0.92,"Mya arenaria","W-Msc-140430"
123.5,37,0.95,"Mya arenaria","W-Msc-140430"
124,37,0.88,"Mya arenaria","W-Msc-140430"
124.5,37,0.91,"Mya arenaria","W-Msc-140430"
125,37,0.96,"Mya arenaria","W-Msc-140430"
125.5,37,1,"Mya arenaria","W-Msc-140430"
126,37,1,"Mya arenaria","W-Msc-140430"
126.5,37,0.53,"Mya arenaria","W-Msc-140430"
127,37,0.98,"Mya arenaria","W-Msc-140430"
129.5,37,0.67,"Mya arenaria","W-Msc-140430"
130,37,0.48,"Mya arenaria","W-Msc-140430"
131,37,0.62,"Mya arenaria","W-Msc-140430"
132,37,0.55,"Mya arenaria","W-Msc-140430"
132.5,37,0.01,"Mya arenaria","W-Msc-140430"
133,37,0.08,"Mya arenaria","W-Msc-140430"
133.5,37,0.1,"Mya arenaria","W-Msc-140430"
136.5,37,0.29,"Mya arenaria","W-Msc-140430"
137,37,0.55,"Mya arenaria","W-Msc-140430"
137.5,37,0.56,"Mya arenaria","W-Msc-140430"
138,37,0.57,"Mya arenaria","W-Msc-140430"
138.5,37,0.59,"Mya arenaria","W-Msc-140430"
139,37,0.57,"Mya arenaria","W-Msc-140430"
141,37,0.66,"Mya arenaria","W-Msc-140430"
141.5,37,0.69,"Mya arenaria","W-Msc-140430"
-122,36.5,0.4,"Mya arenaria","W-Msc-140430"
-121.5,36.5,0.3,"Mya arenaria","W-Msc-140430"
-76,36.5,0.63,"Mya arenaria","W-Msc-140430"
-75.5,36.5,0.71,"Mya arenaria","W-Msc-140430"
-75,36.5,0.65,"Mya arenaria","W-Msc-140430"
-74.5,36.5,0.5,"Mya arenaria","W-Msc-140430"
-25,36.5,0.06,"Mya arenaria","W-Msc-140430"
-9,36.5,0.02,"Mya arenaria","W-Msc-140430"
-8.5,36.5,0.12,"Mya arenaria","W-Msc-140430"
-8,36.5,0.15,"Mya arenaria","W-Msc-140430"
-7.5,36.5,0.2,"Mya arenaria","W-Msc-140430"
-7,36.5,0.21,"Mya arenaria","W-Msc-140430"
-6.5,36.5,0.32,"Mya arenaria","W-Msc-140430"
-6,36.5,0.34,"Mya arenaria","W-Msc-140430"
-4.5,36.5,0.34,"Mya arenaria","W-Msc-140430"
-4,36.5,0.33,"Mya arenaria","W-Msc-140430"
-3.5,36.5,0.32,"Mya arenaria","W-Msc-140430"
-3,36.5,0.3,"Mya arenaria","W-Msc-140430"
-2.5,36.5,0.28,"Mya arenaria","W-Msc-140430"
-2,36.5,0.26,"Mya arenaria","W-Msc-140430"
-1.5,36.5,0.23,"Mya arenaria","W-Msc-140430"
1.5,36.5,0.08,"Mya arenaria","W-Msc-140430"
2,36.5,0.06,"Mya arenaria","W-Msc-140430"
2.5,36.5,0.04,"Mya arenaria","W-Msc-140430"
3,36.5,0.12,"Mya arenaria","W-Msc-140430"
3.5,36.5,0.12,"Mya arenaria","W-Msc-140430"
4,36.5,0.13,"Mya arenaria","W-Msc-140430"
4.5,36.5,0.14,"Mya arenaria","W-Msc-140430"
5,36.5,0.15,"Mya arenaria","W-Msc-140430"
5.5,36.5,0.16,"Mya arenaria","W-Msc-140430"
6,36.5,0.13,"Mya arenaria","W-Msc-140430"
6.5,36.5,0.1,"Mya arenaria","W-Msc-140430"
7,36.5,0.08,"Mya arenaria","W-Msc-140430"
7.5,36.5,0.07,"Mya arenaria","W-Msc-140430"
8,36.5,0.05,"Mya arenaria","W-Msc-140430"
8.5,36.5,0.04,"Mya arenaria","W-Msc-140430"
9,36.5,0.03,"Mya arenaria","W-Msc-140430"
10.5,36.5,0.04,"Mya arenaria","W-Msc-140430"
11,36.5,0.03,"Mya arenaria","W-Msc-140430"
13,36.5,0.01,"Mya arenaria","W-Msc-140430"
13.5,36.5,0.01,"Mya arenaria","W-Msc-140430"
14.5,36.5,0.02,"Mya arenaria","W-Msc-140430"
15,36.5,0.02,"Mya arenaria","W-Msc-140430"
15.5,36.5,0.01,"Mya arenaria","W-Msc-140430"
22,36.5,0.01,"Mya arenaria","W-Msc-140430"
22.5,36.5,0.02,"Mya arenaria","W-Msc-140430"
23,36.5,0.03,"Mya arenaria","W-Msc-140430"
23.5,36.5,0.02,"Mya arenaria","W-Msc-140430"
24,36.5,0.01,"Mya arenaria","W-Msc-140430"
24.5,36.5,0.01,"Mya arenaria","W-Msc-140430"
25,36.5,0.01,"Mya arenaria","W-Msc-140430"
29.5,36.5,0.01,"Mya arenaria","W-Msc-140430"
32.5,36.5,0.01,"Mya arenaria","W-Msc-140430"
36.5,36.5,0.03,"Mya arenaria","W-Msc-140430"
121,36.5,0.93,"Mya arenaria","W-Msc-140430"
121.5,36.5,0.63,"Mya arenaria","W-Msc-140430"
122,36.5,0.52,"Mya arenaria","W-Msc-140430"
122.5,36.5,0.54,"Mya arenaria","W-Msc-140430"
123,36.5,0.95,"Mya arenaria","W-Msc-140430"
123.5,36.5,0.86,"Mya arenaria","W-Msc-140430"
124,36.5,0.66,"Mya arenaria","W-Msc-140430"
124.5,36.5,0.79,"Mya arenaria","W-Msc-140430"
125,36.5,0.85,"Mya arenaria","W-Msc-140430"
125.5,36.5,0.96,"Mya arenaria","W-Msc-140430"
126,36.5,1,"Mya arenaria","W-Msc-140430"
126.5,36.5,1,"Mya arenaria","W-Msc-140430"
127,36.5,0.95,"Mya arenaria","W-Msc-140430"
129.5,36.5,0.63,"Mya arenaria","W-Msc-140430"
130,36.5,0.59,"Mya arenaria","W-Msc-140430"
133,36.5,0.11,"Mya arenaria","W-Msc-140430"
133.5,36.5,0.05,"Mya arenaria","W-Msc-140430"
136.5,36.5,0.52,"Mya arenaria","W-Msc-140430"
137,36.5,0.52,"Mya arenaria","W-Msc-140430"
137.5,36.5,0.52,"Mya arenaria","W-Msc-140430"
138,36.5,0.52,"Mya arenaria","W-Msc-140430"
141,36.5,0.58,"Mya arenaria","W-Msc-140430"
141.5,36.5,0.55,"Mya arenaria","W-Msc-140430"
-121.5,36,0.53,"Mya arenaria","W-Msc-140430"
-121,36,0.38,"Mya arenaria","W-Msc-140430"
-76.5,36,0.49,"Mya arenaria","W-Msc-140430"
-76,36,0.49,"Mya arenaria","W-Msc-140430"
-75.5,36,0.6,"Mya arenaria","W-Msc-140430"
-75,36,0.5,"Mya arenaria","W-Msc-140430"
-74.5,36,0.25,"Mya arenaria","W-Msc-140430"
-6.5,36,0.2,"Mya arenaria","W-Msc-140430"
-6,36,0.33,"Mya arenaria","W-Msc-140430"
-5.5,36,0.35,"Mya arenaria","W-Msc-140430"
-5,36,0.37,"Mya arenaria","W-Msc-140430"
-4.5,36,0.34,"Mya arenaria","W-Msc-140430"
-4,36,0.06,"Mya arenaria","W-Msc-140430"
-2.5,36,0.14,"Mya arenaria","W-Msc-140430"
0,36,0.17,"Mya arenaria","W-Msc-140430"
0.5,36,0.24,"Mya arenaria","W-Msc-140430"
1,36,0.18,"Mya arenaria","W-Msc-140430"
10.5,36,0.03,"Mya arenaria","W-Msc-140430"
11,36,0.02,"Mya arenaria","W-Msc-140430"
14.5,36,0.01,"Mya arenaria","W-Msc-140430"
23,36,0.01,"Mya arenaria","W-Msc-140430"
23.5,36,0.01,"Mya arenaria","W-Msc-140430"
36.5,36,0.01,"Mya arenaria","W-Msc-140430"
120.5,36,0.9,"Mya arenaria","W-Msc-140430"
121,36,0.89,"Mya arenaria","W-Msc-140430"
121.5,36,0.76,"Mya arenaria","W-Msc-140430"
122,36,0.47,"Mya arenaria","W-Msc-140430"
122.5,36,0.67,"Mya arenaria","W-Msc-140430"
123,36,0.76,"Mya arenaria","W-Msc-140430"
123.5,36,0.62,"Mya arenaria","W-Msc-140430"
124,36,0.63,"Mya arenaria","W-Msc-140430"
124.5,36,0.62,"Mya arenaria","W-Msc-140430"
125,36,0.7,"Mya arenaria","W-Msc-140430"
125.5,36,0.88,"Mya arenaria","W-Msc-140430"
126,36,0.94,"Mya arenaria","W-Msc-140430"
126.5,36,0.95,"Mya arenaria","W-Msc-140430"
127,36,0.89,"Mya arenaria","W-Msc-140430"
129.5,36,0.58,"Mya arenaria","W-Msc-140430"
130,36,0.55,"Mya arenaria","W-Msc-140430"
133,36,0.46,"Mya arenaria","W-Msc-140430"
133.5,36,0.46,"Mya arenaria","W-Msc-140430"
134,36,0.49,"Mya arenaria","W-Msc-140430"
135.5,36,0.2,"Mya arenaria","W-Msc-140430"
136,36,0.44,"Mya arenaria","W-Msc-140430"
136.5,36,0.48,"Mya arenaria","W-Msc-140430"
141,36,0.45,"Mya arenaria","W-Msc-140430"
141.5,36,0.22,"Mya arenaria","W-Msc-140430"
-121,35.5,0.59,"Mya arenaria","W-Msc-140430"
-76.5,35.5,0.37,"Mya arenaria","W-Msc-140430"
-76,35.5,0.33,"Mya arenaria","W-Msc-140430"
-75.5,35.5,0.35,"Mya arenaria","W-Msc-140430"
-75,35.5,0.24,"Mya arenaria","W-Msc-140430"
-5,35.5,0.32,"Mya arenaria","W-Msc-140430"
-4.5,35.5,0.06,"Mya arenaria","W-Msc-140430"
-3.5,35.5,0.05,"Mya arenaria","W-Msc-140430"
-3,35.5,0.09,"Mya arenaria","W-Msc-140430"
-2.5,35.5,0.14,"Mya arenaria","W-Msc-140430"
-2,35.5,0.02,"Mya arenaria","W-Msc-140430"
-1,35.5,0.13,"Mya arenaria","W-Msc-140430"
-0.5,35.5,0.15,"Mya arenaria","W-Msc-140430"
0,35.5,0.16,"Mya arenaria","W-Msc-140430"
0.5,35.5,0.15,"Mya arenaria","W-Msc-140430"
11,35.5,0.02,"Mya arenaria","W-Msc-140430"
11.5,35.5,0.01,"Mya arenaria","W-Msc-140430"
14.5,35.5,0.01,"Mya arenaria","W-Msc-140430"
15,35.5,0.01,"Mya arenaria","W-Msc-140430"
120,35.5,0.87,"Mya arenaria","W-Msc-140430"
120.5,35.5,0.88,"Mya arenaria","W-Msc-140430"
121,35.5,0.84,"Mya arenaria","W-Msc-140430"
121.5,35.5,0.62,"Mya arenaria","W-Msc-140430"
122,35.5,0.77,"Mya arenaria","W-Msc-140430"
122.5,35.5,0.75,"Mya arenaria","W-Msc-140430"
123,35.5,0.69,"Mya arenaria","W-Msc-140430"
123.5,35.5,0.58,"Mya arenaria","W-Msc-140430"
124,35.5,0.6,"Mya arenaria","W-Msc-140430"
124.5,35.5,0.63,"Mya arenaria","W-Msc-140430"
125,35.5,0.57,"Mya arenaria","W-Msc-140430"
125.5,35.5,0.75,"Mya arenaria","W-Msc-140430"
126,35.5,0.89,"Mya arenaria","W-Msc-140430"
126.5,35.5,0.9,"Mya arenaria","W-Msc-140430"
127,35.5,0.83,"Mya arenaria","W-Msc-140430"
129.5,35.5,0.52,"Mya arenaria","W-Msc-140430"
130,35.5,0.47,"Mya arenaria","W-Msc-140430"
130.5,35.5,0.25,"Mya arenaria","W-Msc-140430"
131,35.5,0.15,"Mya arenaria","W-Msc-140430"
131.5,35.5,0.32,"Mya arenaria","W-Msc-140430"
132,35.5,0.13,"Mya arenaria","W-Msc-140430"
132.5,35.5,0.24,"Mya arenaria","W-Msc-140430"
133,35.5,0.42,"Mya arenaria","W-Msc-140430"
133.5,35.5,0.44,"Mya arenaria","W-Msc-140430"
134,35.5,0.45,"Mya arenaria","W-Msc-140430"
134.5,35.5,0.46,"Mya arenaria","W-Msc-140430"
135,35.5,0.47,"Mya arenaria","W-Msc-140430"
135.5,35.5,0.48,"Mya arenaria","W-Msc-140430"
136,35.5,0.48,"Mya arenaria","W-Msc-140430"
136.5,35.5,0.44,"Mya arenaria","W-Msc-140430"
140,35.5,0.16,"Mya arenaria","W-Msc-140430"
140.5,35.5,0.27,"Mya arenaria","W-Msc-140430"
141,35.5,0.4,"Mya arenaria","W-Msc-140430"
141.5,35.5,0.26,"Mya arenaria","W-Msc-140430"
-121,35,0.45,"Mya arenaria","W-Msc-140430"
-120.5,35,0.64,"Mya arenaria","W-Msc-140430"
-76.5,35,0.23,"Mya arenaria","W-Msc-140430"
-76,35,0.12,"Mya arenaria","W-Msc-140430"
-75.5,35,0.06,"Mya arenaria","W-Msc-140430"
-5,35,0.29,"Mya arenaria","W-Msc-140430"
-4.5,35,0.22,"Mya arenaria","W-Msc-140430"
-4,35,0.17,"Mya arenaria","W-Msc-140430"
-3.5,35,0.15,"Mya arenaria","W-Msc-140430"
-3,35,0.12,"Mya arenaria","W-Msc-140430"
-2.5,35,0.11,"Mya arenaria","W-Msc-140430"
-2,35,0.09,"Mya arenaria","W-Msc-140430"
-1.5,35,0.14,"Mya arenaria","W-Msc-140430"
-1,35,0.15,"Mya arenaria","W-Msc-140430"
11,35,0.02,"Mya arenaria","W-Msc-140430"
11.5,35,0.01,"Mya arenaria","W-Msc-140430"
12,35,0.01,"Mya arenaria","W-Msc-140430"
119.5,35,0.83,"Mya arenaria","W-Msc-140430"
120,35,0.85,"Mya arenaria","W-Msc-140430"
120.5,35,0.78,"Mya arenaria","W-Msc-140430"
121,35,0.79,"Mya arenaria","W-Msc-140430"
121.5,35,0.75,"Mya arenaria","W-Msc-140430"
122,35,0.74,"Mya arenaria","W-Msc-140430"
122.5,35,0.68,"Mya arenaria","W-Msc-140430"
123,35,0.57,"Mya arenaria","W-Msc-140430"
123.5,35,0.56,"Mya arenaria","W-Msc-140430"
124,35,0.54,"Mya arenaria","W-Msc-140430"
124.5,35,0.53,"Mya arenaria","W-Msc-140430"
125,35,0.53,"Mya arenaria","W-Msc-140430"
125.5,35,0.68,"Mya arenaria","W-Msc-140430"
126,35,0.88,"Mya arenaria","W-Msc-140430"
126.5,35,0.85,"Mya arenaria","W-Msc-140430"
127,35,0.76,"Mya arenaria","W-Msc-140430"
128,35,0.64,"Mya arenaria","W-Msc-140430"
128.5,35,0.59,"Mya arenaria","W-Msc-140430"
129,35,0.53,"Mya arenaria","W-Msc-140430"
129.5,35,0.45,"Mya arenaria","W-Msc-140430"
130,35,0.4,"Mya arenaria","W-Msc-140430"
130.5,35,0.28,"Mya arenaria","W-Msc-140430"
131,35,0.29,"Mya arenaria","W-Msc-140430"
131.5,35,0.38,"Mya arenaria","W-Msc-140430"
132,35,0.21,"Mya arenaria","W-Msc-140430"
132.5,35,0.39,"Mya arenaria","W-Msc-140430"
133,35,0.4,"Mya arenaria","W-Msc-140430"
137,35,0.24,"Mya arenaria","W-Msc-140430"
139,35,0.27,"Mya arenaria","W-Msc-140430"
139.5,35,0.13,"Mya arenaria","W-Msc-140430"
140,35,0.17,"Mya arenaria","W-Msc-140430"
140.5,35,0.22,"Mya arenaria","W-Msc-140430"
141,35,0.18,"Mya arenaria","W-Msc-140430"
141.5,35,0.03,"Mya arenaria","W-Msc-140430"
-120.5,34.5,0.68,"Mya arenaria","W-Msc-140430"
-120,34.5,0.65,"Mya arenaria","W-Msc-140430"
-77,34.5,0.19,"Mya arenaria","W-Msc-140430"
-76.5,34.5,0.09,"Mya arenaria","W-Msc-140430"
10.5,34.5,0.01,"Mya arenaria","W-Msc-140430"
11,34.5,0.01,"Mya arenaria","W-Msc-140430"
11.5,34.5,0.01,"Mya arenaria","W-Msc-140430"
12,34.5,0.01,"Mya arenaria","W-Msc-140430"
119.5,34.5,0.8,"Mya arenaria","W-Msc-140430"
120,34.5,0.81,"Mya arenaria","W-Msc-140430"
120.5,34.5,0.82,"Mya arenaria","W-Msc-140430"
121,34.5,0.79,"Mya arenaria","W-Msc-140430"
121.5,34.5,0.74,"Mya arenaria","W-Msc-140430"
122,34.5,0.72,"Mya arenaria","W-Msc-140430"
122.5,34.5,0.68,"Mya arenaria","W-Msc-140430"
123,34.5,0.55,"Mya arenaria","W-Msc-140430"
123.5,34.5,0.5,"Mya arenaria","W-Msc-140430"
124,34.5,0.51,"Mya arenaria","W-Msc-140430"
124.5,34.5,0.52,"Mya arenaria","W-Msc-140430"
125,34.5,0.55,"Mya arenaria","W-Msc-140430"
125.5,34.5,0.85,"Mya arenaria","W-Msc-140430"
126,34.5,0.9,"Mya arenaria","W-Msc-140430"
126.5,34.5,0.8,"Mya arenaria","W-Msc-140430"
127,34.5,0.7,"Mya arenaria","W-Msc-140430"
127.5,34.5,0.59,"Mya arenaria","W-Msc-140430"
128,34.5,0.58,"Mya arenaria","W-Msc-140430"
128.5,34.5,0.57,"Mya arenaria","W-Msc-140430"
129,34.5,0.49,"Mya arenaria","W-Msc-140430"
129.5,34.5,0.37,"Mya arenaria","W-Msc-140430"
130,34.5,0.34,"Mya arenaria","W-Msc-140430"
130.5,34.5,0.18,"Mya arenaria","W-Msc-140430"
131,34.5,0.25,"Mya arenaria","W-Msc-140430"
131.5,34.5,0.35,"Mya arenaria","W-Msc-140430"
132,34.5,0.37,"Mya arenaria","W-Msc-140430"
132.5,34.5,0.4,"Mya arenaria","W-Msc-140430"
134,34.5,0.37,"Mya arenaria","W-Msc-140430"
134.5,34.5,0.36,"Mya arenaria","W-Msc-140430"
135,34.5,0.19,"Mya arenaria","W-Msc-140430"
135.5,34.5,0.08,"Mya arenaria","W-Msc-140430"
137,34.5,0.08,"Mya arenaria","W-Msc-140430"
137.5,34.5,0.15,"Mya arenaria","W-Msc-140430"
138,34.5,0.25,"Mya arenaria","W-Msc-140430"
138.5,34.5,0.27,"Mya arenaria","W-Msc-140430"
139,34.5,0.26,"Mya arenaria","W-Msc-140430"
139.5,34.5,0.24,"Mya arenaria","W-Msc-140430"
140,34.5,0.19,"Mya arenaria","W-Msc-140430"
140.5,34.5,0.11,"Mya arenaria","W-Msc-140430"
-120.5,34,0.57,"Mya arenaria","W-Msc-140430"
-120,34,0.87,"Mya arenaria","W-Msc-140430"
-119.5,34,0.66,"Mya arenaria","W-Msc-140430"
-119,34,0.57,"Mya arenaria","W-Msc-140430"
-118.5,34,0.5,"Mya arenaria","W-Msc-140430"
-118,34,0.5,"Mya arenaria","W-Msc-140430"
-77.5,34,0.11,"Mya arenaria","W-Msc-140430"
-77,34,0.05,"Mya arenaria","W-Msc-140430"
10.5,34,0.01,"Mya arenaria","W-Msc-140430"
11,34,0.01,"Mya arenaria","W-Msc-140430"
120,34,0.77,"Mya arenaria","W-Msc-140430"
121,34,0.78,"Mya arenaria","W-Msc-140430"
121.5,34,0.72,"Mya arenaria","W-Msc-140430"
122,34,0.75,"Mya arenaria","W-Msc-140430"
122.5,34,0.73,"Mya arenaria","W-Msc-140430"
123,34,0.62,"Mya arenaria","W-Msc-140430"
123.5,34,0.5,"Mya arenaria","W-Msc-140430"
124,34,0.5,"Mya arenaria","W-Msc-140430"
124.5,34,0.46,"Mya arenaria","W-Msc-140430"
125,34,0.54,"Mya arenaria","W-Msc-140430"
125.5,34,0.76,"Mya arenaria","W-Msc-140430"
126,34,0.76,"Mya arenaria","W-Msc-140430"
126.5,34,0.71,"Mya arenaria","W-Msc-140430"
127,34,0.65,"Mya arenaria","W-Msc-140430"
127.5,34,0.61,"Mya arenaria","W-Msc-140430"
128,34,0.52,"Mya arenaria","W-Msc-140430"
128.5,34,0.41,"Mya arenaria","W-Msc-140430"
129,34,0.34,"Mya arenaria","W-Msc-140430"
129.5,34,0.3,"Mya arenaria","W-Msc-140430"
130,34,0.2,"Mya arenaria","W-Msc-140430"
130.5,34,0.31,"Mya arenaria","W-Msc-140430"
131,34,0.35,"Mya arenaria","W-Msc-140430"
131.5,34,0.37,"Mya arenaria","W-Msc-140430"
132,34,0.4,"Mya arenaria","W-Msc-140430"
132.5,34,0.43,"Mya arenaria","W-Msc-140430"
133,34,0.39,"Mya arenaria","W-Msc-140430"
133.5,34,0.35,"Mya arenaria","W-Msc-140430"
134,34,0.3,"Mya arenaria","W-Msc-140430"
134.5,34,0.27,"Mya arenaria","W-Msc-140430"
135,34,0.3,"Mya arenaria","W-Msc-140430"
135.5,34,0.18,"Mya arenaria","W-Msc-140430"
136.5,34,0.21,"Mya arenaria","W-Msc-140430"
137,34,0.23,"Mya arenaria","W-Msc-140430"
137.5,34,0.2,"Mya arenaria","W-Msc-140430"
138.5,34,0.17,"Mya arenaria","W-Msc-140430"
139,34,0.11,"Mya arenaria","W-Msc-140430"
139.5,34,0.13,"Mya arenaria","W-Msc-140430"
140,34,0.07,"Mya arenaria","W-Msc-140430"
-120,33.5,0.93,"Mya arenaria","W-Msc-140430"
-119.5,33.5,0.83,"Mya arenaria","W-Msc-140430"
-119,33.5,0.69,"Mya arenaria","W-Msc-140430"
-118.5,33.5,0.58,"Mya arenaria","W-Msc-140430"
-118,33.5,0.49,"Mya arenaria","W-Msc-140430"
-117.5,33.5,0.47,"Mya arenaria","W-Msc-140430"
-117,33.5,0.44,"Mya arenaria","W-Msc-140430"
-79.5,33.5,0.11,"Mya arenaria","W-Msc-140430"
-79,33.5,0.15,"Mya arenaria","W-Msc-140430"
-78.5,33.5,0.06,"Mya arenaria","W-Msc-140430"
-78,33.5,0.05,"Mya arenaria","W-Msc-140430"
-77.5,33.5,0.01,"Mya arenaria","W-Msc-140430"
10.5,33.5,0.01,"Mya arenaria","W-Msc-140430"
11,33.5,0.01,"Mya arenaria","W-Msc-140430"
120.5,33.5,0.69,"Mya arenaria","W-Msc-140430"
121,33.5,0.74,"Mya arenaria","W-Msc-140430"
121.5,33.5,0.71,"Mya arenaria","W-Msc-140430"
122,33.5,0.73,"Mya arenaria","W-Msc-140430"
122.5,33.5,0.74,"Mya arenaria","W-Msc-140430"
123,33.5,0.67,"Mya arenaria","W-Msc-140430"
123.5,33.5,0.56,"Mya arenaria","W-Msc-140430"
124,33.5,0.5,"Mya arenaria","W-Msc-140430"
124.5,33.5,0.46,"Mya arenaria","W-Msc-140430"
125,33.5,0.41,"Mya arenaria","W-Msc-140430"
125.5,33.5,0.57,"Mya arenaria","W-Msc-140430"
126,33.5,0.43,"Mya arenaria","W-Msc-140430"
126.5,33.5,0.49,"Mya arenaria","W-Msc-140430"
127,33.5,0.43,"Mya arenaria","W-Msc-140430"
127.5,33.5,0.34,"Mya arenaria","W-Msc-140430"
128,33.5,0.28,"Mya arenaria","W-Msc-140430"
128.5,33.5,0.16,"Mya arenaria","W-Msc-140430"
129,33.5,0.13,"Mya arenaria","W-Msc-140430"
129.5,33.5,0.2,"Mya arenaria","W-Msc-140430"
130,33.5,0.33,"Mya arenaria","W-Msc-140430"
130.5,33.5,0.35,"Mya arenaria","W-Msc-140430"
131,33.5,0.35,"Mya arenaria","W-Msc-140430"
131.5,33.5,0.38,"Mya arenaria","W-Msc-140430"
132,33.5,0.42,"Mya arenaria","W-Msc-140430"
132.5,33.5,0.42,"Mya arenaria","W-Msc-140430"
133,33.5,0.29,"Mya arenaria","W-Msc-140430"
133.5,33.5,0.2,"Mya arenaria","W-Msc-140430"
134,33.5,0.16,"Mya arenaria","W-Msc-140430"
134.5,33.5,0.13,"Mya arenaria","W-Msc-140430"
135,33.5,0.11,"Mya arenaria","W-Msc-140430"
135.5,33.5,0.06,"Mya arenaria","W-Msc-140430"
136,33.5,0.08,"Mya arenaria","W-Msc-140430"
136.5,33.5,0.14,"Mya arenaria","W-Msc-140430"
139,33.5,0.05,"Mya arenaria","W-Msc-140430"
