"long_dd","lat_dd","poccur","species","aquamaps_id"
20,80.5,0.01,"Mytilus trossulus","W-Msc-140482"
20.5,80.5,0.01,"Mytilus trossulus","W-Msc-140482"
21,80.5,0.01,"Mytilus trossulus","W-Msc-140482"
14.5,80,0.07,"Mytilus trossulus","W-Msc-140482"
15,80,0.07,"Mytilus trossulus","W-Msc-140482"
16.5,80,0.07,"Mytilus trossulus","W-Msc-140482"
17,80,0.06,"Mytilus trossulus","W-Msc-140482"
17.5,80,0.01,"Mytilus trossulus","W-Msc-140482"
18,80,0.05,"Mytilus trossulus","W-Msc-140482"
18.5,80,0.04,"Mytilus trossulus","W-Msc-140482"
19,80,0.03,"Mytilus trossulus","W-Msc-140482"
19.5,80,0.02,"Mytilus trossulus","W-Msc-140482"
20,80,0.02,"Mytilus trossulus","W-Msc-140482"
20.5,80,0.01,"Mytilus trossulus","W-Msc-140482"
21,80,0.01,"Mytilus trossulus","W-Msc-140482"
21.5,80,0.01,"Mytilus trossulus","W-Msc-140482"
22,80,0.01,"Mytilus trossulus","W-Msc-140482"
22.5,80,0.01,"Mytilus trossulus","W-Msc-140482"
23,80,0.01,"Mytilus trossulus","W-Msc-140482"
23.5,80,0.01,"Mytilus trossulus","W-Msc-140482"
46.5,80,0.01,"Mytilus trossulus","W-Msc-140482"
47,80,0.01,"Mytilus trossulus","W-Msc-140482"
47.5,80,0.01,"Mytilus trossulus","W-Msc-140482"
48,80,0.01,"Mytilus trossulus","W-Msc-140482"
48.5,80,0.01,"Mytilus trossulus","W-Msc-140482"
11,79.5,0.2,"Mytilus trossulus","W-Msc-140482"
11.5,79.5,0.19,"Mytilus trossulus","W-Msc-140482"
12,79.5,0.18,"Mytilus trossulus","W-Msc-140482"
12.5,79.5,0.16,"Mytilus trossulus","W-Msc-140482"
13,79.5,0.15,"Mytilus trossulus","W-Msc-140482"
13.5,79.5,0.15,"Mytilus trossulus","W-Msc-140482"
14,79.5,0.15,"Mytilus trossulus","W-Msc-140482"
14.5,79.5,0.15,"Mytilus trossulus","W-Msc-140482"
15,79.5,0.15,"Mytilus trossulus","W-Msc-140482"
15.5,79.5,0.14,"Mytilus trossulus","W-Msc-140482"
16,79.5,0.1,"Mytilus trossulus","W-Msc-140482"
17,79.5,0.07,"Mytilus trossulus","W-Msc-140482"
17.5,79.5,0.07,"Mytilus trossulus","W-Msc-140482"
18,79.5,0.06,"Mytilus trossulus","W-Msc-140482"
18.5,79.5,0.05,"Mytilus trossulus","W-Msc-140482"
19,79.5,0.04,"Mytilus trossulus","W-Msc-140482"
19.5,79.5,0.03,"Mytilus trossulus","W-Msc-140482"
20,79.5,0.03,"Mytilus trossulus","W-Msc-140482"
20.5,79.5,0.02,"Mytilus trossulus","W-Msc-140482"
21,79.5,0.02,"Mytilus trossulus","W-Msc-140482"
21.5,79.5,0.02,"Mytilus trossulus","W-Msc-140482"
22,79.5,0.02,"Mytilus trossulus","W-Msc-140482"
26,79.5,0.01,"Mytilus trossulus","W-Msc-140482"
26.5,79.5,0.01,"Mytilus trossulus","W-Msc-140482"
27,79.5,0.01,"Mytilus trossulus","W-Msc-140482"
27.5,79.5,0.01,"Mytilus trossulus","W-Msc-140482"
49.5,79.5,0.01,"Mytilus trossulus","W-Msc-140482"
50,79.5,0.01,"Mytilus trossulus","W-Msc-140482"
50.5,79.5,0.01,"Mytilus trossulus","W-Msc-140482"
51,79.5,0.01,"Mytilus trossulus","W-Msc-140482"
51.5,79.5,0.01,"Mytilus trossulus","W-Msc-140482"
11,79,0.24,"Mytilus trossulus","W-Msc-140482"
11.5,79,0.22,"Mytilus trossulus","W-Msc-140482"
12,79,0.21,"Mytilus trossulus","W-Msc-140482"
12.5,79,0.21,"Mytilus trossulus","W-Msc-140482"
14,79,0.2,"Mytilus trossulus","W-Msc-140482"
15.5,79,0.16,"Mytilus trossulus","W-Msc-140482"
16,79,0.1,"Mytilus trossulus","W-Msc-140482"
16.5,79,0.1,"Mytilus trossulus","W-Msc-140482"
18,79,0.07,"Mytilus trossulus","W-Msc-140482"
19,79,0.05,"Mytilus trossulus","W-Msc-140482"
19.5,79,0.04,"Mytilus trossulus","W-Msc-140482"
20,79,0.04,"Mytilus trossulus","W-Msc-140482"
20.5,79,0.03,"Mytilus trossulus","W-Msc-140482"
21,79,0.03,"Mytilus trossulus","W-Msc-140482"
21.5,79,0.02,"Mytilus trossulus","W-Msc-140482"
22,79,0.02,"Mytilus trossulus","W-Msc-140482"
22.5,79,0.02,"Mytilus trossulus","W-Msc-140482"
23,79,0.01,"Mytilus trossulus","W-Msc-140482"
23.5,79,0.01,"Mytilus trossulus","W-Msc-140482"
24,79,0.01,"Mytilus trossulus","W-Msc-140482"
24.5,79,0.01,"Mytilus trossulus","W-Msc-140482"
25,79,0.02,"Mytilus trossulus","W-Msc-140482"
25.5,79,0.02,"Mytilus trossulus","W-Msc-140482"
26,79,0.01,"Mytilus trossulus","W-Msc-140482"
10.5,78.5,0.27,"Mytilus trossulus","W-Msc-140482"
11,78.5,0.26,"Mytilus trossulus","W-Msc-140482"
11.5,78.5,0.24,"Mytilus trossulus","W-Msc-140482"
12,78.5,0.23,"Mytilus trossulus","W-Msc-140482"
12.5,78.5,0.23,"Mytilus trossulus","W-Msc-140482"
14.5,78.5,0.21,"Mytilus trossulus","W-Msc-140482"
15,78.5,0.2,"Mytilus trossulus","W-Msc-140482"
15.5,78.5,0.18,"Mytilus trossulus","W-Msc-140482"
16,78.5,0.15,"Mytilus trossulus","W-Msc-140482"
16.5,78.5,0.13,"Mytilus trossulus","W-Msc-140482"
17,78.5,0.12,"Mytilus trossulus","W-Msc-140482"
19.5,78.5,0.05,"Mytilus trossulus","W-Msc-140482"
20,78.5,0.05,"Mytilus trossulus","W-Msc-140482"
20.5,78.5,0.05,"Mytilus trossulus","W-Msc-140482"
21,78.5,0.04,"Mytilus trossulus","W-Msc-140482"
21.5,78.5,0.03,"Mytilus trossulus","W-Msc-140482"
22,78.5,0.02,"Mytilus trossulus","W-Msc-140482"
22.5,78.5,0.01,"Mytilus trossulus","W-Msc-140482"
26.5,78.5,0.01,"Mytilus trossulus","W-Msc-140482"
27,78.5,0.01,"Mytilus trossulus","W-Msc-140482"
27.5,78.5,0.01,"Mytilus trossulus","W-Msc-140482"
28,78.5,0.01,"Mytilus trossulus","W-Msc-140482"
28.5,78.5,0.01,"Mytilus trossulus","W-Msc-140482"
29,78.5,0.01,"Mytilus trossulus","W-Msc-140482"
29.5,78.5,0.01,"Mytilus trossulus","W-Msc-140482"
30,78.5,0.01,"Mytilus trossulus","W-Msc-140482"
30.5,78.5,0.01,"Mytilus trossulus","W-Msc-140482"
-76,78,0.01,"Mytilus trossulus","W-Msc-140482"
-75.5,78,0.01,"Mytilus trossulus","W-Msc-140482"
-72.5,78,0.02,"Mytilus trossulus","W-Msc-140482"
-72,78,0.02,"Mytilus trossulus","W-Msc-140482"
11.5,78,0.28,"Mytilus trossulus","W-Msc-140482"
12,78,0.27,"Mytilus trossulus","W-Msc-140482"
12.5,78,0.25,"Mytilus trossulus","W-Msc-140482"
13,78,0.25,"Mytilus trossulus","W-Msc-140482"
13.5,78,0.24,"Mytilus trossulus","W-Msc-140482"
14,78,0.24,"Mytilus trossulus","W-Msc-140482"
14.5,78,0.23,"Mytilus trossulus","W-Msc-140482"
15,78,0.22,"Mytilus trossulus","W-Msc-140482"
15.5,78,0.21,"Mytilus trossulus","W-Msc-140482"
16,78,0.18,"Mytilus trossulus","W-Msc-140482"
16.5,78,0.15,"Mytilus trossulus","W-Msc-140482"
17,78,0.13,"Mytilus trossulus","W-Msc-140482"
19,78,0.07,"Mytilus trossulus","W-Msc-140482"
19.5,78,0.06,"Mytilus trossulus","W-Msc-140482"
20.5,78,0.07,"Mytilus trossulus","W-Msc-140482"
21,78,0.06,"Mytilus trossulus","W-Msc-140482"
21.5,78,0.05,"Mytilus trossulus","W-Msc-140482"
22,78,0.03,"Mytilus trossulus","W-Msc-140482"
22.5,78,0.02,"Mytilus trossulus","W-Msc-140482"
23,78,0.02,"Mytilus trossulus","W-Msc-140482"
23.5,78,0.02,"Mytilus trossulus","W-Msc-140482"
24,78,0.01,"Mytilus trossulus","W-Msc-140482"
-77.5,77.5,0.01,"Mytilus trossulus","W-Msc-140482"
-77,77.5,0.01,"Mytilus trossulus","W-Msc-140482"
-76.5,77.5,0.01,"Mytilus trossulus","W-Msc-140482"
-76,77.5,0.01,"Mytilus trossulus","W-Msc-140482"
-72,77.5,0.07,"Mytilus trossulus","W-Msc-140482"
-71.5,77.5,0.07,"Mytilus trossulus","W-Msc-140482"
-71,77.5,0.04,"Mytilus trossulus","W-Msc-140482"
-70.5,77.5,0.03,"Mytilus trossulus","W-Msc-140482"
-70,77.5,0.03,"Mytilus trossulus","W-Msc-140482"
-69.5,77.5,0.03,"Mytilus trossulus","W-Msc-140482"
-69,77.5,0.03,"Mytilus trossulus","W-Msc-140482"
-68.5,77.5,0.02,"Mytilus trossulus","W-Msc-140482"
-68,77.5,0.02,"Mytilus trossulus","W-Msc-140482"
-67.5,77.5,0.01,"Mytilus trossulus","W-Msc-140482"
-67,77.5,0.01,"Mytilus trossulus","W-Msc-140482"
-66.5,77.5,0.01,"Mytilus trossulus","W-Msc-140482"
-66,77.5,0.01,"Mytilus trossulus","W-Msc-140482"
13.5,77.5,0.23,"Mytilus trossulus","W-Msc-140482"
14,77.5,0.26,"Mytilus trossulus","W-Msc-140482"
14.5,77.5,0.25,"Mytilus trossulus","W-Msc-140482"
15,77.5,0.24,"Mytilus trossulus","W-Msc-140482"
15.5,77.5,0.23,"Mytilus trossulus","W-Msc-140482"
16,77.5,0.2,"Mytilus trossulus","W-Msc-140482"
16.5,77.5,0.17,"Mytilus trossulus","W-Msc-140482"
17,77.5,0.15,"Mytilus trossulus","W-Msc-140482"
18,77.5,0.1,"Mytilus trossulus","W-Msc-140482"
18.5,77.5,0.09,"Mytilus trossulus","W-Msc-140482"
21,77.5,0.09,"Mytilus trossulus","W-Msc-140482"
21.5,77.5,0.07,"Mytilus trossulus","W-Msc-140482"
22,77.5,0.05,"Mytilus trossulus","W-Msc-140482"
22.5,77.5,0.05,"Mytilus trossulus","W-Msc-140482"
23,77.5,0.04,"Mytilus trossulus","W-Msc-140482"
23.5,77.5,0.04,"Mytilus trossulus","W-Msc-140482"
24,77.5,0.03,"Mytilus trossulus","W-Msc-140482"
24.5,77.5,0.03,"Mytilus trossulus","W-Msc-140482"
25,77.5,0.01,"Mytilus trossulus","W-Msc-140482"
25.5,77.5,0.03,"Mytilus trossulus","W-Msc-140482"
-72.5,77,0.07,"Mytilus trossulus","W-Msc-140482"
-72,77,0.07,"Mytilus trossulus","W-Msc-140482"
-71.5,77,0.07,"Mytilus trossulus","W-Msc-140482"
-71,77,0.06,"Mytilus trossulus","W-Msc-140482"
-70.5,77,0.06,"Mytilus trossulus","W-Msc-140482"
-70,77,0.05,"Mytilus trossulus","W-Msc-140482"
-69.5,77,0.05,"Mytilus trossulus","W-Msc-140482"
-69,77,0.05,"Mytilus trossulus","W-Msc-140482"
-68.5,77,0.03,"Mytilus trossulus","W-Msc-140482"
-68,77,0.03,"Mytilus trossulus","W-Msc-140482"
-67.5,77,0.02,"Mytilus trossulus","W-Msc-140482"
-67,77,0.02,"Mytilus trossulus","W-Msc-140482"
-66.5,77,0.01,"Mytilus trossulus","W-Msc-140482"
14,77,0.28,"Mytilus trossulus","W-Msc-140482"
14.5,77,0.28,"Mytilus trossulus","W-Msc-140482"
15,77,0.27,"Mytilus trossulus","W-Msc-140482"
15.5,77,0.25,"Mytilus trossulus","W-Msc-140482"
16,77,0.23,"Mytilus trossulus","W-Msc-140482"
16.5,77,0.2,"Mytilus trossulus","W-Msc-140482"
17.5,77,0.14,"Mytilus trossulus","W-Msc-140482"
18,77,0.11,"Mytilus trossulus","W-Msc-140482"
18.5,77,0.05,"Mytilus trossulus","W-Msc-140482"
21,77,0.09,"Mytilus trossulus","W-Msc-140482"
21.5,77,0.08,"Mytilus trossulus","W-Msc-140482"
22,77,0.08,"Mytilus trossulus","W-Msc-140482"
22.5,77,0.08,"Mytilus trossulus","W-Msc-140482"
23,77,0.07,"Mytilus trossulus","W-Msc-140482"
23.5,77,0.07,"Mytilus trossulus","W-Msc-140482"
24,77,0.06,"Mytilus trossulus","W-Msc-140482"
67.5,77,0.05,"Mytilus trossulus","W-Msc-140482"
68,77,0.04,"Mytilus trossulus","W-Msc-140482"
68.5,77,0.04,"Mytilus trossulus","W-Msc-140482"
101.5,77,0.01,"Mytilus trossulus","W-Msc-140482"
-82,76.5,0.01,"Mytilus trossulus","W-Msc-140482"
-81,76.5,0.01,"Mytilus trossulus","W-Msc-140482"
-79,76.5,0.01,"Mytilus trossulus","W-Msc-140482"
-78.5,76.5,0.01,"Mytilus trossulus","W-Msc-140482"
-78,76.5,0.01,"Mytilus trossulus","W-Msc-140482"
-77.5,76.5,0.01,"Mytilus trossulus","W-Msc-140482"
-73,76.5,0.04,"Mytilus trossulus","W-Msc-140482"
-71,76.5,0.07,"Mytilus trossulus","W-Msc-140482"
-70.5,76.5,0.06,"Mytilus trossulus","W-Msc-140482"
-70,76.5,0.05,"Mytilus trossulus","W-Msc-140482"
-69.5,76.5,0.05,"Mytilus trossulus","W-Msc-140482"
-69,76.5,0.05,"Mytilus trossulus","W-Msc-140482"
-68.5,76.5,0.04,"Mytilus trossulus","W-Msc-140482"
-68,76.5,0.04,"Mytilus trossulus","W-Msc-140482"
15.5,76.5,0.27,"Mytilus trossulus","W-Msc-140482"
16,76.5,0.27,"Mytilus trossulus","W-Msc-140482"
16.5,76.5,0.24,"Mytilus trossulus","W-Msc-140482"
17,76.5,0.2,"Mytilus trossulus","W-Msc-140482"
17.5,76.5,0.15,"Mytilus trossulus","W-Msc-140482"
22,76.5,0.09,"Mytilus trossulus","W-Msc-140482"
22.5,76.5,0.09,"Mytilus trossulus","W-Msc-140482"
25,76.5,0.08,"Mytilus trossulus","W-Msc-140482"
25.5,76.5,0.07,"Mytilus trossulus","W-Msc-140482"
26,76.5,0.08,"Mytilus trossulus","W-Msc-140482"
65,76.5,0.09,"Mytilus trossulus","W-Msc-140482"
65.5,76.5,0.09,"Mytilus trossulus","W-Msc-140482"
66,76.5,0.09,"Mytilus trossulus","W-Msc-140482"
66.5,76.5,0.07,"Mytilus trossulus","W-Msc-140482"
67,76.5,0.05,"Mytilus trossulus","W-Msc-140482"
67.5,76.5,0.04,"Mytilus trossulus","W-Msc-140482"
69,76.5,0.04,"Mytilus trossulus","W-Msc-140482"
69.5,76.5,0.05,"Mytilus trossulus","W-Msc-140482"
100.5,76.5,0.01,"Mytilus trossulus","W-Msc-140482"
101,76.5,0.01,"Mytilus trossulus","W-Msc-140482"
101.5,76.5,0.01,"Mytilus trossulus","W-Msc-140482"
107,76.5,0.01,"Mytilus trossulus","W-Msc-140482"
107.5,76.5,0.01,"Mytilus trossulus","W-Msc-140482"
108,76.5,0.01,"Mytilus trossulus","W-Msc-140482"
108.5,76.5,0.01,"Mytilus trossulus","W-Msc-140482"
109,76.5,0.01,"Mytilus trossulus","W-Msc-140482"
109.5,76.5,0.01,"Mytilus trossulus","W-Msc-140482"
110,76.5,0.01,"Mytilus trossulus","W-Msc-140482"
110.5,76.5,0.01,"Mytilus trossulus","W-Msc-140482"
111,76.5,0.01,"Mytilus trossulus","W-Msc-140482"
111.5,76.5,0.01,"Mytilus trossulus","W-Msc-140482"
112,76.5,0.01,"Mytilus trossulus","W-Msc-140482"
-84,76,0.01,"Mytilus trossulus","W-Msc-140482"
-83.5,76,0.01,"Mytilus trossulus","W-Msc-140482"
-82.5,76,0.01,"Mytilus trossulus","W-Msc-140482"
-82,76,0.01,"Mytilus trossulus","W-Msc-140482"
-81.5,76,0.01,"Mytilus trossulus","W-Msc-140482"
-81,76,0.02,"Mytilus trossulus","W-Msc-140482"
-80.5,76,0.01,"Mytilus trossulus","W-Msc-140482"
-80,76,0.01,"Mytilus trossulus","W-Msc-140482"
-79.5,76,0.01,"Mytilus trossulus","W-Msc-140482"
-79,76,0.01,"Mytilus trossulus","W-Msc-140482"
-78.5,76,0.01,"Mytilus trossulus","W-Msc-140482"
-78,76,0.01,"Mytilus trossulus","W-Msc-140482"
-70,76,0.05,"Mytilus trossulus","W-Msc-140482"
-69.5,76,0.05,"Mytilus trossulus","W-Msc-140482"
-69,76,0.05,"Mytilus trossulus","W-Msc-140482"
-68.5,76,0.05,"Mytilus trossulus","W-Msc-140482"
-68,76,0.04,"Mytilus trossulus","W-Msc-140482"
-67.5,76,0.04,"Mytilus trossulus","W-Msc-140482"
-67,76,0.03,"Mytilus trossulus","W-Msc-140482"
-66.5,76,0.03,"Mytilus trossulus","W-Msc-140482"
-66,76,0.03,"Mytilus trossulus","W-Msc-140482"
-65.5,76,0.03,"Mytilus trossulus","W-Msc-140482"
-65,76,0.03,"Mytilus trossulus","W-Msc-140482"
-64.5,76,0.03,"Mytilus trossulus","W-Msc-140482"
-64,76,0.02,"Mytilus trossulus","W-Msc-140482"
-63.5,76,0.03,"Mytilus trossulus","W-Msc-140482"
-63,76,0.03,"Mytilus trossulus","W-Msc-140482"
-62.5,76,0.03,"Mytilus trossulus","W-Msc-140482"
-62,76,0.03,"Mytilus trossulus","W-Msc-140482"
-61.5,76,0.03,"Mytilus trossulus","W-Msc-140482"
-61,76,0.02,"Mytilus trossulus","W-Msc-140482"
-60.5,76,0.02,"Mytilus trossulus","W-Msc-140482"
-60,76,0.02,"Mytilus trossulus","W-Msc-140482"
17,76,0.22,"Mytilus trossulus","W-Msc-140482"
25,76,0.12,"Mytilus trossulus","W-Msc-140482"
25.5,76,0.07,"Mytilus trossulus","W-Msc-140482"
59.5,76,0.13,"Mytilus trossulus","W-Msc-140482"
60,76,0.12,"Mytilus trossulus","W-Msc-140482"
60.5,76,0.12,"Mytilus trossulus","W-Msc-140482"
61,76,0.12,"Mytilus trossulus","W-Msc-140482"
61.5,76,0.1,"Mytilus trossulus","W-Msc-140482"
62,76,0.09,"Mytilus trossulus","W-Msc-140482"
62.5,76,0.08,"Mytilus trossulus","W-Msc-140482"
63,76,0.07,"Mytilus trossulus","W-Msc-140482"
63.5,76,0.07,"Mytilus trossulus","W-Msc-140482"
64,76,0.07,"Mytilus trossulus","W-Msc-140482"
64.5,76,0.07,"Mytilus trossulus","W-Msc-140482"
65,76,0.07,"Mytilus trossulus","W-Msc-140482"
67,76,0.04,"Mytilus trossulus","W-Msc-140482"
67.5,76,0.04,"Mytilus trossulus","W-Msc-140482"
68,76,0.03,"Mytilus trossulus","W-Msc-140482"
68.5,76,0.03,"Mytilus trossulus","W-Msc-140482"
69,76,0.04,"Mytilus trossulus","W-Msc-140482"
82.5,76,0.01,"Mytilus trossulus","W-Msc-140482"
83,76,0.01,"Mytilus trossulus","W-Msc-140482"
84,76,0.01,"Mytilus trossulus","W-Msc-140482"
93,76,0.01,"Mytilus trossulus","W-Msc-140482"
93.5,76,0.01,"Mytilus trossulus","W-Msc-140482"
94,76,0.01,"Mytilus trossulus","W-Msc-140482"
94.5,76,0.01,"Mytilus trossulus","W-Msc-140482"
95,76,0.01,"Mytilus trossulus","W-Msc-140482"
95.5,76,0.01,"Mytilus trossulus","W-Msc-140482"
96,76,0.01,"Mytilus trossulus","W-Msc-140482"
96.5,76,0.01,"Mytilus trossulus","W-Msc-140482"
97,76,0.01,"Mytilus trossulus","W-Msc-140482"
97.5,76,0.01,"Mytilus trossulus","W-Msc-140482"
98,76,0.01,"Mytilus trossulus","W-Msc-140482"
98.5,76,0.02,"Mytilus trossulus","W-Msc-140482"
99,76,0.01,"Mytilus trossulus","W-Msc-140482"
99.5,76,0.01,"Mytilus trossulus","W-Msc-140482"
100,76,0.01,"Mytilus trossulus","W-Msc-140482"
112.5,76,0.01,"Mytilus trossulus","W-Msc-140482"
114,76,0.01,"Mytilus trossulus","W-Msc-140482"
138,76,0.01,"Mytilus trossulus","W-Msc-140482"
138.5,76,0.01,"Mytilus trossulus","W-Msc-140482"
139,76,0.01,"Mytilus trossulus","W-Msc-140482"
139.5,76,0.01,"Mytilus trossulus","W-Msc-140482"
140,76,0.01,"Mytilus trossulus","W-Msc-140482"
-84,75.5,0.01,"Mytilus trossulus","W-Msc-140482"
-83.5,75.5,0.01,"Mytilus trossulus","W-Msc-140482"
-83,75.5,0.01,"Mytilus trossulus","W-Msc-140482"
-82.5,75.5,0.01,"Mytilus trossulus","W-Msc-140482"
-82,75.5,0.01,"Mytilus trossulus","W-Msc-140482"
-81.5,75.5,0.01,"Mytilus trossulus","W-Msc-140482"
-81,75.5,0.01,"Mytilus trossulus","W-Msc-140482"
-80.5,75.5,0.01,"Mytilus trossulus","W-Msc-140482"
-80,75.5,0.01,"Mytilus trossulus","W-Msc-140482"
-79.5,75.5,0.01,"Mytilus trossulus","W-Msc-140482"
-79,75.5,0.01,"Mytilus trossulus","W-Msc-140482"
-78.5,75.5,0.01,"Mytilus trossulus","W-Msc-140482"
-67,75.5,0.04,"Mytilus trossulus","W-Msc-140482"
-66.5,75.5,0.04,"Mytilus trossulus","W-Msc-140482"
-66,75.5,0.04,"Mytilus trossulus","W-Msc-140482"
-65,75.5,0.03,"Mytilus trossulus","W-Msc-140482"
-64.5,75.5,0.03,"Mytilus trossulus","W-Msc-140482"
-61,75.5,0.03,"Mytilus trossulus","W-Msc-140482"
-60.5,75.5,0.02,"Mytilus trossulus","W-Msc-140482"
-60,75.5,0.02,"Mytilus trossulus","W-Msc-140482"
-59.5,75.5,0.02,"Mytilus trossulus","W-Msc-140482"
-59,75.5,0.03,"Mytilus trossulus","W-Msc-140482"
-58.5,75.5,0.03,"Mytilus trossulus","W-Msc-140482"
-58,75.5,0.03,"Mytilus trossulus","W-Msc-140482"
58,75.5,0.14,"Mytilus trossulus","W-Msc-140482"
58.5,75.5,0.14,"Mytilus trossulus","W-Msc-140482"
59,75.5,0.12,"Mytilus trossulus","W-Msc-140482"
59.5,75.5,0.11,"Mytilus trossulus","W-Msc-140482"
60,75.5,0.1,"Mytilus trossulus","W-Msc-140482"
63,75.5,0.05,"Mytilus trossulus","W-Msc-140482"
63.5,75.5,0.05,"Mytilus trossulus","W-Msc-140482"
64,75.5,0.04,"Mytilus trossulus","W-Msc-140482"
64.5,75.5,0.04,"Mytilus trossulus","W-Msc-140482"
65,75.5,0.04,"Mytilus trossulus","W-Msc-140482"
65.5,75.5,0.04,"Mytilus trossulus","W-Msc-140482"
66,75.5,0.04,"Mytilus trossulus","W-Msc-140482"
66.5,75.5,0.03,"Mytilus trossulus","W-Msc-140482"
82,75.5,0.01,"Mytilus trossulus","W-Msc-140482"
82.5,75.5,0.01,"Mytilus trossulus","W-Msc-140482"
83,75.5,0.01,"Mytilus trossulus","W-Msc-140482"
83.5,75.5,0.01,"Mytilus trossulus","W-Msc-140482"
88,75.5,0.01,"Mytilus trossulus","W-Msc-140482"
88.5,75.5,0.01,"Mytilus trossulus","W-Msc-140482"
89,75.5,0.01,"Mytilus trossulus","W-Msc-140482"
89.5,75.5,0.01,"Mytilus trossulus","W-Msc-140482"
90,75.5,0.01,"Mytilus trossulus","W-Msc-140482"
90.5,75.5,0.01,"Mytilus trossulus","W-Msc-140482"
91,75.5,0.01,"Mytilus trossulus","W-Msc-140482"
91.5,75.5,0.01,"Mytilus trossulus","W-Msc-140482"
92,75.5,0.01,"Mytilus trossulus","W-Msc-140482"
92.5,75.5,0.01,"Mytilus trossulus","W-Msc-140482"
93,75.5,0.01,"Mytilus trossulus","W-Msc-140482"
93.5,75.5,0.01,"Mytilus trossulus","W-Msc-140482"
94,75.5,0.01,"Mytilus trossulus","W-Msc-140482"
96,75.5,0.01,"Mytilus trossulus","W-Msc-140482"
97,75.5,0.01,"Mytilus trossulus","W-Msc-140482"
113,75.5,0.01,"Mytilus trossulus","W-Msc-140482"
113.5,75.5,0.01,"Mytilus trossulus","W-Msc-140482"
114,75.5,0.01,"Mytilus trossulus","W-Msc-140482"
114.5,75.5,0.01,"Mytilus trossulus","W-Msc-140482"
136.5,75.5,0.01,"Mytilus trossulus","W-Msc-140482"
137,75.5,0.01,"Mytilus trossulus","W-Msc-140482"
137.5,75.5,0.01,"Mytilus trossulus","W-Msc-140482"
141,75.5,0.01,"Mytilus trossulus","W-Msc-140482"
-88.5,75,0.01,"Mytilus trossulus","W-Msc-140482"
-80,75,0.02,"Mytilus trossulus","W-Msc-140482"
-79.5,75,0.02,"Mytilus trossulus","W-Msc-140482"
-79,75,0.01,"Mytilus trossulus","W-Msc-140482"
-58.5,75,0.03,"Mytilus trossulus","W-Msc-140482"
-58,75,0.03,"Mytilus trossulus","W-Msc-140482"
-57.5,75,0.04,"Mytilus trossulus","W-Msc-140482"
-21.5,75,0.01,"Mytilus trossulus","W-Msc-140482"
19,75,0.03,"Mytilus trossulus","W-Msc-140482"
56,75,0.17,"Mytilus trossulus","W-Msc-140482"
56.5,75,0.16,"Mytilus trossulus","W-Msc-140482"
57,75,0.15,"Mytilus trossulus","W-Msc-140482"
57.5,75,0.13,"Mytilus trossulus","W-Msc-140482"
58,75,0.13,"Mytilus trossulus","W-Msc-140482"
60.5,75,0.07,"Mytilus trossulus","W-Msc-140482"
61,75,0.07,"Mytilus trossulus","W-Msc-140482"
61.5,75,0.06,"Mytilus trossulus","W-Msc-140482"
62,75,0.05,"Mytilus trossulus","W-Msc-140482"
62.5,75,0.04,"Mytilus trossulus","W-Msc-140482"
63,75,0.03,"Mytilus trossulus","W-Msc-140482"
78,75,0.01,"Mytilus trossulus","W-Msc-140482"
79.5,75,0.01,"Mytilus trossulus","W-Msc-140482"
81.5,75,0.01,"Mytilus trossulus","W-Msc-140482"
82,75,0.01,"Mytilus trossulus","W-Msc-140482"
82.5,75,0.01,"Mytilus trossulus","W-Msc-140482"
83,75,0.01,"Mytilus trossulus","W-Msc-140482"
86,75,0.01,"Mytilus trossulus","W-Msc-140482"
86.5,75,0.01,"Mytilus trossulus","W-Msc-140482"
87,75,0.01,"Mytilus trossulus","W-Msc-140482"
87.5,75,0.02,"Mytilus trossulus","W-Msc-140482"
88,75,0.02,"Mytilus trossulus","W-Msc-140482"
88.5,75,0.03,"Mytilus trossulus","W-Msc-140482"
89,75,0.03,"Mytilus trossulus","W-Msc-140482"
89.5,75,0.03,"Mytilus trossulus","W-Msc-140482"
90,75,0.03,"Mytilus trossulus","W-Msc-140482"
113,75,0.01,"Mytilus trossulus","W-Msc-140482"
113.5,75,0.01,"Mytilus trossulus","W-Msc-140482"
114,75,0.01,"Mytilus trossulus","W-Msc-140482"
-93,74.5,0.01,"Mytilus trossulus","W-Msc-140482"
-92,74.5,0.01,"Mytilus trossulus","W-Msc-140482"
-89.5,74.5,0.01,"Mytilus trossulus","W-Msc-140482"
-89,74.5,0.02,"Mytilus trossulus","W-Msc-140482"
-88.5,74.5,0.02,"Mytilus trossulus","W-Msc-140482"
-88,74.5,0.02,"Mytilus trossulus","W-Msc-140482"
-87.5,74.5,0.01,"Mytilus trossulus","W-Msc-140482"
-87,74.5,0.01,"Mytilus trossulus","W-Msc-140482"
-86.5,74.5,0.01,"Mytilus trossulus","W-Msc-140482"
-86,74.5,0.01,"Mytilus trossulus","W-Msc-140482"
-85.5,74.5,0.01,"Mytilus trossulus","W-Msc-140482"
-85,74.5,0.01,"Mytilus trossulus","W-Msc-140482"
-84.5,74.5,0.01,"Mytilus trossulus","W-Msc-140482"
-84,74.5,0.01,"Mytilus trossulus","W-Msc-140482"
-83.5,74.5,0.02,"Mytilus trossulus","W-Msc-140482"
-83,74.5,0.02,"Mytilus trossulus","W-Msc-140482"
-82.5,74.5,0.02,"Mytilus trossulus","W-Msc-140482"
-82,74.5,0.02,"Mytilus trossulus","W-Msc-140482"
-81.5,74.5,0.02,"Mytilus trossulus","W-Msc-140482"
-81,74.5,0.01,"Mytilus trossulus","W-Msc-140482"
-80.5,74.5,0.02,"Mytilus trossulus","W-Msc-140482"
-80,74.5,0.03,"Mytilus trossulus","W-Msc-140482"
-79.5,74.5,0.03,"Mytilus trossulus","W-Msc-140482"
-79,74.5,0.02,"Mytilus trossulus","W-Msc-140482"
-58,74.5,0.05,"Mytilus trossulus","W-Msc-140482"
-57.5,74.5,0.05,"Mytilus trossulus","W-Msc-140482"
-57,74.5,0.05,"Mytilus trossulus","W-Msc-140482"
-56.5,74.5,0.05,"Mytilus trossulus","W-Msc-140482"
19,74.5,0.3,"Mytilus trossulus","W-Msc-140482"
19.5,74.5,0.27,"Mytilus trossulus","W-Msc-140482"
56,74.5,0.17,"Mytilus trossulus","W-Msc-140482"
56.5,74.5,0.17,"Mytilus trossulus","W-Msc-140482"
59.5,74.5,0.06,"Mytilus trossulus","W-Msc-140482"
60,74.5,0.05,"Mytilus trossulus","W-Msc-140482"
60.5,74.5,0.04,"Mytilus trossulus","W-Msc-140482"
61,74.5,0.03,"Mytilus trossulus","W-Msc-140482"
70.5,74.5,0.01,"Mytilus trossulus","W-Msc-140482"
71,74.5,0.01,"Mytilus trossulus","W-Msc-140482"
73.5,74.5,0.01,"Mytilus trossulus","W-Msc-140482"
79,74.5,0.01,"Mytilus trossulus","W-Msc-140482"
79.5,74.5,0.01,"Mytilus trossulus","W-Msc-140482"
80,74.5,0.01,"Mytilus trossulus","W-Msc-140482"
80.5,74.5,0.01,"Mytilus trossulus","W-Msc-140482"
82.5,74.5,0.01,"Mytilus trossulus","W-Msc-140482"
83,74.5,0.01,"Mytilus trossulus","W-Msc-140482"
84.5,74.5,0.01,"Mytilus trossulus","W-Msc-140482"
85,74.5,0.01,"Mytilus trossulus","W-Msc-140482"
85.5,74.5,0.02,"Mytilus trossulus","W-Msc-140482"
86,74.5,0.02,"Mytilus trossulus","W-Msc-140482"
86.5,74.5,0.02,"Mytilus trossulus","W-Msc-140482"
87,74.5,0.03,"Mytilus trossulus","W-Msc-140482"
87.5,74.5,0.04,"Mytilus trossulus","W-Msc-140482"
111,74.5,0.01,"Mytilus trossulus","W-Msc-140482"
111.5,74.5,0.01,"Mytilus trossulus","W-Msc-140482"
112,74.5,0.01,"Mytilus trossulus","W-Msc-140482"
112.5,74.5,0.01,"Mytilus trossulus","W-Msc-140482"
113,74.5,0.01,"Mytilus trossulus","W-Msc-140482"
113.5,74.5,0.01,"Mytilus trossulus","W-Msc-140482"
122,74.5,0.01,"Mytilus trossulus","W-Msc-140482"
122.5,74.5,0.01,"Mytilus trossulus","W-Msc-140482"
123,74.5,0.01,"Mytilus trossulus","W-Msc-140482"
123.5,74.5,0.01,"Mytilus trossulus","W-Msc-140482"
124,74.5,0.01,"Mytilus trossulus","W-Msc-140482"
-89.5,74,0.01,"Mytilus trossulus","W-Msc-140482"
-87.5,74,0.01,"Mytilus trossulus","W-Msc-140482"
-87,74,0.01,"Mytilus trossulus","W-Msc-140482"
-86.5,74,0.01,"Mytilus trossulus","W-Msc-140482"
-57.5,74,0.05,"Mytilus trossulus","W-Msc-140482"
-57,74,0.06,"Mytilus trossulus","W-Msc-140482"
-56.5,74,0.07,"Mytilus trossulus","W-Msc-140482"
-56,74,0.07,"Mytilus trossulus","W-Msc-140482"
-22,74,0.02,"Mytilus trossulus","W-Msc-140482"
-21.5,74,0.02,"Mytilus trossulus","W-Msc-140482"
-21,74,0.01,"Mytilus trossulus","W-Msc-140482"
-20.5,74,0.01,"Mytilus trossulus","W-Msc-140482"
-20,74,0.02,"Mytilus trossulus","W-Msc-140482"
-19.5,74,0.01,"Mytilus trossulus","W-Msc-140482"
-19,74,0.01,"Mytilus trossulus","W-Msc-140482"
-18.5,74,0.01,"Mytilus trossulus","W-Msc-140482"
19,74,0.33,"Mytilus trossulus","W-Msc-140482"
19.5,74,0.32,"Mytilus trossulus","W-Msc-140482"
55,74,0.2,"Mytilus trossulus","W-Msc-140482"
55.5,74,0.19,"Mytilus trossulus","W-Msc-140482"
56,74,0.18,"Mytilus trossulus","W-Msc-140482"
58,74,0.07,"Mytilus trossulus","W-Msc-140482"
58.5,74,0.06,"Mytilus trossulus","W-Msc-140482"
59,74,0.04,"Mytilus trossulus","W-Msc-140482"
59.5,74,0.04,"Mytilus trossulus","W-Msc-140482"
60,74,0.03,"Mytilus trossulus","W-Msc-140482"
70,74,0.01,"Mytilus trossulus","W-Msc-140482"
70.5,74,0.01,"Mytilus trossulus","W-Msc-140482"
71,74,0.02,"Mytilus trossulus","W-Msc-140482"
71.5,74,0.02,"Mytilus trossulus","W-Msc-140482"
72,74,0.01,"Mytilus trossulus","W-Msc-140482"
72.5,74,0.01,"Mytilus trossulus","W-Msc-140482"
73.5,74,0.01,"Mytilus trossulus","W-Msc-140482"
74.5,74,0.01,"Mytilus trossulus","W-Msc-140482"
75,74,0.01,"Mytilus trossulus","W-Msc-140482"
79.5,74,0.01,"Mytilus trossulus","W-Msc-140482"
80,74,0.01,"Mytilus trossulus","W-Msc-140482"
80.5,74,0.01,"Mytilus trossulus","W-Msc-140482"
82.5,74,0.01,"Mytilus trossulus","W-Msc-140482"
83,74,0.01,"Mytilus trossulus","W-Msc-140482"
83.5,74,0.01,"Mytilus trossulus","W-Msc-140482"
84,74,0.01,"Mytilus trossulus","W-Msc-140482"
84.5,74,0.01,"Mytilus trossulus","W-Msc-140482"
85,74,0.01,"Mytilus trossulus","W-Msc-140482"
85.5,74,0.01,"Mytilus trossulus","W-Msc-140482"
86,74,0.02,"Mytilus trossulus","W-Msc-140482"
86.5,74,0.04,"Mytilus trossulus","W-Msc-140482"
87,74,0.05,"Mytilus trossulus","W-Msc-140482"
87.5,74,0.03,"Mytilus trossulus","W-Msc-140482"
109,74,0.01,"Mytilus trossulus","W-Msc-140482"
109.5,74,0.01,"Mytilus trossulus","W-Msc-140482"
110,74,0.01,"Mytilus trossulus","W-Msc-140482"
110.5,74,0.01,"Mytilus trossulus","W-Msc-140482"
111,74,0.01,"Mytilus trossulus","W-Msc-140482"
111.5,74,0.01,"Mytilus trossulus","W-Msc-140482"
112,74,0.01,"Mytilus trossulus","W-Msc-140482"
112.5,74,0.01,"Mytilus trossulus","W-Msc-140482"
113,74,0.01,"Mytilus trossulus","W-Msc-140482"
113.5,74,0.01,"Mytilus trossulus","W-Msc-140482"
121.5,74,0.01,"Mytilus trossulus","W-Msc-140482"
122,74,0.01,"Mytilus trossulus","W-Msc-140482"
122.5,74,0.01,"Mytilus trossulus","W-Msc-140482"
123,74,0.01,"Mytilus trossulus","W-Msc-140482"
123.5,74,0.02,"Mytilus trossulus","W-Msc-140482"
124,74,0.02,"Mytilus trossulus","W-Msc-140482"
124.5,74,0.02,"Mytilus trossulus","W-Msc-140482"
125,74,0.03,"Mytilus trossulus","W-Msc-140482"
125.5,74,0.03,"Mytilus trossulus","W-Msc-140482"
126,74,0.03,"Mytilus trossulus","W-Msc-140482"
126.5,74,0.02,"Mytilus trossulus","W-Msc-140482"
129,74,0.01,"Mytilus trossulus","W-Msc-140482"
129.5,74,0.01,"Mytilus trossulus","W-Msc-140482"
130,74,0.01,"Mytilus trossulus","W-Msc-140482"
130.5,74,0.01,"Mytilus trossulus","W-Msc-140482"
-124.5,73.5,0.01,"Mytilus trossulus","W-Msc-140482"
-124,73.5,0.02,"Mytilus trossulus","W-Msc-140482"
-123.5,73.5,0.01,"Mytilus trossulus","W-Msc-140482"
-87.5,73.5,0.01,"Mytilus trossulus","W-Msc-140482"
-87,73.5,0.01,"Mytilus trossulus","W-Msc-140482"
-86.5,73.5,0.01,"Mytilus trossulus","W-Msc-140482"
-86,73.5,0.01,"Mytilus trossulus","W-Msc-140482"
-85.5,73.5,0.01,"Mytilus trossulus","W-Msc-140482"
-85,73.5,0.01,"Mytilus trossulus","W-Msc-140482"
-84.5,73.5,0.01,"Mytilus trossulus","W-Msc-140482"
-84,73.5,0.01,"Mytilus trossulus","W-Msc-140482"
-83.5,73.5,0.01,"Mytilus trossulus","W-Msc-140482"
-83,73.5,0.01,"Mytilus trossulus","W-Msc-140482"
-82.5,73.5,0.01,"Mytilus trossulus","W-Msc-140482"
-82,73.5,0.01,"Mytilus trossulus","W-Msc-140482"
-81.5,73.5,0.01,"Mytilus trossulus","W-Msc-140482"
-81,73.5,0.01,"Mytilus trossulus","W-Msc-140482"
-80.5,73.5,0.01,"Mytilus trossulus","W-Msc-140482"
-80,73.5,0.01,"Mytilus trossulus","W-Msc-140482"
-79.5,73.5,0.01,"Mytilus trossulus","W-Msc-140482"
-79,73.5,0.01,"Mytilus trossulus","W-Msc-140482"
-78.5,73.5,0.01,"Mytilus trossulus","W-Msc-140482"
-78,73.5,0.01,"Mytilus trossulus","W-Msc-140482"
-77.5,73.5,0.01,"Mytilus trossulus","W-Msc-140482"
-77,73.5,0.01,"Mytilus trossulus","W-Msc-140482"
-57,73.5,0.05,"Mytilus trossulus","W-Msc-140482"
-56.5,73.5,0.06,"Mytilus trossulus","W-Msc-140482"
-56,73.5,0.07,"Mytilus trossulus","W-Msc-140482"
-55.5,73.5,0.06,"Mytilus trossulus","W-Msc-140482"
-27,73.5,0.02,"Mytilus trossulus","W-Msc-140482"
-25.5,73.5,0.01,"Mytilus trossulus","W-Msc-140482"
-25,73.5,0.03,"Mytilus trossulus","W-Msc-140482"
-24.5,73.5,0.03,"Mytilus trossulus","W-Msc-140482"
-24,73.5,0.03,"Mytilus trossulus","W-Msc-140482"
-23.5,73.5,0.03,"Mytilus trossulus","W-Msc-140482"
-21.5,73.5,0.02,"Mytilus trossulus","W-Msc-140482"
-21,73.5,0.02,"Mytilus trossulus","W-Msc-140482"
-20.5,73.5,0.01,"Mytilus trossulus","W-Msc-140482"
-20,73.5,0.01,"Mytilus trossulus","W-Msc-140482"
54,73.5,0.2,"Mytilus trossulus","W-Msc-140482"
54.5,73.5,0.19,"Mytilus trossulus","W-Msc-140482"
55,73.5,0.19,"Mytilus trossulus","W-Msc-140482"
57,73.5,0.08,"Mytilus trossulus","W-Msc-140482"
57.5,73.5,0.05,"Mytilus trossulus","W-Msc-140482"
58,73.5,0.05,"Mytilus trossulus","W-Msc-140482"
58.5,73.5,0.05,"Mytilus trossulus","W-Msc-140482"
69.5,73.5,0.01,"Mytilus trossulus","W-Msc-140482"
70,73.5,0.02,"Mytilus trossulus","W-Msc-140482"
70.5,73.5,0.02,"Mytilus trossulus","W-Msc-140482"
71,73.5,0.02,"Mytilus trossulus","W-Msc-140482"
71.5,73.5,0.02,"Mytilus trossulus","W-Msc-140482"
72,73.5,0.02,"Mytilus trossulus","W-Msc-140482"
72.5,73.5,0.01,"Mytilus trossulus","W-Msc-140482"
74,73.5,0.02,"Mytilus trossulus","W-Msc-140482"
74.5,73.5,0.02,"Mytilus trossulus","W-Msc-140482"
75,73.5,0.02,"Mytilus trossulus","W-Msc-140482"
75.5,73.5,0.02,"Mytilus trossulus","W-Msc-140482"
76,73.5,0.02,"Mytilus trossulus","W-Msc-140482"
76.5,73.5,0.02,"Mytilus trossulus","W-Msc-140482"
77,73.5,0.02,"Mytilus trossulus","W-Msc-140482"
77.5,73.5,0.02,"Mytilus trossulus","W-Msc-140482"
78,73.5,0.02,"Mytilus trossulus","W-Msc-140482"
78.5,73.5,0.02,"Mytilus trossulus","W-Msc-140482"
79,73.5,0.01,"Mytilus trossulus","W-Msc-140482"
80,73.5,0.01,"Mytilus trossulus","W-Msc-140482"
80.5,73.5,0.04,"Mytilus trossulus","W-Msc-140482"
81,73.5,0.05,"Mytilus trossulus","W-Msc-140482"
81.5,73.5,0.06,"Mytilus trossulus","W-Msc-140482"
82,73.5,0.06,"Mytilus trossulus","W-Msc-140482"
82.5,73.5,0.05,"Mytilus trossulus","W-Msc-140482"
83,73.5,0.05,"Mytilus trossulus","W-Msc-140482"
83.5,73.5,0.04,"Mytilus trossulus","W-Msc-140482"
84,73.5,0.04,"Mytilus trossulus","W-Msc-140482"
84.5,73.5,0.03,"Mytilus trossulus","W-Msc-140482"
85,73.5,0.03,"Mytilus trossulus","W-Msc-140482"
85.5,73.5,0.04,"Mytilus trossulus","W-Msc-140482"
86,73.5,0.06,"Mytilus trossulus","W-Msc-140482"
86.5,73.5,0.07,"Mytilus trossulus","W-Msc-140482"
87,73.5,0.07,"Mytilus trossulus","W-Msc-140482"
87.5,73.5,0.06,"Mytilus trossulus","W-Msc-140482"
107.5,73.5,0.01,"Mytilus trossulus","W-Msc-140482"
108,73.5,0.01,"Mytilus trossulus","W-Msc-140482"
108.5,73.5,0.01,"Mytilus trossulus","W-Msc-140482"
109,73.5,0.01,"Mytilus trossulus","W-Msc-140482"
109.5,73.5,0.01,"Mytilus trossulus","W-Msc-140482"
110,73.5,0.01,"Mytilus trossulus","W-Msc-140482"
110.5,73.5,0.01,"Mytilus trossulus","W-Msc-140482"
111,73.5,0.01,"Mytilus trossulus","W-Msc-140482"
111.5,73.5,0.01,"Mytilus trossulus","W-Msc-140482"
112,73.5,0.01,"Mytilus trossulus","W-Msc-140482"
112.5,73.5,0.01,"Mytilus trossulus","W-Msc-140482"
113,73.5,0.02,"Mytilus trossulus","W-Msc-140482"
113.5,73.5,0.03,"Mytilus trossulus","W-Msc-140482"
114,73.5,0.02,"Mytilus trossulus","W-Msc-140482"
114.5,73.5,0.01,"Mytilus trossulus","W-Msc-140482"
115,73.5,0.01,"Mytilus trossulus","W-Msc-140482"
115.5,73.5,0.01,"Mytilus trossulus","W-Msc-140482"
116,73.5,0.01,"Mytilus trossulus","W-Msc-140482"
116.5,73.5,0.01,"Mytilus trossulus","W-Msc-140482"
117,73.5,0.01,"Mytilus trossulus","W-Msc-140482"
117.5,73.5,0.01,"Mytilus trossulus","W-Msc-140482"
118,73.5,0.01,"Mytilus trossulus","W-Msc-140482"
122,73.5,0.01,"Mytilus trossulus","W-Msc-140482"
122.5,73.5,0.01,"Mytilus trossulus","W-Msc-140482"
123,73.5,0.02,"Mytilus trossulus","W-Msc-140482"
123.5,73.5,0.03,"Mytilus trossulus","W-Msc-140482"
124,73.5,0.04,"Mytilus trossulus","W-Msc-140482"
124.5,73.5,0.05,"Mytilus trossulus","W-Msc-140482"
125,73.5,0.06,"Mytilus trossulus","W-Msc-140482"
125.5,73.5,0.06,"Mytilus trossulus","W-Msc-140482"
126,73.5,0.06,"Mytilus trossulus","W-Msc-140482"
126.5,73.5,0.05,"Mytilus trossulus","W-Msc-140482"
127,73.5,0.05,"Mytilus trossulus","W-Msc-140482"
127.5,73.5,0.05,"Mytilus trossulus","W-Msc-140482"
128,73.5,0.04,"Mytilus trossulus","W-Msc-140482"
128.5,73.5,0.04,"Mytilus trossulus","W-Msc-140482"
129,73.5,0.03,"Mytilus trossulus","W-Msc-140482"
129.5,73.5,0.03,"Mytilus trossulus","W-Msc-140482"
130,73.5,0.01,"Mytilus trossulus","W-Msc-140482"
130.5,73.5,0.01,"Mytilus trossulus","W-Msc-140482"
-124.5,73,0.02,"Mytilus trossulus","W-Msc-140482"
-124,73,0.02,"Mytilus trossulus","W-Msc-140482"
-86,73,0.01,"Mytilus trossulus","W-Msc-140482"
-85.5,73,0.01,"Mytilus trossulus","W-Msc-140482"
-85,73,0.01,"Mytilus trossulus","W-Msc-140482"
-84.5,73,0.01,"Mytilus trossulus","W-Msc-140482"
-84,73,0.01,"Mytilus trossulus","W-Msc-140482"
-83.5,73,0.01,"Mytilus trossulus","W-Msc-140482"
-81,73,0.01,"Mytilus trossulus","W-Msc-140482"
-80.5,73,0.01,"Mytilus trossulus","W-Msc-140482"
-80,73,0.01,"Mytilus trossulus","W-Msc-140482"
-77,73,0.02,"Mytilus trossulus","W-Msc-140482"
-76.5,73,0.02,"Mytilus trossulus","W-Msc-140482"
-76,73,0.02,"Mytilus trossulus","W-Msc-140482"
-56.5,73,0.06,"Mytilus trossulus","W-Msc-140482"
-56,73,0.07,"Mytilus trossulus","W-Msc-140482"
-55.5,73,0.07,"Mytilus trossulus","W-Msc-140482"
-55,73,0.06,"Mytilus trossulus","W-Msc-140482"
-54.5,73,0.06,"Mytilus trossulus","W-Msc-140482"
-27.5,73,0.02,"Mytilus trossulus","W-Msc-140482"
-27,73,0.03,"Mytilus trossulus","W-Msc-140482"
-26.5,73,0.03,"Mytilus trossulus","W-Msc-140482"
-26,73,0.03,"Mytilus trossulus","W-Msc-140482"
-25.5,73,0.03,"Mytilus trossulus","W-Msc-140482"
-25,73,0.03,"Mytilus trossulus","W-Msc-140482"
-24.5,73,0.03,"Mytilus trossulus","W-Msc-140482"
-24,73,0.03,"Mytilus trossulus","W-Msc-140482"
-23.5,73,0.03,"Mytilus trossulus","W-Msc-140482"
-23,73,0.03,"Mytilus trossulus","W-Msc-140482"
-22.5,73,0.04,"Mytilus trossulus","W-Msc-140482"
-22,73,0.04,"Mytilus trossulus","W-Msc-140482"
-21.5,73,0.03,"Mytilus trossulus","W-Msc-140482"
-21,73,0.02,"Mytilus trossulus","W-Msc-140482"
-20.5,73,0.02,"Mytilus trossulus","W-Msc-140482"
-20,73,0.01,"Mytilus trossulus","W-Msc-140482"
53.5,73,0.21,"Mytilus trossulus","W-Msc-140482"
54,73,0.2,"Mytilus trossulus","W-Msc-140482"
54.5,73,0.18,"Mytilus trossulus","W-Msc-140482"
55,73,0.17,"Mytilus trossulus","W-Msc-140482"
56,73,0.05,"Mytilus trossulus","W-Msc-140482"
56.5,73,0.05,"Mytilus trossulus","W-Msc-140482"
57,73,0.05,"Mytilus trossulus","W-Msc-140482"
57.5,73,0.04,"Mytilus trossulus","W-Msc-140482"
69,73,0.02,"Mytilus trossulus","W-Msc-140482"
69.5,73,0.03,"Mytilus trossulus","W-Msc-140482"
70,73,0.04,"Mytilus trossulus","W-Msc-140482"
70.5,73,0.04,"Mytilus trossulus","W-Msc-140482"
71,73,0.05,"Mytilus trossulus","W-Msc-140482"
71.5,73,0.05,"Mytilus trossulus","W-Msc-140482"
72,73,0.05,"Mytilus trossulus","W-Msc-140482"
72.5,73,0.03,"Mytilus trossulus","W-Msc-140482"
73.5,73,0.02,"Mytilus trossulus","W-Msc-140482"
74,73,0.03,"Mytilus trossulus","W-Msc-140482"
74.5,73,0.03,"Mytilus trossulus","W-Msc-140482"
75,73,0.02,"Mytilus trossulus","W-Msc-140482"
75.5,73,0.03,"Mytilus trossulus","W-Msc-140482"
76,73,0.03,"Mytilus trossulus","W-Msc-140482"
76.5,73,0.04,"Mytilus trossulus","W-Msc-140482"
77,73,0.04,"Mytilus trossulus","W-Msc-140482"
77.5,73,0.04,"Mytilus trossulus","W-Msc-140482"
78,73,0.04,"Mytilus trossulus","W-Msc-140482"
78.5,73,0.05,"Mytilus trossulus","W-Msc-140482"
79,73,0.07,"Mytilus trossulus","W-Msc-140482"
79.5,73,0.07,"Mytilus trossulus","W-Msc-140482"
80,73,0.07,"Mytilus trossulus","W-Msc-140482"
80.5,73,0.08,"Mytilus trossulus","W-Msc-140482"
81,73,0.07,"Mytilus trossulus","W-Msc-140482"
106,73,0.01,"Mytilus trossulus","W-Msc-140482"
106.5,73,0.01,"Mytilus trossulus","W-Msc-140482"
107,73,0.01,"Mytilus trossulus","W-Msc-140482"
107.5,73,0.01,"Mytilus trossulus","W-Msc-140482"
109,73,0.01,"Mytilus trossulus","W-Msc-140482"
109.5,73,0.01,"Mytilus trossulus","W-Msc-140482"
110,73,0.01,"Mytilus trossulus","W-Msc-140482"
113.5,73,0.03,"Mytilus trossulus","W-Msc-140482"
114,73,0.03,"Mytilus trossulus","W-Msc-140482"
114.5,73,0.01,"Mytilus trossulus","W-Msc-140482"
118.5,73,0.01,"Mytilus trossulus","W-Msc-140482"
119,73,0.01,"Mytilus trossulus","W-Msc-140482"
119.5,73,0.01,"Mytilus trossulus","W-Msc-140482"
120,73,0.01,"Mytilus trossulus","W-Msc-140482"
120.5,73,0.01,"Mytilus trossulus","W-Msc-140482"
121,73,0.01,"Mytilus trossulus","W-Msc-140482"
121.5,73,0.01,"Mytilus trossulus","W-Msc-140482"
122,73,0.01,"Mytilus trossulus","W-Msc-140482"
122.5,73,0.01,"Mytilus trossulus","W-Msc-140482"
123,73,0.01,"Mytilus trossulus","W-Msc-140482"
123.5,73,0.01,"Mytilus trossulus","W-Msc-140482"
124,73,0.04,"Mytilus trossulus","W-Msc-140482"
126,73,0.03,"Mytilus trossulus","W-Msc-140482"
126.5,73,0.03,"Mytilus trossulus","W-Msc-140482"
127,73,0.03,"Mytilus trossulus","W-Msc-140482"
128,73,0.03,"Mytilus trossulus","W-Msc-140482"
128.5,73,0.05,"Mytilus trossulus","W-Msc-140482"
129,73,0.05,"Mytilus trossulus","W-Msc-140482"
129.5,73,0.04,"Mytilus trossulus","W-Msc-140482"
130,73,0.03,"Mytilus trossulus","W-Msc-140482"
130.5,73,0.02,"Mytilus trossulus","W-Msc-140482"
-125.5,72.5,0.01,"Mytilus trossulus","W-Msc-140482"
-125,72.5,0.02,"Mytilus trossulus","W-Msc-140482"
-124.5,72.5,0.03,"Mytilus trossulus","W-Msc-140482"
-119,72.5,0.01,"Mytilus trossulus","W-Msc-140482"
-118.5,72.5,0.01,"Mytilus trossulus","W-Msc-140482"
-118,72.5,0.01,"Mytilus trossulus","W-Msc-140482"
-86.5,72.5,0.01,"Mytilus trossulus","W-Msc-140482"
-86,72.5,0.01,"Mytilus trossulus","W-Msc-140482"
-85.5,72.5,0.01,"Mytilus trossulus","W-Msc-140482"
-85,72.5,0.01,"Mytilus trossulus","W-Msc-140482"
-84.5,72.5,0.01,"Mytilus trossulus","W-Msc-140482"
-80.5,72.5,0.01,"Mytilus trossulus","W-Msc-140482"
-80,72.5,0.01,"Mytilus trossulus","W-Msc-140482"
-79.5,72.5,0.01,"Mytilus trossulus","W-Msc-140482"
-79,72.5,0.02,"Mytilus trossulus","W-Msc-140482"
-78.5,72.5,0.03,"Mytilus trossulus","W-Msc-140482"
-78,72.5,0.03,"Mytilus trossulus","W-Msc-140482"
-77.5,72.5,0.03,"Mytilus trossulus","W-Msc-140482"
-77,72.5,0.03,"Mytilus trossulus","W-Msc-140482"
-76.5,72.5,0.03,"Mytilus trossulus","W-Msc-140482"
-76,72.5,0.02,"Mytilus trossulus","W-Msc-140482"
-75.5,72.5,0.02,"Mytilus trossulus","W-Msc-140482"
-75,72.5,0.01,"Mytilus trossulus","W-Msc-140482"
-56,72.5,0.07,"Mytilus trossulus","W-Msc-140482"
-55.5,72.5,0.08,"Mytilus trossulus","W-Msc-140482"
-55,72.5,0.07,"Mytilus trossulus","W-Msc-140482"
-54.5,72.5,0.06,"Mytilus trossulus","W-Msc-140482"
-27,72.5,0.03,"Mytilus trossulus","W-Msc-140482"
-26.5,72.5,0.03,"Mytilus trossulus","W-Msc-140482"
-26,72.5,0.03,"Mytilus trossulus","W-Msc-140482"
-25.5,72.5,0.03,"Mytilus trossulus","W-Msc-140482"
-25,72.5,0.03,"Mytilus trossulus","W-Msc-140482"
-24.5,72.5,0.03,"Mytilus trossulus","W-Msc-140482"
-24,72.5,0.02,"Mytilus trossulus","W-Msc-140482"
-23.5,72.5,0.01,"Mytilus trossulus","W-Msc-140482"
-23,72.5,0.02,"Mytilus trossulus","W-Msc-140482"
-22.5,72.5,0.02,"Mytilus trossulus","W-Msc-140482"
-22,72.5,0.01,"Mytilus trossulus","W-Msc-140482"
-21.5,72.5,0.01,"Mytilus trossulus","W-Msc-140482"
52.5,72.5,0.23,"Mytilus trossulus","W-Msc-140482"
53,72.5,0.22,"Mytilus trossulus","W-Msc-140482"
53.5,72.5,0.2,"Mytilus trossulus","W-Msc-140482"
56,72.5,0.05,"Mytilus trossulus","W-Msc-140482"
56.5,72.5,0.05,"Mytilus trossulus","W-Msc-140482"
69,72.5,0.06,"Mytilus trossulus","W-Msc-140482"
69.5,72.5,0.07,"Mytilus trossulus","W-Msc-140482"
70,72.5,0.07,"Mytilus trossulus","W-Msc-140482"
70.5,72.5,0.08,"Mytilus trossulus","W-Msc-140482"
71,72.5,0.09,"Mytilus trossulus","W-Msc-140482"
71.5,72.5,0.09,"Mytilus trossulus","W-Msc-140482"
72,72.5,0.08,"Mytilus trossulus","W-Msc-140482"
72.5,72.5,0.09,"Mytilus trossulus","W-Msc-140482"
73,72.5,0.08,"Mytilus trossulus","W-Msc-140482"
73.5,72.5,0.07,"Mytilus trossulus","W-Msc-140482"
74,72.5,0.06,"Mytilus trossulus","W-Msc-140482"
74.5,72.5,0.07,"Mytilus trossulus","W-Msc-140482"
75,72.5,0.08,"Mytilus trossulus","W-Msc-140482"
75.5,72.5,0.03,"Mytilus trossulus","W-Msc-140482"
76,72.5,0.03,"Mytilus trossulus","W-Msc-140482"
76.5,72.5,0.02,"Mytilus trossulus","W-Msc-140482"
77,72.5,0.03,"Mytilus trossulus","W-Msc-140482"
77.5,72.5,0.04,"Mytilus trossulus","W-Msc-140482"
78,72.5,0.06,"Mytilus trossulus","W-Msc-140482"
78.5,72.5,0.07,"Mytilus trossulus","W-Msc-140482"
79,72.5,0.07,"Mytilus trossulus","W-Msc-140482"
79.5,72.5,0.07,"Mytilus trossulus","W-Msc-140482"
80,72.5,0.06,"Mytilus trossulus","W-Msc-140482"
80.5,72.5,0.07,"Mytilus trossulus","W-Msc-140482"
81,72.5,0.07,"Mytilus trossulus","W-Msc-140482"
106,72.5,0.01,"Mytilus trossulus","W-Msc-140482"
106.5,72.5,0.01,"Mytilus trossulus","W-Msc-140482"
121,72.5,0.01,"Mytilus trossulus","W-Msc-140482"
121.5,72.5,0.01,"Mytilus trossulus","W-Msc-140482"
122.5,72.5,0.02,"Mytilus trossulus","W-Msc-140482"
123.5,72.5,0.03,"Mytilus trossulus","W-Msc-140482"
129,72.5,0.03,"Mytilus trossulus","W-Msc-140482"
129.5,72.5,0.07,"Mytilus trossulus","W-Msc-140482"
130,72.5,0.06,"Mytilus trossulus","W-Msc-140482"
130.5,72.5,0.04,"Mytilus trossulus","W-Msc-140482"
131,72.5,0.01,"Mytilus trossulus","W-Msc-140482"
-127,72,0.01,"Mytilus trossulus","W-Msc-140482"
-126.5,72,0.01,"Mytilus trossulus","W-Msc-140482"
-126,72,0.02,"Mytilus trossulus","W-Msc-140482"
-125.5,72,0.03,"Mytilus trossulus","W-Msc-140482"
-125,72,0.03,"Mytilus trossulus","W-Msc-140482"
-120,72,0.01,"Mytilus trossulus","W-Msc-140482"
-119.5,72,0.01,"Mytilus trossulus","W-Msc-140482"
-119,72,0.01,"Mytilus trossulus","W-Msc-140482"
-118.5,72,0.01,"Mytilus trossulus","W-Msc-140482"
-118,72,0.01,"Mytilus trossulus","W-Msc-140482"
-86,72,0.01,"Mytilus trossulus","W-Msc-140482"
-85.5,72,0.01,"Mytilus trossulus","W-Msc-140482"
-85,72,0.01,"Mytilus trossulus","W-Msc-140482"
-84.5,72,0.01,"Mytilus trossulus","W-Msc-140482"
-80.5,72,0.01,"Mytilus trossulus","W-Msc-140482"
-80,72,0.01,"Mytilus trossulus","W-Msc-140482"
-79.5,72,0.01,"Mytilus trossulus","W-Msc-140482"
-79,72,0.01,"Mytilus trossulus","W-Msc-140482"
-78.5,72,0.01,"Mytilus trossulus","W-Msc-140482"
-78,72,0.01,"Mytilus trossulus","W-Msc-140482"
-75.5,72,0.01,"Mytilus trossulus","W-Msc-140482"
-75,72,0.02,"Mytilus trossulus","W-Msc-140482"
-74.5,72,0.02,"Mytilus trossulus","W-Msc-140482"
-74,72,0.01,"Mytilus trossulus","W-Msc-140482"
-56,72,0.13,"Mytilus trossulus","W-Msc-140482"
-55.5,72,0.15,"Mytilus trossulus","W-Msc-140482"
-55,72,0.13,"Mytilus trossulus","W-Msc-140482"
-28.5,72,0.03,"Mytilus trossulus","W-Msc-140482"
-28,72,0.03,"Mytilus trossulus","W-Msc-140482"
-25,72,0.03,"Mytilus trossulus","W-Msc-140482"
-24.5,72,0.03,"Mytilus trossulus","W-Msc-140482"
-24,72,0.01,"Mytilus trossulus","W-Msc-140482"
-23.5,72,0.01,"Mytilus trossulus","W-Msc-140482"
-23,72,0.01,"Mytilus trossulus","W-Msc-140482"
-22.5,72,0.01,"Mytilus trossulus","W-Msc-140482"
-22,72,0.01,"Mytilus trossulus","W-Msc-140482"
-21.5,72,0.01,"Mytilus trossulus","W-Msc-140482"
51.5,72,0.25,"Mytilus trossulus","W-Msc-140482"
52,72,0.23,"Mytilus trossulus","W-Msc-140482"
52.5,72,0.22,"Mytilus trossulus","W-Msc-140482"
53,72,0.21,"Mytilus trossulus","W-Msc-140482"
55.5,72,0.06,"Mytilus trossulus","W-Msc-140482"
56,72,0.06,"Mytilus trossulus","W-Msc-140482"
68.5,72,0.08,"Mytilus trossulus","W-Msc-140482"
69,72,0.1,"Mytilus trossulus","W-Msc-140482"
73,72,0.08,"Mytilus trossulus","W-Msc-140482"
73.5,72,0.07,"Mytilus trossulus","W-Msc-140482"
74,72,0.07,"Mytilus trossulus","W-Msc-140482"
74.5,72,0.08,"Mytilus trossulus","W-Msc-140482"
75,72,0.09,"Mytilus trossulus","W-Msc-140482"
75.5,72,0.06,"Mytilus trossulus","W-Msc-140482"
76,72,0.02,"Mytilus trossulus","W-Msc-140482"
76.5,72,0.01,"Mytilus trossulus","W-Msc-140482"
77,72,0.01,"Mytilus trossulus","W-Msc-140482"
77.5,72,0.02,"Mytilus trossulus","W-Msc-140482"
78,72,0.05,"Mytilus trossulus","W-Msc-140482"
78.5,72,0.09,"Mytilus trossulus","W-Msc-140482"
79,72,0.08,"Mytilus trossulus","W-Msc-140482"
79.5,72,0.08,"Mytilus trossulus","W-Msc-140482"
80,72,0.08,"Mytilus trossulus","W-Msc-140482"
80.5,72,0.07,"Mytilus trossulus","W-Msc-140482"
81,72,0.07,"Mytilus trossulus","W-Msc-140482"
81.5,72,0.07,"Mytilus trossulus","W-Msc-140482"
82,72,0.08,"Mytilus trossulus","W-Msc-140482"
82.5,72,0.1,"Mytilus trossulus","W-Msc-140482"
128.5,72,0.06,"Mytilus trossulus","W-Msc-140482"
129,72,0.03,"Mytilus trossulus","W-Msc-140482"
129.5,72,0.06,"Mytilus trossulus","W-Msc-140482"
130,72,0.06,"Mytilus trossulus","W-Msc-140482"
130.5,72,0.04,"Mytilus trossulus","W-Msc-140482"
131,72,0.01,"Mytilus trossulus","W-Msc-140482"
139.5,72,0.01,"Mytilus trossulus","W-Msc-140482"
146,72,0.01,"Mytilus trossulus","W-Msc-140482"
146.5,72,0.01,"Mytilus trossulus","W-Msc-140482"
147,72,0.01,"Mytilus trossulus","W-Msc-140482"
147.5,72,0.01,"Mytilus trossulus","W-Msc-140482"
148,72,0.01,"Mytilus trossulus","W-Msc-140482"
148.5,72,0.01,"Mytilus trossulus","W-Msc-140482"
149,72,0.01,"Mytilus trossulus","W-Msc-140482"
149.5,72,0.01,"Mytilus trossulus","W-Msc-140482"
150,72,0.01,"Mytilus trossulus","W-Msc-140482"
150.5,72,0.01,"Mytilus trossulus","W-Msc-140482"
151,72,0.01,"Mytilus trossulus","W-Msc-140482"
-179.5,71.5,0.01,"Mytilus trossulus","W-Msc-140482"
-179,71.5,0.02,"Mytilus trossulus","W-Msc-140482"
-178.5,71.5,0.01,"Mytilus trossulus","W-Msc-140482"
-178,71.5,0.01,"Mytilus trossulus","W-Msc-140482"
-177.5,71.5,0.01,"Mytilus trossulus","W-Msc-140482"
-126,71.5,0.02,"Mytilus trossulus","W-Msc-140482"
-125.5,71.5,0.02,"Mytilus trossulus","W-Msc-140482"
-125,71.5,0.03,"Mytilus trossulus","W-Msc-140482"
-124.5,71.5,0.04,"Mytilus trossulus","W-Msc-140482"
-124,71.5,0.03,"Mytilus trossulus","W-Msc-140482"
-123.5,71.5,0.03,"Mytilus trossulus","W-Msc-140482"
-120.5,71.5,0.01,"Mytilus trossulus","W-Msc-140482"
-120,71.5,0.01,"Mytilus trossulus","W-Msc-140482"
-119,71.5,0.01,"Mytilus trossulus","W-Msc-140482"
-118.5,71.5,0.01,"Mytilus trossulus","W-Msc-140482"
-118,71.5,0.01,"Mytilus trossulus","W-Msc-140482"
-117.5,71.5,0.01,"Mytilus trossulus","W-Msc-140482"
-116.5,71.5,0.01,"Mytilus trossulus","W-Msc-140482"
-116,71.5,0.01,"Mytilus trossulus","W-Msc-140482"
-115.5,71.5,0.01,"Mytilus trossulus","W-Msc-140482"
-86,71.5,0.01,"Mytilus trossulus","W-Msc-140482"
-85.5,71.5,0.01,"Mytilus trossulus","W-Msc-140482"
-85,71.5,0.01,"Mytilus trossulus","W-Msc-140482"
-84.5,71.5,0.01,"Mytilus trossulus","W-Msc-140482"
-74.5,71.5,0.02,"Mytilus trossulus","W-Msc-140482"
-74,71.5,0.02,"Mytilus trossulus","W-Msc-140482"
-73.5,71.5,0.01,"Mytilus trossulus","W-Msc-140482"
-73,71.5,0.01,"Mytilus trossulus","W-Msc-140482"
-72.5,71.5,0.01,"Mytilus trossulus","W-Msc-140482"
-72,71.5,0.01,"Mytilus trossulus","W-Msc-140482"
-71.5,71.5,0.01,"Mytilus trossulus","W-Msc-140482"
-55.5,71.5,0.13,"Mytilus trossulus","W-Msc-140482"
-54,71.5,0.15,"Mytilus trossulus","W-Msc-140482"
-53.5,71.5,0.13,"Mytilus trossulus","W-Msc-140482"
-53,71.5,0.12,"Mytilus trossulus","W-Msc-140482"
-52.5,71.5,0.1,"Mytilus trossulus","W-Msc-140482"
-52,71.5,0.08,"Mytilus trossulus","W-Msc-140482"
-51.5,71.5,0.08,"Mytilus trossulus","W-Msc-140482"
-51,71.5,0.09,"Mytilus trossulus","W-Msc-140482"
-28.5,71.5,0.03,"Mytilus trossulus","W-Msc-140482"
-28,71.5,0.03,"Mytilus trossulus","W-Msc-140482"
-27.5,71.5,0.04,"Mytilus trossulus","W-Msc-140482"
-27,71.5,0.03,"Mytilus trossulus","W-Msc-140482"
-26.5,71.5,0.03,"Mytilus trossulus","W-Msc-140482"
-26,71.5,0.03,"Mytilus trossulus","W-Msc-140482"
-25.5,71.5,0.04,"Mytilus trossulus","W-Msc-140482"
-23,71.5,0.02,"Mytilus trossulus","W-Msc-140482"
-22.5,71.5,0.01,"Mytilus trossulus","W-Msc-140482"
-22,71.5,0.01,"Mytilus trossulus","W-Msc-140482"
-21.5,71.5,0.01,"Mytilus trossulus","W-Msc-140482"
51.5,71.5,0.25,"Mytilus trossulus","W-Msc-140482"
52,71.5,0.23,"Mytilus trossulus","W-Msc-140482"
52.5,71.5,0.22,"Mytilus trossulus","W-Msc-140482"
53,71.5,0.21,"Mytilus trossulus","W-Msc-140482"
53.5,71.5,0.1,"Mytilus trossulus","W-Msc-140482"
55.5,71.5,0.09,"Mytilus trossulus","W-Msc-140482"
56,71.5,0.05,"Mytilus trossulus","W-Msc-140482"
56.5,71.5,0.01,"Mytilus trossulus","W-Msc-140482"
67,71.5,0.03,"Mytilus trossulus","W-Msc-140482"
67.5,71.5,0.06,"Mytilus trossulus","W-Msc-140482"
68,71.5,0.09,"Mytilus trossulus","W-Msc-140482"
68.5,71.5,0.11,"Mytilus trossulus","W-Msc-140482"
69,71.5,0.11,"Mytilus trossulus","W-Msc-140482"
72,71.5,0.1,"Mytilus trossulus","W-Msc-140482"
72.5,71.5,0.08,"Mytilus trossulus","W-Msc-140482"
73,71.5,0.07,"Mytilus trossulus","W-Msc-140482"
73.5,71.5,0.08,"Mytilus trossulus","W-Msc-140482"
74,71.5,0.08,"Mytilus trossulus","W-Msc-140482"
74.5,71.5,0.08,"Mytilus trossulus","W-Msc-140482"
75.5,71.5,0.01,"Mytilus trossulus","W-Msc-140482"
76,71.5,0.01,"Mytilus trossulus","W-Msc-140482"
76.5,71.5,0.02,"Mytilus trossulus","W-Msc-140482"
77.5,71.5,0.02,"Mytilus trossulus","W-Msc-140482"
78,71.5,0.02,"Mytilus trossulus","W-Msc-140482"
78.5,71.5,0.1,"Mytilus trossulus","W-Msc-140482"
81,71.5,0.04,"Mytilus trossulus","W-Msc-140482"
81.5,71.5,0.09,"Mytilus trossulus","W-Msc-140482"
82,71.5,0.11,"Mytilus trossulus","W-Msc-140482"
82.5,71.5,0.12,"Mytilus trossulus","W-Msc-140482"
83,71.5,0.12,"Mytilus trossulus","W-Msc-140482"
83.5,71.5,0.11,"Mytilus trossulus","W-Msc-140482"
84,71.5,0.1,"Mytilus trossulus","W-Msc-140482"
129,71.5,0.06,"Mytilus trossulus","W-Msc-140482"
129.5,71.5,0.06,"Mytilus trossulus","W-Msc-140482"
130,71.5,0.05,"Mytilus trossulus","W-Msc-140482"
130.5,71.5,0.02,"Mytilus trossulus","W-Msc-140482"
131,71.5,0.01,"Mytilus trossulus","W-Msc-140482"
132.5,71.5,0.01,"Mytilus trossulus","W-Msc-140482"
133,71.5,0.01,"Mytilus trossulus","W-Msc-140482"
133.5,71.5,0.01,"Mytilus trossulus","W-Msc-140482"
134,71.5,0.01,"Mytilus trossulus","W-Msc-140482"
134.5,71.5,0.01,"Mytilus trossulus","W-Msc-140482"
135,71.5,0.01,"Mytilus trossulus","W-Msc-140482"
135.5,71.5,0.02,"Mytilus trossulus","W-Msc-140482"
136,71.5,0.04,"Mytilus trossulus","W-Msc-140482"
136.5,71.5,0.03,"Mytilus trossulus","W-Msc-140482"
137,71.5,0.02,"Mytilus trossulus","W-Msc-140482"
137.5,71.5,0.01,"Mytilus trossulus","W-Msc-140482"
138,71.5,0.01,"Mytilus trossulus","W-Msc-140482"
138.5,71.5,0.01,"Mytilus trossulus","W-Msc-140482"
139,71.5,0.01,"Mytilus trossulus","W-Msc-140482"
140,71.5,0.01,"Mytilus trossulus","W-Msc-140482"
146.5,71.5,0.01,"Mytilus trossulus","W-Msc-140482"
149.5,71.5,0.03,"Mytilus trossulus","W-Msc-140482"
150,71.5,0.03,"Mytilus trossulus","W-Msc-140482"
150.5,71.5,0.03,"Mytilus trossulus","W-Msc-140482"
151,71.5,0.02,"Mytilus trossulus","W-Msc-140482"
151.5,71.5,0.01,"Mytilus trossulus","W-Msc-140482"
152,71.5,0.01,"Mytilus trossulus","W-Msc-140482"
179.5,71.5,0.01,"Mytilus trossulus","W-Msc-140482"
-178,71,0.02,"Mytilus trossulus","W-Msc-140482"
-177.5,71,0.02,"Mytilus trossulus","W-Msc-140482"
-177,71,0.02,"Mytilus trossulus","W-Msc-140482"
-175.5,71,0.03,"Mytilus trossulus","W-Msc-140482"
-157.5,71,0.01,"Mytilus trossulus","W-Msc-140482"
-157,71,0.03,"Mytilus trossulus","W-Msc-140482"
-156.5,71,0.03,"Mytilus trossulus","W-Msc-140482"
-156,71,0.02,"Mytilus trossulus","W-Msc-140482"
-155.5,71,0.02,"Mytilus trossulus","W-Msc-140482"
-155,71,0.02,"Mytilus trossulus","W-Msc-140482"
-154.5,71,0.01,"Mytilus trossulus","W-Msc-140482"
-154,71,0.01,"Mytilus trossulus","W-Msc-140482"
-153.5,71,0.01,"Mytilus trossulus","W-Msc-140482"
-153,71,0.01,"Mytilus trossulus","W-Msc-140482"
-152.5,71,0.01,"Mytilus trossulus","W-Msc-140482"
-152,71,0.01,"Mytilus trossulus","W-Msc-140482"
-123.5,71,0.03,"Mytilus trossulus","W-Msc-140482"
-123,71,0.03,"Mytilus trossulus","W-Msc-140482"
-122.5,71,0.02,"Mytilus trossulus","W-Msc-140482"
-122,71,0.02,"Mytilus trossulus","W-Msc-140482"
-121.5,71,0.02,"Mytilus trossulus","W-Msc-140482"
-121,71,0.02,"Mytilus trossulus","W-Msc-140482"
-120.5,71,0.01,"Mytilus trossulus","W-Msc-140482"
-118,71,0.01,"Mytilus trossulus","W-Msc-140482"
-117.5,71,0.01,"Mytilus trossulus","W-Msc-140482"
-117,71,0.01,"Mytilus trossulus","W-Msc-140482"
-116.5,71,0.01,"Mytilus trossulus","W-Msc-140482"
-116,71,0.01,"Mytilus trossulus","W-Msc-140482"
-86,71,0.01,"Mytilus trossulus","W-Msc-140482"
-85.5,71,0.01,"Mytilus trossulus","W-Msc-140482"
-85,71,0.01,"Mytilus trossulus","W-Msc-140482"
-84.5,71,0.01,"Mytilus trossulus","W-Msc-140482"
-73.5,71,0.02,"Mytilus trossulus","W-Msc-140482"
-73,71,0.02,"Mytilus trossulus","W-Msc-140482"
-72,71,0.02,"Mytilus trossulus","W-Msc-140482"
-71.5,71,0.02,"Mytilus trossulus","W-Msc-140482"
-71,71,0.03,"Mytilus trossulus","W-Msc-140482"
-70.5,71,0.02,"Mytilus trossulus","W-Msc-140482"
-70,71,0.01,"Mytilus trossulus","W-Msc-140482"
-55.5,71,0.17,"Mytilus trossulus","W-Msc-140482"
-55,71,0.2,"Mytilus trossulus","W-Msc-140482"
-54.5,71,0.21,"Mytilus trossulus","W-Msc-140482"
-54,71,0.22,"Mytilus trossulus","W-Msc-140482"
-53.5,71,0.17,"Mytilus trossulus","W-Msc-140482"
-53,71,0.13,"Mytilus trossulus","W-Msc-140482"
-52.5,71,0.11,"Mytilus trossulus","W-Msc-140482"
-52,71,0.09,"Mytilus trossulus","W-Msc-140482"
-51.5,71,0.09,"Mytilus trossulus","W-Msc-140482"
-51,71,0.09,"Mytilus trossulus","W-Msc-140482"
-27.5,71,0.03,"Mytilus trossulus","W-Msc-140482"
-26,71,0.03,"Mytilus trossulus","W-Msc-140482"
-25.5,71,0.04,"Mytilus trossulus","W-Msc-140482"
-25,71,0.04,"Mytilus trossulus","W-Msc-140482"
-24.5,71,0.04,"Mytilus trossulus","W-Msc-140482"
-24,71,0.03,"Mytilus trossulus","W-Msc-140482"
-22,71,0.02,"Mytilus trossulus","W-Msc-140482"
-21.5,71,0.02,"Mytilus trossulus","W-Msc-140482"
-8.5,71,0.26,"Mytilus trossulus","W-Msc-140482"
-8,71,0.27,"Mytilus trossulus","W-Msc-140482"
-7.5,71,0.28,"Mytilus trossulus","W-Msc-140482"
24,71,0.64,"Mytilus trossulus","W-Msc-140482"
24.5,71,0.64,"Mytilus trossulus","W-Msc-140482"
25,71,0.65,"Mytilus trossulus","W-Msc-140482"
25.5,71,0.64,"Mytilus trossulus","W-Msc-140482"
26,71,0.64,"Mytilus trossulus","W-Msc-140482"
26.5,71,0.64,"Mytilus trossulus","W-Msc-140482"
27.5,71,0.64,"Mytilus trossulus","W-Msc-140482"
28,71,0.64,"Mytilus trossulus","W-Msc-140482"
28.5,71,0.63,"Mytilus trossulus","W-Msc-140482"
29,71,0.62,"Mytilus trossulus","W-Msc-140482"
52,71,0.23,"Mytilus trossulus","W-Msc-140482"
52.5,71,0.21,"Mytilus trossulus","W-Msc-140482"
53,71,0.21,"Mytilus trossulus","W-Msc-140482"
53.5,71,0.19,"Mytilus trossulus","W-Msc-140482"
54,71,0.19,"Mytilus trossulus","W-Msc-140482"
56,71,0.09,"Mytilus trossulus","W-Msc-140482"
56.5,71,0.06,"Mytilus trossulus","W-Msc-140482"
57,71,0.05,"Mytilus trossulus","W-Msc-140482"
66,71,0.03,"Mytilus trossulus","W-Msc-140482"
66.5,71,0.06,"Mytilus trossulus","W-Msc-140482"
67,71,0.08,"Mytilus trossulus","W-Msc-140482"
67.5,71,0.1,"Mytilus trossulus","W-Msc-140482"
68,71,0.08,"Mytilus trossulus","W-Msc-140482"
72,71,0.1,"Mytilus trossulus","W-Msc-140482"
72.5,71,0.1,"Mytilus trossulus","W-Msc-140482"
73,71,0.09,"Mytilus trossulus","W-Msc-140482"
73.5,71,0.09,"Mytilus trossulus","W-Msc-140482"
74,71,0.08,"Mytilus trossulus","W-Msc-140482"
75.5,71,0.07,"Mytilus trossulus","W-Msc-140482"
76,71,0.04,"Mytilus trossulus","W-Msc-140482"
76.5,71,0.04,"Mytilus trossulus","W-Msc-140482"
77,71,0.02,"Mytilus trossulus","W-Msc-140482"
77.5,71,0.01,"Mytilus trossulus","W-Msc-140482"
78,71,0.01,"Mytilus trossulus","W-Msc-140482"
78.5,71,0.1,"Mytilus trossulus","W-Msc-140482"
82.5,71,0.11,"Mytilus trossulus","W-Msc-140482"
83,71,0.11,"Mytilus trossulus","W-Msc-140482"
83.5,71,0.11,"Mytilus trossulus","W-Msc-140482"
129.5,71,0.05,"Mytilus trossulus","W-Msc-140482"
130,71,0.01,"Mytilus trossulus","W-Msc-140482"
130.5,71,0.01,"Mytilus trossulus","W-Msc-140482"
132,71,0.01,"Mytilus trossulus","W-Msc-140482"
132.5,71,0.01,"Mytilus trossulus","W-Msc-140482"
134,71,0.01,"Mytilus trossulus","W-Msc-140482"
134.5,71,0.01,"Mytilus trossulus","W-Msc-140482"
135,71,0.02,"Mytilus trossulus","W-Msc-140482"
137.5,71,0.01,"Mytilus trossulus","W-Msc-140482"
138,71,0.01,"Mytilus trossulus","W-Msc-140482"
139.5,71,0.01,"Mytilus trossulus","W-Msc-140482"
151,71,0.01,"Mytilus trossulus","W-Msc-140482"
151.5,71,0.02,"Mytilus trossulus","W-Msc-140482"
152,71,0.01,"Mytilus trossulus","W-Msc-140482"
152.5,71,0.01,"Mytilus trossulus","W-Msc-140482"
179,71,0.03,"Mytilus trossulus","W-Msc-140482"
179.5,71,0.02,"Mytilus trossulus","W-Msc-140482"
-179.5,70.5,0.02,"Mytilus trossulus","W-Msc-140482"
-179,70.5,0.02,"Mytilus trossulus","W-Msc-140482"
-178.5,70.5,0.02,"Mytilus trossulus","W-Msc-140482"
-178,70.5,0.02,"Mytilus trossulus","W-Msc-140482"
-161.5,70.5,0.02,"Mytilus trossulus","W-Msc-140482"
-161,70.5,0.07,"Mytilus trossulus","W-Msc-140482"
-160.5,70.5,0.04,"Mytilus trossulus","W-Msc-140482"
-160,70.5,0.06,"Mytilus trossulus","W-Msc-140482"
-159.5,70.5,0.06,"Mytilus trossulus","W-Msc-140482"
-159,70.5,0.05,"Mytilus trossulus","W-Msc-140482"
-158.5,70.5,0.05,"Mytilus trossulus","W-Msc-140482"
-158,70.5,0.05,"Mytilus trossulus","W-Msc-140482"
-157.5,70.5,0.04,"Mytilus trossulus","W-Msc-140482"
-156,70.5,0.01,"Mytilus trossulus","W-Msc-140482"
-155.5,70.5,0.02,"Mytilus trossulus","W-Msc-140482"
-154.5,70.5,0.02,"Mytilus trossulus","W-Msc-140482"
-154,70.5,0.02,"Mytilus trossulus","W-Msc-140482"
-153.5,70.5,0.02,"Mytilus trossulus","W-Msc-140482"
-153,70.5,0.02,"Mytilus trossulus","W-Msc-140482"
-152.5,70.5,0.01,"Mytilus trossulus","W-Msc-140482"
-152,70.5,0.01,"Mytilus trossulus","W-Msc-140482"
-151.5,70.5,0.01,"Mytilus trossulus","W-Msc-140482"
-151,70.5,0.01,"Mytilus trossulus","W-Msc-140482"
-150.5,70.5,0.01,"Mytilus trossulus","W-Msc-140482"
-150,70.5,0.01,"Mytilus trossulus","W-Msc-140482"
-149.5,70.5,0.01,"Mytilus trossulus","W-Msc-140482"
-149,70.5,0.01,"Mytilus trossulus","W-Msc-140482"
-148.5,70.5,0.01,"Mytilus trossulus","W-Msc-140482"
-148,70.5,0.01,"Mytilus trossulus","W-Msc-140482"
-147.5,70.5,0.01,"Mytilus trossulus","W-Msc-140482"
-130,70.5,0.01,"Mytilus trossulus","W-Msc-140482"
-129.5,70.5,0.02,"Mytilus trossulus","W-Msc-140482"
-129,70.5,0.03,"Mytilus trossulus","W-Msc-140482"
-128.5,70.5,0.04,"Mytilus trossulus","W-Msc-140482"
-128,70.5,0.04,"Mytilus trossulus","W-Msc-140482"
-127.5,70.5,0.04,"Mytilus trossulus","W-Msc-140482"
-118,70.5,0.01,"Mytilus trossulus","W-Msc-140482"
-117.5,70.5,0.01,"Mytilus trossulus","W-Msc-140482"
-117,70.5,0.01,"Mytilus trossulus","W-Msc-140482"
-116.5,70.5,0.01,"Mytilus trossulus","W-Msc-140482"
-116,70.5,0.01,"Mytilus trossulus","W-Msc-140482"
-115.5,70.5,0.01,"Mytilus trossulus","W-Msc-140482"
-115,70.5,0.01,"Mytilus trossulus","W-Msc-140482"
-114.5,70.5,0.01,"Mytilus trossulus","W-Msc-140482"
-114,70.5,0.01,"Mytilus trossulus","W-Msc-140482"
-84.5,70.5,0.01,"Mytilus trossulus","W-Msc-140482"
-79,70.5,0.01,"Mytilus trossulus","W-Msc-140482"
-78.5,70.5,0.01,"Mytilus trossulus","W-Msc-140482"
-72,70.5,0.02,"Mytilus trossulus","W-Msc-140482"
-71.5,70.5,0.02,"Mytilus trossulus","W-Msc-140482"
-71,70.5,0.02,"Mytilus trossulus","W-Msc-140482"
-70.5,70.5,0.02,"Mytilus trossulus","W-Msc-140482"
-70,70.5,0.02,"Mytilus trossulus","W-Msc-140482"
-69.5,70.5,0.02,"Mytilus trossulus","W-Msc-140482"
-69,70.5,0.02,"Mytilus trossulus","W-Msc-140482"
-68.5,70.5,0.02,"Mytilus trossulus","W-Msc-140482"
-68,70.5,0.01,"Mytilus trossulus","W-Msc-140482"
-55,70.5,0.18,"Mytilus trossulus","W-Msc-140482"
-54.5,70.5,0.2,"Mytilus trossulus","W-Msc-140482"
-54,70.5,0.19,"Mytilus trossulus","W-Msc-140482"
-53.5,70.5,0.18,"Mytilus trossulus","W-Msc-140482"
-53,70.5,0.15,"Mytilus trossulus","W-Msc-140482"
-52.5,70.5,0.13,"Mytilus trossulus","W-Msc-140482"
-52,70.5,0.11,"Mytilus trossulus","W-Msc-140482"
-51.5,70.5,0.1,"Mytilus trossulus","W-Msc-140482"
-51,70.5,0.09,"Mytilus trossulus","W-Msc-140482"
-50.5,70.5,0.12,"Mytilus trossulus","W-Msc-140482"
-28.5,70.5,0.04,"Mytilus trossulus","W-Msc-140482"
-28,70.5,0.04,"Mytilus trossulus","W-Msc-140482"
-27.5,70.5,0.03,"Mytilus trossulus","W-Msc-140482"
-27,70.5,0.03,"Mytilus trossulus","W-Msc-140482"
-26.5,70.5,0.03,"Mytilus trossulus","W-Msc-140482"
-26,70.5,0.03,"Mytilus trossulus","W-Msc-140482"
-25.5,70.5,0.03,"Mytilus trossulus","W-Msc-140482"
-25,70.5,0.03,"Mytilus trossulus","W-Msc-140482"
-24,70.5,0.03,"Mytilus trossulus","W-Msc-140482"
-23.5,70.5,0.03,"Mytilus trossulus","W-Msc-140482"
-23,70.5,0.03,"Mytilus trossulus","W-Msc-140482"
-22.5,70.5,0.03,"Mytilus trossulus","W-Msc-140482"
-22,70.5,0.03,"Mytilus trossulus","W-Msc-140482"
-21.5,70.5,0.02,"Mytilus trossulus","W-Msc-140482"
-21,70.5,0.02,"Mytilus trossulus","W-Msc-140482"
-9,70.5,0.3,"Mytilus trossulus","W-Msc-140482"
-8.5,70.5,0.3,"Mytilus trossulus","W-Msc-140482"
-8,70.5,0.31,"Mytilus trossulus","W-Msc-140482"
22,70.5,0.67,"Mytilus trossulus","W-Msc-140482"
22.5,70.5,0.68,"Mytilus trossulus","W-Msc-140482"
23,70.5,0.68,"Mytilus trossulus","W-Msc-140482"
23.5,70.5,0.66,"Mytilus trossulus","W-Msc-140482"
24,70.5,0.65,"Mytilus trossulus","W-Msc-140482"
24.5,70.5,0.63,"Mytilus trossulus","W-Msc-140482"
25,70.5,0.65,"Mytilus trossulus","W-Msc-140482"
25.5,70.5,0.67,"Mytilus trossulus","W-Msc-140482"
26,70.5,0.68,"Mytilus trossulus","W-Msc-140482"
26.5,70.5,0.69,"Mytilus trossulus","W-Msc-140482"
27,70.5,0.69,"Mytilus trossulus","W-Msc-140482"
27.5,70.5,0.69,"Mytilus trossulus","W-Msc-140482"
28.5,70.5,0.66,"Mytilus trossulus","W-Msc-140482"
29,70.5,0.65,"Mytilus trossulus","W-Msc-140482"
29.5,70.5,0.65,"Mytilus trossulus","W-Msc-140482"
30,70.5,0.64,"Mytilus trossulus","W-Msc-140482"
30.5,70.5,0.63,"Mytilus trossulus","W-Msc-140482"
31,70.5,0.62,"Mytilus trossulus","W-Msc-140482"
53,70.5,0.18,"Mytilus trossulus","W-Msc-140482"
53.5,70.5,0.22,"Mytilus trossulus","W-Msc-140482"
54,70.5,0.21,"Mytilus trossulus","W-Msc-140482"
54.5,70.5,0.21,"Mytilus trossulus","W-Msc-140482"
55,70.5,0.2,"Mytilus trossulus","W-Msc-140482"
55.5,70.5,0.17,"Mytilus trossulus","W-Msc-140482"
56,70.5,0.14,"Mytilus trossulus","W-Msc-140482"
56.5,70.5,0.12,"Mytilus trossulus","W-Msc-140482"
57,70.5,0.11,"Mytilus trossulus","W-Msc-140482"
57.5,70.5,0.07,"Mytilus trossulus","W-Msc-140482"
58,70.5,0.07,"Mytilus trossulus","W-Msc-140482"
58.5,70.5,0.05,"Mytilus trossulus","W-Msc-140482"
59,70.5,0.07,"Mytilus trossulus","W-Msc-140482"
59.5,70.5,0.03,"Mytilus trossulus","W-Msc-140482"
66,70.5,0.03,"Mytilus trossulus","W-Msc-140482"
66.5,70.5,0.04,"Mytilus trossulus","W-Msc-140482"
67,70.5,0.04,"Mytilus trossulus","W-Msc-140482"
67.5,70.5,0.05,"Mytilus trossulus","W-Msc-140482"
73,70.5,0.09,"Mytilus trossulus","W-Msc-140482"
73.5,70.5,0.08,"Mytilus trossulus","W-Msc-140482"
74,70.5,0.09,"Mytilus trossulus","W-Msc-140482"
74.5,70.5,0.1,"Mytilus trossulus","W-Msc-140482"
78.5,70.5,0.11,"Mytilus trossulus","W-Msc-140482"
82.5,70.5,0.05,"Mytilus trossulus","W-Msc-140482"
83,70.5,0.05,"Mytilus trossulus","W-Msc-140482"
83.5,70.5,0.11,"Mytilus trossulus","W-Msc-140482"
84,70.5,0.1,"Mytilus trossulus","W-Msc-140482"
130.5,70.5,0.03,"Mytilus trossulus","W-Msc-140482"
131,70.5,0.01,"Mytilus trossulus","W-Msc-140482"
131.5,70.5,0.01,"Mytilus trossulus","W-Msc-140482"
132,70.5,0.01,"Mytilus trossulus","W-Msc-140482"
152.5,70.5,0.01,"Mytilus trossulus","W-Msc-140482"
153,70.5,0.01,"Mytilus trossulus","W-Msc-140482"
153.5,70.5,0.01,"Mytilus trossulus","W-Msc-140482"
154,70.5,0.01,"Mytilus trossulus","W-Msc-140482"
154.5,70.5,0.01,"Mytilus trossulus","W-Msc-140482"
159,70.5,0.01,"Mytilus trossulus","W-Msc-140482"
159.5,70.5,0.01,"Mytilus trossulus","W-Msc-140482"
160,70.5,0.01,"Mytilus trossulus","W-Msc-140482"
160.5,70.5,0.01,"Mytilus trossulus","W-Msc-140482"
161,70.5,0.01,"Mytilus trossulus","W-Msc-140482"
161.5,70.5,0.01,"Mytilus trossulus","W-Msc-140482"
179,70.5,0.02,"Mytilus trossulus","W-Msc-140482"
179.5,70.5,0.02,"Mytilus trossulus","W-Msc-140482"
-179.5,70,0.02,"Mytilus trossulus","W-Msc-140482"
-171.5,70,0.02,"Mytilus trossulus","W-Msc-140482"
-171,70,0.01,"Mytilus trossulus","W-Msc-140482"
-163,70,0.04,"Mytilus trossulus","W-Msc-140482"
-162.5,70,0.11,"Mytilus trossulus","W-Msc-140482"
-162,70,0.11,"Mytilus trossulus","W-Msc-140482"
-161.5,70,0.11,"Mytilus trossulus","W-Msc-140482"
-161,70,0.1,"Mytilus trossulus","W-Msc-140482"
-160.5,70,0.09,"Mytilus trossulus","W-Msc-140482"
-159.5,70,0.07,"Mytilus trossulus","W-Msc-140482"
-151.5,70,0.02,"Mytilus trossulus","W-Msc-140482"
-151,70,0.01,"Mytilus trossulus","W-Msc-140482"
-150,70,0.02,"Mytilus trossulus","W-Msc-140482"
-148.5,70,0.02,"Mytilus trossulus","W-Msc-140482"
-148,70,0.02,"Mytilus trossulus","W-Msc-140482"
-147.5,70,0.02,"Mytilus trossulus","W-Msc-140482"
-147,70,0.02,"Mytilus trossulus","W-Msc-140482"
-146.5,70,0.02,"Mytilus trossulus","W-Msc-140482"
-146,70,0.02,"Mytilus trossulus","W-Msc-140482"
-145.5,70,0.02,"Mytilus trossulus","W-Msc-140482"
-145,70,0.02,"Mytilus trossulus","W-Msc-140482"
-144.5,70,0.02,"Mytilus trossulus","W-Msc-140482"
-144,70,0.02,"Mytilus trossulus","W-Msc-140482"
-143.5,70,0.02,"Mytilus trossulus","W-Msc-140482"
-143,70,0.02,"Mytilus trossulus","W-Msc-140482"
-142.5,70,0.02,"Mytilus trossulus","W-Msc-140482"
-142,70,0.02,"Mytilus trossulus","W-Msc-140482"
-134.5,70,0.03,"Mytilus trossulus","W-Msc-140482"
-134,70,0.02,"Mytilus trossulus","W-Msc-140482"
-133.5,70,0.01,"Mytilus trossulus","W-Msc-140482"
-132,70,0.01,"Mytilus trossulus","W-Msc-140482"
-131.5,70,0.04,"Mytilus trossulus","W-Msc-140482"
-131,70,0.04,"Mytilus trossulus","W-Msc-140482"
-130.5,70,0.05,"Mytilus trossulus","W-Msc-140482"
-130,70,0.05,"Mytilus trossulus","W-Msc-140482"
-129.5,70,0.05,"Mytilus trossulus","W-Msc-140482"
-129,70,0.05,"Mytilus trossulus","W-Msc-140482"
-128.5,70,0.05,"Mytilus trossulus","W-Msc-140482"
-128,70,0.06,"Mytilus trossulus","W-Msc-140482"
-127.5,70,0.06,"Mytilus trossulus","W-Msc-140482"
-127,70,0.06,"Mytilus trossulus","W-Msc-140482"
-126.5,70,0.06,"Mytilus trossulus","W-Msc-140482"
-125,70,0.03,"Mytilus trossulus","W-Msc-140482"
-124.5,70,0.03,"Mytilus trossulus","W-Msc-140482"
-124,70,0.03,"Mytilus trossulus","W-Msc-140482"
-117,70,0.01,"Mytilus trossulus","W-Msc-140482"
-116.5,70,0.01,"Mytilus trossulus","W-Msc-140482"
-116,70,0.01,"Mytilus trossulus","W-Msc-140482"
-115.5,70,0.01,"Mytilus trossulus","W-Msc-140482"
-115,70,0.01,"Mytilus trossulus","W-Msc-140482"
-114.5,70,0.01,"Mytilus trossulus","W-Msc-140482"
-84.5,70,0.01,"Mytilus trossulus","W-Msc-140482"
-84,70,0.01,"Mytilus trossulus","W-Msc-140482"
-83,70,0.03,"Mytilus trossulus","W-Msc-140482"
-82,70,0.04,"Mytilus trossulus","W-Msc-140482"
-81.5,70,0.04,"Mytilus trossulus","W-Msc-140482"
-81,70,0.04,"Mytilus trossulus","W-Msc-140482"
-80.5,70,0.02,"Mytilus trossulus","W-Msc-140482"
-80,70,0.02,"Mytilus trossulus","W-Msc-140482"
-79,70,0.01,"Mytilus trossulus","W-Msc-140482"
-78.5,70,0.01,"Mytilus trossulus","W-Msc-140482"
-78,70,0.01,"Mytilus trossulus","W-Msc-140482"
-77.5,70,0.01,"Mytilus trossulus","W-Msc-140482"
-71,70,0.02,"Mytilus trossulus","W-Msc-140482"
-69.5,70,0.02,"Mytilus trossulus","W-Msc-140482"
-69,70,0.02,"Mytilus trossulus","W-Msc-140482"
-68.5,70,0.02,"Mytilus trossulus","W-Msc-140482"
-68,70,0.02,"Mytilus trossulus","W-Msc-140482"
-67.5,70,0.02,"Mytilus trossulus","W-Msc-140482"
-67,70,0.02,"Mytilus trossulus","W-Msc-140482"
-55,70,0.2,"Mytilus trossulus","W-Msc-140482"
-54.5,70,0.2,"Mytilus trossulus","W-Msc-140482"
-54,70,0.18,"Mytilus trossulus","W-Msc-140482"
-53.5,70,0.18,"Mytilus trossulus","W-Msc-140482"
-53,70,0.19,"Mytilus trossulus","W-Msc-140482"
-52.5,70,0.19,"Mytilus trossulus","W-Msc-140482"
-52,70,0.18,"Mytilus trossulus","W-Msc-140482"
-51.5,70,0.17,"Mytilus trossulus","W-Msc-140482"
-51,70,0.15,"Mytilus trossulus","W-Msc-140482"
-50.5,70,0.12,"Mytilus trossulus","W-Msc-140482"
-50,70,0.12,"Mytilus trossulus","W-Msc-140482"
-29,70,0.04,"Mytilus trossulus","W-Msc-140482"
-28.5,70,0.04,"Mytilus trossulus","W-Msc-140482"
-28,70,0.04,"Mytilus trossulus","W-Msc-140482"
-27.5,70,0.03,"Mytilus trossulus","W-Msc-140482"
-27,70,0.01,"Mytilus trossulus","W-Msc-140482"
-26.5,70,0.01,"Mytilus trossulus","W-Msc-140482"
-26,70,0.02,"Mytilus trossulus","W-Msc-140482"
-25.5,70,0.02,"Mytilus trossulus","W-Msc-140482"
-25,70,0.02,"Mytilus trossulus","W-Msc-140482"
-24.5,70,0.02,"Mytilus trossulus","W-Msc-140482"
-24,70,0.02,"Mytilus trossulus","W-Msc-140482"
-23.5,70,0.03,"Mytilus trossulus","W-Msc-140482"
-23,70,0.03,"Mytilus trossulus","W-Msc-140482"
-22.5,70,0.04,"Mytilus trossulus","W-Msc-140482"
-22,70,0.04,"Mytilus trossulus","W-Msc-140482"
-21.5,70,0.04,"Mytilus trossulus","W-Msc-140482"
18.5,70,0.22,"Mytilus trossulus","W-Msc-140482"
19,70,0.67,"Mytilus trossulus","W-Msc-140482"
19.5,70,0.68,"Mytilus trossulus","W-Msc-140482"
20,70,0.68,"Mytilus trossulus","W-Msc-140482"
20.5,70,0.67,"Mytilus trossulus","W-Msc-140482"
21,70,0.68,"Mytilus trossulus","W-Msc-140482"
21.5,70,0.7,"Mytilus trossulus","W-Msc-140482"
22,70,0.72,"Mytilus trossulus","W-Msc-140482"
22.5,70,0.71,"Mytilus trossulus","W-Msc-140482"
23,70,0.69,"Mytilus trossulus","W-Msc-140482"
23.5,70,0.66,"Mytilus trossulus","W-Msc-140482"
25,70,0.35,"Mytilus trossulus","W-Msc-140482"
25.5,70,0.64,"Mytilus trossulus","W-Msc-140482"
26,70,0.78,"Mytilus trossulus","W-Msc-140482"
27,70,0.89,"Mytilus trossulus","W-Msc-140482"
29,70,0.73,"Mytilus trossulus","W-Msc-140482"
29.5,70,0.68,"Mytilus trossulus","W-Msc-140482"
30,70,0.67,"Mytilus trossulus","W-Msc-140482"
30.5,70,0.67,"Mytilus trossulus","W-Msc-140482"
31,70,0.68,"Mytilus trossulus","W-Msc-140482"
31.5,70,0.64,"Mytilus trossulus","W-Msc-140482"
55.5,70,0.15,"Mytilus trossulus","W-Msc-140482"
56,70,0.17,"Mytilus trossulus","W-Msc-140482"
56.5,70,0.21,"Mytilus trossulus","W-Msc-140482"
57,70,0.2,"Mytilus trossulus","W-Msc-140482"
57.5,70,0.2,"Mytilus trossulus","W-Msc-140482"
58,70,0.21,"Mytilus trossulus","W-Msc-140482"
58.5,70,0.22,"Mytilus trossulus","W-Msc-140482"
59,70,0.16,"Mytilus trossulus","W-Msc-140482"
59.5,70,0.13,"Mytilus trossulus","W-Msc-140482"
60,70,0.13,"Mytilus trossulus","W-Msc-140482"
60.5,70,0.11,"Mytilus trossulus","W-Msc-140482"
66,70,0.01,"Mytilus trossulus","W-Msc-140482"
66.5,70,0.02,"Mytilus trossulus","W-Msc-140482"
67,70,0.04,"Mytilus trossulus","W-Msc-140482"
67.5,70,0.04,"Mytilus trossulus","W-Msc-140482"
72.5,70,0.06,"Mytilus trossulus","W-Msc-140482"
73,70,0.12,"Mytilus trossulus","W-Msc-140482"
73.5,70,0.09,"Mytilus trossulus","W-Msc-140482"
74,70,0.11,"Mytilus trossulus","W-Msc-140482"
74.5,70,0.11,"Mytilus trossulus","W-Msc-140482"
83,70,0.09,"Mytilus trossulus","W-Msc-140482"
83.5,70,0.09,"Mytilus trossulus","W-Msc-140482"
84,70,0.09,"Mytilus trossulus","W-Msc-140482"
160,70,0.03,"Mytilus trossulus","W-Msc-140482"
160.5,70,0.03,"Mytilus trossulus","W-Msc-140482"
161,70,0.02,"Mytilus trossulus","W-Msc-140482"
161.5,70,0.02,"Mytilus trossulus","W-Msc-140482"
162,70,0.02,"Mytilus trossulus","W-Msc-140482"
162.5,70,0.01,"Mytilus trossulus","W-Msc-140482"
163,70,0.01,"Mytilus trossulus","W-Msc-140482"
169,70,0.01,"Mytilus trossulus","W-Msc-140482"
169.5,70,0.01,"Mytilus trossulus","W-Msc-140482"
170,70,0.01,"Mytilus trossulus","W-Msc-140482"
170.5,70,0.01,"Mytilus trossulus","W-Msc-140482"
171,70,0.01,"Mytilus trossulus","W-Msc-140482"
171.5,70,0.01,"Mytilus trossulus","W-Msc-140482"
172,70,0.01,"Mytilus trossulus","W-Msc-140482"
172.5,70,0.01,"Mytilus trossulus","W-Msc-140482"
173,70,0.01,"Mytilus trossulus","W-Msc-140482"
173.5,70,0.01,"Mytilus trossulus","W-Msc-140482"
174,70,0.01,"Mytilus trossulus","W-Msc-140482"
179.5,70,0.02,"Mytilus trossulus","W-Msc-140482"
-163.5,69.5,0.06,"Mytilus trossulus","W-Msc-140482"
-163,69.5,0.14,"Mytilus trossulus","W-Msc-140482"
-162.5,69.5,0.14,"Mytilus trossulus","W-Msc-140482"
-142,69.5,0.03,"Mytilus trossulus","W-Msc-140482"
-141.5,69.5,0.03,"Mytilus trossulus","W-Msc-140482"
-141,69.5,0.03,"Mytilus trossulus","W-Msc-140482"
-140.5,69.5,0.03,"Mytilus trossulus","W-Msc-140482"
-140,69.5,0.03,"Mytilus trossulus","W-Msc-140482"
-139.5,69.5,0.04,"Mytilus trossulus","W-Msc-140482"
-139,69.5,0.04,"Mytilus trossulus","W-Msc-140482"
-138.5,69.5,0.04,"Mytilus trossulus","W-Msc-140482"
-136.5,69.5,0.05,"Mytilus trossulus","W-Msc-140482"
-136,69.5,0.05,"Mytilus trossulus","W-Msc-140482"
-135.5,69.5,0.05,"Mytilus trossulus","W-Msc-140482"
-135,69.5,0.05,"Mytilus trossulus","W-Msc-140482"
-134.5,69.5,0.06,"Mytilus trossulus","W-Msc-140482"
-134,69.5,0.07,"Mytilus trossulus","W-Msc-140482"
-133.5,69.5,0.07,"Mytilus trossulus","W-Msc-140482"
-133,69.5,0.06,"Mytilus trossulus","W-Msc-140482"
-132.5,69.5,0.06,"Mytilus trossulus","W-Msc-140482"
-132,69.5,0.06,"Mytilus trossulus","W-Msc-140482"
-131.5,69.5,0.06,"Mytilus trossulus","W-Msc-140482"
-131,69.5,0.06,"Mytilus trossulus","W-Msc-140482"
-130.5,69.5,0.03,"Mytilus trossulus","W-Msc-140482"
-130,69.5,0.04,"Mytilus trossulus","W-Msc-140482"
-129.5,69.5,0.04,"Mytilus trossulus","W-Msc-140482"
-129,69.5,0.05,"Mytilus trossulus","W-Msc-140482"
-128.5,69.5,0.05,"Mytilus trossulus","W-Msc-140482"
-128,69.5,0.06,"Mytilus trossulus","W-Msc-140482"
-126.5,69.5,0.08,"Mytilus trossulus","W-Msc-140482"
-126,69.5,0.07,"Mytilus trossulus","W-Msc-140482"
-125.5,69.5,0.06,"Mytilus trossulus","W-Msc-140482"
-125,69.5,0.06,"Mytilus trossulus","W-Msc-140482"
-124.5,69.5,0.05,"Mytilus trossulus","W-Msc-140482"
-124,69.5,0.04,"Mytilus trossulus","W-Msc-140482"
-123.5,69.5,0.04,"Mytilus trossulus","W-Msc-140482"
-123,69.5,0.04,"Mytilus trossulus","W-Msc-140482"
-122.5,69.5,0.04,"Mytilus trossulus","W-Msc-140482"
-122,69.5,0.04,"Mytilus trossulus","W-Msc-140482"
-121.5,69.5,0.05,"Mytilus trossulus","W-Msc-140482"
-121,69.5,0.05,"Mytilus trossulus","W-Msc-140482"
-120.5,69.5,0.03,"Mytilus trossulus","W-Msc-140482"
-120,69.5,0.02,"Mytilus trossulus","W-Msc-140482"
-117,69.5,0.01,"Mytilus trossulus","W-Msc-140482"
-116.5,69.5,0.01,"Mytilus trossulus","W-Msc-140482"
-84,69.5,0.01,"Mytilus trossulus","W-Msc-140482"
-83.5,69.5,0.02,"Mytilus trossulus","W-Msc-140482"
-83,69.5,0.02,"Mytilus trossulus","W-Msc-140482"
-82.5,69.5,0.04,"Mytilus trossulus","W-Msc-140482"
-82,69.5,0.04,"Mytilus trossulus","W-Msc-140482"
-81.5,69.5,0.04,"Mytilus trossulus","W-Msc-140482"
-81,69.5,0.04,"Mytilus trossulus","W-Msc-140482"
-80.5,69.5,0.02,"Mytilus trossulus","W-Msc-140482"
-80,69.5,0.02,"Mytilus trossulus","W-Msc-140482"
-79.5,69.5,0.02,"Mytilus trossulus","W-Msc-140482"
-79,69.5,0.02,"Mytilus trossulus","W-Msc-140482"
-78.5,69.5,0.01,"Mytilus trossulus","W-Msc-140482"
-78,69.5,0.01,"Mytilus trossulus","W-Msc-140482"
-77.5,69.5,0.01,"Mytilus trossulus","W-Msc-140482"
-77,69.5,0.01,"Mytilus trossulus","W-Msc-140482"
-76.5,69.5,0.01,"Mytilus trossulus","W-Msc-140482"
-70,69.5,0.02,"Mytilus trossulus","W-Msc-140482"
-69.5,69.5,0.02,"Mytilus trossulus","W-Msc-140482"
-69,69.5,0.02,"Mytilus trossulus","W-Msc-140482"
-68.5,69.5,0.02,"Mytilus trossulus","W-Msc-140482"
-68,69.5,0.02,"Mytilus trossulus","W-Msc-140482"
-67.5,69.5,0.02,"Mytilus trossulus","W-Msc-140482"
-67,69.5,0.02,"Mytilus trossulus","W-Msc-140482"
-55,69.5,0.23,"Mytilus trossulus","W-Msc-140482"
-54.5,69.5,0.24,"Mytilus trossulus","W-Msc-140482"
-54,69.5,0.23,"Mytilus trossulus","W-Msc-140482"
-52.5,69.5,0.23,"Mytilus trossulus","W-Msc-140482"
-52,69.5,0.2,"Mytilus trossulus","W-Msc-140482"
-51.5,69.5,0.19,"Mytilus trossulus","W-Msc-140482"
-51,69.5,0.16,"Mytilus trossulus","W-Msc-140482"
-50.5,69.5,0.13,"Mytilus trossulus","W-Msc-140482"
-50,69.5,0.13,"Mytilus trossulus","W-Msc-140482"
-24,69.5,0.04,"Mytilus trossulus","W-Msc-140482"
-23.5,69.5,0.05,"Mytilus trossulus","W-Msc-140482"
-23,69.5,0.06,"Mytilus trossulus","W-Msc-140482"
-22.5,69.5,0.06,"Mytilus trossulus","W-Msc-140482"
17.5,69.5,0.67,"Mytilus trossulus","W-Msc-140482"
18,69.5,0.68,"Mytilus trossulus","W-Msc-140482"
18.5,69.5,0.7,"Mytilus trossulus","W-Msc-140482"
19,69.5,0.69,"Mytilus trossulus","W-Msc-140482"
19.5,69.5,0.67,"Mytilus trossulus","W-Msc-140482"
20,69.5,0.66,"Mytilus trossulus","W-Msc-140482"
20.5,69.5,0.66,"Mytilus trossulus","W-Msc-140482"
21,69.5,0.66,"Mytilus trossulus","W-Msc-140482"
21.5,69.5,0.84,"Mytilus trossulus","W-Msc-140482"
22,69.5,0.95,"Mytilus trossulus","W-Msc-140482"
30,69.5,0.7,"Mytilus trossulus","W-Msc-140482"
30.5,69.5,0.69,"Mytilus trossulus","W-Msc-140482"
31,69.5,0.67,"Mytilus trossulus","W-Msc-140482"
31.5,69.5,0.67,"Mytilus trossulus","W-Msc-140482"
32,69.5,0.67,"Mytilus trossulus","W-Msc-140482"
32.5,69.5,0.65,"Mytilus trossulus","W-Msc-140482"
33,69.5,0.65,"Mytilus trossulus","W-Msc-140482"
33.5,69.5,0.64,"Mytilus trossulus","W-Msc-140482"
48.5,69.5,0.23,"Mytilus trossulus","W-Msc-140482"
49,69.5,0.2,"Mytilus trossulus","W-Msc-140482"
49.5,69.5,0.19,"Mytilus trossulus","W-Msc-140482"
50,69.5,0.12,"Mytilus trossulus","W-Msc-140482"
55,69.5,0.04,"Mytilus trossulus","W-Msc-140482"
55.5,69.5,0.02,"Mytilus trossulus","W-Msc-140482"
56.5,69.5,0.02,"Mytilus trossulus","W-Msc-140482"
57,69.5,0.02,"Mytilus trossulus","W-Msc-140482"
58.5,69.5,0.22,"Mytilus trossulus","W-Msc-140482"
59,69.5,0.22,"Mytilus trossulus","W-Msc-140482"
59.5,69.5,0.21,"Mytilus trossulus","W-Msc-140482"
60,69.5,0.17,"Mytilus trossulus","W-Msc-140482"
60.5,69.5,0.16,"Mytilus trossulus","W-Msc-140482"
61,69.5,0.17,"Mytilus trossulus","W-Msc-140482"
61.5,69.5,0.14,"Mytilus trossulus","W-Msc-140482"
62,69.5,0.12,"Mytilus trossulus","W-Msc-140482"
62.5,69.5,0.1,"Mytilus trossulus","W-Msc-140482"
63,69.5,0.1,"Mytilus trossulus","W-Msc-140482"
63.5,69.5,0.08,"Mytilus trossulus","W-Msc-140482"
64,69.5,0.06,"Mytilus trossulus","W-Msc-140482"
64.5,69.5,0.04,"Mytilus trossulus","W-Msc-140482"
65,69.5,0.02,"Mytilus trossulus","W-Msc-140482"
67,69.5,0.03,"Mytilus trossulus","W-Msc-140482"
67.5,69.5,0.03,"Mytilus trossulus","W-Msc-140482"
68,69.5,0.04,"Mytilus trossulus","W-Msc-140482"
68.5,69.5,0.03,"Mytilus trossulus","W-Msc-140482"
73,69.5,0.13,"Mytilus trossulus","W-Msc-140482"
73.5,69.5,0.12,"Mytilus trossulus","W-Msc-140482"
74,69.5,0.11,"Mytilus trossulus","W-Msc-140482"
83.5,69.5,0.09,"Mytilus trossulus","W-Msc-140482"
84,69.5,0.09,"Mytilus trossulus","W-Msc-140482"
84.5,69.5,0.05,"Mytilus trossulus","W-Msc-140482"
160,69.5,0.04,"Mytilus trossulus","W-Msc-140482"
160.5,69.5,0.04,"Mytilus trossulus","W-Msc-140482"
161,69.5,0.03,"Mytilus trossulus","W-Msc-140482"
161.5,69.5,0.03,"Mytilus trossulus","W-Msc-140482"
162,69.5,0.02,"Mytilus trossulus","W-Msc-140482"
162.5,69.5,0.02,"Mytilus trossulus","W-Msc-140482"
163,69.5,0.02,"Mytilus trossulus","W-Msc-140482"
163.5,69.5,0.02,"Mytilus trossulus","W-Msc-140482"
164,69.5,0.02,"Mytilus trossulus","W-Msc-140482"
164.5,69.5,0.01,"Mytilus trossulus","W-Msc-140482"
165,69.5,0.01,"Mytilus trossulus","W-Msc-140482"
165.5,69.5,0.01,"Mytilus trossulus","W-Msc-140482"
166,69.5,0.01,"Mytilus trossulus","W-Msc-140482"
166.5,69.5,0.01,"Mytilus trossulus","W-Msc-140482"
167,69.5,0.01,"Mytilus trossulus","W-Msc-140482"
167.5,69.5,0.01,"Mytilus trossulus","W-Msc-140482"
168,69.5,0.02,"Mytilus trossulus","W-Msc-140482"
168.5,69.5,0.01,"Mytilus trossulus","W-Msc-140482"
169,69.5,0.01,"Mytilus trossulus","W-Msc-140482"
169.5,69.5,0.01,"Mytilus trossulus","W-Msc-140482"
170,69.5,0.01,"Mytilus trossulus","W-Msc-140482"
170.5,69.5,0.02,"Mytilus trossulus","W-Msc-140482"
171,69.5,0.02,"Mytilus trossulus","W-Msc-140482"
172.5,69.5,0.03,"Mytilus trossulus","W-Msc-140482"
173,69.5,0.03,"Mytilus trossulus","W-Msc-140482"
173.5,69.5,0.03,"Mytilus trossulus","W-Msc-140482"
174,69.5,0.03,"Mytilus trossulus","W-Msc-140482"
174.5,69.5,0.03,"Mytilus trossulus","W-Msc-140482"
175,69.5,0.03,"Mytilus trossulus","W-Msc-140482"
175.5,69.5,0.03,"Mytilus trossulus","W-Msc-140482"
176,69.5,0.03,"Mytilus trossulus","W-Msc-140482"
176.5,69.5,0.03,"Mytilus trossulus","W-Msc-140482"
177,69.5,0.03,"Mytilus trossulus","W-Msc-140482"
177.5,69.5,0.03,"Mytilus trossulus","W-Msc-140482"
178,69.5,0.02,"Mytilus trossulus","W-Msc-140482"
178.5,69.5,0.02,"Mytilus trossulus","W-Msc-140482"
-179.5,69,0.03,"Mytilus trossulus","W-Msc-140482"
-166,69,0.06,"Mytilus trossulus","W-Msc-140482"
-165.5,69,0.06,"Mytilus trossulus","W-Msc-140482"
-165,69,0.14,"Mytilus trossulus","W-Msc-140482"
-164.5,69,0.15,"Mytilus trossulus","W-Msc-140482"
-164,69,0.15,"Mytilus trossulus","W-Msc-140482"
-163.5,69,0.17,"Mytilus trossulus","W-Msc-140482"
-163,69,0.17,"Mytilus trossulus","W-Msc-140482"
-138.5,69,0.06,"Mytilus trossulus","W-Msc-140482"
-138,69,0.06,"Mytilus trossulus","W-Msc-140482"
-137.5,69,0.05,"Mytilus trossulus","W-Msc-140482"
-137,69,0.06,"Mytilus trossulus","W-Msc-140482"
-136.5,69,0.07,"Mytilus trossulus","W-Msc-140482"
-136,69,0.08,"Mytilus trossulus","W-Msc-140482"
-135.5,69,0.08,"Mytilus trossulus","W-Msc-140482"
-135,69,0.04,"Mytilus trossulus","W-Msc-140482"
-134.5,69,0.04,"Mytilus trossulus","W-Msc-140482"
-134,69,0.04,"Mytilus trossulus","W-Msc-140482"
-133.5,69,0.1,"Mytilus trossulus","W-Msc-140482"
-133,69,0.1,"Mytilus trossulus","W-Msc-140482"
-132.5,69,0.05,"Mytilus trossulus","W-Msc-140482"
-130.5,69,0.04,"Mytilus trossulus","W-Msc-140482"
-126,69,0.09,"Mytilus trossulus","W-Msc-140482"
-125.5,69,0.09,"Mytilus trossulus","W-Msc-140482"
-125,69,0.09,"Mytilus trossulus","W-Msc-140482"
-124,69,0.09,"Mytilus trossulus","W-Msc-140482"
-123.5,69,0.08,"Mytilus trossulus","W-Msc-140482"
-123,69,0.08,"Mytilus trossulus","W-Msc-140482"
-120,69,0.05,"Mytilus trossulus","W-Msc-140482"
-119.5,69,0.04,"Mytilus trossulus","W-Msc-140482"
-119,69,0.04,"Mytilus trossulus","W-Msc-140482"
-118.5,69,0.03,"Mytilus trossulus","W-Msc-140482"
-118,69,0.02,"Mytilus trossulus","W-Msc-140482"
-117.5,69,0.01,"Mytilus trossulus","W-Msc-140482"
-116.5,69,0.01,"Mytilus trossulus","W-Msc-140482"
-116,69,0.01,"Mytilus trossulus","W-Msc-140482"
-115.5,69,0.01,"Mytilus trossulus","W-Msc-140482"
-115,69,0.01,"Mytilus trossulus","W-Msc-140482"
-114.5,69,0.01,"Mytilus trossulus","W-Msc-140482"
-114,69,0.01,"Mytilus trossulus","W-Msc-140482"
-113.5,69,0.01,"Mytilus trossulus","W-Msc-140482"
-106.5,69,0.01,"Mytilus trossulus","W-Msc-140482"
-106,69,0.01,"Mytilus trossulus","W-Msc-140482"
-105.5,69,0.01,"Mytilus trossulus","W-Msc-140482"
-82,69,0.04,"Mytilus trossulus","W-Msc-140482"
-81.5,69,0.03,"Mytilus trossulus","W-Msc-140482"
-81,69,0.03,"Mytilus trossulus","W-Msc-140482"
-80.5,69,0.01,"Mytilus trossulus","W-Msc-140482"
-80,69,0.01,"Mytilus trossulus","W-Msc-140482"
-79.5,69,0.01,"Mytilus trossulus","W-Msc-140482"
-79,69,0.01,"Mytilus trossulus","W-Msc-140482"
-78.5,69,0.01,"Mytilus trossulus","W-Msc-140482"
-76,69,0.01,"Mytilus trossulus","W-Msc-140482"
-75.5,69,0.01,"Mytilus trossulus","W-Msc-140482"
-75,69,0.01,"Mytilus trossulus","W-Msc-140482"
-68,69,0.02,"Mytilus trossulus","W-Msc-140482"
-67.5,69,0.02,"Mytilus trossulus","W-Msc-140482"
-67,69,0.02,"Mytilus trossulus","W-Msc-140482"
-66.5,69,0.02,"Mytilus trossulus","W-Msc-140482"
-54,69,0.28,"Mytilus trossulus","W-Msc-140482"
-53.5,69,0.3,"Mytilus trossulus","W-Msc-140482"
-53,69,0.31,"Mytilus trossulus","W-Msc-140482"
-52.5,69,0.3,"Mytilus trossulus","W-Msc-140482"
-52,69,0.28,"Mytilus trossulus","W-Msc-140482"
-51,69,0.22,"Mytilus trossulus","W-Msc-140482"
-50.5,69,0.18,"Mytilus trossulus","W-Msc-140482"
-50,69,0.14,"Mytilus trossulus","W-Msc-140482"
-25,69,0.06,"Mytilus trossulus","W-Msc-140482"
-24.5,69,0.07,"Mytilus trossulus","W-Msc-140482"
-24,69,0.06,"Mytilus trossulus","W-Msc-140482"
15.5,69,0.67,"Mytilus trossulus","W-Msc-140482"
16,69,0.67,"Mytilus trossulus","W-Msc-140482"
16.5,69,0.68,"Mytilus trossulus","W-Msc-140482"
17,69,0.69,"Mytilus trossulus","W-Msc-140482"
17.5,69,0.71,"Mytilus trossulus","W-Msc-140482"
18,69,0.72,"Mytilus trossulus","W-Msc-140482"
18.5,69,0.71,"Mytilus trossulus","W-Msc-140482"
19,69,0.66,"Mytilus trossulus","W-Msc-140482"
19.5,69,0.64,"Mytilus trossulus","W-Msc-140482"
20.5,69,0.93,"Mytilus trossulus","W-Msc-140482"
33,69,0.65,"Mytilus trossulus","W-Msc-140482"
33.5,69,0.65,"Mytilus trossulus","W-Msc-140482"
34,69,0.64,"Mytilus trossulus","W-Msc-140482"
34.5,69,0.63,"Mytilus trossulus","W-Msc-140482"
35,69,0.64,"Mytilus trossulus","W-Msc-140482"
35.5,69,0.65,"Mytilus trossulus","W-Msc-140482"
36,69,0.65,"Mytilus trossulus","W-Msc-140482"
36.5,69,0.62,"Mytilus trossulus","W-Msc-140482"
37,69,0.59,"Mytilus trossulus","W-Msc-140482"
48,69,0.09,"Mytilus trossulus","W-Msc-140482"
48.5,69,0.22,"Mytilus trossulus","W-Msc-140482"
49,69,0.2,"Mytilus trossulus","W-Msc-140482"
50,69,0.19,"Mytilus trossulus","W-Msc-140482"
50.5,69,0.22,"Mytilus trossulus","W-Msc-140482"
52.5,69,0.05,"Mytilus trossulus","W-Msc-140482"
53,69,0.15,"Mytilus trossulus","W-Msc-140482"
53.5,69,0.17,"Mytilus trossulus","W-Msc-140482"
54,69,0.31,"Mytilus trossulus","W-Msc-140482"
54.5,69,0.3,"Mytilus trossulus","W-Msc-140482"
55,69,0.29,"Mytilus trossulus","W-Msc-140482"
55.5,69,0.28,"Mytilus trossulus","W-Msc-140482"
56,69,0.24,"Mytilus trossulus","W-Msc-140482"
56.5,69,0.22,"Mytilus trossulus","W-Msc-140482"
57,69,0.2,"Mytilus trossulus","W-Msc-140482"
57.5,69,0.19,"Mytilus trossulus","W-Msc-140482"
58,69,0.15,"Mytilus trossulus","W-Msc-140482"
58.5,69,0.15,"Mytilus trossulus","W-Msc-140482"
59,69,0.15,"Mytilus trossulus","W-Msc-140482"
59.5,69,0.16,"Mytilus trossulus","W-Msc-140482"
60,69,0.16,"Mytilus trossulus","W-Msc-140482"
60.5,69,0.18,"Mytilus trossulus","W-Msc-140482"
61,69,0.17,"Mytilus trossulus","W-Msc-140482"
65,69,0.09,"Mytilus trossulus","W-Msc-140482"
65.5,69,0.07,"Mytilus trossulus","W-Msc-140482"
66,69,0.03,"Mytilus trossulus","W-Msc-140482"
66.5,69,0.02,"Mytilus trossulus","W-Msc-140482"
67,69,0.01,"Mytilus trossulus","W-Msc-140482"
67.5,69,0.02,"Mytilus trossulus","W-Msc-140482"
68,69,0.03,"Mytilus trossulus","W-Msc-140482"
68.5,69,0.04,"Mytilus trossulus","W-Msc-140482"
73,69,0.14,"Mytilus trossulus","W-Msc-140482"
73.5,69,0.11,"Mytilus trossulus","W-Msc-140482"
74,69,0.12,"Mytilus trossulus","W-Msc-140482"
74.5,69,0.13,"Mytilus trossulus","W-Msc-140482"
75,69,0.13,"Mytilus trossulus","W-Msc-140482"
75.5,69,0.13,"Mytilus trossulus","W-Msc-140482"
76,69,0.12,"Mytilus trossulus","W-Msc-140482"
76.5,69,0.12,"Mytilus trossulus","W-Msc-140482"
77,69,0.11,"Mytilus trossulus","W-Msc-140482"
161.5,69,0.04,"Mytilus trossulus","W-Msc-140482"
162,69,0.04,"Mytilus trossulus","W-Msc-140482"
170,69,0.01,"Mytilus trossulus","W-Msc-140482"
170.5,69,0.02,"Mytilus trossulus","W-Msc-140482"
171,69,0.03,"Mytilus trossulus","W-Msc-140482"
171.5,69,0.02,"Mytilus trossulus","W-Msc-140482"
178.5,69,0.03,"Mytilus trossulus","W-Msc-140482"
179,69,0.03,"Mytilus trossulus","W-Msc-140482"
179.5,69,0.03,"Mytilus trossulus","W-Msc-140482"
-179.5,68.5,0.05,"Mytilus trossulus","W-Msc-140482"
-179,68.5,0.04,"Mytilus trossulus","W-Msc-140482"
-178.5,68.5,0.04,"Mytilus trossulus","W-Msc-140482"
-178,68.5,0.04,"Mytilus trossulus","W-Msc-140482"
-177.5,68.5,0.02,"Mytilus trossulus","W-Msc-140482"
-166.5,68.5,0.06,"Mytilus trossulus","W-Msc-140482"
-166,68.5,0.17,"Mytilus trossulus","W-Msc-140482"
-165.5,68.5,0.17,"Mytilus trossulus","W-Msc-140482"
-165,68.5,0.17,"Mytilus trossulus","W-Msc-140482"
-164.5,68.5,0.18,"Mytilus trossulus","W-Msc-140482"
-164,68.5,0.19,"Mytilus trossulus","W-Msc-140482"
-137,68.5,0.09,"Mytilus trossulus","W-Msc-140482"
-136.5,68.5,0.09,"Mytilus trossulus","W-Msc-140482"
-136,68.5,0.09,"Mytilus trossulus","W-Msc-140482"
-135.5,68.5,0.05,"Mytilus trossulus","W-Msc-140482"
-135,68.5,0.05,"Mytilus trossulus","W-Msc-140482"
-117,68.5,0.02,"Mytilus trossulus","W-Msc-140482"
-116.5,68.5,0.02,"Mytilus trossulus","W-Msc-140482"
-116,68.5,0.02,"Mytilus trossulus","W-Msc-140482"
-115.5,68.5,0.01,"Mytilus trossulus","W-Msc-140482"
-115,68.5,0.01,"Mytilus trossulus","W-Msc-140482"
-114.5,68.5,0.01,"Mytilus trossulus","W-Msc-140482"
-114,68.5,0.01,"Mytilus trossulus","W-Msc-140482"
-113.5,68.5,0.01,"Mytilus trossulus","W-Msc-140482"
-103,68.5,0.01,"Mytilus trossulus","W-Msc-140482"
-98.5,68.5,0.01,"Mytilus trossulus","W-Msc-140482"
-97.5,68.5,0.01,"Mytilus trossulus","W-Msc-140482"
-97,68.5,0.01,"Mytilus trossulus","W-Msc-140482"
-96.5,68.5,0.01,"Mytilus trossulus","W-Msc-140482"
-96,68.5,0.01,"Mytilus trossulus","W-Msc-140482"
-95.5,68.5,0.01,"Mytilus trossulus","W-Msc-140482"
-95,68.5,0.01,"Mytilus trossulus","W-Msc-140482"
-94.5,68.5,0.01,"Mytilus trossulus","W-Msc-140482"
-94,68.5,0.01,"Mytilus trossulus","W-Msc-140482"
-93.5,68.5,0.01,"Mytilus trossulus","W-Msc-140482"
-90,68.5,0.01,"Mytilus trossulus","W-Msc-140482"
-82.5,68.5,0.02,"Mytilus trossulus","W-Msc-140482"
-82,68.5,0.02,"Mytilus trossulus","W-Msc-140482"
-81.5,68.5,0.03,"Mytilus trossulus","W-Msc-140482"
-81,68.5,0.02,"Mytilus trossulus","W-Msc-140482"
-80.5,68.5,0.01,"Mytilus trossulus","W-Msc-140482"
-80,68.5,0.01,"Mytilus trossulus","W-Msc-140482"
-79.5,68.5,0.01,"Mytilus trossulus","W-Msc-140482"
-79,68.5,0.01,"Mytilus trossulus","W-Msc-140482"
-69,68.5,0.03,"Mytilus trossulus","W-Msc-140482"
-68.5,68.5,0.03,"Mytilus trossulus","W-Msc-140482"
-68,68.5,0.03,"Mytilus trossulus","W-Msc-140482"
-67.5,68.5,0.02,"Mytilus trossulus","W-Msc-140482"
-67,68.5,0.01,"Mytilus trossulus","W-Msc-140482"
-66.5,68.5,0.01,"Mytilus trossulus","W-Msc-140482"
-53,68.5,0.28,"Mytilus trossulus","W-Msc-140482"
-52.5,68.5,0.28,"Mytilus trossulus","W-Msc-140482"
-52,68.5,0.28,"Mytilus trossulus","W-Msc-140482"
-51.5,68.5,0.27,"Mytilus trossulus","W-Msc-140482"
-51,68.5,0.26,"Mytilus trossulus","W-Msc-140482"
-50,68.5,0.16,"Mytilus trossulus","W-Msc-140482"
-32.5,68.5,0.03,"Mytilus trossulus","W-Msc-140482"
-32,68.5,0.03,"Mytilus trossulus","W-Msc-140482"
-27.5,68.5,0.05,"Mytilus trossulus","W-Msc-140482"
-27,68.5,0.05,"Mytilus trossulus","W-Msc-140482"
-26.5,68.5,0.05,"Mytilus trossulus","W-Msc-140482"
-26,68.5,0.06,"Mytilus trossulus","W-Msc-140482"
-25.5,68.5,0.06,"Mytilus trossulus","W-Msc-140482"
14.5,68.5,0.68,"Mytilus trossulus","W-Msc-140482"
15,68.5,0.69,"Mytilus trossulus","W-Msc-140482"
15.5,68.5,0.69,"Mytilus trossulus","W-Msc-140482"
16,68.5,0.71,"Mytilus trossulus","W-Msc-140482"
16.5,68.5,0.73,"Mytilus trossulus","W-Msc-140482"
17,68.5,0.76,"Mytilus trossulus","W-Msc-140482"
17.5,68.5,0.75,"Mytilus trossulus","W-Msc-140482"
37,68.5,0.63,"Mytilus trossulus","W-Msc-140482"
37.5,68.5,0.58,"Mytilus trossulus","W-Msc-140482"
38,68.5,0.57,"Mytilus trossulus","W-Msc-140482"
38.5,68.5,0.56,"Mytilus trossulus","W-Msc-140482"
43.5,68.5,0.43,"Mytilus trossulus","W-Msc-140482"
44,68.5,0.43,"Mytilus trossulus","W-Msc-140482"
44.5,68.5,0.42,"Mytilus trossulus","W-Msc-140482"
45,68.5,0.42,"Mytilus trossulus","W-Msc-140482"
45.5,68.5,0.4,"Mytilus trossulus","W-Msc-140482"
46,68.5,0.37,"Mytilus trossulus","W-Msc-140482"
48.5,68.5,0.19,"Mytilus trossulus","W-Msc-140482"
49,68.5,0.19,"Mytilus trossulus","W-Msc-140482"
49.5,68.5,0.19,"Mytilus trossulus","W-Msc-140482"
50,68.5,0.19,"Mytilus trossulus","W-Msc-140482"
50.5,68.5,0.17,"Mytilus trossulus","W-Msc-140482"
51,68.5,0.18,"Mytilus trossulus","W-Msc-140482"
51.5,68.5,0.22,"Mytilus trossulus","W-Msc-140482"
52,68.5,0.34,"Mytilus trossulus","W-Msc-140482"
52.5,68.5,0.34,"Mytilus trossulus","W-Msc-140482"
53,68.5,0.34,"Mytilus trossulus","W-Msc-140482"
53.5,68.5,0.33,"Mytilus trossulus","W-Msc-140482"
54,68.5,0.31,"Mytilus trossulus","W-Msc-140482"
54.5,68.5,0.3,"Mytilus trossulus","W-Msc-140482"
55,68.5,0.28,"Mytilus trossulus","W-Msc-140482"
55.5,68.5,0.27,"Mytilus trossulus","W-Msc-140482"
56,68.5,0.27,"Mytilus trossulus","W-Msc-140482"
56.5,68.5,0.25,"Mytilus trossulus","W-Msc-140482"
57,68.5,0.24,"Mytilus trossulus","W-Msc-140482"
57.5,68.5,0.24,"Mytilus trossulus","W-Msc-140482"
58,68.5,0.24,"Mytilus trossulus","W-Msc-140482"
58.5,68.5,0.21,"Mytilus trossulus","W-Msc-140482"
59,68.5,0.17,"Mytilus trossulus","W-Msc-140482"
59.5,68.5,0.13,"Mytilus trossulus","W-Msc-140482"
60,68.5,0.13,"Mytilus trossulus","W-Msc-140482"
60.5,68.5,0.18,"Mytilus trossulus","W-Msc-140482"
61,68.5,0.18,"Mytilus trossulus","W-Msc-140482"
66.5,68.5,0.05,"Mytilus trossulus","W-Msc-140482"
67,68.5,0.07,"Mytilus trossulus","W-Msc-140482"
67.5,68.5,0.03,"Mytilus trossulus","W-Msc-140482"
68,68.5,0.03,"Mytilus trossulus","W-Msc-140482"
68.5,68.5,0.03,"Mytilus trossulus","W-Msc-140482"
69,68.5,0.05,"Mytilus trossulus","W-Msc-140482"
69.5,68.5,0.1,"Mytilus trossulus","W-Msc-140482"
73,68.5,0.18,"Mytilus trossulus","W-Msc-140482"
73.5,68.5,0.16,"Mytilus trossulus","W-Msc-140482"
74,68.5,0.12,"Mytilus trossulus","W-Msc-140482"
74.5,68.5,0.13,"Mytilus trossulus","W-Msc-140482"
75,68.5,0.14,"Mytilus trossulus","W-Msc-140482"
75.5,68.5,0.14,"Mytilus trossulus","W-Msc-140482"
76,68.5,0.13,"Mytilus trossulus","W-Msc-140482"
77,68.5,0.11,"Mytilus trossulus","W-Msc-140482"
77.5,68.5,0.11,"Mytilus trossulus","W-Msc-140482"
78,68.5,0.11,"Mytilus trossulus","W-Msc-140482"
169.5,68.5,0.01,"Mytilus trossulus","W-Msc-140482"
170,68.5,0.02,"Mytilus trossulus","W-Msc-140482"
170.5,68.5,0.02,"Mytilus trossulus","W-Msc-140482"
171,68.5,0.04,"Mytilus trossulus","W-Msc-140482"
-177.5,68,0.05,"Mytilus trossulus","W-Msc-140482"
-177,68,0.05,"Mytilus trossulus","W-Msc-140482"
-176.5,68,0.05,"Mytilus trossulus","W-Msc-140482"
-176,68,0.05,"Mytilus trossulus","W-Msc-140482"
-167,68,0.04,"Mytilus trossulus","W-Msc-140482"
-166.5,68,0.19,"Mytilus trossulus","W-Msc-140482"
-166,68,0.21,"Mytilus trossulus","W-Msc-140482"
-165.5,68,0.19,"Mytilus trossulus","W-Msc-140482"
-165,68,0.2,"Mytilus trossulus","W-Msc-140482"
-115,68,0.01,"Mytilus trossulus","W-Msc-140482"
-114.5,68,0.01,"Mytilus trossulus","W-Msc-140482"
-114,68,0.01,"Mytilus trossulus","W-Msc-140482"
-105,68,0.01,"Mytilus trossulus","W-Msc-140482"
-104.5,68,0.01,"Mytilus trossulus","W-Msc-140482"
-104,68,0.01,"Mytilus trossulus","W-Msc-140482"
-103.5,68,0.01,"Mytilus trossulus","W-Msc-140482"
-98,68,0.01,"Mytilus trossulus","W-Msc-140482"
-97.5,68,0.01,"Mytilus trossulus","W-Msc-140482"
-97,68,0.02,"Mytilus trossulus","W-Msc-140482"
-96.5,68,0.02,"Mytilus trossulus","W-Msc-140482"
-96,68,0.02,"Mytilus trossulus","W-Msc-140482"
-95.5,68,0.01,"Mytilus trossulus","W-Msc-140482"
-95,68,0.01,"Mytilus trossulus","W-Msc-140482"
-94.5,68,0.01,"Mytilus trossulus","W-Msc-140482"
-90,68,0.01,"Mytilus trossulus","W-Msc-140482"
-82,68,0.03,"Mytilus trossulus","W-Msc-140482"
-81.5,68,0.01,"Mytilus trossulus","W-Msc-140482"
-75,68,0.01,"Mytilus trossulus","W-Msc-140482"
-74.5,68,0.01,"Mytilus trossulus","W-Msc-140482"
-73.5,68,0.01,"Mytilus trossulus","W-Msc-140482"
-73,68,0.01,"Mytilus trossulus","W-Msc-140482"
-72.5,68,0.02,"Mytilus trossulus","W-Msc-140482"
-67.5,68,0.02,"Mytilus trossulus","W-Msc-140482"
-67,68,0.02,"Mytilus trossulus","W-Msc-140482"
-66.5,68,0.02,"Mytilus trossulus","W-Msc-140482"
-66,68,0.01,"Mytilus trossulus","W-Msc-140482"
-65.5,68,0.01,"Mytilus trossulus","W-Msc-140482"
-65,68,0.01,"Mytilus trossulus","W-Msc-140482"
-64.5,68,0.01,"Mytilus trossulus","W-Msc-140482"
-54.5,68,0.03,"Mytilus trossulus","W-Msc-140482"
-53.5,68,0.26,"Mytilus trossulus","W-Msc-140482"
-53,68,0.25,"Mytilus trossulus","W-Msc-140482"
-52.5,68,0.25,"Mytilus trossulus","W-Msc-140482"
-52,68,0.24,"Mytilus trossulus","W-Msc-140482"
-51.5,68,0.2,"Mytilus trossulus","W-Msc-140482"
-51,68,0.19,"Mytilus trossulus","W-Msc-140482"
-50.5,68,0.18,"Mytilus trossulus","W-Msc-140482"
-32.5,68,0.03,"Mytilus trossulus","W-Msc-140482"
-32,68,0.02,"Mytilus trossulus","W-Msc-140482"
-31.5,68,0.02,"Mytilus trossulus","W-Msc-140482"
-31,68,0.04,"Mytilus trossulus","W-Msc-140482"
-30.5,68,0.05,"Mytilus trossulus","W-Msc-140482"
-30,68,0.05,"Mytilus trossulus","W-Msc-140482"
-29.5,68,0.05,"Mytilus trossulus","W-Msc-140482"
-29,68,0.06,"Mytilus trossulus","W-Msc-140482"
-28.5,68,0.06,"Mytilus trossulus","W-Msc-140482"
-28,68,0.06,"Mytilus trossulus","W-Msc-140482"
-27.5,68,0.06,"Mytilus trossulus","W-Msc-140482"
13,68,0.7,"Mytilus trossulus","W-Msc-140482"
13.5,68,0.71,"Mytilus trossulus","W-Msc-140482"
14,68,0.71,"Mytilus trossulus","W-Msc-140482"
14.5,68,0.72,"Mytilus trossulus","W-Msc-140482"
15,68,0.74,"Mytilus trossulus","W-Msc-140482"
15.5,68,0.77,"Mytilus trossulus","W-Msc-140482"
16,68,0.78,"Mytilus trossulus","W-Msc-140482"
16.5,68,0.78,"Mytilus trossulus","W-Msc-140482"
17,68,0.77,"Mytilus trossulus","W-Msc-140482"
17.5,68,0.77,"Mytilus trossulus","W-Msc-140482"
38.5,68,0.56,"Mytilus trossulus","W-Msc-140482"
39,68,0.55,"Mytilus trossulus","W-Msc-140482"
39.5,68,0.53,"Mytilus trossulus","W-Msc-140482"
40,68,0.51,"Mytilus trossulus","W-Msc-140482"
40.5,68,0.49,"Mytilus trossulus","W-Msc-140482"
44,68,0.29,"Mytilus trossulus","W-Msc-140482"
44.5,68,0.34,"Mytilus trossulus","W-Msc-140482"
46,68,0.32,"Mytilus trossulus","W-Msc-140482"
46.5,68,0.32,"Mytilus trossulus","W-Msc-140482"
47,68,0.23,"Mytilus trossulus","W-Msc-140482"
48.5,68,0.02,"Mytilus trossulus","W-Msc-140482"
49,68,0.08,"Mytilus trossulus","W-Msc-140482"
49.5,68,0.17,"Mytilus trossulus","W-Msc-140482"
50,68,0.21,"Mytilus trossulus","W-Msc-140482"
50.5,68,0.29,"Mytilus trossulus","W-Msc-140482"
51,68,0.3,"Mytilus trossulus","W-Msc-140482"
51.5,68,0.34,"Mytilus trossulus","W-Msc-140482"
52.5,68,0.33,"Mytilus trossulus","W-Msc-140482"
53,68,0.31,"Mytilus trossulus","W-Msc-140482"
53.5,68,0.3,"Mytilus trossulus","W-Msc-140482"
54,68,0.3,"Mytilus trossulus","W-Msc-140482"
54.5,68,0.3,"Mytilus trossulus","W-Msc-140482"
55,68,0.28,"Mytilus trossulus","W-Msc-140482"
55.5,68,0.28,"Mytilus trossulus","W-Msc-140482"
59.5,68,0.24,"Mytilus trossulus","W-Msc-140482"
60,68,0.24,"Mytilus trossulus","W-Msc-140482"
68,68,0.1,"Mytilus trossulus","W-Msc-140482"
68.5,68,0.03,"Mytilus trossulus","W-Msc-140482"
69,68,0.09,"Mytilus trossulus","W-Msc-140482"
73.5,68,0.15,"Mytilus trossulus","W-Msc-140482"
74,68,0.13,"Mytilus trossulus","W-Msc-140482"
74.5,68,0.14,"Mytilus trossulus","W-Msc-140482"
75,68,0.15,"Mytilus trossulus","W-Msc-140482"
77.5,68,0.13,"Mytilus trossulus","W-Msc-140482"
78,68,0.12,"Mytilus trossulus","W-Msc-140482"
78.5,68,0.12,"Mytilus trossulus","W-Msc-140482"
-176,67.5,0.07,"Mytilus trossulus","W-Msc-140482"
-175.5,67.5,0.06,"Mytilus trossulus","W-Msc-140482"
-175,67.5,0.06,"Mytilus trossulus","W-Msc-140482"
-174.5,67.5,0.07,"Mytilus trossulus","W-Msc-140482"
-165,67.5,0.23,"Mytilus trossulus","W-Msc-140482"
-164.5,67.5,0.25,"Mytilus trossulus","W-Msc-140482"
-164,67.5,0.23,"Mytilus trossulus","W-Msc-140482"
-115,67.5,0.01,"Mytilus trossulus","W-Msc-140482"
-114.5,67.5,0.01,"Mytilus trossulus","W-Msc-140482"
-114,67.5,0.01,"Mytilus trossulus","W-Msc-140482"
-113.5,67.5,0.02,"Mytilus trossulus","W-Msc-140482"
-113,67.5,0.02,"Mytilus trossulus","W-Msc-140482"
-112.5,67.5,0.01,"Mytilus trossulus","W-Msc-140482"
-112,67.5,0.01,"Mytilus trossulus","W-Msc-140482"
-111.5,67.5,0.01,"Mytilus trossulus","W-Msc-140482"
-111,67.5,0.01,"Mytilus trossulus","W-Msc-140482"
-110.5,67.5,0.01,"Mytilus trossulus","W-Msc-140482"
-108,67.5,0.01,"Mytilus trossulus","W-Msc-140482"
-107.5,67.5,0.01,"Mytilus trossulus","W-Msc-140482"
-103,67.5,0.01,"Mytilus trossulus","W-Msc-140482"
-102.5,67.5,0.01,"Mytilus trossulus","W-Msc-140482"
-98.5,67.5,0.01,"Mytilus trossulus","W-Msc-140482"
-98,67.5,0.01,"Mytilus trossulus","W-Msc-140482"
-97.5,67.5,0.01,"Mytilus trossulus","W-Msc-140482"
-97,67.5,0.06,"Mytilus trossulus","W-Msc-140482"
-96,67.5,0.03,"Mytilus trossulus","W-Msc-140482"
-95.5,67.5,0.03,"Mytilus trossulus","W-Msc-140482"
-95,67.5,0.03,"Mytilus trossulus","W-Msc-140482"
-82,67.5,0.02,"Mytilus trossulus","W-Msc-140482"
-81.5,67.5,0.01,"Mytilus trossulus","W-Msc-140482"
-73.5,67.5,0.01,"Mytilus trossulus","W-Msc-140482"
-73,67.5,0.01,"Mytilus trossulus","W-Msc-140482"
-72.5,67.5,0.01,"Mytilus trossulus","W-Msc-140482"
-72,67.5,0.03,"Mytilus trossulus","W-Msc-140482"
-66,67.5,0.02,"Mytilus trossulus","W-Msc-140482"
-65.5,67.5,0.02,"Mytilus trossulus","W-Msc-140482"
-64.5,67.5,0.01,"Mytilus trossulus","W-Msc-140482"
-64,67.5,0.01,"Mytilus trossulus","W-Msc-140482"
-63.5,67.5,0.01,"Mytilus trossulus","W-Msc-140482"
-53.5,67.5,0.25,"Mytilus trossulus","W-Msc-140482"
-53,67.5,0.24,"Mytilus trossulus","W-Msc-140482"
-52.5,67.5,0.23,"Mytilus trossulus","W-Msc-140482"
-52,67.5,0.22,"Mytilus trossulus","W-Msc-140482"
-51.5,67.5,0.21,"Mytilus trossulus","W-Msc-140482"
-51,67.5,0.2,"Mytilus trossulus","W-Msc-140482"
-50.5,67.5,0.18,"Mytilus trossulus","W-Msc-140482"
-33,67.5,0.05,"Mytilus trossulus","W-Msc-140482"
-32.5,67.5,0.03,"Mytilus trossulus","W-Msc-140482"
-32,67.5,0.04,"Mytilus trossulus","W-Msc-140482"
12,67.5,0.16,"Mytilus trossulus","W-Msc-140482"
12.5,67.5,0.71,"Mytilus trossulus","W-Msc-140482"
13,67.5,0.73,"Mytilus trossulus","W-Msc-140482"
13.5,67.5,0.74,"Mytilus trossulus","W-Msc-140482"
14.5,67.5,0.76,"Mytilus trossulus","W-Msc-140482"
15,67.5,0.77,"Mytilus trossulus","W-Msc-140482"
15.5,67.5,0.77,"Mytilus trossulus","W-Msc-140482"
16,67.5,0.77,"Mytilus trossulus","W-Msc-140482"
40.5,67.5,0.49,"Mytilus trossulus","W-Msc-140482"
41,67.5,0.48,"Mytilus trossulus","W-Msc-140482"
41.5,67.5,0.49,"Mytilus trossulus","W-Msc-140482"
44,67.5,0.25,"Mytilus trossulus","W-Msc-140482"
44.5,67.5,0.28,"Mytilus trossulus","W-Msc-140482"
45.5,67.5,0.29,"Mytilus trossulus","W-Msc-140482"
46,67.5,0.25,"Mytilus trossulus","W-Msc-140482"
46.5,67.5,0.17,"Mytilus trossulus","W-Msc-140482"
47,67.5,0.18,"Mytilus trossulus","W-Msc-140482"
47.5,67.5,0.05,"Mytilus trossulus","W-Msc-140482"
48,67.5,0.17,"Mytilus trossulus","W-Msc-140482"
48.5,67.5,0.24,"Mytilus trossulus","W-Msc-140482"
49,67.5,0.3,"Mytilus trossulus","W-Msc-140482"
49.5,67.5,0.29,"Mytilus trossulus","W-Msc-140482"
73,67.5,0.17,"Mytilus trossulus","W-Msc-140482"
73.5,67.5,0.16,"Mytilus trossulus","W-Msc-140482"
74,67.5,0.13,"Mytilus trossulus","W-Msc-140482"
74.5,67.5,0.13,"Mytilus trossulus","W-Msc-140482"
75,67.5,0.15,"Mytilus trossulus","W-Msc-140482"
77.5,67.5,0.12,"Mytilus trossulus","W-Msc-140482"
78,67.5,0.13,"Mytilus trossulus","W-Msc-140482"
78.5,67.5,0.13,"Mytilus trossulus","W-Msc-140482"
79,67.5,0.07,"Mytilus trossulus","W-Msc-140482"
-174.5,67,0.08,"Mytilus trossulus","W-Msc-140482"
-174,67,0.07,"Mytilus trossulus","W-Msc-140482"
-173.5,67,0.08,"Mytilus trossulus","W-Msc-140482"
-173,67,0.08,"Mytilus trossulus","W-Msc-140482"
-172.5,67,0.09,"Mytilus trossulus","W-Msc-140482"
-172,67,0.1,"Mytilus trossulus","W-Msc-140482"
-164,67,0.23,"Mytilus trossulus","W-Msc-140482"
-163.5,67,0.23,"Mytilus trossulus","W-Msc-140482"
-163,67,0.23,"Mytilus trossulus","W-Msc-140482"
-162.5,67,0.24,"Mytilus trossulus","W-Msc-140482"
-162,67,0.25,"Mytilus trossulus","W-Msc-140482"
-161.5,67,0.24,"Mytilus trossulus","W-Msc-140482"
-108.5,67,0.01,"Mytilus trossulus","W-Msc-140482"
-108,67,0.01,"Mytilus trossulus","W-Msc-140482"
-107.5,67,0.01,"Mytilus trossulus","W-Msc-140482"
-107,67,0.01,"Mytilus trossulus","W-Msc-140482"
-96,67,0.03,"Mytilus trossulus","W-Msc-140482"
-95.5,67,0.05,"Mytilus trossulus","W-Msc-140482"
-95,67,0.05,"Mytilus trossulus","W-Msc-140482"
-81,67,0.01,"Mytilus trossulus","W-Msc-140482"
-77,67,0.01,"Mytilus trossulus","W-Msc-140482"
-76,67,0.01,"Mytilus trossulus","W-Msc-140482"
-73,67,0.02,"Mytilus trossulus","W-Msc-140482"
-72.5,67,0.04,"Mytilus trossulus","W-Msc-140482"
-72,67,0.05,"Mytilus trossulus","W-Msc-140482"
-64,67,0.02,"Mytilus trossulus","W-Msc-140482"
-63.5,67,0.02,"Mytilus trossulus","W-Msc-140482"
-63,67,0.02,"Mytilus trossulus","W-Msc-140482"
-62.5,67,0.02,"Mytilus trossulus","W-Msc-140482"
-62,67,0.02,"Mytilus trossulus","W-Msc-140482"
-61.5,67,0.02,"Mytilus trossulus","W-Msc-140482"
-53.5,67,0.27,"Mytilus trossulus","W-Msc-140482"
-33.5,67,0.06,"Mytilus trossulus","W-Msc-140482"
-33,67,0.03,"Mytilus trossulus","W-Msc-140482"
12,67,0.72,"Mytilus trossulus","W-Msc-140482"
12.5,67,0.72,"Mytilus trossulus","W-Msc-140482"
13.5,67,0.73,"Mytilus trossulus","W-Msc-140482"
14,67,0.74,"Mytilus trossulus","W-Msc-140482"
14.5,67,0.76,"Mytilus trossulus","W-Msc-140482"
15,67,0.77,"Mytilus trossulus","W-Msc-140482"
15.5,67,0.76,"Mytilus trossulus","W-Msc-140482"
32,67,0.66,"Mytilus trossulus","W-Msc-140482"
32.5,67,0.64,"Mytilus trossulus","W-Msc-140482"
33,67,0.64,"Mytilus trossulus","W-Msc-140482"
41.5,67,0.48,"Mytilus trossulus","W-Msc-140482"
43.5,67,0.02,"Mytilus trossulus","W-Msc-140482"
44,67,0.21,"Mytilus trossulus","W-Msc-140482"
44.5,67,0.25,"Mytilus trossulus","W-Msc-140482"
45,67,0.26,"Mytilus trossulus","W-Msc-140482"
45.5,67,0.24,"Mytilus trossulus","W-Msc-140482"
46,67,0.18,"Mytilus trossulus","W-Msc-140482"
46.5,67,0.13,"Mytilus trossulus","W-Msc-140482"
47,67,0.13,"Mytilus trossulus","W-Msc-140482"
47.5,67,0.16,"Mytilus trossulus","W-Msc-140482"
48,67,0.22,"Mytilus trossulus","W-Msc-140482"
72,67,0.09,"Mytilus trossulus","W-Msc-140482"
72.5,67,0.18,"Mytilus trossulus","W-Msc-140482"
73,67,0.15,"Mytilus trossulus","W-Msc-140482"
73.5,67,0.13,"Mytilus trossulus","W-Msc-140482"
74,67,0.14,"Mytilus trossulus","W-Msc-140482"
74.5,67,0.15,"Mytilus trossulus","W-Msc-140482"
78,67,0.07,"Mytilus trossulus","W-Msc-140482"
-174.5,66.5,0.1,"Mytilus trossulus","W-Msc-140482"
-174,66.5,0.1,"Mytilus trossulus","W-Msc-140482"
-173.5,66.5,0.1,"Mytilus trossulus","W-Msc-140482"
-171.5,66.5,0.12,"Mytilus trossulus","W-Msc-140482"
-171,66.5,0.11,"Mytilus trossulus","W-Msc-140482"
-170.5,66.5,0.12,"Mytilus trossulus","W-Msc-140482"
-166.5,66.5,0.04,"Mytilus trossulus","W-Msc-140482"
-166,66.5,0.04,"Mytilus trossulus","W-Msc-140482"
-165.5,66.5,0.08,"Mytilus trossulus","W-Msc-140482"
-165,66.5,0.19,"Mytilus trossulus","W-Msc-140482"
-164.5,66.5,0.19,"Mytilus trossulus","W-Msc-140482"
-164,66.5,0.19,"Mytilus trossulus","W-Msc-140482"
-163.5,66.5,0.19,"Mytilus trossulus","W-Msc-140482"
-163,66.5,0.17,"Mytilus trossulus","W-Msc-140482"
-162.5,66.5,0.18,"Mytilus trossulus","W-Msc-140482"
-162,66.5,0.26,"Mytilus trossulus","W-Msc-140482"
-161.5,66.5,0.26,"Mytilus trossulus","W-Msc-140482"
-161,66.5,0.25,"Mytilus trossulus","W-Msc-140482"
-160.5,66.5,0.24,"Mytilus trossulus","W-Msc-140482"
-160,66.5,0.24,"Mytilus trossulus","W-Msc-140482"
-108,66.5,0.01,"Mytilus trossulus","W-Msc-140482"
-107.5,66.5,0.01,"Mytilus trossulus","W-Msc-140482"
-86.5,66.5,0.01,"Mytilus trossulus","W-Msc-140482"
-86,66.5,0.01,"Mytilus trossulus","W-Msc-140482"
-85.5,66.5,0.01,"Mytilus trossulus","W-Msc-140482"
-85,66.5,0.01,"Mytilus trossulus","W-Msc-140482"
-84,66.5,0.01,"Mytilus trossulus","W-Msc-140482"
-83.5,66.5,0.01,"Mytilus trossulus","W-Msc-140482"
-82.5,66.5,0.01,"Mytilus trossulus","W-Msc-140482"
-73.5,66.5,0.01,"Mytilus trossulus","W-Msc-140482"
-73,66.5,0.04,"Mytilus trossulus","W-Msc-140482"
-72.5,66.5,0.05,"Mytilus trossulus","W-Msc-140482"
-67.5,66.5,0.04,"Mytilus trossulus","W-Msc-140482"
-67,66.5,0.04,"Mytilus trossulus","W-Msc-140482"
-63,66.5,0.02,"Mytilus trossulus","W-Msc-140482"
-62.5,66.5,0.02,"Mytilus trossulus","W-Msc-140482"
-62,66.5,0.03,"Mytilus trossulus","W-Msc-140482"
-61.5,66.5,0.02,"Mytilus trossulus","W-Msc-140482"
-61,66.5,0.02,"Mytilus trossulus","W-Msc-140482"
-53.5,66.5,0.3,"Mytilus trossulus","W-Msc-140482"
-53,66.5,0.29,"Mytilus trossulus","W-Msc-140482"
-52.5,66.5,0.28,"Mytilus trossulus","W-Msc-140482"
-52,66.5,0.27,"Mytilus trossulus","W-Msc-140482"
-51.5,66.5,0.25,"Mytilus trossulus","W-Msc-140482"
-51,66.5,0.24,"Mytilus trossulus","W-Msc-140482"
-50.5,66.5,0.24,"Mytilus trossulus","W-Msc-140482"
-34,66.5,0.09,"Mytilus trossulus","W-Msc-140482"
-33.5,66.5,0.07,"Mytilus trossulus","W-Msc-140482"
-22.5,66.5,0.23,"Mytilus trossulus","W-Msc-140482"
-18,66.5,0.55,"Mytilus trossulus","W-Msc-140482"
-17.5,66.5,0.55,"Mytilus trossulus","W-Msc-140482"
-16.5,66.5,0.55,"Mytilus trossulus","W-Msc-140482"
-16,66.5,0.55,"Mytilus trossulus","W-Msc-140482"
-15.5,66.5,0.55,"Mytilus trossulus","W-Msc-140482"
12.5,66.5,0.7,"Mytilus trossulus","W-Msc-140482"
13,66.5,0.72,"Mytilus trossulus","W-Msc-140482"
13.5,66.5,0.74,"Mytilus trossulus","W-Msc-140482"
14,66.5,0.75,"Mytilus trossulus","W-Msc-140482"
33,66.5,0.59,"Mytilus trossulus","W-Msc-140482"
33.5,66.5,0.6,"Mytilus trossulus","W-Msc-140482"
34,66.5,0.63,"Mytilus trossulus","W-Msc-140482"
34.5,66.5,0.68,"Mytilus trossulus","W-Msc-140482"
35,66.5,0.7,"Mytilus trossulus","W-Msc-140482"
35.5,66.5,0.7,"Mytilus trossulus","W-Msc-140482"
41,66.5,0.47,"Mytilus trossulus","W-Msc-140482"
41.5,66.5,0.39,"Mytilus trossulus","W-Msc-140482"
42.5,66.5,0.25,"Mytilus trossulus","W-Msc-140482"
43,66.5,0.24,"Mytilus trossulus","W-Msc-140482"
43.5,66.5,0.22,"Mytilus trossulus","W-Msc-140482"
44,66.5,0.14,"Mytilus trossulus","W-Msc-140482"
44.5,66.5,0.28,"Mytilus trossulus","W-Msc-140482"
46,66.5,0.37,"Mytilus trossulus","W-Msc-140482"
46.5,66.5,0.22,"Mytilus trossulus","W-Msc-140482"
47,66.5,0.26,"Mytilus trossulus","W-Msc-140482"
47.5,66.5,0.33,"Mytilus trossulus","W-Msc-140482"
48,66.5,0.41,"Mytilus trossulus","W-Msc-140482"
70.5,66.5,0.18,"Mytilus trossulus","W-Msc-140482"
71,66.5,0.18,"Mytilus trossulus","W-Msc-140482"
71.5,66.5,0.18,"Mytilus trossulus","W-Msc-140482"
72,66.5,0.18,"Mytilus trossulus","W-Msc-140482"
72.5,66.5,0.16,"Mytilus trossulus","W-Msc-140482"
73,66.5,0.16,"Mytilus trossulus","W-Msc-140482"
73.5,66.5,0.17,"Mytilus trossulus","W-Msc-140482"
74,66.5,0.16,"Mytilus trossulus","W-Msc-140482"
-174,66,0.13,"Mytilus trossulus","W-Msc-140482"
-173.5,66,0.13,"Mytilus trossulus","W-Msc-140482"
-170.5,66,0.15,"Mytilus trossulus","W-Msc-140482"
-170,66,0.12,"Mytilus trossulus","W-Msc-140482"
-169.5,66,0.13,"Mytilus trossulus","W-Msc-140482"
-167.5,66,0.16,"Mytilus trossulus","W-Msc-140482"
-167,66,0.21,"Mytilus trossulus","W-Msc-140482"
-166.5,66,0.21,"Mytilus trossulus","W-Msc-140482"
-166,66,0.22,"Mytilus trossulus","W-Msc-140482"
-165.5,66,0.23,"Mytilus trossulus","W-Msc-140482"
-165,66,0.23,"Mytilus trossulus","W-Msc-140482"
-164.5,66,0.11,"Mytilus trossulus","W-Msc-140482"
-163.5,66,0.19,"Mytilus trossulus","W-Msc-140482"
-163,66,0.18,"Mytilus trossulus","W-Msc-140482"
-162.5,66,0.19,"Mytilus trossulus","W-Msc-140482"
-162,66,0.2,"Mytilus trossulus","W-Msc-140482"
-161.5,66,0.24,"Mytilus trossulus","W-Msc-140482"
-161,66,0.25,"Mytilus trossulus","W-Msc-140482"
-160.5,66,0.28,"Mytilus trossulus","W-Msc-140482"
-160,66,0.28,"Mytilus trossulus","W-Msc-140482"
-86.5,66,0.01,"Mytilus trossulus","W-Msc-140482"
-86,66,0.01,"Mytilus trossulus","W-Msc-140482"
-85.5,66,0.01,"Mytilus trossulus","W-Msc-140482"
-85,66,0.01,"Mytilus trossulus","W-Msc-140482"
-84.5,66,0.01,"Mytilus trossulus","W-Msc-140482"
-84,66,0.01,"Mytilus trossulus","W-Msc-140482"
-83.5,66,0.01,"Mytilus trossulus","W-Msc-140482"
-83,66,0.01,"Mytilus trossulus","W-Msc-140482"
-73.5,66,0.02,"Mytilus trossulus","W-Msc-140482"
-68,66,0.04,"Mytilus trossulus","W-Msc-140482"
-67.5,66,0.05,"Mytilus trossulus","W-Msc-140482"
-67,66,0.05,"Mytilus trossulus","W-Msc-140482"
-66.5,66,0.04,"Mytilus trossulus","W-Msc-140482"
-66,66,0.04,"Mytilus trossulus","W-Msc-140482"
-65.5,66,0.04,"Mytilus trossulus","W-Msc-140482"
-65,66,0.04,"Mytilus trossulus","W-Msc-140482"
-64.5,66,0.04,"Mytilus trossulus","W-Msc-140482"
-62,66,0.06,"Mytilus trossulus","W-Msc-140482"
-61.5,66,0.04,"Mytilus trossulus","W-Msc-140482"
-61,66,0.03,"Mytilus trossulus","W-Msc-140482"
-53.5,66,0.31,"Mytilus trossulus","W-Msc-140482"
-53,66,0.3,"Mytilus trossulus","W-Msc-140482"
-52.5,66,0.29,"Mytilus trossulus","W-Msc-140482"
-51.5,66,0.26,"Mytilus trossulus","W-Msc-140482"
-37.5,66,0.15,"Mytilus trossulus","W-Msc-140482"
-37,66,0.15,"Mytilus trossulus","W-Msc-140482"
-36,66,0.14,"Mytilus trossulus","W-Msc-140482"
-35.5,66,0.14,"Mytilus trossulus","W-Msc-140482"
-35,66,0.13,"Mytilus trossulus","W-Msc-140482"
-34.5,66,0.12,"Mytilus trossulus","W-Msc-140482"
-23.5,66,0.55,"Mytilus trossulus","W-Msc-140482"
-23,66,0.53,"Mytilus trossulus","W-Msc-140482"
-22.5,66,0.51,"Mytilus trossulus","W-Msc-140482"
-22,66,0.51,"Mytilus trossulus","W-Msc-140482"
-21.5,66,0.52,"Mytilus trossulus","W-Msc-140482"
-21,66,0.54,"Mytilus trossulus","W-Msc-140482"
-20,66,0.55,"Mytilus trossulus","W-Msc-140482"
-19.5,66,0.55,"Mytilus trossulus","W-Msc-140482"
-19,66,0.55,"Mytilus trossulus","W-Msc-140482"
-18.5,66,0.56,"Mytilus trossulus","W-Msc-140482"
-18,66,0.56,"Mytilus trossulus","W-Msc-140482"
-17.5,66,0.57,"Mytilus trossulus","W-Msc-140482"
-17,66,0.58,"Mytilus trossulus","W-Msc-140482"
-16.5,66,0.58,"Mytilus trossulus","W-Msc-140482"
-16,66,0.57,"Mytilus trossulus","W-Msc-140482"
-15.5,66,0.56,"Mytilus trossulus","W-Msc-140482"
-15,66,0.55,"Mytilus trossulus","W-Msc-140482"
-14.5,66,0.54,"Mytilus trossulus","W-Msc-140482"
12,66,0.7,"Mytilus trossulus","W-Msc-140482"
12.5,66,0.72,"Mytilus trossulus","W-Msc-140482"
13,66,0.75,"Mytilus trossulus","W-Msc-140482"
13.5,66,0.75,"Mytilus trossulus","W-Msc-140482"
34,66,0.68,"Mytilus trossulus","W-Msc-140482"
34.5,66,0.7,"Mytilus trossulus","W-Msc-140482"
35,66,0.69,"Mytilus trossulus","W-Msc-140482"
35.5,66,0.68,"Mytilus trossulus","W-Msc-140482"
36,66,0.66,"Mytilus trossulus","W-Msc-140482"
36.5,66,0.64,"Mytilus trossulus","W-Msc-140482"
37,66,0.62,"Mytilus trossulus","W-Msc-140482"
37.5,66,0.59,"Mytilus trossulus","W-Msc-140482"
38,66,0.52,"Mytilus trossulus","W-Msc-140482"
38.5,66,0.48,"Mytilus trossulus","W-Msc-140482"
39,66,0.45,"Mytilus trossulus","W-Msc-140482"
39.5,66,0.43,"Mytilus trossulus","W-Msc-140482"
40,66,0.43,"Mytilus trossulus","W-Msc-140482"
40.5,66,0.45,"Mytilus trossulus","W-Msc-140482"
41,66,0.35,"Mytilus trossulus","W-Msc-140482"
41.5,66,0.33,"Mytilus trossulus","W-Msc-140482"
42,66,0.36,"Mytilus trossulus","W-Msc-140482"
42.5,66,0.49,"Mytilus trossulus","W-Msc-140482"
43,66,0.5,"Mytilus trossulus","W-Msc-140482"
43.5,66,0.5,"Mytilus trossulus","W-Msc-140482"
44,66,0.49,"Mytilus trossulus","W-Msc-140482"
44.5,66,0.5,"Mytilus trossulus","W-Msc-140482"
70.5,66,0.2,"Mytilus trossulus","W-Msc-140482"
71,66,0.19,"Mytilus trossulus","W-Msc-140482"
71.5,66,0.18,"Mytilus trossulus","W-Msc-140482"
72,66,0.18,"Mytilus trossulus","W-Msc-140482"
72.5,66,0.17,"Mytilus trossulus","W-Msc-140482"
-172.5,65.5,0.16,"Mytilus trossulus","W-Msc-140482"
-172,65.5,0.17,"Mytilus trossulus","W-Msc-140482"
-171.5,65.5,0.18,"Mytilus trossulus","W-Msc-140482"
-171,65.5,0.19,"Mytilus trossulus","W-Msc-140482"
-170.5,65.5,0.17,"Mytilus trossulus","W-Msc-140482"
-170,65.5,0.17,"Mytilus trossulus","W-Msc-140482"
-169,65.5,0.16,"Mytilus trossulus","W-Msc-140482"
-168.5,65.5,0.19,"Mytilus trossulus","W-Msc-140482"
-168,65.5,0.21,"Mytilus trossulus","W-Msc-140482"
-167.5,65.5,0.22,"Mytilus trossulus","W-Msc-140482"
-167,65.5,0.26,"Mytilus trossulus","W-Msc-140482"
-166.5,65.5,0.27,"Mytilus trossulus","W-Msc-140482"
-90,65.5,0.1,"Mytilus trossulus","W-Msc-140482"
-89.5,65.5,0.06,"Mytilus trossulus","W-Msc-140482"
-89,65.5,0.06,"Mytilus trossulus","W-Msc-140482"
-88.5,65.5,0.05,"Mytilus trossulus","W-Msc-140482"
-88,65.5,0.04,"Mytilus trossulus","W-Msc-140482"
-86.5,65.5,0.02,"Mytilus trossulus","W-Msc-140482"
-86,65.5,0.02,"Mytilus trossulus","W-Msc-140482"
-85.5,65.5,0.01,"Mytilus trossulus","W-Msc-140482"
-85,65.5,0.01,"Mytilus trossulus","W-Msc-140482"
-84.5,65.5,0.01,"Mytilus trossulus","W-Msc-140482"
-84,65.5,0.01,"Mytilus trossulus","W-Msc-140482"
-73.5,65.5,0.02,"Mytilus trossulus","W-Msc-140482"
-68,65.5,0.08,"Mytilus trossulus","W-Msc-140482"
-67.5,65.5,0.09,"Mytilus trossulus","W-Msc-140482"
-67,65.5,0.06,"Mytilus trossulus","W-Msc-140482"
-66.5,65.5,0.03,"Mytilus trossulus","W-Msc-140482"
-65.5,65.5,0.04,"Mytilus trossulus","W-Msc-140482"
-65,65.5,0.04,"Mytilus trossulus","W-Msc-140482"
-63,65.5,0.03,"Mytilus trossulus","W-Msc-140482"
-62.5,65.5,0.04,"Mytilus trossulus","W-Msc-140482"
-62,65.5,0.03,"Mytilus trossulus","W-Msc-140482"
-53.5,65.5,0.33,"Mytilus trossulus","W-Msc-140482"
-53,65.5,0.32,"Mytilus trossulus","W-Msc-140482"
-52.5,65.5,0.3,"Mytilus trossulus","W-Msc-140482"
-52,65.5,0.29,"Mytilus trossulus","W-Msc-140482"
-51.5,65.5,0.27,"Mytilus trossulus","W-Msc-140482"
-39.5,65.5,0.15,"Mytilus trossulus","W-Msc-140482"
-39,65.5,0.15,"Mytilus trossulus","W-Msc-140482"
-38.5,65.5,0.16,"Mytilus trossulus","W-Msc-140482"
-38,65.5,0.19,"Mytilus trossulus","W-Msc-140482"
-37.5,65.5,0.22,"Mytilus trossulus","W-Msc-140482"
-37,65.5,0.2,"Mytilus trossulus","W-Msc-140482"
-36.5,65.5,0.18,"Mytilus trossulus","W-Msc-140482"
-36,65.5,0.17,"Mytilus trossulus","W-Msc-140482"
-35.5,65.5,0.17,"Mytilus trossulus","W-Msc-140482"
-24.5,65.5,0.59,"Mytilus trossulus","W-Msc-140482"
-24,65.5,0.56,"Mytilus trossulus","W-Msc-140482"
-23.5,65.5,0.55,"Mytilus trossulus","W-Msc-140482"
-23,65.5,0.58,"Mytilus trossulus","W-Msc-140482"
-22.5,65.5,0.56,"Mytilus trossulus","W-Msc-140482"
-22,65.5,0.54,"Mytilus trossulus","W-Msc-140482"
-21.5,65.5,0.52,"Mytilus trossulus","W-Msc-140482"
-21,65.5,0.52,"Mytilus trossulus","W-Msc-140482"
-20.5,65.5,0.52,"Mytilus trossulus","W-Msc-140482"
-20,65.5,0.53,"Mytilus trossulus","W-Msc-140482"
-19.5,65.5,0.54,"Mytilus trossulus","W-Msc-140482"
-19,65.5,0.56,"Mytilus trossulus","W-Msc-140482"
-18,65.5,0.59,"Mytilus trossulus","W-Msc-140482"
-14.5,65.5,0.57,"Mytilus trossulus","W-Msc-140482"
-14,65.5,0.56,"Mytilus trossulus","W-Msc-140482"
-13.5,65.5,0.55,"Mytilus trossulus","W-Msc-140482"
11.5,65.5,0.71,"Mytilus trossulus","W-Msc-140482"
12,65.5,0.74,"Mytilus trossulus","W-Msc-140482"
12.5,65.5,0.75,"Mytilus trossulus","W-Msc-140482"
13,65.5,0.76,"Mytilus trossulus","W-Msc-140482"
25,65.5,0.19,"Mytilus trossulus","W-Msc-140482"
25.5,65.5,0.48,"Mytilus trossulus","W-Msc-140482"
35,65.5,0.69,"Mytilus trossulus","W-Msc-140482"
35.5,65.5,0.51,"Mytilus trossulus","W-Msc-140482"
40,65.5,0.32,"Mytilus trossulus","W-Msc-140482"
40.5,65.5,0.37,"Mytilus trossulus","W-Msc-140482"
41,65.5,0.51,"Mytilus trossulus","W-Msc-140482"
-172,65,0.18,"Mytilus trossulus","W-Msc-140482"
-171.5,65,0.19,"Mytilus trossulus","W-Msc-140482"
-171,65,0.18,"Mytilus trossulus","W-Msc-140482"
-170.5,65,0.09,"Mytilus trossulus","W-Msc-140482"
-168,65,0.22,"Mytilus trossulus","W-Msc-140482"
-167.5,65,0.28,"Mytilus trossulus","W-Msc-140482"
-167,65,0.33,"Mytilus trossulus","W-Msc-140482"
-166.5,65,0.33,"Mytilus trossulus","W-Msc-140482"
-166,65,0.32,"Mytilus trossulus","W-Msc-140482"
-89,65,0.07,"Mytilus trossulus","W-Msc-140482"
-88.5,65,0.05,"Mytilus trossulus","W-Msc-140482"
-88,65,0.05,"Mytilus trossulus","W-Msc-140482"
-87.5,65,0.04,"Mytilus trossulus","W-Msc-140482"
-87,65,0.04,"Mytilus trossulus","W-Msc-140482"
-86.5,65,0.03,"Mytilus trossulus","W-Msc-140482"
-86,65,0.03,"Mytilus trossulus","W-Msc-140482"
-85,65,0.01,"Mytilus trossulus","W-Msc-140482"
-77,65,0.01,"Mytilus trossulus","W-Msc-140482"
-76.5,65,0.01,"Mytilus trossulus","W-Msc-140482"
-74,65,0.01,"Mytilus trossulus","W-Msc-140482"
-67,65,0.05,"Mytilus trossulus","W-Msc-140482"
-66.5,65,0.05,"Mytilus trossulus","W-Msc-140482"
-66,65,0.03,"Mytilus trossulus","W-Msc-140482"
-65,65,0.04,"Mytilus trossulus","W-Msc-140482"
-64.5,65,0.04,"Mytilus trossulus","W-Msc-140482"
-64,65,0.04,"Mytilus trossulus","W-Msc-140482"
-63.5,65,0.03,"Mytilus trossulus","W-Msc-140482"
-63,65,0.03,"Mytilus trossulus","W-Msc-140482"
-62.5,65,0.02,"Mytilus trossulus","W-Msc-140482"
-53,65,0.32,"Mytilus trossulus","W-Msc-140482"
-52.5,65,0.32,"Mytilus trossulus","W-Msc-140482"
-52,65,0.3,"Mytilus trossulus","W-Msc-140482"
-40.5,65,0.16,"Mytilus trossulus","W-Msc-140482"
-40,65,0.14,"Mytilus trossulus","W-Msc-140482"
-39.5,65,0.14,"Mytilus trossulus","W-Msc-140482"
-39,65,0.16,"Mytilus trossulus","W-Msc-140482"
-38.5,65,0.21,"Mytilus trossulus","W-Msc-140482"
-24.5,65,0.4,"Mytilus trossulus","W-Msc-140482"
-24,65,0.61,"Mytilus trossulus","W-Msc-140482"
-23.5,65,0.62,"Mytilus trossulus","W-Msc-140482"
-23,65,0.62,"Mytilus trossulus","W-Msc-140482"
-22.5,65,0.6,"Mytilus trossulus","W-Msc-140482"
-22,65,0.58,"Mytilus trossulus","W-Msc-140482"
-21.5,65,0.54,"Mytilus trossulus","W-Msc-140482"
-21,65,0.5,"Mytilus trossulus","W-Msc-140482"
-20.5,65,0.57,"Mytilus trossulus","W-Msc-140482"
-13.5,65,0.52,"Mytilus trossulus","W-Msc-140482"
-13,65,0.52,"Mytilus trossulus","W-Msc-140482"
11,65,0.73,"Mytilus trossulus","W-Msc-140482"
11.5,65,0.74,"Mytilus trossulus","W-Msc-140482"
12,65,0.76,"Mytilus trossulus","W-Msc-140482"
12.5,65,0.77,"Mytilus trossulus","W-Msc-140482"
13,65,0.38,"Mytilus trossulus","W-Msc-140482"
34.5,65,0.65,"Mytilus trossulus","W-Msc-140482"
35,65,0.66,"Mytilus trossulus","W-Msc-140482"
35.5,65,0.43,"Mytilus trossulus","W-Msc-140482"
36,65,0.29,"Mytilus trossulus","W-Msc-140482"
36.5,65,0.27,"Mytilus trossulus","W-Msc-140482"
37,65,0.27,"Mytilus trossulus","W-Msc-140482"
37.5,65,0.34,"Mytilus trossulus","W-Msc-140482"
38,65,0.35,"Mytilus trossulus","W-Msc-140482"
40,65,0.64,"Mytilus trossulus","W-Msc-140482"
40.5,65,0.55,"Mytilus trossulus","W-Msc-140482"
-174.5,64.5,0.3,"Mytilus trossulus","W-Msc-140482"
-174,64.5,0.27,"Mytilus trossulus","W-Msc-140482"
-172.5,64.5,0.18,"Mytilus trossulus","W-Msc-140482"
-172,64.5,0.18,"Mytilus trossulus","W-Msc-140482"
-171.5,64.5,0.17,"Mytilus trossulus","W-Msc-140482"
-168,64.5,0.23,"Mytilus trossulus","W-Msc-140482"
-167.5,64.5,0.26,"Mytilus trossulus","W-Msc-140482"
-167,64.5,0.07,"Mytilus trossulus","W-Msc-140482"
-166.5,64.5,0.35,"Mytilus trossulus","W-Msc-140482"
-166,64.5,0.34,"Mytilus trossulus","W-Msc-140482"
-165.5,64.5,0.34,"Mytilus trossulus","W-Msc-140482"
-165,64.5,0.34,"Mytilus trossulus","W-Msc-140482"
-164.5,64.5,0.34,"Mytilus trossulus","W-Msc-140482"
-164,64.5,0.32,"Mytilus trossulus","W-Msc-140482"
-163.5,64.5,0.28,"Mytilus trossulus","W-Msc-140482"
-163,64.5,0.26,"Mytilus trossulus","W-Msc-140482"
-162.5,64.5,0.25,"Mytilus trossulus","W-Msc-140482"
-162,64.5,0.23,"Mytilus trossulus","W-Msc-140482"
-161.5,64.5,0.25,"Mytilus trossulus","W-Msc-140482"
-161,64.5,0.27,"Mytilus trossulus","W-Msc-140482"
-160.5,64.5,0.31,"Mytilus trossulus","W-Msc-140482"
-87.5,64.5,0.05,"Mytilus trossulus","W-Msc-140482"
-87,64.5,0.06,"Mytilus trossulus","W-Msc-140482"
-86.5,64.5,0.04,"Mytilus trossulus","W-Msc-140482"
-86,64.5,0.06,"Mytilus trossulus","W-Msc-140482"
-83,64.5,0.01,"Mytilus trossulus","W-Msc-140482"
-82.5,64.5,0.01,"Mytilus trossulus","W-Msc-140482"
-82,64.5,0.01,"Mytilus trossulus","W-Msc-140482"
-81.5,64.5,0.01,"Mytilus trossulus","W-Msc-140482"
-78,64.5,0.01,"Mytilus trossulus","W-Msc-140482"
-75.5,64.5,0.02,"Mytilus trossulus","W-Msc-140482"
-75,64.5,0.02,"Mytilus trossulus","W-Msc-140482"
-74.5,64.5,0.08,"Mytilus trossulus","W-Msc-140482"
-74,64.5,0.04,"Mytilus trossulus","W-Msc-140482"
-73.5,64.5,0.02,"Mytilus trossulus","W-Msc-140482"
-73,64.5,0.02,"Mytilus trossulus","W-Msc-140482"
-66,64.5,0.05,"Mytilus trossulus","W-Msc-140482"
-65.5,64.5,0.05,"Mytilus trossulus","W-Msc-140482"
-65,64.5,0.03,"Mytilus trossulus","W-Msc-140482"
-64.5,64.5,0.02,"Mytilus trossulus","W-Msc-140482"
-63.5,64.5,0.03,"Mytilus trossulus","W-Msc-140482"
-63,64.5,0.03,"Mytilus trossulus","W-Msc-140482"
-52,64.5,0.3,"Mytilus trossulus","W-Msc-140482"
-51.5,64.5,0.28,"Mytilus trossulus","W-Msc-140482"
-51,64.5,0.25,"Mytilus trossulus","W-Msc-140482"
-50.5,64.5,0.25,"Mytilus trossulus","W-Msc-140482"
-50,64.5,0.25,"Mytilus trossulus","W-Msc-140482"
-41,64.5,0.18,"Mytilus trossulus","W-Msc-140482"
-40.5,64.5,0.14,"Mytilus trossulus","W-Msc-140482"
-40,64.5,0.16,"Mytilus trossulus","W-Msc-140482"
-39.5,64.5,0.17,"Mytilus trossulus","W-Msc-140482"
-24,64.5,0.59,"Mytilus trossulus","W-Msc-140482"
-23.5,64.5,0.6,"Mytilus trossulus","W-Msc-140482"
-23,64.5,0.61,"Mytilus trossulus","W-Msc-140482"
-22.5,64.5,0.62,"Mytilus trossulus","W-Msc-140482"
-22,64.5,0.63,"Mytilus trossulus","W-Msc-140482"
-21.5,64.5,0.61,"Mytilus trossulus","W-Msc-140482"
-14,64.5,0.6,"Mytilus trossulus","W-Msc-140482"
-13.5,64.5,0.54,"Mytilus trossulus","W-Msc-140482"
11,64.5,0.78,"Mytilus trossulus","W-Msc-140482"
11.5,64.5,0.81,"Mytilus trossulus","W-Msc-140482"
12,64.5,0.79,"Mytilus trossulus","W-Msc-140482"
35,64.5,0.65,"Mytilus trossulus","W-Msc-140482"
35.5,64.5,0.44,"Mytilus trossulus","W-Msc-140482"
36,64.5,0.26,"Mytilus trossulus","W-Msc-140482"
36.5,64.5,0.23,"Mytilus trossulus","W-Msc-140482"
37,64.5,0.25,"Mytilus trossulus","W-Msc-140482"
38,64.5,0.48,"Mytilus trossulus","W-Msc-140482"
38.5,64.5,0.67,"Mytilus trossulus","W-Msc-140482"
39,64.5,0.71,"Mytilus trossulus","W-Msc-140482"
39.5,64.5,0.71,"Mytilus trossulus","W-Msc-140482"
40,64.5,0.65,"Mytilus trossulus","W-Msc-140482"
40.5,64.5,0.58,"Mytilus trossulus","W-Msc-140482"
-174,64,0.32,"Mytilus trossulus","W-Msc-140482"
-173.5,64,0.32,"Mytilus trossulus","W-Msc-140482"
-173,64,0.28,"Mytilus trossulus","W-Msc-140482"
-172.5,64,0.25,"Mytilus trossulus","W-Msc-140482"
-172,64,0.23,"Mytilus trossulus","W-Msc-140482"
-166,64,0.34,"Mytilus trossulus","W-Msc-140482"
-165.5,64,0.28,"Mytilus trossulus","W-Msc-140482"
-165,64,0.37,"Mytilus trossulus","W-Msc-140482"
-164.5,64,0.37,"Mytilus trossulus","W-Msc-140482"
-164,64,0.11,"Mytilus trossulus","W-Msc-140482"
-163.5,64,0.1,"Mytilus trossulus","W-Msc-140482"
-163,64,0.32,"Mytilus trossulus","W-Msc-140482"
-162.5,64,0.22,"Mytilus trossulus","W-Msc-140482"
-162,64,0.06,"Mytilus trossulus","W-Msc-140482"
-161.5,64,0.21,"Mytilus trossulus","W-Msc-140482"
-161,64,0.23,"Mytilus trossulus","W-Msc-140482"
-160.5,64,0.32,"Mytilus trossulus","W-Msc-140482"
-93.5,64,0.07,"Mytilus trossulus","W-Msc-140482"
-93,64,0.14,"Mytilus trossulus","W-Msc-140482"
-90,64,0.07,"Mytilus trossulus","W-Msc-140482"
-89.5,64,0.14,"Mytilus trossulus","W-Msc-140482"
-89,64,0.09,"Mytilus trossulus","W-Msc-140482"
-88.5,64,0.07,"Mytilus trossulus","W-Msc-140482"
-88,64,0.06,"Mytilus trossulus","W-Msc-140482"
-87.5,64,0.06,"Mytilus trossulus","W-Msc-140482"
-86.5,64,0.05,"Mytilus trossulus","W-Msc-140482"
-86,64,0.06,"Mytilus trossulus","W-Msc-140482"
-83.5,64,0.03,"Mytilus trossulus","W-Msc-140482"
-83,64,0.02,"Mytilus trossulus","W-Msc-140482"
-82.5,64,0.02,"Mytilus trossulus","W-Msc-140482"
-81.5,64,0.02,"Mytilus trossulus","W-Msc-140482"
-81,64,0.01,"Mytilus trossulus","W-Msc-140482"
-80.5,64,0.01,"Mytilus trossulus","W-Msc-140482"
-80,64,0.01,"Mytilus trossulus","W-Msc-140482"
-78,64,0.02,"Mytilus trossulus","W-Msc-140482"
-77.5,64,0.04,"Mytilus trossulus","W-Msc-140482"
-77,64,0.06,"Mytilus trossulus","W-Msc-140482"
-76.5,64,0.07,"Mytilus trossulus","W-Msc-140482"
-76,64,0.08,"Mytilus trossulus","W-Msc-140482"
-75.5,64,0.09,"Mytilus trossulus","W-Msc-140482"
-75,64,0.07,"Mytilus trossulus","W-Msc-140482"
-74.5,64,0.07,"Mytilus trossulus","W-Msc-140482"
-74,64,0.06,"Mytilus trossulus","W-Msc-140482"
-73.5,64,0.05,"Mytilus trossulus","W-Msc-140482"
-73,64,0.05,"Mytilus trossulus","W-Msc-140482"
-72.5,64,0.05,"Mytilus trossulus","W-Msc-140482"
-65,64,0.05,"Mytilus trossulus","W-Msc-140482"
-64.5,64,0.03,"Mytilus trossulus","W-Msc-140482"
-64,64,0.02,"Mytilus trossulus","W-Msc-140482"
-52,64,0.29,"Mytilus trossulus","W-Msc-140482"
-51.5,64,0.27,"Mytilus trossulus","W-Msc-140482"
-51,64,0.26,"Mytilus trossulus","W-Msc-140482"
-50.5,64,0.26,"Mytilus trossulus","W-Msc-140482"
-50,64,0.27,"Mytilus trossulus","W-Msc-140482"
-49.5,64,0.28,"Mytilus trossulus","W-Msc-140482"
-41,64,0.24,"Mytilus trossulus","W-Msc-140482"
-40.5,64,0.23,"Mytilus trossulus","W-Msc-140482"
-40,64,0.26,"Mytilus trossulus","W-Msc-140482"
-22.5,64,0.61,"Mytilus trossulus","W-Msc-140482"
-22,64,0.61,"Mytilus trossulus","W-Msc-140482"
-21.5,64,0.66,"Mytilus trossulus","W-Msc-140482"
-16,64,0.6,"Mytilus trossulus","W-Msc-140482"
-15.5,64,0.61,"Mytilus trossulus","W-Msc-140482"
-15,64,0.61,"Mytilus trossulus","W-Msc-140482"
-14.5,64,0.62,"Mytilus trossulus","W-Msc-140482"
-14,64,0.62,"Mytilus trossulus","W-Msc-140482"
9,64,0.72,"Mytilus trossulus","W-Msc-140482"
9.5,64,0.72,"Mytilus trossulus","W-Msc-140482"
10,64,0.75,"Mytilus trossulus","W-Msc-140482"
10.5,64,0.76,"Mytilus trossulus","W-Msc-140482"
11,64,0.79,"Mytilus trossulus","W-Msc-140482"
11.5,64,0.81,"Mytilus trossulus","W-Msc-140482"
35.5,64,0.46,"Mytilus trossulus","W-Msc-140482"
36,64,0.3,"Mytilus trossulus","W-Msc-140482"
36.5,64,0.25,"Mytilus trossulus","W-Msc-140482"
37,64,0.2,"Mytilus trossulus","W-Msc-140482"
37.5,64,0.3,"Mytilus trossulus","W-Msc-140482"
38,64,0.58,"Mytilus trossulus","W-Msc-140482"
38.5,64,0.66,"Mytilus trossulus","W-Msc-140482"
-171.5,63.5,0.27,"Mytilus trossulus","W-Msc-140482"
-171,63.5,0.24,"Mytilus trossulus","W-Msc-140482"
-170.5,63.5,0.23,"Mytilus trossulus","W-Msc-140482"
-170,63.5,0.23,"Mytilus trossulus","W-Msc-140482"
-169.5,63.5,0.22,"Mytilus trossulus","W-Msc-140482"
-169,63.5,0.05,"Mytilus trossulus","W-Msc-140482"
-166,63.5,0.21,"Mytilus trossulus","W-Msc-140482"
-165.5,63.5,0.18,"Mytilus trossulus","W-Msc-140482"
-165,63.5,0.32,"Mytilus trossulus","W-Msc-140482"
-164.5,63.5,0.34,"Mytilus trossulus","W-Msc-140482"
-164,63.5,0.35,"Mytilus trossulus","W-Msc-140482"
-163.5,63.5,0.33,"Mytilus trossulus","W-Msc-140482"
-163,63.5,0.27,"Mytilus trossulus","W-Msc-140482"
-162.5,63.5,0.23,"Mytilus trossulus","W-Msc-140482"
-162,63.5,0.2,"Mytilus trossulus","W-Msc-140482"
-161.5,63.5,0.19,"Mytilus trossulus","W-Msc-140482"
-161,63.5,0.2,"Mytilus trossulus","W-Msc-140482"
-160.5,63.5,0.34,"Mytilus trossulus","W-Msc-140482"
-93.5,63.5,0.15,"Mytilus trossulus","W-Msc-140482"
-93,63.5,0.16,"Mytilus trossulus","W-Msc-140482"
-92.5,63.5,0.17,"Mytilus trossulus","W-Msc-140482"
-92,63.5,0.17,"Mytilus trossulus","W-Msc-140482"
-91.5,63.5,0.16,"Mytilus trossulus","W-Msc-140482"
-91,63.5,0.16,"Mytilus trossulus","W-Msc-140482"
-90.5,63.5,0.15,"Mytilus trossulus","W-Msc-140482"
-90,63.5,0.15,"Mytilus trossulus","W-Msc-140482"
-89.5,63.5,0.14,"Mytilus trossulus","W-Msc-140482"
-89,63.5,0.08,"Mytilus trossulus","W-Msc-140482"
-88.5,63.5,0.07,"Mytilus trossulus","W-Msc-140482"
-87,63.5,0.06,"Mytilus trossulus","W-Msc-140482"
-86.5,63.5,0.05,"Mytilus trossulus","W-Msc-140482"
-86,63.5,0.06,"Mytilus trossulus","W-Msc-140482"
-85.5,63.5,0.06,"Mytilus trossulus","W-Msc-140482"
-84,63.5,0.04,"Mytilus trossulus","W-Msc-140482"
-83.5,63.5,0.05,"Mytilus trossulus","W-Msc-140482"
-83,63.5,0.04,"Mytilus trossulus","W-Msc-140482"
-82.5,63.5,0.05,"Mytilus trossulus","W-Msc-140482"
-82,63.5,0.03,"Mytilus trossulus","W-Msc-140482"
-81.5,63.5,0.02,"Mytilus trossulus","W-Msc-140482"
-81,63.5,0.02,"Mytilus trossulus","W-Msc-140482"
-80.5,63.5,0.02,"Mytilus trossulus","W-Msc-140482"
-80,63.5,0.04,"Mytilus trossulus","W-Msc-140482"
-78,63.5,0.02,"Mytilus trossulus","W-Msc-140482"
-77.5,63.5,0.03,"Mytilus trossulus","W-Msc-140482"
-77,63.5,0.03,"Mytilus trossulus","W-Msc-140482"
-76.5,63.5,0.04,"Mytilus trossulus","W-Msc-140482"
-73.5,63.5,0.03,"Mytilus trossulus","W-Msc-140482"
-73,63.5,0.03,"Mytilus trossulus","W-Msc-140482"
-72.5,63.5,0.04,"Mytilus trossulus","W-Msc-140482"
-72,63.5,0.04,"Mytilus trossulus","W-Msc-140482"
-71.5,63.5,0.04,"Mytilus trossulus","W-Msc-140482"
-71,63.5,0.05,"Mytilus trossulus","W-Msc-140482"
-68.5,63.5,0.07,"Mytilus trossulus","W-Msc-140482"
-68,63.5,0.07,"Mytilus trossulus","W-Msc-140482"
-67.5,63.5,0.06,"Mytilus trossulus","W-Msc-140482"
-67,63.5,0.03,"Mytilus trossulus","W-Msc-140482"
-65,63.5,0.04,"Mytilus trossulus","W-Msc-140482"
-64.5,63.5,0.03,"Mytilus trossulus","W-Msc-140482"
-64,63.5,0.03,"Mytilus trossulus","W-Msc-140482"
-63.5,63.5,0.02,"Mytilus trossulus","W-Msc-140482"
-52,63.5,0.29,"Mytilus trossulus","W-Msc-140482"
-51.5,63.5,0.29,"Mytilus trossulus","W-Msc-140482"
-51,63.5,0.27,"Mytilus trossulus","W-Msc-140482"
-50.5,63.5,0.14,"Mytilus trossulus","W-Msc-140482"
-41.5,63.5,0.34,"Mytilus trossulus","W-Msc-140482"
-41,63.5,0.33,"Mytilus trossulus","W-Msc-140482"
-40.5,63.5,0.37,"Mytilus trossulus","W-Msc-140482"
-40,63.5,0.43,"Mytilus trossulus","W-Msc-140482"
-22.5,63.5,0.6,"Mytilus trossulus","W-Msc-140482"
-22,63.5,0.62,"Mytilus trossulus","W-Msc-140482"
-21.5,63.5,0.66,"Mytilus trossulus","W-Msc-140482"
-21,63.5,0.72,"Mytilus trossulus","W-Msc-140482"
-20.5,63.5,0.74,"Mytilus trossulus","W-Msc-140482"
-20,63.5,0.68,"Mytilus trossulus","W-Msc-140482"
-19.5,63.5,0.64,"Mytilus trossulus","W-Msc-140482"
-18,63.5,0.59,"Mytilus trossulus","W-Msc-140482"
-17.5,63.5,0.59,"Mytilus trossulus","W-Msc-140482"
-17,63.5,0.58,"Mytilus trossulus","W-Msc-140482"
-16.5,63.5,0.58,"Mytilus trossulus","W-Msc-140482"
-16,63.5,0.58,"Mytilus trossulus","W-Msc-140482"
8,63.5,0.72,"Mytilus trossulus","W-Msc-140482"
8.5,63.5,0.76,"Mytilus trossulus","W-Msc-140482"
9,63.5,0.77,"Mytilus trossulus","W-Msc-140482"
9.5,63.5,0.8,"Mytilus trossulus","W-Msc-140482"
10,63.5,0.8,"Mytilus trossulus","W-Msc-140482"
10.5,63.5,0.81,"Mytilus trossulus","W-Msc-140482"
11,63.5,0.81,"Mytilus trossulus","W-Msc-140482"
11.5,63.5,0.81,"Mytilus trossulus","W-Msc-140482"
19.5,63.5,0.55,"Mytilus trossulus","W-Msc-140482"
20,63.5,0.2,"Mytilus trossulus","W-Msc-140482"
20.5,63.5,0.06,"Mytilus trossulus","W-Msc-140482"
21,63.5,0.03,"Mytilus trossulus","W-Msc-140482"
37,63.5,0.57,"Mytilus trossulus","W-Msc-140482"
37.5,63.5,0.57,"Mytilus trossulus","W-Msc-140482"
38,63.5,0.68,"Mytilus trossulus","W-Msc-140482"
38.5,63.5,0.67,"Mytilus trossulus","W-Msc-140482"
-171.5,63,0.31,"Mytilus trossulus","W-Msc-140482"
-171,63,0.31,"Mytilus trossulus","W-Msc-140482"
-170.5,63,0.31,"Mytilus trossulus","W-Msc-140482"
-170,63,0.27,"Mytilus trossulus","W-Msc-140482"
-169.5,63,0.26,"Mytilus trossulus","W-Msc-140482"
-169,63,0.25,"Mytilus trossulus","W-Msc-140482"
-168.5,63,0.22,"Mytilus trossulus","W-Msc-140482"
-167.5,63,0.03,"Mytilus trossulus","W-Msc-140482"
-166.5,63,0.18,"Mytilus trossulus","W-Msc-140482"
-166,63,0.14,"Mytilus trossulus","W-Msc-140482"
-165.5,63,0.07,"Mytilus trossulus","W-Msc-140482"
-165,63,0.37,"Mytilus trossulus","W-Msc-140482"
-164.5,63,0.39,"Mytilus trossulus","W-Msc-140482"
-164,63,0.38,"Mytilus trossulus","W-Msc-140482"
-163.5,63,0.39,"Mytilus trossulus","W-Msc-140482"
-163,63,0.4,"Mytilus trossulus","W-Msc-140482"
-162.5,63,0.41,"Mytilus trossulus","W-Msc-140482"
-162,63,0.41,"Mytilus trossulus","W-Msc-140482"
-161.5,63,0.36,"Mytilus trossulus","W-Msc-140482"
-161,63,0.31,"Mytilus trossulus","W-Msc-140482"
-91,63,0.08,"Mytilus trossulus","W-Msc-140482"
-90.5,63,0.16,"Mytilus trossulus","W-Msc-140482"
-90,63,0.14,"Mytilus trossulus","W-Msc-140482"
-87,63,0.02,"Mytilus trossulus","W-Msc-140482"
-86.5,63,0.02,"Mytilus trossulus","W-Msc-140482"
-85.5,63,0.07,"Mytilus trossulus","W-Msc-140482"
-85,63,0.06,"Mytilus trossulus","W-Msc-140482"
-84.5,63,0.07,"Mytilus trossulus","W-Msc-140482"
-84,63,0.03,"Mytilus trossulus","W-Msc-140482"
-83.5,63,0.02,"Mytilus trossulus","W-Msc-140482"
-82.5,63,0.02,"Mytilus trossulus","W-Msc-140482"
-82,63,0.02,"Mytilus trossulus","W-Msc-140482"
-81,63,0.02,"Mytilus trossulus","W-Msc-140482"
-80.5,63,0.02,"Mytilus trossulus","W-Msc-140482"
-78.5,63,0.03,"Mytilus trossulus","W-Msc-140482"
-78,63,0.03,"Mytilus trossulus","W-Msc-140482"
-77.5,63,0.04,"Mytilus trossulus","W-Msc-140482"
-77,63,0.05,"Mytilus trossulus","W-Msc-140482"
-76.5,63,0.05,"Mytilus trossulus","W-Msc-140482"
-76,63,0.01,"Mytilus trossulus","W-Msc-140482"
-72,63,0.03,"Mytilus trossulus","W-Msc-140482"
-71.5,63,0.04,"Mytilus trossulus","W-Msc-140482"
-71,63,0.07,"Mytilus trossulus","W-Msc-140482"
-70.5,63,0.09,"Mytilus trossulus","W-Msc-140482"
-68,63,0.06,"Mytilus trossulus","W-Msc-140482"
-67.5,63,0.05,"Mytilus trossulus","W-Msc-140482"
-67,63,0.07,"Mytilus trossulus","W-Msc-140482"
-66.5,63,0.08,"Mytilus trossulus","W-Msc-140482"
-66,63,0.06,"Mytilus trossulus","W-Msc-140482"
-65.5,63,0.06,"Mytilus trossulus","W-Msc-140482"
-65,63,0.05,"Mytilus trossulus","W-Msc-140482"
-64.5,63,0.05,"Mytilus trossulus","W-Msc-140482"
-64,63,0.03,"Mytilus trossulus","W-Msc-140482"
-63.5,63,0.03,"Mytilus trossulus","W-Msc-140482"
-51.5,63,0.28,"Mytilus trossulus","W-Msc-140482"
-51,63,0.28,"Mytilus trossulus","W-Msc-140482"
-50.5,63,0.27,"Mytilus trossulus","W-Msc-140482"
-50,63,0.13,"Mytilus trossulus","W-Msc-140482"
-49.5,63,0.27,"Mytilus trossulus","W-Msc-140482"
-42,63,0.35,"Mytilus trossulus","W-Msc-140482"
-41.5,63,0.36,"Mytilus trossulus","W-Msc-140482"
-41,63,0.38,"Mytilus trossulus","W-Msc-140482"
-40.5,63,0.44,"Mytilus trossulus","W-Msc-140482"
-20.5,63,0.62,"Mytilus trossulus","W-Msc-140482"
-20,63,0.63,"Mytilus trossulus","W-Msc-140482"
-19,63,0.59,"Mytilus trossulus","W-Msc-140482"
-18.5,63,0.59,"Mytilus trossulus","W-Msc-140482"
-18,63,0.59,"Mytilus trossulus","W-Msc-140482"
-17.5,63,0.58,"Mytilus trossulus","W-Msc-140482"
-17,63,0.38,"Mytilus trossulus","W-Msc-140482"
7,63,0.72,"Mytilus trossulus","W-Msc-140482"
7.5,63,0.75,"Mytilus trossulus","W-Msc-140482"
8,63,0.77,"Mytilus trossulus","W-Msc-140482"
8.5,63,0.78,"Mytilus trossulus","W-Msc-140482"
9,63,0.79,"Mytilus trossulus","W-Msc-140482"
9.5,63,0.82,"Mytilus trossulus","W-Msc-140482"
10,63,0.84,"Mytilus trossulus","W-Msc-140482"
10.5,63,0.86,"Mytilus trossulus","W-Msc-140482"
11,63,0.88,"Mytilus trossulus","W-Msc-140482"
18,63,0.5,"Mytilus trossulus","W-Msc-140482"
18.5,63,0.98,"Mytilus trossulus","W-Msc-140482"
19,63,0.18,"Mytilus trossulus","W-Msc-140482"
19.5,63,0.15,"Mytilus trossulus","W-Msc-140482"
20,63,0.18,"Mytilus trossulus","W-Msc-140482"
20.5,63,0.04,"Mytilus trossulus","W-Msc-140482"
21,63,0.19,"Mytilus trossulus","W-Msc-140482"
21.5,63,0.16,"Mytilus trossulus","W-Msc-140482"
22,63,0.09,"Mytilus trossulus","W-Msc-140482"
22.5,63,0.06,"Mytilus trossulus","W-Msc-140482"
-169.5,62.5,0.29,"Mytilus trossulus","W-Msc-140482"
-169,62.5,0.28,"Mytilus trossulus","W-Msc-140482"
-167,62.5,0.08,"Mytilus trossulus","W-Msc-140482"
-166.5,62.5,0.12,"Mytilus trossulus","W-Msc-140482"
-166,62.5,0.13,"Mytilus trossulus","W-Msc-140482"
-165.5,62.5,0.21,"Mytilus trossulus","W-Msc-140482"
-165,62.5,0.42,"Mytilus trossulus","W-Msc-140482"
-164.5,62.5,0.43,"Mytilus trossulus","W-Msc-140482"
-92.5,62.5,0.17,"Mytilus trossulus","W-Msc-140482"
-92,62.5,0.17,"Mytilus trossulus","W-Msc-140482"
-91.5,62.5,0.17,"Mytilus trossulus","W-Msc-140482"
-91,62.5,0.17,"Mytilus trossulus","W-Msc-140482"
-90.5,62.5,0.15,"Mytilus trossulus","W-Msc-140482"
-83.5,62.5,0.03,"Mytilus trossulus","W-Msc-140482"
-83,62.5,0.03,"Mytilus trossulus","W-Msc-140482"
-82.5,62.5,0.03,"Mytilus trossulus","W-Msc-140482"
-82,62.5,0.02,"Mytilus trossulus","W-Msc-140482"
-81.5,62.5,0.03,"Mytilus trossulus","W-Msc-140482"
-78,62.5,0.02,"Mytilus trossulus","W-Msc-140482"
-77.5,62.5,0.03,"Mytilus trossulus","W-Msc-140482"
-77,62.5,0.03,"Mytilus trossulus","W-Msc-140482"
-76.5,62.5,0.02,"Mytilus trossulus","W-Msc-140482"
-74.5,62.5,0.02,"Mytilus trossulus","W-Msc-140482"
-74,62.5,0.03,"Mytilus trossulus","W-Msc-140482"
-73.5,62.5,0.03,"Mytilus trossulus","W-Msc-140482"
-71,62.5,0.1,"Mytilus trossulus","W-Msc-140482"
-70.5,62.5,0.1,"Mytilus trossulus","W-Msc-140482"
-70,62.5,0.1,"Mytilus trossulus","W-Msc-140482"
-69.5,62.5,0.11,"Mytilus trossulus","W-Msc-140482"
-69,62.5,0.1,"Mytilus trossulus","W-Msc-140482"
-67.5,62.5,0.03,"Mytilus trossulus","W-Msc-140482"
-67,62.5,0.06,"Mytilus trossulus","W-Msc-140482"
-66.5,62.5,0.06,"Mytilus trossulus","W-Msc-140482"
-66,62.5,0.06,"Mytilus trossulus","W-Msc-140482"
-65.5,62.5,0.07,"Mytilus trossulus","W-Msc-140482"
-65,62.5,0.07,"Mytilus trossulus","W-Msc-140482"
-64.5,62.5,0.04,"Mytilus trossulus","W-Msc-140482"
-64,62.5,0.03,"Mytilus trossulus","W-Msc-140482"
-63.5,62.5,0.03,"Mytilus trossulus","W-Msc-140482"
-51,62.5,0.27,"Mytilus trossulus","W-Msc-140482"
-50.5,62.5,0.27,"Mytilus trossulus","W-Msc-140482"
-50,62.5,0.26,"Mytilus trossulus","W-Msc-140482"
-49.5,62.5,0.13,"Mytilus trossulus","W-Msc-140482"
-43,62.5,0.37,"Mytilus trossulus","W-Msc-140482"
-42.5,62.5,0.37,"Mytilus trossulus","W-Msc-140482"
-42,62.5,0.36,"Mytilus trossulus","W-Msc-140482"
-41.5,62.5,0.35,"Mytilus trossulus","W-Msc-140482"
-41,62.5,0.39,"Mytilus trossulus","W-Msc-140482"
6,62.5,0.79,"Mytilus trossulus","W-Msc-140482"
6.5,62.5,0.81,"Mytilus trossulus","W-Msc-140482"
7,62.5,0.81,"Mytilus trossulus","W-Msc-140482"
7.5,62.5,0.8,"Mytilus trossulus","W-Msc-140482"
8,62.5,0.79,"Mytilus trossulus","W-Msc-140482"
8.5,62.5,0.78,"Mytilus trossulus","W-Msc-140482"
9,62.5,0.42,"Mytilus trossulus","W-Msc-140482"
17.5,62.5,1,"Mytilus trossulus","W-Msc-140482"
18,62.5,0.98,"Mytilus trossulus","W-Msc-140482"
18.5,62.5,0.18,"Mytilus trossulus","W-Msc-140482"
19,62.5,0.13,"Mytilus trossulus","W-Msc-140482"
20.5,62.5,0.03,"Mytilus trossulus","W-Msc-140482"
21,62.5,0.14,"Mytilus trossulus","W-Msc-140482"
21.5,62.5,0.13,"Mytilus trossulus","W-Msc-140482"
-166.5,62,0.04,"Mytilus trossulus","W-Msc-140482"
-166,62,0.08,"Mytilus trossulus","W-Msc-140482"
-165.5,62,0.42,"Mytilus trossulus","W-Msc-140482"
-165,62,0.43,"Mytilus trossulus","W-Msc-140482"
-93,62,0.17,"Mytilus trossulus","W-Msc-140482"
-92.5,62,0.14,"Mytilus trossulus","W-Msc-140482"
-92,62,0.09,"Mytilus trossulus","W-Msc-140482"
-91.5,62,0.06,"Mytilus trossulus","W-Msc-140482"
-84,62,0.03,"Mytilus trossulus","W-Msc-140482"
-83.5,62,0.02,"Mytilus trossulus","W-Msc-140482"
-83,62,0.03,"Mytilus trossulus","W-Msc-140482"
-82.5,62,0.04,"Mytilus trossulus","W-Msc-140482"
-82,62,0.02,"Mytilus trossulus","W-Msc-140482"
-80,62,0.03,"Mytilus trossulus","W-Msc-140482"
-79.5,62,0.02,"Mytilus trossulus","W-Msc-140482"
-79,62,0.02,"Mytilus trossulus","W-Msc-140482"
-78,62,0.03,"Mytilus trossulus","W-Msc-140482"
-77.5,62,0.04,"Mytilus trossulus","W-Msc-140482"
-76.5,62,0.04,"Mytilus trossulus","W-Msc-140482"
-76,62,0.04,"Mytilus trossulus","W-Msc-140482"
-75.5,62,0.03,"Mytilus trossulus","W-Msc-140482"
-75,62,0.03,"Mytilus trossulus","W-Msc-140482"
-74.5,62,0.02,"Mytilus trossulus","W-Msc-140482"
-74,62,0.03,"Mytilus trossulus","W-Msc-140482"
-73.5,62,0.03,"Mytilus trossulus","W-Msc-140482"
-73,62,0.03,"Mytilus trossulus","W-Msc-140482"
-72.5,62,0.03,"Mytilus trossulus","W-Msc-140482"
-72,62,0.02,"Mytilus trossulus","W-Msc-140482"
-69,62,0.09,"Mytilus trossulus","W-Msc-140482"
-68.5,62,0.1,"Mytilus trossulus","W-Msc-140482"
-68,62,0.07,"Mytilus trossulus","W-Msc-140482"
-67.5,62,0.07,"Mytilus trossulus","W-Msc-140482"
-67,62,0.07,"Mytilus trossulus","W-Msc-140482"
-66.5,62,0.06,"Mytilus trossulus","W-Msc-140482"
-66,62,0.05,"Mytilus trossulus","W-Msc-140482"
-65.5,62,0.04,"Mytilus trossulus","W-Msc-140482"
-64.5,62,0.04,"Mytilus trossulus","W-Msc-140482"
-64,62,0.05,"Mytilus trossulus","W-Msc-140482"
-51,62,0.28,"Mytilus trossulus","W-Msc-140482"
-50.5,62,0.27,"Mytilus trossulus","W-Msc-140482"
-50,62,0.26,"Mytilus trossulus","W-Msc-140482"
-49.5,62,0.25,"Mytilus trossulus","W-Msc-140482"
-49,62,0.26,"Mytilus trossulus","W-Msc-140482"
-48.5,62,0.26,"Mytilus trossulus","W-Msc-140482"
-42.5,62,0.37,"Mytilus trossulus","W-Msc-140482"
-42,62,0.34,"Mytilus trossulus","W-Msc-140482"
-41.5,62,0.35,"Mytilus trossulus","W-Msc-140482"
-7.5,62,0.57,"Mytilus trossulus","W-Msc-140482"
-7,62,0.57,"Mytilus trossulus","W-Msc-140482"
-6.5,62,0.57,"Mytilus trossulus","W-Msc-140482"
-6,62,0.57,"Mytilus trossulus","W-Msc-140482"
5.5,62,0.82,"Mytilus trossulus","W-Msc-140482"
6,62,0.83,"Mytilus trossulus","W-Msc-140482"
6.5,62,0.82,"Mytilus trossulus","W-Msc-140482"
7,62,0.82,"Mytilus trossulus","W-Msc-140482"
7.5,62,0.82,"Mytilus trossulus","W-Msc-140482"
17.5,62,0.97,"Mytilus trossulus","W-Msc-140482"
18,62,0.27,"Mytilus trossulus","W-Msc-140482"
19.5,62,0.07,"Mytilus trossulus","W-Msc-140482"
20,62,0.05,"Mytilus trossulus","W-Msc-140482"
20.5,62,0.03,"Mytilus trossulus","W-Msc-140482"
21,62,0.03,"Mytilus trossulus","W-Msc-140482"
21.5,62,0.05,"Mytilus trossulus","W-Msc-140482"
-168,61.5,0.01,"Mytilus trossulus","W-Msc-140482"
-166,61.5,0.31,"Mytilus trossulus","W-Msc-140482"
-165.5,61.5,0.43,"Mytilus trossulus","W-Msc-140482"
-149.5,61.5,0.83,"Mytilus trossulus","W-Msc-140482"
-149,61.5,0.86,"Mytilus trossulus","W-Msc-140482"
-93.5,61.5,0.18,"Mytilus trossulus","W-Msc-140482"
-93,61.5,0.12,"Mytilus trossulus","W-Msc-140482"
-92.5,61.5,0.07,"Mytilus trossulus","W-Msc-140482"
-92,61.5,0.04,"Mytilus trossulus","W-Msc-140482"
-80,61.5,0.03,"Mytilus trossulus","W-Msc-140482"
-79.5,61.5,0.02,"Mytilus trossulus","W-Msc-140482"
-79,61.5,0.02,"Mytilus trossulus","W-Msc-140482"
-78,61.5,0.04,"Mytilus trossulus","W-Msc-140482"
-77.5,61.5,0.06,"Mytilus trossulus","W-Msc-140482"
-77,61.5,0.03,"Mytilus trossulus","W-Msc-140482"
-72.5,61.5,0.02,"Mytilus trossulus","W-Msc-140482"
-72,61.5,0.03,"Mytilus trossulus","W-Msc-140482"
-71.5,61.5,0.03,"Mytilus trossulus","W-Msc-140482"
-71,61.5,0.03,"Mytilus trossulus","W-Msc-140482"
-66.5,61.5,0.07,"Mytilus trossulus","W-Msc-140482"
-66,61.5,0.06,"Mytilus trossulus","W-Msc-140482"
-65.5,61.5,0.05,"Mytilus trossulus","W-Msc-140482"
-65,61.5,0.05,"Mytilus trossulus","W-Msc-140482"
-64.5,61.5,0.06,"Mytilus trossulus","W-Msc-140482"
-50.5,61.5,0.16,"Mytilus trossulus","W-Msc-140482"
-50,61.5,0.26,"Mytilus trossulus","W-Msc-140482"
-49.5,61.5,0.25,"Mytilus trossulus","W-Msc-140482"
-49,61.5,0.24,"Mytilus trossulus","W-Msc-140482"
-48.5,61.5,0.26,"Mytilus trossulus","W-Msc-140482"
-48,61.5,0.13,"Mytilus trossulus","W-Msc-140482"
-43,61.5,0.19,"Mytilus trossulus","W-Msc-140482"
-42.5,61.5,0.37,"Mytilus trossulus","W-Msc-140482"
-42,61.5,0.36,"Mytilus trossulus","W-Msc-140482"
-41.5,61.5,0.41,"Mytilus trossulus","W-Msc-140482"
-7,61.5,0.31,"Mytilus trossulus","W-Msc-140482"
-6.5,61.5,0.57,"Mytilus trossulus","W-Msc-140482"
5,61.5,0.85,"Mytilus trossulus","W-Msc-140482"
5.5,61.5,0.85,"Mytilus trossulus","W-Msc-140482"
6,61.5,0.85,"Mytilus trossulus","W-Msc-140482"
6.5,61.5,0.85,"Mytilus trossulus","W-Msc-140482"
7,61.5,0.42,"Mytilus trossulus","W-Msc-140482"
17.5,61.5,0.24,"Mytilus trossulus","W-Msc-140482"
18,61.5,0.21,"Mytilus trossulus","W-Msc-140482"
19,61.5,0.07,"Mytilus trossulus","W-Msc-140482"
19.5,61.5,0.05,"Mytilus trossulus","W-Msc-140482"
20,61.5,0.02,"Mytilus trossulus","W-Msc-140482"
21,61.5,0.01,"Mytilus trossulus","W-Msc-140482"
21.5,61.5,0.04,"Mytilus trossulus","W-Msc-140482"
22,61.5,0.14,"Mytilus trossulus","W-Msc-140482"
-167.5,61,0.07,"Mytilus trossulus","W-Msc-140482"
-167,61,0.07,"Mytilus trossulus","W-Msc-140482"
-166.5,61,0.11,"Mytilus trossulus","W-Msc-140482"
-165.5,61,0.31,"Mytilus trossulus","W-Msc-140482"
-165,61,0.46,"Mytilus trossulus","W-Msc-140482"
-164.5,61,0.46,"Mytilus trossulus","W-Msc-140482"
-151.5,61,0.8,"Mytilus trossulus","W-Msc-140482"
-151,61,0.82,"Mytilus trossulus","W-Msc-140482"
-150.5,61,0.86,"Mytilus trossulus","W-Msc-140482"
-150,61,0.88,"Mytilus trossulus","W-Msc-140482"
-149.5,61,0.92,"Mytilus trossulus","W-Msc-140482"
-149,61,0.95,"Mytilus trossulus","W-Msc-140482"
-148,61,0.97,"Mytilus trossulus","W-Msc-140482"
-147.5,61,0.98,"Mytilus trossulus","W-Msc-140482"
-147,61,0.98,"Mytilus trossulus","W-Msc-140482"
-146.5,61,0.98,"Mytilus trossulus","W-Msc-140482"
-146,61,0.97,"Mytilus trossulus","W-Msc-140482"
-94,61,0.21,"Mytilus trossulus","W-Msc-140482"
-93.5,61,0.15,"Mytilus trossulus","W-Msc-140482"
-77.5,61,0.09,"Mytilus trossulus","W-Msc-140482"
-71.5,61,0.05,"Mytilus trossulus","W-Msc-140482"
-71,61,0.04,"Mytilus trossulus","W-Msc-140482"
-70.5,61,0.03,"Mytilus trossulus","W-Msc-140482"
-70,61,0.03,"Mytilus trossulus","W-Msc-140482"
-69.5,61,0.03,"Mytilus trossulus","W-Msc-140482"
-69,61,0.03,"Mytilus trossulus","W-Msc-140482"
-65,61,0.07,"Mytilus trossulus","W-Msc-140482"
-64.5,61,0.08,"Mytilus trossulus","W-Msc-140482"
-49.5,61,0.27,"Mytilus trossulus","W-Msc-140482"
-49,61,0.26,"Mytilus trossulus","W-Msc-140482"
-48.5,61,0.26,"Mytilus trossulus","W-Msc-140482"
-48,61,0.27,"Mytilus trossulus","W-Msc-140482"
-47.5,61,0.26,"Mytilus trossulus","W-Msc-140482"
-46.5,61,0.13,"Mytilus trossulus","W-Msc-140482"
-46,61,0.26,"Mytilus trossulus","W-Msc-140482"
-45.5,61,0.27,"Mytilus trossulus","W-Msc-140482"
-45,61,0.27,"Mytilus trossulus","W-Msc-140482"
-43.5,61,0.17,"Mytilus trossulus","W-Msc-140482"
-43,61,0.19,"Mytilus trossulus","W-Msc-140482"
-42.5,61,0.36,"Mytilus trossulus","W-Msc-140482"
-42,61,0.38,"Mytilus trossulus","W-Msc-140482"
-6.5,61,0.57,"Mytilus trossulus","W-Msc-140482"
5,61,0.87,"Mytilus trossulus","W-Msc-140482"
5.5,61,0.88,"Mytilus trossulus","W-Msc-140482"
6,61,0.87,"Mytilus trossulus","W-Msc-140482"
6.5,61,0.87,"Mytilus trossulus","W-Msc-140482"
7,61,0.87,"Mytilus trossulus","W-Msc-140482"
7.5,61,0.87,"Mytilus trossulus","W-Msc-140482"
8,61,0.46,"Mytilus trossulus","W-Msc-140482"
17.5,61,0.24,"Mytilus trossulus","W-Msc-140482"
18,61,0.13,"Mytilus trossulus","W-Msc-140482"
21,61,0.02,"Mytilus trossulus","W-Msc-140482"
21.5,61,0.05,"Mytilus trossulus","W-Msc-140482"
22,61,0.18,"Mytilus trossulus","W-Msc-140482"
-173,60.5,0.28,"Mytilus trossulus","W-Msc-140482"
-172.5,60.5,0.27,"Mytilus trossulus","W-Msc-140482"
-172,60.5,0.18,"Mytilus trossulus","W-Msc-140482"
-168,60.5,0.01,"Mytilus trossulus","W-Msc-140482"
-167.5,60.5,0.1,"Mytilus trossulus","W-Msc-140482"
-167,60.5,0.1,"Mytilus trossulus","W-Msc-140482"
-166.5,60.5,0.07,"Mytilus trossulus","W-Msc-140482"
-166,60.5,0.14,"Mytilus trossulus","W-Msc-140482"
-165.5,60.5,0.23,"Mytilus trossulus","W-Msc-140482"
-165,60.5,0.43,"Mytilus trossulus","W-Msc-140482"
-164.5,60.5,0.46,"Mytilus trossulus","W-Msc-140482"
-164,60.5,0.46,"Mytilus trossulus","W-Msc-140482"
-163.5,60.5,0.45,"Mytilus trossulus","W-Msc-140482"
-163,60.5,0.52,"Mytilus trossulus","W-Msc-140482"
-152,60.5,0.85,"Mytilus trossulus","W-Msc-140482"
-151.5,60.5,0.86,"Mytilus trossulus","W-Msc-140482"
-151,60.5,0.87,"Mytilus trossulus","W-Msc-140482"
-150.5,60.5,0.91,"Mytilus trossulus","W-Msc-140482"
-150,60.5,0.95,"Mytilus trossulus","W-Msc-140482"
-149.5,60.5,0.98,"Mytilus trossulus","W-Msc-140482"
-149,60.5,1,"Mytilus trossulus","W-Msc-140482"
-148.5,60.5,1,"Mytilus trossulus","W-Msc-140482"
-148,60.5,1,"Mytilus trossulus","W-Msc-140482"
-147.5,60.5,1,"Mytilus trossulus","W-Msc-140482"
-147,60.5,1,"Mytilus trossulus","W-Msc-140482"
-146.5,60.5,1,"Mytilus trossulus","W-Msc-140482"
-146,60.5,1,"Mytilus trossulus","W-Msc-140482"
-145.5,60.5,1,"Mytilus trossulus","W-Msc-140482"
-94.5,60.5,0.21,"Mytilus trossulus","W-Msc-140482"
-94,60.5,0.2,"Mytilus trossulus","W-Msc-140482"
-78.5,60.5,0.03,"Mytilus trossulus","W-Msc-140482"
-78,60.5,0.09,"Mytilus trossulus","W-Msc-140482"
-77.5,60.5,0.15,"Mytilus trossulus","W-Msc-140482"
-77,60.5,0.08,"Mytilus trossulus","W-Msc-140482"
-70,60.5,0.1,"Mytilus trossulus","W-Msc-140482"
-69.5,60.5,0.09,"Mytilus trossulus","W-Msc-140482"
-69,60.5,0.04,"Mytilus trossulus","W-Msc-140482"
-68,60.5,0.03,"Mytilus trossulus","W-Msc-140482"
-67.5,60.5,0.03,"Mytilus trossulus","W-Msc-140482"
-67,60.5,0.04,"Mytilus trossulus","W-Msc-140482"
-64.5,60.5,0.06,"Mytilus trossulus","W-Msc-140482"
-64,60.5,0.08,"Mytilus trossulus","W-Msc-140482"
-48,60.5,0.27,"Mytilus trossulus","W-Msc-140482"
-47.5,60.5,0.26,"Mytilus trossulus","W-Msc-140482"
-47,60.5,0.26,"Mytilus trossulus","W-Msc-140482"
-46.5,60.5,0.25,"Mytilus trossulus","W-Msc-140482"
-46,60.5,0.24,"Mytilus trossulus","W-Msc-140482"
-45.5,60.5,0.24,"Mytilus trossulus","W-Msc-140482"
-45,60.5,0.25,"Mytilus trossulus","W-Msc-140482"
-44.5,60.5,0.27,"Mytilus trossulus","W-Msc-140482"
-44,60.5,0.15,"Mytilus trossulus","W-Msc-140482"
-43.5,60.5,0.33,"Mytilus trossulus","W-Msc-140482"
-43,60.5,0.37,"Mytilus trossulus","W-Msc-140482"
-42.5,60.5,0.36,"Mytilus trossulus","W-Msc-140482"
-1.5,60.5,0.56,"Mytilus trossulus","W-Msc-140482"
-1,60.5,0.56,"Mytilus trossulus","W-Msc-140482"
-0.5,60.5,0.56,"Mytilus trossulus","W-Msc-140482"
5,60.5,0.9,"Mytilus trossulus","W-Msc-140482"
5.5,60.5,0.9,"Mytilus trossulus","W-Msc-140482"
6,60.5,0.45,"Mytilus trossulus","W-Msc-140482"
7,60.5,0.45,"Mytilus trossulus","W-Msc-140482"
7.5,60.5,0.46,"Mytilus trossulus","W-Msc-140482"
17.5,60.5,0.27,"Mytilus trossulus","W-Msc-140482"
18,60.5,0.25,"Mytilus trossulus","W-Msc-140482"
18.5,60.5,0.1,"Mytilus trossulus","W-Msc-140482"
19,60.5,0.05,"Mytilus trossulus","W-Msc-140482"
19.5,60.5,0.03,"Mytilus trossulus","W-Msc-140482"
20,60.5,0.03,"Mytilus trossulus","W-Msc-140482"
20.5,60.5,0.03,"Mytilus trossulus","W-Msc-140482"
21,60.5,0.06,"Mytilus trossulus","W-Msc-140482"
21.5,60.5,0.12,"Mytilus trossulus","W-Msc-140482"
22,60.5,0.23,"Mytilus trossulus","W-Msc-140482"
22.5,60.5,0.16,"Mytilus trossulus","W-Msc-140482"
-173,60,0.11,"Mytilus trossulus","W-Msc-140482"
-172.5,60,0.3,"Mytilus trossulus","W-Msc-140482"
-172,60,0.29,"Mytilus trossulus","W-Msc-140482"
-171.5,60,0.03,"Mytilus trossulus","W-Msc-140482"
-167.5,60,0.03,"Mytilus trossulus","W-Msc-140482"
-167,60,0.15,"Mytilus trossulus","W-Msc-140482"
-166.5,60,0.13,"Mytilus trossulus","W-Msc-140482"
-166,60,0.17,"Mytilus trossulus","W-Msc-140482"
-165.5,60,0.16,"Mytilus trossulus","W-Msc-140482"
-165,60,0.28,"Mytilus trossulus","W-Msc-140482"
-164.5,60,0.33,"Mytilus trossulus","W-Msc-140482"
-164,60,0.35,"Mytilus trossulus","W-Msc-140482"
-162.5,60,0.57,"Mytilus trossulus","W-Msc-140482"
-162,60,0.6,"Mytilus trossulus","W-Msc-140482"
-152.5,60,0.9,"Mytilus trossulus","W-Msc-140482"
-152,60,0.9,"Mytilus trossulus","W-Msc-140482"
-151.5,60,0.9,"Mytilus trossulus","W-Msc-140482"
-151,60,0.94,"Mytilus trossulus","W-Msc-140482"
-149,60,1,"Mytilus trossulus","W-Msc-140482"
-148.5,60,0.5,"Mytilus trossulus","W-Msc-140482"
-148,60,1,"Mytilus trossulus","W-Msc-140482"
-147.5,60,1,"Mytilus trossulus","W-Msc-140482"
-147,60,1,"Mytilus trossulus","W-Msc-140482"
-146.5,60,1,"Mytilus trossulus","W-Msc-140482"
-146,60,1,"Mytilus trossulus","W-Msc-140482"
-145.5,60,1,"Mytilus trossulus","W-Msc-140482"
-145,60,1,"Mytilus trossulus","W-Msc-140482"
-144.5,60,1,"Mytilus trossulus","W-Msc-140482"
-144,60,1,"Mytilus trossulus","W-Msc-140482"
-143.5,60,1,"Mytilus trossulus","W-Msc-140482"
-143,60,1,"Mytilus trossulus","W-Msc-140482"
-142.5,60,1,"Mytilus trossulus","W-Msc-140482"
-142,60,0.99,"Mytilus trossulus","W-Msc-140482"
-141.5,60,0.99,"Mytilus trossulus","W-Msc-140482"
-141,60,0.99,"Mytilus trossulus","W-Msc-140482"
-139.5,60,0.98,"Mytilus trossulus","W-Msc-140482"
-139,60,0.98,"Mytilus trossulus","W-Msc-140482"
-94.5,60,0.22,"Mytilus trossulus","W-Msc-140482"
-77.5,60,0.21,"Mytilus trossulus","W-Msc-140482"
-77,60,0.19,"Mytilus trossulus","W-Msc-140482"
-70.5,60,0.06,"Mytilus trossulus","W-Msc-140482"
-70,60,0.12,"Mytilus trossulus","W-Msc-140482"
-69.5,60,0.11,"Mytilus trossulus","W-Msc-140482"
-69,60,0.1,"Mytilus trossulus","W-Msc-140482"
-68.5,60,0.05,"Mytilus trossulus","W-Msc-140482"
-68,60,0.04,"Mytilus trossulus","W-Msc-140482"
-67.5,60,0.04,"Mytilus trossulus","W-Msc-140482"
-67,60,0.03,"Mytilus trossulus","W-Msc-140482"
-66.5,60,0.02,"Mytilus trossulus","W-Msc-140482"
-65,60,0.06,"Mytilus trossulus","W-Msc-140482"
-64.5,60,0.08,"Mytilus trossulus","W-Msc-140482"
-64,60,0.11,"Mytilus trossulus","W-Msc-140482"
-63.5,60,0.09,"Mytilus trossulus","W-Msc-140482"
-46,60,0.24,"Mytilus trossulus","W-Msc-140482"
-45.5,60,0.24,"Mytilus trossulus","W-Msc-140482"
-45,60,0.24,"Mytilus trossulus","W-Msc-140482"
-44.5,60,0.25,"Mytilus trossulus","W-Msc-140482"
-44,60,0.27,"Mytilus trossulus","W-Msc-140482"
-43.5,60,0.31,"Mytilus trossulus","W-Msc-140482"
-43,60,0.33,"Mytilus trossulus","W-Msc-140482"
-42.5,60,0.37,"Mytilus trossulus","W-Msc-140482"
-2,60,0.56,"Mytilus trossulus","W-Msc-140482"
-1.5,60,0.56,"Mytilus trossulus","W-Msc-140482"
-1,60,0.56,"Mytilus trossulus","W-Msc-140482"
-0.5,60,0.56,"Mytilus trossulus","W-Msc-140482"
5,60,0.89,"Mytilus trossulus","W-Msc-140482"
5.5,60,0.91,"Mytilus trossulus","W-Msc-140482"
6,60,0.91,"Mytilus trossulus","W-Msc-140482"
6.5,60,0.92,"Mytilus trossulus","W-Msc-140482"
7,60,0.94,"Mytilus trossulus","W-Msc-140482"
18.5,60,0.19,"Mytilus trossulus","W-Msc-140482"
19,60,0.12,"Mytilus trossulus","W-Msc-140482"
19.5,60,0.09,"Mytilus trossulus","W-Msc-140482"
20,60,0.1,"Mytilus trossulus","W-Msc-140482"
20.5,60,0.13,"Mytilus trossulus","W-Msc-140482"
21,60,0.18,"Mytilus trossulus","W-Msc-140482"
21.5,60,0.25,"Mytilus trossulus","W-Msc-140482"
22,60,0.29,"Mytilus trossulus","W-Msc-140482"
22.5,60,0.4,"Mytilus trossulus","W-Msc-140482"
23,60,0.39,"Mytilus trossulus","W-Msc-140482"
23.5,60,0.14,"Mytilus trossulus","W-Msc-140482"
24,60,0.1,"Mytilus trossulus","W-Msc-140482"
24.5,60,0.11,"Mytilus trossulus","W-Msc-140482"
25,60,0.01,"Mytilus trossulus","W-Msc-140482"
30,60,0.37,"Mytilus trossulus","W-Msc-140482"
30.5,60,0.75,"Mytilus trossulus","W-Msc-140482"
-167.5,59.5,0.07,"Mytilus trossulus","W-Msc-140482"
-167,59.5,0.11,"Mytilus trossulus","W-Msc-140482"
-166.5,59.5,0.26,"Mytilus trossulus","W-Msc-140482"
-166,59.5,0.23,"Mytilus trossulus","W-Msc-140482"
-165.5,59.5,0.2,"Mytilus trossulus","W-Msc-140482"
-165,59.5,0.17,"Mytilus trossulus","W-Msc-140482"
-164,59.5,0.39,"Mytilus trossulus","W-Msc-140482"
-163.5,59.5,0.56,"Mytilus trossulus","W-Msc-140482"
-163,59.5,0.58,"Mytilus trossulus","W-Msc-140482"
-162.5,59.5,0.6,"Mytilus trossulus","W-Msc-140482"
-162,59.5,0.63,"Mytilus trossulus","W-Msc-140482"
-161.5,59.5,0.63,"Mytilus trossulus","W-Msc-140482"
-153.5,59.5,0.9,"Mytilus trossulus","W-Msc-140482"
-153,59.5,0.92,"Mytilus trossulus","W-Msc-140482"
-152.5,59.5,0.92,"Mytilus trossulus","W-Msc-140482"
-151.5,59.5,0.97,"Mytilus trossulus","W-Msc-140482"
-151,59.5,1,"Mytilus trossulus","W-Msc-140482"
-150.5,59.5,1,"Mytilus trossulus","W-Msc-140482"
-150,59.5,1,"Mytilus trossulus","W-Msc-140482"
-149.5,59.5,1,"Mytilus trossulus","W-Msc-140482"
-149,59.5,1,"Mytilus trossulus","W-Msc-140482"
-148.5,59.5,1,"Mytilus trossulus","W-Msc-140482"
-148,59.5,1,"Mytilus trossulus","W-Msc-140482"
-147.5,59.5,1,"Mytilus trossulus","W-Msc-140482"
-147,59.5,1,"Mytilus trossulus","W-Msc-140482"
-146,59.5,0.33,"Mytilus trossulus","W-Msc-140482"
-144.5,59.5,1,"Mytilus trossulus","W-Msc-140482"
-144,59.5,1,"Mytilus trossulus","W-Msc-140482"
-143.5,59.5,1,"Mytilus trossulus","W-Msc-140482"
-141.5,59.5,1,"Mytilus trossulus","W-Msc-140482"
-141,59.5,1,"Mytilus trossulus","W-Msc-140482"
-140.5,59.5,1,"Mytilus trossulus","W-Msc-140482"
-140,59.5,1,"Mytilus trossulus","W-Msc-140482"
-139.5,59.5,1,"Mytilus trossulus","W-Msc-140482"
-139,59.5,1,"Mytilus trossulus","W-Msc-140482"
-138.5,59.5,0.5,"Mytilus trossulus","W-Msc-140482"
-94.5,59.5,0.19,"Mytilus trossulus","W-Msc-140482"
-80.5,59.5,0.01,"Mytilus trossulus","W-Msc-140482"
-80,59.5,0.02,"Mytilus trossulus","W-Msc-140482"
-79.5,59.5,0.02,"Mytilus trossulus","W-Msc-140482"
-77.5,59.5,0.21,"Mytilus trossulus","W-Msc-140482"
-77,59.5,0.19,"Mytilus trossulus","W-Msc-140482"
-69.5,59.5,0.12,"Mytilus trossulus","W-Msc-140482"
-69,59.5,0.11,"Mytilus trossulus","W-Msc-140482"
-68.5,59.5,0.07,"Mytilus trossulus","W-Msc-140482"
-68,59.5,0.04,"Mytilus trossulus","W-Msc-140482"
-67.5,59.5,0.03,"Mytilus trossulus","W-Msc-140482"
-67,59.5,0.03,"Mytilus trossulus","W-Msc-140482"
-65.5,59.5,0.07,"Mytilus trossulus","W-Msc-140482"
-65,59.5,0.08,"Mytilus trossulus","W-Msc-140482"
-64,59.5,0.14,"Mytilus trossulus","W-Msc-140482"
-63.5,59.5,0.14,"Mytilus trossulus","W-Msc-140482"
-63,59.5,0.11,"Mytilus trossulus","W-Msc-140482"
-45,59.5,0.27,"Mytilus trossulus","W-Msc-140482"
-44.5,59.5,0.28,"Mytilus trossulus","W-Msc-140482"
-44,59.5,0.29,"Mytilus trossulus","W-Msc-140482"
-43.5,59.5,0.32,"Mytilus trossulus","W-Msc-140482"
-43,59.5,0.37,"Mytilus trossulus","W-Msc-140482"
-1.5,59.5,0.56,"Mytilus trossulus","W-Msc-140482"
-1,59.5,0.56,"Mytilus trossulus","W-Msc-140482"
5.5,59.5,0.92,"Mytilus trossulus","W-Msc-140482"
6,59.5,0.92,"Mytilus trossulus","W-Msc-140482"
6.5,59.5,0.47,"Mytilus trossulus","W-Msc-140482"
7,59.5,0.49,"Mytilus trossulus","W-Msc-140482"
10.5,59.5,1,"Mytilus trossulus","W-Msc-140482"
11,59.5,1,"Mytilus trossulus","W-Msc-140482"
18.5,59.5,0.11,"Mytilus trossulus","W-Msc-140482"
19,59.5,0.15,"Mytilus trossulus","W-Msc-140482"
19.5,59.5,0.08,"Mytilus trossulus","W-Msc-140482"
20,59.5,0.06,"Mytilus trossulus","W-Msc-140482"
20.5,59.5,0.13,"Mytilus trossulus","W-Msc-140482"
21,59.5,0.31,"Mytilus trossulus","W-Msc-140482"
21.5,59.5,0.44,"Mytilus trossulus","W-Msc-140482"
22,59.5,0.49,"Mytilus trossulus","W-Msc-140482"
22.5,59.5,0.42,"Mytilus trossulus","W-Msc-140482"
23,59.5,0.37,"Mytilus trossulus","W-Msc-140482"
23.5,59.5,0.32,"Mytilus trossulus","W-Msc-140482"
24,59.5,0.25,"Mytilus trossulus","W-Msc-140482"
24.5,59.5,0.18,"Mytilus trossulus","W-Msc-140482"
25,59.5,0.09,"Mytilus trossulus","W-Msc-140482"
25.5,59.5,0.03,"Mytilus trossulus","W-Msc-140482"
30,59.5,0.29,"Mytilus trossulus","W-Msc-140482"
30.5,59.5,0.68,"Mytilus trossulus","W-Msc-140482"
-163,59,0.13,"Mytilus trossulus","W-Msc-140482"
-162.5,59,0.13,"Mytilus trossulus","W-Msc-140482"
-161.5,59,0.65,"Mytilus trossulus","W-Msc-140482"
-160.5,59,0.67,"Mytilus trossulus","W-Msc-140482"
-160,59,0.68,"Mytilus trossulus","W-Msc-140482"
-158.5,59,0.68,"Mytilus trossulus","W-Msc-140482"
-158,59,0.69,"Mytilus trossulus","W-Msc-140482"
-156.5,59,0.75,"Mytilus trossulus","W-Msc-140482"
-154,59,0.9,"Mytilus trossulus","W-Msc-140482"
-153.5,59,0.95,"Mytilus trossulus","W-Msc-140482"
-153,59,0.97,"Mytilus trossulus","W-Msc-140482"
-151.5,59,1,"Mytilus trossulus","W-Msc-140482"
-151,59,1,"Mytilus trossulus","W-Msc-140482"
-150.5,59,1,"Mytilus trossulus","W-Msc-140482"
-150,59,1,"Mytilus trossulus","W-Msc-140482"
-146,59,0.98,"Mytilus trossulus","W-Msc-140482"
-139.5,59,1,"Mytilus trossulus","W-Msc-140482"
-139,59,1,"Mytilus trossulus","W-Msc-140482"
-138.5,59,1,"Mytilus trossulus","W-Msc-140482"
-138,59,1,"Mytilus trossulus","W-Msc-140482"
-137,59,0.5,"Mytilus trossulus","W-Msc-140482"
-136.5,59,1,"Mytilus trossulus","W-Msc-140482"
-136,59,1,"Mytilus trossulus","W-Msc-140482"
-135.5,59,0.5,"Mytilus trossulus","W-Msc-140482"
-135,59,0.99,"Mytilus trossulus","W-Msc-140482"
-94.5,59,0.23,"Mytilus trossulus","W-Msc-140482"
-80.5,59,0.01,"Mytilus trossulus","W-Msc-140482"
-80,59,0.02,"Mytilus trossulus","W-Msc-140482"
-78.5,59,0.04,"Mytilus trossulus","W-Msc-140482"
-78,59,0.11,"Mytilus trossulus","W-Msc-140482"
-77.5,59,0.2,"Mytilus trossulus","W-Msc-140482"
-69.5,59,0.13,"Mytilus trossulus","W-Msc-140482"
-69,59,0.13,"Mytilus trossulus","W-Msc-140482"
-68.5,59,0.1,"Mytilus trossulus","W-Msc-140482"
-66,59,0.11,"Mytilus trossulus","W-Msc-140482"
-65.5,59,0.13,"Mytilus trossulus","W-Msc-140482"
-65,59,0.07,"Mytilus trossulus","W-Msc-140482"
-63.5,59,0.15,"Mytilus trossulus","W-Msc-140482"
-63,59,0.15,"Mytilus trossulus","W-Msc-140482"
-6,59,0.55,"Mytilus trossulus","W-Msc-140482"
-5.5,59,0.56,"Mytilus trossulus","W-Msc-140482"
-4,59,0.57,"Mytilus trossulus","W-Msc-140482"
-3,59,0.58,"Mytilus trossulus","W-Msc-140482"
-2.5,59,0.58,"Mytilus trossulus","W-Msc-140482"
-2,59,0.58,"Mytilus trossulus","W-Msc-140482"
5,59,0.94,"Mytilus trossulus","W-Msc-140482"
5.5,59,0.95,"Mytilus trossulus","W-Msc-140482"
6,59,0.98,"Mytilus trossulus","W-Msc-140482"
6.5,59,0.98,"Mytilus trossulus","W-Msc-140482"
7,59,0.5,"Mytilus trossulus","W-Msc-140482"
10,59,1,"Mytilus trossulus","W-Msc-140482"
10.5,59,1,"Mytilus trossulus","W-Msc-140482"
11,59,1,"Mytilus trossulus","W-Msc-140482"
11.5,59,1,"Mytilus trossulus","W-Msc-140482"
18,59,0.45,"Mytilus trossulus","W-Msc-140482"
18.5,59,0.19,"Mytilus trossulus","W-Msc-140482"
19,59,0.18,"Mytilus trossulus","W-Msc-140482"
19.5,59,0.1,"Mytilus trossulus","W-Msc-140482"
20,59,0.09,"Mytilus trossulus","W-Msc-140482"
20.5,59,0.14,"Mytilus trossulus","W-Msc-140482"
21,59,0.3,"Mytilus trossulus","W-Msc-140482"
22.5,59,0.63,"Mytilus trossulus","W-Msc-140482"
23,59,0.59,"Mytilus trossulus","W-Msc-140482"
23.5,59,0.54,"Mytilus trossulus","W-Msc-140482"
24,59,0.48,"Mytilus trossulus","W-Msc-140482"
24.5,59,0.16,"Mytilus trossulus","W-Msc-140482"
-163,58.5,0.07,"Mytilus trossulus","W-Msc-140482"
-162.5,58.5,0.08,"Mytilus trossulus","W-Msc-140482"
-162,58.5,0.46,"Mytilus trossulus","W-Msc-140482"
-161.5,58.5,0.59,"Mytilus trossulus","W-Msc-140482"
-161,58.5,0.63,"Mytilus trossulus","W-Msc-140482"
-160.5,58.5,0.54,"Mytilus trossulus","W-Msc-140482"
-160,58.5,0.48,"Mytilus trossulus","W-Msc-140482"
-159.5,58.5,0.56,"Mytilus trossulus","W-Msc-140482"
-159,58.5,0.7,"Mytilus trossulus","W-Msc-140482"
-158.5,58.5,0.7,"Mytilus trossulus","W-Msc-140482"
-158,58.5,0.7,"Mytilus trossulus","W-Msc-140482"
-157.5,58.5,0.71,"Mytilus trossulus","W-Msc-140482"
-157,58.5,0.71,"Mytilus trossulus","W-Msc-140482"
-156.5,58.5,0.76,"Mytilus trossulus","W-Msc-140482"
-154,58.5,0.96,"Mytilus trossulus","W-Msc-140482"
-153.5,58.5,0.99,"Mytilus trossulus","W-Msc-140482"
-153,58.5,1,"Mytilus trossulus","W-Msc-140482"
-152.5,58.5,1,"Mytilus trossulus","W-Msc-140482"
-152,58.5,1,"Mytilus trossulus","W-Msc-140482"
-151.5,58.5,1,"Mytilus trossulus","W-Msc-140482"
-138,58.5,0.44,"Mytilus trossulus","W-Msc-140482"
-137.5,58.5,1,"Mytilus trossulus","W-Msc-140482"
-137,58.5,1,"Mytilus trossulus","W-Msc-140482"
-136.5,58.5,1,"Mytilus trossulus","W-Msc-140482"
-136,58.5,1,"Mytilus trossulus","W-Msc-140482"
-135.5,58.5,1,"Mytilus trossulus","W-Msc-140482"
-135,58.5,1,"Mytilus trossulus","W-Msc-140482"
-134.5,58.5,1,"Mytilus trossulus","W-Msc-140482"
-133.5,58.5,0.49,"Mytilus trossulus","W-Msc-140482"
-94.5,58.5,0.22,"Mytilus trossulus","W-Msc-140482"
-94,58.5,0.16,"Mytilus trossulus","W-Msc-140482"
-93.5,58.5,0.17,"Mytilus trossulus","W-Msc-140482"
-93,58.5,0.17,"Mytilus trossulus","W-Msc-140482"
-80,58.5,0.01,"Mytilus trossulus","W-Msc-140482"
-79,58.5,0.03,"Mytilus trossulus","W-Msc-140482"
-78.5,58.5,0.05,"Mytilus trossulus","W-Msc-140482"
-78,58.5,0.11,"Mytilus trossulus","W-Msc-140482"
-70,58.5,0.07,"Mytilus trossulus","W-Msc-140482"
-69.5,58.5,0.15,"Mytilus trossulus","W-Msc-140482"
-69,58.5,0.14,"Mytilus trossulus","W-Msc-140482"
-68.5,58.5,0.14,"Mytilus trossulus","W-Msc-140482"
-68,58.5,0.13,"Mytilus trossulus","W-Msc-140482"
-67.5,58.5,0.13,"Mytilus trossulus","W-Msc-140482"
-67,58.5,0.12,"Mytilus trossulus","W-Msc-140482"
-66.5,58.5,0.13,"Mytilus trossulus","W-Msc-140482"
-66,58.5,0.15,"Mytilus trossulus","W-Msc-140482"
-65.5,58.5,0.15,"Mytilus trossulus","W-Msc-140482"
-65,58.5,0.08,"Mytilus trossulus","W-Msc-140482"
-63,58.5,0.17,"Mytilus trossulus","W-Msc-140482"
-62.5,58.5,0.17,"Mytilus trossulus","W-Msc-140482"
-6,58.5,0.56,"Mytilus trossulus","W-Msc-140482"
-5,58.5,0.59,"Mytilus trossulus","W-Msc-140482"
-4.5,58.5,0.59,"Mytilus trossulus","W-Msc-140482"
-4,58.5,0.59,"Mytilus trossulus","W-Msc-140482"
-3.5,58.5,0.6,"Mytilus trossulus","W-Msc-140482"
-3,58.5,0.59,"Mytilus trossulus","W-Msc-140482"
-2.5,58.5,0.58,"Mytilus trossulus","W-Msc-140482"
5.5,58.5,0.98,"Mytilus trossulus","W-Msc-140482"
6,58.5,1,"Mytilus trossulus","W-Msc-140482"
6.5,58.5,0.5,"Mytilus trossulus","W-Msc-140482"
9,58.5,1,"Mytilus trossulus","W-Msc-140482"
9.5,58.5,1,"Mytilus trossulus","W-Msc-140482"
10,58.5,1,"Mytilus trossulus","W-Msc-140482"
10.5,58.5,1,"Mytilus trossulus","W-Msc-140482"
11,58.5,1,"Mytilus trossulus","W-Msc-140482"
11.5,58.5,1,"Mytilus trossulus","W-Msc-140482"
16.5,58.5,0.5,"Mytilus trossulus","W-Msc-140482"
17,58.5,0.95,"Mytilus trossulus","W-Msc-140482"
17.5,58.5,0.57,"Mytilus trossulus","W-Msc-140482"
18,58.5,0.71,"Mytilus trossulus","W-Msc-140482"
18.5,58.5,0.51,"Mytilus trossulus","W-Msc-140482"
19,58.5,0.09,"Mytilus trossulus","W-Msc-140482"
19.5,58.5,0.06,"Mytilus trossulus","W-Msc-140482"
22,58.5,0.15,"Mytilus trossulus","W-Msc-140482"
22.5,58.5,0.24,"Mytilus trossulus","W-Msc-140482"
23,58.5,0.62,"Mytilus trossulus","W-Msc-140482"
23.5,58.5,0.5,"Mytilus trossulus","W-Msc-140482"
24,58.5,0.22,"Mytilus trossulus","W-Msc-140482"
-161.5,58,0.59,"Mytilus trossulus","W-Msc-140482"
-161,58,0.65,"Mytilus trossulus","W-Msc-140482"
-160.5,58,0.63,"Mytilus trossulus","W-Msc-140482"
-160,58,0.51,"Mytilus trossulus","W-Msc-140482"
-159.5,58,0.54,"Mytilus trossulus","W-Msc-140482"
-159,58,0.52,"Mytilus trossulus","W-Msc-140482"
-158.5,58,0.61,"Mytilus trossulus","W-Msc-140482"
-158,58,0.72,"Mytilus trossulus","W-Msc-140482"
-157.5,58,0.72,"Mytilus trossulus","W-Msc-140482"
-157,58,0.75,"Mytilus trossulus","W-Msc-140482"
-155,58,0.93,"Mytilus trossulus","W-Msc-140482"
-154.5,58,0.97,"Mytilus trossulus","W-Msc-140482"
-154,58,1,"Mytilus trossulus","W-Msc-140482"
-153.5,58,1,"Mytilus trossulus","W-Msc-140482"
-153,58,1,"Mytilus trossulus","W-Msc-140482"
-152.5,58,1,"Mytilus trossulus","W-Msc-140482"
-152,58,0.99,"Mytilus trossulus","W-Msc-140482"
-151.5,58,1,"Mytilus trossulus","W-Msc-140482"
-137,58,1,"Mytilus trossulus","W-Msc-140482"
-136.5,58,1,"Mytilus trossulus","W-Msc-140482"
-136,58,1,"Mytilus trossulus","W-Msc-140482"
-135.5,58,1,"Mytilus trossulus","W-Msc-140482"
-135,58,1,"Mytilus trossulus","W-Msc-140482"
-134.5,58,1,"Mytilus trossulus","W-Msc-140482"
-134,58,1,"Mytilus trossulus","W-Msc-140482"
-133.5,58,1,"Mytilus trossulus","W-Msc-140482"
-94,58,0.12,"Mytilus trossulus","W-Msc-140482"
-93,58,0.2,"Mytilus trossulus","W-Msc-140482"
-92.5,58,0.2,"Mytilus trossulus","W-Msc-140482"
-80.5,58,0.01,"Mytilus trossulus","W-Msc-140482"
-78,58,0.12,"Mytilus trossulus","W-Msc-140482"
-77.5,58,0.13,"Mytilus trossulus","W-Msc-140482"
-77,58,0.17,"Mytilus trossulus","W-Msc-140482"
-68.5,58,0.09,"Mytilus trossulus","W-Msc-140482"
-68,58,0.17,"Mytilus trossulus","W-Msc-140482"
-67.5,58,0.17,"Mytilus trossulus","W-Msc-140482"
-67,58,0.17,"Mytilus trossulus","W-Msc-140482"
-66.5,58,0.17,"Mytilus trossulus","W-Msc-140482"
-66,58,0.09,"Mytilus trossulus","W-Msc-140482"
-65.5,58,0.09,"Mytilus trossulus","W-Msc-140482"
-63.5,58,0.09,"Mytilus trossulus","W-Msc-140482"
-63,58,0.19,"Mytilus trossulus","W-Msc-140482"
-62.5,58,0.2,"Mytilus trossulus","W-Msc-140482"
-62,58,0.2,"Mytilus trossulus","W-Msc-140482"
-7.5,58,0.56,"Mytilus trossulus","W-Msc-140482"
-7,58,0.56,"Mytilus trossulus","W-Msc-140482"
-6.5,58,0.57,"Mytilus trossulus","W-Msc-140482"
-6,58,0.59,"Mytilus trossulus","W-Msc-140482"
-5,58,0.62,"Mytilus trossulus","W-Msc-140482"
-4.5,58,0.31,"Mytilus trossulus","W-Msc-140482"
-3.5,58,0.65,"Mytilus trossulus","W-Msc-140482"
-3,58,0.61,"Mytilus trossulus","W-Msc-140482"
-2.5,58,0.59,"Mytilus trossulus","W-Msc-140482"
6,58,1,"Mytilus trossulus","W-Msc-140482"
6.5,58,1,"Mytilus trossulus","W-Msc-140482"
7,58,1,"Mytilus trossulus","W-Msc-140482"
7.5,58,1,"Mytilus trossulus","W-Msc-140482"
8,58,1,"Mytilus trossulus","W-Msc-140482"
8.5,58,1,"Mytilus trossulus","W-Msc-140482"
9,58,1,"Mytilus trossulus","W-Msc-140482"
11.5,58,1,"Mytilus trossulus","W-Msc-140482"
12,58,1,"Mytilus trossulus","W-Msc-140482"
17,58,0.75,"Mytilus trossulus","W-Msc-140482"
17.5,58,0.26,"Mytilus trossulus","W-Msc-140482"
19.5,58,0.03,"Mytilus trossulus","W-Msc-140482"
22,58,0.26,"Mytilus trossulus","W-Msc-140482"
22.5,58,0.43,"Mytilus trossulus","W-Msc-140482"
23,58,0.04,"Mytilus trossulus","W-Msc-140482"
-172,57.5,0.59,"Mytilus trossulus","W-Msc-140482"
-171,57.5,0.54,"Mytilus trossulus","W-Msc-140482"
-169.5,57.5,0.11,"Mytilus trossulus","W-Msc-140482"
-159.5,57.5,0.43,"Mytilus trossulus","W-Msc-140482"
-159,57.5,0.49,"Mytilus trossulus","W-Msc-140482"
-158.5,57.5,0.58,"Mytilus trossulus","W-Msc-140482"
-158,57.5,0.66,"Mytilus trossulus","W-Msc-140482"
-157.5,57.5,0.69,"Mytilus trossulus","W-Msc-140482"
-157,57.5,0.4,"Mytilus trossulus","W-Msc-140482"
-156,57.5,0.91,"Mytilus trossulus","W-Msc-140482"
-155.5,57.5,0.95,"Mytilus trossulus","W-Msc-140482"
-155,57.5,0.99,"Mytilus trossulus","W-Msc-140482"
-154.5,57.5,1,"Mytilus trossulus","W-Msc-140482"
-154,57.5,1,"Mytilus trossulus","W-Msc-140482"
-153.5,57.5,1,"Mytilus trossulus","W-Msc-140482"
-153,57.5,1,"Mytilus trossulus","W-Msc-140482"
-152.5,57.5,0.99,"Mytilus trossulus","W-Msc-140482"
-152,57.5,0.97,"Mytilus trossulus","W-Msc-140482"
-136.5,57.5,1,"Mytilus trossulus","W-Msc-140482"
-136,57.5,1,"Mytilus trossulus","W-Msc-140482"
-135.5,57.5,1,"Mytilus trossulus","W-Msc-140482"
-135,57.5,1,"Mytilus trossulus","W-Msc-140482"
-134.5,57.5,1,"Mytilus trossulus","W-Msc-140482"
-134,57.5,1,"Mytilus trossulus","W-Msc-140482"
-133.5,57.5,1,"Mytilus trossulus","W-Msc-140482"
-133,57.5,1,"Mytilus trossulus","W-Msc-140482"
-132.5,57.5,0.5,"Mytilus trossulus","W-Msc-140482"
-92.5,57.5,0.23,"Mytilus trossulus","W-Msc-140482"
-92,57.5,0.2,"Mytilus trossulus","W-Msc-140482"
-91,57.5,0.02,"Mytilus trossulus","W-Msc-140482"
-90.5,57.5,0.02,"Mytilus trossulus","W-Msc-140482"
-79.5,57.5,0.01,"Mytilus trossulus","W-Msc-140482"
-79,57.5,0.01,"Mytilus trossulus","W-Msc-140482"
-78.5,57.5,0.01,"Mytilus trossulus","W-Msc-140482"
-78,57.5,0.03,"Mytilus trossulus","W-Msc-140482"
-77,57.5,0.14,"Mytilus trossulus","W-Msc-140482"
-76.5,57.5,0.17,"Mytilus trossulus","W-Msc-140482"
-62.5,57.5,0.1,"Mytilus trossulus","W-Msc-140482"
-62,57.5,0.2,"Mytilus trossulus","W-Msc-140482"
-61.5,57.5,0.19,"Mytilus trossulus","W-Msc-140482"
-61,57.5,0.18,"Mytilus trossulus","W-Msc-140482"
-8.5,57.5,0.56,"Mytilus trossulus","W-Msc-140482"
-8,57.5,0.56,"Mytilus trossulus","W-Msc-140482"
-7.5,57.5,0.57,"Mytilus trossulus","W-Msc-140482"
-7,57.5,0.58,"Mytilus trossulus","W-Msc-140482"
-6.5,57.5,0.6,"Mytilus trossulus","W-Msc-140482"
-6,57.5,0.61,"Mytilus trossulus","W-Msc-140482"
-5.5,57.5,0.61,"Mytilus trossulus","W-Msc-140482"
-5,57.5,0.63,"Mytilus trossulus","W-Msc-140482"
-4,57.5,0.68,"Mytilus trossulus","W-Msc-140482"
-3.5,57.5,0.72,"Mytilus trossulus","W-Msc-140482"
-3,57.5,0.67,"Mytilus trossulus","W-Msc-140482"
-2.5,57.5,0.64,"Mytilus trossulus","W-Msc-140482"
-2,57.5,0.62,"Mytilus trossulus","W-Msc-140482"
-1.5,57.5,0.6,"Mytilus trossulus","W-Msc-140482"
8,57.5,1,"Mytilus trossulus","W-Msc-140482"
9.5,57.5,0.21,"Mytilus trossulus","W-Msc-140482"
10,57.5,1,"Mytilus trossulus","W-Msc-140482"
10.5,57.5,1,"Mytilus trossulus","W-Msc-140482"
11,57.5,1,"Mytilus trossulus","W-Msc-140482"
11.5,57.5,1,"Mytilus trossulus","W-Msc-140482"
12,57.5,1,"Mytilus trossulus","W-Msc-140482"
17,57.5,0.8,"Mytilus trossulus","W-Msc-140482"
18,57.5,0.03,"Mytilus trossulus","W-Msc-140482"
18.5,57.5,0.04,"Mytilus trossulus","W-Msc-140482"
19,57.5,0.02,"Mytilus trossulus","W-Msc-140482"
22,57.5,0.4,"Mytilus trossulus","W-Msc-140482"
22.5,57.5,0.3,"Mytilus trossulus","W-Msc-140482"
23,57.5,0.04,"Mytilus trossulus","W-Msc-140482"
-172,57,0.64,"Mytilus trossulus","W-Msc-140482"
-171,57,0.59,"Mytilus trossulus","W-Msc-140482"
-170.5,57,0.55,"Mytilus trossulus","W-Msc-140482"
-170,57,0.52,"Mytilus trossulus","W-Msc-140482"
-169.5,57,0.53,"Mytilus trossulus","W-Msc-140482"
-158.5,57,0.69,"Mytilus trossulus","W-Msc-140482"
-158,57,0.69,"Mytilus trossulus","W-Msc-140482"
-157.5,57,0.78,"Mytilus trossulus","W-Msc-140482"
-156.5,57,0.91,"Mytilus trossulus","W-Msc-140482"
-156,57,0.96,"Mytilus trossulus","W-Msc-140482"
-155.5,57,0.98,"Mytilus trossulus","W-Msc-140482"
-154.5,57,1,"Mytilus trossulus","W-Msc-140482"
-154,57,1,"Mytilus trossulus","W-Msc-140482"
-153.5,57,1,"Mytilus trossulus","W-Msc-140482"
-153,57,0.98,"Mytilus trossulus","W-Msc-140482"
-152.5,57,0.98,"Mytilus trossulus","W-Msc-140482"
-152,57,0.98,"Mytilus trossulus","W-Msc-140482"
-135.5,57,1,"Mytilus trossulus","W-Msc-140482"
-135,57,1,"Mytilus trossulus","W-Msc-140482"
-134.5,57,1,"Mytilus trossulus","W-Msc-140482"
-134,57,1,"Mytilus trossulus","W-Msc-140482"
-133.5,57,1,"Mytilus trossulus","W-Msc-140482"
-133,57,1,"Mytilus trossulus","W-Msc-140482"
-132.5,57,1,"Mytilus trossulus","W-Msc-140482"
-92.5,57,0.26,"Mytilus trossulus","W-Msc-140482"
-92,57,0.25,"Mytilus trossulus","W-Msc-140482"
-91.5,57,0.21,"Mytilus trossulus","W-Msc-140482"
-91,57,0.19,"Mytilus trossulus","W-Msc-140482"
-90.5,57,0.17,"Mytilus trossulus","W-Msc-140482"
-90,57,0.16,"Mytilus trossulus","W-Msc-140482"
-89.5,57,0.09,"Mytilus trossulus","W-Msc-140482"
-79.5,57,0.01,"Mytilus trossulus","W-Msc-140482"
-78.5,57,0.01,"Mytilus trossulus","W-Msc-140482"
-78,57,0.02,"Mytilus trossulus","W-Msc-140482"
-77.5,57,0.03,"Mytilus trossulus","W-Msc-140482"
-77,57,0.02,"Mytilus trossulus","W-Msc-140482"
-76.5,57,0.16,"Mytilus trossulus","W-Msc-140482"
-62,57,0.21,"Mytilus trossulus","W-Msc-140482"
-61.5,57,0.22,"Mytilus trossulus","W-Msc-140482"
-61,57,0.21,"Mytilus trossulus","W-Msc-140482"
-7.5,57,0.58,"Mytilus trossulus","W-Msc-140482"
-7,57,0.6,"Mytilus trossulus","W-Msc-140482"
-6.5,57,0.61,"Mytilus trossulus","W-Msc-140482"
-6,57,0.61,"Mytilus trossulus","W-Msc-140482"
-5.5,57,0.62,"Mytilus trossulus","W-Msc-140482"
-5,57,0.31,"Mytilus trossulus","W-Msc-140482"
-2,57,0.64,"Mytilus trossulus","W-Msc-140482"
-1.5,57,0.61,"Mytilus trossulus","W-Msc-140482"
8,57,0.62,"Mytilus trossulus","W-Msc-140482"
8.5,57,0.8,"Mytilus trossulus","W-Msc-140482"
9,57,0.83,"Mytilus trossulus","W-Msc-140482"
9.5,57,0.84,"Mytilus trossulus","W-Msc-140482"
10,57,1,"Mytilus trossulus","W-Msc-140482"
10.5,57,1,"Mytilus trossulus","W-Msc-140482"
11,57,1,"Mytilus trossulus","W-Msc-140482"
11.5,57,0.82,"Mytilus trossulus","W-Msc-140482"
12,57,1,"Mytilus trossulus","W-Msc-140482"
12.5,57,1,"Mytilus trossulus","W-Msc-140482"
16.5,57,0.77,"Mytilus trossulus","W-Msc-140482"
17,57,0.27,"Mytilus trossulus","W-Msc-140482"
17.5,57,0.1,"Mytilus trossulus","W-Msc-140482"
18,57,0.04,"Mytilus trossulus","W-Msc-140482"
18.5,57,0.04,"Mytilus trossulus","W-Msc-140482"
21.5,57,0.61,"Mytilus trossulus","W-Msc-140482"
22,57,0.62,"Mytilus trossulus","W-Msc-140482"
23,57,0.06,"Mytilus trossulus","W-Msc-140482"
-172.5,56.5,0.69,"Mytilus trossulus","W-Msc-140482"
-172,56.5,0.68,"Mytilus trossulus","W-Msc-140482"
-169.5,56.5,0.61,"Mytilus trossulus","W-Msc-140482"
-169,56.5,0.64,"Mytilus trossulus","W-Msc-140482"
-159.5,56.5,0.72,"Mytilus trossulus","W-Msc-140482"
-159,56.5,0.71,"Mytilus trossulus","W-Msc-140482"
-158.5,56.5,0.71,"Mytilus trossulus","W-Msc-140482"
-158,56.5,0.79,"Mytilus trossulus","W-Msc-140482"
-157.5,56.5,0.86,"Mytilus trossulus","W-Msc-140482"
-157,56.5,0.94,"Mytilus trossulus","W-Msc-140482"
-156.5,56.5,0.96,"Mytilus trossulus","W-Msc-140482"
-154.5,56.5,0.98,"Mytilus trossulus","W-Msc-140482"
-154,56.5,0.97,"Mytilus trossulus","W-Msc-140482"
-153.5,56.5,0.99,"Mytilus trossulus","W-Msc-140482"
-153,56.5,0.99,"Mytilus trossulus","W-Msc-140482"
-151.5,56.5,0.64,"Mytilus trossulus","W-Msc-140482"
-135.5,56.5,1,"Mytilus trossulus","W-Msc-140482"
-135,56.5,1,"Mytilus trossulus","W-Msc-140482"
-134.5,56.5,1,"Mytilus trossulus","W-Msc-140482"
-134,56.5,1,"Mytilus trossulus","W-Msc-140482"
-133.5,56.5,1,"Mytilus trossulus","W-Msc-140482"
-133,56.5,1,"Mytilus trossulus","W-Msc-140482"
-132.5,56.5,1,"Mytilus trossulus","W-Msc-140482"
-132,56.5,1,"Mytilus trossulus","W-Msc-140482"
-92.5,56.5,0.28,"Mytilus trossulus","W-Msc-140482"
-89.5,56.5,0.19,"Mytilus trossulus","W-Msc-140482"
-89,56.5,0.18,"Mytilus trossulus","W-Msc-140482"
-88.5,56.5,0.13,"Mytilus trossulus","W-Msc-140482"
-88,56.5,0.09,"Mytilus trossulus","W-Msc-140482"
-87.5,56.5,0.06,"Mytilus trossulus","W-Msc-140482"
-79.5,56.5,0.01,"Mytilus trossulus","W-Msc-140482"
-79,56.5,0.01,"Mytilus trossulus","W-Msc-140482"
-78.5,56.5,0.02,"Mytilus trossulus","W-Msc-140482"
-78,56.5,0.02,"Mytilus trossulus","W-Msc-140482"
-77.5,56.5,0.02,"Mytilus trossulus","W-Msc-140482"
-77,56.5,0.06,"Mytilus trossulus","W-Msc-140482"
-76.5,56.5,0.25,"Mytilus trossulus","W-Msc-140482"
-76,56.5,0.13,"Mytilus trossulus","W-Msc-140482"
-62,56.5,0.12,"Mytilus trossulus","W-Msc-140482"
-61.5,56.5,0.27,"Mytilus trossulus","W-Msc-140482"
-61,56.5,0.25,"Mytilus trossulus","W-Msc-140482"
-60.5,56.5,0.23,"Mytilus trossulus","W-Msc-140482"
-8.5,56.5,0.24,"Mytilus trossulus","W-Msc-140482"
-7.5,56.5,0.58,"Mytilus trossulus","W-Msc-140482"
-7,56.5,0.6,"Mytilus trossulus","W-Msc-140482"
-6.5,56.5,0.61,"Mytilus trossulus","W-Msc-140482"
-6,56.5,0.62,"Mytilus trossulus","W-Msc-140482"
-5.5,56.5,0.62,"Mytilus trossulus","W-Msc-140482"
-5,56.5,0.63,"Mytilus trossulus","W-Msc-140482"
-2.5,56.5,0.72,"Mytilus trossulus","W-Msc-140482"
-2,56.5,0.65,"Mytilus trossulus","W-Msc-140482"
7.5,56.5,0.17,"Mytilus trossulus","W-Msc-140482"
8,56.5,0.8,"Mytilus trossulus","W-Msc-140482"
8.5,56.5,0.83,"Mytilus trossulus","W-Msc-140482"
9,56.5,0.84,"Mytilus trossulus","W-Msc-140482"
10.5,56.5,1,"Mytilus trossulus","W-Msc-140482"
11,56.5,1,"Mytilus trossulus","W-Msc-140482"
11.5,56.5,0.69,"Mytilus trossulus","W-Msc-140482"
12,56.5,0.58,"Mytilus trossulus","W-Msc-140482"
12.5,56.5,1,"Mytilus trossulus","W-Msc-140482"
13,56.5,1,"Mytilus trossulus","W-Msc-140482"
16.5,56.5,0.42,"Mytilus trossulus","W-Msc-140482"
17,56.5,0.23,"Mytilus trossulus","W-Msc-140482"
17.5,56.5,0.04,"Mytilus trossulus","W-Msc-140482"
18.5,56.5,0.05,"Mytilus trossulus","W-Msc-140482"
21,56.5,0.87,"Mytilus trossulus","W-Msc-140482"
21.5,56.5,0.84,"Mytilus trossulus","W-Msc-140482"
-170.5,56,0.71,"Mytilus trossulus","W-Msc-140482"
-170,56,0.7,"Mytilus trossulus","W-Msc-140482"
-169.5,56,0.7,"Mytilus trossulus","W-Msc-140482"
-161.5,56,0.5,"Mytilus trossulus","W-Msc-140482"
-161,56,0.76,"Mytilus trossulus","W-Msc-140482"
-160.5,56,0.75,"Mytilus trossulus","W-Msc-140482"
-160,56,0.8,"Mytilus trossulus","W-Msc-140482"
-159.5,56,0.83,"Mytilus trossulus","W-Msc-140482"
-158.5,56,0.85,"Mytilus trossulus","W-Msc-140482"
-158,56,0.91,"Mytilus trossulus","W-Msc-140482"
-157.5,56,0.93,"Mytilus trossulus","W-Msc-140482"
-157,56,0.95,"Mytilus trossulus","W-Msc-140482"
-156.5,56,0.97,"Mytilus trossulus","W-Msc-140482"
-155,56,0.85,"Mytilus trossulus","W-Msc-140482"
-154.5,56,0.98,"Mytilus trossulus","W-Msc-140482"
-154,56,0.99,"Mytilus trossulus","W-Msc-140482"
-153,56,0.96,"Mytilus trossulus","W-Msc-140482"
-152.5,56,0.11,"Mytilus trossulus","W-Msc-140482"
-134.5,56,1,"Mytilus trossulus","W-Msc-140482"
-134,56,1,"Mytilus trossulus","W-Msc-140482"
-133.5,56,1,"Mytilus trossulus","W-Msc-140482"
-133,56,1,"Mytilus trossulus","W-Msc-140482"
-132.5,56,1,"Mytilus trossulus","W-Msc-140482"
-132,56,1,"Mytilus trossulus","W-Msc-140482"
-131.5,56,1,"Mytilus trossulus","W-Msc-140482"
-131,56,0.5,"Mytilus trossulus","W-Msc-140482"
-87.5,56,0.17,"Mytilus trossulus","W-Msc-140482"
-87,56,0.12,"Mytilus trossulus","W-Msc-140482"
-80,56,0.03,"Mytilus trossulus","W-Msc-140482"
-79.5,56,0.03,"Mytilus trossulus","W-Msc-140482"
-79,56,0.03,"Mytilus trossulus","W-Msc-140482"
-78.5,56,0.04,"Mytilus trossulus","W-Msc-140482"
-78,56,0.03,"Mytilus trossulus","W-Msc-140482"
-77.5,56,0.04,"Mytilus trossulus","W-Msc-140482"
-77,56,0.09,"Mytilus trossulus","W-Msc-140482"
-76.5,56,0.26,"Mytilus trossulus","W-Msc-140482"
-62,56,0.28,"Mytilus trossulus","W-Msc-140482"
-61.5,56,0.27,"Mytilus trossulus","W-Msc-140482"
-61,56,0.28,"Mytilus trossulus","W-Msc-140482"
-60.5,56,0.26,"Mytilus trossulus","W-Msc-140482"
-60,56,0.25,"Mytilus trossulus","W-Msc-140482"
-6.5,56,0.61,"Mytilus trossulus","W-Msc-140482"
-6,56,0.63,"Mytilus trossulus","W-Msc-140482"
-5.5,56,0.64,"Mytilus trossulus","W-Msc-140482"
-5,56,0.64,"Mytilus trossulus","W-Msc-140482"
-4.5,56,0.68,"Mytilus trossulus","W-Msc-140482"
-3.5,56,0.74,"Mytilus trossulus","W-Msc-140482"
-3,56,0.76,"Mytilus trossulus","W-Msc-140482"
-2.5,56,0.78,"Mytilus trossulus","W-Msc-140482"
-2,56,0.7,"Mytilus trossulus","W-Msc-140482"
8,56,0.48,"Mytilus trossulus","W-Msc-140482"
8.5,56,0.88,"Mytilus trossulus","W-Msc-140482"
10.5,56,1,"Mytilus trossulus","W-Msc-140482"
11,56,0.94,"Mytilus trossulus","W-Msc-140482"
11.5,56,0.61,"Mytilus trossulus","W-Msc-140482"
12,56,0.6,"Mytilus trossulus","W-Msc-140482"
12.5,56,1,"Mytilus trossulus","W-Msc-140482"
13,56,1,"Mytilus trossulus","W-Msc-140482"
14.5,56,1,"Mytilus trossulus","W-Msc-140482"
15,56,0.94,"Mytilus trossulus","W-Msc-140482"
15.5,56,0.65,"Mytilus trossulus","W-Msc-140482"
16,56,0.36,"Mytilus trossulus","W-Msc-140482"
16.5,56,0.22,"Mytilus trossulus","W-Msc-140482"
17,56,0.04,"Mytilus trossulus","W-Msc-140482"
17.5,56,0.04,"Mytilus trossulus","W-Msc-140482"
21,56,0.95,"Mytilus trossulus","W-Msc-140482"
21.5,56,0.83,"Mytilus trossulus","W-Msc-140482"
-162.5,55.5,0.17,"Mytilus trossulus","W-Msc-140482"
-162,55.5,0.78,"Mytilus trossulus","W-Msc-140482"
-161.5,55.5,0.81,"Mytilus trossulus","W-Msc-140482"
-161,55.5,0.82,"Mytilus trossulus","W-Msc-140482"
-160.5,55.5,0.81,"Mytilus trossulus","W-Msc-140482"
-160,55.5,0.88,"Mytilus trossulus","W-Msc-140482"
-159.5,55.5,0.95,"Mytilus trossulus","W-Msc-140482"
-159,55.5,0.96,"Mytilus trossulus","W-Msc-140482"
-158.5,55.5,0.96,"Mytilus trossulus","W-Msc-140482"
-158,55.5,0.97,"Mytilus trossulus","W-Msc-140482"
-157.5,55.5,0.98,"Mytilus trossulus","W-Msc-140482"
-157,55.5,0.98,"Mytilus trossulus","W-Msc-140482"
-155.5,55.5,0.96,"Mytilus trossulus","W-Msc-140482"
-155,55.5,0.97,"Mytilus trossulus","W-Msc-140482"
-134.5,55.5,1,"Mytilus trossulus","W-Msc-140482"
-134,55.5,1,"Mytilus trossulus","W-Msc-140482"
-133.5,55.5,1,"Mytilus trossulus","W-Msc-140482"
-133,55.5,0.87,"Mytilus trossulus","W-Msc-140482"
-132.5,55.5,1,"Mytilus trossulus","W-Msc-140482"
-132,55.5,1,"Mytilus trossulus","W-Msc-140482"
-131.5,55.5,1,"Mytilus trossulus","W-Msc-140482"
-131,55.5,1,"Mytilus trossulus","W-Msc-140482"
-130.5,55.5,1,"Mytilus trossulus","W-Msc-140482"
-130,55.5,0.5,"Mytilus trossulus","W-Msc-140482"
-129.5,55.5,0.5,"Mytilus trossulus","W-Msc-140482"
-87,55.5,0.2,"Mytilus trossulus","W-Msc-140482"
-86.5,55.5,0.18,"Mytilus trossulus","W-Msc-140482"
-86,55.5,0.15,"Mytilus trossulus","W-Msc-140482"
-85.5,55.5,0.12,"Mytilus trossulus","W-Msc-140482"
-85,55.5,0.06,"Mytilus trossulus","W-Msc-140482"
-80,55.5,0.04,"Mytilus trossulus","W-Msc-140482"
-79.5,55.5,0.06,"Mytilus trossulus","W-Msc-140482"
-79,55.5,0.07,"Mytilus trossulus","W-Msc-140482"
-78.5,55.5,0.07,"Mytilus trossulus","W-Msc-140482"
-78,55.5,0.01,"Mytilus trossulus","W-Msc-140482"
-77.5,55.5,0.13,"Mytilus trossulus","W-Msc-140482"
-77,55.5,0.17,"Mytilus trossulus","W-Msc-140482"
-76.5,55.5,0.27,"Mytilus trossulus","W-Msc-140482"
-61,55.5,0.16,"Mytilus trossulus","W-Msc-140482"
-60.5,55.5,0.31,"Mytilus trossulus","W-Msc-140482"
-60,55.5,0.3,"Mytilus trossulus","W-Msc-140482"
-59.5,55.5,0.28,"Mytilus trossulus","W-Msc-140482"
-6.5,55.5,0.61,"Mytilus trossulus","W-Msc-140482"
-6,55.5,0.63,"Mytilus trossulus","W-Msc-140482"
-5.5,55.5,0.64,"Mytilus trossulus","W-Msc-140482"
-5,55.5,0.67,"Mytilus trossulus","W-Msc-140482"
-4.5,55.5,0.7,"Mytilus trossulus","W-Msc-140482"
-4,55.5,0.37,"Mytilus trossulus","W-Msc-140482"
-3,55.5,0.77,"Mytilus trossulus","W-Msc-140482"
-2.5,55.5,0.76,"Mytilus trossulus","W-Msc-140482"
-2,55.5,0.72,"Mytilus trossulus","W-Msc-140482"
-1.5,55.5,0.68,"Mytilus trossulus","W-Msc-140482"
8.5,55.5,1,"Mytilus trossulus","W-Msc-140482"
10,55.5,1,"Mytilus trossulus","W-Msc-140482"
10.5,55.5,1,"Mytilus trossulus","W-Msc-140482"
11,55.5,0.93,"Mytilus trossulus","W-Msc-140482"
11.5,55.5,0.71,"Mytilus trossulus","W-Msc-140482"
12,55.5,0.84,"Mytilus trossulus","W-Msc-140482"
12.5,55.5,1,"Mytilus trossulus","W-Msc-140482"
13,55.5,1,"Mytilus trossulus","W-Msc-140482"
13.5,55.5,1,"Mytilus trossulus","W-Msc-140482"
14.5,55.5,1,"Mytilus trossulus","W-Msc-140482"
15,55.5,0.56,"Mytilus trossulus","W-Msc-140482"
15.5,55.5,0.1,"Mytilus trossulus","W-Msc-140482"
16,55.5,0.07,"Mytilus trossulus","W-Msc-140482"
21,55.5,0.32,"Mytilus trossulus","W-Msc-140482"
21.5,55.5,0.85,"Mytilus trossulus","W-Msc-140482"
-164,55,0.8,"Mytilus trossulus","W-Msc-140482"
-163.5,55,0.79,"Mytilus trossulus","W-Msc-140482"
-163,55,0.79,"Mytilus trossulus","W-Msc-140482"
-162.5,55,0.8,"Mytilus trossulus","W-Msc-140482"
-162,55,0.84,"Mytilus trossulus","W-Msc-140482"
-161.5,55,0.88,"Mytilus trossulus","W-Msc-140482"
-161,55,0.9,"Mytilus trossulus","W-Msc-140482"
-160.5,55,0.92,"Mytilus trossulus","W-Msc-140482"
-160,55,0.94,"Mytilus trossulus","W-Msc-140482"
-159.5,55,0.96,"Mytilus trossulus","W-Msc-140482"
-159,55,0.98,"Mytilus trossulus","W-Msc-140482"
-158.5,55,0.99,"Mytilus trossulus","W-Msc-140482"
-157.5,55,0.99,"Mytilus trossulus","W-Msc-140482"
-156.5,55,0.96,"Mytilus trossulus","W-Msc-140482"
-133.5,55,1,"Mytilus trossulus","W-Msc-140482"
-133,55,1,"Mytilus trossulus","W-Msc-140482"
-132.5,55,1,"Mytilus trossulus","W-Msc-140482"
-132,55,1,"Mytilus trossulus","W-Msc-140482"
-131.5,55,1,"Mytilus trossulus","W-Msc-140482"
-131,55,1,"Mytilus trossulus","W-Msc-140482"
-130.5,55,1,"Mytilus trossulus","W-Msc-140482"
-130,55,1,"Mytilus trossulus","W-Msc-140482"
-129.5,55,1,"Mytilus trossulus","W-Msc-140482"
-85,55,0.18,"Mytilus trossulus","W-Msc-140482"
-84.5,55,0.17,"Mytilus trossulus","W-Msc-140482"
-84,55,0.15,"Mytilus trossulus","W-Msc-140482"
-83.5,55,0.12,"Mytilus trossulus","W-Msc-140482"
-83,55,0.12,"Mytilus trossulus","W-Msc-140482"
-82.5,55,0.1,"Mytilus trossulus","W-Msc-140482"
-82,55,0.08,"Mytilus trossulus","W-Msc-140482"
-81.5,55,0.01,"Mytilus trossulus","W-Msc-140482"
-79.5,55,0.08,"Mytilus trossulus","W-Msc-140482"
-79,55,0.07,"Mytilus trossulus","W-Msc-140482"
-78.5,55,0.11,"Mytilus trossulus","W-Msc-140482"
-78,55,0.25,"Mytilus trossulus","W-Msc-140482"
-77.5,55,0.21,"Mytilus trossulus","W-Msc-140482"
-77,55,0.14,"Mytilus trossulus","W-Msc-140482"
-60.5,55,0.17,"Mytilus trossulus","W-Msc-140482"
-60,55,0.35,"Mytilus trossulus","W-Msc-140482"
-59.5,55,0.34,"Mytilus trossulus","W-Msc-140482"
-59,55,0.32,"Mytilus trossulus","W-Msc-140482"
-58.5,55,0.3,"Mytilus trossulus","W-Msc-140482"
-58,55,0.31,"Mytilus trossulus","W-Msc-140482"
-9.5,55,0.52,"Mytilus trossulus","W-Msc-140482"
-8.5,55,0.55,"Mytilus trossulus","W-Msc-140482"
-8,55,0.57,"Mytilus trossulus","W-Msc-140482"
-7.5,55,0.58,"Mytilus trossulus","W-Msc-140482"
-7,55,0.6,"Mytilus trossulus","W-Msc-140482"
-6.5,55,0.61,"Mytilus trossulus","W-Msc-140482"
-6,55,0.63,"Mytilus trossulus","W-Msc-140482"
-5.5,55,0.65,"Mytilus trossulus","W-Msc-140482"
-5,55,0.68,"Mytilus trossulus","W-Msc-140482"
-4.5,55,0.73,"Mytilus trossulus","W-Msc-140482"
-3.5,55,0.78,"Mytilus trossulus","W-Msc-140482"
-3,55,0.79,"Mytilus trossulus","W-Msc-140482"
-1.5,55,0.7,"Mytilus trossulus","W-Msc-140482"
-1,55,0.67,"Mytilus trossulus","W-Msc-140482"
8,55,0.21,"Mytilus trossulus","W-Msc-140482"
8.5,55,1,"Mytilus trossulus","W-Msc-140482"
9,55,1,"Mytilus trossulus","W-Msc-140482"
10,55,1,"Mytilus trossulus","W-Msc-140482"
10.5,55,1,"Mytilus trossulus","W-Msc-140482"
11,55,0.73,"Mytilus trossulus","W-Msc-140482"
11.5,55,0.83,"Mytilus trossulus","W-Msc-140482"
12,55,0.83,"Mytilus trossulus","W-Msc-140482"
12.5,55,0.63,"Mytilus trossulus","W-Msc-140482"
13,55,0.33,"Mytilus trossulus","W-Msc-140482"
13.5,55,0.08,"Mytilus trossulus","W-Msc-140482"
14,55,0.03,"Mytilus trossulus","W-Msc-140482"
14.5,55,0.07,"Mytilus trossulus","W-Msc-140482"
15,55,0.03,"Mytilus trossulus","W-Msc-140482"
20.5,55,0.43,"Mytilus trossulus","W-Msc-140482"
21,55,0.91,"Mytilus trossulus","W-Msc-140482"
21.5,55,0.92,"Mytilus trossulus","W-Msc-140482"
-164.5,54.5,0.8,"Mytilus trossulus","W-Msc-140482"
-164,54.5,0.83,"Mytilus trossulus","W-Msc-140482"
-163.5,54.5,0.85,"Mytilus trossulus","W-Msc-140482"
-163,54.5,0.86,"Mytilus trossulus","W-Msc-140482"
-162.5,54.5,0.87,"Mytilus trossulus","W-Msc-140482"
-162,54.5,0.89,"Mytilus trossulus","W-Msc-140482"
-161.5,54.5,0.92,"Mytilus trossulus","W-Msc-140482"
-161,54.5,0.94,"Mytilus trossulus","W-Msc-140482"
-160.5,54.5,0.95,"Mytilus trossulus","W-Msc-140482"
-160,54.5,0.95,"Mytilus trossulus","W-Msc-140482"
-159.5,54.5,0.95,"Mytilus trossulus","W-Msc-140482"
-159,54.5,0.97,"Mytilus trossulus","W-Msc-140482"
-158.5,54.5,0.55,"Mytilus trossulus","W-Msc-140482"
-133.5,54.5,1,"Mytilus trossulus","W-Msc-140482"
-133,54.5,1,"Mytilus trossulus","W-Msc-140482"
-132.5,54.5,1,"Mytilus trossulus","W-Msc-140482"
-132,54.5,1,"Mytilus trossulus","W-Msc-140482"
-131.5,54.5,1,"Mytilus trossulus","W-Msc-140482"
-131,54.5,1,"Mytilus trossulus","W-Msc-140482"
-130.5,54.5,1,"Mytilus trossulus","W-Msc-140482"
-130,54.5,1,"Mytilus trossulus","W-Msc-140482"
-129.5,54.5,1,"Mytilus trossulus","W-Msc-140482"
-82,54.5,0.22,"Mytilus trossulus","W-Msc-140482"
-81.5,54.5,0.1,"Mytilus trossulus","W-Msc-140482"
-79.5,54.5,0.22,"Mytilus trossulus","W-Msc-140482"
-79,54.5,0.23,"Mytilus trossulus","W-Msc-140482"
-78.5,54.5,0.25,"Mytilus trossulus","W-Msc-140482"
-59.5,54.5,0.19,"Mytilus trossulus","W-Msc-140482"
-58.5,54.5,0.35,"Mytilus trossulus","W-Msc-140482"
-58,54.5,0.34,"Mytilus trossulus","W-Msc-140482"
-57.5,54.5,0.33,"Mytilus trossulus","W-Msc-140482"
-57,54.5,0.33,"Mytilus trossulus","W-Msc-140482"
-56.5,54.5,0.34,"Mytilus trossulus","W-Msc-140482"
-8.5,54.5,0.57,"Mytilus trossulus","W-Msc-140482"
-8,54.5,0.58,"Mytilus trossulus","W-Msc-140482"
-5.5,54.5,0.67,"Mytilus trossulus","W-Msc-140482"
-5,54.5,0.69,"Mytilus trossulus","W-Msc-140482"
-4.5,54.5,0.73,"Mytilus trossulus","W-Msc-140482"
-4,54.5,0.8,"Mytilus trossulus","W-Msc-140482"
-3.5,54.5,0.81,"Mytilus trossulus","W-Msc-140482"
-3,54.5,0.8,"Mytilus trossulus","W-Msc-140482"
-1,54.5,0.69,"Mytilus trossulus","W-Msc-140482"
-0.5,54.5,0.68,"Mytilus trossulus","W-Msc-140482"
2,54.5,0.14,"Mytilus trossulus","W-Msc-140482"
2.5,54.5,0.14,"Mytilus trossulus","W-Msc-140482"
3,54.5,0.19,"Mytilus trossulus","W-Msc-140482"
8,54.5,0.31,"Mytilus trossulus","W-Msc-140482"
8.5,54.5,1,"Mytilus trossulus","W-Msc-140482"
9,54.5,1,"Mytilus trossulus","W-Msc-140482"
9.5,54.5,1,"Mytilus trossulus","W-Msc-140482"
10,54.5,1,"Mytilus trossulus","W-Msc-140482"
10.5,54.5,1,"Mytilus trossulus","W-Msc-140482"
11,54.5,0.98,"Mytilus trossulus","W-Msc-140482"
11.5,54.5,1,"Mytilus trossulus","W-Msc-140482"
12,54.5,0.99,"Mytilus trossulus","W-Msc-140482"
12.5,54.5,0.39,"Mytilus trossulus","W-Msc-140482"
13,54.5,0.3,"Mytilus trossulus","W-Msc-140482"
13.5,54.5,0.23,"Mytilus trossulus","W-Msc-140482"
14,54.5,0.16,"Mytilus trossulus","W-Msc-140482"
14.5,54.5,0.16,"Mytilus trossulus","W-Msc-140482"
15,54.5,0.01,"Mytilus trossulus","W-Msc-140482"
16.5,54.5,0.2,"Mytilus trossulus","W-Msc-140482"
17,54.5,0.38,"Mytilus trossulus","W-Msc-140482"
17.5,54.5,0.66,"Mytilus trossulus","W-Msc-140482"
18,54.5,1,"Mytilus trossulus","W-Msc-140482"
18.5,54.5,1,"Mytilus trossulus","W-Msc-140482"
19,54.5,0.98,"Mytilus trossulus","W-Msc-140482"
20,54.5,0.94,"Mytilus trossulus","W-Msc-140482"
20.5,54.5,0.94,"Mytilus trossulus","W-Msc-140482"
21,54.5,0.98,"Mytilus trossulus","W-Msc-140482"
21.5,54.5,1,"Mytilus trossulus","W-Msc-140482"
-166.5,54,0.77,"Mytilus trossulus","W-Msc-140482"
-166,54,0.77,"Mytilus trossulus","W-Msc-140482"
-165.5,54,0.77,"Mytilus trossulus","W-Msc-140482"
-165,54,0.79,"Mytilus trossulus","W-Msc-140482"
-164.5,54,0.84,"Mytilus trossulus","W-Msc-140482"
-164,54,0.88,"Mytilus trossulus","W-Msc-140482"
-162.5,54,0.92,"Mytilus trossulus","W-Msc-140482"
-162,54,0.93,"Mytilus trossulus","W-Msc-140482"
-133,54,1,"Mytilus trossulus","W-Msc-140482"
-132.5,54,1,"Mytilus trossulus","W-Msc-140482"
-132,54,1,"Mytilus trossulus","W-Msc-140482"
-131.5,54,1,"Mytilus trossulus","W-Msc-140482"
-131,54,1,"Mytilus trossulus","W-Msc-140482"
-130.5,54,1,"Mytilus trossulus","W-Msc-140482"
-130,54,1,"Mytilus trossulus","W-Msc-140482"
-129.5,54,1,"Mytilus trossulus","W-Msc-140482"
-128.5,54,0.5,"Mytilus trossulus","W-Msc-140482"
-82,54,0.26,"Mytilus trossulus","W-Msc-140482"
-81.5,54,0.14,"Mytilus trossulus","W-Msc-140482"
-81,54,0.08,"Mytilus trossulus","W-Msc-140482"
-80.5,54,0.04,"Mytilus trossulus","W-Msc-140482"
-80,54,0.22,"Mytilus trossulus","W-Msc-140482"
-79.5,54,0.25,"Mytilus trossulus","W-Msc-140482"
-79,54,0.26,"Mytilus trossulus","W-Msc-140482"
-78.5,54,0.13,"Mytilus trossulus","W-Msc-140482"
-59,54,0.43,"Mytilus trossulus","W-Msc-140482"
-58.5,54,0.43,"Mytilus trossulus","W-Msc-140482"
-58,54,0.42,"Mytilus trossulus","W-Msc-140482"
-57.5,54,0.44,"Mytilus trossulus","W-Msc-140482"
-57,54,0.42,"Mytilus trossulus","W-Msc-140482"
-56.5,54,0.4,"Mytilus trossulus","W-Msc-140482"
-56,54,0.38,"Mytilus trossulus","W-Msc-140482"
-10,54,0.54,"Mytilus trossulus","W-Msc-140482"
-9.5,54,0.56,"Mytilus trossulus","W-Msc-140482"
-9,54,0.56,"Mytilus trossulus","W-Msc-140482"
-8.5,54,0.58,"Mytilus trossulus","W-Msc-140482"
-8,54,0.6,"Mytilus trossulus","W-Msc-140482"
-6,54,0.68,"Mytilus trossulus","W-Msc-140482"
-5.5,54,0.69,"Mytilus trossulus","W-Msc-140482"
-5,54,0.69,"Mytilus trossulus","W-Msc-140482"
-4.5,54,0.72,"Mytilus trossulus","W-Msc-140482"
-4,54,0.77,"Mytilus trossulus","W-Msc-140482"
-3.5,54,0.8,"Mytilus trossulus","W-Msc-140482"
-3,54,0.81,"Mytilus trossulus","W-Msc-140482"
-2.5,54,0.79,"Mytilus trossulus","W-Msc-140482"
-0.5,54,0.72,"Mytilus trossulus","W-Msc-140482"
0,54,0.71,"Mytilus trossulus","W-Msc-140482"
0.5,54,0.15,"Mytilus trossulus","W-Msc-140482"
2.5,54,0.06,"Mytilus trossulus","W-Msc-140482"
8,54,0.94,"Mytilus trossulus","W-Msc-140482"
8.5,54,1,"Mytilus trossulus","W-Msc-140482"
9,54,1,"Mytilus trossulus","W-Msc-140482"
9.5,54,1,"Mytilus trossulus","W-Msc-140482"
10,54,0.5,"Mytilus trossulus","W-Msc-140482"
10.5,54,1,"Mytilus trossulus","W-Msc-140482"
11,54,1,"Mytilus trossulus","W-Msc-140482"
11.5,54,1,"Mytilus trossulus","W-Msc-140482"
12,54,0.61,"Mytilus trossulus","W-Msc-140482"
12.5,54,0.57,"Mytilus trossulus","W-Msc-140482"
13,54,1,"Mytilus trossulus","W-Msc-140482"
13.5,54,1,"Mytilus trossulus","W-Msc-140482"
14,54,1,"Mytilus trossulus","W-Msc-140482"
14.5,54,1,"Mytilus trossulus","W-Msc-140482"
15,54,0.86,"Mytilus trossulus","W-Msc-140482"
15.5,54,0.57,"Mytilus trossulus","W-Msc-140482"
16,54,0.47,"Mytilus trossulus","W-Msc-140482"
16.5,54,1,"Mytilus trossulus","W-Msc-140482"
19,54,1,"Mytilus trossulus","W-Msc-140482"
19.5,54,0.93,"Mytilus trossulus","W-Msc-140482"
20,54,1,"Mytilus trossulus","W-Msc-140482"
-168,53.5,0.76,"Mytilus trossulus","W-Msc-140482"
-167.5,53.5,0.77,"Mytilus trossulus","W-Msc-140482"
-167,53.5,0.78,"Mytilus trossulus","W-Msc-140482"
-166.5,53.5,0.81,"Mytilus trossulus","W-Msc-140482"
-166,53.5,0.82,"Mytilus trossulus","W-Msc-140482"
-133,53.5,1,"Mytilus trossulus","W-Msc-140482"
-132.5,53.5,1,"Mytilus trossulus","W-Msc-140482"
-132,53.5,1,"Mytilus trossulus","W-Msc-140482"
-131.5,53.5,1,"Mytilus trossulus","W-Msc-140482"
-131,53.5,1,"Mytilus trossulus","W-Msc-140482"
-130.5,53.5,1,"Mytilus trossulus","W-Msc-140482"
-130,53.5,1,"Mytilus trossulus","W-Msc-140482"
-129.5,53.5,1,"Mytilus trossulus","W-Msc-140482"
-129,53.5,1,"Mytilus trossulus","W-Msc-140482"
-128.5,53.5,1,"Mytilus trossulus","W-Msc-140482"
-128,53.5,0.5,"Mytilus trossulus","W-Msc-140482"
-82,53.5,0.26,"Mytilus trossulus","W-Msc-140482"
-81.5,53.5,0.23,"Mytilus trossulus","W-Msc-140482"
-81,53.5,0.04,"Mytilus trossulus","W-Msc-140482"
-79.5,53.5,0.25,"Mytilus trossulus","W-Msc-140482"
-79,53.5,0.28,"Mytilus trossulus","W-Msc-140482"
-78.5,53.5,0.14,"Mytilus trossulus","W-Msc-140482"
-60,53.5,0.47,"Mytilus trossulus","W-Msc-140482"
-59.5,53.5,0.5,"Mytilus trossulus","W-Msc-140482"
-59,53.5,0.51,"Mytilus trossulus","W-Msc-140482"
-58.5,53.5,0.5,"Mytilus trossulus","W-Msc-140482"
-57,53.5,0.47,"Mytilus trossulus","W-Msc-140482"
-56.5,53.5,0.45,"Mytilus trossulus","W-Msc-140482"
-56,53.5,0.43,"Mytilus trossulus","W-Msc-140482"
-55.5,53.5,0.41,"Mytilus trossulus","W-Msc-140482"
-10,53.5,0.56,"Mytilus trossulus","W-Msc-140482"
-9.5,53.5,0.58,"Mytilus trossulus","W-Msc-140482"
-6,53.5,0.71,"Mytilus trossulus","W-Msc-140482"
-5.5,53.5,0.69,"Mytilus trossulus","W-Msc-140482"
-4,53.5,0.08,"Mytilus trossulus","W-Msc-140482"
-3,53.5,0.84,"Mytilus trossulus","W-Msc-140482"
-2.5,53.5,0.81,"Mytilus trossulus","W-Msc-140482"
-0.5,53.5,0.38,"Mytilus trossulus","W-Msc-140482"
0,53.5,0.75,"Mytilus trossulus","W-Msc-140482"
0.5,53.5,0.7,"Mytilus trossulus","W-Msc-140482"
2.5,53.5,0.06,"Mytilus trossulus","W-Msc-140482"
5.5,53.5,0.72,"Mytilus trossulus","W-Msc-140482"
6,53.5,0.77,"Mytilus trossulus","W-Msc-140482"
6.5,53.5,0.82,"Mytilus trossulus","W-Msc-140482"
7,53.5,0.86,"Mytilus trossulus","W-Msc-140482"
7.5,53.5,0.93,"Mytilus trossulus","W-Msc-140482"
8,53.5,0.98,"Mytilus trossulus","W-Msc-140482"
8.5,53.5,0.99,"Mytilus trossulus","W-Msc-140482"
9,53.5,0.99,"Mytilus trossulus","W-Msc-140482"
9.5,53.5,1,"Mytilus trossulus","W-Msc-140482"
10,53.5,0.5,"Mytilus trossulus","W-Msc-140482"
11,53.5,0.5,"Mytilus trossulus","W-Msc-140482"
11.5,53.5,1,"Mytilus trossulus","W-Msc-140482"
12,53.5,0.5,"Mytilus trossulus","W-Msc-140482"
14,53.5,1,"Mytilus trossulus","W-Msc-140482"
14.5,53.5,1,"Mytilus trossulus","W-Msc-140482"
15,53.5,1,"Mytilus trossulus","W-Msc-140482"
-169.5,53,0.75,"Mytilus trossulus","W-Msc-140482"
-168.5,53,0.78,"Mytilus trossulus","W-Msc-140482"
-168,53,0.8,"Mytilus trossulus","W-Msc-140482"
-167.5,53,0.82,"Mytilus trossulus","W-Msc-140482"
-167,53,0.84,"Mytilus trossulus","W-Msc-140482"
-166.5,53,0.87,"Mytilus trossulus","W-Msc-140482"
-166,53,0.5,"Mytilus trossulus","W-Msc-140482"
-132.5,53,1,"Mytilus trossulus","W-Msc-140482"
-132,53,1,"Mytilus trossulus","W-Msc-140482"
-131.5,53,1,"Mytilus trossulus","W-Msc-140482"
-131,53,0.44,"Mytilus trossulus","W-Msc-140482"
-130.5,53,1,"Mytilus trossulus","W-Msc-140482"
-130,53,1,"Mytilus trossulus","W-Msc-140482"
-129.5,53,1,"Mytilus trossulus","W-Msc-140482"
-129,53,1,"Mytilus trossulus","W-Msc-140482"
-128.5,53,1,"Mytilus trossulus","W-Msc-140482"
-128,53,0.5,"Mytilus trossulus","W-Msc-140482"
-82,53,0.3,"Mytilus trossulus","W-Msc-140482"
-81.5,53,0.28,"Mytilus trossulus","W-Msc-140482"
-81,53,0.26,"Mytilus trossulus","W-Msc-140482"
-80.5,53,0.24,"Mytilus trossulus","W-Msc-140482"
-80,53,0.23,"Mytilus trossulus","W-Msc-140482"
-79.5,53,0.23,"Mytilus trossulus","W-Msc-140482"
-79,53,0.27,"Mytilus trossulus","W-Msc-140482"
-78.5,53,0.28,"Mytilus trossulus","W-Msc-140482"
-60.5,53,0.26,"Mytilus trossulus","W-Msc-140482"
-60,53,0.51,"Mytilus trossulus","W-Msc-140482"
-59.5,53,0.53,"Mytilus trossulus","W-Msc-140482"
-57,53,0.25,"Mytilus trossulus","W-Msc-140482"
-56,53,0.46,"Mytilus trossulus","W-Msc-140482"
-55.5,53,0.44,"Mytilus trossulus","W-Msc-140482"
-10,53,0.58,"Mytilus trossulus","W-Msc-140482"
-9.5,53,0.65,"Mytilus trossulus","W-Msc-140482"
-9,53,0.62,"Mytilus trossulus","W-Msc-140482"
-8.5,53,0.61,"Mytilus trossulus","W-Msc-140482"
-6,53,0.69,"Mytilus trossulus","W-Msc-140482"
-5.5,53,0.68,"Mytilus trossulus","W-Msc-140482"
-4.5,53,0.69,"Mytilus trossulus","W-Msc-140482"
-4,53,0.74,"Mytilus trossulus","W-Msc-140482"
-3.5,53,0.81,"Mytilus trossulus","W-Msc-140482"
-3,53,0.83,"Mytilus trossulus","W-Msc-140482"
-2.5,53,0.82,"Mytilus trossulus","W-Msc-140482"
0.5,53,0.78,"Mytilus trossulus","W-Msc-140482"
1,53,0.72,"Mytilus trossulus","W-Msc-140482"
1.5,53,0.69,"Mytilus trossulus","W-Msc-140482"
5,53,0.85,"Mytilus trossulus","W-Msc-140482"
5.5,53,0.96,"Mytilus trossulus","W-Msc-140482"
6,53,0.91,"Mytilus trossulus","W-Msc-140482"
6.5,53,0.94,"Mytilus trossulus","W-Msc-140482"
7,53,0.99,"Mytilus trossulus","W-Msc-140482"
7.5,53,0.98,"Mytilus trossulus","W-Msc-140482"
8.5,53,0.98,"Mytilus trossulus","W-Msc-140482"
9,53,0.49,"Mytilus trossulus","W-Msc-140482"
-171,52.5,0.75,"Mytilus trossulus","W-Msc-140482"
-170.5,52.5,0.76,"Mytilus trossulus","W-Msc-140482"
-170,52.5,0.76,"Mytilus trossulus","W-Msc-140482"
-169.5,52.5,0.78,"Mytilus trossulus","W-Msc-140482"
-169,52.5,0.81,"Mytilus trossulus","W-Msc-140482"
-168.5,52.5,0.84,"Mytilus trossulus","W-Msc-140482"
-132,52.5,1,"Mytilus trossulus","W-Msc-140482"
-131.5,52.5,1,"Mytilus trossulus","W-Msc-140482"
-131,52.5,1,"Mytilus trossulus","W-Msc-140482"
-129.5,52.5,1,"Mytilus trossulus","W-Msc-140482"
-129,52.5,1,"Mytilus trossulus","W-Msc-140482"
-128.5,52.5,1,"Mytilus trossulus","W-Msc-140482"
-128,52.5,1,"Mytilus trossulus","W-Msc-140482"
-127.5,52.5,0.5,"Mytilus trossulus","W-Msc-140482"
-127,52.5,0.5,"Mytilus trossulus","W-Msc-140482"
-82,52.5,0.33,"Mytilus trossulus","W-Msc-140482"
-81.5,52.5,0.42,"Mytilus trossulus","W-Msc-140482"
-81,52.5,0.38,"Mytilus trossulus","W-Msc-140482"
-80.5,52.5,0.29,"Mytilus trossulus","W-Msc-140482"
-80,52.5,0.25,"Mytilus trossulus","W-Msc-140482"
-79.5,52.5,0.25,"Mytilus trossulus","W-Msc-140482"
-79,52.5,0.22,"Mytilus trossulus","W-Msc-140482"
-78.5,52.5,0.29,"Mytilus trossulus","W-Msc-140482"
-56,52.5,0.25,"Mytilus trossulus","W-Msc-140482"
-55.5,52.5,0.48,"Mytilus trossulus","W-Msc-140482"
-9.5,52.5,0.63,"Mytilus trossulus","W-Msc-140482"
-9,52.5,0.62,"Mytilus trossulus","W-Msc-140482"
-8.5,52.5,0.31,"Mytilus trossulus","W-Msc-140482"
-6,52.5,0.67,"Mytilus trossulus","W-Msc-140482"
-5.5,52.5,0.66,"Mytilus trossulus","W-Msc-140482"
-4.5,52.5,0.69,"Mytilus trossulus","W-Msc-140482"
-4,52.5,0.72,"Mytilus trossulus","W-Msc-140482"
-3.5,52.5,0.39,"Mytilus trossulus","W-Msc-140482"
0.5,52.5,0.86,"Mytilus trossulus","W-Msc-140482"
1,52.5,0.78,"Mytilus trossulus","W-Msc-140482"
1.5,52.5,0.72,"Mytilus trossulus","W-Msc-140482"
2,52.5,0.7,"Mytilus trossulus","W-Msc-140482"
4.5,52.5,0.29,"Mytilus trossulus","W-Msc-140482"
5,52.5,0.95,"Mytilus trossulus","W-Msc-140482"
5.5,52.5,0.96,"Mytilus trossulus","W-Msc-140482"
6,52.5,0.97,"Mytilus trossulus","W-Msc-140482"
6.5,52.5,0.48,"Mytilus trossulus","W-Msc-140482"
-174.5,52,0.76,"Mytilus trossulus","W-Msc-140482"
-174,52,0.76,"Mytilus trossulus","W-Msc-140482"
-173.5,52,0.75,"Mytilus trossulus","W-Msc-140482"
-173,52,0.74,"Mytilus trossulus","W-Msc-140482"
-172.5,52,0.74,"Mytilus trossulus","W-Msc-140482"
-172,52,0.75,"Mytilus trossulus","W-Msc-140482"
-171,52,0.81,"Mytilus trossulus","W-Msc-140482"
-131.5,52,1,"Mytilus trossulus","W-Msc-140482"
-131,52,1,"Mytilus trossulus","W-Msc-140482"
-130.5,52,1,"Mytilus trossulus","W-Msc-140482"
-129,52,0.22,"Mytilus trossulus","W-Msc-140482"
-128.5,52,1,"Mytilus trossulus","W-Msc-140482"
-128,52,1,"Mytilus trossulus","W-Msc-140482"
-127.5,52,1,"Mytilus trossulus","W-Msc-140482"
-127,52,0.5,"Mytilus trossulus","W-Msc-140482"
-81.5,52,0.35,"Mytilus trossulus","W-Msc-140482"
-81,52,0.34,"Mytilus trossulus","W-Msc-140482"
-80.5,52,0.28,"Mytilus trossulus","W-Msc-140482"
-80,52,0.27,"Mytilus trossulus","W-Msc-140482"
-79.5,52,0.27,"Mytilus trossulus","W-Msc-140482"
-79,52,0.24,"Mytilus trossulus","W-Msc-140482"
-78.5,52,0.3,"Mytilus trossulus","W-Msc-140482"
-78,52,0.32,"Mytilus trossulus","W-Msc-140482"
-56,52,0.27,"Mytilus trossulus","W-Msc-140482"
-55.5,52,0.5,"Mytilus trossulus","W-Msc-140482"
-55,52,0.48,"Mytilus trossulus","W-Msc-140482"
-10.5,52,0.54,"Mytilus trossulus","W-Msc-140482"
-10,52,0.58,"Mytilus trossulus","W-Msc-140482"
-9.5,52,0.6,"Mytilus trossulus","W-Msc-140482"
-7.5,52,0.62,"Mytilus trossulus","W-Msc-140482"
-7,52,0.63,"Mytilus trossulus","W-Msc-140482"
-6.5,52,0.64,"Mytilus trossulus","W-Msc-140482"
-6,52,0.66,"Mytilus trossulus","W-Msc-140482"
-5,52,0.66,"Mytilus trossulus","W-Msc-140482"
-4.5,52,0.68,"Mytilus trossulus","W-Msc-140482"
-4,52,0.7,"Mytilus trossulus","W-Msc-140482"
1.5,52,0.71,"Mytilus trossulus","W-Msc-140482"
2,52,0.67,"Mytilus trossulus","W-Msc-140482"
2.5,52,0.15,"Mytilus trossulus","W-Msc-140482"
4.5,52,0.95,"Mytilus trossulus","W-Msc-140482"
5,52,0.96,"Mytilus trossulus","W-Msc-140482"
5.5,52,0.96,"Mytilus trossulus","W-Msc-140482"
6,52,0.95,"Mytilus trossulus","W-Msc-140482"
-174.5,51.5,0.8,"Mytilus trossulus","W-Msc-140482"
-174,51.5,0.8,"Mytilus trossulus","W-Msc-140482"
-173,51.5,0.82,"Mytilus trossulus","W-Msc-140482"
-131,51.5,1,"Mytilus trossulus","W-Msc-140482"
-130.5,51.5,1,"Mytilus trossulus","W-Msc-140482"
-128,51.5,1,"Mytilus trossulus","W-Msc-140482"
-127.5,51.5,1,"Mytilus trossulus","W-Msc-140482"
-127,51.5,1,"Mytilus trossulus","W-Msc-140482"
-80.5,51.5,0.36,"Mytilus trossulus","W-Msc-140482"
-80,51.5,0.33,"Mytilus trossulus","W-Msc-140482"
-79.5,51.5,0.33,"Mytilus trossulus","W-Msc-140482"
-79,51.5,0.35,"Mytilus trossulus","W-Msc-140482"
-78.5,51.5,0.33,"Mytilus trossulus","W-Msc-140482"
-57,51.5,0.66,"Mytilus trossulus","W-Msc-140482"
-56.5,51.5,0.62,"Mytilus trossulus","W-Msc-140482"
-56,51.5,0.56,"Mytilus trossulus","W-Msc-140482"
-55.5,51.5,0.54,"Mytilus trossulus","W-Msc-140482"
-55,51.5,0.52,"Mytilus trossulus","W-Msc-140482"
-10,51.5,0.58,"Mytilus trossulus","W-Msc-140482"
-9.5,51.5,0.58,"Mytilus trossulus","W-Msc-140482"
-9,51.5,0.59,"Mytilus trossulus","W-Msc-140482"
-8.5,51.5,0.6,"Mytilus trossulus","W-Msc-140482"
-8,51.5,0.62,"Mytilus trossulus","W-Msc-140482"
-7.5,51.5,0.61,"Mytilus trossulus","W-Msc-140482"
-5,51.5,0.69,"Mytilus trossulus","W-Msc-140482"
-4.5,51.5,0.72,"Mytilus trossulus","W-Msc-140482"
-4,51.5,0.78,"Mytilus trossulus","W-Msc-140482"
-3.5,51.5,0.85,"Mytilus trossulus","W-Msc-140482"
-3,51.5,0.9,"Mytilus trossulus","W-Msc-140482"
-2.5,51.5,0.85,"Mytilus trossulus","W-Msc-140482"
-2,51.5,0.4,"Mytilus trossulus","W-Msc-140482"
1,51.5,0.72,"Mytilus trossulus","W-Msc-140482"
1.5,51.5,0.67,"Mytilus trossulus","W-Msc-140482"
2,51.5,0.65,"Mytilus trossulus","W-Msc-140482"
3.5,51.5,0.89,"Mytilus trossulus","W-Msc-140482"
4,51.5,0.95,"Mytilus trossulus","W-Msc-140482"
4.5,51.5,0.95,"Mytilus trossulus","W-Msc-140482"
5,51.5,0.94,"Mytilus trossulus","W-Msc-140482"
-127.5,51,1,"Mytilus trossulus","W-Msc-140482"
-127,51,1,"Mytilus trossulus","W-Msc-140482"
-126.5,51,0.5,"Mytilus trossulus","W-Msc-140482"
-125.5,51,0.5,"Mytilus trossulus","W-Msc-140482"
-80.5,51,0.19,"Mytilus trossulus","W-Msc-140482"
-80,51,0.32,"Mytilus trossulus","W-Msc-140482"
-79.5,51,0.31,"Mytilus trossulus","W-Msc-140482"
-79,51,0.17,"Mytilus trossulus","W-Msc-140482"
-78.5,51,0.35,"Mytilus trossulus","W-Msc-140482"
-58.5,51,0.74,"Mytilus trossulus","W-Msc-140482"
-58,51,0.76,"Mytilus trossulus","W-Msc-140482"
-57.5,51,0.75,"Mytilus trossulus","W-Msc-140482"
-57,51,0.72,"Mytilus trossulus","W-Msc-140482"
-56.5,51,0.67,"Mytilus trossulus","W-Msc-140482"
-56,51,0.62,"Mytilus trossulus","W-Msc-140482"
-55.5,51,0.62,"Mytilus trossulus","W-Msc-140482"
-55,51,0.58,"Mytilus trossulus","W-Msc-140482"
-9.5,51,0.55,"Mytilus trossulus","W-Msc-140482"
-9,51,0.56,"Mytilus trossulus","W-Msc-140482"
-4.5,51,0.74,"Mytilus trossulus","W-Msc-140482"
-4,51,0.87,"Mytilus trossulus","W-Msc-140482"
-3.5,51,0.93,"Mytilus trossulus","W-Msc-140482"
-3,51,0.93,"Mytilus trossulus","W-Msc-140482"
-2.5,51,0.84,"Mytilus trossulus","W-Msc-140482"
0.5,51,0.36,"Mytilus trossulus","W-Msc-140482"
1,51,0.69,"Mytilus trossulus","W-Msc-140482"
1.5,51,0.67,"Mytilus trossulus","W-Msc-140482"
2,51,0.66,"Mytilus trossulus","W-Msc-140482"
2.5,51,0.7,"Mytilus trossulus","W-Msc-140482"
3,51,0.76,"Mytilus trossulus","W-Msc-140482"
3.5,51,0.89,"Mytilus trossulus","W-Msc-140482"
4,51,0.93,"Mytilus trossulus","W-Msc-140482"
4.5,51,0.93,"Mytilus trossulus","W-Msc-140482"
-129,50.5,1,"Mytilus trossulus","W-Msc-140482"
-128.5,50.5,1,"Mytilus trossulus","W-Msc-140482"
-128,50.5,1,"Mytilus trossulus","W-Msc-140482"
-127.5,50.5,1,"Mytilus trossulus","W-Msc-140482"
-127,50.5,1,"Mytilus trossulus","W-Msc-140482"
-126.5,50.5,1,"Mytilus trossulus","W-Msc-140482"
-126,50.5,1,"Mytilus trossulus","W-Msc-140482"
-125.5,50.5,0.5,"Mytilus trossulus","W-Msc-140482"
-125,50.5,0.5,"Mytilus trossulus","W-Msc-140482"
-124.5,50.5,0.5,"Mytilus trossulus","W-Msc-140482"
-59.5,50.5,0.77,"Mytilus trossulus","W-Msc-140482"
-59,50.5,0.78,"Mytilus trossulus","W-Msc-140482"
-58.5,50.5,0.78,"Mytilus trossulus","W-Msc-140482"
-57,50.5,0.81,"Mytilus trossulus","W-Msc-140482"
-56.5,50.5,0.73,"Mytilus trossulus","W-Msc-140482"
-56,50.5,0.65,"Mytilus trossulus","W-Msc-140482"
-55.5,50.5,0.65,"Mytilus trossulus","W-Msc-140482"
-55,50.5,0.62,"Mytilus trossulus","W-Msc-140482"
-5,50.5,0.29,"Mytilus trossulus","W-Msc-140482"
-4.5,50.5,0.54,"Mytilus trossulus","W-Msc-140482"
-3,50.5,0.76,"Mytilus trossulus","W-Msc-140482"
-2.5,50.5,0.76,"Mytilus trossulus","W-Msc-140482"
-2,50.5,0.72,"Mytilus trossulus","W-Msc-140482"
-1.5,50.5,0.67,"Mytilus trossulus","W-Msc-140482"
-1,50.5,0.64,"Mytilus trossulus","W-Msc-140482"
-0.5,50.5,0.67,"Mytilus trossulus","W-Msc-140482"
0,50.5,0.68,"Mytilus trossulus","W-Msc-140482"
0.5,50.5,0.68,"Mytilus trossulus","W-Msc-140482"
1,50.5,0.67,"Mytilus trossulus","W-Msc-140482"
1.5,50.5,0.66,"Mytilus trossulus","W-Msc-140482"
2,50.5,0.69,"Mytilus trossulus","W-Msc-140482"
-128,50,1,"Mytilus trossulus","W-Msc-140482"
-127.5,50,1,"Mytilus trossulus","W-Msc-140482"
-127,50,1,"Mytilus trossulus","W-Msc-140482"
-126,50,1,"Mytilus trossulus","W-Msc-140482"
-125.5,50,1,"Mytilus trossulus","W-Msc-140482"
-125,50,1,"Mytilus trossulus","W-Msc-140482"
-124.5,50,1,"Mytilus trossulus","W-Msc-140482"
-124,50,0.5,"Mytilus trossulus","W-Msc-140482"
-123.5,50,0.5,"Mytilus trossulus","W-Msc-140482"
-66.5,50,0.82,"Mytilus trossulus","W-Msc-140482"
-66,50,0.84,"Mytilus trossulus","W-Msc-140482"
-65.5,50,0.86,"Mytilus trossulus","W-Msc-140482"
-65,50,0.86,"Mytilus trossulus","W-Msc-140482"
-64.5,50,0.85,"Mytilus trossulus","W-Msc-140482"
-64,50,0.83,"Mytilus trossulus","W-Msc-140482"
-63.5,50,0.83,"Mytilus trossulus","W-Msc-140482"
-63,50,0.85,"Mytilus trossulus","W-Msc-140482"
-62.5,50,0.87,"Mytilus trossulus","W-Msc-140482"
-62,50,0.86,"Mytilus trossulus","W-Msc-140482"
-61.5,50,0.85,"Mytilus trossulus","W-Msc-140482"
-61,50,0.84,"Mytilus trossulus","W-Msc-140482"
-60.5,50,0.83,"Mytilus trossulus","W-Msc-140482"
-60,50,0.82,"Mytilus trossulus","W-Msc-140482"
-59.5,50,0.81,"Mytilus trossulus","W-Msc-140482"
-59,50,0.82,"Mytilus trossulus","W-Msc-140482"
-57.5,50,0.89,"Mytilus trossulus","W-Msc-140482"
-57,50,0.83,"Mytilus trossulus","W-Msc-140482"
-56.5,50,0.76,"Mytilus trossulus","W-Msc-140482"
-56,50,0.71,"Mytilus trossulus","W-Msc-140482"
-55.5,50,0.71,"Mytilus trossulus","W-Msc-140482"
-55,50,0.69,"Mytilus trossulus","W-Msc-140482"
-6,50,0.36,"Mytilus trossulus","W-Msc-140482"
-5.5,50,0.37,"Mytilus trossulus","W-Msc-140482"
-5,50,0.4,"Mytilus trossulus","W-Msc-140482"
-4.5,50,0.56,"Mytilus trossulus","W-Msc-140482"
-4,50,0.57,"Mytilus trossulus","W-Msc-140482"
-3.5,50,0.57,"Mytilus trossulus","W-Msc-140482"
-3,50,0.5,"Mytilus trossulus","W-Msc-140482"
-2,50,0.11,"Mytilus trossulus","W-Msc-140482"
-1.5,50,0.1,"Mytilus trossulus","W-Msc-140482"
-1,50,0.41,"Mytilus trossulus","W-Msc-140482"
1.5,50,0.67,"Mytilus trossulus","W-Msc-140482"
2,50,0.68,"Mytilus trossulus","W-Msc-140482"
-127,49.5,1,"Mytilus trossulus","W-Msc-140482"
-126.5,49.5,1,"Mytilus trossulus","W-Msc-140482"
-126,49.5,0.5,"Mytilus trossulus","W-Msc-140482"
-125,49.5,1,"Mytilus trossulus","W-Msc-140482"
-124.5,49.5,0.99,"Mytilus trossulus","W-Msc-140482"
-124,49.5,0.98,"Mytilus trossulus","W-Msc-140482"
-123.5,49.5,0.99,"Mytilus trossulus","W-Msc-140482"
-123,49.5,0.5,"Mytilus trossulus","W-Msc-140482"
-67,49.5,0.85,"Mytilus trossulus","W-Msc-140482"
-66.5,49.5,0.85,"Mytilus trossulus","W-Msc-140482"
-64,49.5,0.87,"Mytilus trossulus","W-Msc-140482"
-63.5,49.5,0.87,"Mytilus trossulus","W-Msc-140482"
-63,49.5,0.85,"Mytilus trossulus","W-Msc-140482"
-62.5,49.5,0.86,"Mytilus trossulus","W-Msc-140482"
-62,49.5,0.9,"Mytilus trossulus","W-Msc-140482"
-58,49.5,0.94,"Mytilus trossulus","W-Msc-140482"
-57.5,49.5,0.94,"Mytilus trossulus","W-Msc-140482"
-56.5,49.5,0.76,"Mytilus trossulus","W-Msc-140482"
-56,49.5,0.78,"Mytilus trossulus","W-Msc-140482"
-55.5,49.5,0.8,"Mytilus trossulus","W-Msc-140482"
-55,49.5,0.8,"Mytilus trossulus","W-Msc-140482"
-54.5,49.5,0.79,"Mytilus trossulus","W-Msc-140482"
-54,49.5,0.79,"Mytilus trossulus","W-Msc-140482"
-53.5,49.5,0.77,"Mytilus trossulus","W-Msc-140482"
-10,49.5,0.47,"Mytilus trossulus","W-Msc-140482"
-9,49.5,0.48,"Mytilus trossulus","W-Msc-140482"
-6,49.5,0.3,"Mytilus trossulus","W-Msc-140482"
-5,49.5,0.33,"Mytilus trossulus","W-Msc-140482"
-2.5,49.5,0.11,"Mytilus trossulus","W-Msc-140482"
-2,49.5,0.13,"Mytilus trossulus","W-Msc-140482"
-1.5,49.5,0.14,"Mytilus trossulus","W-Msc-140482"
-1,49.5,0.18,"Mytilus trossulus","W-Msc-140482"
-0.5,49.5,0.26,"Mytilus trossulus","W-Msc-140482"
0,49.5,0.33,"Mytilus trossulus","W-Msc-140482"
0.5,49.5,0.61,"Mytilus trossulus","W-Msc-140482"
1,49.5,0.63,"Mytilus trossulus","W-Msc-140482"
1.5,49.5,0.63,"Mytilus trossulus","W-Msc-140482"
-126.5,49,1,"Mytilus trossulus","W-Msc-140482"
-126,49,1,"Mytilus trossulus","W-Msc-140482"
-125.5,49,1,"Mytilus trossulus","W-Msc-140482"
-125,49,1,"Mytilus trossulus","W-Msc-140482"
-124.5,49,1,"Mytilus trossulus","W-Msc-140482"
-124,49,0.98,"Mytilus trossulus","W-Msc-140482"
-123.5,49,0.98,"Mytilus trossulus","W-Msc-140482"
-123,49,0.99,"Mytilus trossulus","W-Msc-140482"
-122.5,49,1,"Mytilus trossulus","W-Msc-140482"
-68.5,49,0.73,"Mytilus trossulus","W-Msc-140482"
-68,49,0.77,"Mytilus trossulus","W-Msc-140482"
-67.5,49,0.83,"Mytilus trossulus","W-Msc-140482"
-67,49,0.8,"Mytilus trossulus","W-Msc-140482"
-66.5,49,0.75,"Mytilus trossulus","W-Msc-140482"
-66,49,0.76,"Mytilus trossulus","W-Msc-140482"
-65.5,49,0.76,"Mytilus trossulus","W-Msc-140482"
-65,49,0.79,"Mytilus trossulus","W-Msc-140482"
-64.5,49,0.85,"Mytilus trossulus","W-Msc-140482"
-64,49,0.89,"Mytilus trossulus","W-Msc-140482"
-63.5,49,0.92,"Mytilus trossulus","W-Msc-140482"
-63,49,0.94,"Mytilus trossulus","W-Msc-140482"
-62.5,49,0.93,"Mytilus trossulus","W-Msc-140482"
-62,49,0.93,"Mytilus trossulus","W-Msc-140482"
-61.5,49,0.92,"Mytilus trossulus","W-Msc-140482"
-58,49,0.98,"Mytilus trossulus","W-Msc-140482"
-57.5,49,0.47,"Mytilus trossulus","W-Msc-140482"
-56,49,0.42,"Mytilus trossulus","W-Msc-140482"
-55.5,49,0.43,"Mytilus trossulus","W-Msc-140482"
-55,49,0.85,"Mytilus trossulus","W-Msc-140482"
-54.5,49,0.84,"Mytilus trossulus","W-Msc-140482"
-54,49,0.83,"Mytilus trossulus","W-Msc-140482"
-53.5,49,0.82,"Mytilus trossulus","W-Msc-140482"
-53,49,0.79,"Mytilus trossulus","W-Msc-140482"
-8.5,49,0.46,"Mytilus trossulus","W-Msc-140482"
-3.5,49,0.05,"Mytilus trossulus","W-Msc-140482"
-3,49,0.16,"Mytilus trossulus","W-Msc-140482"
-2.5,49,0.1,"Mytilus trossulus","W-Msc-140482"
-2,49,0.2,"Mytilus trossulus","W-Msc-140482"
-1.5,49,0.46,"Mytilus trossulus","W-Msc-140482"
-1,49,0.58,"Mytilus trossulus","W-Msc-140482"
-0.5,49,0.59,"Mytilus trossulus","W-Msc-140482"
0,49,0.6,"Mytilus trossulus","W-Msc-140482"
0.5,49,0.61,"Mytilus trossulus","W-Msc-140482"
-125.5,48.5,1,"Mytilus trossulus","W-Msc-140482"
-125,48.5,1,"Mytilus trossulus","W-Msc-140482"
-124.5,48.5,1,"Mytilus trossulus","W-Msc-140482"
-124,48.5,1,"Mytilus trossulus","W-Msc-140482"
-123.5,48.5,1,"Mytilus trossulus","W-Msc-140482"
-123,48.5,1,"Mytilus trossulus","W-Msc-140482"
-122.5,48.5,1,"Mytilus trossulus","W-Msc-140482"
-122,48.5,1,"Mytilus trossulus","W-Msc-140482"
-69,48.5,0.72,"Mytilus trossulus","W-Msc-140482"
-68.5,48.5,0.74,"Mytilus trossulus","W-Msc-140482"
-68,48.5,0.71,"Mytilus trossulus","W-Msc-140482"
-67.5,48.5,0.7,"Mytilus trossulus","W-Msc-140482"
-67,48.5,0.76,"Mytilus trossulus","W-Msc-140482"
-64,48.5,0.9,"Mytilus trossulus","W-Msc-140482"
-59,48.5,1,"Mytilus trossulus","W-Msc-140482"
-58.5,48.5,1,"Mytilus trossulus","W-Msc-140482"
-58,48.5,1,"Mytilus trossulus","W-Msc-140482"
-54,48.5,0.43,"Mytilus trossulus","W-Msc-140482"
-53.5,48.5,0.87,"Mytilus trossulus","W-Msc-140482"
-53,48.5,0.84,"Mytilus trossulus","W-Msc-140482"
-52.5,48.5,0.79,"Mytilus trossulus","W-Msc-140482"
-5,48.5,0.26,"Mytilus trossulus","W-Msc-140482"
-4.5,48.5,0.32,"Mytilus trossulus","W-Msc-140482"
-4,48.5,0.53,"Mytilus trossulus","W-Msc-140482"
-3.5,48.5,0.53,"Mytilus trossulus","W-Msc-140482"
-3,48.5,0.54,"Mytilus trossulus","W-Msc-140482"
-2.5,48.5,0.55,"Mytilus trossulus","W-Msc-140482"
-2,48.5,0.57,"Mytilus trossulus","W-Msc-140482"
-1.5,48.5,0.59,"Mytilus trossulus","W-Msc-140482"
-1,48.5,0.6,"Mytilus trossulus","W-Msc-140482"
-124.5,48,1,"Mytilus trossulus","W-Msc-140482"
-124,48,1,"Mytilus trossulus","W-Msc-140482"
-123.5,48,1,"Mytilus trossulus","W-Msc-140482"
-123,48,1,"Mytilus trossulus","W-Msc-140482"
-122.5,48,1,"Mytilus trossulus","W-Msc-140482"
-122,48,1,"Mytilus trossulus","W-Msc-140482"
-69.5,48,0.76,"Mytilus trossulus","W-Msc-140482"
-69,48,0.69,"Mytilus trossulus","W-Msc-140482"
-68.5,48,0.73,"Mytilus trossulus","W-Msc-140482"
-66.5,48,0.86,"Mytilus trossulus","W-Msc-140482"
-66,48,0.92,"Mytilus trossulus","W-Msc-140482"
-65.5,48,0.94,"Mytilus trossulus","W-Msc-140482"
-65,48,0.96,"Mytilus trossulus","W-Msc-140482"
-64.5,48,0.99,"Mytilus trossulus","W-Msc-140482"
-64,48,0.99,"Mytilus trossulus","W-Msc-140482"
-59,48,1,"Mytilus trossulus","W-Msc-140482"
-58.5,48,1,"Mytilus trossulus","W-Msc-140482"
-58,48,1,"Mytilus trossulus","W-Msc-140482"
-54,48,0.46,"Mytilus trossulus","W-Msc-140482"
-53.5,48,0.9,"Mytilus trossulus","W-Msc-140482"
-53,48,0.88,"Mytilus trossulus","W-Msc-140482"
-52.5,48,0.84,"Mytilus trossulus","W-Msc-140482"
-5,48,0.36,"Mytilus trossulus","W-Msc-140482"
-4.5,48,0.51,"Mytilus trossulus","W-Msc-140482"
-4,48,0.51,"Mytilus trossulus","W-Msc-140482"
-124.5,47.5,1,"Mytilus trossulus","W-Msc-140482"
-124,47.5,1,"Mytilus trossulus","W-Msc-140482"
-123,47.5,0.44,"Mytilus trossulus","W-Msc-140482"
-122.5,47.5,0.6,"Mytilus trossulus","W-Msc-140482"
-122,47.5,1,"Mytilus trossulus","W-Msc-140482"
-70,47.5,0.85,"Mytilus trossulus","W-Msc-140482"
-69.5,47.5,0.76,"Mytilus trossulus","W-Msc-140482"
-69,47.5,0.78,"Mytilus trossulus","W-Msc-140482"
-66,47.5,0.95,"Mytilus trossulus","W-Msc-140482"
-65.5,47.5,0.98,"Mytilus trossulus","W-Msc-140482"
-65,47.5,0.97,"Mytilus trossulus","W-Msc-140482"
-64.5,47.5,0.97,"Mytilus trossulus","W-Msc-140482"
-64,47.5,0.98,"Mytilus trossulus","W-Msc-140482"
-63.5,47.5,0.99,"Mytilus trossulus","W-Msc-140482"
-61.5,47.5,1,"Mytilus trossulus","W-Msc-140482"
-61,47.5,1,"Mytilus trossulus","W-Msc-140482"
-59,47.5,1,"Mytilus trossulus","W-Msc-140482"
-58.5,47.5,1,"Mytilus trossulus","W-Msc-140482"
-58,47.5,1,"Mytilus trossulus","W-Msc-140482"
-57.5,47.5,1,"Mytilus trossulus","W-Msc-140482"
-57,47.5,1,"Mytilus trossulus","W-Msc-140482"
-56.5,47.5,1,"Mytilus trossulus","W-Msc-140482"
-56,47.5,1,"Mytilus trossulus","W-Msc-140482"
-55.5,47.5,1,"Mytilus trossulus","W-Msc-140482"
-55,47.5,1,"Mytilus trossulus","W-Msc-140482"
-54.5,47.5,0.99,"Mytilus trossulus","W-Msc-140482"
-54,47.5,0.98,"Mytilus trossulus","W-Msc-140482"
-53.5,47.5,0.95,"Mytilus trossulus","W-Msc-140482"
-53,47.5,0.92,"Mytilus trossulus","W-Msc-140482"
-52.5,47.5,0.89,"Mytilus trossulus","W-Msc-140482"
-4.5,47.5,0.48,"Mytilus trossulus","W-Msc-140482"
-4,47.5,0.49,"Mytilus trossulus","W-Msc-140482"
-3.5,47.5,0.51,"Mytilus trossulus","W-Msc-140482"
-3,47.5,0.55,"Mytilus trossulus","W-Msc-140482"
-2.5,47.5,0.63,"Mytilus trossulus","W-Msc-140482"
-2,47.5,0.71,"Mytilus trossulus","W-Msc-140482"
-124,47,0.89,"Mytilus trossulus","W-Msc-140482"
-123,47,0.28,"Mytilus trossulus","W-Msc-140482"
-122.5,47,0.59,"Mytilus trossulus","W-Msc-140482"
-122,47,0.91,"Mytilus trossulus","W-Msc-140482"
-70.5,47,0.87,"Mytilus trossulus","W-Msc-140482"
-70,47,0.88,"Mytilus trossulus","W-Msc-140482"
-65,47,0.98,"Mytilus trossulus","W-Msc-140482"
-64.5,47,0.99,"Mytilus trossulus","W-Msc-140482"
-64,47,0.99,"Mytilus trossulus","W-Msc-140482"
-63.5,47,0.99,"Mytilus trossulus","W-Msc-140482"
-62,47,0.99,"Mytilus trossulus","W-Msc-140482"
-61.5,47,1,"Mytilus trossulus","W-Msc-140482"
-61,47,0.44,"Mytilus trossulus","W-Msc-140482"
-60.5,47,1,"Mytilus trossulus","W-Msc-140482"
-60,47,1,"Mytilus trossulus","W-Msc-140482"
-56,47,1,"Mytilus trossulus","W-Msc-140482"
-55.5,47,1,"Mytilus trossulus","W-Msc-140482"
-55,47,1,"Mytilus trossulus","W-Msc-140482"
-54.5,47,1,"Mytilus trossulus","W-Msc-140482"
-54,47,1,"Mytilus trossulus","W-Msc-140482"
-53.5,47,0.97,"Mytilus trossulus","W-Msc-140482"
-53,47,0.93,"Mytilus trossulus","W-Msc-140482"
-52.5,47,0.9,"Mytilus trossulus","W-Msc-140482"
-3,47,0.52,"Mytilus trossulus","W-Msc-140482"
-2.5,47,0.67,"Mytilus trossulus","W-Msc-140482"
-2,47,0.77,"Mytilus trossulus","W-Msc-140482"
-1.5,47,0.68,"Mytilus trossulus","W-Msc-140482"
-124,46.5,0.65,"Mytilus trossulus","W-Msc-140482"
-123.5,46.5,0.5,"Mytilus trossulus","W-Msc-140482"
-71,46.5,0.44,"Mytilus trossulus","W-Msc-140482"
-70.5,46.5,0.89,"Mytilus trossulus","W-Msc-140482"
-64.5,46.5,0.98,"Mytilus trossulus","W-Msc-140482"
-64,46.5,0.98,"Mytilus trossulus","W-Msc-140482"
-63.5,46.5,0.99,"Mytilus trossulus","W-Msc-140482"
-63,46.5,0.99,"Mytilus trossulus","W-Msc-140482"
-62.5,46.5,0.99,"Mytilus trossulus","W-Msc-140482"
-62,46.5,1,"Mytilus trossulus","W-Msc-140482"
-61.5,46.5,1,"Mytilus trossulus","W-Msc-140482"
-61,46.5,0.98,"Mytilus trossulus","W-Msc-140482"
-60.5,46.5,1,"Mytilus trossulus","W-Msc-140482"
-60,46.5,1,"Mytilus trossulus","W-Msc-140482"
-56,46.5,1,"Mytilus trossulus","W-Msc-140482"
-55.5,46.5,1,"Mytilus trossulus","W-Msc-140482"
-55,46.5,1,"Mytilus trossulus","W-Msc-140482"
-54,46.5,1,"Mytilus trossulus","W-Msc-140482"
-53.5,46.5,0.98,"Mytilus trossulus","W-Msc-140482"
-53,46.5,0.96,"Mytilus trossulus","W-Msc-140482"
-52.5,46.5,0.93,"Mytilus trossulus","W-Msc-140482"
-2,46.5,0.62,"Mytilus trossulus","W-Msc-140482"
-1.5,46.5,0.66,"Mytilus trossulus","W-Msc-140482"
-124,46,0.38,"Mytilus trossulus","W-Msc-140482"
-123.5,46,0.29,"Mytilus trossulus","W-Msc-140482"
-123,46,0.29,"Mytilus trossulus","W-Msc-140482"
-64.5,46,1,"Mytilus trossulus","W-Msc-140482"
-64,46,0.97,"Mytilus trossulus","W-Msc-140482"
-63.5,46,0.97,"Mytilus trossulus","W-Msc-140482"
-63,46,0.97,"Mytilus trossulus","W-Msc-140482"
-62.5,46,0.98,"Mytilus trossulus","W-Msc-140482"
-62,46,0.99,"Mytilus trossulus","W-Msc-140482"
-61.5,46,0.98,"Mytilus trossulus","W-Msc-140482"
-61,46,0.99,"Mytilus trossulus","W-Msc-140482"
-60.5,46,1,"Mytilus trossulus","W-Msc-140482"
-60,46,1,"Mytilus trossulus","W-Msc-140482"
-59.5,46,1,"Mytilus trossulus","W-Msc-140482"
-3.5,46,0.4,"Mytilus trossulus","W-Msc-140482"
-1.5,46,0.56,"Mytilus trossulus","W-Msc-140482"
-1,46,0.6,"Mytilus trossulus","W-Msc-140482"
-124,45.5,0.14,"Mytilus trossulus","W-Msc-140482"
-123.5,45.5,0.6,"Mytilus trossulus","W-Msc-140482"
-65,45.5,1,"Mytilus trossulus","W-Msc-140482"
-64.5,45.5,1,"Mytilus trossulus","W-Msc-140482"
-64,45.5,1,"Mytilus trossulus","W-Msc-140482"
-63.5,45.5,0.99,"Mytilus trossulus","W-Msc-140482"
-63,45.5,0.97,"Mytilus trossulus","W-Msc-140482"
-62.5,45.5,0.96,"Mytilus trossulus","W-Msc-140482"
-62,45.5,0.97,"Mytilus trossulus","W-Msc-140482"
-61.5,45.5,0.97,"Mytilus trossulus","W-Msc-140482"
-61,45.5,1,"Mytilus trossulus","W-Msc-140482"
-60.5,45.5,1,"Mytilus trossulus","W-Msc-140482"
-60,45.5,1,"Mytilus trossulus","W-Msc-140482"
-59.5,45.5,1,"Mytilus trossulus","W-Msc-140482"
-55.5,45.5,0.22,"Mytilus trossulus","W-Msc-140482"
-51,45.5,0.21,"Mytilus trossulus","W-Msc-140482"
-3.5,45.5,0.35,"Mytilus trossulus","W-Msc-140482"
-3,45.5,0.39,"Mytilus trossulus","W-Msc-140482"
-1,45.5,0.66,"Mytilus trossulus","W-Msc-140482"
-0.5,45.5,0.61,"Mytilus trossulus","W-Msc-140482"
-123.5,45,0.68,"Mytilus trossulus","W-Msc-140482"
-67,45,1,"Mytilus trossulus","W-Msc-140482"
-66.5,45,1,"Mytilus trossulus","W-Msc-140482"
-66,45,1,"Mytilus trossulus","W-Msc-140482"
-65.5,45,1,"Mytilus trossulus","W-Msc-140482"
-65,45,1,"Mytilus trossulus","W-Msc-140482"
-64.5,45,1,"Mytilus trossulus","W-Msc-140482"
-64,45,1,"Mytilus trossulus","W-Msc-140482"
-63.5,45,1,"Mytilus trossulus","W-Msc-140482"
-63,45,0.5,"Mytilus trossulus","W-Msc-140482"
-61.5,45,1,"Mytilus trossulus","W-Msc-140482"
-61,45,1,"Mytilus trossulus","W-Msc-140482"
-60.5,45,1,"Mytilus trossulus","W-Msc-140482"
-51,45,0.94,"Mytilus trossulus","W-Msc-140482"
-50.5,45,0.93,"Mytilus trossulus","W-Msc-140482"
-2.5,45,0.39,"Mytilus trossulus","W-Msc-140482"
-2,45,0.41,"Mytilus trossulus","W-Msc-140482"
-1,45,0.72,"Mytilus trossulus","W-Msc-140482"
-0.5,45,0.63,"Mytilus trossulus","W-Msc-140482"
-124,44.5,0.91,"Mytilus trossulus","W-Msc-140482"
-68.5,44.5,1,"Mytilus trossulus","W-Msc-140482"
-68,44.5,1,"Mytilus trossulus","W-Msc-140482"
-67.5,44.5,1,"Mytilus trossulus","W-Msc-140482"
-67,44.5,1,"Mytilus trossulus","W-Msc-140482"
-66.5,44.5,1,"Mytilus trossulus","W-Msc-140482"
-66,44.5,1,"Mytilus trossulus","W-Msc-140482"
-65.5,44.5,1,"Mytilus trossulus","W-Msc-140482"
-65,44.5,1,"Mytilus trossulus","W-Msc-140482"
-64,44.5,1,"Mytilus trossulus","W-Msc-140482"
-63.5,44.5,1,"Mytilus trossulus","W-Msc-140482"
-63,44.5,1,"Mytilus trossulus","W-Msc-140482"
-62.5,44.5,1,"Mytilus trossulus","W-Msc-140482"
-62,44.5,1,"Mytilus trossulus","W-Msc-140482"
-61.5,44.5,1,"Mytilus trossulus","W-Msc-140482"
-53,44.5,0.95,"Mytilus trossulus","W-Msc-140482"
-51.5,44.5,0.95,"Mytilus trossulus","W-Msc-140482"
-51,44.5,0.95,"Mytilus trossulus","W-Msc-140482"
-50.5,44.5,0.94,"Mytilus trossulus","W-Msc-140482"
-50,44.5,0.73,"Mytilus trossulus","W-Msc-140482"
-49.5,44.5,0.92,"Mytilus trossulus","W-Msc-140482"
-49,44.5,0.89,"Mytilus trossulus","W-Msc-140482"
-1,44.5,0.7,"Mytilus trossulus","W-Msc-140482"
-124,44,0.95,"Mytilus trossulus","W-Msc-140482"
-69.5,44,0.5,"Mytilus trossulus","W-Msc-140482"
-69,44,1,"Mytilus trossulus","W-Msc-140482"
-68.5,44,1,"Mytilus trossulus","W-Msc-140482"
-68,44,1,"Mytilus trossulus","W-Msc-140482"
-67.5,44,1,"Mytilus trossulus","W-Msc-140482"
-66,44,1,"Mytilus trossulus","W-Msc-140482"
-65.5,44,1,"Mytilus trossulus","W-Msc-140482"
-64.5,44,1,"Mytilus trossulus","W-Msc-140482"
-64,44,1,"Mytilus trossulus","W-Msc-140482"
-63.5,44,1,"Mytilus trossulus","W-Msc-140482"
-63,44,0.95,"Mytilus trossulus","W-Msc-140482"
-60.5,44,0.66,"Mytilus trossulus","W-Msc-140482"
-60,44,0.7,"Mytilus trossulus","W-Msc-140482"
-59.5,44,0.68,"Mytilus trossulus","W-Msc-140482"
-59,44,0.71,"Mytilus trossulus","W-Msc-140482"
-52,44,0.94,"Mytilus trossulus","W-Msc-140482"
-50,44,0.94,"Mytilus trossulus","W-Msc-140482"
-49.5,44,0.93,"Mytilus trossulus","W-Msc-140482"
-49,44,0.9,"Mytilus trossulus","W-Msc-140482"
-1,44,0.59,"Mytilus trossulus","W-Msc-140482"
-124,43.5,0.92,"Mytilus trossulus","W-Msc-140482"
-70,43.5,1,"Mytilus trossulus","W-Msc-140482"
-69.5,43.5,1,"Mytilus trossulus","W-Msc-140482"
-69,43.5,1,"Mytilus trossulus","W-Msc-140482"
-68.5,43.5,1,"Mytilus trossulus","W-Msc-140482"
-66,43.5,1,"Mytilus trossulus","W-Msc-140482"
-65.5,43.5,1,"Mytilus trossulus","W-Msc-140482"
-65,43.5,1,"Mytilus trossulus","W-Msc-140482"
-64.5,43.5,1,"Mytilus trossulus","W-Msc-140482"
-60.5,43.5,0.29,"Mytilus trossulus","W-Msc-140482"
-60,43.5,0.62,"Mytilus trossulus","W-Msc-140482"
-59.5,43.5,0.7,"Mytilus trossulus","W-Msc-140482"
-52,43.5,0.4,"Mytilus trossulus","W-Msc-140482"
-49,43.5,0.1,"Mytilus trossulus","W-Msc-140482"
-8,43.5,0.38,"Mytilus trossulus","W-Msc-140482"
-7.5,43.5,0.38,"Mytilus trossulus","W-Msc-140482"
-7,43.5,0.38,"Mytilus trossulus","W-Msc-140482"
-6.5,43.5,0.38,"Mytilus trossulus","W-Msc-140482"
-6,43.5,0.38,"Mytilus trossulus","W-Msc-140482"
-5.5,43.5,0.38,"Mytilus trossulus","W-Msc-140482"
-5,43.5,0.37,"Mytilus trossulus","W-Msc-140482"
-4.5,43.5,0.37,"Mytilus trossulus","W-Msc-140482"
-3.5,43.5,0.37,"Mytilus trossulus","W-Msc-140482"
-3,43.5,0.37,"Mytilus trossulus","W-Msc-140482"
-2.5,43.5,0.38,"Mytilus trossulus","W-Msc-140482"
-1.5,43.5,0.43,"Mytilus trossulus","W-Msc-140482"
-1,43.5,0.48,"Mytilus trossulus","W-Msc-140482"
-124,43,0.86,"Mytilus trossulus","W-Msc-140482"
-70.5,43,1,"Mytilus trossulus","W-Msc-140482"
-70,43,1,"Mytilus trossulus","W-Msc-140482"
-66,43,0.43,"Mytilus trossulus","W-Msc-140482"
-65.5,43,0.9,"Mytilus trossulus","W-Msc-140482"
-65,43,0.76,"Mytilus trossulus","W-Msc-140482"
-9,43,0.39,"Mytilus trossulus","W-Msc-140482"
-8.5,43,0.39,"Mytilus trossulus","W-Msc-140482"
-8,43,0.39,"Mytilus trossulus","W-Msc-140482"
-4.5,43,0.36,"Mytilus trossulus","W-Msc-140482"
-4,43,0.36,"Mytilus trossulus","W-Msc-140482"
-3.5,43,0.35,"Mytilus trossulus","W-Msc-140482"
-3,43,0.35,"Mytilus trossulus","W-Msc-140482"
-2.5,43,0.35,"Mytilus trossulus","W-Msc-140482"
-2,43,0.36,"Mytilus trossulus","W-Msc-140482"
-1.5,43,0.37,"Mytilus trossulus","W-Msc-140482"
-124.5,42.5,0.96,"Mytilus trossulus","W-Msc-140482"
-124,42.5,0.76,"Mytilus trossulus","W-Msc-140482"
-70.5,42.5,1,"Mytilus trossulus","W-Msc-140482"
-62.5,42.5,0.98,"Mytilus trossulus","W-Msc-140482"
-9,42.5,0.4,"Mytilus trossulus","W-Msc-140482"
-8.5,42.5,0.4,"Mytilus trossulus","W-Msc-140482"
-124,42,0.65,"Mytilus trossulus","W-Msc-140482"
-71,42,0.97,"Mytilus trossulus","W-Msc-140482"
-70.5,42,1,"Mytilus trossulus","W-Msc-140482"
-70,42,0.98,"Mytilus trossulus","W-Msc-140482"
-69.5,42,0.97,"Mytilus trossulus","W-Msc-140482"
-8.5,42,0.41,"Mytilus trossulus","W-Msc-140482"
-124,41.5,0.54,"Mytilus trossulus","W-Msc-140482"
-71,41.5,0.92,"Mytilus trossulus","W-Msc-140482"
-70.5,41.5,0.94,"Mytilus trossulus","W-Msc-140482"
-70,41.5,0.97,"Mytilus trossulus","W-Msc-140482"
-69.5,41.5,0.98,"Mytilus trossulus","W-Msc-140482"
-68,41.5,0.2,"Mytilus trossulus","W-Msc-140482"
-67.5,41.5,0.31,"Mytilus trossulus","W-Msc-140482"
-66,41.5,0.32,"Mytilus trossulus","W-Msc-140482"
-9,41.5,0.4,"Mytilus trossulus","W-Msc-140482"
-8.5,41.5,0.49,"Mytilus trossulus","W-Msc-140482"
-124,41,0.55,"Mytilus trossulus","W-Msc-140482"
-73.5,41,0.89,"Mytilus trossulus","W-Msc-140482"
-73,41,0.89,"Mytilus trossulus","W-Msc-140482"
-72.5,41,0.9,"Mytilus trossulus","W-Msc-140482"
-72,41,0.91,"Mytilus trossulus","W-Msc-140482"
-71.5,41,0.91,"Mytilus trossulus","W-Msc-140482"
-71,41,0.91,"Mytilus trossulus","W-Msc-140482"
-70.5,41,0.93,"Mytilus trossulus","W-Msc-140482"
-70,41,0.93,"Mytilus trossulus","W-Msc-140482"
-69.5,41,0.91,"Mytilus trossulus","W-Msc-140482"
-69,41,0.21,"Mytilus trossulus","W-Msc-140482"
-66.5,41,0.59,"Mytilus trossulus","W-Msc-140482"
-8.5,41,0.57,"Mytilus trossulus","W-Msc-140482"
-124,40.5,0.7,"Mytilus trossulus","W-Msc-140482"
-74,40.5,0.86,"Mytilus trossulus","W-Msc-140482"
-73.5,40.5,0.86,"Mytilus trossulus","W-Msc-140482"
-73,40.5,0.86,"Mytilus trossulus","W-Msc-140482"
-72.5,40.5,0.87,"Mytilus trossulus","W-Msc-140482"
-72,40.5,0.86,"Mytilus trossulus","W-Msc-140482"
-69.5,40.5,0.3,"Mytilus trossulus","W-Msc-140482"
-9,40.5,0.38,"Mytilus trossulus","W-Msc-140482"
-8.5,40.5,0.44,"Mytilus trossulus","W-Msc-140482"
-124,40,0.81,"Mytilus trossulus","W-Msc-140482"
-74,40,0.84,"Mytilus trossulus","W-Msc-140482"
-73.5,40,0.82,"Mytilus trossulus","W-Msc-140482"
-8.5,40,0.41,"Mytilus trossulus","W-Msc-140482"
-123.5,39.5,0.59,"Mytilus trossulus","W-Msc-140482"
-76,39.5,0.8,"Mytilus trossulus","W-Msc-140482"
-75.5,39.5,0.8,"Mytilus trossulus","W-Msc-140482"
-75,39.5,0.4,"Mytilus trossulus","W-Msc-140482"
-74,39.5,0.8,"Mytilus trossulus","W-Msc-140482"
-73.5,39.5,0.75,"Mytilus trossulus","W-Msc-140482"
-31,39.5,0.23,"Mytilus trossulus","W-Msc-140482"
-9,39.5,0.38,"Mytilus trossulus","W-Msc-140482"
-8.5,39.5,0.39,"Mytilus trossulus","W-Msc-140482"
-123.5,39,0.7,"Mytilus trossulus","W-Msc-140482"
-76.5,39,0.78,"Mytilus trossulus","W-Msc-140482"
-76,39,0.76,"Mytilus trossulus","W-Msc-140482"
-75.5,39,0.74,"Mytilus trossulus","W-Msc-140482"
-75,39,0.56,"Mytilus trossulus","W-Msc-140482"
-74.5,39,0.72,"Mytilus trossulus","W-Msc-140482"
-74,39,0.72,"Mytilus trossulus","W-Msc-140482"
-31,39,0.22,"Mytilus trossulus","W-Msc-140482"
-28,39,0.23,"Mytilus trossulus","W-Msc-140482"
-27.5,39,0.24,"Mytilus trossulus","W-Msc-140482"
-9,39,0.37,"Mytilus trossulus","W-Msc-140482"
-123.5,38.5,0.75,"Mytilus trossulus","W-Msc-140482"
-123,38.5,0.5,"Mytilus trossulus","W-Msc-140482"
-77,38.5,0.37,"Mytilus trossulus","W-Msc-140482"
-76.5,38.5,0.72,"Mytilus trossulus","W-Msc-140482"
-76,38.5,0.71,"Mytilus trossulus","W-Msc-140482"
-75.5,38.5,0.38,"Mytilus trossulus","W-Msc-140482"
-75,38.5,0.76,"Mytilus trossulus","W-Msc-140482"
-74.5,38.5,0.67,"Mytilus trossulus","W-Msc-140482"
-74,38.5,0.07,"Mytilus trossulus","W-Msc-140482"
-73.5,38.5,0.57,"Mytilus trossulus","W-Msc-140482"
-28.5,38.5,0.21,"Mytilus trossulus","W-Msc-140482"
-28,38.5,0.23,"Mytilus trossulus","W-Msc-140482"
-27.5,38.5,0.24,"Mytilus trossulus","W-Msc-140482"
-27,38.5,0.24,"Mytilus trossulus","W-Msc-140482"
-9,38.5,0.36,"Mytilus trossulus","W-Msc-140482"
-8.5,38.5,0.35,"Mytilus trossulus","W-Msc-140482"
-123,38,0.72,"Mytilus trossulus","W-Msc-140482"
-122.5,38,0.26,"Mytilus trossulus","W-Msc-140482"
-122,38,0.15,"Mytilus trossulus","W-Msc-140482"
-77,38,0.71,"Mytilus trossulus","W-Msc-140482"
-76.5,38,0.67,"Mytilus trossulus","W-Msc-140482"
-76,38,0.62,"Mytilus trossulus","W-Msc-140482"
-75.5,38,0.73,"Mytilus trossulus","W-Msc-140482"
-75,38,0.63,"Mytilus trossulus","W-Msc-140482"
-74.5,38,0.61,"Mytilus trossulus","W-Msc-140482"
-28,38,0.22,"Mytilus trossulus","W-Msc-140482"
-27.5,38,0.2,"Mytilus trossulus","W-Msc-140482"
-9,38,0.32,"Mytilus trossulus","W-Msc-140482"
-8.5,38,0.32,"Mytilus trossulus","W-Msc-140482"
-123,37.5,0.09,"Mytilus trossulus","W-Msc-140482"
-122.5,37.5,0.07,"Mytilus trossulus","W-Msc-140482"
-76.5,37.5,0.34,"Mytilus trossulus","W-Msc-140482"
-76,37.5,0.68,"Mytilus trossulus","W-Msc-140482"
-75.5,37.5,0.7,"Mytilus trossulus","W-Msc-140482"
-75,37.5,0.61,"Mytilus trossulus","W-Msc-140482"
-25.5,37.5,0.12,"Mytilus trossulus","W-Msc-140482"
-25,37.5,0.13,"Mytilus trossulus","W-Msc-140482"
-8.5,37.5,0.3,"Mytilus trossulus","W-Msc-140482"
-122,37,0.22,"Mytilus trossulus","W-Msc-140482"
-76.5,37,0.66,"Mytilus trossulus","W-Msc-140482"
-76,37,0.67,"Mytilus trossulus","W-Msc-140482"
-75.5,37,0.69,"Mytilus trossulus","W-Msc-140482"
-75,37,0.59,"Mytilus trossulus","W-Msc-140482"
-25,37,0.07,"Mytilus trossulus","W-Msc-140482"
-8.5,37,0.2,"Mytilus trossulus","W-Msc-140482"
-8,37,0.27,"Mytilus trossulus","W-Msc-140482"
-7.5,37,0.27,"Mytilus trossulus","W-Msc-140482"
-7,37,0.27,"Mytilus trossulus","W-Msc-140482"
-6.5,37,0.27,"Mytilus trossulus","W-Msc-140482"
-122,36.5,0.41,"Mytilus trossulus","W-Msc-140482"
-121.5,36.5,0.32,"Mytilus trossulus","W-Msc-140482"
-76,36.5,0.62,"Mytilus trossulus","W-Msc-140482"
-75.5,36.5,0.66,"Mytilus trossulus","W-Msc-140482"
-75,36.5,0.52,"Mytilus trossulus","W-Msc-140482"
-25,36.5,0.04,"Mytilus trossulus","W-Msc-140482"
-8,36.5,0.08,"Mytilus trossulus","W-Msc-140482"
-7.5,36.5,0.11,"Mytilus trossulus","W-Msc-140482"
-6.5,36.5,0.25,"Mytilus trossulus","W-Msc-140482"
-6,36.5,0.26,"Mytilus trossulus","W-Msc-140482"
-121.5,36,0.52,"Mytilus trossulus","W-Msc-140482"
-121,36,0.38,"Mytilus trossulus","W-Msc-140482"
-76.5,36,0.54,"Mytilus trossulus","W-Msc-140482"
-76,36,0.54,"Mytilus trossulus","W-Msc-140482"
-75.5,36,0.51,"Mytilus trossulus","W-Msc-140482"
-75,36,0.4,"Mytilus trossulus","W-Msc-140482"
-6,36,0.25,"Mytilus trossulus","W-Msc-140482"
-5.5,36,0.25,"Mytilus trossulus","W-Msc-140482"
-121,35.5,0.55,"Mytilus trossulus","W-Msc-140482"
-76.5,35.5,0.48,"Mytilus trossulus","W-Msc-140482"
-76,35.5,0.38,"Mytilus trossulus","W-Msc-140482"
-75.5,35.5,0.34,"Mytilus trossulus","W-Msc-140482"
-75,35.5,0.27,"Mytilus trossulus","W-Msc-140482"
-120.5,35,0.56,"Mytilus trossulus","W-Msc-140482"
-76.5,35,0.3,"Mytilus trossulus","W-Msc-140482"
-76,35,0.18,"Mytilus trossulus","W-Msc-140482"
-75.5,35,0.17,"Mytilus trossulus","W-Msc-140482"
-75,35,0.12,"Mytilus trossulus","W-Msc-140482"
-74.5,35,0.07,"Mytilus trossulus","W-Msc-140482"
-120.5,34.5,0.61,"Mytilus trossulus","W-Msc-140482"
-120,34.5,0.58,"Mytilus trossulus","W-Msc-140482"
-77,34.5,0.25,"Mytilus trossulus","W-Msc-140482"
-76.5,34.5,0.17,"Mytilus trossulus","W-Msc-140482"
-76,34.5,0.13,"Mytilus trossulus","W-Msc-140482"
-75.5,34.5,0.09,"Mytilus trossulus","W-Msc-140482"
-120,34,0.64,"Mytilus trossulus","W-Msc-140482"
-119.5,34,0.58,"Mytilus trossulus","W-Msc-140482"
-119,34,0.53,"Mytilus trossulus","W-Msc-140482"
-118.5,34,0.49,"Mytilus trossulus","W-Msc-140482"
-118,34,0.51,"Mytilus trossulus","W-Msc-140482"
-77.5,34,0.18,"Mytilus trossulus","W-Msc-140482"
-77,34,0.15,"Mytilus trossulus","W-Msc-140482"
-76.5,34,0.03,"Mytilus trossulus","W-Msc-140482"
-76,34,0.08,"Mytilus trossulus","W-Msc-140482"
-120,33.5,0.62,"Mytilus trossulus","W-Msc-140482"
-119.5,33.5,0.57,"Mytilus trossulus","W-Msc-140482"
-118.5,33.5,0.51,"Mytilus trossulus","W-Msc-140482"
-118,33.5,0.48,"Mytilus trossulus","W-Msc-140482"
-117.5,33.5,0.46,"Mytilus trossulus","W-Msc-140482"
-79,33.5,0.29,"Mytilus trossulus","W-Msc-140482"
-78.5,33.5,0.16,"Mytilus trossulus","W-Msc-140482"
-78,33.5,0.16,"Mytilus trossulus","W-Msc-140482"
-77.5,33.5,0.14,"Mytilus trossulus","W-Msc-140482"
-77,33.5,0.1,"Mytilus trossulus","W-Msc-140482"
-119.5,33,0.6,"Mytilus trossulus","W-Msc-140482"
-119,33,0.55,"Mytilus trossulus","W-Msc-140482"
-118.5,33,0.51,"Mytilus trossulus","W-Msc-140482"
-118,33,0.49,"Mytilus trossulus","W-Msc-140482"
-117.5,33,0.48,"Mytilus trossulus","W-Msc-140482"
-117,33,0.4,"Mytilus trossulus","W-Msc-140482"
-79.5,33,0.24,"Mytilus trossulus","W-Msc-140482"
-79,33,0.15,"Mytilus trossulus","W-Msc-140482"
-78.5,33,0.13,"Mytilus trossulus","W-Msc-140482"
-78,33,0.02,"Mytilus trossulus","W-Msc-140482"
-77,33,0.06,"Mytilus trossulus","W-Msc-140482"
-118.5,32.5,0.52,"Mytilus trossulus","W-Msc-140482"
-118,32.5,0.49,"Mytilus trossulus","W-Msc-140482"
-117,32.5,0.49,"Mytilus trossulus","W-Msc-140482"
-80.5,32.5,0.13,"Mytilus trossulus","W-Msc-140482"
-80,32.5,0.21,"Mytilus trossulus","W-Msc-140482"
-79.5,32.5,0.14,"Mytilus trossulus","W-Msc-140482"
-79,32.5,0.12,"Mytilus trossulus","W-Msc-140482"
-64.5,32.5,0.1,"Mytilus trossulus","W-Msc-140482"
-117,32,0.51,"Mytilus trossulus","W-Msc-140482"
-116.5,32,0.44,"Mytilus trossulus","W-Msc-140482"
-80.5,32,0.18,"Mytilus trossulus","W-Msc-140482"
-80,32,0.15,"Mytilus trossulus","W-Msc-140482"
-79.5,32,0.07,"Mytilus trossulus","W-Msc-140482"
-79,32,0.01,"Mytilus trossulus","W-Msc-140482"
-64.5,32,0.09,"Mytilus trossulus","W-Msc-140482"
-116.5,31.5,0.49,"Mytilus trossulus","W-Msc-140482"
-114.5,31.5,0.03,"Mytilus trossulus","W-Msc-140482"
-114,31.5,0.15,"Mytilus trossulus","W-Msc-140482"
-113.5,31.5,0.14,"Mytilus trossulus","W-Msc-140482"
-81,31.5,0.2,"Mytilus trossulus","W-Msc-140482"
-80.5,31.5,0.17,"Mytilus trossulus","W-Msc-140482"
-80,31.5,0.1,"Mytilus trossulus","W-Msc-140482"
-116.5,31,0.51,"Mytilus trossulus","W-Msc-140482"
-116,31,0.44,"Mytilus trossulus","W-Msc-140482"
-114.5,31,0.04,"Mytilus trossulus","W-Msc-140482"
-114,31,0.05,"Mytilus trossulus","W-Msc-140482"
-113.5,31,0.04,"Mytilus trossulus","W-Msc-140482"
-113,31,0.05,"Mytilus trossulus","W-Msc-140482"
-81,31,0.17,"Mytilus trossulus","W-Msc-140482"
-80.5,31,0.11,"Mytilus trossulus","W-Msc-140482"
-116,30.5,0.5,"Mytilus trossulus","W-Msc-140482"
-115.5,30.5,0.36,"Mytilus trossulus","W-Msc-140482"
-114.5,30.5,0.06,"Mytilus trossulus","W-Msc-140482"
-114,30.5,0.03,"Mytilus trossulus","W-Msc-140482"
-113,30.5,0.05,"Mytilus trossulus","W-Msc-140482"
-112.5,30.5,0.06,"Mytilus trossulus","W-Msc-140482"
-88,30.5,0.26,"Mytilus trossulus","W-Msc-140482"
-87.5,30.5,0.26,"Mytilus trossulus","W-Msc-140482"
-87,30.5,0.25,"Mytilus trossulus","W-Msc-140482"
-86.5,30.5,0.25,"Mytilus trossulus","W-Msc-140482"
-86,30.5,0.25,"Mytilus trossulus","W-Msc-140482"
-81,30.5,0.13,"Mytilus trossulus","W-Msc-140482"
-80.5,30.5,0.04,"Mytilus trossulus","W-Msc-140482"
-116,30,0.49,"Mytilus trossulus","W-Msc-140482"
-115.5,30,0.41,"Mytilus trossulus","W-Msc-140482"
-114.5,30,0.19,"Mytilus trossulus","W-Msc-140482"
-114,30,0.08,"Mytilus trossulus","W-Msc-140482"
-112.5,30,0.07,"Mytilus trossulus","W-Msc-140482"
-93.5,30,0.13,"Mytilus trossulus","W-Msc-140482"
-90,30,0.23,"Mytilus trossulus","W-Msc-140482"
-89.5,30,0.22,"Mytilus trossulus","W-Msc-140482"
-89,30,0.23,"Mytilus trossulus","W-Msc-140482"
-88.5,30,0.24,"Mytilus trossulus","W-Msc-140482"
-88,30,0.23,"Mytilus trossulus","W-Msc-140482"
-87.5,30,0.22,"Mytilus trossulus","W-Msc-140482"
-87,30,0.21,"Mytilus trossulus","W-Msc-140482"
-86.5,30,0.17,"Mytilus trossulus","W-Msc-140482"
-86,30,0.16,"Mytilus trossulus","W-Msc-140482"
-85.5,30,0.16,"Mytilus trossulus","W-Msc-140482"
-85,30,0.08,"Mytilus trossulus","W-Msc-140482"
-84,30,0.15,"Mytilus trossulus","W-Msc-140482"
-83.5,30,0.15,"Mytilus trossulus","W-Msc-140482"
-81,30,0.11,"Mytilus trossulus","W-Msc-140482"
-80.5,30,0.03,"Mytilus trossulus","W-Msc-140482"
-115.5,29.5,0.46,"Mytilus trossulus","W-Msc-140482"
-115,29.5,0.38,"Mytilus trossulus","W-Msc-140482"
-114,29.5,0.08,"Mytilus trossulus","W-Msc-140482"
-113.5,29.5,0.09,"Mytilus trossulus","W-Msc-140482"
-113,29.5,0.08,"Mytilus trossulus","W-Msc-140482"
-112.5,29.5,0.07,"Mytilus trossulus","W-Msc-140482"
-112,29.5,0.08,"Mytilus trossulus","W-Msc-140482"
-94.5,29.5,0.24,"Mytilus trossulus","W-Msc-140482"
-94,29.5,0.24,"Mytilus trossulus","W-Msc-140482"
-93.5,29.5,0.24,"Mytilus trossulus","W-Msc-140482"
-93,29.5,0.23,"Mytilus trossulus","W-Msc-140482"
-92.5,29.5,0.23,"Mytilus trossulus","W-Msc-140482"
-92,29.5,0.23,"Mytilus trossulus","W-Msc-140482"
-91.5,29.5,0.23,"Mytilus trossulus","W-Msc-140482"
-91,29.5,0.23,"Mytilus trossulus","W-Msc-140482"
-90,29.5,0.11,"Mytilus trossulus","W-Msc-140482"
-89.5,29.5,0.22,"Mytilus trossulus","W-Msc-140482"
-89,29.5,0.23,"Mytilus trossulus","W-Msc-140482"
-88.5,29.5,0.2,"Mytilus trossulus","W-Msc-140482"
-88,29.5,0.18,"Mytilus trossulus","W-Msc-140482"
-87.5,29.5,0.17,"Mytilus trossulus","W-Msc-140482"
-87,29.5,0.14,"Mytilus trossulus","W-Msc-140482"
-86,29.5,0.07,"Mytilus trossulus","W-Msc-140482"
-85.5,29.5,0.12,"Mytilus trossulus","W-Msc-140482"
-85,29.5,0.15,"Mytilus trossulus","W-Msc-140482"
-84.5,29.5,0.13,"Mytilus trossulus","W-Msc-140482"
-84,29.5,0.13,"Mytilus trossulus","W-Msc-140482"
-83.5,29.5,0.13,"Mytilus trossulus","W-Msc-140482"
-83,29.5,0.13,"Mytilus trossulus","W-Msc-140482"
-81,29.5,0.1,"Mytilus trossulus","W-Msc-140482"
-80.5,29.5,0.07,"Mytilus trossulus","W-Msc-140482"
-118,29,0.45,"Mytilus trossulus","W-Msc-140482"
-115,29,0.5,"Mytilus trossulus","W-Msc-140482"
-114.5,29,0.34,"Mytilus trossulus","W-Msc-140482"
-113.5,29,0.2,"Mytilus trossulus","W-Msc-140482"
-113,29,0.17,"Mytilus trossulus","W-Msc-140482"
-112,29,0.11,"Mytilus trossulus","W-Msc-140482"
-95,29,0.23,"Mytilus trossulus","W-Msc-140482"
-94.5,29,0.23,"Mytilus trossulus","W-Msc-140482"
-94,29,0.22,"Mytilus trossulus","W-Msc-140482"
-93.5,29,0.18,"Mytilus trossulus","W-Msc-140482"
-93,29,0.11,"Mytilus trossulus","W-Msc-140482"
-92.5,29,0.15,"Mytilus trossulus","W-Msc-140482"
-92,29,0.2,"Mytilus trossulus","W-Msc-140482"
-91.5,29,0.21,"Mytilus trossulus","W-Msc-140482"
-91,29,0.2,"Mytilus trossulus","W-Msc-140482"
-90.5,29,0.19,"Mytilus trossulus","W-Msc-140482"
-90,29,0.19,"Mytilus trossulus","W-Msc-140482"
-89.5,29,0.19,"Mytilus trossulus","W-Msc-140482"
-89,29,0.17,"Mytilus trossulus","W-Msc-140482"
-88.5,29,0.15,"Mytilus trossulus","W-Msc-140482"
-85,29,0.1,"Mytilus trossulus","W-Msc-140482"
-84.5,29,0.07,"Mytilus trossulus","W-Msc-140482"
-84,29,0.01,"Mytilus trossulus","W-Msc-140482"
-83.5,29,0.07,"Mytilus trossulus","W-Msc-140482"
-83,29,0.12,"Mytilus trossulus","W-Msc-140482"
-82.5,29,0.12,"Mytilus trossulus","W-Msc-140482"
-81,29,0.09,"Mytilus trossulus","W-Msc-140482"
-80.5,29,0.07,"Mytilus trossulus","W-Msc-140482"
-80,29,0.03,"Mytilus trossulus","W-Msc-140482"
-118,28.5,0.44,"Mytilus trossulus","W-Msc-140482"
-114.5,28.5,0.2,"Mytilus trossulus","W-Msc-140482"
-114,28.5,0.34,"Mytilus trossulus","W-Msc-140482"
-113.5,28.5,0.27,"Mytilus trossulus","W-Msc-140482"
-113,28.5,0.22,"Mytilus trossulus","W-Msc-140482"
-112.5,28.5,0.17,"Mytilus trossulus","W-Msc-140482"
-112,28.5,0.14,"Mytilus trossulus","W-Msc-140482"
-111.5,28.5,0.1,"Mytilus trossulus","W-Msc-140482"
-96.5,28.5,0.19,"Mytilus trossulus","W-Msc-140482"
-96,28.5,0.18,"Mytilus trossulus","W-Msc-140482"
-95.5,28.5,0.19,"Mytilus trossulus","W-Msc-140482"
-95,28.5,0.19,"Mytilus trossulus","W-Msc-140482"
-94.5,28.5,0.07,"Mytilus trossulus","W-Msc-140482"
-94,28.5,0.02,"Mytilus trossulus","W-Msc-140482"
-93.5,28.5,0.01,"Mytilus trossulus","W-Msc-140482"
-93,28.5,0.01,"Mytilus trossulus","W-Msc-140482"
-91.5,28.5,0.06,"Mytilus trossulus","W-Msc-140482"
-91,28.5,0.16,"Mytilus trossulus","W-Msc-140482"
-90.5,28.5,0.16,"Mytilus trossulus","W-Msc-140482"
-90,28.5,0.15,"Mytilus trossulus","W-Msc-140482"
-89.5,28.5,0.03,"Mytilus trossulus","W-Msc-140482"
-89,28.5,0.12,"Mytilus trossulus","W-Msc-140482"
-83.5,28.5,0.02,"Mytilus trossulus","W-Msc-140482"
-83,28.5,0.07,"Mytilus trossulus","W-Msc-140482"
-82.5,28.5,0.11,"Mytilus trossulus","W-Msc-140482"
-80.5,28.5,0.07,"Mytilus trossulus","W-Msc-140482"
-80,28.5,0.04,"Mytilus trossulus","W-Msc-140482"
-115.5,28,0.44,"Mytilus trossulus","W-Msc-140482"
-115,28,0.44,"Mytilus trossulus","W-Msc-140482"
-114.5,28,0.44,"Mytilus trossulus","W-Msc-140482"
-114,28,0.43,"Mytilus trossulus","W-Msc-140482"
-112.5,28,0.17,"Mytilus trossulus","W-Msc-140482"
-111.5,28,0.07,"Mytilus trossulus","W-Msc-140482"
-111,28,0.1,"Mytilus trossulus","W-Msc-140482"
-97,28,0.16,"Mytilus trossulus","W-Msc-140482"
-96.5,28,0.16,"Mytilus trossulus","W-Msc-140482"
-96,28,0.13,"Mytilus trossulus","W-Msc-140482"
-95.5,28,0.05,"Mytilus trossulus","W-Msc-140482"
-83,28,0.05,"Mytilus trossulus","W-Msc-140482"
-82.5,28,0.09,"Mytilus trossulus","W-Msc-140482"
-80.5,28,0.06,"Mytilus trossulus","W-Msc-140482"
-80,28,0.04,"Mytilus trossulus","W-Msc-140482"
-115,27.5,0.43,"Mytilus trossulus","W-Msc-140482"
-114.5,27.5,0.42,"Mytilus trossulus","W-Msc-140482"
-114,27.5,0.4,"Mytilus trossulus","W-Msc-140482"
-113.5,27.5,0.33,"Mytilus trossulus","W-Msc-140482"
-112.5,27.5,0.2,"Mytilus trossulus","W-Msc-140482"
-112,27.5,0.07,"Mytilus trossulus","W-Msc-140482"
-111,27.5,0.05,"Mytilus trossulus","W-Msc-140482"
-110.5,27.5,0.1,"Mytilus trossulus","W-Msc-140482"
-97,27.5,0.14,"Mytilus trossulus","W-Msc-140482"
-96.5,27.5,0.12,"Mytilus trossulus","W-Msc-140482"
-83,27.5,0.03,"Mytilus trossulus","W-Msc-140482"
-82.5,27.5,0.08,"Mytilus trossulus","W-Msc-140482"
-82,27.5,0.07,"Mytilus trossulus","W-Msc-140482"
-80.5,27.5,0.05,"Mytilus trossulus","W-Msc-140482"
-80,27.5,0.04,"Mytilus trossulus","W-Msc-140482"
-114.5,27,0.4,"Mytilus trossulus","W-Msc-140482"
-114,27,0.38,"Mytilus trossulus","W-Msc-140482"
-113.5,27,0.35,"Mytilus trossulus","W-Msc-140482"
-112,27,0.04,"Mytilus trossulus","W-Msc-140482"
-111.5,27,0.03,"Mytilus trossulus","W-Msc-140482"
-110.5,27,0.06,"Mytilus trossulus","W-Msc-140482"
-110,27,0.1,"Mytilus trossulus","W-Msc-140482"
-109.5,27,0.1,"Mytilus trossulus","W-Msc-140482"
-97.5,27,0.06,"Mytilus trossulus","W-Msc-140482"
-97,27,0.08,"Mytilus trossulus","W-Msc-140482"
-82.5,27,0.04,"Mytilus trossulus","W-Msc-140482"
-82,27,0.06,"Mytilus trossulus","W-Msc-140482"
-80,27,0.03,"Mytilus trossulus","W-Msc-140482"
-78.5,27,0.01,"Mytilus trossulus","W-Msc-140482"
-78,27,0.02,"Mytilus trossulus","W-Msc-140482"
-77.5,27,0.01,"Mytilus trossulus","W-Msc-140482"
-113.5,26.5,0.36,"Mytilus trossulus","W-Msc-140482"
-113,26.5,0.34,"Mytilus trossulus","W-Msc-140482"
-112.5,26.5,0.25,"Mytilus trossulus","W-Msc-140482"
-111.5,26.5,0.09,"Mytilus trossulus","W-Msc-140482"
-111,26.5,0.02,"Mytilus trossulus","W-Msc-140482"
-110,26.5,0.06,"Mytilus trossulus","W-Msc-140482"
-109.5,26.5,0.09,"Mytilus trossulus","W-Msc-140482"
-109,26.5,0.09,"Mytilus trossulus","W-Msc-140482"
-97,26.5,0.03,"Mytilus trossulus","W-Msc-140482"
-82,26.5,0.02,"Mytilus trossulus","W-Msc-140482"
-81.5,26.5,0.02,"Mytilus trossulus","W-Msc-140482"
-80,26.5,0.02,"Mytilus trossulus","W-Msc-140482"
-78.5,26.5,0.01,"Mytilus trossulus","W-Msc-140482"
-78,26.5,0.01,"Mytilus trossulus","W-Msc-140482"
-77.5,26.5,0.01,"Mytilus trossulus","W-Msc-140482"
-77,26.5,0.01,"Mytilus trossulus","W-Msc-140482"
-112.5,26,0.3,"Mytilus trossulus","W-Msc-140482"
-112,26,0.23,"Mytilus trossulus","W-Msc-140482"
-111,26,0.02,"Mytilus trossulus","W-Msc-140482"
-109.5,26,0.06,"Mytilus trossulus","W-Msc-140482"
-109,26,0.08,"Mytilus trossulus","W-Msc-140482"
-97,26,0.02,"Mytilus trossulus","W-Msc-140482"
-82,26,0.01,"Mytilus trossulus","W-Msc-140482"
-81.5,26,0.02,"Mytilus trossulus","W-Msc-140482"
-80,26,0.01,"Mytilus trossulus","W-Msc-140482"
-170.5,25.5,0.01,"Mytilus trossulus","W-Msc-140482"
-112.5,25.5,0.29,"Mytilus trossulus","W-Msc-140482"
-112,25.5,0.28,"Mytilus trossulus","W-Msc-140482"
-111,25.5,0.03,"Mytilus trossulus","W-Msc-140482"
-110.5,25.5,0.02,"Mytilus trossulus","W-Msc-140482"
-109,25.5,0.08,"Mytilus trossulus","W-Msc-140482"
-108.5,25.5,0.08,"Mytilus trossulus","W-Msc-140482"
-97,25.5,0.01,"Mytilus trossulus","W-Msc-140482"
-81.5,25.5,0.01,"Mytilus trossulus","W-Msc-140482"
-81,25.5,0.01,"Mytilus trossulus","W-Msc-140482"
-170.5,25,0.01,"Mytilus trossulus","W-Msc-140482"
-112,25,0.27,"Mytilus trossulus","W-Msc-140482"
-110.5,25,0.03,"Mytilus trossulus","W-Msc-140482"
-109,25,0.07,"Mytilus trossulus","W-Msc-140482"
-108.5,25,0.07,"Mytilus trossulus","W-Msc-140482"
-108,25,0.07,"Mytilus trossulus","W-Msc-140482"
-107.5,25,0.04,"Mytilus trossulus","W-Msc-140482"
-112,24.5,0.25,"Mytilus trossulus","W-Msc-140482"
-111.5,24.5,0.15,"Mytilus trossulus","W-Msc-140482"
-110.5,24.5,0.03,"Mytilus trossulus","W-Msc-140482"
-110,24.5,0.03,"Mytilus trossulus","W-Msc-140482"
-108,24.5,0.06,"Mytilus trossulus","W-Msc-140482"
-107.5,24.5,0.06,"Mytilus trossulus","W-Msc-140482"
-111.5,24,0.08,"Mytilus trossulus","W-Msc-140482"
-111,24,0.07,"Mytilus trossulus","W-Msc-140482"
-110.5,24,0.05,"Mytilus trossulus","W-Msc-140482"
-110,24,0.03,"Mytilus trossulus","W-Msc-140482"
-109.5,24,0.02,"Mytilus trossulus","W-Msc-140482"
-107.5,24,0.05,"Mytilus trossulus","W-Msc-140482"
-107,24,0.05,"Mytilus trossulus","W-Msc-140482"
-97.5,24,0.01,"Mytilus trossulus","W-Msc-140482"
-110.5,23.5,0.06,"Mytilus trossulus","W-Msc-140482"
-110,23.5,0.04,"Mytilus trossulus","W-Msc-140482"
-109.5,23.5,0.02,"Mytilus trossulus","W-Msc-140482"
-109,23.5,0.02,"Mytilus trossulus","W-Msc-140482"
-107,23.5,0.04,"Mytilus trossulus","W-Msc-140482"
-106.5,23.5,0.04,"Mytilus trossulus","W-Msc-140482"
-97.5,23.5,0.03,"Mytilus trossulus","W-Msc-140482"
-110,23,0.05,"Mytilus trossulus","W-Msc-140482"
-109.5,23,0.03,"Mytilus trossulus","W-Msc-140482"
-109,23,0.02,"Mytilus trossulus","W-Msc-140482"
-106.5,23,0.03,"Mytilus trossulus","W-Msc-140482"
-106,23,0.03,"Mytilus trossulus","W-Msc-140482"
-97.5,23,0.04,"Mytilus trossulus","W-Msc-140482"
-110,22.5,0.03,"Mytilus trossulus","W-Msc-140482"
-109.5,22.5,0.02,"Mytilus trossulus","W-Msc-140482"
-106,22.5,0.02,"Mytilus trossulus","W-Msc-140482"
-105.5,22.5,0.02,"Mytilus trossulus","W-Msc-140482"
-97.5,22.5,0.04,"Mytilus trossulus","W-Msc-140482"
-160,22,0.01,"Mytilus trossulus","W-Msc-140482"
-159.5,22,0.01,"Mytilus trossulus","W-Msc-140482"
-159,22,0.01,"Mytilus trossulus","W-Msc-140482"
-97.5,22,0.04,"Mytilus trossulus","W-Msc-140482"
-89.5,22,0.01,"Mytilus trossulus","W-Msc-140482"
-89,22,0.01,"Mytilus trossulus","W-Msc-140482"
-88.5,22,0.01,"Mytilus trossulus","W-Msc-140482"
-87.5,22,0.01,"Mytilus trossulus","W-Msc-140482"
-159.5,21.5,0.01,"Mytilus trossulus","W-Msc-140482"
-159,21.5,0.01,"Mytilus trossulus","W-Msc-140482"
-158,21.5,0.01,"Mytilus trossulus","W-Msc-140482"
-157.5,21.5,0.01,"Mytilus trossulus","W-Msc-140482"
-97.5,21.5,0.03,"Mytilus trossulus","W-Msc-140482"
-97,21.5,0.01,"Mytilus trossulus","W-Msc-140482"
-90.5,21.5,0.01,"Mytilus trossulus","W-Msc-140482"
-90,21.5,0.02,"Mytilus trossulus","W-Msc-140482"
-89.5,21.5,0.03,"Mytilus trossulus","W-Msc-140482"
-89,21.5,0.03,"Mytilus trossulus","W-Msc-140482"
-88.5,21.5,0.03,"Mytilus trossulus","W-Msc-140482"
-88,21.5,0.03,"Mytilus trossulus","W-Msc-140482"
-87.5,21.5,0.03,"Mytilus trossulus","W-Msc-140482"
-87,21.5,0.02,"Mytilus trossulus","W-Msc-140482"
-158,21,0.01,"Mytilus trossulus","W-Msc-140482"
-157.5,21,0.01,"Mytilus trossulus","W-Msc-140482"
-157,21,0.01,"Mytilus trossulus","W-Msc-140482"
-156.5,21,0.02,"Mytilus trossulus","W-Msc-140482"
-97,21,0.02,"Mytilus trossulus","W-Msc-140482"
-90.5,21,0.02,"Mytilus trossulus","W-Msc-140482"
-90,21,0.02,"Mytilus trossulus","W-Msc-140482"
-89.5,21,0.02,"Mytilus trossulus","W-Msc-140482"
-89,21,0.02,"Mytilus trossulus","W-Msc-140482"
-88.5,21,0.02,"Mytilus trossulus","W-Msc-140482"
-156.5,20.5,0.01,"Mytilus trossulus","W-Msc-140482"
-156,20.5,0.02,"Mytilus trossulus","W-Msc-140482"
-155.5,20.5,0.02,"Mytilus trossulus","W-Msc-140482"
-97,20.5,0.03,"Mytilus trossulus","W-Msc-140482"
-90.5,20.5,0.01,"Mytilus trossulus","W-Msc-140482"
-90,20.5,0.01,"Mytilus trossulus","W-Msc-140482"
-155.5,20,0.02,"Mytilus trossulus","W-Msc-140482"
-155,20,0.02,"Mytilus trossulus","W-Msc-140482"
-96.5,20,0.02,"Mytilus trossulus","W-Msc-140482"
-155.5,19.5,0.02,"Mytilus trossulus","W-Msc-140482"
-155,19.5,0.02,"Mytilus trossulus","W-Msc-140482"
-154.5,19.5,0.02,"Mytilus trossulus","W-Msc-140482"
-96,19.5,0.02,"Mytilus trossulus","W-Msc-140482"
-155.5,19,0.02,"Mytilus trossulus","W-Msc-140482"
-155,19,0.02,"Mytilus trossulus","W-Msc-140482"
-154.5,19,0.01,"Mytilus trossulus","W-Msc-140482"
-110.5,19,0.01,"Mytilus trossulus","W-Msc-140482"
-96,19,0.01,"Mytilus trossulus","W-Msc-140482"
-95.5,19,0.02,"Mytilus trossulus","W-Msc-140482"
-155.5,18.5,0.02,"Mytilus trossulus","W-Msc-140482"
-110.5,18.5,0.01,"Mytilus trossulus","W-Msc-140482"
-95.5,18.5,0.01,"Mytilus trossulus","W-Msc-140482"
-95,18.5,0.01,"Mytilus trossulus","W-Msc-140482"
-94,18,0.01,"Mytilus trossulus","W-Msc-140482"
-72.5,12,0.01,"Mytilus trossulus","W-Msc-140482"
-72,12,0.02,"Mytilus trossulus","W-Msc-140482"
-71.5,12,0.01,"Mytilus trossulus","W-Msc-140482"
-70.5,12,0.01,"Mytilus trossulus","W-Msc-140482"
-70,12,0.01,"Mytilus trossulus","W-Msc-140482"
-72.5,11.5,0.01,"Mytilus trossulus","W-Msc-140482"
-70,11.5,0.01,"Mytilus trossulus","W-Msc-140482"
-64,11,0.02,"Mytilus trossulus","W-Msc-140482"
-63.5,11,0.01,"Mytilus trossulus","W-Msc-140482"
-66.5,10.5,0.01,"Mytilus trossulus","W-Msc-140482"
-66,10.5,0.01,"Mytilus trossulus","W-Msc-140482"
-65,10.5,0.01,"Mytilus trossulus","W-Msc-140482"
-64,10.5,0.03,"Mytilus trossulus","W-Msc-140482"
-63.5,10.5,0.03,"Mytilus trossulus","W-Msc-140482"
-63,10.5,0.02,"Mytilus trossulus","W-Msc-140482"
-65.5,10,0.01,"Mytilus trossulus","W-Msc-140482"
-65,10,0.01,"Mytilus trossulus","W-Msc-140482"
-64.5,10,0.02,"Mytilus trossulus","W-Msc-140482"
-64,10,0.02,"Mytilus trossulus","W-Msc-140482"
-63.5,10,0.01,"Mytilus trossulus","W-Msc-140482"
-77.5,2.5,0.01,"Mytilus trossulus","W-Msc-140482"
-78.5,2,0.01,"Mytilus trossulus","W-Msc-140482"
-78,2,0.01,"Mytilus trossulus","W-Msc-140482"
-91.5,1.5,0.05,"Mytilus trossulus","W-Msc-140482"
-78.5,1.5,0.02,"Mytilus trossulus","W-Msc-140482"
-78,1.5,0.02,"Mytilus trossulus","W-Msc-140482"
-79.5,1,0.03,"Mytilus trossulus","W-Msc-140482"
-79,1,0.02,"Mytilus trossulus","W-Msc-140482"
-78.5,1,0.04,"Mytilus trossulus","W-Msc-140482"
-90.5,0.5,0.1,"Mytilus trossulus","W-Msc-140482"
-80,0.5,0.05,"Mytilus trossulus","W-Msc-140482"
-79.5,0.5,0.05,"Mytilus trossulus","W-Msc-140482"
-91.5,0,0.15,"Mytilus trossulus","W-Msc-140482"
-91,0,0.13,"Mytilus trossulus","W-Msc-140482"
-90,0,0.12,"Mytilus trossulus","W-Msc-140482"
-89.5,0,0.11,"Mytilus trossulus","W-Msc-140482"
-80,0,0.07,"Mytilus trossulus","W-Msc-140482"
-79.5,0,0.03,"Mytilus trossulus","W-Msc-140482"
-159.5,-0.5,0.01,"Mytilus trossulus","W-Msc-140482"
-91.5,-0.5,0.15,"Mytilus trossulus","W-Msc-140482"
-91,-0.5,0.16,"Mytilus trossulus","W-Msc-140482"
-90.5,-0.5,0.14,"Mytilus trossulus","W-Msc-140482"
-90,-0.5,0.14,"Mytilus trossulus","W-Msc-140482"
-80.5,-0.5,0.09,"Mytilus trossulus","W-Msc-140482"
-80,-0.5,0.08,"Mytilus trossulus","W-Msc-140482"
-91,-1,0.17,"Mytilus trossulus","W-Msc-140482"
-90.5,-1,0.16,"Mytilus trossulus","W-Msc-140482"
-90,-1,0.15,"Mytilus trossulus","W-Msc-140482"
-89.5,-1,0.15,"Mytilus trossulus","W-Msc-140482"
-89,-1,0.14,"Mytilus trossulus","W-Msc-140482"
-80.5,-1,0.1,"Mytilus trossulus","W-Msc-140482"
-80,-1,0.09,"Mytilus trossulus","W-Msc-140482"
-91,-1.5,0.16,"Mytilus trossulus","W-Msc-140482"
-90.5,-1.5,0.07,"Mytilus trossulus","W-Msc-140482"
-90,-1.5,0.15,"Mytilus trossulus","W-Msc-140482"
-89.5,-1.5,0.15,"Mytilus trossulus","W-Msc-140482"
-81,-1.5,0.13,"Mytilus trossulus","W-Msc-140482"
-80.5,-1.5,0.12,"Mytilus trossulus","W-Msc-140482"
-81,-2,0.15,"Mytilus trossulus","W-Msc-140482"
-80.5,-2,0.11,"Mytilus trossulus","W-Msc-140482"
-81,-2.5,0.16,"Mytilus trossulus","W-Msc-140482"
-80.5,-2.5,0.1,"Mytilus trossulus","W-Msc-140482"
-80,-2.5,0.06,"Mytilus trossulus","W-Msc-140482"
-79.5,-2.5,0.04,"Mytilus trossulus","W-Msc-140482"
-80.5,-3,0.03,"Mytilus trossulus","W-Msc-140482"
-80,-3,0.05,"Mytilus trossulus","W-Msc-140482"
-79.5,-3,0.08,"Mytilus trossulus","W-Msc-140482"
-80.5,-3.5,0.1,"Mytilus trossulus","W-Msc-140482"
-80,-3.5,0.04,"Mytilus trossulus","W-Msc-140482"
-79.5,-3.5,0.08,"Mytilus trossulus","W-Msc-140482"
-80.5,-4,0.12,"Mytilus trossulus","W-Msc-140482"
-80,-4,0.03,"Mytilus trossulus","W-Msc-140482"
-81,-4.5,0.24,"Mytilus trossulus","W-Msc-140482"
-81,-5,0.27,"Mytilus trossulus","W-Msc-140482"
-81,-5.5,0.27,"Mytilus trossulus","W-Msc-140482"
-80.5,-5.5,0.11,"Mytilus trossulus","W-Msc-140482"
-81,-6,0.26,"Mytilus trossulus","W-Msc-140482"
-80.5,-6,0.08,"Mytilus trossulus","W-Msc-140482"
-81,-6.5,0.07,"Mytilus trossulus","W-Msc-140482"
-80,-6.5,0.07,"Mytilus trossulus","W-Msc-140482"
-80.5,-7,0.15,"Mytilus trossulus","W-Msc-140482"
-80,-7,0.04,"Mytilus trossulus","W-Msc-140482"
-79.5,-7,0.11,"Mytilus trossulus","W-Msc-140482"
-80,-7.5,0.29,"Mytilus trossulus","W-Msc-140482"
-79.5,-7.5,0.16,"Mytilus trossulus","W-Msc-140482"
-80,-8,0.28,"Mytilus trossulus","W-Msc-140482"
-79.5,-8,0.21,"Mytilus trossulus","W-Msc-140482"
-79,-8,0.14,"Mytilus trossulus","W-Msc-140482"
-79,-8.5,0.12,"Mytilus trossulus","W-Msc-140482"
-78.5,-8.5,0.13,"Mytilus trossulus","W-Msc-140482"
-79.5,-9,0.28,"Mytilus trossulus","W-Msc-140482"
-78.5,-9,0.14,"Mytilus trossulus","W-Msc-140482"
-78.5,-9.5,0.18,"Mytilus trossulus","W-Msc-140482"
-78,-9.5,0.12,"Mytilus trossulus","W-Msc-140482"
-78,-10,0.13,"Mytilus trossulus","W-Msc-140482"
-78,-10.5,0.15,"Mytilus trossulus","W-Msc-140482"
-77.5,-10.5,0.09,"Mytilus trossulus","W-Msc-140482"
-77.5,-11,0.08,"Mytilus trossulus","W-Msc-140482"
-77.5,-11.5,0.05,"Mytilus trossulus","W-Msc-140482"
-77,-11.5,0.06,"Mytilus trossulus","W-Msc-140482"
-77,-12.5,0.2,"Mytilus trossulus","W-Msc-140482"
-76.5,-12.5,0.05,"Mytilus trossulus","W-Msc-140482"
-76.5,-13,0.18,"Mytilus trossulus","W-Msc-140482"
-76,-13,0.06,"Mytilus trossulus","W-Msc-140482"
-76,-13.5,0.13,"Mytilus trossulus","W-Msc-140482"
-38.5,-13.5,0.01,"Mytilus trossulus","W-Msc-140482"
-76,-14,0.23,"Mytilus trossulus","W-Msc-140482"
-76,-14.5,0.3,"Mytilus trossulus","W-Msc-140482"
-75.5,-14.5,0.21,"Mytilus trossulus","W-Msc-140482"
-39,-14.5,0.01,"Mytilus trossulus","W-Msc-140482"
-75.5,-15,0.29,"Mytilus trossulus","W-Msc-140482"
-75,-15,0.19,"Mytilus trossulus","W-Msc-140482"
-39,-15,0.01,"Mytilus trossulus","W-Msc-140482"
-75,-15.5,0.32,"Mytilus trossulus","W-Msc-140482"
-74.5,-15.5,0.17,"Mytilus trossulus","W-Msc-140482"
-39,-15.5,0.01,"Mytilus trossulus","W-Msc-140482"
-38.5,-15.5,0.01,"Mytilus trossulus","W-Msc-140482"
-74.5,-16,0.3,"Mytilus trossulus","W-Msc-140482"
-74,-16,0.13,"Mytilus trossulus","W-Msc-140482"
-73.5,-16,0.04,"Mytilus trossulus","W-Msc-140482"
-38.5,-16,0.01,"Mytilus trossulus","W-Msc-140482"
-73.5,-16.5,0.05,"Mytilus trossulus","W-Msc-140482"
-73,-16.5,0.02,"Mytilus trossulus","W-Msc-140482"
-39,-16.5,0.02,"Mytilus trossulus","W-Msc-140482"
-38.5,-16.5,0.02,"Mytilus trossulus","W-Msc-140482"
-72.5,-17,0.05,"Mytilus trossulus","W-Msc-140482"
-39,-17,0.02,"Mytilus trossulus","W-Msc-140482"
-38.5,-17,0.02,"Mytilus trossulus","W-Msc-140482"
-71,-17.5,0.01,"Mytilus trossulus","W-Msc-140482"
-39,-17.5,0.03,"Mytilus trossulus","W-Msc-140482"
-38.5,-17.5,0.02,"Mytilus trossulus","W-Msc-140482"
-71,-18,0.08,"Mytilus trossulus","W-Msc-140482"
-70.5,-18,0.08,"Mytilus trossulus","W-Msc-140482"
-39,-18,0.03,"Mytilus trossulus","W-Msc-140482"
-38.5,-18,0.02,"Mytilus trossulus","W-Msc-140482"
-38,-18,0.01,"Mytilus trossulus","W-Msc-140482"
-70.5,-18.5,0.16,"Mytilus trossulus","W-Msc-140482"
-70,-18.5,0.14,"Mytilus trossulus","W-Msc-140482"
-39.5,-18.5,0.03,"Mytilus trossulus","W-Msc-140482"
-39,-18.5,0.03,"Mytilus trossulus","W-Msc-140482"
-38.5,-18.5,0.02,"Mytilus trossulus","W-Msc-140482"
-38,-18.5,0.01,"Mytilus trossulus","W-Msc-140482"
-70,-19,0.17,"Mytilus trossulus","W-Msc-140482"
-39.5,-19,0.03,"Mytilus trossulus","W-Msc-140482"
-39,-19,0.03,"Mytilus trossulus","W-Msc-140482"
-38.5,-19,0.02,"Mytilus trossulus","W-Msc-140482"
-70,-19.5,0.18,"Mytilus trossulus","W-Msc-140482"
-39.5,-19.5,0.04,"Mytilus trossulus","W-Msc-140482"
-39,-19.5,0.03,"Mytilus trossulus","W-Msc-140482"
-38.5,-19.5,0.01,"Mytilus trossulus","W-Msc-140482"
-38,-19.5,0.01,"Mytilus trossulus","W-Msc-140482"
-70,-20,0.18,"Mytilus trossulus","W-Msc-140482"
-40,-20,0.05,"Mytilus trossulus","W-Msc-140482"
-39.5,-20,0.04,"Mytilus trossulus","W-Msc-140482"
-39,-20,0.02,"Mytilus trossulus","W-Msc-140482"
-38,-20,0.01,"Mytilus trossulus","W-Msc-140482"
-70,-20.5,0.2,"Mytilus trossulus","W-Msc-140482"
-40,-20.5,0.06,"Mytilus trossulus","W-Msc-140482"
-39.5,-20.5,0.02,"Mytilus trossulus","W-Msc-140482"
-70,-21,0.2,"Mytilus trossulus","W-Msc-140482"
-40.5,-21,0.07,"Mytilus trossulus","W-Msc-140482"
-40,-21,0.05,"Mytilus trossulus","W-Msc-140482"
-70,-21.5,0.24,"Mytilus trossulus","W-Msc-140482"
-41,-21.5,0.08,"Mytilus trossulus","W-Msc-140482"
-40.5,-21.5,0.08,"Mytilus trossulus","W-Msc-140482"
-40,-21.5,0.04,"Mytilus trossulus","W-Msc-140482"
-70,-22,0.27,"Mytilus trossulus","W-Msc-140482"
-41,-22,0.1,"Mytilus trossulus","W-Msc-140482"
-40.5,-22,0.08,"Mytilus trossulus","W-Msc-140482"
-40,-22,0.05,"Mytilus trossulus","W-Msc-140482"
-70,-22.5,0.3,"Mytilus trossulus","W-Msc-140482"
-41.5,-22.5,0.12,"Mytilus trossulus","W-Msc-140482"
-41,-22.5,0.11,"Mytilus trossulus","W-Msc-140482"
-40.5,-22.5,0.07,"Mytilus trossulus","W-Msc-140482"
-40,-22.5,0.05,"Mytilus trossulus","W-Msc-140482"
-70,-23,0.33,"Mytilus trossulus","W-Msc-140482"
-44,-23,0.09,"Mytilus trossulus","W-Msc-140482"
-43.5,-23,0.1,"Mytilus trossulus","W-Msc-140482"
-43,-23,0.1,"Mytilus trossulus","W-Msc-140482"
-42.5,-23,0.1,"Mytilus trossulus","W-Msc-140482"
-42,-23,0.1,"Mytilus trossulus","W-Msc-140482"
-41.5,-23,0.11,"Mytilus trossulus","W-Msc-140482"
-70.5,-23.5,0.34,"Mytilus trossulus","W-Msc-140482"
-70,-23.5,0.35,"Mytilus trossulus","W-Msc-140482"
-45,-23.5,0.11,"Mytilus trossulus","W-Msc-140482"
-44.5,-23.5,0.1,"Mytilus trossulus","W-Msc-140482"
-44,-23.5,0.1,"Mytilus trossulus","W-Msc-140482"
-43.5,-23.5,0.1,"Mytilus trossulus","W-Msc-140482"
-43,-23.5,0.1,"Mytilus trossulus","W-Msc-140482"
-70,-24,0.37,"Mytilus trossulus","W-Msc-140482"
-46,-24,0.12,"Mytilus trossulus","W-Msc-140482"
-45.5,-24,0.11,"Mytilus trossulus","W-Msc-140482"
-45,-24,0.11,"Mytilus trossulus","W-Msc-140482"
-44.5,-24,0.1,"Mytilus trossulus","W-Msc-140482"
-70.5,-24.5,0.39,"Mytilus trossulus","W-Msc-140482"
-70,-24.5,0.4,"Mytilus trossulus","W-Msc-140482"
-47,-24.5,0.15,"Mytilus trossulus","W-Msc-140482"
-46.5,-24.5,0.13,"Mytilus trossulus","W-Msc-140482"
-46,-24.5,0.12,"Mytilus trossulus","W-Msc-140482"
-45.5,-24.5,0.11,"Mytilus trossulus","W-Msc-140482"
-70.5,-25,0.39,"Mytilus trossulus","W-Msc-140482"
-70,-25,0.42,"Mytilus trossulus","W-Msc-140482"
-47.5,-25,0.16,"Mytilus trossulus","W-Msc-140482"
-47,-25,0.16,"Mytilus trossulus","W-Msc-140482"
-46.5,-25,0.03,"Mytilus trossulus","W-Msc-140482"
-87,-25.5,0.04,"Mytilus trossulus","W-Msc-140482"
-70.5,-25.5,0.38,"Mytilus trossulus","W-Msc-140482"
-70,-25.5,0.43,"Mytilus trossulus","W-Msc-140482"
-48.5,-25.5,0.08,"Mytilus trossulus","W-Msc-140482"
-48,-25.5,0.15,"Mytilus trossulus","W-Msc-140482"
-47.5,-25.5,0.15,"Mytilus trossulus","W-Msc-140482"
162,-25.5,0.03,"Mytilus trossulus","W-Msc-140482"
162.5,-25.5,0.03,"Mytilus trossulus","W-Msc-140482"
163,-25.5,0.03,"Mytilus trossulus","W-Msc-140482"
-86.5,-26,0.09,"Mytilus trossulus","W-Msc-140482"
-84,-26,0.14,"Mytilus trossulus","W-Msc-140482"
-70.5,-26,0.36,"Mytilus trossulus","W-Msc-140482"
-48.5,-26,0.17,"Mytilus trossulus","W-Msc-140482"
-48,-26,0.15,"Mytilus trossulus","W-Msc-140482"
-45.5,-26,0.06,"Mytilus trossulus","W-Msc-140482"
161.5,-26,0.04,"Mytilus trossulus","W-Msc-140482"
162,-26,0.04,"Mytilus trossulus","W-Msc-140482"
162.5,-26,0.04,"Mytilus trossulus","W-Msc-140482"
163,-26,0.03,"Mytilus trossulus","W-Msc-140482"
163.5,-26,0.03,"Mytilus trossulus","W-Msc-140482"
-80,-26.5,0.33,"Mytilus trossulus","W-Msc-140482"
-79.5,-26.5,0.33,"Mytilus trossulus","W-Msc-140482"
-70.5,-26.5,0.38,"Mytilus trossulus","W-Msc-140482"
-48.5,-26.5,0.18,"Mytilus trossulus","W-Msc-140482"
-48,-26.5,0.16,"Mytilus trossulus","W-Msc-140482"
162,-26.5,0.04,"Mytilus trossulus","W-Msc-140482"
162.5,-26.5,0.04,"Mytilus trossulus","W-Msc-140482"
-70.5,-27,0.42,"Mytilus trossulus","W-Msc-140482"
-48.5,-27,0.19,"Mytilus trossulus","W-Msc-140482"
-48,-27,0.17,"Mytilus trossulus","W-Msc-140482"
-70.5,-27.5,0.45,"Mytilus trossulus","W-Msc-140482"
-48.5,-27.5,0.2,"Mytilus trossulus","W-Msc-140482"
-48,-27.5,0.18,"Mytilus trossulus","W-Msc-140482"
-71,-28,0.47,"Mytilus trossulus","W-Msc-140482"
-70.5,-28,0.48,"Mytilus trossulus","W-Msc-140482"
-48.5,-28,0.21,"Mytilus trossulus","W-Msc-140482"
-48,-28,0.18,"Mytilus trossulus","W-Msc-140482"
-71,-28.5,0.43,"Mytilus trossulus","W-Msc-140482"
-48.5,-28.5,0.22,"Mytilus trossulus","W-Msc-140482"
153.5,-28.5,0.14,"Mytilus trossulus","W-Msc-140482"
154,-28.5,0.12,"Mytilus trossulus","W-Msc-140482"
-71,-29,0.48,"Mytilus trossulus","W-Msc-140482"
-49,-29,0.25,"Mytilus trossulus","W-Msc-140482"
-48.5,-29,0.22,"Mytilus trossulus","W-Msc-140482"
154,-29,0.12,"Mytilus trossulus","W-Msc-140482"
168,-29,0.18,"Mytilus trossulus","W-Msc-140482"
168.5,-29,0.18,"Mytilus trossulus","W-Msc-140482"
-177.5,-29.5,0.03,"Mytilus trossulus","W-Msc-140482"
-71.5,-29.5,0.51,"Mytilus trossulus","W-Msc-140482"
-71,-29.5,0.51,"Mytilus trossulus","W-Msc-140482"
-49.5,-29.5,0.32,"Mytilus trossulus","W-Msc-140482"
-49,-29.5,0.26,"Mytilus trossulus","W-Msc-140482"
153.5,-29.5,0.15,"Mytilus trossulus","W-Msc-140482"
154,-29.5,0.13,"Mytilus trossulus","W-Msc-140482"
159.5,-29.5,0.16,"Mytilus trossulus","W-Msc-140482"
168,-29.5,0.19,"Mytilus trossulus","W-Msc-140482"
168.5,-29.5,0.19,"Mytilus trossulus","W-Msc-140482"
-71,-30,0.53,"Mytilus trossulus","W-Msc-140482"
-51,-30,0.17,"Mytilus trossulus","W-Msc-140482"
-50,-30,0.34,"Mytilus trossulus","W-Msc-140482"
-49.5,-30,0.33,"Mytilus trossulus","W-Msc-140482"
153.5,-30,0.16,"Mytilus trossulus","W-Msc-140482"
159.5,-30,0.16,"Mytilus trossulus","W-Msc-140482"
-178,-30.5,0.03,"Mytilus trossulus","W-Msc-140482"
-71.5,-30.5,0.53,"Mytilus trossulus","W-Msc-140482"
-71,-30.5,0.55,"Mytilus trossulus","W-Msc-140482"
-51,-30.5,0.24,"Mytilus trossulus","W-Msc-140482"
-50.5,-30.5,0.37,"Mytilus trossulus","W-Msc-140482"
-50,-30.5,0.37,"Mytilus trossulus","W-Msc-140482"
-49.5,-30.5,0.28,"Mytilus trossulus","W-Msc-140482"
153.5,-30.5,0.15,"Mytilus trossulus","W-Msc-140482"
-178.5,-31,0.06,"Mytilus trossulus","W-Msc-140482"
-71.5,-31,0.5,"Mytilus trossulus","W-Msc-140482"
-51,-31,0.27,"Mytilus trossulus","W-Msc-140482"
-50.5,-31,0.28,"Mytilus trossulus","W-Msc-140482"
-50,-31,0.35,"Mytilus trossulus","W-Msc-140482"
153.5,-31,0.14,"Mytilus trossulus","W-Msc-140482"
-178.5,-31.5,0.08,"Mytilus trossulus","W-Msc-140482"
-71.5,-31.5,0.49,"Mytilus trossulus","W-Msc-140482"
-51.5,-31.5,0.38,"Mytilus trossulus","W-Msc-140482"
-51,-31.5,0.32,"Mytilus trossulus","W-Msc-140482"
-50.5,-31.5,0.34,"Mytilus trossulus","W-Msc-140482"
-50,-31.5,0.27,"Mytilus trossulus","W-Msc-140482"
153,-31.5,0.17,"Mytilus trossulus","W-Msc-140482"
153.5,-31.5,0.14,"Mytilus trossulus","W-Msc-140482"
159.5,-31.5,0.18,"Mytilus trossulus","W-Msc-140482"
-71.5,-32,0.51,"Mytilus trossulus","W-Msc-140482"
-71,-32,0.56,"Mytilus trossulus","W-Msc-140482"
-52,-32,0.48,"Mytilus trossulus","W-Msc-140482"
-51.5,-32,0.45,"Mytilus trossulus","W-Msc-140482"
-51,-32,0.4,"Mytilus trossulus","W-Msc-140482"
153,-32,0.18,"Mytilus trossulus","W-Msc-140482"
159.5,-32,0.19,"Mytilus trossulus","W-Msc-140482"
-71.5,-32.5,0.46,"Mytilus trossulus","W-Msc-140482"
-71,-32.5,0.56,"Mytilus trossulus","W-Msc-140482"
-52,-32.5,0.49,"Mytilus trossulus","W-Msc-140482"
-51.5,-32.5,0.45,"Mytilus trossulus","W-Msc-140482"
-51,-32.5,0.36,"Mytilus trossulus","W-Msc-140482"
152.5,-32.5,0.19,"Mytilus trossulus","W-Msc-140482"
153,-32.5,0.17,"Mytilus trossulus","W-Msc-140482"
-71.5,-33,0.51,"Mytilus trossulus","W-Msc-140482"
-71,-33,0.55,"Mytilus trossulus","W-Msc-140482"
-52.5,-33,0.55,"Mytilus trossulus","W-Msc-140482"
-52,-33,0.51,"Mytilus trossulus","W-Msc-140482"
-51.5,-33,0.43,"Mytilus trossulus","W-Msc-140482"
152,-33,0.21,"Mytilus trossulus","W-Msc-140482"
152.5,-33,0.2,"Mytilus trossulus","W-Msc-140482"
-71.5,-33.5,0.48,"Mytilus trossulus","W-Msc-140482"
-58.5,-33.5,0.07,"Mytilus trossulus","W-Msc-140482"
-58,-33.5,0.11,"Mytilus trossulus","W-Msc-140482"
-53,-33.5,0.57,"Mytilus trossulus","W-Msc-140482"
-52.5,-33.5,0.55,"Mytilus trossulus","W-Msc-140482"
-52,-33.5,0.51,"Mytilus trossulus","W-Msc-140482"
-51.5,-33.5,0.42,"Mytilus trossulus","W-Msc-140482"
151.5,-33.5,0.22,"Mytilus trossulus","W-Msc-140482"
152,-33.5,0.21,"Mytilus trossulus","W-Msc-140482"
-80.5,-34,0.42,"Mytilus trossulus","W-Msc-140482"
-78.5,-34,0.45,"Mytilus trossulus","W-Msc-140482"
-71.5,-34,0.48,"Mytilus trossulus","W-Msc-140482"
-53.5,-34,0.59,"Mytilus trossulus","W-Msc-140482"
-53,-34,0.6,"Mytilus trossulus","W-Msc-140482"
-52.5,-34,0.57,"Mytilus trossulus","W-Msc-140482"
-52,-34,0.45,"Mytilus trossulus","W-Msc-140482"
-51.5,-34,0.37,"Mytilus trossulus","W-Msc-140482"
151.5,-34,0.23,"Mytilus trossulus","W-Msc-140482"
-71.5,-34.5,0.47,"Mytilus trossulus","W-Msc-140482"
-57,-34.5,0.17,"Mytilus trossulus","W-Msc-140482"
-53.5,-34.5,0.62,"Mytilus trossulus","W-Msc-140482"
-53,-34.5,0.61,"Mytilus trossulus","W-Msc-140482"
-51.5,-34.5,0.29,"Mytilus trossulus","W-Msc-140482"
151,-34.5,0.23,"Mytilus trossulus","W-Msc-140482"
151.5,-34.5,0.22,"Mytilus trossulus","W-Msc-140482"
172.5,-34.5,0.33,"Mytilus trossulus","W-Msc-140482"
173,-34.5,0.32,"Mytilus trossulus","W-Msc-140482"
173.5,-34.5,0.29,"Mytilus trossulus","W-Msc-140482"
-72,-35,0.43,"Mytilus trossulus","W-Msc-140482"
-56.5,-35,0.42,"Mytilus trossulus","W-Msc-140482"
-56,-35,0.62,"Mytilus trossulus","W-Msc-140482"
-55.5,-35,0.63,"Mytilus trossulus","W-Msc-140482"
-55,-35,0.63,"Mytilus trossulus","W-Msc-140482"
-54.5,-35,0.63,"Mytilus trossulus","W-Msc-140482"
-54,-35,0.64,"Mytilus trossulus","W-Msc-140482"
-53.5,-35,0.63,"Mytilus trossulus","W-Msc-140482"
-53,-35,0.63,"Mytilus trossulus","W-Msc-140482"
151,-35,0.24,"Mytilus trossulus","W-Msc-140482"
173,-35,0.33,"Mytilus trossulus","W-Msc-140482"
173.5,-35,0.32,"Mytilus trossulus","W-Msc-140482"
174,-35,0.3,"Mytilus trossulus","W-Msc-140482"
174.5,-35,0.29,"Mytilus trossulus","W-Msc-140482"
-72.5,-35.5,0.41,"Mytilus trossulus","W-Msc-140482"
-72,-35.5,0.4,"Mytilus trossulus","W-Msc-140482"
-57,-35.5,0.61,"Mytilus trossulus","W-Msc-140482"
-56.5,-35.5,0.62,"Mytilus trossulus","W-Msc-140482"
-56,-35.5,0.62,"Mytilus trossulus","W-Msc-140482"
-55.5,-35.5,0.63,"Mytilus trossulus","W-Msc-140482"
-55,-35.5,0.43,"Mytilus trossulus","W-Msc-140482"
-54.5,-35.5,0.36,"Mytilus trossulus","W-Msc-140482"
-54,-35.5,0.65,"Mytilus trossulus","W-Msc-140482"
-53.5,-35.5,0.66,"Mytilus trossulus","W-Msc-140482"
150.5,-35.5,0.26,"Mytilus trossulus","W-Msc-140482"
151,-35.5,0.24,"Mytilus trossulus","W-Msc-140482"
173.5,-35.5,0.32,"Mytilus trossulus","W-Msc-140482"
174,-35.5,0.32,"Mytilus trossulus","W-Msc-140482"
174.5,-35.5,0.31,"Mytilus trossulus","W-Msc-140482"
175,-35.5,0.3,"Mytilus trossulus","W-Msc-140482"
-72.5,-36,0.3,"Mytilus trossulus","W-Msc-140482"
-57,-36,0.64,"Mytilus trossulus","W-Msc-140482"
-56.5,-36,0.63,"Mytilus trossulus","W-Msc-140482"
-56,-36,0.63,"Mytilus trossulus","W-Msc-140482"
-55.5,-36,0.64,"Mytilus trossulus","W-Msc-140482"
-55,-36,0.43,"Mytilus trossulus","W-Msc-140482"
-54.5,-36,0.37,"Mytilus trossulus","W-Msc-140482"
-54,-36,0.38,"Mytilus trossulus","W-Msc-140482"
-53,-36,0.58,"Mytilus trossulus","W-Msc-140482"
150.5,-36,0.26,"Mytilus trossulus","W-Msc-140482"
173.5,-36,0.33,"Mytilus trossulus","W-Msc-140482"
174,-36,0.33,"Mytilus trossulus","W-Msc-140482"
174.5,-36,0.33,"Mytilus trossulus","W-Msc-140482"
175,-36,0.31,"Mytilus trossulus","W-Msc-140482"
-72.5,-36.5,0.31,"Mytilus trossulus","W-Msc-140482"
-57,-36.5,0.66,"Mytilus trossulus","W-Msc-140482"
-56.5,-36.5,0.66,"Mytilus trossulus","W-Msc-140482"
-56,-36.5,0.66,"Mytilus trossulus","W-Msc-140482"
-55.5,-36.5,0.66,"Mytilus trossulus","W-Msc-140482"
-55,-36.5,0.6,"Mytilus trossulus","W-Msc-140482"
-54.5,-36.5,0.16,"Mytilus trossulus","W-Msc-140482"
-54,-36.5,0.7,"Mytilus trossulus","W-Msc-140482"
-53.5,-36.5,0.61,"Mytilus trossulus","W-Msc-140482"
150.5,-36.5,0.26,"Mytilus trossulus","W-Msc-140482"
174,-36.5,0.34,"Mytilus trossulus","W-Msc-140482"
174.5,-36.5,0.35,"Mytilus trossulus","W-Msc-140482"
175,-36.5,0.33,"Mytilus trossulus","W-Msc-140482"
175.5,-36.5,0.32,"Mytilus trossulus","W-Msc-140482"
176,-36.5,0.31,"Mytilus trossulus","W-Msc-140482"
-73,-37,0.16,"Mytilus trossulus","W-Msc-140482"
-72.5,-37,0.36,"Mytilus trossulus","W-Msc-140482"
-56.5,-37,0.7,"Mytilus trossulus","W-Msc-140482"
-56,-37,0.68,"Mytilus trossulus","W-Msc-140482"
-55.5,-37,0.54,"Mytilus trossulus","W-Msc-140482"
-53.5,-37,0.17,"Mytilus trossulus","W-Msc-140482"
150,-37,0.3,"Mytilus trossulus","W-Msc-140482"
150.5,-37,0.27,"Mytilus trossulus","W-Msc-140482"
174.5,-37,0.35,"Mytilus trossulus","W-Msc-140482"
175,-37,0.27,"Mytilus trossulus","W-Msc-140482"
175.5,-37,0.22,"Mytilus trossulus","W-Msc-140482"
176,-37,0.33,"Mytilus trossulus","W-Msc-140482"
176.5,-37,0.31,"Mytilus trossulus","W-Msc-140482"
-73.5,-37.5,0.55,"Mytilus trossulus","W-Msc-140482"
-73,-37.5,0.34,"Mytilus trossulus","W-Msc-140482"
-57,-37.5,0.72,"Mytilus trossulus","W-Msc-140482"
-56.5,-37.5,0.72,"Mytilus trossulus","W-Msc-140482"
-56,-37.5,0.73,"Mytilus trossulus","W-Msc-140482"
150.5,-37.5,0.29,"Mytilus trossulus","W-Msc-140482"
175,-37.5,0.36,"Mytilus trossulus","W-Msc-140482"
175.5,-37.5,0.35,"Mytilus trossulus","W-Msc-140482"
176,-37.5,0.34,"Mytilus trossulus","W-Msc-140482"
176.5,-37.5,0.33,"Mytilus trossulus","W-Msc-140482"
177.5,-37.5,0.3,"Mytilus trossulus","W-Msc-140482"
-73.5,-38,0.63,"Mytilus trossulus","W-Msc-140482"
-73,-38,0.45,"Mytilus trossulus","W-Msc-140482"
-57.5,-38,0.73,"Mytilus trossulus","W-Msc-140482"
-57,-38,0.74,"Mytilus trossulus","W-Msc-140482"
-56.5,-38,0.75,"Mytilus trossulus","W-Msc-140482"
150.5,-38,0.29,"Mytilus trossulus","W-Msc-140482"
175,-38,0.37,"Mytilus trossulus","W-Msc-140482"
176,-38,0.18,"Mytilus trossulus","W-Msc-140482"
176.5,-38,0.35,"Mytilus trossulus","W-Msc-140482"
177,-38,0.34,"Mytilus trossulus","W-Msc-140482"
177.5,-38,0.33,"Mytilus trossulus","W-Msc-140482"
178,-38,0.33,"Mytilus trossulus","W-Msc-140482"
178.5,-38,0.33,"Mytilus trossulus","W-Msc-140482"
179,-38,0.34,"Mytilus trossulus","W-Msc-140482"
-73.5,-38.5,0.58,"Mytilus trossulus","W-Msc-140482"
-73,-38.5,0.55,"Mytilus trossulus","W-Msc-140482"
-58,-38.5,0.75,"Mytilus trossulus","W-Msc-140482"
-57.5,-38.5,0.63,"Mytilus trossulus","W-Msc-140482"
-57,-38.5,0.67,"Mytilus trossulus","W-Msc-140482"
-56,-38.5,0.65,"Mytilus trossulus","W-Msc-140482"
-55.5,-38.5,0.66,"Mytilus trossulus","W-Msc-140482"
-55,-38.5,0.44,"Mytilus trossulus","W-Msc-140482"
175,-38.5,0.38,"Mytilus trossulus","W-Msc-140482"
178.5,-38.5,0.36,"Mytilus trossulus","W-Msc-140482"
-73.5,-39,0.46,"Mytilus trossulus","W-Msc-140482"
-73,-39,0.65,"Mytilus trossulus","W-Msc-140482"
-62,-39,0.75,"Mytilus trossulus","W-Msc-140482"
-61.5,-39,0.74,"Mytilus trossulus","W-Msc-140482"
-61,-39,0.74,"Mytilus trossulus","W-Msc-140482"
-60.5,-39,0.74,"Mytilus trossulus","W-Msc-140482"
-60,-39,0.73,"Mytilus trossulus","W-Msc-140482"
-59.5,-39,0.66,"Mytilus trossulus","W-Msc-140482"
-59,-39,0.53,"Mytilus trossulus","W-Msc-140482"
-58.5,-39,0.54,"Mytilus trossulus","W-Msc-140482"
-58,-39,0.57,"Mytilus trossulus","W-Msc-140482"
-55.5,-39,0.68,"Mytilus trossulus","W-Msc-140482"
174.5,-39,0.39,"Mytilus trossulus","W-Msc-140482"
175,-39,0.39,"Mytilus trossulus","W-Msc-140482"
178,-39,0.37,"Mytilus trossulus","W-Msc-140482"
178.5,-39,0.36,"Mytilus trossulus","W-Msc-140482"
-73,-39.5,0.77,"Mytilus trossulus","W-Msc-140482"
-62,-39.5,0.19,"Mytilus trossulus","W-Msc-140482"
-61.5,-39.5,0.2,"Mytilus trossulus","W-Msc-140482"
-61,-39.5,0.21,"Mytilus trossulus","W-Msc-140482"
-60.5,-39.5,0.33,"Mytilus trossulus","W-Msc-140482"
174,-39.5,0.39,"Mytilus trossulus","W-Msc-140482"
174.5,-39.5,0.4,"Mytilus trossulus","W-Msc-140482"
177,-39.5,0.39,"Mytilus trossulus","W-Msc-140482"
177.5,-39.5,0.4,"Mytilus trossulus","W-Msc-140482"
178,-39.5,0.38,"Mytilus trossulus","W-Msc-140482"
178.5,-39.5,0.36,"Mytilus trossulus","W-Msc-140482"
-73.5,-40,0.59,"Mytilus trossulus","W-Msc-140482"
-73,-40,0.84,"Mytilus trossulus","W-Msc-140482"
-62,-40,0.58,"Mytilus trossulus","W-Msc-140482"
-61.5,-40,0.29,"Mytilus trossulus","W-Msc-140482"
-61,-40,0.06,"Mytilus trossulus","W-Msc-140482"
-57,-40,0.58,"Mytilus trossulus","W-Msc-140482"
174,-40,0.14,"Mytilus trossulus","W-Msc-140482"
174.5,-40,0.43,"Mytilus trossulus","W-Msc-140482"
175,-40,0.42,"Mytilus trossulus","W-Msc-140482"
175.5,-40,0.42,"Mytilus trossulus","W-Msc-140482"
177,-40,0.41,"Mytilus trossulus","W-Msc-140482"
177.5,-40,0.39,"Mytilus trossulus","W-Msc-140482"
-73.5,-40.5,0.46,"Mytilus trossulus","W-Msc-140482"
-62,-40.5,0.7,"Mytilus trossulus","W-Msc-140482"
-61.5,-40.5,0.13,"Mytilus trossulus","W-Msc-140482"
-58,-40.5,0.52,"Mytilus trossulus","W-Msc-140482"
-57,-40.5,0.7,"Mytilus trossulus","W-Msc-140482"
173,-40.5,0.43,"Mytilus trossulus","W-Msc-140482"
173.5,-40.5,0.29,"Mytilus trossulus","W-Msc-140482"
175.5,-40.5,0.43,"Mytilus trossulus","W-Msc-140482"
177,-40.5,0.41,"Mytilus trossulus","W-Msc-140482"
-73.5,-41,0.83,"Mytilus trossulus","W-Msc-140482"
-65,-41,0.48,"Mytilus trossulus","W-Msc-140482"
-64.5,-41,0.32,"Mytilus trossulus","W-Msc-140482"
-64,-41,0.1,"Mytilus trossulus","W-Msc-140482"
-62.5,-41,0.37,"Mytilus trossulus","W-Msc-140482"
-62,-41,0.3,"Mytilus trossulus","W-Msc-140482"
-61.5,-41,0.07,"Mytilus trossulus","W-Msc-140482"
172.5,-41,0.45,"Mytilus trossulus","W-Msc-140482"
173,-41,0.45,"Mytilus trossulus","W-Msc-140482"
173.5,-41,0.45,"Mytilus trossulus","W-Msc-140482"
174,-41,0.46,"Mytilus trossulus","W-Msc-140482"
174.5,-41,0.46,"Mytilus trossulus","W-Msc-140482"
175,-41,0.45,"Mytilus trossulus","W-Msc-140482"
175.5,-41,0.45,"Mytilus trossulus","W-Msc-140482"
176.5,-41,0.45,"Mytilus trossulus","W-Msc-140482"
177,-41,0.42,"Mytilus trossulus","W-Msc-140482"
-73.5,-41.5,0.95,"Mytilus trossulus","W-Msc-140482"
-73,-41.5,0.95,"Mytilus trossulus","W-Msc-140482"
-72.5,-41.5,0.95,"Mytilus trossulus","W-Msc-140482"
-72,-41.5,0.47,"Mytilus trossulus","W-Msc-140482"
-65,-41.5,0.36,"Mytilus trossulus","W-Msc-140482"
-62,-41.5,0.03,"Mytilus trossulus","W-Msc-140482"
172.5,-41.5,0.47,"Mytilus trossulus","W-Msc-140482"
173.5,-41.5,0.46,"Mytilus trossulus","W-Msc-140482"
174,-41.5,0.49,"Mytilus trossulus","W-Msc-140482"
174.5,-41.5,0.51,"Mytilus trossulus","W-Msc-140482"
175,-41.5,0.48,"Mytilus trossulus","W-Msc-140482"
175.5,-41.5,0.48,"Mytilus trossulus","W-Msc-140482"
176,-41.5,0.47,"Mytilus trossulus","W-Msc-140482"
176.5,-41.5,0.46,"Mytilus trossulus","W-Msc-140482"
-74,-42,0.78,"Mytilus trossulus","W-Msc-140482"
-73.5,-42,0.79,"Mytilus trossulus","W-Msc-140482"
-73,-42,0.97,"Mytilus trossulus","W-Msc-140482"
-72.5,-42,0.96,"Mytilus trossulus","W-Msc-140482"
-72,-42,0.48,"Mytilus trossulus","W-Msc-140482"
-65,-42,0.22,"Mytilus trossulus","W-Msc-140482"
-57.5,-42,0.72,"Mytilus trossulus","W-Msc-140482"
171.5,-42,0.46,"Mytilus trossulus","W-Msc-140482"
172,-42,0.49,"Mytilus trossulus","W-Msc-140482"
174.5,-42,0.58,"Mytilus trossulus","W-Msc-140482"
175.5,-42,0.51,"Mytilus trossulus","W-Msc-140482"
176,-42,0.49,"Mytilus trossulus","W-Msc-140482"
-74,-42.5,0.79,"Mytilus trossulus","W-Msc-140482"
-73.5,-42.5,0.98,"Mytilus trossulus","W-Msc-140482"
-73,-42.5,0.98,"Mytilus trossulus","W-Msc-140482"
-72.5,-42.5,0.97,"Mytilus trossulus","W-Msc-140482"
-72,-42.5,0.96,"Mytilus trossulus","W-Msc-140482"
-65,-42.5,0.23,"Mytilus trossulus","W-Msc-140482"
-63.5,-42.5,0.14,"Mytilus trossulus","W-Msc-140482"
-63,-42.5,0.21,"Mytilus trossulus","W-Msc-140482"
-59,-42.5,0.71,"Mytilus trossulus","W-Msc-140482"
-58.5,-42.5,0.71,"Mytilus trossulus","W-Msc-140482"
-58,-42.5,0.16,"Mytilus trossulus","W-Msc-140482"
171.5,-42.5,0.46,"Mytilus trossulus","W-Msc-140482"
174,-42.5,0.56,"Mytilus trossulus","W-Msc-140482"
174.5,-42.5,0.58,"Mytilus trossulus","W-Msc-140482"
-74,-43,0.82,"Mytilus trossulus","W-Msc-140482"
-73.5,-43,1,"Mytilus trossulus","W-Msc-140482"
-73,-43,1,"Mytilus trossulus","W-Msc-140482"
-72.5,-43,0.99,"Mytilus trossulus","W-Msc-140482"
-65,-43,0.29,"Mytilus trossulus","W-Msc-140482"
-64.5,-43,0.19,"Mytilus trossulus","W-Msc-140482"
-64,-43,0.22,"Mytilus trossulus","W-Msc-140482"
-63.5,-43,0.37,"Mytilus trossulus","W-Msc-140482"
-63,-43,0.38,"Mytilus trossulus","W-Msc-140482"
-59,-43,0.71,"Mytilus trossulus","W-Msc-140482"
-58.5,-43,0.72,"Mytilus trossulus","W-Msc-140482"
171,-43,0.46,"Mytilus trossulus","W-Msc-140482"
171.5,-43,0.49,"Mytilus trossulus","W-Msc-140482"
173.5,-43,0.58,"Mytilus trossulus","W-Msc-140482"
174,-43,0.6,"Mytilus trossulus","W-Msc-140482"
-177,-43.5,0.51,"Mytilus trossulus","W-Msc-140482"
-176.5,-43.5,0.52,"Mytilus trossulus","W-Msc-140482"
-98,-43.5,0.72,"Mytilus trossulus","W-Msc-140482"
-97.5,-43.5,0.72,"Mytilus trossulus","W-Msc-140482"
-74.5,-43.5,0.81,"Mytilus trossulus","W-Msc-140482"
-74,-43.5,0.88,"Mytilus trossulus","W-Msc-140482"
-73.5,-43.5,1,"Mytilus trossulus","W-Msc-140482"
-73,-43.5,1,"Mytilus trossulus","W-Msc-140482"
-72.5,-43.5,1,"Mytilus trossulus","W-Msc-140482"
-65,-43.5,0.36,"Mytilus trossulus","W-Msc-140482"
-64.5,-43.5,0.56,"Mytilus trossulus","W-Msc-140482"
-64,-43.5,0.38,"Mytilus trossulus","W-Msc-140482"
-61,-43.5,0.56,"Mytilus trossulus","W-Msc-140482"
-60.5,-43.5,0.37,"Mytilus trossulus","W-Msc-140482"
-60,-43.5,0.7,"Mytilus trossulus","W-Msc-140482"
170,-43.5,0.46,"Mytilus trossulus","W-Msc-140482"
170.5,-43.5,0.47,"Mytilus trossulus","W-Msc-140482"
171,-43.5,0.25,"Mytilus trossulus","W-Msc-140482"
173,-43.5,0.36,"Mytilus trossulus","W-Msc-140482"
173.5,-43.5,0.62,"Mytilus trossulus","W-Msc-140482"
-176.5,-44,0.56,"Mytilus trossulus","W-Msc-140482"
-176,-44,0.56,"Mytilus trossulus","W-Msc-140482"
-74.5,-44,0.8,"Mytilus trossulus","W-Msc-140482"
-74,-44,0.87,"Mytilus trossulus","W-Msc-140482"
-73.5,-44,0.92,"Mytilus trossulus","W-Msc-140482"
-73,-44,0.95,"Mytilus trossulus","W-Msc-140482"
-72.5,-44,1,"Mytilus trossulus","W-Msc-140482"
-65,-44,0.46,"Mytilus trossulus","W-Msc-140482"
-61,-44,0.67,"Mytilus trossulus","W-Msc-140482"
-60.5,-44,0.7,"Mytilus trossulus","W-Msc-140482"
168.5,-44,0.48,"Mytilus trossulus","W-Msc-140482"
169,-44,0.48,"Mytilus trossulus","W-Msc-140482"
169.5,-44,0.48,"Mytilus trossulus","W-Msc-140482"
170,-44,0.5,"Mytilus trossulus","W-Msc-140482"
172,-44,0.49,"Mytilus trossulus","W-Msc-140482"
172.5,-44,0.5,"Mytilus trossulus","W-Msc-140482"
173,-44,0.62,"Mytilus trossulus","W-Msc-140482"
173.5,-44,0.63,"Mytilus trossulus","W-Msc-140482"
174,-44,0.64,"Mytilus trossulus","W-Msc-140482"
-176.5,-44.5,0.57,"Mytilus trossulus","W-Msc-140482"
-176,-44.5,0.58,"Mytilus trossulus","W-Msc-140482"
-175.5,-44.5,0.57,"Mytilus trossulus","W-Msc-140482"
-74.5,-44.5,0.8,"Mytilus trossulus","W-Msc-140482"
-74,-44.5,0.85,"Mytilus trossulus","W-Msc-140482"
-73.5,-44.5,0.91,"Mytilus trossulus","W-Msc-140482"
-73,-44.5,0.93,"Mytilus trossulus","W-Msc-140482"
-72.5,-44.5,0.96,"Mytilus trossulus","W-Msc-140482"
-65,-44.5,0.6,"Mytilus trossulus","W-Msc-140482"
168,-44.5,0.49,"Mytilus trossulus","W-Msc-140482"
168.5,-44.5,0.5,"Mytilus trossulus","W-Msc-140482"
171.5,-44.5,0.55,"Mytilus trossulus","W-Msc-140482"
172,-44.5,0.47,"Mytilus trossulus","W-Msc-140482"
172.5,-44.5,0.62,"Mytilus trossulus","W-Msc-140482"
173,-44.5,0.63,"Mytilus trossulus","W-Msc-140482"
-75,-45,0.77,"Mytilus trossulus","W-Msc-140482"
-74.5,-45,0.79,"Mytilus trossulus","W-Msc-140482"
-74,-45,0.84,"Mytilus trossulus","W-Msc-140482"
-73.5,-45,0.89,"Mytilus trossulus","W-Msc-140482"
-73,-45,0.9,"Mytilus trossulus","W-Msc-140482"
-72.5,-45,0.91,"Mytilus trossulus","W-Msc-140482"
-66,-45,0.62,"Mytilus trossulus","W-Msc-140482"
-65.5,-45,0.62,"Mytilus trossulus","W-Msc-140482"
-65,-45,0.61,"Mytilus trossulus","W-Msc-140482"
-60.5,-45,0.63,"Mytilus trossulus","W-Msc-140482"
-60,-45,0.72,"Mytilus trossulus","W-Msc-140482"
167.5,-45,0.51,"Mytilus trossulus","W-Msc-140482"
168,-45,0.52,"Mytilus trossulus","W-Msc-140482"
171.5,-45,0.61,"Mytilus trossulus","W-Msc-140482"
172,-45,0.64,"Mytilus trossulus","W-Msc-140482"
-74.5,-45.5,0.79,"Mytilus trossulus","W-Msc-140482"
-74,-45.5,0.81,"Mytilus trossulus","W-Msc-140482"
-73.5,-45.5,0.89,"Mytilus trossulus","W-Msc-140482"
-73,-45.5,0.89,"Mytilus trossulus","W-Msc-140482"
-72.5,-45.5,0.44,"Mytilus trossulus","W-Msc-140482"
-67,-45.5,0.67,"Mytilus trossulus","W-Msc-140482"
-66.5,-45.5,0.63,"Mytilus trossulus","W-Msc-140482"
-66,-45.5,0.62,"Mytilus trossulus","W-Msc-140482"
-65.5,-45.5,0.62,"Mytilus trossulus","W-Msc-140482"
-65,-45.5,0.63,"Mytilus trossulus","W-Msc-140482"
-61.5,-45.5,0.31,"Mytilus trossulus","W-Msc-140482"
-60,-45.5,0.48,"Mytilus trossulus","W-Msc-140482"
167,-45.5,0.52,"Mytilus trossulus","W-Msc-140482"
167.5,-45.5,0.53,"Mytilus trossulus","W-Msc-140482"
171,-45.5,0.63,"Mytilus trossulus","W-Msc-140482"
171.5,-45.5,0.66,"Mytilus trossulus","W-Msc-140482"
-75,-46,0.77,"Mytilus trossulus","W-Msc-140482"
-74.5,-46,0.79,"Mytilus trossulus","W-Msc-140482"
-74,-46,0.79,"Mytilus trossulus","W-Msc-140482"
-73.5,-46,0.83,"Mytilus trossulus","W-Msc-140482"
-73,-46,0.89,"Mytilus trossulus","W-Msc-140482"
-67.5,-46,0.67,"Mytilus trossulus","W-Msc-140482"
-67,-46,0.63,"Mytilus trossulus","W-Msc-140482"
-61.5,-46,0.23,"Mytilus trossulus","W-Msc-140482"
-60,-46,0.72,"Mytilus trossulus","W-Msc-140482"
166.5,-46,0.54,"Mytilus trossulus","W-Msc-140482"
167,-46,0.53,"Mytilus trossulus","W-Msc-140482"
167.5,-46,0.28,"Mytilus trossulus","W-Msc-140482"
170.5,-46,0.63,"Mytilus trossulus","W-Msc-140482"
171,-46,0.66,"Mytilus trossulus","W-Msc-140482"
-75,-46.5,0.77,"Mytilus trossulus","W-Msc-140482"
-74.5,-46.5,0.86,"Mytilus trossulus","W-Msc-140482"
-74,-46.5,0.45,"Mytilus trossulus","W-Msc-140482"
-73.5,-46.5,0.92,"Mytilus trossulus","W-Msc-140482"
-73,-46.5,0.45,"Mytilus trossulus","W-Msc-140482"
-67.5,-46.5,0.63,"Mytilus trossulus","W-Msc-140482"
-67,-46.5,0.63,"Mytilus trossulus","W-Msc-140482"
167,-46.5,0.57,"Mytilus trossulus","W-Msc-140482"
167.5,-46.5,0.58,"Mytilus trossulus","W-Msc-140482"
168,-46.5,0.6,"Mytilus trossulus","W-Msc-140482"
168.5,-46.5,0.62,"Mytilus trossulus","W-Msc-140482"
170,-46.5,0.65,"Mytilus trossulus","W-Msc-140482"
170.5,-46.5,0.66,"Mytilus trossulus","W-Msc-140482"
171,-46.5,0.67,"Mytilus trossulus","W-Msc-140482"
-75.5,-47,0.8,"Mytilus trossulus","W-Msc-140482"
-75,-47,0.94,"Mytilus trossulus","W-Msc-140482"
-74.5,-47,0.95,"Mytilus trossulus","W-Msc-140482"
-74,-47,1,"Mytilus trossulus","W-Msc-140482"
-73.5,-47,0.95,"Mytilus trossulus","W-Msc-140482"
-67,-47,0.64,"Mytilus trossulus","W-Msc-140482"
-66.5,-47,0.64,"Mytilus trossulus","W-Msc-140482"
-66,-47,0.43,"Mytilus trossulus","W-Msc-140482"
-65.5,-47,0.65,"Mytilus trossulus","W-Msc-140482"
167,-47,0.58,"Mytilus trossulus","W-Msc-140482"
168,-47,0.61,"Mytilus trossulus","W-Msc-140482"
168.5,-47,0.54,"Mytilus trossulus","W-Msc-140482"
169,-47,0.66,"Mytilus trossulus","W-Msc-140482"
169.5,-47,0.66,"Mytilus trossulus","W-Msc-140482"
170,-47,0.67,"Mytilus trossulus","W-Msc-140482"
-75,-47.5,0.91,"Mytilus trossulus","W-Msc-140482"
-74.5,-47.5,0.99,"Mytilus trossulus","W-Msc-140482"
-74,-47.5,1,"Mytilus trossulus","W-Msc-140482"
-73.5,-47.5,0.47,"Mytilus trossulus","W-Msc-140482"
-66.5,-47.5,0.65,"Mytilus trossulus","W-Msc-140482"
-66,-47.5,0.66,"Mytilus trossulus","W-Msc-140482"
-65.5,-47.5,0.67,"Mytilus trossulus","W-Msc-140482"
-65,-47.5,0.67,"Mytilus trossulus","W-Msc-140482"
167.5,-47.5,0.59,"Mytilus trossulus","W-Msc-140482"
168,-47.5,0.61,"Mytilus trossulus","W-Msc-140482"
168.5,-47.5,0.63,"Mytilus trossulus","W-Msc-140482"
-75,-48,0.84,"Mytilus trossulus","W-Msc-140482"
-74.5,-48,0.89,"Mytilus trossulus","W-Msc-140482"
-74,-48,1,"Mytilus trossulus","W-Msc-140482"
-73.5,-48,0.92,"Mytilus trossulus","W-Msc-140482"
-73,-48,0.45,"Mytilus trossulus","W-Msc-140482"
-65.5,-48,0.68,"Mytilus trossulus","W-Msc-140482"
167,-48,0.61,"Mytilus trossulus","W-Msc-140482"
167.5,-48,0.62,"Mytilus trossulus","W-Msc-140482"
168,-48,0.63,"Mytilus trossulus","W-Msc-140482"
179.5,-48,0.69,"Mytilus trossulus","W-Msc-140482"
-75.5,-48.5,0.79,"Mytilus trossulus","W-Msc-140482"
-75,-48.5,0.81,"Mytilus trossulus","W-Msc-140482"
-74.5,-48.5,0.84,"Mytilus trossulus","W-Msc-140482"
-74,-48.5,0.89,"Mytilus trossulus","W-Msc-140482"
-73.5,-48.5,0.89,"Mytilus trossulus","W-Msc-140482"
-73,-48.5,0.44,"Mytilus trossulus","W-Msc-140482"
-66.5,-48.5,0.68,"Mytilus trossulus","W-Msc-140482"
-66,-48.5,0.69,"Mytilus trossulus","W-Msc-140482"
-65.5,-48.5,0.69,"Mytilus trossulus","W-Msc-140482"
166.5,-48.5,0.63,"Mytilus trossulus","W-Msc-140482"
167,-48.5,0.63,"Mytilus trossulus","W-Msc-140482"
167.5,-48.5,0.64,"Mytilus trossulus","W-Msc-140482"
168,-48.5,0.65,"Mytilus trossulus","W-Msc-140482"
168.5,-48.5,0.66,"Mytilus trossulus","W-Msc-140482"
-75.5,-49,0.77,"Mytilus trossulus","W-Msc-140482"
-75,-49,0.78,"Mytilus trossulus","W-Msc-140482"
-74.5,-49,0.79,"Mytilus trossulus","W-Msc-140482"
-74,-49,0.86,"Mytilus trossulus","W-Msc-140482"
-73.5,-49,0.43,"Mytilus trossulus","W-Msc-140482"
-67,-49,0.69,"Mytilus trossulus","W-Msc-140482"
-66.5,-49,0.69,"Mytilus trossulus","W-Msc-140482"
166.5,-49,0.64,"Mytilus trossulus","W-Msc-140482"
167,-49,0.64,"Mytilus trossulus","W-Msc-140482"
167.5,-49,0.65,"Mytilus trossulus","W-Msc-140482"
168,-49,0.66,"Mytilus trossulus","W-Msc-140482"
-75.5,-49.5,0.78,"Mytilus trossulus","W-Msc-140482"
-75,-49.5,0.78,"Mytilus trossulus","W-Msc-140482"
-74.5,-49.5,0.4,"Mytilus trossulus","W-Msc-140482"
-74,-49.5,0.83,"Mytilus trossulus","W-Msc-140482"
-73.5,-49.5,0.84,"Mytilus trossulus","W-Msc-140482"
-67.5,-49.5,0.74,"Mytilus trossulus","W-Msc-140482"
-67,-49.5,0.7,"Mytilus trossulus","W-Msc-140482"
-75.5,-50,0.77,"Mytilus trossulus","W-Msc-140482"
-75,-50,0.78,"Mytilus trossulus","W-Msc-140482"
-74.5,-50,0.79,"Mytilus trossulus","W-Msc-140482"
-74,-50,0.81,"Mytilus trossulus","W-Msc-140482"
-73.5,-50,0.41,"Mytilus trossulus","W-Msc-140482"
-68.5,-50,0.78,"Mytilus trossulus","W-Msc-140482"
-68,-50,0.77,"Mytilus trossulus","W-Msc-140482"
-67.5,-50,0.73,"Mytilus trossulus","W-Msc-140482"
166.5,-50,0.63,"Mytilus trossulus","W-Msc-140482"
179,-50,0.7,"Mytilus trossulus","W-Msc-140482"
-75.5,-50.5,0.77,"Mytilus trossulus","W-Msc-140482"
-75,-50.5,0.78,"Mytilus trossulus","W-Msc-140482"
-74.5,-50.5,0.74,"Mytilus trossulus","W-Msc-140482"
-74,-50.5,0.74,"Mytilus trossulus","W-Msc-140482"
-73.5,-50.5,0.41,"Mytilus trossulus","W-Msc-140482"
-69,-50.5,0.79,"Mytilus trossulus","W-Msc-140482"
-68.5,-50.5,0.79,"Mytilus trossulus","W-Msc-140482"
-68,-50.5,0.82,"Mytilus trossulus","W-Msc-140482"
-67.5,-50.5,0.73,"Mytilus trossulus","W-Msc-140482"
166.5,-50.5,0.67,"Mytilus trossulus","W-Msc-140482"
-75.5,-51,0.76,"Mytilus trossulus","W-Msc-140482"
-75,-51,0.78,"Mytilus trossulus","W-Msc-140482"
-74.5,-51,0.73,"Mytilus trossulus","W-Msc-140482"
-74,-51,0.76,"Mytilus trossulus","W-Msc-140482"
-73.5,-51,0.8,"Mytilus trossulus","W-Msc-140482"
-73,-51,0.4,"Mytilus trossulus","W-Msc-140482"
-69,-51,0.79,"Mytilus trossulus","W-Msc-140482"
-68.5,-51,0.44,"Mytilus trossulus","W-Msc-140482"
-61,-51,0.72,"Mytilus trossulus","W-Msc-140482"
-60.5,-51,0.72,"Mytilus trossulus","W-Msc-140482"
-60,-51,0.08,"Mytilus trossulus","W-Msc-140482"
166,-51,0.67,"Mytilus trossulus","W-Msc-140482"
166.5,-51,0.67,"Mytilus trossulus","W-Msc-140482"
-75.5,-51.5,0.76,"Mytilus trossulus","W-Msc-140482"
-75,-51.5,0.78,"Mytilus trossulus","W-Msc-140482"
-74.5,-51.5,0.81,"Mytilus trossulus","W-Msc-140482"
-74,-51.5,0.83,"Mytilus trossulus","W-Msc-140482"
-73.5,-51.5,0.8,"Mytilus trossulus","W-Msc-140482"
-73,-51.5,0.8,"Mytilus trossulus","W-Msc-140482"
-72.5,-51.5,0.4,"Mytilus trossulus","W-Msc-140482"
-69,-51.5,0.77,"Mytilus trossulus","W-Msc-140482"
-68.5,-51.5,0.76,"Mytilus trossulus","W-Msc-140482"
-61,-51.5,0.72,"Mytilus trossulus","W-Msc-140482"
-60.5,-51.5,0.72,"Mytilus trossulus","W-Msc-140482"
-60,-51.5,0.72,"Mytilus trossulus","W-Msc-140482"
-59.5,-51.5,0.72,"Mytilus trossulus","W-Msc-140482"
-59,-51.5,0.72,"Mytilus trossulus","W-Msc-140482"
-58.5,-51.5,0.72,"Mytilus trossulus","W-Msc-140482"
-58,-51.5,0.72,"Mytilus trossulus","W-Msc-140482"
-57.5,-51.5,0.72,"Mytilus trossulus","W-Msc-140482"
165.5,-51.5,0.22,"Mytilus trossulus","W-Msc-140482"
166,-51.5,0.53,"Mytilus trossulus","W-Msc-140482"
-75,-52,0.77,"Mytilus trossulus","W-Msc-140482"
-74.5,-52,0.79,"Mytilus trossulus","W-Msc-140482"
-74,-52,0.82,"Mytilus trossulus","W-Msc-140482"
-73.5,-52,0.82,"Mytilus trossulus","W-Msc-140482"
-73,-52,0.8,"Mytilus trossulus","W-Msc-140482"
-72.5,-52,0.79,"Mytilus trossulus","W-Msc-140482"
-72,-52,0.78,"Mytilus trossulus","W-Msc-140482"
-69,-52,0.75,"Mytilus trossulus","W-Msc-140482"
-68.5,-52,0.77,"Mytilus trossulus","W-Msc-140482"
-61,-52,0.72,"Mytilus trossulus","W-Msc-140482"
-60.5,-52,0.72,"Mytilus trossulus","W-Msc-140482"
-60,-52,0.72,"Mytilus trossulus","W-Msc-140482"
-59.5,-52,0.72,"Mytilus trossulus","W-Msc-140482"
-59,-52,0.67,"Mytilus trossulus","W-Msc-140482"
-58.5,-52,0.72,"Mytilus trossulus","W-Msc-140482"
-58,-52,0.72,"Mytilus trossulus","W-Msc-140482"
-57.5,-52,0.72,"Mytilus trossulus","W-Msc-140482"
-75,-52.5,0.77,"Mytilus trossulus","W-Msc-140482"
-74.5,-52.5,0.77,"Mytilus trossulus","W-Msc-140482"
-74,-52.5,0.77,"Mytilus trossulus","W-Msc-140482"
-73.5,-52.5,0.77,"Mytilus trossulus","W-Msc-140482"
-73,-52.5,0.79,"Mytilus trossulus","W-Msc-140482"
-72.5,-52.5,0.79,"Mytilus trossulus","W-Msc-140482"
-72,-52.5,0.78,"Mytilus trossulus","W-Msc-140482"
-69.5,-52.5,0.74,"Mytilus trossulus","W-Msc-140482"
-69,-52.5,0.73,"Mytilus trossulus","W-Msc-140482"
-68.5,-52.5,0.74,"Mytilus trossulus","W-Msc-140482"
-68,-52.5,0.73,"Mytilus trossulus","W-Msc-140482"
-61,-52.5,0.72,"Mytilus trossulus","W-Msc-140482"
-60.5,-52.5,0.72,"Mytilus trossulus","W-Msc-140482"
-60,-52.5,0.72,"Mytilus trossulus","W-Msc-140482"
-59.5,-52.5,0.72,"Mytilus trossulus","W-Msc-140482"
-59,-52.5,0.72,"Mytilus trossulus","W-Msc-140482"
-58.5,-52.5,0.72,"Mytilus trossulus","W-Msc-140482"
-58,-52.5,0.72,"Mytilus trossulus","W-Msc-140482"
169.5,-52.5,0.68,"Mytilus trossulus","W-Msc-140482"
-75,-53,0.75,"Mytilus trossulus","W-Msc-140482"
-74.5,-53,0.77,"Mytilus trossulus","W-Msc-140482"
-74,-53,0.77,"Mytilus trossulus","W-Msc-140482"
-73.5,-53,0.77,"Mytilus trossulus","W-Msc-140482"
-73,-53,0.77,"Mytilus trossulus","W-Msc-140482"
-72.5,-53,0.77,"Mytilus trossulus","W-Msc-140482"
-72,-53,0.77,"Mytilus trossulus","W-Msc-140482"
-71.5,-53,0.77,"Mytilus trossulus","W-Msc-140482"
-71,-53,0.74,"Mytilus trossulus","W-Msc-140482"
-70.5,-53,0.73,"Mytilus trossulus","W-Msc-140482"
-70,-53,0.73,"Mytilus trossulus","W-Msc-140482"
-69.5,-53,0.73,"Mytilus trossulus","W-Msc-140482"
-69,-53,0.73,"Mytilus trossulus","W-Msc-140482"
-68.5,-53,0.73,"Mytilus trossulus","W-Msc-140482"
-68,-53,0.72,"Mytilus trossulus","W-Msc-140482"
-59,-53,0.72,"Mytilus trossulus","W-Msc-140482"
169.5,-53,0.68,"Mytilus trossulus","W-Msc-140482"
-74.5,-53.5,0.75,"Mytilus trossulus","W-Msc-140482"
-74,-53.5,0.76,"Mytilus trossulus","W-Msc-140482"
-73.5,-53.5,0.77,"Mytilus trossulus","W-Msc-140482"
-73,-53.5,0.77,"Mytilus trossulus","W-Msc-140482"
-72.5,-53.5,0.77,"Mytilus trossulus","W-Msc-140482"
-72,-53.5,0.77,"Mytilus trossulus","W-Msc-140482"
-71.5,-53.5,0.77,"Mytilus trossulus","W-Msc-140482"
-71,-53.5,0.75,"Mytilus trossulus","W-Msc-140482"
-70.5,-53.5,0.73,"Mytilus trossulus","W-Msc-140482"
-70,-53.5,0.74,"Mytilus trossulus","W-Msc-140482"
-69.5,-53.5,0.74,"Mytilus trossulus","W-Msc-140482"
-69,-53.5,0.73,"Mytilus trossulus","W-Msc-140482"
-68.5,-53.5,0.7,"Mytilus trossulus","W-Msc-140482"
-68,-53.5,0.7,"Mytilus trossulus","W-Msc-140482"
-67.5,-53.5,0.72,"Mytilus trossulus","W-Msc-140482"
-66.5,-53.5,0.73,"Mytilus trossulus","W-Msc-140482"
-74,-54,0.75,"Mytilus trossulus","W-Msc-140482"
-73.5,-54,0.76,"Mytilus trossulus","W-Msc-140482"
-73,-54,0.76,"Mytilus trossulus","W-Msc-140482"
-72.5,-54,0.76,"Mytilus trossulus","W-Msc-140482"
-72,-54,0.76,"Mytilus trossulus","W-Msc-140482"
-71.5,-54,0.76,"Mytilus trossulus","W-Msc-140482"
-71,-54,0.76,"Mytilus trossulus","W-Msc-140482"
-70.5,-54,0.75,"Mytilus trossulus","W-Msc-140482"
-70,-54,0.75,"Mytilus trossulus","W-Msc-140482"
-69.5,-54,0.75,"Mytilus trossulus","W-Msc-140482"
-69,-54,0.73,"Mytilus trossulus","W-Msc-140482"
-67.5,-54,0.7,"Mytilus trossulus","W-Msc-140482"
-67,-54,0.72,"Mytilus trossulus","W-Msc-140482"
-64,-54,0.73,"Mytilus trossulus","W-Msc-140482"
-73.5,-54.5,0.75,"Mytilus trossulus","W-Msc-140482"
-73,-54.5,0.76,"Mytilus trossulus","W-Msc-140482"
-72.5,-54.5,0.76,"Mytilus trossulus","W-Msc-140482"
-72,-54.5,0.76,"Mytilus trossulus","W-Msc-140482"
-71.5,-54.5,0.75,"Mytilus trossulus","W-Msc-140482"
-71,-54.5,0.75,"Mytilus trossulus","W-Msc-140482"
-70.5,-54.5,0.75,"Mytilus trossulus","W-Msc-140482"
-70,-54.5,0.75,"Mytilus trossulus","W-Msc-140482"
-69.5,-54.5,0.75,"Mytilus trossulus","W-Msc-140482"
-69,-54.5,0.74,"Mytilus trossulus","W-Msc-140482"
-68.5,-54.5,0.37,"Mytilus trossulus","W-Msc-140482"
-67,-54.5,0.73,"Mytilus trossulus","W-Msc-140482"
-66.5,-54.5,0.73,"Mytilus trossulus","W-Msc-140482"
-66,-54.5,0.73,"Mytilus trossulus","W-Msc-140482"
-65,-54.5,0.16,"Mytilus trossulus","W-Msc-140482"
-61,-54.5,0.63,"Mytilus trossulus","W-Msc-140482"
-60.5,-54.5,0.63,"Mytilus trossulus","W-Msc-140482"
-60,-54.5,0.62,"Mytilus trossulus","W-Msc-140482"
159,-54.5,0.45,"Mytilus trossulus","W-Msc-140482"
159.5,-54.5,0.46,"Mytilus trossulus","W-Msc-140482"
-73,-55,0.74,"Mytilus trossulus","W-Msc-140482"
-72.5,-55,0.75,"Mytilus trossulus","W-Msc-140482"
-72,-55,0.75,"Mytilus trossulus","W-Msc-140482"
-71.5,-55,0.75,"Mytilus trossulus","W-Msc-140482"
-71,-55,0.75,"Mytilus trossulus","W-Msc-140482"
-70.5,-55,0.75,"Mytilus trossulus","W-Msc-140482"
-70,-55,0.75,"Mytilus trossulus","W-Msc-140482"
-69.5,-55,0.75,"Mytilus trossulus","W-Msc-140482"
-69,-55,0.75,"Mytilus trossulus","W-Msc-140482"
-68.5,-55,0.74,"Mytilus trossulus","W-Msc-140482"
-68,-55,0.74,"Mytilus trossulus","W-Msc-140482"
-67.5,-55,0.74,"Mytilus trossulus","W-Msc-140482"
-67,-55,0.74,"Mytilus trossulus","W-Msc-140482"
-66.5,-55,0.74,"Mytilus trossulus","W-Msc-140482"
-66,-55,0.73,"Mytilus trossulus","W-Msc-140482"
-65.5,-55,0.73,"Mytilus trossulus","W-Msc-140482"
-65,-55,0.73,"Mytilus trossulus","W-Msc-140482"
-64.5,-55,0.73,"Mytilus trossulus","W-Msc-140482"
-64,-55,0.73,"Mytilus trossulus","W-Msc-140482"
-63.5,-55,0.72,"Mytilus trossulus","W-Msc-140482"
-61,-55,0.09,"Mytilus trossulus","W-Msc-140482"
-58.5,-55,0.61,"Mytilus trossulus","W-Msc-140482"
159,-55,0.42,"Mytilus trossulus","W-Msc-140482"
-71.5,-55.5,0.74,"Mytilus trossulus","W-Msc-140482"
-71,-55.5,0.74,"Mytilus trossulus","W-Msc-140482"
-70.5,-55.5,0.75,"Mytilus trossulus","W-Msc-140482"
-70,-55.5,0.75,"Mytilus trossulus","W-Msc-140482"
-69.5,-55.5,0.75,"Mytilus trossulus","W-Msc-140482"
-69,-55.5,0.75,"Mytilus trossulus","W-Msc-140482"
-68.5,-55.5,0.75,"Mytilus trossulus","W-Msc-140482"
-68,-55.5,0.75,"Mytilus trossulus","W-Msc-140482"
-67.5,-55.5,0.75,"Mytilus trossulus","W-Msc-140482"
-67,-55.5,0.75,"Mytilus trossulus","W-Msc-140482"
-66.5,-55.5,0.75,"Mytilus trossulus","W-Msc-140482"
-66,-55.5,0.74,"Mytilus trossulus","W-Msc-140482"
-70,-56,0.74,"Mytilus trossulus","W-Msc-140482"
-69.5,-56,0.75,"Mytilus trossulus","W-Msc-140482"
-69,-56,0.75,"Mytilus trossulus","W-Msc-140482"
-68.5,-56,0.75,"Mytilus trossulus","W-Msc-140482"
-68,-56,0.75,"Mytilus trossulus","W-Msc-140482"
-67.5,-56,0.75,"Mytilus trossulus","W-Msc-140482"
-67,-56,0.74,"Mytilus trossulus","W-Msc-140482"
-66.5,-56,0.74,"Mytilus trossulus","W-Msc-140482"
-66,-56,0.72,"Mytilus trossulus","W-Msc-140482"
-68.5,-56.5,0.45,"Mytilus trossulus","W-Msc-140482"
-67.5,-56.5,0.74,"Mytilus trossulus","W-Msc-140482"
