"long_dd","lat_dd","poccur","species","aquamaps_id"
-67.5,81.5,0.01,"Mytilus edulis","W-Msc-140480"
-67,81.5,0.01,"Mytilus edulis","W-Msc-140480"
-65.5,81.5,0.01,"Mytilus edulis","W-Msc-140480"
-65,81.5,0.01,"Mytilus edulis","W-Msc-140480"
-64.5,81.5,0.01,"Mytilus edulis","W-Msc-140480"
-64,81.5,0.01,"Mytilus edulis","W-Msc-140480"
-63.5,81.5,0.01,"Mytilus edulis","W-Msc-140480"
-69,81,0.01,"Mytilus edulis","W-Msc-140480"
-68.5,81,0.01,"Mytilus edulis","W-Msc-140480"
-68,81,0.01,"Mytilus edulis","W-Msc-140480"
-67.5,81,0.01,"Mytilus edulis","W-Msc-140480"
-67,81,0.01,"Mytilus edulis","W-Msc-140480"
-66.5,81,0.01,"Mytilus edulis","W-Msc-140480"
-66,81,0.01,"Mytilus edulis","W-Msc-140480"
-65.5,81,0.01,"Mytilus edulis","W-Msc-140480"
-65,81,0.01,"Mytilus edulis","W-Msc-140480"
-64.5,81,0.01,"Mytilus edulis","W-Msc-140480"
-64,81,0.01,"Mytilus edulis","W-Msc-140480"
-63.5,81,0.01,"Mytilus edulis","W-Msc-140480"
-63,81,0.01,"Mytilus edulis","W-Msc-140480"
-62.5,81,0.01,"Mytilus edulis","W-Msc-140480"
-62,81,0.01,"Mytilus edulis","W-Msc-140480"
-61.5,81,0.01,"Mytilus edulis","W-Msc-140480"
-61,81,0.01,"Mytilus edulis","W-Msc-140480"
-13,81,0.01,"Mytilus edulis","W-Msc-140480"
25,81,0.01,"Mytilus edulis","W-Msc-140480"
46,81,0.01,"Mytilus edulis","W-Msc-140480"
46.5,81,0.01,"Mytilus edulis","W-Msc-140480"
50.5,81,0.01,"Mytilus edulis","W-Msc-140480"
51,81,0.01,"Mytilus edulis","W-Msc-140480"
54,81,0.01,"Mytilus edulis","W-Msc-140480"
54.5,81,0.02,"Mytilus edulis","W-Msc-140480"
55,81,0.02,"Mytilus edulis","W-Msc-140480"
55.5,81,0.02,"Mytilus edulis","W-Msc-140480"
56,81,0.02,"Mytilus edulis","W-Msc-140480"
56.5,81,0.02,"Mytilus edulis","W-Msc-140480"
57,81,0.02,"Mytilus edulis","W-Msc-140480"
57.5,81,0.01,"Mytilus edulis","W-Msc-140480"
58,81,0.01,"Mytilus edulis","W-Msc-140480"
58.5,81,0.01,"Mytilus edulis","W-Msc-140480"
59,81,0.01,"Mytilus edulis","W-Msc-140480"
59.5,81,0.01,"Mytilus edulis","W-Msc-140480"
60,81,0.01,"Mytilus edulis","W-Msc-140480"
60.5,81,0.01,"Mytilus edulis","W-Msc-140480"
61,81,0.01,"Mytilus edulis","W-Msc-140480"
61.5,81,0.01,"Mytilus edulis","W-Msc-140480"
62,81,0.01,"Mytilus edulis","W-Msc-140480"
64,81,0.01,"Mytilus edulis","W-Msc-140480"
64.5,81,0.01,"Mytilus edulis","W-Msc-140480"
65,81,0.01,"Mytilus edulis","W-Msc-140480"
65.5,81,0.01,"Mytilus edulis","W-Msc-140480"
66,81,0.01,"Mytilus edulis","W-Msc-140480"
74.5,81,0.01,"Mytilus edulis","W-Msc-140480"
75,81,0.01,"Mytilus edulis","W-Msc-140480"
75.5,81,0.01,"Mytilus edulis","W-Msc-140480"
76,81,0.01,"Mytilus edulis","W-Msc-140480"
76.5,81,0.01,"Mytilus edulis","W-Msc-140480"
77,81,0.01,"Mytilus edulis","W-Msc-140480"
77.5,81,0.01,"Mytilus edulis","W-Msc-140480"
90,81,0.01,"Mytilus edulis","W-Msc-140480"
90.5,81,0.01,"Mytilus edulis","W-Msc-140480"
91,81,0.01,"Mytilus edulis","W-Msc-140480"
91.5,81,0.01,"Mytilus edulis","W-Msc-140480"
-78,80.5,0.01,"Mytilus edulis","W-Msc-140480"
-77.5,80.5,0.01,"Mytilus edulis","W-Msc-140480"
-77,80.5,0.01,"Mytilus edulis","W-Msc-140480"
-76.5,80.5,0.01,"Mytilus edulis","W-Msc-140480"
-69,80.5,0.01,"Mytilus edulis","W-Msc-140480"
-68.5,80.5,0.01,"Mytilus edulis","W-Msc-140480"
-68,80.5,0.01,"Mytilus edulis","W-Msc-140480"
-67.5,80.5,0.01,"Mytilus edulis","W-Msc-140480"
-67,80.5,0.01,"Mytilus edulis","W-Msc-140480"
-66.5,80.5,0.01,"Mytilus edulis","W-Msc-140480"
-66,80.5,0.01,"Mytilus edulis","W-Msc-140480"
-65.5,80.5,0.01,"Mytilus edulis","W-Msc-140480"
-65,80.5,0.01,"Mytilus edulis","W-Msc-140480"
-64.5,80.5,0.01,"Mytilus edulis","W-Msc-140480"
-14,80.5,0.01,"Mytilus edulis","W-Msc-140480"
-13.5,80.5,0.01,"Mytilus edulis","W-Msc-140480"
-13,80.5,0.01,"Mytilus edulis","W-Msc-140480"
-12.5,80.5,0.01,"Mytilus edulis","W-Msc-140480"
16.5,80.5,0.05,"Mytilus edulis","W-Msc-140480"
17,80.5,0.07,"Mytilus edulis","W-Msc-140480"
17.5,80.5,0.03,"Mytilus edulis","W-Msc-140480"
19.5,80.5,0.04,"Mytilus edulis","W-Msc-140480"
20,80.5,0.05,"Mytilus edulis","W-Msc-140480"
20.5,80.5,0.05,"Mytilus edulis","W-Msc-140480"
21,80.5,0.04,"Mytilus edulis","W-Msc-140480"
21.5,80.5,0.04,"Mytilus edulis","W-Msc-140480"
22,80.5,0.02,"Mytilus edulis","W-Msc-140480"
23,80.5,0.03,"Mytilus edulis","W-Msc-140480"
24,80.5,0.02,"Mytilus edulis","W-Msc-140480"
24.5,80.5,0.02,"Mytilus edulis","W-Msc-140480"
25,80.5,0.02,"Mytilus edulis","W-Msc-140480"
25.5,80.5,0.02,"Mytilus edulis","W-Msc-140480"
45,80.5,0.02,"Mytilus edulis","W-Msc-140480"
45.5,80.5,0.03,"Mytilus edulis","W-Msc-140480"
46,80.5,0.03,"Mytilus edulis","W-Msc-140480"
46.5,80.5,0.03,"Mytilus edulis","W-Msc-140480"
47,80.5,0.03,"Mytilus edulis","W-Msc-140480"
47.5,80.5,0.03,"Mytilus edulis","W-Msc-140480"
48,80.5,0.03,"Mytilus edulis","W-Msc-140480"
48.5,80.5,0.03,"Mytilus edulis","W-Msc-140480"
49,80.5,0.03,"Mytilus edulis","W-Msc-140480"
49.5,80.5,0.03,"Mytilus edulis","W-Msc-140480"
50,80.5,0.03,"Mytilus edulis","W-Msc-140480"
50.5,80.5,0.03,"Mytilus edulis","W-Msc-140480"
51,80.5,0.03,"Mytilus edulis","W-Msc-140480"
51.5,80.5,0.03,"Mytilus edulis","W-Msc-140480"
52,80.5,0.03,"Mytilus edulis","W-Msc-140480"
53.5,80.5,0.03,"Mytilus edulis","W-Msc-140480"
54,80.5,0.03,"Mytilus edulis","W-Msc-140480"
54.5,80.5,0.03,"Mytilus edulis","W-Msc-140480"
55,80.5,0.03,"Mytilus edulis","W-Msc-140480"
55.5,80.5,0.03,"Mytilus edulis","W-Msc-140480"
56,80.5,0.03,"Mytilus edulis","W-Msc-140480"
56.5,80.5,0.03,"Mytilus edulis","W-Msc-140480"
57,80.5,0.03,"Mytilus edulis","W-Msc-140480"
57.5,80.5,0.03,"Mytilus edulis","W-Msc-140480"
58,80.5,0.02,"Mytilus edulis","W-Msc-140480"
58.5,80.5,0.02,"Mytilus edulis","W-Msc-140480"
59,80.5,0.02,"Mytilus edulis","W-Msc-140480"
59.5,80.5,0.02,"Mytilus edulis","W-Msc-140480"
60,80.5,0.02,"Mytilus edulis","W-Msc-140480"
60.5,80.5,0.02,"Mytilus edulis","W-Msc-140480"
61,80.5,0.02,"Mytilus edulis","W-Msc-140480"
61.5,80.5,0.02,"Mytilus edulis","W-Msc-140480"
62,80.5,0.02,"Mytilus edulis","W-Msc-140480"
62.5,80.5,0.02,"Mytilus edulis","W-Msc-140480"
63,80.5,0.02,"Mytilus edulis","W-Msc-140480"
63.5,80.5,0.02,"Mytilus edulis","W-Msc-140480"
64,80.5,0.02,"Mytilus edulis","W-Msc-140480"
64.5,80.5,0.02,"Mytilus edulis","W-Msc-140480"
65,80.5,0.02,"Mytilus edulis","W-Msc-140480"
65.5,80.5,0.02,"Mytilus edulis","W-Msc-140480"
66,80.5,0.01,"Mytilus edulis","W-Msc-140480"
75,80.5,0.01,"Mytilus edulis","W-Msc-140480"
75.5,80.5,0.01,"Mytilus edulis","W-Msc-140480"
76,80.5,0.01,"Mytilus edulis","W-Msc-140480"
76.5,80.5,0.01,"Mytilus edulis","W-Msc-140480"
77,80.5,0.01,"Mytilus edulis","W-Msc-140480"
77.5,80.5,0.01,"Mytilus edulis","W-Msc-140480"
78,80.5,0.01,"Mytilus edulis","W-Msc-140480"
79.5,80.5,0.01,"Mytilus edulis","W-Msc-140480"
80,80.5,0.01,"Mytilus edulis","W-Msc-140480"
80.5,80.5,0.01,"Mytilus edulis","W-Msc-140480"
81,80.5,0.01,"Mytilus edulis","W-Msc-140480"
92,80.5,0.01,"Mytilus edulis","W-Msc-140480"
92.5,80.5,0.02,"Mytilus edulis","W-Msc-140480"
93,80.5,0.01,"Mytilus edulis","W-Msc-140480"
93.5,80.5,0.01,"Mytilus edulis","W-Msc-140480"
-71,80,0.01,"Mytilus edulis","W-Msc-140480"
-70.5,80,0.01,"Mytilus edulis","W-Msc-140480"
-70,80,0.02,"Mytilus edulis","W-Msc-140480"
-69.5,80,0.02,"Mytilus edulis","W-Msc-140480"
-69,80,0.02,"Mytilus edulis","W-Msc-140480"
-67.5,80,0.02,"Mytilus edulis","W-Msc-140480"
-67,80,0.02,"Mytilus edulis","W-Msc-140480"
-66.5,80,0.02,"Mytilus edulis","W-Msc-140480"
-66,80,0.02,"Mytilus edulis","W-Msc-140480"
-65.5,80,0.01,"Mytilus edulis","W-Msc-140480"
-65,80,0.01,"Mytilus edulis","W-Msc-140480"
-64.5,80,0.02,"Mytilus edulis","W-Msc-140480"
-15.5,80,0.01,"Mytilus edulis","W-Msc-140480"
12,80,0.09,"Mytilus edulis","W-Msc-140480"
12.5,80,0.11,"Mytilus edulis","W-Msc-140480"
13.5,80,0.06,"Mytilus edulis","W-Msc-140480"
14,80,0.11,"Mytilus edulis","W-Msc-140480"
14.5,80,0.24,"Mytilus edulis","W-Msc-140480"
15,80,0.24,"Mytilus edulis","W-Msc-140480"
15.5,80,0.24,"Mytilus edulis","W-Msc-140480"
16,80,0.25,"Mytilus edulis","W-Msc-140480"
16.5,80,0.24,"Mytilus edulis","W-Msc-140480"
17,80,0.22,"Mytilus edulis","W-Msc-140480"
17.5,80,0.2,"Mytilus edulis","W-Msc-140480"
18,80,0.18,"Mytilus edulis","W-Msc-140480"
18.5,80,0.15,"Mytilus edulis","W-Msc-140480"
19,80,0.12,"Mytilus edulis","W-Msc-140480"
19.5,80,0.1,"Mytilus edulis","W-Msc-140480"
20,80,0.09,"Mytilus edulis","W-Msc-140480"
20.5,80,0.08,"Mytilus edulis","W-Msc-140480"
21,80,0.07,"Mytilus edulis","W-Msc-140480"
21.5,80,0.07,"Mytilus edulis","W-Msc-140480"
22,80,0.07,"Mytilus edulis","W-Msc-140480"
22.5,80,0.07,"Mytilus edulis","W-Msc-140480"
23,80,0.05,"Mytilus edulis","W-Msc-140480"
23.5,80,0.04,"Mytilus edulis","W-Msc-140480"
24,80,0.04,"Mytilus edulis","W-Msc-140480"
24.5,80,0.04,"Mytilus edulis","W-Msc-140480"
25,80,0.04,"Mytilus edulis","W-Msc-140480"
25.5,80,0.04,"Mytilus edulis","W-Msc-140480"
26,80,0.04,"Mytilus edulis","W-Msc-140480"
26.5,80,0.04,"Mytilus edulis","W-Msc-140480"
27,80,0.03,"Mytilus edulis","W-Msc-140480"
27.5,80,0.03,"Mytilus edulis","W-Msc-140480"
28,80,0.03,"Mytilus edulis","W-Msc-140480"
28.5,80,0.02,"Mytilus edulis","W-Msc-140480"
31.5,80,0.02,"Mytilus edulis","W-Msc-140480"
32,80,0.02,"Mytilus edulis","W-Msc-140480"
32.5,80,0.02,"Mytilus edulis","W-Msc-140480"
33,80,0.02,"Mytilus edulis","W-Msc-140480"
33.5,80,0.02,"Mytilus edulis","W-Msc-140480"
34,80,0.02,"Mytilus edulis","W-Msc-140480"
36.5,80,0.02,"Mytilus edulis","W-Msc-140480"
37,80,0.02,"Mytilus edulis","W-Msc-140480"
37.5,80,0.02,"Mytilus edulis","W-Msc-140480"
38,80,0.01,"Mytilus edulis","W-Msc-140480"
38.5,80,0.01,"Mytilus edulis","W-Msc-140480"
39.5,80,0.01,"Mytilus edulis","W-Msc-140480"
46,80,0.05,"Mytilus edulis","W-Msc-140480"
46.5,80,0.06,"Mytilus edulis","W-Msc-140480"
47,80,0.05,"Mytilus edulis","W-Msc-140480"
47.5,80,0.05,"Mytilus edulis","W-Msc-140480"
48,80,0.05,"Mytilus edulis","W-Msc-140480"
48.5,80,0.05,"Mytilus edulis","W-Msc-140480"
49,80,0.05,"Mytilus edulis","W-Msc-140480"
49.5,80,0.05,"Mytilus edulis","W-Msc-140480"
50,80,0.04,"Mytilus edulis","W-Msc-140480"
50.5,80,0.04,"Mytilus edulis","W-Msc-140480"
51,80,0.04,"Mytilus edulis","W-Msc-140480"
51.5,80,0.04,"Mytilus edulis","W-Msc-140480"
52,80,0.04,"Mytilus edulis","W-Msc-140480"
52.5,80,0.04,"Mytilus edulis","W-Msc-140480"
53,80,0.04,"Mytilus edulis","W-Msc-140480"
53.5,80,0.04,"Mytilus edulis","W-Msc-140480"
54,80,0.04,"Mytilus edulis","W-Msc-140480"
54.5,80,0.04,"Mytilus edulis","W-Msc-140480"
55,80,0.04,"Mytilus edulis","W-Msc-140480"
55.5,80,0.04,"Mytilus edulis","W-Msc-140480"
56,80,0.04,"Mytilus edulis","W-Msc-140480"
56.5,80,0.04,"Mytilus edulis","W-Msc-140480"
57,80,0.04,"Mytilus edulis","W-Msc-140480"
57.5,80,0.04,"Mytilus edulis","W-Msc-140480"
58,80,0.03,"Mytilus edulis","W-Msc-140480"
58.5,80,0.03,"Mytilus edulis","W-Msc-140480"
59,80,0.03,"Mytilus edulis","W-Msc-140480"
59.5,80,0.03,"Mytilus edulis","W-Msc-140480"
60,80,0.03,"Mytilus edulis","W-Msc-140480"
60.5,80,0.03,"Mytilus edulis","W-Msc-140480"
61,80,0.03,"Mytilus edulis","W-Msc-140480"
61.5,80,0.03,"Mytilus edulis","W-Msc-140480"
62,80,0.03,"Mytilus edulis","W-Msc-140480"
74.5,80,0.01,"Mytilus edulis","W-Msc-140480"
75,80,0.02,"Mytilus edulis","W-Msc-140480"
75.5,80,0.01,"Mytilus edulis","W-Msc-140480"
76,80,0.01,"Mytilus edulis","W-Msc-140480"
76.5,80,0.01,"Mytilus edulis","W-Msc-140480"
77,80,0.01,"Mytilus edulis","W-Msc-140480"
77.5,80,0.01,"Mytilus edulis","W-Msc-140480"
78,80,0.01,"Mytilus edulis","W-Msc-140480"
78.5,80,0.01,"Mytilus edulis","W-Msc-140480"
91,80,0.02,"Mytilus edulis","W-Msc-140480"
91.5,80,0.02,"Mytilus edulis","W-Msc-140480"
92,80,0.02,"Mytilus edulis","W-Msc-140480"
92.5,80,0.02,"Mytilus edulis","W-Msc-140480"
93,80,0.02,"Mytilus edulis","W-Msc-140480"
93.5,80,0.02,"Mytilus edulis","W-Msc-140480"
94,80,0.02,"Mytilus edulis","W-Msc-140480"
94.5,80,0.01,"Mytilus edulis","W-Msc-140480"
95,80,0.01,"Mytilus edulis","W-Msc-140480"
95.5,80,0.01,"Mytilus edulis","W-Msc-140480"
96,80,0.01,"Mytilus edulis","W-Msc-140480"
96.5,80,0.01,"Mytilus edulis","W-Msc-140480"
97,80,0.01,"Mytilus edulis","W-Msc-140480"
97.5,80,0.01,"Mytilus edulis","W-Msc-140480"
98,80,0.01,"Mytilus edulis","W-Msc-140480"
98.5,80,0.01,"Mytilus edulis","W-Msc-140480"
99,80,0.01,"Mytilus edulis","W-Msc-140480"
-85.5,79.5,0.01,"Mytilus edulis","W-Msc-140480"
-85,79.5,0.01,"Mytilus edulis","W-Msc-140480"
-84.5,79.5,0.01,"Mytilus edulis","W-Msc-140480"
-79.5,79.5,0.01,"Mytilus edulis","W-Msc-140480"
-74.5,79.5,0.02,"Mytilus edulis","W-Msc-140480"
-74,79.5,0.02,"Mytilus edulis","W-Msc-140480"
-73.5,79.5,0.01,"Mytilus edulis","W-Msc-140480"
-73,79.5,0.01,"Mytilus edulis","W-Msc-140480"
-72.5,79.5,0.01,"Mytilus edulis","W-Msc-140480"
-72,79.5,0.01,"Mytilus edulis","W-Msc-140480"
-71.5,79.5,0.01,"Mytilus edulis","W-Msc-140480"
-71,79.5,0.01,"Mytilus edulis","W-Msc-140480"
-70.5,79.5,0.02,"Mytilus edulis","W-Msc-140480"
-65,79.5,0.02,"Mytilus edulis","W-Msc-140480"
-64.5,79.5,0.02,"Mytilus edulis","W-Msc-140480"
-64,79.5,0.02,"Mytilus edulis","W-Msc-140480"
10.5,79.5,0.43,"Mytilus edulis","W-Msc-140480"
11,79.5,0.4,"Mytilus edulis","W-Msc-140480"
11.5,79.5,0.38,"Mytilus edulis","W-Msc-140480"
12,79.5,0.37,"Mytilus edulis","W-Msc-140480"
12.5,79.5,0.37,"Mytilus edulis","W-Msc-140480"
13,79.5,0.36,"Mytilus edulis","W-Msc-140480"
13.5,79.5,0.36,"Mytilus edulis","W-Msc-140480"
14,79.5,0.35,"Mytilus edulis","W-Msc-140480"
14.5,79.5,0.34,"Mytilus edulis","W-Msc-140480"
15,79.5,0.34,"Mytilus edulis","W-Msc-140480"
15.5,79.5,0.33,"Mytilus edulis","W-Msc-140480"
16,79.5,0.27,"Mytilus edulis","W-Msc-140480"
17,79.5,0.23,"Mytilus edulis","W-Msc-140480"
17.5,79.5,0.21,"Mytilus edulis","W-Msc-140480"
18,79.5,0.19,"Mytilus edulis","W-Msc-140480"
18.5,79.5,0.16,"Mytilus edulis","W-Msc-140480"
19,79.5,0.14,"Mytilus edulis","W-Msc-140480"
19.5,79.5,0.12,"Mytilus edulis","W-Msc-140480"
20,79.5,0.11,"Mytilus edulis","W-Msc-140480"
20.5,79.5,0.1,"Mytilus edulis","W-Msc-140480"
21,79.5,0.09,"Mytilus edulis","W-Msc-140480"
21.5,79.5,0.09,"Mytilus edulis","W-Msc-140480"
22,79.5,0.05,"Mytilus edulis","W-Msc-140480"
26,79.5,0.06,"Mytilus edulis","W-Msc-140480"
26.5,79.5,0.06,"Mytilus edulis","W-Msc-140480"
27,79.5,0.06,"Mytilus edulis","W-Msc-140480"
27.5,79.5,0.06,"Mytilus edulis","W-Msc-140480"
28,79.5,0.04,"Mytilus edulis","W-Msc-140480"
31,79.5,0.01,"Mytilus edulis","W-Msc-140480"
31.5,79.5,0.02,"Mytilus edulis","W-Msc-140480"
32.5,79.5,0.01,"Mytilus edulis","W-Msc-140480"
49.5,79.5,0.06,"Mytilus edulis","W-Msc-140480"
50,79.5,0.06,"Mytilus edulis","W-Msc-140480"
50.5,79.5,0.06,"Mytilus edulis","W-Msc-140480"
51,79.5,0.05,"Mytilus edulis","W-Msc-140480"
51.5,79.5,0.05,"Mytilus edulis","W-Msc-140480"
52,79.5,0.03,"Mytilus edulis","W-Msc-140480"
58.5,79.5,0.04,"Mytilus edulis","W-Msc-140480"
59,79.5,0.04,"Mytilus edulis","W-Msc-140480"
59.5,79.5,0.04,"Mytilus edulis","W-Msc-140480"
60,79.5,0.04,"Mytilus edulis","W-Msc-140480"
60.5,79.5,0.02,"Mytilus edulis","W-Msc-140480"
75,79.5,0.04,"Mytilus edulis","W-Msc-140480"
75.5,79.5,0.03,"Mytilus edulis","W-Msc-140480"
76,79.5,0.03,"Mytilus edulis","W-Msc-140480"
76.5,79.5,0.02,"Mytilus edulis","W-Msc-140480"
77,79.5,0.02,"Mytilus edulis","W-Msc-140480"
77.5,79.5,0.02,"Mytilus edulis","W-Msc-140480"
78,79.5,0.02,"Mytilus edulis","W-Msc-140480"
79.5,79.5,0.01,"Mytilus edulis","W-Msc-140480"
80,79.5,0.01,"Mytilus edulis","W-Msc-140480"
80.5,79.5,0.01,"Mytilus edulis","W-Msc-140480"
81,79.5,0.01,"Mytilus edulis","W-Msc-140480"
81.5,79.5,0.01,"Mytilus edulis","W-Msc-140480"
82,79.5,0.01,"Mytilus edulis","W-Msc-140480"
82.5,79.5,0.01,"Mytilus edulis","W-Msc-140480"
90.5,79.5,0.01,"Mytilus edulis","W-Msc-140480"
91,79.5,0.02,"Mytilus edulis","W-Msc-140480"
91.5,79.5,0.02,"Mytilus edulis","W-Msc-140480"
92,79.5,0.02,"Mytilus edulis","W-Msc-140480"
92.5,79.5,0.02,"Mytilus edulis","W-Msc-140480"
93,79.5,0.02,"Mytilus edulis","W-Msc-140480"
93.5,79.5,0.02,"Mytilus edulis","W-Msc-140480"
94,79.5,0.02,"Mytilus edulis","W-Msc-140480"
94.5,79.5,0.02,"Mytilus edulis","W-Msc-140480"
95,79.5,0.01,"Mytilus edulis","W-Msc-140480"
98,79.5,0.01,"Mytilus edulis","W-Msc-140480"
98.5,79.5,0.01,"Mytilus edulis","W-Msc-140480"
99,79.5,0.01,"Mytilus edulis","W-Msc-140480"
100,79.5,0.01,"Mytilus edulis","W-Msc-140480"
100.5,79.5,0.01,"Mytilus edulis","W-Msc-140480"
-86.5,79,0.01,"Mytilus edulis","W-Msc-140480"
-86,79,0.01,"Mytilus edulis","W-Msc-140480"
-85.5,79,0.01,"Mytilus edulis","W-Msc-140480"
-85,79,0.01,"Mytilus edulis","W-Msc-140480"
-84.5,79,0.01,"Mytilus edulis","W-Msc-140480"
-84,79,0.01,"Mytilus edulis","W-Msc-140480"
-83.5,79,0.01,"Mytilus edulis","W-Msc-140480"
-81.5,79,0.01,"Mytilus edulis","W-Msc-140480"
-77.5,79,0.03,"Mytilus edulis","W-Msc-140480"
-77,79,0.03,"Mytilus edulis","W-Msc-140480"
-76.5,79,0.03,"Mytilus edulis","W-Msc-140480"
-76,79,0.03,"Mytilus edulis","W-Msc-140480"
-75.5,79,0.03,"Mytilus edulis","W-Msc-140480"
-75,79,0.03,"Mytilus edulis","W-Msc-140480"
-74.5,79,0.02,"Mytilus edulis","W-Msc-140480"
-74,79,0.02,"Mytilus edulis","W-Msc-140480"
-73.5,79,0.02,"Mytilus edulis","W-Msc-140480"
-69,79,0.02,"Mytilus edulis","W-Msc-140480"
-68.5,79,0.02,"Mytilus edulis","W-Msc-140480"
-68,79,0.02,"Mytilus edulis","W-Msc-140480"
-67.5,79,0.02,"Mytilus edulis","W-Msc-140480"
-67,79,0.02,"Mytilus edulis","W-Msc-140480"
-66.5,79,0.02,"Mytilus edulis","W-Msc-140480"
-66,79,0.02,"Mytilus edulis","W-Msc-140480"
-65.5,79,0.02,"Mytilus edulis","W-Msc-140480"
-65,79,0.02,"Mytilus edulis","W-Msc-140480"
10,79,0.15,"Mytilus edulis","W-Msc-140480"
10.5,79,0.38,"Mytilus edulis","W-Msc-140480"
11,79,0.48,"Mytilus edulis","W-Msc-140480"
11.5,79,0.44,"Mytilus edulis","W-Msc-140480"
12,79,0.42,"Mytilus edulis","W-Msc-140480"
12.5,79,0.41,"Mytilus edulis","W-Msc-140480"
14,79,0.39,"Mytilus edulis","W-Msc-140480"
15.5,79,0.33,"Mytilus edulis","W-Msc-140480"
16,79,0.25,"Mytilus edulis","W-Msc-140480"
16.5,79,0.25,"Mytilus edulis","W-Msc-140480"
18,79,0.19,"Mytilus edulis","W-Msc-140480"
19,79,0.15,"Mytilus edulis","W-Msc-140480"
19.5,79,0.11,"Mytilus edulis","W-Msc-140480"
20,79,0.12,"Mytilus edulis","W-Msc-140480"
20.5,79,0.11,"Mytilus edulis","W-Msc-140480"
21,79,0.1,"Mytilus edulis","W-Msc-140480"
21.5,79,0.09,"Mytilus edulis","W-Msc-140480"
22,79,0.08,"Mytilus edulis","W-Msc-140480"
22.5,79,0.08,"Mytilus edulis","W-Msc-140480"
23,79,0.08,"Mytilus edulis","W-Msc-140480"
23.5,79,0.07,"Mytilus edulis","W-Msc-140480"
24,79,0.07,"Mytilus edulis","W-Msc-140480"
24.5,79,0.07,"Mytilus edulis","W-Msc-140480"
25,79,0.08,"Mytilus edulis","W-Msc-140480"
25.5,79,0.07,"Mytilus edulis","W-Msc-140480"
26,79,0.07,"Mytilus edulis","W-Msc-140480"
28.5,79,0.04,"Mytilus edulis","W-Msc-140480"
29,79,0.03,"Mytilus edulis","W-Msc-140480"
30.5,79,0.03,"Mytilus edulis","W-Msc-140480"
46,79,0.08,"Mytilus edulis","W-Msc-140480"
46.5,79,0.08,"Mytilus edulis","W-Msc-140480"
77,79,0.03,"Mytilus edulis","W-Msc-140480"
77.5,79,0.02,"Mytilus edulis","W-Msc-140480"
78,79,0.01,"Mytilus edulis","W-Msc-140480"
79.5,79,0.01,"Mytilus edulis","W-Msc-140480"
80,79,0.01,"Mytilus edulis","W-Msc-140480"
80.5,79,0.01,"Mytilus edulis","W-Msc-140480"
81,79,0.01,"Mytilus edulis","W-Msc-140480"
81.5,79,0.01,"Mytilus edulis","W-Msc-140480"
82,79,0.01,"Mytilus edulis","W-Msc-140480"
82.5,79,0.01,"Mytilus edulis","W-Msc-140480"
91,79,0.02,"Mytilus edulis","W-Msc-140480"
91.5,79,0.02,"Mytilus edulis","W-Msc-140480"
92,79,0.02,"Mytilus edulis","W-Msc-140480"
92.5,79,0.02,"Mytilus edulis","W-Msc-140480"
93,79,0.02,"Mytilus edulis","W-Msc-140480"
93.5,79,0.02,"Mytilus edulis","W-Msc-140480"
94,79,0.02,"Mytilus edulis","W-Msc-140480"
94.5,79,0.02,"Mytilus edulis","W-Msc-140480"
95,79,0.02,"Mytilus edulis","W-Msc-140480"
95.5,79,0.01,"Mytilus edulis","W-Msc-140480"
96,79,0.01,"Mytilus edulis","W-Msc-140480"
96.5,79,0.01,"Mytilus edulis","W-Msc-140480"
97,79,0.01,"Mytilus edulis","W-Msc-140480"
99.5,79,0.01,"Mytilus edulis","W-Msc-140480"
100,79,0.01,"Mytilus edulis","W-Msc-140480"
100.5,79,0.02,"Mytilus edulis","W-Msc-140480"
101,79,0.01,"Mytilus edulis","W-Msc-140480"
101.5,79,0.01,"Mytilus edulis","W-Msc-140480"
102,79,0.01,"Mytilus edulis","W-Msc-140480"
102.5,79,0.01,"Mytilus edulis","W-Msc-140480"
103,79,0.01,"Mytilus edulis","W-Msc-140480"
103.5,79,0.01,"Mytilus edulis","W-Msc-140480"
104,79,0.01,"Mytilus edulis","W-Msc-140480"
104.5,79,0.01,"Mytilus edulis","W-Msc-140480"
105,79,0.01,"Mytilus edulis","W-Msc-140480"
-88,78.5,0.01,"Mytilus edulis","W-Msc-140480"
-87.5,78.5,0.01,"Mytilus edulis","W-Msc-140480"
-87,78.5,0.01,"Mytilus edulis","W-Msc-140480"
-86.5,78.5,0.01,"Mytilus edulis","W-Msc-140480"
-86,78.5,0.01,"Mytilus edulis","W-Msc-140480"
-85.5,78.5,0.01,"Mytilus edulis","W-Msc-140480"
-85,78.5,0.01,"Mytilus edulis","W-Msc-140480"
-84.5,78.5,0.02,"Mytilus edulis","W-Msc-140480"
-84,78.5,0.02,"Mytilus edulis","W-Msc-140480"
-83.5,78.5,0.02,"Mytilus edulis","W-Msc-140480"
-83,78.5,0.01,"Mytilus edulis","W-Msc-140480"
-82.5,78.5,0.01,"Mytilus edulis","W-Msc-140480"
-82,78.5,0.01,"Mytilus edulis","W-Msc-140480"
-81.5,78.5,0.01,"Mytilus edulis","W-Msc-140480"
-76,78.5,0.04,"Mytilus edulis","W-Msc-140480"
-75.5,78.5,0.04,"Mytilus edulis","W-Msc-140480"
-75,78.5,0.03,"Mytilus edulis","W-Msc-140480"
-74.5,78.5,0.03,"Mytilus edulis","W-Msc-140480"
-74,78.5,0.02,"Mytilus edulis","W-Msc-140480"
-72.5,78.5,0.02,"Mytilus edulis","W-Msc-140480"
-72,78.5,0.02,"Mytilus edulis","W-Msc-140480"
-71.5,78.5,0.02,"Mytilus edulis","W-Msc-140480"
-71,78.5,0.02,"Mytilus edulis","W-Msc-140480"
-70.5,78.5,0.02,"Mytilus edulis","W-Msc-140480"
-70,78.5,0.03,"Mytilus edulis","W-Msc-140480"
-69.5,78.5,0.03,"Mytilus edulis","W-Msc-140480"
-69,78.5,0.03,"Mytilus edulis","W-Msc-140480"
10.5,78.5,0.53,"Mytilus edulis","W-Msc-140480"
11,78.5,0.52,"Mytilus edulis","W-Msc-140480"
11.5,78.5,0.48,"Mytilus edulis","W-Msc-140480"
12,78.5,0.47,"Mytilus edulis","W-Msc-140480"
12.5,78.5,0.46,"Mytilus edulis","W-Msc-140480"
14.5,78.5,0.41,"Mytilus edulis","W-Msc-140480"
15,78.5,0.4,"Mytilus edulis","W-Msc-140480"
15.5,78.5,0.36,"Mytilus edulis","W-Msc-140480"
16,78.5,0.3,"Mytilus edulis","W-Msc-140480"
16.5,78.5,0.27,"Mytilus edulis","W-Msc-140480"
17,78.5,0.25,"Mytilus edulis","W-Msc-140480"
19.5,78.5,0.15,"Mytilus edulis","W-Msc-140480"
20,78.5,0.14,"Mytilus edulis","W-Msc-140480"
20.5,78.5,0.14,"Mytilus edulis","W-Msc-140480"
21,78.5,0.13,"Mytilus edulis","W-Msc-140480"
21.5,78.5,0.11,"Mytilus edulis","W-Msc-140480"
22,78.5,0.08,"Mytilus edulis","W-Msc-140480"
22.5,78.5,0.08,"Mytilus edulis","W-Msc-140480"
23,78.5,0.07,"Mytilus edulis","W-Msc-140480"
23.5,78.5,0.06,"Mytilus edulis","W-Msc-140480"
24,78.5,0.04,"Mytilus edulis","W-Msc-140480"
26.5,78.5,0.07,"Mytilus edulis","W-Msc-140480"
27,78.5,0.07,"Mytilus edulis","W-Msc-140480"
27.5,78.5,0.07,"Mytilus edulis","W-Msc-140480"
28,78.5,0.06,"Mytilus edulis","W-Msc-140480"
28.5,78.5,0.06,"Mytilus edulis","W-Msc-140480"
29,78.5,0.06,"Mytilus edulis","W-Msc-140480"
29.5,78.5,0.05,"Mytilus edulis","W-Msc-140480"
30,78.5,0.05,"Mytilus edulis","W-Msc-140480"
30.5,78.5,0.05,"Mytilus edulis","W-Msc-140480"
80,78.5,0.01,"Mytilus edulis","W-Msc-140480"
80.5,78.5,0.01,"Mytilus edulis","W-Msc-140480"
81,78.5,0.01,"Mytilus edulis","W-Msc-140480"
81.5,78.5,0.02,"Mytilus edulis","W-Msc-140480"
82,78.5,0.02,"Mytilus edulis","W-Msc-140480"
82.5,78.5,0.02,"Mytilus edulis","W-Msc-140480"
83,78.5,0.01,"Mytilus edulis","W-Msc-140480"
83.5,78.5,0.01,"Mytilus edulis","W-Msc-140480"
84,78.5,0.01,"Mytilus edulis","W-Msc-140480"
84.5,78.5,0.01,"Mytilus edulis","W-Msc-140480"
85,78.5,0.01,"Mytilus edulis","W-Msc-140480"
91,78.5,0.01,"Mytilus edulis","W-Msc-140480"
91.5,78.5,0.01,"Mytilus edulis","W-Msc-140480"
92,78.5,0.01,"Mytilus edulis","W-Msc-140480"
92.5,78.5,0.01,"Mytilus edulis","W-Msc-140480"
93,78.5,0.01,"Mytilus edulis","W-Msc-140480"
93.5,78.5,0.01,"Mytilus edulis","W-Msc-140480"
94,78.5,0.02,"Mytilus edulis","W-Msc-140480"
94.5,78.5,0.02,"Mytilus edulis","W-Msc-140480"
95,78.5,0.01,"Mytilus edulis","W-Msc-140480"
95.5,78.5,0.01,"Mytilus edulis","W-Msc-140480"
96,78.5,0.02,"Mytilus edulis","W-Msc-140480"
96.5,78.5,0.02,"Mytilus edulis","W-Msc-140480"
97,78.5,0.02,"Mytilus edulis","W-Msc-140480"
97.5,78.5,0.02,"Mytilus edulis","W-Msc-140480"
98,78.5,0.02,"Mytilus edulis","W-Msc-140480"
98.5,78.5,0.02,"Mytilus edulis","W-Msc-140480"
99,78.5,0.02,"Mytilus edulis","W-Msc-140480"
99.5,78.5,0.02,"Mytilus edulis","W-Msc-140480"
100,78.5,0.02,"Mytilus edulis","W-Msc-140480"
100.5,78.5,0.02,"Mytilus edulis","W-Msc-140480"
101,78.5,0.02,"Mytilus edulis","W-Msc-140480"
105,78.5,0.02,"Mytilus edulis","W-Msc-140480"
105.5,78.5,0.02,"Mytilus edulis","W-Msc-140480"
106,78.5,0.02,"Mytilus edulis","W-Msc-140480"
108,78.5,0.01,"Mytilus edulis","W-Msc-140480"
-103,78,0.01,"Mytilus edulis","W-Msc-140480"
-88.5,78,0.01,"Mytilus edulis","W-Msc-140480"
-88,78,0.01,"Mytilus edulis","W-Msc-140480"
-87.5,78,0.01,"Mytilus edulis","W-Msc-140480"
-87,78,0.01,"Mytilus edulis","W-Msc-140480"
-86.5,78,0.01,"Mytilus edulis","W-Msc-140480"
-86,78,0.01,"Mytilus edulis","W-Msc-140480"
-85.5,78,0.02,"Mytilus edulis","W-Msc-140480"
-85,78,0.02,"Mytilus edulis","W-Msc-140480"
-84.5,78,0.02,"Mytilus edulis","W-Msc-140480"
-82.5,78,0.02,"Mytilus edulis","W-Msc-140480"
-76,78,0.04,"Mytilus edulis","W-Msc-140480"
-75.5,78,0.04,"Mytilus edulis","W-Msc-140480"
-75,78,0.04,"Mytilus edulis","W-Msc-140480"
-72.5,78,0.06,"Mytilus edulis","W-Msc-140480"
-72,78,0.07,"Mytilus edulis","W-Msc-140480"
11,78,0.32,"Mytilus edulis","W-Msc-140480"
11.5,78,0.54,"Mytilus edulis","W-Msc-140480"
12,78,0.52,"Mytilus edulis","W-Msc-140480"
12.5,78,0.49,"Mytilus edulis","W-Msc-140480"
13,78,0.48,"Mytilus edulis","W-Msc-140480"
13.5,78,0.47,"Mytilus edulis","W-Msc-140480"
14,78,0.46,"Mytilus edulis","W-Msc-140480"
14.5,78,0.45,"Mytilus edulis","W-Msc-140480"
15,78,0.43,"Mytilus edulis","W-Msc-140480"
15.5,78,0.42,"Mytilus edulis","W-Msc-140480"
16,78,0.35,"Mytilus edulis","W-Msc-140480"
16.5,78,0.3,"Mytilus edulis","W-Msc-140480"
17,78,0.27,"Mytilus edulis","W-Msc-140480"
19,78,0.18,"Mytilus edulis","W-Msc-140480"
19.5,78,0.18,"Mytilus edulis","W-Msc-140480"
20,78,0.17,"Mytilus edulis","W-Msc-140480"
20.5,78,0.18,"Mytilus edulis","W-Msc-140480"
21,78,0.16,"Mytilus edulis","W-Msc-140480"
21.5,78,0.13,"Mytilus edulis","W-Msc-140480"
22,78,0.11,"Mytilus edulis","W-Msc-140480"
22.5,78,0.09,"Mytilus edulis","W-Msc-140480"
23,78,0.09,"Mytilus edulis","W-Msc-140480"
23.5,78,0.09,"Mytilus edulis","W-Msc-140480"
24,78,0.08,"Mytilus edulis","W-Msc-140480"
24.5,78,0.08,"Mytilus edulis","W-Msc-140480"
80,78,0.01,"Mytilus edulis","W-Msc-140480"
80.5,78,0.02,"Mytilus edulis","W-Msc-140480"
81,78,0.03,"Mytilus edulis","W-Msc-140480"
81.5,78,0.03,"Mytilus edulis","W-Msc-140480"
82,78,0.02,"Mytilus edulis","W-Msc-140480"
82.5,78,0.02,"Mytilus edulis","W-Msc-140480"
83,78,0.02,"Mytilus edulis","W-Msc-140480"
83.5,78,0.02,"Mytilus edulis","W-Msc-140480"
84,78,0.01,"Mytilus edulis","W-Msc-140480"
84.5,78,0.01,"Mytilus edulis","W-Msc-140480"
85,78,0.01,"Mytilus edulis","W-Msc-140480"
85.5,78,0.01,"Mytilus edulis","W-Msc-140480"
86,78,0.01,"Mytilus edulis","W-Msc-140480"
86.5,78,0.01,"Mytilus edulis","W-Msc-140480"
89.5,78,0.01,"Mytilus edulis","W-Msc-140480"
90,78,0.01,"Mytilus edulis","W-Msc-140480"
90.5,78,0.01,"Mytilus edulis","W-Msc-140480"
91,78,0.02,"Mytilus edulis","W-Msc-140480"
91.5,78,0.02,"Mytilus edulis","W-Msc-140480"
92,78,0.02,"Mytilus edulis","W-Msc-140480"
92.5,78,0.01,"Mytilus edulis","W-Msc-140480"
93,78,0.01,"Mytilus edulis","W-Msc-140480"
93.5,78,0.01,"Mytilus edulis","W-Msc-140480"
94,78,0.01,"Mytilus edulis","W-Msc-140480"
94.5,78,0.01,"Mytilus edulis","W-Msc-140480"
95,78,0.01,"Mytilus edulis","W-Msc-140480"
95.5,78,0.01,"Mytilus edulis","W-Msc-140480"
96,78,0.01,"Mytilus edulis","W-Msc-140480"
96.5,78,0.01,"Mytilus edulis","W-Msc-140480"
98.5,78,0.01,"Mytilus edulis","W-Msc-140480"
99,78,0.02,"Mytilus edulis","W-Msc-140480"
99.5,78,0.02,"Mytilus edulis","W-Msc-140480"
100,78,0.02,"Mytilus edulis","W-Msc-140480"
100.5,78,0.02,"Mytilus edulis","W-Msc-140480"
101,78,0.02,"Mytilus edulis","W-Msc-140480"
101.5,78,0.02,"Mytilus edulis","W-Msc-140480"
102,78,0.02,"Mytilus edulis","W-Msc-140480"
102.5,78,0.02,"Mytilus edulis","W-Msc-140480"
103,78,0.02,"Mytilus edulis","W-Msc-140480"
103.5,78,0.02,"Mytilus edulis","W-Msc-140480"
104,78,0.02,"Mytilus edulis","W-Msc-140480"
104.5,78,0.02,"Mytilus edulis","W-Msc-140480"
105,78,0.02,"Mytilus edulis","W-Msc-140480"
105.5,78,0.03,"Mytilus edulis","W-Msc-140480"
106,78,0.02,"Mytilus edulis","W-Msc-140480"
106.5,78,0.02,"Mytilus edulis","W-Msc-140480"
107,78,0.02,"Mytilus edulis","W-Msc-140480"
107.5,78,0.02,"Mytilus edulis","W-Msc-140480"
108,78,0.02,"Mytilus edulis","W-Msc-140480"
108.5,78,0.02,"Mytilus edulis","W-Msc-140480"
109,78,0.02,"Mytilus edulis","W-Msc-140480"
109.5,78,0.01,"Mytilus edulis","W-Msc-140480"
110,78,0.01,"Mytilus edulis","W-Msc-140480"
110.5,78,0.01,"Mytilus edulis","W-Msc-140480"
-100.5,77.5,0.01,"Mytilus edulis","W-Msc-140480"
-97.5,77.5,0.01,"Mytilus edulis","W-Msc-140480"
-96,77.5,0.01,"Mytilus edulis","W-Msc-140480"
-88,77.5,0.01,"Mytilus edulis","W-Msc-140480"
-87.5,77.5,0.01,"Mytilus edulis","W-Msc-140480"
-87,77.5,0.01,"Mytilus edulis","W-Msc-140480"
-86.5,77.5,0.02,"Mytilus edulis","W-Msc-140480"
-86,77.5,0.02,"Mytilus edulis","W-Msc-140480"
-85.5,77.5,0.02,"Mytilus edulis","W-Msc-140480"
-85,77.5,0.03,"Mytilus edulis","W-Msc-140480"
-84.5,77.5,0.03,"Mytilus edulis","W-Msc-140480"
-84,77.5,0.03,"Mytilus edulis","W-Msc-140480"
-83.5,77.5,0.03,"Mytilus edulis","W-Msc-140480"
-83,77.5,0.03,"Mytilus edulis","W-Msc-140480"
-82.5,77.5,0.03,"Mytilus edulis","W-Msc-140480"
-81.5,77.5,0.02,"Mytilus edulis","W-Msc-140480"
-78,77.5,0.04,"Mytilus edulis","W-Msc-140480"
-77.5,77.5,0.04,"Mytilus edulis","W-Msc-140480"
-77,77.5,0.05,"Mytilus edulis","W-Msc-140480"
-76.5,77.5,0.05,"Mytilus edulis","W-Msc-140480"
-76,77.5,0.04,"Mytilus edulis","W-Msc-140480"
-75.5,77.5,0.04,"Mytilus edulis","W-Msc-140480"
-72.5,77.5,0.03,"Mytilus edulis","W-Msc-140480"
-72,77.5,0.14,"Mytilus edulis","W-Msc-140480"
-71.5,77.5,0.13,"Mytilus edulis","W-Msc-140480"
-71,77.5,0.1,"Mytilus edulis","W-Msc-140480"
-70.5,77.5,0.08,"Mytilus edulis","W-Msc-140480"
-70,77.5,0.08,"Mytilus edulis","W-Msc-140480"
-69.5,77.5,0.08,"Mytilus edulis","W-Msc-140480"
-69,77.5,0.08,"Mytilus edulis","W-Msc-140480"
-68.5,77.5,0.07,"Mytilus edulis","W-Msc-140480"
-68,77.5,0.06,"Mytilus edulis","W-Msc-140480"
-67.5,77.5,0.06,"Mytilus edulis","W-Msc-140480"
-67,77.5,0.05,"Mytilus edulis","W-Msc-140480"
-66.5,77.5,0.05,"Mytilus edulis","W-Msc-140480"
-66,77.5,0.05,"Mytilus edulis","W-Msc-140480"
-21.5,77.5,0.01,"Mytilus edulis","W-Msc-140480"
-21,77.5,0.01,"Mytilus edulis","W-Msc-140480"
-17.5,77.5,0.01,"Mytilus edulis","W-Msc-140480"
-17,77.5,0.01,"Mytilus edulis","W-Msc-140480"
12,77.5,0.11,"Mytilus edulis","W-Msc-140480"
12.5,77.5,0.41,"Mytilus edulis","W-Msc-140480"
13,77.5,0.51,"Mytilus edulis","W-Msc-140480"
13.5,77.5,0.49,"Mytilus edulis","W-Msc-140480"
14,77.5,0.49,"Mytilus edulis","W-Msc-140480"
14.5,77.5,0.48,"Mytilus edulis","W-Msc-140480"
15,77.5,0.47,"Mytilus edulis","W-Msc-140480"
15.5,77.5,0.45,"Mytilus edulis","W-Msc-140480"
16,77.5,0.4,"Mytilus edulis","W-Msc-140480"
16.5,77.5,0.34,"Mytilus edulis","W-Msc-140480"
17,77.5,0.29,"Mytilus edulis","W-Msc-140480"
18,77.5,0.22,"Mytilus edulis","W-Msc-140480"
18.5,77.5,0.21,"Mytilus edulis","W-Msc-140480"
19,77.5,0.2,"Mytilus edulis","W-Msc-140480"
19.5,77.5,0.06,"Mytilus edulis","W-Msc-140480"
20,77.5,0.09,"Mytilus edulis","W-Msc-140480"
20.5,77.5,0.11,"Mytilus edulis","W-Msc-140480"
21,77.5,0.2,"Mytilus edulis","W-Msc-140480"
21.5,77.5,0.17,"Mytilus edulis","W-Msc-140480"
22,77.5,0.14,"Mytilus edulis","W-Msc-140480"
22.5,77.5,0.13,"Mytilus edulis","W-Msc-140480"
23,77.5,0.13,"Mytilus edulis","W-Msc-140480"
23.5,77.5,0.12,"Mytilus edulis","W-Msc-140480"
24,77.5,0.12,"Mytilus edulis","W-Msc-140480"
24.5,77.5,0.11,"Mytilus edulis","W-Msc-140480"
25,77.5,0.1,"Mytilus edulis","W-Msc-140480"
25.5,77.5,0.11,"Mytilus edulis","W-Msc-140480"
79.5,77.5,0.01,"Mytilus edulis","W-Msc-140480"
80,77.5,0.02,"Mytilus edulis","W-Msc-140480"
80.5,77.5,0.02,"Mytilus edulis","W-Msc-140480"
81,77.5,0.04,"Mytilus edulis","W-Msc-140480"
81.5,77.5,0.04,"Mytilus edulis","W-Msc-140480"
82,77.5,0.04,"Mytilus edulis","W-Msc-140480"
82.5,77.5,0.04,"Mytilus edulis","W-Msc-140480"
83,77.5,0.04,"Mytilus edulis","W-Msc-140480"
83.5,77.5,0.03,"Mytilus edulis","W-Msc-140480"
84,77.5,0.02,"Mytilus edulis","W-Msc-140480"
84.5,77.5,0.03,"Mytilus edulis","W-Msc-140480"
85,77.5,0.03,"Mytilus edulis","W-Msc-140480"
85.5,77.5,0.01,"Mytilus edulis","W-Msc-140480"
87,77.5,0.02,"Mytilus edulis","W-Msc-140480"
87.5,77.5,0.02,"Mytilus edulis","W-Msc-140480"
88,77.5,0.01,"Mytilus edulis","W-Msc-140480"
88.5,77.5,0.03,"Mytilus edulis","W-Msc-140480"
89,77.5,0.03,"Mytilus edulis","W-Msc-140480"
89.5,77.5,0.03,"Mytilus edulis","W-Msc-140480"
90,77.5,0.02,"Mytilus edulis","W-Msc-140480"
90.5,77.5,0.02,"Mytilus edulis","W-Msc-140480"
91,77.5,0.02,"Mytilus edulis","W-Msc-140480"
91.5,77.5,0.02,"Mytilus edulis","W-Msc-140480"
92,77.5,0.02,"Mytilus edulis","W-Msc-140480"
92.5,77.5,0.02,"Mytilus edulis","W-Msc-140480"
93,77.5,0.01,"Mytilus edulis","W-Msc-140480"
93.5,77.5,0.01,"Mytilus edulis","W-Msc-140480"
94.5,77.5,0.01,"Mytilus edulis","W-Msc-140480"
95,77.5,0.01,"Mytilus edulis","W-Msc-140480"
95.5,77.5,0.01,"Mytilus edulis","W-Msc-140480"
96,77.5,0.01,"Mytilus edulis","W-Msc-140480"
96.5,77.5,0.01,"Mytilus edulis","W-Msc-140480"
97,77.5,0.01,"Mytilus edulis","W-Msc-140480"
97.5,77.5,0.01,"Mytilus edulis","W-Msc-140480"
98,77.5,0.01,"Mytilus edulis","W-Msc-140480"
99.5,77.5,0.02,"Mytilus edulis","W-Msc-140480"
100,77.5,0.02,"Mytilus edulis","W-Msc-140480"
100.5,77.5,0.02,"Mytilus edulis","W-Msc-140480"
101.5,77.5,0.02,"Mytilus edulis","W-Msc-140480"
102,77.5,0.02,"Mytilus edulis","W-Msc-140480"
102.5,77.5,0.02,"Mytilus edulis","W-Msc-140480"
103,77.5,0.02,"Mytilus edulis","W-Msc-140480"
103.5,77.5,0.02,"Mytilus edulis","W-Msc-140480"
104,77.5,0.02,"Mytilus edulis","W-Msc-140480"
104.5,77.5,0.03,"Mytilus edulis","W-Msc-140480"
105,77.5,0.03,"Mytilus edulis","W-Msc-140480"
105.5,77.5,0.03,"Mytilus edulis","W-Msc-140480"
106,77.5,0.02,"Mytilus edulis","W-Msc-140480"
106.5,77.5,0.02,"Mytilus edulis","W-Msc-140480"
107,77.5,0.03,"Mytilus edulis","W-Msc-140480"
107.5,77.5,0.01,"Mytilus edulis","W-Msc-140480"
135.5,77.5,0.01,"Mytilus edulis","W-Msc-140480"
136,77.5,0.01,"Mytilus edulis","W-Msc-140480"
136.5,77.5,0.01,"Mytilus edulis","W-Msc-140480"
137,77.5,0.01,"Mytilus edulis","W-Msc-140480"
137.5,77.5,0.01,"Mytilus edulis","W-Msc-140480"
138,77.5,0.01,"Mytilus edulis","W-Msc-140480"
138.5,77.5,0.01,"Mytilus edulis","W-Msc-140480"
139,77.5,0.01,"Mytilus edulis","W-Msc-140480"
139.5,77.5,0.01,"Mytilus edulis","W-Msc-140480"
140,77.5,0.01,"Mytilus edulis","W-Msc-140480"
140.5,77.5,0.01,"Mytilus edulis","W-Msc-140480"
141,77.5,0.01,"Mytilus edulis","W-Msc-140480"
141.5,77.5,0.01,"Mytilus edulis","W-Msc-140480"
142,77.5,0.01,"Mytilus edulis","W-Msc-140480"
142.5,77.5,0.01,"Mytilus edulis","W-Msc-140480"
143,77.5,0.01,"Mytilus edulis","W-Msc-140480"
143.5,77.5,0.01,"Mytilus edulis","W-Msc-140480"
144,77.5,0.01,"Mytilus edulis","W-Msc-140480"
-91,77,0.01,"Mytilus edulis","W-Msc-140480"
-90.5,77,0.01,"Mytilus edulis","W-Msc-140480"
-90,77,0.01,"Mytilus edulis","W-Msc-140480"
-89.5,77,0.01,"Mytilus edulis","W-Msc-140480"
-88.5,77,0.01,"Mytilus edulis","W-Msc-140480"
-88,77,0.01,"Mytilus edulis","W-Msc-140480"
-87.5,77,0.01,"Mytilus edulis","W-Msc-140480"
-87,77,0.02,"Mytilus edulis","W-Msc-140480"
-85,77,0.03,"Mytilus edulis","W-Msc-140480"
-84.5,77,0.04,"Mytilus edulis","W-Msc-140480"
-84,77,0.04,"Mytilus edulis","W-Msc-140480"
-83.5,77,0.04,"Mytilus edulis","W-Msc-140480"
-81.5,77,0.04,"Mytilus edulis","W-Msc-140480"
-81,77,0.04,"Mytilus edulis","W-Msc-140480"
-80.5,77,0.04,"Mytilus edulis","W-Msc-140480"
-80,77,0.04,"Mytilus edulis","W-Msc-140480"
-79.5,77,0.04,"Mytilus edulis","W-Msc-140480"
-79,77,0.04,"Mytilus edulis","W-Msc-140480"
-78.5,77,0.04,"Mytilus edulis","W-Msc-140480"
-78,77,0.04,"Mytilus edulis","W-Msc-140480"
-77.5,77,0.04,"Mytilus edulis","W-Msc-140480"
-72.5,77,0.14,"Mytilus edulis","W-Msc-140480"
-72,77,0.14,"Mytilus edulis","W-Msc-140480"
-71.5,77,0.14,"Mytilus edulis","W-Msc-140480"
-71,77,0.13,"Mytilus edulis","W-Msc-140480"
-70.5,77,0.12,"Mytilus edulis","W-Msc-140480"
-70,77,0.12,"Mytilus edulis","W-Msc-140480"
-69.5,77,0.11,"Mytilus edulis","W-Msc-140480"
-69,77,0.11,"Mytilus edulis","W-Msc-140480"
-68.5,77,0.09,"Mytilus edulis","W-Msc-140480"
-68,77,0.08,"Mytilus edulis","W-Msc-140480"
-67.5,77,0.07,"Mytilus edulis","W-Msc-140480"
-67,77,0.06,"Mytilus edulis","W-Msc-140480"
-66.5,77,0.06,"Mytilus edulis","W-Msc-140480"
-20,77,0.01,"Mytilus edulis","W-Msc-140480"
-19.5,77,0.01,"Mytilus edulis","W-Msc-140480"
-19,77,0.01,"Mytilus edulis","W-Msc-140480"
-18.5,77,0.01,"Mytilus edulis","W-Msc-140480"
-18,77,0.01,"Mytilus edulis","W-Msc-140480"
13.5,77,0.22,"Mytilus edulis","W-Msc-140480"
14,77,0.53,"Mytilus edulis","W-Msc-140480"
14.5,77,0.53,"Mytilus edulis","W-Msc-140480"
15,77,0.5,"Mytilus edulis","W-Msc-140480"
15.5,77,0.47,"Mytilus edulis","W-Msc-140480"
16,77,0.44,"Mytilus edulis","W-Msc-140480"
16.5,77,0.39,"Mytilus edulis","W-Msc-140480"
17.5,77,0.27,"Mytilus edulis","W-Msc-140480"
18,77,0.23,"Mytilus edulis","W-Msc-140480"
18.5,77,0.23,"Mytilus edulis","W-Msc-140480"
19,77,0.04,"Mytilus edulis","W-Msc-140480"
20.5,77,0.14,"Mytilus edulis","W-Msc-140480"
21,77,0.21,"Mytilus edulis","W-Msc-140480"
21.5,77,0.19,"Mytilus edulis","W-Msc-140480"
22,77,0.18,"Mytilus edulis","W-Msc-140480"
22.5,77,0.18,"Mytilus edulis","W-Msc-140480"
23,77,0.18,"Mytilus edulis","W-Msc-140480"
23.5,77,0.17,"Mytilus edulis","W-Msc-140480"
24,77,0.15,"Mytilus edulis","W-Msc-140480"
24.5,77,0.13,"Mytilus edulis","W-Msc-140480"
25,77,0.07,"Mytilus edulis","W-Msc-140480"
25.5,77,0.06,"Mytilus edulis","W-Msc-140480"
26,77,0.02,"Mytilus edulis","W-Msc-140480"
67.5,77,0.16,"Mytilus edulis","W-Msc-140480"
68,77,0.15,"Mytilus edulis","W-Msc-140480"
68.5,77,0.15,"Mytilus edulis","W-Msc-140480"
69,77,0.05,"Mytilus edulis","W-Msc-140480"
80,77,0.01,"Mytilus edulis","W-Msc-140480"
80.5,77,0.02,"Mytilus edulis","W-Msc-140480"
81,77,0.03,"Mytilus edulis","W-Msc-140480"
81.5,77,0.04,"Mytilus edulis","W-Msc-140480"
82,77,0.03,"Mytilus edulis","W-Msc-140480"
82.5,77,0.03,"Mytilus edulis","W-Msc-140480"
83,77,0.03,"Mytilus edulis","W-Msc-140480"
83.5,77,0.03,"Mytilus edulis","W-Msc-140480"
84,77,0.03,"Mytilus edulis","W-Msc-140480"
84.5,77,0.03,"Mytilus edulis","W-Msc-140480"
85,77,0.03,"Mytilus edulis","W-Msc-140480"
85.5,77,0.03,"Mytilus edulis","W-Msc-140480"
86,77,0.03,"Mytilus edulis","W-Msc-140480"
86.5,77,0.03,"Mytilus edulis","W-Msc-140480"
87,77,0.03,"Mytilus edulis","W-Msc-140480"
87.5,77,0.02,"Mytilus edulis","W-Msc-140480"
88,77,0.03,"Mytilus edulis","W-Msc-140480"
88.5,77,0.03,"Mytilus edulis","W-Msc-140480"
89,77,0.03,"Mytilus edulis","W-Msc-140480"
89.5,77,0.03,"Mytilus edulis","W-Msc-140480"
90,77,0.03,"Mytilus edulis","W-Msc-140480"
90.5,77,0.03,"Mytilus edulis","W-Msc-140480"
91,77,0.02,"Mytilus edulis","W-Msc-140480"
91.5,77,0.02,"Mytilus edulis","W-Msc-140480"
92,77,0.02,"Mytilus edulis","W-Msc-140480"
92.5,77,0.02,"Mytilus edulis","W-Msc-140480"
93,77,0.02,"Mytilus edulis","W-Msc-140480"
93.5,77,0.02,"Mytilus edulis","W-Msc-140480"
94,77,0.01,"Mytilus edulis","W-Msc-140480"
94.5,77,0.02,"Mytilus edulis","W-Msc-140480"
95,77,0.02,"Mytilus edulis","W-Msc-140480"
95.5,77,0.02,"Mytilus edulis","W-Msc-140480"
96,77,0.03,"Mytilus edulis","W-Msc-140480"
96.5,77,0.03,"Mytilus edulis","W-Msc-140480"
97,77,0.03,"Mytilus edulis","W-Msc-140480"
97.5,77,0.01,"Mytilus edulis","W-Msc-140480"
98,77,0.01,"Mytilus edulis","W-Msc-140480"
98.5,77,0.01,"Mytilus edulis","W-Msc-140480"
99,77,0.01,"Mytilus edulis","W-Msc-140480"
99.5,77,0.01,"Mytilus edulis","W-Msc-140480"
100,77,0.02,"Mytilus edulis","W-Msc-140480"
100.5,77,0.04,"Mytilus edulis","W-Msc-140480"
101,77,0.04,"Mytilus edulis","W-Msc-140480"
101.5,77,0.04,"Mytilus edulis","W-Msc-140480"
102,77,0.04,"Mytilus edulis","W-Msc-140480"
102.5,77,0.03,"Mytilus edulis","W-Msc-140480"
105,77,0.02,"Mytilus edulis","W-Msc-140480"
105.5,77,0.03,"Mytilus edulis","W-Msc-140480"
106,77,0.03,"Mytilus edulis","W-Msc-140480"
106.5,77,0.04,"Mytilus edulis","W-Msc-140480"
107,77,0.04,"Mytilus edulis","W-Msc-140480"
107.5,77,0.04,"Mytilus edulis","W-Msc-140480"
108,77,0.04,"Mytilus edulis","W-Msc-140480"
108.5,77,0.03,"Mytilus edulis","W-Msc-140480"
109,77,0.03,"Mytilus edulis","W-Msc-140480"
109.5,77,0.03,"Mytilus edulis","W-Msc-140480"
110,77,0.03,"Mytilus edulis","W-Msc-140480"
110.5,77,0.03,"Mytilus edulis","W-Msc-140480"
111,77,0.03,"Mytilus edulis","W-Msc-140480"
111.5,77,0.02,"Mytilus edulis","W-Msc-140480"
112,77,0.02,"Mytilus edulis","W-Msc-140480"
112.5,77,0.02,"Mytilus edulis","W-Msc-140480"
113,77,0.01,"Mytilus edulis","W-Msc-140480"
113.5,77,0.01,"Mytilus edulis","W-Msc-140480"
114,77,0.01,"Mytilus edulis","W-Msc-140480"
115.5,77,0.01,"Mytilus edulis","W-Msc-140480"
116,77,0.01,"Mytilus edulis","W-Msc-140480"
116.5,77,0.01,"Mytilus edulis","W-Msc-140480"
117,77,0.01,"Mytilus edulis","W-Msc-140480"
117.5,77,0.01,"Mytilus edulis","W-Msc-140480"
132,77,0.01,"Mytilus edulis","W-Msc-140480"
132.5,77,0.02,"Mytilus edulis","W-Msc-140480"
133,77,0.02,"Mytilus edulis","W-Msc-140480"
133.5,77,0.02,"Mytilus edulis","W-Msc-140480"
134,77,0.02,"Mytilus edulis","W-Msc-140480"
134.5,77,0.02,"Mytilus edulis","W-Msc-140480"
135,77,0.02,"Mytilus edulis","W-Msc-140480"
135.5,77,0.02,"Mytilus edulis","W-Msc-140480"
136,77,0.02,"Mytilus edulis","W-Msc-140480"
136.5,77,0.02,"Mytilus edulis","W-Msc-140480"
137,77,0.02,"Mytilus edulis","W-Msc-140480"
137.5,77,0.02,"Mytilus edulis","W-Msc-140480"
138,77,0.02,"Mytilus edulis","W-Msc-140480"
138.5,77,0.02,"Mytilus edulis","W-Msc-140480"
139,77,0.02,"Mytilus edulis","W-Msc-140480"
139.5,77,0.01,"Mytilus edulis","W-Msc-140480"
140,77,0.01,"Mytilus edulis","W-Msc-140480"
140.5,77,0.01,"Mytilus edulis","W-Msc-140480"
141,77,0.01,"Mytilus edulis","W-Msc-140480"
141.5,77,0.01,"Mytilus edulis","W-Msc-140480"
142,77,0.01,"Mytilus edulis","W-Msc-140480"
142.5,77,0.01,"Mytilus edulis","W-Msc-140480"
143,77,0.01,"Mytilus edulis","W-Msc-140480"
143.5,77,0.01,"Mytilus edulis","W-Msc-140480"
-118,76.5,0.01,"Mytilus edulis","W-Msc-140480"
-94,76.5,0.01,"Mytilus edulis","W-Msc-140480"
-93.5,76.5,0.01,"Mytilus edulis","W-Msc-140480"
-93,76.5,0.01,"Mytilus edulis","W-Msc-140480"
-92.5,76.5,0.01,"Mytilus edulis","W-Msc-140480"
-92,76.5,0.01,"Mytilus edulis","W-Msc-140480"
-91.5,76.5,0.01,"Mytilus edulis","W-Msc-140480"
-91,76.5,0.01,"Mytilus edulis","W-Msc-140480"
-90.5,76.5,0.01,"Mytilus edulis","W-Msc-140480"
-90,76.5,0.01,"Mytilus edulis","W-Msc-140480"
-89.5,76.5,0.01,"Mytilus edulis","W-Msc-140480"
-89,76.5,0.02,"Mytilus edulis","W-Msc-140480"
-88,76.5,0.02,"Mytilus edulis","W-Msc-140480"
-85,76.5,0.04,"Mytilus edulis","W-Msc-140480"
-84.5,76.5,0.04,"Mytilus edulis","W-Msc-140480"
-82,76.5,0.04,"Mytilus edulis","W-Msc-140480"
-81,76.5,0.05,"Mytilus edulis","W-Msc-140480"
-79,76.5,0.05,"Mytilus edulis","W-Msc-140480"
-78.5,76.5,0.05,"Mytilus edulis","W-Msc-140480"
-78,76.5,0.05,"Mytilus edulis","W-Msc-140480"
-77.5,76.5,0.05,"Mytilus edulis","W-Msc-140480"
-73,76.5,0.11,"Mytilus edulis","W-Msc-140480"
-72.5,76.5,0.12,"Mytilus edulis","W-Msc-140480"
-72,76.5,0.09,"Mytilus edulis","W-Msc-140480"
-71,76.5,0.14,"Mytilus edulis","W-Msc-140480"
-70.5,76.5,0.13,"Mytilus edulis","W-Msc-140480"
-70,76.5,0.12,"Mytilus edulis","W-Msc-140480"
-69.5,76.5,0.12,"Mytilus edulis","W-Msc-140480"
-69,76.5,0.11,"Mytilus edulis","W-Msc-140480"
-68.5,76.5,0.11,"Mytilus edulis","W-Msc-140480"
-68,76.5,0.09,"Mytilus edulis","W-Msc-140480"
-22.5,76.5,0.03,"Mytilus edulis","W-Msc-140480"
-22,76.5,0.02,"Mytilus edulis","W-Msc-140480"
-21.5,76.5,0.02,"Mytilus edulis","W-Msc-140480"
-21,76.5,0.02,"Mytilus edulis","W-Msc-140480"
-20.5,76.5,0.01,"Mytilus edulis","W-Msc-140480"
-20,76.5,0.01,"Mytilus edulis","W-Msc-140480"
-19.5,76.5,0.01,"Mytilus edulis","W-Msc-140480"
-19,76.5,0.01,"Mytilus edulis","W-Msc-140480"
-18.5,76.5,0.01,"Mytilus edulis","W-Msc-140480"
-18,76.5,0.02,"Mytilus edulis","W-Msc-140480"
14.5,76.5,0.06,"Mytilus edulis","W-Msc-140480"
15,76.5,0.07,"Mytilus edulis","W-Msc-140480"
15.5,76.5,0.49,"Mytilus edulis","W-Msc-140480"
16,76.5,0.5,"Mytilus edulis","W-Msc-140480"
16.5,76.5,0.46,"Mytilus edulis","W-Msc-140480"
17,76.5,0.39,"Mytilus edulis","W-Msc-140480"
17.5,76.5,0.29,"Mytilus edulis","W-Msc-140480"
18,76.5,0.19,"Mytilus edulis","W-Msc-140480"
19,76.5,0.24,"Mytilus edulis","W-Msc-140480"
21,76.5,0.26,"Mytilus edulis","W-Msc-140480"
21.5,76.5,0.24,"Mytilus edulis","W-Msc-140480"
22,76.5,0.24,"Mytilus edulis","W-Msc-140480"
22.5,76.5,0.24,"Mytilus edulis","W-Msc-140480"
24,76.5,0.16,"Mytilus edulis","W-Msc-140480"
24.5,76.5,0.21,"Mytilus edulis","W-Msc-140480"
25,76.5,0.19,"Mytilus edulis","W-Msc-140480"
25.5,76.5,0.19,"Mytilus edulis","W-Msc-140480"
26,76.5,0.19,"Mytilus edulis","W-Msc-140480"
26.5,76.5,0.07,"Mytilus edulis","W-Msc-140480"
64,76.5,0.14,"Mytilus edulis","W-Msc-140480"
64.5,76.5,0.13,"Mytilus edulis","W-Msc-140480"
65,76.5,0.22,"Mytilus edulis","W-Msc-140480"
65.5,76.5,0.22,"Mytilus edulis","W-Msc-140480"
66,76.5,0.22,"Mytilus edulis","W-Msc-140480"
66.5,76.5,0.17,"Mytilus edulis","W-Msc-140480"
67,76.5,0.15,"Mytilus edulis","W-Msc-140480"
67.5,76.5,0.14,"Mytilus edulis","W-Msc-140480"
69,76.5,0.14,"Mytilus edulis","W-Msc-140480"
69.5,76.5,0.15,"Mytilus edulis","W-Msc-140480"
79.5,76.5,0.01,"Mytilus edulis","W-Msc-140480"
80,76.5,0.02,"Mytilus edulis","W-Msc-140480"
80.5,76.5,0.01,"Mytilus edulis","W-Msc-140480"
81,76.5,0.01,"Mytilus edulis","W-Msc-140480"
81.5,76.5,0.01,"Mytilus edulis","W-Msc-140480"
82,76.5,0.02,"Mytilus edulis","W-Msc-140480"
82.5,76.5,0.03,"Mytilus edulis","W-Msc-140480"
83,76.5,0.04,"Mytilus edulis","W-Msc-140480"
83.5,76.5,0.04,"Mytilus edulis","W-Msc-140480"
84,76.5,0.04,"Mytilus edulis","W-Msc-140480"
84.5,76.5,0.04,"Mytilus edulis","W-Msc-140480"
85,76.5,0.04,"Mytilus edulis","W-Msc-140480"
85.5,76.5,0.04,"Mytilus edulis","W-Msc-140480"
86,76.5,0.04,"Mytilus edulis","W-Msc-140480"
86.5,76.5,0.04,"Mytilus edulis","W-Msc-140480"
87,76.5,0.04,"Mytilus edulis","W-Msc-140480"
87.5,76.5,0.04,"Mytilus edulis","W-Msc-140480"
88,76.5,0.04,"Mytilus edulis","W-Msc-140480"
88.5,76.5,0.04,"Mytilus edulis","W-Msc-140480"
89,76.5,0.04,"Mytilus edulis","W-Msc-140480"
89.5,76.5,0.03,"Mytilus edulis","W-Msc-140480"
90,76.5,0.03,"Mytilus edulis","W-Msc-140480"
90.5,76.5,0.03,"Mytilus edulis","W-Msc-140480"
91,76.5,0.03,"Mytilus edulis","W-Msc-140480"
91.5,76.5,0.03,"Mytilus edulis","W-Msc-140480"
92,76.5,0.03,"Mytilus edulis","W-Msc-140480"
92.5,76.5,0.03,"Mytilus edulis","W-Msc-140480"
93,76.5,0.03,"Mytilus edulis","W-Msc-140480"
93.5,76.5,0.03,"Mytilus edulis","W-Msc-140480"
94,76.5,0.03,"Mytilus edulis","W-Msc-140480"
94.5,76.5,0.03,"Mytilus edulis","W-Msc-140480"
95,76.5,0.03,"Mytilus edulis","W-Msc-140480"
95.5,76.5,0.03,"Mytilus edulis","W-Msc-140480"
96,76.5,0.03,"Mytilus edulis","W-Msc-140480"
96.5,76.5,0.03,"Mytilus edulis","W-Msc-140480"
97,76.5,0.03,"Mytilus edulis","W-Msc-140480"
97.5,76.5,0.03,"Mytilus edulis","W-Msc-140480"
98,76.5,0.04,"Mytilus edulis","W-Msc-140480"
98.5,76.5,0.03,"Mytilus edulis","W-Msc-140480"
99,76.5,0.04,"Mytilus edulis","W-Msc-140480"
99.5,76.5,0.04,"Mytilus edulis","W-Msc-140480"
100,76.5,0.04,"Mytilus edulis","W-Msc-140480"
100.5,76.5,0.05,"Mytilus edulis","W-Msc-140480"
101,76.5,0.05,"Mytilus edulis","W-Msc-140480"
101.5,76.5,0.05,"Mytilus edulis","W-Msc-140480"
107,76.5,0.04,"Mytilus edulis","W-Msc-140480"
107.5,76.5,0.05,"Mytilus edulis","W-Msc-140480"
108,76.5,0.05,"Mytilus edulis","W-Msc-140480"
108.5,76.5,0.05,"Mytilus edulis","W-Msc-140480"
109,76.5,0.05,"Mytilus edulis","W-Msc-140480"
109.5,76.5,0.05,"Mytilus edulis","W-Msc-140480"
110,76.5,0.05,"Mytilus edulis","W-Msc-140480"
110.5,76.5,0.05,"Mytilus edulis","W-Msc-140480"
111,76.5,0.05,"Mytilus edulis","W-Msc-140480"
111.5,76.5,0.05,"Mytilus edulis","W-Msc-140480"
112,76.5,0.04,"Mytilus edulis","W-Msc-140480"
112.5,76.5,0.04,"Mytilus edulis","W-Msc-140480"
113,76.5,0.03,"Mytilus edulis","W-Msc-140480"
113.5,76.5,0.03,"Mytilus edulis","W-Msc-140480"
114,76.5,0.02,"Mytilus edulis","W-Msc-140480"
114.5,76.5,0.02,"Mytilus edulis","W-Msc-140480"
115,76.5,0.01,"Mytilus edulis","W-Msc-140480"
115.5,76.5,0.01,"Mytilus edulis","W-Msc-140480"
116,76.5,0.01,"Mytilus edulis","W-Msc-140480"
116.5,76.5,0.01,"Mytilus edulis","W-Msc-140480"
117,76.5,0.02,"Mytilus edulis","W-Msc-140480"
117.5,76.5,0.02,"Mytilus edulis","W-Msc-140480"
118,76.5,0.01,"Mytilus edulis","W-Msc-140480"
118.5,76.5,0.01,"Mytilus edulis","W-Msc-140480"
119,76.5,0.01,"Mytilus edulis","W-Msc-140480"
126,76.5,0.01,"Mytilus edulis","W-Msc-140480"
126.5,76.5,0.01,"Mytilus edulis","W-Msc-140480"
127.5,76.5,0.01,"Mytilus edulis","W-Msc-140480"
128,76.5,0.01,"Mytilus edulis","W-Msc-140480"
128.5,76.5,0.01,"Mytilus edulis","W-Msc-140480"
130.5,76.5,0.01,"Mytilus edulis","W-Msc-140480"
131,76.5,0.01,"Mytilus edulis","W-Msc-140480"
131.5,76.5,0.01,"Mytilus edulis","W-Msc-140480"
132,76.5,0.02,"Mytilus edulis","W-Msc-140480"
132.5,76.5,0.02,"Mytilus edulis","W-Msc-140480"
133,76.5,0.03,"Mytilus edulis","W-Msc-140480"
133.5,76.5,0.03,"Mytilus edulis","W-Msc-140480"
134,76.5,0.03,"Mytilus edulis","W-Msc-140480"
134.5,76.5,0.03,"Mytilus edulis","W-Msc-140480"
135,76.5,0.03,"Mytilus edulis","W-Msc-140480"
135.5,76.5,0.03,"Mytilus edulis","W-Msc-140480"
136,76.5,0.03,"Mytilus edulis","W-Msc-140480"
136.5,76.5,0.03,"Mytilus edulis","W-Msc-140480"
137,76.5,0.03,"Mytilus edulis","W-Msc-140480"
137.5,76.5,0.03,"Mytilus edulis","W-Msc-140480"
138,76.5,0.03,"Mytilus edulis","W-Msc-140480"
138.5,76.5,0.02,"Mytilus edulis","W-Msc-140480"
139,76.5,0.02,"Mytilus edulis","W-Msc-140480"
139.5,76.5,0.02,"Mytilus edulis","W-Msc-140480"
140,76.5,0.02,"Mytilus edulis","W-Msc-140480"
140.5,76.5,0.01,"Mytilus edulis","W-Msc-140480"
141,76.5,0.01,"Mytilus edulis","W-Msc-140480"
141.5,76.5,0.01,"Mytilus edulis","W-Msc-140480"
142,76.5,0.01,"Mytilus edulis","W-Msc-140480"
142.5,76.5,0.01,"Mytilus edulis","W-Msc-140480"
143,76.5,0.01,"Mytilus edulis","W-Msc-140480"
143.5,76.5,0.01,"Mytilus edulis","W-Msc-140480"
144,76.5,0.01,"Mytilus edulis","W-Msc-140480"
148.5,76.5,0.01,"Mytilus edulis","W-Msc-140480"
149,76.5,0.01,"Mytilus edulis","W-Msc-140480"
-121.5,76,0.01,"Mytilus edulis","W-Msc-140480"
-121,76,0.01,"Mytilus edulis","W-Msc-140480"
-120.5,76,0.01,"Mytilus edulis","W-Msc-140480"
-119.5,76,0.01,"Mytilus edulis","W-Msc-140480"
-119,76,0.01,"Mytilus edulis","W-Msc-140480"
-118.5,76,0.01,"Mytilus edulis","W-Msc-140480"
-118,76,0.01,"Mytilus edulis","W-Msc-140480"
-117.5,76,0.01,"Mytilus edulis","W-Msc-140480"
-117,76,0.01,"Mytilus edulis","W-Msc-140480"
-97.5,76,0.01,"Mytilus edulis","W-Msc-140480"
-97,76,0.01,"Mytilus edulis","W-Msc-140480"
-96.5,76,0.01,"Mytilus edulis","W-Msc-140480"
-96,76,0.01,"Mytilus edulis","W-Msc-140480"
-95.5,76,0.01,"Mytilus edulis","W-Msc-140480"
-95,76,0.01,"Mytilus edulis","W-Msc-140480"
-94.5,76,0.01,"Mytilus edulis","W-Msc-140480"
-94,76,0.01,"Mytilus edulis","W-Msc-140480"
-93.5,76,0.02,"Mytilus edulis","W-Msc-140480"
-93,76,0.03,"Mytilus edulis","W-Msc-140480"
-92.5,76,0.02,"Mytilus edulis","W-Msc-140480"
-90.5,76,0.01,"Mytilus edulis","W-Msc-140480"
-90,76,0.02,"Mytilus edulis","W-Msc-140480"
-89.5,76,0.02,"Mytilus edulis","W-Msc-140480"
-89,76,0.02,"Mytilus edulis","W-Msc-140480"
-88.5,76,0.02,"Mytilus edulis","W-Msc-140480"
-88,76,0.03,"Mytilus edulis","W-Msc-140480"
-87.5,76,0.03,"Mytilus edulis","W-Msc-140480"
-87,76,0.03,"Mytilus edulis","W-Msc-140480"
-86.5,76,0.04,"Mytilus edulis","W-Msc-140480"
-86,76,0.04,"Mytilus edulis","W-Msc-140480"
-85.5,76,0.04,"Mytilus edulis","W-Msc-140480"
-85,76,0.04,"Mytilus edulis","W-Msc-140480"
-84.5,76,0.04,"Mytilus edulis","W-Msc-140480"
-84,76,0.04,"Mytilus edulis","W-Msc-140480"
-83.5,76,0.04,"Mytilus edulis","W-Msc-140480"
-83,76,0.04,"Mytilus edulis","W-Msc-140480"
-82.5,76,0.04,"Mytilus edulis","W-Msc-140480"
-82,76,0.05,"Mytilus edulis","W-Msc-140480"
-81.5,76,0.05,"Mytilus edulis","W-Msc-140480"
-81,76,0.06,"Mytilus edulis","W-Msc-140480"
-80.5,76,0.06,"Mytilus edulis","W-Msc-140480"
-80,76,0.06,"Mytilus edulis","W-Msc-140480"
-79.5,76,0.06,"Mytilus edulis","W-Msc-140480"
-79,76,0.06,"Mytilus edulis","W-Msc-140480"
-78.5,76,0.06,"Mytilus edulis","W-Msc-140480"
-78,76,0.06,"Mytilus edulis","W-Msc-140480"
-70,76,0.12,"Mytilus edulis","W-Msc-140480"
-69.5,76,0.12,"Mytilus edulis","W-Msc-140480"
-69,76,0.11,"Mytilus edulis","W-Msc-140480"
-68.5,76,0.11,"Mytilus edulis","W-Msc-140480"
-68,76,0.11,"Mytilus edulis","W-Msc-140480"
-67.5,76,0.1,"Mytilus edulis","W-Msc-140480"
-67,76,0.09,"Mytilus edulis","W-Msc-140480"
-66.5,76,0.09,"Mytilus edulis","W-Msc-140480"
-66,76,0.09,"Mytilus edulis","W-Msc-140480"
-65.5,76,0.09,"Mytilus edulis","W-Msc-140480"
-65,76,0.09,"Mytilus edulis","W-Msc-140480"
-64.5,76,0.09,"Mytilus edulis","W-Msc-140480"
-64,76,0.09,"Mytilus edulis","W-Msc-140480"
-63.5,76,0.09,"Mytilus edulis","W-Msc-140480"
-63,76,0.09,"Mytilus edulis","W-Msc-140480"
-62.5,76,0.09,"Mytilus edulis","W-Msc-140480"
-62,76,0.09,"Mytilus edulis","W-Msc-140480"
-61.5,76,0.09,"Mytilus edulis","W-Msc-140480"
-61,76,0.09,"Mytilus edulis","W-Msc-140480"
-60.5,76,0.09,"Mytilus edulis","W-Msc-140480"
-60,76,0.09,"Mytilus edulis","W-Msc-140480"
-21.5,76,0.03,"Mytilus edulis","W-Msc-140480"
-21,76,0.02,"Mytilus edulis","W-Msc-140480"
-20.5,76,0.02,"Mytilus edulis","W-Msc-140480"
-20,76,0.01,"Mytilus edulis","W-Msc-140480"
-19.5,76,0.01,"Mytilus edulis","W-Msc-140480"
-19,76,0.01,"Mytilus edulis","W-Msc-140480"
-18.5,76,0.01,"Mytilus edulis","W-Msc-140480"
-18,76,0.01,"Mytilus edulis","W-Msc-140480"
16,76,0.02,"Mytilus edulis","W-Msc-140480"
16.5,76,0.58,"Mytilus edulis","W-Msc-140480"
17,76,0.53,"Mytilus edulis","W-Msc-140480"
17.5,76,0.38,"Mytilus edulis","W-Msc-140480"
21.5,76,0.15,"Mytilus edulis","W-Msc-140480"
22,76,0.18,"Mytilus edulis","W-Msc-140480"
22.5,76,0.12,"Mytilus edulis","W-Msc-140480"
23,76,0.24,"Mytilus edulis","W-Msc-140480"
23.5,76,0.22,"Mytilus edulis","W-Msc-140480"
24,76,0.14,"Mytilus edulis","W-Msc-140480"
24.5,76,0.16,"Mytilus edulis","W-Msc-140480"
25,76,0.24,"Mytilus edulis","W-Msc-140480"
25.5,76,0.24,"Mytilus edulis","W-Msc-140480"
26,76,0.09,"Mytilus edulis","W-Msc-140480"
28.5,76,0.08,"Mytilus edulis","W-Msc-140480"
57,76,0.11,"Mytilus edulis","W-Msc-140480"
57.5,76,0.15,"Mytilus edulis","W-Msc-140480"
58,76,0.07,"Mytilus edulis","W-Msc-140480"
59,76,0.28,"Mytilus edulis","W-Msc-140480"
59.5,76,0.28,"Mytilus edulis","W-Msc-140480"
60,76,0.27,"Mytilus edulis","W-Msc-140480"
60.5,76,0.27,"Mytilus edulis","W-Msc-140480"
61,76,0.27,"Mytilus edulis","W-Msc-140480"
61.5,76,0.23,"Mytilus edulis","W-Msc-140480"
62,76,0.21,"Mytilus edulis","W-Msc-140480"
62.5,76,0.19,"Mytilus edulis","W-Msc-140480"
63,76,0.19,"Mytilus edulis","W-Msc-140480"
63.5,76,0.19,"Mytilus edulis","W-Msc-140480"
64,76,0.18,"Mytilus edulis","W-Msc-140480"
64.5,76,0.18,"Mytilus edulis","W-Msc-140480"
65,76,0.18,"Mytilus edulis","W-Msc-140480"
67,76,0.13,"Mytilus edulis","W-Msc-140480"
67.5,76,0.13,"Mytilus edulis","W-Msc-140480"
68,76,0.12,"Mytilus edulis","W-Msc-140480"
68.5,76,0.12,"Mytilus edulis","W-Msc-140480"
69,76,0.12,"Mytilus edulis","W-Msc-140480"
75,76,0.04,"Mytilus edulis","W-Msc-140480"
75.5,76,0.03,"Mytilus edulis","W-Msc-140480"
77,76,0.01,"Mytilus edulis","W-Msc-140480"
77.5,76,0.01,"Mytilus edulis","W-Msc-140480"
78,76,0.01,"Mytilus edulis","W-Msc-140480"
79.5,76,0.02,"Mytilus edulis","W-Msc-140480"
80,76,0.03,"Mytilus edulis","W-Msc-140480"
80.5,76,0.02,"Mytilus edulis","W-Msc-140480"
81,76,0.02,"Mytilus edulis","W-Msc-140480"
81.5,76,0.04,"Mytilus edulis","W-Msc-140480"
82,76,0.04,"Mytilus edulis","W-Msc-140480"
82.5,76,0.04,"Mytilus edulis","W-Msc-140480"
83,76,0.04,"Mytilus edulis","W-Msc-140480"
83.5,76,0.04,"Mytilus edulis","W-Msc-140480"
84,76,0.04,"Mytilus edulis","W-Msc-140480"
84.5,76,0.04,"Mytilus edulis","W-Msc-140480"
85,76,0.05,"Mytilus edulis","W-Msc-140480"
85.5,76,0.05,"Mytilus edulis","W-Msc-140480"
86,76,0.05,"Mytilus edulis","W-Msc-140480"
86.5,76,0.05,"Mytilus edulis","W-Msc-140480"
87,76,0.05,"Mytilus edulis","W-Msc-140480"
87.5,76,0.04,"Mytilus edulis","W-Msc-140480"
88,76,0.05,"Mytilus edulis","W-Msc-140480"
88.5,76,0.04,"Mytilus edulis","W-Msc-140480"
89,76,0.04,"Mytilus edulis","W-Msc-140480"
89.5,76,0.04,"Mytilus edulis","W-Msc-140480"
90,76,0.04,"Mytilus edulis","W-Msc-140480"
90.5,76,0.04,"Mytilus edulis","W-Msc-140480"
91,76,0.04,"Mytilus edulis","W-Msc-140480"
91.5,76,0.04,"Mytilus edulis","W-Msc-140480"
92,76,0.04,"Mytilus edulis","W-Msc-140480"
92.5,76,0.04,"Mytilus edulis","W-Msc-140480"
93,76,0.04,"Mytilus edulis","W-Msc-140480"
93.5,76,0.04,"Mytilus edulis","W-Msc-140480"
94,76,0.04,"Mytilus edulis","W-Msc-140480"
94.5,76,0.04,"Mytilus edulis","W-Msc-140480"
95,76,0.04,"Mytilus edulis","W-Msc-140480"
95.5,76,0.04,"Mytilus edulis","W-Msc-140480"
96,76,0.04,"Mytilus edulis","W-Msc-140480"
96.5,76,0.04,"Mytilus edulis","W-Msc-140480"
97,76,0.04,"Mytilus edulis","W-Msc-140480"
97.5,76,0.05,"Mytilus edulis","W-Msc-140480"
98,76,0.06,"Mytilus edulis","W-Msc-140480"
98.5,76,0.07,"Mytilus edulis","W-Msc-140480"
99,76,0.06,"Mytilus edulis","W-Msc-140480"
99.5,76,0.04,"Mytilus edulis","W-Msc-140480"
100,76,0.06,"Mytilus edulis","W-Msc-140480"
112.5,76,0.01,"Mytilus edulis","W-Msc-140480"
113,76,0.04,"Mytilus edulis","W-Msc-140480"
113.5,76,0.04,"Mytilus edulis","W-Msc-140480"
114,76,0.05,"Mytilus edulis","W-Msc-140480"
114.5,76,0.04,"Mytilus edulis","W-Msc-140480"
115,76,0.03,"Mytilus edulis","W-Msc-140480"
115.5,76,0.02,"Mytilus edulis","W-Msc-140480"
116,76,0.02,"Mytilus edulis","W-Msc-140480"
116.5,76,0.01,"Mytilus edulis","W-Msc-140480"
117,76,0.02,"Mytilus edulis","W-Msc-140480"
117.5,76,0.02,"Mytilus edulis","W-Msc-140480"
118,76,0.02,"Mytilus edulis","W-Msc-140480"
118.5,76,0.02,"Mytilus edulis","W-Msc-140480"
119,76,0.02,"Mytilus edulis","W-Msc-140480"
119.5,76,0.01,"Mytilus edulis","W-Msc-140480"
120,76,0.01,"Mytilus edulis","W-Msc-140480"
123,76,0.01,"Mytilus edulis","W-Msc-140480"
123.5,76,0.01,"Mytilus edulis","W-Msc-140480"
124,76,0.01,"Mytilus edulis","W-Msc-140480"
124.5,76,0.01,"Mytilus edulis","W-Msc-140480"
125,76,0.01,"Mytilus edulis","W-Msc-140480"
125.5,76,0.01,"Mytilus edulis","W-Msc-140480"
126,76,0.01,"Mytilus edulis","W-Msc-140480"
126.5,76,0.02,"Mytilus edulis","W-Msc-140480"
127,76,0.02,"Mytilus edulis","W-Msc-140480"
127.5,76,0.02,"Mytilus edulis","W-Msc-140480"
128,76,0.02,"Mytilus edulis","W-Msc-140480"
128.5,76,0.02,"Mytilus edulis","W-Msc-140480"
129,76,0.02,"Mytilus edulis","W-Msc-140480"
129.5,76,0.01,"Mytilus edulis","W-Msc-140480"
130,76,0.01,"Mytilus edulis","W-Msc-140480"
130.5,76,0.02,"Mytilus edulis","W-Msc-140480"
131,76,0.02,"Mytilus edulis","W-Msc-140480"
131.5,76,0.04,"Mytilus edulis","W-Msc-140480"
132,76,0.04,"Mytilus edulis","W-Msc-140480"
132.5,76,0.04,"Mytilus edulis","W-Msc-140480"
133,76,0.04,"Mytilus edulis","W-Msc-140480"
133.5,76,0.04,"Mytilus edulis","W-Msc-140480"
134,76,0.04,"Mytilus edulis","W-Msc-140480"
134.5,76,0.04,"Mytilus edulis","W-Msc-140480"
135,76,0.03,"Mytilus edulis","W-Msc-140480"
135.5,76,0.03,"Mytilus edulis","W-Msc-140480"
136,76,0.03,"Mytilus edulis","W-Msc-140480"
136.5,76,0.03,"Mytilus edulis","W-Msc-140480"
137,76,0.03,"Mytilus edulis","W-Msc-140480"
137.5,76,0.04,"Mytilus edulis","W-Msc-140480"
138,76,0.04,"Mytilus edulis","W-Msc-140480"
138.5,76,0.04,"Mytilus edulis","W-Msc-140480"
139,76,0.04,"Mytilus edulis","W-Msc-140480"
139.5,76,0.04,"Mytilus edulis","W-Msc-140480"
140,76,0.04,"Mytilus edulis","W-Msc-140480"
140.5,76,0.03,"Mytilus edulis","W-Msc-140480"
141,76,0.03,"Mytilus edulis","W-Msc-140480"
141.5,76,0.02,"Mytilus edulis","W-Msc-140480"
142,76,0.02,"Mytilus edulis","W-Msc-140480"
142.5,76,0.01,"Mytilus edulis","W-Msc-140480"
143,76,0.01,"Mytilus edulis","W-Msc-140480"
143.5,76,0.01,"Mytilus edulis","W-Msc-140480"
144,76,0.01,"Mytilus edulis","W-Msc-140480"
144.5,76,0.01,"Mytilus edulis","W-Msc-140480"
-122.5,75.5,0.01,"Mytilus edulis","W-Msc-140480"
-122,75.5,0.01,"Mytilus edulis","W-Msc-140480"
-121.5,75.5,0.02,"Mytilus edulis","W-Msc-140480"
-121,75.5,0.01,"Mytilus edulis","W-Msc-140480"
-120.5,75.5,0.02,"Mytilus edulis","W-Msc-140480"
-120,75.5,0.01,"Mytilus edulis","W-Msc-140480"
-119.5,75.5,0.02,"Mytilus edulis","W-Msc-140480"
-119,75.5,0.02,"Mytilus edulis","W-Msc-140480"
-118.5,75.5,0.01,"Mytilus edulis","W-Msc-140480"
-118,75.5,0.01,"Mytilus edulis","W-Msc-140480"
-117.5,75.5,0.01,"Mytilus edulis","W-Msc-140480"
-117,75.5,0.01,"Mytilus edulis","W-Msc-140480"
-116.5,75.5,0.01,"Mytilus edulis","W-Msc-140480"
-116,75.5,0.01,"Mytilus edulis","W-Msc-140480"
-115.5,75.5,0.01,"Mytilus edulis","W-Msc-140480"
-109,75.5,0.01,"Mytilus edulis","W-Msc-140480"
-108.5,75.5,0.01,"Mytilus edulis","W-Msc-140480"
-105,75.5,0.01,"Mytilus edulis","W-Msc-140480"
-103.5,75.5,0.01,"Mytilus edulis","W-Msc-140480"
-103,75.5,0.01,"Mytilus edulis","W-Msc-140480"
-102.5,75.5,0.01,"Mytilus edulis","W-Msc-140480"
-102,75.5,0.01,"Mytilus edulis","W-Msc-140480"
-101.5,75.5,0.01,"Mytilus edulis","W-Msc-140480"
-101,75.5,0.01,"Mytilus edulis","W-Msc-140480"
-100.5,75.5,0.01,"Mytilus edulis","W-Msc-140480"
-100,75.5,0.01,"Mytilus edulis","W-Msc-140480"
-99.5,75.5,0.01,"Mytilus edulis","W-Msc-140480"
-97.5,75.5,0.01,"Mytilus edulis","W-Msc-140480"
-97,75.5,0.01,"Mytilus edulis","W-Msc-140480"
-96.5,75.5,0.01,"Mytilus edulis","W-Msc-140480"
-96,75.5,0.01,"Mytilus edulis","W-Msc-140480"
-95.5,75.5,0.01,"Mytilus edulis","W-Msc-140480"
-95,75.5,0.01,"Mytilus edulis","W-Msc-140480"
-94.5,75.5,0.01,"Mytilus edulis","W-Msc-140480"
-94,75.5,0.02,"Mytilus edulis","W-Msc-140480"
-92.5,75.5,0.03,"Mytilus edulis","W-Msc-140480"
-92,75.5,0.02,"Mytilus edulis","W-Msc-140480"
-89.5,75.5,0.03,"Mytilus edulis","W-Msc-140480"
-89,75.5,0.03,"Mytilus edulis","W-Msc-140480"
-88.5,75.5,0.03,"Mytilus edulis","W-Msc-140480"
-88,75.5,0.03,"Mytilus edulis","W-Msc-140480"
-87.5,75.5,0.03,"Mytilus edulis","W-Msc-140480"
-87,75.5,0.03,"Mytilus edulis","W-Msc-140480"
-86.5,75.5,0.03,"Mytilus edulis","W-Msc-140480"
-86,75.5,0.03,"Mytilus edulis","W-Msc-140480"
-85.5,75.5,0.03,"Mytilus edulis","W-Msc-140480"
-85,75.5,0.03,"Mytilus edulis","W-Msc-140480"
-84.5,75.5,0.04,"Mytilus edulis","W-Msc-140480"
-84,75.5,0.04,"Mytilus edulis","W-Msc-140480"
-83.5,75.5,0.05,"Mytilus edulis","W-Msc-140480"
-83,75.5,0.05,"Mytilus edulis","W-Msc-140480"
-82.5,75.5,0.05,"Mytilus edulis","W-Msc-140480"
-82,75.5,0.05,"Mytilus edulis","W-Msc-140480"
-81.5,75.5,0.06,"Mytilus edulis","W-Msc-140480"
-81,75.5,0.06,"Mytilus edulis","W-Msc-140480"
-80.5,75.5,0.05,"Mytilus edulis","W-Msc-140480"
-80,75.5,0.06,"Mytilus edulis","W-Msc-140480"
-79.5,75.5,0.06,"Mytilus edulis","W-Msc-140480"
-79,75.5,0.07,"Mytilus edulis","W-Msc-140480"
-78.5,75.5,0.07,"Mytilus edulis","W-Msc-140480"
-67,75.5,0.11,"Mytilus edulis","W-Msc-140480"
-66.5,75.5,0.11,"Mytilus edulis","W-Msc-140480"
-66,75.5,0.1,"Mytilus edulis","W-Msc-140480"
-65,75.5,0.1,"Mytilus edulis","W-Msc-140480"
-64.5,75.5,0.1,"Mytilus edulis","W-Msc-140480"
-61,75.5,0.1,"Mytilus edulis","W-Msc-140480"
-60.5,75.5,0.1,"Mytilus edulis","W-Msc-140480"
-60,75.5,0.1,"Mytilus edulis","W-Msc-140480"
-59.5,75.5,0.1,"Mytilus edulis","W-Msc-140480"
-59,75.5,0.1,"Mytilus edulis","W-Msc-140480"
-58.5,75.5,0.1,"Mytilus edulis","W-Msc-140480"
-58,75.5,0.1,"Mytilus edulis","W-Msc-140480"
-22,75.5,0.04,"Mytilus edulis","W-Msc-140480"
-21.5,75.5,0.04,"Mytilus edulis","W-Msc-140480"
-21,75.5,0.03,"Mytilus edulis","W-Msc-140480"
-19.5,75.5,0.02,"Mytilus edulis","W-Msc-140480"
-19,75.5,0.01,"Mytilus edulis","W-Msc-140480"
-18.5,75.5,0.01,"Mytilus edulis","W-Msc-140480"
-18,75.5,0.01,"Mytilus edulis","W-Msc-140480"
-16.5,75.5,0.01,"Mytilus edulis","W-Msc-140480"
19.5,75.5,0.35,"Mytilus edulis","W-Msc-140480"
20,75.5,0.28,"Mytilus edulis","W-Msc-140480"
20.5,75.5,0.31,"Mytilus edulis","W-Msc-140480"
21,75.5,0.3,"Mytilus edulis","W-Msc-140480"
21.5,75.5,0.3,"Mytilus edulis","W-Msc-140480"
22,75.5,0.31,"Mytilus edulis","W-Msc-140480"
22.5,75.5,0.28,"Mytilus edulis","W-Msc-140480"
23,75.5,0.17,"Mytilus edulis","W-Msc-140480"
23.5,75.5,0.12,"Mytilus edulis","W-Msc-140480"
24,75.5,0.07,"Mytilus edulis","W-Msc-140480"
55.5,75.5,0.02,"Mytilus edulis","W-Msc-140480"
57.5,75.5,0.22,"Mytilus edulis","W-Msc-140480"
58,75.5,0.31,"Mytilus edulis","W-Msc-140480"
58.5,75.5,0.3,"Mytilus edulis","W-Msc-140480"
59,75.5,0.26,"Mytilus edulis","W-Msc-140480"
59.5,75.5,0.24,"Mytilus edulis","W-Msc-140480"
60,75.5,0.23,"Mytilus edulis","W-Msc-140480"
63,75.5,0.16,"Mytilus edulis","W-Msc-140480"
63.5,75.5,0.15,"Mytilus edulis","W-Msc-140480"
64,75.5,0.15,"Mytilus edulis","W-Msc-140480"
64.5,75.5,0.15,"Mytilus edulis","W-Msc-140480"
65,75.5,0.14,"Mytilus edulis","W-Msc-140480"
65.5,75.5,0.14,"Mytilus edulis","W-Msc-140480"
66,75.5,0.12,"Mytilus edulis","W-Msc-140480"
66.5,75.5,0.12,"Mytilus edulis","W-Msc-140480"
67,75.5,0.06,"Mytilus edulis","W-Msc-140480"
73,75.5,0.01,"Mytilus edulis","W-Msc-140480"
73.5,75.5,0.04,"Mytilus edulis","W-Msc-140480"
74,75.5,0.06,"Mytilus edulis","W-Msc-140480"
74.5,75.5,0.05,"Mytilus edulis","W-Msc-140480"
75,75.5,0.03,"Mytilus edulis","W-Msc-140480"
75.5,75.5,0.02,"Mytilus edulis","W-Msc-140480"
76,75.5,0.04,"Mytilus edulis","W-Msc-140480"
76.5,75.5,0.05,"Mytilus edulis","W-Msc-140480"
77,75.5,0.04,"Mytilus edulis","W-Msc-140480"
77.5,75.5,0.04,"Mytilus edulis","W-Msc-140480"
78,75.5,0.05,"Mytilus edulis","W-Msc-140480"
78.5,75.5,0.05,"Mytilus edulis","W-Msc-140480"
79,75.5,0.05,"Mytilus edulis","W-Msc-140480"
79.5,75.5,0.04,"Mytilus edulis","W-Msc-140480"
80,75.5,0.04,"Mytilus edulis","W-Msc-140480"
80.5,75.5,0.04,"Mytilus edulis","W-Msc-140480"
81,75.5,0.04,"Mytilus edulis","W-Msc-140480"
81.5,75.5,0.06,"Mytilus edulis","W-Msc-140480"
82,75.5,0.05,"Mytilus edulis","W-Msc-140480"
82.5,75.5,0.05,"Mytilus edulis","W-Msc-140480"
83,75.5,0.05,"Mytilus edulis","W-Msc-140480"
83.5,75.5,0.06,"Mytilus edulis","W-Msc-140480"
84,75.5,0.06,"Mytilus edulis","W-Msc-140480"
84.5,75.5,0.05,"Mytilus edulis","W-Msc-140480"
85,75.5,0.06,"Mytilus edulis","W-Msc-140480"
85.5,75.5,0.05,"Mytilus edulis","W-Msc-140480"
86,75.5,0.05,"Mytilus edulis","W-Msc-140480"
86.5,75.5,0.06,"Mytilus edulis","W-Msc-140480"
87,75.5,0.05,"Mytilus edulis","W-Msc-140480"
87.5,75.5,0.05,"Mytilus edulis","W-Msc-140480"
88,75.5,0.05,"Mytilus edulis","W-Msc-140480"
88.5,75.5,0.06,"Mytilus edulis","W-Msc-140480"
89,75.5,0.06,"Mytilus edulis","W-Msc-140480"
89.5,75.5,0.06,"Mytilus edulis","W-Msc-140480"
90,75.5,0.07,"Mytilus edulis","W-Msc-140480"
90.5,75.5,0.07,"Mytilus edulis","W-Msc-140480"
91,75.5,0.07,"Mytilus edulis","W-Msc-140480"
91.5,75.5,0.07,"Mytilus edulis","W-Msc-140480"
92,75.5,0.07,"Mytilus edulis","W-Msc-140480"
92.5,75.5,0.07,"Mytilus edulis","W-Msc-140480"
93,75.5,0.07,"Mytilus edulis","W-Msc-140480"
93.5,75.5,0.01,"Mytilus edulis","W-Msc-140480"
94,75.5,0.01,"Mytilus edulis","W-Msc-140480"
96,75.5,0.06,"Mytilus edulis","W-Msc-140480"
97,75.5,0.06,"Mytilus edulis","W-Msc-140480"
113,75.5,0.02,"Mytilus edulis","W-Msc-140480"
113.5,75.5,0.03,"Mytilus edulis","W-Msc-140480"
114,75.5,0.05,"Mytilus edulis","W-Msc-140480"
114.5,75.5,0.05,"Mytilus edulis","W-Msc-140480"
115,75.5,0.04,"Mytilus edulis","W-Msc-140480"
115.5,75.5,0.02,"Mytilus edulis","W-Msc-140480"
116,75.5,0.02,"Mytilus edulis","W-Msc-140480"
116.5,75.5,0.02,"Mytilus edulis","W-Msc-140480"
117,75.5,0.02,"Mytilus edulis","W-Msc-140480"
117.5,75.5,0.02,"Mytilus edulis","W-Msc-140480"
118,75.5,0.03,"Mytilus edulis","W-Msc-140480"
118.5,75.5,0.03,"Mytilus edulis","W-Msc-140480"
119,75.5,0.03,"Mytilus edulis","W-Msc-140480"
119.5,75.5,0.03,"Mytilus edulis","W-Msc-140480"
120,75.5,0.03,"Mytilus edulis","W-Msc-140480"
120.5,75.5,0.02,"Mytilus edulis","W-Msc-140480"
121,75.5,0.02,"Mytilus edulis","W-Msc-140480"
121.5,75.5,0.01,"Mytilus edulis","W-Msc-140480"
122,75.5,0.01,"Mytilus edulis","W-Msc-140480"
122.5,75.5,0.02,"Mytilus edulis","W-Msc-140480"
123,75.5,0.03,"Mytilus edulis","W-Msc-140480"
123.5,75.5,0.03,"Mytilus edulis","W-Msc-140480"
124,75.5,0.03,"Mytilus edulis","W-Msc-140480"
124.5,75.5,0.03,"Mytilus edulis","W-Msc-140480"
125,75.5,0.02,"Mytilus edulis","W-Msc-140480"
125.5,75.5,0.03,"Mytilus edulis","W-Msc-140480"
126,75.5,0.03,"Mytilus edulis","W-Msc-140480"
126.5,75.5,0.03,"Mytilus edulis","W-Msc-140480"
127,75.5,0.03,"Mytilus edulis","W-Msc-140480"
127.5,75.5,0.03,"Mytilus edulis","W-Msc-140480"
128,75.5,0.03,"Mytilus edulis","W-Msc-140480"
128.5,75.5,0.03,"Mytilus edulis","W-Msc-140480"
129,75.5,0.03,"Mytilus edulis","W-Msc-140480"
129.5,75.5,0.03,"Mytilus edulis","W-Msc-140480"
130,75.5,0.05,"Mytilus edulis","W-Msc-140480"
130.5,75.5,0.03,"Mytilus edulis","W-Msc-140480"
131,75.5,0.05,"Mytilus edulis","W-Msc-140480"
131.5,75.5,0.05,"Mytilus edulis","W-Msc-140480"
132,75.5,0.04,"Mytilus edulis","W-Msc-140480"
132.5,75.5,0.04,"Mytilus edulis","W-Msc-140480"
133,75.5,0.04,"Mytilus edulis","W-Msc-140480"
133.5,75.5,0.04,"Mytilus edulis","W-Msc-140480"
134,75.5,0.04,"Mytilus edulis","W-Msc-140480"
134.5,75.5,0.04,"Mytilus edulis","W-Msc-140480"
135,75.5,0.04,"Mytilus edulis","W-Msc-140480"
135.5,75.5,0.04,"Mytilus edulis","W-Msc-140480"
136,75.5,0.03,"Mytilus edulis","W-Msc-140480"
136.5,75.5,0.04,"Mytilus edulis","W-Msc-140480"
137,75.5,0.05,"Mytilus edulis","W-Msc-140480"
137.5,75.5,0.04,"Mytilus edulis","W-Msc-140480"
138,75.5,0.01,"Mytilus edulis","W-Msc-140480"
140.5,75.5,0.03,"Mytilus edulis","W-Msc-140480"
141,75.5,0.04,"Mytilus edulis","W-Msc-140480"
142.5,75.5,0.01,"Mytilus edulis","W-Msc-140480"
143,75.5,0.01,"Mytilus edulis","W-Msc-140480"
143.5,75.5,0.01,"Mytilus edulis","W-Msc-140480"
144,75.5,0.01,"Mytilus edulis","W-Msc-140480"
144.5,75.5,0.01,"Mytilus edulis","W-Msc-140480"
145,75.5,0.01,"Mytilus edulis","W-Msc-140480"
145.5,75.5,0.01,"Mytilus edulis","W-Msc-140480"
146,75.5,0.01,"Mytilus edulis","W-Msc-140480"
146.5,75.5,0.01,"Mytilus edulis","W-Msc-140480"
147,75.5,0.01,"Mytilus edulis","W-Msc-140480"
147.5,75.5,0.01,"Mytilus edulis","W-Msc-140480"
148,75.5,0.01,"Mytilus edulis","W-Msc-140480"
-117.5,75,0.01,"Mytilus edulis","W-Msc-140480"
-117,75,0.01,"Mytilus edulis","W-Msc-140480"
-116.5,75,0.01,"Mytilus edulis","W-Msc-140480"
-116,75,0.01,"Mytilus edulis","W-Msc-140480"
-115,75,0.01,"Mytilus edulis","W-Msc-140480"
-114.5,75,0.01,"Mytilus edulis","W-Msc-140480"
-114,75,0.01,"Mytilus edulis","W-Msc-140480"
-113.5,75,0.01,"Mytilus edulis","W-Msc-140480"
-111,75,0.01,"Mytilus edulis","W-Msc-140480"
-108.5,75,0.01,"Mytilus edulis","W-Msc-140480"
-107.5,75,0.01,"Mytilus edulis","W-Msc-140480"
-106,75,0.01,"Mytilus edulis","W-Msc-140480"
-105.5,75,0.01,"Mytilus edulis","W-Msc-140480"
-105,75,0.01,"Mytilus edulis","W-Msc-140480"
-104.5,75,0.01,"Mytilus edulis","W-Msc-140480"
-104,75,0.01,"Mytilus edulis","W-Msc-140480"
-103.5,75,0.01,"Mytilus edulis","W-Msc-140480"
-103,75,0.01,"Mytilus edulis","W-Msc-140480"
-102,75,0.01,"Mytilus edulis","W-Msc-140480"
-101.5,75,0.02,"Mytilus edulis","W-Msc-140480"
-100.5,75,0.02,"Mytilus edulis","W-Msc-140480"
-100,75,0.01,"Mytilus edulis","W-Msc-140480"
-99.5,75,0.01,"Mytilus edulis","W-Msc-140480"
-99,75,0.01,"Mytilus edulis","W-Msc-140480"
-98.5,75,0.01,"Mytilus edulis","W-Msc-140480"
-98,75,0.01,"Mytilus edulis","W-Msc-140480"
-97.5,75,0.02,"Mytilus edulis","W-Msc-140480"
-97,75,0.02,"Mytilus edulis","W-Msc-140480"
-96.5,75,0.02,"Mytilus edulis","W-Msc-140480"
-96,75,0.02,"Mytilus edulis","W-Msc-140480"
-95.5,75,0.01,"Mytilus edulis","W-Msc-140480"
-93.5,75,0.03,"Mytilus edulis","W-Msc-140480"
-93,75,0.03,"Mytilus edulis","W-Msc-140480"
-92.5,75,0.03,"Mytilus edulis","W-Msc-140480"
-92,75,0.03,"Mytilus edulis","W-Msc-140480"
-88.5,75,0.05,"Mytilus edulis","W-Msc-140480"
-86,75,0.04,"Mytilus edulis","W-Msc-140480"
-80,75,0.07,"Mytilus edulis","W-Msc-140480"
-79.5,75,0.07,"Mytilus edulis","W-Msc-140480"
-79,75,0.07,"Mytilus edulis","W-Msc-140480"
-58.5,75,0.12,"Mytilus edulis","W-Msc-140480"
-58,75,0.12,"Mytilus edulis","W-Msc-140480"
-57.5,75,0.12,"Mytilus edulis","W-Msc-140480"
-21.5,75,0.05,"Mytilus edulis","W-Msc-140480"
-21,75,0.04,"Mytilus edulis","W-Msc-140480"
-20.5,75,0.04,"Mytilus edulis","W-Msc-140480"
-20,75,0.03,"Mytilus edulis","W-Msc-140480"
-19.5,75,0.03,"Mytilus edulis","W-Msc-140480"
-19,75,0.03,"Mytilus edulis","W-Msc-140480"
-18.5,75,0.03,"Mytilus edulis","W-Msc-140480"
-18,75,0.02,"Mytilus edulis","W-Msc-140480"
-17.5,75,0.02,"Mytilus edulis","W-Msc-140480"
-17,75,0.02,"Mytilus edulis","W-Msc-140480"
18.5,75,0.52,"Mytilus edulis","W-Msc-140480"
19,75,0.46,"Mytilus edulis","W-Msc-140480"
19.5,75,0.41,"Mytilus edulis","W-Msc-140480"
20,75,0.38,"Mytilus edulis","W-Msc-140480"
20.5,75,0.35,"Mytilus edulis","W-Msc-140480"
21,75,0.34,"Mytilus edulis","W-Msc-140480"
21.5,75,0.31,"Mytilus edulis","W-Msc-140480"
22,75,0.25,"Mytilus edulis","W-Msc-140480"
22.5,75,0.26,"Mytilus edulis","W-Msc-140480"
23,75,0.15,"Mytilus edulis","W-Msc-140480"
56,75,0.35,"Mytilus edulis","W-Msc-140480"
56.5,75,0.34,"Mytilus edulis","W-Msc-140480"
57,75,0.31,"Mytilus edulis","W-Msc-140480"
57.5,75,0.28,"Mytilus edulis","W-Msc-140480"
58,75,0.26,"Mytilus edulis","W-Msc-140480"
60.5,75,0.18,"Mytilus edulis","W-Msc-140480"
61,75,0.17,"Mytilus edulis","W-Msc-140480"
61.5,75,0.17,"Mytilus edulis","W-Msc-140480"
62,75,0.15,"Mytilus edulis","W-Msc-140480"
62.5,75,0.14,"Mytilus edulis","W-Msc-140480"
63,75,0.13,"Mytilus edulis","W-Msc-140480"
69.5,75,0.09,"Mytilus edulis","W-Msc-140480"
70,75,0.09,"Mytilus edulis","W-Msc-140480"
70.5,75,0.09,"Mytilus edulis","W-Msc-140480"
71,75,0.09,"Mytilus edulis","W-Msc-140480"
71.5,75,0.09,"Mytilus edulis","W-Msc-140480"
72,75,0.08,"Mytilus edulis","W-Msc-140480"
72.5,75,0.07,"Mytilus edulis","W-Msc-140480"
73,75,0.07,"Mytilus edulis","W-Msc-140480"
73.5,75,0.07,"Mytilus edulis","W-Msc-140480"
74,75,0.07,"Mytilus edulis","W-Msc-140480"
74.5,75,0.07,"Mytilus edulis","W-Msc-140480"
75,75,0.07,"Mytilus edulis","W-Msc-140480"
75.5,75,0.06,"Mytilus edulis","W-Msc-140480"
76,75,0.05,"Mytilus edulis","W-Msc-140480"
76.5,75,0.05,"Mytilus edulis","W-Msc-140480"
77,75,0.06,"Mytilus edulis","W-Msc-140480"
77.5,75,0.06,"Mytilus edulis","W-Msc-140480"
78,75,0.07,"Mytilus edulis","W-Msc-140480"
78.5,75,0.07,"Mytilus edulis","W-Msc-140480"
79,75,0.07,"Mytilus edulis","W-Msc-140480"
79.5,75,0.08,"Mytilus edulis","W-Msc-140480"
80,75,0.07,"Mytilus edulis","W-Msc-140480"
80.5,75,0.05,"Mytilus edulis","W-Msc-140480"
81,75,0.06,"Mytilus edulis","W-Msc-140480"
81.5,75,0.07,"Mytilus edulis","W-Msc-140480"
82,75,0.06,"Mytilus edulis","W-Msc-140480"
82.5,75,0.06,"Mytilus edulis","W-Msc-140480"
83,75,0.07,"Mytilus edulis","W-Msc-140480"
83.5,75,0.03,"Mytilus edulis","W-Msc-140480"
84,75,0.04,"Mytilus edulis","W-Msc-140480"
84.5,75,0.05,"Mytilus edulis","W-Msc-140480"
85,75,0.05,"Mytilus edulis","W-Msc-140480"
85.5,75,0.05,"Mytilus edulis","W-Msc-140480"
86,75,0.06,"Mytilus edulis","W-Msc-140480"
86.5,75,0.07,"Mytilus edulis","W-Msc-140480"
87,75,0.07,"Mytilus edulis","W-Msc-140480"
87.5,75,0.08,"Mytilus edulis","W-Msc-140480"
88,75,0.09,"Mytilus edulis","W-Msc-140480"
88.5,75,0.1,"Mytilus edulis","W-Msc-140480"
89,75,0.09,"Mytilus edulis","W-Msc-140480"
89.5,75,0.09,"Mytilus edulis","W-Msc-140480"
90,75,0.09,"Mytilus edulis","W-Msc-140480"
113,75,0.05,"Mytilus edulis","W-Msc-140480"
113.5,75,0.05,"Mytilus edulis","W-Msc-140480"
114,75,0.05,"Mytilus edulis","W-Msc-140480"
114.5,75,0.04,"Mytilus edulis","W-Msc-140480"
115,75,0.03,"Mytilus edulis","W-Msc-140480"
115.5,75,0.02,"Mytilus edulis","W-Msc-140480"
116,75,0.02,"Mytilus edulis","W-Msc-140480"
116.5,75,0.02,"Mytilus edulis","W-Msc-140480"
117,75,0.02,"Mytilus edulis","W-Msc-140480"
117.5,75,0.02,"Mytilus edulis","W-Msc-140480"
118,75,0.02,"Mytilus edulis","W-Msc-140480"
118.5,75,0.03,"Mytilus edulis","W-Msc-140480"
119,75,0.03,"Mytilus edulis","W-Msc-140480"
119.5,75,0.03,"Mytilus edulis","W-Msc-140480"
120,75,0.03,"Mytilus edulis","W-Msc-140480"
120.5,75,0.04,"Mytilus edulis","W-Msc-140480"
121,75,0.04,"Mytilus edulis","W-Msc-140480"
121.5,75,0.04,"Mytilus edulis","W-Msc-140480"
122,75,0.04,"Mytilus edulis","W-Msc-140480"
122.5,75,0.05,"Mytilus edulis","W-Msc-140480"
123,75,0.05,"Mytilus edulis","W-Msc-140480"
123.5,75,0.04,"Mytilus edulis","W-Msc-140480"
124,75,0.04,"Mytilus edulis","W-Msc-140480"
124.5,75,0.04,"Mytilus edulis","W-Msc-140480"
125,75,0.04,"Mytilus edulis","W-Msc-140480"
125.5,75,0.04,"Mytilus edulis","W-Msc-140480"
126,75,0.04,"Mytilus edulis","W-Msc-140480"
126.5,75,0.05,"Mytilus edulis","W-Msc-140480"
127,75,0.05,"Mytilus edulis","W-Msc-140480"
127.5,75,0.04,"Mytilus edulis","W-Msc-140480"
128,75,0.04,"Mytilus edulis","W-Msc-140480"
128.5,75,0.04,"Mytilus edulis","W-Msc-140480"
129,75,0.05,"Mytilus edulis","W-Msc-140480"
129.5,75,0.05,"Mytilus edulis","W-Msc-140480"
130,75,0.04,"Mytilus edulis","W-Msc-140480"
130.5,75,0.04,"Mytilus edulis","W-Msc-140480"
131,75,0.05,"Mytilus edulis","W-Msc-140480"
131.5,75,0.04,"Mytilus edulis","W-Msc-140480"
132,75,0.04,"Mytilus edulis","W-Msc-140480"
132.5,75,0.03,"Mytilus edulis","W-Msc-140480"
133,75,0.03,"Mytilus edulis","W-Msc-140480"
133.5,75,0.03,"Mytilus edulis","W-Msc-140480"
134,75,0.03,"Mytilus edulis","W-Msc-140480"
134.5,75,0.03,"Mytilus edulis","W-Msc-140480"
135,75,0.02,"Mytilus edulis","W-Msc-140480"
135.5,75,0.02,"Mytilus edulis","W-Msc-140480"
136,75,0.02,"Mytilus edulis","W-Msc-140480"
136.5,75,0.03,"Mytilus edulis","W-Msc-140480"
137,75,0.03,"Mytilus edulis","W-Msc-140480"
137.5,75,0.03,"Mytilus edulis","W-Msc-140480"
138,75,0.03,"Mytilus edulis","W-Msc-140480"
142.5,75,0.01,"Mytilus edulis","W-Msc-140480"
144.5,75,0.01,"Mytilus edulis","W-Msc-140480"
145,75,0.01,"Mytilus edulis","W-Msc-140480"
145.5,75,0.01,"Mytilus edulis","W-Msc-140480"
146,75,0.01,"Mytilus edulis","W-Msc-140480"
146.5,75,0.01,"Mytilus edulis","W-Msc-140480"
147,75,0.01,"Mytilus edulis","W-Msc-140480"
148.5,75,0.01,"Mytilus edulis","W-Msc-140480"
149,75,0.01,"Mytilus edulis","W-Msc-140480"
149.5,75,0.01,"Mytilus edulis","W-Msc-140480"
150,75,0.01,"Mytilus edulis","W-Msc-140480"
150.5,75,0.01,"Mytilus edulis","W-Msc-140480"
-122,74.5,0.01,"Mytilus edulis","W-Msc-140480"
-121.5,74.5,0.01,"Mytilus edulis","W-Msc-140480"
-121,74.5,0.01,"Mytilus edulis","W-Msc-140480"
-115.5,74.5,0.01,"Mytilus edulis","W-Msc-140480"
-115,74.5,0.01,"Mytilus edulis","W-Msc-140480"
-114.5,74.5,0.01,"Mytilus edulis","W-Msc-140480"
-114,74.5,0.01,"Mytilus edulis","W-Msc-140480"
-113.5,74.5,0.01,"Mytilus edulis","W-Msc-140480"
-113,74.5,0.01,"Mytilus edulis","W-Msc-140480"
-111.5,74.5,0.01,"Mytilus edulis","W-Msc-140480"
-111,74.5,0.01,"Mytilus edulis","W-Msc-140480"
-110.5,74.5,0.02,"Mytilus edulis","W-Msc-140480"
-110,74.5,0.02,"Mytilus edulis","W-Msc-140480"
-109.5,74.5,0.02,"Mytilus edulis","W-Msc-140480"
-109,74.5,0.02,"Mytilus edulis","W-Msc-140480"
-108.5,74.5,0.02,"Mytilus edulis","W-Msc-140480"
-108,74.5,0.02,"Mytilus edulis","W-Msc-140480"
-107.5,74.5,0.02,"Mytilus edulis","W-Msc-140480"
-107,74.5,0.01,"Mytilus edulis","W-Msc-140480"
-106.5,74.5,0.01,"Mytilus edulis","W-Msc-140480"
-106,74.5,0.01,"Mytilus edulis","W-Msc-140480"
-100,74.5,0.01,"Mytilus edulis","W-Msc-140480"
-99.5,74.5,0.01,"Mytilus edulis","W-Msc-140480"
-99,74.5,0.01,"Mytilus edulis","W-Msc-140480"
-98.5,74.5,0.01,"Mytilus edulis","W-Msc-140480"
-98,74.5,0.01,"Mytilus edulis","W-Msc-140480"
-97.5,74.5,0.01,"Mytilus edulis","W-Msc-140480"
-97,74.5,0.02,"Mytilus edulis","W-Msc-140480"
-96,74.5,0.02,"Mytilus edulis","W-Msc-140480"
-95.5,74.5,0.03,"Mytilus edulis","W-Msc-140480"
-95,74.5,0.03,"Mytilus edulis","W-Msc-140480"
-94.5,74.5,0.03,"Mytilus edulis","W-Msc-140480"
-94,74.5,0.03,"Mytilus edulis","W-Msc-140480"
-93.5,74.5,0.03,"Mytilus edulis","W-Msc-140480"
-93,74.5,0.04,"Mytilus edulis","W-Msc-140480"
-92,74.5,0.04,"Mytilus edulis","W-Msc-140480"
-91.5,74.5,0.04,"Mytilus edulis","W-Msc-140480"
-91,74.5,0.03,"Mytilus edulis","W-Msc-140480"
-90.5,74.5,0.03,"Mytilus edulis","W-Msc-140480"
-90,74.5,0.04,"Mytilus edulis","W-Msc-140480"
-89.5,74.5,0.05,"Mytilus edulis","W-Msc-140480"
-89,74.5,0.07,"Mytilus edulis","W-Msc-140480"
-88.5,74.5,0.07,"Mytilus edulis","W-Msc-140480"
-88,74.5,0.07,"Mytilus edulis","W-Msc-140480"
-87.5,74.5,0.05,"Mytilus edulis","W-Msc-140480"
-87,74.5,0.05,"Mytilus edulis","W-Msc-140480"
-86.5,74.5,0.05,"Mytilus edulis","W-Msc-140480"
-86,74.5,0.05,"Mytilus edulis","W-Msc-140480"
-85.5,74.5,0.05,"Mytilus edulis","W-Msc-140480"
-85,74.5,0.05,"Mytilus edulis","W-Msc-140480"
-84.5,74.5,0.05,"Mytilus edulis","W-Msc-140480"
-84,74.5,0.06,"Mytilus edulis","W-Msc-140480"
-83.5,74.5,0.06,"Mytilus edulis","W-Msc-140480"
-83,74.5,0.08,"Mytilus edulis","W-Msc-140480"
-82.5,74.5,0.07,"Mytilus edulis","W-Msc-140480"
-82,74.5,0.07,"Mytilus edulis","W-Msc-140480"
-81.5,74.5,0.07,"Mytilus edulis","W-Msc-140480"
-81,74.5,0.07,"Mytilus edulis","W-Msc-140480"
-80.5,74.5,0.07,"Mytilus edulis","W-Msc-140480"
-80,74.5,0.08,"Mytilus edulis","W-Msc-140480"
-79.5,74.5,0.09,"Mytilus edulis","W-Msc-140480"
-79,74.5,0.08,"Mytilus edulis","W-Msc-140480"
-58,74.5,0.14,"Mytilus edulis","W-Msc-140480"
-57.5,74.5,0.13,"Mytilus edulis","W-Msc-140480"
-57,74.5,0.13,"Mytilus edulis","W-Msc-140480"
-56.5,74.5,0.14,"Mytilus edulis","W-Msc-140480"
-20.5,74.5,0.05,"Mytilus edulis","W-Msc-140480"
-20,74.5,0.04,"Mytilus edulis","W-Msc-140480"
-19.5,74.5,0.04,"Mytilus edulis","W-Msc-140480"
-19,74.5,0.04,"Mytilus edulis","W-Msc-140480"
-18.5,74.5,0.04,"Mytilus edulis","W-Msc-140480"
-18,74.5,0.04,"Mytilus edulis","W-Msc-140480"
-17.5,74.5,0.03,"Mytilus edulis","W-Msc-140480"
18.5,74.5,0.07,"Mytilus edulis","W-Msc-140480"
19,74.5,0.55,"Mytilus edulis","W-Msc-140480"
19.5,74.5,0.49,"Mytilus edulis","W-Msc-140480"
20,74.5,0.44,"Mytilus edulis","W-Msc-140480"
20.5,74.5,0.33,"Mytilus edulis","W-Msc-140480"
21,74.5,0.3,"Mytilus edulis","W-Msc-140480"
21.5,74.5,0.1,"Mytilus edulis","W-Msc-140480"
55.5,74.5,0.37,"Mytilus edulis","W-Msc-140480"
56,74.5,0.36,"Mytilus edulis","W-Msc-140480"
56.5,74.5,0.35,"Mytilus edulis","W-Msc-140480"
59.5,74.5,0.17,"Mytilus edulis","W-Msc-140480"
60,74.5,0.16,"Mytilus edulis","W-Msc-140480"
60.5,74.5,0.13,"Mytilus edulis","W-Msc-140480"
61,74.5,0.13,"Mytilus edulis","W-Msc-140480"
63.5,74.5,0.05,"Mytilus edulis","W-Msc-140480"
64,74.5,0.07,"Mytilus edulis","W-Msc-140480"
64.5,74.5,0.05,"Mytilus edulis","W-Msc-140480"
65,74.5,0.05,"Mytilus edulis","W-Msc-140480"
65.5,74.5,0.05,"Mytilus edulis","W-Msc-140480"
69,74.5,0.1,"Mytilus edulis","W-Msc-140480"
69.5,74.5,0.1,"Mytilus edulis","W-Msc-140480"
70,74.5,0.08,"Mytilus edulis","W-Msc-140480"
70.5,74.5,0.08,"Mytilus edulis","W-Msc-140480"
71,74.5,0.08,"Mytilus edulis","W-Msc-140480"
71.5,74.5,0.08,"Mytilus edulis","W-Msc-140480"
72,74.5,0.07,"Mytilus edulis","W-Msc-140480"
72.5,74.5,0.07,"Mytilus edulis","W-Msc-140480"
73,74.5,0.07,"Mytilus edulis","W-Msc-140480"
73.5,74.5,0.07,"Mytilus edulis","W-Msc-140480"
74,74.5,0.07,"Mytilus edulis","W-Msc-140480"
74.5,74.5,0.07,"Mytilus edulis","W-Msc-140480"
75,74.5,0.07,"Mytilus edulis","W-Msc-140480"
75.5,74.5,0.07,"Mytilus edulis","W-Msc-140480"
76,74.5,0.08,"Mytilus edulis","W-Msc-140480"
76.5,74.5,0.08,"Mytilus edulis","W-Msc-140480"
77,74.5,0.08,"Mytilus edulis","W-Msc-140480"
77.5,74.5,0.07,"Mytilus edulis","W-Msc-140480"
78,74.5,0.07,"Mytilus edulis","W-Msc-140480"
78.5,74.5,0.06,"Mytilus edulis","W-Msc-140480"
79,74.5,0.06,"Mytilus edulis","W-Msc-140480"
79.5,74.5,0.06,"Mytilus edulis","W-Msc-140480"
80,74.5,0.06,"Mytilus edulis","W-Msc-140480"
80.5,74.5,0.06,"Mytilus edulis","W-Msc-140480"
81,74.5,0.06,"Mytilus edulis","W-Msc-140480"
81.5,74.5,0.05,"Mytilus edulis","W-Msc-140480"
82,74.5,0.05,"Mytilus edulis","W-Msc-140480"
82.5,74.5,0.06,"Mytilus edulis","W-Msc-140480"
83,74.5,0.06,"Mytilus edulis","W-Msc-140480"
83.5,74.5,0.04,"Mytilus edulis","W-Msc-140480"
84,74.5,0.05,"Mytilus edulis","W-Msc-140480"
84.5,74.5,0.06,"Mytilus edulis","W-Msc-140480"
85,74.5,0.06,"Mytilus edulis","W-Msc-140480"
85.5,74.5,0.08,"Mytilus edulis","W-Msc-140480"
86,74.5,0.09,"Mytilus edulis","W-Msc-140480"
86.5,74.5,0.1,"Mytilus edulis","W-Msc-140480"
87,74.5,0.1,"Mytilus edulis","W-Msc-140480"
87.5,74.5,0.1,"Mytilus edulis","W-Msc-140480"
111,74.5,0.04,"Mytilus edulis","W-Msc-140480"
111.5,74.5,0.04,"Mytilus edulis","W-Msc-140480"
112,74.5,0.05,"Mytilus edulis","W-Msc-140480"
112.5,74.5,0.05,"Mytilus edulis","W-Msc-140480"
113,74.5,0.05,"Mytilus edulis","W-Msc-140480"
113.5,74.5,0.05,"Mytilus edulis","W-Msc-140480"
114,74.5,0.03,"Mytilus edulis","W-Msc-140480"
114.5,74.5,0.03,"Mytilus edulis","W-Msc-140480"
115,74.5,0.02,"Mytilus edulis","W-Msc-140480"
115.5,74.5,0.02,"Mytilus edulis","W-Msc-140480"
116,74.5,0.02,"Mytilus edulis","W-Msc-140480"
116.5,74.5,0.02,"Mytilus edulis","W-Msc-140480"
117,74.5,0.02,"Mytilus edulis","W-Msc-140480"
117.5,74.5,0.02,"Mytilus edulis","W-Msc-140480"
118,74.5,0.02,"Mytilus edulis","W-Msc-140480"
118.5,74.5,0.02,"Mytilus edulis","W-Msc-140480"
119,74.5,0.03,"Mytilus edulis","W-Msc-140480"
119.5,74.5,0.03,"Mytilus edulis","W-Msc-140480"
120,74.5,0.03,"Mytilus edulis","W-Msc-140480"
120.5,74.5,0.04,"Mytilus edulis","W-Msc-140480"
121,74.5,0.04,"Mytilus edulis","W-Msc-140480"
121.5,74.5,0.04,"Mytilus edulis","W-Msc-140480"
122,74.5,0.05,"Mytilus edulis","W-Msc-140480"
122.5,74.5,0.05,"Mytilus edulis","W-Msc-140480"
123,74.5,0.05,"Mytilus edulis","W-Msc-140480"
123.5,74.5,0.06,"Mytilus edulis","W-Msc-140480"
124,74.5,0.06,"Mytilus edulis","W-Msc-140480"
124.5,74.5,0.06,"Mytilus edulis","W-Msc-140480"
125,74.5,0.06,"Mytilus edulis","W-Msc-140480"
125.5,74.5,0.06,"Mytilus edulis","W-Msc-140480"
126,74.5,0.06,"Mytilus edulis","W-Msc-140480"
126.5,74.5,0.06,"Mytilus edulis","W-Msc-140480"
127,74.5,0.06,"Mytilus edulis","W-Msc-140480"
127.5,74.5,0.06,"Mytilus edulis","W-Msc-140480"
128,74.5,0.06,"Mytilus edulis","W-Msc-140480"
128.5,74.5,0.06,"Mytilus edulis","W-Msc-140480"
129,74.5,0.06,"Mytilus edulis","W-Msc-140480"
129.5,74.5,0.06,"Mytilus edulis","W-Msc-140480"
130,74.5,0.05,"Mytilus edulis","W-Msc-140480"
130.5,74.5,0.05,"Mytilus edulis","W-Msc-140480"
131,74.5,0.05,"Mytilus edulis","W-Msc-140480"
131.5,74.5,0.04,"Mytilus edulis","W-Msc-140480"
132,74.5,0.04,"Mytilus edulis","W-Msc-140480"
132.5,74.5,0.03,"Mytilus edulis","W-Msc-140480"
133,74.5,0.03,"Mytilus edulis","W-Msc-140480"
133.5,74.5,0.02,"Mytilus edulis","W-Msc-140480"
134,74.5,0.02,"Mytilus edulis","W-Msc-140480"
134.5,74.5,0.02,"Mytilus edulis","W-Msc-140480"
135,74.5,0.02,"Mytilus edulis","W-Msc-140480"
135.5,74.5,0.02,"Mytilus edulis","W-Msc-140480"
136,74.5,0.02,"Mytilus edulis","W-Msc-140480"
136.5,74.5,0.02,"Mytilus edulis","W-Msc-140480"
137,74.5,0.02,"Mytilus edulis","W-Msc-140480"
137.5,74.5,0.02,"Mytilus edulis","W-Msc-140480"
138,74.5,0.02,"Mytilus edulis","W-Msc-140480"
138.5,74.5,0.02,"Mytilus edulis","W-Msc-140480"
139,74.5,0.02,"Mytilus edulis","W-Msc-140480"
139.5,74.5,0.02,"Mytilus edulis","W-Msc-140480"
140,74.5,0.01,"Mytilus edulis","W-Msc-140480"
140.5,74.5,0.01,"Mytilus edulis","W-Msc-140480"
141,74.5,0.01,"Mytilus edulis","W-Msc-140480"
141.5,74.5,0.01,"Mytilus edulis","W-Msc-140480"
142,74.5,0.01,"Mytilus edulis","W-Msc-140480"
142.5,74.5,0.01,"Mytilus edulis","W-Msc-140480"
143,74.5,0.01,"Mytilus edulis","W-Msc-140480"
143.5,74.5,0.01,"Mytilus edulis","W-Msc-140480"
144,74.5,0.01,"Mytilus edulis","W-Msc-140480"
144.5,74.5,0.01,"Mytilus edulis","W-Msc-140480"
-125.5,74,0.01,"Mytilus edulis","W-Msc-140480"
-125,74,0.03,"Mytilus edulis","W-Msc-140480"
-124.5,74,0.03,"Mytilus edulis","W-Msc-140480"
-124,74,0.03,"Mytilus edulis","W-Msc-140480"
-123.5,74,0.03,"Mytilus edulis","W-Msc-140480"
-123,74,0.03,"Mytilus edulis","W-Msc-140480"
-120.5,74,0.02,"Mytilus edulis","W-Msc-140480"
-120,74,0.02,"Mytilus edulis","W-Msc-140480"
-119.5,74,0.02,"Mytilus edulis","W-Msc-140480"
-119,74,0.01,"Mytilus edulis","W-Msc-140480"
-118.5,74,0.01,"Mytilus edulis","W-Msc-140480"
-118,74,0.01,"Mytilus edulis","W-Msc-140480"
-117.5,74,0.01,"Mytilus edulis","W-Msc-140480"
-117,74,0.01,"Mytilus edulis","W-Msc-140480"
-116.5,74,0.01,"Mytilus edulis","W-Msc-140480"
-113.5,74,0.01,"Mytilus edulis","W-Msc-140480"
-113,74,0.01,"Mytilus edulis","W-Msc-140480"
-112.5,74,0.01,"Mytilus edulis","W-Msc-140480"
-112,74,0.01,"Mytilus edulis","W-Msc-140480"
-111.5,74,0.01,"Mytilus edulis","W-Msc-140480"
-99,74,0.01,"Mytilus edulis","W-Msc-140480"
-98.5,74,0.01,"Mytilus edulis","W-Msc-140480"
-98,74,0.01,"Mytilus edulis","W-Msc-140480"
-97.5,74,0.01,"Mytilus edulis","W-Msc-140480"
-97,74,0.01,"Mytilus edulis","W-Msc-140480"
-95,74,0.03,"Mytilus edulis","W-Msc-140480"
-94.5,74,0.03,"Mytilus edulis","W-Msc-140480"
-94,74,0.03,"Mytilus edulis","W-Msc-140480"
-93.5,74,0.03,"Mytilus edulis","W-Msc-140480"
-93,74,0.03,"Mytilus edulis","W-Msc-140480"
-92.5,74,0.03,"Mytilus edulis","W-Msc-140480"
-92,74,0.03,"Mytilus edulis","W-Msc-140480"
-91.5,74,0.03,"Mytilus edulis","W-Msc-140480"
-91,74,0.03,"Mytilus edulis","W-Msc-140480"
-90.5,74,0.03,"Mytilus edulis","W-Msc-140480"
-90,74,0.04,"Mytilus edulis","W-Msc-140480"
-89.5,74,0.04,"Mytilus edulis","W-Msc-140480"
-87.5,74,0.05,"Mytilus edulis","W-Msc-140480"
-87,74,0.06,"Mytilus edulis","W-Msc-140480"
-86.5,74,0.06,"Mytilus edulis","W-Msc-140480"
-57.5,74,0.17,"Mytilus edulis","W-Msc-140480"
-57,74,0.17,"Mytilus edulis","W-Msc-140480"
-56.5,74,0.17,"Mytilus edulis","W-Msc-140480"
-56,74,0.16,"Mytilus edulis","W-Msc-140480"
-22,74,0.08,"Mytilus edulis","W-Msc-140480"
-21.5,74,0.07,"Mytilus edulis","W-Msc-140480"
-21,74,0.06,"Mytilus edulis","W-Msc-140480"
-20.5,74,0.06,"Mytilus edulis","W-Msc-140480"
-20,74,0.07,"Mytilus edulis","W-Msc-140480"
-19.5,74,0.05,"Mytilus edulis","W-Msc-140480"
-19,74,0.06,"Mytilus edulis","W-Msc-140480"
-18.5,74,0.05,"Mytilus edulis","W-Msc-140480"
18.5,74,0.3,"Mytilus edulis","W-Msc-140480"
19,74,0.62,"Mytilus edulis","W-Msc-140480"
19.5,74,0.59,"Mytilus edulis","W-Msc-140480"
20,74,0.23,"Mytilus edulis","W-Msc-140480"
53.5,74,0.18,"Mytilus edulis","W-Msc-140480"
54,74,0.22,"Mytilus edulis","W-Msc-140480"
54.5,74,0.41,"Mytilus edulis","W-Msc-140480"
55,74,0.4,"Mytilus edulis","W-Msc-140480"
55.5,74,0.39,"Mytilus edulis","W-Msc-140480"
56,74,0.37,"Mytilus edulis","W-Msc-140480"
58,74,0.19,"Mytilus edulis","W-Msc-140480"
58.5,74,0.17,"Mytilus edulis","W-Msc-140480"
59,74,0.14,"Mytilus edulis","W-Msc-140480"
59.5,74,0.14,"Mytilus edulis","W-Msc-140480"
60,74,0.11,"Mytilus edulis","W-Msc-140480"
63.5,74,0.05,"Mytilus edulis","W-Msc-140480"
64,74,0.07,"Mytilus edulis","W-Msc-140480"
64.5,74,0.05,"Mytilus edulis","W-Msc-140480"
65.5,74,0.02,"Mytilus edulis","W-Msc-140480"
66,74,0.03,"Mytilus edulis","W-Msc-140480"
67,74,0.09,"Mytilus edulis","W-Msc-140480"
67.5,74,0.1,"Mytilus edulis","W-Msc-140480"
68,74,0.1,"Mytilus edulis","W-Msc-140480"
68.5,74,0.1,"Mytilus edulis","W-Msc-140480"
69,74,0.09,"Mytilus edulis","W-Msc-140480"
69.5,74,0.08,"Mytilus edulis","W-Msc-140480"
70,74,0.08,"Mytilus edulis","W-Msc-140480"
70.5,74,0.08,"Mytilus edulis","W-Msc-140480"
71,74,0.08,"Mytilus edulis","W-Msc-140480"
71.5,74,0.08,"Mytilus edulis","W-Msc-140480"
72,74,0.08,"Mytilus edulis","W-Msc-140480"
72.5,74,0.09,"Mytilus edulis","W-Msc-140480"
73,74,0.1,"Mytilus edulis","W-Msc-140480"
73.5,74,0.1,"Mytilus edulis","W-Msc-140480"
74,74,0.09,"Mytilus edulis","W-Msc-140480"
74.5,74,0.09,"Mytilus edulis","W-Msc-140480"
75,74,0.08,"Mytilus edulis","W-Msc-140480"
75.5,74,0.08,"Mytilus edulis","W-Msc-140480"
76,74,0.08,"Mytilus edulis","W-Msc-140480"
76.5,74,0.08,"Mytilus edulis","W-Msc-140480"
77,74,0.08,"Mytilus edulis","W-Msc-140480"
77.5,74,0.08,"Mytilus edulis","W-Msc-140480"
78,74,0.07,"Mytilus edulis","W-Msc-140480"
78.5,74,0.07,"Mytilus edulis","W-Msc-140480"
79,74,0.07,"Mytilus edulis","W-Msc-140480"
79.5,74,0.07,"Mytilus edulis","W-Msc-140480"
80,74,0.07,"Mytilus edulis","W-Msc-140480"
80.5,74,0.07,"Mytilus edulis","W-Msc-140480"
81,74,0.07,"Mytilus edulis","W-Msc-140480"
81.5,74,0.07,"Mytilus edulis","W-Msc-140480"
82,74,0.07,"Mytilus edulis","W-Msc-140480"
82.5,74,0.07,"Mytilus edulis","W-Msc-140480"
83,74,0.07,"Mytilus edulis","W-Msc-140480"
83.5,74,0.06,"Mytilus edulis","W-Msc-140480"
84,74,0.06,"Mytilus edulis","W-Msc-140480"
84.5,74,0.06,"Mytilus edulis","W-Msc-140480"
85,74,0.06,"Mytilus edulis","W-Msc-140480"
85.5,74,0.07,"Mytilus edulis","W-Msc-140480"
86,74,0.1,"Mytilus edulis","W-Msc-140480"
86.5,74,0.1,"Mytilus edulis","W-Msc-140480"
87,74,0.1,"Mytilus edulis","W-Msc-140480"
87.5,74,0.02,"Mytilus edulis","W-Msc-140480"
109,74,0.04,"Mytilus edulis","W-Msc-140480"
109.5,74,0.04,"Mytilus edulis","W-Msc-140480"
110,74,0.04,"Mytilus edulis","W-Msc-140480"
110.5,74,0.04,"Mytilus edulis","W-Msc-140480"
111,74,0.04,"Mytilus edulis","W-Msc-140480"
111.5,74,0.03,"Mytilus edulis","W-Msc-140480"
112,74,0.04,"Mytilus edulis","W-Msc-140480"
112.5,74,0.05,"Mytilus edulis","W-Msc-140480"
113,74,0.06,"Mytilus edulis","W-Msc-140480"
113.5,74,0.04,"Mytilus edulis","W-Msc-140480"
114,74,0.03,"Mytilus edulis","W-Msc-140480"
114.5,74,0.03,"Mytilus edulis","W-Msc-140480"
115,74,0.03,"Mytilus edulis","W-Msc-140480"
115.5,74,0.02,"Mytilus edulis","W-Msc-140480"
116,74,0.02,"Mytilus edulis","W-Msc-140480"
116.5,74,0.02,"Mytilus edulis","W-Msc-140480"
117,74,0.02,"Mytilus edulis","W-Msc-140480"
117.5,74,0.02,"Mytilus edulis","W-Msc-140480"
118,74,0.02,"Mytilus edulis","W-Msc-140480"
118.5,74,0.02,"Mytilus edulis","W-Msc-140480"
119,74,0.03,"Mytilus edulis","W-Msc-140480"
119.5,74,0.03,"Mytilus edulis","W-Msc-140480"
120,74,0.03,"Mytilus edulis","W-Msc-140480"
120.5,74,0.03,"Mytilus edulis","W-Msc-140480"
121,74,0.04,"Mytilus edulis","W-Msc-140480"
121.5,74,0.04,"Mytilus edulis","W-Msc-140480"
122,74,0.05,"Mytilus edulis","W-Msc-140480"
122.5,74,0.06,"Mytilus edulis","W-Msc-140480"
123,74,0.07,"Mytilus edulis","W-Msc-140480"
123.5,74,0.08,"Mytilus edulis","W-Msc-140480"
124,74,0.09,"Mytilus edulis","W-Msc-140480"
124.5,74,0.09,"Mytilus edulis","W-Msc-140480"
125,74,0.1,"Mytilus edulis","W-Msc-140480"
125.5,74,0.1,"Mytilus edulis","W-Msc-140480"
126,74,0.1,"Mytilus edulis","W-Msc-140480"
126.5,74,0.11,"Mytilus edulis","W-Msc-140480"
127,74,0.11,"Mytilus edulis","W-Msc-140480"
127.5,74,0.1,"Mytilus edulis","W-Msc-140480"
128,74,0.09,"Mytilus edulis","W-Msc-140480"
128.5,74,0.09,"Mytilus edulis","W-Msc-140480"
129,74,0.09,"Mytilus edulis","W-Msc-140480"
129.5,74,0.08,"Mytilus edulis","W-Msc-140480"
130,74,0.06,"Mytilus edulis","W-Msc-140480"
130.5,74,0.05,"Mytilus edulis","W-Msc-140480"
131,74,0.04,"Mytilus edulis","W-Msc-140480"
131.5,74,0.04,"Mytilus edulis","W-Msc-140480"
132,74,0.03,"Mytilus edulis","W-Msc-140480"
132.5,74,0.03,"Mytilus edulis","W-Msc-140480"
133,74,0.02,"Mytilus edulis","W-Msc-140480"
133.5,74,0.02,"Mytilus edulis","W-Msc-140480"
134,74,0.02,"Mytilus edulis","W-Msc-140480"
134.5,74,0.02,"Mytilus edulis","W-Msc-140480"
135,74,0.02,"Mytilus edulis","W-Msc-140480"
135.5,74,0.02,"Mytilus edulis","W-Msc-140480"
136,74,0.02,"Mytilus edulis","W-Msc-140480"
136.5,74,0.02,"Mytilus edulis","W-Msc-140480"
137,74,0.02,"Mytilus edulis","W-Msc-140480"
137.5,74,0.01,"Mytilus edulis","W-Msc-140480"
138,74,0.01,"Mytilus edulis","W-Msc-140480"
138.5,74,0.01,"Mytilus edulis","W-Msc-140480"
139,74,0.01,"Mytilus edulis","W-Msc-140480"
139.5,74,0.01,"Mytilus edulis","W-Msc-140480"
140,74,0.01,"Mytilus edulis","W-Msc-140480"
140.5,74,0.01,"Mytilus edulis","W-Msc-140480"
141,74,0.01,"Mytilus edulis","W-Msc-140480"
141.5,74,0.01,"Mytilus edulis","W-Msc-140480"
142,74,0.01,"Mytilus edulis","W-Msc-140480"
142.5,74,0.01,"Mytilus edulis","W-Msc-140480"
143,74,0.01,"Mytilus edulis","W-Msc-140480"
-125.5,73.5,0.03,"Mytilus edulis","W-Msc-140480"
-125,73.5,0.05,"Mytilus edulis","W-Msc-140480"
-124.5,73.5,0.06,"Mytilus edulis","W-Msc-140480"
-124,73.5,0.06,"Mytilus edulis","W-Msc-140480"
-123.5,73.5,0.03,"Mytilus edulis","W-Msc-140480"
-116,73.5,0.01,"Mytilus edulis","W-Msc-140480"
-115.5,73.5,0.01,"Mytilus edulis","W-Msc-140480"
-115,73.5,0.01,"Mytilus edulis","W-Msc-140480"
-108,73.5,0.01,"Mytilus edulis","W-Msc-140480"
-107.5,73.5,0.01,"Mytilus edulis","W-Msc-140480"
-107,73.5,0.01,"Mytilus edulis","W-Msc-140480"
-106.5,73.5,0.01,"Mytilus edulis","W-Msc-140480"
-106,73.5,0.01,"Mytilus edulis","W-Msc-140480"
-105.5,73.5,0.01,"Mytilus edulis","W-Msc-140480"
-105,73.5,0.01,"Mytilus edulis","W-Msc-140480"
-104.5,73.5,0.01,"Mytilus edulis","W-Msc-140480"
-101.5,73.5,0.01,"Mytilus edulis","W-Msc-140480"
-101,73.5,0.01,"Mytilus edulis","W-Msc-140480"
-100.5,73.5,0.01,"Mytilus edulis","W-Msc-140480"
-100,73.5,0.01,"Mytilus edulis","W-Msc-140480"
-99.5,73.5,0.01,"Mytilus edulis","W-Msc-140480"
-99,73.5,0.02,"Mytilus edulis","W-Msc-140480"
-98.5,73.5,0.03,"Mytilus edulis","W-Msc-140480"
-98,73.5,0.03,"Mytilus edulis","W-Msc-140480"
-97.5,73.5,0.03,"Mytilus edulis","W-Msc-140480"
-97,73.5,0.02,"Mytilus edulis","W-Msc-140480"
-96.5,73.5,0.02,"Mytilus edulis","W-Msc-140480"
-95.5,73.5,0.03,"Mytilus edulis","W-Msc-140480"
-95,73.5,0.03,"Mytilus edulis","W-Msc-140480"
-94.5,73.5,0.04,"Mytilus edulis","W-Msc-140480"
-90.5,73.5,0.04,"Mytilus edulis","W-Msc-140480"
-90,73.5,0.04,"Mytilus edulis","W-Msc-140480"
-88,73.5,0.04,"Mytilus edulis","W-Msc-140480"
-87.5,73.5,0.05,"Mytilus edulis","W-Msc-140480"
-87,73.5,0.05,"Mytilus edulis","W-Msc-140480"
-86.5,73.5,0.06,"Mytilus edulis","W-Msc-140480"
-86,73.5,0.06,"Mytilus edulis","W-Msc-140480"
-85.5,73.5,0.05,"Mytilus edulis","W-Msc-140480"
-85,73.5,0.05,"Mytilus edulis","W-Msc-140480"
-84.5,73.5,0.05,"Mytilus edulis","W-Msc-140480"
-84,73.5,0.05,"Mytilus edulis","W-Msc-140480"
-83.5,73.5,0.05,"Mytilus edulis","W-Msc-140480"
-83,73.5,0.05,"Mytilus edulis","W-Msc-140480"
-82.5,73.5,0.05,"Mytilus edulis","W-Msc-140480"
-82,73.5,0.05,"Mytilus edulis","W-Msc-140480"
-81.5,73.5,0.05,"Mytilus edulis","W-Msc-140480"
-81,73.5,0.05,"Mytilus edulis","W-Msc-140480"
-80.5,73.5,0.05,"Mytilus edulis","W-Msc-140480"
-80,73.5,0.06,"Mytilus edulis","W-Msc-140480"
-79.5,73.5,0.06,"Mytilus edulis","W-Msc-140480"
-79,73.5,0.05,"Mytilus edulis","W-Msc-140480"
-78.5,73.5,0.05,"Mytilus edulis","W-Msc-140480"
-78,73.5,0.05,"Mytilus edulis","W-Msc-140480"
-77.5,73.5,0.05,"Mytilus edulis","W-Msc-140480"
-77,73.5,0.05,"Mytilus edulis","W-Msc-140480"
-57,73.5,0.18,"Mytilus edulis","W-Msc-140480"
-56.5,73.5,0.19,"Mytilus edulis","W-Msc-140480"
-56,73.5,0.18,"Mytilus edulis","W-Msc-140480"
-55.5,73.5,0.17,"Mytilus edulis","W-Msc-140480"
-27,73.5,0.07,"Mytilus edulis","W-Msc-140480"
-25.5,73.5,0.01,"Mytilus edulis","W-Msc-140480"
-25,73.5,0.08,"Mytilus edulis","W-Msc-140480"
-24.5,73.5,0.08,"Mytilus edulis","W-Msc-140480"
-24,73.5,0.08,"Mytilus edulis","W-Msc-140480"
-23.5,73.5,0.08,"Mytilus edulis","W-Msc-140480"
-21.5,73.5,0.07,"Mytilus edulis","W-Msc-140480"
-21,73.5,0.07,"Mytilus edulis","W-Msc-140480"
-20.5,73.5,0.06,"Mytilus edulis","W-Msc-140480"
-20,73.5,0.06,"Mytilus edulis","W-Msc-140480"
53.5,73.5,0.3,"Mytilus edulis","W-Msc-140480"
54,73.5,0.41,"Mytilus edulis","W-Msc-140480"
54.5,73.5,0.39,"Mytilus edulis","W-Msc-140480"
55,73.5,0.38,"Mytilus edulis","W-Msc-140480"
57,73.5,0.17,"Mytilus edulis","W-Msc-140480"
57.5,73.5,0.16,"Mytilus edulis","W-Msc-140480"
58,73.5,0.16,"Mytilus edulis","W-Msc-140480"
58.5,73.5,0.16,"Mytilus edulis","W-Msc-140480"
65,73.5,0.01,"Mytilus edulis","W-Msc-140480"
66,73.5,0.04,"Mytilus edulis","W-Msc-140480"
66.5,73.5,0.05,"Mytilus edulis","W-Msc-140480"
67,73.5,0.1,"Mytilus edulis","W-Msc-140480"
67.5,73.5,0.1,"Mytilus edulis","W-Msc-140480"
68,73.5,0.1,"Mytilus edulis","W-Msc-140480"
68.5,73.5,0.08,"Mytilus edulis","W-Msc-140480"
69,73.5,0.08,"Mytilus edulis","W-Msc-140480"
69.5,73.5,0.08,"Mytilus edulis","W-Msc-140480"
70,73.5,0.08,"Mytilus edulis","W-Msc-140480"
70.5,73.5,0.08,"Mytilus edulis","W-Msc-140480"
71,73.5,0.09,"Mytilus edulis","W-Msc-140480"
71.5,73.5,0.09,"Mytilus edulis","W-Msc-140480"
72,73.5,0.09,"Mytilus edulis","W-Msc-140480"
72.5,73.5,0.1,"Mytilus edulis","W-Msc-140480"
73,73.5,0.1,"Mytilus edulis","W-Msc-140480"
73.5,73.5,0.09,"Mytilus edulis","W-Msc-140480"
74,73.5,0.09,"Mytilus edulis","W-Msc-140480"
74.5,73.5,0.09,"Mytilus edulis","W-Msc-140480"
75,73.5,0.09,"Mytilus edulis","W-Msc-140480"
75.5,73.5,0.09,"Mytilus edulis","W-Msc-140480"
76,73.5,0.09,"Mytilus edulis","W-Msc-140480"
76.5,73.5,0.09,"Mytilus edulis","W-Msc-140480"
77,73.5,0.09,"Mytilus edulis","W-Msc-140480"
77.5,73.5,0.1,"Mytilus edulis","W-Msc-140480"
78,73.5,0.1,"Mytilus edulis","W-Msc-140480"
78.5,73.5,0.11,"Mytilus edulis","W-Msc-140480"
79,73.5,0.13,"Mytilus edulis","W-Msc-140480"
79.5,73.5,0.13,"Mytilus edulis","W-Msc-140480"
80,73.5,0.14,"Mytilus edulis","W-Msc-140480"
80.5,73.5,0.14,"Mytilus edulis","W-Msc-140480"
81,73.5,0.14,"Mytilus edulis","W-Msc-140480"
81.5,73.5,0.15,"Mytilus edulis","W-Msc-140480"
82,73.5,0.15,"Mytilus edulis","W-Msc-140480"
82.5,73.5,0.15,"Mytilus edulis","W-Msc-140480"
83,73.5,0.15,"Mytilus edulis","W-Msc-140480"
83.5,73.5,0.14,"Mytilus edulis","W-Msc-140480"
84,73.5,0.14,"Mytilus edulis","W-Msc-140480"
84.5,73.5,0.12,"Mytilus edulis","W-Msc-140480"
85,73.5,0.12,"Mytilus edulis","W-Msc-140480"
85.5,73.5,0.14,"Mytilus edulis","W-Msc-140480"
86,73.5,0.14,"Mytilus edulis","W-Msc-140480"
86.5,73.5,0.11,"Mytilus edulis","W-Msc-140480"
87,73.5,0.06,"Mytilus edulis","W-Msc-140480"
87.5,73.5,0.06,"Mytilus edulis","W-Msc-140480"
107.5,73.5,0.04,"Mytilus edulis","W-Msc-140480"
108,73.5,0.04,"Mytilus edulis","W-Msc-140480"
108.5,73.5,0.04,"Mytilus edulis","W-Msc-140480"
109,73.5,0.04,"Mytilus edulis","W-Msc-140480"
109.5,73.5,0.03,"Mytilus edulis","W-Msc-140480"
110,73.5,0.04,"Mytilus edulis","W-Msc-140480"
110.5,73.5,0.04,"Mytilus edulis","W-Msc-140480"
111,73.5,0.03,"Mytilus edulis","W-Msc-140480"
111.5,73.5,0.02,"Mytilus edulis","W-Msc-140480"
112,73.5,0.04,"Mytilus edulis","W-Msc-140480"
112.5,73.5,0.05,"Mytilus edulis","W-Msc-140480"
113,73.5,0.08,"Mytilus edulis","W-Msc-140480"
113.5,73.5,0.08,"Mytilus edulis","W-Msc-140480"
114,73.5,0.08,"Mytilus edulis","W-Msc-140480"
114.5,73.5,0.06,"Mytilus edulis","W-Msc-140480"
115,73.5,0.05,"Mytilus edulis","W-Msc-140480"
115.5,73.5,0.04,"Mytilus edulis","W-Msc-140480"
116,73.5,0.04,"Mytilus edulis","W-Msc-140480"
116.5,73.5,0.03,"Mytilus edulis","W-Msc-140480"
117,73.5,0.03,"Mytilus edulis","W-Msc-140480"
117.5,73.5,0.03,"Mytilus edulis","W-Msc-140480"
118,73.5,0.03,"Mytilus edulis","W-Msc-140480"
118.5,73.5,0.03,"Mytilus edulis","W-Msc-140480"
119,73.5,0.03,"Mytilus edulis","W-Msc-140480"
119.5,73.5,0.03,"Mytilus edulis","W-Msc-140480"
120,73.5,0.03,"Mytilus edulis","W-Msc-140480"
120.5,73.5,0.03,"Mytilus edulis","W-Msc-140480"
121,73.5,0.03,"Mytilus edulis","W-Msc-140480"
121.5,73.5,0.04,"Mytilus edulis","W-Msc-140480"
122,73.5,0.05,"Mytilus edulis","W-Msc-140480"
122.5,73.5,0.07,"Mytilus edulis","W-Msc-140480"
123,73.5,0.08,"Mytilus edulis","W-Msc-140480"
123.5,73.5,0.09,"Mytilus edulis","W-Msc-140480"
124,73.5,0.08,"Mytilus edulis","W-Msc-140480"
124.5,73.5,0.11,"Mytilus edulis","W-Msc-140480"
125,73.5,0.12,"Mytilus edulis","W-Msc-140480"
125.5,73.5,0.12,"Mytilus edulis","W-Msc-140480"
126,73.5,0.12,"Mytilus edulis","W-Msc-140480"
126.5,73.5,0.12,"Mytilus edulis","W-Msc-140480"
127,73.5,0.12,"Mytilus edulis","W-Msc-140480"
127.5,73.5,0.11,"Mytilus edulis","W-Msc-140480"
128,73.5,0.11,"Mytilus edulis","W-Msc-140480"
128.5,73.5,0.1,"Mytilus edulis","W-Msc-140480"
129,73.5,0.09,"Mytilus edulis","W-Msc-140480"
129.5,73.5,0.08,"Mytilus edulis","W-Msc-140480"
130,73.5,0.08,"Mytilus edulis","W-Msc-140480"
130.5,73.5,0.05,"Mytilus edulis","W-Msc-140480"
131,73.5,0.04,"Mytilus edulis","W-Msc-140480"
131.5,73.5,0.03,"Mytilus edulis","W-Msc-140480"
132,73.5,0.03,"Mytilus edulis","W-Msc-140480"
132.5,73.5,0.02,"Mytilus edulis","W-Msc-140480"
133,73.5,0.02,"Mytilus edulis","W-Msc-140480"
133.5,73.5,0.02,"Mytilus edulis","W-Msc-140480"
134,73.5,0.02,"Mytilus edulis","W-Msc-140480"
134.5,73.5,0.02,"Mytilus edulis","W-Msc-140480"
135,73.5,0.02,"Mytilus edulis","W-Msc-140480"
135.5,73.5,0.02,"Mytilus edulis","W-Msc-140480"
136,73.5,0.02,"Mytilus edulis","W-Msc-140480"
136.5,73.5,0.01,"Mytilus edulis","W-Msc-140480"
137,73.5,0.01,"Mytilus edulis","W-Msc-140480"
137.5,73.5,0.01,"Mytilus edulis","W-Msc-140480"
138,73.5,0.01,"Mytilus edulis","W-Msc-140480"
138.5,73.5,0.01,"Mytilus edulis","W-Msc-140480"
139,73.5,0.01,"Mytilus edulis","W-Msc-140480"
139.5,73.5,0.01,"Mytilus edulis","W-Msc-140480"
140,73.5,0.01,"Mytilus edulis","W-Msc-140480"
140.5,73.5,0.02,"Mytilus edulis","W-Msc-140480"
141,73.5,0.02,"Mytilus edulis","W-Msc-140480"
141.5,73.5,0.01,"Mytilus edulis","W-Msc-140480"
142,73.5,0.01,"Mytilus edulis","W-Msc-140480"
142.5,73.5,0.01,"Mytilus edulis","W-Msc-140480"
143,73.5,0.01,"Mytilus edulis","W-Msc-140480"
143.5,73.5,0.01,"Mytilus edulis","W-Msc-140480"
144,73.5,0.01,"Mytilus edulis","W-Msc-140480"
144.5,73.5,0.01,"Mytilus edulis","W-Msc-140480"
145,73.5,0.01,"Mytilus edulis","W-Msc-140480"
145.5,73.5,0.01,"Mytilus edulis","W-Msc-140480"
146,73.5,0.01,"Mytilus edulis","W-Msc-140480"
146.5,73.5,0.01,"Mytilus edulis","W-Msc-140480"
147,73.5,0.01,"Mytilus edulis","W-Msc-140480"
147.5,73.5,0.01,"Mytilus edulis","W-Msc-140480"
-126,73,0.03,"Mytilus edulis","W-Msc-140480"
-125.5,73,0.05,"Mytilus edulis","W-Msc-140480"
-125,73,0.07,"Mytilus edulis","W-Msc-140480"
-124.5,73,0.08,"Mytilus edulis","W-Msc-140480"
-124,73,0.04,"Mytilus edulis","W-Msc-140480"
-117.5,73,0.03,"Mytilus edulis","W-Msc-140480"
-117,73,0.02,"Mytilus edulis","W-Msc-140480"
-116.5,73,0.02,"Mytilus edulis","W-Msc-140480"
-116,73,0.02,"Mytilus edulis","W-Msc-140480"
-115.5,73,0.01,"Mytilus edulis","W-Msc-140480"
-115,73,0.01,"Mytilus edulis","W-Msc-140480"
-114.5,73,0.01,"Mytilus edulis","W-Msc-140480"
-114,73,0.01,"Mytilus edulis","W-Msc-140480"
-113.5,73,0.01,"Mytilus edulis","W-Msc-140480"
-113,73,0.01,"Mytilus edulis","W-Msc-140480"
-108,73,0.01,"Mytilus edulis","W-Msc-140480"
-107.5,73,0.01,"Mytilus edulis","W-Msc-140480"
-107,73,0.01,"Mytilus edulis","W-Msc-140480"
-106.5,73,0.01,"Mytilus edulis","W-Msc-140480"
-106,73,0.02,"Mytilus edulis","W-Msc-140480"
-104.5,73,0.01,"Mytilus edulis","W-Msc-140480"
-104,73,0.01,"Mytilus edulis","W-Msc-140480"
-101.5,73,0.01,"Mytilus edulis","W-Msc-140480"
-101,73,0.01,"Mytilus edulis","W-Msc-140480"
-100.5,73,0.01,"Mytilus edulis","W-Msc-140480"
-100,73,0.01,"Mytilus edulis","W-Msc-140480"
-98,73,0.03,"Mytilus edulis","W-Msc-140480"
-97.5,73,0.03,"Mytilus edulis","W-Msc-140480"
-97,73,0.03,"Mytilus edulis","W-Msc-140480"
-96.5,73,0.03,"Mytilus edulis","W-Msc-140480"
-96,73,0.03,"Mytilus edulis","W-Msc-140480"
-95.5,73,0.04,"Mytilus edulis","W-Msc-140480"
-91.5,73,0.03,"Mytilus edulis","W-Msc-140480"
-91,73,0.03,"Mytilus edulis","W-Msc-140480"
-90.5,73,0.03,"Mytilus edulis","W-Msc-140480"
-89,73,0.04,"Mytilus edulis","W-Msc-140480"
-88.5,73,0.04,"Mytilus edulis","W-Msc-140480"
-86,73,0.04,"Mytilus edulis","W-Msc-140480"
-85.5,73,0.04,"Mytilus edulis","W-Msc-140480"
-85,73,0.04,"Mytilus edulis","W-Msc-140480"
-84.5,73,0.05,"Mytilus edulis","W-Msc-140480"
-84,73,0.05,"Mytilus edulis","W-Msc-140480"
-83.5,73,0.05,"Mytilus edulis","W-Msc-140480"
-81,73,0.03,"Mytilus edulis","W-Msc-140480"
-80.5,73,0.03,"Mytilus edulis","W-Msc-140480"
-80,73,0.05,"Mytilus edulis","W-Msc-140480"
-77,73,0.08,"Mytilus edulis","W-Msc-140480"
-76.5,73,0.08,"Mytilus edulis","W-Msc-140480"
-76,73,0.07,"Mytilus edulis","W-Msc-140480"
-56.5,73,0.19,"Mytilus edulis","W-Msc-140480"
-56,73,0.2,"Mytilus edulis","W-Msc-140480"
-55.5,73,0.18,"Mytilus edulis","W-Msc-140480"
-55,73,0.18,"Mytilus edulis","W-Msc-140480"
-54.5,73,0.18,"Mytilus edulis","W-Msc-140480"
-27.5,73,0.07,"Mytilus edulis","W-Msc-140480"
-27,73,0.07,"Mytilus edulis","W-Msc-140480"
-26.5,73,0.08,"Mytilus edulis","W-Msc-140480"
-26,73,0.08,"Mytilus edulis","W-Msc-140480"
-25.5,73,0.08,"Mytilus edulis","W-Msc-140480"
-25,73,0.08,"Mytilus edulis","W-Msc-140480"
-24.5,73,0.08,"Mytilus edulis","W-Msc-140480"
-24,73,0.08,"Mytilus edulis","W-Msc-140480"
-23.5,73,0.08,"Mytilus edulis","W-Msc-140480"
-23,73,0.09,"Mytilus edulis","W-Msc-140480"
-22.5,73,0.09,"Mytilus edulis","W-Msc-140480"
-22,73,0.09,"Mytilus edulis","W-Msc-140480"
-21.5,73,0.08,"Mytilus edulis","W-Msc-140480"
-21,73,0.07,"Mytilus edulis","W-Msc-140480"
-20.5,73,0.06,"Mytilus edulis","W-Msc-140480"
-20,73,0.06,"Mytilus edulis","W-Msc-140480"
52,73,0.02,"Mytilus edulis","W-Msc-140480"
52.5,73,0.21,"Mytilus edulis","W-Msc-140480"
53,73,0.44,"Mytilus edulis","W-Msc-140480"
53.5,73,0.41,"Mytilus edulis","W-Msc-140480"
54,73,0.39,"Mytilus edulis","W-Msc-140480"
54.5,73,0.37,"Mytilus edulis","W-Msc-140480"
55,73,0.22,"Mytilus edulis","W-Msc-140480"
56,73,0.14,"Mytilus edulis","W-Msc-140480"
56.5,73,0.16,"Mytilus edulis","W-Msc-140480"
57,73,0.17,"Mytilus edulis","W-Msc-140480"
57.5,73,0.16,"Mytilus edulis","W-Msc-140480"
58,73,0.03,"Mytilus edulis","W-Msc-140480"
63.5,73,0.01,"Mytilus edulis","W-Msc-140480"
64,73,0.06,"Mytilus edulis","W-Msc-140480"
64.5,73,0.07,"Mytilus edulis","W-Msc-140480"
65,73,0.05,"Mytilus edulis","W-Msc-140480"
66.5,73,0.08,"Mytilus edulis","W-Msc-140480"
67,73,0.09,"Mytilus edulis","W-Msc-140480"
67.5,73,0.07,"Mytilus edulis","W-Msc-140480"
68,73,0.1,"Mytilus edulis","W-Msc-140480"
68.5,73,0.1,"Mytilus edulis","W-Msc-140480"
69,73,0.1,"Mytilus edulis","W-Msc-140480"
69.5,73,0.12,"Mytilus edulis","W-Msc-140480"
70,73,0.14,"Mytilus edulis","W-Msc-140480"
70.5,73,0.15,"Mytilus edulis","W-Msc-140480"
71,73,0.15,"Mytilus edulis","W-Msc-140480"
71.5,73,0.16,"Mytilus edulis","W-Msc-140480"
72,73,0.16,"Mytilus edulis","W-Msc-140480"
72.5,73,0.13,"Mytilus edulis","W-Msc-140480"
73,73,0.12,"Mytilus edulis","W-Msc-140480"
73.5,73,0.11,"Mytilus edulis","W-Msc-140480"
74,73,0.11,"Mytilus edulis","W-Msc-140480"
74.5,73,0.11,"Mytilus edulis","W-Msc-140480"
75,73,0.1,"Mytilus edulis","W-Msc-140480"
75.5,73,0.11,"Mytilus edulis","W-Msc-140480"
76,73,0.13,"Mytilus edulis","W-Msc-140480"
76.5,73,0.14,"Mytilus edulis","W-Msc-140480"
77,73,0.14,"Mytilus edulis","W-Msc-140480"
77.5,73,0.13,"Mytilus edulis","W-Msc-140480"
78,73,0.14,"Mytilus edulis","W-Msc-140480"
78.5,73,0.15,"Mytilus edulis","W-Msc-140480"
79,73,0.15,"Mytilus edulis","W-Msc-140480"
79.5,73,0.15,"Mytilus edulis","W-Msc-140480"
80,73,0.15,"Mytilus edulis","W-Msc-140480"
80.5,73,0.15,"Mytilus edulis","W-Msc-140480"
81,73,0.05,"Mytilus edulis","W-Msc-140480"
106,73,0.02,"Mytilus edulis","W-Msc-140480"
106.5,73,0.04,"Mytilus edulis","W-Msc-140480"
107,73,0.04,"Mytilus edulis","W-Msc-140480"
107.5,73,0.04,"Mytilus edulis","W-Msc-140480"
108,73,0.03,"Mytilus edulis","W-Msc-140480"
108.5,73,0.03,"Mytilus edulis","W-Msc-140480"
109,73,0.04,"Mytilus edulis","W-Msc-140480"
109.5,73,0.05,"Mytilus edulis","W-Msc-140480"
110,73,0.05,"Mytilus edulis","W-Msc-140480"
113.5,73,0.09,"Mytilus edulis","W-Msc-140480"
114,73,0.09,"Mytilus edulis","W-Msc-140480"
114.5,73,0.02,"Mytilus edulis","W-Msc-140480"
118.5,73,0.01,"Mytilus edulis","W-Msc-140480"
119,73,0.03,"Mytilus edulis","W-Msc-140480"
119.5,73,0.04,"Mytilus edulis","W-Msc-140480"
120,73,0.04,"Mytilus edulis","W-Msc-140480"
120.5,73,0.04,"Mytilus edulis","W-Msc-140480"
121,73,0.04,"Mytilus edulis","W-Msc-140480"
121.5,73,0.04,"Mytilus edulis","W-Msc-140480"
122,73,0.04,"Mytilus edulis","W-Msc-140480"
122.5,73,0.04,"Mytilus edulis","W-Msc-140480"
123,73,0.04,"Mytilus edulis","W-Msc-140480"
123.5,73,0.05,"Mytilus edulis","W-Msc-140480"
124,73,0.04,"Mytilus edulis","W-Msc-140480"
126,73,0.02,"Mytilus edulis","W-Msc-140480"
126.5,73,0.02,"Mytilus edulis","W-Msc-140480"
127,73,0.02,"Mytilus edulis","W-Msc-140480"
128,73,0.02,"Mytilus edulis","W-Msc-140480"
128.5,73,0.06,"Mytilus edulis","W-Msc-140480"
129,73,0.12,"Mytilus edulis","W-Msc-140480"
129.5,73,0.11,"Mytilus edulis","W-Msc-140480"
130,73,0.09,"Mytilus edulis","W-Msc-140480"
130.5,73,0.08,"Mytilus edulis","W-Msc-140480"
131,73,0.06,"Mytilus edulis","W-Msc-140480"
131.5,73,0.03,"Mytilus edulis","W-Msc-140480"
132,73,0.03,"Mytilus edulis","W-Msc-140480"
132.5,73,0.02,"Mytilus edulis","W-Msc-140480"
133,73,0.02,"Mytilus edulis","W-Msc-140480"
133.5,73,0.02,"Mytilus edulis","W-Msc-140480"
134,73,0.02,"Mytilus edulis","W-Msc-140480"
134.5,73,0.02,"Mytilus edulis","W-Msc-140480"
135,73,0.02,"Mytilus edulis","W-Msc-140480"
135.5,73,0.02,"Mytilus edulis","W-Msc-140480"
136,73,0.01,"Mytilus edulis","W-Msc-140480"
136.5,73,0.01,"Mytilus edulis","W-Msc-140480"
137,73,0.01,"Mytilus edulis","W-Msc-140480"
137.5,73,0.01,"Mytilus edulis","W-Msc-140480"
138,73,0.01,"Mytilus edulis","W-Msc-140480"
138.5,73,0.02,"Mytilus edulis","W-Msc-140480"
139,73,0.02,"Mytilus edulis","W-Msc-140480"
139.5,73,0.02,"Mytilus edulis","W-Msc-140480"
140,73,0.02,"Mytilus edulis","W-Msc-140480"
140.5,73,0.01,"Mytilus edulis","W-Msc-140480"
141,73,0.01,"Mytilus edulis","W-Msc-140480"
141.5,73,0.01,"Mytilus edulis","W-Msc-140480"
142,73,0.01,"Mytilus edulis","W-Msc-140480"
142.5,73,0.01,"Mytilus edulis","W-Msc-140480"
143,73,0.01,"Mytilus edulis","W-Msc-140480"
143.5,73,0.01,"Mytilus edulis","W-Msc-140480"
144,73,0.01,"Mytilus edulis","W-Msc-140480"
144.5,73,0.01,"Mytilus edulis","W-Msc-140480"
145,73,0.01,"Mytilus edulis","W-Msc-140480"
145.5,73,0.01,"Mytilus edulis","W-Msc-140480"
146,73,0.01,"Mytilus edulis","W-Msc-140480"
146.5,73,0.01,"Mytilus edulis","W-Msc-140480"
147,73,0.01,"Mytilus edulis","W-Msc-140480"
147.5,73,0.01,"Mytilus edulis","W-Msc-140480"
148,73,0.01,"Mytilus edulis","W-Msc-140480"
148.5,73,0.01,"Mytilus edulis","W-Msc-140480"
149,73,0.01,"Mytilus edulis","W-Msc-140480"
149.5,73,0.01,"Mytilus edulis","W-Msc-140480"
150,73,0.01,"Mytilus edulis","W-Msc-140480"
150.5,73,0.01,"Mytilus edulis","W-Msc-140480"
151,73,0.01,"Mytilus edulis","W-Msc-140480"
173,73,0.01,"Mytilus edulis","W-Msc-140480"
173.5,73,0.01,"Mytilus edulis","W-Msc-140480"
174,73,0.01,"Mytilus edulis","W-Msc-140480"
174.5,73,0.01,"Mytilus edulis","W-Msc-140480"
175,73,0.01,"Mytilus edulis","W-Msc-140480"
175.5,73,0.01,"Mytilus edulis","W-Msc-140480"
176,73,0.01,"Mytilus edulis","W-Msc-140480"
176.5,73,0.01,"Mytilus edulis","W-Msc-140480"
177,73,0.01,"Mytilus edulis","W-Msc-140480"
177.5,73,0.01,"Mytilus edulis","W-Msc-140480"
178,73,0.01,"Mytilus edulis","W-Msc-140480"
178.5,73,0.01,"Mytilus edulis","W-Msc-140480"
179,73,0.01,"Mytilus edulis","W-Msc-140480"
-179.5,72.5,0.01,"Mytilus edulis","W-Msc-140480"
-179,72.5,0.01,"Mytilus edulis","W-Msc-140480"
-178.5,72.5,0.01,"Mytilus edulis","W-Msc-140480"
-178,72.5,0.01,"Mytilus edulis","W-Msc-140480"
-175,72.5,0.01,"Mytilus edulis","W-Msc-140480"
-174.5,72.5,0.01,"Mytilus edulis","W-Msc-140480"
-174,72.5,0.01,"Mytilus edulis","W-Msc-140480"
-173.5,72.5,0.02,"Mytilus edulis","W-Msc-140480"
-171,72.5,0.01,"Mytilus edulis","W-Msc-140480"
-169.5,72.5,0.01,"Mytilus edulis","W-Msc-140480"
-168.5,72.5,0.01,"Mytilus edulis","W-Msc-140480"
-168,72.5,0.01,"Mytilus edulis","W-Msc-140480"
-167.5,72.5,0.02,"Mytilus edulis","W-Msc-140480"
-167,72.5,0.02,"Mytilus edulis","W-Msc-140480"
-166.5,72.5,0.02,"Mytilus edulis","W-Msc-140480"
-166,72.5,0.02,"Mytilus edulis","W-Msc-140480"
-165.5,72.5,0.02,"Mytilus edulis","W-Msc-140480"
-165,72.5,0.02,"Mytilus edulis","W-Msc-140480"
-164.5,72.5,0.02,"Mytilus edulis","W-Msc-140480"
-164,72.5,0.02,"Mytilus edulis","W-Msc-140480"
-163.5,72.5,0.02,"Mytilus edulis","W-Msc-140480"
-163,72.5,0.02,"Mytilus edulis","W-Msc-140480"
-162.5,72.5,0.02,"Mytilus edulis","W-Msc-140480"
-162,72.5,0.02,"Mytilus edulis","W-Msc-140480"
-161.5,72.5,0.02,"Mytilus edulis","W-Msc-140480"
-161,72.5,0.02,"Mytilus edulis","W-Msc-140480"
-160.5,72.5,0.03,"Mytilus edulis","W-Msc-140480"
-160,72.5,0.02,"Mytilus edulis","W-Msc-140480"
-159.5,72.5,0.02,"Mytilus edulis","W-Msc-140480"
-159,72.5,0.01,"Mytilus edulis","W-Msc-140480"
-158.5,72.5,0.01,"Mytilus edulis","W-Msc-140480"
-127,72.5,0.02,"Mytilus edulis","W-Msc-140480"
-126.5,72.5,0.05,"Mytilus edulis","W-Msc-140480"
-126,72.5,0.06,"Mytilus edulis","W-Msc-140480"
-125.5,72.5,0.08,"Mytilus edulis","W-Msc-140480"
-125,72.5,0.09,"Mytilus edulis","W-Msc-140480"
-124.5,72.5,0.09,"Mytilus edulis","W-Msc-140480"
-119,72.5,0.04,"Mytilus edulis","W-Msc-140480"
-118.5,72.5,0.04,"Mytilus edulis","W-Msc-140480"
-118,72.5,0.04,"Mytilus edulis","W-Msc-140480"
-117.5,72.5,0.03,"Mytilus edulis","W-Msc-140480"
-117,72.5,0.03,"Mytilus edulis","W-Msc-140480"
-114,72.5,0.02,"Mytilus edulis","W-Msc-140480"
-113.5,72.5,0.02,"Mytilus edulis","W-Msc-140480"
-113,72.5,0.01,"Mytilus edulis","W-Msc-140480"
-112,72.5,0.01,"Mytilus edulis","W-Msc-140480"
-111.5,72.5,0.01,"Mytilus edulis","W-Msc-140480"
-111,72.5,0.01,"Mytilus edulis","W-Msc-140480"
-110.5,72.5,0.01,"Mytilus edulis","W-Msc-140480"
-110,72.5,0.01,"Mytilus edulis","W-Msc-140480"
-109.5,72.5,0.01,"Mytilus edulis","W-Msc-140480"
-109,72.5,0.01,"Mytilus edulis","W-Msc-140480"
-108.5,72.5,0.01,"Mytilus edulis","W-Msc-140480"
-108,72.5,0.01,"Mytilus edulis","W-Msc-140480"
-107.5,72.5,0.01,"Mytilus edulis","W-Msc-140480"
-105,72.5,0.01,"Mytilus edulis","W-Msc-140480"
-104.5,72.5,0.01,"Mytilus edulis","W-Msc-140480"
-102.5,72.5,0.01,"Mytilus edulis","W-Msc-140480"
-102,72.5,0.01,"Mytilus edulis","W-Msc-140480"
-101.5,72.5,0.01,"Mytilus edulis","W-Msc-140480"
-101,72.5,0.01,"Mytilus edulis","W-Msc-140480"
-100.5,72.5,0.01,"Mytilus edulis","W-Msc-140480"
-100,72.5,0.01,"Mytilus edulis","W-Msc-140480"
-98,72.5,0.01,"Mytilus edulis","W-Msc-140480"
-97,72.5,0.03,"Mytilus edulis","W-Msc-140480"
-96.5,72.5,0.03,"Mytilus edulis","W-Msc-140480"
-96,72.5,0.03,"Mytilus edulis","W-Msc-140480"
-95.5,72.5,0.04,"Mytilus edulis","W-Msc-140480"
-95,72.5,0.04,"Mytilus edulis","W-Msc-140480"
-94,72.5,0.03,"Mytilus edulis","W-Msc-140480"
-93.5,72.5,0.03,"Mytilus edulis","W-Msc-140480"
-93,72.5,0.03,"Mytilus edulis","W-Msc-140480"
-92.5,72.5,0.03,"Mytilus edulis","W-Msc-140480"
-92,72.5,0.02,"Mytilus edulis","W-Msc-140480"
-91.5,72.5,0.02,"Mytilus edulis","W-Msc-140480"
-89.5,72.5,0.03,"Mytilus edulis","W-Msc-140480"
-89,72.5,0.03,"Mytilus edulis","W-Msc-140480"
-86.5,72.5,0.04,"Mytilus edulis","W-Msc-140480"
-86,72.5,0.04,"Mytilus edulis","W-Msc-140480"
-85.5,72.5,0.04,"Mytilus edulis","W-Msc-140480"
-85,72.5,0.05,"Mytilus edulis","W-Msc-140480"
-84.5,72.5,0.05,"Mytilus edulis","W-Msc-140480"
-80.5,72.5,0.04,"Mytilus edulis","W-Msc-140480"
-80,72.5,0.05,"Mytilus edulis","W-Msc-140480"
-79.5,72.5,0.05,"Mytilus edulis","W-Msc-140480"
-79,72.5,0.08,"Mytilus edulis","W-Msc-140480"
-78.5,72.5,0.09,"Mytilus edulis","W-Msc-140480"
-78,72.5,0.09,"Mytilus edulis","W-Msc-140480"
-77.5,72.5,0.09,"Mytilus edulis","W-Msc-140480"
-77,72.5,0.08,"Mytilus edulis","W-Msc-140480"
-76.5,72.5,0.08,"Mytilus edulis","W-Msc-140480"
-76,72.5,0.08,"Mytilus edulis","W-Msc-140480"
-75.5,72.5,0.08,"Mytilus edulis","W-Msc-140480"
-75,72.5,0.07,"Mytilus edulis","W-Msc-140480"
-56.5,72.5,0.15,"Mytilus edulis","W-Msc-140480"
-56,72.5,0.23,"Mytilus edulis","W-Msc-140480"
-55.5,72.5,0.21,"Mytilus edulis","W-Msc-140480"
-55,72.5,0.19,"Mytilus edulis","W-Msc-140480"
-54.5,72.5,0.19,"Mytilus edulis","W-Msc-140480"
-27,72.5,0.08,"Mytilus edulis","W-Msc-140480"
-26.5,72.5,0.08,"Mytilus edulis","W-Msc-140480"
-26,72.5,0.08,"Mytilus edulis","W-Msc-140480"
-25.5,72.5,0.08,"Mytilus edulis","W-Msc-140480"
-25,72.5,0.08,"Mytilus edulis","W-Msc-140480"
-24.5,72.5,0.08,"Mytilus edulis","W-Msc-140480"
-24,72.5,0.07,"Mytilus edulis","W-Msc-140480"
-23.5,72.5,0.01,"Mytilus edulis","W-Msc-140480"
-23,72.5,0.06,"Mytilus edulis","W-Msc-140480"
-22.5,72.5,0.07,"Mytilus edulis","W-Msc-140480"
-22,72.5,0.06,"Mytilus edulis","W-Msc-140480"
-21.5,72.5,0.06,"Mytilus edulis","W-Msc-140480"
52,72.5,0.2,"Mytilus edulis","W-Msc-140480"
52.5,72.5,0.44,"Mytilus edulis","W-Msc-140480"
53,72.5,0.42,"Mytilus edulis","W-Msc-140480"
53.5,72.5,0.4,"Mytilus edulis","W-Msc-140480"
56,72.5,0.17,"Mytilus edulis","W-Msc-140480"
56.5,72.5,0.17,"Mytilus edulis","W-Msc-140480"
57,72.5,0.14,"Mytilus edulis","W-Msc-140480"
63.5,72.5,0.04,"Mytilus edulis","W-Msc-140480"
64,72.5,0.04,"Mytilus edulis","W-Msc-140480"
64.5,72.5,0.06,"Mytilus edulis","W-Msc-140480"
65,72.5,0.06,"Mytilus edulis","W-Msc-140480"
65.5,72.5,0.04,"Mytilus edulis","W-Msc-140480"
66.5,72.5,0.04,"Mytilus edulis","W-Msc-140480"
67,72.5,0.02,"Mytilus edulis","W-Msc-140480"
67.5,72.5,0.05,"Mytilus edulis","W-Msc-140480"
68,72.5,0.13,"Mytilus edulis","W-Msc-140480"
68.5,72.5,0.15,"Mytilus edulis","W-Msc-140480"
69,72.5,0.17,"Mytilus edulis","W-Msc-140480"
69.5,72.5,0.17,"Mytilus edulis","W-Msc-140480"
70,72.5,0.11,"Mytilus edulis","W-Msc-140480"
70.5,72.5,0.17,"Mytilus edulis","W-Msc-140480"
71,72.5,0.16,"Mytilus edulis","W-Msc-140480"
71.5,72.5,0.13,"Mytilus edulis","W-Msc-140480"
72,72.5,0.16,"Mytilus edulis","W-Msc-140480"
72.5,72.5,0.16,"Mytilus edulis","W-Msc-140480"
73,72.5,0.15,"Mytilus edulis","W-Msc-140480"
73.5,72.5,0.14,"Mytilus edulis","W-Msc-140480"
74,72.5,0.14,"Mytilus edulis","W-Msc-140480"
74.5,72.5,0.15,"Mytilus edulis","W-Msc-140480"
75,72.5,0.15,"Mytilus edulis","W-Msc-140480"
75.5,72.5,0.11,"Mytilus edulis","W-Msc-140480"
76,72.5,0.1,"Mytilus edulis","W-Msc-140480"
76.5,72.5,0.1,"Mytilus edulis","W-Msc-140480"
77,72.5,0.1,"Mytilus edulis","W-Msc-140480"
77.5,72.5,0.14,"Mytilus edulis","W-Msc-140480"
78,72.5,0.15,"Mytilus edulis","W-Msc-140480"
78.5,72.5,0.15,"Mytilus edulis","W-Msc-140480"
79,72.5,0.14,"Mytilus edulis","W-Msc-140480"
79.5,72.5,0.14,"Mytilus edulis","W-Msc-140480"
80,72.5,0.14,"Mytilus edulis","W-Msc-140480"
80.5,72.5,0.14,"Mytilus edulis","W-Msc-140480"
81,72.5,0.1,"Mytilus edulis","W-Msc-140480"
105.5,72.5,0.01,"Mytilus edulis","W-Msc-140480"
106,72.5,0.02,"Mytilus edulis","W-Msc-140480"
106.5,72.5,0.01,"Mytilus edulis","W-Msc-140480"
121,72.5,0.06,"Mytilus edulis","W-Msc-140480"
121.5,72.5,0.06,"Mytilus edulis","W-Msc-140480"
122.5,72.5,0.02,"Mytilus edulis","W-Msc-140480"
123.5,72.5,0.04,"Mytilus edulis","W-Msc-140480"
129,72.5,0.02,"Mytilus edulis","W-Msc-140480"
129.5,72.5,0.05,"Mytilus edulis","W-Msc-140480"
130,72.5,0.13,"Mytilus edulis","W-Msc-140480"
130.5,72.5,0.11,"Mytilus edulis","W-Msc-140480"
131,72.5,0.09,"Mytilus edulis","W-Msc-140480"
131.5,72.5,0.04,"Mytilus edulis","W-Msc-140480"
132,72.5,0.03,"Mytilus edulis","W-Msc-140480"
132.5,72.5,0.03,"Mytilus edulis","W-Msc-140480"
133,72.5,0.02,"Mytilus edulis","W-Msc-140480"
133.5,72.5,0.02,"Mytilus edulis","W-Msc-140480"
134,72.5,0.02,"Mytilus edulis","W-Msc-140480"
134.5,72.5,0.02,"Mytilus edulis","W-Msc-140480"
135,72.5,0.02,"Mytilus edulis","W-Msc-140480"
135.5,72.5,0.02,"Mytilus edulis","W-Msc-140480"
136,72.5,0.02,"Mytilus edulis","W-Msc-140480"
136.5,72.5,0.02,"Mytilus edulis","W-Msc-140480"
137,72.5,0.02,"Mytilus edulis","W-Msc-140480"
137.5,72.5,0.02,"Mytilus edulis","W-Msc-140480"
138,72.5,0.02,"Mytilus edulis","W-Msc-140480"
138.5,72.5,0.02,"Mytilus edulis","W-Msc-140480"
139,72.5,0.02,"Mytilus edulis","W-Msc-140480"
139.5,72.5,0.02,"Mytilus edulis","W-Msc-140480"
140,72.5,0.02,"Mytilus edulis","W-Msc-140480"
140.5,72.5,0.02,"Mytilus edulis","W-Msc-140480"
141,72.5,0.02,"Mytilus edulis","W-Msc-140480"
141.5,72.5,0.02,"Mytilus edulis","W-Msc-140480"
142,72.5,0.02,"Mytilus edulis","W-Msc-140480"
142.5,72.5,0.02,"Mytilus edulis","W-Msc-140480"
143,72.5,0.02,"Mytilus edulis","W-Msc-140480"
143.5,72.5,0.02,"Mytilus edulis","W-Msc-140480"
144,72.5,0.01,"Mytilus edulis","W-Msc-140480"
144.5,72.5,0.01,"Mytilus edulis","W-Msc-140480"
145,72.5,0.01,"Mytilus edulis","W-Msc-140480"
145.5,72.5,0.01,"Mytilus edulis","W-Msc-140480"
146,72.5,0.02,"Mytilus edulis","W-Msc-140480"
146.5,72.5,0.02,"Mytilus edulis","W-Msc-140480"
147,72.5,0.02,"Mytilus edulis","W-Msc-140480"
147.5,72.5,0.02,"Mytilus edulis","W-Msc-140480"
148,72.5,0.03,"Mytilus edulis","W-Msc-140480"
148.5,72.5,0.03,"Mytilus edulis","W-Msc-140480"
149,72.5,0.03,"Mytilus edulis","W-Msc-140480"
149.5,72.5,0.02,"Mytilus edulis","W-Msc-140480"
150,72.5,0.02,"Mytilus edulis","W-Msc-140480"
150.5,72.5,0.02,"Mytilus edulis","W-Msc-140480"
151,72.5,0.01,"Mytilus edulis","W-Msc-140480"
151.5,72.5,0.01,"Mytilus edulis","W-Msc-140480"
152,72.5,0.01,"Mytilus edulis","W-Msc-140480"
170,72.5,0.01,"Mytilus edulis","W-Msc-140480"
170.5,72.5,0.01,"Mytilus edulis","W-Msc-140480"
171,72.5,0.01,"Mytilus edulis","W-Msc-140480"
171.5,72.5,0.01,"Mytilus edulis","W-Msc-140480"
172,72.5,0.01,"Mytilus edulis","W-Msc-140480"
172.5,72.5,0.01,"Mytilus edulis","W-Msc-140480"
173,72.5,0.01,"Mytilus edulis","W-Msc-140480"
173.5,72.5,0.01,"Mytilus edulis","W-Msc-140480"
174,72.5,0.01,"Mytilus edulis","W-Msc-140480"
174.5,72.5,0.01,"Mytilus edulis","W-Msc-140480"
175,72.5,0.01,"Mytilus edulis","W-Msc-140480"
175.5,72.5,0.01,"Mytilus edulis","W-Msc-140480"
176,72.5,0.01,"Mytilus edulis","W-Msc-140480"
176.5,72.5,0.01,"Mytilus edulis","W-Msc-140480"
177,72.5,0.01,"Mytilus edulis","W-Msc-140480"
177.5,72.5,0.01,"Mytilus edulis","W-Msc-140480"
178,72.5,0.01,"Mytilus edulis","W-Msc-140480"
178.5,72.5,0.01,"Mytilus edulis","W-Msc-140480"
179,72.5,0.01,"Mytilus edulis","W-Msc-140480"
179.5,72.5,0.01,"Mytilus edulis","W-Msc-140480"
-179.5,72,0.03,"Mytilus edulis","W-Msc-140480"
-179,72,0.03,"Mytilus edulis","W-Msc-140480"
-178.5,72,0.02,"Mytilus edulis","W-Msc-140480"
-178,72,0.03,"Mytilus edulis","W-Msc-140480"
-177.5,72,0.02,"Mytilus edulis","W-Msc-140480"
-177,72,0.02,"Mytilus edulis","W-Msc-140480"
-176.5,72,0.02,"Mytilus edulis","W-Msc-140480"
-176,72,0.01,"Mytilus edulis","W-Msc-140480"
-175,72,0.03,"Mytilus edulis","W-Msc-140480"
-174.5,72,0.03,"Mytilus edulis","W-Msc-140480"
-174,72,0.02,"Mytilus edulis","W-Msc-140480"
-173.5,72,0.03,"Mytilus edulis","W-Msc-140480"
-173,72,0.04,"Mytilus edulis","W-Msc-140480"
-172.5,72,0.01,"Mytilus edulis","W-Msc-140480"
-172,72,0.01,"Mytilus edulis","W-Msc-140480"
-171.5,72,0.01,"Mytilus edulis","W-Msc-140480"
-171,72,0.01,"Mytilus edulis","W-Msc-140480"
-170.5,72,0.01,"Mytilus edulis","W-Msc-140480"
-170,72,0.01,"Mytilus edulis","W-Msc-140480"
-169.5,72,0.02,"Mytilus edulis","W-Msc-140480"
-169,72,0.02,"Mytilus edulis","W-Msc-140480"
-168.5,72,0.03,"Mytilus edulis","W-Msc-140480"
-168,72,0.03,"Mytilus edulis","W-Msc-140480"
-167.5,72,0.04,"Mytilus edulis","W-Msc-140480"
-167,72,0.05,"Mytilus edulis","W-Msc-140480"
-166.5,72,0.04,"Mytilus edulis","W-Msc-140480"
-166,72,0.04,"Mytilus edulis","W-Msc-140480"
-165.5,72,0.04,"Mytilus edulis","W-Msc-140480"
-165,72,0.05,"Mytilus edulis","W-Msc-140480"
-164.5,72,0.05,"Mytilus edulis","W-Msc-140480"
-164,72,0.04,"Mytilus edulis","W-Msc-140480"
-163.5,72,0.05,"Mytilus edulis","W-Msc-140480"
-163,72,0.06,"Mytilus edulis","W-Msc-140480"
-162.5,72,0.05,"Mytilus edulis","W-Msc-140480"
-162,72,0.05,"Mytilus edulis","W-Msc-140480"
-161.5,72,0.05,"Mytilus edulis","W-Msc-140480"
-161,72,0.05,"Mytilus edulis","W-Msc-140480"
-160.5,72,0.05,"Mytilus edulis","W-Msc-140480"
-160,72,0.04,"Mytilus edulis","W-Msc-140480"
-159.5,72,0.03,"Mytilus edulis","W-Msc-140480"
-159,72,0.02,"Mytilus edulis","W-Msc-140480"
-158.5,72,0.01,"Mytilus edulis","W-Msc-140480"
-158,72,0.01,"Mytilus edulis","W-Msc-140480"
-127,72,0.06,"Mytilus edulis","W-Msc-140480"
-126.5,72,0.07,"Mytilus edulis","W-Msc-140480"
-126,72,0.09,"Mytilus edulis","W-Msc-140480"
-125.5,72,0.1,"Mytilus edulis","W-Msc-140480"
-125,72,0.07,"Mytilus edulis","W-Msc-140480"
-120,72,0.04,"Mytilus edulis","W-Msc-140480"
-119.5,72,0.04,"Mytilus edulis","W-Msc-140480"
-119,72,0.04,"Mytilus edulis","W-Msc-140480"
-118.5,72,0.04,"Mytilus edulis","W-Msc-140480"
-118,72,0.04,"Mytilus edulis","W-Msc-140480"
-111,72,0.01,"Mytilus edulis","W-Msc-140480"
-110.5,72,0.01,"Mytilus edulis","W-Msc-140480"
-108.5,72,0.01,"Mytilus edulis","W-Msc-140480"
-108,72,0.01,"Mytilus edulis","W-Msc-140480"
-107.5,72,0.02,"Mytilus edulis","W-Msc-140480"
-107,72,0.02,"Mytilus edulis","W-Msc-140480"
-105,72,0.01,"Mytilus edulis","W-Msc-140480"
-104.5,72,0.01,"Mytilus edulis","W-Msc-140480"
-102,72,0.01,"Mytilus edulis","W-Msc-140480"
-101.5,72,0.02,"Mytilus edulis","W-Msc-140480"
-101,72,0.03,"Mytilus edulis","W-Msc-140480"
-100.5,72,0.01,"Mytilus edulis","W-Msc-140480"
-100,72,0.01,"Mytilus edulis","W-Msc-140480"
-96.5,72,0.03,"Mytilus edulis","W-Msc-140480"
-96,72,0.03,"Mytilus edulis","W-Msc-140480"
-95,72,0.04,"Mytilus edulis","W-Msc-140480"
-94,72,0.03,"Mytilus edulis","W-Msc-140480"
-93.5,72,0.02,"Mytilus edulis","W-Msc-140480"
-93,72,0.02,"Mytilus edulis","W-Msc-140480"
-90,72,0.02,"Mytilus edulis","W-Msc-140480"
-89.5,72,0.02,"Mytilus edulis","W-Msc-140480"
-86,72,0.04,"Mytilus edulis","W-Msc-140480"
-85.5,72,0.05,"Mytilus edulis","W-Msc-140480"
-85,72,0.07,"Mytilus edulis","W-Msc-140480"
-84.5,72,0.05,"Mytilus edulis","W-Msc-140480"
-80.5,72,0.05,"Mytilus edulis","W-Msc-140480"
-80,72,0.05,"Mytilus edulis","W-Msc-140480"
-79.5,72,0.05,"Mytilus edulis","W-Msc-140480"
-79,72,0.06,"Mytilus edulis","W-Msc-140480"
-78.5,72,0.06,"Mytilus edulis","W-Msc-140480"
-78,72,0.07,"Mytilus edulis","W-Msc-140480"
-75.5,72,0.01,"Mytilus edulis","W-Msc-140480"
-75,72,0.08,"Mytilus edulis","W-Msc-140480"
-74.5,72,0.08,"Mytilus edulis","W-Msc-140480"
-74,72,0.07,"Mytilus edulis","W-Msc-140480"
-56,72,0.26,"Mytilus edulis","W-Msc-140480"
-55.5,72,0.25,"Mytilus edulis","W-Msc-140480"
-55,72,0.23,"Mytilus edulis","W-Msc-140480"
-28.5,72,0.07,"Mytilus edulis","W-Msc-140480"
-28,72,0.08,"Mytilus edulis","W-Msc-140480"
-25,72,0.08,"Mytilus edulis","W-Msc-140480"
-24.5,72,0.08,"Mytilus edulis","W-Msc-140480"
-24,72,0.06,"Mytilus edulis","W-Msc-140480"
-23.5,72,0.06,"Mytilus edulis","W-Msc-140480"
-23,72,0.06,"Mytilus edulis","W-Msc-140480"
-22.5,72,0.06,"Mytilus edulis","W-Msc-140480"
-22,72,0.06,"Mytilus edulis","W-Msc-140480"
-21.5,72,0.06,"Mytilus edulis","W-Msc-140480"
51.5,72,0.48,"Mytilus edulis","W-Msc-140480"
52,72,0.45,"Mytilus edulis","W-Msc-140480"
52.5,72,0.43,"Mytilus edulis","W-Msc-140480"
53,72,0.41,"Mytilus edulis","W-Msc-140480"
55.5,72,0.18,"Mytilus edulis","W-Msc-140480"
56,72,0.18,"Mytilus edulis","W-Msc-140480"
63.5,72,0.02,"Mytilus edulis","W-Msc-140480"
68,72,0.16,"Mytilus edulis","W-Msc-140480"
68.5,72,0.19,"Mytilus edulis","W-Msc-140480"
69,72,0.2,"Mytilus edulis","W-Msc-140480"
73,72,0.15,"Mytilus edulis","W-Msc-140480"
73.5,72,0.15,"Mytilus edulis","W-Msc-140480"
74,72,0.15,"Mytilus edulis","W-Msc-140480"
74.5,72,0.15,"Mytilus edulis","W-Msc-140480"
75,72,0.17,"Mytilus edulis","W-Msc-140480"
75.5,72,0.13,"Mytilus edulis","W-Msc-140480"
76,72,0.08,"Mytilus edulis","W-Msc-140480"
76.5,72,0.07,"Mytilus edulis","W-Msc-140480"
77,72,0.07,"Mytilus edulis","W-Msc-140480"
77.5,72,0.07,"Mytilus edulis","W-Msc-140480"
78,72,0.16,"Mytilus edulis","W-Msc-140480"
78.5,72,0.11,"Mytilus edulis","W-Msc-140480"
79,72,0.05,"Mytilus edulis","W-Msc-140480"
79.5,72,0.13,"Mytilus edulis","W-Msc-140480"
80,72,0.16,"Mytilus edulis","W-Msc-140480"
80.5,72,0.13,"Mytilus edulis","W-Msc-140480"
81,72,0.15,"Mytilus edulis","W-Msc-140480"
81.5,72,0.1,"Mytilus edulis","W-Msc-140480"
82,72,0.05,"Mytilus edulis","W-Msc-140480"
82.5,72,0.06,"Mytilus edulis","W-Msc-140480"
128.5,72,0.04,"Mytilus edulis","W-Msc-140480"
129,72,0.02,"Mytilus edulis","W-Msc-140480"
129.5,72,0.07,"Mytilus edulis","W-Msc-140480"
130,72,0.14,"Mytilus edulis","W-Msc-140480"
130.5,72,0.11,"Mytilus edulis","W-Msc-140480"
131,72,0.07,"Mytilus edulis","W-Msc-140480"
131.5,72,0.04,"Mytilus edulis","W-Msc-140480"
132,72,0.03,"Mytilus edulis","W-Msc-140480"
132.5,72,0.03,"Mytilus edulis","W-Msc-140480"
133,72,0.03,"Mytilus edulis","W-Msc-140480"
133.5,72,0.02,"Mytilus edulis","W-Msc-140480"
134,72,0.02,"Mytilus edulis","W-Msc-140480"
134.5,72,0.02,"Mytilus edulis","W-Msc-140480"
135,72,0.02,"Mytilus edulis","W-Msc-140480"
135.5,72,0.02,"Mytilus edulis","W-Msc-140480"
136,72,0.02,"Mytilus edulis","W-Msc-140480"
136.5,72,0.02,"Mytilus edulis","W-Msc-140480"
137,72,0.02,"Mytilus edulis","W-Msc-140480"
137.5,72,0.02,"Mytilus edulis","W-Msc-140480"
138,72,0.03,"Mytilus edulis","W-Msc-140480"
138.5,72,0.03,"Mytilus edulis","W-Msc-140480"
139,72,0.03,"Mytilus edulis","W-Msc-140480"
139.5,72,0.03,"Mytilus edulis","W-Msc-140480"
140,72,0.03,"Mytilus edulis","W-Msc-140480"
140.5,72,0.02,"Mytilus edulis","W-Msc-140480"
144.5,72,0.01,"Mytilus edulis","W-Msc-140480"
145,72,0.02,"Mytilus edulis","W-Msc-140480"
145.5,72,0.03,"Mytilus edulis","W-Msc-140480"
146,72,0.02,"Mytilus edulis","W-Msc-140480"
146.5,72,0.03,"Mytilus edulis","W-Msc-140480"
147,72,0.02,"Mytilus edulis","W-Msc-140480"
147.5,72,0.03,"Mytilus edulis","W-Msc-140480"
148,72,0.05,"Mytilus edulis","W-Msc-140480"
148.5,72,0.05,"Mytilus edulis","W-Msc-140480"
149,72,0.06,"Mytilus edulis","W-Msc-140480"
149.5,72,0.06,"Mytilus edulis","W-Msc-140480"
150,72,0.06,"Mytilus edulis","W-Msc-140480"
150.5,72,0.05,"Mytilus edulis","W-Msc-140480"
151,72,0.05,"Mytilus edulis","W-Msc-140480"
151.5,72,0.04,"Mytilus edulis","W-Msc-140480"
152,72,0.02,"Mytilus edulis","W-Msc-140480"
152.5,72,0.01,"Mytilus edulis","W-Msc-140480"
153,72,0.01,"Mytilus edulis","W-Msc-140480"
168.5,72,0.01,"Mytilus edulis","W-Msc-140480"
169,72,0.01,"Mytilus edulis","W-Msc-140480"
169.5,72,0.01,"Mytilus edulis","W-Msc-140480"
170,72,0.01,"Mytilus edulis","W-Msc-140480"
170.5,72,0.01,"Mytilus edulis","W-Msc-140480"
171,72,0.01,"Mytilus edulis","W-Msc-140480"
171.5,72,0.01,"Mytilus edulis","W-Msc-140480"
172,72,0.01,"Mytilus edulis","W-Msc-140480"
172.5,72,0.01,"Mytilus edulis","W-Msc-140480"
173,72,0.02,"Mytilus edulis","W-Msc-140480"
173.5,72,0.02,"Mytilus edulis","W-Msc-140480"
174,72,0.02,"Mytilus edulis","W-Msc-140480"
174.5,72,0.02,"Mytilus edulis","W-Msc-140480"
175,72,0.02,"Mytilus edulis","W-Msc-140480"
175.5,72,0.03,"Mytilus edulis","W-Msc-140480"
176,72,0.02,"Mytilus edulis","W-Msc-140480"
176.5,72,0.03,"Mytilus edulis","W-Msc-140480"
177,72,0.03,"Mytilus edulis","W-Msc-140480"
177.5,72,0.03,"Mytilus edulis","W-Msc-140480"
178,72,0.03,"Mytilus edulis","W-Msc-140480"
178.5,72,0.03,"Mytilus edulis","W-Msc-140480"
179,72,0.03,"Mytilus edulis","W-Msc-140480"
179.5,72,0.03,"Mytilus edulis","W-Msc-140480"
-179.5,71.5,0.06,"Mytilus edulis","W-Msc-140480"
-179,71.5,0.06,"Mytilus edulis","W-Msc-140480"
-178.5,71.5,0.05,"Mytilus edulis","W-Msc-140480"
-178,71.5,0.05,"Mytilus edulis","W-Msc-140480"
-177.5,71.5,0.05,"Mytilus edulis","W-Msc-140480"
-177,71.5,0.05,"Mytilus edulis","W-Msc-140480"
-176.5,71.5,0.05,"Mytilus edulis","W-Msc-140480"
-176,71.5,0.06,"Mytilus edulis","W-Msc-140480"
-175.5,71.5,0.07,"Mytilus edulis","W-Msc-140480"
-175,71.5,0.04,"Mytilus edulis","W-Msc-140480"
-174.5,71.5,0.02,"Mytilus edulis","W-Msc-140480"
-174,71.5,0.04,"Mytilus edulis","W-Msc-140480"
-173.5,71.5,0.04,"Mytilus edulis","W-Msc-140480"
-173,71.5,0.03,"Mytilus edulis","W-Msc-140480"
-172.5,71.5,0.04,"Mytilus edulis","W-Msc-140480"
-172,71.5,0.03,"Mytilus edulis","W-Msc-140480"
-171.5,71.5,0.03,"Mytilus edulis","W-Msc-140480"
-171,71.5,0.03,"Mytilus edulis","W-Msc-140480"
-170.5,71.5,0.03,"Mytilus edulis","W-Msc-140480"
-170,71.5,0.02,"Mytilus edulis","W-Msc-140480"
-169.5,71.5,0.03,"Mytilus edulis","W-Msc-140480"
-169,71.5,0.04,"Mytilus edulis","W-Msc-140480"
-168.5,71.5,0.05,"Mytilus edulis","W-Msc-140480"
-168,71.5,0.04,"Mytilus edulis","W-Msc-140480"
-167.5,71.5,0.05,"Mytilus edulis","W-Msc-140480"
-167,71.5,0.06,"Mytilus edulis","W-Msc-140480"
-166.5,71.5,0.06,"Mytilus edulis","W-Msc-140480"
-166,71.5,0.06,"Mytilus edulis","W-Msc-140480"
-165.5,71.5,0.09,"Mytilus edulis","W-Msc-140480"
-165,71.5,0.08,"Mytilus edulis","W-Msc-140480"
-164.5,71.5,0.08,"Mytilus edulis","W-Msc-140480"
-164,71.5,0.06,"Mytilus edulis","W-Msc-140480"
-163.5,71.5,0.05,"Mytilus edulis","W-Msc-140480"
-163,71.5,0.05,"Mytilus edulis","W-Msc-140480"
-162.5,71.5,0.05,"Mytilus edulis","W-Msc-140480"
-162,71.5,0.06,"Mytilus edulis","W-Msc-140480"
-161.5,71.5,0.06,"Mytilus edulis","W-Msc-140480"
-161,71.5,0.05,"Mytilus edulis","W-Msc-140480"
-160.5,71.5,0.04,"Mytilus edulis","W-Msc-140480"
-160,71.5,0.04,"Mytilus edulis","W-Msc-140480"
-159.5,71.5,0.04,"Mytilus edulis","W-Msc-140480"
-159,71.5,0.03,"Mytilus edulis","W-Msc-140480"
-158.5,71.5,0.02,"Mytilus edulis","W-Msc-140480"
-158,71.5,0.01,"Mytilus edulis","W-Msc-140480"
-155.5,71.5,0.05,"Mytilus edulis","W-Msc-140480"
-155,71.5,0.06,"Mytilus edulis","W-Msc-140480"
-154.5,71.5,0.06,"Mytilus edulis","W-Msc-140480"
-154,71.5,0.04,"Mytilus edulis","W-Msc-140480"
-153.5,71.5,0.03,"Mytilus edulis","W-Msc-140480"
-153,71.5,0.02,"Mytilus edulis","W-Msc-140480"
-126,71.5,0.08,"Mytilus edulis","W-Msc-140480"
-125.5,71.5,0.09,"Mytilus edulis","W-Msc-140480"
-125,71.5,0.11,"Mytilus edulis","W-Msc-140480"
-124.5,71.5,0.13,"Mytilus edulis","W-Msc-140480"
-124,71.5,0.12,"Mytilus edulis","W-Msc-140480"
-123.5,71.5,0.11,"Mytilus edulis","W-Msc-140480"
-120.5,71.5,0.06,"Mytilus edulis","W-Msc-140480"
-120,71.5,0.05,"Mytilus edulis","W-Msc-140480"
-119,71.5,0.04,"Mytilus edulis","W-Msc-140480"
-118.5,71.5,0.05,"Mytilus edulis","W-Msc-140480"
-118,71.5,0.05,"Mytilus edulis","W-Msc-140480"
-117.5,71.5,0.05,"Mytilus edulis","W-Msc-140480"
-116.5,71.5,0.04,"Mytilus edulis","W-Msc-140480"
-116,71.5,0.04,"Mytilus edulis","W-Msc-140480"
-115.5,71.5,0.03,"Mytilus edulis","W-Msc-140480"
-108,71.5,0.02,"Mytilus edulis","W-Msc-140480"
-107.5,71.5,0.02,"Mytilus edulis","W-Msc-140480"
-107,71.5,0.02,"Mytilus edulis","W-Msc-140480"
-104.5,71.5,0.01,"Mytilus edulis","W-Msc-140480"
-104,71.5,0.01,"Mytilus edulis","W-Msc-140480"
-100.5,71.5,0.01,"Mytilus edulis","W-Msc-140480"
-100,71.5,0.02,"Mytilus edulis","W-Msc-140480"
-99.5,71.5,0.02,"Mytilus edulis","W-Msc-140480"
-99,71.5,0.02,"Mytilus edulis","W-Msc-140480"
-98,71.5,0.02,"Mytilus edulis","W-Msc-140480"
-97.5,71.5,0.02,"Mytilus edulis","W-Msc-140480"
-97,71.5,0.02,"Mytilus edulis","W-Msc-140480"
-96.5,71.5,0.02,"Mytilus edulis","W-Msc-140480"
-96,71.5,0.02,"Mytilus edulis","W-Msc-140480"
-95.5,71.5,0.02,"Mytilus edulis","W-Msc-140480"
-95,71.5,0.03,"Mytilus edulis","W-Msc-140480"
-94.5,71.5,0.01,"Mytilus edulis","W-Msc-140480"
-94,71.5,0.02,"Mytilus edulis","W-Msc-140480"
-93.5,71.5,0.02,"Mytilus edulis","W-Msc-140480"
-93,71.5,0.01,"Mytilus edulis","W-Msc-140480"
-90,71.5,0.02,"Mytilus edulis","W-Msc-140480"
-89.5,71.5,0.02,"Mytilus edulis","W-Msc-140480"
-86,71.5,0.04,"Mytilus edulis","W-Msc-140480"
-85.5,71.5,0.04,"Mytilus edulis","W-Msc-140480"
-85,71.5,0.05,"Mytilus edulis","W-Msc-140480"
-84.5,71.5,0.05,"Mytilus edulis","W-Msc-140480"
-74.5,71.5,0.08,"Mytilus edulis","W-Msc-140480"
-74,71.5,0.08,"Mytilus edulis","W-Msc-140480"
-73.5,71.5,0.07,"Mytilus edulis","W-Msc-140480"
-73,71.5,0.06,"Mytilus edulis","W-Msc-140480"
-72.5,71.5,0.07,"Mytilus edulis","W-Msc-140480"
-72,71.5,0.07,"Mytilus edulis","W-Msc-140480"
-71.5,71.5,0.07,"Mytilus edulis","W-Msc-140480"
-71,71.5,0.01,"Mytilus edulis","W-Msc-140480"
-55.5,71.5,0.25,"Mytilus edulis","W-Msc-140480"
-54,71.5,0.27,"Mytilus edulis","W-Msc-140480"
-53.5,71.5,0.26,"Mytilus edulis","W-Msc-140480"
-53,71.5,0.25,"Mytilus edulis","W-Msc-140480"
-52.5,71.5,0.23,"Mytilus edulis","W-Msc-140480"
-52,71.5,0.22,"Mytilus edulis","W-Msc-140480"
-51.5,71.5,0.21,"Mytilus edulis","W-Msc-140480"
-51,71.5,0.2,"Mytilus edulis","W-Msc-140480"
-28.5,71.5,0.08,"Mytilus edulis","W-Msc-140480"
-28,71.5,0.08,"Mytilus edulis","W-Msc-140480"
-27.5,71.5,0.09,"Mytilus edulis","W-Msc-140480"
-27,71.5,0.08,"Mytilus edulis","W-Msc-140480"
-26.5,71.5,0.08,"Mytilus edulis","W-Msc-140480"
-26,71.5,0.09,"Mytilus edulis","W-Msc-140480"
-25.5,71.5,0.09,"Mytilus edulis","W-Msc-140480"
-23,71.5,0.06,"Mytilus edulis","W-Msc-140480"
-22.5,71.5,0.06,"Mytilus edulis","W-Msc-140480"
-22,71.5,0.06,"Mytilus edulis","W-Msc-140480"
-21.5,71.5,0.06,"Mytilus edulis","W-Msc-140480"
46,71.5,0.38,"Mytilus edulis","W-Msc-140480"
46.5,71.5,0.12,"Mytilus edulis","W-Msc-140480"
47,71.5,0.26,"Mytilus edulis","W-Msc-140480"
47.5,71.5,0.28,"Mytilus edulis","W-Msc-140480"
48,71.5,0.02,"Mytilus edulis","W-Msc-140480"
51,71.5,0.1,"Mytilus edulis","W-Msc-140480"
51.5,71.5,0.46,"Mytilus edulis","W-Msc-140480"
52,71.5,0.44,"Mytilus edulis","W-Msc-140480"
52.5,71.5,0.41,"Mytilus edulis","W-Msc-140480"
53,71.5,0.39,"Mytilus edulis","W-Msc-140480"
53.5,71.5,0.06,"Mytilus edulis","W-Msc-140480"
55.5,71.5,0.21,"Mytilus edulis","W-Msc-140480"
56,71.5,0.18,"Mytilus edulis","W-Msc-140480"
56.5,71.5,0.15,"Mytilus edulis","W-Msc-140480"
61,71.5,0.03,"Mytilus edulis","W-Msc-140480"
62.5,71.5,0.09,"Mytilus edulis","W-Msc-140480"
63,71.5,0.08,"Mytilus edulis","W-Msc-140480"
66.5,71.5,0.13,"Mytilus edulis","W-Msc-140480"
67,71.5,0.18,"Mytilus edulis","W-Msc-140480"
67.5,71.5,0.2,"Mytilus edulis","W-Msc-140480"
68,71.5,0.21,"Mytilus edulis","W-Msc-140480"
68.5,71.5,0.21,"Mytilus edulis","W-Msc-140480"
69,71.5,0.1,"Mytilus edulis","W-Msc-140480"
72,71.5,0.12,"Mytilus edulis","W-Msc-140480"
72.5,71.5,0.13,"Mytilus edulis","W-Msc-140480"
73,71.5,0.15,"Mytilus edulis","W-Msc-140480"
73.5,71.5,0.15,"Mytilus edulis","W-Msc-140480"
74,71.5,0.16,"Mytilus edulis","W-Msc-140480"
74.5,71.5,0.16,"Mytilus edulis","W-Msc-140480"
75.5,71.5,0.06,"Mytilus edulis","W-Msc-140480"
76,71.5,0.05,"Mytilus edulis","W-Msc-140480"
76.5,71.5,0.08,"Mytilus edulis","W-Msc-140480"
77.5,71.5,0.06,"Mytilus edulis","W-Msc-140480"
78,71.5,0.08,"Mytilus edulis","W-Msc-140480"
78.5,71.5,0.12,"Mytilus edulis","W-Msc-140480"
81,71.5,0.03,"Mytilus edulis","W-Msc-140480"
81.5,71.5,0.06,"Mytilus edulis","W-Msc-140480"
82,71.5,0.13,"Mytilus edulis","W-Msc-140480"
82.5,71.5,0.2,"Mytilus edulis","W-Msc-140480"
83,71.5,0.07,"Mytilus edulis","W-Msc-140480"
83.5,71.5,0.19,"Mytilus edulis","W-Msc-140480"
84,71.5,0.12,"Mytilus edulis","W-Msc-140480"
129,71.5,0.07,"Mytilus edulis","W-Msc-140480"
129.5,71.5,0.14,"Mytilus edulis","W-Msc-140480"
130,71.5,0.12,"Mytilus edulis","W-Msc-140480"
130.5,71.5,0.1,"Mytilus edulis","W-Msc-140480"
131,71.5,0.05,"Mytilus edulis","W-Msc-140480"
131.5,71.5,0.04,"Mytilus edulis","W-Msc-140480"
132,71.5,0.04,"Mytilus edulis","W-Msc-140480"
132.5,71.5,0.04,"Mytilus edulis","W-Msc-140480"
133,71.5,0.04,"Mytilus edulis","W-Msc-140480"
133.5,71.5,0.05,"Mytilus edulis","W-Msc-140480"
134,71.5,0.05,"Mytilus edulis","W-Msc-140480"
134.5,71.5,0.05,"Mytilus edulis","W-Msc-140480"
135,71.5,0.07,"Mytilus edulis","W-Msc-140480"
135.5,71.5,0.09,"Mytilus edulis","W-Msc-140480"
136,71.5,0.1,"Mytilus edulis","W-Msc-140480"
136.5,71.5,0.1,"Mytilus edulis","W-Msc-140480"
137,71.5,0.08,"Mytilus edulis","W-Msc-140480"
137.5,71.5,0.05,"Mytilus edulis","W-Msc-140480"
138,71.5,0.05,"Mytilus edulis","W-Msc-140480"
138.5,71.5,0.04,"Mytilus edulis","W-Msc-140480"
139,71.5,0.04,"Mytilus edulis","W-Msc-140480"
139.5,71.5,0.03,"Mytilus edulis","W-Msc-140480"
140,71.5,0.04,"Mytilus edulis","W-Msc-140480"
145.5,71.5,0.03,"Mytilus edulis","W-Msc-140480"
146,71.5,0.03,"Mytilus edulis","W-Msc-140480"
146.5,71.5,0.05,"Mytilus edulis","W-Msc-140480"
149.5,71.5,0.04,"Mytilus edulis","W-Msc-140480"
150,71.5,0.03,"Mytilus edulis","W-Msc-140480"
150.5,71.5,0.05,"Mytilus edulis","W-Msc-140480"
151,71.5,0.07,"Mytilus edulis","W-Msc-140480"
151.5,71.5,0.06,"Mytilus edulis","W-Msc-140480"
152,71.5,0.05,"Mytilus edulis","W-Msc-140480"
152.5,71.5,0.04,"Mytilus edulis","W-Msc-140480"
153,71.5,0.02,"Mytilus edulis","W-Msc-140480"
153.5,71.5,0.01,"Mytilus edulis","W-Msc-140480"
154,71.5,0.01,"Mytilus edulis","W-Msc-140480"
154.5,71.5,0.01,"Mytilus edulis","W-Msc-140480"
155,71.5,0.01,"Mytilus edulis","W-Msc-140480"
155.5,71.5,0.01,"Mytilus edulis","W-Msc-140480"
156,71.5,0.01,"Mytilus edulis","W-Msc-140480"
156.5,71.5,0.01,"Mytilus edulis","W-Msc-140480"
157,71.5,0.01,"Mytilus edulis","W-Msc-140480"
157.5,71.5,0.01,"Mytilus edulis","W-Msc-140480"
158,71.5,0.01,"Mytilus edulis","W-Msc-140480"
158.5,71.5,0.01,"Mytilus edulis","W-Msc-140480"
159,71.5,0.01,"Mytilus edulis","W-Msc-140480"
159.5,71.5,0.01,"Mytilus edulis","W-Msc-140480"
160,71.5,0.01,"Mytilus edulis","W-Msc-140480"
160.5,71.5,0.01,"Mytilus edulis","W-Msc-140480"
167.5,71.5,0.01,"Mytilus edulis","W-Msc-140480"
168,71.5,0.01,"Mytilus edulis","W-Msc-140480"
168.5,71.5,0.01,"Mytilus edulis","W-Msc-140480"
169,71.5,0.01,"Mytilus edulis","W-Msc-140480"
169.5,71.5,0.01,"Mytilus edulis","W-Msc-140480"
170,71.5,0.02,"Mytilus edulis","W-Msc-140480"
170.5,71.5,0.02,"Mytilus edulis","W-Msc-140480"
171,71.5,0.02,"Mytilus edulis","W-Msc-140480"
171.5,71.5,0.02,"Mytilus edulis","W-Msc-140480"
172,71.5,0.02,"Mytilus edulis","W-Msc-140480"
172.5,71.5,0.02,"Mytilus edulis","W-Msc-140480"
173,71.5,0.03,"Mytilus edulis","W-Msc-140480"
173.5,71.5,0.03,"Mytilus edulis","W-Msc-140480"
174,71.5,0.03,"Mytilus edulis","W-Msc-140480"
174.5,71.5,0.03,"Mytilus edulis","W-Msc-140480"
175,71.5,0.03,"Mytilus edulis","W-Msc-140480"
175.5,71.5,0.04,"Mytilus edulis","W-Msc-140480"
176,71.5,0.04,"Mytilus edulis","W-Msc-140480"
176.5,71.5,0.04,"Mytilus edulis","W-Msc-140480"
177,71.5,0.04,"Mytilus edulis","W-Msc-140480"
177.5,71.5,0.04,"Mytilus edulis","W-Msc-140480"
178,71.5,0.05,"Mytilus edulis","W-Msc-140480"
178.5,71.5,0.05,"Mytilus edulis","W-Msc-140480"
179,71.5,0.05,"Mytilus edulis","W-Msc-140480"
179.5,71.5,0.06,"Mytilus edulis","W-Msc-140480"
-178,71,0.06,"Mytilus edulis","W-Msc-140480"
-177.5,71,0.06,"Mytilus edulis","W-Msc-140480"
-177,71,0.06,"Mytilus edulis","W-Msc-140480"
-176.5,71,0.06,"Mytilus edulis","W-Msc-140480"
-176,71,0.07,"Mytilus edulis","W-Msc-140480"
-175.5,71,0.08,"Mytilus edulis","W-Msc-140480"
-175,71,0.09,"Mytilus edulis","W-Msc-140480"
-174,71,0.12,"Mytilus edulis","W-Msc-140480"
-173.5,71,0.1,"Mytilus edulis","W-Msc-140480"
-173,71,0.1,"Mytilus edulis","W-Msc-140480"
-172.5,71,0.08,"Mytilus edulis","W-Msc-140480"
-172,71,0.07,"Mytilus edulis","W-Msc-140480"
-171.5,71,0.07,"Mytilus edulis","W-Msc-140480"
-171,71,0.07,"Mytilus edulis","W-Msc-140480"
-170.5,71,0.07,"Mytilus edulis","W-Msc-140480"
-170,71,0.07,"Mytilus edulis","W-Msc-140480"
-169.5,71,0.07,"Mytilus edulis","W-Msc-140480"
-169,71,0.07,"Mytilus edulis","W-Msc-140480"
-168.5,71,0.08,"Mytilus edulis","W-Msc-140480"
-168,71,0.09,"Mytilus edulis","W-Msc-140480"
-167.5,71,0.08,"Mytilus edulis","W-Msc-140480"
-167,71,0.08,"Mytilus edulis","W-Msc-140480"
-166.5,71,0.08,"Mytilus edulis","W-Msc-140480"
-166,71,0.09,"Mytilus edulis","W-Msc-140480"
-165.5,71,0.1,"Mytilus edulis","W-Msc-140480"
-165,71,0.09,"Mytilus edulis","W-Msc-140480"
-164.5,71,0.09,"Mytilus edulis","W-Msc-140480"
-164,71,0.07,"Mytilus edulis","W-Msc-140480"
-163.5,71,0.06,"Mytilus edulis","W-Msc-140480"
-163,71,0.06,"Mytilus edulis","W-Msc-140480"
-162.5,71,0.06,"Mytilus edulis","W-Msc-140480"
-162,71,0.06,"Mytilus edulis","W-Msc-140480"
-161.5,71,0.06,"Mytilus edulis","W-Msc-140480"
-161,71,0.05,"Mytilus edulis","W-Msc-140480"
-160.5,71,0.05,"Mytilus edulis","W-Msc-140480"
-160,71,0.04,"Mytilus edulis","W-Msc-140480"
-159.5,71,0.04,"Mytilus edulis","W-Msc-140480"
-159,71,0.06,"Mytilus edulis","W-Msc-140480"
-158.5,71,0.08,"Mytilus edulis","W-Msc-140480"
-158,71,0.08,"Mytilus edulis","W-Msc-140480"
-157.5,71,0.08,"Mytilus edulis","W-Msc-140480"
-157,71,0.09,"Mytilus edulis","W-Msc-140480"
-156.5,71,0.08,"Mytilus edulis","W-Msc-140480"
-156,71,0.07,"Mytilus edulis","W-Msc-140480"
-155.5,71,0.06,"Mytilus edulis","W-Msc-140480"
-155,71,0.06,"Mytilus edulis","W-Msc-140480"
-154.5,71,0.06,"Mytilus edulis","W-Msc-140480"
-154,71,0.06,"Mytilus edulis","W-Msc-140480"
-153.5,71,0.06,"Mytilus edulis","W-Msc-140480"
-153,71,0.06,"Mytilus edulis","W-Msc-140480"
-152.5,71,0.05,"Mytilus edulis","W-Msc-140480"
-152,71,0.05,"Mytilus edulis","W-Msc-140480"
-151.5,71,0.05,"Mytilus edulis","W-Msc-140480"
-151,71,0.05,"Mytilus edulis","W-Msc-140480"
-150.5,71,0.05,"Mytilus edulis","W-Msc-140480"
-150,71,0.05,"Mytilus edulis","W-Msc-140480"
-149.5,71,0.05,"Mytilus edulis","W-Msc-140480"
-149,71,0.05,"Mytilus edulis","W-Msc-140480"
-148.5,71,0.04,"Mytilus edulis","W-Msc-140480"
-148,71,0.02,"Mytilus edulis","W-Msc-140480"
-147.5,71,0.02,"Mytilus edulis","W-Msc-140480"
-131.5,71,0.01,"Mytilus edulis","W-Msc-140480"
-131,71,0.01,"Mytilus edulis","W-Msc-140480"
-130.5,71,0.04,"Mytilus edulis","W-Msc-140480"
-130,71,0.06,"Mytilus edulis","W-Msc-140480"
-129.5,71,0.08,"Mytilus edulis","W-Msc-140480"
-129,71,0.09,"Mytilus edulis","W-Msc-140480"
-128.5,71,0.09,"Mytilus edulis","W-Msc-140480"
-128,71,0.07,"Mytilus edulis","W-Msc-140480"
-123.5,71,0.11,"Mytilus edulis","W-Msc-140480"
-123,71,0.1,"Mytilus edulis","W-Msc-140480"
-122.5,71,0.1,"Mytilus edulis","W-Msc-140480"
-122,71,0.1,"Mytilus edulis","W-Msc-140480"
-121.5,71,0.09,"Mytilus edulis","W-Msc-140480"
-121,71,0.07,"Mytilus edulis","W-Msc-140480"
-120.5,71,0.06,"Mytilus edulis","W-Msc-140480"
-118.5,71,0.01,"Mytilus edulis","W-Msc-140480"
-118,71,0.06,"Mytilus edulis","W-Msc-140480"
-117.5,71,0.06,"Mytilus edulis","W-Msc-140480"
-117,71,0.05,"Mytilus edulis","W-Msc-140480"
-116.5,71,0.04,"Mytilus edulis","W-Msc-140480"
-116,71,0.04,"Mytilus edulis","W-Msc-140480"
-104.5,71,0.01,"Mytilus edulis","W-Msc-140480"
-104,71,0.01,"Mytilus edulis","W-Msc-140480"
-103.5,71,0.01,"Mytilus edulis","W-Msc-140480"
-103,71,0.01,"Mytilus edulis","W-Msc-140480"
-99.5,71,0.01,"Mytilus edulis","W-Msc-140480"
-99,71,0.02,"Mytilus edulis","W-Msc-140480"
-98.5,71,0.02,"Mytilus edulis","W-Msc-140480"
-98,71,0.03,"Mytilus edulis","W-Msc-140480"
-97.5,71,0.02,"Mytilus edulis","W-Msc-140480"
-96.5,71,0.02,"Mytilus edulis","W-Msc-140480"
-96,71,0.02,"Mytilus edulis","W-Msc-140480"
-95.5,71,0.03,"Mytilus edulis","W-Msc-140480"
-93,71,0.02,"Mytilus edulis","W-Msc-140480"
-92.5,71,0.01,"Mytilus edulis","W-Msc-140480"
-90,71,0.01,"Mytilus edulis","W-Msc-140480"
-89.5,71,0.02,"Mytilus edulis","W-Msc-140480"
-89,71,0.02,"Mytilus edulis","W-Msc-140480"
-88.5,71,0.02,"Mytilus edulis","W-Msc-140480"
-88,71,0.02,"Mytilus edulis","W-Msc-140480"
-87.5,71,0.03,"Mytilus edulis","W-Msc-140480"
-87,71,0.03,"Mytilus edulis","W-Msc-140480"
-86.5,71,0.03,"Mytilus edulis","W-Msc-140480"
-86,71,0.04,"Mytilus edulis","W-Msc-140480"
-85.5,71,0.04,"Mytilus edulis","W-Msc-140480"
-85,71,0.05,"Mytilus edulis","W-Msc-140480"
-84.5,71,0.05,"Mytilus edulis","W-Msc-140480"
-73.5,71,0.07,"Mytilus edulis","W-Msc-140480"
-73,71,0.07,"Mytilus edulis","W-Msc-140480"
-72,71,0.08,"Mytilus edulis","W-Msc-140480"
-71.5,71,0.08,"Mytilus edulis","W-Msc-140480"
-71,71,0.09,"Mytilus edulis","W-Msc-140480"
-70.5,71,0.08,"Mytilus edulis","W-Msc-140480"
-70,71,0.07,"Mytilus edulis","W-Msc-140480"
-69.5,71,0.05,"Mytilus edulis","W-Msc-140480"
-55.5,71,0.3,"Mytilus edulis","W-Msc-140480"
-55,71,0.31,"Mytilus edulis","W-Msc-140480"
-54.5,71,0.33,"Mytilus edulis","W-Msc-140480"
-54,71,0.33,"Mytilus edulis","W-Msc-140480"
-53.5,71,0.32,"Mytilus edulis","W-Msc-140480"
-53,71,0.3,"Mytilus edulis","W-Msc-140480"
-52.5,71,0.27,"Mytilus edulis","W-Msc-140480"
-52,71,0.25,"Mytilus edulis","W-Msc-140480"
-51.5,71,0.23,"Mytilus edulis","W-Msc-140480"
-51,71,0.22,"Mytilus edulis","W-Msc-140480"
-27.5,71,0.08,"Mytilus edulis","W-Msc-140480"
-26,71,0.08,"Mytilus edulis","W-Msc-140480"
-25.5,71,0.09,"Mytilus edulis","W-Msc-140480"
-25,71,0.09,"Mytilus edulis","W-Msc-140480"
-24.5,71,0.1,"Mytilus edulis","W-Msc-140480"
-24,71,0.08,"Mytilus edulis","W-Msc-140480"
-22,71,0.07,"Mytilus edulis","W-Msc-140480"
-21.5,71,0.06,"Mytilus edulis","W-Msc-140480"
-8.5,71,0.51,"Mytilus edulis","W-Msc-140480"
-8,71,0.52,"Mytilus edulis","W-Msc-140480"
-7.5,71,0.54,"Mytilus edulis","W-Msc-140480"
24,71,1,"Mytilus edulis","W-Msc-140480"
24.5,71,1,"Mytilus edulis","W-Msc-140480"
25,71,1,"Mytilus edulis","W-Msc-140480"
25.5,71,1,"Mytilus edulis","W-Msc-140480"
26,71,1,"Mytilus edulis","W-Msc-140480"
26.5,71,1,"Mytilus edulis","W-Msc-140480"
27.5,71,1,"Mytilus edulis","W-Msc-140480"
28,71,1,"Mytilus edulis","W-Msc-140480"
28.5,71,1,"Mytilus edulis","W-Msc-140480"
29,71,1,"Mytilus edulis","W-Msc-140480"
46,71,0.02,"Mytilus edulis","W-Msc-140480"
47,71,0.26,"Mytilus edulis","W-Msc-140480"
47.5,71,0.26,"Mytilus edulis","W-Msc-140480"
52,71,0.42,"Mytilus edulis","W-Msc-140480"
52.5,71,0.39,"Mytilus edulis","W-Msc-140480"
53,71,0.38,"Mytilus edulis","W-Msc-140480"
53.5,71,0.36,"Mytilus edulis","W-Msc-140480"
54,71,0.29,"Mytilus edulis","W-Msc-140480"
56,71,0.19,"Mytilus edulis","W-Msc-140480"
56.5,71,0.19,"Mytilus edulis","W-Msc-140480"
57,71,0.17,"Mytilus edulis","W-Msc-140480"
61,71,0.07,"Mytilus edulis","W-Msc-140480"
61.5,71,0.06,"Mytilus edulis","W-Msc-140480"
64,71,0.02,"Mytilus edulis","W-Msc-140480"
64.5,71,0.07,"Mytilus edulis","W-Msc-140480"
65,71,0.07,"Mytilus edulis","W-Msc-140480"
65.5,71,0.12,"Mytilus edulis","W-Msc-140480"
66,71,0.16,"Mytilus edulis","W-Msc-140480"
66.5,71,0.19,"Mytilus edulis","W-Msc-140480"
67,71,0.21,"Mytilus edulis","W-Msc-140480"
67.5,71,0.22,"Mytilus edulis","W-Msc-140480"
68,71,0.21,"Mytilus edulis","W-Msc-140480"
72,71,0.15,"Mytilus edulis","W-Msc-140480"
72.5,71,0.15,"Mytilus edulis","W-Msc-140480"
73,71,0.16,"Mytilus edulis","W-Msc-140480"
73.5,71,0.17,"Mytilus edulis","W-Msc-140480"
74,71,0.16,"Mytilus edulis","W-Msc-140480"
75.5,71,0.17,"Mytilus edulis","W-Msc-140480"
76,71,0.12,"Mytilus edulis","W-Msc-140480"
76.5,71,0.13,"Mytilus edulis","W-Msc-140480"
77,71,0.08,"Mytilus edulis","W-Msc-140480"
77.5,71,0.06,"Mytilus edulis","W-Msc-140480"
78,71,0.06,"Mytilus edulis","W-Msc-140480"
78.5,71,0.18,"Mytilus edulis","W-Msc-140480"
82.5,71,0.13,"Mytilus edulis","W-Msc-140480"
83,71,0.06,"Mytilus edulis","W-Msc-140480"
83.5,71,0.06,"Mytilus edulis","W-Msc-140480"
129.5,71,0.13,"Mytilus edulis","W-Msc-140480"
130,71,0.07,"Mytilus edulis","W-Msc-140480"
130.5,71,0.05,"Mytilus edulis","W-Msc-140480"
131,71,0.03,"Mytilus edulis","W-Msc-140480"
131.5,71,0.04,"Mytilus edulis","W-Msc-140480"
132,71,0.06,"Mytilus edulis","W-Msc-140480"
132.5,71,0.05,"Mytilus edulis","W-Msc-140480"
134,71,0.05,"Mytilus edulis","W-Msc-140480"
134.5,71,0.07,"Mytilus edulis","W-Msc-140480"
135,71,0.06,"Mytilus edulis","W-Msc-140480"
137.5,71,0.01,"Mytilus edulis","W-Msc-140480"
138,71,0.02,"Mytilus edulis","W-Msc-140480"
138.5,71,0.01,"Mytilus edulis","W-Msc-140480"
139.5,71,0.03,"Mytilus edulis","W-Msc-140480"
151,71,0.01,"Mytilus edulis","W-Msc-140480"
151.5,71,0.03,"Mytilus edulis","W-Msc-140480"
152,71,0.07,"Mytilus edulis","W-Msc-140480"
152.5,71,0.06,"Mytilus edulis","W-Msc-140480"
153,71,0.04,"Mytilus edulis","W-Msc-140480"
153.5,71,0.03,"Mytilus edulis","W-Msc-140480"
154,71,0.02,"Mytilus edulis","W-Msc-140480"
154.5,71,0.02,"Mytilus edulis","W-Msc-140480"
155,71,0.02,"Mytilus edulis","W-Msc-140480"
155.5,71,0.02,"Mytilus edulis","W-Msc-140480"
156,71,0.02,"Mytilus edulis","W-Msc-140480"
156.5,71,0.02,"Mytilus edulis","W-Msc-140480"
157,71,0.02,"Mytilus edulis","W-Msc-140480"
157.5,71,0.03,"Mytilus edulis","W-Msc-140480"
158,71,0.03,"Mytilus edulis","W-Msc-140480"
158.5,71,0.03,"Mytilus edulis","W-Msc-140480"
159,71,0.03,"Mytilus edulis","W-Msc-140480"
159.5,71,0.03,"Mytilus edulis","W-Msc-140480"
160,71,0.03,"Mytilus edulis","W-Msc-140480"
160.5,71,0.03,"Mytilus edulis","W-Msc-140480"
161,71,0.02,"Mytilus edulis","W-Msc-140480"
161.5,71,0.01,"Mytilus edulis","W-Msc-140480"
162,71,0.01,"Mytilus edulis","W-Msc-140480"
162.5,71,0.01,"Mytilus edulis","W-Msc-140480"
163,71,0.01,"Mytilus edulis","W-Msc-140480"
163.5,71,0.01,"Mytilus edulis","W-Msc-140480"
164,71,0.01,"Mytilus edulis","W-Msc-140480"
166,71,0.01,"Mytilus edulis","W-Msc-140480"
166.5,71,0.01,"Mytilus edulis","W-Msc-140480"
167,71,0.01,"Mytilus edulis","W-Msc-140480"
167.5,71,0.01,"Mytilus edulis","W-Msc-140480"
168,71,0.01,"Mytilus edulis","W-Msc-140480"
168.5,71,0.01,"Mytilus edulis","W-Msc-140480"
169,71,0.02,"Mytilus edulis","W-Msc-140480"
169.5,71,0.02,"Mytilus edulis","W-Msc-140480"
170,71,0.02,"Mytilus edulis","W-Msc-140480"
170.5,71,0.03,"Mytilus edulis","W-Msc-140480"
171,71,0.03,"Mytilus edulis","W-Msc-140480"
171.5,71,0.03,"Mytilus edulis","W-Msc-140480"
172,71,0.04,"Mytilus edulis","W-Msc-140480"
172.5,71,0.04,"Mytilus edulis","W-Msc-140480"
173,71,0.04,"Mytilus edulis","W-Msc-140480"
173.5,71,0.03,"Mytilus edulis","W-Msc-140480"
174,71,0.03,"Mytilus edulis","W-Msc-140480"
174.5,71,0.03,"Mytilus edulis","W-Msc-140480"
175,71,0.04,"Mytilus edulis","W-Msc-140480"
175.5,71,0.04,"Mytilus edulis","W-Msc-140480"
176,71,0.04,"Mytilus edulis","W-Msc-140480"
176.5,71,0.05,"Mytilus edulis","W-Msc-140480"
177,71,0.05,"Mytilus edulis","W-Msc-140480"
177.5,71,0.05,"Mytilus edulis","W-Msc-140480"
178,71,0.05,"Mytilus edulis","W-Msc-140480"
178.5,71,0.06,"Mytilus edulis","W-Msc-140480"
179,71,0.07,"Mytilus edulis","W-Msc-140480"
179.5,71,0.06,"Mytilus edulis","W-Msc-140480"
-179.5,70.5,0.07,"Mytilus edulis","W-Msc-140480"
-179,70.5,0.07,"Mytilus edulis","W-Msc-140480"
-178.5,70.5,0.07,"Mytilus edulis","W-Msc-140480"
-178,70.5,0.07,"Mytilus edulis","W-Msc-140480"
-177.5,70.5,0.07,"Mytilus edulis","W-Msc-140480"
-177,70.5,0.07,"Mytilus edulis","W-Msc-140480"
-176.5,70.5,0.08,"Mytilus edulis","W-Msc-140480"
-176,70.5,0.06,"Mytilus edulis","W-Msc-140480"
-175.5,70.5,0.04,"Mytilus edulis","W-Msc-140480"
-175,70.5,0.03,"Mytilus edulis","W-Msc-140480"
-174.5,70.5,0.03,"Mytilus edulis","W-Msc-140480"
-174,70.5,0.1,"Mytilus edulis","W-Msc-140480"
-173.5,70.5,0.13,"Mytilus edulis","W-Msc-140480"
-173,70.5,0.13,"Mytilus edulis","W-Msc-140480"
-172.5,70.5,0.13,"Mytilus edulis","W-Msc-140480"
-172,70.5,0.12,"Mytilus edulis","W-Msc-140480"
-171.5,70.5,0.12,"Mytilus edulis","W-Msc-140480"
-171,70.5,0.12,"Mytilus edulis","W-Msc-140480"
-170.5,70.5,0.11,"Mytilus edulis","W-Msc-140480"
-170,70.5,0.11,"Mytilus edulis","W-Msc-140480"
-169.5,70.5,0.11,"Mytilus edulis","W-Msc-140480"
-169,70.5,0.11,"Mytilus edulis","W-Msc-140480"
-168.5,70.5,0.12,"Mytilus edulis","W-Msc-140480"
-168,70.5,0.12,"Mytilus edulis","W-Msc-140480"
-167.5,70.5,0.1,"Mytilus edulis","W-Msc-140480"
-167,70.5,0.11,"Mytilus edulis","W-Msc-140480"
-166.5,70.5,0.11,"Mytilus edulis","W-Msc-140480"
-166,70.5,0.12,"Mytilus edulis","W-Msc-140480"
-165.5,70.5,0.13,"Mytilus edulis","W-Msc-140480"
-165,70.5,0.13,"Mytilus edulis","W-Msc-140480"
-164.5,70.5,0.15,"Mytilus edulis","W-Msc-140480"
-164,70.5,0.13,"Mytilus edulis","W-Msc-140480"
-163.5,70.5,0.1,"Mytilus edulis","W-Msc-140480"
-163,70.5,0.14,"Mytilus edulis","W-Msc-140480"
-162.5,70.5,0.15,"Mytilus edulis","W-Msc-140480"
-162,70.5,0.15,"Mytilus edulis","W-Msc-140480"
-161.5,70.5,0.14,"Mytilus edulis","W-Msc-140480"
-161,70.5,0.14,"Mytilus edulis","W-Msc-140480"
-160.5,70.5,0.13,"Mytilus edulis","W-Msc-140480"
-160,70.5,0.13,"Mytilus edulis","W-Msc-140480"
-159.5,70.5,0.12,"Mytilus edulis","W-Msc-140480"
-159,70.5,0.11,"Mytilus edulis","W-Msc-140480"
-158.5,70.5,0.11,"Mytilus edulis","W-Msc-140480"
-158,70.5,0.11,"Mytilus edulis","W-Msc-140480"
-157.5,70.5,0.1,"Mytilus edulis","W-Msc-140480"
-156,70.5,0.01,"Mytilus edulis","W-Msc-140480"
-155.5,70.5,0.02,"Mytilus edulis","W-Msc-140480"
-154.5,70.5,0.02,"Mytilus edulis","W-Msc-140480"
-154,70.5,0.07,"Mytilus edulis","W-Msc-140480"
-153.5,70.5,0.07,"Mytilus edulis","W-Msc-140480"
-153,70.5,0.06,"Mytilus edulis","W-Msc-140480"
-152.5,70.5,0.06,"Mytilus edulis","W-Msc-140480"
-152,70.5,0.06,"Mytilus edulis","W-Msc-140480"
-151.5,70.5,0.06,"Mytilus edulis","W-Msc-140480"
-151,70.5,0.05,"Mytilus edulis","W-Msc-140480"
-150.5,70.5,0.05,"Mytilus edulis","W-Msc-140480"
-150,70.5,0.05,"Mytilus edulis","W-Msc-140480"
-149.5,70.5,0.05,"Mytilus edulis","W-Msc-140480"
-149,70.5,0.05,"Mytilus edulis","W-Msc-140480"
-148.5,70.5,0.05,"Mytilus edulis","W-Msc-140480"
-148,70.5,0.05,"Mytilus edulis","W-Msc-140480"
-147.5,70.5,0.05,"Mytilus edulis","W-Msc-140480"
-147,70.5,0.05,"Mytilus edulis","W-Msc-140480"
-146.5,70.5,0.05,"Mytilus edulis","W-Msc-140480"
-146,70.5,0.05,"Mytilus edulis","W-Msc-140480"
-145.5,70.5,0.04,"Mytilus edulis","W-Msc-140480"
-145,70.5,0.05,"Mytilus edulis","W-Msc-140480"
-144.5,70.5,0.05,"Mytilus edulis","W-Msc-140480"
-144,70.5,0.02,"Mytilus edulis","W-Msc-140480"
-143.5,70.5,0.02,"Mytilus edulis","W-Msc-140480"
-143,70.5,0.02,"Mytilus edulis","W-Msc-140480"
-142.5,70.5,0.02,"Mytilus edulis","W-Msc-140480"
-135.5,70.5,0.02,"Mytilus edulis","W-Msc-140480"
-134.5,70.5,0.01,"Mytilus edulis","W-Msc-140480"
-134,70.5,0.01,"Mytilus edulis","W-Msc-140480"
-133.5,70.5,0.01,"Mytilus edulis","W-Msc-140480"
-133,70.5,0.05,"Mytilus edulis","W-Msc-140480"
-132.5,70.5,0.07,"Mytilus edulis","W-Msc-140480"
-132,70.5,0.1,"Mytilus edulis","W-Msc-140480"
-131.5,70.5,0.09,"Mytilus edulis","W-Msc-140480"
-131,70.5,0.1,"Mytilus edulis","W-Msc-140480"
-130.5,70.5,0.1,"Mytilus edulis","W-Msc-140480"
-130,70.5,0.1,"Mytilus edulis","W-Msc-140480"
-129.5,70.5,0.1,"Mytilus edulis","W-Msc-140480"
-129,70.5,0.1,"Mytilus edulis","W-Msc-140480"
-128.5,70.5,0.11,"Mytilus edulis","W-Msc-140480"
-128,70.5,0.11,"Mytilus edulis","W-Msc-140480"
-127.5,70.5,0.11,"Mytilus edulis","W-Msc-140480"
-118.5,70.5,0.02,"Mytilus edulis","W-Msc-140480"
-118,70.5,0.06,"Mytilus edulis","W-Msc-140480"
-117.5,70.5,0.06,"Mytilus edulis","W-Msc-140480"
-117,70.5,0.05,"Mytilus edulis","W-Msc-140480"
-116.5,70.5,0.05,"Mytilus edulis","W-Msc-140480"
-116,70.5,0.04,"Mytilus edulis","W-Msc-140480"
-115.5,70.5,0.04,"Mytilus edulis","W-Msc-140480"
-115,70.5,0.04,"Mytilus edulis","W-Msc-140480"
-114.5,70.5,0.03,"Mytilus edulis","W-Msc-140480"
-114,70.5,0.03,"Mytilus edulis","W-Msc-140480"
-113.5,70.5,0.03,"Mytilus edulis","W-Msc-140480"
-113,70.5,0.03,"Mytilus edulis","W-Msc-140480"
-112.5,70.5,0.02,"Mytilus edulis","W-Msc-140480"
-112,70.5,0.02,"Mytilus edulis","W-Msc-140480"
-104,70.5,0.01,"Mytilus edulis","W-Msc-140480"
-103.5,70.5,0.01,"Mytilus edulis","W-Msc-140480"
-103,70.5,0.01,"Mytilus edulis","W-Msc-140480"
-102.5,70.5,0.01,"Mytilus edulis","W-Msc-140480"
-101,70.5,0.01,"Mytilus edulis","W-Msc-140480"
-100.5,70.5,0.01,"Mytilus edulis","W-Msc-140480"
-100,70.5,0.01,"Mytilus edulis","W-Msc-140480"
-97,70.5,0.01,"Mytilus edulis","W-Msc-140480"
-96.5,70.5,0.02,"Mytilus edulis","W-Msc-140480"
-96,70.5,0.02,"Mytilus edulis","W-Msc-140480"
-92.5,70.5,0.02,"Mytilus edulis","W-Msc-140480"
-92,70.5,0.01,"Mytilus edulis","W-Msc-140480"
-91.5,70.5,0.01,"Mytilus edulis","W-Msc-140480"
-89.5,70.5,0.01,"Mytilus edulis","W-Msc-140480"
-89,70.5,0.02,"Mytilus edulis","W-Msc-140480"
-88.5,70.5,0.02,"Mytilus edulis","W-Msc-140480"
-88,70.5,0.02,"Mytilus edulis","W-Msc-140480"
-87.5,70.5,0.02,"Mytilus edulis","W-Msc-140480"
-84.5,70.5,0.05,"Mytilus edulis","W-Msc-140480"
-79,70.5,0.01,"Mytilus edulis","W-Msc-140480"
-78.5,70.5,0.02,"Mytilus edulis","W-Msc-140480"
-72,70.5,0.07,"Mytilus edulis","W-Msc-140480"
-71.5,70.5,0.08,"Mytilus edulis","W-Msc-140480"
-71,70.5,0.08,"Mytilus edulis","W-Msc-140480"
-70.5,70.5,0.08,"Mytilus edulis","W-Msc-140480"
-70,70.5,0.08,"Mytilus edulis","W-Msc-140480"
-69.5,70.5,0.07,"Mytilus edulis","W-Msc-140480"
-69,70.5,0.07,"Mytilus edulis","W-Msc-140480"
-68.5,70.5,0.07,"Mytilus edulis","W-Msc-140480"
-68,70.5,0.07,"Mytilus edulis","W-Msc-140480"
-67.5,70.5,0.01,"Mytilus edulis","W-Msc-140480"
-55,70.5,0.32,"Mytilus edulis","W-Msc-140480"
-54.5,70.5,0.33,"Mytilus edulis","W-Msc-140480"
-54,70.5,0.33,"Mytilus edulis","W-Msc-140480"
-53.5,70.5,0.32,"Mytilus edulis","W-Msc-140480"
-53,70.5,0.31,"Mytilus edulis","W-Msc-140480"
-52.5,70.5,0.3,"Mytilus edulis","W-Msc-140480"
-52,70.5,0.28,"Mytilus edulis","W-Msc-140480"
-51.5,70.5,0.26,"Mytilus edulis","W-Msc-140480"
-51,70.5,0.23,"Mytilus edulis","W-Msc-140480"
-50.5,70.5,0.22,"Mytilus edulis","W-Msc-140480"
-28.5,70.5,0.09,"Mytilus edulis","W-Msc-140480"
-28,70.5,0.09,"Mytilus edulis","W-Msc-140480"
-27.5,70.5,0.08,"Mytilus edulis","W-Msc-140480"
-27,70.5,0.07,"Mytilus edulis","W-Msc-140480"
-26.5,70.5,0.07,"Mytilus edulis","W-Msc-140480"
-26,70.5,0.07,"Mytilus edulis","W-Msc-140480"
-25.5,70.5,0.07,"Mytilus edulis","W-Msc-140480"
-25,70.5,0.08,"Mytilus edulis","W-Msc-140480"
-24,70.5,0.08,"Mytilus edulis","W-Msc-140480"
-23.5,70.5,0.08,"Mytilus edulis","W-Msc-140480"
-23,70.5,0.08,"Mytilus edulis","W-Msc-140480"
-22.5,70.5,0.08,"Mytilus edulis","W-Msc-140480"
-22,70.5,0.08,"Mytilus edulis","W-Msc-140480"
-21.5,70.5,0.07,"Mytilus edulis","W-Msc-140480"
-21,70.5,0.07,"Mytilus edulis","W-Msc-140480"
-9,70.5,0.58,"Mytilus edulis","W-Msc-140480"
-8.5,70.5,0.59,"Mytilus edulis","W-Msc-140480"
-8,70.5,0.61,"Mytilus edulis","W-Msc-140480"
20.5,70.5,0.41,"Mytilus edulis","W-Msc-140480"
21,70.5,0.76,"Mytilus edulis","W-Msc-140480"
22,70.5,1,"Mytilus edulis","W-Msc-140480"
22.5,70.5,1,"Mytilus edulis","W-Msc-140480"
23,70.5,1,"Mytilus edulis","W-Msc-140480"
23.5,70.5,1,"Mytilus edulis","W-Msc-140480"
24,70.5,1,"Mytilus edulis","W-Msc-140480"
24.5,70.5,1,"Mytilus edulis","W-Msc-140480"
25,70.5,1,"Mytilus edulis","W-Msc-140480"
25.5,70.5,1,"Mytilus edulis","W-Msc-140480"
26,70.5,1,"Mytilus edulis","W-Msc-140480"
26.5,70.5,1,"Mytilus edulis","W-Msc-140480"
27,70.5,1,"Mytilus edulis","W-Msc-140480"
27.5,70.5,1,"Mytilus edulis","W-Msc-140480"
28.5,70.5,1,"Mytilus edulis","W-Msc-140480"
29,70.5,1,"Mytilus edulis","W-Msc-140480"
29.5,70.5,1,"Mytilus edulis","W-Msc-140480"
30,70.5,1,"Mytilus edulis","W-Msc-140480"
30.5,70.5,1,"Mytilus edulis","W-Msc-140480"
31,70.5,1,"Mytilus edulis","W-Msc-140480"
42.5,70.5,0.74,"Mytilus edulis","W-Msc-140480"
43,70.5,0.74,"Mytilus edulis","W-Msc-140480"
53,70.5,0.41,"Mytilus edulis","W-Msc-140480"
53.5,70.5,0.39,"Mytilus edulis","W-Msc-140480"
54,70.5,0.38,"Mytilus edulis","W-Msc-140480"
54.5,70.5,0.37,"Mytilus edulis","W-Msc-140480"
55,70.5,0.35,"Mytilus edulis","W-Msc-140480"
55.5,70.5,0.32,"Mytilus edulis","W-Msc-140480"
56,70.5,0.3,"Mytilus edulis","W-Msc-140480"
56.5,70.5,0.28,"Mytilus edulis","W-Msc-140480"
57,70.5,0.26,"Mytilus edulis","W-Msc-140480"
57.5,70.5,0.23,"Mytilus edulis","W-Msc-140480"
58,70.5,0.23,"Mytilus edulis","W-Msc-140480"
58.5,70.5,0.23,"Mytilus edulis","W-Msc-140480"
59,70.5,0.23,"Mytilus edulis","W-Msc-140480"
59.5,70.5,0.21,"Mytilus edulis","W-Msc-140480"
60,70.5,0.08,"Mytilus edulis","W-Msc-140480"
64,70.5,0.07,"Mytilus edulis","W-Msc-140480"
64.5,70.5,0.07,"Mytilus edulis","W-Msc-140480"
65,70.5,0.09,"Mytilus edulis","W-Msc-140480"
65.5,70.5,0.1,"Mytilus edulis","W-Msc-140480"
66,70.5,0.12,"Mytilus edulis","W-Msc-140480"
66.5,70.5,0.15,"Mytilus edulis","W-Msc-140480"
67,70.5,0.16,"Mytilus edulis","W-Msc-140480"
67.5,70.5,0.17,"Mytilus edulis","W-Msc-140480"
73,70.5,0.14,"Mytilus edulis","W-Msc-140480"
73.5,70.5,0.16,"Mytilus edulis","W-Msc-140480"
74,70.5,0.17,"Mytilus edulis","W-Msc-140480"
74.5,70.5,0.18,"Mytilus edulis","W-Msc-140480"
78.5,70.5,0.12,"Mytilus edulis","W-Msc-140480"
82.5,70.5,0.03,"Mytilus edulis","W-Msc-140480"
83,70.5,0.03,"Mytilus edulis","W-Msc-140480"
83.5,70.5,0.06,"Mytilus edulis","W-Msc-140480"
84,70.5,0.06,"Mytilus edulis","W-Msc-140480"
130.5,70.5,0.12,"Mytilus edulis","W-Msc-140480"
131,70.5,0.06,"Mytilus edulis","W-Msc-140480"
131.5,70.5,0.05,"Mytilus edulis","W-Msc-140480"
132,70.5,0.06,"Mytilus edulis","W-Msc-140480"
152.5,70.5,0.03,"Mytilus edulis","W-Msc-140480"
153,70.5,0.03,"Mytilus edulis","W-Msc-140480"
153.5,70.5,0.03,"Mytilus edulis","W-Msc-140480"
154,70.5,0.04,"Mytilus edulis","W-Msc-140480"
154.5,70.5,0.04,"Mytilus edulis","W-Msc-140480"
159,70.5,0.03,"Mytilus edulis","W-Msc-140480"
159.5,70.5,0.05,"Mytilus edulis","W-Msc-140480"
160,70.5,0.06,"Mytilus edulis","W-Msc-140480"
160.5,70.5,0.06,"Mytilus edulis","W-Msc-140480"
161,70.5,0.05,"Mytilus edulis","W-Msc-140480"
161.5,70.5,0.05,"Mytilus edulis","W-Msc-140480"
162,70.5,0.05,"Mytilus edulis","W-Msc-140480"
162.5,70.5,0.03,"Mytilus edulis","W-Msc-140480"
163,70.5,0.03,"Mytilus edulis","W-Msc-140480"
163.5,70.5,0.02,"Mytilus edulis","W-Msc-140480"
164,70.5,0.01,"Mytilus edulis","W-Msc-140480"
164.5,70.5,0.01,"Mytilus edulis","W-Msc-140480"
165,70.5,0.01,"Mytilus edulis","W-Msc-140480"
165.5,70.5,0.01,"Mytilus edulis","W-Msc-140480"
166,70.5,0.01,"Mytilus edulis","W-Msc-140480"
166.5,70.5,0.01,"Mytilus edulis","W-Msc-140480"
167,70.5,0.01,"Mytilus edulis","W-Msc-140480"
167.5,70.5,0.01,"Mytilus edulis","W-Msc-140480"
168,70.5,0.02,"Mytilus edulis","W-Msc-140480"
168.5,70.5,0.02,"Mytilus edulis","W-Msc-140480"
169,70.5,0.02,"Mytilus edulis","W-Msc-140480"
169.5,70.5,0.02,"Mytilus edulis","W-Msc-140480"
170,70.5,0.03,"Mytilus edulis","W-Msc-140480"
170.5,70.5,0.03,"Mytilus edulis","W-Msc-140480"
171,70.5,0.04,"Mytilus edulis","W-Msc-140480"
171.5,70.5,0.04,"Mytilus edulis","W-Msc-140480"
172,70.5,0.05,"Mytilus edulis","W-Msc-140480"
172.5,70.5,0.05,"Mytilus edulis","W-Msc-140480"
173,70.5,0.05,"Mytilus edulis","W-Msc-140480"
173.5,70.5,0.05,"Mytilus edulis","W-Msc-140480"
174,70.5,0.05,"Mytilus edulis","W-Msc-140480"
174.5,70.5,0.04,"Mytilus edulis","W-Msc-140480"
175,70.5,0.04,"Mytilus edulis","W-Msc-140480"
175.5,70.5,0.04,"Mytilus edulis","W-Msc-140480"
176,70.5,0.04,"Mytilus edulis","W-Msc-140480"
176.5,70.5,0.04,"Mytilus edulis","W-Msc-140480"
177,70.5,0.04,"Mytilus edulis","W-Msc-140480"
177.5,70.5,0.05,"Mytilus edulis","W-Msc-140480"
178,70.5,0.06,"Mytilus edulis","W-Msc-140480"
178.5,70.5,0.06,"Mytilus edulis","W-Msc-140480"
179,70.5,0.06,"Mytilus edulis","W-Msc-140480"
179.5,70.5,0.07,"Mytilus edulis","W-Msc-140480"
-179.5,70,0.07,"Mytilus edulis","W-Msc-140480"
-179,70,0.06,"Mytilus edulis","W-Msc-140480"
-178.5,70,0.06,"Mytilus edulis","W-Msc-140480"
-178,70,0.07,"Mytilus edulis","W-Msc-140480"
-177.5,70,0.05,"Mytilus edulis","W-Msc-140480"
-177,70,0.04,"Mytilus edulis","W-Msc-140480"
-176.5,70,0.04,"Mytilus edulis","W-Msc-140480"
-176,70,0.04,"Mytilus edulis","W-Msc-140480"
-175.5,70,0.02,"Mytilus edulis","W-Msc-140480"
-175,70,0.04,"Mytilus edulis","W-Msc-140480"
-174.5,70,0.05,"Mytilus edulis","W-Msc-140480"
-174,70,0.06,"Mytilus edulis","W-Msc-140480"
-173.5,70,0.07,"Mytilus edulis","W-Msc-140480"
-173,70,0.11,"Mytilus edulis","W-Msc-140480"
-172.5,70,0.12,"Mytilus edulis","W-Msc-140480"
-172,70,0.14,"Mytilus edulis","W-Msc-140480"
-171.5,70,0.13,"Mytilus edulis","W-Msc-140480"
-171,70,0.13,"Mytilus edulis","W-Msc-140480"
-170.5,70,0.13,"Mytilus edulis","W-Msc-140480"
-170,70,0.13,"Mytilus edulis","W-Msc-140480"
-169.5,70,0.13,"Mytilus edulis","W-Msc-140480"
-169,70,0.13,"Mytilus edulis","W-Msc-140480"
-168.5,70,0.12,"Mytilus edulis","W-Msc-140480"
-168,70,0.13,"Mytilus edulis","W-Msc-140480"
-167.5,70,0.13,"Mytilus edulis","W-Msc-140480"
-167,70,0.09,"Mytilus edulis","W-Msc-140480"
-166.5,70,0.12,"Mytilus edulis","W-Msc-140480"
-166,70,0.13,"Mytilus edulis","W-Msc-140480"
-165.5,70,0.14,"Mytilus edulis","W-Msc-140480"
-165,70,0.14,"Mytilus edulis","W-Msc-140480"
-164.5,70,0.17,"Mytilus edulis","W-Msc-140480"
-164,70,0.2,"Mytilus edulis","W-Msc-140480"
-163.5,70,0.2,"Mytilus edulis","W-Msc-140480"
-163,70,0.2,"Mytilus edulis","W-Msc-140480"
-162.5,70,0.2,"Mytilus edulis","W-Msc-140480"
-162,70,0.19,"Mytilus edulis","W-Msc-140480"
-161.5,70,0.19,"Mytilus edulis","W-Msc-140480"
-161,70,0.18,"Mytilus edulis","W-Msc-140480"
-160.5,70,0.16,"Mytilus edulis","W-Msc-140480"
-159.5,70,0.05,"Mytilus edulis","W-Msc-140480"
-151.5,70,0.02,"Mytilus edulis","W-Msc-140480"
-151,70,0.01,"Mytilus edulis","W-Msc-140480"
-150,70,0.02,"Mytilus edulis","W-Msc-140480"
-148.5,70,0.06,"Mytilus edulis","W-Msc-140480"
-148,70,0.06,"Mytilus edulis","W-Msc-140480"
-147.5,70,0.06,"Mytilus edulis","W-Msc-140480"
-147,70,0.06,"Mytilus edulis","W-Msc-140480"
-146.5,70,0.06,"Mytilus edulis","W-Msc-140480"
-146,70,0.06,"Mytilus edulis","W-Msc-140480"
-145.5,70,0.06,"Mytilus edulis","W-Msc-140480"
-145,70,0.06,"Mytilus edulis","W-Msc-140480"
-144.5,70,0.06,"Mytilus edulis","W-Msc-140480"
-144,70,0.07,"Mytilus edulis","W-Msc-140480"
-143.5,70,0.07,"Mytilus edulis","W-Msc-140480"
-143,70,0.07,"Mytilus edulis","W-Msc-140480"
-142.5,70,0.08,"Mytilus edulis","W-Msc-140480"
-142,70,0.08,"Mytilus edulis","W-Msc-140480"
-141.5,70,0.07,"Mytilus edulis","W-Msc-140480"
-141,70,0.07,"Mytilus edulis","W-Msc-140480"
-140.5,70,0.06,"Mytilus edulis","W-Msc-140480"
-140,70,0.05,"Mytilus edulis","W-Msc-140480"
-139.5,70,0.05,"Mytilus edulis","W-Msc-140480"
-139,70,0.02,"Mytilus edulis","W-Msc-140480"
-137,70,0.08,"Mytilus edulis","W-Msc-140480"
-136.5,70,0.11,"Mytilus edulis","W-Msc-140480"
-136,70,0.11,"Mytilus edulis","W-Msc-140480"
-135.5,70,0.11,"Mytilus edulis","W-Msc-140480"
-135,70,0.11,"Mytilus edulis","W-Msc-140480"
-134.5,70,0.11,"Mytilus edulis","W-Msc-140480"
-134,70,0.11,"Mytilus edulis","W-Msc-140480"
-133.5,70,0.12,"Mytilus edulis","W-Msc-140480"
-133,70,0.12,"Mytilus edulis","W-Msc-140480"
-132.5,70,0.12,"Mytilus edulis","W-Msc-140480"
-132,70,0.12,"Mytilus edulis","W-Msc-140480"
-131.5,70,0.11,"Mytilus edulis","W-Msc-140480"
-131,70,0.12,"Mytilus edulis","W-Msc-140480"
-130.5,70,0.12,"Mytilus edulis","W-Msc-140480"
-130,70,0.12,"Mytilus edulis","W-Msc-140480"
-129.5,70,0.11,"Mytilus edulis","W-Msc-140480"
-129,70,0.12,"Mytilus edulis","W-Msc-140480"
-128.5,70,0.12,"Mytilus edulis","W-Msc-140480"
-128,70,0.13,"Mytilus edulis","W-Msc-140480"
-127.5,70,0.13,"Mytilus edulis","W-Msc-140480"
-127,70,0.13,"Mytilus edulis","W-Msc-140480"
-126.5,70,0.13,"Mytilus edulis","W-Msc-140480"
-125,70,0.12,"Mytilus edulis","W-Msc-140480"
-124.5,70,0.12,"Mytilus edulis","W-Msc-140480"
-124,70,0.11,"Mytilus edulis","W-Msc-140480"
-117,70,0.05,"Mytilus edulis","W-Msc-140480"
-116.5,70,0.05,"Mytilus edulis","W-Msc-140480"
-116,70,0.05,"Mytilus edulis","W-Msc-140480"
-115.5,70,0.04,"Mytilus edulis","W-Msc-140480"
-115,70,0.04,"Mytilus edulis","W-Msc-140480"
-114.5,70,0.03,"Mytilus edulis","W-Msc-140480"
-114,70,0.03,"Mytilus edulis","W-Msc-140480"
-113.5,70,0.03,"Mytilus edulis","W-Msc-140480"
-113,70,0.02,"Mytilus edulis","W-Msc-140480"
-112.5,70,0.02,"Mytilus edulis","W-Msc-140480"
-112,70,0.02,"Mytilus edulis","W-Msc-140480"
-111.5,70,0.02,"Mytilus edulis","W-Msc-140480"
-102,70,0.01,"Mytilus edulis","W-Msc-140480"
-101.5,70,0.01,"Mytilus edulis","W-Msc-140480"
-101,70,0.01,"Mytilus edulis","W-Msc-140480"
-100.5,70,0.01,"Mytilus edulis","W-Msc-140480"
-100,70,0.01,"Mytilus edulis","W-Msc-140480"
-99.5,70,0.01,"Mytilus edulis","W-Msc-140480"
-97.5,70,0.01,"Mytilus edulis","W-Msc-140480"
-97,70,0.01,"Mytilus edulis","W-Msc-140480"
-96.5,70,0.01,"Mytilus edulis","W-Msc-140480"
-96,70,0.02,"Mytilus edulis","W-Msc-140480"
-92,70,0.02,"Mytilus edulis","W-Msc-140480"
-91.5,70,0.01,"Mytilus edulis","W-Msc-140480"
-91,70,0.01,"Mytilus edulis","W-Msc-140480"
-90.5,70,0.01,"Mytilus edulis","W-Msc-140480"
-90,70,0.01,"Mytilus edulis","W-Msc-140480"
-89.5,70,0.01,"Mytilus edulis","W-Msc-140480"
-89,70,0.01,"Mytilus edulis","W-Msc-140480"
-88.5,70,0.02,"Mytilus edulis","W-Msc-140480"
-88,70,0.02,"Mytilus edulis","W-Msc-140480"
-87.5,70,0.02,"Mytilus edulis","W-Msc-140480"
-87,70,0.02,"Mytilus edulis","W-Msc-140480"
-86.5,70,0.02,"Mytilus edulis","W-Msc-140480"
-86,70,0.02,"Mytilus edulis","W-Msc-140480"
-85.5,70,0.02,"Mytilus edulis","W-Msc-140480"
-85,70,0.03,"Mytilus edulis","W-Msc-140480"
-84.5,70,0.04,"Mytilus edulis","W-Msc-140480"
-84,70,0.06,"Mytilus edulis","W-Msc-140480"
-83,70,0.08,"Mytilus edulis","W-Msc-140480"
-82,70,0.09,"Mytilus edulis","W-Msc-140480"
-81.5,70,0.09,"Mytilus edulis","W-Msc-140480"
-81,70,0.09,"Mytilus edulis","W-Msc-140480"
-80.5,70,0.09,"Mytilus edulis","W-Msc-140480"
-80,70,0.08,"Mytilus edulis","W-Msc-140480"
-79,70,0.06,"Mytilus edulis","W-Msc-140480"
-78.5,70,0.05,"Mytilus edulis","W-Msc-140480"
-78,70,0.05,"Mytilus edulis","W-Msc-140480"
-77.5,70,0.05,"Mytilus edulis","W-Msc-140480"
-71,70,0.07,"Mytilus edulis","W-Msc-140480"
-69.5,70,0.08,"Mytilus edulis","W-Msc-140480"
-69,70,0.08,"Mytilus edulis","W-Msc-140480"
-68.5,70,0.09,"Mytilus edulis","W-Msc-140480"
-68,70,0.09,"Mytilus edulis","W-Msc-140480"
-67.5,70,0.08,"Mytilus edulis","W-Msc-140480"
-67,70,0.08,"Mytilus edulis","W-Msc-140480"
-55,70,0.32,"Mytilus edulis","W-Msc-140480"
-54.5,70,0.32,"Mytilus edulis","W-Msc-140480"
-54,70,0.3,"Mytilus edulis","W-Msc-140480"
-53.5,70,0.3,"Mytilus edulis","W-Msc-140480"
-53,70,0.31,"Mytilus edulis","W-Msc-140480"
-52.5,70,0.31,"Mytilus edulis","W-Msc-140480"
-52,70,0.3,"Mytilus edulis","W-Msc-140480"
-51.5,70,0.28,"Mytilus edulis","W-Msc-140480"
-51,70,0.25,"Mytilus edulis","W-Msc-140480"
-50.5,70,0.22,"Mytilus edulis","W-Msc-140480"
-50,70,0.22,"Mytilus edulis","W-Msc-140480"
-29,70,0.09,"Mytilus edulis","W-Msc-140480"
-28.5,70,0.09,"Mytilus edulis","W-Msc-140480"
-28,70,0.09,"Mytilus edulis","W-Msc-140480"
-27.5,70,0.08,"Mytilus edulis","W-Msc-140480"
-27,70,0.05,"Mytilus edulis","W-Msc-140480"
-26.5,70,0.05,"Mytilus edulis","W-Msc-140480"
-26,70,0.06,"Mytilus edulis","W-Msc-140480"
-25.5,70,0.07,"Mytilus edulis","W-Msc-140480"
-25,70,0.06,"Mytilus edulis","W-Msc-140480"
-24.5,70,0.07,"Mytilus edulis","W-Msc-140480"
-24,70,0.07,"Mytilus edulis","W-Msc-140480"
-23.5,70,0.08,"Mytilus edulis","W-Msc-140480"
-23,70,0.09,"Mytilus edulis","W-Msc-140480"
-22.5,70,0.09,"Mytilus edulis","W-Msc-140480"
-22,70,0.09,"Mytilus edulis","W-Msc-140480"
-21.5,70,0.09,"Mytilus edulis","W-Msc-140480"
18,70,0.17,"Mytilus edulis","W-Msc-140480"
18.5,70,1,"Mytilus edulis","W-Msc-140480"
19,70,1,"Mytilus edulis","W-Msc-140480"
19.5,70,1,"Mytilus edulis","W-Msc-140480"
20,70,1,"Mytilus edulis","W-Msc-140480"
20.5,70,1,"Mytilus edulis","W-Msc-140480"
21,70,1,"Mytilus edulis","W-Msc-140480"
21.5,70,1,"Mytilus edulis","W-Msc-140480"
22,70,1,"Mytilus edulis","W-Msc-140480"
22.5,70,1,"Mytilus edulis","W-Msc-140480"
23,70,1,"Mytilus edulis","W-Msc-140480"
23.5,70,1,"Mytilus edulis","W-Msc-140480"
25,70,0.17,"Mytilus edulis","W-Msc-140480"
25.5,70,0.99,"Mytilus edulis","W-Msc-140480"
26,70,1,"Mytilus edulis","W-Msc-140480"
27,70,1,"Mytilus edulis","W-Msc-140480"
29,70,1,"Mytilus edulis","W-Msc-140480"
29.5,70,1,"Mytilus edulis","W-Msc-140480"
30,70,1,"Mytilus edulis","W-Msc-140480"
30.5,70,1,"Mytilus edulis","W-Msc-140480"
31,70,1,"Mytilus edulis","W-Msc-140480"
31.5,70,1,"Mytilus edulis","W-Msc-140480"
32,70,0.93,"Mytilus edulis","W-Msc-140480"
32.5,70,0.86,"Mytilus edulis","W-Msc-140480"
42.5,70,0.25,"Mytilus edulis","W-Msc-140480"
43,70,0.25,"Mytilus edulis","W-Msc-140480"
48.5,70,0.2,"Mytilus edulis","W-Msc-140480"
49,70,0.27,"Mytilus edulis","W-Msc-140480"
49.5,70,0.26,"Mytilus edulis","W-Msc-140480"
54,70,0.06,"Mytilus edulis","W-Msc-140480"
55,70,0.01,"Mytilus edulis","W-Msc-140480"
55.5,70,0.39,"Mytilus edulis","W-Msc-140480"
56,70,0.38,"Mytilus edulis","W-Msc-140480"
56.5,70,0.37,"Mytilus edulis","W-Msc-140480"
57,70,0.35,"Mytilus edulis","W-Msc-140480"
57.5,70,0.33,"Mytilus edulis","W-Msc-140480"
58,70,0.33,"Mytilus edulis","W-Msc-140480"
58.5,70,0.33,"Mytilus edulis","W-Msc-140480"
59,70,0.28,"Mytilus edulis","W-Msc-140480"
59.5,70,0.25,"Mytilus edulis","W-Msc-140480"
60,70,0.25,"Mytilus edulis","W-Msc-140480"
60.5,70,0.26,"Mytilus edulis","W-Msc-140480"
65,70,0.07,"Mytilus edulis","W-Msc-140480"
65.5,70,0.07,"Mytilus edulis","W-Msc-140480"
66,70,0.08,"Mytilus edulis","W-Msc-140480"
66.5,70,0.09,"Mytilus edulis","W-Msc-140480"
67,70,0.14,"Mytilus edulis","W-Msc-140480"
67.5,70,0.14,"Mytilus edulis","W-Msc-140480"
72.5,70,0.03,"Mytilus edulis","W-Msc-140480"
73,70,0.2,"Mytilus edulis","W-Msc-140480"
73.5,70,0.18,"Mytilus edulis","W-Msc-140480"
74,70,0.19,"Mytilus edulis","W-Msc-140480"
74.5,70,0.16,"Mytilus edulis","W-Msc-140480"
83,70,0.05,"Mytilus edulis","W-Msc-140480"
83.5,70,0.17,"Mytilus edulis","W-Msc-140480"
84,70,0.11,"Mytilus edulis","W-Msc-140480"
160,70,0.04,"Mytilus edulis","W-Msc-140480"
160.5,70,0.08,"Mytilus edulis","W-Msc-140480"
161,70,0.07,"Mytilus edulis","W-Msc-140480"
161.5,70,0.06,"Mytilus edulis","W-Msc-140480"
162,70,0.06,"Mytilus edulis","W-Msc-140480"
162.5,70,0.06,"Mytilus edulis","W-Msc-140480"
163,70,0.05,"Mytilus edulis","W-Msc-140480"
163.5,70,0.03,"Mytilus edulis","W-Msc-140480"
164,70,0.02,"Mytilus edulis","W-Msc-140480"
164.5,70,0.02,"Mytilus edulis","W-Msc-140480"
165,70,0.02,"Mytilus edulis","W-Msc-140480"
165.5,70,0.02,"Mytilus edulis","W-Msc-140480"
166,70,0.02,"Mytilus edulis","W-Msc-140480"
166.5,70,0.02,"Mytilus edulis","W-Msc-140480"
167,70,0.02,"Mytilus edulis","W-Msc-140480"
167.5,70,0.03,"Mytilus edulis","W-Msc-140480"
168,70,0.03,"Mytilus edulis","W-Msc-140480"
168.5,70,0.03,"Mytilus edulis","W-Msc-140480"
169,70,0.04,"Mytilus edulis","W-Msc-140480"
169.5,70,0.05,"Mytilus edulis","W-Msc-140480"
170,70,0.06,"Mytilus edulis","W-Msc-140480"
170.5,70,0.07,"Mytilus edulis","W-Msc-140480"
171,70,0.07,"Mytilus edulis","W-Msc-140480"
171.5,70,0.07,"Mytilus edulis","W-Msc-140480"
172,70,0.07,"Mytilus edulis","W-Msc-140480"
172.5,70,0.07,"Mytilus edulis","W-Msc-140480"
173,70,0.07,"Mytilus edulis","W-Msc-140480"
173.5,70,0.07,"Mytilus edulis","W-Msc-140480"
174,70,0.06,"Mytilus edulis","W-Msc-140480"
174.5,70,0.06,"Mytilus edulis","W-Msc-140480"
175,70,0.06,"Mytilus edulis","W-Msc-140480"
175.5,70,0.06,"Mytilus edulis","W-Msc-140480"
176,70,0.06,"Mytilus edulis","W-Msc-140480"
176.5,70,0.06,"Mytilus edulis","W-Msc-140480"
177,70,0.06,"Mytilus edulis","W-Msc-140480"
177.5,70,0.05,"Mytilus edulis","W-Msc-140480"
178,70,0.04,"Mytilus edulis","W-Msc-140480"
178.5,70,0.04,"Mytilus edulis","W-Msc-140480"
179,70,0.04,"Mytilus edulis","W-Msc-140480"
179.5,70,0.07,"Mytilus edulis","W-Msc-140480"
-179.5,69.5,0.08,"Mytilus edulis","W-Msc-140480"
-179,69.5,0.05,"Mytilus edulis","W-Msc-140480"
-178.5,69.5,0.05,"Mytilus edulis","W-Msc-140480"
-178,69.5,0.05,"Mytilus edulis","W-Msc-140480"
-177.5,69.5,0.05,"Mytilus edulis","W-Msc-140480"
-177,69.5,0.05,"Mytilus edulis","W-Msc-140480"
-176.5,69.5,0.04,"Mytilus edulis","W-Msc-140480"
-176,69.5,0.04,"Mytilus edulis","W-Msc-140480"
-175.5,69.5,0.04,"Mytilus edulis","W-Msc-140480"
-175,69.5,0.05,"Mytilus edulis","W-Msc-140480"
-174.5,69.5,0.05,"Mytilus edulis","W-Msc-140480"
-174,69.5,0.05,"Mytilus edulis","W-Msc-140480"
-173.5,69.5,0.06,"Mytilus edulis","W-Msc-140480"
-173,69.5,0.07,"Mytilus edulis","W-Msc-140480"
-172.5,69.5,0.07,"Mytilus edulis","W-Msc-140480"
-172,69.5,0.08,"Mytilus edulis","W-Msc-140480"
-171.5,69.5,0.11,"Mytilus edulis","W-Msc-140480"
-171,69.5,0.11,"Mytilus edulis","W-Msc-140480"
-170.5,69.5,0.11,"Mytilus edulis","W-Msc-140480"
-170,69.5,0.14,"Mytilus edulis","W-Msc-140480"
-169.5,69.5,0.17,"Mytilus edulis","W-Msc-140480"
-169,69.5,0.17,"Mytilus edulis","W-Msc-140480"
-168.5,69.5,0.16,"Mytilus edulis","W-Msc-140480"
-168,69.5,0.15,"Mytilus edulis","W-Msc-140480"
-167.5,69.5,0.14,"Mytilus edulis","W-Msc-140480"
-167,69.5,0.15,"Mytilus edulis","W-Msc-140480"
-166.5,69.5,0.18,"Mytilus edulis","W-Msc-140480"
-166,69.5,0.21,"Mytilus edulis","W-Msc-140480"
-165.5,69.5,0.22,"Mytilus edulis","W-Msc-140480"
-165,69.5,0.22,"Mytilus edulis","W-Msc-140480"
-164.5,69.5,0.22,"Mytilus edulis","W-Msc-140480"
-164,69.5,0.23,"Mytilus edulis","W-Msc-140480"
-163.5,69.5,0.24,"Mytilus edulis","W-Msc-140480"
-163,69.5,0.24,"Mytilus edulis","W-Msc-140480"
-162.5,69.5,0.24,"Mytilus edulis","W-Msc-140480"
-142,69.5,0.09,"Mytilus edulis","W-Msc-140480"
-141.5,69.5,0.08,"Mytilus edulis","W-Msc-140480"
-141,69.5,0.09,"Mytilus edulis","W-Msc-140480"
-140.5,69.5,0.09,"Mytilus edulis","W-Msc-140480"
-140,69.5,0.1,"Mytilus edulis","W-Msc-140480"
-139.5,69.5,0.1,"Mytilus edulis","W-Msc-140480"
-139,69.5,0.11,"Mytilus edulis","W-Msc-140480"
-138.5,69.5,0.12,"Mytilus edulis","W-Msc-140480"
-138,69.5,0.03,"Mytilus edulis","W-Msc-140480"
-137.5,69.5,0.03,"Mytilus edulis","W-Msc-140480"
-137,69.5,0.13,"Mytilus edulis","W-Msc-140480"
-136.5,69.5,0.13,"Mytilus edulis","W-Msc-140480"
-136,69.5,0.13,"Mytilus edulis","W-Msc-140480"
-135.5,69.5,0.13,"Mytilus edulis","W-Msc-140480"
-135,69.5,0.13,"Mytilus edulis","W-Msc-140480"
-134.5,69.5,0.13,"Mytilus edulis","W-Msc-140480"
-134,69.5,0.14,"Mytilus edulis","W-Msc-140480"
-133.5,69.5,0.14,"Mytilus edulis","W-Msc-140480"
-133,69.5,0.14,"Mytilus edulis","W-Msc-140480"
-132.5,69.5,0.14,"Mytilus edulis","W-Msc-140480"
-132,69.5,0.13,"Mytilus edulis","W-Msc-140480"
-131.5,69.5,0.13,"Mytilus edulis","W-Msc-140480"
-131,69.5,0.13,"Mytilus edulis","W-Msc-140480"
-130.5,69.5,0.02,"Mytilus edulis","W-Msc-140480"
-130,69.5,0.13,"Mytilus edulis","W-Msc-140480"
-129.5,69.5,0.14,"Mytilus edulis","W-Msc-140480"
-129,69.5,0.14,"Mytilus edulis","W-Msc-140480"
-128.5,69.5,0.14,"Mytilus edulis","W-Msc-140480"
-128,69.5,0.12,"Mytilus edulis","W-Msc-140480"
-126.5,69.5,0.15,"Mytilus edulis","W-Msc-140480"
-126,69.5,0.15,"Mytilus edulis","W-Msc-140480"
-125.5,69.5,0.14,"Mytilus edulis","W-Msc-140480"
-125,69.5,0.14,"Mytilus edulis","W-Msc-140480"
-124.5,69.5,0.15,"Mytilus edulis","W-Msc-140480"
-124,69.5,0.15,"Mytilus edulis","W-Msc-140480"
-123.5,69.5,0.14,"Mytilus edulis","W-Msc-140480"
-123,69.5,0.14,"Mytilus edulis","W-Msc-140480"
-122.5,69.5,0.13,"Mytilus edulis","W-Msc-140480"
-122,69.5,0.13,"Mytilus edulis","W-Msc-140480"
-121.5,69.5,0.13,"Mytilus edulis","W-Msc-140480"
-121,69.5,0.14,"Mytilus edulis","W-Msc-140480"
-120.5,69.5,0.13,"Mytilus edulis","W-Msc-140480"
-120,69.5,0.08,"Mytilus edulis","W-Msc-140480"
-117,69.5,0.06,"Mytilus edulis","W-Msc-140480"
-116.5,69.5,0.05,"Mytilus edulis","W-Msc-140480"
-103,69.5,0.02,"Mytilus edulis","W-Msc-140480"
-102.5,69.5,0.02,"Mytilus edulis","W-Msc-140480"
-102,69.5,0.02,"Mytilus edulis","W-Msc-140480"
-101.5,69.5,0.01,"Mytilus edulis","W-Msc-140480"
-101,69.5,0.01,"Mytilus edulis","W-Msc-140480"
-100.5,69.5,0.01,"Mytilus edulis","W-Msc-140480"
-100,69.5,0.01,"Mytilus edulis","W-Msc-140480"
-98.5,69.5,0.01,"Mytilus edulis","W-Msc-140480"
-98,69.5,0.01,"Mytilus edulis","W-Msc-140480"
-97.5,69.5,0.01,"Mytilus edulis","W-Msc-140480"
-97,69.5,0.01,"Mytilus edulis","W-Msc-140480"
-96.5,69.5,0.01,"Mytilus edulis","W-Msc-140480"
-96,69.5,0.02,"Mytilus edulis","W-Msc-140480"
-95.5,69.5,0.02,"Mytilus edulis","W-Msc-140480"
-95,69.5,0.02,"Mytilus edulis","W-Msc-140480"
-94.5,69.5,0.02,"Mytilus edulis","W-Msc-140480"
-94,69.5,0.02,"Mytilus edulis","W-Msc-140480"
-93.5,69.5,0.02,"Mytilus edulis","W-Msc-140480"
-92.5,69.5,0.02,"Mytilus edulis","W-Msc-140480"
-92,69.5,0.02,"Mytilus edulis","W-Msc-140480"
-91.5,69.5,0.01,"Mytilus edulis","W-Msc-140480"
-91,69.5,0.01,"Mytilus edulis","W-Msc-140480"
-90.5,69.5,0.01,"Mytilus edulis","W-Msc-140480"
-90,69.5,0.01,"Mytilus edulis","W-Msc-140480"
-89.5,69.5,0.01,"Mytilus edulis","W-Msc-140480"
-89,69.5,0.01,"Mytilus edulis","W-Msc-140480"
-88,69.5,0.01,"Mytilus edulis","W-Msc-140480"
-86.5,69.5,0.01,"Mytilus edulis","W-Msc-140480"
-86,69.5,0.01,"Mytilus edulis","W-Msc-140480"
-85.5,69.5,0.01,"Mytilus edulis","W-Msc-140480"
-85,69.5,0.02,"Mytilus edulis","W-Msc-140480"
-84.5,69.5,0.04,"Mytilus edulis","W-Msc-140480"
-84,69.5,0.05,"Mytilus edulis","W-Msc-140480"
-83.5,69.5,0.07,"Mytilus edulis","W-Msc-140480"
-83,69.5,0.08,"Mytilus edulis","W-Msc-140480"
-82.5,69.5,0.1,"Mytilus edulis","W-Msc-140480"
-82,69.5,0.1,"Mytilus edulis","W-Msc-140480"
-81.5,69.5,0.09,"Mytilus edulis","W-Msc-140480"
-81,69.5,0.09,"Mytilus edulis","W-Msc-140480"
-80.5,69.5,0.09,"Mytilus edulis","W-Msc-140480"
-80,69.5,0.09,"Mytilus edulis","W-Msc-140480"
-79.5,69.5,0.08,"Mytilus edulis","W-Msc-140480"
-79,69.5,0.07,"Mytilus edulis","W-Msc-140480"
-78.5,69.5,0.05,"Mytilus edulis","W-Msc-140480"
-78,69.5,0.04,"Mytilus edulis","W-Msc-140480"
-77.5,69.5,0.05,"Mytilus edulis","W-Msc-140480"
-77,69.5,0.06,"Mytilus edulis","W-Msc-140480"
-76.5,69.5,0.05,"Mytilus edulis","W-Msc-140480"
-70,69.5,0.08,"Mytilus edulis","W-Msc-140480"
-69.5,69.5,0.09,"Mytilus edulis","W-Msc-140480"
-69,69.5,0.09,"Mytilus edulis","W-Msc-140480"
-68.5,69.5,0.09,"Mytilus edulis","W-Msc-140480"
-68,69.5,0.09,"Mytilus edulis","W-Msc-140480"
-67.5,69.5,0.09,"Mytilus edulis","W-Msc-140480"
-67,69.5,0.09,"Mytilus edulis","W-Msc-140480"
-55,69.5,0.36,"Mytilus edulis","W-Msc-140480"
-54.5,69.5,0.37,"Mytilus edulis","W-Msc-140480"
-54,69.5,0.37,"Mytilus edulis","W-Msc-140480"
-52.5,69.5,0.36,"Mytilus edulis","W-Msc-140480"
-52,69.5,0.32,"Mytilus edulis","W-Msc-140480"
-51.5,69.5,0.31,"Mytilus edulis","W-Msc-140480"
-51,69.5,0.28,"Mytilus edulis","W-Msc-140480"
-50.5,69.5,0.24,"Mytilus edulis","W-Msc-140480"
-50,69.5,0.23,"Mytilus edulis","W-Msc-140480"
-24,69.5,0.1,"Mytilus edulis","W-Msc-140480"
-23.5,69.5,0.1,"Mytilus edulis","W-Msc-140480"
-23,69.5,0.13,"Mytilus edulis","W-Msc-140480"
-22.5,69.5,0.13,"Mytilus edulis","W-Msc-140480"
-22,69.5,0.1,"Mytilus edulis","W-Msc-140480"
17,69.5,0.38,"Mytilus edulis","W-Msc-140480"
17.5,69.5,1,"Mytilus edulis","W-Msc-140480"
18,69.5,1,"Mytilus edulis","W-Msc-140480"
18.5,69.5,1,"Mytilus edulis","W-Msc-140480"
19,69.5,1,"Mytilus edulis","W-Msc-140480"
19.5,69.5,1,"Mytilus edulis","W-Msc-140480"
20,69.5,1,"Mytilus edulis","W-Msc-140480"
20.5,69.5,1,"Mytilus edulis","W-Msc-140480"
21,69.5,1,"Mytilus edulis","W-Msc-140480"
21.5,69.5,1,"Mytilus edulis","W-Msc-140480"
22,69.5,1,"Mytilus edulis","W-Msc-140480"
30,69.5,0.99,"Mytilus edulis","W-Msc-140480"
30.5,69.5,1,"Mytilus edulis","W-Msc-140480"
31,69.5,1,"Mytilus edulis","W-Msc-140480"
31.5,69.5,1,"Mytilus edulis","W-Msc-140480"
32,69.5,1,"Mytilus edulis","W-Msc-140480"
32.5,69.5,1,"Mytilus edulis","W-Msc-140480"
33,69.5,1,"Mytilus edulis","W-Msc-140480"
33.5,69.5,1,"Mytilus edulis","W-Msc-140480"
43.5,69.5,0.29,"Mytilus edulis","W-Msc-140480"
44,69.5,0.26,"Mytilus edulis","W-Msc-140480"
47,69.5,0.17,"Mytilus edulis","W-Msc-140480"
47.5,69.5,0.27,"Mytilus edulis","W-Msc-140480"
48,69.5,0.58,"Mytilus edulis","W-Msc-140480"
48.5,69.5,0.56,"Mytilus edulis","W-Msc-140480"
49,69.5,0.54,"Mytilus edulis","W-Msc-140480"
49.5,69.5,0.53,"Mytilus edulis","W-Msc-140480"
50,69.5,0.52,"Mytilus edulis","W-Msc-140480"
50.5,69.5,0.28,"Mytilus edulis","W-Msc-140480"
51,69.5,0.23,"Mytilus edulis","W-Msc-140480"
51.5,69.5,0.2,"Mytilus edulis","W-Msc-140480"
52,69.5,0.21,"Mytilus edulis","W-Msc-140480"
52.5,69.5,0.34,"Mytilus edulis","W-Msc-140480"
53,69.5,0.33,"Mytilus edulis","W-Msc-140480"
53.5,69.5,0.2,"Mytilus edulis","W-Msc-140480"
54,69.5,0.19,"Mytilus edulis","W-Msc-140480"
54.5,69.5,0.23,"Mytilus edulis","W-Msc-140480"
55,69.5,0.41,"Mytilus edulis","W-Msc-140480"
55.5,69.5,0.4,"Mytilus edulis","W-Msc-140480"
56,69.5,0.39,"Mytilus edulis","W-Msc-140480"
56.5,69.5,0.38,"Mytilus edulis","W-Msc-140480"
57,69.5,0.37,"Mytilus edulis","W-Msc-140480"
57.5,69.5,0.36,"Mytilus edulis","W-Msc-140480"
58,69.5,0.35,"Mytilus edulis","W-Msc-140480"
58.5,69.5,0.34,"Mytilus edulis","W-Msc-140480"
59,69.5,0.32,"Mytilus edulis","W-Msc-140480"
59.5,69.5,0.32,"Mytilus edulis","W-Msc-140480"
60,69.5,0.28,"Mytilus edulis","W-Msc-140480"
60.5,69.5,0.28,"Mytilus edulis","W-Msc-140480"
61,69.5,0.31,"Mytilus edulis","W-Msc-140480"
61.5,69.5,0.29,"Mytilus edulis","W-Msc-140480"
62,69.5,0.29,"Mytilus edulis","W-Msc-140480"
62.5,69.5,0.28,"Mytilus edulis","W-Msc-140480"
63,69.5,0.27,"Mytilus edulis","W-Msc-140480"
63.5,69.5,0.22,"Mytilus edulis","W-Msc-140480"
64,69.5,0.18,"Mytilus edulis","W-Msc-140480"
64.5,69.5,0.13,"Mytilus edulis","W-Msc-140480"
65,69.5,0.1,"Mytilus edulis","W-Msc-140480"
65.5,69.5,0.08,"Mytilus edulis","W-Msc-140480"
66,69.5,0.08,"Mytilus edulis","W-Msc-140480"
66.5,69.5,0.09,"Mytilus edulis","W-Msc-140480"
67,69.5,0.1,"Mytilus edulis","W-Msc-140480"
67.5,69.5,0.09,"Mytilus edulis","W-Msc-140480"
68,69.5,0.05,"Mytilus edulis","W-Msc-140480"
68.5,69.5,0.03,"Mytilus edulis","W-Msc-140480"
73,69.5,0.22,"Mytilus edulis","W-Msc-140480"
73.5,69.5,0.21,"Mytilus edulis","W-Msc-140480"
74,69.5,0.2,"Mytilus edulis","W-Msc-140480"
83.5,69.5,0.14,"Mytilus edulis","W-Msc-140480"
84,69.5,0.11,"Mytilus edulis","W-Msc-140480"
84.5,69.5,0.03,"Mytilus edulis","W-Msc-140480"
160,69.5,0.05,"Mytilus edulis","W-Msc-140480"
160.5,69.5,0.08,"Mytilus edulis","W-Msc-140480"
161,69.5,0.09,"Mytilus edulis","W-Msc-140480"
161.5,69.5,0.08,"Mytilus edulis","W-Msc-140480"
162,69.5,0.08,"Mytilus edulis","W-Msc-140480"
162.5,69.5,0.07,"Mytilus edulis","W-Msc-140480"
163,69.5,0.07,"Mytilus edulis","W-Msc-140480"
163.5,69.5,0.07,"Mytilus edulis","W-Msc-140480"
164,69.5,0.07,"Mytilus edulis","W-Msc-140480"
164.5,69.5,0.07,"Mytilus edulis","W-Msc-140480"
165,69.5,0.06,"Mytilus edulis","W-Msc-140480"
165.5,69.5,0.06,"Mytilus edulis","W-Msc-140480"
166,69.5,0.05,"Mytilus edulis","W-Msc-140480"
166.5,69.5,0.05,"Mytilus edulis","W-Msc-140480"
167,69.5,0.06,"Mytilus edulis","W-Msc-140480"
167.5,69.5,0.07,"Mytilus edulis","W-Msc-140480"
168,69.5,0.07,"Mytilus edulis","W-Msc-140480"
168.5,69.5,0.04,"Mytilus edulis","W-Msc-140480"
169,69.5,0.03,"Mytilus edulis","W-Msc-140480"
169.5,69.5,0.05,"Mytilus edulis","W-Msc-140480"
170,69.5,0.06,"Mytilus edulis","W-Msc-140480"
170.5,69.5,0.08,"Mytilus edulis","W-Msc-140480"
171,69.5,0.09,"Mytilus edulis","W-Msc-140480"
172.5,69.5,0.08,"Mytilus edulis","W-Msc-140480"
173,69.5,0.08,"Mytilus edulis","W-Msc-140480"
173.5,69.5,0.08,"Mytilus edulis","W-Msc-140480"
174,69.5,0.07,"Mytilus edulis","W-Msc-140480"
174.5,69.5,0.07,"Mytilus edulis","W-Msc-140480"
175,69.5,0.07,"Mytilus edulis","W-Msc-140480"
175.5,69.5,0.07,"Mytilus edulis","W-Msc-140480"
176,69.5,0.07,"Mytilus edulis","W-Msc-140480"
176.5,69.5,0.08,"Mytilus edulis","W-Msc-140480"
177,69.5,0.08,"Mytilus edulis","W-Msc-140480"
177.5,69.5,0.08,"Mytilus edulis","W-Msc-140480"
178,69.5,0.07,"Mytilus edulis","W-Msc-140480"
178.5,69.5,0.07,"Mytilus edulis","W-Msc-140480"
179,69.5,0.07,"Mytilus edulis","W-Msc-140480"
179.5,69.5,0.08,"Mytilus edulis","W-Msc-140480"
-179.5,69,0.09,"Mytilus edulis","W-Msc-140480"
-179,69,0.09,"Mytilus edulis","W-Msc-140480"
-178.5,69,0.07,"Mytilus edulis","W-Msc-140480"
-178,69,0.07,"Mytilus edulis","W-Msc-140480"
-177.5,69,0.05,"Mytilus edulis","W-Msc-140480"
-177,69,0.05,"Mytilus edulis","W-Msc-140480"
-176.5,69,0.05,"Mytilus edulis","W-Msc-140480"
-176,69,0.05,"Mytilus edulis","W-Msc-140480"
-175.5,69,0.05,"Mytilus edulis","W-Msc-140480"
-175,69,0.06,"Mytilus edulis","W-Msc-140480"
-174.5,69,0.06,"Mytilus edulis","W-Msc-140480"
-174,69,0.06,"Mytilus edulis","W-Msc-140480"
-173.5,69,0.06,"Mytilus edulis","W-Msc-140480"
-173,69,0.05,"Mytilus edulis","W-Msc-140480"
-172.5,69,0.06,"Mytilus edulis","W-Msc-140480"
-172,69,0.05,"Mytilus edulis","W-Msc-140480"
-171.5,69,0.08,"Mytilus edulis","W-Msc-140480"
-171,69,0.07,"Mytilus edulis","W-Msc-140480"
-170.5,69,0.07,"Mytilus edulis","W-Msc-140480"
-170,69,0.06,"Mytilus edulis","W-Msc-140480"
-169.5,69,0.06,"Mytilus edulis","W-Msc-140480"
-169,69,0.06,"Mytilus edulis","W-Msc-140480"
-168.5,69,0.08,"Mytilus edulis","W-Msc-140480"
-168,69,0.12,"Mytilus edulis","W-Msc-140480"
-167.5,69,0.16,"Mytilus edulis","W-Msc-140480"
-167,69,0.17,"Mytilus edulis","W-Msc-140480"
-166.5,69,0.23,"Mytilus edulis","W-Msc-140480"
-166,69,0.24,"Mytilus edulis","W-Msc-140480"
-165.5,69,0.24,"Mytilus edulis","W-Msc-140480"
-165,69,0.24,"Mytilus edulis","W-Msc-140480"
-164.5,69,0.24,"Mytilus edulis","W-Msc-140480"
-164,69,0.25,"Mytilus edulis","W-Msc-140480"
-163.5,69,0.27,"Mytilus edulis","W-Msc-140480"
-163,69,0.28,"Mytilus edulis","W-Msc-140480"
-138.5,69,0.13,"Mytilus edulis","W-Msc-140480"
-138,69,0.13,"Mytilus edulis","W-Msc-140480"
-137.5,69,0.13,"Mytilus edulis","W-Msc-140480"
-137,69,0.14,"Mytilus edulis","W-Msc-140480"
-136.5,69,0.15,"Mytilus edulis","W-Msc-140480"
-136,69,0.16,"Mytilus edulis","W-Msc-140480"
-135.5,69,0.16,"Mytilus edulis","W-Msc-140480"
-135,69,0.03,"Mytilus edulis","W-Msc-140480"
-134.5,69,0.03,"Mytilus edulis","W-Msc-140480"
-134,69,0.03,"Mytilus edulis","W-Msc-140480"
-133.5,69,0.06,"Mytilus edulis","W-Msc-140480"
-133,69,0.09,"Mytilus edulis","W-Msc-140480"
-132.5,69,0.03,"Mytilus edulis","W-Msc-140480"
-130.5,69,0.03,"Mytilus edulis","W-Msc-140480"
-126,69,0.17,"Mytilus edulis","W-Msc-140480"
-125.5,69,0.17,"Mytilus edulis","W-Msc-140480"
-125,69,0.06,"Mytilus edulis","W-Msc-140480"
-124,69,0.17,"Mytilus edulis","W-Msc-140480"
-123.5,69,0.17,"Mytilus edulis","W-Msc-140480"
-123,69,0.16,"Mytilus edulis","W-Msc-140480"
-120,69,0.16,"Mytilus edulis","W-Msc-140480"
-119.5,69,0.14,"Mytilus edulis","W-Msc-140480"
-119,69,0.13,"Mytilus edulis","W-Msc-140480"
-118.5,69,0.11,"Mytilus edulis","W-Msc-140480"
-118,69,0.09,"Mytilus edulis","W-Msc-140480"
-117.5,69,0.07,"Mytilus edulis","W-Msc-140480"
-117,69,0.05,"Mytilus edulis","W-Msc-140480"
-116.5,69,0.05,"Mytilus edulis","W-Msc-140480"
-116,69,0.06,"Mytilus edulis","W-Msc-140480"
-115.5,69,0.06,"Mytilus edulis","W-Msc-140480"
-115,69,0.06,"Mytilus edulis","W-Msc-140480"
-114.5,69,0.06,"Mytilus edulis","W-Msc-140480"
-114,69,0.06,"Mytilus edulis","W-Msc-140480"
-113.5,69,0.04,"Mytilus edulis","W-Msc-140480"
-107,69,0.03,"Mytilus edulis","W-Msc-140480"
-106.5,69,0.03,"Mytilus edulis","W-Msc-140480"
-106,69,0.03,"Mytilus edulis","W-Msc-140480"
-105.5,69,0.03,"Mytilus edulis","W-Msc-140480"
-105,69,0.03,"Mytilus edulis","W-Msc-140480"
-104.5,69,0.02,"Mytilus edulis","W-Msc-140480"
-102.5,69,0.02,"Mytilus edulis","W-Msc-140480"
-102,69,0.01,"Mytilus edulis","W-Msc-140480"
-101.5,69,0.01,"Mytilus edulis","W-Msc-140480"
-101,69,0.01,"Mytilus edulis","W-Msc-140480"
-100.5,69,0.01,"Mytilus edulis","W-Msc-140480"
-100,69,0.01,"Mytilus edulis","W-Msc-140480"
-99.5,69,0.01,"Mytilus edulis","W-Msc-140480"
-99,69,0.01,"Mytilus edulis","W-Msc-140480"
-98.5,69,0.01,"Mytilus edulis","W-Msc-140480"
-98,69,0.01,"Mytilus edulis","W-Msc-140480"
-96.5,69,0.01,"Mytilus edulis","W-Msc-140480"
-96,69,0.02,"Mytilus edulis","W-Msc-140480"
-95.5,69,0.02,"Mytilus edulis","W-Msc-140480"
-95,69,0.02,"Mytilus edulis","W-Msc-140480"
-94.5,69,0.02,"Mytilus edulis","W-Msc-140480"
-94,69,0.02,"Mytilus edulis","W-Msc-140480"
-93.5,69,0.02,"Mytilus edulis","W-Msc-140480"
-90.5,69,0.02,"Mytilus edulis","W-Msc-140480"
-90,69,0.02,"Mytilus edulis","W-Msc-140480"
-89.5,69,0.01,"Mytilus edulis","W-Msc-140480"
-89,69,0.01,"Mytilus edulis","W-Msc-140480"
-88.5,69,0.01,"Mytilus edulis","W-Msc-140480"
-88,69,0.01,"Mytilus edulis","W-Msc-140480"
-87.5,69,0.01,"Mytilus edulis","W-Msc-140480"
-85.5,69,0.01,"Mytilus edulis","W-Msc-140480"
-85,69,0.01,"Mytilus edulis","W-Msc-140480"
-84.5,69,0.02,"Mytilus edulis","W-Msc-140480"
-82,69,0.09,"Mytilus edulis","W-Msc-140480"
-81.5,69,0.08,"Mytilus edulis","W-Msc-140480"
-81,69,0.08,"Mytilus edulis","W-Msc-140480"
-80.5,69,0.08,"Mytilus edulis","W-Msc-140480"
-80,69,0.07,"Mytilus edulis","W-Msc-140480"
-79.5,69,0.06,"Mytilus edulis","W-Msc-140480"
-79,69,0.05,"Mytilus edulis","W-Msc-140480"
-78.5,69,0.04,"Mytilus edulis","W-Msc-140480"
-78,69,0.02,"Mytilus edulis","W-Msc-140480"
-77.5,69,0.02,"Mytilus edulis","W-Msc-140480"
-77,69,0.03,"Mytilus edulis","W-Msc-140480"
-76.5,69,0.03,"Mytilus edulis","W-Msc-140480"
-76,69,0.04,"Mytilus edulis","W-Msc-140480"
-75.5,69,0.06,"Mytilus edulis","W-Msc-140480"
-75,69,0.02,"Mytilus edulis","W-Msc-140480"
-68,69,0.09,"Mytilus edulis","W-Msc-140480"
-67.5,69,0.09,"Mytilus edulis","W-Msc-140480"
-67,69,0.08,"Mytilus edulis","W-Msc-140480"
-66.5,69,0.07,"Mytilus edulis","W-Msc-140480"
-66,69,0.06,"Mytilus edulis","W-Msc-140480"
-65.5,69,0.04,"Mytilus edulis","W-Msc-140480"
-54,69,0.44,"Mytilus edulis","W-Msc-140480"
-53.5,69,0.45,"Mytilus edulis","W-Msc-140480"
-53,69,0.47,"Mytilus edulis","W-Msc-140480"
-52.5,69,0.46,"Mytilus edulis","W-Msc-140480"
-52,69,0.44,"Mytilus edulis","W-Msc-140480"
-51,69,0.35,"Mytilus edulis","W-Msc-140480"
-50.5,69,0.3,"Mytilus edulis","W-Msc-140480"
-50,69,0.25,"Mytilus edulis","W-Msc-140480"
-25,69,0.13,"Mytilus edulis","W-Msc-140480"
-24.5,69,0.14,"Mytilus edulis","W-Msc-140480"
-24,69,0.13,"Mytilus edulis","W-Msc-140480"
14,69,0.76,"Mytilus edulis","W-Msc-140480"
15,69,0.1,"Mytilus edulis","W-Msc-140480"
15.5,69,1,"Mytilus edulis","W-Msc-140480"
16,69,1,"Mytilus edulis","W-Msc-140480"
16.5,69,1,"Mytilus edulis","W-Msc-140480"
17,69,1,"Mytilus edulis","W-Msc-140480"
17.5,69,1,"Mytilus edulis","W-Msc-140480"
18,69,1,"Mytilus edulis","W-Msc-140480"
18.5,69,1,"Mytilus edulis","W-Msc-140480"
19,69,1,"Mytilus edulis","W-Msc-140480"
19.5,69,1,"Mytilus edulis","W-Msc-140480"
20.5,69,1,"Mytilus edulis","W-Msc-140480"
33,69,0.83,"Mytilus edulis","W-Msc-140480"
33.5,69,1,"Mytilus edulis","W-Msc-140480"
34,69,1,"Mytilus edulis","W-Msc-140480"
34.5,69,1,"Mytilus edulis","W-Msc-140480"
35,69,1,"Mytilus edulis","W-Msc-140480"
35.5,69,1,"Mytilus edulis","W-Msc-140480"
36,69,1,"Mytilus edulis","W-Msc-140480"
36.5,69,0.99,"Mytilus edulis","W-Msc-140480"
37,69,0.98,"Mytilus edulis","W-Msc-140480"
43,69,0.2,"Mytilus edulis","W-Msc-140480"
43.5,69,0.55,"Mytilus edulis","W-Msc-140480"
44,69,0.27,"Mytilus edulis","W-Msc-140480"
44.5,69,0.24,"Mytilus edulis","W-Msc-140480"
45,69,0.26,"Mytilus edulis","W-Msc-140480"
45.5,69,0.14,"Mytilus edulis","W-Msc-140480"
46.5,69,0.13,"Mytilus edulis","W-Msc-140480"
47,69,0.2,"Mytilus edulis","W-Msc-140480"
47.5,69,0.34,"Mytilus edulis","W-Msc-140480"
48,69,0.52,"Mytilus edulis","W-Msc-140480"
48.5,69,0.51,"Mytilus edulis","W-Msc-140480"
49,69,0.5,"Mytilus edulis","W-Msc-140480"
50,69,0.49,"Mytilus edulis","W-Msc-140480"
50.5,69,0.49,"Mytilus edulis","W-Msc-140480"
51,69,0.48,"Mytilus edulis","W-Msc-140480"
51.5,69,0.34,"Mytilus edulis","W-Msc-140480"
52,69,0.46,"Mytilus edulis","W-Msc-140480"
52.5,69,0.45,"Mytilus edulis","W-Msc-140480"
53,69,0.44,"Mytilus edulis","W-Msc-140480"
53.5,69,0.43,"Mytilus edulis","W-Msc-140480"
54,69,0.42,"Mytilus edulis","W-Msc-140480"
54.5,69,0.41,"Mytilus edulis","W-Msc-140480"
55,69,0.4,"Mytilus edulis","W-Msc-140480"
55.5,69,0.39,"Mytilus edulis","W-Msc-140480"
56,69,0.38,"Mytilus edulis","W-Msc-140480"
56.5,69,0.37,"Mytilus edulis","W-Msc-140480"
57,69,0.36,"Mytilus edulis","W-Msc-140480"
57.5,69,0.35,"Mytilus edulis","W-Msc-140480"
58,69,0.34,"Mytilus edulis","W-Msc-140480"
58.5,69,0.32,"Mytilus edulis","W-Msc-140480"
59,69,0.31,"Mytilus edulis","W-Msc-140480"
59.5,69,0.3,"Mytilus edulis","W-Msc-140480"
60,69,0.29,"Mytilus edulis","W-Msc-140480"
60.5,69,0.3,"Mytilus edulis","W-Msc-140480"
61,69,0.31,"Mytilus edulis","W-Msc-140480"
65,69,0.24,"Mytilus edulis","W-Msc-140480"
65.5,69,0.2,"Mytilus edulis","W-Msc-140480"
66,69,0.11,"Mytilus edulis","W-Msc-140480"
66.5,69,0.07,"Mytilus edulis","W-Msc-140480"
67,69,0.06,"Mytilus edulis","W-Msc-140480"
67.5,69,0.08,"Mytilus edulis","W-Msc-140480"
68,69,0.11,"Mytilus edulis","W-Msc-140480"
68.5,69,0.15,"Mytilus edulis","W-Msc-140480"
73,69,0.23,"Mytilus edulis","W-Msc-140480"
73.5,69,0.2,"Mytilus edulis","W-Msc-140480"
74,69,0.21,"Mytilus edulis","W-Msc-140480"
74.5,69,0.22,"Mytilus edulis","W-Msc-140480"
75,69,0.18,"Mytilus edulis","W-Msc-140480"
75.5,69,0.22,"Mytilus edulis","W-Msc-140480"
76,69,0.21,"Mytilus edulis","W-Msc-140480"
76.5,69,0.2,"Mytilus edulis","W-Msc-140480"
77,69,0.16,"Mytilus edulis","W-Msc-140480"
161.5,69,0.03,"Mytilus edulis","W-Msc-140480"
162,69,0.03,"Mytilus edulis","W-Msc-140480"
168.5,69,0.02,"Mytilus edulis","W-Msc-140480"
169,69,0.03,"Mytilus edulis","W-Msc-140480"
169.5,69,0.03,"Mytilus edulis","W-Msc-140480"
170,69,0.04,"Mytilus edulis","W-Msc-140480"
170.5,69,0.08,"Mytilus edulis","W-Msc-140480"
171,69,0.11,"Mytilus edulis","W-Msc-140480"
171.5,69,0.02,"Mytilus edulis","W-Msc-140480"
178.5,69,0.09,"Mytilus edulis","W-Msc-140480"
179,69,0.08,"Mytilus edulis","W-Msc-140480"
179.5,69,0.09,"Mytilus edulis","W-Msc-140480"
-179.5,68.5,0.11,"Mytilus edulis","W-Msc-140480"
-179,68.5,0.09,"Mytilus edulis","W-Msc-140480"
-178.5,68.5,0.1,"Mytilus edulis","W-Msc-140480"
-178,68.5,0.1,"Mytilus edulis","W-Msc-140480"
-177.5,68.5,0.1,"Mytilus edulis","W-Msc-140480"
-177,68.5,0.11,"Mytilus edulis","W-Msc-140480"
-176.5,68.5,0.08,"Mytilus edulis","W-Msc-140480"
-176,68.5,0.06,"Mytilus edulis","W-Msc-140480"
-175.5,68.5,0.07,"Mytilus edulis","W-Msc-140480"
-175,68.5,0.06,"Mytilus edulis","W-Msc-140480"
-174.5,68.5,0.07,"Mytilus edulis","W-Msc-140480"
-174,68.5,0.07,"Mytilus edulis","W-Msc-140480"
-173.5,68.5,0.07,"Mytilus edulis","W-Msc-140480"
-173,68.5,0.07,"Mytilus edulis","W-Msc-140480"
-172.5,68.5,0.06,"Mytilus edulis","W-Msc-140480"
-172,68.5,0.06,"Mytilus edulis","W-Msc-140480"
-171.5,68.5,0.05,"Mytilus edulis","W-Msc-140480"
-171,68.5,0.05,"Mytilus edulis","W-Msc-140480"
-170.5,68.5,0.05,"Mytilus edulis","W-Msc-140480"
-170,68.5,0.05,"Mytilus edulis","W-Msc-140480"
-169.5,68.5,0.06,"Mytilus edulis","W-Msc-140480"
-169,68.5,0.07,"Mytilus edulis","W-Msc-140480"
-168.5,68.5,0.09,"Mytilus edulis","W-Msc-140480"
-168,68.5,0.12,"Mytilus edulis","W-Msc-140480"
-167.5,68.5,0.16,"Mytilus edulis","W-Msc-140480"
-167,68.5,0.25,"Mytilus edulis","W-Msc-140480"
-166.5,68.5,0.27,"Mytilus edulis","W-Msc-140480"
-166,68.5,0.27,"Mytilus edulis","W-Msc-140480"
-165.5,68.5,0.27,"Mytilus edulis","W-Msc-140480"
-165,68.5,0.27,"Mytilus edulis","W-Msc-140480"
-164.5,68.5,0.28,"Mytilus edulis","W-Msc-140480"
-164,68.5,0.29,"Mytilus edulis","W-Msc-140480"
-137,68.5,0.11,"Mytilus edulis","W-Msc-140480"
-136.5,68.5,0.14,"Mytilus edulis","W-Msc-140480"
-136,68.5,0.11,"Mytilus edulis","W-Msc-140480"
-135.5,68.5,0.03,"Mytilus edulis","W-Msc-140480"
-135,68.5,0.03,"Mytilus edulis","W-Msc-140480"
-117,68.5,0.08,"Mytilus edulis","W-Msc-140480"
-116.5,68.5,0.07,"Mytilus edulis","W-Msc-140480"
-116,68.5,0.08,"Mytilus edulis","W-Msc-140480"
-115.5,68.5,0.06,"Mytilus edulis","W-Msc-140480"
-115,68.5,0.05,"Mytilus edulis","W-Msc-140480"
-114.5,68.5,0.05,"Mytilus edulis","W-Msc-140480"
-114,68.5,0.04,"Mytilus edulis","W-Msc-140480"
-113.5,68.5,0.04,"Mytilus edulis","W-Msc-140480"
-113,68.5,0.03,"Mytilus edulis","W-Msc-140480"
-112,68.5,0.02,"Mytilus edulis","W-Msc-140480"
-111.5,68.5,0.02,"Mytilus edulis","W-Msc-140480"
-111,68.5,0.02,"Mytilus edulis","W-Msc-140480"
-110.5,68.5,0.02,"Mytilus edulis","W-Msc-140480"
-110,68.5,0.02,"Mytilus edulis","W-Msc-140480"
-109.5,68.5,0.03,"Mytilus edulis","W-Msc-140480"
-109,68.5,0.03,"Mytilus edulis","W-Msc-140480"
-108.5,68.5,0.03,"Mytilus edulis","W-Msc-140480"
-108,68.5,0.02,"Mytilus edulis","W-Msc-140480"
-107.5,68.5,0.02,"Mytilus edulis","W-Msc-140480"
-107,68.5,0.02,"Mytilus edulis","W-Msc-140480"
-106.5,68.5,0.02,"Mytilus edulis","W-Msc-140480"
-106,68.5,0.02,"Mytilus edulis","W-Msc-140480"
-105.5,68.5,0.02,"Mytilus edulis","W-Msc-140480"
-105,68.5,0.02,"Mytilus edulis","W-Msc-140480"
-104.5,68.5,0.02,"Mytilus edulis","W-Msc-140480"
-104,68.5,0.03,"Mytilus edulis","W-Msc-140480"
-103.5,68.5,0.03,"Mytilus edulis","W-Msc-140480"
-103,68.5,0.04,"Mytilus edulis","W-Msc-140480"
-102.5,68.5,0.03,"Mytilus edulis","W-Msc-140480"
-102,68.5,0.02,"Mytilus edulis","W-Msc-140480"
-101.5,68.5,0.02,"Mytilus edulis","W-Msc-140480"
-101,68.5,0.01,"Mytilus edulis","W-Msc-140480"
-100.5,68.5,0.02,"Mytilus edulis","W-Msc-140480"
-100,68.5,0.02,"Mytilus edulis","W-Msc-140480"
-99.5,68.5,0.02,"Mytilus edulis","W-Msc-140480"
-99,68.5,0.02,"Mytilus edulis","W-Msc-140480"
-98.5,68.5,0.03,"Mytilus edulis","W-Msc-140480"
-98,68.5,0.03,"Mytilus edulis","W-Msc-140480"
-97.5,68.5,0.02,"Mytilus edulis","W-Msc-140480"
-97,68.5,0.05,"Mytilus edulis","W-Msc-140480"
-96.5,68.5,0.05,"Mytilus edulis","W-Msc-140480"
-96,68.5,0.05,"Mytilus edulis","W-Msc-140480"
-95.5,68.5,0.05,"Mytilus edulis","W-Msc-140480"
-95,68.5,0.05,"Mytilus edulis","W-Msc-140480"
-94.5,68.5,0.04,"Mytilus edulis","W-Msc-140480"
-94,68.5,0.05,"Mytilus edulis","W-Msc-140480"
-93.5,68.5,0.05,"Mytilus edulis","W-Msc-140480"
-90,68.5,0.04,"Mytilus edulis","W-Msc-140480"
-89.5,68.5,0.04,"Mytilus edulis","W-Msc-140480"
-88,68.5,0.01,"Mytilus edulis","W-Msc-140480"
-87.5,68.5,0.01,"Mytilus edulis","W-Msc-140480"
-87,68.5,0.01,"Mytilus edulis","W-Msc-140480"
-85.5,68.5,0.01,"Mytilus edulis","W-Msc-140480"
-85,68.5,0.01,"Mytilus edulis","W-Msc-140480"
-82.5,68.5,0.02,"Mytilus edulis","W-Msc-140480"
-82,68.5,0.02,"Mytilus edulis","W-Msc-140480"
-81.5,68.5,0.09,"Mytilus edulis","W-Msc-140480"
-81,68.5,0.08,"Mytilus edulis","W-Msc-140480"
-80.5,68.5,0.06,"Mytilus edulis","W-Msc-140480"
-80,68.5,0.05,"Mytilus edulis","W-Msc-140480"
-79.5,68.5,0.04,"Mytilus edulis","W-Msc-140480"
-79,68.5,0.04,"Mytilus edulis","W-Msc-140480"
-78.5,68.5,0.02,"Mytilus edulis","W-Msc-140480"
-78,68.5,0.01,"Mytilus edulis","W-Msc-140480"
-77.5,68.5,0.01,"Mytilus edulis","W-Msc-140480"
-77,68.5,0.01,"Mytilus edulis","W-Msc-140480"
-76.5,68.5,0.01,"Mytilus edulis","W-Msc-140480"
-76,68.5,0.02,"Mytilus edulis","W-Msc-140480"
-75.5,68.5,0.02,"Mytilus edulis","W-Msc-140480"
-75,68.5,0.02,"Mytilus edulis","W-Msc-140480"
-74.5,68.5,0.02,"Mytilus edulis","W-Msc-140480"
-74,68.5,0.03,"Mytilus edulis","W-Msc-140480"
-73.5,68.5,0.01,"Mytilus edulis","W-Msc-140480"
-69,68.5,0.09,"Mytilus edulis","W-Msc-140480"
-68.5,68.5,0.1,"Mytilus edulis","W-Msc-140480"
-68,68.5,0.11,"Mytilus edulis","W-Msc-140480"
-67.5,68.5,0.08,"Mytilus edulis","W-Msc-140480"
-67,68.5,0.06,"Mytilus edulis","W-Msc-140480"
-66.5,68.5,0.05,"Mytilus edulis","W-Msc-140480"
-65.5,68.5,0.05,"Mytilus edulis","W-Msc-140480"
-65,68.5,0.06,"Mytilus edulis","W-Msc-140480"
-53.5,68.5,0.36,"Mytilus edulis","W-Msc-140480"
-53,68.5,0.44,"Mytilus edulis","W-Msc-140480"
-52.5,68.5,0.44,"Mytilus edulis","W-Msc-140480"
-52,68.5,0.43,"Mytilus edulis","W-Msc-140480"
-51.5,68.5,0.43,"Mytilus edulis","W-Msc-140480"
-51,68.5,0.4,"Mytilus edulis","W-Msc-140480"
-50,68.5,0.27,"Mytilus edulis","W-Msc-140480"
-32.5,68.5,0.1,"Mytilus edulis","W-Msc-140480"
-32,68.5,0.09,"Mytilus edulis","W-Msc-140480"
-27.5,68.5,0.11,"Mytilus edulis","W-Msc-140480"
-27,68.5,0.11,"Mytilus edulis","W-Msc-140480"
-26.5,68.5,0.11,"Mytilus edulis","W-Msc-140480"
-26,68.5,0.12,"Mytilus edulis","W-Msc-140480"
-25.5,68.5,0.12,"Mytilus edulis","W-Msc-140480"
-25,68.5,0.12,"Mytilus edulis","W-Msc-140480"
14.5,68.5,1,"Mytilus edulis","W-Msc-140480"
15,68.5,1,"Mytilus edulis","W-Msc-140480"
15.5,68.5,1,"Mytilus edulis","W-Msc-140480"
16,68.5,1,"Mytilus edulis","W-Msc-140480"
16.5,68.5,1,"Mytilus edulis","W-Msc-140480"
17,68.5,1,"Mytilus edulis","W-Msc-140480"
17.5,68.5,1,"Mytilus edulis","W-Msc-140480"
37,68.5,0.96,"Mytilus edulis","W-Msc-140480"
37.5,68.5,0.96,"Mytilus edulis","W-Msc-140480"
38,68.5,0.95,"Mytilus edulis","W-Msc-140480"
38.5,68.5,0.94,"Mytilus edulis","W-Msc-140480"
41.5,68.5,0.13,"Mytilus edulis","W-Msc-140480"
42,68.5,0.18,"Mytilus edulis","W-Msc-140480"
42.5,68.5,0.2,"Mytilus edulis","W-Msc-140480"
43,68.5,0.29,"Mytilus edulis","W-Msc-140480"
43.5,68.5,0.66,"Mytilus edulis","W-Msc-140480"
44,68.5,0.64,"Mytilus edulis","W-Msc-140480"
44.5,68.5,0.64,"Mytilus edulis","W-Msc-140480"
45,68.5,0.63,"Mytilus edulis","W-Msc-140480"
45.5,68.5,0.63,"Mytilus edulis","W-Msc-140480"
46,68.5,0.61,"Mytilus edulis","W-Msc-140480"
46.5,68.5,0.57,"Mytilus edulis","W-Msc-140480"
47,68.5,0.08,"Mytilus edulis","W-Msc-140480"
47.5,68.5,0.16,"Mytilus edulis","W-Msc-140480"
48,68.5,0.2,"Mytilus edulis","W-Msc-140480"
48.5,68.5,0.47,"Mytilus edulis","W-Msc-140480"
49,68.5,0.47,"Mytilus edulis","W-Msc-140480"
49.5,68.5,0.46,"Mytilus edulis","W-Msc-140480"
50,68.5,0.46,"Mytilus edulis","W-Msc-140480"
50.5,68.5,0.43,"Mytilus edulis","W-Msc-140480"
51,68.5,0.44,"Mytilus edulis","W-Msc-140480"
51.5,68.5,0.46,"Mytilus edulis","W-Msc-140480"
52,68.5,0.46,"Mytilus edulis","W-Msc-140480"
52.5,68.5,0.46,"Mytilus edulis","W-Msc-140480"
53,68.5,0.45,"Mytilus edulis","W-Msc-140480"
53.5,68.5,0.44,"Mytilus edulis","W-Msc-140480"
54,68.5,0.42,"Mytilus edulis","W-Msc-140480"
54.5,68.5,0.34,"Mytilus edulis","W-Msc-140480"
55,68.5,0.39,"Mytilus edulis","W-Msc-140480"
55.5,68.5,0.38,"Mytilus edulis","W-Msc-140480"
56,68.5,0.38,"Mytilus edulis","W-Msc-140480"
56.5,68.5,0.38,"Mytilus edulis","W-Msc-140480"
57,68.5,0.38,"Mytilus edulis","W-Msc-140480"
57.5,68.5,0.38,"Mytilus edulis","W-Msc-140480"
58,68.5,0.37,"Mytilus edulis","W-Msc-140480"
58.5,68.5,0.35,"Mytilus edulis","W-Msc-140480"
59,68.5,0.17,"Mytilus edulis","W-Msc-140480"
59.5,68.5,0.32,"Mytilus edulis","W-Msc-140480"
60,68.5,0.31,"Mytilus edulis","W-Msc-140480"
60.5,68.5,0.32,"Mytilus edulis","W-Msc-140480"
61,68.5,0.32,"Mytilus edulis","W-Msc-140480"
66.5,68.5,0.04,"Mytilus edulis","W-Msc-140480"
67,68.5,0.2,"Mytilus edulis","W-Msc-140480"
67.5,68.5,0.12,"Mytilus edulis","W-Msc-140480"
68,68.5,0.1,"Mytilus edulis","W-Msc-140480"
68.5,68.5,0.1,"Mytilus edulis","W-Msc-140480"
69,68.5,0.16,"Mytilus edulis","W-Msc-140480"
69.5,68.5,0.07,"Mytilus edulis","W-Msc-140480"
73,68.5,0.28,"Mytilus edulis","W-Msc-140480"
73.5,68.5,0.25,"Mytilus edulis","W-Msc-140480"
74,68.5,0.22,"Mytilus edulis","W-Msc-140480"
74.5,68.5,0.22,"Mytilus edulis","W-Msc-140480"
75,68.5,0.2,"Mytilus edulis","W-Msc-140480"
75.5,68.5,0.23,"Mytilus edulis","W-Msc-140480"
76,68.5,0.22,"Mytilus edulis","W-Msc-140480"
77,68.5,0.2,"Mytilus edulis","W-Msc-140480"
77.5,68.5,0.19,"Mytilus edulis","W-Msc-140480"
78,68.5,0.2,"Mytilus edulis","W-Msc-140480"
169.5,68.5,0.01,"Mytilus edulis","W-Msc-140480"
170,68.5,0.07,"Mytilus edulis","W-Msc-140480"
170.5,68.5,0.09,"Mytilus edulis","W-Msc-140480"
171,68.5,0.1,"Mytilus edulis","W-Msc-140480"
-177.5,68,0.12,"Mytilus edulis","W-Msc-140480"
-177,68,0.12,"Mytilus edulis","W-Msc-140480"
-176.5,68,0.12,"Mytilus edulis","W-Msc-140480"
-176,68,0.12,"Mytilus edulis","W-Msc-140480"
-175.5,68,0.13,"Mytilus edulis","W-Msc-140480"
-175,68,0.13,"Mytilus edulis","W-Msc-140480"
-174.5,68,0.1,"Mytilus edulis","W-Msc-140480"
-174,68,0.08,"Mytilus edulis","W-Msc-140480"
-173.5,68,0.08,"Mytilus edulis","W-Msc-140480"
-173,68,0.08,"Mytilus edulis","W-Msc-140480"
-172.5,68,0.09,"Mytilus edulis","W-Msc-140480"
-172,68,0.08,"Mytilus edulis","W-Msc-140480"
-171.5,68,0.09,"Mytilus edulis","W-Msc-140480"
-171,68,0.1,"Mytilus edulis","W-Msc-140480"
-170.5,68,0.1,"Mytilus edulis","W-Msc-140480"
-170,68,0.06,"Mytilus edulis","W-Msc-140480"
-169.5,68,0.06,"Mytilus edulis","W-Msc-140480"
-169,68,0.05,"Mytilus edulis","W-Msc-140480"
-168.5,68,0.1,"Mytilus edulis","W-Msc-140480"
-168,68,0.08,"Mytilus edulis","W-Msc-140480"
-167.5,68,0.16,"Mytilus edulis","W-Msc-140480"
-167,68,0.26,"Mytilus edulis","W-Msc-140480"
-166.5,68,0.29,"Mytilus edulis","W-Msc-140480"
-166,68,0.31,"Mytilus edulis","W-Msc-140480"
-165.5,68,0.3,"Mytilus edulis","W-Msc-140480"
-165,68,0.3,"Mytilus edulis","W-Msc-140480"
-115,68,0.05,"Mytilus edulis","W-Msc-140480"
-114.5,68,0.04,"Mytilus edulis","W-Msc-140480"
-114,68,0.04,"Mytilus edulis","W-Msc-140480"
-113.5,68,0.03,"Mytilus edulis","W-Msc-140480"
-113,68,0.03,"Mytilus edulis","W-Msc-140480"
-112.5,68,0.02,"Mytilus edulis","W-Msc-140480"
-112,68,0.02,"Mytilus edulis","W-Msc-140480"
-111.5,68,0.02,"Mytilus edulis","W-Msc-140480"
-111,68,0.02,"Mytilus edulis","W-Msc-140480"
-110.5,68,0.02,"Mytilus edulis","W-Msc-140480"
-110,68,0.02,"Mytilus edulis","W-Msc-140480"
-109.5,68,0.02,"Mytilus edulis","W-Msc-140480"
-109,68,0.02,"Mytilus edulis","W-Msc-140480"
-108.5,68,0.03,"Mytilus edulis","W-Msc-140480"
-108,68,0.03,"Mytilus edulis","W-Msc-140480"
-107.5,68,0.02,"Mytilus edulis","W-Msc-140480"
-107,68,0.02,"Mytilus edulis","W-Msc-140480"
-106.5,68,0.02,"Mytilus edulis","W-Msc-140480"
-106,68,0.03,"Mytilus edulis","W-Msc-140480"
-105.5,68,0.03,"Mytilus edulis","W-Msc-140480"
-105,68,0.04,"Mytilus edulis","W-Msc-140480"
-104.5,68,0.04,"Mytilus edulis","W-Msc-140480"
-104,68,0.04,"Mytilus edulis","W-Msc-140480"
-103.5,68,0.04,"Mytilus edulis","W-Msc-140480"
-103,68,0.03,"Mytilus edulis","W-Msc-140480"
-102.5,68,0.02,"Mytilus edulis","W-Msc-140480"
-102,68,0.02,"Mytilus edulis","W-Msc-140480"
-101.5,68,0.02,"Mytilus edulis","W-Msc-140480"
-101,68,0.01,"Mytilus edulis","W-Msc-140480"
-100.5,68,0.01,"Mytilus edulis","W-Msc-140480"
-100,68,0.02,"Mytilus edulis","W-Msc-140480"
-99.5,68,0.02,"Mytilus edulis","W-Msc-140480"
-99,68,0.02,"Mytilus edulis","W-Msc-140480"
-98.5,68,0.02,"Mytilus edulis","W-Msc-140480"
-98,68,0.02,"Mytilus edulis","W-Msc-140480"
-97.5,68,0.01,"Mytilus edulis","W-Msc-140480"
-97,68,0.08,"Mytilus edulis","W-Msc-140480"
-96.5,68,0.09,"Mytilus edulis","W-Msc-140480"
-96,68,0.09,"Mytilus edulis","W-Msc-140480"
-95.5,68,0.07,"Mytilus edulis","W-Msc-140480"
-95,68,0.05,"Mytilus edulis","W-Msc-140480"
-94.5,68,0.03,"Mytilus edulis","W-Msc-140480"
-94,68,0.03,"Mytilus edulis","W-Msc-140480"
-90,68,0.06,"Mytilus edulis","W-Msc-140480"
-88,68,0.02,"Mytilus edulis","W-Msc-140480"
-87.5,68,0.01,"Mytilus edulis","W-Msc-140480"
-87,68,0.01,"Mytilus edulis","W-Msc-140480"
-86.5,68,0.01,"Mytilus edulis","W-Msc-140480"
-86,68,0.01,"Mytilus edulis","W-Msc-140480"
-85.5,68,0.01,"Mytilus edulis","W-Msc-140480"
-82,68,0.11,"Mytilus edulis","W-Msc-140480"
-81.5,68,0.07,"Mytilus edulis","W-Msc-140480"
-81,68,0.04,"Mytilus edulis","W-Msc-140480"
-80.5,68,0.02,"Mytilus edulis","W-Msc-140480"
-80,68,0.03,"Mytilus edulis","W-Msc-140480"
-79.5,68,0.02,"Mytilus edulis","W-Msc-140480"
-79,68,0.02,"Mytilus edulis","W-Msc-140480"
-78.5,68,0.02,"Mytilus edulis","W-Msc-140480"
-78,68,0.02,"Mytilus edulis","W-Msc-140480"
-77.5,68,0.01,"Mytilus edulis","W-Msc-140480"
-77,68,0.01,"Mytilus edulis","W-Msc-140480"
-76.5,68,0.02,"Mytilus edulis","W-Msc-140480"
-76,68,0.02,"Mytilus edulis","W-Msc-140480"
-75.5,68,0.03,"Mytilus edulis","W-Msc-140480"
-75,68,0.03,"Mytilus edulis","W-Msc-140480"
-74.5,68,0.03,"Mytilus edulis","W-Msc-140480"
-74,68,0.03,"Mytilus edulis","W-Msc-140480"
-73.5,68,0.03,"Mytilus edulis","W-Msc-140480"
-73,68,0.04,"Mytilus edulis","W-Msc-140480"
-72.5,68,0.07,"Mytilus edulis","W-Msc-140480"
-67.5,68,0.09,"Mytilus edulis","W-Msc-140480"
-67,68,0.03,"Mytilus edulis","W-Msc-140480"
-66.5,68,0.09,"Mytilus edulis","W-Msc-140480"
-66,68,0.07,"Mytilus edulis","W-Msc-140480"
-65.5,68,0.05,"Mytilus edulis","W-Msc-140480"
-65,68,0.06,"Mytilus edulis","W-Msc-140480"
-64.5,68,0.06,"Mytilus edulis","W-Msc-140480"
-55,68,0.18,"Mytilus edulis","W-Msc-140480"
-54.5,68,0.39,"Mytilus edulis","W-Msc-140480"
-54,68,0.01,"Mytilus edulis","W-Msc-140480"
-53.5,68,0.4,"Mytilus edulis","W-Msc-140480"
-53,68,0.4,"Mytilus edulis","W-Msc-140480"
-52.5,68,0.39,"Mytilus edulis","W-Msc-140480"
-52,68,0.38,"Mytilus edulis","W-Msc-140480"
-51.5,68,0.33,"Mytilus edulis","W-Msc-140480"
-51,68,0.31,"Mytilus edulis","W-Msc-140480"
-50.5,68,0.3,"Mytilus edulis","W-Msc-140480"
-32.5,68,0.1,"Mytilus edulis","W-Msc-140480"
-32,68,0.08,"Mytilus edulis","W-Msc-140480"
-31.5,68,0.09,"Mytilus edulis","W-Msc-140480"
-31,68,0.1,"Mytilus edulis","W-Msc-140480"
-30.5,68,0.12,"Mytilus edulis","W-Msc-140480"
-30,68,0.11,"Mytilus edulis","W-Msc-140480"
-29.5,68,0.12,"Mytilus edulis","W-Msc-140480"
-29,68,0.13,"Mytilus edulis","W-Msc-140480"
-28.5,68,0.13,"Mytilus edulis","W-Msc-140480"
-28,68,0.13,"Mytilus edulis","W-Msc-140480"
-27.5,68,0.12,"Mytilus edulis","W-Msc-140480"
13,68,1,"Mytilus edulis","W-Msc-140480"
13.5,68,1,"Mytilus edulis","W-Msc-140480"
14,68,1,"Mytilus edulis","W-Msc-140480"
14.5,68,1,"Mytilus edulis","W-Msc-140480"
15,68,1,"Mytilus edulis","W-Msc-140480"
15.5,68,1,"Mytilus edulis","W-Msc-140480"
16,68,1,"Mytilus edulis","W-Msc-140480"
16.5,68,1,"Mytilus edulis","W-Msc-140480"
17,68,1,"Mytilus edulis","W-Msc-140480"
17.5,68,1,"Mytilus edulis","W-Msc-140480"
38.5,68,0.89,"Mytilus edulis","W-Msc-140480"
39,68,0.86,"Mytilus edulis","W-Msc-140480"
39.5,68,0.84,"Mytilus edulis","W-Msc-140480"
40,68,0.81,"Mytilus edulis","W-Msc-140480"
40.5,68,0.78,"Mytilus edulis","W-Msc-140480"
41,68,0.31,"Mytilus edulis","W-Msc-140480"
41.5,68,0.28,"Mytilus edulis","W-Msc-140480"
42,68,0.27,"Mytilus edulis","W-Msc-140480"
42.5,68,0.28,"Mytilus edulis","W-Msc-140480"
43,68,0.4,"Mytilus edulis","W-Msc-140480"
43.5,68,0.6,"Mytilus edulis","W-Msc-140480"
44,68,0.57,"Mytilus edulis","W-Msc-140480"
44.5,68,0.6,"Mytilus edulis","W-Msc-140480"
46,68,0.58,"Mytilus edulis","W-Msc-140480"
46.5,68,0.56,"Mytilus edulis","W-Msc-140480"
47,68,0.53,"Mytilus edulis","W-Msc-140480"
47.5,68,0.33,"Mytilus edulis","W-Msc-140480"
48,68,0.25,"Mytilus edulis","W-Msc-140480"
48.5,68,0.38,"Mytilus edulis","W-Msc-140480"
49,68,0.38,"Mytilus edulis","W-Msc-140480"
49.5,68,0.43,"Mytilus edulis","W-Msc-140480"
50,68,0.47,"Mytilus edulis","W-Msc-140480"
50.5,68,0.48,"Mytilus edulis","W-Msc-140480"
51,68,0.48,"Mytilus edulis","W-Msc-140480"
51.5,68,0.23,"Mytilus edulis","W-Msc-140480"
52.5,68,0.29,"Mytilus edulis","W-Msc-140480"
53,68,0.35,"Mytilus edulis","W-Msc-140480"
53.5,68,0.13,"Mytilus edulis","W-Msc-140480"
54,68,0.14,"Mytilus edulis","W-Msc-140480"
54.5,68,0.34,"Mytilus edulis","W-Msc-140480"
55,68,0.32,"Mytilus edulis","W-Msc-140480"
55.5,68,0.19,"Mytilus edulis","W-Msc-140480"
59.5,68,0.35,"Mytilus edulis","W-Msc-140480"
60,68,0.34,"Mytilus edulis","W-Msc-140480"
68,68,0.08,"Mytilus edulis","W-Msc-140480"
68.5,68,0.09,"Mytilus edulis","W-Msc-140480"
69,68,0.14,"Mytilus edulis","W-Msc-140480"
73.5,68,0.24,"Mytilus edulis","W-Msc-140480"
74,68,0.23,"Mytilus edulis","W-Msc-140480"
74.5,68,0.24,"Mytilus edulis","W-Msc-140480"
75,68,0.24,"Mytilus edulis","W-Msc-140480"
77.5,68,0.21,"Mytilus edulis","W-Msc-140480"
78,68,0.2,"Mytilus edulis","W-Msc-140480"
78.5,68,0.13,"Mytilus edulis","W-Msc-140480"
-176,67.5,0.14,"Mytilus edulis","W-Msc-140480"
-175.5,67.5,0.13,"Mytilus edulis","W-Msc-140480"
-175,67.5,0.13,"Mytilus edulis","W-Msc-140480"
-174.5,67.5,0.14,"Mytilus edulis","W-Msc-140480"
-174,67.5,0.15,"Mytilus edulis","W-Msc-140480"
-173.5,67.5,0.16,"Mytilus edulis","W-Msc-140480"
-173,67.5,0.1,"Mytilus edulis","W-Msc-140480"
-172.5,67.5,0.1,"Mytilus edulis","W-Msc-140480"
-172,67.5,0.11,"Mytilus edulis","W-Msc-140480"
-171.5,67.5,0.1,"Mytilus edulis","W-Msc-140480"
-171,67.5,0.1,"Mytilus edulis","W-Msc-140480"
-170.5,67.5,0.13,"Mytilus edulis","W-Msc-140480"
-170,67.5,0.09,"Mytilus edulis","W-Msc-140480"
-169.5,67.5,0.08,"Mytilus edulis","W-Msc-140480"
-169,67.5,0.1,"Mytilus edulis","W-Msc-140480"
-168.5,67.5,0.13,"Mytilus edulis","W-Msc-140480"
-168,67.5,0.11,"Mytilus edulis","W-Msc-140480"
-167.5,67.5,0.15,"Mytilus edulis","W-Msc-140480"
-167,67.5,0.21,"Mytilus edulis","W-Msc-140480"
-166.5,67.5,0.22,"Mytilus edulis","W-Msc-140480"
-166,67.5,0.27,"Mytilus edulis","W-Msc-140480"
-165.5,67.5,0.3,"Mytilus edulis","W-Msc-140480"
-165,67.5,0.33,"Mytilus edulis","W-Msc-140480"
-164.5,67.5,0.35,"Mytilus edulis","W-Msc-140480"
-164,67.5,0.33,"Mytilus edulis","W-Msc-140480"
-115,67.5,0.04,"Mytilus edulis","W-Msc-140480"
-114.5,67.5,0.04,"Mytilus edulis","W-Msc-140480"
-114,67.5,0.05,"Mytilus edulis","W-Msc-140480"
-113.5,67.5,0.07,"Mytilus edulis","W-Msc-140480"
-113,67.5,0.07,"Mytilus edulis","W-Msc-140480"
-112.5,67.5,0.06,"Mytilus edulis","W-Msc-140480"
-112,67.5,0.06,"Mytilus edulis","W-Msc-140480"
-111.5,67.5,0.05,"Mytilus edulis","W-Msc-140480"
-111,67.5,0.04,"Mytilus edulis","W-Msc-140480"
-110.5,67.5,0.04,"Mytilus edulis","W-Msc-140480"
-110,67.5,0.03,"Mytilus edulis","W-Msc-140480"
-109.5,67.5,0.03,"Mytilus edulis","W-Msc-140480"
-109,67.5,0.03,"Mytilus edulis","W-Msc-140480"
-108.5,67.5,0.03,"Mytilus edulis","W-Msc-140480"
-108,67.5,0.04,"Mytilus edulis","W-Msc-140480"
-107.5,67.5,0.04,"Mytilus edulis","W-Msc-140480"
-103,67.5,0.02,"Mytilus edulis","W-Msc-140480"
-102.5,67.5,0.03,"Mytilus edulis","W-Msc-140480"
-102,67.5,0.03,"Mytilus edulis","W-Msc-140480"
-101.5,67.5,0.03,"Mytilus edulis","W-Msc-140480"
-101,67.5,0.03,"Mytilus edulis","W-Msc-140480"
-100.5,67.5,0.03,"Mytilus edulis","W-Msc-140480"
-100,67.5,0.03,"Mytilus edulis","W-Msc-140480"
-99.5,67.5,0.02,"Mytilus edulis","W-Msc-140480"
-99,67.5,0.02,"Mytilus edulis","W-Msc-140480"
-98.5,67.5,0.03,"Mytilus edulis","W-Msc-140480"
-98,67.5,0.01,"Mytilus edulis","W-Msc-140480"
-97.5,67.5,0.01,"Mytilus edulis","W-Msc-140480"
-97,67.5,0.05,"Mytilus edulis","W-Msc-140480"
-96,67.5,0.09,"Mytilus edulis","W-Msc-140480"
-95.5,67.5,0.11,"Mytilus edulis","W-Msc-140480"
-95,67.5,0.1,"Mytilus edulis","W-Msc-140480"
-88,67.5,0.02,"Mytilus edulis","W-Msc-140480"
-87.5,67.5,0.02,"Mytilus edulis","W-Msc-140480"
-87,67.5,0.02,"Mytilus edulis","W-Msc-140480"
-86.5,67.5,0.02,"Mytilus edulis","W-Msc-140480"
-86,67.5,0.02,"Mytilus edulis","W-Msc-140480"
-82,67.5,0.08,"Mytilus edulis","W-Msc-140480"
-81.5,67.5,0.04,"Mytilus edulis","W-Msc-140480"
-81,67.5,0.03,"Mytilus edulis","W-Msc-140480"
-79.5,67.5,0.02,"Mytilus edulis","W-Msc-140480"
-79,67.5,0.02,"Mytilus edulis","W-Msc-140480"
-78.5,67.5,0.02,"Mytilus edulis","W-Msc-140480"
-78,67.5,0.02,"Mytilus edulis","W-Msc-140480"
-77.5,67.5,0.02,"Mytilus edulis","W-Msc-140480"
-77,67.5,0.03,"Mytilus edulis","W-Msc-140480"
-75,67.5,0.02,"Mytilus edulis","W-Msc-140480"
-74.5,67.5,0.02,"Mytilus edulis","W-Msc-140480"
-74,67.5,0.02,"Mytilus edulis","W-Msc-140480"
-73.5,67.5,0.03,"Mytilus edulis","W-Msc-140480"
-73,67.5,0.04,"Mytilus edulis","W-Msc-140480"
-72.5,67.5,0.07,"Mytilus edulis","W-Msc-140480"
-72,67.5,0.08,"Mytilus edulis","W-Msc-140480"
-66,67.5,0.08,"Mytilus edulis","W-Msc-140480"
-65.5,67.5,0.07,"Mytilus edulis","W-Msc-140480"
-64.5,67.5,0.07,"Mytilus edulis","W-Msc-140480"
-64,67.5,0.07,"Mytilus edulis","W-Msc-140480"
-63.5,67.5,0.06,"Mytilus edulis","W-Msc-140480"
-63,67.5,0.01,"Mytilus edulis","W-Msc-140480"
-55,67.5,0.35,"Mytilus edulis","W-Msc-140480"
-54.5,67.5,0.38,"Mytilus edulis","W-Msc-140480"
-54,67.5,0.39,"Mytilus edulis","W-Msc-140480"
-53.5,67.5,0.39,"Mytilus edulis","W-Msc-140480"
-53,67.5,0.39,"Mytilus edulis","W-Msc-140480"
-52.5,67.5,0.37,"Mytilus edulis","W-Msc-140480"
-52,67.5,0.36,"Mytilus edulis","W-Msc-140480"
-51.5,67.5,0.34,"Mytilus edulis","W-Msc-140480"
-51,67.5,0.32,"Mytilus edulis","W-Msc-140480"
-50.5,67.5,0.31,"Mytilus edulis","W-Msc-140480"
-33,67.5,0.11,"Mytilus edulis","W-Msc-140480"
-32.5,67.5,0.1,"Mytilus edulis","W-Msc-140480"
-32,67.5,0.11,"Mytilus edulis","W-Msc-140480"
12,67.5,1,"Mytilus edulis","W-Msc-140480"
12.5,67.5,1,"Mytilus edulis","W-Msc-140480"
13,67.5,1,"Mytilus edulis","W-Msc-140480"
13.5,67.5,1,"Mytilus edulis","W-Msc-140480"
14.5,67.5,1,"Mytilus edulis","W-Msc-140480"
15,67.5,1,"Mytilus edulis","W-Msc-140480"
15.5,67.5,1,"Mytilus edulis","W-Msc-140480"
16,67.5,1,"Mytilus edulis","W-Msc-140480"
40.5,67.5,0.72,"Mytilus edulis","W-Msc-140480"
41,67.5,0.71,"Mytilus edulis","W-Msc-140480"
41.5,67.5,0.69,"Mytilus edulis","W-Msc-140480"
42,67.5,0.25,"Mytilus edulis","W-Msc-140480"
42.5,67.5,0.28,"Mytilus edulis","W-Msc-140480"
43,67.5,0.44,"Mytilus edulis","W-Msc-140480"
43.5,67.5,0.47,"Mytilus edulis","W-Msc-140480"
44,67.5,0.56,"Mytilus edulis","W-Msc-140480"
44.5,67.5,0.59,"Mytilus edulis","W-Msc-140480"
45.5,67.5,0.59,"Mytilus edulis","W-Msc-140480"
46,67.5,0.56,"Mytilus edulis","W-Msc-140480"
46.5,67.5,0.41,"Mytilus edulis","W-Msc-140480"
47,67.5,0.42,"Mytilus edulis","W-Msc-140480"
47.5,67.5,0.37,"Mytilus edulis","W-Msc-140480"
48,67.5,0.4,"Mytilus edulis","W-Msc-140480"
48.5,67.5,0.5,"Mytilus edulis","W-Msc-140480"
49,67.5,0.51,"Mytilus edulis","W-Msc-140480"
49.5,67.5,0.49,"Mytilus edulis","W-Msc-140480"
73,67.5,0.13,"Mytilus edulis","W-Msc-140480"
73.5,67.5,0.22,"Mytilus edulis","W-Msc-140480"
74,67.5,0.22,"Mytilus edulis","W-Msc-140480"
74.5,67.5,0.23,"Mytilus edulis","W-Msc-140480"
75,67.5,0.25,"Mytilus edulis","W-Msc-140480"
77.5,67.5,0.17,"Mytilus edulis","W-Msc-140480"
78,67.5,0.07,"Mytilus edulis","W-Msc-140480"
78.5,67.5,0.11,"Mytilus edulis","W-Msc-140480"
79,67.5,0.04,"Mytilus edulis","W-Msc-140480"
-174.5,67,0.15,"Mytilus edulis","W-Msc-140480"
-174,67,0.15,"Mytilus edulis","W-Msc-140480"
-173.5,67,0.15,"Mytilus edulis","W-Msc-140480"
-173,67,0.16,"Mytilus edulis","W-Msc-140480"
-172.5,67,0.17,"Mytilus edulis","W-Msc-140480"
-172,67,0.18,"Mytilus edulis","W-Msc-140480"
-171.5,67,0.19,"Mytilus edulis","W-Msc-140480"
-171,67,0.17,"Mytilus edulis","W-Msc-140480"
-170.5,67,0.15,"Mytilus edulis","W-Msc-140480"
-170,67,0.12,"Mytilus edulis","W-Msc-140480"
-169.5,67,0.12,"Mytilus edulis","W-Msc-140480"
-169,67,0.11,"Mytilus edulis","W-Msc-140480"
-168.5,67,0.17,"Mytilus edulis","W-Msc-140480"
-168,67,0.23,"Mytilus edulis","W-Msc-140480"
-167.5,67,0.24,"Mytilus edulis","W-Msc-140480"
-167,67,0.24,"Mytilus edulis","W-Msc-140480"
-166.5,67,0.25,"Mytilus edulis","W-Msc-140480"
-166,67,0.27,"Mytilus edulis","W-Msc-140480"
-165.5,67,0.28,"Mytilus edulis","W-Msc-140480"
-165,67,0.29,"Mytilus edulis","W-Msc-140480"
-164.5,67,0.3,"Mytilus edulis","W-Msc-140480"
-164,67,0.34,"Mytilus edulis","W-Msc-140480"
-163.5,67,0.34,"Mytilus edulis","W-Msc-140480"
-163,67,0.33,"Mytilus edulis","W-Msc-140480"
-162.5,67,0.17,"Mytilus edulis","W-Msc-140480"
-162,67,0.35,"Mytilus edulis","W-Msc-140480"
-161.5,67,0.34,"Mytilus edulis","W-Msc-140480"
-108.5,67,0.05,"Mytilus edulis","W-Msc-140480"
-108,67,0.06,"Mytilus edulis","W-Msc-140480"
-107.5,67,0.05,"Mytilus edulis","W-Msc-140480"
-107,67,0.04,"Mytilus edulis","W-Msc-140480"
-96,67,0.02,"Mytilus edulis","W-Msc-140480"
-95.5,67,0.11,"Mytilus edulis","W-Msc-140480"
-95,67,0.08,"Mytilus edulis","W-Msc-140480"
-87.5,67,0.03,"Mytilus edulis","W-Msc-140480"
-87,67,0.02,"Mytilus edulis","W-Msc-140480"
-86.5,67,0.02,"Mytilus edulis","W-Msc-140480"
-81,67,0.04,"Mytilus edulis","W-Msc-140480"
-78.5,67,0.01,"Mytilus edulis","W-Msc-140480"
-78,67,0.02,"Mytilus edulis","W-Msc-140480"
-77.5,67,0.02,"Mytilus edulis","W-Msc-140480"
-77,67,0.04,"Mytilus edulis","W-Msc-140480"
-76.5,67,0.03,"Mytilus edulis","W-Msc-140480"
-76,67,0.03,"Mytilus edulis","W-Msc-140480"
-75.5,67,0.02,"Mytilus edulis","W-Msc-140480"
-75,67,0.02,"Mytilus edulis","W-Msc-140480"
-74.5,67,0.01,"Mytilus edulis","W-Msc-140480"
-74,67,0.02,"Mytilus edulis","W-Msc-140480"
-73.5,67,0.04,"Mytilus edulis","W-Msc-140480"
-73,67,0.08,"Mytilus edulis","W-Msc-140480"
-72.5,67,0.1,"Mytilus edulis","W-Msc-140480"
-72,67,0.11,"Mytilus edulis","W-Msc-140480"
-64,67,0.08,"Mytilus edulis","W-Msc-140480"
-63.5,67,0.08,"Mytilus edulis","W-Msc-140480"
-63,67,0.08,"Mytilus edulis","W-Msc-140480"
-62.5,67,0.08,"Mytilus edulis","W-Msc-140480"
-62,67,0.07,"Mytilus edulis","W-Msc-140480"
-61.5,67,0.08,"Mytilus edulis","W-Msc-140480"
-55,67,0.14,"Mytilus edulis","W-Msc-140480"
-54.5,67,0.26,"Mytilus edulis","W-Msc-140480"
-54,67,0.25,"Mytilus edulis","W-Msc-140480"
-53.5,67,0.42,"Mytilus edulis","W-Msc-140480"
-33.5,67,0.13,"Mytilus edulis","W-Msc-140480"
-33,67,0.1,"Mytilus edulis","W-Msc-140480"
12,67,1,"Mytilus edulis","W-Msc-140480"
12.5,67,1,"Mytilus edulis","W-Msc-140480"
13.5,67,1,"Mytilus edulis","W-Msc-140480"
14,67,1,"Mytilus edulis","W-Msc-140480"
14.5,67,1,"Mytilus edulis","W-Msc-140480"
15,67,1,"Mytilus edulis","W-Msc-140480"
15.5,67,1,"Mytilus edulis","W-Msc-140480"
32,67,0.27,"Mytilus edulis","W-Msc-140480"
32.5,67,0.78,"Mytilus edulis","W-Msc-140480"
33,67,0.78,"Mytilus edulis","W-Msc-140480"
41.5,67,0.63,"Mytilus edulis","W-Msc-140480"
42,67,0.61,"Mytilus edulis","W-Msc-140480"
42.5,67,0.58,"Mytilus edulis","W-Msc-140480"
43,67,0.48,"Mytilus edulis","W-Msc-140480"
43.5,67,0.45,"Mytilus edulis","W-Msc-140480"
44,67,0.49,"Mytilus edulis","W-Msc-140480"
44.5,67,0.57,"Mytilus edulis","W-Msc-140480"
45,67,0.29,"Mytilus edulis","W-Msc-140480"
45.5,67,0.55,"Mytilus edulis","W-Msc-140480"
46,67,0.43,"Mytilus edulis","W-Msc-140480"
46.5,67,0.34,"Mytilus edulis","W-Msc-140480"
47,67,0.33,"Mytilus edulis","W-Msc-140480"
47.5,67,0.4,"Mytilus edulis","W-Msc-140480"
48,67,0.51,"Mytilus edulis","W-Msc-140480"
72,67,0.05,"Mytilus edulis","W-Msc-140480"
72.5,67,0.14,"Mytilus edulis","W-Msc-140480"
73,67,0.12,"Mytilus edulis","W-Msc-140480"
73.5,67,0.11,"Mytilus edulis","W-Msc-140480"
74,67,0.19,"Mytilus edulis","W-Msc-140480"
74.5,67,0.08,"Mytilus edulis","W-Msc-140480"
78,67,0.04,"Mytilus edulis","W-Msc-140480"
-174.5,66.5,0.17,"Mytilus edulis","W-Msc-140480"
-174,66.5,0.18,"Mytilus edulis","W-Msc-140480"
-173.5,66.5,0.09,"Mytilus edulis","W-Msc-140480"
-171.5,66.5,0.21,"Mytilus edulis","W-Msc-140480"
-171,66.5,0.2,"Mytilus edulis","W-Msc-140480"
-170.5,66.5,0.2,"Mytilus edulis","W-Msc-140480"
-170,66.5,0.21,"Mytilus edulis","W-Msc-140480"
-169.5,66.5,0.14,"Mytilus edulis","W-Msc-140480"
-169,66.5,0.12,"Mytilus edulis","W-Msc-140480"
-168.5,66.5,0.25,"Mytilus edulis","W-Msc-140480"
-168,66.5,0.27,"Mytilus edulis","W-Msc-140480"
-167.5,66.5,0.28,"Mytilus edulis","W-Msc-140480"
-167,66.5,0.28,"Mytilus edulis","W-Msc-140480"
-166.5,66.5,0.29,"Mytilus edulis","W-Msc-140480"
-166,66.5,0.29,"Mytilus edulis","W-Msc-140480"
-165.5,66.5,0.29,"Mytilus edulis","W-Msc-140480"
-165,66.5,0.3,"Mytilus edulis","W-Msc-140480"
-164.5,66.5,0.3,"Mytilus edulis","W-Msc-140480"
-164,66.5,0.3,"Mytilus edulis","W-Msc-140480"
-163.5,66.5,0.3,"Mytilus edulis","W-Msc-140480"
-163,66.5,0.32,"Mytilus edulis","W-Msc-140480"
-162.5,66.5,0.34,"Mytilus edulis","W-Msc-140480"
-162,66.5,0.39,"Mytilus edulis","W-Msc-140480"
-161.5,66.5,0.37,"Mytilus edulis","W-Msc-140480"
-161,66.5,0.17,"Mytilus edulis","W-Msc-140480"
-160.5,66.5,0.35,"Mytilus edulis","W-Msc-140480"
-160,66.5,0.12,"Mytilus edulis","W-Msc-140480"
-108,66.5,0.03,"Mytilus edulis","W-Msc-140480"
-107.5,66.5,0.06,"Mytilus edulis","W-Msc-140480"
-107,66.5,0.01,"Mytilus edulis","W-Msc-140480"
-86.5,66.5,0.04,"Mytilus edulis","W-Msc-140480"
-86,66.5,0.04,"Mytilus edulis","W-Msc-140480"
-85.5,66.5,0.04,"Mytilus edulis","W-Msc-140480"
-85,66.5,0.04,"Mytilus edulis","W-Msc-140480"
-84.5,66.5,0.01,"Mytilus edulis","W-Msc-140480"
-84,66.5,0.06,"Mytilus edulis","W-Msc-140480"
-83.5,66.5,0.05,"Mytilus edulis","W-Msc-140480"
-82.5,66.5,0.04,"Mytilus edulis","W-Msc-140480"
-82,66.5,0.03,"Mytilus edulis","W-Msc-140480"
-81.5,66.5,0.03,"Mytilus edulis","W-Msc-140480"
-81,66.5,0.02,"Mytilus edulis","W-Msc-140480"
-78,66.5,0.01,"Mytilus edulis","W-Msc-140480"
-77.5,66.5,0.01,"Mytilus edulis","W-Msc-140480"
-77,66.5,0.01,"Mytilus edulis","W-Msc-140480"
-76.5,66.5,0.01,"Mytilus edulis","W-Msc-140480"
-76,66.5,0.01,"Mytilus edulis","W-Msc-140480"
-75.5,66.5,0.01,"Mytilus edulis","W-Msc-140480"
-75,66.5,0.01,"Mytilus edulis","W-Msc-140480"
-74.5,66.5,0.01,"Mytilus edulis","W-Msc-140480"
-74,66.5,0.02,"Mytilus edulis","W-Msc-140480"
-73.5,66.5,0.06,"Mytilus edulis","W-Msc-140480"
-73,66.5,0.09,"Mytilus edulis","W-Msc-140480"
-72.5,66.5,0.11,"Mytilus edulis","W-Msc-140480"
-67.5,66.5,0.1,"Mytilus edulis","W-Msc-140480"
-67,66.5,0.12,"Mytilus edulis","W-Msc-140480"
-63,66.5,0.08,"Mytilus edulis","W-Msc-140480"
-62.5,66.5,0.08,"Mytilus edulis","W-Msc-140480"
-62,66.5,0.09,"Mytilus edulis","W-Msc-140480"
-61.5,66.5,0.09,"Mytilus edulis","W-Msc-140480"
-61,66.5,0.09,"Mytilus edulis","W-Msc-140480"
-54.5,66.5,0.43,"Mytilus edulis","W-Msc-140480"
-54,66.5,0.46,"Mytilus edulis","W-Msc-140480"
-53.5,66.5,0.47,"Mytilus edulis","W-Msc-140480"
-53,66.5,0.46,"Mytilus edulis","W-Msc-140480"
-52.5,66.5,0.44,"Mytilus edulis","W-Msc-140480"
-52,66.5,0.43,"Mytilus edulis","W-Msc-140480"
-51.5,66.5,0.41,"Mytilus edulis","W-Msc-140480"
-51,66.5,0.39,"Mytilus edulis","W-Msc-140480"
-50.5,66.5,0.39,"Mytilus edulis","W-Msc-140480"
-34,66.5,0.15,"Mytilus edulis","W-Msc-140480"
-33.5,66.5,0.14,"Mytilus edulis","W-Msc-140480"
-23,66.5,0.2,"Mytilus edulis","W-Msc-140480"
-22.5,66.5,0.96,"Mytilus edulis","W-Msc-140480"
-22,66.5,0.92,"Mytilus edulis","W-Msc-140480"
-21.5,66.5,0.29,"Mytilus edulis","W-Msc-140480"
-18,66.5,0.95,"Mytilus edulis","W-Msc-140480"
-17.5,66.5,0.96,"Mytilus edulis","W-Msc-140480"
-16.5,66.5,0.96,"Mytilus edulis","W-Msc-140480"
-16,66.5,0.95,"Mytilus edulis","W-Msc-140480"
-15.5,66.5,0.95,"Mytilus edulis","W-Msc-140480"
12,66.5,1,"Mytilus edulis","W-Msc-140480"
12.5,66.5,1,"Mytilus edulis","W-Msc-140480"
13,66.5,1,"Mytilus edulis","W-Msc-140480"
13.5,66.5,1,"Mytilus edulis","W-Msc-140480"
14,66.5,1,"Mytilus edulis","W-Msc-140480"
33,66.5,0.72,"Mytilus edulis","W-Msc-140480"
33.5,66.5,0.74,"Mytilus edulis","W-Msc-140480"
34,66.5,0.77,"Mytilus edulis","W-Msc-140480"
34.5,66.5,0.82,"Mytilus edulis","W-Msc-140480"
35,66.5,0.84,"Mytilus edulis","W-Msc-140480"
35.5,66.5,0.85,"Mytilus edulis","W-Msc-140480"
41,66.5,0.63,"Mytilus edulis","W-Msc-140480"
41.5,66.5,0.6,"Mytilus edulis","W-Msc-140480"
42,66.5,0.59,"Mytilus edulis","W-Msc-140480"
42.5,66.5,0.57,"Mytilus edulis","W-Msc-140480"
43,66.5,0.54,"Mytilus edulis","W-Msc-140480"
43.5,66.5,0.52,"Mytilus edulis","W-Msc-140480"
44,66.5,0.59,"Mytilus edulis","W-Msc-140480"
44.5,66.5,0.62,"Mytilus edulis","W-Msc-140480"
46,66.5,0.61,"Mytilus edulis","W-Msc-140480"
46.5,66.5,0.5,"Mytilus edulis","W-Msc-140480"
47,66.5,0.58,"Mytilus edulis","W-Msc-140480"
47.5,66.5,0.57,"Mytilus edulis","W-Msc-140480"
48,66.5,0.57,"Mytilus edulis","W-Msc-140480"
70.5,66.5,0.09,"Mytilus edulis","W-Msc-140480"
71,66.5,0.09,"Mytilus edulis","W-Msc-140480"
71.5,66.5,0.09,"Mytilus edulis","W-Msc-140480"
72,66.5,0.14,"Mytilus edulis","W-Msc-140480"
72.5,66.5,0.13,"Mytilus edulis","W-Msc-140480"
73,66.5,0.25,"Mytilus edulis","W-Msc-140480"
73.5,66.5,0.17,"Mytilus edulis","W-Msc-140480"
74,66.5,0.08,"Mytilus edulis","W-Msc-140480"
-179.5,66,0.24,"Mytilus edulis","W-Msc-140480"
-179,66,0.31,"Mytilus edulis","W-Msc-140480"
-178.5,66,0.31,"Mytilus edulis","W-Msc-140480"
-178,66,0.3,"Mytilus edulis","W-Msc-140480"
-174,66,0.07,"Mytilus edulis","W-Msc-140480"
-173.5,66,0.07,"Mytilus edulis","W-Msc-140480"
-170.5,66,0.24,"Mytilus edulis","W-Msc-140480"
-170,66,0.21,"Mytilus edulis","W-Msc-140480"
-169.5,66,0.22,"Mytilus edulis","W-Msc-140480"
-169,66,0.16,"Mytilus edulis","W-Msc-140480"
-168.5,66,0.1,"Mytilus edulis","W-Msc-140480"
-168,66,0.3,"Mytilus edulis","W-Msc-140480"
-167.5,66,0.31,"Mytilus edulis","W-Msc-140480"
-167,66,0.32,"Mytilus edulis","W-Msc-140480"
-166.5,66,0.32,"Mytilus edulis","W-Msc-140480"
-166,66,0.32,"Mytilus edulis","W-Msc-140480"
-165.5,66,0.34,"Mytilus edulis","W-Msc-140480"
-165,66,0.34,"Mytilus edulis","W-Msc-140480"
-164.5,66,0.06,"Mytilus edulis","W-Msc-140480"
-163.5,66,0.32,"Mytilus edulis","W-Msc-140480"
-163,66,0.33,"Mytilus edulis","W-Msc-140480"
-162.5,66,0.34,"Mytilus edulis","W-Msc-140480"
-162,66,0.36,"Mytilus edulis","W-Msc-140480"
-161.5,66,0.37,"Mytilus edulis","W-Msc-140480"
-161,66,0.38,"Mytilus edulis","W-Msc-140480"
-160.5,66,0.39,"Mytilus edulis","W-Msc-140480"
-160,66,0.19,"Mytilus edulis","W-Msc-140480"
-86.5,66,0.06,"Mytilus edulis","W-Msc-140480"
-86,66,0.05,"Mytilus edulis","W-Msc-140480"
-85.5,66,0.05,"Mytilus edulis","W-Msc-140480"
-85,66,0.06,"Mytilus edulis","W-Msc-140480"
-84.5,66,0.06,"Mytilus edulis","W-Msc-140480"
-84,66,0.06,"Mytilus edulis","W-Msc-140480"
-83.5,66,0.04,"Mytilus edulis","W-Msc-140480"
-83,66,0.04,"Mytilus edulis","W-Msc-140480"
-82.5,66,0.02,"Mytilus edulis","W-Msc-140480"
-78,66,0.01,"Mytilus edulis","W-Msc-140480"
-77.5,66,0.01,"Mytilus edulis","W-Msc-140480"
-77,66,0.01,"Mytilus edulis","W-Msc-140480"
-76.5,66,0.01,"Mytilus edulis","W-Msc-140480"
-76,66,0.01,"Mytilus edulis","W-Msc-140480"
-75.5,66,0.01,"Mytilus edulis","W-Msc-140480"
-75,66,0.01,"Mytilus edulis","W-Msc-140480"
-74.5,66,0.02,"Mytilus edulis","W-Msc-140480"
-74,66,0.03,"Mytilus edulis","W-Msc-140480"
-73.5,66,0.09,"Mytilus edulis","W-Msc-140480"
-68,66,0.07,"Mytilus edulis","W-Msc-140480"
-67.5,66,0.14,"Mytilus edulis","W-Msc-140480"
-67,66,0.14,"Mytilus edulis","W-Msc-140480"
-66.5,66,0.13,"Mytilus edulis","W-Msc-140480"
-66,66,0.12,"Mytilus edulis","W-Msc-140480"
-65.5,66,0.12,"Mytilus edulis","W-Msc-140480"
-65,66,0.12,"Mytilus edulis","W-Msc-140480"
-64.5,66,0.12,"Mytilus edulis","W-Msc-140480"
-62,66,0.12,"Mytilus edulis","W-Msc-140480"
-61.5,66,0.11,"Mytilus edulis","W-Msc-140480"
-61,66,0.1,"Mytilus edulis","W-Msc-140480"
-54,66,0.33,"Mytilus edulis","W-Msc-140480"
-53.5,66,0.48,"Mytilus edulis","W-Msc-140480"
-53,66,0.47,"Mytilus edulis","W-Msc-140480"
-52.5,66,0.46,"Mytilus edulis","W-Msc-140480"
-51.5,66,0.42,"Mytilus edulis","W-Msc-140480"
-37.5,66,0.24,"Mytilus edulis","W-Msc-140480"
-37,66,0.23,"Mytilus edulis","W-Msc-140480"
-36,66,0.22,"Mytilus edulis","W-Msc-140480"
-35.5,66,0.21,"Mytilus edulis","W-Msc-140480"
-35,66,0.21,"Mytilus edulis","W-Msc-140480"
-34.5,66,0.19,"Mytilus edulis","W-Msc-140480"
-24,66,0.86,"Mytilus edulis","W-Msc-140480"
-23.5,66,1,"Mytilus edulis","W-Msc-140480"
-23,66,1,"Mytilus edulis","W-Msc-140480"
-22.5,66,0.96,"Mytilus edulis","W-Msc-140480"
-22,66,0.94,"Mytilus edulis","W-Msc-140480"
-21.5,66,0.94,"Mytilus edulis","W-Msc-140480"
-21,66,0.96,"Mytilus edulis","W-Msc-140480"
-20,66,0.97,"Mytilus edulis","W-Msc-140480"
-19.5,66,0.97,"Mytilus edulis","W-Msc-140480"
-19,66,0.97,"Mytilus edulis","W-Msc-140480"
-18.5,66,0.98,"Mytilus edulis","W-Msc-140480"
-18,66,0.98,"Mytilus edulis","W-Msc-140480"
-17.5,66,0.98,"Mytilus edulis","W-Msc-140480"
-17,66,0.98,"Mytilus edulis","W-Msc-140480"
-16.5,66,0.97,"Mytilus edulis","W-Msc-140480"
-16,66,0.96,"Mytilus edulis","W-Msc-140480"
-15.5,66,0.94,"Mytilus edulis","W-Msc-140480"
-15,66,0.93,"Mytilus edulis","W-Msc-140480"
-14.5,66,0.93,"Mytilus edulis","W-Msc-140480"
-14,66,0.94,"Mytilus edulis","W-Msc-140480"
12,66,1,"Mytilus edulis","W-Msc-140480"
12.5,66,1,"Mytilus edulis","W-Msc-140480"
13,66,1,"Mytilus edulis","W-Msc-140480"
13.5,66,1,"Mytilus edulis","W-Msc-140480"
34,66,0.82,"Mytilus edulis","W-Msc-140480"
34.5,66,0.85,"Mytilus edulis","W-Msc-140480"
35,66,0.84,"Mytilus edulis","W-Msc-140480"
35.5,66,0.83,"Mytilus edulis","W-Msc-140480"
36,66,0.81,"Mytilus edulis","W-Msc-140480"
36.5,66,0.78,"Mytilus edulis","W-Msc-140480"
37,66,0.77,"Mytilus edulis","W-Msc-140480"
37.5,66,0.78,"Mytilus edulis","W-Msc-140480"
38,66,0.78,"Mytilus edulis","W-Msc-140480"
38.5,66,0.77,"Mytilus edulis","W-Msc-140480"
39,66,0.75,"Mytilus edulis","W-Msc-140480"
39.5,66,0.71,"Mytilus edulis","W-Msc-140480"
40,66,0.67,"Mytilus edulis","W-Msc-140480"
40.5,66,0.61,"Mytilus edulis","W-Msc-140480"
41,66,0.61,"Mytilus edulis","W-Msc-140480"
41.5,66,0.61,"Mytilus edulis","W-Msc-140480"
42,66,0.61,"Mytilus edulis","W-Msc-140480"
42.5,66,0.62,"Mytilus edulis","W-Msc-140480"
43,66,0.62,"Mytilus edulis","W-Msc-140480"
43.5,66,0.63,"Mytilus edulis","W-Msc-140480"
44,66,0.62,"Mytilus edulis","W-Msc-140480"
44.5,66,0.63,"Mytilus edulis","W-Msc-140480"
70.5,66,0.14,"Mytilus edulis","W-Msc-140480"
71,66,0.14,"Mytilus edulis","W-Msc-140480"
71.5,66,0.09,"Mytilus edulis","W-Msc-140480"
72,66,0.09,"Mytilus edulis","W-Msc-140480"
72.5,66,0.17,"Mytilus edulis","W-Msc-140480"
-179.5,65.5,0.27,"Mytilus edulis","W-Msc-140480"
-179,65.5,0.29,"Mytilus edulis","W-Msc-140480"
-178.5,65.5,0.33,"Mytilus edulis","W-Msc-140480"
-178,65.5,0.35,"Mytilus edulis","W-Msc-140480"
-177,65.5,0.29,"Mytilus edulis","W-Msc-140480"
-176.5,65.5,0.35,"Mytilus edulis","W-Msc-140480"
-176,65.5,0.35,"Mytilus edulis","W-Msc-140480"
-172.5,65.5,0.25,"Mytilus edulis","W-Msc-140480"
-172,65.5,0.26,"Mytilus edulis","W-Msc-140480"
-171.5,65.5,0.28,"Mytilus edulis","W-Msc-140480"
-171,65.5,0.3,"Mytilus edulis","W-Msc-140480"
-170.5,65.5,0.27,"Mytilus edulis","W-Msc-140480"
-170,65.5,0.27,"Mytilus edulis","W-Msc-140480"
-169.5,65.5,0.25,"Mytilus edulis","W-Msc-140480"
-169,65.5,0.26,"Mytilus edulis","W-Msc-140480"
-168.5,65.5,0.29,"Mytilus edulis","W-Msc-140480"
-168,65.5,0.32,"Mytilus edulis","W-Msc-140480"
-167.5,65.5,0.32,"Mytilus edulis","W-Msc-140480"
-167,65.5,0.36,"Mytilus edulis","W-Msc-140480"
-166.5,65.5,0.13,"Mytilus edulis","W-Msc-140480"
-90,65.5,0.17,"Mytilus edulis","W-Msc-140480"
-89.5,65.5,0.18,"Mytilus edulis","W-Msc-140480"
-89,65.5,0.18,"Mytilus edulis","W-Msc-140480"
-88.5,65.5,0.15,"Mytilus edulis","W-Msc-140480"
-88,65.5,0.12,"Mytilus edulis","W-Msc-140480"
-86.5,65.5,0.08,"Mytilus edulis","W-Msc-140480"
-86,65.5,0.09,"Mytilus edulis","W-Msc-140480"
-85.5,65.5,0.06,"Mytilus edulis","W-Msc-140480"
-85,65.5,0.05,"Mytilus edulis","W-Msc-140480"
-84.5,65.5,0.04,"Mytilus edulis","W-Msc-140480"
-84,65.5,0.04,"Mytilus edulis","W-Msc-140480"
-83.5,65.5,0.03,"Mytilus edulis","W-Msc-140480"
-83,65.5,0.02,"Mytilus edulis","W-Msc-140480"
-78,65.5,0.01,"Mytilus edulis","W-Msc-140480"
-77.5,65.5,0.01,"Mytilus edulis","W-Msc-140480"
-77,65.5,0.01,"Mytilus edulis","W-Msc-140480"
-76.5,65.5,0.01,"Mytilus edulis","W-Msc-140480"
-76,65.5,0.01,"Mytilus edulis","W-Msc-140480"
-75.5,65.5,0.01,"Mytilus edulis","W-Msc-140480"
-75,65.5,0.01,"Mytilus edulis","W-Msc-140480"
-74.5,65.5,0.01,"Mytilus edulis","W-Msc-140480"
-74,65.5,0.02,"Mytilus edulis","W-Msc-140480"
-73.5,65.5,0.09,"Mytilus edulis","W-Msc-140480"
-68,65.5,0.14,"Mytilus edulis","W-Msc-140480"
-67.5,65.5,0.15,"Mytilus edulis","W-Msc-140480"
-67,65.5,0.16,"Mytilus edulis","W-Msc-140480"
-66.5,65.5,0.11,"Mytilus edulis","W-Msc-140480"
-65.5,65.5,0.14,"Mytilus edulis","W-Msc-140480"
-65,65.5,0.13,"Mytilus edulis","W-Msc-140480"
-63,65.5,0.09,"Mytilus edulis","W-Msc-140480"
-62.5,65.5,0.09,"Mytilus edulis","W-Msc-140480"
-62,65.5,0.1,"Mytilus edulis","W-Msc-140480"
-61.5,65.5,0.01,"Mytilus edulis","W-Msc-140480"
-54,65.5,0.1,"Mytilus edulis","W-Msc-140480"
-53.5,65.5,0.51,"Mytilus edulis","W-Msc-140480"
-53,65.5,0.5,"Mytilus edulis","W-Msc-140480"
-52.5,65.5,0.48,"Mytilus edulis","W-Msc-140480"
-52,65.5,0.45,"Mytilus edulis","W-Msc-140480"
-51.5,65.5,0.43,"Mytilus edulis","W-Msc-140480"
-39.5,65.5,0.23,"Mytilus edulis","W-Msc-140480"
-39,65.5,0.23,"Mytilus edulis","W-Msc-140480"
-38.5,65.5,0.25,"Mytilus edulis","W-Msc-140480"
-38,65.5,0.28,"Mytilus edulis","W-Msc-140480"
-37.5,65.5,0.32,"Mytilus edulis","W-Msc-140480"
-37,65.5,0.3,"Mytilus edulis","W-Msc-140480"
-36.5,65.5,0.27,"Mytilus edulis","W-Msc-140480"
-36,65.5,0.25,"Mytilus edulis","W-Msc-140480"
-35.5,65.5,0.26,"Mytilus edulis","W-Msc-140480"
-24.5,65.5,1,"Mytilus edulis","W-Msc-140480"
-24,65.5,1,"Mytilus edulis","W-Msc-140480"
-23.5,65.5,1,"Mytilus edulis","W-Msc-140480"
-23,65.5,1,"Mytilus edulis","W-Msc-140480"
-22.5,65.5,1,"Mytilus edulis","W-Msc-140480"
-22,65.5,0.65,"Mytilus edulis","W-Msc-140480"
-21.5,65.5,0.93,"Mytilus edulis","W-Msc-140480"
-21,65.5,0.93,"Mytilus edulis","W-Msc-140480"
-20.5,65.5,0.93,"Mytilus edulis","W-Msc-140480"
-20,65.5,0.94,"Mytilus edulis","W-Msc-140480"
-19.5,65.5,0.94,"Mytilus edulis","W-Msc-140480"
-19,65.5,1,"Mytilus edulis","W-Msc-140480"
-18,65.5,1,"Mytilus edulis","W-Msc-140480"
-14.5,65.5,0.93,"Mytilus edulis","W-Msc-140480"
-14,65.5,0.93,"Mytilus edulis","W-Msc-140480"
-13.5,65.5,0.93,"Mytilus edulis","W-Msc-140480"
11.5,65.5,1,"Mytilus edulis","W-Msc-140480"
12,65.5,1,"Mytilus edulis","W-Msc-140480"
12.5,65.5,1,"Mytilus edulis","W-Msc-140480"
13,65.5,1,"Mytilus edulis","W-Msc-140480"
22.5,65.5,0.02,"Mytilus edulis","W-Msc-140480"
23,65.5,0.02,"Mytilus edulis","W-Msc-140480"
23.5,65.5,0.02,"Mytilus edulis","W-Msc-140480"
24,65.5,0.01,"Mytilus edulis","W-Msc-140480"
25,65.5,0.17,"Mytilus edulis","W-Msc-140480"
25.5,65.5,0.31,"Mytilus edulis","W-Msc-140480"
35,65.5,0.83,"Mytilus edulis","W-Msc-140480"
35.5,65.5,0.82,"Mytilus edulis","W-Msc-140480"
36,65.5,0.2,"Mytilus edulis","W-Msc-140480"
38.5,65.5,0.33,"Mytilus edulis","W-Msc-140480"
39,65.5,0.53,"Mytilus edulis","W-Msc-140480"
39.5,65.5,0.31,"Mytilus edulis","W-Msc-140480"
40,65.5,0.65,"Mytilus edulis","W-Msc-140480"
40.5,65.5,0.63,"Mytilus edulis","W-Msc-140480"
41,65.5,0.64,"Mytilus edulis","W-Msc-140480"
-179.5,65,0.3,"Mytilus edulis","W-Msc-140480"
-179,65,0.33,"Mytilus edulis","W-Msc-140480"
-178.5,65,0.36,"Mytilus edulis","W-Msc-140480"
-178,65,0.4,"Mytilus edulis","W-Msc-140480"
-177.5,65,0.4,"Mytilus edulis","W-Msc-140480"
-177,65,0.41,"Mytilus edulis","W-Msc-140480"
-176.5,65,0.42,"Mytilus edulis","W-Msc-140480"
-176,65,0.43,"Mytilus edulis","W-Msc-140480"
-175.5,65,0.4,"Mytilus edulis","W-Msc-140480"
-172,65,0.27,"Mytilus edulis","W-Msc-140480"
-171.5,65,0.3,"Mytilus edulis","W-Msc-140480"
-171,65,0.29,"Mytilus edulis","W-Msc-140480"
-170.5,65,0.27,"Mytilus edulis","W-Msc-140480"
-170,65,0.25,"Mytilus edulis","W-Msc-140480"
-169.5,65,0.19,"Mytilus edulis","W-Msc-140480"
-169,65,0.2,"Mytilus edulis","W-Msc-140480"
-168.5,65,0.16,"Mytilus edulis","W-Msc-140480"
-168,65,0.33,"Mytilus edulis","W-Msc-140480"
-167.5,65,0.38,"Mytilus edulis","W-Msc-140480"
-167,65,0.43,"Mytilus edulis","W-Msc-140480"
-166.5,65,0.44,"Mytilus edulis","W-Msc-140480"
-166,65,0.43,"Mytilus edulis","W-Msc-140480"
-89,65,0.18,"Mytilus edulis","W-Msc-140480"
-88.5,65,0.16,"Mytilus edulis","W-Msc-140480"
-88,65,0.15,"Mytilus edulis","W-Msc-140480"
-87.5,65,0.14,"Mytilus edulis","W-Msc-140480"
-87,65,0.14,"Mytilus edulis","W-Msc-140480"
-86.5,65,0.1,"Mytilus edulis","W-Msc-140480"
-86,65,0.11,"Mytilus edulis","W-Msc-140480"
-85,65,0.06,"Mytilus edulis","W-Msc-140480"
-84.5,65,0.03,"Mytilus edulis","W-Msc-140480"
-84,65,0.03,"Mytilus edulis","W-Msc-140480"
-83.5,65,0.02,"Mytilus edulis","W-Msc-140480"
-83,65,0.02,"Mytilus edulis","W-Msc-140480"
-78.5,65,0.01,"Mytilus edulis","W-Msc-140480"
-78,65,0.02,"Mytilus edulis","W-Msc-140480"
-77.5,65,0.03,"Mytilus edulis","W-Msc-140480"
-77,65,0.05,"Mytilus edulis","W-Msc-140480"
-76.5,65,0.05,"Mytilus edulis","W-Msc-140480"
-76,65,0.02,"Mytilus edulis","W-Msc-140480"
-75.5,65,0.02,"Mytilus edulis","W-Msc-140480"
-75,65,0.02,"Mytilus edulis","W-Msc-140480"
-74.5,65,0.03,"Mytilus edulis","W-Msc-140480"
-74,65,0.01,"Mytilus edulis","W-Msc-140480"
-67,65,0.14,"Mytilus edulis","W-Msc-140480"
-66.5,65,0.14,"Mytilus edulis","W-Msc-140480"
-66,65,0.09,"Mytilus edulis","W-Msc-140480"
-65,65,0.13,"Mytilus edulis","W-Msc-140480"
-64.5,65,0.13,"Mytilus edulis","W-Msc-140480"
-64,65,0.12,"Mytilus edulis","W-Msc-140480"
-63.5,65,0.11,"Mytilus edulis","W-Msc-140480"
-63,65,0.09,"Mytilus edulis","W-Msc-140480"
-62.5,65,0.09,"Mytilus edulis","W-Msc-140480"
-53.5,65,0.03,"Mytilus edulis","W-Msc-140480"
-53,65,0.51,"Mytilus edulis","W-Msc-140480"
-52.5,65,0.5,"Mytilus edulis","W-Msc-140480"
-52,65,0.47,"Mytilus edulis","W-Msc-140480"
-40.5,65,0.24,"Mytilus edulis","W-Msc-140480"
-40,65,0.22,"Mytilus edulis","W-Msc-140480"
-39.5,65,0.22,"Mytilus edulis","W-Msc-140480"
-39,65,0.25,"Mytilus edulis","W-Msc-140480"
-38.5,65,0.31,"Mytilus edulis","W-Msc-140480"
-24.5,65,1,"Mytilus edulis","W-Msc-140480"
-24,65,1,"Mytilus edulis","W-Msc-140480"
-23.5,65,1,"Mytilus edulis","W-Msc-140480"
-23,65,1,"Mytilus edulis","W-Msc-140480"
-22.5,65,1,"Mytilus edulis","W-Msc-140480"
-22,65,1,"Mytilus edulis","W-Msc-140480"
-21.5,65,0.96,"Mytilus edulis","W-Msc-140480"
-21,65,0.89,"Mytilus edulis","W-Msc-140480"
-20.5,65,0.99,"Mytilus edulis","W-Msc-140480"
-13.5,65,0.91,"Mytilus edulis","W-Msc-140480"
-13,65,0.91,"Mytilus edulis","W-Msc-140480"
11,65,1,"Mytilus edulis","W-Msc-140480"
11.5,65,1,"Mytilus edulis","W-Msc-140480"
12,65,1,"Mytilus edulis","W-Msc-140480"
12.5,65,1,"Mytilus edulis","W-Msc-140480"
13,65,0.17,"Mytilus edulis","W-Msc-140480"
21.5,65,0.01,"Mytilus edulis","W-Msc-140480"
22,65,0.01,"Mytilus edulis","W-Msc-140480"
22.5,65,0.02,"Mytilus edulis","W-Msc-140480"
23,65,0.01,"Mytilus edulis","W-Msc-140480"
23.5,65,0.01,"Mytilus edulis","W-Msc-140480"
24,65,0.01,"Mytilus edulis","W-Msc-140480"
24.5,65,0.02,"Mytilus edulis","W-Msc-140480"
25,65,0.01,"Mytilus edulis","W-Msc-140480"
34.5,65,0.79,"Mytilus edulis","W-Msc-140480"
35,65,0.8,"Mytilus edulis","W-Msc-140480"
35.5,65,0.78,"Mytilus edulis","W-Msc-140480"
36,65,0.64,"Mytilus edulis","W-Msc-140480"
36.5,65,0.6,"Mytilus edulis","W-Msc-140480"
37,65,0.62,"Mytilus edulis","W-Msc-140480"
37.5,65,0.75,"Mytilus edulis","W-Msc-140480"
38,65,0.77,"Mytilus edulis","W-Msc-140480"
38.5,65,0.21,"Mytilus edulis","W-Msc-140480"
39.5,65,0.52,"Mytilus edulis","W-Msc-140480"
40,65,0.79,"Mytilus edulis","W-Msc-140480"
40.5,65,0.69,"Mytilus edulis","W-Msc-140480"
179.5,65,0.31,"Mytilus edulis","W-Msc-140480"
-179.5,64.5,0.34,"Mytilus edulis","W-Msc-140480"
-179,64.5,0.25,"Mytilus edulis","W-Msc-140480"
-178.5,64.5,0.13,"Mytilus edulis","W-Msc-140480"
-178,64.5,0.14,"Mytilus edulis","W-Msc-140480"
-177.5,64.5,0.21,"Mytilus edulis","W-Msc-140480"
-177,64.5,0.22,"Mytilus edulis","W-Msc-140480"
-176.5,64.5,0.16,"Mytilus edulis","W-Msc-140480"
-176,64.5,0.32,"Mytilus edulis","W-Msc-140480"
-175.5,64.5,0.44,"Mytilus edulis","W-Msc-140480"
-175,64.5,0.45,"Mytilus edulis","W-Msc-140480"
-174.5,64.5,0.41,"Mytilus edulis","W-Msc-140480"
-174,64.5,0.37,"Mytilus edulis","W-Msc-140480"
-172.5,64.5,0.29,"Mytilus edulis","W-Msc-140480"
-172,64.5,0.28,"Mytilus edulis","W-Msc-140480"
-171.5,64.5,0.28,"Mytilus edulis","W-Msc-140480"
-171,64.5,0.2,"Mytilus edulis","W-Msc-140480"
-170.5,64.5,0.19,"Mytilus edulis","W-Msc-140480"
-170,64.5,0.2,"Mytilus edulis","W-Msc-140480"
-169.5,64.5,0.22,"Mytilus edulis","W-Msc-140480"
-169,64.5,0.23,"Mytilus edulis","W-Msc-140480"
-168.5,64.5,0.22,"Mytilus edulis","W-Msc-140480"
-168,64.5,0.34,"Mytilus edulis","W-Msc-140480"
-167.5,64.5,0.37,"Mytilus edulis","W-Msc-140480"
-167,64.5,0.42,"Mytilus edulis","W-Msc-140480"
-166.5,64.5,0.46,"Mytilus edulis","W-Msc-140480"
-166,64.5,0.45,"Mytilus edulis","W-Msc-140480"
-165.5,64.5,0.46,"Mytilus edulis","W-Msc-140480"
-165,64.5,0.38,"Mytilus edulis","W-Msc-140480"
-164.5,64.5,0.46,"Mytilus edulis","W-Msc-140480"
-164,64.5,0.47,"Mytilus edulis","W-Msc-140480"
-163.5,64.5,0.48,"Mytilus edulis","W-Msc-140480"
-163,64.5,0.5,"Mytilus edulis","W-Msc-140480"
-162.5,64.5,0.42,"Mytilus edulis","W-Msc-140480"
-162,64.5,0.51,"Mytilus edulis","W-Msc-140480"
-161.5,64.5,0.54,"Mytilus edulis","W-Msc-140480"
-161,64.5,0.55,"Mytilus edulis","W-Msc-140480"
-160.5,64.5,0.44,"Mytilus edulis","W-Msc-140480"
-87.5,64.5,0.16,"Mytilus edulis","W-Msc-140480"
-87,64.5,0.17,"Mytilus edulis","W-Msc-140480"
-86.5,64.5,0.13,"Mytilus edulis","W-Msc-140480"
-86,64.5,0.18,"Mytilus edulis","W-Msc-140480"
-83,64.5,0.04,"Mytilus edulis","W-Msc-140480"
-82.5,64.5,0.03,"Mytilus edulis","W-Msc-140480"
-82,64.5,0.04,"Mytilus edulis","W-Msc-140480"
-81.5,64.5,0.03,"Mytilus edulis","W-Msc-140480"
-78,64.5,0.05,"Mytilus edulis","W-Msc-140480"
-75.5,64.5,0.02,"Mytilus edulis","W-Msc-140480"
-75,64.5,0.02,"Mytilus edulis","W-Msc-140480"
-74.5,64.5,0.09,"Mytilus edulis","W-Msc-140480"
-74,64.5,0.13,"Mytilus edulis","W-Msc-140480"
-73.5,64.5,0.02,"Mytilus edulis","W-Msc-140480"
-73,64.5,0.02,"Mytilus edulis","W-Msc-140480"
-66,64.5,0.15,"Mytilus edulis","W-Msc-140480"
-65.5,64.5,0.14,"Mytilus edulis","W-Msc-140480"
-65,64.5,0.11,"Mytilus edulis","W-Msc-140480"
-64.5,64.5,0.09,"Mytilus edulis","W-Msc-140480"
-63.5,64.5,0.11,"Mytilus edulis","W-Msc-140480"
-63,64.5,0.11,"Mytilus edulis","W-Msc-140480"
-53,64.5,0.37,"Mytilus edulis","W-Msc-140480"
-52,64.5,0.48,"Mytilus edulis","W-Msc-140480"
-51.5,64.5,0.45,"Mytilus edulis","W-Msc-140480"
-51,64.5,0.42,"Mytilus edulis","W-Msc-140480"
-50.5,64.5,0.42,"Mytilus edulis","W-Msc-140480"
-50,64.5,0.42,"Mytilus edulis","W-Msc-140480"
-41,64.5,0.27,"Mytilus edulis","W-Msc-140480"
-40.5,64.5,0.22,"Mytilus edulis","W-Msc-140480"
-40,64.5,0.24,"Mytilus edulis","W-Msc-140480"
-39.5,64.5,0.27,"Mytilus edulis","W-Msc-140480"
-24,64.5,1,"Mytilus edulis","W-Msc-140480"
-23.5,64.5,1,"Mytilus edulis","W-Msc-140480"
-23,64.5,1,"Mytilus edulis","W-Msc-140480"
-22.5,64.5,1,"Mytilus edulis","W-Msc-140480"
-22,64.5,1,"Mytilus edulis","W-Msc-140480"
-21.5,64.5,1,"Mytilus edulis","W-Msc-140480"
-14,64.5,1,"Mytilus edulis","W-Msc-140480"
-13.5,64.5,0.95,"Mytilus edulis","W-Msc-140480"
10.5,64.5,0.86,"Mytilus edulis","W-Msc-140480"
11,64.5,1,"Mytilus edulis","W-Msc-140480"
11.5,64.5,1,"Mytilus edulis","W-Msc-140480"
12,64.5,1,"Mytilus edulis","W-Msc-140480"
21.5,64.5,0.06,"Mytilus edulis","W-Msc-140480"
22,64.5,0.03,"Mytilus edulis","W-Msc-140480"
22.5,64.5,0.01,"Mytilus edulis","W-Msc-140480"
23,64.5,0.01,"Mytilus edulis","W-Msc-140480"
23.5,64.5,0.01,"Mytilus edulis","W-Msc-140480"
24,64.5,0.01,"Mytilus edulis","W-Msc-140480"
24.5,64.5,0.02,"Mytilus edulis","W-Msc-140480"
25,64.5,0.05,"Mytilus edulis","W-Msc-140480"
25.5,64.5,0.04,"Mytilus edulis","W-Msc-140480"
35,64.5,0.78,"Mytilus edulis","W-Msc-140480"
35.5,64.5,0.75,"Mytilus edulis","W-Msc-140480"
36,64.5,0.59,"Mytilus edulis","W-Msc-140480"
36.5,64.5,0.53,"Mytilus edulis","W-Msc-140480"
37,64.5,0.58,"Mytilus edulis","W-Msc-140480"
38,64.5,0.79,"Mytilus edulis","W-Msc-140480"
38.5,64.5,0.83,"Mytilus edulis","W-Msc-140480"
39,64.5,0.86,"Mytilus edulis","W-Msc-140480"
39.5,64.5,0.86,"Mytilus edulis","W-Msc-140480"
40,64.5,0.8,"Mytilus edulis","W-Msc-140480"
40.5,64.5,0.52,"Mytilus edulis","W-Msc-140480"
176.5,64.5,0.19,"Mytilus edulis","W-Msc-140480"
177,64.5,0.19,"Mytilus edulis","W-Msc-140480"
177.5,64.5,0.2,"Mytilus edulis","W-Msc-140480"
178,64.5,0.26,"Mytilus edulis","W-Msc-140480"
178.5,64.5,0.28,"Mytilus edulis","W-Msc-140480"
179,64.5,0.31,"Mytilus edulis","W-Msc-140480"
179.5,64.5,0.34,"Mytilus edulis","W-Msc-140480"
-179.5,64,0.35,"Mytilus edulis","W-Msc-140480"
-179,64,0.26,"Mytilus edulis","W-Msc-140480"
-178.5,64,0.1,"Mytilus edulis","W-Msc-140480"
-174.5,64,0.11,"Mytilus edulis","W-Msc-140480"
-174,64,0.45,"Mytilus edulis","W-Msc-140480"
-173.5,64,0.44,"Mytilus edulis","W-Msc-140480"
-173,64,0.41,"Mytilus edulis","W-Msc-140480"
-172.5,64,0.38,"Mytilus edulis","W-Msc-140480"
-172,64,0.35,"Mytilus edulis","W-Msc-140480"
-171.5,64,0.34,"Mytilus edulis","W-Msc-140480"
-171,64,0.35,"Mytilus edulis","W-Msc-140480"
-170.5,64,0.34,"Mytilus edulis","W-Msc-140480"
-170,64,0.32,"Mytilus edulis","W-Msc-140480"
-169.5,64,0.31,"Mytilus edulis","W-Msc-140480"
-169,64,0.31,"Mytilus edulis","W-Msc-140480"
-168.5,64,0.32,"Mytilus edulis","W-Msc-140480"
-168,64,0.33,"Mytilus edulis","W-Msc-140480"
-167.5,64,0.35,"Mytilus edulis","W-Msc-140480"
-167,64,0.38,"Mytilus edulis","W-Msc-140480"
-166.5,64,0.41,"Mytilus edulis","W-Msc-140480"
-166,64,0.45,"Mytilus edulis","W-Msc-140480"
-165.5,64,0.48,"Mytilus edulis","W-Msc-140480"
-165,64,0.5,"Mytilus edulis","W-Msc-140480"
-164.5,64,0.5,"Mytilus edulis","W-Msc-140480"
-164,64,0.52,"Mytilus edulis","W-Msc-140480"
-163.5,64,0.54,"Mytilus edulis","W-Msc-140480"
-163,64,0.58,"Mytilus edulis","W-Msc-140480"
-162.5,64,0.53,"Mytilus edulis","W-Msc-140480"
-162,64,0.48,"Mytilus edulis","W-Msc-140480"
-161.5,64,0.51,"Mytilus edulis","W-Msc-140480"
-161,64,0.54,"Mytilus edulis","W-Msc-140480"
-160.5,64,0.57,"Mytilus edulis","W-Msc-140480"
-93.5,64,0.04,"Mytilus edulis","W-Msc-140480"
-93,64,0.23,"Mytilus edulis","W-Msc-140480"
-90,64,0.04,"Mytilus edulis","W-Msc-140480"
-89.5,64,0.22,"Mytilus edulis","W-Msc-140480"
-89,64,0.21,"Mytilus edulis","W-Msc-140480"
-88.5,64,0.2,"Mytilus edulis","W-Msc-140480"
-88,64,0.18,"Mytilus edulis","W-Msc-140480"
-87.5,64,0.17,"Mytilus edulis","W-Msc-140480"
-87,64,0.11,"Mytilus edulis","W-Msc-140480"
-86.5,64,0.16,"Mytilus edulis","W-Msc-140480"
-86,64,0.18,"Mytilus edulis","W-Msc-140480"
-83.5,64,0.09,"Mytilus edulis","W-Msc-140480"
-83,64,0.08,"Mytilus edulis","W-Msc-140480"
-82.5,64,0.08,"Mytilus edulis","W-Msc-140480"
-81.5,64,0.07,"Mytilus edulis","W-Msc-140480"
-81,64,0.06,"Mytilus edulis","W-Msc-140480"
-80.5,64,0.06,"Mytilus edulis","W-Msc-140480"
-80,64,0.06,"Mytilus edulis","W-Msc-140480"
-78,64,0.09,"Mytilus edulis","W-Msc-140480"
-77.5,64,0.1,"Mytilus edulis","W-Msc-140480"
-77,64,0.12,"Mytilus edulis","W-Msc-140480"
-76.5,64,0.14,"Mytilus edulis","W-Msc-140480"
-76,64,0.16,"Mytilus edulis","W-Msc-140480"
-75.5,64,0.16,"Mytilus edulis","W-Msc-140480"
-75,64,0.16,"Mytilus edulis","W-Msc-140480"
-74.5,64,0.16,"Mytilus edulis","W-Msc-140480"
-74,64,0.17,"Mytilus edulis","W-Msc-140480"
-73.5,64,0.17,"Mytilus edulis","W-Msc-140480"
-73,64,0.16,"Mytilus edulis","W-Msc-140480"
-72.5,64,0.15,"Mytilus edulis","W-Msc-140480"
-65,64,0.13,"Mytilus edulis","W-Msc-140480"
-64.5,64,0.12,"Mytilus edulis","W-Msc-140480"
-64,64,0.08,"Mytilus edulis","W-Msc-140480"
-53,64,0.26,"Mytilus edulis","W-Msc-140480"
-52.5,64,0.48,"Mytilus edulis","W-Msc-140480"
-52,64,0.48,"Mytilus edulis","W-Msc-140480"
-51.5,64,0.45,"Mytilus edulis","W-Msc-140480"
-51,64,0.43,"Mytilus edulis","W-Msc-140480"
-50.5,64,0.44,"Mytilus edulis","W-Msc-140480"
-50,64,0.44,"Mytilus edulis","W-Msc-140480"
-49.5,64,0.45,"Mytilus edulis","W-Msc-140480"
-41,64,0.34,"Mytilus edulis","W-Msc-140480"
-40.5,64,0.33,"Mytilus edulis","W-Msc-140480"
-40,64,0.36,"Mytilus edulis","W-Msc-140480"
-22.5,64,1,"Mytilus edulis","W-Msc-140480"
-22,64,1,"Mytilus edulis","W-Msc-140480"
-21.5,64,1,"Mytilus edulis","W-Msc-140480"
-16,64,1,"Mytilus edulis","W-Msc-140480"
-15.5,64,1,"Mytilus edulis","W-Msc-140480"
-15,64,1,"Mytilus edulis","W-Msc-140480"
-14.5,64,1,"Mytilus edulis","W-Msc-140480"
-14,64,1,"Mytilus edulis","W-Msc-140480"
9,64,1,"Mytilus edulis","W-Msc-140480"
9.5,64,1,"Mytilus edulis","W-Msc-140480"
10,64,1,"Mytilus edulis","W-Msc-140480"
10.5,64,1,"Mytilus edulis","W-Msc-140480"
11,64,1,"Mytilus edulis","W-Msc-140480"
11.5,64,1,"Mytilus edulis","W-Msc-140480"
21,64,0.09,"Mytilus edulis","W-Msc-140480"
21.5,64,0.03,"Mytilus edulis","W-Msc-140480"
22,64,0.02,"Mytilus edulis","W-Msc-140480"
22.5,64,0.02,"Mytilus edulis","W-Msc-140480"
23,64,0.02,"Mytilus edulis","W-Msc-140480"
23.5,64,0.02,"Mytilus edulis","W-Msc-140480"
24,64,0.02,"Mytilus edulis","W-Msc-140480"
24.5,64,0.06,"Mytilus edulis","W-Msc-140480"
35.5,64,0.81,"Mytilus edulis","W-Msc-140480"
36,64,0.67,"Mytilus edulis","W-Msc-140480"
36.5,64,0.57,"Mytilus edulis","W-Msc-140480"
37,64,0.49,"Mytilus edulis","W-Msc-140480"
37.5,64,0.68,"Mytilus edulis","W-Msc-140480"
38,64,0.76,"Mytilus edulis","W-Msc-140480"
38.5,64,0.81,"Mytilus edulis","W-Msc-140480"
178,64,0.26,"Mytilus edulis","W-Msc-140480"
178.5,64,0.27,"Mytilus edulis","W-Msc-140480"
179,64,0.3,"Mytilus edulis","W-Msc-140480"
179.5,64,0.34,"Mytilus edulis","W-Msc-140480"
-179.5,63.5,0.29,"Mytilus edulis","W-Msc-140480"
-179,63.5,0.05,"Mytilus edulis","W-Msc-140480"
-173.5,63.5,0.26,"Mytilus edulis","W-Msc-140480"
-173,63.5,0.38,"Mytilus edulis","W-Msc-140480"
-172.5,63.5,0.38,"Mytilus edulis","W-Msc-140480"
-172,63.5,0.41,"Mytilus edulis","W-Msc-140480"
-171.5,63.5,0.38,"Mytilus edulis","W-Msc-140480"
-171,63.5,0.34,"Mytilus edulis","W-Msc-140480"
-170.5,63.5,0.33,"Mytilus edulis","W-Msc-140480"
-170,63.5,0.33,"Mytilus edulis","W-Msc-140480"
-169.5,63.5,0.33,"Mytilus edulis","W-Msc-140480"
-169,63.5,0.33,"Mytilus edulis","W-Msc-140480"
-168.5,63.5,0.33,"Mytilus edulis","W-Msc-140480"
-168,63.5,0.33,"Mytilus edulis","W-Msc-140480"
-167.5,63.5,0.34,"Mytilus edulis","W-Msc-140480"
-167,63.5,0.36,"Mytilus edulis","W-Msc-140480"
-166.5,63.5,0.38,"Mytilus edulis","W-Msc-140480"
-166,63.5,0.41,"Mytilus edulis","W-Msc-140480"
-165.5,63.5,0.45,"Mytilus edulis","W-Msc-140480"
-165,63.5,0.46,"Mytilus edulis","W-Msc-140480"
-164.5,63.5,0.47,"Mytilus edulis","W-Msc-140480"
-164,63.5,0.48,"Mytilus edulis","W-Msc-140480"
-163.5,63.5,0.5,"Mytilus edulis","W-Msc-140480"
-163,63.5,0.53,"Mytilus edulis","W-Msc-140480"
-162.5,63.5,0.55,"Mytilus edulis","W-Msc-140480"
-162,63.5,0.49,"Mytilus edulis","W-Msc-140480"
-161.5,63.5,0.45,"Mytilus edulis","W-Msc-140480"
-161,63.5,0.46,"Mytilus edulis","W-Msc-140480"
-160.5,63.5,0.61,"Mytilus edulis","W-Msc-140480"
-93.5,63.5,0.24,"Mytilus edulis","W-Msc-140480"
-93,63.5,0.25,"Mytilus edulis","W-Msc-140480"
-92.5,63.5,0.26,"Mytilus edulis","W-Msc-140480"
-92,63.5,0.25,"Mytilus edulis","W-Msc-140480"
-91.5,63.5,0.25,"Mytilus edulis","W-Msc-140480"
-91,63.5,0.24,"Mytilus edulis","W-Msc-140480"
-90.5,63.5,0.24,"Mytilus edulis","W-Msc-140480"
-90,63.5,0.23,"Mytilus edulis","W-Msc-140480"
-89.5,63.5,0.24,"Mytilus edulis","W-Msc-140480"
-89,63.5,0.23,"Mytilus edulis","W-Msc-140480"
-88.5,63.5,0.21,"Mytilus edulis","W-Msc-140480"
-88,63.5,0.16,"Mytilus edulis","W-Msc-140480"
-87.5,63.5,0.02,"Mytilus edulis","W-Msc-140480"
-87,63.5,0.17,"Mytilus edulis","W-Msc-140480"
-86.5,63.5,0.16,"Mytilus edulis","W-Msc-140480"
-86,63.5,0.18,"Mytilus edulis","W-Msc-140480"
-85.5,63.5,0.18,"Mytilus edulis","W-Msc-140480"
-84,63.5,0.13,"Mytilus edulis","W-Msc-140480"
-83.5,63.5,0.16,"Mytilus edulis","W-Msc-140480"
-83,63.5,0.13,"Mytilus edulis","W-Msc-140480"
-82.5,63.5,0.15,"Mytilus edulis","W-Msc-140480"
-82,63.5,0.1,"Mytilus edulis","W-Msc-140480"
-81.5,63.5,0.08,"Mytilus edulis","W-Msc-140480"
-81,63.5,0.07,"Mytilus edulis","W-Msc-140480"
-80.5,63.5,0.08,"Mytilus edulis","W-Msc-140480"
-80,63.5,0.12,"Mytilus edulis","W-Msc-140480"
-79.5,63.5,0.1,"Mytilus edulis","W-Msc-140480"
-78.5,63.5,0.08,"Mytilus edulis","W-Msc-140480"
-78,63.5,0.08,"Mytilus edulis","W-Msc-140480"
-77.5,63.5,0.1,"Mytilus edulis","W-Msc-140480"
-77,63.5,0.11,"Mytilus edulis","W-Msc-140480"
-76.5,63.5,0.12,"Mytilus edulis","W-Msc-140480"
-76,63.5,0.05,"Mytilus edulis","W-Msc-140480"
-74,63.5,0.06,"Mytilus edulis","W-Msc-140480"
-73.5,63.5,0.1,"Mytilus edulis","W-Msc-140480"
-73,63.5,0.1,"Mytilus edulis","W-Msc-140480"
-72.5,63.5,0.12,"Mytilus edulis","W-Msc-140480"
-72,63.5,0.12,"Mytilus edulis","W-Msc-140480"
-71.5,63.5,0.12,"Mytilus edulis","W-Msc-140480"
-71,63.5,0.15,"Mytilus edulis","W-Msc-140480"
-68.5,63.5,0.14,"Mytilus edulis","W-Msc-140480"
-68,63.5,0.14,"Mytilus edulis","W-Msc-140480"
-67.5,63.5,0.14,"Mytilus edulis","W-Msc-140480"
-67,63.5,0.02,"Mytilus edulis","W-Msc-140480"
-65,63.5,0.04,"Mytilus edulis","W-Msc-140480"
-64.5,63.5,0.11,"Mytilus edulis","W-Msc-140480"
-64,63.5,0.1,"Mytilus edulis","W-Msc-140480"
-63.5,63.5,0.09,"Mytilus edulis","W-Msc-140480"
-52.5,63.5,0.41,"Mytilus edulis","W-Msc-140480"
-52,63.5,0.48,"Mytilus edulis","W-Msc-140480"
-51.5,63.5,0.48,"Mytilus edulis","W-Msc-140480"
-51,63.5,0.45,"Mytilus edulis","W-Msc-140480"
-50.5,63.5,0.07,"Mytilus edulis","W-Msc-140480"
-41.5,63.5,0.46,"Mytilus edulis","W-Msc-140480"
-41,63.5,0.45,"Mytilus edulis","W-Msc-140480"
-40.5,63.5,0.5,"Mytilus edulis","W-Msc-140480"
-40,63.5,0.6,"Mytilus edulis","W-Msc-140480"
-23,63.5,0.34,"Mytilus edulis","W-Msc-140480"
-22.5,63.5,1,"Mytilus edulis","W-Msc-140480"
-22,63.5,1,"Mytilus edulis","W-Msc-140480"
-21.5,63.5,1,"Mytilus edulis","W-Msc-140480"
-21,63.5,1,"Mytilus edulis","W-Msc-140480"
-20.5,63.5,1,"Mytilus edulis","W-Msc-140480"
-20,63.5,1,"Mytilus edulis","W-Msc-140480"
-19.5,63.5,1,"Mytilus edulis","W-Msc-140480"
-18,63.5,1,"Mytilus edulis","W-Msc-140480"
-17.5,63.5,1,"Mytilus edulis","W-Msc-140480"
-17,63.5,1,"Mytilus edulis","W-Msc-140480"
-16.5,63.5,1,"Mytilus edulis","W-Msc-140480"
-16,63.5,1,"Mytilus edulis","W-Msc-140480"
8,63.5,1,"Mytilus edulis","W-Msc-140480"
8.5,63.5,1,"Mytilus edulis","W-Msc-140480"
9,63.5,1,"Mytilus edulis","W-Msc-140480"
9.5,63.5,1,"Mytilus edulis","W-Msc-140480"
10,63.5,1,"Mytilus edulis","W-Msc-140480"
10.5,63.5,1,"Mytilus edulis","W-Msc-140480"
11,63.5,1,"Mytilus edulis","W-Msc-140480"
11.5,63.5,1,"Mytilus edulis","W-Msc-140480"
19.5,63.5,0.12,"Mytilus edulis","W-Msc-140480"
20,63.5,0.21,"Mytilus edulis","W-Msc-140480"
20.5,63.5,0.13,"Mytilus edulis","W-Msc-140480"
21,63.5,0.11,"Mytilus edulis","W-Msc-140480"
21.5,63.5,0.06,"Mytilus edulis","W-Msc-140480"
22,63.5,0.05,"Mytilus edulis","W-Msc-140480"
22.5,63.5,0.05,"Mytilus edulis","W-Msc-140480"
23,63.5,0.05,"Mytilus edulis","W-Msc-140480"
23.5,63.5,0.05,"Mytilus edulis","W-Msc-140480"
37,63.5,0.83,"Mytilus edulis","W-Msc-140480"
37.5,63.5,0.83,"Mytilus edulis","W-Msc-140480"
38,63.5,0.83,"Mytilus edulis","W-Msc-140480"
38.5,63.5,0.82,"Mytilus edulis","W-Msc-140480"
178.5,63.5,0.05,"Mytilus edulis","W-Msc-140480"
179,63.5,0.33,"Mytilus edulis","W-Msc-140480"
179.5,63.5,0.16,"Mytilus edulis","W-Msc-140480"
-179.5,63,0.09,"Mytilus edulis","W-Msc-140480"
-173,63,0.07,"Mytilus edulis","W-Msc-140480"
-172.5,63,0.13,"Mytilus edulis","W-Msc-140480"
-172,63,0.21,"Mytilus edulis","W-Msc-140480"
-171.5,63,0.41,"Mytilus edulis","W-Msc-140480"
-171,63,0.41,"Mytilus edulis","W-Msc-140480"
-170.5,63,0.4,"Mytilus edulis","W-Msc-140480"
-170,63,0.37,"Mytilus edulis","W-Msc-140480"
-169.5,63,0.36,"Mytilus edulis","W-Msc-140480"
-169,63,0.35,"Mytilus edulis","W-Msc-140480"
-168.5,63,0.32,"Mytilus edulis","W-Msc-140480"
-168,63,0.33,"Mytilus edulis","W-Msc-140480"
-167.5,63,0.35,"Mytilus edulis","W-Msc-140480"
-167,63,0.37,"Mytilus edulis","W-Msc-140480"
-166.5,63,0.4,"Mytilus edulis","W-Msc-140480"
-166,63,0.43,"Mytilus edulis","W-Msc-140480"
-165.5,63,0.47,"Mytilus edulis","W-Msc-140480"
-165,63,0.5,"Mytilus edulis","W-Msc-140480"
-164.5,63,0.51,"Mytilus edulis","W-Msc-140480"
-164,63,0.51,"Mytilus edulis","W-Msc-140480"
-163.5,63,0.52,"Mytilus edulis","W-Msc-140480"
-163,63,0.53,"Mytilus edulis","W-Msc-140480"
-162.5,63,0.54,"Mytilus edulis","W-Msc-140480"
-162,63,0.58,"Mytilus edulis","W-Msc-140480"
-161.5,63,0.61,"Mytilus edulis","W-Msc-140480"
-161,63,0.21,"Mytilus edulis","W-Msc-140480"
-91,63,0.04,"Mytilus edulis","W-Msc-140480"
-90.5,63,0.24,"Mytilus edulis","W-Msc-140480"
-90,63,0.23,"Mytilus edulis","W-Msc-140480"
-89.5,63,0.19,"Mytilus edulis","W-Msc-140480"
-87.5,63,0.04,"Mytilus edulis","W-Msc-140480"
-87,63,0.14,"Mytilus edulis","W-Msc-140480"
-86.5,63,0.14,"Mytilus edulis","W-Msc-140480"
-86,63,0.16,"Mytilus edulis","W-Msc-140480"
-85.5,63,0.21,"Mytilus edulis","W-Msc-140480"
-85,63,0.19,"Mytilus edulis","W-Msc-140480"
-84.5,63,0.19,"Mytilus edulis","W-Msc-140480"
-84,63,0.1,"Mytilus edulis","W-Msc-140480"
-83.5,63,0.07,"Mytilus edulis","W-Msc-140480"
-82.5,63,0.07,"Mytilus edulis","W-Msc-140480"
-82,63,0.07,"Mytilus edulis","W-Msc-140480"
-81.5,63,0.05,"Mytilus edulis","W-Msc-140480"
-81,63,0.07,"Mytilus edulis","W-Msc-140480"
-80.5,63,0.07,"Mytilus edulis","W-Msc-140480"
-78.5,63,0.1,"Mytilus edulis","W-Msc-140480"
-78,63,0.12,"Mytilus edulis","W-Msc-140480"
-77.5,63,0.12,"Mytilus edulis","W-Msc-140480"
-77,63,0.13,"Mytilus edulis","W-Msc-140480"
-76.5,63,0.15,"Mytilus edulis","W-Msc-140480"
-76,63,0.12,"Mytilus edulis","W-Msc-140480"
-72,63,0.11,"Mytilus edulis","W-Msc-140480"
-71.5,63,0.13,"Mytilus edulis","W-Msc-140480"
-71,63,0.16,"Mytilus edulis","W-Msc-140480"
-70.5,63,0.05,"Mytilus edulis","W-Msc-140480"
-68,63,0.13,"Mytilus edulis","W-Msc-140480"
-67.5,63,0.13,"Mytilus edulis","W-Msc-140480"
-67,63,0.14,"Mytilus edulis","W-Msc-140480"
-66.5,63,0.15,"Mytilus edulis","W-Msc-140480"
-66,63,0.15,"Mytilus edulis","W-Msc-140480"
-65.5,63,0.05,"Mytilus edulis","W-Msc-140480"
-65,63,0.04,"Mytilus edulis","W-Msc-140480"
-64.5,63,0.13,"Mytilus edulis","W-Msc-140480"
-64,63,0.11,"Mytilus edulis","W-Msc-140480"
-63.5,63,0.1,"Mytilus edulis","W-Msc-140480"
-52,63,0.47,"Mytilus edulis","W-Msc-140480"
-51.5,63,0.47,"Mytilus edulis","W-Msc-140480"
-51,63,0.47,"Mytilus edulis","W-Msc-140480"
-50.5,63,0.45,"Mytilus edulis","W-Msc-140480"
-50,63,0.07,"Mytilus edulis","W-Msc-140480"
-49.5,63,0.22,"Mytilus edulis","W-Msc-140480"
-42,63,0.47,"Mytilus edulis","W-Msc-140480"
-41.5,63,0.48,"Mytilus edulis","W-Msc-140480"
-41,63,0.49,"Mytilus edulis","W-Msc-140480"
-40.5,63,0.59,"Mytilus edulis","W-Msc-140480"
-20.5,63,1,"Mytilus edulis","W-Msc-140480"
-20,63,1,"Mytilus edulis","W-Msc-140480"
-19,63,1,"Mytilus edulis","W-Msc-140480"
-18.5,63,1,"Mytilus edulis","W-Msc-140480"
-18,63,1,"Mytilus edulis","W-Msc-140480"
-17.5,63,1,"Mytilus edulis","W-Msc-140480"
-17,63,1,"Mytilus edulis","W-Msc-140480"
7,63,1,"Mytilus edulis","W-Msc-140480"
7.5,63,1,"Mytilus edulis","W-Msc-140480"
8,63,1,"Mytilus edulis","W-Msc-140480"
8.5,63,1,"Mytilus edulis","W-Msc-140480"
9,63,1,"Mytilus edulis","W-Msc-140480"
9.5,63,1,"Mytilus edulis","W-Msc-140480"
10,63,1,"Mytilus edulis","W-Msc-140480"
10.5,63,1,"Mytilus edulis","W-Msc-140480"
11,63,1,"Mytilus edulis","W-Msc-140480"
18,63,0.12,"Mytilus edulis","W-Msc-140480"
18.5,63,0.16,"Mytilus edulis","W-Msc-140480"
19,63,0.19,"Mytilus edulis","W-Msc-140480"
19.5,63,0.18,"Mytilus edulis","W-Msc-140480"
20,63,0.19,"Mytilus edulis","W-Msc-140480"
20.5,63,0.19,"Mytilus edulis","W-Msc-140480"
21,63,0.18,"Mytilus edulis","W-Msc-140480"
21.5,63,0.16,"Mytilus edulis","W-Msc-140480"
22,63,0.14,"Mytilus edulis","W-Msc-140480"
22.5,63,0.14,"Mytilus edulis","W-Msc-140480"
179,63,0.34,"Mytilus edulis","W-Msc-140480"
179.5,63,0.37,"Mytilus edulis","W-Msc-140480"
-179.5,62.5,0.45,"Mytilus edulis","W-Msc-140480"
-173.5,62.5,0.16,"Mytilus edulis","W-Msc-140480"
-173,62.5,0.19,"Mytilus edulis","W-Msc-140480"
-172.5,62.5,0.2,"Mytilus edulis","W-Msc-140480"
-172,62.5,0.3,"Mytilus edulis","W-Msc-140480"
-171.5,62.5,0.3,"Mytilus edulis","W-Msc-140480"
-171,62.5,0.31,"Mytilus edulis","W-Msc-140480"
-170.5,62.5,0.33,"Mytilus edulis","W-Msc-140480"
-170,62.5,0.36,"Mytilus edulis","W-Msc-140480"
-169.5,62.5,0.39,"Mytilus edulis","W-Msc-140480"
-169,62.5,0.38,"Mytilus edulis","W-Msc-140480"
-168.5,62.5,0.37,"Mytilus edulis","W-Msc-140480"
-168,62.5,0.36,"Mytilus edulis","W-Msc-140480"
-167.5,62.5,0.36,"Mytilus edulis","W-Msc-140480"
-167,62.5,0.3,"Mytilus edulis","W-Msc-140480"
-166.5,62.5,0.37,"Mytilus edulis","W-Msc-140480"
-166,62.5,0.47,"Mytilus edulis","W-Msc-140480"
-165.5,62.5,0.51,"Mytilus edulis","W-Msc-140480"
-165,62.5,0.55,"Mytilus edulis","W-Msc-140480"
-164.5,62.5,0.55,"Mytilus edulis","W-Msc-140480"
-92.5,62.5,0.09,"Mytilus edulis","W-Msc-140480"
-92,62.5,0.27,"Mytilus edulis","W-Msc-140480"
-91.5,62.5,0.26,"Mytilus edulis","W-Msc-140480"
-91,62.5,0.26,"Mytilus edulis","W-Msc-140480"
-90.5,62.5,0.24,"Mytilus edulis","W-Msc-140480"
-90,62.5,0.18,"Mytilus edulis","W-Msc-140480"
-85,62.5,0.04,"Mytilus edulis","W-Msc-140480"
-84,62.5,0.08,"Mytilus edulis","W-Msc-140480"
-83.5,62.5,0.11,"Mytilus edulis","W-Msc-140480"
-83,62.5,0.1,"Mytilus edulis","W-Msc-140480"
-82.5,62.5,0.09,"Mytilus edulis","W-Msc-140480"
-82,62.5,0.09,"Mytilus edulis","W-Msc-140480"
-81.5,62.5,0.09,"Mytilus edulis","W-Msc-140480"
-78,62.5,0.09,"Mytilus edulis","W-Msc-140480"
-77.5,62.5,0.09,"Mytilus edulis","W-Msc-140480"
-77,62.5,0.09,"Mytilus edulis","W-Msc-140480"
-76.5,62.5,0.09,"Mytilus edulis","W-Msc-140480"
-76,62.5,0.08,"Mytilus edulis","W-Msc-140480"
-74.5,62.5,0.08,"Mytilus edulis","W-Msc-140480"
-74,62.5,0.1,"Mytilus edulis","W-Msc-140480"
-73.5,62.5,0.1,"Mytilus edulis","W-Msc-140480"
-73,62.5,0.06,"Mytilus edulis","W-Msc-140480"
-71,62.5,0.17,"Mytilus edulis","W-Msc-140480"
-70.5,62.5,0.17,"Mytilus edulis","W-Msc-140480"
-70,62.5,0.18,"Mytilus edulis","W-Msc-140480"
-69.5,62.5,0.18,"Mytilus edulis","W-Msc-140480"
-69,62.5,0.17,"Mytilus edulis","W-Msc-140480"
-67.5,62.5,0.02,"Mytilus edulis","W-Msc-140480"
-67,62.5,0.14,"Mytilus edulis","W-Msc-140480"
-66.5,62.5,0.15,"Mytilus edulis","W-Msc-140480"
-66,62.5,0.16,"Mytilus edulis","W-Msc-140480"
-65.5,62.5,0.16,"Mytilus edulis","W-Msc-140480"
-65,62.5,0.15,"Mytilus edulis","W-Msc-140480"
-64.5,62.5,0.12,"Mytilus edulis","W-Msc-140480"
-64,62.5,0.1,"Mytilus edulis","W-Msc-140480"
-63.5,62.5,0.12,"Mytilus edulis","W-Msc-140480"
-51.5,62.5,0.08,"Mytilus edulis","W-Msc-140480"
-51,62.5,0.46,"Mytilus edulis","W-Msc-140480"
-50.5,62.5,0.45,"Mytilus edulis","W-Msc-140480"
-50,62.5,0.44,"Mytilus edulis","W-Msc-140480"
-49.5,62.5,0.07,"Mytilus edulis","W-Msc-140480"
-43,62.5,0.5,"Mytilus edulis","W-Msc-140480"
-42.5,62.5,0.49,"Mytilus edulis","W-Msc-140480"
-42,62.5,0.48,"Mytilus edulis","W-Msc-140480"
-41.5,62.5,0.47,"Mytilus edulis","W-Msc-140480"
-41,62.5,0.55,"Mytilus edulis","W-Msc-140480"
6,62.5,1,"Mytilus edulis","W-Msc-140480"
6.5,62.5,1,"Mytilus edulis","W-Msc-140480"
7,62.5,1,"Mytilus edulis","W-Msc-140480"
7.5,62.5,1,"Mytilus edulis","W-Msc-140480"
8,62.5,1,"Mytilus edulis","W-Msc-140480"
8.5,62.5,1,"Mytilus edulis","W-Msc-140480"
9,62.5,0.17,"Mytilus edulis","W-Msc-140480"
17.5,62.5,0.24,"Mytilus edulis","W-Msc-140480"
18,62.5,0.47,"Mytilus edulis","W-Msc-140480"
18.5,62.5,0.19,"Mytilus edulis","W-Msc-140480"
19,62.5,0.18,"Mytilus edulis","W-Msc-140480"
20.5,62.5,0.13,"Mytilus edulis","W-Msc-140480"
21,62.5,0.19,"Mytilus edulis","W-Msc-140480"
21.5,62.5,0.18,"Mytilus edulis","W-Msc-140480"
163.5,62.5,0.44,"Mytilus edulis","W-Msc-140480"
164,62.5,0.45,"Mytilus edulis","W-Msc-140480"
164.5,62.5,0.46,"Mytilus edulis","W-Msc-140480"
165,62.5,0.47,"Mytilus edulis","W-Msc-140480"
165.5,62.5,0.48,"Mytilus edulis","W-Msc-140480"
177,62.5,0.46,"Mytilus edulis","W-Msc-140480"
177.5,62.5,0.45,"Mytilus edulis","W-Msc-140480"
178,62.5,0.45,"Mytilus edulis","W-Msc-140480"
178.5,62.5,0.43,"Mytilus edulis","W-Msc-140480"
179.5,62.5,0.42,"Mytilus edulis","W-Msc-140480"
-179.5,62,0.47,"Mytilus edulis","W-Msc-140480"
-179,62,0.24,"Mytilus edulis","W-Msc-140480"
-174,62,0.08,"Mytilus edulis","W-Msc-140480"
-173.5,62,0.16,"Mytilus edulis","W-Msc-140480"
-173,62,0.21,"Mytilus edulis","W-Msc-140480"
-172.5,62,0.26,"Mytilus edulis","W-Msc-140480"
-172,62,0.27,"Mytilus edulis","W-Msc-140480"
-171.5,62,0.27,"Mytilus edulis","W-Msc-140480"
-171,62,0.3,"Mytilus edulis","W-Msc-140480"
-170.5,62,0.3,"Mytilus edulis","W-Msc-140480"
-170,62,0.33,"Mytilus edulis","W-Msc-140480"
-169.5,62,0.38,"Mytilus edulis","W-Msc-140480"
-169,62,0.3,"Mytilus edulis","W-Msc-140480"
-168.5,62,0.25,"Mytilus edulis","W-Msc-140480"
-168,62,0.23,"Mytilus edulis","W-Msc-140480"
-167.5,62,0.23,"Mytilus edulis","W-Msc-140480"
-167,62,0.29,"Mytilus edulis","W-Msc-140480"
-166.5,62,0.43,"Mytilus edulis","W-Msc-140480"
-166,62,0.51,"Mytilus edulis","W-Msc-140480"
-165.5,62,0.54,"Mytilus edulis","W-Msc-140480"
-165,62,0.55,"Mytilus edulis","W-Msc-140480"
-93,62,0.28,"Mytilus edulis","W-Msc-140480"
-92.5,62,0.28,"Mytilus edulis","W-Msc-140480"
-92,62,0.24,"Mytilus edulis","W-Msc-140480"
-91.5,62,0.18,"Mytilus edulis","W-Msc-140480"
-91,62,0.13,"Mytilus edulis","W-Msc-140480"
-84,62,0.09,"Mytilus edulis","W-Msc-140480"
-83.5,62,0.09,"Mytilus edulis","W-Msc-140480"
-83,62,0.1,"Mytilus edulis","W-Msc-140480"
-82.5,62,0.13,"Mytilus edulis","W-Msc-140480"
-82,62,0.09,"Mytilus edulis","W-Msc-140480"
-80,62,0.09,"Mytilus edulis","W-Msc-140480"
-79.5,62,0.09,"Mytilus edulis","W-Msc-140480"
-79,62,0.09,"Mytilus edulis","W-Msc-140480"
-78,62,0.1,"Mytilus edulis","W-Msc-140480"
-77.5,62,0.08,"Mytilus edulis","W-Msc-140480"
-76.5,62,0.13,"Mytilus edulis","W-Msc-140480"
-76,62,0.12,"Mytilus edulis","W-Msc-140480"
-75.5,62,0.11,"Mytilus edulis","W-Msc-140480"
-75,62,0.09,"Mytilus edulis","W-Msc-140480"
-74.5,62,0.08,"Mytilus edulis","W-Msc-140480"
-74,62,0.09,"Mytilus edulis","W-Msc-140480"
-73.5,62,0.1,"Mytilus edulis","W-Msc-140480"
-73,62,0.11,"Mytilus edulis","W-Msc-140480"
-72.5,62,0.09,"Mytilus edulis","W-Msc-140480"
-72,62,0.08,"Mytilus edulis","W-Msc-140480"
-71.5,62,0.08,"Mytilus edulis","W-Msc-140480"
-70,62,0.14,"Mytilus edulis","W-Msc-140480"
-69.5,62,0.14,"Mytilus edulis","W-Msc-140480"
-69,62,0.17,"Mytilus edulis","W-Msc-140480"
-68.5,62,0.16,"Mytilus edulis","W-Msc-140480"
-68,62,0.15,"Mytilus edulis","W-Msc-140480"
-67.5,62,0.14,"Mytilus edulis","W-Msc-140480"
-67,62,0.14,"Mytilus edulis","W-Msc-140480"
-66.5,62,0.14,"Mytilus edulis","W-Msc-140480"
-66,62,0.14,"Mytilus edulis","W-Msc-140480"
-65.5,62,0.13,"Mytilus edulis","W-Msc-140480"
-65,62,0.04,"Mytilus edulis","W-Msc-140480"
-64.5,62,0.12,"Mytilus edulis","W-Msc-140480"
-64,62,0.13,"Mytilus edulis","W-Msc-140480"
-51,62,0.49,"Mytilus edulis","W-Msc-140480"
-50.5,62,0.46,"Mytilus edulis","W-Msc-140480"
-50,62,0.44,"Mytilus edulis","W-Msc-140480"
-49.5,62,0.42,"Mytilus edulis","W-Msc-140480"
-49,62,0.42,"Mytilus edulis","W-Msc-140480"
-48.5,62,0.43,"Mytilus edulis","W-Msc-140480"
-42.5,62,0.49,"Mytilus edulis","W-Msc-140480"
-42,62,0.46,"Mytilus edulis","W-Msc-140480"
-41.5,62,0.5,"Mytilus edulis","W-Msc-140480"
-7.5,62,1,"Mytilus edulis","W-Msc-140480"
-7,62,1,"Mytilus edulis","W-Msc-140480"
-6.5,62,1,"Mytilus edulis","W-Msc-140480"
-6,62,1,"Mytilus edulis","W-Msc-140480"
-5.5,62,0.14,"Mytilus edulis","W-Msc-140480"
5,62,0.69,"Mytilus edulis","W-Msc-140480"
5.5,62,1,"Mytilus edulis","W-Msc-140480"
6,62,1,"Mytilus edulis","W-Msc-140480"
6.5,62,1,"Mytilus edulis","W-Msc-140480"
7,62,1,"Mytilus edulis","W-Msc-140480"
7.5,62,1,"Mytilus edulis","W-Msc-140480"
17.5,62,0.46,"Mytilus edulis","W-Msc-140480"
18,62,0.2,"Mytilus edulis","W-Msc-140480"
18.5,62,0.06,"Mytilus edulis","W-Msc-140480"
19,62,0.09,"Mytilus edulis","W-Msc-140480"
19.5,62,0.1,"Mytilus edulis","W-Msc-140480"
20,62,0.08,"Mytilus edulis","W-Msc-140480"
20.5,62,0.07,"Mytilus edulis","W-Msc-140480"
21,62,0.07,"Mytilus edulis","W-Msc-140480"
21.5,62,0.08,"Mytilus edulis","W-Msc-140480"
163.5,62,0.46,"Mytilus edulis","W-Msc-140480"
164,62,0.5,"Mytilus edulis","W-Msc-140480"
164.5,62,0.5,"Mytilus edulis","W-Msc-140480"
165,62,0.51,"Mytilus edulis","W-Msc-140480"
165.5,62,0.52,"Mytilus edulis","W-Msc-140480"
175.5,62,0.5,"Mytilus edulis","W-Msc-140480"
176,62,0.51,"Mytilus edulis","W-Msc-140480"
176.5,62,0.51,"Mytilus edulis","W-Msc-140480"
177,62,0.52,"Mytilus edulis","W-Msc-140480"
177.5,62,0.44,"Mytilus edulis","W-Msc-140480"
178,62,0.52,"Mytilus edulis","W-Msc-140480"
178.5,62,0.49,"Mytilus edulis","W-Msc-140480"
179,62,0.48,"Mytilus edulis","W-Msc-140480"
179.5,62,0.49,"Mytilus edulis","W-Msc-140480"
-179.5,61.5,0.21,"Mytilus edulis","W-Msc-140480"
-179,61.5,0.17,"Mytilus edulis","W-Msc-140480"
-174.5,61.5,0.01,"Mytilus edulis","W-Msc-140480"
-174,61.5,0.04,"Mytilus edulis","W-Msc-140480"
-173.5,61.5,0.09,"Mytilus edulis","W-Msc-140480"
-173,61.5,0.2,"Mytilus edulis","W-Msc-140480"
-172.5,61.5,0.21,"Mytilus edulis","W-Msc-140480"
-172,61.5,0.22,"Mytilus edulis","W-Msc-140480"
-171.5,61.5,0.16,"Mytilus edulis","W-Msc-140480"
-171,61.5,0.21,"Mytilus edulis","W-Msc-140480"
-170.5,61.5,0.24,"Mytilus edulis","W-Msc-140480"
-170,61.5,0.25,"Mytilus edulis","W-Msc-140480"
-169.5,61.5,0.22,"Mytilus edulis","W-Msc-140480"
-169,61.5,0.2,"Mytilus edulis","W-Msc-140480"
-168.5,61.5,0.2,"Mytilus edulis","W-Msc-140480"
-168,61.5,0.2,"Mytilus edulis","W-Msc-140480"
-167.5,61.5,0.22,"Mytilus edulis","W-Msc-140480"
-167,61.5,0.28,"Mytilus edulis","W-Msc-140480"
-166.5,61.5,0.43,"Mytilus edulis","W-Msc-140480"
-166,61.5,0.53,"Mytilus edulis","W-Msc-140480"
-165.5,61.5,0.56,"Mytilus edulis","W-Msc-140480"
-149.5,61.5,0.93,"Mytilus edulis","W-Msc-140480"
-149,61.5,0.94,"Mytilus edulis","W-Msc-140480"
-93.5,61.5,0.3,"Mytilus edulis","W-Msc-140480"
-93,61.5,0.27,"Mytilus edulis","W-Msc-140480"
-92.5,61.5,0.21,"Mytilus edulis","W-Msc-140480"
-92,61.5,0.14,"Mytilus edulis","W-Msc-140480"
-80,61.5,0.11,"Mytilus edulis","W-Msc-140480"
-79.5,61.5,0.09,"Mytilus edulis","W-Msc-140480"
-79,61.5,0.09,"Mytilus edulis","W-Msc-140480"
-78,61.5,0.13,"Mytilus edulis","W-Msc-140480"
-77.5,61.5,0.17,"Mytilus edulis","W-Msc-140480"
-77,61.5,0.03,"Mytilus edulis","W-Msc-140480"
-72.5,61.5,0.02,"Mytilus edulis","W-Msc-140480"
-72,61.5,0.11,"Mytilus edulis","W-Msc-140480"
-71.5,61.5,0.1,"Mytilus edulis","W-Msc-140480"
-71,61.5,0.1,"Mytilus edulis","W-Msc-140480"
-67,61.5,0.1,"Mytilus edulis","W-Msc-140480"
-66.5,61.5,0.13,"Mytilus edulis","W-Msc-140480"
-66,61.5,0.12,"Mytilus edulis","W-Msc-140480"
-65.5,61.5,0.12,"Mytilus edulis","W-Msc-140480"
-65,61.5,0.12,"Mytilus edulis","W-Msc-140480"
-64.5,61.5,0.14,"Mytilus edulis","W-Msc-140480"
-50.5,61.5,0.49,"Mytilus edulis","W-Msc-140480"
-50,61.5,0.44,"Mytilus edulis","W-Msc-140480"
-49.5,61.5,0.42,"Mytilus edulis","W-Msc-140480"
-49,61.5,0.4,"Mytilus edulis","W-Msc-140480"
-48.5,61.5,0.43,"Mytilus edulis","W-Msc-140480"
-48,61.5,0.07,"Mytilus edulis","W-Msc-140480"
-43,61.5,0.08,"Mytilus edulis","W-Msc-140480"
-42.5,61.5,0.25,"Mytilus edulis","W-Msc-140480"
-42,61.5,0.49,"Mytilus edulis","W-Msc-140480"
-41.5,61.5,0.57,"Mytilus edulis","W-Msc-140480"
-7,61.5,0.99,"Mytilus edulis","W-Msc-140480"
-6.5,61.5,1,"Mytilus edulis","W-Msc-140480"
-6,61.5,0.97,"Mytilus edulis","W-Msc-140480"
5,61.5,1,"Mytilus edulis","W-Msc-140480"
5.5,61.5,1,"Mytilus edulis","W-Msc-140480"
6,61.5,0.5,"Mytilus edulis","W-Msc-140480"
6.5,61.5,1,"Mytilus edulis","W-Msc-140480"
7,61.5,0.17,"Mytilus edulis","W-Msc-140480"
17.5,61.5,0.19,"Mytilus edulis","W-Msc-140480"
18,61.5,0.2,"Mytilus edulis","W-Msc-140480"
18.5,61.5,0.15,"Mytilus edulis","W-Msc-140480"
19,61.5,0.1,"Mytilus edulis","W-Msc-140480"
19.5,61.5,0.08,"Mytilus edulis","W-Msc-140480"
20,61.5,0.06,"Mytilus edulis","W-Msc-140480"
20.5,61.5,0.04,"Mytilus edulis","W-Msc-140480"
21,61.5,0.05,"Mytilus edulis","W-Msc-140480"
21.5,61.5,0.08,"Mytilus edulis","W-Msc-140480"
22,61.5,0.09,"Mytilus edulis","W-Msc-140480"
157,61.5,0.6,"Mytilus edulis","W-Msc-140480"
157.5,61.5,0.64,"Mytilus edulis","W-Msc-140480"
158,61.5,0.68,"Mytilus edulis","W-Msc-140480"
158.5,61.5,0.68,"Mytilus edulis","W-Msc-140480"
159,61.5,0.67,"Mytilus edulis","W-Msc-140480"
159.5,61.5,0.65,"Mytilus edulis","W-Msc-140480"
160,61.5,0.62,"Mytilus edulis","W-Msc-140480"
160.5,61.5,0.6,"Mytilus edulis","W-Msc-140480"
162.5,61.5,0.48,"Mytilus edulis","W-Msc-140480"
163,61.5,0.46,"Mytilus edulis","W-Msc-140480"
163.5,61.5,0.45,"Mytilus edulis","W-Msc-140480"
164,61.5,0.54,"Mytilus edulis","W-Msc-140480"
164.5,61.5,0.55,"Mytilus edulis","W-Msc-140480"
173.5,61.5,0.53,"Mytilus edulis","W-Msc-140480"
174,61.5,0.53,"Mytilus edulis","W-Msc-140480"
174.5,61.5,0.5,"Mytilus edulis","W-Msc-140480"
175,61.5,0.54,"Mytilus edulis","W-Msc-140480"
175.5,61.5,0.57,"Mytilus edulis","W-Msc-140480"
178,61.5,0.61,"Mytilus edulis","W-Msc-140480"
178.5,61.5,0.59,"Mytilus edulis","W-Msc-140480"
179,61.5,0.57,"Mytilus edulis","W-Msc-140480"
179.5,61.5,0.04,"Mytilus edulis","W-Msc-140480"
-175,61,0.21,"Mytilus edulis","W-Msc-140480"
-174,61,0.03,"Mytilus edulis","W-Msc-140480"
-173,61,0.12,"Mytilus edulis","W-Msc-140480"
-172.5,61,0.22,"Mytilus edulis","W-Msc-140480"
-172,61,0.08,"Mytilus edulis","W-Msc-140480"
-171.5,61,0.11,"Mytilus edulis","W-Msc-140480"
-171,61,0.19,"Mytilus edulis","W-Msc-140480"
-170.5,61,0.27,"Mytilus edulis","W-Msc-140480"
-170,61,0.28,"Mytilus edulis","W-Msc-140480"
-169.5,61,0.25,"Mytilus edulis","W-Msc-140480"
-169,61,0.25,"Mytilus edulis","W-Msc-140480"
-168.5,61,0.22,"Mytilus edulis","W-Msc-140480"
-168,61,0.22,"Mytilus edulis","W-Msc-140480"
-167.5,61,0.23,"Mytilus edulis","W-Msc-140480"
-167,61,0.27,"Mytilus edulis","W-Msc-140480"
-166.5,61,0.39,"Mytilus edulis","W-Msc-140480"
-166,61,0.56,"Mytilus edulis","W-Msc-140480"
-165.5,61,0.58,"Mytilus edulis","W-Msc-140480"
-165,61,0.58,"Mytilus edulis","W-Msc-140480"
-164.5,61,0.59,"Mytilus edulis","W-Msc-140480"
-151.5,61,0.95,"Mytilus edulis","W-Msc-140480"
-151,61,0.95,"Mytilus edulis","W-Msc-140480"
-150.5,61,0.95,"Mytilus edulis","W-Msc-140480"
-150,61,0.96,"Mytilus edulis","W-Msc-140480"
-149.5,61,0.97,"Mytilus edulis","W-Msc-140480"
-149,61,0.98,"Mytilus edulis","W-Msc-140480"
-148,61,0.99,"Mytilus edulis","W-Msc-140480"
-147.5,61,0.99,"Mytilus edulis","W-Msc-140480"
-147,61,0.33,"Mytilus edulis","W-Msc-140480"
-146.5,61,0.99,"Mytilus edulis","W-Msc-140480"
-146,61,0.99,"Mytilus edulis","W-Msc-140480"
-94,61,0.3,"Mytilus edulis","W-Msc-140480"
-93.5,61,0.29,"Mytilus edulis","W-Msc-140480"
-93,61,0.17,"Mytilus edulis","W-Msc-140480"
-92.5,61,0.01,"Mytilus edulis","W-Msc-140480"
-80,61,0.06,"Mytilus edulis","W-Msc-140480"
-79.5,61,0.04,"Mytilus edulis","W-Msc-140480"
-78,61,0.12,"Mytilus edulis","W-Msc-140480"
-77.5,61,0.25,"Mytilus edulis","W-Msc-140480"
-71.5,61,0.16,"Mytilus edulis","W-Msc-140480"
-71,61,0.13,"Mytilus edulis","W-Msc-140480"
-70.5,61,0.11,"Mytilus edulis","W-Msc-140480"
-70,61,0.11,"Mytilus edulis","W-Msc-140480"
-69.5,61,0.1,"Mytilus edulis","W-Msc-140480"
-69,61,0.1,"Mytilus edulis","W-Msc-140480"
-65,61,0.13,"Mytilus edulis","W-Msc-140480"
-64.5,61,0.14,"Mytilus edulis","W-Msc-140480"
-49.5,61,0.46,"Mytilus edulis","W-Msc-140480"
-49,61,0.43,"Mytilus edulis","W-Msc-140480"
-48.5,61,0.43,"Mytilus edulis","W-Msc-140480"
-48,61,0.43,"Mytilus edulis","W-Msc-140480"
-47.5,61,0.42,"Mytilus edulis","W-Msc-140480"
-46.5,61,0.07,"Mytilus edulis","W-Msc-140480"
-46,61,0.41,"Mytilus edulis","W-Msc-140480"
-45.5,61,0.41,"Mytilus edulis","W-Msc-140480"
-45,61,0.41,"Mytilus edulis","W-Msc-140480"
-43.5,61,0.08,"Mytilus edulis","W-Msc-140480"
-43,61,0.09,"Mytilus edulis","W-Msc-140480"
-42.5,61,0.5,"Mytilus edulis","W-Msc-140480"
-42,61,0.53,"Mytilus edulis","W-Msc-140480"
-6.5,61,0.99,"Mytilus edulis","W-Msc-140480"
-6,61,0.07,"Mytilus edulis","W-Msc-140480"
5,61,1,"Mytilus edulis","W-Msc-140480"
5.5,61,1,"Mytilus edulis","W-Msc-140480"
6,61,1,"Mytilus edulis","W-Msc-140480"
6.5,61,1,"Mytilus edulis","W-Msc-140480"
7,61,1,"Mytilus edulis","W-Msc-140480"
7.5,61,1,"Mytilus edulis","W-Msc-140480"
8,61,0.17,"Mytilus edulis","W-Msc-140480"
17.5,61,0.19,"Mytilus edulis","W-Msc-140480"
18,61,0.17,"Mytilus edulis","W-Msc-140480"
18.5,61,0.1,"Mytilus edulis","W-Msc-140480"
19,61,0.08,"Mytilus edulis","W-Msc-140480"
19.5,61,0.06,"Mytilus edulis","W-Msc-140480"
20,61,0.05,"Mytilus edulis","W-Msc-140480"
20.5,61,0.05,"Mytilus edulis","W-Msc-140480"
21,61,0.05,"Mytilus edulis","W-Msc-140480"
21.5,61,0.09,"Mytilus edulis","W-Msc-140480"
22,61,0.22,"Mytilus edulis","W-Msc-140480"
156.5,61,0.6,"Mytilus edulis","W-Msc-140480"
157,61,0.63,"Mytilus edulis","W-Msc-140480"
158,61,0.02,"Mytilus edulis","W-Msc-140480"
158.5,61,0.45,"Mytilus edulis","W-Msc-140480"
159,61,0.63,"Mytilus edulis","W-Msc-140480"
159.5,61,0.64,"Mytilus edulis","W-Msc-140480"
160,61,0.64,"Mytilus edulis","W-Msc-140480"
160.5,61,0.56,"Mytilus edulis","W-Msc-140480"
161.5,61,0.48,"Mytilus edulis","W-Msc-140480"
162,61,0.46,"Mytilus edulis","W-Msc-140480"
162.5,61,0.46,"Mytilus edulis","W-Msc-140480"
163,61,0.49,"Mytilus edulis","W-Msc-140480"
163.5,61,0.53,"Mytilus edulis","W-Msc-140480"
164,61,0.58,"Mytilus edulis","W-Msc-140480"
164.5,61,0.58,"Mytilus edulis","W-Msc-140480"
172.5,61,0.59,"Mytilus edulis","W-Msc-140480"
173,61,0.58,"Mytilus edulis","W-Msc-140480"
173.5,61,0.58,"Mytilus edulis","W-Msc-140480"
174,61,0.59,"Mytilus edulis","W-Msc-140480"
175,61,0.66,"Mytilus edulis","W-Msc-140480"
175.5,61,0.43,"Mytilus edulis","W-Msc-140480"
179.5,61,0.59,"Mytilus edulis","W-Msc-140480"
-175.5,60.5,0.44,"Mytilus edulis","W-Msc-140480"
-174.5,60.5,0.11,"Mytilus edulis","W-Msc-140480"
-173,60.5,0.39,"Mytilus edulis","W-Msc-140480"
-172.5,60.5,0.37,"Mytilus edulis","W-Msc-140480"
-172,60.5,0.37,"Mytilus edulis","W-Msc-140480"
-171.5,60.5,0.38,"Mytilus edulis","W-Msc-140480"
-171,60.5,0.27,"Mytilus edulis","W-Msc-140480"
-170.5,60.5,0.25,"Mytilus edulis","W-Msc-140480"
-170,60.5,0.31,"Mytilus edulis","W-Msc-140480"
-169.5,60.5,0.3,"Mytilus edulis","W-Msc-140480"
-169,60.5,0.32,"Mytilus edulis","W-Msc-140480"
-168.5,60.5,0.29,"Mytilus edulis","W-Msc-140480"
-168,60.5,0.27,"Mytilus edulis","W-Msc-140480"
-167.5,60.5,0.27,"Mytilus edulis","W-Msc-140480"
-167,60.5,0.27,"Mytilus edulis","W-Msc-140480"
-166.5,60.5,0.31,"Mytilus edulis","W-Msc-140480"
-166,60.5,0.42,"Mytilus edulis","W-Msc-140480"
-165.5,60.5,0.53,"Mytilus edulis","W-Msc-140480"
-165,60.5,0.6,"Mytilus edulis","W-Msc-140480"
-164.5,60.5,0.6,"Mytilus edulis","W-Msc-140480"
-164,60.5,0.6,"Mytilus edulis","W-Msc-140480"
-163.5,60.5,0.62,"Mytilus edulis","W-Msc-140480"
-163,60.5,0.65,"Mytilus edulis","W-Msc-140480"
-152,60.5,0.98,"Mytilus edulis","W-Msc-140480"
-151.5,60.5,0.98,"Mytilus edulis","W-Msc-140480"
-151,60.5,0.98,"Mytilus edulis","W-Msc-140480"
-150.5,60.5,0.98,"Mytilus edulis","W-Msc-140480"
-150,60.5,0.98,"Mytilus edulis","W-Msc-140480"
-149.5,60.5,1,"Mytilus edulis","W-Msc-140480"
-149,60.5,1,"Mytilus edulis","W-Msc-140480"
-148.5,60.5,0.33,"Mytilus edulis","W-Msc-140480"
-148,60.5,1,"Mytilus edulis","W-Msc-140480"
-147.5,60.5,1,"Mytilus edulis","W-Msc-140480"
-147,60.5,1,"Mytilus edulis","W-Msc-140480"
-146.5,60.5,1,"Mytilus edulis","W-Msc-140480"
-146,60.5,1,"Mytilus edulis","W-Msc-140480"
-145.5,60.5,1,"Mytilus edulis","W-Msc-140480"
-94.5,60.5,0.31,"Mytilus edulis","W-Msc-140480"
-94,60.5,0.31,"Mytilus edulis","W-Msc-140480"
-93.5,60.5,0.19,"Mytilus edulis","W-Msc-140480"
-81.5,60.5,0.04,"Mytilus edulis","W-Msc-140480"
-81,60.5,0.02,"Mytilus edulis","W-Msc-140480"
-80.5,60.5,0.03,"Mytilus edulis","W-Msc-140480"
-78.5,60.5,0.11,"Mytilus edulis","W-Msc-140480"
-78,60.5,0.25,"Mytilus edulis","W-Msc-140480"
-77.5,60.5,0.3,"Mytilus edulis","W-Msc-140480"
-77,60.5,0.05,"Mytilus edulis","W-Msc-140480"
-70,60.5,0.18,"Mytilus edulis","W-Msc-140480"
-69.5,60.5,0.18,"Mytilus edulis","W-Msc-140480"
-69,60.5,0.14,"Mytilus edulis","W-Msc-140480"
-68.5,60.5,0.1,"Mytilus edulis","W-Msc-140480"
-68,60.5,0.1,"Mytilus edulis","W-Msc-140480"
-67.5,60.5,0.11,"Mytilus edulis","W-Msc-140480"
-67,60.5,0.12,"Mytilus edulis","W-Msc-140480"
-66.5,60.5,0.01,"Mytilus edulis","W-Msc-140480"
-64.5,60.5,0.15,"Mytilus edulis","W-Msc-140480"
-64,60.5,0.15,"Mytilus edulis","W-Msc-140480"
-49,60.5,0.3,"Mytilus edulis","W-Msc-140480"
-48,60.5,0.43,"Mytilus edulis","W-Msc-140480"
-47.5,60.5,0.42,"Mytilus edulis","W-Msc-140480"
-47,60.5,0.41,"Mytilus edulis","W-Msc-140480"
-46.5,60.5,0.4,"Mytilus edulis","W-Msc-140480"
-46,60.5,0.38,"Mytilus edulis","W-Msc-140480"
-45.5,60.5,0.38,"Mytilus edulis","W-Msc-140480"
-45,60.5,0.39,"Mytilus edulis","W-Msc-140480"
-44.5,60.5,0.41,"Mytilus edulis","W-Msc-140480"
-44,60.5,0.07,"Mytilus edulis","W-Msc-140480"
-43.5,60.5,0.47,"Mytilus edulis","W-Msc-140480"
-43,60.5,0.43,"Mytilus edulis","W-Msc-140480"
-42.5,60.5,0.5,"Mytilus edulis","W-Msc-140480"
-1.5,60.5,0.97,"Mytilus edulis","W-Msc-140480"
-1,60.5,0.98,"Mytilus edulis","W-Msc-140480"
-0.5,60.5,0.98,"Mytilus edulis","W-Msc-140480"
5,60.5,1,"Mytilus edulis","W-Msc-140480"
5.5,60.5,1,"Mytilus edulis","W-Msc-140480"
6,60.5,0.17,"Mytilus edulis","W-Msc-140480"
7,60.5,0.17,"Mytilus edulis","W-Msc-140480"
7.5,60.5,0.17,"Mytilus edulis","W-Msc-140480"
17.5,60.5,0.2,"Mytilus edulis","W-Msc-140480"
18,60.5,0.21,"Mytilus edulis","W-Msc-140480"
18.5,60.5,0.14,"Mytilus edulis","W-Msc-140480"
19,60.5,0.09,"Mytilus edulis","W-Msc-140480"
19.5,60.5,0.07,"Mytilus edulis","W-Msc-140480"
20,60.5,0.06,"Mytilus edulis","W-Msc-140480"
20.5,60.5,0.06,"Mytilus edulis","W-Msc-140480"
21,60.5,0.09,"Mytilus edulis","W-Msc-140480"
21.5,60.5,0.15,"Mytilus edulis","W-Msc-140480"
22,60.5,0.08,"Mytilus edulis","W-Msc-140480"
22.5,60.5,0.04,"Mytilus edulis","W-Msc-140480"
29,60.5,0.07,"Mytilus edulis","W-Msc-140480"
155.5,60.5,0.56,"Mytilus edulis","W-Msc-140480"
156,60.5,0.59,"Mytilus edulis","W-Msc-140480"
156.5,60.5,0.59,"Mytilus edulis","W-Msc-140480"
158,60.5,0.15,"Mytilus edulis","W-Msc-140480"
158.5,60.5,0.56,"Mytilus edulis","W-Msc-140480"
159,60.5,0.56,"Mytilus edulis","W-Msc-140480"
159.5,60.5,0.58,"Mytilus edulis","W-Msc-140480"
160,60.5,0.58,"Mytilus edulis","W-Msc-140480"
160.5,60.5,0.52,"Mytilus edulis","W-Msc-140480"
161,60.5,0.45,"Mytilus edulis","W-Msc-140480"
161.5,60.5,0.42,"Mytilus edulis","W-Msc-140480"
162,60.5,0.44,"Mytilus edulis","W-Msc-140480"
162.5,60.5,0.47,"Mytilus edulis","W-Msc-140480"
163,60.5,0.51,"Mytilus edulis","W-Msc-140480"
163.5,60.5,0.54,"Mytilus edulis","W-Msc-140480"
164,60.5,0.59,"Mytilus edulis","W-Msc-140480"
168,60.5,0.7,"Mytilus edulis","W-Msc-140480"
168.5,60.5,0.7,"Mytilus edulis","W-Msc-140480"
169,60.5,0.69,"Mytilus edulis","W-Msc-140480"
169.5,60.5,0.69,"Mytilus edulis","W-Msc-140480"
171,60.5,0.11,"Mytilus edulis","W-Msc-140480"
171.5,60.5,0.65,"Mytilus edulis","W-Msc-140480"
172,60.5,0.64,"Mytilus edulis","W-Msc-140480"
172.5,60.5,0.65,"Mytilus edulis","W-Msc-140480"
173,60.5,0.66,"Mytilus edulis","W-Msc-140480"
-174,60,0.1,"Mytilus edulis","W-Msc-140480"
-173.5,60,0.08,"Mytilus edulis","W-Msc-140480"
-173,60,0.43,"Mytilus edulis","W-Msc-140480"
-172.5,60,0.4,"Mytilus edulis","W-Msc-140480"
-172,60,0.4,"Mytilus edulis","W-Msc-140480"
-171.5,60,0.4,"Mytilus edulis","W-Msc-140480"
-171,60,0.25,"Mytilus edulis","W-Msc-140480"
-170.5,60,0.22,"Mytilus edulis","W-Msc-140480"
-170,60,0.18,"Mytilus edulis","W-Msc-140480"
-169.5,60,0.3,"Mytilus edulis","W-Msc-140480"
-169,60,0.39,"Mytilus edulis","W-Msc-140480"
-168.5,60,0.38,"Mytilus edulis","W-Msc-140480"
-168,60,0.37,"Mytilus edulis","W-Msc-140480"
-167.5,60,0.35,"Mytilus edulis","W-Msc-140480"
-167,60,0.36,"Mytilus edulis","W-Msc-140480"
-166.5,60,0.32,"Mytilus edulis","W-Msc-140480"
-166,60,0.41,"Mytilus edulis","W-Msc-140480"
-165.5,60,0.39,"Mytilus edulis","W-Msc-140480"
-165,60,0.61,"Mytilus edulis","W-Msc-140480"
-164.5,60,0.62,"Mytilus edulis","W-Msc-140480"
-164,60,0.62,"Mytilus edulis","W-Msc-140480"
-162.5,60,0.23,"Mytilus edulis","W-Msc-140480"
-162,60,0.73,"Mytilus edulis","W-Msc-140480"
-152.5,60,1,"Mytilus edulis","W-Msc-140480"
-152,60,1,"Mytilus edulis","W-Msc-140480"
-151.5,60,1,"Mytilus edulis","W-Msc-140480"
-151,60,1,"Mytilus edulis","W-Msc-140480"
-149,60,1,"Mytilus edulis","W-Msc-140480"
-148.5,60,0.17,"Mytilus edulis","W-Msc-140480"
-148,60,1,"Mytilus edulis","W-Msc-140480"
-147.5,60,1,"Mytilus edulis","W-Msc-140480"
-147,60,1,"Mytilus edulis","W-Msc-140480"
-146.5,60,1,"Mytilus edulis","W-Msc-140480"
-146,60,1,"Mytilus edulis","W-Msc-140480"
-145.5,60,1,"Mytilus edulis","W-Msc-140480"
-145,60,0.88,"Mytilus edulis","W-Msc-140480"
-144.5,60,0.8,"Mytilus edulis","W-Msc-140480"
-144,60,0.89,"Mytilus edulis","W-Msc-140480"
-143.5,60,0.97,"Mytilus edulis","W-Msc-140480"
-143,60,1,"Mytilus edulis","W-Msc-140480"
-142.5,60,1,"Mytilus edulis","W-Msc-140480"
-142,60,1,"Mytilus edulis","W-Msc-140480"
-141.5,60,1,"Mytilus edulis","W-Msc-140480"
-141,60,1,"Mytilus edulis","W-Msc-140480"
-139.5,60,1,"Mytilus edulis","W-Msc-140480"
-139,60,0.99,"Mytilus edulis","W-Msc-140480"
-94.5,60,0.33,"Mytilus edulis","W-Msc-140480"
-94,60,0.28,"Mytilus edulis","W-Msc-140480"
-93.5,60,0.05,"Mytilus edulis","W-Msc-140480"
-81,60,0.01,"Mytilus edulis","W-Msc-140480"
-78,60,0.24,"Mytilus edulis","W-Msc-140480"
-77.5,60,0.32,"Mytilus edulis","W-Msc-140480"
-77,60,0.3,"Mytilus edulis","W-Msc-140480"
-70.5,60,0.03,"Mytilus edulis","W-Msc-140480"
-70,60,0.19,"Mytilus edulis","W-Msc-140480"
-69.5,60,0.19,"Mytilus edulis","W-Msc-140480"
-69,60,0.17,"Mytilus edulis","W-Msc-140480"
-68.5,60,0.16,"Mytilus edulis","W-Msc-140480"
-68,60,0.12,"Mytilus edulis","W-Msc-140480"
-67.5,60,0.12,"Mytilus edulis","W-Msc-140480"
-67,60,0.11,"Mytilus edulis","W-Msc-140480"
-66.5,60,0.11,"Mytilus edulis","W-Msc-140480"
-65,60,0.17,"Mytilus edulis","W-Msc-140480"
-64.5,60,0.17,"Mytilus edulis","W-Msc-140480"
-64,60,0.19,"Mytilus edulis","W-Msc-140480"
-63.5,60,0.18,"Mytilus edulis","W-Msc-140480"
-47,60,0.48,"Mytilus edulis","W-Msc-140480"
-46.5,60,0.07,"Mytilus edulis","W-Msc-140480"
-46,60,0.4,"Mytilus edulis","W-Msc-140480"
-45.5,60,0.38,"Mytilus edulis","W-Msc-140480"
-45,60,0.38,"Mytilus edulis","W-Msc-140480"
-44.5,60,0.39,"Mytilus edulis","W-Msc-140480"
-44,60,0.41,"Mytilus edulis","W-Msc-140480"
-43.5,60,0.3,"Mytilus edulis","W-Msc-140480"
-43,60,0.48,"Mytilus edulis","W-Msc-140480"
-42.5,60,0.53,"Mytilus edulis","W-Msc-140480"
-2,60,0.98,"Mytilus edulis","W-Msc-140480"
-1.5,60,0.98,"Mytilus edulis","W-Msc-140480"
-1,60,0.98,"Mytilus edulis","W-Msc-140480"
-0.5,60,0.98,"Mytilus edulis","W-Msc-140480"
5,60,1,"Mytilus edulis","W-Msc-140480"
5.5,60,1,"Mytilus edulis","W-Msc-140480"
6,60,1,"Mytilus edulis","W-Msc-140480"
6.5,60,1,"Mytilus edulis","W-Msc-140480"
7,60,1,"Mytilus edulis","W-Msc-140480"
18.5,60,0.22,"Mytilus edulis","W-Msc-140480"
19,60,0.15,"Mytilus edulis","W-Msc-140480"
19.5,60,0.12,"Mytilus edulis","W-Msc-140480"
20,60,0.13,"Mytilus edulis","W-Msc-140480"
20.5,60,0.16,"Mytilus edulis","W-Msc-140480"
21,60,0.21,"Mytilus edulis","W-Msc-140480"
21.5,60,0.27,"Mytilus edulis","W-Msc-140480"
22,60,0.26,"Mytilus edulis","W-Msc-140480"
22.5,60,0.25,"Mytilus edulis","W-Msc-140480"
23,60,0.25,"Mytilus edulis","W-Msc-140480"
23.5,60,0.03,"Mytilus edulis","W-Msc-140480"
24,60,0.03,"Mytilus edulis","W-Msc-140480"
24.5,60,0.14,"Mytilus edulis","W-Msc-140480"
25,60,0.1,"Mytilus edulis","W-Msc-140480"
25.5,60,0.06,"Mytilus edulis","W-Msc-140480"
26,60,0.03,"Mytilus edulis","W-Msc-140480"
29.5,60,0.08,"Mytilus edulis","W-Msc-140480"
30,60,0.24,"Mytilus edulis","W-Msc-140480"
30.5,60,0.39,"Mytilus edulis","W-Msc-140480"
154.5,60,0.55,"Mytilus edulis","W-Msc-140480"
155,60,0.56,"Mytilus edulis","W-Msc-140480"
155.5,60,0.58,"Mytilus edulis","W-Msc-140480"
158,60,0.43,"Mytilus edulis","W-Msc-140480"
158.5,60,0.52,"Mytilus edulis","W-Msc-140480"
159,60,0.53,"Mytilus edulis","W-Msc-140480"
159.5,60,0.52,"Mytilus edulis","W-Msc-140480"
160,60,0.51,"Mytilus edulis","W-Msc-140480"
160.5,60,0.5,"Mytilus edulis","W-Msc-140480"
161.5,60,0.51,"Mytilus edulis","W-Msc-140480"
162,60,0.52,"Mytilus edulis","W-Msc-140480"
162.5,60,0.53,"Mytilus edulis","W-Msc-140480"
164,60,0.62,"Mytilus edulis","W-Msc-140480"
164.5,60,0.65,"Mytilus edulis","W-Msc-140480"
165,60,0.67,"Mytilus edulis","W-Msc-140480"
165.5,60,0.68,"Mytilus edulis","W-Msc-140480"
166,60,0.69,"Mytilus edulis","W-Msc-140480"
166.5,60,0.69,"Mytilus edulis","W-Msc-140480"
167,60,0.73,"Mytilus edulis","W-Msc-140480"
167.5,60,0.76,"Mytilus edulis","W-Msc-140480"
168,60,0.76,"Mytilus edulis","W-Msc-140480"
169.5,60,0.73,"Mytilus edulis","W-Msc-140480"
170,60,0.71,"Mytilus edulis","W-Msc-140480"
170.5,60,0.7,"Mytilus edulis","W-Msc-140480"
171,60,0.69,"Mytilus edulis","W-Msc-140480"
171.5,60,0.73,"Mytilus edulis","W-Msc-140480"
-174,59.5,0.08,"Mytilus edulis","W-Msc-140480"
-173.5,59.5,0.34,"Mytilus edulis","W-Msc-140480"
-173,59.5,0.51,"Mytilus edulis","W-Msc-140480"
-172.5,59.5,0.08,"Mytilus edulis","W-Msc-140480"
-172,59.5,0.43,"Mytilus edulis","W-Msc-140480"
-171.5,59.5,0.28,"Mytilus edulis","W-Msc-140480"
-171,59.5,0.14,"Mytilus edulis","W-Msc-140480"
-170.5,59.5,0.22,"Mytilus edulis","W-Msc-140480"
-170,59.5,0.32,"Mytilus edulis","W-Msc-140480"
-169.5,59.5,0.32,"Mytilus edulis","W-Msc-140480"
-169,59.5,0.35,"Mytilus edulis","W-Msc-140480"
-168.5,59.5,0.38,"Mytilus edulis","W-Msc-140480"
-168,59.5,0.47,"Mytilus edulis","W-Msc-140480"
-167.5,59.5,0.5,"Mytilus edulis","W-Msc-140480"
-167,59.5,0.54,"Mytilus edulis","W-Msc-140480"
-166.5,59.5,0.57,"Mytilus edulis","W-Msc-140480"
-166,59.5,0.52,"Mytilus edulis","W-Msc-140480"
-165.5,59.5,0.47,"Mytilus edulis","W-Msc-140480"
-165,59.5,0.42,"Mytilus edulis","W-Msc-140480"
-164.5,59.5,0.6,"Mytilus edulis","W-Msc-140480"
-164,59.5,0.67,"Mytilus edulis","W-Msc-140480"
-163.5,59.5,0.69,"Mytilus edulis","W-Msc-140480"
-163,59.5,0.71,"Mytilus edulis","W-Msc-140480"
-162.5,59.5,0.74,"Mytilus edulis","W-Msc-140480"
-162,59.5,0.76,"Mytilus edulis","W-Msc-140480"
-161.5,59.5,0.77,"Mytilus edulis","W-Msc-140480"
-153.5,59.5,1,"Mytilus edulis","W-Msc-140480"
-153,59.5,1,"Mytilus edulis","W-Msc-140480"
-152.5,59.5,1,"Mytilus edulis","W-Msc-140480"
-152,59.5,0.76,"Mytilus edulis","W-Msc-140480"
-151.5,59.5,1,"Mytilus edulis","W-Msc-140480"
-151,59.5,1,"Mytilus edulis","W-Msc-140480"
-150.5,59.5,1,"Mytilus edulis","W-Msc-140480"
-150,59.5,1,"Mytilus edulis","W-Msc-140480"
-149.5,59.5,1,"Mytilus edulis","W-Msc-140480"
-149,59.5,1,"Mytilus edulis","W-Msc-140480"
-148.5,59.5,1,"Mytilus edulis","W-Msc-140480"
-148,59.5,1,"Mytilus edulis","W-Msc-140480"
-147.5,59.5,1,"Mytilus edulis","W-Msc-140480"
-147,59.5,1,"Mytilus edulis","W-Msc-140480"
-146.5,59.5,0.59,"Mytilus edulis","W-Msc-140480"
-146,59.5,1,"Mytilus edulis","W-Msc-140480"
-144.5,59.5,1,"Mytilus edulis","W-Msc-140480"
-144,59.5,1,"Mytilus edulis","W-Msc-140480"
-143.5,59.5,1,"Mytilus edulis","W-Msc-140480"
-142,59.5,1,"Mytilus edulis","W-Msc-140480"
-141.5,59.5,1,"Mytilus edulis","W-Msc-140480"
-141,59.5,1,"Mytilus edulis","W-Msc-140480"
-140.5,59.5,1,"Mytilus edulis","W-Msc-140480"
-140,59.5,1,"Mytilus edulis","W-Msc-140480"
-139.5,59.5,1,"Mytilus edulis","W-Msc-140480"
-139,59.5,1,"Mytilus edulis","W-Msc-140480"
-138.5,59.5,0.17,"Mytilus edulis","W-Msc-140480"
-94.5,59.5,0.32,"Mytilus edulis","W-Msc-140480"
-94,59.5,0.13,"Mytilus edulis","W-Msc-140480"
-93,59.5,0.01,"Mytilus edulis","W-Msc-140480"
-80.5,59.5,0.07,"Mytilus edulis","W-Msc-140480"
-80,59.5,0.08,"Mytilus edulis","W-Msc-140480"
-79.5,59.5,0.08,"Mytilus edulis","W-Msc-140480"
-78,59.5,0.22,"Mytilus edulis","W-Msc-140480"
-77.5,59.5,0.32,"Mytilus edulis","W-Msc-140480"
-77,59.5,0.31,"Mytilus edulis","W-Msc-140480"
-69.5,59.5,0.2,"Mytilus edulis","W-Msc-140480"
-69,59.5,0.18,"Mytilus edulis","W-Msc-140480"
-68.5,59.5,0.16,"Mytilus edulis","W-Msc-140480"
-68,59.5,0.13,"Mytilus edulis","W-Msc-140480"
-67.5,59.5,0.11,"Mytilus edulis","W-Msc-140480"
-67,59.5,0.11,"Mytilus edulis","W-Msc-140480"
-66.5,59.5,0.09,"Mytilus edulis","W-Msc-140480"
-66,59.5,0.01,"Mytilus edulis","W-Msc-140480"
-65.5,59.5,0.18,"Mytilus edulis","W-Msc-140480"
-65,59.5,0.19,"Mytilus edulis","W-Msc-140480"
-64,59.5,0.21,"Mytilus edulis","W-Msc-140480"
-63.5,59.5,0.22,"Mytilus edulis","W-Msc-140480"
-63,59.5,0.21,"Mytilus edulis","W-Msc-140480"
-45.5,59.5,0.46,"Mytilus edulis","W-Msc-140480"
-45,59.5,0.43,"Mytilus edulis","W-Msc-140480"
-44.5,59.5,0.42,"Mytilus edulis","W-Msc-140480"
-44,59.5,0.44,"Mytilus edulis","W-Msc-140480"
-43.5,59.5,0.48,"Mytilus edulis","W-Msc-140480"
-43,59.5,0.54,"Mytilus edulis","W-Msc-140480"
-4.5,59.5,0.24,"Mytilus edulis","W-Msc-140480"
-4,59.5,0.17,"Mytilus edulis","W-Msc-140480"
-3,59.5,0.03,"Mytilus edulis","W-Msc-140480"
-1.5,59.5,0.99,"Mytilus edulis","W-Msc-140480"
-1,59.5,0.99,"Mytilus edulis","W-Msc-140480"
5,59.5,0.28,"Mytilus edulis","W-Msc-140480"
5.5,59.5,1,"Mytilus edulis","W-Msc-140480"
6,59.5,1,"Mytilus edulis","W-Msc-140480"
6.5,59.5,0.17,"Mytilus edulis","W-Msc-140480"
7,59.5,0.17,"Mytilus edulis","W-Msc-140480"
10.5,59.5,1,"Mytilus edulis","W-Msc-140480"
11,59.5,1,"Mytilus edulis","W-Msc-140480"
18.5,59.5,0.04,"Mytilus edulis","W-Msc-140480"
19,59.5,0.17,"Mytilus edulis","W-Msc-140480"
19.5,59.5,0.11,"Mytilus edulis","W-Msc-140480"
20,59.5,0.09,"Mytilus edulis","W-Msc-140480"
20.5,59.5,0.16,"Mytilus edulis","W-Msc-140480"
21,59.5,0.3,"Mytilus edulis","W-Msc-140480"
21.5,59.5,0.31,"Mytilus edulis","W-Msc-140480"
22,59.5,0.29,"Mytilus edulis","W-Msc-140480"
22.5,59.5,0.26,"Mytilus edulis","W-Msc-140480"
23,59.5,0.24,"Mytilus edulis","W-Msc-140480"
23.5,59.5,0.22,"Mytilus edulis","W-Msc-140480"
24,59.5,0.2,"Mytilus edulis","W-Msc-140480"
24.5,59.5,0.17,"Mytilus edulis","W-Msc-140480"
25,59.5,0.14,"Mytilus edulis","W-Msc-140480"
25.5,59.5,0.11,"Mytilus edulis","W-Msc-140480"
26,59.5,0.08,"Mytilus edulis","W-Msc-140480"
26.5,59.5,0.04,"Mytilus edulis","W-Msc-140480"
27,59.5,0.01,"Mytilus edulis","W-Msc-140480"
29.5,59.5,0.05,"Mytilus edulis","W-Msc-140480"
30,59.5,0.21,"Mytilus edulis","W-Msc-140480"
30.5,59.5,0.36,"Mytilus edulis","W-Msc-140480"
149,59.5,0.61,"Mytilus edulis","W-Msc-140480"
149.5,59.5,0.61,"Mytilus edulis","W-Msc-140480"
150,59.5,0.61,"Mytilus edulis","W-Msc-140480"
150.5,59.5,0.61,"Mytilus edulis","W-Msc-140480"
151,59.5,0.61,"Mytilus edulis","W-Msc-140480"
151.5,59.5,0.61,"Mytilus edulis","W-Msc-140480"
152,59.5,0.61,"Mytilus edulis","W-Msc-140480"
154.5,59.5,0.46,"Mytilus edulis","W-Msc-140480"
155,59.5,0.47,"Mytilus edulis","W-Msc-140480"
155.5,59.5,0.49,"Mytilus edulis","W-Msc-140480"
158.5,59.5,0.42,"Mytilus edulis","W-Msc-140480"
159,59.5,0.54,"Mytilus edulis","W-Msc-140480"
160.5,59.5,0.58,"Mytilus edulis","W-Msc-140480"
161,59.5,0.59,"Mytilus edulis","W-Msc-140480"
161.5,59.5,0.57,"Mytilus edulis","W-Msc-140480"
163.5,59.5,0.62,"Mytilus edulis","W-Msc-140480"
164,59.5,0.66,"Mytilus edulis","W-Msc-140480"
164.5,59.5,0.68,"Mytilus edulis","W-Msc-140480"
165,59.5,0.7,"Mytilus edulis","W-Msc-140480"
165.5,59.5,0.73,"Mytilus edulis","W-Msc-140480"
166,59.5,0.75,"Mytilus edulis","W-Msc-140480"
166.5,59.5,0.76,"Mytilus edulis","W-Msc-140480"
167,59.5,0.79,"Mytilus edulis","W-Msc-140480"
170.5,59.5,0.74,"Mytilus edulis","W-Msc-140480"
171,59.5,0.55,"Mytilus edulis","W-Msc-140480"
-174,59,0.67,"Mytilus edulis","W-Msc-140480"
-173.5,59,0.64,"Mytilus edulis","W-Msc-140480"
-173,59,0.61,"Mytilus edulis","W-Msc-140480"
-172.5,59,0.58,"Mytilus edulis","W-Msc-140480"
-172,59,0.54,"Mytilus edulis","W-Msc-140480"
-171.5,59,0.52,"Mytilus edulis","W-Msc-140480"
-171,59,0.5,"Mytilus edulis","W-Msc-140480"
-170,59,0.34,"Mytilus edulis","W-Msc-140480"
-169.5,59,0.34,"Mytilus edulis","W-Msc-140480"
-169,59,0.37,"Mytilus edulis","W-Msc-140480"
-168.5,59,0.4,"Mytilus edulis","W-Msc-140480"
-168,59,0.41,"Mytilus edulis","W-Msc-140480"
-167.5,59,0.51,"Mytilus edulis","W-Msc-140480"
-167,59,0.53,"Mytilus edulis","W-Msc-140480"
-166.5,59,0.55,"Mytilus edulis","W-Msc-140480"
-166,59,0.55,"Mytilus edulis","W-Msc-140480"
-165.5,59,0.52,"Mytilus edulis","W-Msc-140480"
-165,59,0.47,"Mytilus edulis","W-Msc-140480"
-164.5,59,0.47,"Mytilus edulis","W-Msc-140480"
-164,59,0.52,"Mytilus edulis","W-Msc-140480"
-163.5,59,0.68,"Mytilus edulis","W-Msc-140480"
-163,59,0.71,"Mytilus edulis","W-Msc-140480"
-162.5,59,0.73,"Mytilus edulis","W-Msc-140480"
-162,59,0.73,"Mytilus edulis","W-Msc-140480"
-161.5,59,0.78,"Mytilus edulis","W-Msc-140480"
-160.5,59,0.81,"Mytilus edulis","W-Msc-140480"
-160,59,0.81,"Mytilus edulis","W-Msc-140480"
-158.5,59,0.27,"Mytilus edulis","W-Msc-140480"
-158,59,0.27,"Mytilus edulis","W-Msc-140480"
-156.5,59,0.3,"Mytilus edulis","W-Msc-140480"
-154,59,1,"Mytilus edulis","W-Msc-140480"
-153.5,59,1,"Mytilus edulis","W-Msc-140480"
-153,59,1,"Mytilus edulis","W-Msc-140480"
-152.5,59,1,"Mytilus edulis","W-Msc-140480"
-152,59,0.83,"Mytilus edulis","W-Msc-140480"
-151.5,59,1,"Mytilus edulis","W-Msc-140480"
-151,59,1,"Mytilus edulis","W-Msc-140480"
-150.5,59,1,"Mytilus edulis","W-Msc-140480"
-150,59,1,"Mytilus edulis","W-Msc-140480"
-146,59,1,"Mytilus edulis","W-Msc-140480"
-139.5,59,1,"Mytilus edulis","W-Msc-140480"
-139,59,1,"Mytilus edulis","W-Msc-140480"
-138.5,59,1,"Mytilus edulis","W-Msc-140480"
-138,59,1,"Mytilus edulis","W-Msc-140480"
-137,59,0.17,"Mytilus edulis","W-Msc-140480"
-136.5,59,0.33,"Mytilus edulis","W-Msc-140480"
-136,59,0.33,"Mytilus edulis","W-Msc-140480"
-135.5,59,0.17,"Mytilus edulis","W-Msc-140480"
-135,59,1,"Mytilus edulis","W-Msc-140480"
-94.5,59,0.33,"Mytilus edulis","W-Msc-140480"
-94,59,0.29,"Mytilus edulis","W-Msc-140480"
-93.5,59,0.22,"Mytilus edulis","W-Msc-140480"
-93,59,0.23,"Mytilus edulis","W-Msc-140480"
-92.5,59,0.13,"Mytilus edulis","W-Msc-140480"
-85,59,0.02,"Mytilus edulis","W-Msc-140480"
-80.5,59,0.07,"Mytilus edulis","W-Msc-140480"
-80,59,0.08,"Mytilus edulis","W-Msc-140480"
-78.5,59,0.13,"Mytilus edulis","W-Msc-140480"
-78,59,0.3,"Mytilus edulis","W-Msc-140480"
-77.5,59,0.34,"Mytilus edulis","W-Msc-140480"
-69.5,59,0.21,"Mytilus edulis","W-Msc-140480"
-69,59,0.2,"Mytilus edulis","W-Msc-140480"
-68.5,59,0.18,"Mytilus edulis","W-Msc-140480"
-68,59,0.13,"Mytilus edulis","W-Msc-140480"
-66.5,59,0.07,"Mytilus edulis","W-Msc-140480"
-66,59,0.19,"Mytilus edulis","W-Msc-140480"
-65.5,59,0.21,"Mytilus edulis","W-Msc-140480"
-65,59,0.04,"Mytilus edulis","W-Msc-140480"
-63.5,59,0.23,"Mytilus edulis","W-Msc-140480"
-63,59,0.23,"Mytilus edulis","W-Msc-140480"
-6,59,0.97,"Mytilus edulis","W-Msc-140480"
-5.5,59,0.97,"Mytilus edulis","W-Msc-140480"
-4.5,59,0.82,"Mytilus edulis","W-Msc-140480"
-4,59,1,"Mytilus edulis","W-Msc-140480"
-3,59,1,"Mytilus edulis","W-Msc-140480"
-2.5,59,1,"Mytilus edulis","W-Msc-140480"
-2,59,1,"Mytilus edulis","W-Msc-140480"
5,59,1,"Mytilus edulis","W-Msc-140480"
5.5,59,1,"Mytilus edulis","W-Msc-140480"
6,59,1,"Mytilus edulis","W-Msc-140480"
6.5,59,1,"Mytilus edulis","W-Msc-140480"
7,59,0.17,"Mytilus edulis","W-Msc-140480"
10,59,0.33,"Mytilus edulis","W-Msc-140480"
10.5,59,1,"Mytilus edulis","W-Msc-140480"
11,59,1,"Mytilus edulis","W-Msc-140480"
11.5,59,1,"Mytilus edulis","W-Msc-140480"
18,59,0.11,"Mytilus edulis","W-Msc-140480"
18.5,59,0.2,"Mytilus edulis","W-Msc-140480"
19,59,0.2,"Mytilus edulis","W-Msc-140480"
19.5,59,0.13,"Mytilus edulis","W-Msc-140480"
20,59,0.12,"Mytilus edulis","W-Msc-140480"
20.5,59,0.16,"Mytilus edulis","W-Msc-140480"
21,59,0.29,"Mytilus edulis","W-Msc-140480"
21.5,59,0.2,"Mytilus edulis","W-Msc-140480"
22,59,0.27,"Mytilus edulis","W-Msc-140480"
22.5,59,0.34,"Mytilus edulis","W-Msc-140480"
23,59,0.32,"Mytilus edulis","W-Msc-140480"
23.5,59,0.3,"Mytilus edulis","W-Msc-140480"
24,59,0.28,"Mytilus edulis","W-Msc-140480"
24.5,59,0.16,"Mytilus edulis","W-Msc-140480"
25,59,0.03,"Mytilus edulis","W-Msc-140480"
142.5,59,0.7,"Mytilus edulis","W-Msc-140480"
143,59,0.72,"Mytilus edulis","W-Msc-140480"
143.5,59,0.71,"Mytilus edulis","W-Msc-140480"
144,59,0.71,"Mytilus edulis","W-Msc-140480"
144.5,59,0.71,"Mytilus edulis","W-Msc-140480"
145,59,0.71,"Mytilus edulis","W-Msc-140480"
145.5,59,0.71,"Mytilus edulis","W-Msc-140480"
146,59,0.7,"Mytilus edulis","W-Msc-140480"
146.5,59,0.68,"Mytilus edulis","W-Msc-140480"
147,59,0.69,"Mytilus edulis","W-Msc-140480"
147.5,59,0.67,"Mytilus edulis","W-Msc-140480"
148,59,0.64,"Mytilus edulis","W-Msc-140480"
148.5,59,0.63,"Mytilus edulis","W-Msc-140480"
149,59,0.62,"Mytilus edulis","W-Msc-140480"
149.5,59,0.63,"Mytilus edulis","W-Msc-140480"
150,59,0.66,"Mytilus edulis","W-Msc-140480"
150.5,59,0.66,"Mytilus edulis","W-Msc-140480"
151,59,0.65,"Mytilus edulis","W-Msc-140480"
151.5,59,0.65,"Mytilus edulis","W-Msc-140480"
152,59,0.64,"Mytilus edulis","W-Msc-140480"
152.5,59,0.6,"Mytilus edulis","W-Msc-140480"
153,59,0.56,"Mytilus edulis","W-Msc-140480"
153.5,59,0.52,"Mytilus edulis","W-Msc-140480"
154,59,0.49,"Mytilus edulis","W-Msc-140480"
154.5,59,0.49,"Mytilus edulis","W-Msc-140480"
155,59,0.48,"Mytilus edulis","W-Msc-140480"
155.5,59,0.46,"Mytilus edulis","W-Msc-140480"
156,59,0.48,"Mytilus edulis","W-Msc-140480"
159,59,0.27,"Mytilus edulis","W-Msc-140480"
159.5,59,0.34,"Mytilus edulis","W-Msc-140480"
160,59,0.6,"Mytilus edulis","W-Msc-140480"
160.5,59,0.6,"Mytilus edulis","W-Msc-140480"
163,59,0.31,"Mytilus edulis","W-Msc-140480"
163.5,59,0.65,"Mytilus edulis","W-Msc-140480"
164,59,0.67,"Mytilus edulis","W-Msc-140480"
164.5,59,0.69,"Mytilus edulis","W-Msc-140480"
165,59,0.72,"Mytilus edulis","W-Msc-140480"
165.5,59,0.78,"Mytilus edulis","W-Msc-140480"
166,59,0.5,"Mytilus edulis","W-Msc-140480"
166.5,59,0.82,"Mytilus edulis","W-Msc-140480"
167,59,0.66,"Mytilus edulis","W-Msc-140480"
-176,58.5,0.81,"Mytilus edulis","W-Msc-140480"
-173.5,58.5,0.73,"Mytilus edulis","W-Msc-140480"
-173,58.5,0.1,"Mytilus edulis","W-Msc-140480"
-172.5,58.5,0.67,"Mytilus edulis","W-Msc-140480"
-172,58.5,0.64,"Mytilus edulis","W-Msc-140480"
-171.5,58.5,0.35,"Mytilus edulis","W-Msc-140480"
-171,58.5,0.57,"Mytilus edulis","W-Msc-140480"
-170,58.5,0.26,"Mytilus edulis","W-Msc-140480"
-169,58.5,0.02,"Mytilus edulis","W-Msc-140480"
-168.5,58.5,0.35,"Mytilus edulis","W-Msc-140480"
-168,58.5,0.34,"Mytilus edulis","W-Msc-140480"
-167.5,58.5,0.36,"Mytilus edulis","W-Msc-140480"
-167,58.5,0.36,"Mytilus edulis","W-Msc-140480"
-166.5,58.5,0.46,"Mytilus edulis","W-Msc-140480"
-166,58.5,0.55,"Mytilus edulis","W-Msc-140480"
-165.5,58.5,0.57,"Mytilus edulis","W-Msc-140480"
-165,58.5,0.58,"Mytilus edulis","W-Msc-140480"
-164.5,58.5,0.59,"Mytilus edulis","W-Msc-140480"
-164,58.5,0.6,"Mytilus edulis","W-Msc-140480"
-163.5,58.5,0.63,"Mytilus edulis","W-Msc-140480"
-163,58.5,0.66,"Mytilus edulis","W-Msc-140480"
-162.5,58.5,0.68,"Mytilus edulis","W-Msc-140480"
-162,58.5,0.71,"Mytilus edulis","W-Msc-140480"
-161.5,58.5,0.74,"Mytilus edulis","W-Msc-140480"
-161,58.5,0.81,"Mytilus edulis","W-Msc-140480"
-160.5,58.5,0.83,"Mytilus edulis","W-Msc-140480"
-160,58.5,0.84,"Mytilus edulis","W-Msc-140480"
-159.5,58.5,0.84,"Mytilus edulis","W-Msc-140480"
-159,58.5,0.84,"Mytilus edulis","W-Msc-140480"
-158.5,58.5,0.84,"Mytilus edulis","W-Msc-140480"
-158,58.5,0.84,"Mytilus edulis","W-Msc-140480"
-157.5,58.5,0.85,"Mytilus edulis","W-Msc-140480"
-157,58.5,0.85,"Mytilus edulis","W-Msc-140480"
-156.5,58.5,0.89,"Mytilus edulis","W-Msc-140480"
-154,58.5,0.33,"Mytilus edulis","W-Msc-140480"
-153.5,58.5,1,"Mytilus edulis","W-Msc-140480"
-153,58.5,1,"Mytilus edulis","W-Msc-140480"
-152.5,58.5,1,"Mytilus edulis","W-Msc-140480"
-152,58.5,1,"Mytilus edulis","W-Msc-140480"
-151.5,58.5,1,"Mytilus edulis","W-Msc-140480"
-138,58.5,1,"Mytilus edulis","W-Msc-140480"
-137.5,58.5,1,"Mytilus edulis","W-Msc-140480"
-137,58.5,1,"Mytilus edulis","W-Msc-140480"
-136.5,58.5,1,"Mytilus edulis","W-Msc-140480"
-136,58.5,1,"Mytilus edulis","W-Msc-140480"
-135.5,58.5,1,"Mytilus edulis","W-Msc-140480"
-135,58.5,1,"Mytilus edulis","W-Msc-140480"
-134.5,58.5,1,"Mytilus edulis","W-Msc-140480"
-133.5,58.5,0.17,"Mytilus edulis","W-Msc-140480"
-94.5,58.5,0.34,"Mytilus edulis","W-Msc-140480"
-94,58.5,0.3,"Mytilus edulis","W-Msc-140480"
-93.5,58.5,0.28,"Mytilus edulis","W-Msc-140480"
-93,58.5,0.28,"Mytilus edulis","W-Msc-140480"
-92.5,58.5,0.26,"Mytilus edulis","W-Msc-140480"
-85,58.5,0.03,"Mytilus edulis","W-Msc-140480"
-80.5,58.5,0.02,"Mytilus edulis","W-Msc-140480"
-80,58.5,0.07,"Mytilus edulis","W-Msc-140480"
-79,58.5,0.11,"Mytilus edulis","W-Msc-140480"
-78.5,58.5,0.16,"Mytilus edulis","W-Msc-140480"
-78,58.5,0.29,"Mytilus edulis","W-Msc-140480"
-70,58.5,0.04,"Mytilus edulis","W-Msc-140480"
-69.5,58.5,0.23,"Mytilus edulis","W-Msc-140480"
-69,58.5,0.22,"Mytilus edulis","W-Msc-140480"
-68.5,58.5,0.22,"Mytilus edulis","W-Msc-140480"
-68,58.5,0.21,"Mytilus edulis","W-Msc-140480"
-67.5,58.5,0.2,"Mytilus edulis","W-Msc-140480"
-67,58.5,0.2,"Mytilus edulis","W-Msc-140480"
-66.5,58.5,0.21,"Mytilus edulis","W-Msc-140480"
-66,58.5,0.23,"Mytilus edulis","W-Msc-140480"
-65.5,58.5,0.24,"Mytilus edulis","W-Msc-140480"
-65,58.5,0.04,"Mytilus edulis","W-Msc-140480"
-63,58.5,0.25,"Mytilus edulis","W-Msc-140480"
-62.5,58.5,0.26,"Mytilus edulis","W-Msc-140480"
-7,58.5,0.9,"Mytilus edulis","W-Msc-140480"
-6.5,58.5,0.77,"Mytilus edulis","W-Msc-140480"
-6,58.5,0.99,"Mytilus edulis","W-Msc-140480"
-5,58.5,1,"Mytilus edulis","W-Msc-140480"
-4.5,58.5,1,"Mytilus edulis","W-Msc-140480"
-4,58.5,1,"Mytilus edulis","W-Msc-140480"
-3.5,58.5,1,"Mytilus edulis","W-Msc-140480"
-3,58.5,1,"Mytilus edulis","W-Msc-140480"
-2.5,58.5,1,"Mytilus edulis","W-Msc-140480"
-2,58.5,0.9,"Mytilus edulis","W-Msc-140480"
5.5,58.5,1,"Mytilus edulis","W-Msc-140480"
6,58.5,1,"Mytilus edulis","W-Msc-140480"
6.5,58.5,0.17,"Mytilus edulis","W-Msc-140480"
9,58.5,1,"Mytilus edulis","W-Msc-140480"
9.5,58.5,1,"Mytilus edulis","W-Msc-140480"
10,58.5,1,"Mytilus edulis","W-Msc-140480"
10.5,58.5,1,"Mytilus edulis","W-Msc-140480"
11,58.5,1,"Mytilus edulis","W-Msc-140480"
11.5,58.5,1,"Mytilus edulis","W-Msc-140480"
16.5,58.5,0.12,"Mytilus edulis","W-Msc-140480"
17,58.5,0.45,"Mytilus edulis","W-Msc-140480"
17.5,58.5,0.37,"Mytilus edulis","W-Msc-140480"
18,58.5,0.37,"Mytilus edulis","W-Msc-140480"
18.5,58.5,0.38,"Mytilus edulis","W-Msc-140480"
19,58.5,0.12,"Mytilus edulis","W-Msc-140480"
19.5,58.5,0.1,"Mytilus edulis","W-Msc-140480"
20.5,58.5,0.07,"Mytilus edulis","W-Msc-140480"
21.5,58.5,0.04,"Mytilus edulis","W-Msc-140480"
22,58.5,0.17,"Mytilus edulis","W-Msc-140480"
22.5,58.5,0.24,"Mytilus edulis","W-Msc-140480"
23,58.5,0.33,"Mytilus edulis","W-Msc-140480"
23.5,58.5,0.29,"Mytilus edulis","W-Msc-140480"
24,58.5,0.18,"Mytilus edulis","W-Msc-140480"
141.5,58.5,0.69,"Mytilus edulis","W-Msc-140480"
142,58.5,0.69,"Mytilus edulis","W-Msc-140480"
142.5,58.5,0.69,"Mytilus edulis","W-Msc-140480"
143,58.5,0.68,"Mytilus edulis","W-Msc-140480"
143.5,58.5,0.51,"Mytilus edulis","W-Msc-140480"
146,58.5,0.35,"Mytilus edulis","W-Msc-140480"
146.5,58.5,0.32,"Mytilus edulis","W-Msc-140480"
147,58.5,0.48,"Mytilus edulis","W-Msc-140480"
147.5,58.5,0.32,"Mytilus edulis","W-Msc-140480"
148,58.5,0.65,"Mytilus edulis","W-Msc-140480"
148.5,58.5,0.65,"Mytilus edulis","W-Msc-140480"
149,58.5,0.64,"Mytilus edulis","W-Msc-140480"
149.5,58.5,0.64,"Mytilus edulis","W-Msc-140480"
150,58.5,0.63,"Mytilus edulis","W-Msc-140480"
150.5,58.5,0.62,"Mytilus edulis","W-Msc-140480"
151,58.5,0.61,"Mytilus edulis","W-Msc-140480"
151.5,58.5,0.59,"Mytilus edulis","W-Msc-140480"
152,58.5,0.56,"Mytilus edulis","W-Msc-140480"
152.5,58.5,0.54,"Mytilus edulis","W-Msc-140480"
153,58.5,0.51,"Mytilus edulis","W-Msc-140480"
153.5,58.5,0.5,"Mytilus edulis","W-Msc-140480"
154,58.5,0.29,"Mytilus edulis","W-Msc-140480"
154.5,58.5,0.29,"Mytilus edulis","W-Msc-140480"
155,58.5,0.24,"Mytilus edulis","W-Msc-140480"
157.5,58.5,0.09,"Mytilus edulis","W-Msc-140480"
158,58.5,0.55,"Mytilus edulis","W-Msc-140480"
158.5,58.5,0.49,"Mytilus edulis","W-Msc-140480"
159,58.5,0.58,"Mytilus edulis","W-Msc-140480"
159.5,58.5,0.6,"Mytilus edulis","W-Msc-140480"
160,58.5,0.6,"Mytilus edulis","W-Msc-140480"
162.5,58.5,0.62,"Mytilus edulis","W-Msc-140480"
163,58.5,0.65,"Mytilus edulis","W-Msc-140480"
163.5,58.5,0.66,"Mytilus edulis","W-Msc-140480"
164,58.5,0.72,"Mytilus edulis","W-Msc-140480"
164.5,58.5,0.81,"Mytilus edulis","W-Msc-140480"
165,58.5,0.83,"Mytilus edulis","W-Msc-140480"
-174,58,0.03,"Mytilus edulis","W-Msc-140480"
-173.5,58,0.61,"Mytilus edulis","W-Msc-140480"
-173,58,0.56,"Mytilus edulis","W-Msc-140480"
-172,58,0.1,"Mytilus edulis","W-Msc-140480"
-171,58,0.64,"Mytilus edulis","W-Msc-140480"
-170.5,58,0.55,"Mytilus edulis","W-Msc-140480"
-170,58,0.48,"Mytilus edulis","W-Msc-140480"
-169.5,58,0.37,"Mytilus edulis","W-Msc-140480"
-168,58,0.3,"Mytilus edulis","W-Msc-140480"
-167.5,58,0.23,"Mytilus edulis","W-Msc-140480"
-167,58,0.23,"Mytilus edulis","W-Msc-140480"
-166.5,58,0.36,"Mytilus edulis","W-Msc-140480"
-166,58,0.44,"Mytilus edulis","W-Msc-140480"
-165.5,58,0.51,"Mytilus edulis","W-Msc-140480"
-165,58,0.52,"Mytilus edulis","W-Msc-140480"
-164.5,58,0.57,"Mytilus edulis","W-Msc-140480"
-164,58,0.6,"Mytilus edulis","W-Msc-140480"
-163.5,58,0.62,"Mytilus edulis","W-Msc-140480"
-163,58,0.64,"Mytilus edulis","W-Msc-140480"
-162.5,58,0.67,"Mytilus edulis","W-Msc-140480"
-162,58,0.7,"Mytilus edulis","W-Msc-140480"
-161.5,58,0.74,"Mytilus edulis","W-Msc-140480"
-161,58,0.78,"Mytilus edulis","W-Msc-140480"
-160.5,58,0.8,"Mytilus edulis","W-Msc-140480"
-160,58,0.8,"Mytilus edulis","W-Msc-140480"
-159.5,58,0.81,"Mytilus edulis","W-Msc-140480"
-159,58,0.82,"Mytilus edulis","W-Msc-140480"
-158.5,58,0.83,"Mytilus edulis","W-Msc-140480"
-158,58,0.85,"Mytilus edulis","W-Msc-140480"
-157.5,58,0.86,"Mytilus edulis","W-Msc-140480"
-157,58,0.74,"Mytilus edulis","W-Msc-140480"
-155,58,0.33,"Mytilus edulis","W-Msc-140480"
-154.5,58,1,"Mytilus edulis","W-Msc-140480"
-154,58,1,"Mytilus edulis","W-Msc-140480"
-153.5,58,1,"Mytilus edulis","W-Msc-140480"
-153,58,1,"Mytilus edulis","W-Msc-140480"
-152.5,58,1,"Mytilus edulis","W-Msc-140480"
-152,58,1,"Mytilus edulis","W-Msc-140480"
-151.5,58,1,"Mytilus edulis","W-Msc-140480"
-151,58,0.21,"Mytilus edulis","W-Msc-140480"
-150,58,1,"Mytilus edulis","W-Msc-140480"
-149.5,58,0.28,"Mytilus edulis","W-Msc-140480"
-139,58,0.69,"Mytilus edulis","W-Msc-140480"
-138.5,58,0.93,"Mytilus edulis","W-Msc-140480"
-137,58,1,"Mytilus edulis","W-Msc-140480"
-136.5,58,1,"Mytilus edulis","W-Msc-140480"
-136,58,1,"Mytilus edulis","W-Msc-140480"
-135.5,58,1,"Mytilus edulis","W-Msc-140480"
-135,58,1,"Mytilus edulis","W-Msc-140480"
-134.5,58,1,"Mytilus edulis","W-Msc-140480"
-134,58,0.97,"Mytilus edulis","W-Msc-140480"
-133.5,58,0.99,"Mytilus edulis","W-Msc-140480"
-94,58,0.06,"Mytilus edulis","W-Msc-140480"
-93,58,0.31,"Mytilus edulis","W-Msc-140480"
-92.5,58,0.31,"Mytilus edulis","W-Msc-140480"
-92,58,0.27,"Mytilus edulis","W-Msc-140480"
-91.5,58,0.22,"Mytilus edulis","W-Msc-140480"
-91,58,0.03,"Mytilus edulis","W-Msc-140480"
-90.5,58,0.04,"Mytilus edulis","W-Msc-140480"
-90,58,0.01,"Mytilus edulis","W-Msc-140480"
-80.5,58,0.07,"Mytilus edulis","W-Msc-140480"
-79.5,58,0.07,"Mytilus edulis","W-Msc-140480"
-79,58,0.01,"Mytilus edulis","W-Msc-140480"
-78.5,58,0.11,"Mytilus edulis","W-Msc-140480"
-78,58,0.32,"Mytilus edulis","W-Msc-140480"
-77.5,58,0.35,"Mytilus edulis","W-Msc-140480"
-77,58,0.36,"Mytilus edulis","W-Msc-140480"
-68.5,58,0.04,"Mytilus edulis","W-Msc-140480"
-68,58,0.26,"Mytilus edulis","W-Msc-140480"
-67.5,58,0.25,"Mytilus edulis","W-Msc-140480"
-67,58,0.25,"Mytilus edulis","W-Msc-140480"
-66.5,58,0.26,"Mytilus edulis","W-Msc-140480"
-66,58,0.04,"Mytilus edulis","W-Msc-140480"
-65.5,58,0.04,"Mytilus edulis","W-Msc-140480"
-63.5,58,0.04,"Mytilus edulis","W-Msc-140480"
-63,58,0.09,"Mytilus edulis","W-Msc-140480"
-62.5,58,0.29,"Mytilus edulis","W-Msc-140480"
-62,58,0.29,"Mytilus edulis","W-Msc-140480"
-61.5,58,0.26,"Mytilus edulis","W-Msc-140480"
-8,58,0.97,"Mytilus edulis","W-Msc-140480"
-7.5,58,0.98,"Mytilus edulis","W-Msc-140480"
-7,58,0.99,"Mytilus edulis","W-Msc-140480"
-6.5,58,1,"Mytilus edulis","W-Msc-140480"
-6,58,1,"Mytilus edulis","W-Msc-140480"
-5.5,58,1,"Mytilus edulis","W-Msc-140480"
-5,58,1,"Mytilus edulis","W-Msc-140480"
-4.5,58,0.17,"Mytilus edulis","W-Msc-140480"
-3.5,58,1,"Mytilus edulis","W-Msc-140480"
-3,58,1,"Mytilus edulis","W-Msc-140480"
-2.5,58,1,"Mytilus edulis","W-Msc-140480"
-2,58,0.41,"Mytilus edulis","W-Msc-140480"
3,58,0.07,"Mytilus edulis","W-Msc-140480"
6,58,1,"Mytilus edulis","W-Msc-140480"
6.5,58,1,"Mytilus edulis","W-Msc-140480"
7,58,1,"Mytilus edulis","W-Msc-140480"
7.5,58,1,"Mytilus edulis","W-Msc-140480"
8,58,1,"Mytilus edulis","W-Msc-140480"
8.5,58,1,"Mytilus edulis","W-Msc-140480"
9,58,1,"Mytilus edulis","W-Msc-140480"
11,58,1,"Mytilus edulis","W-Msc-140480"
11.5,58,1,"Mytilus edulis","W-Msc-140480"
12,58,1,"Mytilus edulis","W-Msc-140480"
17,58,0.38,"Mytilus edulis","W-Msc-140480"
17.5,58,0.26,"Mytilus edulis","W-Msc-140480"
18,58,0.08,"Mytilus edulis","W-Msc-140480"
18.5,58,0.06,"Mytilus edulis","W-Msc-140480"
19,58,0.08,"Mytilus edulis","W-Msc-140480"
19.5,58,0.08,"Mytilus edulis","W-Msc-140480"
20,58,0.06,"Mytilus edulis","W-Msc-140480"
21,58,0.07,"Mytilus edulis","W-Msc-140480"
21.5,58,0.14,"Mytilus edulis","W-Msc-140480"
22,58,0.25,"Mytilus edulis","W-Msc-140480"
22.5,58,0.27,"Mytilus edulis","W-Msc-140480"
23,58,0.12,"Mytilus edulis","W-Msc-140480"
23.5,58,0.08,"Mytilus edulis","W-Msc-140480"
24,58,0.05,"Mytilus edulis","W-Msc-140480"
24.5,58,0.04,"Mytilus edulis","W-Msc-140480"
25,58,0.02,"Mytilus edulis","W-Msc-140480"
141,58,0.71,"Mytilus edulis","W-Msc-140480"
141.5,58,0.7,"Mytilus edulis","W-Msc-140480"
142,58,0.67,"Mytilus edulis","W-Msc-140480"
142.5,58,0.66,"Mytilus edulis","W-Msc-140480"
143,58,0.65,"Mytilus edulis","W-Msc-140480"
143.5,58,0.64,"Mytilus edulis","W-Msc-140480"
144,58,0.24,"Mytilus edulis","W-Msc-140480"
144.5,58,0.57,"Mytilus edulis","W-Msc-140480"
145,58,0.63,"Mytilus edulis","W-Msc-140480"
145.5,58,0.61,"Mytilus edulis","W-Msc-140480"
146,58,0.64,"Mytilus edulis","W-Msc-140480"
146.5,58,0.64,"Mytilus edulis","W-Msc-140480"
147,58,0.65,"Mytilus edulis","W-Msc-140480"
147.5,58,0.07,"Mytilus edulis","W-Msc-140480"
148,58,0.11,"Mytilus edulis","W-Msc-140480"
148.5,58,0.66,"Mytilus edulis","W-Msc-140480"
149,58,0.66,"Mytilus edulis","W-Msc-140480"
149.5,58,0.66,"Mytilus edulis","W-Msc-140480"
150,58,0.65,"Mytilus edulis","W-Msc-140480"
150.5,58,0.65,"Mytilus edulis","W-Msc-140480"
151,58,0.64,"Mytilus edulis","W-Msc-140480"
151.5,58,0.63,"Mytilus edulis","W-Msc-140480"
152,58,0.36,"Mytilus edulis","W-Msc-140480"
157.5,58,0.58,"Mytilus edulis","W-Msc-140480"
158,58,0.58,"Mytilus edulis","W-Msc-140480"
158.5,58,0.6,"Mytilus edulis","W-Msc-140480"
159,58,0.61,"Mytilus edulis","W-Msc-140480"
159.5,58,0.62,"Mytilus edulis","W-Msc-140480"
162.5,58,0.62,"Mytilus edulis","W-Msc-140480"
163,58,0.46,"Mytilus edulis","W-Msc-140480"
163.5,58,0.73,"Mytilus edulis","W-Msc-140480"
164,58,0.82,"Mytilus edulis","W-Msc-140480"
-173.5,57.5,0.33,"Mytilus edulis","W-Msc-140480"
-173,57.5,0.03,"Mytilus edulis","W-Msc-140480"
-172.5,57.5,0.8,"Mytilus edulis","W-Msc-140480"
-172,57.5,0.76,"Mytilus edulis","W-Msc-140480"
-171.5,57.5,0.73,"Mytilus edulis","W-Msc-140480"
-171,57.5,0.7,"Mytilus edulis","W-Msc-140480"
-170.5,57.5,0.6,"Mytilus edulis","W-Msc-140480"
-170,57.5,0.5,"Mytilus edulis","W-Msc-140480"
-169.5,57.5,0.62,"Mytilus edulis","W-Msc-140480"
-168.5,57.5,0.32,"Mytilus edulis","W-Msc-140480"
-168,57.5,0.17,"Mytilus edulis","W-Msc-140480"
-167.5,57.5,0.12,"Mytilus edulis","W-Msc-140480"
-166.5,57.5,0.22,"Mytilus edulis","W-Msc-140480"
-166,57.5,0.32,"Mytilus edulis","W-Msc-140480"
-165.5,57.5,0.57,"Mytilus edulis","W-Msc-140480"
-165,57.5,0.57,"Mytilus edulis","W-Msc-140480"
-164.5,57.5,0.58,"Mytilus edulis","W-Msc-140480"
-164,57.5,0.61,"Mytilus edulis","W-Msc-140480"
-163.5,57.5,0.58,"Mytilus edulis","W-Msc-140480"
-163,57.5,0.49,"Mytilus edulis","W-Msc-140480"
-162.5,57.5,0.67,"Mytilus edulis","W-Msc-140480"
-162,57.5,0.67,"Mytilus edulis","W-Msc-140480"
-161.5,57.5,0.64,"Mytilus edulis","W-Msc-140480"
-161,57.5,0.61,"Mytilus edulis","W-Msc-140480"
-160.5,57.5,0.73,"Mytilus edulis","W-Msc-140480"
-160,57.5,0.76,"Mytilus edulis","W-Msc-140480"
-159.5,57.5,0.77,"Mytilus edulis","W-Msc-140480"
-159,57.5,0.79,"Mytilus edulis","W-Msc-140480"
-158.5,57.5,0.8,"Mytilus edulis","W-Msc-140480"
-158,57.5,0.81,"Mytilus edulis","W-Msc-140480"
-157.5,57.5,0.83,"Mytilus edulis","W-Msc-140480"
-157,57.5,0.15,"Mytilus edulis","W-Msc-140480"
-156,57.5,1,"Mytilus edulis","W-Msc-140480"
-155.5,57.5,1,"Mytilus edulis","W-Msc-140480"
-155,57.5,1,"Mytilus edulis","W-Msc-140480"
-154.5,57.5,1,"Mytilus edulis","W-Msc-140480"
-154,57.5,1,"Mytilus edulis","W-Msc-140480"
-153.5,57.5,1,"Mytilus edulis","W-Msc-140480"
-153,57.5,1,"Mytilus edulis","W-Msc-140480"
-152.5,57.5,1,"Mytilus edulis","W-Msc-140480"
-152,57.5,1,"Mytilus edulis","W-Msc-140480"
-151.5,57.5,0.55,"Mytilus edulis","W-Msc-140480"
-151,57.5,0.34,"Mytilus edulis","W-Msc-140480"
-150.5,57.5,0.45,"Mytilus edulis","W-Msc-140480"
-136.5,57.5,1,"Mytilus edulis","W-Msc-140480"
-136,57.5,1,"Mytilus edulis","W-Msc-140480"
-135.5,57.5,1,"Mytilus edulis","W-Msc-140480"
-135,57.5,1,"Mytilus edulis","W-Msc-140480"
-134.5,57.5,0.98,"Mytilus edulis","W-Msc-140480"
-134,57.5,0.98,"Mytilus edulis","W-Msc-140480"
-133.5,57.5,0.97,"Mytilus edulis","W-Msc-140480"
-133,57.5,1,"Mytilus edulis","W-Msc-140480"
-132.5,57.5,0.17,"Mytilus edulis","W-Msc-140480"
-92.5,57.5,0.34,"Mytilus edulis","W-Msc-140480"
-92,57.5,0.31,"Mytilus edulis","W-Msc-140480"
-91.5,57.5,0.29,"Mytilus edulis","W-Msc-140480"
-91,57.5,0.27,"Mytilus edulis","W-Msc-140480"
-90.5,57.5,0.25,"Mytilus edulis","W-Msc-140480"
-90,57.5,0.19,"Mytilus edulis","W-Msc-140480"
-89.5,57.5,0.03,"Mytilus edulis","W-Msc-140480"
-89,57.5,0.01,"Mytilus edulis","W-Msc-140480"
-88,57.5,0.02,"Mytilus edulis","W-Msc-140480"
-87.5,57.5,0.01,"Mytilus edulis","W-Msc-140480"
-87,57.5,0.01,"Mytilus edulis","W-Msc-140480"
-79.5,57.5,0.07,"Mytilus edulis","W-Msc-140480"
-79,57.5,0.07,"Mytilus edulis","W-Msc-140480"
-78.5,57.5,0.08,"Mytilus edulis","W-Msc-140480"
-78,57.5,0.1,"Mytilus edulis","W-Msc-140480"
-77.5,57.5,0.02,"Mytilus edulis","W-Msc-140480"
-77,57.5,0.36,"Mytilus edulis","W-Msc-140480"
-76.5,57.5,0.36,"Mytilus edulis","W-Msc-140480"
-62.5,57.5,0.05,"Mytilus edulis","W-Msc-140480"
-62,57.5,0.29,"Mytilus edulis","W-Msc-140480"
-61.5,57.5,0.28,"Mytilus edulis","W-Msc-140480"
-61,57.5,0.28,"Mytilus edulis","W-Msc-140480"
-13.5,57.5,0.4,"Mytilus edulis","W-Msc-140480"
-13,57.5,0.97,"Mytilus edulis","W-Msc-140480"
-8.5,57.5,0.98,"Mytilus edulis","W-Msc-140480"
-8,57.5,0.99,"Mytilus edulis","W-Msc-140480"
-7.5,57.5,1,"Mytilus edulis","W-Msc-140480"
-7,57.5,1,"Mytilus edulis","W-Msc-140480"
-6.5,57.5,1,"Mytilus edulis","W-Msc-140480"
-6,57.5,1,"Mytilus edulis","W-Msc-140480"
-5.5,57.5,1,"Mytilus edulis","W-Msc-140480"
-5,57.5,1,"Mytilus edulis","W-Msc-140480"
-4,57.5,1,"Mytilus edulis","W-Msc-140480"
-3.5,57.5,1,"Mytilus edulis","W-Msc-140480"
-3,57.5,1,"Mytilus edulis","W-Msc-140480"
-2.5,57.5,1,"Mytilus edulis","W-Msc-140480"
-2,57.5,1,"Mytilus edulis","W-Msc-140480"
-1.5,57.5,1,"Mytilus edulis","W-Msc-140480"
3,57.5,0.03,"Mytilus edulis","W-Msc-140480"
3.5,57.5,0.1,"Mytilus edulis","W-Msc-140480"
4,57.5,0.34,"Mytilus edulis","W-Msc-140480"
4.5,57.5,0.66,"Mytilus edulis","W-Msc-140480"
5,57.5,0.55,"Mytilus edulis","W-Msc-140480"
8,57.5,1,"Mytilus edulis","W-Msc-140480"
9,57.5,1,"Mytilus edulis","W-Msc-140480"
9.5,57.5,1,"Mytilus edulis","W-Msc-140480"
10,57.5,1,"Mytilus edulis","W-Msc-140480"
10.5,57.5,1,"Mytilus edulis","W-Msc-140480"
11,57.5,1,"Mytilus edulis","W-Msc-140480"
11.5,57.5,1,"Mytilus edulis","W-Msc-140480"
12,57.5,1,"Mytilus edulis","W-Msc-140480"
17,57.5,0.4,"Mytilus edulis","W-Msc-140480"
17.5,57.5,0.15,"Mytilus edulis","W-Msc-140480"
18,57.5,0.09,"Mytilus edulis","W-Msc-140480"
18.5,57.5,0.08,"Mytilus edulis","W-Msc-140480"
19,57.5,0.07,"Mytilus edulis","W-Msc-140480"
19.5,57.5,0.06,"Mytilus edulis","W-Msc-140480"
20,57.5,0.05,"Mytilus edulis","W-Msc-140480"
21,57.5,0.08,"Mytilus edulis","W-Msc-140480"
21.5,57.5,0.16,"Mytilus edulis","W-Msc-140480"
22,57.5,0.36,"Mytilus edulis","W-Msc-140480"
22.5,57.5,0.21,"Mytilus edulis","W-Msc-140480"
23,57.5,0.12,"Mytilus edulis","W-Msc-140480"
23.5,57.5,0.07,"Mytilus edulis","W-Msc-140480"
24,57.5,0.04,"Mytilus edulis","W-Msc-140480"
24.5,57.5,0.01,"Mytilus edulis","W-Msc-140480"
140,57.5,0.7,"Mytilus edulis","W-Msc-140480"
140.5,57.5,0.69,"Mytilus edulis","W-Msc-140480"
141,57.5,0.67,"Mytilus edulis","W-Msc-140480"
141.5,57.5,0.66,"Mytilus edulis","W-Msc-140480"
142,57.5,0.64,"Mytilus edulis","W-Msc-140480"
142.5,57.5,0.63,"Mytilus edulis","W-Msc-140480"
143,57.5,0.11,"Mytilus edulis","W-Msc-140480"
143.5,57.5,0.61,"Mytilus edulis","W-Msc-140480"
144,57.5,0.6,"Mytilus edulis","W-Msc-140480"
145.5,57.5,0.62,"Mytilus edulis","W-Msc-140480"
146,57.5,0.62,"Mytilus edulis","W-Msc-140480"
146.5,57.5,0.63,"Mytilus edulis","W-Msc-140480"
147,57.5,0.51,"Mytilus edulis","W-Msc-140480"
147.5,57.5,0.54,"Mytilus edulis","W-Msc-140480"
148,57.5,0.11,"Mytilus edulis","W-Msc-140480"
148.5,57.5,0.18,"Mytilus edulis","W-Msc-140480"
149,57.5,0.4,"Mytilus edulis","W-Msc-140480"
149.5,57.5,0.19,"Mytilus edulis","W-Msc-140480"
157,57.5,0.65,"Mytilus edulis","W-Msc-140480"
157.5,57.5,0.62,"Mytilus edulis","W-Msc-140480"
158,57.5,0.64,"Mytilus edulis","W-Msc-140480"
162.5,57.5,0.59,"Mytilus edulis","W-Msc-140480"
163,57.5,0.7,"Mytilus edulis","W-Msc-140480"
163.5,57.5,0.76,"Mytilus edulis","W-Msc-140480"
-173,57,0.88,"Mytilus edulis","W-Msc-140480"
-172.5,57,0.85,"Mytilus edulis","W-Msc-140480"
-172,57,0.83,"Mytilus edulis","W-Msc-140480"
-171.5,57,0.41,"Mytilus edulis","W-Msc-140480"
-171,57,0.76,"Mytilus edulis","W-Msc-140480"
-170.5,57,0.71,"Mytilus edulis","W-Msc-140480"
-170,57,0.66,"Mytilus edulis","W-Msc-140480"
-169.5,57,0.67,"Mytilus edulis","W-Msc-140480"
-169,57,0.69,"Mytilus edulis","W-Msc-140480"
-168.5,57,0.71,"Mytilus edulis","W-Msc-140480"
-168,57,0.27,"Mytilus edulis","W-Msc-140480"
-167.5,57,0.36,"Mytilus edulis","W-Msc-140480"
-167,57,0.12,"Mytilus edulis","W-Msc-140480"
-165.5,57,0.26,"Mytilus edulis","W-Msc-140480"
-165,57,0.65,"Mytilus edulis","W-Msc-140480"
-164.5,57,0.57,"Mytilus edulis","W-Msc-140480"
-164,57,0.55,"Mytilus edulis","W-Msc-140480"
-163.5,57,0.49,"Mytilus edulis","W-Msc-140480"
-163,57,0.33,"Mytilus edulis","W-Msc-140480"
-162.5,57,0.45,"Mytilus edulis","W-Msc-140480"
-162,57,0.46,"Mytilus edulis","W-Msc-140480"
-161.5,57,0.53,"Mytilus edulis","W-Msc-140480"
-161,57,0.63,"Mytilus edulis","W-Msc-140480"
-160.5,57,0.65,"Mytilus edulis","W-Msc-140480"
-160,57,0.79,"Mytilus edulis","W-Msc-140480"
-159.5,57,0.79,"Mytilus edulis","W-Msc-140480"
-159,57,0.8,"Mytilus edulis","W-Msc-140480"
-158.5,57,0.81,"Mytilus edulis","W-Msc-140480"
-158,57,0.82,"Mytilus edulis","W-Msc-140480"
-157.5,57,0.91,"Mytilus edulis","W-Msc-140480"
-156.5,57,1,"Mytilus edulis","W-Msc-140480"
-156,57,1,"Mytilus edulis","W-Msc-140480"
-155.5,57,1,"Mytilus edulis","W-Msc-140480"
-154.5,57,1,"Mytilus edulis","W-Msc-140480"
-154,57,1,"Mytilus edulis","W-Msc-140480"
-153.5,57,1,"Mytilus edulis","W-Msc-140480"
-153,57,1,"Mytilus edulis","W-Msc-140480"
-152.5,57,1,"Mytilus edulis","W-Msc-140480"
-152,57,1,"Mytilus edulis","W-Msc-140480"
-151.5,57,0.76,"Mytilus edulis","W-Msc-140480"
-151,57,0.62,"Mytilus edulis","W-Msc-140480"
-136,57,0.52,"Mytilus edulis","W-Msc-140480"
-135.5,57,1,"Mytilus edulis","W-Msc-140480"
-135,57,1,"Mytilus edulis","W-Msc-140480"
-134.5,57,1,"Mytilus edulis","W-Msc-140480"
-134,57,1,"Mytilus edulis","W-Msc-140480"
-133.5,57,0.97,"Mytilus edulis","W-Msc-140480"
-133,57,0.98,"Mytilus edulis","W-Msc-140480"
-132.5,57,1,"Mytilus edulis","W-Msc-140480"
-92.5,57,0.37,"Mytilus edulis","W-Msc-140480"
-92,57,0.37,"Mytilus edulis","W-Msc-140480"
-91.5,57,0.33,"Mytilus edulis","W-Msc-140480"
-91,57,0.3,"Mytilus edulis","W-Msc-140480"
-90.5,57,0.27,"Mytilus edulis","W-Msc-140480"
-90,57,0.27,"Mytilus edulis","W-Msc-140480"
-89.5,57,0.25,"Mytilus edulis","W-Msc-140480"
-89,57,0.19,"Mytilus edulis","W-Msc-140480"
-88.5,57,0.15,"Mytilus edulis","W-Msc-140480"
-88,57,0.11,"Mytilus edulis","W-Msc-140480"
-87.5,57,0.07,"Mytilus edulis","W-Msc-140480"
-87,57,0.07,"Mytilus edulis","W-Msc-140480"
-86.5,57,0.08,"Mytilus edulis","W-Msc-140480"
-86,57,0.01,"Mytilus edulis","W-Msc-140480"
-80,57,0.06,"Mytilus edulis","W-Msc-140480"
-79.5,57,0.07,"Mytilus edulis","W-Msc-140480"
-79,57,0.04,"Mytilus edulis","W-Msc-140480"
-78.5,57,0.07,"Mytilus edulis","W-Msc-140480"
-78,57,0.09,"Mytilus edulis","W-Msc-140480"
-77.5,57,0.12,"Mytilus edulis","W-Msc-140480"
-77,57,0.22,"Mytilus edulis","W-Msc-140480"
-76.5,57,0.37,"Mytilus edulis","W-Msc-140480"
-62,57,0.31,"Mytilus edulis","W-Msc-140480"
-61.5,57,0.32,"Mytilus edulis","W-Msc-140480"
-61,57,0.3,"Mytilus edulis","W-Msc-140480"
-60.5,57,0.08,"Mytilus edulis","W-Msc-140480"
-13.5,57,0.94,"Mytilus edulis","W-Msc-140480"
-13,57,0.96,"Mytilus edulis","W-Msc-140480"
-7.5,57,1,"Mytilus edulis","W-Msc-140480"
-7,57,1,"Mytilus edulis","W-Msc-140480"
-6.5,57,1,"Mytilus edulis","W-Msc-140480"
-6,57,1,"Mytilus edulis","W-Msc-140480"
-5.5,57,1,"Mytilus edulis","W-Msc-140480"
-5,57,0.17,"Mytilus edulis","W-Msc-140480"
-2,57,1,"Mytilus edulis","W-Msc-140480"
-1.5,57,1,"Mytilus edulis","W-Msc-140480"
-1,57,0.07,"Mytilus edulis","W-Msc-140480"
4,57,0.21,"Mytilus edulis","W-Msc-140480"
4.5,57,0.55,"Mytilus edulis","W-Msc-140480"
5,57,0.79,"Mytilus edulis","W-Msc-140480"
5.5,57,0.97,"Mytilus edulis","W-Msc-140480"
6,57,1,"Mytilus edulis","W-Msc-140480"
6.5,57,0.97,"Mytilus edulis","W-Msc-140480"
7,57,0.86,"Mytilus edulis","W-Msc-140480"
7.5,57,1,"Mytilus edulis","W-Msc-140480"
8,57,1,"Mytilus edulis","W-Msc-140480"
8.5,57,1,"Mytilus edulis","W-Msc-140480"
9,57,1,"Mytilus edulis","W-Msc-140480"
9.5,57,1,"Mytilus edulis","W-Msc-140480"
10,57,1,"Mytilus edulis","W-Msc-140480"
10.5,57,1,"Mytilus edulis","W-Msc-140480"
11,57,1,"Mytilus edulis","W-Msc-140480"
11.5,57,1,"Mytilus edulis","W-Msc-140480"
12,57,1,"Mytilus edulis","W-Msc-140480"
12.5,57,1,"Mytilus edulis","W-Msc-140480"
16.5,57,0.16,"Mytilus edulis","W-Msc-140480"
17,57,0.26,"Mytilus edulis","W-Msc-140480"
17.5,57,0.14,"Mytilus edulis","W-Msc-140480"
18,57,0.11,"Mytilus edulis","W-Msc-140480"
18.5,57,0.09,"Mytilus edulis","W-Msc-140480"
19,57,0.05,"Mytilus edulis","W-Msc-140480"
19.5,57,0.04,"Mytilus edulis","W-Msc-140480"
20,57,0.01,"Mytilus edulis","W-Msc-140480"
21,57,0.16,"Mytilus edulis","W-Msc-140480"
21.5,57,0.44,"Mytilus edulis","W-Msc-140480"
22,57,0.33,"Mytilus edulis","W-Msc-140480"
23,57,0.12,"Mytilus edulis","W-Msc-140480"
23.5,57,0.02,"Mytilus edulis","W-Msc-140480"
139,57,0.67,"Mytilus edulis","W-Msc-140480"
139.5,57,0.71,"Mytilus edulis","W-Msc-140480"
140,57,0.69,"Mytilus edulis","W-Msc-140480"
140.5,57,0.67,"Mytilus edulis","W-Msc-140480"
141,57,0.65,"Mytilus edulis","W-Msc-140480"
141.5,57,0.64,"Mytilus edulis","W-Msc-140480"
142,57,0.62,"Mytilus edulis","W-Msc-140480"
142.5,57,0.61,"Mytilus edulis","W-Msc-140480"
143,57,0.6,"Mytilus edulis","W-Msc-140480"
143.5,57,0.59,"Mytilus edulis","W-Msc-140480"
144,57,0.59,"Mytilus edulis","W-Msc-140480"
144.5,57,0.58,"Mytilus edulis","W-Msc-140480"
145,57,0.48,"Mytilus edulis","W-Msc-140480"
145.5,57,0.62,"Mytilus edulis","W-Msc-140480"
146,57,0.62,"Mytilus edulis","W-Msc-140480"
146.5,57,0.63,"Mytilus edulis","W-Msc-140480"
147,57,0.64,"Mytilus edulis","W-Msc-140480"
147.5,57,0.16,"Mytilus edulis","W-Msc-140480"
156.5,57,0.74,"Mytilus edulis","W-Msc-140480"
157,57,0.73,"Mytilus edulis","W-Msc-140480"
157.5,57,0.7,"Mytilus edulis","W-Msc-140480"
163,57,0.74,"Mytilus edulis","W-Msc-140480"
163.5,57,0.78,"Mytilus edulis","W-Msc-140480"
-172.5,56.5,0.9,"Mytilus edulis","W-Msc-140480"
-172,56.5,0.89,"Mytilus edulis","W-Msc-140480"
-171.5,56.5,0.75,"Mytilus edulis","W-Msc-140480"
-171,56.5,0.47,"Mytilus edulis","W-Msc-140480"
-170,56.5,0.32,"Mytilus edulis","W-Msc-140480"
-169.5,56.5,0.77,"Mytilus edulis","W-Msc-140480"
-169,56.5,0.8,"Mytilus edulis","W-Msc-140480"
-168.5,56.5,0.83,"Mytilus edulis","W-Msc-140480"
-168,56.5,0.37,"Mytilus edulis","W-Msc-140480"
-162.5,56.5,0.11,"Mytilus edulis","W-Msc-140480"
-162,56.5,0.19,"Mytilus edulis","W-Msc-140480"
-161.5,56.5,0.7,"Mytilus edulis","W-Msc-140480"
-161,56.5,0.82,"Mytilus edulis","W-Msc-140480"
-160.5,56.5,0.06,"Mytilus edulis","W-Msc-140480"
-160,56.5,0.77,"Mytilus edulis","W-Msc-140480"
-159.5,56.5,0.84,"Mytilus edulis","W-Msc-140480"
-159,56.5,0.83,"Mytilus edulis","W-Msc-140480"
-158.5,56.5,0.84,"Mytilus edulis","W-Msc-140480"
-158,56.5,0.93,"Mytilus edulis","W-Msc-140480"
-157.5,56.5,1,"Mytilus edulis","W-Msc-140480"
-157,56.5,1,"Mytilus edulis","W-Msc-140480"
-156.5,56.5,1,"Mytilus edulis","W-Msc-140480"
-155,56.5,0.97,"Mytilus edulis","W-Msc-140480"
-154.5,56.5,1,"Mytilus edulis","W-Msc-140480"
-154,56.5,1,"Mytilus edulis","W-Msc-140480"
-153.5,56.5,1,"Mytilus edulis","W-Msc-140480"
-153,56.5,1,"Mytilus edulis","W-Msc-140480"
-152.5,56.5,0.28,"Mytilus edulis","W-Msc-140480"
-152,56.5,0.97,"Mytilus edulis","W-Msc-140480"
-151.5,56.5,1,"Mytilus edulis","W-Msc-140480"
-135.5,56.5,1,"Mytilus edulis","W-Msc-140480"
-135,56.5,1,"Mytilus edulis","W-Msc-140480"
-134.5,56.5,1,"Mytilus edulis","W-Msc-140480"
-134,56.5,1,"Mytilus edulis","W-Msc-140480"
-133.5,56.5,1,"Mytilus edulis","W-Msc-140480"
-133,56.5,1,"Mytilus edulis","W-Msc-140480"
-132.5,56.5,1,"Mytilus edulis","W-Msc-140480"
-132,56.5,0.99,"Mytilus edulis","W-Msc-140480"
-92.5,56.5,0.14,"Mytilus edulis","W-Msc-140480"
-89.5,56.5,0.3,"Mytilus edulis","W-Msc-140480"
-89,56.5,0.28,"Mytilus edulis","W-Msc-140480"
-88.5,56.5,0.27,"Mytilus edulis","W-Msc-140480"
-88,56.5,0.25,"Mytilus edulis","W-Msc-140480"
-87.5,56.5,0.18,"Mytilus edulis","W-Msc-140480"
-87,56.5,0.08,"Mytilus edulis","W-Msc-140480"
-86.5,56.5,0.08,"Mytilus edulis","W-Msc-140480"
-86,56.5,0.07,"Mytilus edulis","W-Msc-140480"
-80,56.5,0.08,"Mytilus edulis","W-Msc-140480"
-79.5,56.5,0.07,"Mytilus edulis","W-Msc-140480"
-79,56.5,0.07,"Mytilus edulis","W-Msc-140480"
-78.5,56.5,0.08,"Mytilus edulis","W-Msc-140480"
-78,56.5,0.09,"Mytilus edulis","W-Msc-140480"
-77.5,56.5,0.12,"Mytilus edulis","W-Msc-140480"
-77,56.5,0.24,"Mytilus edulis","W-Msc-140480"
-76.5,56.5,0.37,"Mytilus edulis","W-Msc-140480"
-76,56.5,0.06,"Mytilus edulis","W-Msc-140480"
-62,56.5,0.06,"Mytilus edulis","W-Msc-140480"
-61.5,56.5,0.37,"Mytilus edulis","W-Msc-140480"
-61,56.5,0.34,"Mytilus edulis","W-Msc-140480"
-60.5,56.5,0.33,"Mytilus edulis","W-Msc-140480"
-14.5,56.5,0.97,"Mytilus edulis","W-Msc-140480"
-8.5,56.5,0.98,"Mytilus edulis","W-Msc-140480"
-8,56.5,0.62,"Mytilus edulis","W-Msc-140480"
-7.5,56.5,1,"Mytilus edulis","W-Msc-140480"
-7,56.5,1,"Mytilus edulis","W-Msc-140480"
-6.5,56.5,1,"Mytilus edulis","W-Msc-140480"
-6,56.5,1,"Mytilus edulis","W-Msc-140480"
-5.5,56.5,1,"Mytilus edulis","W-Msc-140480"
-5,56.5,1,"Mytilus edulis","W-Msc-140480"
-2.5,56.5,1,"Mytilus edulis","W-Msc-140480"
-2,56.5,1,"Mytilus edulis","W-Msc-140480"
-1.5,56.5,0.83,"Mytilus edulis","W-Msc-140480"
4,56.5,0.24,"Mytilus edulis","W-Msc-140480"
4.5,56.5,0.31,"Mytilus edulis","W-Msc-140480"
5,56.5,0.48,"Mytilus edulis","W-Msc-140480"
5.5,56.5,0.55,"Mytilus edulis","W-Msc-140480"
6,56.5,0.83,"Mytilus edulis","W-Msc-140480"
6.5,56.5,1,"Mytilus edulis","W-Msc-140480"
7,56.5,1,"Mytilus edulis","W-Msc-140480"
7.5,56.5,1,"Mytilus edulis","W-Msc-140480"
8,56.5,1,"Mytilus edulis","W-Msc-140480"
8.5,56.5,1,"Mytilus edulis","W-Msc-140480"
9,56.5,1,"Mytilus edulis","W-Msc-140480"
10.5,56.5,1,"Mytilus edulis","W-Msc-140480"
11,56.5,1,"Mytilus edulis","W-Msc-140480"
11.5,56.5,1,"Mytilus edulis","W-Msc-140480"
12,56.5,1,"Mytilus edulis","W-Msc-140480"
12.5,56.5,1,"Mytilus edulis","W-Msc-140480"
13,56.5,1,"Mytilus edulis","W-Msc-140480"
16.5,56.5,0.37,"Mytilus edulis","W-Msc-140480"
17,56.5,0.23,"Mytilus edulis","W-Msc-140480"
17.5,56.5,0.09,"Mytilus edulis","W-Msc-140480"
18,56.5,0.06,"Mytilus edulis","W-Msc-140480"
18.5,56.5,0.1,"Mytilus edulis","W-Msc-140480"
19,56.5,0.06,"Mytilus edulis","W-Msc-140480"
21,56.5,0.46,"Mytilus edulis","W-Msc-140480"
21.5,56.5,0.41,"Mytilus edulis","W-Msc-140480"
138.5,56.5,0.66,"Mytilus edulis","W-Msc-140480"
139,56.5,0.7,"Mytilus edulis","W-Msc-140480"
140.5,56.5,0.31,"Mytilus edulis","W-Msc-140480"
141.5,56.5,0.61,"Mytilus edulis","W-Msc-140480"
142,56.5,0.61,"Mytilus edulis","W-Msc-140480"
143,56.5,0.59,"Mytilus edulis","W-Msc-140480"
143.5,56.5,0.57,"Mytilus edulis","W-Msc-140480"
144,56.5,0.57,"Mytilus edulis","W-Msc-140480"
144.5,56.5,0.04,"Mytilus edulis","W-Msc-140480"
145.5,56.5,0.28,"Mytilus edulis","W-Msc-140480"
146.5,56.5,0.2,"Mytilus edulis","W-Msc-140480"
156,56.5,0.79,"Mytilus edulis","W-Msc-140480"
156.5,56.5,0.78,"Mytilus edulis","W-Msc-140480"
163,56.5,0.75,"Mytilus edulis","W-Msc-140480"
163.5,56.5,0.78,"Mytilus edulis","W-Msc-140480"
-171,56,0.86,"Mytilus edulis","W-Msc-140480"
-170.5,56,0.91,"Mytilus edulis","W-Msc-140480"
-170,56,0.89,"Mytilus edulis","W-Msc-140480"
-169.5,56,0.89,"Mytilus edulis","W-Msc-140480"
-168.5,56,0.88,"Mytilus edulis","W-Msc-140480"
-162,56,0.18,"Mytilus edulis","W-Msc-140480"
-161.5,56,0.89,"Mytilus edulis","W-Msc-140480"
-161,56,0.88,"Mytilus edulis","W-Msc-140480"
-160.5,56,0.88,"Mytilus edulis","W-Msc-140480"
-160,56,0.93,"Mytilus edulis","W-Msc-140480"
-159.5,56,0.97,"Mytilus edulis","W-Msc-140480"
-158.5,56,0.82,"Mytilus edulis","W-Msc-140480"
-158,56,1,"Mytilus edulis","W-Msc-140480"
-157.5,56,1,"Mytilus edulis","W-Msc-140480"
-157,56,1,"Mytilus edulis","W-Msc-140480"
-156.5,56,1,"Mytilus edulis","W-Msc-140480"
-155.5,56,1,"Mytilus edulis","W-Msc-140480"
-155,56,1,"Mytilus edulis","W-Msc-140480"
-154.5,56,1,"Mytilus edulis","W-Msc-140480"
-154,56,1,"Mytilus edulis","W-Msc-140480"
-153.5,56,1,"Mytilus edulis","W-Msc-140480"
-153,56,1,"Mytilus edulis","W-Msc-140480"
-152.5,56,1,"Mytilus edulis","W-Msc-140480"
-134.5,56,1,"Mytilus edulis","W-Msc-140480"
-134,56,1,"Mytilus edulis","W-Msc-140480"
-133.5,56,1,"Mytilus edulis","W-Msc-140480"
-133,56,1,"Mytilus edulis","W-Msc-140480"
-132.5,56,0.99,"Mytilus edulis","W-Msc-140480"
-132,56,0.99,"Mytilus edulis","W-Msc-140480"
-131.5,56,0.97,"Mytilus edulis","W-Msc-140480"
-131,56,0.16,"Mytilus edulis","W-Msc-140480"
-87.5,56,0.28,"Mytilus edulis","W-Msc-140480"
-87,56,0.26,"Mytilus edulis","W-Msc-140480"
-86.5,56,0.19,"Mytilus edulis","W-Msc-140480"
-86,56,0.15,"Mytilus edulis","W-Msc-140480"
-85.5,56,0.03,"Mytilus edulis","W-Msc-140480"
-80,56,0.11,"Mytilus edulis","W-Msc-140480"
-79.5,56,0.12,"Mytilus edulis","W-Msc-140480"
-79,56,0.11,"Mytilus edulis","W-Msc-140480"
-78.5,56,0.13,"Mytilus edulis","W-Msc-140480"
-78,56,0.12,"Mytilus edulis","W-Msc-140480"
-77.5,56,0.15,"Mytilus edulis","W-Msc-140480"
-77,56,0.25,"Mytilus edulis","W-Msc-140480"
-76.5,56,0.38,"Mytilus edulis","W-Msc-140480"
-62,56,0.13,"Mytilus edulis","W-Msc-140480"
-61.5,56,0.37,"Mytilus edulis","W-Msc-140480"
-61,56,0.38,"Mytilus edulis","W-Msc-140480"
-60.5,56,0.36,"Mytilus edulis","W-Msc-140480"
-60,56,0.35,"Mytilus edulis","W-Msc-140480"
-8,56,0.38,"Mytilus edulis","W-Msc-140480"
-7.5,56,0.52,"Mytilus edulis","W-Msc-140480"
-7,56,1,"Mytilus edulis","W-Msc-140480"
-6.5,56,1,"Mytilus edulis","W-Msc-140480"
-6,56,1,"Mytilus edulis","W-Msc-140480"
-5.5,56,1,"Mytilus edulis","W-Msc-140480"
-5,56,1,"Mytilus edulis","W-Msc-140480"
-4.5,56,0.33,"Mytilus edulis","W-Msc-140480"
-3.5,56,0.33,"Mytilus edulis","W-Msc-140480"
-3,56,1,"Mytilus edulis","W-Msc-140480"
-2.5,56,0.96,"Mytilus edulis","W-Msc-140480"
-2,56,1,"Mytilus edulis","W-Msc-140480"
-1.5,56,1,"Mytilus edulis","W-Msc-140480"
-0.5,56,0.07,"Mytilus edulis","W-Msc-140480"
0,56,0.17,"Mytilus edulis","W-Msc-140480"
4,56,0.17,"Mytilus edulis","W-Msc-140480"
4.5,56,0.31,"Mytilus edulis","W-Msc-140480"
5,56,0.62,"Mytilus edulis","W-Msc-140480"
5.5,56,0.69,"Mytilus edulis","W-Msc-140480"
6,56,0.72,"Mytilus edulis","W-Msc-140480"
6.5,56,0.83,"Mytilus edulis","W-Msc-140480"
7,56,0.9,"Mytilus edulis","W-Msc-140480"
7.5,56,1,"Mytilus edulis","W-Msc-140480"
8,56,1,"Mytilus edulis","W-Msc-140480"
8.5,56,1,"Mytilus edulis","W-Msc-140480"
10.5,56,1,"Mytilus edulis","W-Msc-140480"
11,56,1,"Mytilus edulis","W-Msc-140480"
11.5,56,1,"Mytilus edulis","W-Msc-140480"
12,56,1,"Mytilus edulis","W-Msc-140480"
12.5,56,1,"Mytilus edulis","W-Msc-140480"
13,56,1,"Mytilus edulis","W-Msc-140480"
14.5,56,0.33,"Mytilus edulis","W-Msc-140480"
15,56,0.76,"Mytilus edulis","W-Msc-140480"
15.5,56,0.55,"Mytilus edulis","W-Msc-140480"
16,56,0.33,"Mytilus edulis","W-Msc-140480"
16.5,56,0.22,"Mytilus edulis","W-Msc-140480"
17,56,0.09,"Mytilus edulis","W-Msc-140480"
17.5,56,0.1,"Mytilus edulis","W-Msc-140480"
18,56,0.09,"Mytilus edulis","W-Msc-140480"
18.5,56,0.09,"Mytilus edulis","W-Msc-140480"
19,56,0.09,"Mytilus edulis","W-Msc-140480"
20,56,0.02,"Mytilus edulis","W-Msc-140480"
20.5,56,0.37,"Mytilus edulis","W-Msc-140480"
21,56,0.45,"Mytilus edulis","W-Msc-140480"
21.5,56,0.41,"Mytilus edulis","W-Msc-140480"
137.5,56,0.62,"Mytilus edulis","W-Msc-140480"
138,56,0.65,"Mytilus edulis","W-Msc-140480"
138.5,56,0.69,"Mytilus edulis","W-Msc-140480"
142,56,0.04,"Mytilus edulis","W-Msc-140480"
143.5,56,0.58,"Mytilus edulis","W-Msc-140480"
144,56,0.57,"Mytilus edulis","W-Msc-140480"
156,56,0.83,"Mytilus edulis","W-Msc-140480"
162.5,56,0.74,"Mytilus edulis","W-Msc-140480"
163,56,0.75,"Mytilus edulis","W-Msc-140480"
163.5,56,0.77,"Mytilus edulis","W-Msc-140480"
-163,55.5,0.82,"Mytilus edulis","W-Msc-140480"
-162.5,55.5,0.93,"Mytilus edulis","W-Msc-140480"
-162,55.5,0.91,"Mytilus edulis","W-Msc-140480"
-161.5,55.5,0.95,"Mytilus edulis","W-Msc-140480"
-161,55.5,0.96,"Mytilus edulis","W-Msc-140480"
-160.5,55.5,0.95,"Mytilus edulis","W-Msc-140480"
-160,55.5,1,"Mytilus edulis","W-Msc-140480"
-159.5,55.5,1,"Mytilus edulis","W-Msc-140480"
-159,55.5,1,"Mytilus edulis","W-Msc-140480"
-158.5,55.5,1,"Mytilus edulis","W-Msc-140480"
-158,55.5,1,"Mytilus edulis","W-Msc-140480"
-157.5,55.5,1,"Mytilus edulis","W-Msc-140480"
-157,55.5,1,"Mytilus edulis","W-Msc-140480"
-156.5,55.5,0.93,"Mytilus edulis","W-Msc-140480"
-155.5,55.5,1,"Mytilus edulis","W-Msc-140480"
-155,55.5,1,"Mytilus edulis","W-Msc-140480"
-134.5,55.5,1,"Mytilus edulis","W-Msc-140480"
-134,55.5,1,"Mytilus edulis","W-Msc-140480"
-133.5,55.5,0.9,"Mytilus edulis","W-Msc-140480"
-133,55.5,0.62,"Mytilus edulis","W-Msc-140480"
-132.5,55.5,0.8,"Mytilus edulis","W-Msc-140480"
-132,55.5,0.7,"Mytilus edulis","W-Msc-140480"
-131.5,55.5,0.93,"Mytilus edulis","W-Msc-140480"
-131,55.5,0.93,"Mytilus edulis","W-Msc-140480"
-130.5,55.5,0.9,"Mytilus edulis","W-Msc-140480"
-130,55.5,0.15,"Mytilus edulis","W-Msc-140480"
-129.5,55.5,0.15,"Mytilus edulis","W-Msc-140480"
-87,55.5,0.31,"Mytilus edulis","W-Msc-140480"
-86.5,55.5,0.29,"Mytilus edulis","W-Msc-140480"
-86,55.5,0.28,"Mytilus edulis","W-Msc-140480"
-85.5,55.5,0.26,"Mytilus edulis","W-Msc-140480"
-85,55.5,0.2,"Mytilus edulis","W-Msc-140480"
-84.5,55.5,0.1,"Mytilus edulis","W-Msc-140480"
-84,55.5,0.11,"Mytilus edulis","W-Msc-140480"
-83.5,55.5,0.11,"Mytilus edulis","W-Msc-140480"
-83,55.5,0.13,"Mytilus edulis","W-Msc-140480"
-82.5,55.5,0.13,"Mytilus edulis","W-Msc-140480"
-82,55.5,0.13,"Mytilus edulis","W-Msc-140480"
-81.5,55.5,0.01,"Mytilus edulis","W-Msc-140480"
-80,55.5,0.14,"Mytilus edulis","W-Msc-140480"
-79.5,55.5,0.19,"Mytilus edulis","W-Msc-140480"
-79,55.5,0.22,"Mytilus edulis","W-Msc-140480"
-78.5,55.5,0.21,"Mytilus edulis","W-Msc-140480"
-78,55.5,0.23,"Mytilus edulis","W-Msc-140480"
-77.5,55.5,0.34,"Mytilus edulis","W-Msc-140480"
-77,55.5,0.39,"Mytilus edulis","W-Msc-140480"
-76.5,55.5,0.39,"Mytilus edulis","W-Msc-140480"
-61,55.5,0.07,"Mytilus edulis","W-Msc-140480"
-60.5,55.5,0.41,"Mytilus edulis","W-Msc-140480"
-60,55.5,0.4,"Mytilus edulis","W-Msc-140480"
-59.5,55.5,0.39,"Mytilus edulis","W-Msc-140480"
-59,55.5,0.32,"Mytilus edulis","W-Msc-140480"
-9,55.5,0.23,"Mytilus edulis","W-Msc-140480"
-7,55.5,0.55,"Mytilus edulis","W-Msc-140480"
-6.5,55.5,1,"Mytilus edulis","W-Msc-140480"
-6,55.5,1,"Mytilus edulis","W-Msc-140480"
-5.5,55.5,1,"Mytilus edulis","W-Msc-140480"
-5,55.5,1,"Mytilus edulis","W-Msc-140480"
-4.5,55.5,1,"Mytilus edulis","W-Msc-140480"
-4,55.5,0.17,"Mytilus edulis","W-Msc-140480"
-3,55.5,1,"Mytilus edulis","W-Msc-140480"
-2.5,55.5,1,"Mytilus edulis","W-Msc-140480"
-2,55.5,1,"Mytilus edulis","W-Msc-140480"
-1.5,55.5,1,"Mytilus edulis","W-Msc-140480"
-1,55.5,1,"Mytilus edulis","W-Msc-140480"
-0.5,55.5,0.31,"Mytilus edulis","W-Msc-140480"
0,55.5,0.52,"Mytilus edulis","W-Msc-140480"
0.5,55.5,0.69,"Mytilus edulis","W-Msc-140480"
1,55.5,0.62,"Mytilus edulis","W-Msc-140480"
2.5,55.5,0.48,"Mytilus edulis","W-Msc-140480"
3,55.5,0.79,"Mytilus edulis","W-Msc-140480"
3.5,55.5,0.9,"Mytilus edulis","W-Msc-140480"
4,55.5,1,"Mytilus edulis","W-Msc-140480"
4.5,55.5,1,"Mytilus edulis","W-Msc-140480"
5,55.5,0.79,"Mytilus edulis","W-Msc-140480"
5.5,55.5,0.76,"Mytilus edulis","W-Msc-140480"
6,55.5,0.48,"Mytilus edulis","W-Msc-140480"
6.5,55.5,0.69,"Mytilus edulis","W-Msc-140480"
7,55.5,1,"Mytilus edulis","W-Msc-140480"
7.5,55.5,1,"Mytilus edulis","W-Msc-140480"
8,55.5,1,"Mytilus edulis","W-Msc-140480"
8.5,55.5,1,"Mytilus edulis","W-Msc-140480"
10,55.5,1,"Mytilus edulis","W-Msc-140480"
10.5,55.5,1,"Mytilus edulis","W-Msc-140480"
11,55.5,1,"Mytilus edulis","W-Msc-140480"
11.5,55.5,1,"Mytilus edulis","W-Msc-140480"
12,55.5,1,"Mytilus edulis","W-Msc-140480"
12.5,55.5,1,"Mytilus edulis","W-Msc-140480"
13,55.5,1,"Mytilus edulis","W-Msc-140480"
13.5,55.5,1,"Mytilus edulis","W-Msc-140480"
14.5,55.5,0.48,"Mytilus edulis","W-Msc-140480"
15,55.5,0.47,"Mytilus edulis","W-Msc-140480"
15.5,55.5,0.14,"Mytilus edulis","W-Msc-140480"
16,55.5,0.12,"Mytilus edulis","W-Msc-140480"
16.5,55.5,0.07,"Mytilus edulis","W-Msc-140480"
17,55.5,0.08,"Mytilus edulis","W-Msc-140480"
17.5,55.5,0.12,"Mytilus edulis","W-Msc-140480"
18,55.5,0.1,"Mytilus edulis","W-Msc-140480"
20.5,55.5,0.29,"Mytilus edulis","W-Msc-140480"
21,55.5,0.46,"Mytilus edulis","W-Msc-140480"
21.5,55.5,0.42,"Mytilus edulis","W-Msc-140480"
136.5,55.5,0.58,"Mytilus edulis","W-Msc-140480"
137,55.5,0.6,"Mytilus edulis","W-Msc-140480"
137.5,55.5,0.65,"Mytilus edulis","W-Msc-140480"
155.5,55.5,0.87,"Mytilus edulis","W-Msc-140480"
156,55.5,0.85,"Mytilus edulis","W-Msc-140480"
162,55.5,0.77,"Mytilus edulis","W-Msc-140480"
162.5,55.5,0.71,"Mytilus edulis","W-Msc-140480"
165.5,55.5,0.92,"Mytilus edulis","W-Msc-140480"
166,55.5,0.03,"Mytilus edulis","W-Msc-140480"
-164.5,55,0.03,"Mytilus edulis","W-Msc-140480"
-164,55,0.96,"Mytilus edulis","W-Msc-140480"
-163.5,55,0.95,"Mytilus edulis","W-Msc-140480"
-163,55,0.94,"Mytilus edulis","W-Msc-140480"
-162.5,55,0.94,"Mytilus edulis","W-Msc-140480"
-162,55,0.97,"Mytilus edulis","W-Msc-140480"
-161.5,55,1,"Mytilus edulis","W-Msc-140480"
-161,55,1,"Mytilus edulis","W-Msc-140480"
-160.5,55,1,"Mytilus edulis","W-Msc-140480"
-160,55,1,"Mytilus edulis","W-Msc-140480"
-159.5,55,1,"Mytilus edulis","W-Msc-140480"
-159,55,1,"Mytilus edulis","W-Msc-140480"
-158.5,55,1,"Mytilus edulis","W-Msc-140480"
-157.5,55,1,"Mytilus edulis","W-Msc-140480"
-157,55,0.45,"Mytilus edulis","W-Msc-140480"
-156.5,55,1,"Mytilus edulis","W-Msc-140480"
-133.5,55,1,"Mytilus edulis","W-Msc-140480"
-133,55,1,"Mytilus edulis","W-Msc-140480"
-132.5,55,0.97,"Mytilus edulis","W-Msc-140480"
-132,55,0.95,"Mytilus edulis","W-Msc-140480"
-131.5,55,0.91,"Mytilus edulis","W-Msc-140480"
-131,55,0.89,"Mytilus edulis","W-Msc-140480"
-130.5,55,0.88,"Mytilus edulis","W-Msc-140480"
-130,55,0.88,"Mytilus edulis","W-Msc-140480"
-129.5,55,0.9,"Mytilus edulis","W-Msc-140480"
-85,55,0.28,"Mytilus edulis","W-Msc-140480"
-84.5,55,0.27,"Mytilus edulis","W-Msc-140480"
-84,55,0.27,"Mytilus edulis","W-Msc-140480"
-83.5,55,0.26,"Mytilus edulis","W-Msc-140480"
-83,55,0.26,"Mytilus edulis","W-Msc-140480"
-82.5,55,0.27,"Mytilus edulis","W-Msc-140480"
-82,55,0.25,"Mytilus edulis","W-Msc-140480"
-81.5,55,0.18,"Mytilus edulis","W-Msc-140480"
-81,55,0.04,"Mytilus edulis","W-Msc-140480"
-80,55,0.19,"Mytilus edulis","W-Msc-140480"
-79.5,55,0.23,"Mytilus edulis","W-Msc-140480"
-79,55,0.25,"Mytilus edulis","W-Msc-140480"
-78.5,55,0.31,"Mytilus edulis","W-Msc-140480"
-78,55,0.37,"Mytilus edulis","W-Msc-140480"
-77.5,55,0.39,"Mytilus edulis","W-Msc-140480"
-77,55,0.07,"Mytilus edulis","W-Msc-140480"
-60.5,55,0.08,"Mytilus edulis","W-Msc-140480"
-60,55,0.46,"Mytilus edulis","W-Msc-140480"
-59.5,55,0.45,"Mytilus edulis","W-Msc-140480"
-59,55,0.43,"Mytilus edulis","W-Msc-140480"
-58.5,55,0.41,"Mytilus edulis","W-Msc-140480"
-58,55,0.41,"Mytilus edulis","W-Msc-140480"
-57.5,55,0.23,"Mytilus edulis","W-Msc-140480"
-9.5,55,0.96,"Mytilus edulis","W-Msc-140480"
-9,55,0.67,"Mytilus edulis","W-Msc-140480"
-8.5,55,1,"Mytilus edulis","W-Msc-140480"
-8,55,1,"Mytilus edulis","W-Msc-140480"
-7.5,55,1,"Mytilus edulis","W-Msc-140480"
-7,55,1,"Mytilus edulis","W-Msc-140480"
-6.5,55,1,"Mytilus edulis","W-Msc-140480"
-6,55,1,"Mytilus edulis","W-Msc-140480"
-5.5,55,1,"Mytilus edulis","W-Msc-140480"
-5,55,1,"Mytilus edulis","W-Msc-140480"
-4.5,55,1,"Mytilus edulis","W-Msc-140480"
-3.5,55,0.33,"Mytilus edulis","W-Msc-140480"
-3,55,0.5,"Mytilus edulis","W-Msc-140480"
-1.5,55,1,"Mytilus edulis","W-Msc-140480"
-1,55,1,"Mytilus edulis","W-Msc-140480"
0,55,0.76,"Mytilus edulis","W-Msc-140480"
0.5,55,0.69,"Mytilus edulis","W-Msc-140480"
1,55,0.62,"Mytilus edulis","W-Msc-140480"
1.5,55,1,"Mytilus edulis","W-Msc-140480"
2,55,1,"Mytilus edulis","W-Msc-140480"
2.5,55,1,"Mytilus edulis","W-Msc-140480"
3,55,1,"Mytilus edulis","W-Msc-140480"
3.5,55,1,"Mytilus edulis","W-Msc-140480"
4,55,1,"Mytilus edulis","W-Msc-140480"
4.5,55,1,"Mytilus edulis","W-Msc-140480"
5,55,0.73,"Mytilus edulis","W-Msc-140480"
5.5,55,0.65,"Mytilus edulis","W-Msc-140480"
6,55,0.67,"Mytilus edulis","W-Msc-140480"
6.5,55,0.76,"Mytilus edulis","W-Msc-140480"
7,55,1,"Mytilus edulis","W-Msc-140480"
7.5,55,1,"Mytilus edulis","W-Msc-140480"
8,55,1,"Mytilus edulis","W-Msc-140480"
8.5,55,1,"Mytilus edulis","W-Msc-140480"
9,55,1,"Mytilus edulis","W-Msc-140480"
10,55,1,"Mytilus edulis","W-Msc-140480"
10.5,55,1,"Mytilus edulis","W-Msc-140480"
11,55,1,"Mytilus edulis","W-Msc-140480"
11.5,55,1,"Mytilus edulis","W-Msc-140480"
12,55,1,"Mytilus edulis","W-Msc-140480"
12.5,55,1,"Mytilus edulis","W-Msc-140480"
13,55,0.35,"Mytilus edulis","W-Msc-140480"
13.5,55,0.14,"Mytilus edulis","W-Msc-140480"
14,55,0.1,"Mytilus edulis","W-Msc-140480"
14.5,55,0.12,"Mytilus edulis","W-Msc-140480"
15,55,0.09,"Mytilus edulis","W-Msc-140480"
15.5,55,0.06,"Mytilus edulis","W-Msc-140480"
16.5,55,0.04,"Mytilus edulis","W-Msc-140480"
17,55,0.15,"Mytilus edulis","W-Msc-140480"
17.5,55,0.18,"Mytilus edulis","W-Msc-140480"
18,55,0.28,"Mytilus edulis","W-Msc-140480"
18.5,55,0.46,"Mytilus edulis","W-Msc-140480"
19,55,0.12,"Mytilus edulis","W-Msc-140480"
20,55,0.47,"Mytilus edulis","W-Msc-140480"
20.5,55,0.46,"Mytilus edulis","W-Msc-140480"
21,55,0.44,"Mytilus edulis","W-Msc-140480"
21.5,55,0.44,"Mytilus edulis","W-Msc-140480"
135.5,55,0.55,"Mytilus edulis","W-Msc-140480"
136,55,0.56,"Mytilus edulis","W-Msc-140480"
136.5,55,0.56,"Mytilus edulis","W-Msc-140480"
137,55,0.52,"Mytilus edulis","W-Msc-140480"
137.5,55,0.51,"Mytilus edulis","W-Msc-140480"
138,55,0.51,"Mytilus edulis","W-Msc-140480"
138.5,55,0.52,"Mytilus edulis","W-Msc-140480"
139,55,0.55,"Mytilus edulis","W-Msc-140480"
139.5,55,0.55,"Mytilus edulis","W-Msc-140480"
140,55,0.15,"Mytilus edulis","W-Msc-140480"
155.5,55,0.88,"Mytilus edulis","W-Msc-140480"
156,55,0.87,"Mytilus edulis","W-Msc-140480"
162,55,0.78,"Mytilus edulis","W-Msc-140480"
162.5,55,0.85,"Mytilus edulis","W-Msc-140480"
165.5,55,0.95,"Mytilus edulis","W-Msc-140480"
166,55,0.95,"Mytilus edulis","W-Msc-140480"
166.5,55,0.94,"Mytilus edulis","W-Msc-140480"
167,55,0.19,"Mytilus edulis","W-Msc-140480"
-164.5,54.5,0.96,"Mytilus edulis","W-Msc-140480"
-164,54.5,0.99,"Mytilus edulis","W-Msc-140480"
-163.5,54.5,1,"Mytilus edulis","W-Msc-140480"
-163,54.5,1,"Mytilus edulis","W-Msc-140480"
-162.5,54.5,1,"Mytilus edulis","W-Msc-140480"
-162,54.5,1,"Mytilus edulis","W-Msc-140480"
-161.5,54.5,1,"Mytilus edulis","W-Msc-140480"
-161,54.5,1,"Mytilus edulis","W-Msc-140480"
-160.5,54.5,1,"Mytilus edulis","W-Msc-140480"
-160,54.5,1,"Mytilus edulis","W-Msc-140480"
-159.5,54.5,1,"Mytilus edulis","W-Msc-140480"
-159,54.5,1,"Mytilus edulis","W-Msc-140480"
-158.5,54.5,1,"Mytilus edulis","W-Msc-140480"
-133.5,54.5,1,"Mytilus edulis","W-Msc-140480"
-133,54.5,1,"Mytilus edulis","W-Msc-140480"
-132.5,54.5,1,"Mytilus edulis","W-Msc-140480"
-132,54.5,1,"Mytilus edulis","W-Msc-140480"
-131.5,54.5,1,"Mytilus edulis","W-Msc-140480"
-131,54.5,0.97,"Mytilus edulis","W-Msc-140480"
-130.5,54.5,0.83,"Mytilus edulis","W-Msc-140480"
-130,54.5,0.81,"Mytilus edulis","W-Msc-140480"
-129.5,54.5,0.88,"Mytilus edulis","W-Msc-140480"
-82,54.5,0.34,"Mytilus edulis","W-Msc-140480"
-81.5,54.5,0.29,"Mytilus edulis","W-Msc-140480"
-81,54.5,0.15,"Mytilus edulis","W-Msc-140480"
-80,54.5,0.1,"Mytilus edulis","W-Msc-140480"
-79.5,54.5,0.34,"Mytilus edulis","W-Msc-140480"
-79,54.5,0.35,"Mytilus edulis","W-Msc-140480"
-78.5,54.5,0.37,"Mytilus edulis","W-Msc-140480"
-59.5,54.5,0.08,"Mytilus edulis","W-Msc-140480"
-58.5,54.5,0.46,"Mytilus edulis","W-Msc-140480"
-58,54.5,0.45,"Mytilus edulis","W-Msc-140480"
-57.5,54.5,0.44,"Mytilus edulis","W-Msc-140480"
-57,54.5,0.44,"Mytilus edulis","W-Msc-140480"
-56.5,54.5,0.44,"Mytilus edulis","W-Msc-140480"
-9.5,54.5,0.98,"Mytilus edulis","W-Msc-140480"
-9,54.5,0.31,"Mytilus edulis","W-Msc-140480"
-8.5,54.5,1,"Mytilus edulis","W-Msc-140480"
-8,54.5,1,"Mytilus edulis","W-Msc-140480"
-5.5,54.5,1,"Mytilus edulis","W-Msc-140480"
-5,54.5,1,"Mytilus edulis","W-Msc-140480"
-4.5,54.5,1,"Mytilus edulis","W-Msc-140480"
-4,54.5,1,"Mytilus edulis","W-Msc-140480"
-3.5,54.5,1,"Mytilus edulis","W-Msc-140480"
-3,54.5,1,"Mytilus edulis","W-Msc-140480"
-1,54.5,1,"Mytilus edulis","W-Msc-140480"
-0.5,54.5,1,"Mytilus edulis","W-Msc-140480"
0,54.5,0.93,"Mytilus edulis","W-Msc-140480"
0.5,54.5,0.93,"Mytilus edulis","W-Msc-140480"
1,54.5,0.72,"Mytilus edulis","W-Msc-140480"
1.5,54.5,1,"Mytilus edulis","W-Msc-140480"
2,54.5,1,"Mytilus edulis","W-Msc-140480"
2.5,54.5,1,"Mytilus edulis","W-Msc-140480"
3,54.5,1,"Mytilus edulis","W-Msc-140480"
3.5,54.5,1,"Mytilus edulis","W-Msc-140480"
4,54.5,0.72,"Mytilus edulis","W-Msc-140480"
4.5,54.5,0.45,"Mytilus edulis","W-Msc-140480"
5,54.5,0.5,"Mytilus edulis","W-Msc-140480"
5.5,54.5,0.56,"Mytilus edulis","W-Msc-140480"
6,54.5,0.7,"Mytilus edulis","W-Msc-140480"
6.5,54.5,0.76,"Mytilus edulis","W-Msc-140480"
7,54.5,1,"Mytilus edulis","W-Msc-140480"
7.5,54.5,1,"Mytilus edulis","W-Msc-140480"
8,54.5,1,"Mytilus edulis","W-Msc-140480"
8.5,54.5,1,"Mytilus edulis","W-Msc-140480"
9,54.5,1,"Mytilus edulis","W-Msc-140480"
9.5,54.5,0.33,"Mytilus edulis","W-Msc-140480"
10,54.5,1,"Mytilus edulis","W-Msc-140480"
10.5,54.5,1,"Mytilus edulis","W-Msc-140480"
11,54.5,1,"Mytilus edulis","W-Msc-140480"
11.5,54.5,1,"Mytilus edulis","W-Msc-140480"
12,54.5,0.88,"Mytilus edulis","W-Msc-140480"
12.5,54.5,0.45,"Mytilus edulis","W-Msc-140480"
13,54.5,0.34,"Mytilus edulis","W-Msc-140480"
13.5,54.5,0.27,"Mytilus edulis","W-Msc-140480"
14,54.5,0.2,"Mytilus edulis","W-Msc-140480"
14.5,54.5,0.2,"Mytilus edulis","W-Msc-140480"
15,54.5,0.12,"Mytilus edulis","W-Msc-140480"
15.5,54.5,0.07,"Mytilus edulis","W-Msc-140480"
16.5,54.5,0.22,"Mytilus edulis","W-Msc-140480"
17,54.5,0.36,"Mytilus edulis","W-Msc-140480"
17.5,54.5,0.49,"Mytilus edulis","W-Msc-140480"
18,54.5,0.48,"Mytilus edulis","W-Msc-140480"
18.5,54.5,0.47,"Mytilus edulis","W-Msc-140480"
19,54.5,0.47,"Mytilus edulis","W-Msc-140480"
20,54.5,0.45,"Mytilus edulis","W-Msc-140480"
20.5,54.5,0.45,"Mytilus edulis","W-Msc-140480"
21,54.5,0.47,"Mytilus edulis","W-Msc-140480"
21.5,54.5,0.48,"Mytilus edulis","W-Msc-140480"
135.5,54.5,0.56,"Mytilus edulis","W-Msc-140480"
136,54.5,0.5,"Mytilus edulis","W-Msc-140480"
136.5,54.5,0.45,"Mytilus edulis","W-Msc-140480"
137,54.5,0.42,"Mytilus edulis","W-Msc-140480"
137.5,54.5,0.42,"Mytilus edulis","W-Msc-140480"
138,54.5,0.45,"Mytilus edulis","W-Msc-140480"
138.5,54.5,0.48,"Mytilus edulis","W-Msc-140480"
139,54.5,0.48,"Mytilus edulis","W-Msc-140480"
139.5,54.5,0.49,"Mytilus edulis","W-Msc-140480"
140,54.5,0.31,"Mytilus edulis","W-Msc-140480"
155.5,54.5,0.06,"Mytilus edulis","W-Msc-140480"
156,54.5,0.88,"Mytilus edulis","W-Msc-140480"
161,54.5,0.83,"Mytilus edulis","W-Msc-140480"
161.5,54.5,0.84,"Mytilus edulis","W-Msc-140480"
162,54.5,0.87,"Mytilus edulis","W-Msc-140480"
162.5,54.5,0.89,"Mytilus edulis","W-Msc-140480"
166.5,54.5,0.98,"Mytilus edulis","W-Msc-140480"
167,54.5,0.9,"Mytilus edulis","W-Msc-140480"
167.5,54.5,0.92,"Mytilus edulis","W-Msc-140480"
168,54.5,0.95,"Mytilus edulis","W-Msc-140480"
168.5,54.5,0.95,"Mytilus edulis","W-Msc-140480"
-166.5,54,0.98,"Mytilus edulis","W-Msc-140480"
-166,54,0.97,"Mytilus edulis","W-Msc-140480"
-165.5,54,0.96,"Mytilus edulis","W-Msc-140480"
-165,54,0.97,"Mytilus edulis","W-Msc-140480"
-164.5,54,1,"Mytilus edulis","W-Msc-140480"
-164,54,1,"Mytilus edulis","W-Msc-140480"
-163,54,1,"Mytilus edulis","W-Msc-140480"
-162.5,54,1,"Mytilus edulis","W-Msc-140480"
-162,54,1,"Mytilus edulis","W-Msc-140480"
-161.5,54,0.24,"Mytilus edulis","W-Msc-140480"
-161,54,0.03,"Mytilus edulis","W-Msc-140480"
-159.5,54,0.03,"Mytilus edulis","W-Msc-140480"
-133,54,1,"Mytilus edulis","W-Msc-140480"
-132.5,54,1,"Mytilus edulis","W-Msc-140480"
-132,54,1,"Mytilus edulis","W-Msc-140480"
-131.5,54,1,"Mytilus edulis","W-Msc-140480"
-131,54,1,"Mytilus edulis","W-Msc-140480"
-130.5,54,0.83,"Mytilus edulis","W-Msc-140480"
-130,54,0.92,"Mytilus edulis","W-Msc-140480"
-129.5,54,0.87,"Mytilus edulis","W-Msc-140480"
-128.5,54,0.15,"Mytilus edulis","W-Msc-140480"
-82,54,0.37,"Mytilus edulis","W-Msc-140480"
-81.5,54,0.32,"Mytilus edulis","W-Msc-140480"
-81,54,0.24,"Mytilus edulis","W-Msc-140480"
-80.5,54,0.23,"Mytilus edulis","W-Msc-140480"
-80,54,0.35,"Mytilus edulis","W-Msc-140480"
-79.5,54,0.38,"Mytilus edulis","W-Msc-140480"
-79,54,0.38,"Mytilus edulis","W-Msc-140480"
-78.5,54,0.06,"Mytilus edulis","W-Msc-140480"
-59,54,0.55,"Mytilus edulis","W-Msc-140480"
-58.5,54,0.54,"Mytilus edulis","W-Msc-140480"
-58,54,0.54,"Mytilus edulis","W-Msc-140480"
-57.5,54,0.56,"Mytilus edulis","W-Msc-140480"
-57,54,0.54,"Mytilus edulis","W-Msc-140480"
-56.5,54,0.51,"Mytilus edulis","W-Msc-140480"
-56,54,0.49,"Mytilus edulis","W-Msc-140480"
-10,54,0.99,"Mytilus edulis","W-Msc-140480"
-9.5,54,1,"Mytilus edulis","W-Msc-140480"
-9,54,1,"Mytilus edulis","W-Msc-140480"
-8.5,54,1,"Mytilus edulis","W-Msc-140480"
-8,54,1,"Mytilus edulis","W-Msc-140480"
-6,54,1,"Mytilus edulis","W-Msc-140480"
-5.5,54,1,"Mytilus edulis","W-Msc-140480"
-5,54,1,"Mytilus edulis","W-Msc-140480"
-4.5,54,1,"Mytilus edulis","W-Msc-140480"
-4,54,1,"Mytilus edulis","W-Msc-140480"
-3.5,54,1,"Mytilus edulis","W-Msc-140480"
-3,54,1,"Mytilus edulis","W-Msc-140480"
-2.5,54,1,"Mytilus edulis","W-Msc-140480"
-0.5,54,0.33,"Mytilus edulis","W-Msc-140480"
0,54,1,"Mytilus edulis","W-Msc-140480"
0.5,54,1,"Mytilus edulis","W-Msc-140480"
1,54,1,"Mytilus edulis","W-Msc-140480"
1.5,54,1,"Mytilus edulis","W-Msc-140480"
2,54,1,"Mytilus edulis","W-Msc-140480"
2.5,54,1,"Mytilus edulis","W-Msc-140480"
3,54,1,"Mytilus edulis","W-Msc-140480"
3.5,54,0.92,"Mytilus edulis","W-Msc-140480"
4,54,0.61,"Mytilus edulis","W-Msc-140480"
4.5,54,0.57,"Mytilus edulis","W-Msc-140480"
5,54,0.68,"Mytilus edulis","W-Msc-140480"
5.5,54,0.81,"Mytilus edulis","W-Msc-140480"
6,54,0.9,"Mytilus edulis","W-Msc-140480"
6.5,54,1,"Mytilus edulis","W-Msc-140480"
7,54,1,"Mytilus edulis","W-Msc-140480"
7.5,54,1,"Mytilus edulis","W-Msc-140480"
8,54,1,"Mytilus edulis","W-Msc-140480"
8.5,54,1,"Mytilus edulis","W-Msc-140480"
9,54,0.82,"Mytilus edulis","W-Msc-140480"
9.5,54,0.95,"Mytilus edulis","W-Msc-140480"
10,54,0.17,"Mytilus edulis","W-Msc-140480"
10.5,54,1,"Mytilus edulis","W-Msc-140480"
11,54,1,"Mytilus edulis","W-Msc-140480"
11.5,54,0.9,"Mytilus edulis","W-Msc-140480"
12,54,0.77,"Mytilus edulis","W-Msc-140480"
12.5,54,0.7,"Mytilus edulis","W-Msc-140480"
13,54,0.62,"Mytilus edulis","W-Msc-140480"
13.5,54,0.54,"Mytilus edulis","W-Msc-140480"
14,54,0.51,"Mytilus edulis","W-Msc-140480"
14.5,54,0.51,"Mytilus edulis","W-Msc-140480"
15,54,0.5,"Mytilus edulis","W-Msc-140480"
15.5,54,0.5,"Mytilus edulis","W-Msc-140480"
16,54,0.42,"Mytilus edulis","W-Msc-140480"
16.5,54,0.53,"Mytilus edulis","W-Msc-140480"
19,54,0.49,"Mytilus edulis","W-Msc-140480"
19.5,54,0.43,"Mytilus edulis","W-Msc-140480"
20,54,0.51,"Mytilus edulis","W-Msc-140480"
137,54,0.43,"Mytilus edulis","W-Msc-140480"
137.5,54,0.42,"Mytilus edulis","W-Msc-140480"
138,54,0.41,"Mytilus edulis","W-Msc-140480"
138.5,54,0.43,"Mytilus edulis","W-Msc-140480"
139,54,0.44,"Mytilus edulis","W-Msc-140480"
139.5,54,0.46,"Mytilus edulis","W-Msc-140480"
140,54,0.48,"Mytilus edulis","W-Msc-140480"
140.5,54,0.5,"Mytilus edulis","W-Msc-140480"
142.5,54,0.59,"Mytilus edulis","W-Msc-140480"
143,54,0.6,"Mytilus edulis","W-Msc-140480"
156,54,0.89,"Mytilus edulis","W-Msc-140480"
160,54,0.81,"Mytilus edulis","W-Msc-140480"
160.5,54,0.85,"Mytilus edulis","W-Msc-140480"
161,54,0.9,"Mytilus edulis","W-Msc-140480"
179.5,54,0.03,"Mytilus edulis","W-Msc-140480"
-168,53.5,0.97,"Mytilus edulis","W-Msc-140480"
-167.5,53.5,0.97,"Mytilus edulis","W-Msc-140480"
-167,53.5,0.98,"Mytilus edulis","W-Msc-140480"
-166.5,53.5,1,"Mytilus edulis","W-Msc-140480"
-166,53.5,1,"Mytilus edulis","W-Msc-140480"
-165.5,53.5,0.24,"Mytilus edulis","W-Msc-140480"
-165,53.5,0.03,"Mytilus edulis","W-Msc-140480"
-164.5,53.5,1,"Mytilus edulis","W-Msc-140480"
-164,53.5,1,"Mytilus edulis","W-Msc-140480"
-163.5,53.5,0.14,"Mytilus edulis","W-Msc-140480"
-133,53.5,1,"Mytilus edulis","W-Msc-140480"
-132.5,53.5,1,"Mytilus edulis","W-Msc-140480"
-132,53.5,1,"Mytilus edulis","W-Msc-140480"
-131.5,53.5,1,"Mytilus edulis","W-Msc-140480"
-131,53.5,1,"Mytilus edulis","W-Msc-140480"
-130.5,53.5,1,"Mytilus edulis","W-Msc-140480"
-130,53.5,1,"Mytilus edulis","W-Msc-140480"
-129.5,53.5,0.98,"Mytilus edulis","W-Msc-140480"
-129,53.5,0.91,"Mytilus edulis","W-Msc-140480"
-128.5,53.5,0.91,"Mytilus edulis","W-Msc-140480"
-128,53.5,0.15,"Mytilus edulis","W-Msc-140480"
-82,53.5,0.38,"Mytilus edulis","W-Msc-140480"
-81.5,53.5,0.35,"Mytilus edulis","W-Msc-140480"
-81,53.5,0.33,"Mytilus edulis","W-Msc-140480"
-80.5,53.5,0.34,"Mytilus edulis","W-Msc-140480"
-80,53.5,0.35,"Mytilus edulis","W-Msc-140480"
-79.5,53.5,0.37,"Mytilus edulis","W-Msc-140480"
-79,53.5,0.41,"Mytilus edulis","W-Msc-140480"
-78.5,53.5,0.07,"Mytilus edulis","W-Msc-140480"
-60,53.5,0.59,"Mytilus edulis","W-Msc-140480"
-59.5,53.5,0.62,"Mytilus edulis","W-Msc-140480"
-59,53.5,0.64,"Mytilus edulis","W-Msc-140480"
-58.5,53.5,0.62,"Mytilus edulis","W-Msc-140480"
-57,53.5,0.58,"Mytilus edulis","W-Msc-140480"
-56.5,53.5,0.57,"Mytilus edulis","W-Msc-140480"
-56,53.5,0.55,"Mytilus edulis","W-Msc-140480"
-55.5,53.5,0.53,"Mytilus edulis","W-Msc-140480"
-10,53.5,1,"Mytilus edulis","W-Msc-140480"
-9.5,53.5,1,"Mytilus edulis","W-Msc-140480"
-6,53.5,1,"Mytilus edulis","W-Msc-140480"
-5.5,53.5,1,"Mytilus edulis","W-Msc-140480"
-5,53.5,0.14,"Mytilus edulis","W-Msc-140480"
-4.5,53.5,1,"Mytilus edulis","W-Msc-140480"
-4,53.5,1,"Mytilus edulis","W-Msc-140480"
-3,53.5,1,"Mytilus edulis","W-Msc-140480"
-2.5,53.5,1,"Mytilus edulis","W-Msc-140480"
-0.5,53.5,0.17,"Mytilus edulis","W-Msc-140480"
0,53.5,1,"Mytilus edulis","W-Msc-140480"
0.5,53.5,1,"Mytilus edulis","W-Msc-140480"
1,53.5,1,"Mytilus edulis","W-Msc-140480"
1.5,53.5,1,"Mytilus edulis","W-Msc-140480"
2,53.5,1,"Mytilus edulis","W-Msc-140480"
2.5,53.5,1,"Mytilus edulis","W-Msc-140480"
3,53.5,1,"Mytilus edulis","W-Msc-140480"
3.5,53.5,1,"Mytilus edulis","W-Msc-140480"
4,53.5,1,"Mytilus edulis","W-Msc-140480"
4.5,53.5,1,"Mytilus edulis","W-Msc-140480"
5,53.5,1,"Mytilus edulis","W-Msc-140480"
5.5,53.5,1,"Mytilus edulis","W-Msc-140480"
6,53.5,1,"Mytilus edulis","W-Msc-140480"
6.5,53.5,1,"Mytilus edulis","W-Msc-140480"
7,53.5,1,"Mytilus edulis","W-Msc-140480"
7.5,53.5,1,"Mytilus edulis","W-Msc-140480"
8,53.5,1,"Mytilus edulis","W-Msc-140480"
8.5,53.5,1,"Mytilus edulis","W-Msc-140480"
9,53.5,0.87,"Mytilus edulis","W-Msc-140480"
9.5,53.5,0.73,"Mytilus edulis","W-Msc-140480"
10,53.5,0.15,"Mytilus edulis","W-Msc-140480"
11,53.5,0.17,"Mytilus edulis","W-Msc-140480"
11.5,53.5,0.5,"Mytilus edulis","W-Msc-140480"
12,53.5,0.17,"Mytilus edulis","W-Msc-140480"
14,53.5,0.6,"Mytilus edulis","W-Msc-140480"
14.5,53.5,0.48,"Mytilus edulis","W-Msc-140480"
15,53.5,0.58,"Mytilus edulis","W-Msc-140480"
137,53.5,0.45,"Mytilus edulis","W-Msc-140480"
137.5,53.5,0.45,"Mytilus edulis","W-Msc-140480"
138,53.5,0.45,"Mytilus edulis","W-Msc-140480"
138.5,53.5,0.44,"Mytilus edulis","W-Msc-140480"
139,53.5,0.47,"Mytilus edulis","W-Msc-140480"
140.5,53.5,0.49,"Mytilus edulis","W-Msc-140480"
141,53.5,0.52,"Mytilus edulis","W-Msc-140480"
141.5,53.5,0.57,"Mytilus edulis","W-Msc-140480"
142,53.5,0.59,"Mytilus edulis","W-Msc-140480"
142.5,53.5,0.6,"Mytilus edulis","W-Msc-140480"
143,53.5,0.62,"Mytilus edulis","W-Msc-140480"
143.5,53.5,0.66,"Mytilus edulis","W-Msc-140480"
144,53.5,0.31,"Mytilus edulis","W-Msc-140480"
156,53.5,0.9,"Mytilus edulis","W-Msc-140480"
156.5,53.5,0.9,"Mytilus edulis","W-Msc-140480"
160,53.5,0.77,"Mytilus edulis","W-Msc-140480"
160.5,53.5,0.94,"Mytilus edulis","W-Msc-140480"
-169.5,53,0.96,"Mytilus edulis","W-Msc-140480"
-168.5,53,0.97,"Mytilus edulis","W-Msc-140480"
-168,53,1,"Mytilus edulis","W-Msc-140480"
-167.5,53,1,"Mytilus edulis","W-Msc-140480"
-167,53,1,"Mytilus edulis","W-Msc-140480"
-166.5,53,1,"Mytilus edulis","W-Msc-140480"
-166,53,1,"Mytilus edulis","W-Msc-140480"
-132.5,53,1,"Mytilus edulis","W-Msc-140480"
-132,53,1,"Mytilus edulis","W-Msc-140480"
-131.5,53,1,"Mytilus edulis","W-Msc-140480"
-131,53,1,"Mytilus edulis","W-Msc-140480"
-130.5,53,1,"Mytilus edulis","W-Msc-140480"
-130,53,1,"Mytilus edulis","W-Msc-140480"
-129.5,53,1,"Mytilus edulis","W-Msc-140480"
-129,53,1,"Mytilus edulis","W-Msc-140480"
-128.5,53,0.32,"Mytilus edulis","W-Msc-140480"
-128,53,0.15,"Mytilus edulis","W-Msc-140480"
-82,53,0.42,"Mytilus edulis","W-Msc-140480"
-81.5,53,0.41,"Mytilus edulis","W-Msc-140480"
-81,53,0.38,"Mytilus edulis","W-Msc-140480"
-80.5,53,0.36,"Mytilus edulis","W-Msc-140480"
-80,53,0.35,"Mytilus edulis","W-Msc-140480"
-79.5,53,0.35,"Mytilus edulis","W-Msc-140480"
-79,53,0.39,"Mytilus edulis","W-Msc-140480"
-78.5,53,0.41,"Mytilus edulis","W-Msc-140480"
-60.5,53,0.11,"Mytilus edulis","W-Msc-140480"
-60,53,0.63,"Mytilus edulis","W-Msc-140480"
-59.5,53,0.66,"Mytilus edulis","W-Msc-140480"
-57,53,0.11,"Mytilus edulis","W-Msc-140480"
-56,53,0.19,"Mytilus edulis","W-Msc-140480"
-55.5,53,0.55,"Mytilus edulis","W-Msc-140480"
-10,53,1,"Mytilus edulis","W-Msc-140480"
-9.5,53,1,"Mytilus edulis","W-Msc-140480"
-9,53,1,"Mytilus edulis","W-Msc-140480"
-8.5,53,1,"Mytilus edulis","W-Msc-140480"
-6,53,1,"Mytilus edulis","W-Msc-140480"
-5.5,53,1,"Mytilus edulis","W-Msc-140480"
-5,53,0.1,"Mytilus edulis","W-Msc-140480"
-4.5,53,1,"Mytilus edulis","W-Msc-140480"
-4,53,1,"Mytilus edulis","W-Msc-140480"
-3.5,53,1,"Mytilus edulis","W-Msc-140480"
-3,53,1,"Mytilus edulis","W-Msc-140480"
-2.5,53,1,"Mytilus edulis","W-Msc-140480"
0.5,53,1,"Mytilus edulis","W-Msc-140480"
1,53,1,"Mytilus edulis","W-Msc-140480"
1.5,53,1,"Mytilus edulis","W-Msc-140480"
2,53,1,"Mytilus edulis","W-Msc-140480"
2.5,53,1,"Mytilus edulis","W-Msc-140480"
3,53,1,"Mytilus edulis","W-Msc-140480"
3.5,53,1,"Mytilus edulis","W-Msc-140480"
4,53,1,"Mytilus edulis","W-Msc-140480"
4.5,53,1,"Mytilus edulis","W-Msc-140480"
5,53,1,"Mytilus edulis","W-Msc-140480"
5.5,53,0.98,"Mytilus edulis","W-Msc-140480"
6,53,1,"Mytilus edulis","W-Msc-140480"
6.5,53,1,"Mytilus edulis","W-Msc-140480"
7,53,1,"Mytilus edulis","W-Msc-140480"
7.5,53,0.99,"Mytilus edulis","W-Msc-140480"
8.5,53,0.89,"Mytilus edulis","W-Msc-140480"
9,53,0.14,"Mytilus edulis","W-Msc-140480"
141,53,0.53,"Mytilus edulis","W-Msc-140480"
141.5,53,0.51,"Mytilus edulis","W-Msc-140480"
142,53,0.51,"Mytilus edulis","W-Msc-140480"
142.5,53,0.62,"Mytilus edulis","W-Msc-140480"
143,53,0.43,"Mytilus edulis","W-Msc-140480"
143.5,53,0.68,"Mytilus edulis","W-Msc-140480"
144,53,0.65,"Mytilus edulis","W-Msc-140480"
154,53,0.96,"Mytilus edulis","W-Msc-140480"
154.5,53,0.86,"Mytilus edulis","W-Msc-140480"
155,53,0.95,"Mytilus edulis","W-Msc-140480"
155.5,53,0.22,"Mytilus edulis","W-Msc-140480"
156,53,0.89,"Mytilus edulis","W-Msc-140480"
156.5,53,0.9,"Mytilus edulis","W-Msc-140480"
158.5,53,0.84,"Mytilus edulis","W-Msc-140480"
159,53,0.82,"Mytilus edulis","W-Msc-140480"
159.5,53,0.82,"Mytilus edulis","W-Msc-140480"
160,53,0.9,"Mytilus edulis","W-Msc-140480"
160.5,53,0.94,"Mytilus edulis","W-Msc-140480"
171,53,1,"Mytilus edulis","W-Msc-140480"
171.5,53,1,"Mytilus edulis","W-Msc-140480"
173,53,1,"Mytilus edulis","W-Msc-140480"
173.5,53,1,"Mytilus edulis","W-Msc-140480"
-171,52.5,0.96,"Mytilus edulis","W-Msc-140480"
-170.5,52.5,0.96,"Mytilus edulis","W-Msc-140480"
-170,52.5,0.97,"Mytilus edulis","W-Msc-140480"
-169.5,52.5,0.98,"Mytilus edulis","W-Msc-140480"
-169,52.5,1,"Mytilus edulis","W-Msc-140480"
-168.5,52.5,1,"Mytilus edulis","W-Msc-140480"
-168,52.5,1,"Mytilus edulis","W-Msc-140480"
-132,52.5,1,"Mytilus edulis","W-Msc-140480"
-131.5,52.5,1,"Mytilus edulis","W-Msc-140480"
-131,52.5,1,"Mytilus edulis","W-Msc-140480"
-130.5,52.5,1,"Mytilus edulis","W-Msc-140480"
-129.5,52.5,1,"Mytilus edulis","W-Msc-140480"
-129,52.5,1,"Mytilus edulis","W-Msc-140480"
-128.5,52.5,1,"Mytilus edulis","W-Msc-140480"
-128,52.5,1,"Mytilus edulis","W-Msc-140480"
-127.5,52.5,0.16,"Mytilus edulis","W-Msc-140480"
-127,52.5,0.15,"Mytilus edulis","W-Msc-140480"
-82,52.5,0.47,"Mytilus edulis","W-Msc-140480"
-81.5,52.5,0.55,"Mytilus edulis","W-Msc-140480"
-81,52.5,0.52,"Mytilus edulis","W-Msc-140480"
-80.5,52.5,0.42,"Mytilus edulis","W-Msc-140480"
-80,52.5,0.37,"Mytilus edulis","W-Msc-140480"
-79.5,52.5,0.37,"Mytilus edulis","W-Msc-140480"
-79,52.5,0.4,"Mytilus edulis","W-Msc-140480"
-78.5,52.5,0.42,"Mytilus edulis","W-Msc-140480"
-56,52.5,0.1,"Mytilus edulis","W-Msc-140480"
-55.5,52.5,0.6,"Mytilus edulis","W-Msc-140480"
-10,52.5,0.59,"Mytilus edulis","W-Msc-140480"
-9.5,52.5,1,"Mytilus edulis","W-Msc-140480"
-9,52.5,1,"Mytilus edulis","W-Msc-140480"
-8.5,52.5,0.17,"Mytilus edulis","W-Msc-140480"
-6,52.5,1,"Mytilus edulis","W-Msc-140480"
-5.5,52.5,1,"Mytilus edulis","W-Msc-140480"
-5,52.5,0.03,"Mytilus edulis","W-Msc-140480"
-4.5,52.5,1,"Mytilus edulis","W-Msc-140480"
-4,52.5,1,"Mytilus edulis","W-Msc-140480"
-3.5,52.5,0.17,"Mytilus edulis","W-Msc-140480"
0.5,52.5,0.89,"Mytilus edulis","W-Msc-140480"
1,52.5,1,"Mytilus edulis","W-Msc-140480"
1.5,52.5,1,"Mytilus edulis","W-Msc-140480"
2,52.5,1,"Mytilus edulis","W-Msc-140480"
2.5,52.5,1,"Mytilus edulis","W-Msc-140480"
3,52.5,1,"Mytilus edulis","W-Msc-140480"
3.5,52.5,1,"Mytilus edulis","W-Msc-140480"
4,52.5,1,"Mytilus edulis","W-Msc-140480"
4.5,52.5,1,"Mytilus edulis","W-Msc-140480"
5,52.5,0.96,"Mytilus edulis","W-Msc-140480"
5.5,52.5,1,"Mytilus edulis","W-Msc-140480"
6,52.5,0.92,"Mytilus edulis","W-Msc-140480"
6.5,52.5,0.15,"Mytilus edulis","W-Msc-140480"
141,52.5,0.61,"Mytilus edulis","W-Msc-140480"
141.5,52.5,0.51,"Mytilus edulis","W-Msc-140480"
142,52.5,0.49,"Mytilus edulis","W-Msc-140480"
143.5,52.5,0.66,"Mytilus edulis","W-Msc-140480"
144,52.5,0.65,"Mytilus edulis","W-Msc-140480"
155,52.5,0.07,"Mytilus edulis","W-Msc-140480"
156,52.5,0.89,"Mytilus edulis","W-Msc-140480"
156.5,52.5,0.89,"Mytilus edulis","W-Msc-140480"
158.5,52.5,0.28,"Mytilus edulis","W-Msc-140480"
159,52.5,0.82,"Mytilus edulis","W-Msc-140480"
172.5,52.5,1,"Mytilus edulis","W-Msc-140480"
173,52.5,1,"Mytilus edulis","W-Msc-140480"
173.5,52.5,1,"Mytilus edulis","W-Msc-140480"
174,52.5,1,"Mytilus edulis","W-Msc-140480"
174.5,52.5,1,"Mytilus edulis","W-Msc-140480"
-179.5,52,0.94,"Mytilus edulis","W-Msc-140480"
-176.5,52,0.98,"Mytilus edulis","W-Msc-140480"
-176,52,0.98,"Mytilus edulis","W-Msc-140480"
-175.5,52,0.98,"Mytilus edulis","W-Msc-140480"
-175,52,0.98,"Mytilus edulis","W-Msc-140480"
-174.5,52,0.98,"Mytilus edulis","W-Msc-140480"
-174,52,0.99,"Mytilus edulis","W-Msc-140480"
-173.5,52,0.98,"Mytilus edulis","W-Msc-140480"
-173,52,0.98,"Mytilus edulis","W-Msc-140480"
-172.5,52,0.97,"Mytilus edulis","W-Msc-140480"
-172,52,0.97,"Mytilus edulis","W-Msc-140480"
-171,52,1,"Mytilus edulis","W-Msc-140480"
-131.5,52,1,"Mytilus edulis","W-Msc-140480"
-131,52,1,"Mytilus edulis","W-Msc-140480"
-130.5,52,1,"Mytilus edulis","W-Msc-140480"
-129,52,1,"Mytilus edulis","W-Msc-140480"
-128.5,52,1,"Mytilus edulis","W-Msc-140480"
-128,52,1,"Mytilus edulis","W-Msc-140480"
-127.5,52,0.95,"Mytilus edulis","W-Msc-140480"
-127,52,0.15,"Mytilus edulis","W-Msc-140480"
-81.5,52,0.49,"Mytilus edulis","W-Msc-140480"
-81,52,0.48,"Mytilus edulis","W-Msc-140480"
-80.5,52,0.42,"Mytilus edulis","W-Msc-140480"
-80,52,0.4,"Mytilus edulis","W-Msc-140480"
-79.5,52,0.41,"Mytilus edulis","W-Msc-140480"
-79,52,0.42,"Mytilus edulis","W-Msc-140480"
-78.5,52,0.44,"Mytilus edulis","W-Msc-140480"
-78,52,0.47,"Mytilus edulis","W-Msc-140480"
-56,52,0.11,"Mytilus edulis","W-Msc-140480"
-55.5,52,0.62,"Mytilus edulis","W-Msc-140480"
-55,52,0.6,"Mytilus edulis","W-Msc-140480"
-10.5,52,1,"Mytilus edulis","W-Msc-140480"
-10,52,1,"Mytilus edulis","W-Msc-140480"
-9.5,52,1,"Mytilus edulis","W-Msc-140480"
-7.5,52,1,"Mytilus edulis","W-Msc-140480"
-7,52,1,"Mytilus edulis","W-Msc-140480"
-6.5,52,1,"Mytilus edulis","W-Msc-140480"
-6,52,1,"Mytilus edulis","W-Msc-140480"
-5.5,52,0.34,"Mytilus edulis","W-Msc-140480"
-5,52,1,"Mytilus edulis","W-Msc-140480"
-4.5,52,1,"Mytilus edulis","W-Msc-140480"
-4,52,1,"Mytilus edulis","W-Msc-140480"
1.5,52,1,"Mytilus edulis","W-Msc-140480"
2,52,1,"Mytilus edulis","W-Msc-140480"
2.5,52,1,"Mytilus edulis","W-Msc-140480"
3,52,1,"Mytilus edulis","W-Msc-140480"
3.5,52,1,"Mytilus edulis","W-Msc-140480"
4,52,0.93,"Mytilus edulis","W-Msc-140480"
4.5,52,0.71,"Mytilus edulis","W-Msc-140480"
5,52,0.79,"Mytilus edulis","W-Msc-140480"
5.5,52,0.78,"Mytilus edulis","W-Msc-140480"
6,52,0.71,"Mytilus edulis","W-Msc-140480"
141.5,52,0.52,"Mytilus edulis","W-Msc-140480"
142,52,0.58,"Mytilus edulis","W-Msc-140480"
143.5,52,0.68,"Mytilus edulis","W-Msc-140480"
156.5,52,0.88,"Mytilus edulis","W-Msc-140480"
157,52,0.15,"Mytilus edulis","W-Msc-140480"
158.5,52,0.86,"Mytilus edulis","W-Msc-140480"
159,52,0.9,"Mytilus edulis","W-Msc-140480"
173.5,52,1,"Mytilus edulis","W-Msc-140480"
174,52,1,"Mytilus edulis","W-Msc-140480"
176,52,0.97,"Mytilus edulis","W-Msc-140480"
176.5,52,0.97,"Mytilus edulis","W-Msc-140480"
177,52,0.97,"Mytilus edulis","W-Msc-140480"
177.5,52,0.97,"Mytilus edulis","W-Msc-140480"
178,52,0.97,"Mytilus edulis","W-Msc-140480"
178.5,52,0.96,"Mytilus edulis","W-Msc-140480"
179,52,0.95,"Mytilus edulis","W-Msc-140480"
179.5,52,0.94,"Mytilus edulis","W-Msc-140480"
-179,51.5,0.59,"Mytilus edulis","W-Msc-140480"
-178.5,51.5,0.95,"Mytilus edulis","W-Msc-140480"
-178,51.5,0.96,"Mytilus edulis","W-Msc-140480"
-177.5,51.5,0.97,"Mytilus edulis","W-Msc-140480"
-177,51.5,0.97,"Mytilus edulis","W-Msc-140480"
-176.5,51.5,0.99,"Mytilus edulis","W-Msc-140480"
-176,51.5,0.99,"Mytilus edulis","W-Msc-140480"
-175.5,51.5,0.99,"Mytilus edulis","W-Msc-140480"
-175,51.5,1,"Mytilus edulis","W-Msc-140480"
-174.5,51.5,1,"Mytilus edulis","W-Msc-140480"
-174,51.5,1,"Mytilus edulis","W-Msc-140480"
-173,51.5,1,"Mytilus edulis","W-Msc-140480"
-172.5,51.5,0.76,"Mytilus edulis","W-Msc-140480"
-131,51.5,1,"Mytilus edulis","W-Msc-140480"
-130.5,51.5,1,"Mytilus edulis","W-Msc-140480"
-129,51.5,0.45,"Mytilus edulis","W-Msc-140480"
-128.5,51.5,0.86,"Mytilus edulis","W-Msc-140480"
-128,51.5,1,"Mytilus edulis","W-Msc-140480"
-127.5,51.5,0.98,"Mytilus edulis","W-Msc-140480"
-127,51.5,0.32,"Mytilus edulis","W-Msc-140480"
-80.5,51.5,0.5,"Mytilus edulis","W-Msc-140480"
-80,51.5,0.48,"Mytilus edulis","W-Msc-140480"
-79.5,51.5,0.47,"Mytilus edulis","W-Msc-140480"
-79,51.5,0.5,"Mytilus edulis","W-Msc-140480"
-78.5,51.5,0.47,"Mytilus edulis","W-Msc-140480"
-57,51.5,0.53,"Mytilus edulis","W-Msc-140480"
-56.5,51.5,0.75,"Mytilus edulis","W-Msc-140480"
-56,51.5,0.68,"Mytilus edulis","W-Msc-140480"
-55.5,51.5,0.66,"Mytilus edulis","W-Msc-140480"
-55,51.5,0.64,"Mytilus edulis","W-Msc-140480"
-10.5,51.5,0.41,"Mytilus edulis","W-Msc-140480"
-10,51.5,1,"Mytilus edulis","W-Msc-140480"
-9.5,51.5,1,"Mytilus edulis","W-Msc-140480"
-9,51.5,1,"Mytilus edulis","W-Msc-140480"
-8.5,51.5,1,"Mytilus edulis","W-Msc-140480"
-8,51.5,1,"Mytilus edulis","W-Msc-140480"
-7.5,51.5,1,"Mytilus edulis","W-Msc-140480"
-7,51.5,0.52,"Mytilus edulis","W-Msc-140480"
-6.5,51.5,0.34,"Mytilus edulis","W-Msc-140480"
-6,51.5,0.14,"Mytilus edulis","W-Msc-140480"
-5.5,51.5,0.52,"Mytilus edulis","W-Msc-140480"
-5,51.5,1,"Mytilus edulis","W-Msc-140480"
-4.5,51.5,1,"Mytilus edulis","W-Msc-140480"
-4,51.5,1,"Mytilus edulis","W-Msc-140480"
-3.5,51.5,0.97,"Mytilus edulis","W-Msc-140480"
-3,51.5,0.98,"Mytilus edulis","W-Msc-140480"
-2.5,51.5,1,"Mytilus edulis","W-Msc-140480"
-2,51.5,0.17,"Mytilus edulis","W-Msc-140480"
1,51.5,1,"Mytilus edulis","W-Msc-140480"
1.5,51.5,1,"Mytilus edulis","W-Msc-140480"
2,51.5,1,"Mytilus edulis","W-Msc-140480"
2.5,51.5,1,"Mytilus edulis","W-Msc-140480"
3,51.5,1,"Mytilus edulis","W-Msc-140480"
3.5,51.5,0.98,"Mytilus edulis","W-Msc-140480"
4,51.5,0.86,"Mytilus edulis","W-Msc-140480"
4.5,51.5,0.78,"Mytilus edulis","W-Msc-140480"
5,51.5,0.8,"Mytilus edulis","W-Msc-140480"
141,51.5,0.84,"Mytilus edulis","W-Msc-140480"
141.5,51.5,0.72,"Mytilus edulis","W-Msc-140480"
142,51.5,0.66,"Mytilus edulis","W-Msc-140480"
142.5,51.5,0.77,"Mytilus edulis","W-Msc-140480"
143.5,51.5,0.68,"Mytilus edulis","W-Msc-140480"
144,51.5,0.41,"Mytilus edulis","W-Msc-140480"
156.5,51.5,0.89,"Mytilus edulis","W-Msc-140480"
157,51.5,0.87,"Mytilus edulis","W-Msc-140480"
158,51.5,0.86,"Mytilus edulis","W-Msc-140480"
158.5,51.5,0.86,"Mytilus edulis","W-Msc-140480"
159,51.5,0.91,"Mytilus edulis","W-Msc-140480"
176,51.5,0.97,"Mytilus edulis","W-Msc-140480"
176.5,51.5,0.63,"Mytilus edulis","W-Msc-140480"
177.5,51.5,0.96,"Mytilus edulis","W-Msc-140480"
178,51.5,0.95,"Mytilus edulis","W-Msc-140480"
178.5,51.5,0.94,"Mytilus edulis","W-Msc-140480"
179,51.5,0.93,"Mytilus edulis","W-Msc-140480"
179.5,51.5,0.93,"Mytilus edulis","W-Msc-140480"
-179,51,0.98,"Mytilus edulis","W-Msc-140480"
-178.5,51,0.99,"Mytilus edulis","W-Msc-140480"
-178,51,0.72,"Mytilus edulis","W-Msc-140480"
-128,51,1,"Mytilus edulis","W-Msc-140480"
-127.5,51,1,"Mytilus edulis","W-Msc-140480"
-127,51,0.97,"Mytilus edulis","W-Msc-140480"
-126.5,51,0.16,"Mytilus edulis","W-Msc-140480"
-125.5,51,0.15,"Mytilus edulis","W-Msc-140480"
-80.5,51,0.09,"Mytilus edulis","W-Msc-140480"
-80,51,0.34,"Mytilus edulis","W-Msc-140480"
-79.5,51,0.27,"Mytilus edulis","W-Msc-140480"
-79,51,0.07,"Mytilus edulis","W-Msc-140480"
-78.5,51,0.5,"Mytilus edulis","W-Msc-140480"
-58.5,51,0.88,"Mytilus edulis","W-Msc-140480"
-58,51,0.9,"Mytilus edulis","W-Msc-140480"
-57.5,51,0.89,"Mytilus edulis","W-Msc-140480"
-57,51,0.86,"Mytilus edulis","W-Msc-140480"
-56.5,51,0.8,"Mytilus edulis","W-Msc-140480"
-56,51,0.75,"Mytilus edulis","W-Msc-140480"
-55.5,51,0.74,"Mytilus edulis","W-Msc-140480"
-55,51,0.7,"Mytilus edulis","W-Msc-140480"
-9.5,51,1,"Mytilus edulis","W-Msc-140480"
-9,51,1,"Mytilus edulis","W-Msc-140480"
-5,51,0.24,"Mytilus edulis","W-Msc-140480"
-4.5,51,1,"Mytilus edulis","W-Msc-140480"
-4,51,0.97,"Mytilus edulis","W-Msc-140480"
-3.5,51,0.75,"Mytilus edulis","W-Msc-140480"
-3,51,0.93,"Mytilus edulis","W-Msc-140480"
-2.5,51,1,"Mytilus edulis","W-Msc-140480"
0.5,51,0.17,"Mytilus edulis","W-Msc-140480"
1,51,1,"Mytilus edulis","W-Msc-140480"
1.5,51,1,"Mytilus edulis","W-Msc-140480"
2,51,1,"Mytilus edulis","W-Msc-140480"
2.5,51,1,"Mytilus edulis","W-Msc-140480"
3,51,1,"Mytilus edulis","W-Msc-140480"
3.5,51,1,"Mytilus edulis","W-Msc-140480"
4,51,0.93,"Mytilus edulis","W-Msc-140480"
4.5,51,0.89,"Mytilus edulis","W-Msc-140480"
141,51,0.92,"Mytilus edulis","W-Msc-140480"
141.5,51,0.86,"Mytilus edulis","W-Msc-140480"
142,51,0.83,"Mytilus edulis","W-Msc-140480"
142.5,51,0.81,"Mytilus edulis","W-Msc-140480"
143.5,51,0.7,"Mytilus edulis","W-Msc-140480"
144,51,0.66,"Mytilus edulis","W-Msc-140480"
157,51,0.85,"Mytilus edulis","W-Msc-140480"
157.5,51,0.82,"Mytilus edulis","W-Msc-140480"
158,51,0.86,"Mytilus edulis","W-Msc-140480"
179.5,51,0.96,"Mytilus edulis","W-Msc-140480"
-129,50.5,1,"Mytilus edulis","W-Msc-140480"
-128.5,50.5,1,"Mytilus edulis","W-Msc-140480"
-128,50.5,1,"Mytilus edulis","W-Msc-140480"
-127.5,50.5,0.97,"Mytilus edulis","W-Msc-140480"
-127,50.5,0.95,"Mytilus edulis","W-Msc-140480"
-126.5,50.5,0.92,"Mytilus edulis","W-Msc-140480"
-126,50.5,0.93,"Mytilus edulis","W-Msc-140480"
-125.5,50.5,0.15,"Mytilus edulis","W-Msc-140480"
-125,50.5,0.15,"Mytilus edulis","W-Msc-140480"
-124.5,50.5,0.16,"Mytilus edulis","W-Msc-140480"
-59.5,50.5,0.91,"Mytilus edulis","W-Msc-140480"
-59,50.5,0.91,"Mytilus edulis","W-Msc-140480"
-58.5,50.5,0.91,"Mytilus edulis","W-Msc-140480"
-57.5,50.5,0.2,"Mytilus edulis","W-Msc-140480"
-57,50.5,0.96,"Mytilus edulis","W-Msc-140480"
-56.5,50.5,0.87,"Mytilus edulis","W-Msc-140480"
-56,50.5,0.78,"Mytilus edulis","W-Msc-140480"
-55.5,50.5,0.77,"Mytilus edulis","W-Msc-140480"
-55,50.5,0.74,"Mytilus edulis","W-Msc-140480"
-5,50.5,1,"Mytilus edulis","W-Msc-140480"
-4.5,50.5,1,"Mytilus edulis","W-Msc-140480"
-3,50.5,1,"Mytilus edulis","W-Msc-140480"
-2.5,50.5,1,"Mytilus edulis","W-Msc-140480"
-2,50.5,1,"Mytilus edulis","W-Msc-140480"
-1.5,50.5,1,"Mytilus edulis","W-Msc-140480"
-1,50.5,1,"Mytilus edulis","W-Msc-140480"
-0.5,50.5,1,"Mytilus edulis","W-Msc-140480"
0,50.5,1,"Mytilus edulis","W-Msc-140480"
0.5,50.5,1,"Mytilus edulis","W-Msc-140480"
1,50.5,1,"Mytilus edulis","W-Msc-140480"
1.5,50.5,1,"Mytilus edulis","W-Msc-140480"
2,50.5,1,"Mytilus edulis","W-Msc-140480"
140.5,50.5,0.91,"Mytilus edulis","W-Msc-140480"
141,50.5,0.94,"Mytilus edulis","W-Msc-140480"
141.5,50.5,0.55,"Mytilus edulis","W-Msc-140480"
142.5,50.5,0.83,"Mytilus edulis","W-Msc-140480"
144,50.5,0.65,"Mytilus edulis","W-Msc-140480"
156,50.5,0.83,"Mytilus edulis","W-Msc-140480"
156.5,50.5,0.81,"Mytilus edulis","W-Msc-140480"
157,50.5,0.8,"Mytilus edulis","W-Msc-140480"
-128,50,1,"Mytilus edulis","W-Msc-140480"
-127.5,50,1,"Mytilus edulis","W-Msc-140480"
-127,50,0.96,"Mytilus edulis","W-Msc-140480"
-126,50,0.94,"Mytilus edulis","W-Msc-140480"
-125.5,50,0.91,"Mytilus edulis","W-Msc-140480"
-125,50,0.86,"Mytilus edulis","W-Msc-140480"
-124.5,50,0.88,"Mytilus edulis","W-Msc-140480"
-124,50,0.17,"Mytilus edulis","W-Msc-140480"
-123.5,50,0.17,"Mytilus edulis","W-Msc-140480"
-66.5,50,0.94,"Mytilus edulis","W-Msc-140480"
-66,50,0.93,"Mytilus edulis","W-Msc-140480"
-65.5,50,0.93,"Mytilus edulis","W-Msc-140480"
-65,50,0.92,"Mytilus edulis","W-Msc-140480"
-64.5,50,0.92,"Mytilus edulis","W-Msc-140480"
-64,50,0.91,"Mytilus edulis","W-Msc-140480"
-63.5,50,0.92,"Mytilus edulis","W-Msc-140480"
-63,50,0.96,"Mytilus edulis","W-Msc-140480"
-62.5,50,0.97,"Mytilus edulis","W-Msc-140480"
-62,50,1,"Mytilus edulis","W-Msc-140480"
-61.5,50,0.99,"Mytilus edulis","W-Msc-140480"
-61,50,0.98,"Mytilus edulis","W-Msc-140480"
-60.5,50,0.97,"Mytilus edulis","W-Msc-140480"
-60,50,0.96,"Mytilus edulis","W-Msc-140480"
-59.5,50,0.94,"Mytilus edulis","W-Msc-140480"
-59,50,0.95,"Mytilus edulis","W-Msc-140480"
-58.5,50,0.03,"Mytilus edulis","W-Msc-140480"
-57.5,50,1,"Mytilus edulis","W-Msc-140480"
-57,50,0.98,"Mytilus edulis","W-Msc-140480"
-56.5,50,0.9,"Mytilus edulis","W-Msc-140480"
-56,50,0.84,"Mytilus edulis","W-Msc-140480"
-55.5,50,0.83,"Mytilus edulis","W-Msc-140480"
-55,50,0.81,"Mytilus edulis","W-Msc-140480"
-9,50,0.37,"Mytilus edulis","W-Msc-140480"
-6,50,1,"Mytilus edulis","W-Msc-140480"
-5.5,50,1,"Mytilus edulis","W-Msc-140480"
-5,50,1,"Mytilus edulis","W-Msc-140480"
-4.5,50,1,"Mytilus edulis","W-Msc-140480"
-4,50,1,"Mytilus edulis","W-Msc-140480"
-3.5,50,1,"Mytilus edulis","W-Msc-140480"
-3,50,1,"Mytilus edulis","W-Msc-140480"
-2.5,50,0.93,"Mytilus edulis","W-Msc-140480"
-2,50,1,"Mytilus edulis","W-Msc-140480"
-1.5,50,1,"Mytilus edulis","W-Msc-140480"
-1,50,1,"Mytilus edulis","W-Msc-140480"
-0.5,50,0.9,"Mytilus edulis","W-Msc-140480"
0,50,0.69,"Mytilus edulis","W-Msc-140480"
0.5,50,0.76,"Mytilus edulis","W-Msc-140480"
1,50,0.86,"Mytilus edulis","W-Msc-140480"
1.5,50,0.99,"Mytilus edulis","W-Msc-140480"
2,50,1,"Mytilus edulis","W-Msc-140480"
140.5,50,0.31,"Mytilus edulis","W-Msc-140480"
141,50,0.93,"Mytilus edulis","W-Msc-140480"
142.5,50,0.87,"Mytilus edulis","W-Msc-140480"
144,50,0.66,"Mytilus edulis","W-Msc-140480"
144.5,50,0.65,"Mytilus edulis","W-Msc-140480"
155.5,50,0.82,"Mytilus edulis","W-Msc-140480"
156,50,0.83,"Mytilus edulis","W-Msc-140480"
156.5,50,0.83,"Mytilus edulis","W-Msc-140480"
157,50,0.84,"Mytilus edulis","W-Msc-140480"
-127,49.5,0.95,"Mytilus edulis","W-Msc-140480"
-126.5,49.5,0.97,"Mytilus edulis","W-Msc-140480"
-126,49.5,0.16,"Mytilus edulis","W-Msc-140480"
-125,49.5,0.98,"Mytilus edulis","W-Msc-140480"
-124.5,49.5,1,"Mytilus edulis","W-Msc-140480"
-124,49.5,1,"Mytilus edulis","W-Msc-140480"
-123.5,49.5,1,"Mytilus edulis","W-Msc-140480"
-123,49.5,0.17,"Mytilus edulis","W-Msc-140480"
-67,49.5,0.96,"Mytilus edulis","W-Msc-140480"
-66.5,49.5,0.95,"Mytilus edulis","W-Msc-140480"
-64.5,49.5,0.7,"Mytilus edulis","W-Msc-140480"
-64,49.5,0.99,"Mytilus edulis","W-Msc-140480"
-63.5,49.5,0.99,"Mytilus edulis","W-Msc-140480"
-63,49.5,0.95,"Mytilus edulis","W-Msc-140480"
-62.5,49.5,0.98,"Mytilus edulis","W-Msc-140480"
-62,49.5,1,"Mytilus edulis","W-Msc-140480"
-58,49.5,1,"Mytilus edulis","W-Msc-140480"
-57.5,49.5,1,"Mytilus edulis","W-Msc-140480"
-56.5,49.5,0.89,"Mytilus edulis","W-Msc-140480"
-56,49.5,0.91,"Mytilus edulis","W-Msc-140480"
-55.5,49.5,0.93,"Mytilus edulis","W-Msc-140480"
-55,49.5,0.93,"Mytilus edulis","W-Msc-140480"
-54.5,49.5,0.92,"Mytilus edulis","W-Msc-140480"
-54,49.5,0.92,"Mytilus edulis","W-Msc-140480"
-53.5,49.5,0.9,"Mytilus edulis","W-Msc-140480"
-53,49.5,0.86,"Mytilus edulis","W-Msc-140480"
-10.5,49.5,0.67,"Mytilus edulis","W-Msc-140480"
-10,49.5,0.94,"Mytilus edulis","W-Msc-140480"
-9,49.5,0.96,"Mytilus edulis","W-Msc-140480"
-8.5,49.5,0.71,"Mytilus edulis","W-Msc-140480"
-6,49.5,0.99,"Mytilus edulis","W-Msc-140480"
-5,49.5,1,"Mytilus edulis","W-Msc-140480"
-2.5,49.5,0.45,"Mytilus edulis","W-Msc-140480"
-2,49.5,0.5,"Mytilus edulis","W-Msc-140480"
-1.5,49.5,0.51,"Mytilus edulis","W-Msc-140480"
-1,49.5,0.62,"Mytilus edulis","W-Msc-140480"
-0.5,49.5,0.81,"Mytilus edulis","W-Msc-140480"
0,49.5,1,"Mytilus edulis","W-Msc-140480"
0.5,49.5,1,"Mytilus edulis","W-Msc-140480"
1,49.5,1,"Mytilus edulis","W-Msc-140480"
1.5,49.5,1,"Mytilus edulis","W-Msc-140480"
140.5,49.5,0.95,"Mytilus edulis","W-Msc-140480"
141,49.5,0.92,"Mytilus edulis","W-Msc-140480"
142.5,49.5,0.9,"Mytilus edulis","W-Msc-140480"
144.5,49.5,0.64,"Mytilus edulis","W-Msc-140480"
145,49.5,0.65,"Mytilus edulis","W-Msc-140480"
145.5,49.5,0.67,"Mytilus edulis","W-Msc-140480"
154.5,49.5,0.82,"Mytilus edulis","W-Msc-140480"
155,49.5,0.79,"Mytilus edulis","W-Msc-140480"
155.5,49.5,0.79,"Mytilus edulis","W-Msc-140480"
156,49.5,0.81,"Mytilus edulis","W-Msc-140480"
156.5,49.5,0.85,"Mytilus edulis","W-Msc-140480"
-126.5,49,1,"Mytilus edulis","W-Msc-140480"
-126,49,1,"Mytilus edulis","W-Msc-140480"
-125.5,49,1,"Mytilus edulis","W-Msc-140480"
-125,49,0.33,"Mytilus edulis","W-Msc-140480"
-124.5,49,1,"Mytilus edulis","W-Msc-140480"
-124,49,1,"Mytilus edulis","W-Msc-140480"
-123.5,49,1,"Mytilus edulis","W-Msc-140480"
-123,49,0.94,"Mytilus edulis","W-Msc-140480"
-122.5,49,1,"Mytilus edulis","W-Msc-140480"
-68.5,49,0.78,"Mytilus edulis","W-Msc-140480"
-68,49,0.84,"Mytilus edulis","W-Msc-140480"
-67.5,49,0.92,"Mytilus edulis","W-Msc-140480"
-67,49,0.93,"Mytilus edulis","W-Msc-140480"
-66.5,49,0.89,"Mytilus edulis","W-Msc-140480"
-66,49,0.9,"Mytilus edulis","W-Msc-140480"
-65.5,49,0.91,"Mytilus edulis","W-Msc-140480"
-65,49,0.93,"Mytilus edulis","W-Msc-140480"
-64.5,49,0.97,"Mytilus edulis","W-Msc-140480"
-64,49,0.99,"Mytilus edulis","W-Msc-140480"
-63.5,49,1,"Mytilus edulis","W-Msc-140480"
-63,49,1,"Mytilus edulis","W-Msc-140480"
-62.5,49,1,"Mytilus edulis","W-Msc-140480"
-62,49,1,"Mytilus edulis","W-Msc-140480"
-61.5,49,1,"Mytilus edulis","W-Msc-140480"
-61,49,0.76,"Mytilus edulis","W-Msc-140480"
-59,49,0.03,"Mytilus edulis","W-Msc-140480"
-58.5,49,1,"Mytilus edulis","W-Msc-140480"
-58,49,1,"Mytilus edulis","W-Msc-140480"
-57.5,49,0.17,"Mytilus edulis","W-Msc-140480"
-56,49,0.16,"Mytilus edulis","W-Msc-140480"
-55.5,49,0.16,"Mytilus edulis","W-Msc-140480"
-55,49,0.66,"Mytilus edulis","W-Msc-140480"
-54.5,49,0.97,"Mytilus edulis","W-Msc-140480"
-54,49,0.96,"Mytilus edulis","W-Msc-140480"
-53.5,49,0.96,"Mytilus edulis","W-Msc-140480"
-53,49,0.92,"Mytilus edulis","W-Msc-140480"
-10.5,49,0.76,"Mytilus edulis","W-Msc-140480"
-10,49,0.93,"Mytilus edulis","W-Msc-140480"
-8.5,49,0.95,"Mytilus edulis","W-Msc-140480"
-3.5,49,0.56,"Mytilus edulis","W-Msc-140480"
-3,49,0.6,"Mytilus edulis","W-Msc-140480"
-2.5,49,0.42,"Mytilus edulis","W-Msc-140480"
-2,49,0.69,"Mytilus edulis","W-Msc-140480"
-1.5,49,1,"Mytilus edulis","W-Msc-140480"
-1,49,1,"Mytilus edulis","W-Msc-140480"
-0.5,49,1,"Mytilus edulis","W-Msc-140480"
0,49,1,"Mytilus edulis","W-Msc-140480"
0.5,49,1,"Mytilus edulis","W-Msc-140480"
140.5,49,0.97,"Mytilus edulis","W-Msc-140480"
141,49,0.96,"Mytilus edulis","W-Msc-140480"
142,49,0.92,"Mytilus edulis","W-Msc-140480"
142.5,49,0.94,"Mytilus edulis","W-Msc-140480"
143,49,0.95,"Mytilus edulis","W-Msc-140480"
143.5,49,0.98,"Mytilus edulis","W-Msc-140480"
144,49,0.95,"Mytilus edulis","W-Msc-140480"
144.5,49,0.77,"Mytilus edulis","W-Msc-140480"
145,49,0.69,"Mytilus edulis","W-Msc-140480"
154,49,0.82,"Mytilus edulis","W-Msc-140480"
155,49,0.76,"Mytilus edulis","W-Msc-140480"
-125.5,48.5,1,"Mytilus edulis","W-Msc-140480"
-125,48.5,1,"Mytilus edulis","W-Msc-140480"
-124.5,48.5,1,"Mytilus edulis","W-Msc-140480"
-124,48.5,1,"Mytilus edulis","W-Msc-140480"
-123.5,48.5,1,"Mytilus edulis","W-Msc-140480"
-123,48.5,1,"Mytilus edulis","W-Msc-140480"
-122.5,48.5,1,"Mytilus edulis","W-Msc-140480"
-122,48.5,0.86,"Mytilus edulis","W-Msc-140480"
-69,48.5,0.74,"Mytilus edulis","W-Msc-140480"
-68.5,48.5,0.77,"Mytilus edulis","W-Msc-140480"
-68,48.5,0.8,"Mytilus edulis","W-Msc-140480"
-67.5,48.5,0.82,"Mytilus edulis","W-Msc-140480"
-67,48.5,0.89,"Mytilus edulis","W-Msc-140480"
-64,48.5,0.99,"Mytilus edulis","W-Msc-140480"
-63.5,48.5,0.45,"Mytilus edulis","W-Msc-140480"
-59,48.5,1,"Mytilus edulis","W-Msc-140480"
-58.5,48.5,1,"Mytilus edulis","W-Msc-140480"
-58,48.5,1,"Mytilus edulis","W-Msc-140480"
-54,48.5,0.17,"Mytilus edulis","W-Msc-140480"
-53.5,48.5,1,"Mytilus edulis","W-Msc-140480"
-53,48.5,0.97,"Mytilus edulis","W-Msc-140480"
-52.5,48.5,0.92,"Mytilus edulis","W-Msc-140480"
-8,48.5,0.19,"Mytilus edulis","W-Msc-140480"
-5,48.5,0.92,"Mytilus edulis","W-Msc-140480"
-4.5,48.5,1,"Mytilus edulis","W-Msc-140480"
-4,48.5,1,"Mytilus edulis","W-Msc-140480"
-3.5,48.5,1,"Mytilus edulis","W-Msc-140480"
-3,48.5,1,"Mytilus edulis","W-Msc-140480"
-2.5,48.5,1,"Mytilus edulis","W-Msc-140480"
-2,48.5,1,"Mytilus edulis","W-Msc-140480"
-1.5,48.5,1,"Mytilus edulis","W-Msc-140480"
-1,48.5,1,"Mytilus edulis","W-Msc-140480"
140.5,48.5,1,"Mytilus edulis","W-Msc-140480"
141,48.5,0.03,"Mytilus edulis","W-Msc-140480"
142,48.5,0.96,"Mytilus edulis","W-Msc-140480"
142.5,48.5,0.96,"Mytilus edulis","W-Msc-140480"
143,48.5,0.97,"Mytilus edulis","W-Msc-140480"
143.5,48.5,0.97,"Mytilus edulis","W-Msc-140480"
144.5,48.5,0.88,"Mytilus edulis","W-Msc-140480"
145,48.5,0.77,"Mytilus edulis","W-Msc-140480"
154,48.5,0.79,"Mytilus edulis","W-Msc-140480"
154.5,48.5,0.76,"Mytilus edulis","W-Msc-140480"
155,48.5,0.24,"Mytilus edulis","W-Msc-140480"
-124.5,48,1,"Mytilus edulis","W-Msc-140480"
-124,48,1,"Mytilus edulis","W-Msc-140480"
-123.5,48,1,"Mytilus edulis","W-Msc-140480"
-123,48,1,"Mytilus edulis","W-Msc-140480"
-122.5,48,0.88,"Mytilus edulis","W-Msc-140480"
-122,48,0.79,"Mytilus edulis","W-Msc-140480"
-69.5,48,0.75,"Mytilus edulis","W-Msc-140480"
-69,48,0.65,"Mytilus edulis","W-Msc-140480"
-68.5,48,0.75,"Mytilus edulis","W-Msc-140480"
-66.5,48,0.31,"Mytilus edulis","W-Msc-140480"
-66,48,0.95,"Mytilus edulis","W-Msc-140480"
-65.5,48,0.96,"Mytilus edulis","W-Msc-140480"
-65,48,0.98,"Mytilus edulis","W-Msc-140480"
-64.5,48,1,"Mytilus edulis","W-Msc-140480"
-64,48,1,"Mytilus edulis","W-Msc-140480"
-63.5,48,0.17,"Mytilus edulis","W-Msc-140480"
-63,48,0.76,"Mytilus edulis","W-Msc-140480"
-61.5,48,0.03,"Mytilus edulis","W-Msc-140480"
-61,48,0.03,"Mytilus edulis","W-Msc-140480"
-59,48,1,"Mytilus edulis","W-Msc-140480"
-58.5,48,1,"Mytilus edulis","W-Msc-140480"
-58,48,1,"Mytilus edulis","W-Msc-140480"
-54,48,0.17,"Mytilus edulis","W-Msc-140480"
-53.5,48,1,"Mytilus edulis","W-Msc-140480"
-53,48,1,"Mytilus edulis","W-Msc-140480"
-52.5,48,0.97,"Mytilus edulis","W-Msc-140480"
-6.5,48,0.94,"Mytilus edulis","W-Msc-140480"
-6,48,0.46,"Mytilus edulis","W-Msc-140480"
-5,48,1,"Mytilus edulis","W-Msc-140480"
-4.5,48,1,"Mytilus edulis","W-Msc-140480"
-4,48,1,"Mytilus edulis","W-Msc-140480"
140,48,1,"Mytilus edulis","W-Msc-140480"
140.5,48,1,"Mytilus edulis","W-Msc-140480"
141,48,0.14,"Mytilus edulis","W-Msc-140480"
142.5,48,0.99,"Mytilus edulis","W-Msc-140480"
143,48,0.97,"Mytilus edulis","W-Msc-140480"
153.5,48,0.8,"Mytilus edulis","W-Msc-140480"
154,48,0.78,"Mytilus edulis","W-Msc-140480"
155,48,0.69,"Mytilus edulis","W-Msc-140480"
-124.5,47.5,0.9,"Mytilus edulis","W-Msc-140480"
-124,47.5,0.86,"Mytilus edulis","W-Msc-140480"
-123,47.5,0.1,"Mytilus edulis","W-Msc-140480"
-122.5,47.5,0.42,"Mytilus edulis","W-Msc-140480"
-122,47.5,0.71,"Mytilus edulis","W-Msc-140480"
-70,47.5,0.72,"Mytilus edulis","W-Msc-140480"
-69.5,47.5,0.71,"Mytilus edulis","W-Msc-140480"
-69,47.5,0.76,"Mytilus edulis","W-Msc-140480"
-66,47.5,0.97,"Mytilus edulis","W-Msc-140480"
-65.5,47.5,0.99,"Mytilus edulis","W-Msc-140480"
-65,47.5,0.99,"Mytilus edulis","W-Msc-140480"
-64.5,47.5,0.99,"Mytilus edulis","W-Msc-140480"
-64,47.5,1,"Mytilus edulis","W-Msc-140480"
-63.5,47.5,1,"Mytilus edulis","W-Msc-140480"
-63,47.5,0.55,"Mytilus edulis","W-Msc-140480"
-62.5,47.5,0.48,"Mytilus edulis","W-Msc-140480"
-62,47.5,1,"Mytilus edulis","W-Msc-140480"
-61.5,47.5,1,"Mytilus edulis","W-Msc-140480"
-61,47.5,1,"Mytilus edulis","W-Msc-140480"
-60.5,47.5,0.9,"Mytilus edulis","W-Msc-140480"
-59,47.5,1,"Mytilus edulis","W-Msc-140480"
-58.5,47.5,1,"Mytilus edulis","W-Msc-140480"
-58,47.5,1,"Mytilus edulis","W-Msc-140480"
-57.5,47.5,1,"Mytilus edulis","W-Msc-140480"
-57,47.5,1,"Mytilus edulis","W-Msc-140480"
-56.5,47.5,1,"Mytilus edulis","W-Msc-140480"
-56,47.5,1,"Mytilus edulis","W-Msc-140480"
-55.5,47.5,1,"Mytilus edulis","W-Msc-140480"
-55,47.5,1,"Mytilus edulis","W-Msc-140480"
-54.5,47.5,1,"Mytilus edulis","W-Msc-140480"
-54,47.5,1,"Mytilus edulis","W-Msc-140480"
-53.5,47.5,1,"Mytilus edulis","W-Msc-140480"
-53,47.5,1,"Mytilus edulis","W-Msc-140480"
-52.5,47.5,1,"Mytilus edulis","W-Msc-140480"
-5,47.5,0.17,"Mytilus edulis","W-Msc-140480"
-4.5,47.5,1,"Mytilus edulis","W-Msc-140480"
-4,47.5,1,"Mytilus edulis","W-Msc-140480"
-3.5,47.5,1,"Mytilus edulis","W-Msc-140480"
-3,47.5,1,"Mytilus edulis","W-Msc-140480"
-2.5,47.5,1,"Mytilus edulis","W-Msc-140480"
-2,47.5,0.61,"Mytilus edulis","W-Msc-140480"
139.5,47.5,1,"Mytilus edulis","W-Msc-140480"
140,47.5,1,"Mytilus edulis","W-Msc-140480"
142,47.5,0.66,"Mytilus edulis","W-Msc-140480"
142.5,47.5,0.99,"Mytilus edulis","W-Msc-140480"
143,47.5,0.95,"Mytilus edulis","W-Msc-140480"
153,47.5,0.82,"Mytilus edulis","W-Msc-140480"
153.5,47.5,0.81,"Mytilus edulis","W-Msc-140480"
-124.5,47,0.91,"Mytilus edulis","W-Msc-140480"
-124,47,0.63,"Mytilus edulis","W-Msc-140480"
-123,47,0.07,"Mytilus edulis","W-Msc-140480"
-122.5,47,0.14,"Mytilus edulis","W-Msc-140480"
-122,47,0.64,"Mytilus edulis","W-Msc-140480"
-70.5,47,0.74,"Mytilus edulis","W-Msc-140480"
-70,47,0.71,"Mytilus edulis","W-Msc-140480"
-65,47,1,"Mytilus edulis","W-Msc-140480"
-64.5,47,1,"Mytilus edulis","W-Msc-140480"
-64,47,1,"Mytilus edulis","W-Msc-140480"
-63.5,47,1,"Mytilus edulis","W-Msc-140480"
-63,47,0.52,"Mytilus edulis","W-Msc-140480"
-62.5,47,0.45,"Mytilus edulis","W-Msc-140480"
-62,47,1,"Mytilus edulis","W-Msc-140480"
-61.5,47,1,"Mytilus edulis","W-Msc-140480"
-61,47,1,"Mytilus edulis","W-Msc-140480"
-60.5,47,1,"Mytilus edulis","W-Msc-140480"
-60,47,1,"Mytilus edulis","W-Msc-140480"
-57,47,0.1,"Mytilus edulis","W-Msc-140480"
-56,47,1,"Mytilus edulis","W-Msc-140480"
-55.5,47,1,"Mytilus edulis","W-Msc-140480"
-55,47,1,"Mytilus edulis","W-Msc-140480"
-54.5,47,1,"Mytilus edulis","W-Msc-140480"
-54,47,1,"Mytilus edulis","W-Msc-140480"
-53.5,47,1,"Mytilus edulis","W-Msc-140480"
-53,47,0.33,"Mytilus edulis","W-Msc-140480"
-52.5,47,1,"Mytilus edulis","W-Msc-140480"
-3,47,1,"Mytilus edulis","W-Msc-140480"
-2.5,47,0.97,"Mytilus edulis","W-Msc-140480"
-2,47,0.68,"Mytilus edulis","W-Msc-140480"
-1.5,47,1,"Mytilus edulis","W-Msc-140480"
37.5,47,0.67,"Mytilus edulis","W-Msc-140480"
38,47,1,"Mytilus edulis","W-Msc-140480"
38.5,47,1,"Mytilus edulis","W-Msc-140480"
39,47,1,"Mytilus edulis","W-Msc-140480"
39.5,47,1,"Mytilus edulis","W-Msc-140480"
139,47,1,"Mytilus edulis","W-Msc-140480"
139.5,47,1,"Mytilus edulis","W-Msc-140480"
142,47,1,"Mytilus edulis","W-Msc-140480"
142.5,47,1,"Mytilus edulis","W-Msc-140480"
143,47,0.96,"Mytilus edulis","W-Msc-140480"
143.5,47,0.91,"Mytilus edulis","W-Msc-140480"
152.5,47,0.84,"Mytilus edulis","W-Msc-140480"
153,47,0.84,"Mytilus edulis","W-Msc-140480"
-124,46.5,0.46,"Mytilus edulis","W-Msc-140480"
-123.5,46.5,0.36,"Mytilus edulis","W-Msc-140480"
-71,46.5,0.13,"Mytilus edulis","W-Msc-140480"
-70.5,46.5,0.76,"Mytilus edulis","W-Msc-140480"
-64.5,46.5,1,"Mytilus edulis","W-Msc-140480"
-64,46.5,1,"Mytilus edulis","W-Msc-140480"
-63.5,46.5,1,"Mytilus edulis","W-Msc-140480"
-63,46.5,1,"Mytilus edulis","W-Msc-140480"
-62.5,46.5,1,"Mytilus edulis","W-Msc-140480"
-62,46.5,1,"Mytilus edulis","W-Msc-140480"
-61.5,46.5,1,"Mytilus edulis","W-Msc-140480"
-61,46.5,1,"Mytilus edulis","W-Msc-140480"
-60.5,46.5,1,"Mytilus edulis","W-Msc-140480"
-60,46.5,1,"Mytilus edulis","W-Msc-140480"
-59.5,46.5,0.14,"Mytilus edulis","W-Msc-140480"
-57,46.5,1,"Mytilus edulis","W-Msc-140480"
-56.5,46.5,0.93,"Mytilus edulis","W-Msc-140480"
-56,46.5,1,"Mytilus edulis","W-Msc-140480"
-55.5,46.5,1,"Mytilus edulis","W-Msc-140480"
-55,46.5,1,"Mytilus edulis","W-Msc-140480"
-54,46.5,1,"Mytilus edulis","W-Msc-140480"
-53.5,46.5,1,"Mytilus edulis","W-Msc-140480"
-53,46.5,1,"Mytilus edulis","W-Msc-140480"
-52.5,46.5,1,"Mytilus edulis","W-Msc-140480"
-4.5,46.5,0.94,"Mytilus edulis","W-Msc-140480"
-2.5,46.5,1,"Mytilus edulis","W-Msc-140480"
-2,46.5,1,"Mytilus edulis","W-Msc-140480"
-1.5,46.5,1,"Mytilus edulis","W-Msc-140480"
31,46.5,1,"Mytilus edulis","W-Msc-140480"
31.5,46.5,1,"Mytilus edulis","W-Msc-140480"
32,46.5,1,"Mytilus edulis","W-Msc-140480"
32.5,46.5,1,"Mytilus edulis","W-Msc-140480"
35.5,46.5,0.33,"Mytilus edulis","W-Msc-140480"
36,46.5,1,"Mytilus edulis","W-Msc-140480"
36.5,46.5,1,"Mytilus edulis","W-Msc-140480"
37,46.5,1,"Mytilus edulis","W-Msc-140480"
37.5,46.5,1,"Mytilus edulis","W-Msc-140480"
38,46.5,1,"Mytilus edulis","W-Msc-140480"
38.5,46.5,1,"Mytilus edulis","W-Msc-140480"
39,46.5,1,"Mytilus edulis","W-Msc-140480"
138.5,46.5,1,"Mytilus edulis","W-Msc-140480"
139,46.5,1,"Mytilus edulis","W-Msc-140480"
142,46.5,1,"Mytilus edulis","W-Msc-140480"
142.5,46.5,1,"Mytilus edulis","W-Msc-140480"
143,46.5,0.98,"Mytilus edulis","W-Msc-140480"
143.5,46.5,0.94,"Mytilus edulis","W-Msc-140480"
144,46.5,0.92,"Mytilus edulis","W-Msc-140480"
151,46.5,0.91,"Mytilus edulis","W-Msc-140480"
152,46.5,0.86,"Mytilus edulis","W-Msc-140480"
152.5,46.5,0.89,"Mytilus edulis","W-Msc-140480"
-124,46,0.27,"Mytilus edulis","W-Msc-140480"
-123.5,46,0.21,"Mytilus edulis","W-Msc-140480"
-123,46,0.07,"Mytilus edulis","W-Msc-140480"
-64.5,46,1,"Mytilus edulis","W-Msc-140480"
-64,46,0.99,"Mytilus edulis","W-Msc-140480"
-63.5,46,0.99,"Mytilus edulis","W-Msc-140480"
-63,46,0.99,"Mytilus edulis","W-Msc-140480"
-62.5,46,0.99,"Mytilus edulis","W-Msc-140480"
-62,46,1,"Mytilus edulis","W-Msc-140480"
-61.5,46,1,"Mytilus edulis","W-Msc-140480"
-61,46,1,"Mytilus edulis","W-Msc-140480"
-60.5,46,1,"Mytilus edulis","W-Msc-140480"
-60,46,1,"Mytilus edulis","W-Msc-140480"
-59.5,46,1,"Mytilus edulis","W-Msc-140480"
-59,46,0.72,"Mytilus edulis","W-Msc-140480"
-57,46,0.66,"Mytilus edulis","W-Msc-140480"
-56.5,46,0.97,"Mytilus edulis","W-Msc-140480"
-56,46,0.48,"Mytilus edulis","W-Msc-140480"
-55.5,46,0.28,"Mytilus edulis","W-Msc-140480"
-53,46,0.17,"Mytilus edulis","W-Msc-140480"
-50.5,46,0.28,"Mytilus edulis","W-Msc-140480"
-4,46,0.38,"Mytilus edulis","W-Msc-140480"
-3.5,46,0.96,"Mytilus edulis","W-Msc-140480"
-2.5,46,0.59,"Mytilus edulis","W-Msc-140480"
-2,46,1,"Mytilus edulis","W-Msc-140480"
-1.5,46,1,"Mytilus edulis","W-Msc-140480"
-1,46,1,"Mytilus edulis","W-Msc-140480"
30.5,46,1,"Mytilus edulis","W-Msc-140480"
31,46,1,"Mytilus edulis","W-Msc-140480"
31.5,46,1,"Mytilus edulis","W-Msc-140480"
32,46,1,"Mytilus edulis","W-Msc-140480"
32.5,46,1,"Mytilus edulis","W-Msc-140480"
33,46,1,"Mytilus edulis","W-Msc-140480"
33.5,46,1,"Mytilus edulis","W-Msc-140480"
34,46,1,"Mytilus edulis","W-Msc-140480"
35,46,1,"Mytilus edulis","W-Msc-140480"
35.5,46,1,"Mytilus edulis","W-Msc-140480"
36,46,1,"Mytilus edulis","W-Msc-140480"
36.5,46,1,"Mytilus edulis","W-Msc-140480"
37,46,1,"Mytilus edulis","W-Msc-140480"
37.5,46,1,"Mytilus edulis","W-Msc-140480"
38,46,1,"Mytilus edulis","W-Msc-140480"
38.5,46,1,"Mytilus edulis","W-Msc-140480"
39,46,1,"Mytilus edulis","W-Msc-140480"
138,46,1,"Mytilus edulis","W-Msc-140480"
138.5,46,1,"Mytilus edulis","W-Msc-140480"
141.5,46,1,"Mytilus edulis","W-Msc-140480"
142,46,1,"Mytilus edulis","W-Msc-140480"
142.5,46,1,"Mytilus edulis","W-Msc-140480"
143,46,1,"Mytilus edulis","W-Msc-140480"
143.5,46,1,"Mytilus edulis","W-Msc-140480"
144,46,0.95,"Mytilus edulis","W-Msc-140480"
150,46,1,"Mytilus edulis","W-Msc-140480"
150.5,46,0.94,"Mytilus edulis","W-Msc-140480"
151,46,0.91,"Mytilus edulis","W-Msc-140480"
-124,45.5,0.48,"Mytilus edulis","W-Msc-140480"
-123.5,45.5,0.42,"Mytilus edulis","W-Msc-140480"
-65,45.5,1,"Mytilus edulis","W-Msc-140480"
-64.5,45.5,1,"Mytilus edulis","W-Msc-140480"
-64,45.5,1,"Mytilus edulis","W-Msc-140480"
-63.5,45.5,1,"Mytilus edulis","W-Msc-140480"
-63,45.5,0.98,"Mytilus edulis","W-Msc-140480"
-62.5,45.5,0.98,"Mytilus edulis","W-Msc-140480"
-62,45.5,0.99,"Mytilus edulis","W-Msc-140480"
-61.5,45.5,0.99,"Mytilus edulis","W-Msc-140480"
-61,45.5,1,"Mytilus edulis","W-Msc-140480"
-60.5,45.5,1,"Mytilus edulis","W-Msc-140480"
-60,45.5,1,"Mytilus edulis","W-Msc-140480"
-59.5,45.5,1,"Mytilus edulis","W-Msc-140480"
-59,45.5,0.52,"Mytilus edulis","W-Msc-140480"
-56.5,45.5,0.69,"Mytilus edulis","W-Msc-140480"
-56,45.5,0.79,"Mytilus edulis","W-Msc-140480"
-55.5,45.5,1,"Mytilus edulis","W-Msc-140480"
-55,45.5,0.14,"Mytilus edulis","W-Msc-140480"
-54.5,45.5,0.21,"Mytilus edulis","W-Msc-140480"
-53,45.5,0.97,"Mytilus edulis","W-Msc-140480"
-52.5,45.5,0.86,"Mytilus edulis","W-Msc-140480"
-52,45.5,0.41,"Mytilus edulis","W-Msc-140480"
-51,45.5,1,"Mytilus edulis","W-Msc-140480"
-50.5,45.5,1,"Mytilus edulis","W-Msc-140480"
-49.5,45.5,0.45,"Mytilus edulis","W-Msc-140480"
-49,45.5,0.55,"Mytilus edulis","W-Msc-140480"
-48.5,45.5,0.28,"Mytilus edulis","W-Msc-140480"
-3.5,45.5,0.93,"Mytilus edulis","W-Msc-140480"
-3,45.5,0.96,"Mytilus edulis","W-Msc-140480"
-1.5,45.5,1,"Mytilus edulis","W-Msc-140480"
-1,45.5,1,"Mytilus edulis","W-Msc-140480"
-0.5,45.5,0.83,"Mytilus edulis","W-Msc-140480"
12.5,45.5,0.09,"Mytilus edulis","W-Msc-140480"
13,45.5,0.63,"Mytilus edulis","W-Msc-140480"
13.5,45.5,0.87,"Mytilus edulis","W-Msc-140480"
14,45.5,0.9,"Mytilus edulis","W-Msc-140480"
30,45.5,0.53,"Mytilus edulis","W-Msc-140480"
30.5,45.5,0.93,"Mytilus edulis","W-Msc-140480"
31,45.5,1,"Mytilus edulis","W-Msc-140480"
31.5,45.5,1,"Mytilus edulis","W-Msc-140480"
32,45.5,1,"Mytilus edulis","W-Msc-140480"
32.5,45.5,1,"Mytilus edulis","W-Msc-140480"
33,45.5,1,"Mytilus edulis","W-Msc-140480"
33.5,45.5,1,"Mytilus edulis","W-Msc-140480"
34,45.5,1,"Mytilus edulis","W-Msc-140480"
35,45.5,1,"Mytilus edulis","W-Msc-140480"
35.5,45.5,1,"Mytilus edulis","W-Msc-140480"
36,45.5,1,"Mytilus edulis","W-Msc-140480"
36.5,45.5,1,"Mytilus edulis","W-Msc-140480"
37,45.5,1,"Mytilus edulis","W-Msc-140480"
37.5,45.5,1,"Mytilus edulis","W-Msc-140480"
38,45.5,1,"Mytilus edulis","W-Msc-140480"
137.5,45.5,1,"Mytilus edulis","W-Msc-140480"
138,45.5,1,"Mytilus edulis","W-Msc-140480"
141.5,45.5,1,"Mytilus edulis","W-Msc-140480"
142,45.5,1,"Mytilus edulis","W-Msc-140480"
142.5,45.5,1,"Mytilus edulis","W-Msc-140480"
143,45.5,1,"Mytilus edulis","W-Msc-140480"
143.5,45.5,1,"Mytilus edulis","W-Msc-140480"
144,45.5,0.98,"Mytilus edulis","W-Msc-140480"
149,45.5,1,"Mytilus edulis","W-Msc-140480"
149.5,45.5,1,"Mytilus edulis","W-Msc-140480"
150,45.5,0.97,"Mytilus edulis","W-Msc-140480"
150.5,45.5,0.94,"Mytilus edulis","W-Msc-140480"
-124,45,0.44,"Mytilus edulis","W-Msc-140480"
-123.5,45,0.48,"Mytilus edulis","W-Msc-140480"
-67,45,1,"Mytilus edulis","W-Msc-140480"
-66.5,45,1,"Mytilus edulis","W-Msc-140480"
-66,45,1,"Mytilus edulis","W-Msc-140480"
-65.5,45,1,"Mytilus edulis","W-Msc-140480"
-65,45,1,"Mytilus edulis","W-Msc-140480"
-64.5,45,1,"Mytilus edulis","W-Msc-140480"
-64,45,1,"Mytilus edulis","W-Msc-140480"
-63.5,45,1,"Mytilus edulis","W-Msc-140480"
-63,45,0.17,"Mytilus edulis","W-Msc-140480"
-61.5,45,1,"Mytilus edulis","W-Msc-140480"
-61,45,1,"Mytilus edulis","W-Msc-140480"
-60.5,45,1,"Mytilus edulis","W-Msc-140480"
-60,45,0.07,"Mytilus edulis","W-Msc-140480"
-58,45,0.03,"Mytilus edulis","W-Msc-140480"
-57.5,45,0.55,"Mytilus edulis","W-Msc-140480"
-57,45,0.03,"Mytilus edulis","W-Msc-140480"
-56,45,0.38,"Mytilus edulis","W-Msc-140480"
-55.5,45,0.52,"Mytilus edulis","W-Msc-140480"
-54.5,45,0.1,"Mytilus edulis","W-Msc-140480"
-53.5,45,0.24,"Mytilus edulis","W-Msc-140480"
-53,45,0.45,"Mytilus edulis","W-Msc-140480"
-51.5,45,1,"Mytilus edulis","W-Msc-140480"
-51,45,1,"Mytilus edulis","W-Msc-140480"
-50.5,45,1,"Mytilus edulis","W-Msc-140480"
-50,45,0.9,"Mytilus edulis","W-Msc-140480"
-49.5,45,0.31,"Mytilus edulis","W-Msc-140480"
-2.5,45,0.96,"Mytilus edulis","W-Msc-140480"
-2,45,0.96,"Mytilus edulis","W-Msc-140480"
-1.5,45,0.17,"Mytilus edulis","W-Msc-140480"
-1,45,1,"Mytilus edulis","W-Msc-140480"
-0.5,45,1,"Mytilus edulis","W-Msc-140480"
12.5,45,0.16,"Mytilus edulis","W-Msc-140480"
13,45,0.63,"Mytilus edulis","W-Msc-140480"
13.5,45,0.85,"Mytilus edulis","W-Msc-140480"
14,45,0.76,"Mytilus edulis","W-Msc-140480"
14.5,45,0.53,"Mytilus edulis","W-Msc-140480"
15,45,0.77,"Mytilus edulis","W-Msc-140480"
29.5,45,0.1,"Mytilus edulis","W-Msc-140480"
30,45,0.08,"Mytilus edulis","W-Msc-140480"
30.5,45,0.84,"Mytilus edulis","W-Msc-140480"
31,45,1,"Mytilus edulis","W-Msc-140480"
31.5,45,0.59,"Mytilus edulis","W-Msc-140480"
32,45,0.29,"Mytilus edulis","W-Msc-140480"
32.5,45,0.19,"Mytilus edulis","W-Msc-140480"
33,45,0.34,"Mytilus edulis","W-Msc-140480"
33.5,45,0.28,"Mytilus edulis","W-Msc-140480"
34,45,0.74,"Mytilus edulis","W-Msc-140480"
35.5,45,0.97,"Mytilus edulis","W-Msc-140480"
36,45,1,"Mytilus edulis","W-Msc-140480"
36.5,45,1,"Mytilus edulis","W-Msc-140480"
37,45,1,"Mytilus edulis","W-Msc-140480"
37.5,45,1,"Mytilus edulis","W-Msc-140480"
38,45,0.99,"Mytilus edulis","W-Msc-140480"
137,45,1,"Mytilus edulis","W-Msc-140480"
137.5,45,1,"Mytilus edulis","W-Msc-140480"
141.5,45,1,"Mytilus edulis","W-Msc-140480"
142,45,1,"Mytilus edulis","W-Msc-140480"
142.5,45,1,"Mytilus edulis","W-Msc-140480"
143,45,1,"Mytilus edulis","W-Msc-140480"
148,45,1,"Mytilus edulis","W-Msc-140480"
148.5,45,1,"Mytilus edulis","W-Msc-140480"
149,45,1,"Mytilus edulis","W-Msc-140480"
149.5,45,1,"Mytilus edulis","W-Msc-140480"
-124,44.5,0.66,"Mytilus edulis","W-Msc-140480"
-68.5,44.5,0.33,"Mytilus edulis","W-Msc-140480"
-68,44.5,0.33,"Mytilus edulis","W-Msc-140480"
-67.5,44.5,0.33,"Mytilus edulis","W-Msc-140480"
-67,44.5,1,"Mytilus edulis","W-Msc-140480"
-66.5,44.5,1,"Mytilus edulis","W-Msc-140480"
-66,44.5,1,"Mytilus edulis","W-Msc-140480"
-65.5,44.5,1,"Mytilus edulis","W-Msc-140480"
-65,44.5,1,"Mytilus edulis","W-Msc-140480"
-64,44.5,1,"Mytilus edulis","W-Msc-140480"
-63.5,44.5,1,"Mytilus edulis","W-Msc-140480"
-63,44.5,1,"Mytilus edulis","W-Msc-140480"
-62.5,44.5,1,"Mytilus edulis","W-Msc-140480"
-62,44.5,1,"Mytilus edulis","W-Msc-140480"
-61.5,44.5,1,"Mytilus edulis","W-Msc-140480"
-60.5,44.5,0.9,"Mytilus edulis","W-Msc-140480"
-60,44.5,0.93,"Mytilus edulis","W-Msc-140480"
-59.5,44.5,0.52,"Mytilus edulis","W-Msc-140480"
-59,44.5,0.52,"Mytilus edulis","W-Msc-140480"
-58.5,44.5,0.52,"Mytilus edulis","W-Msc-140480"
-58,44.5,0.41,"Mytilus edulis","W-Msc-140480"
-57.5,44.5,1,"Mytilus edulis","W-Msc-140480"
-57,44.5,0.97,"Mytilus edulis","W-Msc-140480"
-53,44.5,1,"Mytilus edulis","W-Msc-140480"
-52.5,44.5,1,"Mytilus edulis","W-Msc-140480"
-52,44.5,0.86,"Mytilus edulis","W-Msc-140480"
-51.5,44.5,1,"Mytilus edulis","W-Msc-140480"
-51,44.5,1,"Mytilus edulis","W-Msc-140480"
-50.5,44.5,1,"Mytilus edulis","W-Msc-140480"
-50,44.5,1,"Mytilus edulis","W-Msc-140480"
-49.5,44.5,1,"Mytilus edulis","W-Msc-140480"
-49,44.5,1,"Mytilus edulis","W-Msc-140480"
-2,44.5,0.65,"Mytilus edulis","W-Msc-140480"
-1.5,44.5,0.43,"Mytilus edulis","W-Msc-140480"
-1,44.5,0.98,"Mytilus edulis","W-Msc-140480"
13,44.5,0.33,"Mytilus edulis","W-Msc-140480"
13.5,44.5,0.31,"Mytilus edulis","W-Msc-140480"
14,44.5,0.71,"Mytilus edulis","W-Msc-140480"
14.5,44.5,0.57,"Mytilus edulis","W-Msc-140480"
15,44.5,0.52,"Mytilus edulis","W-Msc-140480"
15.5,44.5,0.1,"Mytilus edulis","W-Msc-140480"
29,44.5,0.11,"Mytilus edulis","W-Msc-140480"
29.5,44.5,0.05,"Mytilus edulis","W-Msc-140480"
30,44.5,0.11,"Mytilus edulis","W-Msc-140480"
30.5,44.5,0.55,"Mytilus edulis","W-Msc-140480"
31,44.5,0.38,"Mytilus edulis","W-Msc-140480"
33.5,44.5,0.17,"Mytilus edulis","W-Msc-140480"
34,44.5,0.3,"Mytilus edulis","W-Msc-140480"
34.5,44.5,0.44,"Mytilus edulis","W-Msc-140480"
35,44.5,0.42,"Mytilus edulis","W-Msc-140480"
35.5,44.5,0.37,"Mytilus edulis","W-Msc-140480"
36,44.5,0.51,"Mytilus edulis","W-Msc-140480"
36.5,44.5,0.66,"Mytilus edulis","W-Msc-140480"
37,44.5,0.95,"Mytilus edulis","W-Msc-140480"
37.5,44.5,0.93,"Mytilus edulis","W-Msc-140480"
38,44.5,0.92,"Mytilus edulis","W-Msc-140480"
38.5,44.5,0.94,"Mytilus edulis","W-Msc-140480"
136.5,44.5,1,"Mytilus edulis","W-Msc-140480"
137,44.5,1,"Mytilus edulis","W-Msc-140480"
140.5,44.5,0.17,"Mytilus edulis","W-Msc-140480"
142,44.5,1,"Mytilus edulis","W-Msc-140480"
143,44.5,1,"Mytilus edulis","W-Msc-140480"
143.5,44.5,1,"Mytilus edulis","W-Msc-140480"
146.5,44.5,1,"Mytilus edulis","W-Msc-140480"
147,44.5,1,"Mytilus edulis","W-Msc-140480"
147.5,44.5,1,"Mytilus edulis","W-Msc-140480"
148,44.5,1,"Mytilus edulis","W-Msc-140480"
149,44.5,1,"Mytilus edulis","W-Msc-140480"
149.5,44.5,1,"Mytilus edulis","W-Msc-140480"
-124,44,0.68,"Mytilus edulis","W-Msc-140480"
-69.5,44,0.17,"Mytilus edulis","W-Msc-140480"
-69,44,1,"Mytilus edulis","W-Msc-140480"
-68.5,44,1,"Mytilus edulis","W-Msc-140480"
-68,44,1,"Mytilus edulis","W-Msc-140480"
-67.5,44,1,"Mytilus edulis","W-Msc-140480"
-67,44,0.45,"Mytilus edulis","W-Msc-140480"
-66,44,1,"Mytilus edulis","W-Msc-140480"
-65.5,44,0.33,"Mytilus edulis","W-Msc-140480"
-64.5,44,1,"Mytilus edulis","W-Msc-140480"
-64,44,1,"Mytilus edulis","W-Msc-140480"
-63.5,44,1,"Mytilus edulis","W-Msc-140480"
-63,44,1,"Mytilus edulis","W-Msc-140480"
-61,44,0.55,"Mytilus edulis","W-Msc-140480"
-60.5,44,1,"Mytilus edulis","W-Msc-140480"
-60,44,1,"Mytilus edulis","W-Msc-140480"
-59.5,44,1,"Mytilus edulis","W-Msc-140480"
-59,44,1,"Mytilus edulis","W-Msc-140480"
-58.5,44,0.34,"Mytilus edulis","W-Msc-140480"
-58,44,0.52,"Mytilus edulis","W-Msc-140480"
-57.5,44,0.31,"Mytilus edulis","W-Msc-140480"
-52.5,44,0.24,"Mytilus edulis","W-Msc-140480"
-52,44,1,"Mytilus edulis","W-Msc-140480"
-51.5,44,0.34,"Mytilus edulis","W-Msc-140480"
-51,44,1,"Mytilus edulis","W-Msc-140480"
-50.5,44,0.76,"Mytilus edulis","W-Msc-140480"
-50,44,1,"Mytilus edulis","W-Msc-140480"
-49.5,44,1,"Mytilus edulis","W-Msc-140480"
-49,44,1,"Mytilus edulis","W-Msc-140480"
-1,44,0.96,"Mytilus edulis","W-Msc-140480"
8.5,44,0.16,"Mytilus edulis","W-Msc-140480"
9,44,0.02,"Mytilus edulis","W-Msc-140480"
9.5,44,0.02,"Mytilus edulis","W-Msc-140480"
10,44,0.37,"Mytilus edulis","W-Msc-140480"
10.5,44,0.54,"Mytilus edulis","W-Msc-140480"
12.5,44,0.59,"Mytilus edulis","W-Msc-140480"
13,44,0.84,"Mytilus edulis","W-Msc-140480"
13.5,44,0.81,"Mytilus edulis","W-Msc-140480"
14,44,0.11,"Mytilus edulis","W-Msc-140480"
14.5,44,0.32,"Mytilus edulis","W-Msc-140480"
15,44,0.44,"Mytilus edulis","W-Msc-140480"
15.5,44,0.38,"Mytilus edulis","W-Msc-140480"
16,44,0.08,"Mytilus edulis","W-Msc-140480"
29,44,0.87,"Mytilus edulis","W-Msc-140480"
29.5,44,0.06,"Mytilus edulis","W-Msc-140480"
30,44,0.45,"Mytilus edulis","W-Msc-140480"
33.5,44,0.05,"Mytilus edulis","W-Msc-140480"
34,44,0.15,"Mytilus edulis","W-Msc-140480"
34.5,44,0.18,"Mytilus edulis","W-Msc-140480"
38.5,44,0.15,"Mytilus edulis","W-Msc-140480"
39,44,0.69,"Mytilus edulis","W-Msc-140480"
39.5,44,0.93,"Mytilus edulis","W-Msc-140480"
136,44,1,"Mytilus edulis","W-Msc-140480"
136.5,44,1,"Mytilus edulis","W-Msc-140480"
141.5,44,1,"Mytilus edulis","W-Msc-140480"
142,44,1,"Mytilus edulis","W-Msc-140480"
143.5,44,1,"Mytilus edulis","W-Msc-140480"
144,44,1,"Mytilus edulis","W-Msc-140480"
144.5,44,1,"Mytilus edulis","W-Msc-140480"
145,44,1,"Mytilus edulis","W-Msc-140480"
145.5,44,1,"Mytilus edulis","W-Msc-140480"
146,44,1,"Mytilus edulis","W-Msc-140480"
146.5,44,1,"Mytilus edulis","W-Msc-140480"
147,44,1,"Mytilus edulis","W-Msc-140480"
147.5,44,1,"Mytilus edulis","W-Msc-140480"
148,44,0.21,"Mytilus edulis","W-Msc-140480"
-124,43.5,0.66,"Mytilus edulis","W-Msc-140480"
-70,43.5,1,"Mytilus edulis","W-Msc-140480"
-69.5,43.5,1,"Mytilus edulis","W-Msc-140480"
-69,43.5,1,"Mytilus edulis","W-Msc-140480"
-68.5,43.5,1,"Mytilus edulis","W-Msc-140480"
-66,43.5,1,"Mytilus edulis","W-Msc-140480"
-65.5,43.5,1,"Mytilus edulis","W-Msc-140480"
-65,43.5,1,"Mytilus edulis","W-Msc-140480"
-64.5,43.5,1,"Mytilus edulis","W-Msc-140480"
-61.5,43.5,0.95,"Mytilus edulis","W-Msc-140480"
-61,43.5,0.9,"Mytilus edulis","W-Msc-140480"
-60.5,43.5,0.93,"Mytilus edulis","W-Msc-140480"
-60,43.5,1,"Mytilus edulis","W-Msc-140480"
-59.5,43.5,1,"Mytilus edulis","W-Msc-140480"
-59,43.5,1,"Mytilus edulis","W-Msc-140480"
-52,43.5,1,"Mytilus edulis","W-Msc-140480"
-51.5,43.5,0.76,"Mytilus edulis","W-Msc-140480"
-50.5,43.5,0.24,"Mytilus edulis","W-Msc-140480"
-50,43.5,0.79,"Mytilus edulis","W-Msc-140480"
-49.5,43.5,0.86,"Mytilus edulis","W-Msc-140480"
-49,43.5,1,"Mytilus edulis","W-Msc-140480"
-8,43.5,0.9,"Mytilus edulis","W-Msc-140480"
-7.5,43.5,0.91,"Mytilus edulis","W-Msc-140480"
-7,43.5,0.93,"Mytilus edulis","W-Msc-140480"
-6.5,43.5,0.93,"Mytilus edulis","W-Msc-140480"
-6,43.5,0.92,"Mytilus edulis","W-Msc-140480"
-5.5,43.5,0.92,"Mytilus edulis","W-Msc-140480"
-5,43.5,0.91,"Mytilus edulis","W-Msc-140480"
-4.5,43.5,0.9,"Mytilus edulis","W-Msc-140480"
-4,43.5,0.4,"Mytilus edulis","W-Msc-140480"
-3.5,43.5,0.91,"Mytilus edulis","W-Msc-140480"
-3,43.5,0.93,"Mytilus edulis","W-Msc-140480"
-2.5,43.5,0.93,"Mytilus edulis","W-Msc-140480"
-1.5,43.5,0.94,"Mytilus edulis","W-Msc-140480"
-1,43.5,0.93,"Mytilus edulis","W-Msc-140480"
4,43.5,0.58,"Mytilus edulis","W-Msc-140480"
4.5,43.5,0.57,"Mytilus edulis","W-Msc-140480"
7,43.5,0.28,"Mytilus edulis","W-Msc-140480"
7.5,43.5,0.19,"Mytilus edulis","W-Msc-140480"
8,43.5,0.1,"Mytilus edulis","W-Msc-140480"
8.5,43.5,0.05,"Mytilus edulis","W-Msc-140480"
10,43.5,0.04,"Mytilus edulis","W-Msc-140480"
10.5,43.5,0.15,"Mytilus edulis","W-Msc-140480"
13,43.5,0.81,"Mytilus edulis","W-Msc-140480"
13.5,43.5,0.82,"Mytilus edulis","W-Msc-140480"
14,43.5,0.57,"Mytilus edulis","W-Msc-140480"
14.5,43.5,0.1,"Mytilus edulis","W-Msc-140480"
15,43.5,0.12,"Mytilus edulis","W-Msc-140480"
15.5,43.5,0.21,"Mytilus edulis","W-Msc-140480"
16,43.5,0.22,"Mytilus edulis","W-Msc-140480"
16.5,43.5,0.32,"Mytilus edulis","W-Msc-140480"
17,43.5,0.07,"Mytilus edulis","W-Msc-140480"
29,43.5,1,"Mytilus edulis","W-Msc-140480"
30,43.5,0.85,"Mytilus edulis","W-Msc-140480"
39.5,43.5,0.09,"Mytilus edulis","W-Msc-140480"
40,43.5,0.9,"Mytilus edulis","W-Msc-140480"
135.5,43.5,1,"Mytilus edulis","W-Msc-140480"
136,43.5,1,"Mytilus edulis","W-Msc-140480"
141.5,43.5,1,"Mytilus edulis","W-Msc-140480"
142,43.5,1,"Mytilus edulis","W-Msc-140480"
144.5,43.5,1,"Mytilus edulis","W-Msc-140480"
145,43.5,1,"Mytilus edulis","W-Msc-140480"
145.5,43.5,1,"Mytilus edulis","W-Msc-140480"
146,43.5,1,"Mytilus edulis","W-Msc-140480"
146.5,43.5,1,"Mytilus edulis","W-Msc-140480"
147,43.5,1,"Mytilus edulis","W-Msc-140480"
147.5,43.5,1,"Mytilus edulis","W-Msc-140480"
-124,43,0.61,"Mytilus edulis","W-Msc-140480"
-70.5,43,1,"Mytilus edulis","W-Msc-140480"
-70,43,1,"Mytilus edulis","W-Msc-140480"
-66,43,1,"Mytilus edulis","W-Msc-140480"
-65.5,43,1,"Mytilus edulis","W-Msc-140480"
-65,43,1,"Mytilus edulis","W-Msc-140480"
-64.5,43,0.03,"Mytilus edulis","W-Msc-140480"
-62.5,43,1,"Mytilus edulis","W-Msc-140480"
-61.5,43,0.1,"Mytilus edulis","W-Msc-140480"
-61,43,0.38,"Mytilus edulis","W-Msc-140480"
-50.5,43,0.76,"Mytilus edulis","W-Msc-140480"
-50,43,0.48,"Mytilus edulis","W-Msc-140480"
-49.5,43,0.48,"Mytilus edulis","W-Msc-140480"
-9,43,0.91,"Mytilus edulis","W-Msc-140480"
-8.5,43,0.92,"Mytilus edulis","W-Msc-140480"
-8,43,0.93,"Mytilus edulis","W-Msc-140480"
-4.5,43,0.89,"Mytilus edulis","W-Msc-140480"
-4,43,0.88,"Mytilus edulis","W-Msc-140480"
-3.5,43,0.87,"Mytilus edulis","W-Msc-140480"
-3,43,0.87,"Mytilus edulis","W-Msc-140480"
-2.5,43,0.88,"Mytilus edulis","W-Msc-140480"
-2,43,0.9,"Mytilus edulis","W-Msc-140480"
-1.5,43,0.91,"Mytilus edulis","W-Msc-140480"
3.5,43,0.42,"Mytilus edulis","W-Msc-140480"
4,43,0.46,"Mytilus edulis","W-Msc-140480"
4.5,43,0.63,"Mytilus edulis","W-Msc-140480"
5,43,0.56,"Mytilus edulis","W-Msc-140480"
5.5,43,0.34,"Mytilus edulis","W-Msc-140480"
6,43,0.3,"Mytilus edulis","W-Msc-140480"
6.5,43,0.26,"Mytilus edulis","W-Msc-140480"
7,43,0.02,"Mytilus edulis","W-Msc-140480"
9.5,43,0.02,"Mytilus edulis","W-Msc-140480"
10,43,0.02,"Mytilus edulis","W-Msc-140480"
10.5,43,0.09,"Mytilus edulis","W-Msc-140480"
11,43,0.36,"Mytilus edulis","W-Msc-140480"
14,43,0.63,"Mytilus edulis","W-Msc-140480"
14.5,43,0.2,"Mytilus edulis","W-Msc-140480"
15,43,0.02,"Mytilus edulis","W-Msc-140480"
15.5,43,0.06,"Mytilus edulis","W-Msc-140480"
16,43,0.07,"Mytilus edulis","W-Msc-140480"
16.5,43,0.18,"Mytilus edulis","W-Msc-140480"
17,43,0.17,"Mytilus edulis","W-Msc-140480"
17.5,43,0.29,"Mytilus edulis","W-Msc-140480"
18,43,0.43,"Mytilus edulis","W-Msc-140480"
28,43,1,"Mytilus edulis","W-Msc-140480"
28.5,43,1,"Mytilus edulis","W-Msc-140480"
29,43,0.99,"Mytilus edulis","W-Msc-140480"
40,43,0.16,"Mytilus edulis","W-Msc-140480"
40.5,43,0.28,"Mytilus edulis","W-Msc-140480"
41,43,0.89,"Mytilus edulis","W-Msc-140480"
41.5,43,0.3,"Mytilus edulis","W-Msc-140480"
132,43,1,"Mytilus edulis","W-Msc-140480"
132.5,43,1,"Mytilus edulis","W-Msc-140480"
134.5,43,1,"Mytilus edulis","W-Msc-140480"
135,43,1,"Mytilus edulis","W-Msc-140480"
135.5,43,1,"Mytilus edulis","W-Msc-140480"
140.5,43,1,"Mytilus edulis","W-Msc-140480"
141,43,1,"Mytilus edulis","W-Msc-140480"
141.5,43,1,"Mytilus edulis","W-Msc-140480"
144.5,43,0.33,"Mytilus edulis","W-Msc-140480"
145,43,1,"Mytilus edulis","W-Msc-140480"
145.5,43,1,"Mytilus edulis","W-Msc-140480"
146,43,1,"Mytilus edulis","W-Msc-140480"
146.5,43,1,"Mytilus edulis","W-Msc-140480"
147,43,1,"Mytilus edulis","W-Msc-140480"
-124.5,42.5,0.7,"Mytilus edulis","W-Msc-140480"
-124,42.5,0.56,"Mytilus edulis","W-Msc-140480"
-70.5,42.5,1,"Mytilus edulis","W-Msc-140480"
-70,42.5,0.52,"Mytilus edulis","W-Msc-140480"
-66,42.5,0.48,"Mytilus edulis","W-Msc-140480"
-64.5,42.5,0.86,"Mytilus edulis","W-Msc-140480"
-62.5,42.5,1,"Mytilus edulis","W-Msc-140480"
-50,42.5,0.72,"Mytilus edulis","W-Msc-140480"
-9,42.5,0.94,"Mytilus edulis","W-Msc-140480"
-8.5,42.5,0.63,"Mytilus edulis","W-Msc-140480"
3.5,42.5,0.38,"Mytilus edulis","W-Msc-140480"
9,42.5,0.04,"Mytilus edulis","W-Msc-140480"
9.5,42.5,0.05,"Mytilus edulis","W-Msc-140480"
10,42.5,0.05,"Mytilus edulis","W-Msc-140480"
10.5,42.5,0.02,"Mytilus edulis","W-Msc-140480"
11,42.5,0.04,"Mytilus edulis","W-Msc-140480"
11.5,42.5,0.37,"Mytilus edulis","W-Msc-140480"
14,42.5,0.5,"Mytilus edulis","W-Msc-140480"
14.5,42.5,0.44,"Mytilus edulis","W-Msc-140480"
15.5,42.5,0.06,"Mytilus edulis","W-Msc-140480"
16,42.5,0.06,"Mytilus edulis","W-Msc-140480"
16.5,42.5,0.07,"Mytilus edulis","W-Msc-140480"
17,42.5,0.11,"Mytilus edulis","W-Msc-140480"
17.5,42.5,0.15,"Mytilus edulis","W-Msc-140480"
18,42.5,0.15,"Mytilus edulis","W-Msc-140480"
18.5,42.5,0.29,"Mytilus edulis","W-Msc-140480"
19,42.5,0.08,"Mytilus edulis","W-Msc-140480"
28,42.5,1,"Mytilus edulis","W-Msc-140480"
28.5,42.5,0.99,"Mytilus edulis","W-Msc-140480"
41,42.5,0.86,"Mytilus edulis","W-Msc-140480"
41.5,42.5,0.86,"Mytilus edulis","W-Msc-140480"
42,42.5,0.87,"Mytilus edulis","W-Msc-140480"
131,42.5,0.67,"Mytilus edulis","W-Msc-140480"
131.5,42.5,1,"Mytilus edulis","W-Msc-140480"
132,42.5,1,"Mytilus edulis","W-Msc-140480"
132.5,42.5,1,"Mytilus edulis","W-Msc-140480"
133,42.5,1,"Mytilus edulis","W-Msc-140480"
133.5,42.5,1,"Mytilus edulis","W-Msc-140480"
134,42.5,1,"Mytilus edulis","W-Msc-140480"
134.5,42.5,1,"Mytilus edulis","W-Msc-140480"
140,42.5,1,"Mytilus edulis","W-Msc-140480"
140.5,42.5,1,"Mytilus edulis","W-Msc-140480"
141,42.5,1,"Mytilus edulis","W-Msc-140480"
141.5,42.5,1,"Mytilus edulis","W-Msc-140480"
142,42.5,1,"Mytilus edulis","W-Msc-140480"
143.5,42.5,1,"Mytilus edulis","W-Msc-140480"
144,42.5,0.98,"Mytilus edulis","W-Msc-140480"
144.5,42.5,1,"Mytilus edulis","W-Msc-140480"
145,42.5,1,"Mytilus edulis","W-Msc-140480"
145.5,42.5,0.93,"Mytilus edulis","W-Msc-140480"
146,42.5,0.21,"Mytilus edulis","W-Msc-140480"
-124,42,0.5,"Mytilus edulis","W-Msc-140480"
-71,42,0.33,"Mytilus edulis","W-Msc-140480"
-70.5,42,1,"Mytilus edulis","W-Msc-140480"
-70,42,1,"Mytilus edulis","W-Msc-140480"
-69.5,42,1,"Mytilus edulis","W-Msc-140480"
-67.5,42,0.48,"Mytilus edulis","W-Msc-140480"
-67,42,1,"Mytilus edulis","W-Msc-140480"
-66.5,42,0.17,"Mytilus edulis","W-Msc-140480"
-9,42,0.94,"Mytilus edulis","W-Msc-140480"
-8.5,42,0.98,"Mytilus edulis","W-Msc-140480"
3.5,42,0.33,"Mytilus edulis","W-Msc-140480"
9,42,0.04,"Mytilus edulis","W-Msc-140480"
9.5,42,0.03,"Mytilus edulis","W-Msc-140480"
10,42,0.02,"Mytilus edulis","W-Msc-140480"
10.5,42,0.02,"Mytilus edulis","W-Msc-140480"
11,42,0.02,"Mytilus edulis","W-Msc-140480"
11.5,42,0.05,"Mytilus edulis","W-Msc-140480"
12,42,0.28,"Mytilus edulis","W-Msc-140480"
12.5,42,0.2,"Mytilus edulis","W-Msc-140480"
14.5,42,0.36,"Mytilus edulis","W-Msc-140480"
15,42,0.34,"Mytilus edulis","W-Msc-140480"
15.5,42,0.1,"Mytilus edulis","W-Msc-140480"
16,42,0.05,"Mytilus edulis","W-Msc-140480"
16.5,42,0.07,"Mytilus edulis","W-Msc-140480"
18.5,42,0.12,"Mytilus edulis","W-Msc-140480"
19,42,0.18,"Mytilus edulis","W-Msc-140480"
19.5,42,0.39,"Mytilus edulis","W-Msc-140480"
27.5,42,0.16,"Mytilus edulis","W-Msc-140480"
28,42,0.97,"Mytilus edulis","W-Msc-140480"
28.5,42,0.73,"Mytilus edulis","W-Msc-140480"
33.5,42,0.27,"Mytilus edulis","W-Msc-140480"
34,42,0.19,"Mytilus edulis","W-Msc-140480"
34.5,42,0.15,"Mytilus edulis","W-Msc-140480"
35,42,0.26,"Mytilus edulis","W-Msc-140480"
35.5,42,0.25,"Mytilus edulis","W-Msc-140480"
42,42,0.85,"Mytilus edulis","W-Msc-140480"
130.5,42,1,"Mytilus edulis","W-Msc-140480"
131,42,1,"Mytilus edulis","W-Msc-140480"
131.5,42,1,"Mytilus edulis","W-Msc-140480"
139.5,42,1,"Mytilus edulis","W-Msc-140480"
140,42,1,"Mytilus edulis","W-Msc-140480"
140.5,42,1,"Mytilus edulis","W-Msc-140480"
141,42,1,"Mytilus edulis","W-Msc-140480"
141.5,42,1,"Mytilus edulis","W-Msc-140480"
142,42,1,"Mytilus edulis","W-Msc-140480"
142.5,42,1,"Mytilus edulis","W-Msc-140480"
143,42,1,"Mytilus edulis","W-Msc-140480"
143.5,42,0.98,"Mytilus edulis","W-Msc-140480"
144,42,1,"Mytilus edulis","W-Msc-140480"
-124,41.5,0.43,"Mytilus edulis","W-Msc-140480"
-71,41.5,0.83,"Mytilus edulis","W-Msc-140480"
-70.5,41.5,1,"Mytilus edulis","W-Msc-140480"
-70,41.5,1,"Mytilus edulis","W-Msc-140480"
-69.5,41.5,1,"Mytilus edulis","W-Msc-140480"
-69,41.5,0.83,"Mytilus edulis","W-Msc-140480"
-68,41.5,1,"Mytilus edulis","W-Msc-140480"
-67.5,41.5,1,"Mytilus edulis","W-Msc-140480"
-67,41.5,1,"Mytilus edulis","W-Msc-140480"
-66.5,41.5,0.66,"Mytilus edulis","W-Msc-140480"
-66,41.5,1,"Mytilus edulis","W-Msc-140480"
-9,41.5,0.98,"Mytilus edulis","W-Msc-140480"
-8.5,41.5,0.99,"Mytilus edulis","W-Msc-140480"
2.5,41.5,0.33,"Mytilus edulis","W-Msc-140480"
3,41.5,0.29,"Mytilus edulis","W-Msc-140480"
3.5,41.5,0.3,"Mytilus edulis","W-Msc-140480"
9,41.5,0.03,"Mytilus edulis","W-Msc-140480"
9.5,41.5,0.03,"Mytilus edulis","W-Msc-140480"
12,41.5,0.03,"Mytilus edulis","W-Msc-140480"
12.5,41.5,0.26,"Mytilus edulis","W-Msc-140480"
13,41.5,0.28,"Mytilus edulis","W-Msc-140480"
15.5,41.5,0.16,"Mytilus edulis","W-Msc-140480"
16,41.5,0.11,"Mytilus edulis","W-Msc-140480"
16.5,41.5,0.13,"Mytilus edulis","W-Msc-140480"
19.5,41.5,0.23,"Mytilus edulis","W-Msc-140480"
20,41.5,0.37,"Mytilus edulis","W-Msc-140480"
28.5,41.5,0.66,"Mytilus edulis","W-Msc-140480"
29,41.5,0.05,"Mytilus edulis","W-Msc-140480"
32,41.5,0.4,"Mytilus edulis","W-Msc-140480"
32.5,41.5,0.25,"Mytilus edulis","W-Msc-140480"
33,41.5,0.45,"Mytilus edulis","W-Msc-140480"
33.5,41.5,0.65,"Mytilus edulis","W-Msc-140480"
34.5,41.5,0.94,"Mytilus edulis","W-Msc-140480"
35,41.5,0.95,"Mytilus edulis","W-Msc-140480"
35.5,41.5,0.96,"Mytilus edulis","W-Msc-140480"
36,41.5,0.96,"Mytilus edulis","W-Msc-140480"
36.5,41.5,0.49,"Mytilus edulis","W-Msc-140480"
42,41.5,0.84,"Mytilus edulis","W-Msc-140480"
130,41.5,1,"Mytilus edulis","W-Msc-140480"
130.5,41.5,1,"Mytilus edulis","W-Msc-140480"
140.5,41.5,1,"Mytilus edulis","W-Msc-140480"
141,41.5,1,"Mytilus edulis","W-Msc-140480"
141.5,41.5,1,"Mytilus edulis","W-Msc-140480"
143.5,41.5,1,"Mytilus edulis","W-Msc-140480"
-124.5,41,0.34,"Mytilus edulis","W-Msc-140480"
-124,41,0.44,"Mytilus edulis","W-Msc-140480"
-73.5,41,0.91,"Mytilus edulis","W-Msc-140480"
-73,41,0.94,"Mytilus edulis","W-Msc-140480"
-72.5,41,0.88,"Mytilus edulis","W-Msc-140480"
-72,41,1,"Mytilus edulis","W-Msc-140480"
-71.5,41,1,"Mytilus edulis","W-Msc-140480"
-71,41,1,"Mytilus edulis","W-Msc-140480"
-70.5,41,1,"Mytilus edulis","W-Msc-140480"
-70,41,1,"Mytilus edulis","W-Msc-140480"
-69.5,41,1,"Mytilus edulis","W-Msc-140480"
-69,41,1,"Mytilus edulis","W-Msc-140480"
-68.5,41,0.69,"Mytilus edulis","W-Msc-140480"
-68,41,1,"Mytilus edulis","W-Msc-140480"
-67.5,41,1,"Mytilus edulis","W-Msc-140480"
-67,41,0.97,"Mytilus edulis","W-Msc-140480"
-66.5,41,1,"Mytilus edulis","W-Msc-140480"
-9,41,0.3,"Mytilus edulis","W-Msc-140480"
-8.5,41,0.9,"Mytilus edulis","W-Msc-140480"
1,41,0.45,"Mytilus edulis","W-Msc-140480"
1.5,41,0.38,"Mytilus edulis","W-Msc-140480"
2,41,0.3,"Mytilus edulis","W-Msc-140480"
2.5,41,0.29,"Mytilus edulis","W-Msc-140480"
8.5,41,0.03,"Mytilus edulis","W-Msc-140480"
9,41,0.06,"Mytilus edulis","W-Msc-140480"
9.5,41,0.05,"Mytilus edulis","W-Msc-140480"
10,41,0.03,"Mytilus edulis","W-Msc-140480"
13,41,0.27,"Mytilus edulis","W-Msc-140480"
13.5,41,0.13,"Mytilus edulis","W-Msc-140480"
14,41,0.23,"Mytilus edulis","W-Msc-140480"
16.5,41,0.1,"Mytilus edulis","W-Msc-140480"
17,41,0.09,"Mytilus edulis","W-Msc-140480"
17.5,41,0.06,"Mytilus edulis","W-Msc-140480"
19.5,41,0.17,"Mytilus edulis","W-Msc-140480"
20,41,0.28,"Mytilus edulis","W-Msc-140480"
25.5,41,0.82,"Mytilus edulis","W-Msc-140480"
28,41,0.94,"Mytilus edulis","W-Msc-140480"
28.5,41,0.95,"Mytilus edulis","W-Msc-140480"
29,41,0.96,"Mytilus edulis","W-Msc-140480"
29.5,41,0.96,"Mytilus edulis","W-Msc-140480"
30,41,0.96,"Mytilus edulis","W-Msc-140480"
30.5,41,0.95,"Mytilus edulis","W-Msc-140480"
31,41,0.95,"Mytilus edulis","W-Msc-140480"
31.5,41,0.95,"Mytilus edulis","W-Msc-140480"
32,41,0.82,"Mytilus edulis","W-Msc-140480"
36.5,41,0.92,"Mytilus edulis","W-Msc-140480"
37,41,0.92,"Mytilus edulis","W-Msc-140480"
37.5,41,0.89,"Mytilus edulis","W-Msc-140480"
38,41,0.37,"Mytilus edulis","W-Msc-140480"
38.5,41,0.18,"Mytilus edulis","W-Msc-140480"
39,41,0.27,"Mytilus edulis","W-Msc-140480"
39.5,41,0.42,"Mytilus edulis","W-Msc-140480"
40,41,0.31,"Mytilus edulis","W-Msc-140480"
40.5,41,0.77,"Mytilus edulis","W-Msc-140480"
41,41,0.87,"Mytilus edulis","W-Msc-140480"
41.5,41,0.85,"Mytilus edulis","W-Msc-140480"
122,41,0.17,"Mytilus edulis","W-Msc-140480"
130,41,1,"Mytilus edulis","W-Msc-140480"
140,41,1,"Mytilus edulis","W-Msc-140480"
140.5,41,1,"Mytilus edulis","W-Msc-140480"
141,41,1,"Mytilus edulis","W-Msc-140480"
141.5,41,1,"Mytilus edulis","W-Msc-140480"
142,41,1,"Mytilus edulis","W-Msc-140480"
-124,40.5,0.57,"Mytilus edulis","W-Msc-140480"
-74,40.5,0.89,"Mytilus edulis","W-Msc-140480"
-73.5,40.5,0.94,"Mytilus edulis","W-Msc-140480"
-73,40.5,1,"Mytilus edulis","W-Msc-140480"
-72.5,40.5,1,"Mytilus edulis","W-Msc-140480"
-72,40.5,1,"Mytilus edulis","W-Msc-140480"
-71.5,40.5,1,"Mytilus edulis","W-Msc-140480"
-71,40.5,0.41,"Mytilus edulis","W-Msc-140480"
-70.5,40.5,0.55,"Mytilus edulis","W-Msc-140480"
-70,40.5,1,"Mytilus edulis","W-Msc-140480"
-69.5,40.5,1,"Mytilus edulis","W-Msc-140480"
-69,40.5,1,"Mytilus edulis","W-Msc-140480"
-68.5,40.5,0.69,"Mytilus edulis","W-Msc-140480"
-68,40.5,0.86,"Mytilus edulis","W-Msc-140480"
-67.5,40.5,0.79,"Mytilus edulis","W-Msc-140480"
-9,40.5,0.95,"Mytilus edulis","W-Msc-140480"
-8.5,40.5,0.96,"Mytilus edulis","W-Msc-140480"
1,40.5,0.4,"Mytilus edulis","W-Msc-140480"
1.5,40.5,0.22,"Mytilus edulis","W-Msc-140480"
8.5,40.5,0.07,"Mytilus edulis","W-Msc-140480"
9,40.5,0.07,"Mytilus edulis","W-Msc-140480"
10,40.5,0.03,"Mytilus edulis","W-Msc-140480"
13,40.5,0.02,"Mytilus edulis","W-Msc-140480"
13.5,40.5,0.03,"Mytilus edulis","W-Msc-140480"
14,40.5,0.1,"Mytilus edulis","W-Msc-140480"
14.5,40.5,0.22,"Mytilus edulis","W-Msc-140480"
15,40.5,0.14,"Mytilus edulis","W-Msc-140480"
17.5,40.5,0.06,"Mytilus edulis","W-Msc-140480"
18,40.5,0.05,"Mytilus edulis","W-Msc-140480"
18.5,40.5,0.06,"Mytilus edulis","W-Msc-140480"
19.5,40.5,0.15,"Mytilus edulis","W-Msc-140480"
20,40.5,0.11,"Mytilus edulis","W-Msc-140480"
23,40.5,0.74,"Mytilus edulis","W-Msc-140480"
24,40.5,0.75,"Mytilus edulis","W-Msc-140480"
24.5,40.5,0.76,"Mytilus edulis","W-Msc-140480"
25,40.5,0.78,"Mytilus edulis","W-Msc-140480"
25.5,40.5,0.79,"Mytilus edulis","W-Msc-140480"
26,40.5,0.79,"Mytilus edulis","W-Msc-140480"
26.5,40.5,0.83,"Mytilus edulis","W-Msc-140480"
27,40.5,0.86,"Mytilus edulis","W-Msc-140480"
27.5,40.5,0.9,"Mytilus edulis","W-Msc-140480"
28,40.5,0.92,"Mytilus edulis","W-Msc-140480"
28.5,40.5,0.94,"Mytilus edulis","W-Msc-140480"
29,40.5,0.95,"Mytilus edulis","W-Msc-140480"
29.5,40.5,0.95,"Mytilus edulis","W-Msc-140480"
30,40.5,0.95,"Mytilus edulis","W-Msc-140480"
38.5,40.5,0.86,"Mytilus edulis","W-Msc-140480"
39,40.5,0.85,"Mytilus edulis","W-Msc-140480"
40.5,40.5,0.84,"Mytilus edulis","W-Msc-140480"
121,40.5,1,"Mytilus edulis","W-Msc-140480"
121.5,40.5,1,"Mytilus edulis","W-Msc-140480"
122,40.5,1,"Mytilus edulis","W-Msc-140480"
122.5,40.5,1,"Mytilus edulis","W-Msc-140480"
129.5,40.5,1,"Mytilus edulis","W-Msc-140480"
130,40.5,1,"Mytilus edulis","W-Msc-140480"
140,40.5,0.98,"Mytilus edulis","W-Msc-140480"
140.5,40.5,1,"Mytilus edulis","W-Msc-140480"
141,40.5,1,"Mytilus edulis","W-Msc-140480"
141.5,40.5,1,"Mytilus edulis","W-Msc-140480"
142,40.5,1,"Mytilus edulis","W-Msc-140480"
-124,40,0.66,"Mytilus edulis","W-Msc-140480"
-74,40,0.76,"Mytilus edulis","W-Msc-140480"
-73.5,40,1,"Mytilus edulis","W-Msc-140480"
-73,40,1,"Mytilus edulis","W-Msc-140480"
-72.5,40,0.76,"Mytilus edulis","W-Msc-140480"
-72,40,0.48,"Mytilus edulis","W-Msc-140480"
-71.5,40,0.1,"Mytilus edulis","W-Msc-140480"
-68.5,40,0.21,"Mytilus edulis","W-Msc-140480"
-68,40,0.34,"Mytilus edulis","W-Msc-140480"
-9,40,0.39,"Mytilus edulis","W-Msc-140480"
-8.5,40,0.96,"Mytilus edulis","W-Msc-140480"
0.5,40,0.42,"Mytilus edulis","W-Msc-140480"
1,40,0.39,"Mytilus edulis","W-Msc-140480"
3.5,40,0.04,"Mytilus edulis","W-Msc-140480"
4,40,0.09,"Mytilus edulis","W-Msc-140480"
4.5,40,0.09,"Mytilus edulis","W-Msc-140480"
8.5,40,0.1,"Mytilus edulis","W-Msc-140480"
9,40,0.07,"Mytilus edulis","W-Msc-140480"
10,40,0.02,"Mytilus edulis","W-Msc-140480"
15,40,0.03,"Mytilus edulis","W-Msc-140480"
15.5,40,0.05,"Mytilus edulis","W-Msc-140480"
16,40,0.06,"Mytilus edulis","W-Msc-140480"
17,40,0.09,"Mytilus edulis","W-Msc-140480"
17.5,40,0.04,"Mytilus edulis","W-Msc-140480"
18,40,0.02,"Mytilus edulis","W-Msc-140480"
18.5,40,0.03,"Mytilus edulis","W-Msc-140480"
19,40,0.04,"Mytilus edulis","W-Msc-140480"
19.5,40,0.06,"Mytilus edulis","W-Msc-140480"
20,40,0.18,"Mytilus edulis","W-Msc-140480"
23,40,0.72,"Mytilus edulis","W-Msc-140480"
23.5,40,0.71,"Mytilus edulis","W-Msc-140480"
24,40,0.72,"Mytilus edulis","W-Msc-140480"
24.5,40,0.37,"Mytilus edulis","W-Msc-140480"
25.5,40,0.42,"Mytilus edulis","W-Msc-140480"
26,40,0.8,"Mytilus edulis","W-Msc-140480"
26.5,40,0.81,"Mytilus edulis","W-Msc-140480"
27,40,0.83,"Mytilus edulis","W-Msc-140480"
27.5,40,0.86,"Mytilus edulis","W-Msc-140480"
28,40,0.87,"Mytilus edulis","W-Msc-140480"
28.5,40,0.89,"Mytilus edulis","W-Msc-140480"
29,40,0.89,"Mytilus edulis","W-Msc-140480"
29.5,40,0.89,"Mytilus edulis","W-Msc-140480"
120,40,1,"Mytilus edulis","W-Msc-140480"
120.5,40,0.82,"Mytilus edulis","W-Msc-140480"
121,40,0.92,"Mytilus edulis","W-Msc-140480"
121.5,40,1,"Mytilus edulis","W-Msc-140480"
122,40,1,"Mytilus edulis","W-Msc-140480"
122.5,40,1,"Mytilus edulis","W-Msc-140480"
128.5,40,1,"Mytilus edulis","W-Msc-140480"
129,40,1,"Mytilus edulis","W-Msc-140480"
129.5,40,1,"Mytilus edulis","W-Msc-140480"
140,40,0.96,"Mytilus edulis","W-Msc-140480"
140.5,40,1,"Mytilus edulis","W-Msc-140480"
142,40,1,"Mytilus edulis","W-Msc-140480"
142.5,40,0.31,"Mytilus edulis","W-Msc-140480"
-124,39.5,0.29,"Mytilus edulis","W-Msc-140480"
-123.5,39.5,0.48,"Mytilus edulis","W-Msc-140480"
-76,39.5,0.74,"Mytilus edulis","W-Msc-140480"
-75.5,39.5,0.25,"Mytilus edulis","W-Msc-140480"
-75,39.5,0.13,"Mytilus edulis","W-Msc-140480"
-74,39.5,1,"Mytilus edulis","W-Msc-140480"
-73.5,39.5,1,"Mytilus edulis","W-Msc-140480"
-73,39.5,1,"Mytilus edulis","W-Msc-140480"
-72.5,39.5,0.38,"Mytilus edulis","W-Msc-140480"
-31,39.5,0.59,"Mytilus edulis","W-Msc-140480"
-9,39.5,0.94,"Mytilus edulis","W-Msc-140480"
-8.5,39.5,0.94,"Mytilus edulis","W-Msc-140480"
0,39.5,0.36,"Mytilus edulis","W-Msc-140480"
0.5,39.5,0.25,"Mytilus edulis","W-Msc-140480"
1,39.5,0.12,"Mytilus edulis","W-Msc-140480"
2.5,39.5,0.06,"Mytilus edulis","W-Msc-140480"
3,39.5,0.06,"Mytilus edulis","W-Msc-140480"
3.5,39.5,0.05,"Mytilus edulis","W-Msc-140480"
4,39.5,0.05,"Mytilus edulis","W-Msc-140480"
4.5,39.5,0.06,"Mytilus edulis","W-Msc-140480"
8.5,39.5,0.05,"Mytilus edulis","W-Msc-140480"
9,39.5,0.06,"Mytilus edulis","W-Msc-140480"
10,39.5,0.06,"Mytilus edulis","W-Msc-140480"
15.5,39.5,0.02,"Mytilus edulis","W-Msc-140480"
16,39.5,0.02,"Mytilus edulis","W-Msc-140480"
17,39.5,0.06,"Mytilus edulis","W-Msc-140480"
17.5,39.5,0.03,"Mytilus edulis","W-Msc-140480"
18.5,39.5,0.02,"Mytilus edulis","W-Msc-140480"
19,39.5,0.01,"Mytilus edulis","W-Msc-140480"
19.5,39.5,0.04,"Mytilus edulis","W-Msc-140480"
20,39.5,0.1,"Mytilus edulis","W-Msc-140480"
20.5,39.5,0.19,"Mytilus edulis","W-Msc-140480"
23,39.5,0.71,"Mytilus edulis","W-Msc-140480"
23.5,39.5,0.41,"Mytilus edulis","W-Msc-140480"
24,39.5,0.21,"Mytilus edulis","W-Msc-140480"
24.5,39.5,0.14,"Mytilus edulis","W-Msc-140480"
25.5,39.5,0.32,"Mytilus edulis","W-Msc-140480"
26,39.5,0.78,"Mytilus edulis","W-Msc-140480"
26.5,39.5,0.78,"Mytilus edulis","W-Msc-140480"
27,39.5,0.8,"Mytilus edulis","W-Msc-140480"
119.5,39.5,0.78,"Mytilus edulis","W-Msc-140480"
120,39.5,0.64,"Mytilus edulis","W-Msc-140480"
120.5,39.5,0.52,"Mytilus edulis","W-Msc-140480"
121.5,39.5,0.79,"Mytilus edulis","W-Msc-140480"
122,39.5,1,"Mytilus edulis","W-Msc-140480"
123,39.5,1,"Mytilus edulis","W-Msc-140480"
123.5,39.5,1,"Mytilus edulis","W-Msc-140480"
124,39.5,1,"Mytilus edulis","W-Msc-140480"
124.5,39.5,1,"Mytilus edulis","W-Msc-140480"
125,39.5,1,"Mytilus edulis","W-Msc-140480"
125.5,39.5,1,"Mytilus edulis","W-Msc-140480"
126,39.5,0.17,"Mytilus edulis","W-Msc-140480"
128,39.5,1,"Mytilus edulis","W-Msc-140480"
128.5,39.5,1,"Mytilus edulis","W-Msc-140480"
140,39.5,0.94,"Mytilus edulis","W-Msc-140480"
140.5,39.5,0.99,"Mytilus edulis","W-Msc-140480"
142,39.5,1,"Mytilus edulis","W-Msc-140480"
142.5,39.5,1,"Mytilus edulis","W-Msc-140480"
-123.5,39,0.58,"Mytilus edulis","W-Msc-140480"
-76.5,39,0.24,"Mytilus edulis","W-Msc-140480"
-76,39,0.7,"Mytilus edulis","W-Msc-140480"
-75.5,39,0.23,"Mytilus edulis","W-Msc-140480"
-75,39,0.56,"Mytilus edulis","W-Msc-140480"
-74.5,39,0.82,"Mytilus edulis","W-Msc-140480"
-74,39,1,"Mytilus edulis","W-Msc-140480"
-73.5,39,1,"Mytilus edulis","W-Msc-140480"
-73,39,0.9,"Mytilus edulis","W-Msc-140480"
-31,39,0.57,"Mytilus edulis","W-Msc-140480"
-28,39,0.6,"Mytilus edulis","W-Msc-140480"
-27.5,39,0.61,"Mytilus edulis","W-Msc-140480"
-9,39,0.91,"Mytilus edulis","W-Msc-140480"
0,39,0.29,"Mytilus edulis","W-Msc-140480"
0.5,39,0.13,"Mytilus edulis","W-Msc-140480"
1.5,39,0.07,"Mytilus edulis","W-Msc-140480"
2,39,0.06,"Mytilus edulis","W-Msc-140480"
3,39,0.06,"Mytilus edulis","W-Msc-140480"
3.5,39,0.05,"Mytilus edulis","W-Msc-140480"
8.5,39,0.05,"Mytilus edulis","W-Msc-140480"
9,39,0.06,"Mytilus edulis","W-Msc-140480"
9.5,39,0.07,"Mytilus edulis","W-Msc-140480"
10,39,0.06,"Mytilus edulis","W-Msc-140480"
16.5,39,0.06,"Mytilus edulis","W-Msc-140480"
17.5,39,0.03,"Mytilus edulis","W-Msc-140480"
20,39,0.02,"Mytilus edulis","W-Msc-140480"
20.5,39,0.06,"Mytilus edulis","W-Msc-140480"
21,39,0.21,"Mytilus edulis","W-Msc-140480"
21.5,39,0.32,"Mytilus edulis","W-Msc-140480"
23,39,0.7,"Mytilus edulis","W-Msc-140480"
23.5,39,0.36,"Mytilus edulis","W-Msc-140480"
24,39,0.13,"Mytilus edulis","W-Msc-140480"
24.5,39,0.12,"Mytilus edulis","W-Msc-140480"
25,39,0.16,"Mytilus edulis","W-Msc-140480"
25.5,39,0.07,"Mytilus edulis","W-Msc-140480"
26,39,0.54,"Mytilus edulis","W-Msc-140480"
26.5,39,0.75,"Mytilus edulis","W-Msc-140480"
27,39,0.76,"Mytilus edulis","W-Msc-140480"
118,39,1,"Mytilus edulis","W-Msc-140480"
118.5,39,1,"Mytilus edulis","W-Msc-140480"
119,39,1,"Mytilus edulis","W-Msc-140480"
119.5,39,1,"Mytilus edulis","W-Msc-140480"
120,39,0.26,"Mytilus edulis","W-Msc-140480"
121,39,0.26,"Mytilus edulis","W-Msc-140480"
121.5,39,0.72,"Mytilus edulis","W-Msc-140480"
122,39,1,"Mytilus edulis","W-Msc-140480"
122.5,39,1,"Mytilus edulis","W-Msc-140480"
123,39,1,"Mytilus edulis","W-Msc-140480"
123.5,39,1,"Mytilus edulis","W-Msc-140480"
124,39,1,"Mytilus edulis","W-Msc-140480"
124.5,39,1,"Mytilus edulis","W-Msc-140480"
125,39,1,"Mytilus edulis","W-Msc-140480"
125.5,39,1,"Mytilus edulis","W-Msc-140480"
127.5,39,1,"Mytilus edulis","W-Msc-140480"
128,39,1,"Mytilus edulis","W-Msc-140480"
128.5,39,1,"Mytilus edulis","W-Msc-140480"
135.5,39,1,"Mytilus edulis","W-Msc-140480"
140,39,0.92,"Mytilus edulis","W-Msc-140480"
140.5,39,0.97,"Mytilus edulis","W-Msc-140480"
142,39,1,"Mytilus edulis","W-Msc-140480"
142.5,39,1,"Mytilus edulis","W-Msc-140480"
-123.5,38.5,0.65,"Mytilus edulis","W-Msc-140480"
-123,38.5,0.4,"Mytilus edulis","W-Msc-140480"
-77,38.5,0.12,"Mytilus edulis","W-Msc-140480"
-76.5,38.5,0.68,"Mytilus edulis","W-Msc-140480"
-76,38.5,0.68,"Mytilus edulis","W-Msc-140480"
-75.5,38.5,0.13,"Mytilus edulis","W-Msc-140480"
-75,38.5,0.91,"Mytilus edulis","W-Msc-140480"
-74.5,38.5,1,"Mytilus edulis","W-Msc-140480"
-74,38.5,1,"Mytilus edulis","W-Msc-140480"
-73.5,38.5,1,"Mytilus edulis","W-Msc-140480"
-73,38.5,0.64,"Mytilus edulis","W-Msc-140480"
-28.5,38.5,0.58,"Mytilus edulis","W-Msc-140480"
-28,38.5,0.59,"Mytilus edulis","W-Msc-140480"
-27.5,38.5,0.59,"Mytilus edulis","W-Msc-140480"
-27,38.5,0.6,"Mytilus edulis","W-Msc-140480"
-26.5,38.5,0.52,"Mytilus edulis","W-Msc-140480"
-9,38.5,0.89,"Mytilus edulis","W-Msc-140480"
-8.5,38.5,0.86,"Mytilus edulis","W-Msc-140480"
0,38.5,0.32,"Mytilus edulis","W-Msc-140480"
0.5,38.5,0.17,"Mytilus edulis","W-Msc-140480"
1.5,38.5,0.07,"Mytilus edulis","W-Msc-140480"
2,38.5,0.06,"Mytilus edulis","W-Msc-140480"
8.5,38.5,0.04,"Mytilus edulis","W-Msc-140480"
9,38.5,0.05,"Mytilus edulis","W-Msc-140480"
9.5,38.5,0.04,"Mytilus edulis","W-Msc-140480"
14.5,38.5,0.03,"Mytilus edulis","W-Msc-140480"
15,38.5,0.03,"Mytilus edulis","W-Msc-140480"
15.5,38.5,0.03,"Mytilus edulis","W-Msc-140480"
16,38.5,0.05,"Mytilus edulis","W-Msc-140480"
16.5,38.5,0.06,"Mytilus edulis","W-Msc-140480"
17,38.5,0.05,"Mytilus edulis","W-Msc-140480"
17.5,38.5,0.03,"Mytilus edulis","W-Msc-140480"
21,38.5,0.08,"Mytilus edulis","W-Msc-140480"
21.5,38.5,0.23,"Mytilus edulis","W-Msc-140480"
23,38.5,0.7,"Mytilus edulis","W-Msc-140480"
23.5,38.5,0.7,"Mytilus edulis","W-Msc-140480"
24,38.5,0.37,"Mytilus edulis","W-Msc-140480"
24.5,38.5,0.12,"Mytilus edulis","W-Msc-140480"
25,38.5,0.15,"Mytilus edulis","W-Msc-140480"
26,38.5,0.16,"Mytilus edulis","W-Msc-140480"
26.5,38.5,0.18,"Mytilus edulis","W-Msc-140480"
27,38.5,0.11,"Mytilus edulis","W-Msc-140480"
27.5,38.5,0.59,"Mytilus edulis","W-Msc-140480"
118,38.5,1,"Mytilus edulis","W-Msc-140480"
118.5,38.5,1,"Mytilus edulis","W-Msc-140480"
119,38.5,1,"Mytilus edulis","W-Msc-140480"
119.5,38.5,0.6,"Mytilus edulis","W-Msc-140480"
121,38.5,0.9,"Mytilus edulis","W-Msc-140480"
121.5,38.5,1,"Mytilus edulis","W-Msc-140480"
122,38.5,1,"Mytilus edulis","W-Msc-140480"
122.5,38.5,1,"Mytilus edulis","W-Msc-140480"
123,38.5,0.99,"Mytilus edulis","W-Msc-140480"
123.5,38.5,1,"Mytilus edulis","W-Msc-140480"
124,38.5,0.94,"Mytilus edulis","W-Msc-140480"
124.5,38.5,0.14,"Mytilus edulis","W-Msc-140480"
125,38.5,1,"Mytilus edulis","W-Msc-140480"
125.5,38.5,1,"Mytilus edulis","W-Msc-140480"
126,38.5,0.17,"Mytilus edulis","W-Msc-140480"
128,38.5,1,"Mytilus edulis","W-Msc-140480"
128.5,38.5,1,"Mytilus edulis","W-Msc-140480"
129,38.5,0.59,"Mytilus edulis","W-Msc-140480"
139.5,38.5,0.9,"Mytilus edulis","W-Msc-140480"
140,38.5,0.92,"Mytilus edulis","W-Msc-140480"
141.5,38.5,1,"Mytilus edulis","W-Msc-140480"
142,38.5,1,"Mytilus edulis","W-Msc-140480"
-123,38,0.61,"Mytilus edulis","W-Msc-140480"
-122.5,38,0.21,"Mytilus edulis","W-Msc-140480"
-122,38,0.11,"Mytilus edulis","W-Msc-140480"
-77,38,0.37,"Mytilus edulis","W-Msc-140480"
-76.5,38,0.66,"Mytilus edulis","W-Msc-140480"
-76,38,0.61,"Mytilus edulis","W-Msc-140480"
-75.5,38,0.95,"Mytilus edulis","W-Msc-140480"
-75,38,1,"Mytilus edulis","W-Msc-140480"
-74.5,38,1,"Mytilus edulis","W-Msc-140480"
-74,38,0.93,"Mytilus edulis","W-Msc-140480"
-73.5,38,0.25,"Mytilus edulis","W-Msc-140480"
-28,38,0.56,"Mytilus edulis","W-Msc-140480"
-27.5,38,0.57,"Mytilus edulis","W-Msc-140480"
-9,38,0.81,"Mytilus edulis","W-Msc-140480"
-8.5,38,0.81,"Mytilus edulis","W-Msc-140480"
-0.5,38,0.43,"Mytilus edulis","W-Msc-140480"
0,38,0.37,"Mytilus edulis","W-Msc-140480"
12.5,38,0.04,"Mytilus edulis","W-Msc-140480"
13,38,0.05,"Mytilus edulis","W-Msc-140480"
13.5,38,0.04,"Mytilus edulis","W-Msc-140480"
14,38,0.03,"Mytilus edulis","W-Msc-140480"
14.5,38,0.04,"Mytilus edulis","W-Msc-140480"
15,38,0.03,"Mytilus edulis","W-Msc-140480"
15.5,38,0.05,"Mytilus edulis","W-Msc-140480"
16,38,0.05,"Mytilus edulis","W-Msc-140480"
16.5,38,0.05,"Mytilus edulis","W-Msc-140480"
17,38,0.03,"Mytilus edulis","W-Msc-140480"
20.5,38,0.02,"Mytilus edulis","W-Msc-140480"
21,38,0.03,"Mytilus edulis","W-Msc-140480"
21.5,38,0.11,"Mytilus edulis","W-Msc-140480"
22,38,0.22,"Mytilus edulis","W-Msc-140480"
22.5,38,0.31,"Mytilus edulis","W-Msc-140480"
23,38,0.61,"Mytilus edulis","W-Msc-140480"
23.5,38,0.65,"Mytilus edulis","W-Msc-140480"
24,38,0.64,"Mytilus edulis","W-Msc-140480"
24.5,38,0.24,"Mytilus edulis","W-Msc-140480"
25,38,0.13,"Mytilus edulis","W-Msc-140480"
26,38,0.08,"Mytilus edulis","W-Msc-140480"
26.5,38,0.08,"Mytilus edulis","W-Msc-140480"
27,38,0.08,"Mytilus edulis","W-Msc-140480"
27.5,38,0.29,"Mytilus edulis","W-Msc-140480"
118,38,1,"Mytilus edulis","W-Msc-140480"
118.5,38,1,"Mytilus edulis","W-Msc-140480"
119,38,1,"Mytilus edulis","W-Msc-140480"
119.5,38,1,"Mytilus edulis","W-Msc-140480"
120,38,0.03,"Mytilus edulis","W-Msc-140480"
120.5,38,0.55,"Mytilus edulis","W-Msc-140480"
121,38,0.63,"Mytilus edulis","W-Msc-140480"
121.5,38,0.71,"Mytilus edulis","W-Msc-140480"
122,38,0.97,"Mytilus edulis","W-Msc-140480"
122.5,38,1,"Mytilus edulis","W-Msc-140480"
123,38,1,"Mytilus edulis","W-Msc-140480"
123.5,38,1,"Mytilus edulis","W-Msc-140480"
124,38,1,"Mytilus edulis","W-Msc-140480"
124.5,38,1,"Mytilus edulis","W-Msc-140480"
125,38,1,"Mytilus edulis","W-Msc-140480"
125.5,38,0.83,"Mytilus edulis","W-Msc-140480"
126,38,0.33,"Mytilus edulis","W-Msc-140480"
128.5,38,0.33,"Mytilus edulis","W-Msc-140480"
129,38,1,"Mytilus edulis","W-Msc-140480"
138.5,38,0.88,"Mytilus edulis","W-Msc-140480"
139,38,0.88,"Mytilus edulis","W-Msc-140480"
139.5,38,0.88,"Mytilus edulis","W-Msc-140480"
141,38,0.99,"Mytilus edulis","W-Msc-140480"
141.5,38,1,"Mytilus edulis","W-Msc-140480"
142,38,1,"Mytilus edulis","W-Msc-140480"
-123,37.5,0.68,"Mytilus edulis","W-Msc-140480"
-122.5,37.5,0.06,"Mytilus edulis","W-Msc-140480"
-76.5,37.5,0.14,"Mytilus edulis","W-Msc-140480"
-76,37.5,0.95,"Mytilus edulis","W-Msc-140480"
-75.5,37.5,0.98,"Mytilus edulis","W-Msc-140480"
-75,37.5,1,"Mytilus edulis","W-Msc-140480"
-74.5,37.5,0.96,"Mytilus edulis","W-Msc-140480"
-74,37.5,0.42,"Mytilus edulis","W-Msc-140480"
-25.5,37.5,0.53,"Mytilus edulis","W-Msc-140480"
-25,37.5,0.56,"Mytilus edulis","W-Msc-140480"
-8.5,37.5,0.75,"Mytilus edulis","W-Msc-140480"
-1,37.5,0.46,"Mytilus edulis","W-Msc-140480"
-0.5,37.5,0.46,"Mytilus edulis","W-Msc-140480"
9,37.5,0.04,"Mytilus edulis","W-Msc-140480"
9.5,37.5,0.05,"Mytilus edulis","W-Msc-140480"
12,37.5,0.01,"Mytilus edulis","W-Msc-140480"
12.5,37.5,0.04,"Mytilus edulis","W-Msc-140480"
13,37.5,0.05,"Mytilus edulis","W-Msc-140480"
13.5,37.5,0.05,"Mytilus edulis","W-Msc-140480"
15.5,37.5,0.05,"Mytilus edulis","W-Msc-140480"
16,37.5,0.05,"Mytilus edulis","W-Msc-140480"
16.5,37.5,0.04,"Mytilus edulis","W-Msc-140480"
21,37.5,0.02,"Mytilus edulis","W-Msc-140480"
21.5,37.5,0.04,"Mytilus edulis","W-Msc-140480"
22,37.5,0.2,"Mytilus edulis","W-Msc-140480"
23,37.5,0.43,"Mytilus edulis","W-Msc-140480"
23.5,37.5,0.48,"Mytilus edulis","W-Msc-140480"
24,37.5,0.52,"Mytilus edulis","W-Msc-140480"
24.5,37.5,0.21,"Mytilus edulis","W-Msc-140480"
25,37.5,0.07,"Mytilus edulis","W-Msc-140480"
25.5,37.5,0.06,"Mytilus edulis","W-Msc-140480"
26,37.5,0.03,"Mytilus edulis","W-Msc-140480"
26.5,37.5,0.04,"Mytilus edulis","W-Msc-140480"
27,37.5,0.05,"Mytilus edulis","W-Msc-140480"
27.5,37.5,0.09,"Mytilus edulis","W-Msc-140480"
119,37.5,1,"Mytilus edulis","W-Msc-140480"
119.5,37.5,1,"Mytilus edulis","W-Msc-140480"
120,37.5,1,"Mytilus edulis","W-Msc-140480"
120.5,37.5,0.69,"Mytilus edulis","W-Msc-140480"
121,37.5,0.6,"Mytilus edulis","W-Msc-140480"
121.5,37.5,0.44,"Mytilus edulis","W-Msc-140480"
122,37.5,0.44,"Mytilus edulis","W-Msc-140480"
122.5,37.5,0.64,"Mytilus edulis","W-Msc-140480"
123,37.5,1,"Mytilus edulis","W-Msc-140480"
123.5,37.5,1,"Mytilus edulis","W-Msc-140480"
124,37.5,1,"Mytilus edulis","W-Msc-140480"
124.5,37.5,1,"Mytilus edulis","W-Msc-140480"
125,37.5,1,"Mytilus edulis","W-Msc-140480"
125.5,37.5,1,"Mytilus edulis","W-Msc-140480"
126,37.5,1,"Mytilus edulis","W-Msc-140480"
126.5,37.5,0.75,"Mytilus edulis","W-Msc-140480"
127,37.5,0.69,"Mytilus edulis","W-Msc-140480"
129,37.5,0.98,"Mytilus edulis","W-Msc-140480"
129.5,37.5,0.94,"Mytilus edulis","W-Msc-140480"
131,37.5,0.9,"Mytilus edulis","W-Msc-140480"
137,37.5,0.85,"Mytilus edulis","W-Msc-140480"
137.5,37.5,0.85,"Mytilus edulis","W-Msc-140480"
138.5,37.5,0.87,"Mytilus edulis","W-Msc-140480"
139,37.5,0.87,"Mytilus edulis","W-Msc-140480"
139.5,37.5,0.87,"Mytilus edulis","W-Msc-140480"
141,37.5,0.95,"Mytilus edulis","W-Msc-140480"
141.5,37.5,1,"Mytilus edulis","W-Msc-140480"
-122.5,37,0.19,"Mytilus edulis","W-Msc-140480"
-122,37,0.18,"Mytilus edulis","W-Msc-140480"
-76.5,37,0.93,"Mytilus edulis","W-Msc-140480"
-76,37,0.94,"Mytilus edulis","W-Msc-140480"
-75.5,37,0.96,"Mytilus edulis","W-Msc-140480"
-75,37,0.95,"Mytilus edulis","W-Msc-140480"
-74.5,37,0.88,"Mytilus edulis","W-Msc-140480"
-25,37,0.34,"Mytilus edulis","W-Msc-140480"
-24.5,37,0.03,"Mytilus edulis","W-Msc-140480"
-8.5,37,0.7,"Mytilus edulis","W-Msc-140480"
-8,37,0.69,"Mytilus edulis","W-Msc-140480"
-7.5,37,0.68,"Mytilus edulis","W-Msc-140480"
-7,37,0.68,"Mytilus edulis","W-Msc-140480"
-6.5,37,0.68,"Mytilus edulis","W-Msc-140480"
-1.5,37,0.49,"Mytilus edulis","W-Msc-140480"
-1,37,0.49,"Mytilus edulis","W-Msc-140480"
6.5,37,0.34,"Mytilus edulis","W-Msc-140480"
7,37,0.18,"Mytilus edulis","W-Msc-140480"
7.5,37,0.25,"Mytilus edulis","W-Msc-140480"
8,37,0.19,"Mytilus edulis","W-Msc-140480"
8.5,37,0.11,"Mytilus edulis","W-Msc-140480"
9,37,0.11,"Mytilus edulis","W-Msc-140480"
9.5,37,0.15,"Mytilus edulis","W-Msc-140480"
10,37,0.15,"Mytilus edulis","W-Msc-140480"
10.5,37,0.27,"Mytilus edulis","W-Msc-140480"
11,37,0.07,"Mytilus edulis","W-Msc-140480"
11.5,37,0.04,"Mytilus edulis","W-Msc-140480"
13,37,0.03,"Mytilus edulis","W-Msc-140480"
13.5,37,0.06,"Mytilus edulis","W-Msc-140480"
14,37,0.06,"Mytilus edulis","W-Msc-140480"
14.5,37,0.06,"Mytilus edulis","W-Msc-140480"
15.5,37,0.04,"Mytilus edulis","W-Msc-140480"
21.5,37,0.04,"Mytilus edulis","W-Msc-140480"
22,37,0.13,"Mytilus edulis","W-Msc-140480"
22.5,37,0.28,"Mytilus edulis","W-Msc-140480"
23,37,0.37,"Mytilus edulis","W-Msc-140480"
23.5,37,0.21,"Mytilus edulis","W-Msc-140480"
24,37,0.09,"Mytilus edulis","W-Msc-140480"
24.5,37,0.07,"Mytilus edulis","W-Msc-140480"
25,37,0.05,"Mytilus edulis","W-Msc-140480"
25.5,37,0.03,"Mytilus edulis","W-Msc-140480"
26,37,0.02,"Mytilus edulis","W-Msc-140480"
26.5,37,0.01,"Mytilus edulis","W-Msc-140480"
27,37,0.01,"Mytilus edulis","W-Msc-140480"
27.5,37,0.01,"Mytilus edulis","W-Msc-140480"
28,37,0.06,"Mytilus edulis","W-Msc-140480"
28.5,37,0.16,"Mytilus edulis","W-Msc-140480"
119,37,0.5,"Mytilus edulis","W-Msc-140480"
119.5,37,1,"Mytilus edulis","W-Msc-140480"
120,37,1,"Mytilus edulis","W-Msc-140480"
120.5,37,1,"Mytilus edulis","W-Msc-140480"
122,37,0.2,"Mytilus edulis","W-Msc-140480"
122.5,37,0.74,"Mytilus edulis","W-Msc-140480"
123,37,1,"Mytilus edulis","W-Msc-140480"
123.5,37,1,"Mytilus edulis","W-Msc-140480"
124,37,1,"Mytilus edulis","W-Msc-140480"
124.5,37,1,"Mytilus edulis","W-Msc-140480"
125,37,1,"Mytilus edulis","W-Msc-140480"
125.5,37,1,"Mytilus edulis","W-Msc-140480"
126,37,1,"Mytilus edulis","W-Msc-140480"
126.5,37,0.48,"Mytilus edulis","W-Msc-140480"
127,37,0.9,"Mytilus edulis","W-Msc-140480"
129.5,37,0.91,"Mytilus edulis","W-Msc-140480"
131,37,0.88,"Mytilus edulis","W-Msc-140480"
132,37,0.43,"Mytilus edulis","W-Msc-140480"
137,37,0.83,"Mytilus edulis","W-Msc-140480"
137.5,37,0.84,"Mytilus edulis","W-Msc-140480"
138,37,0.85,"Mytilus edulis","W-Msc-140480"
138.5,37,0.86,"Mytilus edulis","W-Msc-140480"
139,37,0.84,"Mytilus edulis","W-Msc-140480"
141,37,0.3,"Mytilus edulis","W-Msc-140480"
141.5,37,0.92,"Mytilus edulis","W-Msc-140480"
-122,36.5,0.36,"Mytilus edulis","W-Msc-140480"
-121.5,36.5,0.27,"Mytilus edulis","W-Msc-140480"
-76,36.5,0.88,"Mytilus edulis","W-Msc-140480"
-75.5,36.5,0.93,"Mytilus edulis","W-Msc-140480"
-75,36.5,0.9,"Mytilus edulis","W-Msc-140480"
-74.5,36.5,0.8,"Mytilus edulis","W-Msc-140480"
-25,36.5,0.21,"Mytilus edulis","W-Msc-140480"
-8.5,36.5,0.1,"Mytilus edulis","W-Msc-140480"
-8,36.5,0.38,"Mytilus edulis","W-Msc-140480"
-7.5,36.5,0.5,"Mytilus edulis","W-Msc-140480"
-6.5,36.5,0.64,"Mytilus edulis","W-Msc-140480"
-6,36.5,0.64,"Mytilus edulis","W-Msc-140480"
-4.5,36.5,0.62,"Mytilus edulis","W-Msc-140480"
-4,36.5,0.6,"Mytilus edulis","W-Msc-140480"
-3.5,36.5,0.58,"Mytilus edulis","W-Msc-140480"
-3,36.5,0.56,"Mytilus edulis","W-Msc-140480"
-2.5,36.5,0.54,"Mytilus edulis","W-Msc-140480"
-2,36.5,0.52,"Mytilus edulis","W-Msc-140480"
-1.5,36.5,0.51,"Mytilus edulis","W-Msc-140480"
1.5,36.5,0.24,"Mytilus edulis","W-Msc-140480"
2,36.5,0.19,"Mytilus edulis","W-Msc-140480"
2.5,36.5,0.16,"Mytilus edulis","W-Msc-140480"
3,36.5,0.33,"Mytilus edulis","W-Msc-140480"
3.5,36.5,0.35,"Mytilus edulis","W-Msc-140480"
4,36.5,0.37,"Mytilus edulis","W-Msc-140480"
4.5,36.5,0.4,"Mytilus edulis","W-Msc-140480"
5,36.5,0.43,"Mytilus edulis","W-Msc-140480"
5.5,36.5,0.42,"Mytilus edulis","W-Msc-140480"
6,36.5,0.39,"Mytilus edulis","W-Msc-140480"
6.5,36.5,0.33,"Mytilus edulis","W-Msc-140480"
7,36.5,0.28,"Mytilus edulis","W-Msc-140480"
7.5,36.5,0.23,"Mytilus edulis","W-Msc-140480"
8,36.5,0.19,"Mytilus edulis","W-Msc-140480"
8.5,36.5,0.15,"Mytilus edulis","W-Msc-140480"
9,36.5,0.13,"Mytilus edulis","W-Msc-140480"
10.5,36.5,0.14,"Mytilus edulis","W-Msc-140480"
11,36.5,0.12,"Mytilus edulis","W-Msc-140480"
11.5,36.5,0.04,"Mytilus edulis","W-Msc-140480"
12,36.5,0.04,"Mytilus edulis","W-Msc-140480"
12.5,36.5,0.05,"Mytilus edulis","W-Msc-140480"
14.5,36.5,0.08,"Mytilus edulis","W-Msc-140480"
15,36.5,0.07,"Mytilus edulis","W-Msc-140480"
15.5,36.5,0.05,"Mytilus edulis","W-Msc-140480"
22,36.5,0.06,"Mytilus edulis","W-Msc-140480"
22.5,36.5,0.09,"Mytilus edulis","W-Msc-140480"
23,36.5,0.12,"Mytilus edulis","W-Msc-140480"
23.5,36.5,0.11,"Mytilus edulis","W-Msc-140480"
24,36.5,0.06,"Mytilus edulis","W-Msc-140480"
24.5,36.5,0.05,"Mytilus edulis","W-Msc-140480"
25,36.5,0.04,"Mytilus edulis","W-Msc-140480"
25.5,36.5,0.02,"Mytilus edulis","W-Msc-140480"
26,36.5,0.01,"Mytilus edulis","W-Msc-140480"
26.5,36.5,0.01,"Mytilus edulis","W-Msc-140480"
29.5,36.5,0.05,"Mytilus edulis","W-Msc-140480"
32,36.5,0.1,"Mytilus edulis","W-Msc-140480"
32.5,36.5,0.14,"Mytilus edulis","W-Msc-140480"
34.5,36.5,0.09,"Mytilus edulis","W-Msc-140480"
35,36.5,0.01,"Mytilus edulis","W-Msc-140480"
35.5,36.5,0.03,"Mytilus edulis","W-Msc-140480"
36,36.5,0.03,"Mytilus edulis","W-Msc-140480"
36.5,36.5,0.34,"Mytilus edulis","W-Msc-140480"
121,36.5,0.33,"Mytilus edulis","W-Msc-140480"
121.5,36.5,0.87,"Mytilus edulis","W-Msc-140480"
122,36.5,0.72,"Mytilus edulis","W-Msc-140480"
122.5,36.5,0.7,"Mytilus edulis","W-Msc-140480"
123,36.5,1,"Mytilus edulis","W-Msc-140480"
123.5,36.5,1,"Mytilus edulis","W-Msc-140480"
124,36.5,0.1,"Mytilus edulis","W-Msc-140480"
124.5,36.5,0.69,"Mytilus edulis","W-Msc-140480"
125,36.5,0.97,"Mytilus edulis","W-Msc-140480"
125.5,36.5,1,"Mytilus edulis","W-Msc-140480"
126,36.5,1,"Mytilus edulis","W-Msc-140480"
126.5,36.5,1,"Mytilus edulis","W-Msc-140480"
127,36.5,1,"Mytilus edulis","W-Msc-140480"
129.5,36.5,0.88,"Mytilus edulis","W-Msc-140480"
130,36.5,0.86,"Mytilus edulis","W-Msc-140480"
136.5,36.5,0.82,"Mytilus edulis","W-Msc-140480"
137,36.5,0.81,"Mytilus edulis","W-Msc-140480"
137.5,36.5,0.81,"Mytilus edulis","W-Msc-140480"
138,36.5,0.54,"Mytilus edulis","W-Msc-140480"
141,36.5,0.84,"Mytilus edulis","W-Msc-140480"
141.5,36.5,0.83,"Mytilus edulis","W-Msc-140480"
-121.5,36,0.48,"Mytilus edulis","W-Msc-140480"
-121,36,0.35,"Mytilus edulis","W-Msc-140480"
-76.5,36,0.79,"Mytilus edulis","W-Msc-140480"
-76,36,0.79,"Mytilus edulis","W-Msc-140480"
-75.5,36,0.86,"Mytilus edulis","W-Msc-140480"
-75,36,0.8,"Mytilus edulis","W-Msc-140480"
-74.5,36,0.66,"Mytilus edulis","W-Msc-140480"
-6,36,0.64,"Mytilus edulis","W-Msc-140480"
-5.5,36,0.64,"Mytilus edulis","W-Msc-140480"
-5,36,0.64,"Mytilus edulis","W-Msc-140480"
-4.5,36,0.61,"Mytilus edulis","W-Msc-140480"
0.5,36,0.52,"Mytilus edulis","W-Msc-140480"
1,36,0.48,"Mytilus edulis","W-Msc-140480"
10.5,36,0.04,"Mytilus edulis","W-Msc-140480"
11,36,0.11,"Mytilus edulis","W-Msc-140480"
11.5,36,0.04,"Mytilus edulis","W-Msc-140480"
14.5,36,0.05,"Mytilus edulis","W-Msc-140480"
22.5,36,0.04,"Mytilus edulis","W-Msc-140480"
23,36,0.05,"Mytilus edulis","W-Msc-140480"
23.5,36,0.05,"Mytilus edulis","W-Msc-140480"
25.5,36,0.02,"Mytilus edulis","W-Msc-140480"
26,36,0.01,"Mytilus edulis","W-Msc-140480"
26.5,36,0.01,"Mytilus edulis","W-Msc-140480"
33,36,0.01,"Mytilus edulis","W-Msc-140480"
33.5,36,0.01,"Mytilus edulis","W-Msc-140480"
36,36,0.02,"Mytilus edulis","W-Msc-140480"
36.5,36,0.26,"Mytilus edulis","W-Msc-140480"
120.5,36,1,"Mytilus edulis","W-Msc-140480"
121,36,1,"Mytilus edulis","W-Msc-140480"
121.5,36,1,"Mytilus edulis","W-Msc-140480"
122,36,0.7,"Mytilus edulis","W-Msc-140480"
122.5,36,0.72,"Mytilus edulis","W-Msc-140480"
123,36,0.55,"Mytilus edulis","W-Msc-140480"
125,36,0.24,"Mytilus edulis","W-Msc-140480"
125.5,36,1,"Mytilus edulis","W-Msc-140480"
126,36,1,"Mytilus edulis","W-Msc-140480"
126.5,36,1,"Mytilus edulis","W-Msc-140480"
127,36,1,"Mytilus edulis","W-Msc-140480"
129.5,36,0.85,"Mytilus edulis","W-Msc-140480"
130,36,0.83,"Mytilus edulis","W-Msc-140480"
133,36,0.77,"Mytilus edulis","W-Msc-140480"
133.5,36,0.78,"Mytilus edulis","W-Msc-140480"
134,36,0.79,"Mytilus edulis","W-Msc-140480"
136,36,0.44,"Mytilus edulis","W-Msc-140480"
136.5,36,0.79,"Mytilus edulis","W-Msc-140480"
141,36,0.65,"Mytilus edulis","W-Msc-140480"
-121,35.5,0.53,"Mytilus edulis","W-Msc-140480"
-76.5,35.5,0.71,"Mytilus edulis","W-Msc-140480"
-76,35.5,0.69,"Mytilus edulis","W-Msc-140480"
-75.5,35.5,0.71,"Mytilus edulis","W-Msc-140480"
-75,35.5,0.63,"Mytilus edulis","W-Msc-140480"
-74.5,35.5,0.41,"Mytilus edulis","W-Msc-140480"
-5,35.5,0.6,"Mytilus edulis","W-Msc-140480"
-2.5,35.5,0.37,"Mytilus edulis","W-Msc-140480"
-1,35.5,0.37,"Mytilus edulis","W-Msc-140480"
-0.5,35.5,0.4,"Mytilus edulis","W-Msc-140480"
0,35.5,0.45,"Mytilus edulis","W-Msc-140480"
0.5,35.5,0.42,"Mytilus edulis","W-Msc-140480"
11,35.5,0.1,"Mytilus edulis","W-Msc-140480"
11.5,35.5,0.06,"Mytilus edulis","W-Msc-140480"
12,35.5,0.04,"Mytilus edulis","W-Msc-140480"
12.5,35.5,0.04,"Mytilus edulis","W-Msc-140480"
13,35.5,0.04,"Mytilus edulis","W-Msc-140480"
14.5,35.5,0.04,"Mytilus edulis","W-Msc-140480"
15,35.5,0.04,"Mytilus edulis","W-Msc-140480"
23.5,35.5,0.03,"Mytilus edulis","W-Msc-140480"
24,35.5,0.03,"Mytilus edulis","W-Msc-140480"
24.5,35.5,0.02,"Mytilus edulis","W-Msc-140480"
26.5,35.5,0.01,"Mytilus edulis","W-Msc-140480"
36,35.5,0.01,"Mytilus edulis","W-Msc-140480"
120,35.5,1,"Mytilus edulis","W-Msc-140480"
120.5,35.5,1,"Mytilus edulis","W-Msc-140480"
121,35.5,1,"Mytilus edulis","W-Msc-140480"
121.5,35.5,0.93,"Mytilus edulis","W-Msc-140480"
122,35.5,0.79,"Mytilus edulis","W-Msc-140480"
122.5,35.5,0.69,"Mytilus edulis","W-Msc-140480"
123,35.5,0.57,"Mytilus edulis","W-Msc-140480"
124.5,35.5,0.03,"Mytilus edulis","W-Msc-140480"
125.5,35.5,0.55,"Mytilus edulis","W-Msc-140480"
126,35.5,1,"Mytilus edulis","W-Msc-140480"
126.5,35.5,1,"Mytilus edulis","W-Msc-140480"
127,35.5,1,"Mytilus edulis","W-Msc-140480"
129.5,35.5,0.81,"Mytilus edulis","W-Msc-140480"
130,35.5,0.78,"Mytilus edulis","W-Msc-140480"
133,35.5,0.75,"Mytilus edulis","W-Msc-140480"
133.5,35.5,0.76,"Mytilus edulis","W-Msc-140480"
134,35.5,0.77,"Mytilus edulis","W-Msc-140480"
134.5,35.5,0.78,"Mytilus edulis","W-Msc-140480"
135,35.5,0.78,"Mytilus edulis","W-Msc-140480"
135.5,35.5,0.78,"Mytilus edulis","W-Msc-140480"
136,35.5,0.79,"Mytilus edulis","W-Msc-140480"
136.5,35.5,0.71,"Mytilus edulis","W-Msc-140480"
140,35.5,0.28,"Mytilus edulis","W-Msc-140480"
140.5,35.5,0.47,"Mytilus edulis","W-Msc-140480"
141,35.5,0.69,"Mytilus edulis","W-Msc-140480"
141.5,35.5,0.61,"Mytilus edulis","W-Msc-140480"
-120.5,35,0.58,"Mytilus edulis","W-Msc-140480"
-76.5,35,0.63,"Mytilus edulis","W-Msc-140480"
-76,35,0.5,"Mytilus edulis","W-Msc-140480"
-75.5,35,0.49,"Mytilus edulis","W-Msc-140480"
-75,35,0.39,"Mytilus edulis","W-Msc-140480"
-74.5,35,0.24,"Mytilus edulis","W-Msc-140480"
-5,35,0.57,"Mytilus edulis","W-Msc-140480"
-4.5,35,0.53,"Mytilus edulis","W-Msc-140480"
-4,35,0.42,"Mytilus edulis","W-Msc-140480"
-3.5,35,0.39,"Mytilus edulis","W-Msc-140480"
-3,35,0.33,"Mytilus edulis","W-Msc-140480"
-2.5,35,0.33,"Mytilus edulis","W-Msc-140480"
-2,35,0.27,"Mytilus edulis","W-Msc-140480"
-1.5,35,0.4,"Mytilus edulis","W-Msc-140480"
-1,35,0.43,"Mytilus edulis","W-Msc-140480"
11,35,0.03,"Mytilus edulis","W-Msc-140480"
11.5,35,0.08,"Mytilus edulis","W-Msc-140480"
12,35,0.05,"Mytilus edulis","W-Msc-140480"
12.5,35,0.04,"Mytilus edulis","W-Msc-140480"
13,35,0.04,"Mytilus edulis","W-Msc-140480"
24,35,0.01,"Mytilus edulis","W-Msc-140480"
24.5,35,0.01,"Mytilus edulis","W-Msc-140480"
25,35,0.01,"Mytilus edulis","W-Msc-140480"
25.5,35,0.01,"Mytilus edulis","W-Msc-140480"
26,35,0.01,"Mytilus edulis","W-Msc-140480"
26.5,35,0.01,"Mytilus edulis","W-Msc-140480"
119.5,35,1,"Mytilus edulis","W-Msc-140480"
120,35,1,"Mytilus edulis","W-Msc-140480"
120.5,35,0.79,"Mytilus edulis","W-Msc-140480"
121,35,1,"Mytilus edulis","W-Msc-140480"
121.5,35,0.95,"Mytilus edulis","W-Msc-140480"
122,35,0.88,"Mytilus edulis","W-Msc-140480"
122.5,35,0.6,"Mytilus edulis","W-Msc-140480"
125.5,35,0.14,"Mytilus edulis","W-Msc-140480"
126,35,1,"Mytilus edulis","W-Msc-140480"
126.5,35,1,"Mytilus edulis","W-Msc-140480"
127,35,0.16,"Mytilus edulis","W-Msc-140480"
128,35,0.15,"Mytilus edulis","W-Msc-140480"
128.5,35,0.29,"Mytilus edulis","W-Msc-140480"
129,35,0.82,"Mytilus edulis","W-Msc-140480"
129.5,35,0.7,"Mytilus edulis","W-Msc-140480"
130,35,0.73,"Mytilus edulis","W-Msc-140480"
131.5,35,0.72,"Mytilus edulis","W-Msc-140480"
132.5,35,0.73,"Mytilus edulis","W-Msc-140480"
133,35,0.74,"Mytilus edulis","W-Msc-140480"
137,35,0.43,"Mytilus edulis","W-Msc-140480"
139,35,0.52,"Mytilus edulis","W-Msc-140480"
139.5,35,0.27,"Mytilus edulis","W-Msc-140480"
140,35,0.32,"Mytilus edulis","W-Msc-140480"
140.5,35,0.51,"Mytilus edulis","W-Msc-140480"
141,35,0.59,"Mytilus edulis","W-Msc-140480"
-120.5,34.5,0.62,"Mytilus edulis","W-Msc-140480"
-120,34.5,0.63,"Mytilus edulis","W-Msc-140480"
-77,34.5,0.6,"Mytilus edulis","W-Msc-140480"
-76.5,34.5,0.46,"Mytilus edulis","W-Msc-140480"
-76,34.5,0.39,"Mytilus edulis","W-Msc-140480"
-75.5,34.5,0.29,"Mytilus edulis","W-Msc-140480"
-75,34.5,0.15,"Mytilus edulis","W-Msc-140480"
10.5,34.5,0.01,"Mytilus edulis","W-Msc-140480"
11,34.5,0.09,"Mytilus edulis","W-Msc-140480"
11.5,34.5,0.08,"Mytilus edulis","W-Msc-140480"
12,34.5,0.05,"Mytilus edulis","W-Msc-140480"
12.5,34.5,0.04,"Mytilus edulis","W-Msc-140480"
13,34.5,0.02,"Mytilus edulis","W-Msc-140480"
24.5,34.5,0.01,"Mytilus edulis","W-Msc-140480"
25,34.5,0.01,"Mytilus edulis","W-Msc-140480"
26.5,34.5,0.01,"Mytilus edulis","W-Msc-140480"
36,34.5,0.01,"Mytilus edulis","W-Msc-140480"
36.5,34.5,0.14,"Mytilus edulis","W-Msc-140480"
119.5,34.5,0.99,"Mytilus edulis","W-Msc-140480"
120,34.5,1,"Mytilus edulis","W-Msc-140480"
120.5,34.5,1,"Mytilus edulis","W-Msc-140480"
121,34.5,0.98,"Mytilus edulis","W-Msc-140480"
121.5,34.5,0.97,"Mytilus edulis","W-Msc-140480"
122,34.5,0.93,"Mytilus edulis","W-Msc-140480"
122.5,34.5,0.81,"Mytilus edulis","W-Msc-140480"
123,34.5,0.03,"Mytilus edulis","W-Msc-140480"
125.5,34.5,1,"Mytilus edulis","W-Msc-140480"
126,34.5,1,"Mytilus edulis","W-Msc-140480"
126.5,34.5,0.99,"Mytilus edulis","W-Msc-140480"
127,34.5,0.92,"Mytilus edulis","W-Msc-140480"
127.5,34.5,0.86,"Mytilus edulis","W-Msc-140480"
128,34.5,0.85,"Mytilus edulis","W-Msc-140480"
128.5,34.5,0.84,"Mytilus edulis","W-Msc-140480"
129,34.5,0.79,"Mytilus edulis","W-Msc-140480"
129.5,34.5,0.72,"Mytilus edulis","W-Msc-140480"
130,34.5,0.7,"Mytilus edulis","W-Msc-140480"
131.5,34.5,0.71,"Mytilus edulis","W-Msc-140480"
132,34.5,0.72,"Mytilus edulis","W-Msc-140480"
132.5,34.5,0.74,"Mytilus edulis","W-Msc-140480"
134,34.5,0.68,"Mytilus edulis","W-Msc-140480"
134.5,34.5,0.64,"Mytilus edulis","W-Msc-140480"
135,34.5,0.33,"Mytilus edulis","W-Msc-140480"
135.5,34.5,0.14,"Mytilus edulis","W-Msc-140480"
137,34.5,0.16,"Mytilus edulis","W-Msc-140480"
137.5,34.5,0.31,"Mytilus edulis","W-Msc-140480"
138,34.5,0.52,"Mytilus edulis","W-Msc-140480"
138.5,34.5,0.65,"Mytilus edulis","W-Msc-140480"
139,34.5,0.65,"Mytilus edulis","W-Msc-140480"
139.5,34.5,0.62,"Mytilus edulis","W-Msc-140480"
140,34.5,0.6,"Mytilus edulis","W-Msc-140480"
140.5,34.5,0.55,"Mytilus edulis","W-Msc-140480"
-120,34,0.83,"Mytilus edulis","W-Msc-140480"
-119.5,34,0.7,"Mytilus edulis","W-Msc-140480"
-119,34,0.64,"Mytilus edulis","W-Msc-140480"
-118.5,34,0.59,"Mytilus edulis","W-Msc-140480"
-118,34,0.63,"Mytilus edulis","W-Msc-140480"
-77.5,34,0.51,"Mytilus edulis","W-Msc-140480"
-77,34,0.43,"Mytilus edulis","W-Msc-140480"
-76.5,34,0.34,"Mytilus edulis","W-Msc-140480"
-76,34,0.26,"Mytilus edulis","W-Msc-140480"
-75.5,34,0.08,"Mytilus edulis","W-Msc-140480"
10.5,34,0.06,"Mytilus edulis","W-Msc-140480"
11,34,0.06,"Mytilus edulis","W-Msc-140480"
11.5,34,0.04,"Mytilus edulis","W-Msc-140480"
12,34,0.03,"Mytilus edulis","W-Msc-140480"
12.5,34,0.01,"Mytilus edulis","W-Msc-140480"
36,34,0.03,"Mytilus edulis","W-Msc-140480"
120,34,0.91,"Mytilus edulis","W-Msc-140480"
121,34,0.98,"Mytilus edulis","W-Msc-140480"
121.5,34,0.95,"Mytilus edulis","W-Msc-140480"
122,34,0.96,"Mytilus edulis","W-Msc-140480"
122.5,34,0.94,"Mytilus edulis","W-Msc-140480"
123,34,0.72,"Mytilus edulis","W-Msc-140480"
125.5,34,0.97,"Mytilus edulis","W-Msc-140480"
126,34,0.97,"Mytilus edulis","W-Msc-140480"
126.5,34,0.94,"Mytilus edulis","W-Msc-140480"
127,34,0.9,"Mytilus edulis","W-Msc-140480"
127.5,34,0.87,"Mytilus edulis","W-Msc-140480"
128,34,0.82,"Mytilus edulis","W-Msc-140480"
128.5,34,0.74,"Mytilus edulis","W-Msc-140480"
129,34,0.69,"Mytilus edulis","W-Msc-140480"
129.5,34,0.67,"Mytilus edulis","W-Msc-140480"
130.5,34,0.68,"Mytilus edulis","W-Msc-140480"
131,34,0.7,"Mytilus edulis","W-Msc-140480"
131.5,34,0.72,"Mytilus edulis","W-Msc-140480"
132,34,0.73,"Mytilus edulis","W-Msc-140480"
132.5,34,0.74,"Mytilus edulis","W-Msc-140480"
133,34,0.63,"Mytilus edulis","W-Msc-140480"
133.5,34,0.64,"Mytilus edulis","W-Msc-140480"
134,34,0.63,"Mytilus edulis","W-Msc-140480"
134.5,34,0.63,"Mytilus edulis","W-Msc-140480"
135,34,0.61,"Mytilus edulis","W-Msc-140480"
135.5,34,0.46,"Mytilus edulis","W-Msc-140480"
136.5,34,0.61,"Mytilus edulis","W-Msc-140480"
137,34,0.63,"Mytilus edulis","W-Msc-140480"
137.5,34,0.39,"Mytilus edulis","W-Msc-140480"
138.5,34,0.27,"Mytilus edulis","W-Msc-140480"
139.5,34,0.56,"Mytilus edulis","W-Msc-140480"
140,34,0.53,"Mytilus edulis","W-Msc-140480"
-120,33.5,1,"Mytilus edulis","W-Msc-140480"
-119.5,33.5,1,"Mytilus edulis","W-Msc-140480"
-119,33.5,0.81,"Mytilus edulis","W-Msc-140480"
-118.5,33.5,0.71,"Mytilus edulis","W-Msc-140480"
-118,33.5,0.61,"Mytilus edulis","W-Msc-140480"
-117.5,33.5,0.65,"Mytilus edulis","W-Msc-140480"
-79,33.5,0.58,"Mytilus edulis","W-Msc-140480"
-78.5,33.5,0.45,"Mytilus edulis","W-Msc-140480"
-78,33.5,0.44,"Mytilus edulis","W-Msc-140480"
-77.5,33.5,0.4,"Mytilus edulis","W-Msc-140480"
-77,33.5,0.3,"Mytilus edulis","W-Msc-140480"
-76.5,33.5,0.23,"Mytilus edulis","W-Msc-140480"
-76,33.5,0.13,"Mytilus edulis","W-Msc-140480"
10.5,33.5,0.06,"Mytilus edulis","W-Msc-140480"
11,33.5,0.06,"Mytilus edulis","W-Msc-140480"
11.5,33.5,0.05,"Mytilus edulis","W-Msc-140480"
12,33.5,0.04,"Mytilus edulis","W-Msc-140480"
12.5,33.5,0.02,"Mytilus edulis","W-Msc-140480"
13,33.5,0.01,"Mytilus edulis","W-Msc-140480"
35.5,33.5,0.02,"Mytilus edulis","W-Msc-140480"
36,33.5,0.04,"Mytilus edulis","W-Msc-140480"
120.5,33.5,0.81,"Mytilus edulis","W-Msc-140480"
121,33.5,0.95,"Mytilus edulis","W-Msc-140480"
121.5,33.5,0.93,"Mytilus edulis","W-Msc-140480"
122,33.5,0.95,"Mytilus edulis","W-Msc-140480"
122.5,33.5,0.95,"Mytilus edulis","W-Msc-140480"
123,33.5,0.92,"Mytilus edulis","W-Msc-140480"
123.5,33.5,0.52,"Mytilus edulis","W-Msc-140480"
124,33.5,0.21,"Mytilus edulis","W-Msc-140480"
125.5,33.5,0.84,"Mytilus edulis","W-Msc-140480"
126,33.5,0.17,"Mytilus edulis","W-Msc-140480"
126.5,33.5,0.79,"Mytilus edulis","W-Msc-140480"
127,33.5,0.75,"Mytilus edulis","W-Msc-140480"
127.5,33.5,0.7,"Mytilus edulis","W-Msc-140480"
128,33.5,0.66,"Mytilus edulis","W-Msc-140480"
130,33.5,0.69,"Mytilus edulis","W-Msc-140480"
130.5,33.5,0.71,"Mytilus edulis","W-Msc-140480"
131,33.5,0.71,"Mytilus edulis","W-Msc-140480"
131.5,33.5,0.72,"Mytilus edulis","W-Msc-140480"
132,33.5,0.75,"Mytilus edulis","W-Msc-140480"
132.5,33.5,0.75,"Mytilus edulis","W-Msc-140480"
133,33.5,0.67,"Mytilus edulis","W-Msc-140480"
133.5,33.5,0.61,"Mytilus edulis","W-Msc-140480"
134,33.5,0.58,"Mytilus edulis","W-Msc-140480"
134.5,33.5,0.57,"Mytilus edulis","W-Msc-140480"
135,33.5,0.55,"Mytilus edulis","W-Msc-140480"
135.5,33.5,0.52,"Mytilus edulis","W-Msc-140480"
136,33.5,0.53,"Mytilus edulis","W-Msc-140480"
136.5,33.5,0.57,"Mytilus edulis","W-Msc-140480"
140,33.5,0.48,"Mytilus edulis","W-Msc-140480"
-119.5,33,1,"Mytilus edulis","W-Msc-140480"
-119,33,0.97,"Mytilus edulis","W-Msc-140480"
-118.5,33,0.91,"Mytilus edulis","W-Msc-140480"
-118,33,0.88,"Mytilus edulis","W-Msc-140480"
-117.5,33,0.68,"Mytilus edulis","W-Msc-140480"
-117,33,0.67,"Mytilus edulis","W-Msc-140480"
-79.5,33,0.18,"Mytilus edulis","W-Msc-140480"
-79,33,0.43,"Mytilus edulis","W-Msc-140480"
-78.5,33,0.38,"Mytilus edulis","W-Msc-140480"
-78,33,0.32,"Mytilus edulis","W-Msc-140480"
-77.5,33,0.28,"Mytilus edulis","W-Msc-140480"
-77,33,0.22,"Mytilus edulis","W-Msc-140480"
11.5,33,0.06,"Mytilus edulis","W-Msc-140480"
12,33,0.05,"Mytilus edulis","W-Msc-140480"
12.5,33,0.03,"Mytilus edulis","W-Msc-140480"
13,33,0.03,"Mytilus edulis","W-Msc-140480"
13.5,33,0.03,"Mytilus edulis","W-Msc-140480"
35.5,33,0.04,"Mytilus edulis","W-Msc-140480"
121,33,0.93,"Mytilus edulis","W-Msc-140480"
121.5,33,0.92,"Mytilus edulis","W-Msc-140480"
122,33,0.94,"Mytilus edulis","W-Msc-140480"
122.5,33,0.95,"Mytilus edulis","W-Msc-140480"
123,33,0.92,"Mytilus edulis","W-Msc-140480"
123.5,33,0.86,"Mytilus edulis","W-Msc-140480"
124,33,0.71,"Mytilus edulis","W-Msc-140480"
124.5,33,0.37,"Mytilus edulis","W-Msc-140480"
126,33,0.07,"Mytilus edulis","W-Msc-140480"
126.5,33,0.69,"Mytilus edulis","W-Msc-140480"
127,33,0.65,"Mytilus edulis","W-Msc-140480"
127.5,33,0.6,"Mytilus edulis","W-Msc-140480"
129,33,0.63,"Mytilus edulis","W-Msc-140480"
129.5,33,0.66,"Mytilus edulis","W-Msc-140480"
130,33,0.66,"Mytilus edulis","W-Msc-140480"
130.5,33,0.66,"Mytilus edulis","W-Msc-140480"
132,33,0.68,"Mytilus edulis","W-Msc-140480"
132.5,33,0.65,"Mytilus edulis","W-Msc-140480"
133,33,0.19,"Mytilus edulis","W-Msc-140480"
133.5,33,0.5,"Mytilus edulis","W-Msc-140480"
134,33,0.49,"Mytilus edulis","W-Msc-140480"
134.5,33,0.46,"Mytilus edulis","W-Msc-140480"
136,33,0.42,"Mytilus edulis","W-Msc-140480"
140,33,0.46,"Mytilus edulis","W-Msc-140480"
-119,32.5,0.34,"Mytilus edulis","W-Msc-140480"
-118.5,32.5,0.92,"Mytilus edulis","W-Msc-140480"
-118,32.5,0.88,"Mytilus edulis","W-Msc-140480"
-117,32.5,0.6,"Mytilus edulis","W-Msc-140480"
-80.5,32.5,0.09,"Mytilus edulis","W-Msc-140480"
-80,32.5,0.53,"Mytilus edulis","W-Msc-140480"
-79.5,32.5,0.41,"Mytilus edulis","W-Msc-140480"
-79,32.5,0.36,"Mytilus edulis","W-Msc-140480"
-78.5,32.5,0.28,"Mytilus edulis","W-Msc-140480"
-78,32.5,0.23,"Mytilus edulis","W-Msc-140480"
-64.5,32.5,0.29,"Mytilus edulis","W-Msc-140480"
12.5,32.5,0.06,"Mytilus edulis","W-Msc-140480"
13,32.5,0.05,"Mytilus edulis","W-Msc-140480"
13.5,32.5,0.04,"Mytilus edulis","W-Msc-140480"
14,32.5,0.03,"Mytilus edulis","W-Msc-140480"
14.5,32.5,0.03,"Mytilus edulis","W-Msc-140480"
15,32.5,0.03,"Mytilus edulis","W-Msc-140480"
20.5,32.5,0.02,"Mytilus edulis","W-Msc-140480"
21,32.5,0.02,"Mytilus edulis","W-Msc-140480"
21.5,32.5,0.02,"Mytilus edulis","W-Msc-140480"
22,32.5,0.02,"Mytilus edulis","W-Msc-140480"
22.5,32.5,0.01,"Mytilus edulis","W-Msc-140480"
23,32.5,0.01,"Mytilus edulis","W-Msc-140480"
23.5,32.5,0.01,"Mytilus edulis","W-Msc-140480"
35,32.5,0.05,"Mytilus edulis","W-Msc-140480"
35.5,32.5,0.05,"Mytilus edulis","W-Msc-140480"
121,32.5,0.75,"Mytilus edulis","W-Msc-140480"
121.5,32.5,0.57,"Mytilus edulis","W-Msc-140480"
122,32.5,0.93,"Mytilus edulis","W-Msc-140480"
122.5,32.5,0.92,"Mytilus edulis","W-Msc-140480"
123,32.5,0.9,"Mytilus edulis","W-Msc-140480"
123.5,32.5,0.88,"Mytilus edulis","W-Msc-140480"
124,32.5,0.72,"Mytilus edulis","W-Msc-140480"
124.5,32.5,0.61,"Mytilus edulis","W-Msc-140480"
125,32.5,0.36,"Mytilus edulis","W-Msc-140480"
125.5,32.5,0.1,"Mytilus edulis","W-Msc-140480"
129,32.5,0.58,"Mytilus edulis","W-Msc-140480"
129.5,32.5,0.59,"Mytilus edulis","W-Msc-140480"
130,32.5,0.62,"Mytilus edulis","W-Msc-140480"
130.5,32.5,0.62,"Mytilus edulis","W-Msc-140480"
131,32.5,0.6,"Mytilus edulis","W-Msc-140480"
132,32.5,0.53,"Mytilus edulis","W-Msc-140480"
132.5,32.5,0.48,"Mytilus edulis","W-Msc-140480"
133,32.5,0.45,"Mytilus edulis","W-Msc-140480"
133.5,32.5,0.43,"Mytilus edulis","W-Msc-140480"
-117,32,0.71,"Mytilus edulis","W-Msc-140480"
-116.5,32,0.65,"Mytilus edulis","W-Msc-140480"
-80.5,32,0.51,"Mytilus edulis","W-Msc-140480"
-80,32,0.43,"Mytilus edulis","W-Msc-140480"
-79.5,32,0.33,"Mytilus edulis","W-Msc-140480"
-79,32,0.24,"Mytilus edulis","W-Msc-140480"
-78.5,32,0.14,"Mytilus edulis","W-Msc-140480"
-64.5,32,0.28,"Mytilus edulis","W-Msc-140480"
15,32,0.03,"Mytilus edulis","W-Msc-140480"
15.5,32,0.02,"Mytilus edulis","W-Msc-140480"
16,32,0.02,"Mytilus edulis","W-Msc-140480"
20,32,0.02,"Mytilus edulis","W-Msc-140480"
20.5,32,0.02,"Mytilus edulis","W-Msc-140480"
23.5,32,0.01,"Mytilus edulis","W-Msc-140480"
24,32,0.01,"Mytilus edulis","W-Msc-140480"
24.5,32,0.01,"Mytilus edulis","W-Msc-140480"
25,32,0.01,"Mytilus edulis","W-Msc-140480"
25.5,32,0.01,"Mytilus edulis","W-Msc-140480"
35,32,0.07,"Mytilus edulis","W-Msc-140480"
120.5,32,0.15,"Mytilus edulis","W-Msc-140480"
121,32,0.59,"Mytilus edulis","W-Msc-140480"
122.5,32,0.8,"Mytilus edulis","W-Msc-140480"
123,32,0.86,"Mytilus edulis","W-Msc-140480"
123.5,32,0.82,"Mytilus edulis","W-Msc-140480"
124,32,0.64,"Mytilus edulis","W-Msc-140480"
124.5,32,0.64,"Mytilus edulis","W-Msc-140480"
125,32,0.68,"Mytilus edulis","W-Msc-140480"
125.5,32,0.4,"Mytilus edulis","W-Msc-140480"
126,32,0.17,"Mytilus edulis","W-Msc-140480"
128.5,32,0.52,"Mytilus edulis","W-Msc-140480"
130,32,0.56,"Mytilus edulis","W-Msc-140480"
130.5,32,0.56,"Mytilus edulis","W-Msc-140480"
131,32,0.55,"Mytilus edulis","W-Msc-140480"
132,32,0.46,"Mytilus edulis","W-Msc-140480"
140,32,0.43,"Mytilus edulis","W-Msc-140480"
-116.5,31.5,0.62,"Mytilus edulis","W-Msc-140480"
-114.5,31.5,0.22,"Mytilus edulis","W-Msc-140480"
-114,31.5,0.45,"Mytilus edulis","W-Msc-140480"
-113.5,31.5,0.44,"Mytilus edulis","W-Msc-140480"
-81,31.5,0.51,"Mytilus edulis","W-Msc-140480"
-80.5,31.5,0.49,"Mytilus edulis","W-Msc-140480"
-80,31.5,0.33,"Mytilus edulis","W-Msc-140480"
-79.5,31.5,0.23,"Mytilus edulis","W-Msc-140480"
-79,31.5,0.04,"Mytilus edulis","W-Msc-140480"
15.5,31.5,0.04,"Mytilus edulis","W-Msc-140480"
16,31.5,0.03,"Mytilus edulis","W-Msc-140480"
20,31.5,0.02,"Mytilus edulis","W-Msc-140480"
20.5,31.5,0.03,"Mytilus edulis","W-Msc-140480"
25.5,31.5,0.01,"Mytilus edulis","W-Msc-140480"
26,31.5,0.01,"Mytilus edulis","W-Msc-140480"
30.5,31.5,0.02,"Mytilus edulis","W-Msc-140480"
31,31.5,0.03,"Mytilus edulis","W-Msc-140480"
31.5,31.5,0.05,"Mytilus edulis","W-Msc-140480"
32,31.5,0.05,"Mytilus edulis","W-Msc-140480"
32.5,31.5,0.03,"Mytilus edulis","W-Msc-140480"
33,31.5,0.01,"Mytilus edulis","W-Msc-140480"
34.5,31.5,0.06,"Mytilus edulis","W-Msc-140480"
35,31.5,0.07,"Mytilus edulis","W-Msc-140480"
120.5,31.5,0.14,"Mytilus edulis","W-Msc-140480"
121,31.5,0.54,"Mytilus edulis","W-Msc-140480"
122.5,31.5,0.24,"Mytilus edulis","W-Msc-140480"
123,31.5,0.8,"Mytilus edulis","W-Msc-140480"
123.5,31.5,0.8,"Mytilus edulis","W-Msc-140480"
124,31.5,0.61,"Mytilus edulis","W-Msc-140480"
124.5,31.5,0.61,"Mytilus edulis","W-Msc-140480"
125,31.5,0.63,"Mytilus edulis","W-Msc-140480"
125.5,31.5,0.74,"Mytilus edulis","W-Msc-140480"
126,31.5,0.22,"Mytilus edulis","W-Msc-140480"
126.5,31.5,0.36,"Mytilus edulis","W-Msc-140480"
128.5,31.5,0.28,"Mytilus edulis","W-Msc-140480"
130,31.5,0.5,"Mytilus edulis","W-Msc-140480"
130.5,31.5,0.51,"Mytilus edulis","W-Msc-140480"
131,31.5,0.49,"Mytilus edulis","W-Msc-140480"
131.5,31.5,0.46,"Mytilus edulis","W-Msc-140480"
132,31.5,0.4,"Mytilus edulis","W-Msc-140480"
-116.5,31,0.73,"Mytilus edulis","W-Msc-140480"
-116,31,0.68,"Mytilus edulis","W-Msc-140480"
-114.5,31,0.24,"Mytilus edulis","W-Msc-140480"
-114,31,0.27,"Mytilus edulis","W-Msc-140480"
-113.5,31,0.25,"Mytilus edulis","W-Msc-140480"
-113,31,0.29,"Mytilus edulis","W-Msc-140480"
-81,31,0.49,"Mytilus edulis","W-Msc-140480"
-80.5,31,0.35,"Mytilus edulis","W-Msc-140480"
-80,31,0.26,"Mytilus edulis","W-Msc-140480"
-79.5,31,0.11,"Mytilus edulis","W-Msc-140480"
16,31,0.05,"Mytilus edulis","W-Msc-140480"
16.5,31,0.04,"Mytilus edulis","W-Msc-140480"
17,31,0.03,"Mytilus edulis","W-Msc-140480"
17.5,31,0.02,"Mytilus edulis","W-Msc-140480"
18,31,0.03,"Mytilus edulis","W-Msc-140480"
18.5,31,0.02,"Mytilus edulis","W-Msc-140480"
20,31,0.03,"Mytilus edulis","W-Msc-140480"
20.5,31,0.04,"Mytilus edulis","W-Msc-140480"
27,31,0.01,"Mytilus edulis","W-Msc-140480"
27.5,31,0.01,"Mytilus edulis","W-Msc-140480"
28,31,0.01,"Mytilus edulis","W-Msc-140480"
28.5,31,0.01,"Mytilus edulis","W-Msc-140480"
29,31,0.01,"Mytilus edulis","W-Msc-140480"
29.5,31,0.01,"Mytilus edulis","W-Msc-140480"
30,31,0.02,"Mytilus edulis","W-Msc-140480"
30.5,31,0.03,"Mytilus edulis","W-Msc-140480"
31,31,0.03,"Mytilus edulis","W-Msc-140480"
32,31,0.05,"Mytilus edulis","W-Msc-140480"
32.5,31,0.06,"Mytilus edulis","W-Msc-140480"
33,31,0.06,"Mytilus edulis","W-Msc-140480"
33.5,31,0.05,"Mytilus edulis","W-Msc-140480"
34,31,0.04,"Mytilus edulis","W-Msc-140480"
34.5,31,0.1,"Mytilus edulis","W-Msc-140480"
123,31,0.78,"Mytilus edulis","W-Msc-140480"
123.5,31,0.75,"Mytilus edulis","W-Msc-140480"
124,31,0.51,"Mytilus edulis","W-Msc-140480"
124.5,31,0.54,"Mytilus edulis","W-Msc-140480"
125,31,0.44,"Mytilus edulis","W-Msc-140480"
125.5,31,0.4,"Mytilus edulis","W-Msc-140480"
126,31,0.31,"Mytilus edulis","W-Msc-140480"
129.5,31,0.43,"Mytilus edulis","W-Msc-140480"
130,31,0.44,"Mytilus edulis","W-Msc-140480"
130.5,31,0.46,"Mytilus edulis","W-Msc-140480"
131,31,0.45,"Mytilus edulis","W-Msc-140480"
131.5,31,0.43,"Mytilus edulis","W-Msc-140480"
-116,30.5,0.64,"Mytilus edulis","W-Msc-140480"
-115.5,30.5,0.69,"Mytilus edulis","W-Msc-140480"
-114.5,30.5,0.33,"Mytilus edulis","W-Msc-140480"
-114,30.5,0.38,"Mytilus edulis","W-Msc-140480"
-113.5,30.5,0.06,"Mytilus edulis","W-Msc-140480"
-113,30.5,0.29,"Mytilus edulis","W-Msc-140480"
-112.5,30.5,0.35,"Mytilus edulis","W-Msc-140480"
-88,30.5,0.42,"Mytilus edulis","W-Msc-140480"
-87.5,30.5,0.45,"Mytilus edulis","W-Msc-140480"
-87,30.5,0.15,"Mytilus edulis","W-Msc-140480"
-86.5,30.5,0.44,"Mytilus edulis","W-Msc-140480"
-86,30.5,0.22,"Mytilus edulis","W-Msc-140480"
-81,30.5,0.38,"Mytilus edulis","W-Msc-140480"
-80.5,30.5,0.29,"Mytilus edulis","W-Msc-140480"
-80,30.5,0.2,"Mytilus edulis","W-Msc-140480"
-79.5,30.5,0.07,"Mytilus edulis","W-Msc-140480"
18,30.5,0.06,"Mytilus edulis","W-Msc-140480"
18.5,30.5,0.07,"Mytilus edulis","W-Msc-140480"
19,30.5,0.03,"Mytilus edulis","W-Msc-140480"
20,30.5,0.06,"Mytilus edulis","W-Msc-140480"
20.5,30.5,0.05,"Mytilus edulis","W-Msc-140480"
29,30.5,0.02,"Mytilus edulis","W-Msc-140480"
29.5,30.5,0.02,"Mytilus edulis","W-Msc-140480"
121,30.5,0.23,"Mytilus edulis","W-Msc-140480"
121.5,30.5,0.21,"Mytilus edulis","W-Msc-140480"
122.5,30.5,0.65,"Mytilus edulis","W-Msc-140480"
123,30.5,0.79,"Mytilus edulis","W-Msc-140480"
123.5,30.5,0.7,"Mytilus edulis","W-Msc-140480"
124,30.5,0.6,"Mytilus edulis","W-Msc-140480"
124.5,30.5,0.34,"Mytilus edulis","W-Msc-140480"
125,30.5,0.32,"Mytilus edulis","W-Msc-140480"
125.5,30.5,0.17,"Mytilus edulis","W-Msc-140480"
126,30.5,0.14,"Mytilus edulis","W-Msc-140480"
126.5,30.5,0.07,"Mytilus edulis","W-Msc-140480"
129.5,30.5,0.38,"Mytilus edulis","W-Msc-140480"
130,30.5,0.37,"Mytilus edulis","W-Msc-140480"
130.5,30.5,0.38,"Mytilus edulis","W-Msc-140480"
131,30.5,0.4,"Mytilus edulis","W-Msc-140480"
131.5,30.5,0.37,"Mytilus edulis","W-Msc-140480"
140.5,30.5,0.44,"Mytilus edulis","W-Msc-140480"
-116,30,0.78,"Mytilus edulis","W-Msc-140480"
-115.5,30,0.68,"Mytilus edulis","W-Msc-140480"
-114.5,30,0.53,"Mytilus edulis","W-Msc-140480"
-114,30,0.4,"Mytilus edulis","W-Msc-140480"
-113,30,0.36,"Mytilus edulis","W-Msc-140480"
-112.5,30,0.4,"Mytilus edulis","W-Msc-140480"
-93.5,30,0.07,"Mytilus edulis","W-Msc-140480"
-90,30,0.28,"Mytilus edulis","W-Msc-140480"
-89.5,30,0.27,"Mytilus edulis","W-Msc-140480"
-89,30,0.29,"Mytilus edulis","W-Msc-140480"
-88.5,30,0.34,"Mytilus edulis","W-Msc-140480"
-88,30,0.41,"Mytilus edulis","W-Msc-140480"
-87.5,30,0.4,"Mytilus edulis","W-Msc-140480"
-87,30,0.39,"Mytilus edulis","W-Msc-140480"
-86.5,30,0.38,"Mytilus edulis","W-Msc-140480"
-86,30,0.4,"Mytilus edulis","W-Msc-140480"
-85.5,30,0.41,"Mytilus edulis","W-Msc-140480"
-85,30,0.07,"Mytilus edulis","W-Msc-140480"
-84,30,0.43,"Mytilus edulis","W-Msc-140480"
-83.5,30,0.43,"Mytilus edulis","W-Msc-140480"
-81,30,0.33,"Mytilus edulis","W-Msc-140480"
-80.5,30,0.26,"Mytilus edulis","W-Msc-140480"
-80,30,0.17,"Mytilus edulis","W-Msc-140480"
19,30,0.07,"Mytilus edulis","W-Msc-140480"
19.5,30,0.07,"Mytilus edulis","W-Msc-140480"
20,30,0.07,"Mytilus edulis","W-Msc-140480"
120.5,30,0.26,"Mytilus edulis","W-Msc-140480"
121,30,0.81,"Mytilus edulis","W-Msc-140480"
121.5,30,0.74,"Mytilus edulis","W-Msc-140480"
122,30,0.81,"Mytilus edulis","W-Msc-140480"
122.5,30,0.82,"Mytilus edulis","W-Msc-140480"
123,30,0.76,"Mytilus edulis","W-Msc-140480"
123.5,30,0.67,"Mytilus edulis","W-Msc-140480"
124,30,0.65,"Mytilus edulis","W-Msc-140480"
124.5,30,0.27,"Mytilus edulis","W-Msc-140480"
125,30,0.23,"Mytilus edulis","W-Msc-140480"
125.5,30,0.09,"Mytilus edulis","W-Msc-140480"
130,30,0.31,"Mytilus edulis","W-Msc-140480"
130.5,30,0.33,"Mytilus edulis","W-Msc-140480"
131,30,0.36,"Mytilus edulis","W-Msc-140480"
131.5,30,0.33,"Mytilus edulis","W-Msc-140480"
-115.5,29.5,0.58,"Mytilus edulis","W-Msc-140480"
-115,29.5,0.69,"Mytilus edulis","W-Msc-140480"
-114,29.5,0.41,"Mytilus edulis","W-Msc-140480"
-113.5,29.5,0.42,"Mytilus edulis","W-Msc-140480"
-113,29.5,0.42,"Mytilus edulis","W-Msc-140480"
-112.5,29.5,0.4,"Mytilus edulis","W-Msc-140480"
-112,29.5,0.4,"Mytilus edulis","W-Msc-140480"
-94.5,29.5,0.33,"Mytilus edulis","W-Msc-140480"
-94,29.5,0.43,"Mytilus edulis","W-Msc-140480"
-93.5,29.5,0.43,"Mytilus edulis","W-Msc-140480"
-93,29.5,0.42,"Mytilus edulis","W-Msc-140480"
-92.5,29.5,0.41,"Mytilus edulis","W-Msc-140480"
-92,29.5,0.41,"Mytilus edulis","W-Msc-140480"
-91.5,29.5,0.42,"Mytilus edulis","W-Msc-140480"
-91,29.5,0.41,"Mytilus edulis","W-Msc-140480"
-90,29.5,0.05,"Mytilus edulis","W-Msc-140480"
-89.5,29.5,0.28,"Mytilus edulis","W-Msc-140480"
-89,29.5,0.3,"Mytilus edulis","W-Msc-140480"
-88.5,29.5,0.31,"Mytilus edulis","W-Msc-140480"
-88,29.5,0.35,"Mytilus edulis","W-Msc-140480"
-87.5,29.5,0.34,"Mytilus edulis","W-Msc-140480"
-87,29.5,0.32,"Mytilus edulis","W-Msc-140480"
-86.5,29.5,0.05,"Mytilus edulis","W-Msc-140480"
-86,29.5,0.34,"Mytilus edulis","W-Msc-140480"
-85.5,29.5,0.38,"Mytilus edulis","W-Msc-140480"
-85,29.5,0.4,"Mytilus edulis","W-Msc-140480"
-84.5,29.5,0.41,"Mytilus edulis","W-Msc-140480"
-84,29.5,0.4,"Mytilus edulis","W-Msc-140480"
-83.5,29.5,0.4,"Mytilus edulis","W-Msc-140480"
-83,29.5,0.4,"Mytilus edulis","W-Msc-140480"
-81,29.5,0.31,"Mytilus edulis","W-Msc-140480"
-80.5,29.5,0.25,"Mytilus edulis","W-Msc-140480"
-80,29.5,0.16,"Mytilus edulis","W-Msc-140480"
121.5,29.5,0.13,"Mytilus edulis","W-Msc-140480"
122,29.5,0.79,"Mytilus edulis","W-Msc-140480"
122.5,29.5,0.79,"Mytilus edulis","W-Msc-140480"
123,29.5,0.69,"Mytilus edulis","W-Msc-140480"
123.5,29.5,0.54,"Mytilus edulis","W-Msc-140480"
124,29.5,0.46,"Mytilus edulis","W-Msc-140480"
124.5,29.5,0.44,"Mytilus edulis","W-Msc-140480"
125,29.5,0.6,"Mytilus edulis","W-Msc-140480"
125.5,29.5,0.27,"Mytilus edulis","W-Msc-140480"
126,29.5,0.02,"Mytilus edulis","W-Msc-140480"
127,29.5,0.14,"Mytilus edulis","W-Msc-140480"
127.5,29.5,0.16,"Mytilus edulis","W-Msc-140480"
130,29.5,0.29,"Mytilus edulis","W-Msc-140480"
-118,29,0.82,"Mytilus edulis","W-Msc-140480"
-115,29,0.71,"Mytilus edulis","W-Msc-140480"
-114.5,29,0.73,"Mytilus edulis","W-Msc-140480"
-113.5,29,0.55,"Mytilus edulis","W-Msc-140480"
-113,29,0.5,"Mytilus edulis","W-Msc-140480"
-112,29,0.43,"Mytilus edulis","W-Msc-140480"
-95,29,0.42,"Mytilus edulis","W-Msc-140480"
-94.5,29,0.34,"Mytilus edulis","W-Msc-140480"
-94,29,0.4,"Mytilus edulis","W-Msc-140480"
-93.5,29,0.39,"Mytilus edulis","W-Msc-140480"
-93,29,0.38,"Mytilus edulis","W-Msc-140480"
-92.5,29,0.37,"Mytilus edulis","W-Msc-140480"
-92,29,0.38,"Mytilus edulis","W-Msc-140480"
-91.5,29,0.38,"Mytilus edulis","W-Msc-140480"
-91,29,0.38,"Mytilus edulis","W-Msc-140480"
-90.5,29,0.37,"Mytilus edulis","W-Msc-140480"
-90,29,0.35,"Mytilus edulis","W-Msc-140480"
-89.5,29,0.28,"Mytilus edulis","W-Msc-140480"
-89,29,0.29,"Mytilus edulis","W-Msc-140480"
-88.5,29,0.28,"Mytilus edulis","W-Msc-140480"
-88,29,0.25,"Mytilus edulis","W-Msc-140480"
-87.5,29,0.24,"Mytilus edulis","W-Msc-140480"
-86,29,0.11,"Mytilus edulis","W-Msc-140480"
-85.5,29,0.32,"Mytilus edulis","W-Msc-140480"
-85,29,0.35,"Mytilus edulis","W-Msc-140480"
-84.5,29,0.35,"Mytilus edulis","W-Msc-140480"
-84,29,0.35,"Mytilus edulis","W-Msc-140480"
-83.5,29,0.36,"Mytilus edulis","W-Msc-140480"
-83,29,0.39,"Mytilus edulis","W-Msc-140480"
-82.5,29,0.37,"Mytilus edulis","W-Msc-140480"
-81,29,0.29,"Mytilus edulis","W-Msc-140480"
-80.5,29,0.25,"Mytilus edulis","W-Msc-140480"
-80,29,0.17,"Mytilus edulis","W-Msc-140480"
121.5,29,0.24,"Mytilus edulis","W-Msc-140480"
122,29,0.75,"Mytilus edulis","W-Msc-140480"
122.5,29,0.73,"Mytilus edulis","W-Msc-140480"
123,29,0.62,"Mytilus edulis","W-Msc-140480"
123.5,29,0.28,"Mytilus edulis","W-Msc-140480"
129.5,29,0.3,"Mytilus edulis","W-Msc-140480"
130,29,0.29,"Mytilus edulis","W-Msc-140480"
-118,28.5,0.8,"Mytilus edulis","W-Msc-140480"
-114.5,28.5,0.84,"Mytilus edulis","W-Msc-140480"
-114,28.5,0.72,"Mytilus edulis","W-Msc-140480"
-113.5,28.5,0.21,"Mytilus edulis","W-Msc-140480"
-113,28.5,0.55,"Mytilus edulis","W-Msc-140480"
-112.5,28.5,0.49,"Mytilus edulis","W-Msc-140480"
-112,28.5,0.42,"Mytilus edulis","W-Msc-140480"
-111.5,28.5,0.39,"Mytilus edulis","W-Msc-140480"
-96.5,28.5,0.39,"Mytilus edulis","W-Msc-140480"
-96,28.5,0.38,"Mytilus edulis","W-Msc-140480"
-95.5,28.5,0.38,"Mytilus edulis","W-Msc-140480"
-95,28.5,0.38,"Mytilus edulis","W-Msc-140480"
-94.5,28.5,0.3,"Mytilus edulis","W-Msc-140480"
-94,28.5,0.15,"Mytilus edulis","W-Msc-140480"
-93.5,28.5,0.11,"Mytilus edulis","W-Msc-140480"
-93,28.5,0.1,"Mytilus edulis","W-Msc-140480"
-92.5,28.5,0.1,"Mytilus edulis","W-Msc-140480"
-92,28.5,0.13,"Mytilus edulis","W-Msc-140480"
-91.5,28.5,0.26,"Mytilus edulis","W-Msc-140480"
-91,28.5,0.33,"Mytilus edulis","W-Msc-140480"
-90.5,28.5,0.33,"Mytilus edulis","W-Msc-140480"
-90,28.5,0.31,"Mytilus edulis","W-Msc-140480"
-89.5,28.5,0.3,"Mytilus edulis","W-Msc-140480"
-89,28.5,0.27,"Mytilus edulis","W-Msc-140480"
-85,28.5,0.17,"Mytilus edulis","W-Msc-140480"
-84.5,28.5,0.28,"Mytilus edulis","W-Msc-140480"
-84,28.5,0.19,"Mytilus edulis","W-Msc-140480"
-83.5,28.5,0.19,"Mytilus edulis","W-Msc-140480"
-83,28.5,0.34,"Mytilus edulis","W-Msc-140480"
-82.5,28.5,0.37,"Mytilus edulis","W-Msc-140480"
-80.5,28.5,0.25,"Mytilus edulis","W-Msc-140480"
-80,28.5,0.18,"Mytilus edulis","W-Msc-140480"
-79.5,28.5,0.01,"Mytilus edulis","W-Msc-140480"
122,28.5,0.7,"Mytilus edulis","W-Msc-140480"
122.5,28.5,0.65,"Mytilus edulis","W-Msc-140480"
123,28.5,0.57,"Mytilus edulis","W-Msc-140480"
129.5,28.5,0.32,"Mytilus edulis","W-Msc-140480"
130,28.5,0.32,"Mytilus edulis","W-Msc-140480"
-178,28,0.06,"Mytilus edulis","W-Msc-140480"
-177,28,0.06,"Mytilus edulis","W-Msc-140480"
-115.5,28,0.82,"Mytilus edulis","W-Msc-140480"
-115,28,0.82,"Mytilus edulis","W-Msc-140480"
-114.5,28,0.81,"Mytilus edulis","W-Msc-140480"
-114,28,0.79,"Mytilus edulis","W-Msc-140480"
-112.5,28,0.48,"Mytilus edulis","W-Msc-140480"
-112,28,0.41,"Mytilus edulis","W-Msc-140480"
-111.5,28,0.37,"Mytilus edulis","W-Msc-140480"
-111,28,0.36,"Mytilus edulis","W-Msc-140480"
-97,28,0.37,"Mytilus edulis","W-Msc-140480"
-96.5,28,0.37,"Mytilus edulis","W-Msc-140480"
-96,28,0.36,"Mytilus edulis","W-Msc-140480"
-95.5,28,0.26,"Mytilus edulis","W-Msc-140480"
-95,28,0.16,"Mytilus edulis","W-Msc-140480"
-94.5,28,0.1,"Mytilus edulis","W-Msc-140480"
-94,28,0.08,"Mytilus edulis","W-Msc-140480"
-93.5,28,0.08,"Mytilus edulis","W-Msc-140480"
-93,28,0.05,"Mytilus edulis","W-Msc-140480"
-92.5,28,0.05,"Mytilus edulis","W-Msc-140480"
-92,28,0.06,"Mytilus edulis","W-Msc-140480"
-91.5,28,0.07,"Mytilus edulis","W-Msc-140480"
-91,28,0.08,"Mytilus edulis","W-Msc-140480"
-90.5,28,0.11,"Mytilus edulis","W-Msc-140480"
-90,28,0.14,"Mytilus edulis","W-Msc-140480"
-84.5,28,0.16,"Mytilus edulis","W-Msc-140480"
-84,28,0.15,"Mytilus edulis","W-Msc-140480"
-83.5,28,0.1,"Mytilus edulis","W-Msc-140480"
-83,28,0.3,"Mytilus edulis","W-Msc-140480"
-82.5,28,0.31,"Mytilus edulis","W-Msc-140480"
-80.5,28,0.22,"Mytilus edulis","W-Msc-140480"
-80,28,0.19,"Mytilus edulis","W-Msc-140480"
-79.5,28,0.03,"Mytilus edulis","W-Msc-140480"
121,28,0.11,"Mytilus edulis","W-Msc-140480"
121.5,28,0.65,"Mytilus edulis","W-Msc-140480"
122,28,0.64,"Mytilus edulis","W-Msc-140480"
122.5,28,0.56,"Mytilus edulis","W-Msc-140480"
129.5,28,0.34,"Mytilus edulis","W-Msc-140480"
130,28,0.33,"Mytilus edulis","W-Msc-140480"
130.5,28,0.32,"Mytilus edulis","W-Msc-140480"
-175.5,27.5,0.05,"Mytilus edulis","W-Msc-140480"
-115,27.5,0.81,"Mytilus edulis","W-Msc-140480"
-114.5,27.5,0.79,"Mytilus edulis","W-Msc-140480"
-114,27.5,0.76,"Mytilus edulis","W-Msc-140480"
-113.5,27.5,0.23,"Mytilus edulis","W-Msc-140480"
-112.5,27.5,0.5,"Mytilus edulis","W-Msc-140480"
-112,27.5,0.36,"Mytilus edulis","W-Msc-140480"
-111,27.5,0.3,"Mytilus edulis","W-Msc-140480"
-110.5,27.5,0.34,"Mytilus edulis","W-Msc-140480"
-97,27.5,0.37,"Mytilus edulis","W-Msc-140480"
-96.5,27.5,0.34,"Mytilus edulis","W-Msc-140480"
-96,27.5,0.13,"Mytilus edulis","W-Msc-140480"
-95.5,27.5,0.09,"Mytilus edulis","W-Msc-140480"
-95,27.5,0.01,"Mytilus edulis","W-Msc-140480"
-84,27.5,0.12,"Mytilus edulis","W-Msc-140480"
-83.5,27.5,0.08,"Mytilus edulis","W-Msc-140480"
-83,27.5,0.21,"Mytilus edulis","W-Msc-140480"
-82.5,27.5,0.27,"Mytilus edulis","W-Msc-140480"
-82,27.5,0.21,"Mytilus edulis","W-Msc-140480"
-80.5,27.5,0.07,"Mytilus edulis","W-Msc-140480"
-80,27.5,0.19,"Mytilus edulis","W-Msc-140480"
-79.5,27.5,0.11,"Mytilus edulis","W-Msc-140480"
121,27.5,0.62,"Mytilus edulis","W-Msc-140480"
121.5,27.5,0.62,"Mytilus edulis","W-Msc-140480"
122,27.5,0.56,"Mytilus edulis","W-Msc-140480"
122.5,27.5,0.05,"Mytilus edulis","W-Msc-140480"
124.5,27.5,0.03,"Mytilus edulis","W-Msc-140480"
125.5,27.5,0.38,"Mytilus edulis","W-Msc-140480"
126,27.5,0.31,"Mytilus edulis","W-Msc-140480"
128.5,27.5,0.32,"Mytilus edulis","W-Msc-140480"
129,27.5,0.33,"Mytilus edulis","W-Msc-140480"
129.5,27.5,0.31,"Mytilus edulis","W-Msc-140480"
142.5,27.5,0.37,"Mytilus edulis","W-Msc-140480"
-114.5,27,0.78,"Mytilus edulis","W-Msc-140480"
-114,27,0.75,"Mytilus edulis","W-Msc-140480"
-113.5,27,0.7,"Mytilus edulis","W-Msc-140480"
-112,27,0.23,"Mytilus edulis","W-Msc-140480"
-111.5,27,0.17,"Mytilus edulis","W-Msc-140480"
-110.5,27,0.32,"Mytilus edulis","W-Msc-140480"
-110,27,0.32,"Mytilus edulis","W-Msc-140480"
-109.5,27,0.32,"Mytilus edulis","W-Msc-140480"
-97.5,27,0.06,"Mytilus edulis","W-Msc-140480"
-97,27,0.35,"Mytilus edulis","W-Msc-140480"
-96.5,27,0.11,"Mytilus edulis","W-Msc-140480"
-84,27,0.02,"Mytilus edulis","W-Msc-140480"
-83.5,27,0.06,"Mytilus edulis","W-Msc-140480"
-83,27,0.06,"Mytilus edulis","W-Msc-140480"
-82.5,27,0.24,"Mytilus edulis","W-Msc-140480"
-82,27,0.23,"Mytilus edulis","W-Msc-140480"
-80,27,0.16,"Mytilus edulis","W-Msc-140480"
-79.5,27,0.11,"Mytilus edulis","W-Msc-140480"
-79,27,0.08,"Mytilus edulis","W-Msc-140480"
-78.5,27,0.13,"Mytilus edulis","W-Msc-140480"
-78,27,0.14,"Mytilus edulis","W-Msc-140480"
-77.5,27,0.11,"Mytilus edulis","W-Msc-140480"
120.5,27,0.61,"Mytilus edulis","W-Msc-140480"
121,27,0.6,"Mytilus edulis","W-Msc-140480"
121.5,27,0.56,"Mytilus edulis","W-Msc-140480"
122,27,0.49,"Mytilus edulis","W-Msc-140480"
122.5,27,0.01,"Mytilus edulis","W-Msc-140480"
125.5,27,0.31,"Mytilus edulis","W-Msc-140480"
128,27,0.3,"Mytilus edulis","W-Msc-140480"
128.5,27,0.31,"Mytilus edulis","W-Msc-140480"
129,27,0.3,"Mytilus edulis","W-Msc-140480"
141,27,0.33,"Mytilus edulis","W-Msc-140480"
142.5,27,0.35,"Mytilus edulis","W-Msc-140480"
-114,26.5,0.72,"Mytilus edulis","W-Msc-140480"
-113.5,26.5,0.72,"Mytilus edulis","W-Msc-140480"
-113,26.5,0.69,"Mytilus edulis","W-Msc-140480"
-112.5,26.5,0.57,"Mytilus edulis","W-Msc-140480"
-111.5,26.5,0.39,"Mytilus edulis","W-Msc-140480"
-111,26.5,0.15,"Mytilus edulis","W-Msc-140480"
-110,26.5,0.3,"Mytilus edulis","W-Msc-140480"
-109.5,26.5,0.3,"Mytilus edulis","W-Msc-140480"
-109,26.5,0.3,"Mytilus edulis","W-Msc-140480"
-97,26.5,0.21,"Mytilus edulis","W-Msc-140480"
-96.5,26.5,0.08,"Mytilus edulis","W-Msc-140480"
-83.5,26.5,0.06,"Mytilus edulis","W-Msc-140480"
-83,26.5,0.04,"Mytilus edulis","W-Msc-140480"
-82.5,26.5,0.09,"Mytilus edulis","W-Msc-140480"
-82,26.5,0.14,"Mytilus edulis","W-Msc-140480"
-81.5,26.5,0.03,"Mytilus edulis","W-Msc-140480"
-80,26.5,0.14,"Mytilus edulis","W-Msc-140480"
-79.5,26.5,0.05,"Mytilus edulis","W-Msc-140480"
-78.5,26.5,0.13,"Mytilus edulis","W-Msc-140480"
-78,26.5,0.13,"Mytilus edulis","W-Msc-140480"
-77.5,26.5,0.13,"Mytilus edulis","W-Msc-140480"
-77,26.5,0.13,"Mytilus edulis","W-Msc-140480"
-76.5,26.5,0.02,"Mytilus edulis","W-Msc-140480"
120,26.5,0.58,"Mytilus edulis","W-Msc-140480"
120.5,26.5,0.61,"Mytilus edulis","W-Msc-140480"
121,26.5,0.54,"Mytilus edulis","W-Msc-140480"
121.5,26.5,0.48,"Mytilus edulis","W-Msc-140480"
122.5,26.5,0.26,"Mytilus edulis","W-Msc-140480"
123,26.5,0.34,"Mytilus edulis","W-Msc-140480"
127,26.5,0.25,"Mytilus edulis","W-Msc-140480"
127.5,26.5,0.28,"Mytilus edulis","W-Msc-140480"
128,26.5,0.3,"Mytilus edulis","W-Msc-140480"
128.5,26.5,0.3,"Mytilus edulis","W-Msc-140480"
142.5,26.5,0.32,"Mytilus edulis","W-Msc-140480"
-174.5,26,0.02,"Mytilus edulis","W-Msc-140480"
-174,26,0.05,"Mytilus edulis","W-Msc-140480"
-173.5,26,0.05,"Mytilus edulis","W-Msc-140480"
-173,26,0.05,"Mytilus edulis","W-Msc-140480"
-113.5,26,0.63,"Mytilus edulis","W-Msc-140480"
-113,26,0.55,"Mytilus edulis","W-Msc-140480"
-112.5,26,0.64,"Mytilus edulis","W-Msc-140480"
-112,26,0.53,"Mytilus edulis","W-Msc-140480"
-111,26,0.16,"Mytilus edulis","W-Msc-140480"
-109.5,26,0.29,"Mytilus edulis","W-Msc-140480"
-109,26,0.28,"Mytilus edulis","W-Msc-140480"
-97,26,0.15,"Mytilus edulis","W-Msc-140480"
-96.5,26,0.07,"Mytilus edulis","W-Msc-140480"
-96,26,0.03,"Mytilus edulis","W-Msc-140480"
-83,26,0.03,"Mytilus edulis","W-Msc-140480"
-82.5,26,0.03,"Mytilus edulis","W-Msc-140480"
-82,26,0.1,"Mytilus edulis","W-Msc-140480"
-81.5,26,0.14,"Mytilus edulis","W-Msc-140480"
-80,26,0.12,"Mytilus edulis","W-Msc-140480"
-79,26,0.03,"Mytilus edulis","W-Msc-140480"
-78.5,26,0.04,"Mytilus edulis","W-Msc-140480"
-77.5,26,0.05,"Mytilus edulis","W-Msc-140480"
-77,26,0.06,"Mytilus edulis","W-Msc-140480"
120,26,0.55,"Mytilus edulis","W-Msc-140480"
120.5,26,0.57,"Mytilus edulis","W-Msc-140480"
121,26,0.48,"Mytilus edulis","W-Msc-140480"
121.5,26,0.31,"Mytilus edulis","W-Msc-140480"
122,26,0.36,"Mytilus edulis","W-Msc-140480"
122.5,26,0.32,"Mytilus edulis","W-Msc-140480"
123.5,26,0.01,"Mytilus edulis","W-Msc-140480"
127,26,0.25,"Mytilus edulis","W-Msc-140480"
127.5,26,0.27,"Mytilus edulis","W-Msc-140480"
128,26,0.28,"Mytilus edulis","W-Msc-140480"
128.5,26,0.26,"Mytilus edulis","W-Msc-140480"
-173.5,25.5,0.03,"Mytilus edulis","W-Msc-140480"
-173,25.5,0.05,"Mytilus edulis","W-Msc-140480"
-171.5,25.5,0.06,"Mytilus edulis","W-Msc-140480"
-171,25.5,0.07,"Mytilus edulis","W-Msc-140480"
-170.5,25.5,0.09,"Mytilus edulis","W-Msc-140480"
-169,25.5,0.05,"Mytilus edulis","W-Msc-140480"
-112.5,25.5,0.62,"Mytilus edulis","W-Msc-140480"
-112,25.5,0.59,"Mytilus edulis","W-Msc-140480"
-111,25.5,0.17,"Mytilus edulis","W-Msc-140480"
-110.5,25.5,0.16,"Mytilus edulis","W-Msc-140480"
-109.5,25.5,0.05,"Mytilus edulis","W-Msc-140480"
-109,25.5,0.27,"Mytilus edulis","W-Msc-140480"
-108.5,25.5,0.09,"Mytilus edulis","W-Msc-140480"
-97,25.5,0.1,"Mytilus edulis","W-Msc-140480"
-96.5,25.5,0.06,"Mytilus edulis","W-Msc-140480"
-96,25.5,0.01,"Mytilus edulis","W-Msc-140480"
-83,25.5,0.02,"Mytilus edulis","W-Msc-140480"
-82.5,25.5,0.02,"Mytilus edulis","W-Msc-140480"
-82,25.5,0.03,"Mytilus edulis","W-Msc-140480"
-81.5,25.5,0.12,"Mytilus edulis","W-Msc-140480"
-81,25.5,0.12,"Mytilus edulis","W-Msc-140480"
-80,25.5,0.11,"Mytilus edulis","W-Msc-140480"
-79,25.5,0.06,"Mytilus edulis","W-Msc-140480"
-78.5,25.5,0.08,"Mytilus edulis","W-Msc-140480"
-78,25.5,0.05,"Mytilus edulis","W-Msc-140480"
-77.5,25.5,0.04,"Mytilus edulis","W-Msc-140480"
-77,25.5,0.01,"Mytilus edulis","W-Msc-140480"
119.5,25.5,0.49,"Mytilus edulis","W-Msc-140480"
120,25.5,0.53,"Mytilus edulis","W-Msc-140480"
120.5,25.5,0.52,"Mytilus edulis","W-Msc-140480"
121,25.5,0.43,"Mytilus edulis","W-Msc-140480"
121.5,25.5,0.38,"Mytilus edulis","W-Msc-140480"
122,25.5,0.35,"Mytilus edulis","W-Msc-140480"
122.5,25.5,0.29,"Mytilus edulis","W-Msc-140480"
124,25.5,0.2,"Mytilus edulis","W-Msc-140480"
125,25.5,0.2,"Mytilus edulis","W-Msc-140480"
127.5,25.5,0.09,"Mytilus edulis","W-Msc-140480"
131.5,25.5,0.27,"Mytilus edulis","W-Msc-140480"
-172,25,0.04,"Mytilus edulis","W-Msc-140480"
-171,25,0.06,"Mytilus edulis","W-Msc-140480"
-170.5,25,0.07,"Mytilus edulis","W-Msc-140480"
-170,25,0.05,"Mytilus edulis","W-Msc-140480"
-168,25,0.07,"Mytilus edulis","W-Msc-140480"
-167.5,25,0.06,"Mytilus edulis","W-Msc-140480"
-112.5,25,0.57,"Mytilus edulis","W-Msc-140480"
-112,25,0.58,"Mytilus edulis","W-Msc-140480"
-110.5,25,0.17,"Mytilus edulis","W-Msc-140480"
-109,25,0.25,"Mytilus edulis","W-Msc-140480"
-108.5,25,0.25,"Mytilus edulis","W-Msc-140480"
-108,25,0.25,"Mytilus edulis","W-Msc-140480"
-107.5,25,0.04,"Mytilus edulis","W-Msc-140480"
-97.5,25,0.06,"Mytilus edulis","W-Msc-140480"
-97,25,0.05,"Mytilus edulis","W-Msc-140480"
-96.5,25,0.03,"Mytilus edulis","W-Msc-140480"
-83.5,25,0.01,"Mytilus edulis","W-Msc-140480"
-83,25,0.02,"Mytilus edulis","W-Msc-140480"
-82.5,25,0.01,"Mytilus edulis","W-Msc-140480"
-82,25,0.02,"Mytilus edulis","W-Msc-140480"
-81.5,25,0.05,"Mytilus edulis","W-Msc-140480"
-81,25,0.05,"Mytilus edulis","W-Msc-140480"
-80.5,25,0.04,"Mytilus edulis","W-Msc-140480"
-80,25,0.02,"Mytilus edulis","W-Msc-140480"
-79,25,0.03,"Mytilus edulis","W-Msc-140480"
-78.5,25,0.04,"Mytilus edulis","W-Msc-140480"
-78,25,0.04,"Mytilus edulis","W-Msc-140480"
-77,25,0.01,"Mytilus edulis","W-Msc-140480"
-76.5,25,0.01,"Mytilus edulis","W-Msc-140480"
-76,25,0.01,"Mytilus edulis","W-Msc-140480"
119,25,0.44,"Mytilus edulis","W-Msc-140480"
119.5,25,0.45,"Mytilus edulis","W-Msc-140480"
120,25,0.48,"Mytilus edulis","W-Msc-140480"
120.5,25,0.43,"Mytilus edulis","W-Msc-140480"
121,25,0.38,"Mytilus edulis","W-Msc-140480"
121.5,25,0.36,"Mytilus edulis","W-Msc-140480"
122,25,0.34,"Mytilus edulis","W-Msc-140480"
122.5,25,0.25,"Mytilus edulis","W-Msc-140480"
125.5,25,0.22,"Mytilus edulis","W-Msc-140480"
126,25,0.22,"Mytilus edulis","W-Msc-140480"
141.5,25,0.09,"Mytilus edulis","W-Msc-140480"
-168,24.5,0.06,"Mytilus edulis","W-Msc-140480"
-167.5,24.5,0.05,"Mytilus edulis","W-Msc-140480"
-112,24.5,0.57,"Mytilus edulis","W-Msc-140480"
-111.5,24.5,0.5,"Mytilus edulis","W-Msc-140480"
-110.5,24.5,0.21,"Mytilus edulis","W-Msc-140480"
-110,24.5,0.19,"Mytilus edulis","W-Msc-140480"
-108,24.5,0.23,"Mytilus edulis","W-Msc-140480"
-107.5,24.5,0.23,"Mytilus edulis","W-Msc-140480"
-97.5,24.5,0.06,"Mytilus edulis","W-Msc-140480"
-97,24.5,0.05,"Mytilus edulis","W-Msc-140480"
-96.5,24.5,0.01,"Mytilus edulis","W-Msc-140480"
-83.5,24.5,0.01,"Mytilus edulis","W-Msc-140480"
-83,24.5,0.01,"Mytilus edulis","W-Msc-140480"
-82.5,24.5,0.02,"Mytilus edulis","W-Msc-140480"
-82,24.5,0.02,"Mytilus edulis","W-Msc-140480"
-81.5,24.5,0.04,"Mytilus edulis","W-Msc-140480"
-81,24.5,0.04,"Mytilus edulis","W-Msc-140480"
-80.5,24.5,0.02,"Mytilus edulis","W-Msc-140480"
-78.5,24.5,0.03,"Mytilus edulis","W-Msc-140480"
-78,24.5,0.03,"Mytilus edulis","W-Msc-140480"
-77,24.5,0.01,"Mytilus edulis","W-Msc-140480"
118.5,24.5,0.39,"Mytilus edulis","W-Msc-140480"
119,24.5,0.44,"Mytilus edulis","W-Msc-140480"
119.5,24.5,0.39,"Mytilus edulis","W-Msc-140480"
120,24.5,0.38,"Mytilus edulis","W-Msc-140480"
120.5,24.5,0.37,"Mytilus edulis","W-Msc-140480"
121,24.5,0.35,"Mytilus edulis","W-Msc-140480"
122,24.5,0.25,"Mytilus edulis","W-Msc-140480"
122.5,24.5,0.04,"Mytilus edulis","W-Msc-140480"
123.5,24.5,0.18,"Mytilus edulis","W-Msc-140480"
124.5,24.5,0.2,"Mytilus edulis","W-Msc-140480"
125,24.5,0.21,"Mytilus edulis","W-Msc-140480"
125.5,24.5,0.22,"Mytilus edulis","W-Msc-140480"
126,24.5,0.21,"Mytilus edulis","W-Msc-140480"
131.5,24.5,0.24,"Mytilus edulis","W-Msc-140480"
141.5,24.5,0.07,"Mytilus edulis","W-Msc-140480"
-167,24,0.04,"Mytilus edulis","W-Msc-140480"
-111.5,24,0.36,"Mytilus edulis","W-Msc-140480"
-111,24,0.31,"Mytilus edulis","W-Msc-140480"
-110.5,24,0.25,"Mytilus edulis","W-Msc-140480"
-110,24,0.21,"Mytilus edulis","W-Msc-140480"
-109.5,24,0.17,"Mytilus edulis","W-Msc-140480"
-108,24,0.17,"Mytilus edulis","W-Msc-140480"
-107.5,24,0.22,"Mytilus edulis","W-Msc-140480"
-107,24,0.22,"Mytilus edulis","W-Msc-140480"
-97.5,24,0.1,"Mytilus edulis","W-Msc-140480"
-97,24,0.05,"Mytilus edulis","W-Msc-140480"
-82.5,24,0.01,"Mytilus edulis","W-Msc-140480"
-82,24,0.01,"Mytilus edulis","W-Msc-140480"
-81.5,24,0.01,"Mytilus edulis","W-Msc-140480"
-80,24,0.02,"Mytilus edulis","W-Msc-140480"
-79.5,24,0.01,"Mytilus edulis","W-Msc-140480"
-78.5,24,0.02,"Mytilus edulis","W-Msc-140480"
-78,24,0.01,"Mytilus edulis","W-Msc-140480"
-76.5,24,0.01,"Mytilus edulis","W-Msc-140480"
118,24,0.34,"Mytilus edulis","W-Msc-140480"
118.5,24,0.5,"Mytilus edulis","W-Msc-140480"
119,24,0.45,"Mytilus edulis","W-Msc-140480"
119.5,24,0.38,"Mytilus edulis","W-Msc-140480"
120,24,0.34,"Mytilus edulis","W-Msc-140480"
120.5,24,0.32,"Mytilus edulis","W-Msc-140480"
121,24,0.28,"Mytilus edulis","W-Msc-140480"
122,24,0.18,"Mytilus edulis","W-Msc-140480"
123,24,0.14,"Mytilus edulis","W-Msc-140480"
123.5,24,0.17,"Mytilus edulis","W-Msc-140480"
124,24,0.19,"Mytilus edulis","W-Msc-140480"
124.5,24,0.2,"Mytilus edulis","W-Msc-140480"
142,24,0.06,"Mytilus edulis","W-Msc-140480"
154.5,24,0.05,"Mytilus edulis","W-Msc-140480"
-166,23.5,0.05,"Mytilus edulis","W-Msc-140480"
-164.5,23.5,0.06,"Mytilus edulis","W-Msc-140480"
-164,23.5,0.04,"Mytilus edulis","W-Msc-140480"
-111.5,23.5,0.15,"Mytilus edulis","W-Msc-140480"
-110.5,23.5,0.27,"Mytilus edulis","W-Msc-140480"
-110,23.5,0.22,"Mytilus edulis","W-Msc-140480"
-109.5,23.5,0.16,"Mytilus edulis","W-Msc-140480"
-109,23.5,0.15,"Mytilus edulis","W-Msc-140480"
-107,23.5,0.2,"Mytilus edulis","W-Msc-140480"
-106.5,23.5,0.2,"Mytilus edulis","W-Msc-140480"
-97.5,23.5,0.22,"Mytilus edulis","W-Msc-140480"
-97,23.5,0.05,"Mytilus edulis","W-Msc-140480"
-88.5,23.5,0.01,"Mytilus edulis","W-Msc-140480"
-87.5,23.5,0.01,"Mytilus edulis","W-Msc-140480"
-80,23.5,0.04,"Mytilus edulis","W-Msc-140480"
-79.5,23.5,0.04,"Mytilus edulis","W-Msc-140480"
-79,23.5,0.02,"Mytilus edulis","W-Msc-140480"
-78.5,23.5,0.02,"Mytilus edulis","W-Msc-140480"
-78,23.5,0.01,"Mytilus edulis","W-Msc-140480"
-77.5,23.5,0.01,"Mytilus edulis","W-Msc-140480"
117,23.5,0.31,"Mytilus edulis","W-Msc-140480"
117.5,23.5,0.25,"Mytilus edulis","W-Msc-140480"
118,23.5,0.42,"Mytilus edulis","W-Msc-140480"
118.5,23.5,0.45,"Mytilus edulis","W-Msc-140480"
119,23.5,0.39,"Mytilus edulis","W-Msc-140480"
119.5,23.5,0.34,"Mytilus edulis","W-Msc-140480"
120,23.5,0.28,"Mytilus edulis","W-Msc-140480"
120.5,23.5,0.26,"Mytilus edulis","W-Msc-140480"
122,23.5,0.16,"Mytilus edulis","W-Msc-140480"
157.5,23.5,0.04,"Mytilus edulis","W-Msc-140480"
-164.5,23,0.02,"Mytilus edulis","W-Msc-140480"
-164,23,0.04,"Mytilus edulis","W-Msc-140480"
-162,23,0.04,"Mytilus edulis","W-Msc-140480"
-161.5,23,0.05,"Mytilus edulis","W-Msc-140480"
-110,23,0.23,"Mytilus edulis","W-Msc-140480"
-109.5,23,0.16,"Mytilus edulis","W-Msc-140480"
-109,23,0.13,"Mytilus edulis","W-Msc-140480"
-106.5,23,0.18,"Mytilus edulis","W-Msc-140480"
-106,23,0.18,"Mytilus edulis","W-Msc-140480"
-97.5,23,0.21,"Mytilus edulis","W-Msc-140480"
-97,23,0.04,"Mytilus edulis","W-Msc-140480"
-88.5,23,0.02,"Mytilus edulis","W-Msc-140480"
-88,23,0.01,"Mytilus edulis","W-Msc-140480"
-87.5,23,0.04,"Mytilus edulis","W-Msc-140480"
-87,23,0.05,"Mytilus edulis","W-Msc-140480"
-83,23,0.01,"Mytilus edulis","W-Msc-140480"
-82.5,23,0.01,"Mytilus edulis","W-Msc-140480"
-82,23,0.01,"Mytilus edulis","W-Msc-140480"
-81.5,23,0.02,"Mytilus edulis","W-Msc-140480"
-81,23,0.02,"Mytilus edulis","W-Msc-140480"
-80.5,23,0.03,"Mytilus edulis","W-Msc-140480"
-80,23,0.02,"Mytilus edulis","W-Msc-140480"
-79.5,23,0.01,"Mytilus edulis","W-Msc-140480"
-78.5,23,0.02,"Mytilus edulis","W-Msc-140480"
-78,23,0.02,"Mytilus edulis","W-Msc-140480"
-75.5,23,0.01,"Mytilus edulis","W-Msc-140480"
113.5,23,0.04,"Mytilus edulis","W-Msc-140480"
114,23,0.04,"Mytilus edulis","W-Msc-140480"
117,23,0.28,"Mytilus edulis","W-Msc-140480"
117.5,23,0.25,"Mytilus edulis","W-Msc-140480"
118,23,0.33,"Mytilus edulis","W-Msc-140480"
118.5,23,0.35,"Mytilus edulis","W-Msc-140480"
119,23,0.34,"Mytilus edulis","W-Msc-140480"
119.5,23,0.28,"Mytilus edulis","W-Msc-140480"
120,23,0.21,"Mytilus edulis","W-Msc-140480"
120.5,23,0.2,"Mytilus edulis","W-Msc-140480"
121.5,23,0.16,"Mytilus edulis","W-Msc-140480"
-162,22.5,0.03,"Mytilus edulis","W-Msc-140480"
-161,22.5,0.02,"Mytilus edulis","W-Msc-140480"
-160.5,22.5,0.06,"Mytilus edulis","W-Msc-140480"
-110,22.5,0.16,"Mytilus edulis","W-Msc-140480"
-109.5,22.5,0.14,"Mytilus edulis","W-Msc-140480"
-106,22.5,0.16,"Mytilus edulis","W-Msc-140480"
-105.5,22.5,0.16,"Mytilus edulis","W-Msc-140480"
-97.5,22.5,0.19,"Mytilus edulis","W-Msc-140480"
-90.5,22.5,0.02,"Mytilus edulis","W-Msc-140480"
-90,22.5,0.02,"Mytilus edulis","W-Msc-140480"
-89.5,22.5,0.03,"Mytilus edulis","W-Msc-140480"
-89,22.5,0.04,"Mytilus edulis","W-Msc-140480"
-88.5,22.5,0.06,"Mytilus edulis","W-Msc-140480"
-88,22.5,0.09,"Mytilus edulis","W-Msc-140480"
-87.5,22.5,0.1,"Mytilus edulis","W-Msc-140480"
-87,22.5,0.09,"Mytilus edulis","W-Msc-140480"
-84,22.5,0.01,"Mytilus edulis","W-Msc-140480"
-83,22.5,0.01,"Mytilus edulis","W-Msc-140480"
-82.5,22.5,0.01,"Mytilus edulis","W-Msc-140480"
-82,22.5,0.01,"Mytilus edulis","W-Msc-140480"
-81.5,22.5,0.01,"Mytilus edulis","W-Msc-140480"
-79.5,22.5,0.01,"Mytilus edulis","W-Msc-140480"
-79,22.5,0.02,"Mytilus edulis","W-Msc-140480"
-78.5,22.5,0.02,"Mytilus edulis","W-Msc-140480"
-78,22.5,0.02,"Mytilus edulis","W-Msc-140480"
-77,22.5,0.01,"Mytilus edulis","W-Msc-140480"
-76.5,22.5,0.01,"Mytilus edulis","W-Msc-140480"
-76,22.5,0.01,"Mytilus edulis","W-Msc-140480"
113.5,22.5,0.03,"Mytilus edulis","W-Msc-140480"
114,22.5,0.14,"Mytilus edulis","W-Msc-140480"
114.5,22.5,0.11,"Mytilus edulis","W-Msc-140480"
115,22.5,0.13,"Mytilus edulis","W-Msc-140480"
115.5,22.5,0.32,"Mytilus edulis","W-Msc-140480"
116,22.5,0.33,"Mytilus edulis","W-Msc-140480"
116.5,22.5,0.33,"Mytilus edulis","W-Msc-140480"
117,22.5,0.32,"Mytilus edulis","W-Msc-140480"
117.5,22.5,0.31,"Mytilus edulis","W-Msc-140480"
118,22.5,0.3,"Mytilus edulis","W-Msc-140480"
118.5,22.5,0.29,"Mytilus edulis","W-Msc-140480"
119,22.5,0.25,"Mytilus edulis","W-Msc-140480"
119.5,22.5,0.19,"Mytilus edulis","W-Msc-140480"
120.5,22.5,0.16,"Mytilus edulis","W-Msc-140480"
121,22.5,0.15,"Mytilus edulis","W-Msc-140480"
121.5,22.5,0.13,"Mytilus edulis","W-Msc-140480"
122,22.5,0.12,"Mytilus edulis","W-Msc-140480"
-160,22,0.08,"Mytilus edulis","W-Msc-140480"
-159.5,22,0.11,"Mytilus edulis","W-Msc-140480"
-159,22,0.11,"Mytilus edulis","W-Msc-140480"
-106,22,0.14,"Mytilus edulis","W-Msc-140480"
-105.5,22,0.14,"Mytilus edulis","W-Msc-140480"
-97.5,22,0.16,"Mytilus edulis","W-Msc-140480"
-97,22,0.11,"Mytilus edulis","W-Msc-140480"
-92,22,0.01,"Mytilus edulis","W-Msc-140480"
-91.5,22,0.02,"Mytilus edulis","W-Msc-140480"
-91,22,0.04,"Mytilus edulis","W-Msc-140480"
-90.5,22,0.06,"Mytilus edulis","W-Msc-140480"
-90,22,0.08,"Mytilus edulis","W-Msc-140480"
-89.5,22,0.1,"Mytilus edulis","W-Msc-140480"
-89,22,0.12,"Mytilus edulis","W-Msc-140480"
-88.5,22,0.14,"Mytilus edulis","W-Msc-140480"
-88,22,0.15,"Mytilus edulis","W-Msc-140480"
-87.5,22,0.14,"Mytilus edulis","W-Msc-140480"
-87,22,0.13,"Mytilus edulis","W-Msc-140480"
-86.5,22,0.09,"Mytilus edulis","W-Msc-140480"
-79,22,0.01,"Mytilus edulis","W-Msc-140480"
-78.5,22,0.02,"Mytilus edulis","W-Msc-140480"
-78,22,0.02,"Mytilus edulis","W-Msc-140480"
-77.5,22,0.02,"Mytilus edulis","W-Msc-140480"
-77,22,0.01,"Mytilus edulis","W-Msc-140480"
-76.5,22,0.01,"Mytilus edulis","W-Msc-140480"
113.5,22,0.04,"Mytilus edulis","W-Msc-140480"
115,22,0.24,"Mytilus edulis","W-Msc-140480"
115.5,22,0.26,"Mytilus edulis","W-Msc-140480"
116,22,0.25,"Mytilus edulis","W-Msc-140480"
116.5,22,0.25,"Mytilus edulis","W-Msc-140480"
117,22,0.18,"Mytilus edulis","W-Msc-140480"
117.5,22,0.23,"Mytilus edulis","W-Msc-140480"
118,22,0.21,"Mytilus edulis","W-Msc-140480"
118.5,22,0.19,"Mytilus edulis","W-Msc-140480"
119,22,0.16,"Mytilus edulis","W-Msc-140480"
120.5,22,0.12,"Mytilus edulis","W-Msc-140480"
121,22,0.12,"Mytilus edulis","W-Msc-140480"
122,22,0.12,"Mytilus edulis","W-Msc-140480"
-160,21.5,0.06,"Mytilus edulis","W-Msc-140480"
-159.5,21.5,0.07,"Mytilus edulis","W-Msc-140480"
-159,21.5,0.08,"Mytilus edulis","W-Msc-140480"
-158,21.5,0.11,"Mytilus edulis","W-Msc-140480"
-157.5,21.5,0.12,"Mytilus edulis","W-Msc-140480"
-106.5,21.5,0.13,"Mytilus edulis","W-Msc-140480"
-106,21.5,0.12,"Mytilus edulis","W-Msc-140480"
-105.5,21.5,0.11,"Mytilus edulis","W-Msc-140480"
-105,21.5,0.12,"Mytilus edulis","W-Msc-140480"
-97.5,21.5,0.18,"Mytilus edulis","W-Msc-140480"
-97,21.5,0.1,"Mytilus edulis","W-Msc-140480"
-91.5,21.5,0.03,"Mytilus edulis","W-Msc-140480"
-91,21.5,0.07,"Mytilus edulis","W-Msc-140480"
-90.5,21.5,0.13,"Mytilus edulis","W-Msc-140480"
-90,21.5,0.14,"Mytilus edulis","W-Msc-140480"
-89.5,21.5,0.15,"Mytilus edulis","W-Msc-140480"
-89,21.5,0.16,"Mytilus edulis","W-Msc-140480"
-88.5,21.5,0.16,"Mytilus edulis","W-Msc-140480"
-88,21.5,0.17,"Mytilus edulis","W-Msc-140480"
-87.5,21.5,0.17,"Mytilus edulis","W-Msc-140480"
-87,21.5,0.14,"Mytilus edulis","W-Msc-140480"
-86.5,21.5,0.09,"Mytilus edulis","W-Msc-140480"
-86,21.5,0.04,"Mytilus edulis","W-Msc-140480"
-79,21.5,0.01,"Mytilus edulis","W-Msc-140480"
-78.5,21.5,0.02,"Mytilus edulis","W-Msc-140480"
-77.5,21.5,0.04,"Mytilus edulis","W-Msc-140480"
-77,21.5,0.01,"Mytilus edulis","W-Msc-140480"
-76.5,21.5,0.01,"Mytilus edulis","W-Msc-140480"
87.5,21.5,0.06,"Mytilus edulis","W-Msc-140480"
88,21.5,0.07,"Mytilus edulis","W-Msc-140480"
88.5,21.5,0.08,"Mytilus edulis","W-Msc-140480"
89,21.5,0.08,"Mytilus edulis","W-Msc-140480"
89.5,21.5,0.07,"Mytilus edulis","W-Msc-140480"
90,21.5,0.05,"Mytilus edulis","W-Msc-140480"
92,21.5,0.03,"Mytilus edulis","W-Msc-140480"
108,21.5,0.3,"Mytilus edulis","W-Msc-140480"
108.5,21.5,0.3,"Mytilus edulis","W-Msc-140480"
109,21.5,0.3,"Mytilus edulis","W-Msc-140480"
109.5,21.5,0.3,"Mytilus edulis","W-Msc-140480"
110,21.5,0.3,"Mytilus edulis","W-Msc-140480"
111.5,21.5,0.29,"Mytilus edulis","W-Msc-140480"
112,21.5,0.28,"Mytilus edulis","W-Msc-140480"
112.5,21.5,0.27,"Mytilus edulis","W-Msc-140480"
113,21.5,0.25,"Mytilus edulis","W-Msc-140480"
113.5,21.5,0.07,"Mytilus edulis","W-Msc-140480"
114,21.5,0.06,"Mytilus edulis","W-Msc-140480"
114.5,21.5,0.23,"Mytilus edulis","W-Msc-140480"
115,21.5,0.09,"Mytilus edulis","W-Msc-140480"
115.5,21.5,0.01,"Mytilus edulis","W-Msc-140480"
121,21.5,0.11,"Mytilus edulis","W-Msc-140480"
-158,21,0.08,"Mytilus edulis","W-Msc-140480"
-157.5,21,0.09,"Mytilus edulis","W-Msc-140480"
-157,21,0.11,"Mytilus edulis","W-Msc-140480"
-156.5,21,0.14,"Mytilus edulis","W-Msc-140480"
-156,21,0.12,"Mytilus edulis","W-Msc-140480"
-106,21,0.11,"Mytilus edulis","W-Msc-140480"
-105.5,21,0.01,"Mytilus edulis","W-Msc-140480"
-105,21,0.1,"Mytilus edulis","W-Msc-140480"
-97,21,0.18,"Mytilus edulis","W-Msc-140480"
-91.5,21,0.02,"Mytilus edulis","W-Msc-140480"
-91,21,0.08,"Mytilus edulis","W-Msc-140480"
-90.5,21,0.13,"Mytilus edulis","W-Msc-140480"
-90,21,0.14,"Mytilus edulis","W-Msc-140480"
-89.5,21,0.14,"Mytilus edulis","W-Msc-140480"
-89,21,0.14,"Mytilus edulis","W-Msc-140480"
-88.5,21,0.12,"Mytilus edulis","W-Msc-140480"
-87,21,0.06,"Mytilus edulis","W-Msc-140480"
-86.5,21,0.07,"Mytilus edulis","W-Msc-140480"
-86,21,0.04,"Mytilus edulis","W-Msc-140480"
-79,21,0.01,"Mytilus edulis","W-Msc-140480"
-78.5,21,0.02,"Mytilus edulis","W-Msc-140480"
-78,21,0.05,"Mytilus edulis","W-Msc-140480"
-77,21,0.01,"Mytilus edulis","W-Msc-140480"
-76.5,21,0.07,"Mytilus edulis","W-Msc-140480"
-76,21,0.07,"Mytilus edulis","W-Msc-140480"
87,21,0.08,"Mytilus edulis","W-Msc-140480"
87.5,21,0.08,"Mytilus edulis","W-Msc-140480"
88,21,0.07,"Mytilus edulis","W-Msc-140480"
88.5,21,0.07,"Mytilus edulis","W-Msc-140480"
89,21,0.07,"Mytilus edulis","W-Msc-140480"
89.5,21,0.06,"Mytilus edulis","W-Msc-140480"
90,21,0.03,"Mytilus edulis","W-Msc-140480"
91,21,0.06,"Mytilus edulis","W-Msc-140480"
91.5,21,0.09,"Mytilus edulis","W-Msc-140480"
92,21,0.08,"Mytilus edulis","W-Msc-140480"
107,21,0.05,"Mytilus edulis","W-Msc-140480"
107.5,21,0.09,"Mytilus edulis","W-Msc-140480"
108,21,0.29,"Mytilus edulis","W-Msc-140480"
108.5,21,0.28,"Mytilus edulis","W-Msc-140480"
109,21,0.27,"Mytilus edulis","W-Msc-140480"
109.5,21,0.27,"Mytilus edulis","W-Msc-140480"
110,21,0.28,"Mytilus edulis","W-Msc-140480"
110.5,21,0.29,"Mytilus edulis","W-Msc-140480"
111,21,0.29,"Mytilus edulis","W-Msc-140480"
111.5,21,0.3,"Mytilus edulis","W-Msc-140480"
112,21,0.28,"Mytilus edulis","W-Msc-140480"
112.5,21,0.26,"Mytilus edulis","W-Msc-140480"
113,21,0.25,"Mytilus edulis","W-Msc-140480"
113.5,21,0.24,"Mytilus edulis","W-Msc-140480"
114,21,0.14,"Mytilus edulis","W-Msc-140480"
114.5,21,0.22,"Mytilus edulis","W-Msc-140480"
122,21,0.12,"Mytilus edulis","W-Msc-140480"
-157.5,20.5,0.03,"Mytilus edulis","W-Msc-140480"
-156.5,20.5,0.12,"Mytilus edulis","W-Msc-140480"
-156,20.5,0.13,"Mytilus edulis","W-Msc-140480"
-155.5,20.5,0.14,"Mytilus edulis","W-Msc-140480"
-105.5,20.5,0.12,"Mytilus edulis","W-Msc-140480"
-105,20.5,0.11,"Mytilus edulis","W-Msc-140480"
-97,20.5,0.18,"Mytilus edulis","W-Msc-140480"
-96.5,20.5,0.07,"Mytilus edulis","W-Msc-140480"
-91.5,20.5,0.02,"Mytilus edulis","W-Msc-140480"
-91,20.5,0.11,"Mytilus edulis","W-Msc-140480"
-90.5,20.5,0.11,"Mytilus edulis","W-Msc-140480"
-90,20.5,0.12,"Mytilus edulis","W-Msc-140480"
-87,20.5,0.08,"Mytilus edulis","W-Msc-140480"
-86.5,20.5,0.05,"Mytilus edulis","W-Msc-140480"
-78.5,20.5,0.01,"Mytilus edulis","W-Msc-140480"
-78,20.5,0.04,"Mytilus edulis","W-Msc-140480"
-77.5,20.5,0.05,"Mytilus edulis","W-Msc-140480"
-77,20.5,0.06,"Mytilus edulis","W-Msc-140480"
-75.5,20.5,0.01,"Mytilus edulis","W-Msc-140480"
-75,20.5,0.01,"Mytilus edulis","W-Msc-140480"
87,20.5,0.07,"Mytilus edulis","W-Msc-140480"
87.5,20.5,0.07,"Mytilus edulis","W-Msc-140480"
88,20.5,0.06,"Mytilus edulis","W-Msc-140480"
88.5,20.5,0.06,"Mytilus edulis","W-Msc-140480"
89,20.5,0.05,"Mytilus edulis","W-Msc-140480"
90,20.5,0.06,"Mytilus edulis","W-Msc-140480"
90.5,20.5,0.06,"Mytilus edulis","W-Msc-140480"
91,20.5,0.07,"Mytilus edulis","W-Msc-140480"
91.5,20.5,0.07,"Mytilus edulis","W-Msc-140480"
92,20.5,0.07,"Mytilus edulis","W-Msc-140480"
92.5,20.5,0.07,"Mytilus edulis","W-Msc-140480"
93,20.5,0.03,"Mytilus edulis","W-Msc-140480"
107,20.5,0.26,"Mytilus edulis","W-Msc-140480"
107.5,20.5,0.27,"Mytilus edulis","W-Msc-140480"
108,20.5,0.27,"Mytilus edulis","W-Msc-140480"
108.5,20.5,0.25,"Mytilus edulis","W-Msc-140480"
109.5,20.5,0.25,"Mytilus edulis","W-Msc-140480"
110,20.5,0.26,"Mytilus edulis","W-Msc-140480"
110.5,20.5,0.28,"Mytilus edulis","W-Msc-140480"
111,20.5,0.29,"Mytilus edulis","W-Msc-140480"
111.5,20.5,0.27,"Mytilus edulis","W-Msc-140480"
112,20.5,0.23,"Mytilus edulis","W-Msc-140480"
112.5,20.5,0.22,"Mytilus edulis","W-Msc-140480"
113,20.5,0.21,"Mytilus edulis","W-Msc-140480"
113.5,20.5,0.2,"Mytilus edulis","W-Msc-140480"
114,20.5,0.06,"Mytilus edulis","W-Msc-140480"
114.5,20.5,0.14,"Mytilus edulis","W-Msc-140480"
115,20.5,0.13,"Mytilus edulis","W-Msc-140480"
117,20.5,0.17,"Mytilus edulis","W-Msc-140480"
117.5,20.5,0.16,"Mytilus edulis","W-Msc-140480"
122,20.5,0.1,"Mytilus edulis","W-Msc-140480"
122.5,20.5,0.1,"Mytilus edulis","W-Msc-140480"
145,20.5,0.03,"Mytilus edulis","W-Msc-140480"
-155.5,20,0.16,"Mytilus edulis","W-Msc-140480"
-155,20,0.16,"Mytilus edulis","W-Msc-140480"
-105.5,20,0.13,"Mytilus edulis","W-Msc-140480"
-105,20,0.11,"Mytilus edulis","W-Msc-140480"
-96.5,20,0.17,"Mytilus edulis","W-Msc-140480"
-96,20,0.04,"Mytilus edulis","W-Msc-140480"
-91.5,20,0.02,"Mytilus edulis","W-Msc-140480"
-91,20,0.09,"Mytilus edulis","W-Msc-140480"
-90.5,20,0.08,"Mytilus edulis","W-Msc-140480"
-90,20,0.1,"Mytilus edulis","W-Msc-140480"
-87,20,0.03,"Mytilus edulis","W-Msc-140480"
-86.5,20,0.01,"Mytilus edulis","W-Msc-140480"
-77.5,20,0.04,"Mytilus edulis","W-Msc-140480"
-77,20,0.04,"Mytilus edulis","W-Msc-140480"
-76,20,0.02,"Mytilus edulis","W-Msc-140480"
86.5,20,0.07,"Mytilus edulis","W-Msc-140480"
87,20,0.07,"Mytilus edulis","W-Msc-140480"
88.5,20,0.03,"Mytilus edulis","W-Msc-140480"
91.5,20,0.06,"Mytilus edulis","W-Msc-140480"
92,20,0.06,"Mytilus edulis","W-Msc-140480"
92.5,20,0.06,"Mytilus edulis","W-Msc-140480"
93,20,0.06,"Mytilus edulis","W-Msc-140480"
93.5,20,0.05,"Mytilus edulis","W-Msc-140480"
106.5,20,0.23,"Mytilus edulis","W-Msc-140480"
107,20,0.25,"Mytilus edulis","W-Msc-140480"
107.5,20,0.25,"Mytilus edulis","W-Msc-140480"
108,20,0.24,"Mytilus edulis","W-Msc-140480"
109.5,20,0.24,"Mytilus edulis","W-Msc-140480"
110,20,0.27,"Mytilus edulis","W-Msc-140480"
110.5,20,0.29,"Mytilus edulis","W-Msc-140480"
111,20,0.29,"Mytilus edulis","W-Msc-140480"
111.5,20,0.25,"Mytilus edulis","W-Msc-140480"
112,20,0.19,"Mytilus edulis","W-Msc-140480"
113,20,0.11,"Mytilus edulis","W-Msc-140480"
113.5,20,0.08,"Mytilus edulis","W-Msc-140480"
115,20,0.13,"Mytilus edulis","W-Msc-140480"
122,20,0.07,"Mytilus edulis","W-Msc-140480"
122.5,20,0.07,"Mytilus edulis","W-Msc-140480"
136.5,20,0.03,"Mytilus edulis","W-Msc-140480"
-155.5,19.5,0.16,"Mytilus edulis","W-Msc-140480"
-155,19.5,0.16,"Mytilus edulis","W-Msc-140480"
-154.5,19.5,0.15,"Mytilus edulis","W-Msc-140480"
-105,19.5,0.11,"Mytilus edulis","W-Msc-140480"
-96,19.5,0.17,"Mytilus edulis","W-Msc-140480"
-91.5,19.5,0.01,"Mytilus edulis","W-Msc-140480"
-91,19.5,0.06,"Mytilus edulis","W-Msc-140480"
-90.5,19.5,0.08,"Mytilus edulis","W-Msc-140480"
-90,19.5,0.1,"Mytilus edulis","W-Msc-140480"
-87.5,19.5,0.03,"Mytilus edulis","W-Msc-140480"
-87,19.5,0.02,"Mytilus edulis","W-Msc-140480"
-76,19.5,0.01,"Mytilus edulis","W-Msc-140480"
-75.5,19.5,0.01,"Mytilus edulis","W-Msc-140480"
-75,19.5,0.01,"Mytilus edulis","W-Msc-140480"
-72.5,19.5,0.01,"Mytilus edulis","W-Msc-140480"
-72,19.5,0.02,"Mytilus edulis","W-Msc-140480"
-71.5,19.5,0.03,"Mytilus edulis","W-Msc-140480"
-71,19.5,0.03,"Mytilus edulis","W-Msc-140480"
-70.5,19.5,0.03,"Mytilus edulis","W-Msc-140480"
-70,19.5,0.02,"Mytilus edulis","W-Msc-140480"
-69.5,19.5,0.01,"Mytilus edulis","W-Msc-140480"
85.5,19.5,0.06,"Mytilus edulis","W-Msc-140480"
86,19.5,0.06,"Mytilus edulis","W-Msc-140480"
86.5,19.5,0.05,"Mytilus edulis","W-Msc-140480"
87,19.5,0.05,"Mytilus edulis","W-Msc-140480"
92.5,19.5,0.05,"Mytilus edulis","W-Msc-140480"
93,19.5,0.05,"Mytilus edulis","W-Msc-140480"
93.5,19.5,0.06,"Mytilus edulis","W-Msc-140480"
94,19.5,0.06,"Mytilus edulis","W-Msc-140480"
106,19.5,0.21,"Mytilus edulis","W-Msc-140480"
106.5,19.5,0.17,"Mytilus edulis","W-Msc-140480"
109,19.5,0.2,"Mytilus edulis","W-Msc-140480"
109.5,19.5,0.22,"Mytilus edulis","W-Msc-140480"
110,19.5,0.12,"Mytilus edulis","W-Msc-140480"
110.5,19.5,0.04,"Mytilus edulis","W-Msc-140480"
111,19.5,0.24,"Mytilus edulis","W-Msc-140480"
111.5,19.5,0.21,"Mytilus edulis","W-Msc-140480"
112,19.5,0.13,"Mytilus edulis","W-Msc-140480"
113,19.5,0.08,"Mytilus edulis","W-Msc-140480"
122,19.5,0.05,"Mytilus edulis","W-Msc-140480"
122.5,19.5,0.04,"Mytilus edulis","W-Msc-140480"
145.5,19.5,0.02,"Mytilus edulis","W-Msc-140480"
-155.5,19,0.15,"Mytilus edulis","W-Msc-140480"
-155,19,0.15,"Mytilus edulis","W-Msc-140480"
-154.5,19,0.12,"Mytilus edulis","W-Msc-140480"
-110.5,19,0.1,"Mytilus edulis","W-Msc-140480"
-105,19,0.1,"Mytilus edulis","W-Msc-140480"
-104.5,19,0.09,"Mytilus edulis","W-Msc-140480"
-104,19,0.08,"Mytilus edulis","W-Msc-140480"
-96,19,0.15,"Mytilus edulis","W-Msc-140480"
-95.5,19,0.17,"Mytilus edulis","W-Msc-140480"
-92.5,19,0.12,"Mytilus edulis","W-Msc-140480"
-92,19,0.1,"Mytilus edulis","W-Msc-140480"
-91.5,19,0.08,"Mytilus edulis","W-Msc-140480"
-91,19,0.09,"Mytilus edulis","W-Msc-140480"
-90.5,19,0.1,"Mytilus edulis","W-Msc-140480"
-87.5,19,0.06,"Mytilus edulis","W-Msc-140480"
-87,19,0.01,"Mytilus edulis","W-Msc-140480"
-72.5,19,0.01,"Mytilus edulis","W-Msc-140480"
-69.5,19,0.07,"Mytilus edulis","W-Msc-140480"
-69,19,0.09,"Mytilus edulis","W-Msc-140480"
-68.5,19,0.01,"Mytilus edulis","W-Msc-140480"
85,19,0.06,"Mytilus edulis","W-Msc-140480"
85.5,19,0.05,"Mytilus edulis","W-Msc-140480"
93,19,0.05,"Mytilus edulis","W-Msc-140480"
93.5,19,0.05,"Mytilus edulis","W-Msc-140480"
94,19,0.05,"Mytilus edulis","W-Msc-140480"
94.5,19,0.05,"Mytilus edulis","W-Msc-140480"
106,19,0.19,"Mytilus edulis","W-Msc-140480"
106.5,19,0.21,"Mytilus edulis","W-Msc-140480"
109,19,0.18,"Mytilus edulis","W-Msc-140480"
111,19,0.2,"Mytilus edulis","W-Msc-140480"
111.5,19,0.16,"Mytilus edulis","W-Msc-140480"
112,19,0.15,"Mytilus edulis","W-Msc-140480"
112.5,19,0.13,"Mytilus edulis","W-Msc-140480"
121.5,19,0.09,"Mytilus edulis","W-Msc-140480"
122,19,0.07,"Mytilus edulis","W-Msc-140480"
122.5,19,0.04,"Mytilus edulis","W-Msc-140480"
167,19,0.02,"Mytilus edulis","W-Msc-140480"
-155.5,18.5,0.13,"Mytilus edulis","W-Msc-140480"
-111,18.5,0.01,"Mytilus edulis","W-Msc-140480"
-110.5,18.5,0.1,"Mytilus edulis","W-Msc-140480"
-104,18.5,0.07,"Mytilus edulis","W-Msc-140480"
-103.5,18.5,0.06,"Mytilus edulis","W-Msc-140480"
-95.5,18.5,0.15,"Mytilus edulis","W-Msc-140480"
-95,18.5,0.16,"Mytilus edulis","W-Msc-140480"
-94.5,18.5,0.15,"Mytilus edulis","W-Msc-140480"
-94,18.5,0.03,"Mytilus edulis","W-Msc-140480"
-93.5,18.5,0.14,"Mytilus edulis","W-Msc-140480"
-93,18.5,0.14,"Mytilus edulis","W-Msc-140480"
-92.5,18.5,0.13,"Mytilus edulis","W-Msc-140480"
-92,18.5,0.12,"Mytilus edulis","W-Msc-140480"
-91.5,18.5,0.1,"Mytilus edulis","W-Msc-140480"
-91,18.5,0.1,"Mytilus edulis","W-Msc-140480"
-88,18.5,0.06,"Mytilus edulis","W-Msc-140480"
-87.5,18.5,0.05,"Mytilus edulis","W-Msc-140480"
-87,18.5,0.01,"Mytilus edulis","W-Msc-140480"
-72,18.5,0.01,"Mytilus edulis","W-Msc-140480"
-71.5,18.5,0.02,"Mytilus edulis","W-Msc-140480"
-68.5,18.5,0.03,"Mytilus edulis","W-Msc-140480"
-68,18.5,0.01,"Mytilus edulis","W-Msc-140480"
-67,18.5,0.01,"Mytilus edulis","W-Msc-140480"
-66.5,18.5,0.01,"Mytilus edulis","W-Msc-140480"
-66,18.5,0.01,"Mytilus edulis","W-Msc-140480"
-65.5,18.5,0.01,"Mytilus edulis","W-Msc-140480"
-65,18.5,0.01,"Mytilus edulis","W-Msc-140480"
-64.5,18.5,0.01,"Mytilus edulis","W-Msc-140480"
-64,18.5,0.01,"Mytilus edulis","W-Msc-140480"
84.5,18.5,0.05,"Mytilus edulis","W-Msc-140480"
85,18.5,0.05,"Mytilus edulis","W-Msc-140480"
93.5,18.5,0.04,"Mytilus edulis","W-Msc-140480"
94,18.5,0.04,"Mytilus edulis","W-Msc-140480"
94.5,18.5,0.05,"Mytilus edulis","W-Msc-140480"
106,18.5,0.21,"Mytilus edulis","W-Msc-140480"
106.5,18.5,0.2,"Mytilus edulis","W-Msc-140480"
108.5,18.5,0.08,"Mytilus edulis","W-Msc-140480"
109,18.5,0.15,"Mytilus edulis","W-Msc-140480"
110.5,18.5,0.17,"Mytilus edulis","W-Msc-140480"
111,18.5,0.16,"Mytilus edulis","W-Msc-140480"
111.5,18.5,0.13,"Mytilus edulis","W-Msc-140480"
121,18.5,0.05,"Mytilus edulis","W-Msc-140480"
121.5,18.5,0.08,"Mytilus edulis","W-Msc-140480"
122,18.5,0.08,"Mytilus edulis","W-Msc-140480"
122.5,18.5,0.04,"Mytilus edulis","W-Msc-140480"
146,18.5,0.01,"Mytilus edulis","W-Msc-140480"
-114.5,18,0.06,"Mytilus edulis","W-Msc-140480"
-103.5,18,0.05,"Mytilus edulis","W-Msc-140480"
-103,18,0.04,"Mytilus edulis","W-Msc-140480"
-102.5,18,0.04,"Mytilus edulis","W-Msc-140480"
-102,18,0.04,"Mytilus edulis","W-Msc-140480"
-94.5,18,0.14,"Mytilus edulis","W-Msc-140480"
-94,18,0.15,"Mytilus edulis","W-Msc-140480"
-93.5,18,0.13,"Mytilus edulis","W-Msc-140480"
-93,18,0.07,"Mytilus edulis","W-Msc-140480"
-92.5,18,0.07,"Mytilus edulis","W-Msc-140480"
-91.5,18,0.01,"Mytilus edulis","W-Msc-140480"
-88,18,0.06,"Mytilus edulis","W-Msc-140480"
-87.5,18,0.04,"Mytilus edulis","W-Msc-140480"
-73.5,18,0.01,"Mytilus edulis","W-Msc-140480"
-73,18,0.01,"Mytilus edulis","W-Msc-140480"
-72.5,18,0.01,"Mytilus edulis","W-Msc-140480"
-72,18,0.01,"Mytilus edulis","W-Msc-140480"
-71.5,18,0.02,"Mytilus edulis","W-Msc-140480"
-71,18,0.02,"Mytilus edulis","W-Msc-140480"
-70.5,18,0.03,"Mytilus edulis","W-Msc-140480"
-70,18,0.05,"Mytilus edulis","W-Msc-140480"
-69.5,18,0.04,"Mytilus edulis","W-Msc-140480"
-69,18,0.01,"Mytilus edulis","W-Msc-140480"
-68.5,18,0.01,"Mytilus edulis","W-Msc-140480"
-68,18,0.01,"Mytilus edulis","W-Msc-140480"
-67.5,18,0.01,"Mytilus edulis","W-Msc-140480"
-67,18,0.01,"Mytilus edulis","W-Msc-140480"
-65.5,18,0.02,"Mytilus edulis","W-Msc-140480"
-65,18,0.02,"Mytilus edulis","W-Msc-140480"
-64.5,18,0.01,"Mytilus edulis","W-Msc-140480"
-64,18,0.01,"Mytilus edulis","W-Msc-140480"
-63,18,0.02,"Mytilus edulis","W-Msc-140480"
-62.5,18,0.03,"Mytilus edulis","W-Msc-140480"
84,18,0.05,"Mytilus edulis","W-Msc-140480"
84.5,18,0.04,"Mytilus edulis","W-Msc-140480"
94,18,0.04,"Mytilus edulis","W-Msc-140480"
94.5,18,0.04,"Mytilus edulis","W-Msc-140480"
95,18,0.04,"Mytilus edulis","W-Msc-140480"
106,18,0.06,"Mytilus edulis","W-Msc-140480"
106.5,18,0.2,"Mytilus edulis","W-Msc-140480"
107,18,0.18,"Mytilus edulis","W-Msc-140480"
108.5,18,0.06,"Mytilus edulis","W-Msc-140480"
109,18,0.13,"Mytilus edulis","W-Msc-140480"
109.5,18,0.14,"Mytilus edulis","W-Msc-140480"
110,18,0.16,"Mytilus edulis","W-Msc-140480"
110.5,18,0.14,"Mytilus edulis","W-Msc-140480"
111,18,0.12,"Mytilus edulis","W-Msc-140480"
121,18,0.03,"Mytilus edulis","W-Msc-140480"
122,18,0.05,"Mytilus edulis","W-Msc-140480"
122.5,18,0.04,"Mytilus edulis","W-Msc-140480"
146,18,0.01,"Mytilus edulis","W-Msc-140480"
-102,17.5,0.02,"Mytilus edulis","W-Msc-140480"
-101.5,17.5,0.01,"Mytilus edulis","W-Msc-140480"
-101,17.5,0.02,"Mytilus edulis","W-Msc-140480"
-88,17.5,0.06,"Mytilus edulis","W-Msc-140480"
-87.5,17.5,0.01,"Mytilus edulis","W-Msc-140480"
-71.5,17.5,0.01,"Mytilus edulis","W-Msc-140480"
-71,17.5,0.01,"Mytilus edulis","W-Msc-140480"
-67,17.5,0.01,"Mytilus edulis","W-Msc-140480"
-66.5,17.5,0.01,"Mytilus edulis","W-Msc-140480"
-66,17.5,0.02,"Mytilus edulis","W-Msc-140480"
-65.5,17.5,0.02,"Mytilus edulis","W-Msc-140480"
-64.5,17.5,0.02,"Mytilus edulis","W-Msc-140480"
-63.5,17.5,0.01,"Mytilus edulis","W-Msc-140480"
-63,17.5,0.02,"Mytilus edulis","W-Msc-140480"
-62.5,17.5,0.02,"Mytilus edulis","W-Msc-140480"
-62,17.5,0.02,"Mytilus edulis","W-Msc-140480"
-61.5,17.5,0.02,"Mytilus edulis","W-Msc-140480"
83.5,17.5,0.05,"Mytilus edulis","W-Msc-140480"
84,17.5,0.04,"Mytilus edulis","W-Msc-140480"
84.5,17.5,0.03,"Mytilus edulis","W-Msc-140480"
94.5,17.5,0.04,"Mytilus edulis","W-Msc-140480"
95,17.5,0.04,"Mytilus edulis","W-Msc-140480"
106.5,17.5,0.19,"Mytilus edulis","W-Msc-140480"
107,17.5,0.19,"Mytilus edulis","W-Msc-140480"
108.5,17.5,0.06,"Mytilus edulis","W-Msc-140480"
109,17.5,0.08,"Mytilus edulis","W-Msc-140480"
109.5,17.5,0.09,"Mytilus edulis","W-Msc-140480"
110,17.5,0.12,"Mytilus edulis","W-Msc-140480"
110.5,17.5,0.11,"Mytilus edulis","W-Msc-140480"
111,17.5,0.06,"Mytilus edulis","W-Msc-140480"
122.5,17.5,0.04,"Mytilus edulis","W-Msc-140480"
146,17.5,0.01,"Mytilus edulis","W-Msc-140480"
-101,17,0.01,"Mytilus edulis","W-Msc-140480"
-100.5,17,0.01,"Mytilus edulis","W-Msc-140480"
-100,17,0.01,"Mytilus edulis","W-Msc-140480"
-88,17,0.04,"Mytilus edulis","W-Msc-140480"
-78.5,17,0.01,"Mytilus edulis","W-Msc-140480"
-78,17,0.01,"Mytilus edulis","W-Msc-140480"
-77.5,17,0.01,"Mytilus edulis","W-Msc-140480"
-77,17,0.01,"Mytilus edulis","W-Msc-140480"
-71.5,17,0.01,"Mytilus edulis","W-Msc-140480"
-63.5,17,0.02,"Mytilus edulis","W-Msc-140480"
-63,17,0.02,"Mytilus edulis","W-Msc-140480"
-62.5,17,0.03,"Mytilus edulis","W-Msc-140480"
-62,17,0.03,"Mytilus edulis","W-Msc-140480"
-61.5,17,0.03,"Mytilus edulis","W-Msc-140480"
82.5,17,0.04,"Mytilus edulis","W-Msc-140480"
83,17,0.04,"Mytilus edulis","W-Msc-140480"
83.5,17,0.03,"Mytilus edulis","W-Msc-140480"
84,17,0.02,"Mytilus edulis","W-Msc-140480"
94.5,17,0.04,"Mytilus edulis","W-Msc-140480"
95,17,0.04,"Mytilus edulis","W-Msc-140480"
97,17,0.03,"Mytilus edulis","W-Msc-140480"
97.5,17,0.04,"Mytilus edulis","W-Msc-140480"
107,17,0.18,"Mytilus edulis","W-Msc-140480"
107.5,17,0.18,"Mytilus edulis","W-Msc-140480"
109,17,0.08,"Mytilus edulis","W-Msc-140480"
109.5,17,0.11,"Mytilus edulis","W-Msc-140480"
110,17,0.1,"Mytilus edulis","W-Msc-140480"
110.5,17,0.08,"Mytilus edulis","W-Msc-140480"
111.5,17,0.07,"Mytilus edulis","W-Msc-140480"
112,17,0.06,"Mytilus edulis","W-Msc-140480"
112.5,17,0.06,"Mytilus edulis","W-Msc-140480"
122.5,17,0.03,"Mytilus edulis","W-Msc-140480"
123,17,0.01,"Mytilus edulis","W-Msc-140480"
-169.5,16.5,0.02,"Mytilus edulis","W-Msc-140480"
-169,16.5,0.03,"Mytilus edulis","W-Msc-140480"
-88,16.5,0.05,"Mytilus edulis","W-Msc-140480"
-81.5,16.5,0.01,"Mytilus edulis","W-Msc-140480"
-80.5,16.5,0.01,"Mytilus edulis","W-Msc-140480"
-80,16.5,0.01,"Mytilus edulis","W-Msc-140480"
-78.5,16.5,0.01,"Mytilus edulis","W-Msc-140480"
-78,16.5,0.01,"Mytilus edulis","W-Msc-140480"
-62,16.5,0.03,"Mytilus edulis","W-Msc-140480"
-61,16.5,0.02,"Mytilus edulis","W-Msc-140480"
82.5,16.5,0.03,"Mytilus edulis","W-Msc-140480"
83,16.5,0.03,"Mytilus edulis","W-Msc-140480"
94.5,16.5,0.04,"Mytilus edulis","W-Msc-140480"
95,16.5,0.01,"Mytilus edulis","W-Msc-140480"
96.5,16.5,0.01,"Mytilus edulis","W-Msc-140480"
97,16.5,0.03,"Mytilus edulis","W-Msc-140480"
97.5,16.5,0.03,"Mytilus edulis","W-Msc-140480"
98,16.5,0.01,"Mytilus edulis","W-Msc-140480"
107.5,16.5,0.17,"Mytilus edulis","W-Msc-140480"
108,16.5,0.17,"Mytilus edulis","W-Msc-140480"
108.5,16.5,0.07,"Mytilus edulis","W-Msc-140480"
109,16.5,0.04,"Mytilus edulis","W-Msc-140480"
109.5,16.5,0.11,"Mytilus edulis","W-Msc-140480"
110,16.5,0.08,"Mytilus edulis","W-Msc-140480"
112,16.5,0.06,"Mytilus edulis","W-Msc-140480"
112.5,16.5,0.06,"Mytilus edulis","W-Msc-140480"
113,16.5,0.06,"Mytilus edulis","W-Msc-140480"
122.5,16.5,0.02,"Mytilus edulis","W-Msc-140480"
123,16.5,0.01,"Mytilus edulis","W-Msc-140480"
-95,16,0.04,"Mytilus edulis","W-Msc-140480"
-94.5,16,0.03,"Mytilus edulis","W-Msc-140480"
-94,16,0.02,"Mytilus edulis","W-Msc-140480"
-88.5,16,0.01,"Mytilus edulis","W-Msc-140480"
-88,16,0.01,"Mytilus edulis","W-Msc-140480"
-84,16,0.02,"Mytilus edulis","W-Msc-140480"
-83.5,16,0.01,"Mytilus edulis","W-Msc-140480"
-83,16,0.01,"Mytilus edulis","W-Msc-140480"
-82.5,16,0.01,"Mytilus edulis","W-Msc-140480"
-81,16,0.01,"Mytilus edulis","W-Msc-140480"
-80.5,16,0.02,"Mytilus edulis","W-Msc-140480"
-80,16,0.02,"Mytilus edulis","W-Msc-140480"
-79,16,0.02,"Mytilus edulis","W-Msc-140480"
-61.5,16,0.03,"Mytilus edulis","W-Msc-140480"
-61,16,0.02,"Mytilus edulis","W-Msc-140480"
-60.5,16,0.02,"Mytilus edulis","W-Msc-140480"
81.5,16,0.02,"Mytilus edulis","W-Msc-140480"
82,16,0.02,"Mytilus edulis","W-Msc-140480"
82.5,16,0.02,"Mytilus edulis","W-Msc-140480"
94.5,16,0.03,"Mytilus edulis","W-Msc-140480"
95,16,0.01,"Mytilus edulis","W-Msc-140480"
95.5,16,0.01,"Mytilus edulis","W-Msc-140480"
96,16,0.03,"Mytilus edulis","W-Msc-140480"
96.5,16,0.03,"Mytilus edulis","W-Msc-140480"
97,16,0.02,"Mytilus edulis","W-Msc-140480"
97.5,16,0.03,"Mytilus edulis","W-Msc-140480"
98,16,0.03,"Mytilus edulis","W-Msc-140480"
108,16,0.16,"Mytilus edulis","W-Msc-140480"
108.5,16,0.16,"Mytilus edulis","W-Msc-140480"
109,16,0.13,"Mytilus edulis","W-Msc-140480"
109.5,16,0.1,"Mytilus edulis","W-Msc-140480"
112,16,0.05,"Mytilus edulis","W-Msc-140480"
112.5,16,0.05,"Mytilus edulis","W-Msc-140480"
113,16,0.05,"Mytilus edulis","W-Msc-140480"
114.5,16,0.05,"Mytilus edulis","W-Msc-140480"
122,16,0.02,"Mytilus edulis","W-Msc-140480"
122.5,16,0.02,"Mytilus edulis","W-Msc-140480"
-96,15.5,0.01,"Mytilus edulis","W-Msc-140480"
-95.5,15.5,0.03,"Mytilus edulis","W-Msc-140480"
-95,15.5,0.05,"Mytilus edulis","W-Msc-140480"
-88.5,15.5,0.03,"Mytilus edulis","W-Msc-140480"
-87.5,15.5,0.04,"Mytilus edulis","W-Msc-140480"
-87,15.5,0.04,"Mytilus edulis","W-Msc-140480"
-86.5,15.5,0.04,"Mytilus edulis","W-Msc-140480"
-86,15.5,0.05,"Mytilus edulis","W-Msc-140480"
-85.5,15.5,0.05,"Mytilus edulis","W-Msc-140480"
-85,15.5,0.05,"Mytilus edulis","W-Msc-140480"
-84.5,15.5,0.05,"Mytilus edulis","W-Msc-140480"
-84,15.5,0.05,"Mytilus edulis","W-Msc-140480"
-83.5,15.5,0.04,"Mytilus edulis","W-Msc-140480"
-83,15.5,0.03,"Mytilus edulis","W-Msc-140480"
-82.5,15.5,0.01,"Mytilus edulis","W-Msc-140480"
-82,15.5,0.01,"Mytilus edulis","W-Msc-140480"
-81.5,15.5,0.01,"Mytilus edulis","W-Msc-140480"
-81,15.5,0.01,"Mytilus edulis","W-Msc-140480"
-80.5,15.5,0.01,"Mytilus edulis","W-Msc-140480"
-79.5,15.5,0.02,"Mytilus edulis","W-Msc-140480"
-78.5,15.5,0.02,"Mytilus edulis","W-Msc-140480"
-63.5,15.5,0.03,"Mytilus edulis","W-Msc-140480"
-61.5,15.5,0.03,"Mytilus edulis","W-Msc-140480"
-61,15.5,0.03,"Mytilus edulis","W-Msc-140480"
80.5,15.5,0.02,"Mytilus edulis","W-Msc-140480"
81,15.5,0.02,"Mytilus edulis","W-Msc-140480"
81.5,15.5,0.02,"Mytilus edulis","W-Msc-140480"
94,15.5,0.03,"Mytilus edulis","W-Msc-140480"
94.5,15.5,0.03,"Mytilus edulis","W-Msc-140480"
95,15.5,0.02,"Mytilus edulis","W-Msc-140480"
95.5,15.5,0.02,"Mytilus edulis","W-Msc-140480"
96,15.5,0.02,"Mytilus edulis","W-Msc-140480"
96.5,15.5,0.02,"Mytilus edulis","W-Msc-140480"
97,15.5,0.01,"Mytilus edulis","W-Msc-140480"
97.5,15.5,0.02,"Mytilus edulis","W-Msc-140480"
98,15.5,0.02,"Mytilus edulis","W-Msc-140480"
108.5,15.5,0.15,"Mytilus edulis","W-Msc-140480"
109,15.5,0.14,"Mytilus edulis","W-Msc-140480"
109.5,15.5,0.11,"Mytilus edulis","W-Msc-140480"
111.5,15.5,0.05,"Mytilus edulis","W-Msc-140480"
114,15.5,0.04,"Mytilus edulis","W-Msc-140480"
114.5,15.5,0.05,"Mytilus edulis","W-Msc-140480"
122,15.5,0.03,"Mytilus edulis","W-Msc-140480"
-84,15,0.05,"Mytilus edulis","W-Msc-140480"
-83.5,15,0.03,"Mytilus edulis","W-Msc-140480"
-83,15,0.04,"Mytilus edulis","W-Msc-140480"
-82.5,15,0.02,"Mytilus edulis","W-Msc-140480"
-82,15,0.01,"Mytilus edulis","W-Msc-140480"
-81.5,15,0.01,"Mytilus edulis","W-Msc-140480"
-81,15,0.01,"Mytilus edulis","W-Msc-140480"
-80.5,15,0.01,"Mytilus edulis","W-Msc-140480"
-61,15,0.04,"Mytilus edulis","W-Msc-140480"
80.5,15,0.03,"Mytilus edulis","W-Msc-140480"
81,15,0.01,"Mytilus edulis","W-Msc-140480"
94,15,0.02,"Mytilus edulis","W-Msc-140480"
94.5,15,0.02,"Mytilus edulis","W-Msc-140480"
95,15,0.02,"Mytilus edulis","W-Msc-140480"
95.5,15,0.01,"Mytilus edulis","W-Msc-140480"
96,15,0.01,"Mytilus edulis","W-Msc-140480"
98,15,0.01,"Mytilus edulis","W-Msc-140480"
109,15,0.14,"Mytilus edulis","W-Msc-140480"
109.5,15,0.12,"Mytilus edulis","W-Msc-140480"
120.5,15,0.01,"Mytilus edulis","W-Msc-140480"
121.5,15,0.02,"Mytilus edulis","W-Msc-140480"
122,15,0.03,"Mytilus edulis","W-Msc-140480"
122.5,15,0.03,"Mytilus edulis","W-Msc-140480"
-83,14.5,0.04,"Mytilus edulis","W-Msc-140480"
-82.5,14.5,0.04,"Mytilus edulis","W-Msc-140480"
-82,14.5,0.01,"Mytilus edulis","W-Msc-140480"
-81.5,14.5,0.01,"Mytilus edulis","W-Msc-140480"
-81,14.5,0.01,"Mytilus edulis","W-Msc-140480"
-80,14.5,0.01,"Mytilus edulis","W-Msc-140480"
-61,14.5,0.04,"Mytilus edulis","W-Msc-140480"
-60.5,14.5,0.03,"Mytilus edulis","W-Msc-140480"
80.5,14.5,0.03,"Mytilus edulis","W-Msc-140480"
94,14.5,0.01,"Mytilus edulis","W-Msc-140480"
94.5,14.5,0.01,"Mytilus edulis","W-Msc-140480"
95,14.5,0.01,"Mytilus edulis","W-Msc-140480"
98,14.5,0.01,"Mytilus edulis","W-Msc-140480"
109,14.5,0.14,"Mytilus edulis","W-Msc-140480"
109.5,14.5,0.13,"Mytilus edulis","W-Msc-140480"
120.5,14.5,0.01,"Mytilus edulis","W-Msc-140480"
121,14.5,0.02,"Mytilus edulis","W-Msc-140480"
121.5,14.5,0.02,"Mytilus edulis","W-Msc-140480"
122,14.5,0.04,"Mytilus edulis","W-Msc-140480"
122.5,14.5,0.03,"Mytilus edulis","W-Msc-140480"
123,14.5,0.02,"Mytilus edulis","W-Msc-140480"
123.5,14.5,0.01,"Mytilus edulis","W-Msc-140480"
169,14.5,0.01,"Mytilus edulis","W-Msc-140480"
169.5,14.5,0.01,"Mytilus edulis","W-Msc-140480"
-83,14,0.05,"Mytilus edulis","W-Msc-140480"
-82.5,14,0.04,"Mytilus edulis","W-Msc-140480"
-82,14,0.01,"Mytilus edulis","W-Msc-140480"
-81.5,14,0.01,"Mytilus edulis","W-Msc-140480"
-81,14,0.01,"Mytilus edulis","W-Msc-140480"
-80,14,0.01,"Mytilus edulis","W-Msc-140480"
-60.5,14,0.04,"Mytilus edulis","W-Msc-140480"
80.5,14,0.03,"Mytilus edulis","W-Msc-140480"
93.5,14,0.02,"Mytilus edulis","W-Msc-140480"
109.5,14,0.13,"Mytilus edulis","W-Msc-140480"
120.5,14,0.02,"Mytilus edulis","W-Msc-140480"
121,14,0.03,"Mytilus edulis","W-Msc-140480"
122,14,0.03,"Mytilus edulis","W-Msc-140480"
122.5,14,0.03,"Mytilus edulis","W-Msc-140480"
123,14,0.02,"Mytilus edulis","W-Msc-140480"
123.5,14,0.02,"Mytilus edulis","W-Msc-140480"
124,14,0.01,"Mytilus edulis","W-Msc-140480"
124.5,14,0.01,"Mytilus edulis","W-Msc-140480"
-83.5,13.5,0.05,"Mytilus edulis","W-Msc-140480"
-83,13.5,0.05,"Mytilus edulis","W-Msc-140480"
-82.5,13.5,0.01,"Mytilus edulis","W-Msc-140480"
-82,13.5,0.01,"Mytilus edulis","W-Msc-140480"
-81.5,13.5,0.01,"Mytilus edulis","W-Msc-140480"
-81,13.5,0.01,"Mytilus edulis","W-Msc-140480"
-80,13.5,0.01,"Mytilus edulis","W-Msc-140480"
-79.5,13.5,0.01,"Mytilus edulis","W-Msc-140480"
-61,13.5,0.06,"Mytilus edulis","W-Msc-140480"
-60.5,13.5,0.05,"Mytilus edulis","W-Msc-140480"
80.5,13.5,0.03,"Mytilus edulis","W-Msc-140480"
81,13.5,0.01,"Mytilus edulis","W-Msc-140480"
93,13.5,0.01,"Mytilus edulis","W-Msc-140480"
93.5,13.5,0.01,"Mytilus edulis","W-Msc-140480"
109.5,13.5,0.13,"Mytilus edulis","W-Msc-140480"
120.5,13.5,0.02,"Mytilus edulis","W-Msc-140480"
121,13.5,0.05,"Mytilus edulis","W-Msc-140480"
121.5,13.5,0.04,"Mytilus edulis","W-Msc-140480"
122,13.5,0.03,"Mytilus edulis","W-Msc-140480"
122.5,13.5,0.03,"Mytilus edulis","W-Msc-140480"
123,13.5,0.03,"Mytilus edulis","W-Msc-140480"
123.5,13.5,0.02,"Mytilus edulis","W-Msc-140480"
124,13.5,0.01,"Mytilus edulis","W-Msc-140480"
124.5,13.5,0.01,"Mytilus edulis","W-Msc-140480"
-87,13,0.01,"Mytilus edulis","W-Msc-140480"
-83.5,13,0.05,"Mytilus edulis","W-Msc-140480"
-83,13,0.05,"Mytilus edulis","W-Msc-140480"
-82.5,13,0.01,"Mytilus edulis","W-Msc-140480"
-82,13,0.01,"Mytilus edulis","W-Msc-140480"
-81,13,0.01,"Mytilus edulis","W-Msc-140480"
-61,13,0.06,"Mytilus edulis","W-Msc-140480"
-59.5,13,0.06,"Mytilus edulis","W-Msc-140480"
-59,13,0.05,"Mytilus edulis","W-Msc-140480"
80.5,13,0.02,"Mytilus edulis","W-Msc-140480"
81,13,0.01,"Mytilus edulis","W-Msc-140480"
93,13,0.01,"Mytilus edulis","W-Msc-140480"
109.5,13,0.13,"Mytilus edulis","W-Msc-140480"
110,13,0.09,"Mytilus edulis","W-Msc-140480"
121,13,0.02,"Mytilus edulis","W-Msc-140480"
121.5,13,0.04,"Mytilus edulis","W-Msc-140480"
122,13,0.03,"Mytilus edulis","W-Msc-140480"
122.5,13,0.03,"Mytilus edulis","W-Msc-140480"
123,13,0.03,"Mytilus edulis","W-Msc-140480"
123.5,13,0.04,"Mytilus edulis","W-Msc-140480"
124,13,0.03,"Mytilus edulis","W-Msc-140480"
124.5,13,0.01,"Mytilus edulis","W-Msc-140480"
-87,12.5,0.01,"Mytilus edulis","W-Msc-140480"
-83.5,12.5,0.05,"Mytilus edulis","W-Msc-140480"
-83,12.5,0.05,"Mytilus edulis","W-Msc-140480"
-82.5,12.5,0.01,"Mytilus edulis","W-Msc-140480"
-82,12.5,0.01,"Mytilus edulis","W-Msc-140480"
-81.5,12.5,0.01,"Mytilus edulis","W-Msc-140480"
-71.5,12.5,0.09,"Mytilus edulis","W-Msc-140480"
-71,12.5,0.11,"Mytilus edulis","W-Msc-140480"
-70.5,12.5,0.1,"Mytilus edulis","W-Msc-140480"
-70,12.5,0.09,"Mytilus edulis","W-Msc-140480"
-69.5,12.5,0.08,"Mytilus edulis","W-Msc-140480"
-61,12.5,0.07,"Mytilus edulis","W-Msc-140480"
80.5,12.5,0.02,"Mytilus edulis","W-Msc-140480"
98.5,12.5,0.01,"Mytilus edulis","W-Msc-140480"
109.5,12.5,0.12,"Mytilus edulis","W-Msc-140480"
110,12.5,0.09,"Mytilus edulis","W-Msc-140480"
121.5,12.5,0.01,"Mytilus edulis","W-Msc-140480"
122,12.5,0.04,"Mytilus edulis","W-Msc-140480"
122.5,12.5,0.02,"Mytilus edulis","W-Msc-140480"
123,12.5,0.02,"Mytilus edulis","W-Msc-140480"
123.5,12.5,0.04,"Mytilus edulis","W-Msc-140480"
124,12.5,0.06,"Mytilus edulis","W-Msc-140480"
124.5,12.5,0.05,"Mytilus edulis","W-Msc-140480"
125,12.5,0.01,"Mytilus edulis","W-Msc-140480"
-88,12,0.02,"Mytilus edulis","W-Msc-140480"
-87.5,12,0.02,"Mytilus edulis","W-Msc-140480"
-87,12,0.03,"Mytilus edulis","W-Msc-140480"
-86.5,12,0.04,"Mytilus edulis","W-Msc-140480"
-83.5,12,0.05,"Mytilus edulis","W-Msc-140480"
-83,12,0.05,"Mytilus edulis","W-Msc-140480"
-82.5,12,0.01,"Mytilus edulis","W-Msc-140480"
-72.5,12,0.12,"Mytilus edulis","W-Msc-140480"
-72,12,0.13,"Mytilus edulis","W-Msc-140480"
-71.5,12,0.13,"Mytilus edulis","W-Msc-140480"
-71,12,0.12,"Mytilus edulis","W-Msc-140480"
-70.5,12,0.12,"Mytilus edulis","W-Msc-140480"
-70,12,0.12,"Mytilus edulis","W-Msc-140480"
-69.5,12,0.1,"Mytilus edulis","W-Msc-140480"
-69,12,0.09,"Mytilus edulis","W-Msc-140480"
-68.5,12,0.09,"Mytilus edulis","W-Msc-140480"
-68,12,0.09,"Mytilus edulis","W-Msc-140480"
-67.5,12,0.08,"Mytilus edulis","W-Msc-140480"
-67,12,0.09,"Mytilus edulis","W-Msc-140480"
-66.5,12,0.09,"Mytilus edulis","W-Msc-140480"
-61.5,12,0.06,"Mytilus edulis","W-Msc-140480"
-61,12,0.06,"Mytilus edulis","W-Msc-140480"
80,12,0.02,"Mytilus edulis","W-Msc-140480"
80.5,12,0.01,"Mytilus edulis","W-Msc-140480"
98,12,0.01,"Mytilus edulis","W-Msc-140480"
98.5,12,0.01,"Mytilus edulis","W-Msc-140480"
109.5,12,0.12,"Mytilus edulis","W-Msc-140480"
110,12,0.09,"Mytilus edulis","W-Msc-140480"
121.5,12,0.04,"Mytilus edulis","W-Msc-140480"
122,12,0.04,"Mytilus edulis","W-Msc-140480"
122.5,12,0.02,"Mytilus edulis","W-Msc-140480"
123,12,0.02,"Mytilus edulis","W-Msc-140480"
123.5,12,0.03,"Mytilus edulis","W-Msc-140480"
124,12,0.06,"Mytilus edulis","W-Msc-140480"
124.5,12,0.05,"Mytilus edulis","W-Msc-140480"
125,12,0.01,"Mytilus edulis","W-Msc-140480"
169,12,0.01,"Mytilus edulis","W-Msc-140480"
170.5,12,0.01,"Mytilus edulis","W-Msc-140480"
-87,11.5,0.01,"Mytilus edulis","W-Msc-140480"
-86.5,11.5,0.05,"Mytilus edulis","W-Msc-140480"
-86,11.5,0.05,"Mytilus edulis","W-Msc-140480"
-83.5,11.5,0.05,"Mytilus edulis","W-Msc-140480"
-83,11.5,0.02,"Mytilus edulis","W-Msc-140480"
-73,11.5,0.11,"Mytilus edulis","W-Msc-140480"
-72.5,11.5,0.11,"Mytilus edulis","W-Msc-140480"
-72,11.5,0.14,"Mytilus edulis","W-Msc-140480"
-71.5,11.5,0.11,"Mytilus edulis","W-Msc-140480"
-71,11.5,0.08,"Mytilus edulis","W-Msc-140480"
-70.5,11.5,0.07,"Mytilus edulis","W-Msc-140480"
-70,11.5,0.12,"Mytilus edulis","W-Msc-140480"
-69.5,11.5,0.11,"Mytilus edulis","W-Msc-140480"
-69,11.5,0.11,"Mytilus edulis","W-Msc-140480"
-68.5,11.5,0.1,"Mytilus edulis","W-Msc-140480"
-66.5,11.5,0.1,"Mytilus edulis","W-Msc-140480"
-66,11.5,0.11,"Mytilus edulis","W-Msc-140480"
-64.5,11.5,0.13,"Mytilus edulis","W-Msc-140480"
-64,11.5,0.14,"Mytilus edulis","W-Msc-140480"
-63.5,11.5,0.05,"Mytilus edulis","W-Msc-140480"
-63,11.5,0.07,"Mytilus edulis","W-Msc-140480"
-61.5,11.5,0.07,"Mytilus edulis","W-Msc-140480"
80,11.5,0.03,"Mytilus edulis","W-Msc-140480"
80.5,11.5,0.01,"Mytilus edulis","W-Msc-140480"
98,11.5,0.01,"Mytilus edulis","W-Msc-140480"
98.5,11.5,0.01,"Mytilus edulis","W-Msc-140480"
109.5,11.5,0.12,"Mytilus edulis","W-Msc-140480"
110,11.5,0.08,"Mytilus edulis","W-Msc-140480"
115,11.5,0.01,"Mytilus edulis","W-Msc-140480"
120,11.5,0.01,"Mytilus edulis","W-Msc-140480"
120.5,11.5,0.02,"Mytilus edulis","W-Msc-140480"
121,11.5,0.02,"Mytilus edulis","W-Msc-140480"
121.5,11.5,0.03,"Mytilus edulis","W-Msc-140480"
122,11.5,0.03,"Mytilus edulis","W-Msc-140480"
122.5,11.5,0.02,"Mytilus edulis","W-Msc-140480"
123,11.5,0.02,"Mytilus edulis","W-Msc-140480"
123.5,11.5,0.02,"Mytilus edulis","W-Msc-140480"
124,11.5,0.03,"Mytilus edulis","W-Msc-140480"
124.5,11.5,0.02,"Mytilus edulis","W-Msc-140480"
162.5,11.5,0.03,"Mytilus edulis","W-Msc-140480"
165.5,11.5,0.04,"Mytilus edulis","W-Msc-140480"
166,11.5,0.04,"Mytilus edulis","W-Msc-140480"
-86.5,11,0.04,"Mytilus edulis","W-Msc-140480"
-86,11,0.06,"Mytilus edulis","W-Msc-140480"
-85.5,11,0.05,"Mytilus edulis","W-Msc-140480"
-83.5,11,0.06,"Mytilus edulis","W-Msc-140480"
-83,11,0.01,"Mytilus edulis","W-Msc-140480"
-75,11,0.02,"Mytilus edulis","W-Msc-140480"
-74,11,0.1,"Mytilus edulis","W-Msc-140480"
-73.5,11,0.1,"Mytilus edulis","W-Msc-140480"
-73,11,0.09,"Mytilus edulis","W-Msc-140480"
-71.5,11,0.04,"Mytilus edulis","W-Msc-140480"
-71,11,0.05,"Mytilus edulis","W-Msc-140480"
-70.5,11,0.13,"Mytilus edulis","W-Msc-140480"
-70,11,0.12,"Mytilus edulis","W-Msc-140480"
-69.5,11,0.11,"Mytilus edulis","W-Msc-140480"
-69,11,0.1,"Mytilus edulis","W-Msc-140480"
-68.5,11,0.1,"Mytilus edulis","W-Msc-140480"
-68,11,0.09,"Mytilus edulis","W-Msc-140480"
-65.5,11,0.02,"Mytilus edulis","W-Msc-140480"
-65,11,0.12,"Mytilus edulis","W-Msc-140480"
-64.5,11,0.14,"Mytilus edulis","W-Msc-140480"
-64,11,0.16,"Mytilus edulis","W-Msc-140480"
-63.5,11,0.13,"Mytilus edulis","W-Msc-140480"
-63,11,0.1,"Mytilus edulis","W-Msc-140480"
-62.5,11,0.1,"Mytilus edulis","W-Msc-140480"
-61,11,0.01,"Mytilus edulis","W-Msc-140480"
-60.5,11,0.07,"Mytilus edulis","W-Msc-140480"
-60,11,0.05,"Mytilus edulis","W-Msc-140480"
80,11,0.01,"Mytilus edulis","W-Msc-140480"
80.5,11,0.01,"Mytilus edulis","W-Msc-140480"
98,11,0.01,"Mytilus edulis","W-Msc-140480"
98.5,11,0.01,"Mytilus edulis","W-Msc-140480"
108.5,11,0.1,"Mytilus edulis","W-Msc-140480"
109,11,0.12,"Mytilus edulis","W-Msc-140480"
109.5,11,0.1,"Mytilus edulis","W-Msc-140480"
110,11,0.07,"Mytilus edulis","W-Msc-140480"
114.5,11,0.02,"Mytilus edulis","W-Msc-140480"
115,11,0.01,"Mytilus edulis","W-Msc-140480"
119.5,11,0.01,"Mytilus edulis","W-Msc-140480"
120,11,0.02,"Mytilus edulis","W-Msc-140480"
120.5,11,0.02,"Mytilus edulis","W-Msc-140480"
121,11,0.03,"Mytilus edulis","W-Msc-140480"
121.5,11,0.02,"Mytilus edulis","W-Msc-140480"
122,11,0.01,"Mytilus edulis","W-Msc-140480"
122.5,11,0.01,"Mytilus edulis","W-Msc-140480"
123,11,0.02,"Mytilus edulis","W-Msc-140480"
123.5,11,0.02,"Mytilus edulis","W-Msc-140480"
124,11,0.02,"Mytilus edulis","W-Msc-140480"
162.5,11,0.02,"Mytilus edulis","W-Msc-140480"
166.5,11,0.03,"Mytilus edulis","W-Msc-140480"
167,11,0.03,"Mytilus edulis","W-Msc-140480"
167.5,11,0.02,"Mytilus edulis","W-Msc-140480"
168,11,0.02,"Mytilus edulis","W-Msc-140480"
170,11,0.02,"Mytilus edulis","W-Msc-140480"
-86,10.5,0.02,"Mytilus edulis","W-Msc-140480"
-85.5,10.5,0.03,"Mytilus edulis","W-Msc-140480"
-83.5,10.5,0.05,"Mytilus edulis","W-Msc-140480"
-83,10.5,0.05,"Mytilus edulis","W-Msc-140480"
-75,10.5,0.04,"Mytilus edulis","W-Msc-140480"
-74.5,10.5,0.04,"Mytilus edulis","W-Msc-140480"
-74,10.5,0.05,"Mytilus edulis","W-Msc-140480"
-71,10.5,0.03,"Mytilus edulis","W-Msc-140480"
-68,10.5,0.08,"Mytilus edulis","W-Msc-140480"
-67.5,10.5,0.09,"Mytilus edulis","W-Msc-140480"
-67,10.5,0.1,"Mytilus edulis","W-Msc-140480"
-66.5,10.5,0.11,"Mytilus edulis","W-Msc-140480"
-66,10.5,0.12,"Mytilus edulis","W-Msc-140480"
-65.5,10.5,0.11,"Mytilus edulis","W-Msc-140480"
-65,10.5,0.12,"Mytilus edulis","W-Msc-140480"
-64,10.5,0.15,"Mytilus edulis","W-Msc-140480"
-63.5,10.5,0.14,"Mytilus edulis","W-Msc-140480"
-63,10.5,0.11,"Mytilus edulis","W-Msc-140480"
-62.5,10.5,0.1,"Mytilus edulis","W-Msc-140480"
-62,10.5,0.09,"Mytilus edulis","W-Msc-140480"
-61.5,10.5,0.08,"Mytilus edulis","W-Msc-140480"
-61,10.5,0.07,"Mytilus edulis","W-Msc-140480"
-60.5,10.5,0.06,"Mytilus edulis","W-Msc-140480"
-60,10.5,0.03,"Mytilus edulis","W-Msc-140480"
80.5,10.5,0.01,"Mytilus edulis","W-Msc-140480"
98,10.5,0.01,"Mytilus edulis","W-Msc-140480"
107,10.5,0.01,"Mytilus edulis","W-Msc-140480"
107.5,10.5,0.05,"Mytilus edulis","W-Msc-140480"
108,10.5,0.08,"Mytilus edulis","W-Msc-140480"
108.5,10.5,0.1,"Mytilus edulis","W-Msc-140480"
109,10.5,0.1,"Mytilus edulis","W-Msc-140480"
109.5,10.5,0.08,"Mytilus edulis","W-Msc-140480"
114.5,10.5,0.02,"Mytilus edulis","W-Msc-140480"
115,10.5,0.01,"Mytilus edulis","W-Msc-140480"
120,10.5,0.01,"Mytilus edulis","W-Msc-140480"
120.5,10.5,0.01,"Mytilus edulis","W-Msc-140480"
121,10.5,0.01,"Mytilus edulis","W-Msc-140480"
121.5,10.5,0.01,"Mytilus edulis","W-Msc-140480"
122.5,10.5,0.01,"Mytilus edulis","W-Msc-140480"
123,10.5,0.02,"Mytilus edulis","W-Msc-140480"
123.5,10.5,0.01,"Mytilus edulis","W-Msc-140480"
124,10.5,0.01,"Mytilus edulis","W-Msc-140480"
125.5,10.5,0.01,"Mytilus edulis","W-Msc-140480"
126,10.5,0.01,"Mytilus edulis","W-Msc-140480"
-109,10,0.05,"Mytilus edulis","W-Msc-140480"
-86,10,0.01,"Mytilus edulis","W-Msc-140480"
-85.5,10,0.03,"Mytilus edulis","W-Msc-140480"
-85,10,0.02,"Mytilus edulis","W-Msc-140480"
-84.5,10,0.03,"Mytilus edulis","W-Msc-140480"
-83,10,0.05,"Mytilus edulis","W-Msc-140480"
-82.5,10,0.02,"Mytilus edulis","W-Msc-140480"
-75.5,10,0.01,"Mytilus edulis","W-Msc-140480"
-66,10,0.12,"Mytilus edulis","W-Msc-140480"
-65.5,10,0.13,"Mytilus edulis","W-Msc-140480"
-65,10,0.13,"Mytilus edulis","W-Msc-140480"
-64.5,10,0.14,"Mytilus edulis","W-Msc-140480"
-64,10,0.16,"Mytilus edulis","W-Msc-140480"
-63.5,10,0.1,"Mytilus edulis","W-Msc-140480"
-62.5,10,0.09,"Mytilus edulis","W-Msc-140480"
-62,10,0.05,"Mytilus edulis","W-Msc-140480"
-61.5,10,0.05,"Mytilus edulis","W-Msc-140480"
-61,10,0.06,"Mytilus edulis","W-Msc-140480"
-60.5,10,0.05,"Mytilus edulis","W-Msc-140480"
-60,10,0.04,"Mytilus edulis","W-Msc-140480"
80.5,10,0.02,"Mytilus edulis","W-Msc-140480"
105.5,10,0.01,"Mytilus edulis","W-Msc-140480"
107,10,0.01,"Mytilus edulis","W-Msc-140480"
107.5,10,0.02,"Mytilus edulis","W-Msc-140480"
108,10,0.08,"Mytilus edulis","W-Msc-140480"
108.5,10,0.08,"Mytilus edulis","W-Msc-140480"
109,10,0.08,"Mytilus edulis","W-Msc-140480"
109.5,10,0.06,"Mytilus edulis","W-Msc-140480"
110,10,0.04,"Mytilus edulis","W-Msc-140480"
114,10,0.02,"Mytilus edulis","W-Msc-140480"
114.5,10,0.02,"Mytilus edulis","W-Msc-140480"
115,10,0.01,"Mytilus edulis","W-Msc-140480"
122.5,10,0.02,"Mytilus edulis","W-Msc-140480"
123,10,0.02,"Mytilus edulis","W-Msc-140480"
123.5,10,0.02,"Mytilus edulis","W-Msc-140480"
124,10,0.01,"Mytilus edulis","W-Msc-140480"
125,10,0.02,"Mytilus edulis","W-Msc-140480"
125.5,10,0.03,"Mytilus edulis","W-Msc-140480"
126,10,0.01,"Mytilus edulis","W-Msc-140480"
166,10,0.02,"Mytilus edulis","W-Msc-140480"
166.5,10,0.02,"Mytilus edulis","W-Msc-140480"
169.5,10,0.03,"Mytilus edulis","W-Msc-140480"
170,10,0.04,"Mytilus edulis","W-Msc-140480"
170.5,10,0.03,"Mytilus edulis","W-Msc-140480"
-85.5,9.5,0.02,"Mytilus edulis","W-Msc-140480"
-85,9.5,0.01,"Mytilus edulis","W-Msc-140480"
-84.5,9.5,0.01,"Mytilus edulis","W-Msc-140480"
-84,9.5,0.02,"Mytilus edulis","W-Msc-140480"
-82.5,9.5,0.04,"Mytilus edulis","W-Msc-140480"
-82,9.5,0.04,"Mytilus edulis","W-Msc-140480"
-79.5,9.5,0.01,"Mytilus edulis","W-Msc-140480"
-76,9.5,0.01,"Mytilus edulis","W-Msc-140480"
-62,9.5,0.04,"Mytilus edulis","W-Msc-140480"
-61.5,9.5,0.06,"Mytilus edulis","W-Msc-140480"
-61,9.5,0.06,"Mytilus edulis","W-Msc-140480"
-60.5,9.5,0.05,"Mytilus edulis","W-Msc-140480"
-60,9.5,0.05,"Mytilus edulis","W-Msc-140480"
-59.5,9.5,0.05,"Mytilus edulis","W-Msc-140480"
80.5,9.5,0.02,"Mytilus edulis","W-Msc-140480"
81,9.5,0.01,"Mytilus edulis","W-Msc-140480"
105.5,9.5,0.01,"Mytilus edulis","W-Msc-140480"
106.5,9.5,0.02,"Mytilus edulis","W-Msc-140480"
107,9.5,0.02,"Mytilus edulis","W-Msc-140480"
107.5,9.5,0.05,"Mytilus edulis","W-Msc-140480"
108,9.5,0.07,"Mytilus edulis","W-Msc-140480"
108.5,9.5,0.07,"Mytilus edulis","W-Msc-140480"
109,9.5,0.06,"Mytilus edulis","W-Msc-140480"
109.5,9.5,0.05,"Mytilus edulis","W-Msc-140480"
113,9.5,0.02,"Mytilus edulis","W-Msc-140480"
113.5,9.5,0.02,"Mytilus edulis","W-Msc-140480"
114.5,9.5,0.01,"Mytilus edulis","W-Msc-140480"
115,9.5,0.01,"Mytilus edulis","W-Msc-140480"
122.5,9.5,0.01,"Mytilus edulis","W-Msc-140480"
123,9.5,0.02,"Mytilus edulis","W-Msc-140480"
123.5,9.5,0.02,"Mytilus edulis","W-Msc-140480"
124,9.5,0.02,"Mytilus edulis","W-Msc-140480"
124.5,9.5,0.02,"Mytilus edulis","W-Msc-140480"
125,9.5,0.03,"Mytilus edulis","W-Msc-140480"
125.5,9.5,0.03,"Mytilus edulis","W-Msc-140480"
126,9.5,0.01,"Mytilus edulis","W-Msc-140480"
169.5,9.5,0.03,"Mytilus edulis","W-Msc-140480"
170,9.5,0.03,"Mytilus edulis","W-Msc-140480"
170.5,9.5,0.04,"Mytilus edulis","W-Msc-140480"
-84.5,9,0.01,"Mytilus edulis","W-Msc-140480"
-84,9,0.01,"Mytilus edulis","W-Msc-140480"
-83.5,9,0.02,"Mytilus edulis","W-Msc-140480"
-82,9,0.05,"Mytilus edulis","W-Msc-140480"
-81.5,9,0.05,"Mytilus edulis","W-Msc-140480"
-81,9,0.04,"Mytilus edulis","W-Msc-140480"
-80.5,9,0.03,"Mytilus edulis","W-Msc-140480"
-80,9,0.05,"Mytilus edulis","W-Msc-140480"
-79.5,9,0.07,"Mytilus edulis","W-Msc-140480"
-79,9,0.07,"Mytilus edulis","W-Msc-140480"
-78.5,9,0.07,"Mytilus edulis","W-Msc-140480"
-78,9,0.06,"Mytilus edulis","W-Msc-140480"
-77.5,9,0.03,"Mytilus edulis","W-Msc-140480"
-76,9,0.02,"Mytilus edulis","W-Msc-140480"
-75.5,9,0.01,"Mytilus edulis","W-Msc-140480"
-60.5,9,0.05,"Mytilus edulis","W-Msc-140480"
-60,9,0.05,"Mytilus edulis","W-Msc-140480"
-59.5,9,0.05,"Mytilus edulis","W-Msc-140480"
-59,9,0.05,"Mytilus edulis","W-Msc-140480"
78.5,9,0.01,"Mytilus edulis","W-Msc-140480"
80,9,0.01,"Mytilus edulis","W-Msc-140480"
80.5,9,0.01,"Mytilus edulis","W-Msc-140480"
81,9,0.01,"Mytilus edulis","W-Msc-140480"
105.5,9,0.02,"Mytilus edulis","W-Msc-140480"
106,9,0.03,"Mytilus edulis","W-Msc-140480"
106.5,9,0.03,"Mytilus edulis","W-Msc-140480"
107,9,0.04,"Mytilus edulis","W-Msc-140480"
107.5,9,0.07,"Mytilus edulis","W-Msc-140480"
108,9,0.06,"Mytilus edulis","W-Msc-140480"
108.5,9,0.06,"Mytilus edulis","W-Msc-140480"
109,9,0.05,"Mytilus edulis","W-Msc-140480"
114,9,0.01,"Mytilus edulis","W-Msc-140480"
123,9,0.02,"Mytilus edulis","W-Msc-140480"
123.5,9,0.03,"Mytilus edulis","W-Msc-140480"
124,9,0.03,"Mytilus edulis","W-Msc-140480"
125,9,0.03,"Mytilus edulis","W-Msc-140480"
125.5,9,0.02,"Mytilus edulis","W-Msc-140480"
126,9,0.01,"Mytilus edulis","W-Msc-140480"
166,9,0.01,"Mytilus edulis","W-Msc-140480"
167,9,0.01,"Mytilus edulis","W-Msc-140480"
167.5,9,0.02,"Mytilus edulis","W-Msc-140480"
168,9,0.02,"Mytilus edulis","W-Msc-140480"
170,9,0.02,"Mytilus edulis","W-Msc-140480"
170.5,9,0.03,"Mytilus edulis","W-Msc-140480"
-83.5,8.5,0.01,"Mytilus edulis","W-Msc-140480"
-83,8.5,0.02,"Mytilus edulis","W-Msc-140480"
-82,8.5,0.03,"Mytilus edulis","W-Msc-140480"
-81.5,8.5,0.04,"Mytilus edulis","W-Msc-140480"
-81,8.5,0.05,"Mytilus edulis","W-Msc-140480"
-80.5,8.5,0.06,"Mytilus edulis","W-Msc-140480"
-79.5,8.5,0.09,"Mytilus edulis","W-Msc-140480"
-79,8.5,0.08,"Mytilus edulis","W-Msc-140480"
-78.5,8.5,0.07,"Mytilus edulis","W-Msc-140480"
-78,8.5,0.07,"Mytilus edulis","W-Msc-140480"
-77.5,8.5,0.06,"Mytilus edulis","W-Msc-140480"
-77,8.5,0.04,"Mytilus edulis","W-Msc-140480"
-76.5,8.5,0.03,"Mytilus edulis","W-Msc-140480"
-76,8.5,0.03,"Mytilus edulis","W-Msc-140480"
-60.5,8.5,0.05,"Mytilus edulis","W-Msc-140480"
-60,8.5,0.05,"Mytilus edulis","W-Msc-140480"
-59.5,8.5,0.06,"Mytilus edulis","W-Msc-140480"
-59,8.5,0.05,"Mytilus edulis","W-Msc-140480"
-58.5,8.5,0.05,"Mytilus edulis","W-Msc-140480"
78.5,8.5,0.02,"Mytilus edulis","W-Msc-140480"
79,8.5,0.03,"Mytilus edulis","W-Msc-140480"
79.5,8.5,0.03,"Mytilus edulis","W-Msc-140480"
80,8.5,0.03,"Mytilus edulis","W-Msc-140480"
105,8.5,0.01,"Mytilus edulis","W-Msc-140480"
105.5,8.5,0.03,"Mytilus edulis","W-Msc-140480"
106,8.5,0.04,"Mytilus edulis","W-Msc-140480"
106.5,8.5,0.05,"Mytilus edulis","W-Msc-140480"
107,8.5,0.06,"Mytilus edulis","W-Msc-140480"
107.5,8.5,0.06,"Mytilus edulis","W-Msc-140480"
108,8.5,0.06,"Mytilus edulis","W-Msc-140480"
108.5,8.5,0.06,"Mytilus edulis","W-Msc-140480"
109,8.5,0.04,"Mytilus edulis","W-Msc-140480"
112,8.5,0.02,"Mytilus edulis","W-Msc-140480"
112.5,8.5,0.02,"Mytilus edulis","W-Msc-140480"
113,8.5,0.02,"Mytilus edulis","W-Msc-140480"
114,8.5,0.01,"Mytilus edulis","W-Msc-140480"
123.5,8.5,0.04,"Mytilus edulis","W-Msc-140480"
124,8.5,0.03,"Mytilus edulis","W-Msc-140480"
124.5,8.5,0.01,"Mytilus edulis","W-Msc-140480"
125,8.5,0.02,"Mytilus edulis","W-Msc-140480"
125.5,8.5,0.01,"Mytilus edulis","W-Msc-140480"
166.5,8.5,0.01,"Mytilus edulis","W-Msc-140480"
168,8.5,0.01,"Mytilus edulis","W-Msc-140480"
171,8.5,0.03,"Mytilus edulis","W-Msc-140480"
171.5,8.5,0.03,"Mytilus edulis","W-Msc-140480"
-83.5,8,0.02,"Mytilus edulis","W-Msc-140480"
-83,8,0.01,"Mytilus edulis","W-Msc-140480"
-82.5,8,0.01,"Mytilus edulis","W-Msc-140480"
-82,8,0.01,"Mytilus edulis","W-Msc-140480"
-81.5,8,0.03,"Mytilus edulis","W-Msc-140480"
-80,8,0.08,"Mytilus edulis","W-Msc-140480"
-79.5,8,0.1,"Mytilus edulis","W-Msc-140480"
-79,8,0.11,"Mytilus edulis","W-Msc-140480"
-78.5,8,0.1,"Mytilus edulis","W-Msc-140480"
-78,8,0.08,"Mytilus edulis","W-Msc-140480"
-77.5,8,0.01,"Mytilus edulis","W-Msc-140480"
-77,8,0.05,"Mytilus edulis","W-Msc-140480"
-76.5,8,0.05,"Mytilus edulis","W-Msc-140480"
-59.5,8,0.06,"Mytilus edulis","W-Msc-140480"
-59,8,0.06,"Mytilus edulis","W-Msc-140480"
-58.5,8,0.05,"Mytilus edulis","W-Msc-140480"
-58,8,0.05,"Mytilus edulis","W-Msc-140480"
-57.5,8,0.03,"Mytilus edulis","W-Msc-140480"
77.5,8,0.05,"Mytilus edulis","W-Msc-140480"
78,8,0.06,"Mytilus edulis","W-Msc-140480"
78.5,8,0.05,"Mytilus edulis","W-Msc-140480"
80,8,0.04,"Mytilus edulis","W-Msc-140480"
93.5,8,0.01,"Mytilus edulis","W-Msc-140480"
104.5,8,0.01,"Mytilus edulis","W-Msc-140480"
105,8,0.02,"Mytilus edulis","W-Msc-140480"
105.5,8,0.03,"Mytilus edulis","W-Msc-140480"
106,8,0.04,"Mytilus edulis","W-Msc-140480"
106.5,8,0.05,"Mytilus edulis","W-Msc-140480"
107,8,0.05,"Mytilus edulis","W-Msc-140480"
107.5,8,0.06,"Mytilus edulis","W-Msc-140480"
108,8,0.05,"Mytilus edulis","W-Msc-140480"
108.5,8,0.05,"Mytilus edulis","W-Msc-140480"
111,8,0.02,"Mytilus edulis","W-Msc-140480"
112,8,0.02,"Mytilus edulis","W-Msc-140480"
112.5,8,0.02,"Mytilus edulis","W-Msc-140480"
113.5,8,0.01,"Mytilus edulis","W-Msc-140480"
114,8,0.01,"Mytilus edulis","W-Msc-140480"
122.5,8,0.03,"Mytilus edulis","W-Msc-140480"
123,8,0.03,"Mytilus edulis","W-Msc-140480"
123.5,8,0.02,"Mytilus edulis","W-Msc-140480"
124,8,0.01,"Mytilus edulis","W-Msc-140480"
168.5,8,0.01,"Mytilus edulis","W-Msc-140480"
171.5,8,0.02,"Mytilus edulis","W-Msc-140480"
-82,7.5,0.02,"Mytilus edulis","W-Msc-140480"
-81.5,7.5,0.03,"Mytilus edulis","W-Msc-140480"
-81,7.5,0.04,"Mytilus edulis","W-Msc-140480"
-80.5,7.5,0.07,"Mytilus edulis","W-Msc-140480"
-80,7.5,0.09,"Mytilus edulis","W-Msc-140480"
-79.5,7.5,0.11,"Mytilus edulis","W-Msc-140480"
-78.5,7.5,0.08,"Mytilus edulis","W-Msc-140480"
-78,7.5,0.09,"Mytilus edulis","W-Msc-140480"
-76.5,7.5,0.05,"Mytilus edulis","W-Msc-140480"
-59,7.5,0.02,"Mytilus edulis","W-Msc-140480"
-58.5,7.5,0.05,"Mytilus edulis","W-Msc-140480"
-58,7.5,0.06,"Mytilus edulis","W-Msc-140480"
-57.5,7.5,0.06,"Mytilus edulis","W-Msc-140480"
-57,7.5,0.06,"Mytilus edulis","W-Msc-140480"
-56.5,7.5,0.05,"Mytilus edulis","W-Msc-140480"
77.5,7.5,0.05,"Mytilus edulis","W-Msc-140480"
78,7.5,0.07,"Mytilus edulis","W-Msc-140480"
78.5,7.5,0.06,"Mytilus edulis","W-Msc-140480"
80,7.5,0.04,"Mytilus edulis","W-Msc-140480"
104,7.5,0.01,"Mytilus edulis","W-Msc-140480"
104.5,7.5,0.02,"Mytilus edulis","W-Msc-140480"
105,7.5,0.02,"Mytilus edulis","W-Msc-140480"
105.5,7.5,0.03,"Mytilus edulis","W-Msc-140480"
106,7.5,0.04,"Mytilus edulis","W-Msc-140480"
106.5,7.5,0.04,"Mytilus edulis","W-Msc-140480"
107,7.5,0.05,"Mytilus edulis","W-Msc-140480"
107.5,7.5,0.05,"Mytilus edulis","W-Msc-140480"
108,7.5,0.05,"Mytilus edulis","W-Msc-140480"
108.5,7.5,0.04,"Mytilus edulis","W-Msc-140480"
109,7.5,0.02,"Mytilus edulis","W-Msc-140480"
109.5,7.5,0.03,"Mytilus edulis","W-Msc-140480"
112,7.5,0.01,"Mytilus edulis","W-Msc-140480"
113,7.5,0.01,"Mytilus edulis","W-Msc-140480"
168.5,7.5,0.01,"Mytilus edulis","W-Msc-140480"
169,7.5,0.01,"Mytilus edulis","W-Msc-140480"
169.5,7.5,0.01,"Mytilus edulis","W-Msc-140480"
-81.5,7,0.04,"Mytilus edulis","W-Msc-140480"
-81,7,0.05,"Mytilus edulis","W-Msc-140480"
-80.5,7,0.07,"Mytilus edulis","W-Msc-140480"
-80,7,0.1,"Mytilus edulis","W-Msc-140480"
-79.5,7,0.12,"Mytilus edulis","W-Msc-140480"
-78,7,0.09,"Mytilus edulis","W-Msc-140480"
-77.5,7,0.09,"Mytilus edulis","W-Msc-140480"
-58.5,7,0.05,"Mytilus edulis","W-Msc-140480"
-58,7,0.05,"Mytilus edulis","W-Msc-140480"
-57.5,7,0.06,"Mytilus edulis","W-Msc-140480"
-57,7,0.07,"Mytilus edulis","W-Msc-140480"
-56.5,7,0.07,"Mytilus edulis","W-Msc-140480"
-56,7,0.07,"Mytilus edulis","W-Msc-140480"
-55.5,7,0.03,"Mytilus edulis","W-Msc-140480"
-55,7,0.05,"Mytilus edulis","W-Msc-140480"
-54.5,7,0.07,"Mytilus edulis","W-Msc-140480"
-54,7,0.07,"Mytilus edulis","W-Msc-140480"
-53.5,7,0.06,"Mytilus edulis","W-Msc-140480"
-53,7,0.02,"Mytilus edulis","W-Msc-140480"
80,7,0.04,"Mytilus edulis","W-Msc-140480"
104.5,7,0.01,"Mytilus edulis","W-Msc-140480"
105,7,0.02,"Mytilus edulis","W-Msc-140480"
105.5,7,0.02,"Mytilus edulis","W-Msc-140480"
106,7,0.03,"Mytilus edulis","W-Msc-140480"
106.5,7,0.04,"Mytilus edulis","W-Msc-140480"
107,7,0.04,"Mytilus edulis","W-Msc-140480"
107.5,7,0.03,"Mytilus edulis","W-Msc-140480"
108,7,0.03,"Mytilus edulis","W-Msc-140480"
108.5,7,0.03,"Mytilus edulis","W-Msc-140480"
109,7,0.01,"Mytilus edulis","W-Msc-140480"
122,7,0.01,"Mytilus edulis","W-Msc-140480"
126,7,0.01,"Mytilus edulis","W-Msc-140480"
171.5,7,0.01,"Mytilus edulis","W-Msc-140480"
172,7,0.01,"Mytilus edulis","W-Msc-140480"
-162.5,6.5,0.06,"Mytilus edulis","W-Msc-140480"
-77.5,6.5,0.1,"Mytilus edulis","W-Msc-140480"
-77,6.5,0.08,"Mytilus edulis","W-Msc-140480"
-58.5,6.5,0.01,"Mytilus edulis","W-Msc-140480"
-58,6.5,0.06,"Mytilus edulis","W-Msc-140480"
-57.5,6.5,0.06,"Mytilus edulis","W-Msc-140480"
-57,6.5,0.08,"Mytilus edulis","W-Msc-140480"
-56.5,6.5,0.09,"Mytilus edulis","W-Msc-140480"
-56,6.5,0.03,"Mytilus edulis","W-Msc-140480"
-55.5,6.5,0.1,"Mytilus edulis","W-Msc-140480"
-55,6.5,0.1,"Mytilus edulis","W-Msc-140480"
-54.5,6.5,0.09,"Mytilus edulis","W-Msc-140480"
-54,6.5,0.09,"Mytilus edulis","W-Msc-140480"
-53.5,6.5,0.08,"Mytilus edulis","W-Msc-140480"
-53,6.5,0.07,"Mytilus edulis","W-Msc-140480"
-52.5,6.5,0.06,"Mytilus edulis","W-Msc-140480"
-52,6.5,0.05,"Mytilus edulis","W-Msc-140480"
80,6.5,0.04,"Mytilus edulis","W-Msc-140480"
80.5,6.5,0.04,"Mytilus edulis","W-Msc-140480"
82,6.5,0.02,"Mytilus edulis","W-Msc-140480"
104.5,6.5,0.01,"Mytilus edulis","W-Msc-140480"
105,6.5,0.01,"Mytilus edulis","W-Msc-140480"
105.5,6.5,0.02,"Mytilus edulis","W-Msc-140480"
106,6.5,0.02,"Mytilus edulis","W-Msc-140480"
106.5,6.5,0.03,"Mytilus edulis","W-Msc-140480"
107,6.5,0.03,"Mytilus edulis","W-Msc-140480"
107.5,6.5,0.03,"Mytilus edulis","W-Msc-140480"
108,6.5,0.02,"Mytilus edulis","W-Msc-140480"
121,6.5,0.01,"Mytilus edulis","W-Msc-140480"
121.5,6.5,0.03,"Mytilus edulis","W-Msc-140480"
122,6.5,0.03,"Mytilus edulis","W-Msc-140480"
-162.5,6,0.06,"Mytilus edulis","W-Msc-140480"
-162,6,0.06,"Mytilus edulis","W-Msc-140480"
-77,6,0.09,"Mytilus edulis","W-Msc-140480"
-58.5,6,0.01,"Mytilus edulis","W-Msc-140480"
-57.5,6,0.06,"Mytilus edulis","W-Msc-140480"
-57,6,0.07,"Mytilus edulis","W-Msc-140480"
-56.5,6,0.09,"Mytilus edulis","W-Msc-140480"
-56,6,0.1,"Mytilus edulis","W-Msc-140480"
-55.5,6,0.1,"Mytilus edulis","W-Msc-140480"
-55,6,0.09,"Mytilus edulis","W-Msc-140480"
-54.5,6,0.08,"Mytilus edulis","W-Msc-140480"
-54,6,0.09,"Mytilus edulis","W-Msc-140480"
-53.5,6,0.09,"Mytilus edulis","W-Msc-140480"
-53,6,0.09,"Mytilus edulis","W-Msc-140480"
-52.5,6,0.07,"Mytilus edulis","W-Msc-140480"
-52,6,0.05,"Mytilus edulis","W-Msc-140480"
-51.5,6,0.05,"Mytilus edulis","W-Msc-140480"
80,6,0.03,"Mytilus edulis","W-Msc-140480"
80.5,6,0.04,"Mytilus edulis","W-Msc-140480"
81,6,0.04,"Mytilus edulis","W-Msc-140480"
81.5,6,0.05,"Mytilus edulis","W-Msc-140480"
82,6,0.03,"Mytilus edulis","W-Msc-140480"
105,6,0.01,"Mytilus edulis","W-Msc-140480"
105.5,6,0.01,"Mytilus edulis","W-Msc-140480"
106,6,0.02,"Mytilus edulis","W-Msc-140480"
106.5,6,0.02,"Mytilus edulis","W-Msc-140480"
107,6,0.02,"Mytilus edulis","W-Msc-140480"
107.5,6,0.01,"Mytilus edulis","W-Msc-140480"
109,6,0.01,"Mytilus edulis","W-Msc-140480"
120.5,6,0.02,"Mytilus edulis","W-Msc-140480"
121,6,0.04,"Mytilus edulis","W-Msc-140480"
121.5,6,0.04,"Mytilus edulis","W-Msc-140480"
122,6,0.02,"Mytilus edulis","W-Msc-140480"
172.5,6,0.01,"Mytilus edulis","W-Msc-140480"
-162,5.5,0.06,"Mytilus edulis","W-Msc-140480"
-87,5.5,0.06,"Mytilus edulis","W-Msc-140480"
-86.5,5.5,0.06,"Mytilus edulis","W-Msc-140480"
-77,5.5,0.09,"Mytilus edulis","W-Msc-140480"
-57,5.5,0.01,"Mytilus edulis","W-Msc-140480"
-56.5,5.5,0.06,"Mytilus edulis","W-Msc-140480"
-56,5.5,0.07,"Mytilus edulis","W-Msc-140480"
-55.5,5.5,0.08,"Mytilus edulis","W-Msc-140480"
-55,5.5,0.04,"Mytilus edulis","W-Msc-140480"
-54.5,5.5,0.09,"Mytilus edulis","W-Msc-140480"
-54,5.5,0.09,"Mytilus edulis","W-Msc-140480"
-53.5,5.5,0.1,"Mytilus edulis","W-Msc-140480"
-53,5.5,0.09,"Mytilus edulis","W-Msc-140480"
-52.5,5.5,0.08,"Mytilus edulis","W-Msc-140480"
-52,5.5,0.07,"Mytilus edulis","W-Msc-140480"
-51.5,5.5,0.05,"Mytilus edulis","W-Msc-140480"
-51,5.5,0.03,"Mytilus edulis","W-Msc-140480"
80.5,5.5,0.04,"Mytilus edulis","W-Msc-140480"
81,5.5,0.04,"Mytilus edulis","W-Msc-140480"
81.5,5.5,0.03,"Mytilus edulis","W-Msc-140480"
105.5,5.5,0.01,"Mytilus edulis","W-Msc-140480"
106,5.5,0.01,"Mytilus edulis","W-Msc-140480"
106.5,5.5,0.01,"Mytilus edulis","W-Msc-140480"
107,5.5,0.01,"Mytilus edulis","W-Msc-140480"
107.5,5.5,0.01,"Mytilus edulis","W-Msc-140480"
110,5.5,0.01,"Mytilus edulis","W-Msc-140480"
120,5.5,0.01,"Mytilus edulis","W-Msc-140480"
120.5,5.5,0.03,"Mytilus edulis","W-Msc-140480"
121,5.5,0.03,"Mytilus edulis","W-Msc-140480"
-87,5,0.07,"Mytilus edulis","W-Msc-140480"
-77,5,0.1,"Mytilus edulis","W-Msc-140480"
-53,5,0.09,"Mytilus edulis","W-Msc-140480"
-52.5,5,0.09,"Mytilus edulis","W-Msc-140480"
-52,5,0.08,"Mytilus edulis","W-Msc-140480"
-51.5,5,0.06,"Mytilus edulis","W-Msc-140480"
-51,5,0.05,"Mytilus edulis","W-Msc-140480"
-50.5,5,0.05,"Mytilus edulis","W-Msc-140480"
107,5,0.01,"Mytilus edulis","W-Msc-140480"
-160,4.5,0.08,"Mytilus edulis","W-Msc-140480"
-77,4.5,0.11,"Mytilus edulis","W-Msc-140480"
-52,4.5,0.08,"Mytilus edulis","W-Msc-140480"
-51.5,4.5,0.07,"Mytilus edulis","W-Msc-140480"
-51,4.5,0.05,"Mytilus edulis","W-Msc-140480"
-50.5,4.5,0.04,"Mytilus edulis","W-Msc-140480"
-50,4.5,0.05,"Mytilus edulis","W-Msc-140480"
108,4.5,0.01,"Mytilus edulis","W-Msc-140480"
108.5,4.5,0.01,"Mytilus edulis","W-Msc-140480"
-81.5,4,0.13,"Mytilus edulis","W-Msc-140480"
-77.5,4,0.01,"Mytilus edulis","W-Msc-140480"
-77,4,0.11,"Mytilus edulis","W-Msc-140480"
-51.5,4,0.07,"Mytilus edulis","W-Msc-140480"
-51,4,0.05,"Mytilus edulis","W-Msc-140480"
-50.5,4,0.05,"Mytilus edulis","W-Msc-140480"
-50,4,0.05,"Mytilus edulis","W-Msc-140480"
-49.5,4,0.06,"Mytilus edulis","W-Msc-140480"
-159,3.5,0.1,"Mytilus edulis","W-Msc-140480"
-77.5,3.5,0.08,"Mytilus edulis","W-Msc-140480"
-77,3.5,0.11,"Mytilus edulis","W-Msc-140480"
-51,3.5,0.04,"Mytilus edulis","W-Msc-140480"
-50.5,3.5,0.05,"Mytilus edulis","W-Msc-140480"
-50,3.5,0.05,"Mytilus edulis","W-Msc-140480"
-49.5,3.5,0.06,"Mytilus edulis","W-Msc-140480"
-49,3.5,0.06,"Mytilus edulis","W-Msc-140480"
-48.5,3.5,0.07,"Mytilus edulis","W-Msc-140480"
-78,3,0.13,"Mytilus edulis","W-Msc-140480"
-77.5,3,0.12,"Mytilus edulis","W-Msc-140480"
-77,3,0.13,"Mytilus edulis","W-Msc-140480"
-51,3,0.05,"Mytilus edulis","W-Msc-140480"
-50.5,3,0.04,"Mytilus edulis","W-Msc-140480"
-50,3,0.05,"Mytilus edulis","W-Msc-140480"
-49.5,3,0.05,"Mytilus edulis","W-Msc-140480"
-49,3,0.05,"Mytilus edulis","W-Msc-140480"
-48.5,3,0.06,"Mytilus edulis","W-Msc-140480"
-48,3,0.01,"Mytilus edulis","W-Msc-140480"
-78.5,2.5,0.12,"Mytilus edulis","W-Msc-140480"
-78,2.5,0.13,"Mytilus edulis","W-Msc-140480"
-77.5,2.5,0.13,"Mytilus edulis","W-Msc-140480"
-50.5,2.5,0.04,"Mytilus edulis","W-Msc-140480"
-50,2.5,0.05,"Mytilus edulis","W-Msc-140480"
-49.5,2.5,0.05,"Mytilus edulis","W-Msc-140480"
-49,2.5,0.04,"Mytilus edulis","W-Msc-140480"
-48.5,2.5,0.04,"Mytilus edulis","W-Msc-140480"
-48,2.5,0.08,"Mytilus edulis","W-Msc-140480"
-47.5,2.5,0.07,"Mytilus edulis","W-Msc-140480"
-157,2,0.12,"Mytilus edulis","W-Msc-140480"
-78.5,2,0.11,"Mytilus edulis","W-Msc-140480"
-78,2,0.02,"Mytilus edulis","W-Msc-140480"
-50.5,2,0.05,"Mytilus edulis","W-Msc-140480"
-50,2,0.05,"Mytilus edulis","W-Msc-140480"
-49.5,2,0.04,"Mytilus edulis","W-Msc-140480"
-49,2,0.03,"Mytilus edulis","W-Msc-140480"
-48.5,2,0.02,"Mytilus edulis","W-Msc-140480"
-48,2,0.04,"Mytilus edulis","W-Msc-140480"
-47.5,2,0.08,"Mytilus edulis","W-Msc-140480"
-157.5,1.5,0.13,"Mytilus edulis","W-Msc-140480"
-157,1.5,0.13,"Mytilus edulis","W-Msc-140480"
-91.5,1.5,0.22,"Mytilus edulis","W-Msc-140480"
-78.5,1.5,0.13,"Mytilus edulis","W-Msc-140480"
-78,1.5,0.02,"Mytilus edulis","W-Msc-140480"
-50.5,1.5,0.01,"Mytilus edulis","W-Msc-140480"
-50,1.5,0.03,"Mytilus edulis","W-Msc-140480"
-49.5,1.5,0.03,"Mytilus edulis","W-Msc-140480"
-49,1.5,0.01,"Mytilus edulis","W-Msc-140480"
-48,1.5,0.02,"Mytilus edulis","W-Msc-140480"
-47.5,1.5,0.03,"Mytilus edulis","W-Msc-140480"
-47,1.5,0.09,"Mytilus edulis","W-Msc-140480"
-46.5,1.5,0.05,"Mytilus edulis","W-Msc-140480"
173,1.5,0.01,"Mytilus edulis","W-Msc-140480"
173.5,1.5,0.01,"Mytilus edulis","W-Msc-140480"
-79.5,1,0.14,"Mytilus edulis","W-Msc-140480"
-79,1,0.12,"Mytilus edulis","W-Msc-140480"
-78.5,1,0.14,"Mytilus edulis","W-Msc-140480"
-49.5,1,0.01,"Mytilus edulis","W-Msc-140480"
-48,1,0.02,"Mytilus edulis","W-Msc-140480"
-47.5,1,0.02,"Mytilus edulis","W-Msc-140480"
-47,1,0.05,"Mytilus edulis","W-Msc-140480"
-46.5,1,0.08,"Mytilus edulis","W-Msc-140480"
-46,1,0.05,"Mytilus edulis","W-Msc-140480"
173,1,0.01,"Mytilus edulis","W-Msc-140480"
173.5,1,0.01,"Mytilus edulis","W-Msc-140480"
-176.5,0.5,0.06,"Mytilus edulis","W-Msc-140480"
-90.5,0.5,0.3,"Mytilus edulis","W-Msc-140480"
-80,0.5,0.14,"Mytilus edulis","W-Msc-140480"
-79.5,0.5,0.15,"Mytilus edulis","W-Msc-140480"
-50.5,0.5,0.01,"Mytilus edulis","W-Msc-140480"
-49.5,0.5,0.01,"Mytilus edulis","W-Msc-140480"
-48,0.5,0.02,"Mytilus edulis","W-Msc-140480"
-47.5,0.5,0.03,"Mytilus edulis","W-Msc-140480"
-47,0.5,0.04,"Mytilus edulis","W-Msc-140480"
-46.5,0.5,0.06,"Mytilus edulis","W-Msc-140480"
-46,0.5,0.06,"Mytilus edulis","W-Msc-140480"
-45.5,0.5,0.05,"Mytilus edulis","W-Msc-140480"
173,0.5,0.01,"Mytilus edulis","W-Msc-140480"
173.5,0.5,0.01,"Mytilus edulis","W-Msc-140480"
174,0.5,0.02,"Mytilus edulis","W-Msc-140480"
-176,0,0.07,"Mytilus edulis","W-Msc-140480"
-91.5,0,0.38,"Mytilus edulis","W-Msc-140480"
-91,0,0.36,"Mytilus edulis","W-Msc-140480"
-90,0,0.33,"Mytilus edulis","W-Msc-140480"
-89.5,0,0.32,"Mytilus edulis","W-Msc-140480"
-80,0,0.2,"Mytilus edulis","W-Msc-140480"
-79.5,0,0.02,"Mytilus edulis","W-Msc-140480"
-51,0,0.01,"Mytilus edulis","W-Msc-140480"
-49.5,0,0.01,"Mytilus edulis","W-Msc-140480"
-49,0,0.01,"Mytilus edulis","W-Msc-140480"
-48.5,0,0.01,"Mytilus edulis","W-Msc-140480"
-48,0,0.03,"Mytilus edulis","W-Msc-140480"
-47.5,0,0.04,"Mytilus edulis","W-Msc-140480"
-47,0,0.04,"Mytilus edulis","W-Msc-140480"
-46.5,0,0.05,"Mytilus edulis","W-Msc-140480"
-46,0,0.05,"Mytilus edulis","W-Msc-140480"
-45.5,0,0.04,"Mytilus edulis","W-Msc-140480"
-45,0,0.05,"Mytilus edulis","W-Msc-140480"
-44.5,0,0.05,"Mytilus edulis","W-Msc-140480"
-44,0,0.05,"Mytilus edulis","W-Msc-140480"
173.5,0,0.02,"Mytilus edulis","W-Msc-140480"
174,0,0.02,"Mytilus edulis","W-Msc-140480"
-159.5,-0.5,0.15,"Mytilus edulis","W-Msc-140480"
-91.5,-0.5,0.28,"Mytilus edulis","W-Msc-140480"
-91,-0.5,0.34,"Mytilus edulis","W-Msc-140480"
-90.5,-0.5,0.37,"Mytilus edulis","W-Msc-140480"
-90,-0.5,0.37,"Mytilus edulis","W-Msc-140480"
-80.5,-0.5,0.23,"Mytilus edulis","W-Msc-140480"
-80,-0.5,0.19,"Mytilus edulis","W-Msc-140480"
-51,-0.5,0.02,"Mytilus edulis","W-Msc-140480"
-50.5,-0.5,0.01,"Mytilus edulis","W-Msc-140480"
-50,-0.5,0.01,"Mytilus edulis","W-Msc-140480"
-49.5,-0.5,0.01,"Mytilus edulis","W-Msc-140480"
-49,-0.5,0.01,"Mytilus edulis","W-Msc-140480"
-48.5,-0.5,0.02,"Mytilus edulis","W-Msc-140480"
-48,-0.5,0.04,"Mytilus edulis","W-Msc-140480"
-47.5,-0.5,0.04,"Mytilus edulis","W-Msc-140480"
-47,-0.5,0.04,"Mytilus edulis","W-Msc-140480"
-46.5,-0.5,0.04,"Mytilus edulis","W-Msc-140480"
-46,-0.5,0.04,"Mytilus edulis","W-Msc-140480"
-45.5,-0.5,0.05,"Mytilus edulis","W-Msc-140480"
-45,-0.5,0.04,"Mytilus edulis","W-Msc-140480"
-44.5,-0.5,0.05,"Mytilus edulis","W-Msc-140480"
-44,-0.5,0.05,"Mytilus edulis","W-Msc-140480"
-43.5,-0.5,0.01,"Mytilus edulis","W-Msc-140480"
174.5,-0.5,0.01,"Mytilus edulis","W-Msc-140480"
-91,-1,0.35,"Mytilus edulis","W-Msc-140480"
-90.5,-1,0.34,"Mytilus edulis","W-Msc-140480"
-90,-1,0.38,"Mytilus edulis","W-Msc-140480"
-89.5,-1,0.38,"Mytilus edulis","W-Msc-140480"
-89,-1,0.38,"Mytilus edulis","W-Msc-140480"
-80.5,-1,0.23,"Mytilus edulis","W-Msc-140480"
-80,-1,0.18,"Mytilus edulis","W-Msc-140480"
-51,-1,0.02,"Mytilus edulis","W-Msc-140480"
-50.5,-1,0.01,"Mytilus edulis","W-Msc-140480"
-48.5,-1,0.02,"Mytilus edulis","W-Msc-140480"
-48,-1,0.02,"Mytilus edulis","W-Msc-140480"
-47.5,-1,0.04,"Mytilus edulis","W-Msc-140480"
-47,-1,0.05,"Mytilus edulis","W-Msc-140480"
-46.5,-1,0.06,"Mytilus edulis","W-Msc-140480"
-46,-1,0.06,"Mytilus edulis","W-Msc-140480"
-45.5,-1,0.05,"Mytilus edulis","W-Msc-140480"
-45,-1,0.05,"Mytilus edulis","W-Msc-140480"
-44.5,-1,0.05,"Mytilus edulis","W-Msc-140480"
-44,-1,0.05,"Mytilus edulis","W-Msc-140480"
-43.5,-1,0.05,"Mytilus edulis","W-Msc-140480"
174.5,-1,0.01,"Mytilus edulis","W-Msc-140480"
175,-1,0.01,"Mytilus edulis","W-Msc-140480"
-91,-1.5,0.37,"Mytilus edulis","W-Msc-140480"
-90.5,-1.5,0.37,"Mytilus edulis","W-Msc-140480"
-90,-1.5,0.4,"Mytilus edulis","W-Msc-140480"
-89.5,-1.5,0.39,"Mytilus edulis","W-Msc-140480"
-81,-1.5,0.27,"Mytilus edulis","W-Msc-140480"
-80.5,-1.5,0.22,"Mytilus edulis","W-Msc-140480"
-49,-1.5,0.01,"Mytilus edulis","W-Msc-140480"
-48.5,-1.5,0.02,"Mytilus edulis","W-Msc-140480"
-48,-1.5,0.02,"Mytilus edulis","W-Msc-140480"
-46,-1.5,0.05,"Mytilus edulis","W-Msc-140480"
-45.5,-1.5,0.06,"Mytilus edulis","W-Msc-140480"
-45,-1.5,0.06,"Mytilus edulis","W-Msc-140480"
-44.5,-1.5,0.05,"Mytilus edulis","W-Msc-140480"
-44,-1.5,0.05,"Mytilus edulis","W-Msc-140480"
-43.5,-1.5,0.05,"Mytilus edulis","W-Msc-140480"
-43,-1.5,0.03,"Mytilus edulis","W-Msc-140480"
-38.5,-1.5,0.05,"Mytilus edulis","W-Msc-140480"
123.5,-1.5,0.01,"Mytilus edulis","W-Msc-140480"
124,-1.5,0.02,"Mytilus edulis","W-Msc-140480"
175,-1.5,0.01,"Mytilus edulis","W-Msc-140480"
175.5,-1.5,0.01,"Mytilus edulis","W-Msc-140480"
176.5,-1.5,0.01,"Mytilus edulis","W-Msc-140480"
177,-1.5,0.01,"Mytilus edulis","W-Msc-140480"
-81,-2,0.27,"Mytilus edulis","W-Msc-140480"
-80.5,-2,0.2,"Mytilus edulis","W-Msc-140480"
-50,-2,0.03,"Mytilus edulis","W-Msc-140480"
-49.5,-2,0.03,"Mytilus edulis","W-Msc-140480"
-49,-2,0.03,"Mytilus edulis","W-Msc-140480"
-48.5,-2,0.03,"Mytilus edulis","W-Msc-140480"
-48,-2,0.01,"Mytilus edulis","W-Msc-140480"
-45,-2,0.06,"Mytilus edulis","W-Msc-140480"
-44.5,-2,0.06,"Mytilus edulis","W-Msc-140480"
-44,-2,0.05,"Mytilus edulis","W-Msc-140480"
-43.5,-2,0.05,"Mytilus edulis","W-Msc-140480"
-43,-2,0.06,"Mytilus edulis","W-Msc-140480"
-42.5,-2,0.06,"Mytilus edulis","W-Msc-140480"
123.5,-2,0.01,"Mytilus edulis","W-Msc-140480"
124,-2,0.03,"Mytilus edulis","W-Msc-140480"
124.5,-2,0.01,"Mytilus edulis","W-Msc-140480"
-81,-2.5,0.26,"Mytilus edulis","W-Msc-140480"
-80.5,-2.5,0.18,"Mytilus edulis","W-Msc-140480"
-80,-2.5,0.04,"Mytilus edulis","W-Msc-140480"
-79.5,-2.5,0.02,"Mytilus edulis","W-Msc-140480"
-49,-2.5,0.01,"Mytilus edulis","W-Msc-140480"
-44.5,-2.5,0.02,"Mytilus edulis","W-Msc-140480"
-44,-2.5,0.05,"Mytilus edulis","W-Msc-140480"
-43.5,-2.5,0.05,"Mytilus edulis","W-Msc-140480"
-43,-2.5,0.05,"Mytilus edulis","W-Msc-140480"
-42.5,-2.5,0.05,"Mytilus edulis","W-Msc-140480"
-42,-2.5,0.06,"Mytilus edulis","W-Msc-140480"
-41.5,-2.5,0.06,"Mytilus edulis","W-Msc-140480"
-41,-2.5,0.06,"Mytilus edulis","W-Msc-140480"
-40.5,-2.5,0.06,"Mytilus edulis","W-Msc-140480"
-40,-2.5,0.05,"Mytilus edulis","W-Msc-140480"
-39.5,-2.5,0.05,"Mytilus edulis","W-Msc-140480"
-39,-2.5,0.04,"Mytilus edulis","W-Msc-140480"
-38,-2.5,0.03,"Mytilus edulis","W-Msc-140480"
124,-2.5,0.01,"Mytilus edulis","W-Msc-140480"
130.5,-2.5,0.01,"Mytilus edulis","W-Msc-140480"
131,-2.5,0.01,"Mytilus edulis","W-Msc-140480"
-171.5,-3,0.04,"Mytilus edulis","W-Msc-140480"
-80.5,-3,0.15,"Mytilus edulis","W-Msc-140480"
-80,-3,0.09,"Mytilus edulis","W-Msc-140480"
-79.5,-3,0.13,"Mytilus edulis","W-Msc-140480"
-44.5,-3,0.06,"Mytilus edulis","W-Msc-140480"
-44,-3,0.07,"Mytilus edulis","W-Msc-140480"
-43.5,-3,0.04,"Mytilus edulis","W-Msc-140480"
-43,-3,0.01,"Mytilus edulis","W-Msc-140480"
-42.5,-3,0.06,"Mytilus edulis","W-Msc-140480"
-42,-3,0.05,"Mytilus edulis","W-Msc-140480"
-41.5,-3,0.06,"Mytilus edulis","W-Msc-140480"
-41,-3,0.05,"Mytilus edulis","W-Msc-140480"
-40.5,-3,0.06,"Mytilus edulis","W-Msc-140480"
-40,-3,0.06,"Mytilus edulis","W-Msc-140480"
-39.5,-3,0.06,"Mytilus edulis","W-Msc-140480"
-39,-3,0.06,"Mytilus edulis","W-Msc-140480"
-38.5,-3,0.04,"Mytilus edulis","W-Msc-140480"
131.5,-3,0.01,"Mytilus edulis","W-Msc-140480"
-171,-3.5,0.03,"Mytilus edulis","W-Msc-140480"
-80.5,-3.5,0.18,"Mytilus edulis","W-Msc-140480"
-80,-3.5,0.07,"Mytilus edulis","W-Msc-140480"
-79.5,-3.5,0.13,"Mytilus edulis","W-Msc-140480"
-44.5,-3.5,0.02,"Mytilus edulis","W-Msc-140480"
-39.5,-3.5,0.06,"Mytilus edulis","W-Msc-140480"
-39,-3.5,0.06,"Mytilus edulis","W-Msc-140480"
-38.5,-3.5,0.07,"Mytilus edulis","W-Msc-140480"
-38,-3.5,0.05,"Mytilus edulis","W-Msc-140480"
126.5,-3.5,0.01,"Mytilus edulis","W-Msc-140480"
127,-3.5,0.02,"Mytilus edulis","W-Msc-140480"
127.5,-3.5,0.02,"Mytilus edulis","W-Msc-140480"
128,-3.5,0.03,"Mytilus edulis","W-Msc-140480"
128.5,-3.5,0.03,"Mytilus edulis","W-Msc-140480"
129,-3.5,0.03,"Mytilus edulis","W-Msc-140480"
129.5,-3.5,0.02,"Mytilus edulis","W-Msc-140480"
130,-3.5,0.02,"Mytilus edulis","W-Msc-140480"
130.5,-3.5,0.02,"Mytilus edulis","W-Msc-140480"
131,-3.5,0.02,"Mytilus edulis","W-Msc-140480"
132.5,-3.5,0.02,"Mytilus edulis","W-Msc-140480"
133,-3.5,0.01,"Mytilus edulis","W-Msc-140480"
134,-3.5,0.01,"Mytilus edulis","W-Msc-140480"
-174,-4,0.01,"Mytilus edulis","W-Msc-140480"
-171,-4,0.02,"Mytilus edulis","W-Msc-140480"
-170.5,-4,0.02,"Mytilus edulis","W-Msc-140480"
-154.5,-4,0.08,"Mytilus edulis","W-Msc-140480"
-81,-4,0.09,"Mytilus edulis","W-Msc-140480"
-80.5,-4,0.2,"Mytilus edulis","W-Msc-140480"
-80,-4,0.01,"Mytilus edulis","W-Msc-140480"
-38.5,-4,0.07,"Mytilus edulis","W-Msc-140480"
-38,-4,0.07,"Mytilus edulis","W-Msc-140480"
-37.5,-4,0.05,"Mytilus edulis","W-Msc-140480"
-33.5,-4,0.04,"Mytilus edulis","W-Msc-140480"
-32,-4,0.05,"Mytilus edulis","W-Msc-140480"
123.5,-4,0.01,"Mytilus edulis","W-Msc-140480"
126.5,-4,0.03,"Mytilus edulis","W-Msc-140480"
127,-4,0.03,"Mytilus edulis","W-Msc-140480"
127.5,-4,0.04,"Mytilus edulis","W-Msc-140480"
128,-4,0.04,"Mytilus edulis","W-Msc-140480"
128.5,-4,0.04,"Mytilus edulis","W-Msc-140480"
129,-4,0.03,"Mytilus edulis","W-Msc-140480"
130.5,-4,0.03,"Mytilus edulis","W-Msc-140480"
131,-4,0.03,"Mytilus edulis","W-Msc-140480"
131.5,-4,0.03,"Mytilus edulis","W-Msc-140480"
133,-4,0.03,"Mytilus edulis","W-Msc-140480"
133.5,-4,0.04,"Mytilus edulis","W-Msc-140480"
134,-4,0.05,"Mytilus edulis","W-Msc-140480"
134.5,-4,0.04,"Mytilus edulis","W-Msc-140480"
135,-4,0.02,"Mytilus edulis","W-Msc-140480"
-172,-4.5,0.01,"Mytilus edulis","W-Msc-140480"
-171,-4.5,0.01,"Mytilus edulis","W-Msc-140480"
-81,-4.5,0.4,"Mytilus edulis","W-Msc-140480"
-38,-4.5,0.07,"Mytilus edulis","W-Msc-140480"
-37.5,-4.5,0.07,"Mytilus edulis","W-Msc-140480"
-37,-4.5,0.07,"Mytilus edulis","W-Msc-140480"
123.5,-4.5,0.01,"Mytilus edulis","W-Msc-140480"
130,-4.5,0.03,"Mytilus edulis","W-Msc-140480"
131.5,-4.5,0.04,"Mytilus edulis","W-Msc-140480"
132,-4.5,0.04,"Mytilus edulis","W-Msc-140480"
133,-4.5,0.05,"Mytilus edulis","W-Msc-140480"
133.5,-4.5,0.06,"Mytilus edulis","W-Msc-140480"
134,-4.5,0.06,"Mytilus edulis","W-Msc-140480"
134.5,-4.5,0.07,"Mytilus edulis","W-Msc-140480"
135,-4.5,0.08,"Mytilus edulis","W-Msc-140480"
135.5,-4.5,0.05,"Mytilus edulis","W-Msc-140480"
136,-4.5,0.04,"Mytilus edulis","W-Msc-140480"
-81,-5,0.44,"Mytilus edulis","W-Msc-140480"
-37.5,-5,0.07,"Mytilus edulis","W-Msc-140480"
-37,-5,0.07,"Mytilus edulis","W-Msc-140480"
-36.5,-5,0.07,"Mytilus edulis","W-Msc-140480"
-36,-5,0.06,"Mytilus edulis","W-Msc-140480"
-35.5,-5,0.05,"Mytilus edulis","W-Msc-140480"
-35,-5,0.04,"Mytilus edulis","W-Msc-140480"
103.5,-5,0.01,"Mytilus edulis","W-Msc-140480"
123.5,-5,0.01,"Mytilus edulis","W-Msc-140480"
130,-5,0.03,"Mytilus edulis","W-Msc-140480"
130.5,-5,0.03,"Mytilus edulis","W-Msc-140480"
132,-5,0.04,"Mytilus edulis","W-Msc-140480"
135,-5,0.07,"Mytilus edulis","W-Msc-140480"
135.5,-5,0.07,"Mytilus edulis","W-Msc-140480"
136,-5,0.06,"Mytilus edulis","W-Msc-140480"
136.5,-5,0.05,"Mytilus edulis","W-Msc-140480"
137,-5,0.06,"Mytilus edulis","W-Msc-140480"
137.5,-5,0.03,"Mytilus edulis","W-Msc-140480"
138,-5,0.01,"Mytilus edulis","W-Msc-140480"
-81,-5.5,0.43,"Mytilus edulis","W-Msc-140480"
-80.5,-5.5,0.18,"Mytilus edulis","W-Msc-140480"
-36.5,-5.5,0.07,"Mytilus edulis","W-Msc-140480"
-36,-5.5,0.07,"Mytilus edulis","W-Msc-140480"
-35.5,-5.5,0.07,"Mytilus edulis","W-Msc-140480"
-35,-5.5,0.07,"Mytilus edulis","W-Msc-140480"
-34.5,-5.5,0.03,"Mytilus edulis","W-Msc-140480"
102.5,-5.5,0.01,"Mytilus edulis","W-Msc-140480"
104,-5.5,0.01,"Mytilus edulis","W-Msc-140480"
119.5,-5.5,0.01,"Mytilus edulis","W-Msc-140480"
123,-5.5,0.01,"Mytilus edulis","W-Msc-140480"
123.5,-5.5,0.01,"Mytilus edulis","W-Msc-140480"
124,-5.5,0.02,"Mytilus edulis","W-Msc-140480"
124.5,-5.5,0.02,"Mytilus edulis","W-Msc-140480"
125,-5.5,0.02,"Mytilus edulis","W-Msc-140480"
128,-5.5,0.03,"Mytilus edulis","W-Msc-140480"
132.5,-5.5,0.05,"Mytilus edulis","W-Msc-140480"
133,-5.5,0.05,"Mytilus edulis","W-Msc-140480"
133.5,-5.5,0.05,"Mytilus edulis","W-Msc-140480"
134.5,-5.5,0.07,"Mytilus edulis","W-Msc-140480"
135,-5.5,0.07,"Mytilus edulis","W-Msc-140480"
135.5,-5.5,0.06,"Mytilus edulis","W-Msc-140480"
136,-5.5,0.06,"Mytilus edulis","W-Msc-140480"
136.5,-5.5,0.06,"Mytilus edulis","W-Msc-140480"
137,-5.5,0.06,"Mytilus edulis","W-Msc-140480"
137.5,-5.5,0.06,"Mytilus edulis","W-Msc-140480"
138,-5.5,0.05,"Mytilus edulis","W-Msc-140480"
138.5,-5.5,0.05,"Mytilus edulis","W-Msc-140480"
-155.5,-6,0.05,"Mytilus edulis","W-Msc-140480"
-81,-6,0.42,"Mytilus edulis","W-Msc-140480"
-80.5,-6,0.13,"Mytilus edulis","W-Msc-140480"
-35,-6,0.07,"Mytilus edulis","W-Msc-140480"
-34.5,-6,0.04,"Mytilus edulis","W-Msc-140480"
102.5,-6,0.01,"Mytilus edulis","W-Msc-140480"
104.5,-6,0.01,"Mytilus edulis","W-Msc-140480"
118.5,-6,0.01,"Mytilus edulis","W-Msc-140480"
119,-6,0.02,"Mytilus edulis","W-Msc-140480"
119.5,-6,0.04,"Mytilus edulis","W-Msc-140480"
120,-6,0.04,"Mytilus edulis","W-Msc-140480"
120.5,-6,0.02,"Mytilus edulis","W-Msc-140480"
123,-6,0.02,"Mytilus edulis","W-Msc-140480"
123.5,-6,0.02,"Mytilus edulis","W-Msc-140480"
124,-6,0.02,"Mytilus edulis","W-Msc-140480"
124.5,-6,0.02,"Mytilus edulis","W-Msc-140480"
125,-6,0.02,"Mytilus edulis","W-Msc-140480"
128,-6,0.04,"Mytilus edulis","W-Msc-140480"
132,-6,0.05,"Mytilus edulis","W-Msc-140480"
132.5,-6,0.06,"Mytilus edulis","W-Msc-140480"
133,-6,0.06,"Mytilus edulis","W-Msc-140480"
133.5,-6,0.05,"Mytilus edulis","W-Msc-140480"
134.5,-6,0.06,"Mytilus edulis","W-Msc-140480"
135,-6,0.06,"Mytilus edulis","W-Msc-140480"
135.5,-6,0.06,"Mytilus edulis","W-Msc-140480"
136,-6,0.06,"Mytilus edulis","W-Msc-140480"
136.5,-6,0.06,"Mytilus edulis","W-Msc-140480"
137,-6,0.05,"Mytilus edulis","W-Msc-140480"
137.5,-6,0.06,"Mytilus edulis","W-Msc-140480"
138,-6,0.06,"Mytilus edulis","W-Msc-140480"
138.5,-6,0.05,"Mytilus edulis","W-Msc-140480"
-81,-6.5,0.12,"Mytilus edulis","W-Msc-140480"
-80,-6.5,0.11,"Mytilus edulis","W-Msc-140480"
-35,-6.5,0.07,"Mytilus edulis","W-Msc-140480"
-34.5,-6.5,0.07,"Mytilus edulis","W-Msc-140480"
107,-6.5,0.01,"Mytilus edulis","W-Msc-140480"
119,-6.5,0.03,"Mytilus edulis","W-Msc-140480"
120.5,-6.5,0.02,"Mytilus edulis","W-Msc-140480"
123,-6.5,0.01,"Mytilus edulis","W-Msc-140480"
124.5,-6.5,0.02,"Mytilus edulis","W-Msc-140480"
132.5,-6.5,0.04,"Mytilus edulis","W-Msc-140480"
133,-6.5,0.06,"Mytilus edulis","W-Msc-140480"
134,-6.5,0.06,"Mytilus edulis","W-Msc-140480"
134.5,-6.5,0.06,"Mytilus edulis","W-Msc-140480"
135,-6.5,0.06,"Mytilus edulis","W-Msc-140480"
135.5,-6.5,0.06,"Mytilus edulis","W-Msc-140480"
136,-6.5,0.06,"Mytilus edulis","W-Msc-140480"
136.5,-6.5,0.06,"Mytilus edulis","W-Msc-140480"
137,-6.5,0.06,"Mytilus edulis","W-Msc-140480"
137.5,-6.5,0.05,"Mytilus edulis","W-Msc-140480"
138,-6.5,0.06,"Mytilus edulis","W-Msc-140480"
138.5,-6.5,0.05,"Mytilus edulis","W-Msc-140480"
139,-6.5,0.06,"Mytilus edulis","W-Msc-140480"
-80.5,-7,0.25,"Mytilus edulis","W-Msc-140480"
-80,-7,0.06,"Mytilus edulis","W-Msc-140480"
-79.5,-7,0.18,"Mytilus edulis","W-Msc-140480"
-34.5,-7,0.06,"Mytilus edulis","W-Msc-140480"
105.5,-7,0.02,"Mytilus edulis","W-Msc-140480"
106,-7,0.03,"Mytilus edulis","W-Msc-140480"
106.5,-7,0.03,"Mytilus edulis","W-Msc-140480"
107,-7,0.03,"Mytilus edulis","W-Msc-140480"
118.5,-7,0.02,"Mytilus edulis","W-Msc-140480"
119,-7,0.02,"Mytilus edulis","W-Msc-140480"
119.5,-7,0.02,"Mytilus edulis","W-Msc-140480"
120.5,-7,0.02,"Mytilus edulis","W-Msc-140480"
121,-7,0.01,"Mytilus edulis","W-Msc-140480"
121.5,-7,0.01,"Mytilus edulis","W-Msc-140480"
129.5,-7,0.04,"Mytilus edulis","W-Msc-140480"
130,-7,0.04,"Mytilus edulis","W-Msc-140480"
132,-7,0.06,"Mytilus edulis","W-Msc-140480"
132.5,-7,0.06,"Mytilus edulis","W-Msc-140480"
133.5,-7,0.06,"Mytilus edulis","W-Msc-140480"
134,-7,0.07,"Mytilus edulis","W-Msc-140480"
134.5,-7,0.07,"Mytilus edulis","W-Msc-140480"
135,-7,0.06,"Mytilus edulis","W-Msc-140480"
135.5,-7,0.06,"Mytilus edulis","W-Msc-140480"
136,-7,0.06,"Mytilus edulis","W-Msc-140480"
136.5,-7,0.06,"Mytilus edulis","W-Msc-140480"
137,-7,0.06,"Mytilus edulis","W-Msc-140480"
137.5,-7,0.05,"Mytilus edulis","W-Msc-140480"
138,-7,0.05,"Mytilus edulis","W-Msc-140480"
138.5,-7,0.06,"Mytilus edulis","W-Msc-140480"
139,-7,0.06,"Mytilus edulis","W-Msc-140480"
139.5,-7,0.01,"Mytilus edulis","W-Msc-140480"
147,-7,0.01,"Mytilus edulis","W-Msc-140480"
-80.5,-7.5,0.61,"Mytilus edulis","W-Msc-140480"
-80,-7.5,0.48,"Mytilus edulis","W-Msc-140480"
-79.5,-7.5,0.24,"Mytilus edulis","W-Msc-140480"
-34.5,-7.5,0.06,"Mytilus edulis","W-Msc-140480"
-34,-7.5,0.02,"Mytilus edulis","W-Msc-140480"
106,-7.5,0.05,"Mytilus edulis","W-Msc-140480"
106.5,-7.5,0.07,"Mytilus edulis","W-Msc-140480"
107,-7.5,0.06,"Mytilus edulis","W-Msc-140480"
107.5,-7.5,0.06,"Mytilus edulis","W-Msc-140480"
117.5,-7.5,0.01,"Mytilus edulis","W-Msc-140480"
118,-7.5,0.01,"Mytilus edulis","W-Msc-140480"
118.5,-7.5,0.01,"Mytilus edulis","W-Msc-140480"
119,-7.5,0.01,"Mytilus edulis","W-Msc-140480"
120.5,-7.5,0.01,"Mytilus edulis","W-Msc-140480"
121,-7.5,0.01,"Mytilus edulis","W-Msc-140480"
121.5,-7.5,0.01,"Mytilus edulis","W-Msc-140480"
127.5,-7.5,0.04,"Mytilus edulis","W-Msc-140480"
129,-7.5,0.04,"Mytilus edulis","W-Msc-140480"
131,-7.5,0.04,"Mytilus edulis","W-Msc-140480"
131.5,-7.5,0.05,"Mytilus edulis","W-Msc-140480"
132,-7.5,0.06,"Mytilus edulis","W-Msc-140480"
132.5,-7.5,0.06,"Mytilus edulis","W-Msc-140480"
133.5,-7.5,0.07,"Mytilus edulis","W-Msc-140480"
134,-7.5,0.08,"Mytilus edulis","W-Msc-140480"
134.5,-7.5,0.08,"Mytilus edulis","W-Msc-140480"
135,-7.5,0.07,"Mytilus edulis","W-Msc-140480"
135.5,-7.5,0.07,"Mytilus edulis","W-Msc-140480"
136,-7.5,0.07,"Mytilus edulis","W-Msc-140480"
136.5,-7.5,0.07,"Mytilus edulis","W-Msc-140480"
137,-7.5,0.06,"Mytilus edulis","W-Msc-140480"
137.5,-7.5,0.05,"Mytilus edulis","W-Msc-140480"
138,-7.5,0.05,"Mytilus edulis","W-Msc-140480"
138.5,-7.5,0.06,"Mytilus edulis","W-Msc-140480"
139,-7.5,0.07,"Mytilus edulis","W-Msc-140480"
139.5,-7.5,0.01,"Mytilus edulis","W-Msc-140480"
144,-7.5,0.01,"Mytilus edulis","W-Msc-140480"
145,-7.5,0.02,"Mytilus edulis","W-Msc-140480"
-140.5,-8,0.09,"Mytilus edulis","W-Msc-140480"
-140,-8,0.1,"Mytilus edulis","W-Msc-140480"
-80,-8,0.6,"Mytilus edulis","W-Msc-140480"
-79.5,-8,0.34,"Mytilus edulis","W-Msc-140480"
-79,-8,0.23,"Mytilus edulis","W-Msc-140480"
-34.5,-8,0.06,"Mytilus edulis","W-Msc-140480"
-34,-8,0.03,"Mytilus edulis","W-Msc-140480"
108,-8,0.08,"Mytilus edulis","W-Msc-140480"
108.5,-8,0.08,"Mytilus edulis","W-Msc-140480"
109,-8,0.08,"Mytilus edulis","W-Msc-140480"
109.5,-8,0.08,"Mytilus edulis","W-Msc-140480"
110,-8,0.08,"Mytilus edulis","W-Msc-140480"
110.5,-8,0.07,"Mytilus edulis","W-Msc-140480"
113,-8,0.02,"Mytilus edulis","W-Msc-140480"
114,-8,0.02,"Mytilus edulis","W-Msc-140480"
114.5,-8,0.02,"Mytilus edulis","W-Msc-140480"
117.5,-8,0.01,"Mytilus edulis","W-Msc-140480"
118.5,-8,0.01,"Mytilus edulis","W-Msc-140480"
126,-8,0.02,"Mytilus edulis","W-Msc-140480"
126.5,-8,0.03,"Mytilus edulis","W-Msc-140480"
127,-8,0.03,"Mytilus edulis","W-Msc-140480"
127.5,-8,0.04,"Mytilus edulis","W-Msc-140480"
128,-8,0.04,"Mytilus edulis","W-Msc-140480"
130,-8,0.04,"Mytilus edulis","W-Msc-140480"
130.5,-8,0.04,"Mytilus edulis","W-Msc-140480"
131,-8,0.05,"Mytilus edulis","W-Msc-140480"
131.5,-8,0.05,"Mytilus edulis","W-Msc-140480"
132,-8,0.05,"Mytilus edulis","W-Msc-140480"
133,-8,0.06,"Mytilus edulis","W-Msc-140480"
133.5,-8,0.07,"Mytilus edulis","W-Msc-140480"
134,-8,0.07,"Mytilus edulis","W-Msc-140480"
134.5,-8,0.07,"Mytilus edulis","W-Msc-140480"
135,-8,0.07,"Mytilus edulis","W-Msc-140480"
135.5,-8,0.03,"Mytilus edulis","W-Msc-140480"
136,-8,0.03,"Mytilus edulis","W-Msc-140480"
136.5,-8,0.07,"Mytilus edulis","W-Msc-140480"
137,-8,0.06,"Mytilus edulis","W-Msc-140480"
137.5,-8,0.05,"Mytilus edulis","W-Msc-140480"
138,-8,0.05,"Mytilus edulis","W-Msc-140480"
138.5,-8,0.06,"Mytilus edulis","W-Msc-140480"
139,-8,0.01,"Mytilus edulis","W-Msc-140480"
139.5,-8,0.01,"Mytilus edulis","W-Msc-140480"
143.5,-8,0.01,"Mytilus edulis","W-Msc-140480"
144,-8,0.06,"Mytilus edulis","W-Msc-140480"
144.5,-8,0.07,"Mytilus edulis","W-Msc-140480"
145,-8,0.07,"Mytilus edulis","W-Msc-140480"
145.5,-8,0.06,"Mytilus edulis","W-Msc-140480"
146,-8,0.05,"Mytilus edulis","W-Msc-140480"
-140.5,-8.5,0.09,"Mytilus edulis","W-Msc-140480"
-79.5,-8.5,0.2,"Mytilus edulis","W-Msc-140480"
-79,-8.5,0.2,"Mytilus edulis","W-Msc-140480"
-78.5,-8.5,0.22,"Mytilus edulis","W-Msc-140480"
-34.5,-8.5,0.06,"Mytilus edulis","W-Msc-140480"
109,-8.5,0.08,"Mytilus edulis","W-Msc-140480"
110.5,-8.5,0.1,"Mytilus edulis","W-Msc-140480"
111,-8.5,0.11,"Mytilus edulis","W-Msc-140480"
111.5,-8.5,0.11,"Mytilus edulis","W-Msc-140480"
112,-8.5,0.11,"Mytilus edulis","W-Msc-140480"
112.5,-8.5,0.08,"Mytilus edulis","W-Msc-140480"
113,-8.5,0.07,"Mytilus edulis","W-Msc-140480"
113.5,-8.5,0.09,"Mytilus edulis","W-Msc-140480"
114,-8.5,0.07,"Mytilus edulis","W-Msc-140480"
114.5,-8.5,0.06,"Mytilus edulis","W-Msc-140480"
115,-8.5,0.05,"Mytilus edulis","W-Msc-140480"
115.5,-8.5,0.04,"Mytilus edulis","W-Msc-140480"
116,-8.5,0.02,"Mytilus edulis","W-Msc-140480"
116.5,-8.5,0.02,"Mytilus edulis","W-Msc-140480"
117,-8.5,0.02,"Mytilus edulis","W-Msc-140480"
117.5,-8.5,0.01,"Mytilus edulis","W-Msc-140480"
118,-8.5,0.02,"Mytilus edulis","W-Msc-140480"
118.5,-8.5,0.02,"Mytilus edulis","W-Msc-140480"
119,-8.5,0.03,"Mytilus edulis","W-Msc-140480"
119.5,-8.5,0.04,"Mytilus edulis","W-Msc-140480"
120,-8.5,0.03,"Mytilus edulis","W-Msc-140480"
120.5,-8.5,0.01,"Mytilus edulis","W-Msc-140480"
123,-8.5,0.02,"Mytilus edulis","W-Msc-140480"
123.5,-8.5,0.03,"Mytilus edulis","W-Msc-140480"
124,-8.5,0.04,"Mytilus edulis","W-Msc-140480"
124.5,-8.5,0.05,"Mytilus edulis","W-Msc-140480"
125,-8.5,0.03,"Mytilus edulis","W-Msc-140480"
125.5,-8.5,0.02,"Mytilus edulis","W-Msc-140480"
126,-8.5,0.03,"Mytilus edulis","W-Msc-140480"
126.5,-8.5,0.03,"Mytilus edulis","W-Msc-140480"
127,-8.5,0.03,"Mytilus edulis","W-Msc-140480"
127.5,-8.5,0.03,"Mytilus edulis","W-Msc-140480"
128,-8.5,0.03,"Mytilus edulis","W-Msc-140480"
128.5,-8.5,0.04,"Mytilus edulis","W-Msc-140480"
129,-8.5,0.04,"Mytilus edulis","W-Msc-140480"
129.5,-8.5,0.04,"Mytilus edulis","W-Msc-140480"
130,-8.5,0.04,"Mytilus edulis","W-Msc-140480"
131,-8.5,0.05,"Mytilus edulis","W-Msc-140480"
131.5,-8.5,0.05,"Mytilus edulis","W-Msc-140480"
133,-8.5,0.06,"Mytilus edulis","W-Msc-140480"
133.5,-8.5,0.06,"Mytilus edulis","W-Msc-140480"
134,-8.5,0.06,"Mytilus edulis","W-Msc-140480"
135.5,-8.5,0.04,"Mytilus edulis","W-Msc-140480"
136,-8.5,0.06,"Mytilus edulis","W-Msc-140480"
136.5,-8.5,0.07,"Mytilus edulis","W-Msc-140480"
137,-8.5,0.06,"Mytilus edulis","W-Msc-140480"
137.5,-8.5,0.06,"Mytilus edulis","W-Msc-140480"
138,-8.5,0.06,"Mytilus edulis","W-Msc-140480"
138.5,-8.5,0.07,"Mytilus edulis","W-Msc-140480"
139,-8.5,0.07,"Mytilus edulis","W-Msc-140480"
139.5,-8.5,0.08,"Mytilus edulis","W-Msc-140480"
140,-8.5,0.08,"Mytilus edulis","W-Msc-140480"
140.5,-8.5,0.08,"Mytilus edulis","W-Msc-140480"
142.5,-8.5,0.01,"Mytilus edulis","W-Msc-140480"
143,-8.5,0.02,"Mytilus edulis","W-Msc-140480"
143.5,-8.5,0.06,"Mytilus edulis","W-Msc-140480"
144,-8.5,0.05,"Mytilus edulis","W-Msc-140480"
144.5,-8.5,0.08,"Mytilus edulis","W-Msc-140480"
145,-8.5,0.07,"Mytilus edulis","W-Msc-140480"
145.5,-8.5,0.02,"Mytilus edulis","W-Msc-140480"
146,-8.5,0.06,"Mytilus edulis","W-Msc-140480"
146.5,-8.5,0.05,"Mytilus edulis","W-Msc-140480"
151,-8.5,0.01,"Mytilus edulis","W-Msc-140480"
-157.5,-9,0.01,"Mytilus edulis","W-Msc-140480"
-140.5,-9,0.08,"Mytilus edulis","W-Msc-140480"
-140,-9,0.08,"Mytilus edulis","W-Msc-140480"
-139.5,-9,0.09,"Mytilus edulis","W-Msc-140480"
-139,-9,0.09,"Mytilus edulis","W-Msc-140480"
-79.5,-9,0.58,"Mytilus edulis","W-Msc-140480"
-79,-9,0.07,"Mytilus edulis","W-Msc-140480"
-78.5,-9,0.23,"Mytilus edulis","W-Msc-140480"
-35,-9,0.07,"Mytilus edulis","W-Msc-140480"
-34.5,-9,0.06,"Mytilus edulis","W-Msc-140480"
114,-9,0.1,"Mytilus edulis","W-Msc-140480"
114.5,-9,0.1,"Mytilus edulis","W-Msc-140480"
115,-9,0.09,"Mytilus edulis","W-Msc-140480"
115.5,-9,0.08,"Mytilus edulis","W-Msc-140480"
116,-9,0.06,"Mytilus edulis","W-Msc-140480"
116.5,-9,0.06,"Mytilus edulis","W-Msc-140480"
117,-9,0.06,"Mytilus edulis","W-Msc-140480"
117.5,-9,0.04,"Mytilus edulis","W-Msc-140480"
118,-9,0.05,"Mytilus edulis","W-Msc-140480"
118.5,-9,0.06,"Mytilus edulis","W-Msc-140480"
119,-9,0.08,"Mytilus edulis","W-Msc-140480"
119.5,-9,0.09,"Mytilus edulis","W-Msc-140480"
120,-9,0.08,"Mytilus edulis","W-Msc-140480"
120.5,-9,0.04,"Mytilus edulis","W-Msc-140480"
121,-9,0.03,"Mytilus edulis","W-Msc-140480"
121.5,-9,0.03,"Mytilus edulis","W-Msc-140480"
122,-9,0.02,"Mytilus edulis","W-Msc-140480"
122.5,-9,0.03,"Mytilus edulis","W-Msc-140480"
123,-9,0.05,"Mytilus edulis","W-Msc-140480"
123.5,-9,0.06,"Mytilus edulis","W-Msc-140480"
124,-9,0.06,"Mytilus edulis","W-Msc-140480"
124.5,-9,0.06,"Mytilus edulis","W-Msc-140480"
125,-9,0.04,"Mytilus edulis","W-Msc-140480"
125.5,-9,0.03,"Mytilus edulis","W-Msc-140480"
126,-9,0.02,"Mytilus edulis","W-Msc-140480"
126.5,-9,0.02,"Mytilus edulis","W-Msc-140480"
127,-9,0.02,"Mytilus edulis","W-Msc-140480"
127.5,-9,0.03,"Mytilus edulis","W-Msc-140480"
132,-9,0.05,"Mytilus edulis","W-Msc-140480"
133,-9,0.05,"Mytilus edulis","W-Msc-140480"
133.5,-9,0.05,"Mytilus edulis","W-Msc-140480"
134,-9,0.03,"Mytilus edulis","W-Msc-140480"
135.5,-9,0.05,"Mytilus edulis","W-Msc-140480"
136,-9,0.04,"Mytilus edulis","W-Msc-140480"
136.5,-9,0.07,"Mytilus edulis","W-Msc-140480"
137,-9,0.07,"Mytilus edulis","W-Msc-140480"
137.5,-9,0.07,"Mytilus edulis","W-Msc-140480"
138,-9,0.07,"Mytilus edulis","W-Msc-140480"
138.5,-9,0.07,"Mytilus edulis","W-Msc-140480"
139,-9,0.07,"Mytilus edulis","W-Msc-140480"
139.5,-9,0.07,"Mytilus edulis","W-Msc-140480"
140,-9,0.07,"Mytilus edulis","W-Msc-140480"
140.5,-9,0.08,"Mytilus edulis","W-Msc-140480"
141,-9,0.08,"Mytilus edulis","W-Msc-140480"
143.5,-9,0.08,"Mytilus edulis","W-Msc-140480"
144,-9,0.09,"Mytilus edulis","W-Msc-140480"
144.5,-9,0.09,"Mytilus edulis","W-Msc-140480"
145,-9,0.05,"Mytilus edulis","W-Msc-140480"
145.5,-9,0.08,"Mytilus edulis","W-Msc-140480"
146.5,-9,0.07,"Mytilus edulis","W-Msc-140480"
147,-9,0.06,"Mytilus edulis","W-Msc-140480"
148.5,-9,0.02,"Mytilus edulis","W-Msc-140480"
149.5,-9,0.01,"Mytilus edulis","W-Msc-140480"
150,-9,0.01,"Mytilus edulis","W-Msc-140480"
150.5,-9,0.02,"Mytilus edulis","W-Msc-140480"
151,-9,0.02,"Mytilus edulis","W-Msc-140480"
151.5,-9,0.02,"Mytilus edulis","W-Msc-140480"
152,-9,0.01,"Mytilus edulis","W-Msc-140480"
-140,-9.5,0.08,"Mytilus edulis","W-Msc-140480"
-139.5,-9.5,0.08,"Mytilus edulis","W-Msc-140480"
-78.5,-9.5,0.3,"Mytilus edulis","W-Msc-140480"
-78,-9.5,0.19,"Mytilus edulis","W-Msc-140480"
-35.5,-9.5,0.04,"Mytilus edulis","W-Msc-140480"
-35,-9.5,0.07,"Mytilus edulis","W-Msc-140480"
-34.5,-9.5,0.05,"Mytilus edulis","W-Msc-140480"
117,-9.5,0.07,"Mytilus edulis","W-Msc-140480"
117.5,-9.5,0.07,"Mytilus edulis","W-Msc-140480"
119,-9.5,0.08,"Mytilus edulis","W-Msc-140480"
119.5,-9.5,0.08,"Mytilus edulis","W-Msc-140480"
120,-9.5,0.08,"Mytilus edulis","W-Msc-140480"
120.5,-9.5,0.07,"Mytilus edulis","W-Msc-140480"
124,-9.5,0.04,"Mytilus edulis","W-Msc-140480"
124.5,-9.5,0.04,"Mytilus edulis","W-Msc-140480"
125,-9.5,0.03,"Mytilus edulis","W-Msc-140480"
125.5,-9.5,0.02,"Mytilus edulis","W-Msc-140480"
126,-9.5,0.01,"Mytilus edulis","W-Msc-140480"
126.5,-9.5,0.02,"Mytilus edulis","W-Msc-140480"
131.5,-9.5,0.04,"Mytilus edulis","W-Msc-140480"
132,-9.5,0.05,"Mytilus edulis","W-Msc-140480"
133.5,-9.5,0.05,"Mytilus edulis","W-Msc-140480"
134,-9.5,0.06,"Mytilus edulis","W-Msc-140480"
135.5,-9.5,0.07,"Mytilus edulis","W-Msc-140480"
136,-9.5,0.08,"Mytilus edulis","W-Msc-140480"
136.5,-9.5,0.08,"Mytilus edulis","W-Msc-140480"
137,-9.5,0.07,"Mytilus edulis","W-Msc-140480"
137.5,-9.5,0.06,"Mytilus edulis","W-Msc-140480"
138,-9.5,0.06,"Mytilus edulis","W-Msc-140480"
138.5,-9.5,0.05,"Mytilus edulis","W-Msc-140480"
139,-9.5,0.06,"Mytilus edulis","W-Msc-140480"
139.5,-9.5,0.06,"Mytilus edulis","W-Msc-140480"
140,-9.5,0.06,"Mytilus edulis","W-Msc-140480"
140.5,-9.5,0.07,"Mytilus edulis","W-Msc-140480"
141,-9.5,0.09,"Mytilus edulis","W-Msc-140480"
141.5,-9.5,0.09,"Mytilus edulis","W-Msc-140480"
142,-9.5,0.09,"Mytilus edulis","W-Msc-140480"
142.5,-9.5,0.09,"Mytilus edulis","W-Msc-140480"
143,-9.5,0.1,"Mytilus edulis","W-Msc-140480"
143.5,-9.5,0.09,"Mytilus edulis","W-Msc-140480"
144,-9.5,0.1,"Mytilus edulis","W-Msc-140480"
144.5,-9.5,0.1,"Mytilus edulis","W-Msc-140480"
145,-9.5,0.1,"Mytilus edulis","W-Msc-140480"
145.5,-9.5,0.04,"Mytilus edulis","W-Msc-140480"
147,-9.5,0.09,"Mytilus edulis","W-Msc-140480"
147.5,-9.5,0.08,"Mytilus edulis","W-Msc-140480"
149,-9.5,0.03,"Mytilus edulis","W-Msc-140480"
149.5,-9.5,0.01,"Mytilus edulis","W-Msc-140480"
150,-9.5,0.02,"Mytilus edulis","W-Msc-140480"
150.5,-9.5,0.02,"Mytilus edulis","W-Msc-140480"
151,-9.5,0.03,"Mytilus edulis","W-Msc-140480"
151.5,-9.5,0.03,"Mytilus edulis","W-Msc-140480"
152,-9.5,0.02,"Mytilus edulis","W-Msc-140480"
152.5,-9.5,0.01,"Mytilus edulis","W-Msc-140480"
153,-9.5,0.01,"Mytilus edulis","W-Msc-140480"
-150,-10,0.02,"Mytilus edulis","W-Msc-140480"
-139,-10,0.08,"Mytilus edulis","W-Msc-140480"
-138.5,-10,0.08,"Mytilus edulis","W-Msc-140480"
-78.5,-10,0.38,"Mytilus edulis","W-Msc-140480"
-78,-10,0.21,"Mytilus edulis","W-Msc-140480"
-35.5,-10,0.08,"Mytilus edulis","W-Msc-140480"
-35,-10,0.07,"Mytilus edulis","W-Msc-140480"
119,-10,0.06,"Mytilus edulis","W-Msc-140480"
119.5,-10,0.06,"Mytilus edulis","W-Msc-140480"
120,-10,0.07,"Mytilus edulis","W-Msc-140480"
120.5,-10,0.07,"Mytilus edulis","W-Msc-140480"
121,-10,0.06,"Mytilus edulis","W-Msc-140480"
124,-10,0.03,"Mytilus edulis","W-Msc-140480"
125,-10,0.01,"Mytilus edulis","W-Msc-140480"
125.5,-10,0.01,"Mytilus edulis","W-Msc-140480"
128.5,-10,0.02,"Mytilus edulis","W-Msc-140480"
129,-10,0.02,"Mytilus edulis","W-Msc-140480"
131.5,-10,0.02,"Mytilus edulis","W-Msc-140480"
132,-10,0.04,"Mytilus edulis","W-Msc-140480"
132.5,-10,0.02,"Mytilus edulis","W-Msc-140480"
133,-10,0.05,"Mytilus edulis","W-Msc-140480"
133.5,-10,0.05,"Mytilus edulis","W-Msc-140480"
134,-10,0.05,"Mytilus edulis","W-Msc-140480"
134.5,-10,0.01,"Mytilus edulis","W-Msc-140480"
135,-10,0.02,"Mytilus edulis","W-Msc-140480"
135.5,-10,0.07,"Mytilus edulis","W-Msc-140480"
136,-10,0.08,"Mytilus edulis","W-Msc-140480"
136.5,-10,0.08,"Mytilus edulis","W-Msc-140480"
137,-10,0.08,"Mytilus edulis","W-Msc-140480"
137.5,-10,0.06,"Mytilus edulis","W-Msc-140480"
138,-10,0.05,"Mytilus edulis","W-Msc-140480"
138.5,-10,0.06,"Mytilus edulis","W-Msc-140480"
139,-10,0.06,"Mytilus edulis","W-Msc-140480"
139.5,-10,0.06,"Mytilus edulis","W-Msc-140480"
140,-10,0.07,"Mytilus edulis","W-Msc-140480"
140.5,-10,0.07,"Mytilus edulis","W-Msc-140480"
141,-10,0.08,"Mytilus edulis","W-Msc-140480"
141.5,-10,0.09,"Mytilus edulis","W-Msc-140480"
142,-10,0.09,"Mytilus edulis","W-Msc-140480"
142.5,-10,0.1,"Mytilus edulis","W-Msc-140480"
143,-10,0.1,"Mytilus edulis","W-Msc-140480"
143.5,-10,0.1,"Mytilus edulis","W-Msc-140480"
144,-10,0.11,"Mytilus edulis","W-Msc-140480"
144.5,-10,0.12,"Mytilus edulis","W-Msc-140480"
145,-10,0.09,"Mytilus edulis","W-Msc-140480"
146,-10,0.07,"Mytilus edulis","W-Msc-140480"
147.5,-10,0.11,"Mytilus edulis","W-Msc-140480"
148,-10,0.09,"Mytilus edulis","W-Msc-140480"
149.5,-10,0.05,"Mytilus edulis","W-Msc-140480"
150,-10,0.03,"Mytilus edulis","W-Msc-140480"
150.5,-10,0.04,"Mytilus edulis","W-Msc-140480"
151,-10,0.04,"Mytilus edulis","W-Msc-140480"
151.5,-10,0.04,"Mytilus edulis","W-Msc-140480"
152.5,-10,0.02,"Mytilus edulis","W-Msc-140480"
-152,-10.5,0.02,"Mytilus edulis","W-Msc-140480"
-138.5,-10.5,0.08,"Mytilus edulis","W-Msc-140480"
-78,-10.5,0.27,"Mytilus edulis","W-Msc-140480"
-77.5,-10.5,0.14,"Mytilus edulis","W-Msc-140480"
-36,-10.5,0.11,"Mytilus edulis","W-Msc-140480"
-35.5,-10.5,0.08,"Mytilus edulis","W-Msc-140480"
106,-10.5,0.06,"Mytilus edulis","W-Msc-140480"
120,-10.5,0.07,"Mytilus edulis","W-Msc-140480"
120.5,-10.5,0.07,"Mytilus edulis","W-Msc-140480"
121,-10.5,0.06,"Mytilus edulis","W-Msc-140480"
122,-10.5,0.05,"Mytilus edulis","W-Msc-140480"
122.5,-10.5,0.04,"Mytilus edulis","W-Msc-140480"
123.5,-10.5,0.04,"Mytilus edulis","W-Msc-140480"
124,-10.5,0.03,"Mytilus edulis","W-Msc-140480"
124.5,-10.5,0.02,"Mytilus edulis","W-Msc-140480"
125,-10.5,0.01,"Mytilus edulis","W-Msc-140480"
127,-10.5,0.01,"Mytilus edulis","W-Msc-140480"
127.5,-10.5,0.01,"Mytilus edulis","W-Msc-140480"
128,-10.5,0.01,"Mytilus edulis","W-Msc-140480"
128.5,-10.5,0.02,"Mytilus edulis","W-Msc-140480"
129,-10.5,0.02,"Mytilus edulis","W-Msc-140480"
129.5,-10.5,0.02,"Mytilus edulis","W-Msc-140480"
130.5,-10.5,0.02,"Mytilus edulis","W-Msc-140480"
132,-10.5,0.04,"Mytilus edulis","W-Msc-140480"
132.5,-10.5,0.03,"Mytilus edulis","W-Msc-140480"
133,-10.5,0.05,"Mytilus edulis","W-Msc-140480"
133.5,-10.5,0.05,"Mytilus edulis","W-Msc-140480"
134,-10.5,0.05,"Mytilus edulis","W-Msc-140480"
134.5,-10.5,0.04,"Mytilus edulis","W-Msc-140480"
135,-10.5,0.06,"Mytilus edulis","W-Msc-140480"
135.5,-10.5,0.06,"Mytilus edulis","W-Msc-140480"
136,-10.5,0.07,"Mytilus edulis","W-Msc-140480"
136.5,-10.5,0.08,"Mytilus edulis","W-Msc-140480"
137,-10.5,0.08,"Mytilus edulis","W-Msc-140480"
137.5,-10.5,0.07,"Mytilus edulis","W-Msc-140480"
138,-10.5,0.06,"Mytilus edulis","W-Msc-140480"
138.5,-10.5,0.05,"Mytilus edulis","W-Msc-140480"
139,-10.5,0.04,"Mytilus edulis","W-Msc-140480"
139.5,-10.5,0.04,"Mytilus edulis","W-Msc-140480"
140,-10.5,0.05,"Mytilus edulis","W-Msc-140480"
140.5,-10.5,0.06,"Mytilus edulis","W-Msc-140480"
141,-10.5,0.08,"Mytilus edulis","W-Msc-140480"
141.5,-10.5,0.09,"Mytilus edulis","W-Msc-140480"
142,-10.5,0.1,"Mytilus edulis","W-Msc-140480"
142.5,-10.5,0.11,"Mytilus edulis","W-Msc-140480"
143,-10.5,0.11,"Mytilus edulis","W-Msc-140480"
143.5,-10.5,0.11,"Mytilus edulis","W-Msc-140480"
144,-10.5,0.13,"Mytilus edulis","W-Msc-140480"
144.5,-10.5,0.1,"Mytilus edulis","W-Msc-140480"
145,-10.5,0.07,"Mytilus edulis","W-Msc-140480"
145.5,-10.5,0.07,"Mytilus edulis","W-Msc-140480"
146,-10.5,0.07,"Mytilus edulis","W-Msc-140480"
148,-10.5,0.11,"Mytilus edulis","W-Msc-140480"
148.5,-10.5,0.11,"Mytilus edulis","W-Msc-140480"
149,-10.5,0.11,"Mytilus edulis","W-Msc-140480"
149.5,-10.5,0.11,"Mytilus edulis","W-Msc-140480"
150,-10.5,0.07,"Mytilus edulis","W-Msc-140480"
150.5,-10.5,0.07,"Mytilus edulis","W-Msc-140480"
151,-10.5,0.07,"Mytilus edulis","W-Msc-140480"
151.5,-10.5,0.06,"Mytilus edulis","W-Msc-140480"
152,-10.5,0.05,"Mytilus edulis","W-Msc-140480"
-138.5,-11,0.08,"Mytilus edulis","W-Msc-140480"
-77.5,-11,0.13,"Mytilus edulis","W-Msc-140480"
-37,-11,0.03,"Mytilus edulis","W-Msc-140480"
-36.5,-11,0.12,"Mytilus edulis","W-Msc-140480"
-36,-11,0.1,"Mytilus edulis","W-Msc-140480"
106,-11,0.07,"Mytilus edulis","W-Msc-140480"
121.5,-11,0.05,"Mytilus edulis","W-Msc-140480"
122,-11,0.04,"Mytilus edulis","W-Msc-140480"
123,-11,0.04,"Mytilus edulis","W-Msc-140480"
123.5,-11,0.03,"Mytilus edulis","W-Msc-140480"
127,-11,0.01,"Mytilus edulis","W-Msc-140480"
127.5,-11,0.01,"Mytilus edulis","W-Msc-140480"
128,-11,0.01,"Mytilus edulis","W-Msc-140480"
128.5,-11,0.01,"Mytilus edulis","W-Msc-140480"
129,-11,0.02,"Mytilus edulis","W-Msc-140480"
129.5,-11,0.02,"Mytilus edulis","W-Msc-140480"
130,-11,0.02,"Mytilus edulis","W-Msc-140480"
130.5,-11,0.03,"Mytilus edulis","W-Msc-140480"
131,-11,0.03,"Mytilus edulis","W-Msc-140480"
131.5,-11,0.04,"Mytilus edulis","W-Msc-140480"
132,-11,0.04,"Mytilus edulis","W-Msc-140480"
132.5,-11,0.05,"Mytilus edulis","W-Msc-140480"
133,-11,0.06,"Mytilus edulis","W-Msc-140480"
133.5,-11,0.06,"Mytilus edulis","W-Msc-140480"
134,-11,0.03,"Mytilus edulis","W-Msc-140480"
134.5,-11,0.01,"Mytilus edulis","W-Msc-140480"
135,-11,0.04,"Mytilus edulis","W-Msc-140480"
135.5,-11,0.03,"Mytilus edulis","W-Msc-140480"
136,-11,0.05,"Mytilus edulis","W-Msc-140480"
136.5,-11,0.06,"Mytilus edulis","W-Msc-140480"
137,-11,0.08,"Mytilus edulis","W-Msc-140480"
137.5,-11,0.08,"Mytilus edulis","W-Msc-140480"
138,-11,0.05,"Mytilus edulis","W-Msc-140480"
138.5,-11,0.03,"Mytilus edulis","W-Msc-140480"
139,-11,0.03,"Mytilus edulis","W-Msc-140480"
139.5,-11,0.04,"Mytilus edulis","W-Msc-140480"
140,-11,0.04,"Mytilus edulis","W-Msc-140480"
140.5,-11,0.05,"Mytilus edulis","W-Msc-140480"
141,-11,0.07,"Mytilus edulis","W-Msc-140480"
141.5,-11,0.09,"Mytilus edulis","W-Msc-140480"
142,-11,0.1,"Mytilus edulis","W-Msc-140480"
142.5,-11,0.11,"Mytilus edulis","W-Msc-140480"
143,-11,0.12,"Mytilus edulis","W-Msc-140480"
143.5,-11,0.12,"Mytilus edulis","W-Msc-140480"
144,-11,0.13,"Mytilus edulis","W-Msc-140480"
144.5,-11,0.09,"Mytilus edulis","W-Msc-140480"
150,-11,0.1,"Mytilus edulis","W-Msc-140480"
150.5,-11,0.1,"Mytilus edulis","W-Msc-140480"
151,-11,0.11,"Mytilus edulis","W-Msc-140480"
151.5,-11,0.1,"Mytilus edulis","W-Msc-140480"
152,-11,0.08,"Mytilus edulis","W-Msc-140480"
152.5,-11,0.07,"Mytilus edulis","W-Msc-140480"
153,-11,0.05,"Mytilus edulis","W-Msc-140480"
153.5,-11,0.03,"Mytilus edulis","W-Msc-140480"
-151.5,-11.5,0.02,"Mytilus edulis","W-Msc-140480"
-77.5,-11.5,0.09,"Mytilus edulis","W-Msc-140480"
-77,-11.5,0.1,"Mytilus edulis","W-Msc-140480"
-37,-11.5,0.09,"Mytilus edulis","W-Msc-140480"
-36.5,-11.5,0.08,"Mytilus edulis","W-Msc-140480"
105,-11.5,0.07,"Mytilus edulis","W-Msc-140480"
126.5,-11.5,0.01,"Mytilus edulis","W-Msc-140480"
127,-11.5,0.01,"Mytilus edulis","W-Msc-140480"
128.5,-11.5,0.01,"Mytilus edulis","W-Msc-140480"
129,-11.5,0.01,"Mytilus edulis","W-Msc-140480"
129.5,-11.5,0.01,"Mytilus edulis","W-Msc-140480"
130,-11.5,0.01,"Mytilus edulis","W-Msc-140480"
130.5,-11.5,0.02,"Mytilus edulis","W-Msc-140480"
131,-11.5,0.03,"Mytilus edulis","W-Msc-140480"
131.5,-11.5,0.04,"Mytilus edulis","W-Msc-140480"
132,-11.5,0.04,"Mytilus edulis","W-Msc-140480"
132.5,-11.5,0.05,"Mytilus edulis","W-Msc-140480"
133,-11.5,0.06,"Mytilus edulis","W-Msc-140480"
133.5,-11.5,0.07,"Mytilus edulis","W-Msc-140480"
134,-11.5,0.06,"Mytilus edulis","W-Msc-140480"
134.5,-11.5,0.06,"Mytilus edulis","W-Msc-140480"
135,-11.5,0.07,"Mytilus edulis","W-Msc-140480"
135.5,-11.5,0.07,"Mytilus edulis","W-Msc-140480"
136,-11.5,0.07,"Mytilus edulis","W-Msc-140480"
136.5,-11.5,0.08,"Mytilus edulis","W-Msc-140480"
137,-11.5,0.08,"Mytilus edulis","W-Msc-140480"
137.5,-11.5,0.08,"Mytilus edulis","W-Msc-140480"
138,-11.5,0.07,"Mytilus edulis","W-Msc-140480"
138.5,-11.5,0.06,"Mytilus edulis","W-Msc-140480"
139,-11.5,0.06,"Mytilus edulis","W-Msc-140480"
139.5,-11.5,0.05,"Mytilus edulis","W-Msc-140480"
140,-11.5,0.05,"Mytilus edulis","W-Msc-140480"
140.5,-11.5,0.06,"Mytilus edulis","W-Msc-140480"
141,-11.5,0.06,"Mytilus edulis","W-Msc-140480"
141.5,-11.5,0.07,"Mytilus edulis","W-Msc-140480"
142,-11.5,0.09,"Mytilus edulis","W-Msc-140480"
142.5,-11.5,0.11,"Mytilus edulis","W-Msc-140480"
143,-11.5,0.13,"Mytilus edulis","W-Msc-140480"
143.5,-11.5,0.13,"Mytilus edulis","W-Msc-140480"
144,-11.5,0.13,"Mytilus edulis","W-Msc-140480"
144.5,-11.5,0.1,"Mytilus edulis","W-Msc-140480"
151,-11.5,0.05,"Mytilus edulis","W-Msc-140480"
151.5,-11.5,0.1,"Mytilus edulis","W-Msc-140480"
152,-11.5,0.09,"Mytilus edulis","W-Msc-140480"
152.5,-11.5,0.08,"Mytilus edulis","W-Msc-140480"
153,-11.5,0.07,"Mytilus edulis","W-Msc-140480"
153.5,-11.5,0.05,"Mytilus edulis","W-Msc-140480"
154,-11.5,0.04,"Mytilus edulis","W-Msc-140480"
154.5,-11.5,0.04,"Mytilus edulis","W-Msc-140480"
-77.5,-12,0.28,"Mytilus edulis","W-Msc-140480"
-37.5,-12,0.09,"Mytilus edulis","W-Msc-140480"
-37,-12,0.08,"Mytilus edulis","W-Msc-140480"
97,-12,0.04,"Mytilus edulis","W-Msc-140480"
123.5,-12,0.02,"Mytilus edulis","W-Msc-140480"
124,-12,0.01,"Mytilus edulis","W-Msc-140480"
125.5,-12,0.01,"Mytilus edulis","W-Msc-140480"
126.5,-12,0.01,"Mytilus edulis","W-Msc-140480"
127,-12,0.01,"Mytilus edulis","W-Msc-140480"
127.5,-12,0.01,"Mytilus edulis","W-Msc-140480"
130,-12,0.01,"Mytilus edulis","W-Msc-140480"
130.5,-12,0.02,"Mytilus edulis","W-Msc-140480"
131,-12,0.03,"Mytilus edulis","W-Msc-140480"
131.5,-12,0.03,"Mytilus edulis","W-Msc-140480"
132,-12,0.03,"Mytilus edulis","W-Msc-140480"
132.5,-12,0.04,"Mytilus edulis","W-Msc-140480"
133,-12,0.05,"Mytilus edulis","W-Msc-140480"
133.5,-12,0.06,"Mytilus edulis","W-Msc-140480"
134,-12,0.06,"Mytilus edulis","W-Msc-140480"
134.5,-12,0.07,"Mytilus edulis","W-Msc-140480"
135,-12,0.07,"Mytilus edulis","W-Msc-140480"
135.5,-12,0.07,"Mytilus edulis","W-Msc-140480"
136,-12,0.08,"Mytilus edulis","W-Msc-140480"
136.5,-12,0.08,"Mytilus edulis","W-Msc-140480"
137,-12,0.09,"Mytilus edulis","W-Msc-140480"
137.5,-12,0.08,"Mytilus edulis","W-Msc-140480"
138,-12,0.07,"Mytilus edulis","W-Msc-140480"
138.5,-12,0.07,"Mytilus edulis","W-Msc-140480"
139,-12,0.06,"Mytilus edulis","W-Msc-140480"
139.5,-12,0.05,"Mytilus edulis","W-Msc-140480"
140,-12,0.02,"Mytilus edulis","W-Msc-140480"
140.5,-12,0.05,"Mytilus edulis","W-Msc-140480"
141,-12,0.05,"Mytilus edulis","W-Msc-140480"
141.5,-12,0.07,"Mytilus edulis","W-Msc-140480"
142,-12,0.09,"Mytilus edulis","W-Msc-140480"
142.5,-12,0.11,"Mytilus edulis","W-Msc-140480"
143,-12,0.13,"Mytilus edulis","W-Msc-140480"
143.5,-12,0.15,"Mytilus edulis","W-Msc-140480"
144,-12,0.15,"Mytilus edulis","W-Msc-140480"
144.5,-12,0.09,"Mytilus edulis","W-Msc-140480"
153,-12,0.07,"Mytilus edulis","W-Msc-140480"
153.5,-12,0.07,"Mytilus edulis","W-Msc-140480"
154,-12,0.06,"Mytilus edulis","W-Msc-140480"
154.5,-12,0.05,"Mytilus edulis","W-Msc-140480"
-77,-12.5,0.35,"Mytilus edulis","W-Msc-140480"
-76.5,-12.5,0.09,"Mytilus edulis","W-Msc-140480"
-37.5,-12.5,0.08,"Mytilus edulis","W-Msc-140480"
-37,-12.5,0.07,"Mytilus edulis","W-Msc-140480"
97,-12.5,0.04,"Mytilus edulis","W-Msc-140480"
123,-12.5,0.02,"Mytilus edulis","W-Msc-140480"
123.5,-12.5,0.02,"Mytilus edulis","W-Msc-140480"
124,-12.5,0.02,"Mytilus edulis","W-Msc-140480"
124.5,-12.5,0.01,"Mytilus edulis","W-Msc-140480"
126.5,-12.5,0.01,"Mytilus edulis","W-Msc-140480"
130,-12.5,0.01,"Mytilus edulis","W-Msc-140480"
130.5,-12.5,0.02,"Mytilus edulis","W-Msc-140480"
131,-12.5,0.03,"Mytilus edulis","W-Msc-140480"
131.5,-12.5,0.03,"Mytilus edulis","W-Msc-140480"
132,-12.5,0.03,"Mytilus edulis","W-Msc-140480"
132.5,-12.5,0.04,"Mytilus edulis","W-Msc-140480"
133,-12.5,0.05,"Mytilus edulis","W-Msc-140480"
134.5,-12.5,0.07,"Mytilus edulis","W-Msc-140480"
135,-12.5,0.05,"Mytilus edulis","W-Msc-140480"
135.5,-12.5,0.08,"Mytilus edulis","W-Msc-140480"
136,-12.5,0.08,"Mytilus edulis","W-Msc-140480"
136.5,-12.5,0.08,"Mytilus edulis","W-Msc-140480"
137,-12.5,0.08,"Mytilus edulis","W-Msc-140480"
137.5,-12.5,0.08,"Mytilus edulis","W-Msc-140480"
138,-12.5,0.07,"Mytilus edulis","W-Msc-140480"
138.5,-12.5,0.07,"Mytilus edulis","W-Msc-140480"
139.5,-12.5,0.03,"Mytilus edulis","W-Msc-140480"
140,-12.5,0.01,"Mytilus edulis","W-Msc-140480"
140.5,-12.5,0.05,"Mytilus edulis","W-Msc-140480"
141,-12.5,0.05,"Mytilus edulis","W-Msc-140480"
141.5,-12.5,0.07,"Mytilus edulis","W-Msc-140480"
142,-12.5,0.09,"Mytilus edulis","W-Msc-140480"
142.5,-12.5,0.04,"Mytilus edulis","W-Msc-140480"
143.5,-12.5,0.16,"Mytilus edulis","W-Msc-140480"
144,-12.5,0.15,"Mytilus edulis","W-Msc-140480"
144.5,-12.5,0.09,"Mytilus edulis","W-Msc-140480"
160.5,-12.5,0.01,"Mytilus edulis","W-Msc-140480"
-76.5,-13,0.31,"Mytilus edulis","W-Msc-140480"
-76,-13,0.11,"Mytilus edulis","W-Msc-140480"
-38.5,-13,0.08,"Mytilus edulis","W-Msc-140480"
-38,-13,0.08,"Mytilus edulis","W-Msc-140480"
-37.5,-13,0.07,"Mytilus edulis","W-Msc-140480"
124,-13,0.01,"Mytilus edulis","W-Msc-140480"
125,-13,0.01,"Mytilus edulis","W-Msc-140480"
126.5,-13,0.01,"Mytilus edulis","W-Msc-140480"
127.5,-13,0.01,"Mytilus edulis","W-Msc-140480"
130,-13,0.01,"Mytilus edulis","W-Msc-140480"
130.5,-13,0.02,"Mytilus edulis","W-Msc-140480"
131,-13,0.02,"Mytilus edulis","W-Msc-140480"
131.5,-13,0.01,"Mytilus edulis","W-Msc-140480"
136.5,-13,0.03,"Mytilus edulis","W-Msc-140480"
137,-13,0.09,"Mytilus edulis","W-Msc-140480"
137.5,-13,0.08,"Mytilus edulis","W-Msc-140480"
138,-13,0.07,"Mytilus edulis","W-Msc-140480"
138.5,-13,0.07,"Mytilus edulis","W-Msc-140480"
139,-13,0.05,"Mytilus edulis","W-Msc-140480"
139.5,-13,0.03,"Mytilus edulis","W-Msc-140480"
140,-13,0.03,"Mytilus edulis","W-Msc-140480"
140.5,-13,0.05,"Mytilus edulis","W-Msc-140480"
141,-13,0.05,"Mytilus edulis","W-Msc-140480"
141.5,-13,0.07,"Mytilus edulis","W-Msc-140480"
142,-13,0.09,"Mytilus edulis","W-Msc-140480"
142.5,-13,0.02,"Mytilus edulis","W-Msc-140480"
143.5,-13,0.15,"Mytilus edulis","W-Msc-140480"
144,-13,0.16,"Mytilus edulis","W-Msc-140480"
160.5,-13,0.02,"Mytilus edulis","W-Msc-140480"
161,-13,0.01,"Mytilus edulis","W-Msc-140480"
-76,-13.5,0.21,"Mytilus edulis","W-Msc-140480"
-38.5,-13.5,0.08,"Mytilus edulis","W-Msc-140480"
-38,-13.5,0.07,"Mytilus edulis","W-Msc-140480"
96.5,-13.5,0.05,"Mytilus edulis","W-Msc-140480"
126,-13.5,0.04,"Mytilus edulis","W-Msc-140480"
126.5,-13.5,0.05,"Mytilus edulis","W-Msc-140480"
127,-13.5,0.04,"Mytilus edulis","W-Msc-140480"
127.5,-13.5,0.03,"Mytilus edulis","W-Msc-140480"
129,-13.5,0.01,"Mytilus edulis","W-Msc-140480"
129.5,-13.5,0.01,"Mytilus edulis","W-Msc-140480"
130,-13.5,0.03,"Mytilus edulis","W-Msc-140480"
130.5,-13.5,0.03,"Mytilus edulis","W-Msc-140480"
136,-13.5,0.09,"Mytilus edulis","W-Msc-140480"
136.5,-13.5,0.09,"Mytilus edulis","W-Msc-140480"
137,-13.5,0.09,"Mytilus edulis","W-Msc-140480"
137.5,-13.5,0.08,"Mytilus edulis","W-Msc-140480"
138,-13.5,0.07,"Mytilus edulis","W-Msc-140480"
138.5,-13.5,0.07,"Mytilus edulis","W-Msc-140480"
139,-13.5,0.03,"Mytilus edulis","W-Msc-140480"
140,-13.5,0.02,"Mytilus edulis","W-Msc-140480"
140.5,-13.5,0.05,"Mytilus edulis","W-Msc-140480"
141,-13.5,0.05,"Mytilus edulis","W-Msc-140480"
141.5,-13.5,0.09,"Mytilus edulis","W-Msc-140480"
142,-13.5,0.1,"Mytilus edulis","W-Msc-140480"
144,-13.5,0.17,"Mytilus edulis","W-Msc-140480"
144.5,-13.5,0.12,"Mytilus edulis","W-Msc-140480"
167,-13.5,0.01,"Mytilus edulis","W-Msc-140480"
-76,-14,0.39,"Mytilus edulis","W-Msc-140480"
-39,-14,0.02,"Mytilus edulis","W-Msc-140480"
-38.5,-14,0.08,"Mytilus edulis","W-Msc-140480"
122,-14,0.01,"Mytilus edulis","W-Msc-140480"
122.5,-14,0.01,"Mytilus edulis","W-Msc-140480"
125,-14,0.01,"Mytilus edulis","W-Msc-140480"
125.5,-14,0.03,"Mytilus edulis","W-Msc-140480"
126,-14,0.05,"Mytilus edulis","W-Msc-140480"
126.5,-14,0.06,"Mytilus edulis","W-Msc-140480"
127,-14,0.06,"Mytilus edulis","W-Msc-140480"
127.5,-14,0.06,"Mytilus edulis","W-Msc-140480"
128,-14,0.04,"Mytilus edulis","W-Msc-140480"
129,-14,0.03,"Mytilus edulis","W-Msc-140480"
129.5,-14,0.03,"Mytilus edulis","W-Msc-140480"
130,-14,0.03,"Mytilus edulis","W-Msc-140480"
136,-14,0.09,"Mytilus edulis","W-Msc-140480"
136.5,-14,0.1,"Mytilus edulis","W-Msc-140480"
137,-14,0.1,"Mytilus edulis","W-Msc-140480"
137.5,-14,0.09,"Mytilus edulis","W-Msc-140480"
138,-14,0.08,"Mytilus edulis","W-Msc-140480"
138.5,-14,0.07,"Mytilus edulis","W-Msc-140480"
139,-14,0.03,"Mytilus edulis","W-Msc-140480"
139.5,-14,0.02,"Mytilus edulis","W-Msc-140480"
140,-14,0.03,"Mytilus edulis","W-Msc-140480"
140.5,-14,0.04,"Mytilus edulis","W-Msc-140480"
141,-14,0.07,"Mytilus edulis","W-Msc-140480"
141.5,-14,0.09,"Mytilus edulis","W-Msc-140480"
142,-14,0.11,"Mytilus edulis","W-Msc-140480"
144,-14,0.17,"Mytilus edulis","W-Msc-140480"
144.5,-14,0.17,"Mytilus edulis","W-Msc-140480"
145,-14,0.15,"Mytilus edulis","W-Msc-140480"
147,-14,0.09,"Mytilus edulis","W-Msc-140480"
167.5,-14,0.01,"Mytilus edulis","W-Msc-140480"
168,-14,0.01,"Mytilus edulis","W-Msc-140480"
-146,-14.5,0.05,"Mytilus edulis","W-Msc-140480"
-145.5,-14.5,0.05,"Mytilus edulis","W-Msc-140480"
-145,-14.5,0.05,"Mytilus edulis","W-Msc-140480"
-144.5,-14.5,0.05,"Mytilus edulis","W-Msc-140480"
-141,-14.5,0.05,"Mytilus edulis","W-Msc-140480"
-76,-14.5,0.51,"Mytilus edulis","W-Msc-140480"
-75.5,-14.5,0.36,"Mytilus edulis","W-Msc-140480"
-39,-14.5,0.03,"Mytilus edulis","W-Msc-140480"
-38.5,-14.5,0.08,"Mytilus edulis","W-Msc-140480"
122,-14.5,0.01,"Mytilus edulis","W-Msc-140480"
122.5,-14.5,0.01,"Mytilus edulis","W-Msc-140480"
124,-14.5,0.02,"Mytilus edulis","W-Msc-140480"
124.5,-14.5,0.01,"Mytilus edulis","W-Msc-140480"
125,-14.5,0.02,"Mytilus edulis","W-Msc-140480"
125.5,-14.5,0.03,"Mytilus edulis","W-Msc-140480"
126,-14.5,0.04,"Mytilus edulis","W-Msc-140480"
126.5,-14.5,0.05,"Mytilus edulis","W-Msc-140480"
127,-14.5,0.05,"Mytilus edulis","W-Msc-140480"
127.5,-14.5,0.02,"Mytilus edulis","W-Msc-140480"
128,-14.5,0.06,"Mytilus edulis","W-Msc-140480"
128.5,-14.5,0.06,"Mytilus edulis","W-Msc-140480"
129,-14.5,0.05,"Mytilus edulis","W-Msc-140480"
129.5,-14.5,0.05,"Mytilus edulis","W-Msc-140480"
130,-14.5,0.06,"Mytilus edulis","W-Msc-140480"
136,-14.5,0.1,"Mytilus edulis","W-Msc-140480"
136.5,-14.5,0.11,"Mytilus edulis","W-Msc-140480"
137,-14.5,0.11,"Mytilus edulis","W-Msc-140480"
137.5,-14.5,0.09,"Mytilus edulis","W-Msc-140480"
138,-14.5,0.08,"Mytilus edulis","W-Msc-140480"
140,-14.5,0.06,"Mytilus edulis","W-Msc-140480"
140.5,-14.5,0.06,"Mytilus edulis","W-Msc-140480"
141,-14.5,0.08,"Mytilus edulis","W-Msc-140480"
141.5,-14.5,0.1,"Mytilus edulis","W-Msc-140480"
142,-14.5,0.11,"Mytilus edulis","W-Msc-140480"
144,-14.5,0.15,"Mytilus edulis","W-Msc-140480"
144.5,-14.5,0.18,"Mytilus edulis","W-Msc-140480"
145,-14.5,0.19,"Mytilus edulis","W-Msc-140480"
145.5,-14.5,0.17,"Mytilus edulis","W-Msc-140480"
146,-14.5,0.1,"Mytilus edulis","W-Msc-140480"
167.5,-14.5,0.01,"Mytilus edulis","W-Msc-140480"
168,-14.5,0.01,"Mytilus edulis","W-Msc-140480"
168.5,-14.5,0.01,"Mytilus edulis","W-Msc-140480"
-148.5,-15,0.04,"Mytilus edulis","W-Msc-140480"
-148,-15,0.05,"Mytilus edulis","W-Msc-140480"
-147.5,-15,0.05,"Mytilus edulis","W-Msc-140480"
-146,-15,0.05,"Mytilus edulis","W-Msc-140480"
-145,-15,0.06,"Mytilus edulis","W-Msc-140480"
-144,-15,0.04,"Mytilus edulis","W-Msc-140480"
-138.5,-15,0.06,"Mytilus edulis","W-Msc-140480"
-75.5,-15,0.49,"Mytilus edulis","W-Msc-140480"
-75,-15,0.32,"Mytilus edulis","W-Msc-140480"
-39,-15,0.1,"Mytilus edulis","W-Msc-140480"
-38.5,-15,0.08,"Mytilus edulis","W-Msc-140480"
122.5,-15,0.02,"Mytilus edulis","W-Msc-140480"
123,-15,0.03,"Mytilus edulis","W-Msc-140480"
123.5,-15,0.01,"Mytilus edulis","W-Msc-140480"
124,-15,0.02,"Mytilus edulis","W-Msc-140480"
124.5,-15,0.01,"Mytilus edulis","W-Msc-140480"
125,-15,0.02,"Mytilus edulis","W-Msc-140480"
125.5,-15,0.04,"Mytilus edulis","W-Msc-140480"
126,-15,0.04,"Mytilus edulis","W-Msc-140480"
128,-15,0.06,"Mytilus edulis","W-Msc-140480"
128.5,-15,0.07,"Mytilus edulis","W-Msc-140480"
129,-15,0.07,"Mytilus edulis","W-Msc-140480"
129.5,-15,0.08,"Mytilus edulis","W-Msc-140480"
130,-15,0.08,"Mytilus edulis","W-Msc-140480"
135.5,-15,0.11,"Mytilus edulis","W-Msc-140480"
136,-15,0.11,"Mytilus edulis","W-Msc-140480"
136.5,-15,0.12,"Mytilus edulis","W-Msc-140480"
137,-15,0.11,"Mytilus edulis","W-Msc-140480"
137.5,-15,0.09,"Mytilus edulis","W-Msc-140480"
138,-15,0.04,"Mytilus edulis","W-Msc-140480"
138.5,-15,0.04,"Mytilus edulis","W-Msc-140480"
139,-15,0.03,"Mytilus edulis","W-Msc-140480"
140,-15,0.04,"Mytilus edulis","W-Msc-140480"
140.5,-15,0.07,"Mytilus edulis","W-Msc-140480"
141,-15,0.09,"Mytilus edulis","W-Msc-140480"
141.5,-15,0.11,"Mytilus edulis","W-Msc-140480"
142,-15,0.12,"Mytilus edulis","W-Msc-140480"
145,-15,0.19,"Mytilus edulis","W-Msc-140480"
145.5,-15,0.2,"Mytilus edulis","W-Msc-140480"
146,-15,0.16,"Mytilus edulis","W-Msc-140480"
167,-15,0.02,"Mytilus edulis","W-Msc-140480"
167.5,-15,0.02,"Mytilus edulis","W-Msc-140480"
168.5,-15,0.01,"Mytilus edulis","W-Msc-140480"
-148,-15.5,0.05,"Mytilus edulis","W-Msc-140480"
-147.5,-15.5,0.05,"Mytilus edulis","W-Msc-140480"
-147,-15.5,0.05,"Mytilus edulis","W-Msc-140480"
-146.5,-15.5,0.05,"Mytilus edulis","W-Msc-140480"
-146,-15.5,0.06,"Mytilus edulis","W-Msc-140480"
-145.5,-15.5,0.06,"Mytilus edulis","W-Msc-140480"
-145,-15.5,0.06,"Mytilus edulis","W-Msc-140480"
-75,-15.5,0.54,"Mytilus edulis","W-Msc-140480"
-74.5,-15.5,0.28,"Mytilus edulis","W-Msc-140480"
-39,-15.5,0.03,"Mytilus edulis","W-Msc-140480"
-38.5,-15.5,0.09,"Mytilus edulis","W-Msc-140480"
122,-15.5,0.04,"Mytilus edulis","W-Msc-140480"
122.5,-15.5,0.04,"Mytilus edulis","W-Msc-140480"
123,-15.5,0.03,"Mytilus edulis","W-Msc-140480"
123.5,-15.5,0.03,"Mytilus edulis","W-Msc-140480"
124,-15.5,0.02,"Mytilus edulis","W-Msc-140480"
124.5,-15.5,0.02,"Mytilus edulis","W-Msc-140480"
125,-15.5,0.03,"Mytilus edulis","W-Msc-140480"
125.5,-15.5,0.04,"Mytilus edulis","W-Msc-140480"
128.5,-15.5,0.05,"Mytilus edulis","W-Msc-140480"
129.5,-15.5,0.03,"Mytilus edulis","W-Msc-140480"
130,-15.5,0.02,"Mytilus edulis","W-Msc-140480"
136,-15.5,0.12,"Mytilus edulis","W-Msc-140480"
136.5,-15.5,0.12,"Mytilus edulis","W-Msc-140480"
137,-15.5,0.12,"Mytilus edulis","W-Msc-140480"
137.5,-15.5,0.11,"Mytilus edulis","W-Msc-140480"
138,-15.5,0.09,"Mytilus edulis","W-Msc-140480"
138.5,-15.5,0.06,"Mytilus edulis","W-Msc-140480"
140,-15.5,0.03,"Mytilus edulis","W-Msc-140480"
140.5,-15.5,0.08,"Mytilus edulis","W-Msc-140480"
141,-15.5,0.06,"Mytilus edulis","W-Msc-140480"
141.5,-15.5,0.12,"Mytilus edulis","W-Msc-140480"
142,-15.5,0.13,"Mytilus edulis","W-Msc-140480"
145.5,-15.5,0.2,"Mytilus edulis","W-Msc-140480"
146,-15.5,0.17,"Mytilus edulis","W-Msc-140480"
167,-15.5,0.02,"Mytilus edulis","W-Msc-140480"
167.5,-15.5,0.02,"Mytilus edulis","W-Msc-140480"
168,-15.5,0.02,"Mytilus edulis","W-Msc-140480"
168.5,-15.5,0.01,"Mytilus edulis","W-Msc-140480"
-179.5,-16,0.01,"Mytilus edulis","W-Msc-140480"
-179,-16,0.01,"Mytilus edulis","W-Msc-140480"
-175.5,-16,0.01,"Mytilus edulis","W-Msc-140480"
-173.5,-16,0.01,"Mytilus edulis","W-Msc-140480"
-154,-16,0.01,"Mytilus edulis","W-Msc-140480"
-148,-16,0.06,"Mytilus edulis","W-Msc-140480"
-146.5,-16,0.06,"Mytilus edulis","W-Msc-140480"
-146,-16,0.06,"Mytilus edulis","W-Msc-140480"
-145.5,-16,0.06,"Mytilus edulis","W-Msc-140480"
-145,-16,0.07,"Mytilus edulis","W-Msc-140480"
-144.5,-16,0.07,"Mytilus edulis","W-Msc-140480"
-142,-16,0.04,"Mytilus edulis","W-Msc-140480"
-140.5,-16,0.02,"Mytilus edulis","W-Msc-140480"
-140,-16,0.02,"Mytilus edulis","W-Msc-140480"
-74.5,-16,0.5,"Mytilus edulis","W-Msc-140480"
-74,-16,0.22,"Mytilus edulis","W-Msc-140480"
-73.5,-16,0.07,"Mytilus edulis","W-Msc-140480"
-38.5,-16,0.1,"Mytilus edulis","W-Msc-140480"
-38,-16,0.06,"Mytilus edulis","W-Msc-140480"
-37.5,-16,0.02,"Mytilus edulis","W-Msc-140480"
121.5,-16,0.04,"Mytilus edulis","W-Msc-140480"
122,-16,0.05,"Mytilus edulis","W-Msc-140480"
122.5,-16,0.05,"Mytilus edulis","W-Msc-140480"
123,-16,0.04,"Mytilus edulis","W-Msc-140480"
123.5,-16,0.04,"Mytilus edulis","W-Msc-140480"
124,-16,0.03,"Mytilus edulis","W-Msc-140480"
124.5,-16,0.03,"Mytilus edulis","W-Msc-140480"
125,-16,0.04,"Mytilus edulis","W-Msc-140480"
136.5,-16,0.13,"Mytilus edulis","W-Msc-140480"
137,-16,0.13,"Mytilus edulis","W-Msc-140480"
137.5,-16,0.13,"Mytilus edulis","W-Msc-140480"
138,-16,0.12,"Mytilus edulis","W-Msc-140480"
138.5,-16,0.1,"Mytilus edulis","W-Msc-140480"
139,-16,0.07,"Mytilus edulis","W-Msc-140480"
140,-16,0.1,"Mytilus edulis","W-Msc-140480"
140.5,-16,0.1,"Mytilus edulis","W-Msc-140480"
141,-16,0.12,"Mytilus edulis","W-Msc-140480"
141.5,-16,0.13,"Mytilus edulis","W-Msc-140480"
145.5,-16,0.2,"Mytilus edulis","W-Msc-140480"
146,-16,0.18,"Mytilus edulis","W-Msc-140480"
149.5,-16,0.06,"Mytilus edulis","W-Msc-140480"
167,-16,0.03,"Mytilus edulis","W-Msc-140480"
167.5,-16,0.03,"Mytilus edulis","W-Msc-140480"
168.5,-16,0.02,"Mytilus edulis","W-Msc-140480"
176,-16,0.01,"Mytilus edulis","W-Msc-140480"
-179.5,-16.5,0.03,"Mytilus edulis","W-Msc-140480"
-179,-16.5,0.02,"Mytilus edulis","W-Msc-140480"
-152,-16.5,0.01,"Mytilus edulis","W-Msc-140480"
-151.5,-16.5,0.02,"Mytilus edulis","W-Msc-140480"
-146,-16.5,0.07,"Mytilus edulis","W-Msc-140480"
-145.5,-16.5,0.07,"Mytilus edulis","W-Msc-140480"
-145,-16.5,0.07,"Mytilus edulis","W-Msc-140480"
-144.5,-16.5,0.07,"Mytilus edulis","W-Msc-140480"
-144,-16.5,0.07,"Mytilus edulis","W-Msc-140480"
-143.5,-16.5,0.07,"Mytilus edulis","W-Msc-140480"
-143,-16.5,0.07,"Mytilus edulis","W-Msc-140480"
-142.5,-16.5,0.08,"Mytilus edulis","W-Msc-140480"
-142,-16.5,0.06,"Mytilus edulis","W-Msc-140480"
-73.5,-16.5,0.08,"Mytilus edulis","W-Msc-140480"
-73,-16.5,0.04,"Mytilus edulis","W-Msc-140480"
-39,-16.5,0.11,"Mytilus edulis","W-Msc-140480"
-38.5,-16.5,0.11,"Mytilus edulis","W-Msc-140480"
-38,-16.5,0.07,"Mytilus edulis","W-Msc-140480"
-37.5,-16.5,0.01,"Mytilus edulis","W-Msc-140480"
121.5,-16.5,0.06,"Mytilus edulis","W-Msc-140480"
122,-16.5,0.06,"Mytilus edulis","W-Msc-140480"
122.5,-16.5,0.07,"Mytilus edulis","W-Msc-140480"
123,-16.5,0.06,"Mytilus edulis","W-Msc-140480"
123.5,-16.5,0.05,"Mytilus edulis","W-Msc-140480"
124,-16.5,0.04,"Mytilus edulis","W-Msc-140480"
124.5,-16.5,0.04,"Mytilus edulis","W-Msc-140480"
125,-16.5,0.05,"Mytilus edulis","W-Msc-140480"
137.5,-16.5,0.15,"Mytilus edulis","W-Msc-140480"
138,-16.5,0.15,"Mytilus edulis","W-Msc-140480"
138.5,-16.5,0.14,"Mytilus edulis","W-Msc-140480"
139,-16.5,0.13,"Mytilus edulis","W-Msc-140480"
139.5,-16.5,0.13,"Mytilus edulis","W-Msc-140480"
140,-16.5,0.13,"Mytilus edulis","W-Msc-140480"
140.5,-16.5,0.13,"Mytilus edulis","W-Msc-140480"
141,-16.5,0.14,"Mytilus edulis","W-Msc-140480"
141.5,-16.5,0.14,"Mytilus edulis","W-Msc-140480"
145.5,-16.5,0.2,"Mytilus edulis","W-Msc-140480"
146,-16.5,0.19,"Mytilus edulis","W-Msc-140480"
146.5,-16.5,0.12,"Mytilus edulis","W-Msc-140480"
148,-16.5,0.06,"Mytilus edulis","W-Msc-140480"
148.5,-16.5,0.05,"Mytilus edulis","W-Msc-140480"
150,-16.5,0.04,"Mytilus edulis","W-Msc-140480"
150.5,-16.5,0.05,"Mytilus edulis","W-Msc-140480"
167.5,-16.5,0.04,"Mytilus edulis","W-Msc-140480"
168,-16.5,0.04,"Mytilus edulis","W-Msc-140480"
168.5,-16.5,0.03,"Mytilus edulis","W-Msc-140480"
178.5,-16.5,0.03,"Mytilus edulis","W-Msc-140480"
179,-16.5,0.03,"Mytilus edulis","W-Msc-140480"
179.5,-16.5,0.04,"Mytilus edulis","W-Msc-140480"
-179.5,-17,0.05,"Mytilus edulis","W-Msc-140480"
-179,-17,0.03,"Mytilus edulis","W-Msc-140480"
-178.5,-17,0.02,"Mytilus edulis","W-Msc-140480"
-153.5,-17,0.01,"Mytilus edulis","W-Msc-140480"
-151.5,-17,0.03,"Mytilus edulis","W-Msc-140480"
-151,-17,0.03,"Mytilus edulis","W-Msc-140480"
-150.5,-17,0.02,"Mytilus edulis","W-Msc-140480"
-149.5,-17,0.03,"Mytilus edulis","W-Msc-140480"
-149,-17,0.03,"Mytilus edulis","W-Msc-140480"
-145,-17,0.08,"Mytilus edulis","W-Msc-140480"
-144.5,-17,0.08,"Mytilus edulis","W-Msc-140480"
-144,-17,0.08,"Mytilus edulis","W-Msc-140480"
-143.5,-17,0.08,"Mytilus edulis","W-Msc-140480"
-143,-17,0.08,"Mytilus edulis","W-Msc-140480"
-142.5,-17,0.08,"Mytilus edulis","W-Msc-140480"
-72.5,-17,0.09,"Mytilus edulis","W-Msc-140480"
-39,-17,0.12,"Mytilus edulis","W-Msc-140480"
-38.5,-17,0.1,"Mytilus edulis","W-Msc-140480"
119,-17,0.01,"Mytilus edulis","W-Msc-140480"
119.5,-17,0.01,"Mytilus edulis","W-Msc-140480"
120,-17,0.03,"Mytilus edulis","W-Msc-140480"
121.5,-17,0.07,"Mytilus edulis","W-Msc-140480"
122,-17,0.08,"Mytilus edulis","W-Msc-140480"
122.5,-17,0.08,"Mytilus edulis","W-Msc-140480"
123,-17,0.08,"Mytilus edulis","W-Msc-140480"
123.5,-17,0.08,"Mytilus edulis","W-Msc-140480"
124,-17,0.06,"Mytilus edulis","W-Msc-140480"
138.5,-17,0.16,"Mytilus edulis","W-Msc-140480"
139,-17,0.16,"Mytilus edulis","W-Msc-140480"
139.5,-17,0.17,"Mytilus edulis","W-Msc-140480"
140,-17,0.16,"Mytilus edulis","W-Msc-140480"
140.5,-17,0.16,"Mytilus edulis","W-Msc-140480"
141,-17,0.16,"Mytilus edulis","W-Msc-140480"
141.5,-17,0.16,"Mytilus edulis","W-Msc-140480"
146,-17,0.21,"Mytilus edulis","W-Msc-140480"
146.5,-17,0.18,"Mytilus edulis","W-Msc-140480"
147,-17,0.1,"Mytilus edulis","W-Msc-140480"
148,-17,0.06,"Mytilus edulis","W-Msc-140480"
149.5,-17,0.04,"Mytilus edulis","W-Msc-140480"
150,-17,0.05,"Mytilus edulis","W-Msc-140480"
150.5,-17,0.05,"Mytilus edulis","W-Msc-140480"
167.5,-17,0.04,"Mytilus edulis","W-Msc-140480"
168,-17,0.05,"Mytilus edulis","W-Msc-140480"
168.5,-17,0.04,"Mytilus edulis","W-Msc-140480"
169,-17,0.03,"Mytilus edulis","W-Msc-140480"
177.5,-17,0.05,"Mytilus edulis","W-Msc-140480"
178,-17,0.06,"Mytilus edulis","W-Msc-140480"
178.5,-17,0.08,"Mytilus edulis","W-Msc-140480"
179,-17,0.07,"Mytilus edulis","W-Msc-140480"
179.5,-17,0.07,"Mytilus edulis","W-Msc-140480"
-179.5,-17.5,0.06,"Mytilus edulis","W-Msc-140480"
-179,-17.5,0.05,"Mytilus edulis","W-Msc-140480"
-178.5,-17.5,0.04,"Mytilus edulis","W-Msc-140480"
-149.5,-17.5,0.03,"Mytilus edulis","W-Msc-140480"
-149,-17.5,0.03,"Mytilus edulis","W-Msc-140480"
-145.5,-17.5,0.08,"Mytilus edulis","W-Msc-140480"
-145,-17.5,0.08,"Mytilus edulis","W-Msc-140480"
-144,-17.5,0.09,"Mytilus edulis","W-Msc-140480"
-143,-17.5,0.09,"Mytilus edulis","W-Msc-140480"
-142.5,-17.5,0.06,"Mytilus edulis","W-Msc-140480"
-141,-17.5,0.02,"Mytilus edulis","W-Msc-140480"
-138,-17.5,0.01,"Mytilus edulis","W-Msc-140480"
-71,-17.5,0.02,"Mytilus edulis","W-Msc-140480"
-39,-17.5,0.13,"Mytilus edulis","W-Msc-140480"
-38.5,-17.5,0.11,"Mytilus edulis","W-Msc-140480"
-38,-17.5,0.05,"Mytilus edulis","W-Msc-140480"
-36.5,-17.5,0.01,"Mytilus edulis","W-Msc-140480"
119,-17.5,0.05,"Mytilus edulis","W-Msc-140480"
119.5,-17.5,0.05,"Mytilus edulis","W-Msc-140480"
120,-17.5,0.06,"Mytilus edulis","W-Msc-140480"
122,-17.5,0.09,"Mytilus edulis","W-Msc-140480"
122.5,-17.5,0.09,"Mytilus edulis","W-Msc-140480"
123.5,-17.5,0.08,"Mytilus edulis","W-Msc-140480"
124,-17.5,0.09,"Mytilus edulis","W-Msc-140480"
139.5,-17.5,0.18,"Mytilus edulis","W-Msc-140480"
140,-17.5,0.19,"Mytilus edulis","W-Msc-140480"
140.5,-17.5,0.19,"Mytilus edulis","W-Msc-140480"
141,-17.5,0.18,"Mytilus edulis","W-Msc-140480"
146,-17.5,0.21,"Mytilus edulis","W-Msc-140480"
146.5,-17.5,0.2,"Mytilus edulis","W-Msc-140480"
147,-17.5,0.18,"Mytilus edulis","W-Msc-140480"
148.5,-17.5,0.06,"Mytilus edulis","W-Msc-140480"
149,-17.5,0.05,"Mytilus edulis","W-Msc-140480"
150,-17.5,0.05,"Mytilus edulis","W-Msc-140480"
150.5,-17.5,0.03,"Mytilus edulis","W-Msc-140480"
151,-17.5,0.05,"Mytilus edulis","W-Msc-140480"
151.5,-17.5,0.05,"Mytilus edulis","W-Msc-140480"
152,-17.5,0.05,"Mytilus edulis","W-Msc-140480"
152.5,-17.5,0.04,"Mytilus edulis","W-Msc-140480"
156,-17.5,0.03,"Mytilus edulis","W-Msc-140480"
168.5,-17.5,0.05,"Mytilus edulis","W-Msc-140480"
169,-17.5,0.04,"Mytilus edulis","W-Msc-140480"
177,-17.5,0.05,"Mytilus edulis","W-Msc-140480"
177.5,-17.5,0.07,"Mytilus edulis","W-Msc-140480"
178,-17.5,0.09,"Mytilus edulis","W-Msc-140480"
178.5,-17.5,0.1,"Mytilus edulis","W-Msc-140480"
179,-17.5,0.11,"Mytilus edulis","W-Msc-140480"
179.5,-17.5,0.09,"Mytilus edulis","W-Msc-140480"
-179,-18,0.06,"Mytilus edulis","W-Msc-140480"
-178.5,-18,0.05,"Mytilus edulis","W-Msc-140480"
-178,-18,0.04,"Mytilus edulis","W-Msc-140480"
-174,-18,0.01,"Mytilus edulis","W-Msc-140480"
-150.5,-18,0.02,"Mytilus edulis","W-Msc-140480"
-149.5,-18,0.04,"Mytilus edulis","W-Msc-140480"
-149,-18,0.04,"Mytilus edulis","W-Msc-140480"
-143,-18,0.08,"Mytilus edulis","W-Msc-140480"
-142.5,-18,0.06,"Mytilus edulis","W-Msc-140480"
-142,-18,0.04,"Mytilus edulis","W-Msc-140480"
-140.5,-18,0.02,"Mytilus edulis","W-Msc-140480"
-71,-18,0.14,"Mytilus edulis","W-Msc-140480"
-70.5,-18,0.13,"Mytilus edulis","W-Msc-140480"
-39,-18,0.13,"Mytilus edulis","W-Msc-140480"
-38.5,-18,0.12,"Mytilus edulis","W-Msc-140480"
-38,-18,0.11,"Mytilus edulis","W-Msc-140480"
-37.5,-18,0.06,"Mytilus edulis","W-Msc-140480"
-37,-18,0.04,"Mytilus edulis","W-Msc-140480"
-36,-18,0.02,"Mytilus edulis","W-Msc-140480"
-35.5,-18,0.01,"Mytilus edulis","W-Msc-140480"
119,-18,0.08,"Mytilus edulis","W-Msc-140480"
119.5,-18,0.08,"Mytilus edulis","W-Msc-140480"
122,-18,0.05,"Mytilus edulis","W-Msc-140480"
122.5,-18,0.1,"Mytilus edulis","W-Msc-140480"
124,-18,0.02,"Mytilus edulis","W-Msc-140480"
140,-18,0.2,"Mytilus edulis","W-Msc-140480"
140.5,-18,0.2,"Mytilus edulis","W-Msc-140480"
141,-18,0.2,"Mytilus edulis","W-Msc-140480"
146.5,-18,0.22,"Mytilus edulis","W-Msc-140480"
147,-18,0.19,"Mytilus edulis","W-Msc-140480"
148.5,-18,0.1,"Mytilus edulis","W-Msc-140480"
149,-18,0.08,"Mytilus edulis","W-Msc-140480"
151,-18,0.07,"Mytilus edulis","W-Msc-140480"
151.5,-18,0.06,"Mytilus edulis","W-Msc-140480"
152,-18,0.05,"Mytilus edulis","W-Msc-140480"
163,-18,0.04,"Mytilus edulis","W-Msc-140480"
163.5,-18,0.04,"Mytilus edulis","W-Msc-140480"
168.5,-18,0.05,"Mytilus edulis","W-Msc-140480"
169,-18,0.05,"Mytilus edulis","W-Msc-140480"
177.5,-18,0.08,"Mytilus edulis","W-Msc-140480"
178,-18,0.02,"Mytilus edulis","W-Msc-140480"
178.5,-18,0.12,"Mytilus edulis","W-Msc-140480"
179,-18,0.12,"Mytilus edulis","W-Msc-140480"
179.5,-18,0.09,"Mytilus edulis","W-Msc-140480"
-179,-18.5,0.06,"Mytilus edulis","W-Msc-140480"
-178.5,-18.5,0.06,"Mytilus edulis","W-Msc-140480"
-178,-18.5,0.05,"Mytilus edulis","W-Msc-140480"
-142,-18.5,0.06,"Mytilus edulis","W-Msc-140480"
-141,-18.5,0.03,"Mytilus edulis","W-Msc-140480"
-140.5,-18.5,0.02,"Mytilus edulis","W-Msc-140480"
-136.5,-18.5,0.01,"Mytilus edulis","W-Msc-140480"
-136,-18.5,0.01,"Mytilus edulis","W-Msc-140480"
-70.5,-18.5,0.26,"Mytilus edulis","W-Msc-140480"
-70,-18.5,0.21,"Mytilus edulis","W-Msc-140480"
-39.5,-18.5,0.14,"Mytilus edulis","W-Msc-140480"
-39,-18.5,0.13,"Mytilus edulis","W-Msc-140480"
-38.5,-18.5,0.12,"Mytilus edulis","W-Msc-140480"
-38,-18.5,0.11,"Mytilus edulis","W-Msc-140480"
-37.5,-18.5,0.06,"Mytilus edulis","W-Msc-140480"
-37,-18.5,0.04,"Mytilus edulis","W-Msc-140480"
122,-18.5,0.11,"Mytilus edulis","W-Msc-140480"
122.5,-18.5,0.12,"Mytilus edulis","W-Msc-140480"
146.5,-18.5,0.23,"Mytilus edulis","W-Msc-140480"
147,-18.5,0.21,"Mytilus edulis","W-Msc-140480"
147.5,-18.5,0.19,"Mytilus edulis","W-Msc-140480"
148,-18.5,0.19,"Mytilus edulis","W-Msc-140480"
163,-18.5,0.08,"Mytilus edulis","W-Msc-140480"
163.5,-18.5,0.07,"Mytilus edulis","W-Msc-140480"
164.5,-18.5,0.03,"Mytilus edulis","W-Msc-140480"
177.5,-18.5,0.1,"Mytilus edulis","W-Msc-140480"
178,-18.5,0.12,"Mytilus edulis","W-Msc-140480"
178.5,-18.5,0.13,"Mytilus edulis","W-Msc-140480"
179,-18.5,0.11,"Mytilus edulis","W-Msc-140480"
179.5,-18.5,0.09,"Mytilus edulis","W-Msc-140480"
-179.5,-19,0.08,"Mytilus edulis","W-Msc-140480"
-179,-19,0.07,"Mytilus edulis","W-Msc-140480"
-178.5,-19,0.07,"Mytilus edulis","W-Msc-140480"
-178,-19,0.06,"Mytilus edulis","W-Msc-140480"
-174.5,-19,0.02,"Mytilus edulis","W-Msc-140480"
-174,-19,0.02,"Mytilus edulis","W-Msc-140480"
-173.5,-19,0.02,"Mytilus edulis","W-Msc-140480"
-141.5,-19,0.04,"Mytilus edulis","W-Msc-140480"
-136,-19,0.01,"Mytilus edulis","W-Msc-140480"
-70,-19,0.28,"Mytilus edulis","W-Msc-140480"
-39.5,-19,0.14,"Mytilus edulis","W-Msc-140480"
-39,-19,0.12,"Mytilus edulis","W-Msc-140480"
-38.5,-19,0.12,"Mytilus edulis","W-Msc-140480"
-38,-19,0.1,"Mytilus edulis","W-Msc-140480"
-37.5,-19,0.05,"Mytilus edulis","W-Msc-140480"
118,-19,0.06,"Mytilus edulis","W-Msc-140480"
119,-19,0.07,"Mytilus edulis","W-Msc-140480"
120,-19,0.07,"Mytilus edulis","W-Msc-140480"
120.5,-19,0.05,"Mytilus edulis","W-Msc-140480"
121.5,-19,0.13,"Mytilus edulis","W-Msc-140480"
122,-19,0.14,"Mytilus edulis","W-Msc-140480"
146.5,-19,0.24,"Mytilus edulis","W-Msc-140480"
147,-19,0.24,"Mytilus edulis","W-Msc-140480"
147.5,-19,0.23,"Mytilus edulis","W-Msc-140480"
148,-19,0.21,"Mytilus edulis","W-Msc-140480"
148.5,-19,0.2,"Mytilus edulis","W-Msc-140480"
149,-19,0.19,"Mytilus edulis","W-Msc-140480"
152.5,-19,0.05,"Mytilus edulis","W-Msc-140480"
159,-19,0.06,"Mytilus edulis","W-Msc-140480"
163,-19,0.08,"Mytilus edulis","W-Msc-140480"
163.5,-19,0.09,"Mytilus edulis","W-Msc-140480"
164,-19,0.06,"Mytilus edulis","W-Msc-140480"
164.5,-19,0.05,"Mytilus edulis","W-Msc-140480"
169.5,-19,0.06,"Mytilus edulis","W-Msc-140480"
178,-19,0.12,"Mytilus edulis","W-Msc-140480"
178.5,-19,0.13,"Mytilus edulis","W-Msc-140480"
179,-19,0.1,"Mytilus edulis","W-Msc-140480"
179.5,-19,0.08,"Mytilus edulis","W-Msc-140480"
-178.5,-19.5,0.07,"Mytilus edulis","W-Msc-140480"
-178,-19.5,0.06,"Mytilus edulis","W-Msc-140480"
-174.5,-19.5,0.03,"Mytilus edulis","W-Msc-140480"
-174,-19.5,0.04,"Mytilus edulis","W-Msc-140480"
-173.5,-19.5,0.03,"Mytilus edulis","W-Msc-140480"
-169.5,-19.5,0.01,"Mytilus edulis","W-Msc-140480"
-141,-19.5,0.02,"Mytilus edulis","W-Msc-140480"
-140.5,-19.5,0.01,"Mytilus edulis","W-Msc-140480"
-70,-19.5,0.29,"Mytilus edulis","W-Msc-140480"
-39.5,-19.5,0.18,"Mytilus edulis","W-Msc-140480"
-39,-19.5,0.13,"Mytilus edulis","W-Msc-140480"
-38.5,-19.5,0.1,"Mytilus edulis","W-Msc-140480"
-38,-19.5,0.08,"Mytilus edulis","W-Msc-140480"
-37.5,-19.5,0.04,"Mytilus edulis","W-Msc-140480"
117,-19.5,0.13,"Mytilus edulis","W-Msc-140480"
118,-19.5,0.08,"Mytilus edulis","W-Msc-140480"
118.5,-19.5,0.13,"Mytilus edulis","W-Msc-140480"
119,-19.5,0.13,"Mytilus edulis","W-Msc-140480"
119.5,-19.5,0.14,"Mytilus edulis","W-Msc-140480"
120,-19.5,0.14,"Mytilus edulis","W-Msc-140480"
120.5,-19.5,0.11,"Mytilus edulis","W-Msc-140480"
121,-19.5,0.15,"Mytilus edulis","W-Msc-140480"
121.5,-19.5,0.16,"Mytilus edulis","W-Msc-140480"
122,-19.5,0.16,"Mytilus edulis","W-Msc-140480"
146.5,-19.5,0.04,"Mytilus edulis","W-Msc-140480"
147,-19.5,0.26,"Mytilus edulis","W-Msc-140480"
147.5,-19.5,0.26,"Mytilus edulis","W-Msc-140480"
148,-19.5,0.24,"Mytilus edulis","W-Msc-140480"
148.5,-19.5,0.24,"Mytilus edulis","W-Msc-140480"
149,-19.5,0.23,"Mytilus edulis","W-Msc-140480"
149.5,-19.5,0.22,"Mytilus edulis","W-Msc-140480"
150,-19.5,0.21,"Mytilus edulis","W-Msc-140480"
152.5,-19.5,0.09,"Mytilus edulis","W-Msc-140480"
158.5,-19.5,0.07,"Mytilus edulis","W-Msc-140480"
159,-19.5,0.09,"Mytilus edulis","W-Msc-140480"
159.5,-19.5,0.08,"Mytilus edulis","W-Msc-140480"
160,-19.5,0.05,"Mytilus edulis","W-Msc-140480"
163.5,-19.5,0.12,"Mytilus edulis","W-Msc-140480"
164,-19.5,0.08,"Mytilus edulis","W-Msc-140480"
169.5,-19.5,0.07,"Mytilus edulis","W-Msc-140480"
170,-19.5,0.06,"Mytilus edulis","W-Msc-140480"
170.5,-19.5,0.05,"Mytilus edulis","W-Msc-140480"
178.5,-19.5,0.11,"Mytilus edulis","W-Msc-140480"
179,-19.5,0.1,"Mytilus edulis","W-Msc-140480"
179.5,-19.5,0.09,"Mytilus edulis","W-Msc-140480"
-178,-20,0.07,"Mytilus edulis","W-Msc-140480"
-175,-20,0.04,"Mytilus edulis","W-Msc-140480"
-174.5,-20,0.06,"Mytilus edulis","W-Msc-140480"
-174,-20,0.05,"Mytilus edulis","W-Msc-140480"
-158,-20,0.01,"Mytilus edulis","W-Msc-140480"
-157.5,-20,0.01,"Mytilus edulis","W-Msc-140480"
-144.5,-20,0.03,"Mytilus edulis","W-Msc-140480"
-140,-20,0.01,"Mytilus edulis","W-Msc-140480"
-70,-20,0.3,"Mytilus edulis","W-Msc-140480"
-40,-20,0.18,"Mytilus edulis","W-Msc-140480"
-39.5,-20,0.18,"Mytilus edulis","W-Msc-140480"
-39,-20,0.12,"Mytilus edulis","W-Msc-140480"
-38,-20,0.06,"Mytilus edulis","W-Msc-140480"
-37.5,-20,0.04,"Mytilus edulis","W-Msc-140480"
116,-20,0.02,"Mytilus edulis","W-Msc-140480"
116.5,-20,0.1,"Mytilus edulis","W-Msc-140480"
117,-20,0.1,"Mytilus edulis","W-Msc-140480"
117.5,-20,0.15,"Mytilus edulis","W-Msc-140480"
118,-20,0.15,"Mytilus edulis","W-Msc-140480"
118.5,-20,0.16,"Mytilus edulis","W-Msc-140480"
119,-20,0.15,"Mytilus edulis","W-Msc-140480"
119.5,-20,0.16,"Mytilus edulis","W-Msc-140480"
120,-20,0.16,"Mytilus edulis","W-Msc-140480"
120.5,-20,0.16,"Mytilus edulis","W-Msc-140480"
121,-20,0.17,"Mytilus edulis","W-Msc-140480"
121.5,-20,0.18,"Mytilus edulis","W-Msc-140480"
148,-20,0.27,"Mytilus edulis","W-Msc-140480"
148.5,-20,0.26,"Mytilus edulis","W-Msc-140480"
149,-20,0.25,"Mytilus edulis","W-Msc-140480"
149.5,-20,0.25,"Mytilus edulis","W-Msc-140480"
150,-20,0.25,"Mytilus edulis","W-Msc-140480"
150.5,-20,0.23,"Mytilus edulis","W-Msc-140480"
151,-20,0.19,"Mytilus edulis","W-Msc-140480"
158.5,-20,0.09,"Mytilus edulis","W-Msc-140480"
159,-20,0.13,"Mytilus edulis","W-Msc-140480"
163.5,-20,0.12,"Mytilus edulis","W-Msc-140480"
164,-20,0.11,"Mytilus edulis","W-Msc-140480"
164.5,-20,0.07,"Mytilus edulis","W-Msc-140480"
166,-20,0.06,"Mytilus edulis","W-Msc-140480"
169.5,-20,0.07,"Mytilus edulis","W-Msc-140480"
170,-20,0.07,"Mytilus edulis","W-Msc-140480"
-175,-20.5,0.06,"Mytilus edulis","W-Msc-140480"
-174.5,-20.5,0.07,"Mytilus edulis","W-Msc-140480"
-174,-20.5,0.06,"Mytilus edulis","W-Msc-140480"
-70,-20.5,0.33,"Mytilus edulis","W-Msc-140480"
-40,-20.5,0.2,"Mytilus edulis","W-Msc-140480"
-39.5,-20.5,0.13,"Mytilus edulis","W-Msc-140480"
-36.5,-20.5,0.02,"Mytilus edulis","W-Msc-140480"
-36,-20.5,0.01,"Mytilus edulis","W-Msc-140480"
-30.5,-20.5,0.01,"Mytilus edulis","W-Msc-140480"
115.5,-20.5,0.19,"Mytilus edulis","W-Msc-140480"
116,-20.5,0.19,"Mytilus edulis","W-Msc-140480"
116.5,-20.5,0.19,"Mytilus edulis","W-Msc-140480"
117,-20.5,0.19,"Mytilus edulis","W-Msc-140480"
117.5,-20.5,0.19,"Mytilus edulis","W-Msc-140480"
118,-20.5,0.18,"Mytilus edulis","W-Msc-140480"
118.5,-20.5,0.18,"Mytilus edulis","W-Msc-140480"
119,-20.5,0.18,"Mytilus edulis","W-Msc-140480"
119.5,-20.5,0.18,"Mytilus edulis","W-Msc-140480"
120,-20.5,0.18,"Mytilus edulis","W-Msc-140480"
148.5,-20.5,0.28,"Mytilus edulis","W-Msc-140480"
149,-20.5,0.28,"Mytilus edulis","W-Msc-140480"
149.5,-20.5,0.27,"Mytilus edulis","W-Msc-140480"
150,-20.5,0.26,"Mytilus edulis","W-Msc-140480"
150.5,-20.5,0.26,"Mytilus edulis","W-Msc-140480"
151,-20.5,0.24,"Mytilus edulis","W-Msc-140480"
151.5,-20.5,0.22,"Mytilus edulis","W-Msc-140480"
159,-20.5,0.16,"Mytilus edulis","W-Msc-140480"
161,-20.5,0.08,"Mytilus edulis","W-Msc-140480"
161.5,-20.5,0.08,"Mytilus edulis","W-Msc-140480"
164,-20.5,0.14,"Mytilus edulis","W-Msc-140480"
164.5,-20.5,0.2,"Mytilus edulis","W-Msc-140480"
165,-20.5,0.1,"Mytilus edulis","W-Msc-140480"
166.5,-20.5,0.07,"Mytilus edulis","W-Msc-140480"
167,-20.5,0.07,"Mytilus edulis","W-Msc-140480"
170,-20.5,0.06,"Mytilus edulis","W-Msc-140480"
-178.5,-21,0.07,"Mytilus edulis","W-Msc-140480"
-175,-21,0.06,"Mytilus edulis","W-Msc-140480"
-174.5,-21,0.07,"Mytilus edulis","W-Msc-140480"
-139,-21,0.01,"Mytilus edulis","W-Msc-140480"
-138.5,-21,0.01,"Mytilus edulis","W-Msc-140480"
-70,-21,0.33,"Mytilus edulis","W-Msc-140480"
-40.5,-21,0.22,"Mytilus edulis","W-Msc-140480"
-40,-21,0.18,"Mytilus edulis","W-Msc-140480"
-39.5,-21,0.07,"Mytilus edulis","W-Msc-140480"
-38,-21,0.03,"Mytilus edulis","W-Msc-140480"
-37.5,-21,0.02,"Mytilus edulis","W-Msc-140480"
-37,-21,0.02,"Mytilus edulis","W-Msc-140480"
-35,-21,0.01,"Mytilus edulis","W-Msc-140480"
-34.5,-21,0.01,"Mytilus edulis","W-Msc-140480"
-29.5,-21,0.01,"Mytilus edulis","W-Msc-140480"
115.5,-21,0.21,"Mytilus edulis","W-Msc-140480"
116,-21,0.22,"Mytilus edulis","W-Msc-140480"
116.5,-21,0.21,"Mytilus edulis","W-Msc-140480"
117,-21,0.21,"Mytilus edulis","W-Msc-140480"
117.5,-21,0.21,"Mytilus edulis","W-Msc-140480"
118,-21,0.21,"Mytilus edulis","W-Msc-140480"
149,-21,0.3,"Mytilus edulis","W-Msc-140480"
149.5,-21,0.29,"Mytilus edulis","W-Msc-140480"
150,-21,0.28,"Mytilus edulis","W-Msc-140480"
150.5,-21,0.27,"Mytilus edulis","W-Msc-140480"
151,-21,0.26,"Mytilus edulis","W-Msc-140480"
151.5,-21,0.25,"Mytilus edulis","W-Msc-140480"
152,-21,0.23,"Mytilus edulis","W-Msc-140480"
152.5,-21,0.22,"Mytilus edulis","W-Msc-140480"
153,-21,0.2,"Mytilus edulis","W-Msc-140480"
154.5,-21,0.17,"Mytilus edulis","W-Msc-140480"
159,-21,0.22,"Mytilus edulis","W-Msc-140480"
159.5,-21,0.21,"Mytilus edulis","W-Msc-140480"
161.5,-21,0.09,"Mytilus edulis","W-Msc-140480"
162,-21,0.1,"Mytilus edulis","W-Msc-140480"
164.5,-21,0.16,"Mytilus edulis","W-Msc-140480"
165,-21,0.13,"Mytilus edulis","W-Msc-140480"
165.5,-21,0.11,"Mytilus edulis","W-Msc-140480"
166,-21,0.08,"Mytilus edulis","W-Msc-140480"
166.5,-21,0.09,"Mytilus edulis","W-Msc-140480"
167,-21,0.09,"Mytilus edulis","W-Msc-140480"
167.5,-21,0.08,"Mytilus edulis","W-Msc-140480"
-178.5,-21.5,0.08,"Mytilus edulis","W-Msc-140480"
-175,-21.5,0.07,"Mytilus edulis","W-Msc-140480"
-174.5,-21.5,0.06,"Mytilus edulis","W-Msc-140480"
-136.5,-21.5,0.01,"Mytilus edulis","W-Msc-140480"
-81.5,-21.5,0.7,"Mytilus edulis","W-Msc-140480"
-70,-21.5,0.39,"Mytilus edulis","W-Msc-140480"
-41,-21.5,0.25,"Mytilus edulis","W-Msc-140480"
-40.5,-21.5,0.25,"Mytilus edulis","W-Msc-140480"
-40,-21.5,0.16,"Mytilus edulis","W-Msc-140480"
115,-21.5,0.22,"Mytilus edulis","W-Msc-140480"
115.5,-21.5,0.24,"Mytilus edulis","W-Msc-140480"
116,-21.5,0.24,"Mytilus edulis","W-Msc-140480"
149.5,-21.5,0.31,"Mytilus edulis","W-Msc-140480"
150,-21.5,0.3,"Mytilus edulis","W-Msc-140480"
150.5,-21.5,0.28,"Mytilus edulis","W-Msc-140480"
151,-21.5,0.28,"Mytilus edulis","W-Msc-140480"
151.5,-21.5,0.27,"Mytilus edulis","W-Msc-140480"
152,-21.5,0.26,"Mytilus edulis","W-Msc-140480"
152.5,-21.5,0.25,"Mytilus edulis","W-Msc-140480"
153,-21.5,0.25,"Mytilus edulis","W-Msc-140480"
153.5,-21.5,0.22,"Mytilus edulis","W-Msc-140480"
156,-21.5,0.25,"Mytilus edulis","W-Msc-140480"
159,-21.5,0.26,"Mytilus edulis","W-Msc-140480"
159.5,-21.5,0.28,"Mytilus edulis","W-Msc-140480"
162,-21.5,0.13,"Mytilus edulis","W-Msc-140480"
165,-21.5,0.17,"Mytilus edulis","W-Msc-140480"
165.5,-21.5,0.14,"Mytilus edulis","W-Msc-140480"
166,-21.5,0.13,"Mytilus edulis","W-Msc-140480"
166.5,-21.5,0.1,"Mytilus edulis","W-Msc-140480"
167.5,-21.5,0.11,"Mytilus edulis","W-Msc-140480"
168,-21.5,0.1,"Mytilus edulis","W-Msc-140480"
168.5,-21.5,0.1,"Mytilus edulis","W-Msc-140480"
-140.5,-22,0.01,"Mytilus edulis","W-Msc-140480"
-138.5,-22,0.01,"Mytilus edulis","W-Msc-140480"
-136,-22,0.01,"Mytilus edulis","W-Msc-140480"
-70,-22,0.45,"Mytilus edulis","W-Msc-140480"
-41,-22,0.19,"Mytilus edulis","W-Msc-140480"
-40.5,-22,0.26,"Mytilus edulis","W-Msc-140480"
-40,-22,0.17,"Mytilus edulis","W-Msc-140480"
114,-22,0.24,"Mytilus edulis","W-Msc-140480"
114.5,-22,0.27,"Mytilus edulis","W-Msc-140480"
115,-22,0.26,"Mytilus edulis","W-Msc-140480"
115.5,-22,0.26,"Mytilus edulis","W-Msc-140480"
149.5,-22,0.32,"Mytilus edulis","W-Msc-140480"
150,-22,0.32,"Mytilus edulis","W-Msc-140480"
150.5,-22,0.31,"Mytilus edulis","W-Msc-140480"
151,-22,0.29,"Mytilus edulis","W-Msc-140480"
151.5,-22,0.29,"Mytilus edulis","W-Msc-140480"
152,-22,0.28,"Mytilus edulis","W-Msc-140480"
152.5,-22,0.28,"Mytilus edulis","W-Msc-140480"
153,-22,0.27,"Mytilus edulis","W-Msc-140480"
153.5,-22,0.24,"Mytilus edulis","W-Msc-140480"
154,-22,0.24,"Mytilus edulis","W-Msc-140480"
159.5,-22,0.29,"Mytilus edulis","W-Msc-140480"
160,-22,0.25,"Mytilus edulis","W-Msc-140480"
165.5,-22,0.16,"Mytilus edulis","W-Msc-140480"
166,-22,0.15,"Mytilus edulis","W-Msc-140480"
166.5,-22,0.14,"Mytilus edulis","W-Msc-140480"
167,-22,0.14,"Mytilus edulis","W-Msc-140480"
168,-22,0.12,"Mytilus edulis","W-Msc-140480"
168.5,-22,0.12,"Mytilus edulis","W-Msc-140480"
169,-22,0.09,"Mytilus edulis","W-Msc-140480"
-151,-22.5,0.01,"Mytilus edulis","W-Msc-140480"
-138.5,-22.5,0.01,"Mytilus edulis","W-Msc-140480"
-70,-22.5,0.47,"Mytilus edulis","W-Msc-140480"
-41.5,-22.5,0.35,"Mytilus edulis","W-Msc-140480"
-41,-22.5,0.3,"Mytilus edulis","W-Msc-140480"
-40.5,-22.5,0.24,"Mytilus edulis","W-Msc-140480"
-40,-22.5,0.17,"Mytilus edulis","W-Msc-140480"
114,-22.5,0.26,"Mytilus edulis","W-Msc-140480"
114.5,-22.5,0.3,"Mytilus edulis","W-Msc-140480"
115,-22.5,0.24,"Mytilus edulis","W-Msc-140480"
150,-22.5,0.34,"Mytilus edulis","W-Msc-140480"
150.5,-22.5,0.33,"Mytilus edulis","W-Msc-140480"
151,-22.5,0.33,"Mytilus edulis","W-Msc-140480"
151.5,-22.5,0.31,"Mytilus edulis","W-Msc-140480"
152,-22.5,0.3,"Mytilus edulis","W-Msc-140480"
152.5,-22.5,0.3,"Mytilus edulis","W-Msc-140480"
153,-22.5,0.29,"Mytilus edulis","W-Msc-140480"
154,-22.5,0.08,"Mytilus edulis","W-Msc-140480"
155.5,-22.5,0.28,"Mytilus edulis","W-Msc-140480"
159.5,-22.5,0.29,"Mytilus edulis","W-Msc-140480"
166.5,-22.5,0.19,"Mytilus edulis","W-Msc-140480"
167,-22.5,0.18,"Mytilus edulis","W-Msc-140480"
167.5,-22.5,0.19,"Mytilus edulis","W-Msc-140480"
168,-22.5,0.15,"Mytilus edulis","W-Msc-140480"
169,-22.5,0.12,"Mytilus edulis","W-Msc-140480"
171.5,-22.5,0.1,"Mytilus edulis","W-Msc-140480"
-70,-23,0.49,"Mytilus edulis","W-Msc-140480"
-44,-23,0.3,"Mytilus edulis","W-Msc-140480"
-43.5,-23,0.29,"Mytilus edulis","W-Msc-140480"
-43,-23,0.27,"Mytilus edulis","W-Msc-140480"
-42.5,-23,0.3,"Mytilus edulis","W-Msc-140480"
-42,-23,0.31,"Mytilus edulis","W-Msc-140480"
-41.5,-23,0.32,"Mytilus edulis","W-Msc-140480"
-41,-23,0.27,"Mytilus edulis","W-Msc-140480"
-40.5,-23,0.13,"Mytilus edulis","W-Msc-140480"
114,-23,0.3,"Mytilus edulis","W-Msc-140480"
150,-23,0.12,"Mytilus edulis","W-Msc-140480"
150.5,-23,0.06,"Mytilus edulis","W-Msc-140480"
151,-23,0.35,"Mytilus edulis","W-Msc-140480"
151.5,-23,0.33,"Mytilus edulis","W-Msc-140480"
152,-23,0.32,"Mytilus edulis","W-Msc-140480"
152.5,-23,0.07,"Mytilus edulis","W-Msc-140480"
153,-23,0.3,"Mytilus edulis","W-Msc-140480"
167,-23,0.19,"Mytilus edulis","W-Msc-140480"
167.5,-23,0.21,"Mytilus edulis","W-Msc-140480"
168,-23,0.18,"Mytilus edulis","W-Msc-140480"
-134.5,-23.5,0.01,"Mytilus edulis","W-Msc-140480"
-70.5,-23.5,0.53,"Mytilus edulis","W-Msc-140480"
-70,-23.5,0.51,"Mytilus edulis","W-Msc-140480"
-45,-23.5,0.33,"Mytilus edulis","W-Msc-140480"
-44.5,-23.5,0.31,"Mytilus edulis","W-Msc-140480"
-44,-23.5,0.31,"Mytilus edulis","W-Msc-140480"
-43.5,-23.5,0.26,"Mytilus edulis","W-Msc-140480"
-43,-23.5,0.27,"Mytilus edulis","W-Msc-140480"
-42.5,-23.5,0.27,"Mytilus edulis","W-Msc-140480"
-41.5,-23.5,0.25,"Mytilus edulis","W-Msc-140480"
-41,-23.5,0.13,"Mytilus edulis","W-Msc-140480"
113.5,-23.5,0.3,"Mytilus edulis","W-Msc-140480"
114,-23.5,0.33,"Mytilus edulis","W-Msc-140480"
151,-23.5,0.38,"Mytilus edulis","W-Msc-140480"
151.5,-23.5,0.37,"Mytilus edulis","W-Msc-140480"
152,-23.5,0.34,"Mytilus edulis","W-Msc-140480"
152.5,-23.5,0.32,"Mytilus edulis","W-Msc-140480"
156,-23.5,0.31,"Mytilus edulis","W-Msc-140480"
-179,-24,0.08,"Mytilus edulis","W-Msc-140480"
-178.5,-24,0.07,"Mytilus edulis","W-Msc-140480"
-70,-24,0.52,"Mytilus edulis","W-Msc-140480"
-46,-24,0.38,"Mytilus edulis","W-Msc-140480"
-45.5,-24,0.33,"Mytilus edulis","W-Msc-140480"
-45,-24,0.33,"Mytilus edulis","W-Msc-140480"
-44.5,-24,0.32,"Mytilus edulis","W-Msc-140480"
-44,-24,0.07,"Mytilus edulis","W-Msc-140480"
-41,-24,0.02,"Mytilus edulis","W-Msc-140480"
113.5,-24,0.33,"Mytilus edulis","W-Msc-140480"
114,-24,0.36,"Mytilus edulis","W-Msc-140480"
151,-24,0.38,"Mytilus edulis","W-Msc-140480"
151.5,-24,0.39,"Mytilus edulis","W-Msc-140480"
152,-24,0.37,"Mytilus edulis","W-Msc-140480"
152.5,-24,0.34,"Mytilus edulis","W-Msc-140480"
153,-24,0.31,"Mytilus edulis","W-Msc-140480"
159.5,-24,0.3,"Mytilus edulis","W-Msc-140480"
160,-24,0.29,"Mytilus edulis","W-Msc-140480"
-70.5,-24.5,0.62,"Mytilus edulis","W-Msc-140480"
-70,-24.5,0.53,"Mytilus edulis","W-Msc-140480"
-47,-24.5,0.43,"Mytilus edulis","W-Msc-140480"
-46.5,-24.5,0.4,"Mytilus edulis","W-Msc-140480"
-46,-24.5,0.36,"Mytilus edulis","W-Msc-140480"
-45.5,-24.5,0.34,"Mytilus edulis","W-Msc-140480"
-45,-24.5,0.23,"Mytilus edulis","W-Msc-140480"
113,-24.5,0.16,"Mytilus edulis","W-Msc-140480"
113.5,-24.5,0.36,"Mytilus edulis","W-Msc-140480"
152,-24.5,0.39,"Mytilus edulis","W-Msc-140480"
152.5,-24.5,0.37,"Mytilus edulis","W-Msc-140480"
153,-24.5,0.35,"Mytilus edulis","W-Msc-140480"
153.5,-24.5,0.31,"Mytilus edulis","W-Msc-140480"
159.5,-24.5,0.31,"Mytilus edulis","W-Msc-140480"
160,-24.5,0.29,"Mytilus edulis","W-Msc-140480"
-70.5,-25,0.62,"Mytilus edulis","W-Msc-140480"
-70,-25,0.54,"Mytilus edulis","W-Msc-140480"
-47.5,-25,0.45,"Mytilus edulis","W-Msc-140480"
-47,-25,0.44,"Mytilus edulis","W-Msc-140480"
-46.5,-25,0.37,"Mytilus edulis","W-Msc-140480"
-46,-25,0.18,"Mytilus edulis","W-Msc-140480"
-45.5,-25,0.33,"Mytilus edulis","W-Msc-140480"
-45,-25,0.16,"Mytilus edulis","W-Msc-140480"
113,-25,0.37,"Mytilus edulis","W-Msc-140480"
113.5,-25,0.42,"Mytilus edulis","W-Msc-140480"
114,-25,0.43,"Mytilus edulis","W-Msc-140480"
152.5,-25,0.39,"Mytilus edulis","W-Msc-140480"
153,-25,0.39,"Mytilus edulis","W-Msc-140480"
153.5,-25,0.35,"Mytilus edulis","W-Msc-140480"
154,-25,0.3,"Mytilus edulis","W-Msc-140480"
160,-25,0.27,"Mytilus edulis","W-Msc-140480"
-89,-25.5,0.01,"Mytilus edulis","W-Msc-140480"
-87,-25.5,0.39,"Mytilus edulis","W-Msc-140480"
-70.5,-25.5,0.59,"Mytilus edulis","W-Msc-140480"
-70,-25.5,0.55,"Mytilus edulis","W-Msc-140480"
-48.5,-25.5,0.08,"Mytilus edulis","W-Msc-140480"
-48,-25.5,0.46,"Mytilus edulis","W-Msc-140480"
-47.5,-25.5,0.45,"Mytilus edulis","W-Msc-140480"
-47,-25.5,0.4,"Mytilus edulis","W-Msc-140480"
-46.5,-25.5,0.21,"Mytilus edulis","W-Msc-140480"
-45,-25.5,0.25,"Mytilus edulis","W-Msc-140480"
113,-25.5,0.39,"Mytilus edulis","W-Msc-140480"
113.5,-25.5,0.45,"Mytilus edulis","W-Msc-140480"
114,-25.5,0.47,"Mytilus edulis","W-Msc-140480"
153,-25.5,0.4,"Mytilus edulis","W-Msc-140480"
153.5,-25.5,0.37,"Mytilus edulis","W-Msc-140480"
154,-25.5,0.32,"Mytilus edulis","W-Msc-140480"
160,-25.5,0.29,"Mytilus edulis","W-Msc-140480"
162,-25.5,0.22,"Mytilus edulis","W-Msc-140480"
162.5,-25.5,0.22,"Mytilus edulis","W-Msc-140480"
163,-25.5,0.21,"Mytilus edulis","W-Msc-140480"
-89,-26,0.11,"Mytilus edulis","W-Msc-140480"
-86.5,-26,0.46,"Mytilus edulis","W-Msc-140480"
-84,-26,0.63,"Mytilus edulis","W-Msc-140480"
-70.5,-26,0.56,"Mytilus edulis","W-Msc-140480"
-48.5,-26,0.49,"Mytilus edulis","W-Msc-140480"
-48,-26,0.46,"Mytilus edulis","W-Msc-140480"
-47.5,-26,0.42,"Mytilus edulis","W-Msc-140480"
-47,-26,0.26,"Mytilus edulis","W-Msc-140480"
-45.5,-26,0.26,"Mytilus edulis","W-Msc-140480"
-45,-26,0.2,"Mytilus edulis","W-Msc-140480"
113,-26,0.4,"Mytilus edulis","W-Msc-140480"
113.5,-26,0.46,"Mytilus edulis","W-Msc-140480"
114,-26,0.48,"Mytilus edulis","W-Msc-140480"
114.5,-26,0.46,"Mytilus edulis","W-Msc-140480"
153,-26,0.13,"Mytilus edulis","W-Msc-140480"
153.5,-26,0.38,"Mytilus edulis","W-Msc-140480"
154,-26,0.33,"Mytilus edulis","W-Msc-140480"
161.5,-26,0.23,"Mytilus edulis","W-Msc-140480"
162,-26,0.22,"Mytilus edulis","W-Msc-140480"
162.5,-26,0.22,"Mytilus edulis","W-Msc-140480"
163,-26,0.21,"Mytilus edulis","W-Msc-140480"
163.5,-26,0.21,"Mytilus edulis","W-Msc-140480"
-80,-26.5,0.77,"Mytilus edulis","W-Msc-140480"
-79.5,-26.5,0.78,"Mytilus edulis","W-Msc-140480"
-70.5,-26.5,0.59,"Mytilus edulis","W-Msc-140480"
-48.5,-26.5,0.5,"Mytilus edulis","W-Msc-140480"
-48,-26.5,0.48,"Mytilus edulis","W-Msc-140480"
-47.5,-26.5,0.38,"Mytilus edulis","W-Msc-140480"
113,-26.5,0.06,"Mytilus edulis","W-Msc-140480"
113.5,-26.5,0.44,"Mytilus edulis","W-Msc-140480"
114,-26.5,0.46,"Mytilus edulis","W-Msc-140480"
114.5,-26.5,0.47,"Mytilus edulis","W-Msc-140480"
153.5,-26.5,0.39,"Mytilus edulis","W-Msc-140480"
154,-26.5,0.25,"Mytilus edulis","W-Msc-140480"
162,-26.5,0.22,"Mytilus edulis","W-Msc-140480"
162.5,-26.5,0.22,"Mytilus edulis","W-Msc-140480"
-70.5,-27,0.6,"Mytilus edulis","W-Msc-140480"
-48.5,-27,0.52,"Mytilus edulis","W-Msc-140480"
-48,-27,0.49,"Mytilus edulis","W-Msc-140480"
-47.5,-27,0.25,"Mytilus edulis","W-Msc-140480"
113.5,-27,0.36,"Mytilus edulis","W-Msc-140480"
114,-27,0.47,"Mytilus edulis","W-Msc-140480"
153.5,-27,0.41,"Mytilus edulis","W-Msc-140480"
154,-27,0.35,"Mytilus edulis","W-Msc-140480"
-70.5,-27.5,0.61,"Mytilus edulis","W-Msc-140480"
-48.5,-27.5,0.55,"Mytilus edulis","W-Msc-140480"
-48,-27.5,0.51,"Mytilus edulis","W-Msc-140480"
113.5,-27.5,0.37,"Mytilus edulis","W-Msc-140480"
114,-27.5,0.39,"Mytilus edulis","W-Msc-140480"
114.5,-27.5,0.5,"Mytilus edulis","W-Msc-140480"
153.5,-27.5,0.42,"Mytilus edulis","W-Msc-140480"
154,-27.5,0.35,"Mytilus edulis","W-Msc-140480"
-71,-28,0.72,"Mytilus edulis","W-Msc-140480"
-70.5,-28,0.62,"Mytilus edulis","W-Msc-140480"
-48.5,-28,0.57,"Mytilus edulis","W-Msc-140480"
-48,-28,0.52,"Mytilus edulis","W-Msc-140480"
-47.5,-28,0.17,"Mytilus edulis","W-Msc-140480"
113.5,-28,0.36,"Mytilus edulis","W-Msc-140480"
114,-28,0.38,"Mytilus edulis","W-Msc-140480"
114.5,-28,0.51,"Mytilus edulis","W-Msc-140480"
153.5,-28,0.43,"Mytilus edulis","W-Msc-140480"
154,-28,0.37,"Mytilus edulis","W-Msc-140480"
-71,-28.5,0.63,"Mytilus edulis","W-Msc-140480"
-48.5,-28.5,0.6,"Mytilus edulis","W-Msc-140480"
-48,-28.5,0.49,"Mytilus edulis","W-Msc-140480"
113.5,-28.5,0.37,"Mytilus edulis","W-Msc-140480"
114,-28.5,0.46,"Mytilus edulis","W-Msc-140480"
114.5,-28.5,0.42,"Mytilus edulis","W-Msc-140480"
115,-28.5,0.53,"Mytilus edulis","W-Msc-140480"
153.5,-28.5,0.43,"Mytilus edulis","W-Msc-140480"
154,-28.5,0.38,"Mytilus edulis","W-Msc-140480"
-71.5,-29,0.39,"Mytilus edulis","W-Msc-140480"
-71,-29,0.64,"Mytilus edulis","W-Msc-140480"
-49,-29,0.63,"Mytilus edulis","W-Msc-140480"
-48.5,-29,0.59,"Mytilus edulis","W-Msc-140480"
114,-29,0.41,"Mytilus edulis","W-Msc-140480"
114.5,-29,0.47,"Mytilus edulis","W-Msc-140480"
115,-29,0.48,"Mytilus edulis","W-Msc-140480"
154,-29,0.39,"Mytilus edulis","W-Msc-140480"
168,-29,0.5,"Mytilus edulis","W-Msc-140480"
168.5,-29,0.51,"Mytilus edulis","W-Msc-140480"
-177.5,-29.5,0.18,"Mytilus edulis","W-Msc-140480"
-71.5,-29.5,0.8,"Mytilus edulis","W-Msc-140480"
-71,-29.5,0.65,"Mytilus edulis","W-Msc-140480"
-49.5,-29.5,0.65,"Mytilus edulis","W-Msc-140480"
-49,-29.5,0.62,"Mytilus edulis","W-Msc-140480"
-48.5,-29.5,0.22,"Mytilus edulis","W-Msc-140480"
114.5,-29.5,0.38,"Mytilus edulis","W-Msc-140480"
115,-29.5,0.4,"Mytilus edulis","W-Msc-140480"
115.5,-29.5,0.55,"Mytilus edulis","W-Msc-140480"
153.5,-29.5,0.45,"Mytilus edulis","W-Msc-140480"
154,-29.5,0.4,"Mytilus edulis","W-Msc-140480"
159.5,-29.5,0.46,"Mytilus edulis","W-Msc-140480"
168,-29.5,0.52,"Mytilus edulis","W-Msc-140480"
168.5,-29.5,0.52,"Mytilus edulis","W-Msc-140480"
-71.5,-30,0.81,"Mytilus edulis","W-Msc-140480"
-71,-30,0.65,"Mytilus edulis","W-Msc-140480"
-51,-30,0.07,"Mytilus edulis","W-Msc-140480"
-50,-30,0.62,"Mytilus edulis","W-Msc-140480"
-49.5,-30,0.65,"Mytilus edulis","W-Msc-140480"
-49,-30,0.48,"Mytilus edulis","W-Msc-140480"
114.5,-30,0.23,"Mytilus edulis","W-Msc-140480"
115,-30,0.45,"Mytilus edulis","W-Msc-140480"
115.5,-30,0.47,"Mytilus edulis","W-Msc-140480"
153.5,-30,0.46,"Mytilus edulis","W-Msc-140480"
154,-30,0.11,"Mytilus edulis","W-Msc-140480"
159.5,-30,0.46,"Mytilus edulis","W-Msc-140480"
168,-30,0.53,"Mytilus edulis","W-Msc-140480"
168.5,-30,0.09,"Mytilus edulis","W-Msc-140480"
-178,-30.5,0.22,"Mytilus edulis","W-Msc-140480"
-71.5,-30.5,0.73,"Mytilus edulis","W-Msc-140480"
-71,-30.5,0.65,"Mytilus edulis","W-Msc-140480"
-51,-30.5,0.32,"Mytilus edulis","W-Msc-140480"
-50.5,-30.5,0.45,"Mytilus edulis","W-Msc-140480"
-50,-30.5,0.55,"Mytilus edulis","W-Msc-140480"
-49.5,-30.5,0.64,"Mytilus edulis","W-Msc-140480"
115,-30.5,0.48,"Mytilus edulis","W-Msc-140480"
115.5,-30.5,0.56,"Mytilus edulis","W-Msc-140480"
153.5,-30.5,0.44,"Mytilus edulis","W-Msc-140480"
-178.5,-31,0.31,"Mytilus edulis","W-Msc-140480"
-71.5,-31,0.66,"Mytilus edulis","W-Msc-140480"
-51,-31,0.39,"Mytilus edulis","W-Msc-140480"
-50.5,-31,0.37,"Mytilus edulis","W-Msc-140480"
-50,-31,0.51,"Mytilus edulis","W-Msc-140480"
-49.5,-31,0.37,"Mytilus edulis","W-Msc-140480"
-49,-31,0.19,"Mytilus edulis","W-Msc-140480"
115,-31,0.5,"Mytilus edulis","W-Msc-140480"
115.5,-31,0.56,"Mytilus edulis","W-Msc-140480"
153.5,-31,0.43,"Mytilus edulis","W-Msc-140480"
-178.5,-31.5,0.42,"Mytilus edulis","W-Msc-140480"
-71.5,-31.5,0.66,"Mytilus edulis","W-Msc-140480"
-51.5,-31.5,0.47,"Mytilus edulis","W-Msc-140480"
-51,-31.5,0.46,"Mytilus edulis","W-Msc-140480"
-50.5,-31.5,0.52,"Mytilus edulis","W-Msc-140480"
-50,-31.5,0.64,"Mytilus edulis","W-Msc-140480"
-49.5,-31.5,0.33,"Mytilus edulis","W-Msc-140480"
115.5,-31.5,0.55,"Mytilus edulis","W-Msc-140480"
116,-31.5,0.38,"Mytilus edulis","W-Msc-140480"
131.5,-31.5,0.69,"Mytilus edulis","W-Msc-140480"
153,-31.5,0.49,"Mytilus edulis","W-Msc-140480"
153.5,-31.5,0.43,"Mytilus edulis","W-Msc-140480"
159.5,-31.5,0.5,"Mytilus edulis","W-Msc-140480"
-71.5,-32,0.68,"Mytilus edulis","W-Msc-140480"
-71,-32,0.62,"Mytilus edulis","W-Msc-140480"
-52,-32,0.72,"Mytilus edulis","W-Msc-140480"
-51.5,-32,0.58,"Mytilus edulis","W-Msc-140480"
-51,-32,0.55,"Mytilus edulis","W-Msc-140480"
-50.5,-32,0.66,"Mytilus edulis","W-Msc-140480"
115.5,-32,0.55,"Mytilus edulis","W-Msc-140480"
116,-32,0.57,"Mytilus edulis","W-Msc-140480"
128.5,-32,0.68,"Mytilus edulis","W-Msc-140480"
129,-32,0.68,"Mytilus edulis","W-Msc-140480"
129.5,-32,0.68,"Mytilus edulis","W-Msc-140480"
130,-32,0.65,"Mytilus edulis","W-Msc-140480"
130.5,-32,0.63,"Mytilus edulis","W-Msc-140480"
131,-32,0.6,"Mytilus edulis","W-Msc-140480"
131.5,-32,0.58,"Mytilus edulis","W-Msc-140480"
132,-32,0.57,"Mytilus edulis","W-Msc-140480"
132.5,-32,0.63,"Mytilus edulis","W-Msc-140480"
133,-32,0.69,"Mytilus edulis","W-Msc-140480"
153,-32,0.5,"Mytilus edulis","W-Msc-140480"
153.5,-32,0.09,"Mytilus edulis","W-Msc-140480"
159.5,-32,0.51,"Mytilus edulis","W-Msc-140480"
-71.5,-32.5,0.59,"Mytilus edulis","W-Msc-140480"
-71,-32.5,0.62,"Mytilus edulis","W-Msc-140480"
-52,-32.5,0.77,"Mytilus edulis","W-Msc-140480"
-51.5,-32.5,0.76,"Mytilus edulis","W-Msc-140480"
-51,-32.5,0.71,"Mytilus edulis","W-Msc-140480"
-50.5,-32.5,0.31,"Mytilus edulis","W-Msc-140480"
-50,-32.5,0.54,"Mytilus edulis","W-Msc-140480"
115.5,-32.5,0.57,"Mytilus edulis","W-Msc-140480"
116,-32.5,0.58,"Mytilus edulis","W-Msc-140480"
126,-32.5,0.69,"Mytilus edulis","W-Msc-140480"
126.5,-32.5,0.7,"Mytilus edulis","W-Msc-140480"
127,-32.5,0.69,"Mytilus edulis","W-Msc-140480"
127.5,-32.5,0.69,"Mytilus edulis","W-Msc-140480"
128,-32.5,0.67,"Mytilus edulis","W-Msc-140480"
128.5,-32.5,0.68,"Mytilus edulis","W-Msc-140480"
129,-32.5,0.68,"Mytilus edulis","W-Msc-140480"
129.5,-32.5,0.68,"Mytilus edulis","W-Msc-140480"
130,-32.5,0.68,"Mytilus edulis","W-Msc-140480"
130.5,-32.5,0.68,"Mytilus edulis","W-Msc-140480"
131,-32.5,0.68,"Mytilus edulis","W-Msc-140480"
131.5,-32.5,0.23,"Mytilus edulis","W-Msc-140480"
132,-32.5,0.61,"Mytilus edulis","W-Msc-140480"
132.5,-32.5,0.53,"Mytilus edulis","W-Msc-140480"
133,-32.5,0.55,"Mytilus edulis","W-Msc-140480"
133.5,-32.5,0.67,"Mytilus edulis","W-Msc-140480"
134,-32.5,0.67,"Mytilus edulis","W-Msc-140480"
134.5,-32.5,0.58,"Mytilus edulis","W-Msc-140480"
152.5,-32.5,0.54,"Mytilus edulis","W-Msc-140480"
153,-32.5,0.49,"Mytilus edulis","W-Msc-140480"
-71.5,-33,0.63,"Mytilus edulis","W-Msc-140480"
-71,-33,0.61,"Mytilus edulis","W-Msc-140480"
-52.5,-33,0.8,"Mytilus edulis","W-Msc-140480"
-52,-33,0.79,"Mytilus edulis","W-Msc-140480"
-51.5,-33,0.75,"Mytilus edulis","W-Msc-140480"
-51,-33,0.42,"Mytilus edulis","W-Msc-140480"
-50.5,-33,0.41,"Mytilus edulis","W-Msc-140480"
-50,-33,0.14,"Mytilus edulis","W-Msc-140480"
115,-33,0.4,"Mytilus edulis","W-Msc-140480"
115.5,-33,0.6,"Mytilus edulis","W-Msc-140480"
116,-33,0.6,"Mytilus edulis","W-Msc-140480"
124.5,-33,0.7,"Mytilus edulis","W-Msc-140480"
125,-33,0.7,"Mytilus edulis","W-Msc-140480"
125.5,-33,0.71,"Mytilus edulis","W-Msc-140480"
126,-33,0.7,"Mytilus edulis","W-Msc-140480"
126.5,-33,0.7,"Mytilus edulis","W-Msc-140480"
127,-33,0.69,"Mytilus edulis","W-Msc-140480"
127.5,-33,0.69,"Mytilus edulis","W-Msc-140480"
128,-33,0.69,"Mytilus edulis","W-Msc-140480"
128.5,-33,0.69,"Mytilus edulis","W-Msc-140480"
129,-33,0.69,"Mytilus edulis","W-Msc-140480"
129.5,-33,0.69,"Mytilus edulis","W-Msc-140480"
130,-33,0.31,"Mytilus edulis","W-Msc-140480"
130.5,-33,0.14,"Mytilus edulis","W-Msc-140480"
131,-33,0.05,"Mytilus edulis","W-Msc-140480"
131.5,-33,0.24,"Mytilus edulis","W-Msc-140480"
132,-33,0.42,"Mytilus edulis","W-Msc-140480"
132.5,-33,0.14,"Mytilus edulis","W-Msc-140480"
133,-33,0.6,"Mytilus edulis","W-Msc-140480"
133.5,-33,0.68,"Mytilus edulis","W-Msc-140480"
134,-33,0.69,"Mytilus edulis","W-Msc-140480"
134.5,-33,0.67,"Mytilus edulis","W-Msc-140480"
152,-33,0.56,"Mytilus edulis","W-Msc-140480"
152.5,-33,0.55,"Mytilus edulis","W-Msc-140480"
153,-33,0.43,"Mytilus edulis","W-Msc-140480"
-71.5,-33.5,0.57,"Mytilus edulis","W-Msc-140480"
-58.5,-33.5,0.01,"Mytilus edulis","W-Msc-140480"
-58,-33.5,0.06,"Mytilus edulis","W-Msc-140480"
-53,-33.5,0.82,"Mytilus edulis","W-Msc-140480"
-52.5,-33.5,0.83,"Mytilus edulis","W-Msc-140480"
-52,-33.5,0.76,"Mytilus edulis","W-Msc-140480"
-51.5,-33.5,0.74,"Mytilus edulis","W-Msc-140480"
-51,-33.5,0.1,"Mytilus edulis","W-Msc-140480"
115,-33.5,0.59,"Mytilus edulis","W-Msc-140480"
115.5,-33.5,0.64,"Mytilus edulis","W-Msc-140480"
116,-33.5,0.62,"Mytilus edulis","W-Msc-140480"
124,-33.5,0.24,"Mytilus edulis","W-Msc-140480"
124.5,-33.5,0.71,"Mytilus edulis","W-Msc-140480"
125,-33.5,0.71,"Mytilus edulis","W-Msc-140480"
125.5,-33.5,0.71,"Mytilus edulis","W-Msc-140480"
126,-33.5,0.71,"Mytilus edulis","W-Msc-140480"
126.5,-33.5,0.72,"Mytilus edulis","W-Msc-140480"
127,-33.5,0.72,"Mytilus edulis","W-Msc-140480"
127.5,-33.5,0.72,"Mytilus edulis","W-Msc-140480"
128,-33.5,0.72,"Mytilus edulis","W-Msc-140480"
128.5,-33.5,0.22,"Mytilus edulis","W-Msc-140480"
129,-33.5,0.72,"Mytilus edulis","W-Msc-140480"
129.5,-33.5,0.71,"Mytilus edulis","W-Msc-140480"
130,-33.5,0.71,"Mytilus edulis","W-Msc-140480"
132,-33.5,0.7,"Mytilus edulis","W-Msc-140480"
132.5,-33.5,0.36,"Mytilus edulis","W-Msc-140480"
133,-33.5,0.28,"Mytilus edulis","W-Msc-140480"
133.5,-33.5,0.44,"Mytilus edulis","W-Msc-140480"
134,-33.5,0.7,"Mytilus edulis","W-Msc-140480"
134.5,-33.5,0.7,"Mytilus edulis","W-Msc-140480"
135,-33.5,0.72,"Mytilus edulis","W-Msc-140480"
137.5,-33.5,0.03,"Mytilus edulis","W-Msc-140480"
138.5,-33.5,0.01,"Mytilus edulis","W-Msc-140480"
151.5,-33.5,0.58,"Mytilus edulis","W-Msc-140480"
152,-33.5,0.58,"Mytilus edulis","W-Msc-140480"
156.5,-33.5,0.14,"Mytilus edulis","W-Msc-140480"
-80.5,-34,0.9,"Mytilus edulis","W-Msc-140480"
-78.5,-34,0.94,"Mytilus edulis","W-Msc-140480"
-77.5,-34,0.49,"Mytilus edulis","W-Msc-140480"
-72,-34,0.66,"Mytilus edulis","W-Msc-140480"
-71.5,-34,0.56,"Mytilus edulis","W-Msc-140480"
-53.5,-34,0.83,"Mytilus edulis","W-Msc-140480"
-53,-34,0.86,"Mytilus edulis","W-Msc-140480"
-52.5,-34,0.78,"Mytilus edulis","W-Msc-140480"
-52,-34,0.69,"Mytilus edulis","W-Msc-140480"
-51.5,-34,0.76,"Mytilus edulis","W-Msc-140480"
115,-34,0.6,"Mytilus edulis","W-Msc-140480"
115.5,-34,0.63,"Mytilus edulis","W-Msc-140480"
120,-34,0.68,"Mytilus edulis","W-Msc-140480"
120.5,-34,0.68,"Mytilus edulis","W-Msc-140480"
121,-34,0.69,"Mytilus edulis","W-Msc-140480"
121.5,-34,0.7,"Mytilus edulis","W-Msc-140480"
122,-34,0.7,"Mytilus edulis","W-Msc-140480"
122.5,-34,0.7,"Mytilus edulis","W-Msc-140480"
123,-34,0.71,"Mytilus edulis","W-Msc-140480"
123.5,-34,0.71,"Mytilus edulis","W-Msc-140480"
124,-34,0.72,"Mytilus edulis","W-Msc-140480"
124.5,-34,0.71,"Mytilus edulis","W-Msc-140480"
125,-34,0.71,"Mytilus edulis","W-Msc-140480"
125.5,-34,0.73,"Mytilus edulis","W-Msc-140480"
126,-34,0.75,"Mytilus edulis","W-Msc-140480"
133,-34,0.14,"Mytilus edulis","W-Msc-140480"
133.5,-34,0.7,"Mytilus edulis","W-Msc-140480"
134,-34,0.51,"Mytilus edulis","W-Msc-140480"
134.5,-34,0.72,"Mytilus edulis","W-Msc-140480"
135,-34,0.73,"Mytilus edulis","W-Msc-140480"
135.5,-34,0.64,"Mytilus edulis","W-Msc-140480"
136.5,-34,0.05,"Mytilus edulis","W-Msc-140480"
137,-34,0.09,"Mytilus edulis","W-Msc-140480"
137.5,-34,0.05,"Mytilus edulis","W-Msc-140480"
138,-34,0.08,"Mytilus edulis","W-Msc-140480"
151.5,-34,0.6,"Mytilus edulis","W-Msc-140480"
152,-34,0.23,"Mytilus edulis","W-Msc-140480"
172,-34,0.13,"Mytilus edulis","W-Msc-140480"
-71.5,-34.5,0.56,"Mytilus edulis","W-Msc-140480"
-57,-34.5,0.1,"Mytilus edulis","W-Msc-140480"
-53.5,-34.5,0.78,"Mytilus edulis","W-Msc-140480"
-53,-34.5,0.77,"Mytilus edulis","W-Msc-140480"
-52.5,-34.5,0.68,"Mytilus edulis","W-Msc-140480"
-52,-34.5,0.72,"Mytilus edulis","W-Msc-140480"
-51.5,-34.5,0.71,"Mytilus edulis","W-Msc-140480"
115,-34.5,0.6,"Mytilus edulis","W-Msc-140480"
115.5,-34.5,0.63,"Mytilus edulis","W-Msc-140480"
116,-34.5,0.64,"Mytilus edulis","W-Msc-140480"
119,-34.5,0.67,"Mytilus edulis","W-Msc-140480"
119.5,-34.5,0.68,"Mytilus edulis","W-Msc-140480"
120,-34.5,0.69,"Mytilus edulis","W-Msc-140480"
120.5,-34.5,0.68,"Mytilus edulis","W-Msc-140480"
121,-34.5,0.69,"Mytilus edulis","W-Msc-140480"
121.5,-34.5,0.69,"Mytilus edulis","W-Msc-140480"
122,-34.5,0.7,"Mytilus edulis","W-Msc-140480"
122.5,-34.5,0.7,"Mytilus edulis","W-Msc-140480"
123,-34.5,0.71,"Mytilus edulis","W-Msc-140480"
123.5,-34.5,0.71,"Mytilus edulis","W-Msc-140480"
124,-34.5,0.72,"Mytilus edulis","W-Msc-140480"
124.5,-34.5,0.73,"Mytilus edulis","W-Msc-140480"
125,-34.5,0.76,"Mytilus edulis","W-Msc-140480"
133,-34.5,0.35,"Mytilus edulis","W-Msc-140480"
133.5,-34.5,0.57,"Mytilus edulis","W-Msc-140480"
134,-34.5,0.07,"Mytilus edulis","W-Msc-140480"
134.5,-34.5,0.22,"Mytilus edulis","W-Msc-140480"
135,-34.5,0.08,"Mytilus edulis","W-Msc-140480"
135.5,-34.5,0.74,"Mytilus edulis","W-Msc-140480"
136,-34.5,0.19,"Mytilus edulis","W-Msc-140480"
136.5,-34.5,0.29,"Mytilus edulis","W-Msc-140480"
137,-34.5,0.1,"Mytilus edulis","W-Msc-140480"
137.5,-34.5,0.12,"Mytilus edulis","W-Msc-140480"
138,-34.5,0.35,"Mytilus edulis","W-Msc-140480"
138.5,-34.5,0.34,"Mytilus edulis","W-Msc-140480"
151,-34.5,0.62,"Mytilus edulis","W-Msc-140480"
151.5,-34.5,0.58,"Mytilus edulis","W-Msc-140480"
172.5,-34.5,0.82,"Mytilus edulis","W-Msc-140480"
173,-34.5,0.8,"Mytilus edulis","W-Msc-140480"
173.5,-34.5,0.74,"Mytilus edulis","W-Msc-140480"
-72,-35,0.49,"Mytilus edulis","W-Msc-140480"
-56.5,-35,0.31,"Mytilus edulis","W-Msc-140480"
-56,-35,0.86,"Mytilus edulis","W-Msc-140480"
-55.5,-35,0.86,"Mytilus edulis","W-Msc-140480"
-55,-35,0.83,"Mytilus edulis","W-Msc-140480"
-54.5,-35,0.78,"Mytilus edulis","W-Msc-140480"
-54,-35,0.71,"Mytilus edulis","W-Msc-140480"
-53.5,-35,0.68,"Mytilus edulis","W-Msc-140480"
-53,-35,0.71,"Mytilus edulis","W-Msc-140480"
-52.5,-35,0.77,"Mytilus edulis","W-Msc-140480"
115.5,-35,0.62,"Mytilus edulis","W-Msc-140480"
116,-35,0.64,"Mytilus edulis","W-Msc-140480"
116.5,-35,0.64,"Mytilus edulis","W-Msc-140480"
117,-35,0.54,"Mytilus edulis","W-Msc-140480"
117.5,-35,0.33,"Mytilus edulis","W-Msc-140480"
118,-35,0.22,"Mytilus edulis","W-Msc-140480"
118.5,-35,0.67,"Mytilus edulis","W-Msc-140480"
119,-35,0.68,"Mytilus edulis","W-Msc-140480"
119.5,-35,0.69,"Mytilus edulis","W-Msc-140480"
120,-35,0.71,"Mytilus edulis","W-Msc-140480"
122.5,-35,0.75,"Mytilus edulis","W-Msc-140480"
123,-35,0.75,"Mytilus edulis","W-Msc-140480"
123.5,-35,0.75,"Mytilus edulis","W-Msc-140480"
124,-35,0.77,"Mytilus edulis","W-Msc-140480"
133.5,-35,0.75,"Mytilus edulis","W-Msc-140480"
134,-35,0.73,"Mytilus edulis","W-Msc-140480"
135,-35,0.73,"Mytilus edulis","W-Msc-140480"
135.5,-35,0.74,"Mytilus edulis","W-Msc-140480"
136,-35,0.69,"Mytilus edulis","W-Msc-140480"
136.5,-35,0.61,"Mytilus edulis","W-Msc-140480"
137,-35,0.31,"Mytilus edulis","W-Msc-140480"
137.5,-35,0.29,"Mytilus edulis","W-Msc-140480"
138,-35,0.57,"Mytilus edulis","W-Msc-140480"
138.5,-35,0.66,"Mytilus edulis","W-Msc-140480"
139,-35,0.49,"Mytilus edulis","W-Msc-140480"
151,-35,0.64,"Mytilus edulis","W-Msc-140480"
151.5,-35,0.34,"Mytilus edulis","W-Msc-140480"
173,-35,0.83,"Mytilus edulis","W-Msc-140480"
173.5,-35,0.79,"Mytilus edulis","W-Msc-140480"
174,-35,0.76,"Mytilus edulis","W-Msc-140480"
174.5,-35,0.73,"Mytilus edulis","W-Msc-140480"
-72.5,-35.5,0.46,"Mytilus edulis","W-Msc-140480"
-72,-35.5,0.45,"Mytilus edulis","W-Msc-140480"
-57,-35.5,0.44,"Mytilus edulis","W-Msc-140480"
-56.5,-35.5,0.85,"Mytilus edulis","W-Msc-140480"
-56,-35.5,0.89,"Mytilus edulis","W-Msc-140480"
-55.5,-35.5,0.9,"Mytilus edulis","W-Msc-140480"
-55,-35.5,0.87,"Mytilus edulis","W-Msc-140480"
-54.5,-35.5,0.77,"Mytilus edulis","W-Msc-140480"
-54,-35.5,0.74,"Mytilus edulis","W-Msc-140480"
-53.5,-35.5,0.74,"Mytilus edulis","W-Msc-140480"
-53,-35.5,0.75,"Mytilus edulis","W-Msc-140480"
-52.5,-35.5,0.81,"Mytilus edulis","W-Msc-140480"
116,-35.5,0.66,"Mytilus edulis","W-Msc-140480"
116.5,-35.5,0.65,"Mytilus edulis","W-Msc-140480"
117,-35.5,0.65,"Mytilus edulis","W-Msc-140480"
117.5,-35.5,0.66,"Mytilus edulis","W-Msc-140480"
118,-35.5,0.66,"Mytilus edulis","W-Msc-140480"
118.5,-35.5,0.68,"Mytilus edulis","W-Msc-140480"
119,-35.5,0.72,"Mytilus edulis","W-Msc-140480"
135,-35.5,0.76,"Mytilus edulis","W-Msc-140480"
135.5,-35.5,0.74,"Mytilus edulis","W-Msc-140480"
136,-35.5,0.41,"Mytilus edulis","W-Msc-140480"
136.5,-35.5,0.74,"Mytilus edulis","W-Msc-140480"
137,-35.5,0.7,"Mytilus edulis","W-Msc-140480"
137.5,-35.5,0.71,"Mytilus edulis","W-Msc-140480"
138,-35.5,0.73,"Mytilus edulis","W-Msc-140480"
138.5,-35.5,0.72,"Mytilus edulis","W-Msc-140480"
139,-35.5,0.72,"Mytilus edulis","W-Msc-140480"
150.5,-35.5,0.67,"Mytilus edulis","W-Msc-140480"
151,-35.5,0.64,"Mytilus edulis","W-Msc-140480"
173,-35.5,0.34,"Mytilus edulis","W-Msc-140480"
173.5,-35.5,0.81,"Mytilus edulis","W-Msc-140480"
174,-35.5,0.26,"Mytilus edulis","W-Msc-140480"
174.5,-35.5,0.78,"Mytilus edulis","W-Msc-140480"
175,-35.5,0.75,"Mytilus edulis","W-Msc-140480"
-72.5,-36,0.33,"Mytilus edulis","W-Msc-140480"
-57,-36,0.9,"Mytilus edulis","W-Msc-140480"
-56.5,-36,0.9,"Mytilus edulis","W-Msc-140480"
-56,-36,0.9,"Mytilus edulis","W-Msc-140480"
-55.5,-36,0.84,"Mytilus edulis","W-Msc-140480"
-55,-36,0.81,"Mytilus edulis","W-Msc-140480"
-54.5,-36,0.77,"Mytilus edulis","W-Msc-140480"
-54,-36,0.74,"Mytilus edulis","W-Msc-140480"
-53.5,-36,0.78,"Mytilus edulis","W-Msc-140480"
-53,-36,0.86,"Mytilus edulis","W-Msc-140480"
136.5,-36,0.34,"Mytilus edulis","W-Msc-140480"
137,-36,0.74,"Mytilus edulis","W-Msc-140480"
137.5,-36,0.74,"Mytilus edulis","W-Msc-140480"
138,-36,0.77,"Mytilus edulis","W-Msc-140480"
138.5,-36,0.77,"Mytilus edulis","W-Msc-140480"
139,-36,0.8,"Mytilus edulis","W-Msc-140480"
139.5,-36,0.84,"Mytilus edulis","W-Msc-140480"
140,-36,0.12,"Mytilus edulis","W-Msc-140480"
150.5,-36,0.68,"Mytilus edulis","W-Msc-140480"
151,-36,0.3,"Mytilus edulis","W-Msc-140480"
173.5,-36,0.84,"Mytilus edulis","W-Msc-140480"
174,-36,0.82,"Mytilus edulis","W-Msc-140480"
174.5,-36,0.81,"Mytilus edulis","W-Msc-140480"
175,-36,0.79,"Mytilus edulis","W-Msc-140480"
175.5,-36,0.77,"Mytilus edulis","W-Msc-140480"
176,-36,0.21,"Mytilus edulis","W-Msc-140480"
-125,-36.5,0.39,"Mytilus edulis","W-Msc-140480"
-73,-36.5,0.44,"Mytilus edulis","W-Msc-140480"
-72.5,-36.5,0.31,"Mytilus edulis","W-Msc-140480"
-57,-36.5,0.94,"Mytilus edulis","W-Msc-140480"
-56.5,-36.5,0.93,"Mytilus edulis","W-Msc-140480"
-56,-36.5,0.93,"Mytilus edulis","W-Msc-140480"
-55.5,-36.5,0.85,"Mytilus edulis","W-Msc-140480"
-55,-36.5,0.76,"Mytilus edulis","W-Msc-140480"
-54.5,-36.5,0.73,"Mytilus edulis","W-Msc-140480"
-54,-36.5,0.77,"Mytilus edulis","W-Msc-140480"
-53.5,-36.5,0.95,"Mytilus edulis","W-Msc-140480"
-53,-36.5,0.87,"Mytilus edulis","W-Msc-140480"
136.5,-36.5,0.79,"Mytilus edulis","W-Msc-140480"
137,-36.5,0.76,"Mytilus edulis","W-Msc-140480"
137.5,-36.5,0.76,"Mytilus edulis","W-Msc-140480"
138,-36.5,0.77,"Mytilus edulis","W-Msc-140480"
138.5,-36.5,0.79,"Mytilus edulis","W-Msc-140480"
139,-36.5,0.82,"Mytilus edulis","W-Msc-140480"
139.5,-36.5,0.85,"Mytilus edulis","W-Msc-140480"
140,-36.5,0.87,"Mytilus edulis","W-Msc-140480"
150.5,-36.5,0.68,"Mytilus edulis","W-Msc-140480"
174,-36.5,0.86,"Mytilus edulis","W-Msc-140480"
174.5,-36.5,0.87,"Mytilus edulis","W-Msc-140480"
175,-36.5,0.82,"Mytilus edulis","W-Msc-140480"
175.5,-36.5,0.81,"Mytilus edulis","W-Msc-140480"
176,-36.5,0.79,"Mytilus edulis","W-Msc-140480"
-73.5,-37,0.56,"Mytilus edulis","W-Msc-140480"
-73,-37,0.13,"Mytilus edulis","W-Msc-140480"
-72.5,-37,0.35,"Mytilus edulis","W-Msc-140480"
-56.5,-37,0.96,"Mytilus edulis","W-Msc-140480"
-56,-37,0.93,"Mytilus edulis","W-Msc-140480"
-55.5,-37,0.86,"Mytilus edulis","W-Msc-140480"
-55,-37,0.73,"Mytilus edulis","W-Msc-140480"
-54.5,-37,0.72,"Mytilus edulis","W-Msc-140480"
-54,-37,0.89,"Mytilus edulis","W-Msc-140480"
-53.5,-37,0.95,"Mytilus edulis","W-Msc-140480"
137,-37,0.58,"Mytilus edulis","W-Msc-140480"
137.5,-37,0.82,"Mytilus edulis","W-Msc-140480"
138,-37,0.81,"Mytilus edulis","W-Msc-140480"
138.5,-37,0.82,"Mytilus edulis","W-Msc-140480"
139,-37,0.84,"Mytilus edulis","W-Msc-140480"
139.5,-37,0.86,"Mytilus edulis","W-Msc-140480"
140,-37,0.9,"Mytilus edulis","W-Msc-140480"
150,-37,0.75,"Mytilus edulis","W-Msc-140480"
150.5,-37,0.7,"Mytilus edulis","W-Msc-140480"
174.5,-37,0.88,"Mytilus edulis","W-Msc-140480"
175,-37,0.47,"Mytilus edulis","W-Msc-140480"
175.5,-37,0.39,"Mytilus edulis","W-Msc-140480"
176,-37,0.82,"Mytilus edulis","W-Msc-140480"
176.5,-37,0.77,"Mytilus edulis","W-Msc-140480"
-73.5,-37.5,0.55,"Mytilus edulis","W-Msc-140480"
-73,-37.5,0.31,"Mytilus edulis","W-Msc-140480"
-57,-37.5,1,"Mytilus edulis","W-Msc-140480"
-56.5,-37.5,0.95,"Mytilus edulis","W-Msc-140480"
-56,-37.5,0.92,"Mytilus edulis","W-Msc-140480"
-55.5,-37.5,0.77,"Mytilus edulis","W-Msc-140480"
-55,-37.5,0.03,"Mytilus edulis","W-Msc-140480"
-54,-37.5,0.48,"Mytilus edulis","W-Msc-140480"
138,-37.5,0.9,"Mytilus edulis","W-Msc-140480"
138.5,-37.5,0.89,"Mytilus edulis","W-Msc-140480"
139,-37.5,0.88,"Mytilus edulis","W-Msc-140480"
139.5,-37.5,0.88,"Mytilus edulis","W-Msc-140480"
140,-37.5,0.89,"Mytilus edulis","W-Msc-140480"
140.5,-37.5,0.9,"Mytilus edulis","W-Msc-140480"
150,-37.5,0.77,"Mytilus edulis","W-Msc-140480"
150.5,-37.5,0.72,"Mytilus edulis","W-Msc-140480"
174,-37.5,0.03,"Mytilus edulis","W-Msc-140480"
174.5,-37.5,0.88,"Mytilus edulis","W-Msc-140480"
175,-37.5,0.77,"Mytilus edulis","W-Msc-140480"
175.5,-37.5,0.78,"Mytilus edulis","W-Msc-140480"
176,-37.5,0.85,"Mytilus edulis","W-Msc-140480"
176.5,-37.5,0.82,"Mytilus edulis","W-Msc-140480"
177.5,-37.5,0.77,"Mytilus edulis","W-Msc-140480"
-73.5,-38,0.65,"Mytilus edulis","W-Msc-140480"
-73,-38,0.4,"Mytilus edulis","W-Msc-140480"
-57.5,-38,1,"Mytilus edulis","W-Msc-140480"
-57,-38,1,"Mytilus edulis","W-Msc-140480"
-56.5,-38,0.97,"Mytilus edulis","W-Msc-140480"
-56,-38,0.71,"Mytilus edulis","W-Msc-140480"
-55.5,-38,0.49,"Mytilus edulis","W-Msc-140480"
-55,-38,0.38,"Mytilus edulis","W-Msc-140480"
140,-38,0.89,"Mytilus edulis","W-Msc-140480"
140.5,-38,0.9,"Mytilus edulis","W-Msc-140480"
141,-38,0.9,"Mytilus edulis","W-Msc-140480"
145,-38,0.85,"Mytilus edulis","W-Msc-140480"
145.5,-38,0.85,"Mytilus edulis","W-Msc-140480"
148,-38,0.88,"Mytilus edulis","W-Msc-140480"
148.5,-38,0.9,"Mytilus edulis","W-Msc-140480"
149,-38,0.88,"Mytilus edulis","W-Msc-140480"
149.5,-38,0.85,"Mytilus edulis","W-Msc-140480"
150,-38,0.82,"Mytilus edulis","W-Msc-140480"
150.5,-38,0.73,"Mytilus edulis","W-Msc-140480"
174.5,-38,0.34,"Mytilus edulis","W-Msc-140480"
175,-38,0.92,"Mytilus edulis","W-Msc-140480"
176,-38,0.15,"Mytilus edulis","W-Msc-140480"
176.5,-38,0.87,"Mytilus edulis","W-Msc-140480"
177,-38,0.84,"Mytilus edulis","W-Msc-140480"
177.5,-38,0.83,"Mytilus edulis","W-Msc-140480"
178,-38,0.83,"Mytilus edulis","W-Msc-140480"
178.5,-38,0.83,"Mytilus edulis","W-Msc-140480"
179,-38,0.84,"Mytilus edulis","W-Msc-140480"
-74,-38.5,0.31,"Mytilus edulis","W-Msc-140480"
-73.5,-38.5,0.59,"Mytilus edulis","W-Msc-140480"
-73,-38.5,0.47,"Mytilus edulis","W-Msc-140480"
-58,-38.5,1,"Mytilus edulis","W-Msc-140480"
-57.5,-38.5,1,"Mytilus edulis","W-Msc-140480"
-57,-38.5,1,"Mytilus edulis","W-Msc-140480"
-56.5,-38.5,1,"Mytilus edulis","W-Msc-140480"
-56,-38.5,1,"Mytilus edulis","W-Msc-140480"
-55.5,-38.5,1,"Mytilus edulis","W-Msc-140480"
-55,-38.5,1,"Mytilus edulis","W-Msc-140480"
140.5,-38.5,0.91,"Mytilus edulis","W-Msc-140480"
141,-38.5,0.9,"Mytilus edulis","W-Msc-140480"
141.5,-38.5,0.9,"Mytilus edulis","W-Msc-140480"
142,-38.5,0.91,"Mytilus edulis","W-Msc-140480"
142.5,-38.5,0.9,"Mytilus edulis","W-Msc-140480"
143,-38.5,0.9,"Mytilus edulis","W-Msc-140480"
144.5,-38.5,0.89,"Mytilus edulis","W-Msc-140480"
145,-38.5,0.88,"Mytilus edulis","W-Msc-140480"
145.5,-38.5,0.88,"Mytilus edulis","W-Msc-140480"
146,-38.5,0.88,"Mytilus edulis","W-Msc-140480"
147.5,-38.5,0.89,"Mytilus edulis","W-Msc-140480"
148,-38.5,0.89,"Mytilus edulis","W-Msc-140480"
148.5,-38.5,0.88,"Mytilus edulis","W-Msc-140480"
149,-38.5,0.84,"Mytilus edulis","W-Msc-140480"
149.5,-38.5,0.78,"Mytilus edulis","W-Msc-140480"
174.5,-38.5,0.91,"Mytilus edulis","W-Msc-140480"
175,-38.5,0.93,"Mytilus edulis","W-Msc-140480"
178.5,-38.5,0.88,"Mytilus edulis","W-Msc-140480"
179,-38.5,0.41,"Mytilus edulis","W-Msc-140480"
-73.5,-39,0.47,"Mytilus edulis","W-Msc-140480"
-73,-39,0.53,"Mytilus edulis","W-Msc-140480"
-62,-39,1,"Mytilus edulis","W-Msc-140480"
-61.5,-39,1,"Mytilus edulis","W-Msc-140480"
-61,-39,1,"Mytilus edulis","W-Msc-140480"
-60.5,-39,1,"Mytilus edulis","W-Msc-140480"
-60,-39,1,"Mytilus edulis","W-Msc-140480"
-59.5,-39,1,"Mytilus edulis","W-Msc-140480"
-59,-39,1,"Mytilus edulis","W-Msc-140480"
-58.5,-39,1,"Mytilus edulis","W-Msc-140480"
-58,-39,1,"Mytilus edulis","W-Msc-140480"
-57.5,-39,0.76,"Mytilus edulis","W-Msc-140480"
-57,-39,0.86,"Mytilus edulis","W-Msc-140480"
-56.5,-39,1,"Mytilus edulis","W-Msc-140480"
-56,-39,0.93,"Mytilus edulis","W-Msc-140480"
-55.5,-39,1,"Mytilus edulis","W-Msc-140480"
141.5,-39,0.44,"Mytilus edulis","W-Msc-140480"
142,-39,0.91,"Mytilus edulis","W-Msc-140480"
142.5,-39,0.91,"Mytilus edulis","W-Msc-140480"
143,-39,0.91,"Mytilus edulis","W-Msc-140480"
143.5,-39,0.91,"Mytilus edulis","W-Msc-140480"
144,-39,0.9,"Mytilus edulis","W-Msc-140480"
144.5,-39,0.89,"Mytilus edulis","W-Msc-140480"
145,-39,0.89,"Mytilus edulis","W-Msc-140480"
145.5,-39,0.88,"Mytilus edulis","W-Msc-140480"
146,-39,0.88,"Mytilus edulis","W-Msc-140480"
146.5,-39,0.87,"Mytilus edulis","W-Msc-140480"
147,-39,0.88,"Mytilus edulis","W-Msc-140480"
147.5,-39,0.88,"Mytilus edulis","W-Msc-140480"
148,-39,0.89,"Mytilus edulis","W-Msc-140480"
148.5,-39,0.86,"Mytilus edulis","W-Msc-140480"
173.5,-39,0.83,"Mytilus edulis","W-Msc-140480"
174.5,-39,0.94,"Mytilus edulis","W-Msc-140480"
175,-39,0.96,"Mytilus edulis","W-Msc-140480"
178,-39,0.91,"Mytilus edulis","W-Msc-140480"
178.5,-39,0.89,"Mytilus edulis","W-Msc-140480"
-73,-39.5,0.59,"Mytilus edulis","W-Msc-140480"
-62,-39.5,0.67,"Mytilus edulis","W-Msc-140480"
-61.5,-39.5,0.71,"Mytilus edulis","W-Msc-140480"
-61,-39.5,0.74,"Mytilus edulis","W-Msc-140480"
-60.5,-39.5,1,"Mytilus edulis","W-Msc-140480"
-60,-39.5,1,"Mytilus edulis","W-Msc-140480"
-59.5,-39.5,1,"Mytilus edulis","W-Msc-140480"
-59,-39.5,0.97,"Mytilus edulis","W-Msc-140480"
-58.5,-39.5,1,"Mytilus edulis","W-Msc-140480"
-58,-39.5,1,"Mytilus edulis","W-Msc-140480"
-57.5,-39.5,1,"Mytilus edulis","W-Msc-140480"
-57,-39.5,1,"Mytilus edulis","W-Msc-140480"
-56.5,-39.5,0.76,"Mytilus edulis","W-Msc-140480"
-56,-39.5,0.62,"Mytilus edulis","W-Msc-140480"
-55.5,-39.5,1,"Mytilus edulis","W-Msc-140480"
143.5,-39.5,0.79,"Mytilus edulis","W-Msc-140480"
144,-39.5,0.31,"Mytilus edulis","W-Msc-140480"
144.5,-39.5,0.9,"Mytilus edulis","W-Msc-140480"
145,-39.5,0.71,"Mytilus edulis","W-Msc-140480"
145.5,-39.5,0.77,"Mytilus edulis","W-Msc-140480"
146,-39.5,0.61,"Mytilus edulis","W-Msc-140480"
146.5,-39.5,0.87,"Mytilus edulis","W-Msc-140480"
147,-39.5,0.88,"Mytilus edulis","W-Msc-140480"
147.5,-39.5,0.89,"Mytilus edulis","W-Msc-140480"
148,-39.5,0.9,"Mytilus edulis","W-Msc-140480"
148.5,-39.5,0.87,"Mytilus edulis","W-Msc-140480"
149,-39.5,0.67,"Mytilus edulis","W-Msc-140480"
174,-39.5,0.96,"Mytilus edulis","W-Msc-140480"
174.5,-39.5,0.98,"Mytilus edulis","W-Msc-140480"
177,-39.5,0.97,"Mytilus edulis","W-Msc-140480"
177.5,-39.5,0.98,"Mytilus edulis","W-Msc-140480"
178,-39.5,0.95,"Mytilus edulis","W-Msc-140480"
178.5,-39.5,0.88,"Mytilus edulis","W-Msc-140480"
-73.5,-40,0.57,"Mytilus edulis","W-Msc-140480"
-73,-40,0.64,"Mytilus edulis","W-Msc-140480"
-62,-40,1,"Mytilus edulis","W-Msc-140480"
-61.5,-40,0.93,"Mytilus edulis","W-Msc-140480"
-61,-40,0.42,"Mytilus edulis","W-Msc-140480"
-60.5,-40,0.8,"Mytilus edulis","W-Msc-140480"
-60,-40,0.9,"Mytilus edulis","W-Msc-140480"
-59.5,-40,1,"Mytilus edulis","W-Msc-140480"
-59,-40,0.24,"Mytilus edulis","W-Msc-140480"
-58.5,-40,0.55,"Mytilus edulis","W-Msc-140480"
-58,-40,0.45,"Mytilus edulis","W-Msc-140480"
-57.5,-40,0.59,"Mytilus edulis","W-Msc-140480"
-57,-40,1,"Mytilus edulis","W-Msc-140480"
-56,-40,0.66,"Mytilus edulis","W-Msc-140480"
143.5,-40,0.93,"Mytilus edulis","W-Msc-140480"
144,-40,0.91,"Mytilus edulis","W-Msc-140480"
144.5,-40,0.91,"Mytilus edulis","W-Msc-140480"
145,-40,0.9,"Mytilus edulis","W-Msc-140480"
145.5,-40,0.77,"Mytilus edulis","W-Msc-140480"
146,-40,0.24,"Mytilus edulis","W-Msc-140480"
147,-40,0.42,"Mytilus edulis","W-Msc-140480"
147.5,-40,0.88,"Mytilus edulis","W-Msc-140480"
148,-40,0.89,"Mytilus edulis","W-Msc-140480"
148.5,-40,0.92,"Mytilus edulis","W-Msc-140480"
149,-40,0.87,"Mytilus edulis","W-Msc-140480"
174,-40,1,"Mytilus edulis","W-Msc-140480"
174.5,-40,1,"Mytilus edulis","W-Msc-140480"
175,-40,1,"Mytilus edulis","W-Msc-140480"
175.5,-40,1,"Mytilus edulis","W-Msc-140480"
177,-40,0.98,"Mytilus edulis","W-Msc-140480"
177.5,-40,0.96,"Mytilus edulis","W-Msc-140480"
-73.5,-40.5,0.43,"Mytilus edulis","W-Msc-140480"
-62,-40.5,1,"Mytilus edulis","W-Msc-140480"
-61.5,-40.5,0.5,"Mytilus edulis","W-Msc-140480"
-61,-40.5,0.32,"Mytilus edulis","W-Msc-140480"
-60.5,-40.5,0.79,"Mytilus edulis","W-Msc-140480"
-60,-40.5,0.48,"Mytilus edulis","W-Msc-140480"
-59.5,-40.5,0.79,"Mytilus edulis","W-Msc-140480"
-59,-40.5,1,"Mytilus edulis","W-Msc-140480"
-58.5,-40.5,0.34,"Mytilus edulis","W-Msc-140480"
-58,-40.5,1,"Mytilus edulis","W-Msc-140480"
-57.5,-40.5,0.48,"Mytilus edulis","W-Msc-140480"
-57,-40.5,1,"Mytilus edulis","W-Msc-140480"
-56.5,-40.5,0.62,"Mytilus edulis","W-Msc-140480"
-56,-40.5,0.72,"Mytilus edulis","W-Msc-140480"
143.5,-40.5,0.94,"Mytilus edulis","W-Msc-140480"
144,-40.5,0.92,"Mytilus edulis","W-Msc-140480"
144.5,-40.5,0.92,"Mytilus edulis","W-Msc-140480"
145,-40.5,0.92,"Mytilus edulis","W-Msc-140480"
145.5,-40.5,0.91,"Mytilus edulis","W-Msc-140480"
146,-40.5,0.89,"Mytilus edulis","W-Msc-140480"
146.5,-40.5,0.36,"Mytilus edulis","W-Msc-140480"
147,-40.5,0.88,"Mytilus edulis","W-Msc-140480"
147.5,-40.5,0.89,"Mytilus edulis","W-Msc-140480"
148,-40.5,0.89,"Mytilus edulis","W-Msc-140480"
148.5,-40.5,0.92,"Mytilus edulis","W-Msc-140480"
149,-40.5,0.9,"Mytilus edulis","W-Msc-140480"
173,-40.5,1,"Mytilus edulis","W-Msc-140480"
173.5,-40.5,1,"Mytilus edulis","W-Msc-140480"
175,-40.5,0.83,"Mytilus edulis","W-Msc-140480"
175.5,-40.5,1,"Mytilus edulis","W-Msc-140480"
177,-40.5,0.97,"Mytilus edulis","W-Msc-140480"
-73.5,-41,0.65,"Mytilus edulis","W-Msc-140480"
-65,-41,1,"Mytilus edulis","W-Msc-140480"
-64.5,-41,0.98,"Mytilus edulis","W-Msc-140480"
-64,-41,0.49,"Mytilus edulis","W-Msc-140480"
-62.5,-41,1,"Mytilus edulis","W-Msc-140480"
-62,-41,0.87,"Mytilus edulis","W-Msc-140480"
-61.5,-41,0.35,"Mytilus edulis","W-Msc-140480"
-61,-41,0.5,"Mytilus edulis","W-Msc-140480"
-60.5,-41,1,"Mytilus edulis","W-Msc-140480"
-60,-41,0.62,"Mytilus edulis","W-Msc-140480"
-59.5,-41,0.76,"Mytilus edulis","W-Msc-140480"
-59,-41,0.9,"Mytilus edulis","W-Msc-140480"
-58.5,-41,1,"Mytilus edulis","W-Msc-140480"
-56.5,-41,0.07,"Mytilus edulis","W-Msc-140480"
144,-41,0.95,"Mytilus edulis","W-Msc-140480"
144.5,-41,0.94,"Mytilus edulis","W-Msc-140480"
145,-41,0.87,"Mytilus edulis","W-Msc-140480"
145.5,-41,0.91,"Mytilus edulis","W-Msc-140480"
146,-41,0.9,"Mytilus edulis","W-Msc-140480"
146.5,-41,0.89,"Mytilus edulis","W-Msc-140480"
147,-41,0.89,"Mytilus edulis","W-Msc-140480"
147.5,-41,0.9,"Mytilus edulis","W-Msc-140480"
148,-41,0.9,"Mytilus edulis","W-Msc-140480"
148.5,-41,0.93,"Mytilus edulis","W-Msc-140480"
149,-41,0.93,"Mytilus edulis","W-Msc-140480"
172.5,-41,0.84,"Mytilus edulis","W-Msc-140480"
173,-41,0.88,"Mytilus edulis","W-Msc-140480"
173.5,-41,0.94,"Mytilus edulis","W-Msc-140480"
174,-41,1,"Mytilus edulis","W-Msc-140480"
174.5,-41,1,"Mytilus edulis","W-Msc-140480"
175,-41,1,"Mytilus edulis","W-Msc-140480"
175.5,-41,1,"Mytilus edulis","W-Msc-140480"
176.5,-41,1,"Mytilus edulis","W-Msc-140480"
177,-41,0.99,"Mytilus edulis","W-Msc-140480"
-73.5,-41.5,0.78,"Mytilus edulis","W-Msc-140480"
-73,-41.5,0.27,"Mytilus edulis","W-Msc-140480"
-72.5,-41.5,0.91,"Mytilus edulis","W-Msc-140480"
-72,-41.5,0.16,"Mytilus edulis","W-Msc-140480"
-65,-41.5,1,"Mytilus edulis","W-Msc-140480"
-63,-41.5,0.08,"Mytilus edulis","W-Msc-140480"
-62.5,-41.5,0.14,"Mytilus edulis","W-Msc-140480"
-62,-41.5,0.24,"Mytilus edulis","W-Msc-140480"
-61.5,-41.5,0.32,"Mytilus edulis","W-Msc-140480"
-61,-41.5,0.87,"Mytilus edulis","W-Msc-140480"
-60.5,-41.5,1,"Mytilus edulis","W-Msc-140480"
-59.5,-41.5,0.07,"Mytilus edulis","W-Msc-140480"
-58.5,-41.5,1,"Mytilus edulis","W-Msc-140480"
-58,-41.5,1,"Mytilus edulis","W-Msc-140480"
-57.5,-41.5,0.21,"Mytilus edulis","W-Msc-140480"
144.5,-41.5,0.96,"Mytilus edulis","W-Msc-140480"
145,-41.5,0.95,"Mytilus edulis","W-Msc-140480"
146,-41.5,0.92,"Mytilus edulis","W-Msc-140480"
146.5,-41.5,0.92,"Mytilus edulis","W-Msc-140480"
147,-41.5,0.92,"Mytilus edulis","W-Msc-140480"
148.5,-41.5,0.95,"Mytilus edulis","W-Msc-140480"
172.5,-41.5,0.85,"Mytilus edulis","W-Msc-140480"
173.5,-41.5,0.84,"Mytilus edulis","W-Msc-140480"
174,-41.5,0.89,"Mytilus edulis","W-Msc-140480"
174.5,-41.5,0.92,"Mytilus edulis","W-Msc-140480"
175,-41.5,1,"Mytilus edulis","W-Msc-140480"
175.5,-41.5,1,"Mytilus edulis","W-Msc-140480"
176,-41.5,1,"Mytilus edulis","W-Msc-140480"
176.5,-41.5,1,"Mytilus edulis","W-Msc-140480"
-74,-42,0.84,"Mytilus edulis","W-Msc-140480"
-73.5,-42,0.67,"Mytilus edulis","W-Msc-140480"
-73,-42,1,"Mytilus edulis","W-Msc-140480"
-72.5,-42,1,"Mytilus edulis","W-Msc-140480"
-72,-42,0.17,"Mytilus edulis","W-Msc-140480"
-65,-42,0.82,"Mytilus edulis","W-Msc-140480"
-63.5,-42,0.1,"Mytilus edulis","W-Msc-140480"
-63,-42,0.21,"Mytilus edulis","W-Msc-140480"
-62.5,-42,0.29,"Mytilus edulis","W-Msc-140480"
-62,-42,0.49,"Mytilus edulis","W-Msc-140480"
-61.5,-42,0.31,"Mytilus edulis","W-Msc-140480"
-61,-42,1,"Mytilus edulis","W-Msc-140480"
-60.5,-42,1,"Mytilus edulis","W-Msc-140480"
-60,-42,0.72,"Mytilus edulis","W-Msc-140480"
-58.5,-42,1,"Mytilus edulis","W-Msc-140480"
-58,-42,0.41,"Mytilus edulis","W-Msc-140480"
-57.5,-42,1,"Mytilus edulis","W-Msc-140480"
145,-42,0.96,"Mytilus edulis","W-Msc-140480"
145.5,-42,0.95,"Mytilus edulis","W-Msc-140480"
148.5,-42,0.96,"Mytilus edulis","W-Msc-140480"
149,-42,0.03,"Mytilus edulis","W-Msc-140480"
171.5,-42,0.88,"Mytilus edulis","W-Msc-140480"
172,-42,0.81,"Mytilus edulis","W-Msc-140480"
174.5,-42,0.83,"Mytilus edulis","W-Msc-140480"
175.5,-42,0.98,"Mytilus edulis","W-Msc-140480"
176,-42,1,"Mytilus edulis","W-Msc-140480"
-74,-42.5,0.93,"Mytilus edulis","W-Msc-140480"
-73.5,-42.5,0.93,"Mytilus edulis","W-Msc-140480"
-73,-42.5,1,"Mytilus edulis","W-Msc-140480"
-72.5,-42.5,1,"Mytilus edulis","W-Msc-140480"
-72,-42.5,1,"Mytilus edulis","W-Msc-140480"
-65,-42.5,0.84,"Mytilus edulis","W-Msc-140480"
-64,-42.5,0.07,"Mytilus edulis","W-Msc-140480"
-63.5,-42.5,0.56,"Mytilus edulis","W-Msc-140480"
-63,-42.5,0.74,"Mytilus edulis","W-Msc-140480"
-62.5,-42.5,0.55,"Mytilus edulis","W-Msc-140480"
-62,-42.5,1,"Mytilus edulis","W-Msc-140480"
-61.5,-42.5,0.86,"Mytilus edulis","W-Msc-140480"
-61,-42.5,0.52,"Mytilus edulis","W-Msc-140480"
-60.5,-42.5,1,"Mytilus edulis","W-Msc-140480"
-60,-42.5,1,"Mytilus edulis","W-Msc-140480"
-59.5,-42.5,0.14,"Mytilus edulis","W-Msc-140480"
-59,-42.5,1,"Mytilus edulis","W-Msc-140480"
-58.5,-42.5,1,"Mytilus edulis","W-Msc-140480"
-58,-42.5,1,"Mytilus edulis","W-Msc-140480"
145.5,-42.5,0.98,"Mytilus edulis","W-Msc-140480"
146,-42.5,0.97,"Mytilus edulis","W-Msc-140480"
148.5,-42.5,0.94,"Mytilus edulis","W-Msc-140480"
171.5,-42.5,0.72,"Mytilus edulis","W-Msc-140480"
174,-42.5,0.88,"Mytilus edulis","W-Msc-140480"
174.5,-42.5,0.91,"Mytilus edulis","W-Msc-140480"
-74,-43,0.98,"Mytilus edulis","W-Msc-140480"
-73.5,-43,1,"Mytilus edulis","W-Msc-140480"
-73,-43,1,"Mytilus edulis","W-Msc-140480"
-72.5,-43,1,"Mytilus edulis","W-Msc-140480"
-65,-43,0.32,"Mytilus edulis","W-Msc-140480"
-64.5,-43,0.73,"Mytilus edulis","W-Msc-140480"
-64,-43,0.79,"Mytilus edulis","W-Msc-140480"
-63.5,-43,1,"Mytilus edulis","W-Msc-140480"
-63,-43,1,"Mytilus edulis","W-Msc-140480"
-62,-43,0.66,"Mytilus edulis","W-Msc-140480"
-60.5,-43,0.76,"Mytilus edulis","W-Msc-140480"
-60,-43,1,"Mytilus edulis","W-Msc-140480"
-59.5,-43,1,"Mytilus edulis","W-Msc-140480"
-59,-43,1,"Mytilus edulis","W-Msc-140480"
-58.5,-43,1,"Mytilus edulis","W-Msc-140480"
145.5,-43,0.99,"Mytilus edulis","W-Msc-140480"
146,-43,0.98,"Mytilus edulis","W-Msc-140480"
147.5,-43,0.98,"Mytilus edulis","W-Msc-140480"
148,-43,0.98,"Mytilus edulis","W-Msc-140480"
148.5,-43,0.98,"Mytilus edulis","W-Msc-140480"
170.5,-43,1,"Mytilus edulis","W-Msc-140480"
171,-43,0.82,"Mytilus edulis","W-Msc-140480"
171.5,-43,0.71,"Mytilus edulis","W-Msc-140480"
173.5,-43,0.74,"Mytilus edulis","W-Msc-140480"
174,-43,0.92,"Mytilus edulis","W-Msc-140480"
-177,-43.5,1,"Mytilus edulis","W-Msc-140480"
-176.5,-43.5,1,"Mytilus edulis","W-Msc-140480"
-98,-43.5,1,"Mytilus edulis","W-Msc-140480"
-97.5,-43.5,1,"Mytilus edulis","W-Msc-140480"
-74.5,-43.5,1,"Mytilus edulis","W-Msc-140480"
-74,-43.5,1,"Mytilus edulis","W-Msc-140480"
-73.5,-43.5,1,"Mytilus edulis","W-Msc-140480"
-73,-43.5,1,"Mytilus edulis","W-Msc-140480"
-72.5,-43.5,1,"Mytilus edulis","W-Msc-140480"
-65,-43.5,1,"Mytilus edulis","W-Msc-140480"
-64.5,-43.5,1,"Mytilus edulis","W-Msc-140480"
-64,-43.5,1,"Mytilus edulis","W-Msc-140480"
-63.5,-43.5,1,"Mytilus edulis","W-Msc-140480"
-63,-43.5,0.93,"Mytilus edulis","W-Msc-140480"
-62.5,-43.5,1,"Mytilus edulis","W-Msc-140480"
-62,-43.5,1,"Mytilus edulis","W-Msc-140480"
-61,-43.5,1,"Mytilus edulis","W-Msc-140480"
-60.5,-43.5,1,"Mytilus edulis","W-Msc-140480"
-60,-43.5,1,"Mytilus edulis","W-Msc-140480"
-59.5,-43.5,0.45,"Mytilus edulis","W-Msc-140480"
145.5,-43.5,1,"Mytilus edulis","W-Msc-140480"
146,-43.5,1,"Mytilus edulis","W-Msc-140480"
146.5,-43.5,1,"Mytilus edulis","W-Msc-140480"
147,-43.5,0.33,"Mytilus edulis","W-Msc-140480"
147.5,-43.5,0.92,"Mytilus edulis","W-Msc-140480"
148,-43.5,0.99,"Mytilus edulis","W-Msc-140480"
148.5,-43.5,0.98,"Mytilus edulis","W-Msc-140480"
169.5,-43.5,1,"Mytilus edulis","W-Msc-140480"
170,-43.5,0.95,"Mytilus edulis","W-Msc-140480"
170.5,-43.5,0.84,"Mytilus edulis","W-Msc-140480"
171,-43.5,0.13,"Mytilus edulis","W-Msc-140480"
173,-43.5,0.41,"Mytilus edulis","W-Msc-140480"
173.5,-43.5,0.75,"Mytilus edulis","W-Msc-140480"
-177,-44,1,"Mytilus edulis","W-Msc-140480"
-176.5,-44,1,"Mytilus edulis","W-Msc-140480"
-176,-44,1,"Mytilus edulis","W-Msc-140480"
-175.5,-44,0.79,"Mytilus edulis","W-Msc-140480"
-74.5,-44,1,"Mytilus edulis","W-Msc-140480"
-74,-44,1,"Mytilus edulis","W-Msc-140480"
-73.5,-44,1,"Mytilus edulis","W-Msc-140480"
-73,-44,1,"Mytilus edulis","W-Msc-140480"
-72.5,-44,1,"Mytilus edulis","W-Msc-140480"
-65,-44,1,"Mytilus edulis","W-Msc-140480"
-64.5,-44,0.62,"Mytilus edulis","W-Msc-140480"
-63.5,-44,1,"Mytilus edulis","W-Msc-140480"
-63,-44,1,"Mytilus edulis","W-Msc-140480"
-62.5,-44,0.97,"Mytilus edulis","W-Msc-140480"
-62,-44,0.59,"Mytilus edulis","W-Msc-140480"
-61,-44,1,"Mytilus edulis","W-Msc-140480"
-60.5,-44,1,"Mytilus edulis","W-Msc-140480"
-60,-44,1,"Mytilus edulis","W-Msc-140480"
146.5,-44,1,"Mytilus edulis","W-Msc-140480"
147,-44,1,"Mytilus edulis","W-Msc-140480"
147.5,-44,1,"Mytilus edulis","W-Msc-140480"
168.5,-44,1,"Mytilus edulis","W-Msc-140480"
169,-44,0.98,"Mytilus edulis","W-Msc-140480"
169.5,-44,0.84,"Mytilus edulis","W-Msc-140480"
170,-44,0.84,"Mytilus edulis","W-Msc-140480"
172,-44,0.59,"Mytilus edulis","W-Msc-140480"
172.5,-44,0.58,"Mytilus edulis","W-Msc-140480"
173,-44,0.71,"Mytilus edulis","W-Msc-140480"
173.5,-44,0.87,"Mytilus edulis","W-Msc-140480"
174,-44,1,"Mytilus edulis","W-Msc-140480"
-176.5,-44.5,1,"Mytilus edulis","W-Msc-140480"
-176,-44.5,1,"Mytilus edulis","W-Msc-140480"
-175.5,-44.5,1,"Mytilus edulis","W-Msc-140480"
-74.5,-44.5,1,"Mytilus edulis","W-Msc-140480"
-74,-44.5,0.96,"Mytilus edulis","W-Msc-140480"
-73.5,-44.5,1,"Mytilus edulis","W-Msc-140480"
-73,-44.5,1,"Mytilus edulis","W-Msc-140480"
-72.5,-44.5,1,"Mytilus edulis","W-Msc-140480"
-65,-44.5,1,"Mytilus edulis","W-Msc-140480"
-64.5,-44.5,0.59,"Mytilus edulis","W-Msc-140480"
-62.5,-44.5,0.79,"Mytilus edulis","W-Msc-140480"
-62,-44.5,1,"Mytilus edulis","W-Msc-140480"
-61.5,-44.5,1,"Mytilus edulis","W-Msc-140480"
-60.5,-44.5,1,"Mytilus edulis","W-Msc-140480"
-60,-44.5,1,"Mytilus edulis","W-Msc-140480"
168,-44.5,1,"Mytilus edulis","W-Msc-140480"
168.5,-44.5,1,"Mytilus edulis","W-Msc-140480"
171.5,-44.5,0.65,"Mytilus edulis","W-Msc-140480"
172,-44.5,0.53,"Mytilus edulis","W-Msc-140480"
172.5,-44.5,0.8,"Mytilus edulis","W-Msc-140480"
173,-44.5,1,"Mytilus edulis","W-Msc-140480"
-75,-45,1,"Mytilus edulis","W-Msc-140480"
-74.5,-45,0.92,"Mytilus edulis","W-Msc-140480"
-74,-45,0.93,"Mytilus edulis","W-Msc-140480"
-73.5,-45,1,"Mytilus edulis","W-Msc-140480"
-73,-45,1,"Mytilus edulis","W-Msc-140480"
-72.5,-45,1,"Mytilus edulis","W-Msc-140480"
-66,-45,1,"Mytilus edulis","W-Msc-140480"
-65.5,-45,1,"Mytilus edulis","W-Msc-140480"
-65,-45,1,"Mytilus edulis","W-Msc-140480"
-64,-45,0.07,"Mytilus edulis","W-Msc-140480"
-63.5,-45,1,"Mytilus edulis","W-Msc-140480"
-62,-45,0.07,"Mytilus edulis","W-Msc-140480"
-61.5,-45,1,"Mytilus edulis","W-Msc-140480"
-61,-45,1,"Mytilus edulis","W-Msc-140480"
-60.5,-45,1,"Mytilus edulis","W-Msc-140480"
-60,-45,1,"Mytilus edulis","W-Msc-140480"
167.5,-45,1,"Mytilus edulis","W-Msc-140480"
168,-45,1,"Mytilus edulis","W-Msc-140480"
171.5,-45,0.67,"Mytilus edulis","W-Msc-140480"
172,-45,1,"Mytilus edulis","W-Msc-140480"
-74.5,-45.5,0.88,"Mytilus edulis","W-Msc-140480"
-74,-45.5,0.83,"Mytilus edulis","W-Msc-140480"
-73.5,-45.5,1,"Mytilus edulis","W-Msc-140480"
-73,-45.5,1,"Mytilus edulis","W-Msc-140480"
-72.5,-45.5,0.17,"Mytilus edulis","W-Msc-140480"
-67,-45.5,1,"Mytilus edulis","W-Msc-140480"
-66.5,-45.5,1,"Mytilus edulis","W-Msc-140480"
-66,-45.5,1,"Mytilus edulis","W-Msc-140480"
-65.5,-45.5,1,"Mytilus edulis","W-Msc-140480"
-65,-45.5,1,"Mytilus edulis","W-Msc-140480"
-64.5,-45.5,0.28,"Mytilus edulis","W-Msc-140480"
-64,-45.5,0.24,"Mytilus edulis","W-Msc-140480"
-63.5,-45.5,0.07,"Mytilus edulis","W-Msc-140480"
-63,-45.5,0.1,"Mytilus edulis","W-Msc-140480"
-62.5,-45.5,0.66,"Mytilus edulis","W-Msc-140480"
-62,-45.5,0.97,"Mytilus edulis","W-Msc-140480"
-61.5,-45.5,1,"Mytilus edulis","W-Msc-140480"
-61,-45.5,0.03,"Mytilus edulis","W-Msc-140480"
-60.5,-45.5,0.9,"Mytilus edulis","W-Msc-140480"
-60,-45.5,1,"Mytilus edulis","W-Msc-140480"
167,-45.5,1,"Mytilus edulis","W-Msc-140480"
167.5,-45.5,1,"Mytilus edulis","W-Msc-140480"
171,-45.5,0.89,"Mytilus edulis","W-Msc-140480"
171.5,-45.5,1,"Mytilus edulis","W-Msc-140480"
-75,-46,1,"Mytilus edulis","W-Msc-140480"
-74.5,-46,0.79,"Mytilus edulis","W-Msc-140480"
-74,-46,0.81,"Mytilus edulis","W-Msc-140480"
-73.5,-46,0.87,"Mytilus edulis","W-Msc-140480"
-73,-46,0.96,"Mytilus edulis","W-Msc-140480"
-67.5,-46,1,"Mytilus edulis","W-Msc-140480"
-67,-46,1,"Mytilus edulis","W-Msc-140480"
-66.5,-46,0.1,"Mytilus edulis","W-Msc-140480"
-66,-46,0.45,"Mytilus edulis","W-Msc-140480"
-65.5,-46,0.28,"Mytilus edulis","W-Msc-140480"
-64.5,-46,0.24,"Mytilus edulis","W-Msc-140480"
-63.5,-46,0.34,"Mytilus edulis","W-Msc-140480"
-62.5,-46,1,"Mytilus edulis","W-Msc-140480"
-62,-46,0.17,"Mytilus edulis","W-Msc-140480"
-61.5,-46,1,"Mytilus edulis","W-Msc-140480"
-60.5,-46,0.97,"Mytilus edulis","W-Msc-140480"
-60,-46,1,"Mytilus edulis","W-Msc-140480"
50,-46,1,"Mytilus edulis","W-Msc-140480"
50.5,-46,1,"Mytilus edulis","W-Msc-140480"
51,-46,1,"Mytilus edulis","W-Msc-140480"
166.5,-46,1,"Mytilus edulis","W-Msc-140480"
167,-46,1,"Mytilus edulis","W-Msc-140480"
167.5,-46,0.17,"Mytilus edulis","W-Msc-140480"
170.5,-46,0.97,"Mytilus edulis","W-Msc-140480"
171,-46,0.98,"Mytilus edulis","W-Msc-140480"
171.5,-46,0.41,"Mytilus edulis","W-Msc-140480"
-83.5,-46.5,1,"Mytilus edulis","W-Msc-140480"
-75,-46.5,0.97,"Mytilus edulis","W-Msc-140480"
-74.5,-46.5,0.89,"Mytilus edulis","W-Msc-140480"
-74,-46.5,0.14,"Mytilus edulis","W-Msc-140480"
-73.5,-46.5,0.88,"Mytilus edulis","W-Msc-140480"
-73,-46.5,0.16,"Mytilus edulis","W-Msc-140480"
-67.5,-46.5,1,"Mytilus edulis","W-Msc-140480"
-67,-46.5,1,"Mytilus edulis","W-Msc-140480"
-64.5,-46.5,0.55,"Mytilus edulis","W-Msc-140480"
-63,-46.5,1,"Mytilus edulis","W-Msc-140480"
-62.5,-46.5,1,"Mytilus edulis","W-Msc-140480"
-62,-46.5,0.97,"Mytilus edulis","W-Msc-140480"
-61.5,-46.5,0.59,"Mytilus edulis","W-Msc-140480"
43,-46.5,0.41,"Mytilus edulis","W-Msc-140480"
50,-46.5,1,"Mytilus edulis","W-Msc-140480"
50.5,-46.5,0.99,"Mytilus edulis","W-Msc-140480"
51,-46.5,0.98,"Mytilus edulis","W-Msc-140480"
52,-46.5,0.95,"Mytilus edulis","W-Msc-140480"
52.5,-46.5,0.94,"Mytilus edulis","W-Msc-140480"
166.5,-46.5,0.1,"Mytilus edulis","W-Msc-140480"
167,-46.5,1,"Mytilus edulis","W-Msc-140480"
167.5,-46.5,1,"Mytilus edulis","W-Msc-140480"
168,-46.5,0.88,"Mytilus edulis","W-Msc-140480"
168.5,-46.5,0.85,"Mytilus edulis","W-Msc-140480"
170,-46.5,1,"Mytilus edulis","W-Msc-140480"
170.5,-46.5,1,"Mytilus edulis","W-Msc-140480"
171,-46.5,1,"Mytilus edulis","W-Msc-140480"
-75.5,-47,1,"Mytilus edulis","W-Msc-140480"
-75,-47,0.94,"Mytilus edulis","W-Msc-140480"
-74.5,-47,0.92,"Mytilus edulis","W-Msc-140480"
-74,-47,0.91,"Mytilus edulis","W-Msc-140480"
-73.5,-47,0.9,"Mytilus edulis","W-Msc-140480"
-67,-47,1,"Mytilus edulis","W-Msc-140480"
-66.5,-47,1,"Mytilus edulis","W-Msc-140480"
-66,-47,1,"Mytilus edulis","W-Msc-140480"
-65.5,-47,1,"Mytilus edulis","W-Msc-140480"
-65,-47,0.69,"Mytilus edulis","W-Msc-140480"
-64.5,-47,0.9,"Mytilus edulis","W-Msc-140480"
-63.5,-47,0.41,"Mytilus edulis","W-Msc-140480"
-63,-47,0.59,"Mytilus edulis","W-Msc-140480"
-62.5,-47,1,"Mytilus edulis","W-Msc-140480"
-61,-47,0.48,"Mytilus edulis","W-Msc-140480"
-60.5,-47,0.21,"Mytilus edulis","W-Msc-140480"
38,-47,1,"Mytilus edulis","W-Msc-140480"
38.5,-47,1,"Mytilus edulis","W-Msc-140480"
51,-47,0.93,"Mytilus edulis","W-Msc-140480"
51.5,-47,0.54,"Mytilus edulis","W-Msc-140480"
52,-47,0.44,"Mytilus edulis","W-Msc-140480"
167,-47,1,"Mytilus edulis","W-Msc-140480"
168,-47,0.93,"Mytilus edulis","W-Msc-140480"
168.5,-47,0.58,"Mytilus edulis","W-Msc-140480"
169,-47,0.86,"Mytilus edulis","W-Msc-140480"
169.5,-47,0.99,"Mytilus edulis","W-Msc-140480"
170,-47,1,"Mytilus edulis","W-Msc-140480"
-75,-47.5,0.93,"Mytilus edulis","W-Msc-140480"
-74.5,-47.5,0.94,"Mytilus edulis","W-Msc-140480"
-74,-47.5,0.94,"Mytilus edulis","W-Msc-140480"
-73.5,-47.5,0.15,"Mytilus edulis","W-Msc-140480"
-66.5,-47.5,1,"Mytilus edulis","W-Msc-140480"
-66,-47.5,1,"Mytilus edulis","W-Msc-140480"
-65.5,-47.5,1,"Mytilus edulis","W-Msc-140480"
-65,-47.5,1,"Mytilus edulis","W-Msc-140480"
-64.5,-47.5,0.59,"Mytilus edulis","W-Msc-140480"
-62.5,-47.5,0.41,"Mytilus edulis","W-Msc-140480"
-60.5,-47.5,0.14,"Mytilus edulis","W-Msc-140480"
70,-47.5,0.9,"Mytilus edulis","W-Msc-140480"
70.5,-47.5,0.9,"Mytilus edulis","W-Msc-140480"
71,-47.5,0.37,"Mytilus edulis","W-Msc-140480"
71.5,-47.5,0.06,"Mytilus edulis","W-Msc-140480"
167.5,-47.5,1,"Mytilus edulis","W-Msc-140480"
168,-47.5,1,"Mytilus edulis","W-Msc-140480"
168.5,-47.5,1,"Mytilus edulis","W-Msc-140480"
-75,-48,0.9,"Mytilus edulis","W-Msc-140480"
-74.5,-48,0.9,"Mytilus edulis","W-Msc-140480"
-74,-48,0.91,"Mytilus edulis","W-Msc-140480"
-73.5,-48,0.9,"Mytilus edulis","W-Msc-140480"
-73,-48,0.15,"Mytilus edulis","W-Msc-140480"
-65.5,-48,1,"Mytilus edulis","W-Msc-140480"
-65,-48,1,"Mytilus edulis","W-Msc-140480"
-64.5,-48,0.28,"Mytilus edulis","W-Msc-140480"
-61,-48,0.07,"Mytilus edulis","W-Msc-140480"
68.5,-48,0.09,"Mytilus edulis","W-Msc-140480"
69,-48,0.85,"Mytilus edulis","W-Msc-140480"
71,-48,0.84,"Mytilus edulis","W-Msc-140480"
71.5,-48,0.79,"Mytilus edulis","W-Msc-140480"
167,-48,1,"Mytilus edulis","W-Msc-140480"
167.5,-48,1,"Mytilus edulis","W-Msc-140480"
168,-48,1,"Mytilus edulis","W-Msc-140480"
179.5,-48,1,"Mytilus edulis","W-Msc-140480"
-75.5,-48.5,1,"Mytilus edulis","W-Msc-140480"
-75,-48.5,1,"Mytilus edulis","W-Msc-140480"
-74.5,-48.5,1,"Mytilus edulis","W-Msc-140480"
-74,-48.5,0.88,"Mytilus edulis","W-Msc-140480"
-73.5,-48.5,0.88,"Mytilus edulis","W-Msc-140480"
-73,-48.5,0.15,"Mytilus edulis","W-Msc-140480"
-66.5,-48.5,1,"Mytilus edulis","W-Msc-140480"
-66,-48.5,1,"Mytilus edulis","W-Msc-140480"
-65.5,-48.5,1,"Mytilus edulis","W-Msc-140480"
-65,-48.5,0.38,"Mytilus edulis","W-Msc-140480"
-61.5,-48.5,0.59,"Mytilus edulis","W-Msc-140480"
69,-48.5,0.79,"Mytilus edulis","W-Msc-140480"
69.5,-48.5,0.19,"Mytilus edulis","W-Msc-140480"
70,-48.5,0.82,"Mytilus edulis","W-Msc-140480"
166.5,-48.5,1,"Mytilus edulis","W-Msc-140480"
167,-48.5,1,"Mytilus edulis","W-Msc-140480"
167.5,-48.5,1,"Mytilus edulis","W-Msc-140480"
168,-48.5,1,"Mytilus edulis","W-Msc-140480"
168.5,-48.5,1,"Mytilus edulis","W-Msc-140480"
-75.5,-49,1,"Mytilus edulis","W-Msc-140480"
-75,-49,1,"Mytilus edulis","W-Msc-140480"
-74.5,-49,1,"Mytilus edulis","W-Msc-140480"
-74,-49,0.87,"Mytilus edulis","W-Msc-140480"
-73.5,-49,0.14,"Mytilus edulis","W-Msc-140480"
-67,-49,1,"Mytilus edulis","W-Msc-140480"
-66.5,-49,1,"Mytilus edulis","W-Msc-140480"
-64,-49,0.03,"Mytilus edulis","W-Msc-140480"
-63.5,-49,0.59,"Mytilus edulis","W-Msc-140480"
-63,-49,0.41,"Mytilus edulis","W-Msc-140480"
68,-49,0.16,"Mytilus edulis","W-Msc-140480"
68.5,-49,0.76,"Mytilus edulis","W-Msc-140480"
69,-49,0.76,"Mytilus edulis","W-Msc-140480"
69.5,-49,0.78,"Mytilus edulis","W-Msc-140480"
70,-49,0.8,"Mytilus edulis","W-Msc-140480"
70.5,-49,0.8,"Mytilus edulis","W-Msc-140480"
71,-49,0.75,"Mytilus edulis","W-Msc-140480"
166.5,-49,1,"Mytilus edulis","W-Msc-140480"
167,-49,1,"Mytilus edulis","W-Msc-140480"
167.5,-49,1,"Mytilus edulis","W-Msc-140480"
168,-49,1,"Mytilus edulis","W-Msc-140480"
-75.5,-49.5,1,"Mytilus edulis","W-Msc-140480"
-75,-49.5,1,"Mytilus edulis","W-Msc-140480"
-74.5,-49.5,0.16,"Mytilus edulis","W-Msc-140480"
-74,-49.5,0.82,"Mytilus edulis","W-Msc-140480"
-73.5,-49.5,0.83,"Mytilus edulis","W-Msc-140480"
-67.5,-49.5,1,"Mytilus edulis","W-Msc-140480"
-67,-49.5,1,"Mytilus edulis","W-Msc-140480"
-66.5,-49.5,0.1,"Mytilus edulis","W-Msc-140480"
67.5,-49.5,0.77,"Mytilus edulis","W-Msc-140480"
68.5,-49.5,0.74,"Mytilus edulis","W-Msc-140480"
69,-49.5,0.75,"Mytilus edulis","W-Msc-140480"
69.5,-49.5,0.26,"Mytilus edulis","W-Msc-140480"
70,-49.5,0.79,"Mytilus edulis","W-Msc-140480"
70.5,-49.5,0.76,"Mytilus edulis","W-Msc-140480"
71,-49.5,0.74,"Mytilus edulis","W-Msc-140480"
-75.5,-50,1,"Mytilus edulis","W-Msc-140480"
-75,-50,0.97,"Mytilus edulis","W-Msc-140480"
-74.5,-50,0.85,"Mytilus edulis","W-Msc-140480"
-74,-50,0.75,"Mytilus edulis","W-Msc-140480"
-73.5,-50,0.13,"Mytilus edulis","W-Msc-140480"
-68.5,-50,1,"Mytilus edulis","W-Msc-140480"
-68,-50,1,"Mytilus edulis","W-Msc-140480"
-67.5,-50,1,"Mytilus edulis","W-Msc-140480"
-67,-50,1,"Mytilus edulis","W-Msc-140480"
-66.5,-50,0.76,"Mytilus edulis","W-Msc-140480"
-66,-50,0.1,"Mytilus edulis","W-Msc-140480"
-62,-50,0.07,"Mytilus edulis","W-Msc-140480"
68,-50,0.22,"Mytilus edulis","W-Msc-140480"
69,-50,0.72,"Mytilus edulis","W-Msc-140480"
69.5,-50,0.73,"Mytilus edulis","W-Msc-140480"
70,-50,0.74,"Mytilus edulis","W-Msc-140480"
70.5,-50,0.73,"Mytilus edulis","W-Msc-140480"
74.5,-50,0.51,"Mytilus edulis","W-Msc-140480"
166.5,-50,1,"Mytilus edulis","W-Msc-140480"
179,-50,1,"Mytilus edulis","W-Msc-140480"
-75.5,-50.5,1,"Mytilus edulis","W-Msc-140480"
-75,-50.5,0.85,"Mytilus edulis","W-Msc-140480"
-74.5,-50.5,0.66,"Mytilus edulis","W-Msc-140480"
-74,-50.5,0.66,"Mytilus edulis","W-Msc-140480"
-73.5,-50.5,0.13,"Mytilus edulis","W-Msc-140480"
-69,-50.5,0.67,"Mytilus edulis","W-Msc-140480"
-68.5,-50.5,1,"Mytilus edulis","W-Msc-140480"
-68,-50.5,1,"Mytilus edulis","W-Msc-140480"
-67.5,-50.5,1,"Mytilus edulis","W-Msc-140480"
-67,-50.5,1,"Mytilus edulis","W-Msc-140480"
-66.5,-50.5,0.38,"Mytilus edulis","W-Msc-140480"
-62.5,-50.5,0.97,"Mytilus edulis","W-Msc-140480"
166.5,-50.5,1,"Mytilus edulis","W-Msc-140480"
167,-50.5,0.38,"Mytilus edulis","W-Msc-140480"
-75.5,-51,1,"Mytilus edulis","W-Msc-140480"
-75,-51,0.99,"Mytilus edulis","W-Msc-140480"
-74.5,-51,0.65,"Mytilus edulis","W-Msc-140480"
-74,-51,0.22,"Mytilus edulis","W-Msc-140480"
-73.5,-51,0.79,"Mytilus edulis","W-Msc-140480"
-73,-51,0.14,"Mytilus edulis","W-Msc-140480"
-69,-51,1,"Mytilus edulis","W-Msc-140480"
-68.5,-51,1,"Mytilus edulis","W-Msc-140480"
-68,-51,1,"Mytilus edulis","W-Msc-140480"
-67.5,-51,1,"Mytilus edulis","W-Msc-140480"
-67,-51,0.97,"Mytilus edulis","W-Msc-140480"
-62.5,-51,0.03,"Mytilus edulis","W-Msc-140480"
-61,-51,1,"Mytilus edulis","W-Msc-140480"
-60.5,-51,1,"Mytilus edulis","W-Msc-140480"
-60,-51,1,"Mytilus edulis","W-Msc-140480"
-59.5,-51,1,"Mytilus edulis","W-Msc-140480"
-59,-51,0.79,"Mytilus edulis","W-Msc-140480"
-58.5,-51,0.79,"Mytilus edulis","W-Msc-140480"
166,-51,1,"Mytilus edulis","W-Msc-140480"
166.5,-51,1,"Mytilus edulis","W-Msc-140480"
167,-51,0.48,"Mytilus edulis","W-Msc-140480"
-75.5,-51.5,1,"Mytilus edulis","W-Msc-140480"
-75,-51.5,1,"Mytilus edulis","W-Msc-140480"
-74.5,-51.5,0.91,"Mytilus edulis","W-Msc-140480"
-74,-51.5,1,"Mytilus edulis","W-Msc-140480"
-73.5,-51.5,0.87,"Mytilus edulis","W-Msc-140480"
-73,-51.5,0.86,"Mytilus edulis","W-Msc-140480"
-72.5,-51.5,0.15,"Mytilus edulis","W-Msc-140480"
-69,-51.5,1,"Mytilus edulis","W-Msc-140480"
-68.5,-51.5,1,"Mytilus edulis","W-Msc-140480"
-68,-51.5,0.24,"Mytilus edulis","W-Msc-140480"
-67.5,-51.5,0.31,"Mytilus edulis","W-Msc-140480"
-67,-51.5,0.07,"Mytilus edulis","W-Msc-140480"
-66.5,-51.5,0.03,"Mytilus edulis","W-Msc-140480"
-61,-51.5,1,"Mytilus edulis","W-Msc-140480"
-60.5,-51.5,0.93,"Mytilus edulis","W-Msc-140480"
-60,-51.5,0.76,"Mytilus edulis","W-Msc-140480"
-59.5,-51.5,0.73,"Mytilus edulis","W-Msc-140480"
-59,-51.5,0.76,"Mytilus edulis","W-Msc-140480"
-58.5,-51.5,0.89,"Mytilus edulis","W-Msc-140480"
-58,-51.5,1,"Mytilus edulis","W-Msc-140480"
-57.5,-51.5,1,"Mytilus edulis","W-Msc-140480"
55,-51.5,0.59,"Mytilus edulis","W-Msc-140480"
165.5,-51.5,1,"Mytilus edulis","W-Msc-140480"
166,-51.5,1,"Mytilus edulis","W-Msc-140480"
-75.5,-52,1,"Mytilus edulis","W-Msc-140480"
-75,-52,1,"Mytilus edulis","W-Msc-140480"
-74.5,-52,0.74,"Mytilus edulis","W-Msc-140480"
-74,-52,0.97,"Mytilus edulis","W-Msc-140480"
-73.5,-52,1,"Mytilus edulis","W-Msc-140480"
-73,-52,0.89,"Mytilus edulis","W-Msc-140480"
-72.5,-52,0.88,"Mytilus edulis","W-Msc-140480"
-72,-52,0.91,"Mytilus edulis","W-Msc-140480"
-69,-52,0.67,"Mytilus edulis","W-Msc-140480"
-68.5,-52,1,"Mytilus edulis","W-Msc-140480"
-68,-52,0.86,"Mytilus edulis","W-Msc-140480"
-61,-52,1,"Mytilus edulis","W-Msc-140480"
-60.5,-52,0.94,"Mytilus edulis","W-Msc-140480"
-60,-52,0.83,"Mytilus edulis","W-Msc-140480"
-59.5,-52,0.78,"Mytilus edulis","W-Msc-140480"
-59,-52,0.65,"Mytilus edulis","W-Msc-140480"
-58.5,-52,0.91,"Mytilus edulis","W-Msc-140480"
-58,-52,1,"Mytilus edulis","W-Msc-140480"
-57.5,-52,1,"Mytilus edulis","W-Msc-140480"
71.5,-52,0.52,"Mytilus edulis","W-Msc-140480"
76.5,-52,0.5,"Mytilus edulis","W-Msc-140480"
77,-52,0.49,"Mytilus edulis","W-Msc-140480"
-75,-52.5,1,"Mytilus edulis","W-Msc-140480"
-74.5,-52.5,1,"Mytilus edulis","W-Msc-140480"
-74,-52.5,0.81,"Mytilus edulis","W-Msc-140480"
-73.5,-52.5,0.76,"Mytilus edulis","W-Msc-140480"
-73,-52.5,0.89,"Mytilus edulis","W-Msc-140480"
-72.5,-52.5,0.85,"Mytilus edulis","W-Msc-140480"
-72,-52.5,0.87,"Mytilus edulis","W-Msc-140480"
-69.5,-52.5,1,"Mytilus edulis","W-Msc-140480"
-69,-52.5,1,"Mytilus edulis","W-Msc-140480"
-68.5,-52.5,1,"Mytilus edulis","W-Msc-140480"
-68,-52.5,1,"Mytilus edulis","W-Msc-140480"
-67.5,-52.5,0.9,"Mytilus edulis","W-Msc-140480"
-61,-52.5,1,"Mytilus edulis","W-Msc-140480"
-60.5,-52.5,1,"Mytilus edulis","W-Msc-140480"
-60,-52.5,1,"Mytilus edulis","W-Msc-140480"
-59.5,-52.5,0.92,"Mytilus edulis","W-Msc-140480"
-59,-52.5,0.92,"Mytilus edulis","W-Msc-140480"
-58.5,-52.5,0.97,"Mytilus edulis","W-Msc-140480"
-58,-52.5,1,"Mytilus edulis","W-Msc-140480"
-57.5,-52.5,0.34,"Mytilus edulis","W-Msc-140480"
42,-52.5,0.11,"Mytilus edulis","W-Msc-140480"
169.5,-52.5,1,"Mytilus edulis","W-Msc-140480"
-75,-53,1,"Mytilus edulis","W-Msc-140480"
-74.5,-53,1,"Mytilus edulis","W-Msc-140480"
-74,-53,0.85,"Mytilus edulis","W-Msc-140480"
-73.5,-53,0.73,"Mytilus edulis","W-Msc-140480"
-73,-53,0.73,"Mytilus edulis","W-Msc-140480"
-72.5,-53,0.73,"Mytilus edulis","W-Msc-140480"
-72,-53,0.73,"Mytilus edulis","W-Msc-140480"
-71.5,-53,0.73,"Mytilus edulis","W-Msc-140480"
-71,-53,1,"Mytilus edulis","W-Msc-140480"
-70.5,-53,1,"Mytilus edulis","W-Msc-140480"
-70,-53,1,"Mytilus edulis","W-Msc-140480"
-69.5,-53,1,"Mytilus edulis","W-Msc-140480"
-69,-53,1,"Mytilus edulis","W-Msc-140480"
-68.5,-53,1,"Mytilus edulis","W-Msc-140480"
-68,-53,1,"Mytilus edulis","W-Msc-140480"
-67.5,-53,1,"Mytilus edulis","W-Msc-140480"
-59,-53,1,"Mytilus edulis","W-Msc-140480"
44.5,-53,0.44,"Mytilus edulis","W-Msc-140480"
45,-53,0.41,"Mytilus edulis","W-Msc-140480"
45.5,-53,0.41,"Mytilus edulis","W-Msc-140480"
73,-53,0.55,"Mytilus edulis","W-Msc-140480"
73.5,-53,0.54,"Mytilus edulis","W-Msc-140480"
74,-53,0.54,"Mytilus edulis","W-Msc-140480"
169.5,-53,1,"Mytilus edulis","W-Msc-140480"
170,-53,0.38,"Mytilus edulis","W-Msc-140480"
-74.5,-53.5,1,"Mytilus edulis","W-Msc-140480"
-74,-53.5,1,"Mytilus edulis","W-Msc-140480"
-73.5,-53.5,0.77,"Mytilus edulis","W-Msc-140480"
-73,-53.5,0.72,"Mytilus edulis","W-Msc-140480"
-72.5,-53.5,0.72,"Mytilus edulis","W-Msc-140480"
-72,-53.5,0.76,"Mytilus edulis","W-Msc-140480"
-71.5,-53.5,0.81,"Mytilus edulis","W-Msc-140480"
-71,-53.5,1,"Mytilus edulis","W-Msc-140480"
-70.5,-53.5,1,"Mytilus edulis","W-Msc-140480"
-70,-53.5,1,"Mytilus edulis","W-Msc-140480"
-69.5,-53.5,1,"Mytilus edulis","W-Msc-140480"
-69,-53.5,1,"Mytilus edulis","W-Msc-140480"
-68.5,-53.5,1,"Mytilus edulis","W-Msc-140480"
-68,-53.5,1,"Mytilus edulis","W-Msc-140480"
-67.5,-53.5,1,"Mytilus edulis","W-Msc-140480"
-67,-53.5,0.31,"Mytilus edulis","W-Msc-140480"
-66.5,-53.5,1,"Mytilus edulis","W-Msc-140480"
-42,-53.5,0.48,"Mytilus edulis","W-Msc-140480"
-41.5,-53.5,0.5,"Mytilus edulis","W-Msc-140480"
44.5,-53.5,0.34,"Mytilus edulis","W-Msc-140480"
45.5,-53.5,0.35,"Mytilus edulis","W-Msc-140480"
48,-53.5,0.41,"Mytilus edulis","W-Msc-140480"
73,-53.5,0.49,"Mytilus edulis","W-Msc-140480"
73.5,-53.5,0.52,"Mytilus edulis","W-Msc-140480"
74,-53.5,0.5,"Mytilus edulis","W-Msc-140480"
170,-53.5,0.38,"Mytilus edulis","W-Msc-140480"
-74,-54,1,"Mytilus edulis","W-Msc-140480"
-73.5,-54,1,"Mytilus edulis","W-Msc-140480"
-73,-54,0.99,"Mytilus edulis","W-Msc-140480"
-72.5,-54,0.92,"Mytilus edulis","W-Msc-140480"
-72,-54,1,"Mytilus edulis","W-Msc-140480"
-71.5,-54,0.95,"Mytilus edulis","W-Msc-140480"
-71,-54,0.99,"Mytilus edulis","W-Msc-140480"
-70.5,-54,1,"Mytilus edulis","W-Msc-140480"
-70,-54,1,"Mytilus edulis","W-Msc-140480"
-69.5,-54,1,"Mytilus edulis","W-Msc-140480"
-69,-54,1,"Mytilus edulis","W-Msc-140480"
-67.5,-54,1,"Mytilus edulis","W-Msc-140480"
-67,-54,1,"Mytilus edulis","W-Msc-140480"
-66.5,-54,0.62,"Mytilus edulis","W-Msc-140480"
-66,-54,0.69,"Mytilus edulis","W-Msc-140480"
-64,-54,1,"Mytilus edulis","W-Msc-140480"
-42,-54,0.52,"Mytilus edulis","W-Msc-140480"
-41.5,-54,0.51,"Mytilus edulis","W-Msc-140480"
-41,-54,0.5,"Mytilus edulis","W-Msc-140480"
-39,-54,0.47,"Mytilus edulis","W-Msc-140480"
-38,-54,0.47,"Mytilus edulis","W-Msc-140480"
-37.5,-54,0.47,"Mytilus edulis","W-Msc-140480"
-37,-54,0.47,"Mytilus edulis","W-Msc-140480"
-36.5,-54,0.26,"Mytilus edulis","W-Msc-140480"
-73.5,-54.5,1,"Mytilus edulis","W-Msc-140480"
-73,-54.5,1,"Mytilus edulis","W-Msc-140480"
-72.5,-54.5,1,"Mytilus edulis","W-Msc-140480"
-72,-54.5,1,"Mytilus edulis","W-Msc-140480"
-71.5,-54.5,1,"Mytilus edulis","W-Msc-140480"
-71,-54.5,1,"Mytilus edulis","W-Msc-140480"
-70.5,-54.5,1,"Mytilus edulis","W-Msc-140480"
-70,-54.5,0.99,"Mytilus edulis","W-Msc-140480"
-69.5,-54.5,1,"Mytilus edulis","W-Msc-140480"
-69,-54.5,0.99,"Mytilus edulis","W-Msc-140480"
-68.5,-54.5,0.16,"Mytilus edulis","W-Msc-140480"
-67,-54.5,0.94,"Mytilus edulis","W-Msc-140480"
-66.5,-54.5,0.89,"Mytilus edulis","W-Msc-140480"
-66,-54.5,1,"Mytilus edulis","W-Msc-140480"
-65.5,-54.5,0.34,"Mytilus edulis","W-Msc-140480"
-65,-54.5,1,"Mytilus edulis","W-Msc-140480"
-61,-54.5,1,"Mytilus edulis","W-Msc-140480"
-60.5,-54.5,1,"Mytilus edulis","W-Msc-140480"
-60,-54.5,1,"Mytilus edulis","W-Msc-140480"
-59.5,-54.5,0.99,"Mytilus edulis","W-Msc-140480"
-59,-54.5,0.99,"Mytilus edulis","W-Msc-140480"
-58.5,-54.5,0.51,"Mytilus edulis","W-Msc-140480"
-57.5,-54.5,0.27,"Mytilus edulis","W-Msc-140480"
-37.5,-54.5,0.47,"Mytilus edulis","W-Msc-140480"
-37,-54.5,0.47,"Mytilus edulis","W-Msc-140480"
-36.5,-54.5,0.48,"Mytilus edulis","W-Msc-140480"
-36,-54.5,0.47,"Mytilus edulis","W-Msc-140480"
-35.5,-54.5,0.46,"Mytilus edulis","W-Msc-140480"
3.5,-54.5,0.2,"Mytilus edulis","W-Msc-140480"
4,-54.5,0.2,"Mytilus edulis","W-Msc-140480"
159,-54.5,0.98,"Mytilus edulis","W-Msc-140480"
159.5,-54.5,0.97,"Mytilus edulis","W-Msc-140480"
-73,-55,1,"Mytilus edulis","W-Msc-140480"
-72.5,-55,1,"Mytilus edulis","W-Msc-140480"
-72,-55,1,"Mytilus edulis","W-Msc-140480"
-71.5,-55,1,"Mytilus edulis","W-Msc-140480"
-71,-55,1,"Mytilus edulis","W-Msc-140480"
-70.5,-55,1,"Mytilus edulis","W-Msc-140480"
-70,-55,1,"Mytilus edulis","W-Msc-140480"
-69.5,-55,1,"Mytilus edulis","W-Msc-140480"
-69,-55,0.97,"Mytilus edulis","W-Msc-140480"
-68.5,-55,0.93,"Mytilus edulis","W-Msc-140480"
-68,-55,0.9,"Mytilus edulis","W-Msc-140480"
-67.5,-55,0.89,"Mytilus edulis","W-Msc-140480"
-67,-55,0.88,"Mytilus edulis","W-Msc-140480"
-66.5,-55,0.92,"Mytilus edulis","W-Msc-140480"
-66,-55,1,"Mytilus edulis","W-Msc-140480"
-65.5,-55,1,"Mytilus edulis","W-Msc-140480"
-65,-55,1,"Mytilus edulis","W-Msc-140480"
-64.5,-55,1,"Mytilus edulis","W-Msc-140480"
-64,-55,1,"Mytilus edulis","W-Msc-140480"
-63.5,-55,1,"Mytilus edulis","W-Msc-140480"
-61,-55,0.99,"Mytilus edulis","W-Msc-140480"
-60.5,-55,0.41,"Mytilus edulis","W-Msc-140480"
-58.5,-55,0.98,"Mytilus edulis","W-Msc-140480"
-37.5,-55,0.45,"Mytilus edulis","W-Msc-140480"
-37,-55,0.46,"Mytilus edulis","W-Msc-140480"
-36.5,-55,0.47,"Mytilus edulis","W-Msc-140480"
-36,-55,0.46,"Mytilus edulis","W-Msc-140480"
-35.5,-55,0.46,"Mytilus edulis","W-Msc-140480"
-35,-55,0.2,"Mytilus edulis","W-Msc-140480"
-34.5,-55,0.41,"Mytilus edulis","W-Msc-140480"
-34,-55,0.37,"Mytilus edulis","W-Msc-140480"
99,-55,0.48,"Mytilus edulis","W-Msc-140480"
99.5,-55,0.47,"Mytilus edulis","W-Msc-140480"
159,-55,0.93,"Mytilus edulis","W-Msc-140480"
-71.5,-55.5,1,"Mytilus edulis","W-Msc-140480"
-71,-55.5,1,"Mytilus edulis","W-Msc-140480"
-70.5,-55.5,1,"Mytilus edulis","W-Msc-140480"
-70,-55.5,1,"Mytilus edulis","W-Msc-140480"
-69.5,-55.5,1,"Mytilus edulis","W-Msc-140480"
-69,-55.5,0.96,"Mytilus edulis","W-Msc-140480"
-68.5,-55.5,0.91,"Mytilus edulis","W-Msc-140480"
-68,-55.5,0.83,"Mytilus edulis","W-Msc-140480"
-67.5,-55.5,0.82,"Mytilus edulis","W-Msc-140480"
-67,-55.5,0.82,"Mytilus edulis","W-Msc-140480"
-66.5,-55.5,0.87,"Mytilus edulis","W-Msc-140480"
-66,-55.5,1,"Mytilus edulis","W-Msc-140480"
-36,-55.5,0.4,"Mytilus edulis","W-Msc-140480"
-35.5,-55.5,0.43,"Mytilus edulis","W-Msc-140480"
-34.5,-55.5,0.39,"Mytilus edulis","W-Msc-140480"
-34,-55.5,0.37,"Mytilus edulis","W-Msc-140480"
-70,-56,1,"Mytilus edulis","W-Msc-140480"
-69.5,-56,1,"Mytilus edulis","W-Msc-140480"
-69,-56,1,"Mytilus edulis","W-Msc-140480"
-68.5,-56,1,"Mytilus edulis","W-Msc-140480"
-68,-56,0.96,"Mytilus edulis","W-Msc-140480"
-67.5,-56,0.98,"Mytilus edulis","W-Msc-140480"
-67,-56,1,"Mytilus edulis","W-Msc-140480"
-66.5,-56,1,"Mytilus edulis","W-Msc-140480"
-66,-56,1,"Mytilus edulis","W-Msc-140480"
-69,-56.5,0.03,"Mytilus edulis","W-Msc-140480"
-68.5,-56.5,1,"Mytilus edulis","W-Msc-140480"
-68,-56.5,1,"Mytilus edulis","W-Msc-140480"
-67.5,-56.5,1,"Mytilus edulis","W-Msc-140480"
-27.5,-56.5,0.15,"Mytilus edulis","W-Msc-140480"
-27,-56.5,0.15,"Mytilus edulis","W-Msc-140480"
-68.5,-57,1,"Mytilus edulis","W-Msc-140480"
-67.5,-57,1,"Mytilus edulis","W-Msc-140480"
-27,-57,0.13,"Mytilus edulis","W-Msc-140480"
-26.5,-57.5,0.11,"Mytilus edulis","W-Msc-140480"
-26,-58,0.09,"Mytilus edulis","W-Msc-140480"
-26,-58.5,0.08,"Mytilus edulis","W-Msc-140480"
-26.5,-59,0.06,"Mytilus edulis","W-Msc-140480"
-26,-59,0.06,"Mytilus edulis","W-Msc-140480"
-27,-59.5,0.05,"Mytilus edulis","W-Msc-140480"
-26.5,-59.5,0.05,"Mytilus edulis","W-Msc-140480"
-26,-59.5,0.02,"Mytilus edulis","W-Msc-140480"
-46,-60.5,0.1,"Mytilus edulis","W-Msc-140480"
-45.5,-60.5,0.11,"Mytilus edulis","W-Msc-140480"
-45,-60.5,0.11,"Mytilus edulis","W-Msc-140480"
-55.5,-61,0.02,"Mytilus edulis","W-Msc-140480"
-55,-61,0.18,"Mytilus edulis","W-Msc-140480"
-46.5,-61,0.08,"Mytilus edulis","W-Msc-140480"
-46,-61,0.07,"Mytilus edulis","W-Msc-140480"
-45.5,-61,0.07,"Mytilus edulis","W-Msc-140480"
-45,-61,0.07,"Mytilus edulis","W-Msc-140480"
-44.5,-61,0.07,"Mytilus edulis","W-Msc-140480"
-44,-61,0.07,"Mytilus edulis","W-Msc-140480"
-43.5,-61,0.06,"Mytilus edulis","W-Msc-140480"
-55.5,-61.5,0.16,"Mytilus edulis","W-Msc-140480"
-55,-61.5,0.15,"Mytilus edulis","W-Msc-140480"
-54.5,-61.5,0.14,"Mytilus edulis","W-Msc-140480"
-54,-61.5,0.12,"Mytilus edulis","W-Msc-140480"
-53.5,-61.5,0.1,"Mytilus edulis","W-Msc-140480"
-50.5,-61.5,0.05,"Mytilus edulis","W-Msc-140480"
-50,-61.5,0.05,"Mytilus edulis","W-Msc-140480"
-46,-61.5,0.05,"Mytilus edulis","W-Msc-140480"
-41.5,-61.5,0.03,"Mytilus edulis","W-Msc-140480"
-58.5,-62,0.17,"Mytilus edulis","W-Msc-140480"
-58,-62,0.17,"Mytilus edulis","W-Msc-140480"
-57.5,-62,0.16,"Mytilus edulis","W-Msc-140480"
-57,-62,0.16,"Mytilus edulis","W-Msc-140480"
-45.5,-62,0.04,"Mytilus edulis","W-Msc-140480"
-45,-62,0.03,"Mytilus edulis","W-Msc-140480"
-60.5,-62.5,0.17,"Mytilus edulis","W-Msc-140480"
-60,-62.5,0.17,"Mytilus edulis","W-Msc-140480"
-59.5,-62.5,0.16,"Mytilus edulis","W-Msc-140480"
-59,-62.5,0.15,"Mytilus edulis","W-Msc-140480"
-58.5,-62.5,0.15,"Mytilus edulis","W-Msc-140480"
-58,-62.5,0.14,"Mytilus edulis","W-Msc-140480"
-57.5,-62.5,0.14,"Mytilus edulis","W-Msc-140480"
-55.5,-62.5,0.07,"Mytilus edulis","W-Msc-140480"
-55,-62.5,0.06,"Mytilus edulis","W-Msc-140480"
-54.5,-62.5,0.05,"Mytilus edulis","W-Msc-140480"
-44.5,-62.5,0.01,"Mytilus edulis","W-Msc-140480"
-62.5,-63,0.17,"Mytilus edulis","W-Msc-140480"
-62,-63,0.17,"Mytilus edulis","W-Msc-140480"
-61.5,-63,0.17,"Mytilus edulis","W-Msc-140480"
-61,-63,0.16,"Mytilus edulis","W-Msc-140480"
-60.5,-63,0.16,"Mytilus edulis","W-Msc-140480"
-60,-63,0.15,"Mytilus edulis","W-Msc-140480"
-59.5,-63,0.14,"Mytilus edulis","W-Msc-140480"
-56.5,-63,0.05,"Mytilus edulis","W-Msc-140480"
-56,-63,0.04,"Mytilus edulis","W-Msc-140480"
-55.5,-63,0.03,"Mytilus edulis","W-Msc-140480"
-55,-63,0.03,"Mytilus edulis","W-Msc-140480"
-54.5,-63,0.02,"Mytilus edulis","W-Msc-140480"
-63.5,-63.5,0.16,"Mytilus edulis","W-Msc-140480"
-63,-63.5,0.16,"Mytilus edulis","W-Msc-140480"
-62.5,-63.5,0.16,"Mytilus edulis","W-Msc-140480"
-62,-63.5,0.16,"Mytilus edulis","W-Msc-140480"
-61.5,-63.5,0.16,"Mytilus edulis","W-Msc-140480"
-60,-63.5,0.12,"Mytilus edulis","W-Msc-140480"
-59.5,-63.5,0.1,"Mytilus edulis","W-Msc-140480"
-58.5,-63.5,0.06,"Mytilus edulis","W-Msc-140480"
-58,-63.5,0.05,"Mytilus edulis","W-Msc-140480"
-57.5,-63.5,0.04,"Mytilus edulis","W-Msc-140480"
-57,-63.5,0.03,"Mytilus edulis","W-Msc-140480"
-56.5,-63.5,0.03,"Mytilus edulis","W-Msc-140480"
-56,-63.5,0.02,"Mytilus edulis","W-Msc-140480"
-55.5,-63.5,0.02,"Mytilus edulis","W-Msc-140480"
-55,-63.5,0.02,"Mytilus edulis","W-Msc-140480"
-54.5,-63.5,0.01,"Mytilus edulis","W-Msc-140480"
-63.5,-64,0.11,"Mytilus edulis","W-Msc-140480"
-63,-64,0.02,"Mytilus edulis","W-Msc-140480"
-62.5,-64,0.03,"Mytilus edulis","W-Msc-140480"
-62,-64,0.15,"Mytilus edulis","W-Msc-140480"
-61.5,-64,0.14,"Mytilus edulis","W-Msc-140480"
-61,-64,0.12,"Mytilus edulis","W-Msc-140480"
-60.5,-64,0.1,"Mytilus edulis","W-Msc-140480"
-60,-64,0.09,"Mytilus edulis","W-Msc-140480"
-59.5,-64,0.08,"Mytilus edulis","W-Msc-140480"
-59,-64,0.07,"Mytilus edulis","W-Msc-140480"
-58.5,-64,0.04,"Mytilus edulis","W-Msc-140480"
-58,-64,0.03,"Mytilus edulis","W-Msc-140480"
-57.5,-64,0.02,"Mytilus edulis","W-Msc-140480"
-57,-64,0.02,"Mytilus edulis","W-Msc-140480"
-56.5,-64,0.01,"Mytilus edulis","W-Msc-140480"
-56,-64,0.01,"Mytilus edulis","W-Msc-140480"
-55.5,-64,0.01,"Mytilus edulis","W-Msc-140480"
-54.5,-64,0.01,"Mytilus edulis","W-Msc-140480"
-64,-64.5,0.14,"Mytilus edulis","W-Msc-140480"
-63.5,-64.5,0.14,"Mytilus edulis","W-Msc-140480"
-63,-64.5,0.15,"Mytilus edulis","W-Msc-140480"
-62.5,-64.5,0.15,"Mytilus edulis","W-Msc-140480"
-62,-64.5,0.15,"Mytilus edulis","W-Msc-140480"
-61.5,-64.5,0.14,"Mytilus edulis","W-Msc-140480"
-61,-64.5,0.13,"Mytilus edulis","W-Msc-140480"
-60.5,-64.5,0.09,"Mytilus edulis","W-Msc-140480"
-60,-64.5,0.07,"Mytilus edulis","W-Msc-140480"
-59.5,-64.5,0.04,"Mytilus edulis","W-Msc-140480"
-59,-64.5,0.03,"Mytilus edulis","W-Msc-140480"
-57.5,-64.5,0.01,"Mytilus edulis","W-Msc-140480"
-57,-64.5,0.01,"Mytilus edulis","W-Msc-140480"
-65.5,-65,0.13,"Mytilus edulis","W-Msc-140480"
-64.5,-65,0.03,"Mytilus edulis","W-Msc-140480"
-64,-65,0.13,"Mytilus edulis","W-Msc-140480"
-63.5,-65,0.12,"Mytilus edulis","W-Msc-140480"
-63,-65,0.13,"Mytilus edulis","W-Msc-140480"
-62.5,-65,0.14,"Mytilus edulis","W-Msc-140480"
-62,-65,0.14,"Mytilus edulis","W-Msc-140480"
-61.5,-65,0.11,"Mytilus edulis","W-Msc-140480"
-61,-65,0.04,"Mytilus edulis","W-Msc-140480"
-60.5,-65,0.06,"Mytilus edulis","W-Msc-140480"
-60,-65,0.04,"Mytilus edulis","W-Msc-140480"
-59.5,-65,0.02,"Mytilus edulis","W-Msc-140480"
131.5,-65,0.02,"Mytilus edulis","W-Msc-140480"
132,-65,0.02,"Mytilus edulis","W-Msc-140480"
132.5,-65,0.02,"Mytilus edulis","W-Msc-140480"
-65.5,-65.5,0.12,"Mytilus edulis","W-Msc-140480"
-65,-65.5,0.11,"Mytilus edulis","W-Msc-140480"
-64.5,-65.5,0.11,"Mytilus edulis","W-Msc-140480"
-64,-65.5,0.1,"Mytilus edulis","W-Msc-140480"
-63.5,-65.5,0.1,"Mytilus edulis","W-Msc-140480"
-63,-65.5,0.1,"Mytilus edulis","W-Msc-140480"
-62.5,-65.5,0.1,"Mytilus edulis","W-Msc-140480"
-62,-65.5,0.09,"Mytilus edulis","W-Msc-140480"
-61.5,-65.5,0.08,"Mytilus edulis","W-Msc-140480"
-61,-65.5,0.06,"Mytilus edulis","W-Msc-140480"
-60.5,-65.5,0.04,"Mytilus edulis","W-Msc-140480"
-60,-65.5,0.02,"Mytilus edulis","W-Msc-140480"
-59.5,-65.5,0.01,"Mytilus edulis","W-Msc-140480"
-66,-66,0.1,"Mytilus edulis","W-Msc-140480"
-65.5,-66,0.08,"Mytilus edulis","W-Msc-140480"
-65,-66,0.07,"Mytilus edulis","W-Msc-140480"
-64.5,-66,0.07,"Mytilus edulis","W-Msc-140480"
-64,-66,0.07,"Mytilus edulis","W-Msc-140480"
-63.5,-66,0.07,"Mytilus edulis","W-Msc-140480"
-62,-66,0.05,"Mytilus edulis","W-Msc-140480"
-61.5,-66,0.05,"Mytilus edulis","W-Msc-140480"
-61,-66,0.04,"Mytilus edulis","W-Msc-140480"
-60.5,-66,0.02,"Mytilus edulis","W-Msc-140480"
-60,-66,0.01,"Mytilus edulis","W-Msc-140480"
95.5,-66,0.01,"Mytilus edulis","W-Msc-140480"
-67,-66.5,0.08,"Mytilus edulis","W-Msc-140480"
-66.5,-66.5,0.08,"Mytilus edulis","W-Msc-140480"
-66,-66.5,0.07,"Mytilus edulis","W-Msc-140480"
-65.5,-66.5,0.07,"Mytilus edulis","W-Msc-140480"
-65,-66.5,0.06,"Mytilus edulis","W-Msc-140480"
-64,-66.5,0.01,"Mytilus edulis","W-Msc-140480"
-63.5,-66.5,0.05,"Mytilus edulis","W-Msc-140480"
-63,-66.5,0.05,"Mytilus edulis","W-Msc-140480"
-62.5,-66.5,0.04,"Mytilus edulis","W-Msc-140480"
-62,-66.5,0.03,"Mytilus edulis","W-Msc-140480"
-61.5,-66.5,0.02,"Mytilus edulis","W-Msc-140480"
-61,-66.5,0.01,"Mytilus edulis","W-Msc-140480"
-60.5,-66.5,0.01,"Mytilus edulis","W-Msc-140480"
92,-66.5,0.01,"Mytilus edulis","W-Msc-140480"
92.5,-66.5,0.01,"Mytilus edulis","W-Msc-140480"
94,-66.5,0.01,"Mytilus edulis","W-Msc-140480"
94.5,-66.5,0.01,"Mytilus edulis","W-Msc-140480"
95,-66.5,0.01,"Mytilus edulis","W-Msc-140480"
95.5,-66.5,0.01,"Mytilus edulis","W-Msc-140480"
96,-66.5,0.01,"Mytilus edulis","W-Msc-140480"
96.5,-66.5,0.01,"Mytilus edulis","W-Msc-140480"
97,-66.5,0.01,"Mytilus edulis","W-Msc-140480"
-68.5,-67,0.07,"Mytilus edulis","W-Msc-140480"
-68,-67,0.06,"Mytilus edulis","W-Msc-140480"
-67.5,-67,0.05,"Mytilus edulis","W-Msc-140480"
-67,-67,0.05,"Mytilus edulis","W-Msc-140480"
-66.5,-67,0.05,"Mytilus edulis","W-Msc-140480"
-66,-67,0.06,"Mytilus edulis","W-Msc-140480"
-65.5,-67,0.06,"Mytilus edulis","W-Msc-140480"
-64.5,-67,0.05,"Mytilus edulis","W-Msc-140480"
-64,-67,0.04,"Mytilus edulis","W-Msc-140480"
-63.5,-67,0.04,"Mytilus edulis","W-Msc-140480"
-63,-67,0.03,"Mytilus edulis","W-Msc-140480"
-62.5,-67,0.03,"Mytilus edulis","W-Msc-140480"
-62,-67,0.02,"Mytilus edulis","W-Msc-140480"
-61.5,-67,0.01,"Mytilus edulis","W-Msc-140480"
-69,-67.5,0.07,"Mytilus edulis","W-Msc-140480"
-68.5,-67.5,0.07,"Mytilus edulis","W-Msc-140480"
-68,-67.5,0.06,"Mytilus edulis","W-Msc-140480"
-67.5,-67.5,0.06,"Mytilus edulis","W-Msc-140480"
-67,-67.5,0.05,"Mytilus edulis","W-Msc-140480"
-66.5,-67.5,0.04,"Mytilus edulis","W-Msc-140480"
-66,-67.5,0.05,"Mytilus edulis","W-Msc-140480"
-65.5,-67.5,0.05,"Mytilus edulis","W-Msc-140480"
-65,-67.5,0.05,"Mytilus edulis","W-Msc-140480"
-64.5,-67.5,0.04,"Mytilus edulis","W-Msc-140480"
-64,-67.5,0.01,"Mytilus edulis","W-Msc-140480"
-69.5,-68,0.06,"Mytilus edulis","W-Msc-140480"
-69,-68,0.06,"Mytilus edulis","W-Msc-140480"
-68.5,-68,0.06,"Mytilus edulis","W-Msc-140480"
-68,-68,0.07,"Mytilus edulis","W-Msc-140480"
-67.5,-68,0.07,"Mytilus edulis","W-Msc-140480"
-67,-68,0.06,"Mytilus edulis","W-Msc-140480"
-66.5,-68,0.06,"Mytilus edulis","W-Msc-140480"
-65.5,-68,0.04,"Mytilus edulis","W-Msc-140480"
-65,-68,0.04,"Mytilus edulis","W-Msc-140480"
-64.5,-68,0.03,"Mytilus edulis","W-Msc-140480"
-64,-68,0.02,"Mytilus edulis","W-Msc-140480"
66.5,-68,0.01,"Mytilus edulis","W-Msc-140480"
67,-68,0.01,"Mytilus edulis","W-Msc-140480"
67.5,-68,0.01,"Mytilus edulis","W-Msc-140480"
68,-68,0.01,"Mytilus edulis","W-Msc-140480"
68.5,-68,0.01,"Mytilus edulis","W-Msc-140480"
80,-68,0.01,"Mytilus edulis","W-Msc-140480"
80.5,-68,0.01,"Mytilus edulis","W-Msc-140480"
81,-68,0.01,"Mytilus edulis","W-Msc-140480"
81.5,-68,0.01,"Mytilus edulis","W-Msc-140480"
82,-68,0.01,"Mytilus edulis","W-Msc-140480"
-68.5,-68.5,0.05,"Mytilus edulis","W-Msc-140480"
-68,-68.5,0.05,"Mytilus edulis","W-Msc-140480"
-67,-68.5,0.05,"Mytilus edulis","W-Msc-140480"
-66.5,-68.5,0.05,"Mytilus edulis","W-Msc-140480"
-65.5,-68.5,0.03,"Mytilus edulis","W-Msc-140480"
-65,-68.5,0.03,"Mytilus edulis","W-Msc-140480"
-64.5,-68.5,0.03,"Mytilus edulis","W-Msc-140480"
-64,-68.5,0.02,"Mytilus edulis","W-Msc-140480"
-63.5,-68.5,0.02,"Mytilus edulis","W-Msc-140480"
-63,-68.5,0.01,"Mytilus edulis","W-Msc-140480"
-62.5,-68.5,0.01,"Mytilus edulis","W-Msc-140480"
-62,-68.5,0.01,"Mytilus edulis","W-Msc-140480"
78,-68.5,0.01,"Mytilus edulis","W-Msc-140480"
78.5,-68.5,0.01,"Mytilus edulis","W-Msc-140480"
79,-68.5,0.01,"Mytilus edulis","W-Msc-140480"
79.5,-68.5,0.01,"Mytilus edulis","W-Msc-140480"
80,-68.5,0.01,"Mytilus edulis","W-Msc-140480"
-90.5,-69,0.03,"Mytilus edulis","W-Msc-140480"
-90,-69,0.02,"Mytilus edulis","W-Msc-140480"
-72,-69,0.02,"Mytilus edulis","W-Msc-140480"
-71.5,-69,0.02,"Mytilus edulis","W-Msc-140480"
-71,-69,0.02,"Mytilus edulis","W-Msc-140480"
-70.5,-69,0.02,"Mytilus edulis","W-Msc-140480"
-70,-69,0.02,"Mytilus edulis","W-Msc-140480"
-69.5,-69,0.02,"Mytilus edulis","W-Msc-140480"
-68,-69,0.02,"Mytilus edulis","W-Msc-140480"
-67.5,-69,0.03,"Mytilus edulis","W-Msc-140480"
-67,-69,0.03,"Mytilus edulis","W-Msc-140480"
-66.5,-69,0.03,"Mytilus edulis","W-Msc-140480"
-65,-69,0.02,"Mytilus edulis","W-Msc-140480"
-64.5,-69,0.02,"Mytilus edulis","W-Msc-140480"
-64,-69,0.02,"Mytilus edulis","W-Msc-140480"
-63.5,-69,0.01,"Mytilus edulis","W-Msc-140480"
-63,-69,0.01,"Mytilus edulis","W-Msc-140480"
-62.5,-69,0.01,"Mytilus edulis","W-Msc-140480"
69.5,-69,0.01,"Mytilus edulis","W-Msc-140480"
70,-69,0.01,"Mytilus edulis","W-Msc-140480"
70.5,-69,0.01,"Mytilus edulis","W-Msc-140480"
71.5,-69,0.01,"Mytilus edulis","W-Msc-140480"
72,-69,0.01,"Mytilus edulis","W-Msc-140480"
72.5,-69,0.01,"Mytilus edulis","W-Msc-140480"
73,-69,0.01,"Mytilus edulis","W-Msc-140480"
77.5,-69,0.02,"Mytilus edulis","W-Msc-140480"
78,-69,0.02,"Mytilus edulis","W-Msc-140480"
78.5,-69,0.01,"Mytilus edulis","W-Msc-140480"
-75.5,-69.5,0.01,"Mytilus edulis","W-Msc-140480"
-75,-69.5,0.01,"Mytilus edulis","W-Msc-140480"
-74.5,-69.5,0.01,"Mytilus edulis","W-Msc-140480"
-73,-69.5,0.01,"Mytilus edulis","W-Msc-140480"
-72.5,-69.5,0.01,"Mytilus edulis","W-Msc-140480"
-72,-69.5,0.01,"Mytilus edulis","W-Msc-140480"
-71.5,-69.5,0.01,"Mytilus edulis","W-Msc-140480"
-70,-69.5,0.01,"Mytilus edulis","W-Msc-140480"
-69.5,-69.5,0.01,"Mytilus edulis","W-Msc-140480"
-69,-69.5,0.01,"Mytilus edulis","W-Msc-140480"
-68.5,-69.5,0.01,"Mytilus edulis","W-Msc-140480"
-68,-69.5,0.01,"Mytilus edulis","W-Msc-140480"
-67.5,-69.5,0.01,"Mytilus edulis","W-Msc-140480"
-67,-69.5,0.02,"Mytilus edulis","W-Msc-140480"
-66.5,-69.5,0.01,"Mytilus edulis","W-Msc-140480"
-63,-69.5,0.01,"Mytilus edulis","W-Msc-140480"
-62.5,-69.5,0.01,"Mytilus edulis","W-Msc-140480"
69,-69.5,0.01,"Mytilus edulis","W-Msc-140480"
69.5,-69.5,0.01,"Mytilus edulis","W-Msc-140480"
70,-69.5,0.01,"Mytilus edulis","W-Msc-140480"
70.5,-69.5,0.01,"Mytilus edulis","W-Msc-140480"
71,-69.5,0.01,"Mytilus edulis","W-Msc-140480"
71.5,-69.5,0.01,"Mytilus edulis","W-Msc-140480"
72,-69.5,0.01,"Mytilus edulis","W-Msc-140480"
72.5,-69.5,0.01,"Mytilus edulis","W-Msc-140480"
73,-69.5,0.01,"Mytilus edulis","W-Msc-140480"
73.5,-69.5,0.02,"Mytilus edulis","W-Msc-140480"
74,-69.5,0.02,"Mytilus edulis","W-Msc-140480"
75.5,-69.5,0.02,"Mytilus edulis","W-Msc-140480"
76,-69.5,0.01,"Mytilus edulis","W-Msc-140480"
76.5,-69.5,0.01,"Mytilus edulis","W-Msc-140480"
77,-69.5,0.01,"Mytilus edulis","W-Msc-140480"
77.5,-69.5,0.02,"Mytilus edulis","W-Msc-140480"
78,-69.5,0.02,"Mytilus edulis","W-Msc-140480"
-76.5,-70,0.02,"Mytilus edulis","W-Msc-140480"
-76,-70,0.01,"Mytilus edulis","W-Msc-140480"
-75.5,-70,0.01,"Mytilus edulis","W-Msc-140480"
-75,-70,0.01,"Mytilus edulis","W-Msc-140480"
-74.5,-70,0.01,"Mytilus edulis","W-Msc-140480"
-74,-70,0.01,"Mytilus edulis","W-Msc-140480"
-73.5,-70,0.01,"Mytilus edulis","W-Msc-140480"
-73,-70,0.01,"Mytilus edulis","W-Msc-140480"
-72.5,-70,0.01,"Mytilus edulis","W-Msc-140480"
-72,-70,0.01,"Mytilus edulis","W-Msc-140480"
-71.5,-70,0.01,"Mytilus edulis","W-Msc-140480"
-68,-70,0.01,"Mytilus edulis","W-Msc-140480"
69,-70,0.01,"Mytilus edulis","W-Msc-140480"
69.5,-70,0.01,"Mytilus edulis","W-Msc-140480"
71.5,-70,0.01,"Mytilus edulis","W-Msc-140480"
72,-70,0.01,"Mytilus edulis","W-Msc-140480"
73,-70,0.02,"Mytilus edulis","W-Msc-140480"
73.5,-70,0.02,"Mytilus edulis","W-Msc-140480"
74,-70,0.02,"Mytilus edulis","W-Msc-140480"
74.5,-70,0.02,"Mytilus edulis","W-Msc-140480"
75,-70,0.02,"Mytilus edulis","W-Msc-140480"
75.5,-70,0.02,"Mytilus edulis","W-Msc-140480"
76,-70,0.02,"Mytilus edulis","W-Msc-140480"
-76,-70.5,0.01,"Mytilus edulis","W-Msc-140480"
-74,-70.5,0.01,"Mytilus edulis","W-Msc-140480"
-73.5,-70.5,0.01,"Mytilus edulis","W-Msc-140480"
-73,-70.5,0.01,"Mytilus edulis","W-Msc-140480"
-72.5,-70.5,0.01,"Mytilus edulis","W-Msc-140480"
-72,-70.5,0.01,"Mytilus edulis","W-Msc-140480"
-71.5,-70.5,0.01,"Mytilus edulis","W-Msc-140480"
-71,-70.5,0.01,"Mytilus edulis","W-Msc-140480"
-70.5,-70.5,0.01,"Mytilus edulis","W-Msc-140480"
-70,-70.5,0.01,"Mytilus edulis","W-Msc-140480"
-69.5,-70.5,0.01,"Mytilus edulis","W-Msc-140480"
-68,-70.5,0.01,"Mytilus edulis","W-Msc-140480"
-67.5,-70.5,0.01,"Mytilus edulis","W-Msc-140480"
69,-70.5,0.01,"Mytilus edulis","W-Msc-140480"
69.5,-70.5,0.01,"Mytilus edulis","W-Msc-140480"
72,-70.5,0.01,"Mytilus edulis","W-Msc-140480"
72.5,-70.5,0.01,"Mytilus edulis","W-Msc-140480"
73,-70.5,0.01,"Mytilus edulis","W-Msc-140480"
-74.5,-71,0.01,"Mytilus edulis","W-Msc-140480"
-74,-71,0.01,"Mytilus edulis","W-Msc-140480"
-73.5,-71,0.01,"Mytilus edulis","W-Msc-140480"
-73,-71,0.01,"Mytilus edulis","W-Msc-140480"
-72.5,-71,0.01,"Mytilus edulis","W-Msc-140480"
-72,-71,0.01,"Mytilus edulis","W-Msc-140480"
-71.5,-71,0.01,"Mytilus edulis","W-Msc-140480"
-71,-71,0.01,"Mytilus edulis","W-Msc-140480"
-70.5,-71,0.01,"Mytilus edulis","W-Msc-140480"
-70,-71,0.01,"Mytilus edulis","W-Msc-140480"
-68.5,-71,0.01,"Mytilus edulis","W-Msc-140480"
-68,-71,0.01,"Mytilus edulis","W-Msc-140480"
-67.5,-71,0.01,"Mytilus edulis","W-Msc-140480"
-67,-71,0.01,"Mytilus edulis","W-Msc-140480"
69.5,-71,0.01,"Mytilus edulis","W-Msc-140480"
71.5,-71,0.01,"Mytilus edulis","W-Msc-140480"
72,-71,0.01,"Mytilus edulis","W-Msc-140480"
72.5,-71,0.01,"Mytilus edulis","W-Msc-140480"
-76.5,-71.5,0.01,"Mytilus edulis","W-Msc-140480"
-76,-71.5,0.01,"Mytilus edulis","W-Msc-140480"
-75.5,-71.5,0.02,"Mytilus edulis","W-Msc-140480"
-75,-71.5,0.02,"Mytilus edulis","W-Msc-140480"
-74.5,-71.5,0.02,"Mytilus edulis","W-Msc-140480"
-74,-71.5,0.02,"Mytilus edulis","W-Msc-140480"
-73.5,-71.5,0.02,"Mytilus edulis","W-Msc-140480"
-73,-71.5,0.02,"Mytilus edulis","W-Msc-140480"
-72.5,-71.5,0.02,"Mytilus edulis","W-Msc-140480"
-72,-71.5,0.02,"Mytilus edulis","W-Msc-140480"
-71.5,-71.5,0.01,"Mytilus edulis","W-Msc-140480"
-71,-71.5,0.01,"Mytilus edulis","W-Msc-140480"
-68,-71.5,0.01,"Mytilus edulis","W-Msc-140480"
-67.5,-71.5,0.01,"Mytilus edulis","W-Msc-140480"
69,-71.5,0.01,"Mytilus edulis","W-Msc-140480"
69.5,-71.5,0.01,"Mytilus edulis","W-Msc-140480"
70,-71.5,0.01,"Mytilus edulis","W-Msc-140480"
70.5,-71.5,0.01,"Mytilus edulis","W-Msc-140480"
71,-71.5,0.01,"Mytilus edulis","W-Msc-140480"
71.5,-71.5,0.01,"Mytilus edulis","W-Msc-140480"
-75,-72,0.02,"Mytilus edulis","W-Msc-140480"
-74.5,-72,0.02,"Mytilus edulis","W-Msc-140480"
-74,-72,0.02,"Mytilus edulis","W-Msc-140480"
-73.5,-72,0.02,"Mytilus edulis","W-Msc-140480"
-73,-72,0.02,"Mytilus edulis","W-Msc-140480"
-72.5,-72,0.02,"Mytilus edulis","W-Msc-140480"
-72,-72,0.02,"Mytilus edulis","W-Msc-140480"
-71.5,-72,0.02,"Mytilus edulis","W-Msc-140480"
-71,-72,0.01,"Mytilus edulis","W-Msc-140480"
-70.5,-72,0.01,"Mytilus edulis","W-Msc-140480"
-68,-72,0.01,"Mytilus edulis","W-Msc-140480"
-67.5,-72,0.01,"Mytilus edulis","W-Msc-140480"
-67,-72,0.01,"Mytilus edulis","W-Msc-140480"
68.5,-72,0.01,"Mytilus edulis","W-Msc-140480"
69,-72,0.01,"Mytilus edulis","W-Msc-140480"
69.5,-72,0.01,"Mytilus edulis","W-Msc-140480"
70,-72,0.01,"Mytilus edulis","W-Msc-140480"
70.5,-72,0.01,"Mytilus edulis","W-Msc-140480"
71,-72,0.01,"Mytilus edulis","W-Msc-140480"
71.5,-72,0.01,"Mytilus edulis","W-Msc-140480"
-78.5,-72.5,0.01,"Mytilus edulis","W-Msc-140480"
-78,-72.5,0.01,"Mytilus edulis","W-Msc-140480"
-77.5,-72.5,0.01,"Mytilus edulis","W-Msc-140480"
-77,-72.5,0.01,"Mytilus edulis","W-Msc-140480"
-76.5,-72.5,0.01,"Mytilus edulis","W-Msc-140480"
-76,-72.5,0.01,"Mytilus edulis","W-Msc-140480"
-75.5,-72.5,0.01,"Mytilus edulis","W-Msc-140480"
-75,-72.5,0.02,"Mytilus edulis","W-Msc-140480"
-74.5,-72.5,0.02,"Mytilus edulis","W-Msc-140480"
-74,-72.5,0.02,"Mytilus edulis","W-Msc-140480"
-73.5,-72.5,0.02,"Mytilus edulis","W-Msc-140480"
-73,-72.5,0.02,"Mytilus edulis","W-Msc-140480"
-72.5,-72.5,0.02,"Mytilus edulis","W-Msc-140480"
-72,-72.5,0.02,"Mytilus edulis","W-Msc-140480"
-71.5,-72.5,0.02,"Mytilus edulis","W-Msc-140480"
-71,-72.5,0.01,"Mytilus edulis","W-Msc-140480"
-70.5,-72.5,0.01,"Mytilus edulis","W-Msc-140480"
-69,-72.5,0.01,"Mytilus edulis","W-Msc-140480"
-68.5,-72.5,0.01,"Mytilus edulis","W-Msc-140480"
-68,-72.5,0.01,"Mytilus edulis","W-Msc-140480"
-67.5,-72.5,0.01,"Mytilus edulis","W-Msc-140480"
69,-72.5,0.01,"Mytilus edulis","W-Msc-140480"
69.5,-72.5,0.01,"Mytilus edulis","W-Msc-140480"
-83,-73,0.01,"Mytilus edulis","W-Msc-140480"
-82.5,-73,0.01,"Mytilus edulis","W-Msc-140480"
-82,-73,0.01,"Mytilus edulis","W-Msc-140480"
-81.5,-73,0.01,"Mytilus edulis","W-Msc-140480"
-81,-73,0.01,"Mytilus edulis","W-Msc-140480"
-80.5,-73,0.01,"Mytilus edulis","W-Msc-140480"
-80,-73,0.01,"Mytilus edulis","W-Msc-140480"
-79.5,-73,0.02,"Mytilus edulis","W-Msc-140480"
-79,-73,0.02,"Mytilus edulis","W-Msc-140480"
-78.5,-73,0.02,"Mytilus edulis","W-Msc-140480"
-78,-73,0.02,"Mytilus edulis","W-Msc-140480"
-77.5,-73,0.01,"Mytilus edulis","W-Msc-140480"
-77,-73,0.01,"Mytilus edulis","W-Msc-140480"
-76.5,-73,0.01,"Mytilus edulis","W-Msc-140480"
-76,-73,0.02,"Mytilus edulis","W-Msc-140480"
-75.5,-73,0.01,"Mytilus edulis","W-Msc-140480"
-75,-73,0.01,"Mytilus edulis","W-Msc-140480"
-74.5,-73,0.01,"Mytilus edulis","W-Msc-140480"
-74,-73,0.02,"Mytilus edulis","W-Msc-140480"
-73.5,-73,0.02,"Mytilus edulis","W-Msc-140480"
-73,-73,0.02,"Mytilus edulis","W-Msc-140480"
-72.5,-73,0.02,"Mytilus edulis","W-Msc-140480"
-72,-73,0.02,"Mytilus edulis","W-Msc-140480"
-71.5,-73,0.02,"Mytilus edulis","W-Msc-140480"
-71,-73,0.01,"Mytilus edulis","W-Msc-140480"
-70.5,-73,0.01,"Mytilus edulis","W-Msc-140480"
-70,-73,0.01,"Mytilus edulis","W-Msc-140480"
-69.5,-73,0.01,"Mytilus edulis","W-Msc-140480"
-69,-73,0.01,"Mytilus edulis","W-Msc-140480"
-68.5,-73,0.01,"Mytilus edulis","W-Msc-140480"
-68,-73,0.01,"Mytilus edulis","W-Msc-140480"
-67.5,-73,0.01,"Mytilus edulis","W-Msc-140480"
-103.5,-73.5,0.01,"Mytilus edulis","W-Msc-140480"
-103,-73.5,0.01,"Mytilus edulis","W-Msc-140480"
-102.5,-73.5,0.01,"Mytilus edulis","W-Msc-140480"
-102,-73.5,0.01,"Mytilus edulis","W-Msc-140480"
-90.5,-73.5,0.01,"Mytilus edulis","W-Msc-140480"
-90,-73.5,0.01,"Mytilus edulis","W-Msc-140480"
-89.5,-73.5,0.01,"Mytilus edulis","W-Msc-140480"
-89,-73.5,0.01,"Mytilus edulis","W-Msc-140480"
-88.5,-73.5,0.01,"Mytilus edulis","W-Msc-140480"
-88,-73.5,0.01,"Mytilus edulis","W-Msc-140480"
-87.5,-73.5,0.01,"Mytilus edulis","W-Msc-140480"
-87,-73.5,0.01,"Mytilus edulis","W-Msc-140480"
-86.5,-73.5,0.01,"Mytilus edulis","W-Msc-140480"
-86,-73.5,0.01,"Mytilus edulis","W-Msc-140480"
-85.5,-73.5,0.01,"Mytilus edulis","W-Msc-140480"
-85,-73.5,0.01,"Mytilus edulis","W-Msc-140480"
-84.5,-73.5,0.01,"Mytilus edulis","W-Msc-140480"
-84,-73.5,0.01,"Mytilus edulis","W-Msc-140480"
-83.5,-73.5,0.01,"Mytilus edulis","W-Msc-140480"
-83,-73.5,0.01,"Mytilus edulis","W-Msc-140480"
-82.5,-73.5,0.01,"Mytilus edulis","W-Msc-140480"
-82,-73.5,0.01,"Mytilus edulis","W-Msc-140480"
-81.5,-73.5,0.01,"Mytilus edulis","W-Msc-140480"
-81,-73.5,0.01,"Mytilus edulis","W-Msc-140480"
-80.5,-73.5,0.01,"Mytilus edulis","W-Msc-140480"
-80,-73.5,0.01,"Mytilus edulis","W-Msc-140480"
-79,-73.5,0.01,"Mytilus edulis","W-Msc-140480"
-78.5,-73.5,0.01,"Mytilus edulis","W-Msc-140480"
-78,-73.5,0.01,"Mytilus edulis","W-Msc-140480"
-77.5,-73.5,0.01,"Mytilus edulis","W-Msc-140480"
-77,-73.5,0.01,"Mytilus edulis","W-Msc-140480"
-76.5,-73.5,0.01,"Mytilus edulis","W-Msc-140480"
-76,-73.5,0.01,"Mytilus edulis","W-Msc-140480"
-75.5,-73.5,0.01,"Mytilus edulis","W-Msc-140480"
-75,-73.5,0.01,"Mytilus edulis","W-Msc-140480"
-74.5,-73.5,0.01,"Mytilus edulis","W-Msc-140480"
-74,-73.5,0.02,"Mytilus edulis","W-Msc-140480"
-73.5,-73.5,0.02,"Mytilus edulis","W-Msc-140480"
-73,-73.5,0.02,"Mytilus edulis","W-Msc-140480"
-72.5,-73.5,0.02,"Mytilus edulis","W-Msc-140480"
-72,-73.5,0.02,"Mytilus edulis","W-Msc-140480"
-71.5,-73.5,0.02,"Mytilus edulis","W-Msc-140480"
-71,-73.5,0.01,"Mytilus edulis","W-Msc-140480"
-70.5,-73.5,0.01,"Mytilus edulis","W-Msc-140480"
-70,-73.5,0.01,"Mytilus edulis","W-Msc-140480"
-69.5,-73.5,0.01,"Mytilus edulis","W-Msc-140480"
-69,-73.5,0.01,"Mytilus edulis","W-Msc-140480"
-118,-74,0.01,"Mytilus edulis","W-Msc-140480"
-117.5,-74,0.01,"Mytilus edulis","W-Msc-140480"
-117,-74,0.01,"Mytilus edulis","W-Msc-140480"
-116.5,-74,0.01,"Mytilus edulis","W-Msc-140480"
-116,-74,0.01,"Mytilus edulis","W-Msc-140480"
-115.5,-74,0.01,"Mytilus edulis","W-Msc-140480"
-115,-74,0.01,"Mytilus edulis","W-Msc-140480"
-104.5,-74,0.01,"Mytilus edulis","W-Msc-140480"
-104,-74,0.01,"Mytilus edulis","W-Msc-140480"
-103,-74,0.01,"Mytilus edulis","W-Msc-140480"
-102.5,-74,0.01,"Mytilus edulis","W-Msc-140480"
-102,-74,0.01,"Mytilus edulis","W-Msc-140480"
-101.5,-74,0.01,"Mytilus edulis","W-Msc-140480"
-100.5,-74,0.01,"Mytilus edulis","W-Msc-140480"
-100,-74,0.01,"Mytilus edulis","W-Msc-140480"
-83.5,-74,0.01,"Mytilus edulis","W-Msc-140480"
-83,-74,0.01,"Mytilus edulis","W-Msc-140480"
-82.5,-74,0.01,"Mytilus edulis","W-Msc-140480"
-82,-74,0.01,"Mytilus edulis","W-Msc-140480"
-81.5,-74,0.01,"Mytilus edulis","W-Msc-140480"
-81,-74,0.01,"Mytilus edulis","W-Msc-140480"
-78.5,-74,0.01,"Mytilus edulis","W-Msc-140480"
-78,-74,0.01,"Mytilus edulis","W-Msc-140480"
-77,-74,0.01,"Mytilus edulis","W-Msc-140480"
-76.5,-74,0.01,"Mytilus edulis","W-Msc-140480"
-76,-74,0.01,"Mytilus edulis","W-Msc-140480"
-75.5,-74,0.01,"Mytilus edulis","W-Msc-140480"
-75,-74,0.01,"Mytilus edulis","W-Msc-140480"
-73.5,-74,0.01,"Mytilus edulis","W-Msc-140480"
-73,-74,0.01,"Mytilus edulis","W-Msc-140480"
-104.5,-74.5,0.01,"Mytilus edulis","W-Msc-140480"
-104,-74.5,0.01,"Mytilus edulis","W-Msc-140480"
-103.5,-74.5,0.01,"Mytilus edulis","W-Msc-140480"
-103,-74.5,0.01,"Mytilus edulis","W-Msc-140480"
-102.5,-74.5,0.01,"Mytilus edulis","W-Msc-140480"
-102,-74.5,0.01,"Mytilus edulis","W-Msc-140480"
167.5,-77,0.01,"Mytilus edulis","W-Msc-140480"
168,-77,0.01,"Mytilus edulis","W-Msc-140480"
168.5,-77,0.01,"Mytilus edulis","W-Msc-140480"
169,-77,0.01,"Mytilus edulis","W-Msc-140480"
