"long_dd","lat_dd","poccur","species","aquamaps_id"
141.5,44,0.13,"Saccostrea glomerata","W-Msc-397183"
141.5,43.5,0.13,"Saccostrea glomerata","W-Msc-397183"
140.5,43,0.21,"Saccostrea glomerata","W-Msc-397183"
141,43,0.26,"Saccostrea glomerata","W-Msc-397183"
141.5,43,0.13,"Saccostrea glomerata","W-Msc-397183"
140,42.5,0.19,"Saccostrea glomerata","W-Msc-397183"
140.5,42.5,0.3,"Saccostrea glomerata","W-Msc-397183"
141,42.5,0.22,"Saccostrea glomerata","W-Msc-397183"
141.5,42.5,0.15,"Saccostrea glomerata","W-Msc-397183"
139.5,42,0.25,"Saccostrea glomerata","W-Msc-397183"
140,42,0.37,"Saccostrea glomerata","W-Msc-397183"
140.5,42,0.24,"Saccostrea glomerata","W-Msc-397183"
141,42,0.16,"Saccostrea glomerata","W-Msc-397183"
141.5,42,0.15,"Saccostrea glomerata","W-Msc-397183"
142,42,0.12,"Saccostrea glomerata","W-Msc-397183"
142.5,42,0.1,"Saccostrea glomerata","W-Msc-397183"
140.5,41.5,0.43,"Saccostrea glomerata","W-Msc-397183"
141,41.5,0.42,"Saccostrea glomerata","W-Msc-397183"
141.5,41.5,0.29,"Saccostrea glomerata","W-Msc-397183"
140,41,0.34,"Saccostrea glomerata","W-Msc-397183"
140.5,41,0.42,"Saccostrea glomerata","W-Msc-397183"
141,41,0.48,"Saccostrea glomerata","W-Msc-397183"
141.5,41,0.43,"Saccostrea glomerata","W-Msc-397183"
129.5,40.5,0.28,"Saccostrea glomerata","W-Msc-397183"
130,40.5,0.25,"Saccostrea glomerata","W-Msc-397183"
140,40.5,0.41,"Saccostrea glomerata","W-Msc-397183"
140.5,40.5,0.55,"Saccostrea glomerata","W-Msc-397183"
141,40.5,0.5,"Saccostrea glomerata","W-Msc-397183"
141.5,40.5,0.43,"Saccostrea glomerata","W-Msc-397183"
129,40,0.32,"Saccostrea glomerata","W-Msc-397183"
129.5,40,0.34,"Saccostrea glomerata","W-Msc-397183"
140,40,0.5,"Saccostrea glomerata","W-Msc-397183"
140.5,40,0.51,"Saccostrea glomerata","W-Msc-397183"
142,40,0.42,"Saccostrea glomerata","W-Msc-397183"
128,39.5,0.24,"Saccostrea glomerata","W-Msc-397183"
128.5,39.5,0.36,"Saccostrea glomerata","W-Msc-397183"
140,39.5,0.46,"Saccostrea glomerata","W-Msc-397183"
140.5,39.5,0.48,"Saccostrea glomerata","W-Msc-397183"
142,39.5,0.45,"Saccostrea glomerata","W-Msc-397183"
142.5,39.5,0.41,"Saccostrea glomerata","W-Msc-397183"
128,39,0.26,"Saccostrea glomerata","W-Msc-397183"
128.5,39,0.42,"Saccostrea glomerata","W-Msc-397183"
135.5,39,0.25,"Saccostrea glomerata","W-Msc-397183"
140,39,0.42,"Saccostrea glomerata","W-Msc-397183"
140.5,39,0.44,"Saccostrea glomerata","W-Msc-397183"
142,39,0.49,"Saccostrea glomerata","W-Msc-397183"
142.5,39,0.48,"Saccostrea glomerata","W-Msc-397183"
128.5,38.5,0.45,"Saccostrea glomerata","W-Msc-397183"
129,38.5,0.14,"Saccostrea glomerata","W-Msc-397183"
139.5,38.5,0.46,"Saccostrea glomerata","W-Msc-397183"
140,38.5,0.4,"Saccostrea glomerata","W-Msc-397183"
141.5,38.5,0.47,"Saccostrea glomerata","W-Msc-397183"
142,38.5,0.52,"Saccostrea glomerata","W-Msc-397183"
129,38,0.38,"Saccostrea glomerata","W-Msc-397183"
138.5,38,0.33,"Saccostrea glomerata","W-Msc-397183"
139,38,0.45,"Saccostrea glomerata","W-Msc-397183"
139.5,38,0.36,"Saccostrea glomerata","W-Msc-397183"
141,38,0.4,"Saccostrea glomerata","W-Msc-397183"
141.5,38,0.38,"Saccostrea glomerata","W-Msc-397183"
142,38,0.55,"Saccostrea glomerata","W-Msc-397183"
129,37.5,0.15,"Saccostrea glomerata","W-Msc-397183"
129.5,37.5,0.35,"Saccostrea glomerata","W-Msc-397183"
131,37.5,0.31,"Saccostrea glomerata","W-Msc-397183"
137,37.5,0.44,"Saccostrea glomerata","W-Msc-397183"
137.5,37.5,0.39,"Saccostrea glomerata","W-Msc-397183"
138.5,37.5,0.38,"Saccostrea glomerata","W-Msc-397183"
139,37.5,0.39,"Saccostrea glomerata","W-Msc-397183"
139.5,37.5,0.4,"Saccostrea glomerata","W-Msc-397183"
141,37.5,0.45,"Saccostrea glomerata","W-Msc-397183"
141.5,37.5,0.45,"Saccostrea glomerata","W-Msc-397183"
129.5,37,0.3,"Saccostrea glomerata","W-Msc-397183"
131,37,0.33,"Saccostrea glomerata","W-Msc-397183"
132,37,0.06,"Saccostrea glomerata","W-Msc-397183"
137,37,0.51,"Saccostrea glomerata","W-Msc-397183"
137.5,37,0.48,"Saccostrea glomerata","W-Msc-397183"
138,37,0.45,"Saccostrea glomerata","W-Msc-397183"
138.5,37,0.38,"Saccostrea glomerata","W-Msc-397183"
139,37,0.4,"Saccostrea glomerata","W-Msc-397183"
141,37,0.2,"Saccostrea glomerata","W-Msc-397183"
141.5,37,0.53,"Saccostrea glomerata","W-Msc-397183"
129.5,36.5,0.2,"Saccostrea glomerata","W-Msc-397183"
130,36.5,0.32,"Saccostrea glomerata","W-Msc-397183"
136.5,36.5,0.5,"Saccostrea glomerata","W-Msc-397183"
137,36.5,0.47,"Saccostrea glomerata","W-Msc-397183"
137.5,36.5,0.46,"Saccostrea glomerata","W-Msc-397183"
138,36.5,0.36,"Saccostrea glomerata","W-Msc-397183"
141,36.5,0.57,"Saccostrea glomerata","W-Msc-397183"
141.5,36.5,0.62,"Saccostrea glomerata","W-Msc-397183"
129.5,36,0.13,"Saccostrea glomerata","W-Msc-397183"
130,36,0.25,"Saccostrea glomerata","W-Msc-397183"
133,36,0.51,"Saccostrea glomerata","W-Msc-397183"
133.5,36,0.51,"Saccostrea glomerata","W-Msc-397183"
134,36,0.37,"Saccostrea glomerata","W-Msc-397183"
136,36,0.13,"Saccostrea glomerata","W-Msc-397183"
136.5,36,0.46,"Saccostrea glomerata","W-Msc-397183"
141,36,0.44,"Saccostrea glomerata","W-Msc-397183"
129.5,35.5,0.06,"Saccostrea glomerata","W-Msc-397183"
130,35.5,0.21,"Saccostrea glomerata","W-Msc-397183"
133,35.5,0.53,"Saccostrea glomerata","W-Msc-397183"
133.5,35.5,0.54,"Saccostrea glomerata","W-Msc-397183"
134,35.5,0.54,"Saccostrea glomerata","W-Msc-397183"
134.5,35.5,0.54,"Saccostrea glomerata","W-Msc-397183"
135,35.5,0.54,"Saccostrea glomerata","W-Msc-397183"
135.5,35.5,0.54,"Saccostrea glomerata","W-Msc-397183"
136,35.5,0.49,"Saccostrea glomerata","W-Msc-397183"
136.5,35.5,0.4,"Saccostrea glomerata","W-Msc-397183"
140.5,35.5,0.24,"Saccostrea glomerata","W-Msc-397183"
141,35.5,0.7,"Saccostrea glomerata","W-Msc-397183"
141.5,35.5,0.53,"Saccostrea glomerata","W-Msc-397183"
130,35,0.14,"Saccostrea glomerata","W-Msc-397183"
131.5,35,0.47,"Saccostrea glomerata","W-Msc-397183"
132.5,35,0.53,"Saccostrea glomerata","W-Msc-397183"
133,35,0.55,"Saccostrea glomerata","W-Msc-397183"
137,35,0.09,"Saccostrea glomerata","W-Msc-397183"
139,35,0.36,"Saccostrea glomerata","W-Msc-397183"
140.5,35,0.49,"Saccostrea glomerata","W-Msc-397183"
141,35,0.83,"Saccostrea glomerata","W-Msc-397183"
129.5,34.5,0.23,"Saccostrea glomerata","W-Msc-397183"
130,34.5,0.26,"Saccostrea glomerata","W-Msc-397183"
131.5,34.5,0.56,"Saccostrea glomerata","W-Msc-397183"
132,34.5,0.57,"Saccostrea glomerata","W-Msc-397183"
132.5,34.5,0.59,"Saccostrea glomerata","W-Msc-397183"
134,34.5,0.52,"Saccostrea glomerata","W-Msc-397183"
134.5,34.5,0.44,"Saccostrea glomerata","W-Msc-397183"
138,34.5,0.38,"Saccostrea glomerata","W-Msc-397183"
138.5,34.5,0.73,"Saccostrea glomerata","W-Msc-397183"
139,34.5,0.71,"Saccostrea glomerata","W-Msc-397183"
139.5,34.5,0.72,"Saccostrea glomerata","W-Msc-397183"
140,34.5,0.8,"Saccostrea glomerata","W-Msc-397183"
140.5,34.5,0.85,"Saccostrea glomerata","W-Msc-397183"
129,34,0.16,"Saccostrea glomerata","W-Msc-397183"
129.5,34,0.5,"Saccostrea glomerata","W-Msc-397183"
130.5,34,0.55,"Saccostrea glomerata","W-Msc-397183"
131,34,0.63,"Saccostrea glomerata","W-Msc-397183"
131.5,34,0.62,"Saccostrea glomerata","W-Msc-397183"
132,34,0.65,"Saccostrea glomerata","W-Msc-397183"
132.5,34,0.68,"Saccostrea glomerata","W-Msc-397183"
133,34,0.49,"Saccostrea glomerata","W-Msc-397183"
133.5,34,0.57,"Saccostrea glomerata","W-Msc-397183"
134,34,0.57,"Saccostrea glomerata","W-Msc-397183"
134.5,34,0.52,"Saccostrea glomerata","W-Msc-397183"
135,34,0.37,"Saccostrea glomerata","W-Msc-397183"
135.5,34,0.31,"Saccostrea glomerata","W-Msc-397183"
136.5,34,0.67,"Saccostrea glomerata","W-Msc-397183"
137,34,0.67,"Saccostrea glomerata","W-Msc-397183"
137.5,34,0.26,"Saccostrea glomerata","W-Msc-397183"
138.5,34,0.1,"Saccostrea glomerata","W-Msc-397183"
139.5,34,0.85,"Saccostrea glomerata","W-Msc-397183"
140,34,0.86,"Saccostrea glomerata","W-Msc-397183"
125.5,33.5,0.14,"Saccostrea glomerata","W-Msc-397183"
126.5,33.5,0.23,"Saccostrea glomerata","W-Msc-397183"
127,33.5,0.19,"Saccostrea glomerata","W-Msc-397183"
127.5,33.5,0.35,"Saccostrea glomerata","W-Msc-397183"
128,33.5,0.4,"Saccostrea glomerata","W-Msc-397183"
130,33.5,0.67,"Saccostrea glomerata","W-Msc-397183"
130.5,33.5,0.62,"Saccostrea glomerata","W-Msc-397183"
131,33.5,0.63,"Saccostrea glomerata","W-Msc-397183"
131.5,33.5,0.66,"Saccostrea glomerata","W-Msc-397183"
132,33.5,0.72,"Saccostrea glomerata","W-Msc-397183"
132.5,33.5,0.75,"Saccostrea glomerata","W-Msc-397183"
133,33.5,0.72,"Saccostrea glomerata","W-Msc-397183"
133.5,33.5,0.7,"Saccostrea glomerata","W-Msc-397183"
134,33.5,0.69,"Saccostrea glomerata","W-Msc-397183"
134.5,33.5,0.65,"Saccostrea glomerata","W-Msc-397183"
135,33.5,0.59,"Saccostrea glomerata","W-Msc-397183"
135.5,33.5,0.71,"Saccostrea glomerata","W-Msc-397183"
136,33.5,0.75,"Saccostrea glomerata","W-Msc-397183"
136.5,33.5,0.78,"Saccostrea glomerata","W-Msc-397183"
140,33.5,0.89,"Saccostrea glomerata","W-Msc-397183"
126.5,33,0.53,"Saccostrea glomerata","W-Msc-397183"
127,33,0.54,"Saccostrea glomerata","W-Msc-397183"
127.5,33,0.62,"Saccostrea glomerata","W-Msc-397183"
129,33,0.7,"Saccostrea glomerata","W-Msc-397183"
129.5,33,0.67,"Saccostrea glomerata","W-Msc-397183"
130,33,0.61,"Saccostrea glomerata","W-Msc-397183"
130.5,33,0.56,"Saccostrea glomerata","W-Msc-397183"
132,33,0.79,"Saccostrea glomerata","W-Msc-397183"
132.5,33,0.8,"Saccostrea glomerata","W-Msc-397183"
133,33,0.32,"Saccostrea glomerata","W-Msc-397183"
133.5,33,0.8,"Saccostrea glomerata","W-Msc-397183"
134,33,0.82,"Saccostrea glomerata","W-Msc-397183"
134.5,33,0.83,"Saccostrea glomerata","W-Msc-397183"
136,33,0.87,"Saccostrea glomerata","W-Msc-397183"
140,33,0.91,"Saccostrea glomerata","W-Msc-397183"
125,32.5,0.01,"Saccostrea glomerata","W-Msc-397183"
129,32.5,0.72,"Saccostrea glomerata","W-Msc-397183"
129.5,32.5,0.69,"Saccostrea glomerata","W-Msc-397183"
130,32.5,0.55,"Saccostrea glomerata","W-Msc-397183"
130.5,32.5,0.46,"Saccostrea glomerata","W-Msc-397183"
131,32.5,0.54,"Saccostrea glomerata","W-Msc-397183"
132,32.5,0.78,"Saccostrea glomerata","W-Msc-397183"
132.5,32.5,0.8,"Saccostrea glomerata","W-Msc-397183"
133,32.5,0.8,"Saccostrea glomerata","W-Msc-397183"
133.5,32.5,0.82,"Saccostrea glomerata","W-Msc-397183"
125,32,0.02,"Saccostrea glomerata","W-Msc-397183"
125.5,32,0.04,"Saccostrea glomerata","W-Msc-397183"
128.5,32,0.76,"Saccostrea glomerata","W-Msc-397183"
130,32,0.68,"Saccostrea glomerata","W-Msc-397183"
130.5,32,0.28,"Saccostrea glomerata","W-Msc-397183"
131,32,0.53,"Saccostrea glomerata","W-Msc-397183"
132,32,0.77,"Saccostrea glomerata","W-Msc-397183"
140,32,0.82,"Saccostrea glomerata","W-Msc-397183"
124.5,31.5,0.03,"Saccostrea glomerata","W-Msc-397183"
125,31.5,0.06,"Saccostrea glomerata","W-Msc-397183"
125.5,31.5,0.12,"Saccostrea glomerata","W-Msc-397183"
126.5,31.5,0.11,"Saccostrea glomerata","W-Msc-397183"
128.5,31.5,0.23,"Saccostrea glomerata","W-Msc-397183"
130,31.5,0.72,"Saccostrea glomerata","W-Msc-397183"
130.5,31.5,0.69,"Saccostrea glomerata","W-Msc-397183"
131,31.5,0.75,"Saccostrea glomerata","W-Msc-397183"
131.5,31.5,0.77,"Saccostrea glomerata","W-Msc-397183"
132,31.5,0.8,"Saccostrea glomerata","W-Msc-397183"
124,31,0.08,"Saccostrea glomerata","W-Msc-397183"
124.5,31,0.12,"Saccostrea glomerata","W-Msc-397183"
125,31,0.07,"Saccostrea glomerata","W-Msc-397183"
125.5,31,0.06,"Saccostrea glomerata","W-Msc-397183"
126,31,0.03,"Saccostrea glomerata","W-Msc-397183"
129.5,31,0.79,"Saccostrea glomerata","W-Msc-397183"
130,31,0.77,"Saccostrea glomerata","W-Msc-397183"
130.5,31,0.75,"Saccostrea glomerata","W-Msc-397183"
131,31,0.77,"Saccostrea glomerata","W-Msc-397183"
131.5,31,0.78,"Saccostrea glomerata","W-Msc-397183"
123.5,30.5,0.15,"Saccostrea glomerata","W-Msc-397183"
124,30.5,0.21,"Saccostrea glomerata","W-Msc-397183"
124.5,30.5,0.06,"Saccostrea glomerata","W-Msc-397183"
125,30.5,0.05,"Saccostrea glomerata","W-Msc-397183"
129.5,30.5,0.82,"Saccostrea glomerata","W-Msc-397183"
130,30.5,0.81,"Saccostrea glomerata","W-Msc-397183"
130.5,30.5,0.81,"Saccostrea glomerata","W-Msc-397183"
131,30.5,0.81,"Saccostrea glomerata","W-Msc-397183"
131.5,30.5,0.82,"Saccostrea glomerata","W-Msc-397183"
140.5,30.5,0.71,"Saccostrea glomerata","W-Msc-397183"
123.5,30,0.17,"Saccostrea glomerata","W-Msc-397183"
124,30,0.31,"Saccostrea glomerata","W-Msc-397183"
124.5,30,0.04,"Saccostrea glomerata","W-Msc-397183"
130,30,0.84,"Saccostrea glomerata","W-Msc-397183"
130.5,30,0.81,"Saccostrea glomerata","W-Msc-397183"
131,30,0.84,"Saccostrea glomerata","W-Msc-397183"
131.5,30,0.82,"Saccostrea glomerata","W-Msc-397183"
123.5,29.5,0.2,"Saccostrea glomerata","W-Msc-397183"
124,29.5,0.24,"Saccostrea glomerata","W-Msc-397183"
124.5,29.5,0.22,"Saccostrea glomerata","W-Msc-397183"
125,29.5,0.38,"Saccostrea glomerata","W-Msc-397183"
125.5,29.5,0.04,"Saccostrea glomerata","W-Msc-397183"
127.5,29.5,0.06,"Saccostrea glomerata","W-Msc-397183"
130,29.5,0.88,"Saccostrea glomerata","W-Msc-397183"
123.5,29,0.08,"Saccostrea glomerata","W-Msc-397183"
129.5,29,0.73,"Saccostrea glomerata","W-Msc-397183"
130,29,0.79,"Saccostrea glomerata","W-Msc-397183"
123,28.5,0.38,"Saccostrea glomerata","W-Msc-397183"
129.5,28.5,0.73,"Saccostrea glomerata","W-Msc-397183"
130,28.5,0.73,"Saccostrea glomerata","W-Msc-397183"
129.5,28,0.72,"Saccostrea glomerata","W-Msc-397183"
130,28,0.79,"Saccostrea glomerata","W-Msc-397183"
130.5,28,0.79,"Saccostrea glomerata","W-Msc-397183"
125.5,27.5,0.71,"Saccostrea glomerata","W-Msc-397183"
126,27.5,0.77,"Saccostrea glomerata","W-Msc-397183"
128.5,27.5,0.61,"Saccostrea glomerata","W-Msc-397183"
129,27.5,0.59,"Saccostrea glomerata","W-Msc-397183"
129.5,27.5,0.68,"Saccostrea glomerata","W-Msc-397183"
142.5,27.5,0.34,"Saccostrea glomerata","W-Msc-397183"
122,27,0.37,"Saccostrea glomerata","W-Msc-397183"
125.5,27,0.77,"Saccostrea glomerata","W-Msc-397183"
128,27,0.69,"Saccostrea glomerata","W-Msc-397183"
128.5,27,0.61,"Saccostrea glomerata","W-Msc-397183"
129,27,0.58,"Saccostrea glomerata","W-Msc-397183"
141,27,0.23,"Saccostrea glomerata","W-Msc-397183"
142.5,27,0.28,"Saccostrea glomerata","W-Msc-397183"
121.5,26.5,0.29,"Saccostrea glomerata","W-Msc-397183"
122.5,26.5,0.25,"Saccostrea glomerata","W-Msc-397183"
123,26.5,0.67,"Saccostrea glomerata","W-Msc-397183"
127,26.5,0.74,"Saccostrea glomerata","W-Msc-397183"
127.5,26.5,0.73,"Saccostrea glomerata","W-Msc-397183"
128,26.5,0.7,"Saccostrea glomerata","W-Msc-397183"
128.5,26.5,0.64,"Saccostrea glomerata","W-Msc-397183"
142.5,26.5,0.2,"Saccostrea glomerata","W-Msc-397183"
121,26,0.08,"Saccostrea glomerata","W-Msc-397183"
121.5,26,0.19,"Saccostrea glomerata","W-Msc-397183"
122,26,0.4,"Saccostrea glomerata","W-Msc-397183"
122.5,26,0.66,"Saccostrea glomerata","W-Msc-397183"
127,26,0.68,"Saccostrea glomerata","W-Msc-397183"
127.5,26,0.62,"Saccostrea glomerata","W-Msc-397183"
128,26,0.59,"Saccostrea glomerata","W-Msc-397183"
128.5,26,0.53,"Saccostrea glomerata","W-Msc-397183"
121,25.5,0.27,"Saccostrea glomerata","W-Msc-397183"
121.5,25.5,0.43,"Saccostrea glomerata","W-Msc-397183"
122,25.5,0.54,"Saccostrea glomerata","W-Msc-397183"
122.5,25.5,0.71,"Saccostrea glomerata","W-Msc-397183"
124,25.5,0.59,"Saccostrea glomerata","W-Msc-397183"
125,25.5,0.62,"Saccostrea glomerata","W-Msc-397183"
127.5,25.5,0.02,"Saccostrea glomerata","W-Msc-397183"
131.5,25.5,0.34,"Saccostrea glomerata","W-Msc-397183"
120.5,25,0.05,"Saccostrea glomerata","W-Msc-397183"
121,25,0.41,"Saccostrea glomerata","W-Msc-397183"
121.5,25,0.5,"Saccostrea glomerata","W-Msc-397183"
122,25,0.58,"Saccostrea glomerata","W-Msc-397183"
122.5,25,0.7,"Saccostrea glomerata","W-Msc-397183"
125.5,25,0.67,"Saccostrea glomerata","W-Msc-397183"
126,25,0.61,"Saccostrea glomerata","W-Msc-397183"
120,24.5,0.29,"Saccostrea glomerata","W-Msc-397183"
120.5,24.5,0.45,"Saccostrea glomerata","W-Msc-397183"
121,24.5,0.57,"Saccostrea glomerata","W-Msc-397183"
122,24.5,0.63,"Saccostrea glomerata","W-Msc-397183"
123.5,24.5,0.41,"Saccostrea glomerata","W-Msc-397183"
124.5,24.5,0.51,"Saccostrea glomerata","W-Msc-397183"
125,24.5,0.52,"Saccostrea glomerata","W-Msc-397183"
125.5,24.5,0.56,"Saccostrea glomerata","W-Msc-397183"
126,24.5,0.48,"Saccostrea glomerata","W-Msc-397183"
131.5,24.5,0.16,"Saccostrea glomerata","W-Msc-397183"
119,24,0.16,"Saccostrea glomerata","W-Msc-397183"
119.5,24,0.51,"Saccostrea glomerata","W-Msc-397183"
120,24,0.64,"Saccostrea glomerata","W-Msc-397183"
120.5,24,0.6,"Saccostrea glomerata","W-Msc-397183"
121,24,0.62,"Saccostrea glomerata","W-Msc-397183"
122,24,0.53,"Saccostrea glomerata","W-Msc-397183"
123,24,0.24,"Saccostrea glomerata","W-Msc-397183"
123.5,24,0.32,"Saccostrea glomerata","W-Msc-397183"
124,24,0.39,"Saccostrea glomerata","W-Msc-397183"
124.5,24,0.4,"Saccostrea glomerata","W-Msc-397183"
118.5,23.5,0.02,"Saccostrea glomerata","W-Msc-397183"
119,23.5,0.25,"Saccostrea glomerata","W-Msc-397183"
119.5,23.5,0.48,"Saccostrea glomerata","W-Msc-397183"
120,23.5,0.57,"Saccostrea glomerata","W-Msc-397183"
120.5,23.5,0.59,"Saccostrea glomerata","W-Msc-397183"
122,23.5,0.48,"Saccostrea glomerata","W-Msc-397183"
117,23,0.01,"Saccostrea glomerata","W-Msc-397183"
117.5,23,0.04,"Saccostrea glomerata","W-Msc-397183"
118,23,0.19,"Saccostrea glomerata","W-Msc-397183"
118.5,23,0.28,"Saccostrea glomerata","W-Msc-397183"
119,23,0.36,"Saccostrea glomerata","W-Msc-397183"
119.5,23,0.54,"Saccostrea glomerata","W-Msc-397183"
120,23,0.47,"Saccostrea glomerata","W-Msc-397183"
120.5,23,0.48,"Saccostrea glomerata","W-Msc-397183"
121.5,23,0.46,"Saccostrea glomerata","W-Msc-397183"
117,22.5,0.07,"Saccostrea glomerata","W-Msc-397183"
117.5,22.5,0.26,"Saccostrea glomerata","W-Msc-397183"
118,22.5,0.34,"Saccostrea glomerata","W-Msc-397183"
118.5,22.5,0.4,"Saccostrea glomerata","W-Msc-397183"
119,22.5,0.45,"Saccostrea glomerata","W-Msc-397183"
119.5,22.5,0.41,"Saccostrea glomerata","W-Msc-397183"
120.5,22.5,0.37,"Saccostrea glomerata","W-Msc-397183"
121,22.5,0.38,"Saccostrea glomerata","W-Msc-397183"
121.5,22.5,0.38,"Saccostrea glomerata","W-Msc-397183"
122,22.5,0.3,"Saccostrea glomerata","W-Msc-397183"
115.5,22,0.07,"Saccostrea glomerata","W-Msc-397183"
116,22,0.17,"Saccostrea glomerata","W-Msc-397183"
116.5,22,0.31,"Saccostrea glomerata","W-Msc-397183"
117,22,0.19,"Saccostrea glomerata","W-Msc-397183"
117.5,22,0.44,"Saccostrea glomerata","W-Msc-397183"
118,22,0.43,"Saccostrea glomerata","W-Msc-397183"
118.5,22,0.42,"Saccostrea glomerata","W-Msc-397183"
119,22,0.3,"Saccostrea glomerata","W-Msc-397183"
120.5,22,0.14,"Saccostrea glomerata","W-Msc-397183"
121,22,0.27,"Saccostrea glomerata","W-Msc-397183"
122,22,0.28,"Saccostrea glomerata","W-Msc-397183"
108,21.5,0.22,"Saccostrea glomerata","W-Msc-397183"
108.5,21.5,0.35,"Saccostrea glomerata","W-Msc-397183"
109,21.5,0.36,"Saccostrea glomerata","W-Msc-397183"
109.5,21.5,0.29,"Saccostrea glomerata","W-Msc-397183"
110,21.5,0.21,"Saccostrea glomerata","W-Msc-397183"
114.5,21.5,0.12,"Saccostrea glomerata","W-Msc-397183"
115,21.5,0.02,"Saccostrea glomerata","W-Msc-397183"
121,21.5,0.21,"Saccostrea glomerata","W-Msc-397183"
107,21,0.02,"Saccostrea glomerata","W-Msc-397183"
107.5,21,0.13,"Saccostrea glomerata","W-Msc-397183"
108,21,0.16,"Saccostrea glomerata","W-Msc-397183"
108.5,21,0.17,"Saccostrea glomerata","W-Msc-397183"
109,21,0.2,"Saccostrea glomerata","W-Msc-397183"
109.5,21,0.27,"Saccostrea glomerata","W-Msc-397183"
110,21,0.34,"Saccostrea glomerata","W-Msc-397183"
110.5,21,0.26,"Saccostrea glomerata","W-Msc-397183"
111,21,0.2,"Saccostrea glomerata","W-Msc-397183"
111.5,21,0.22,"Saccostrea glomerata","W-Msc-397183"
112,21,0.33,"Saccostrea glomerata","W-Msc-397183"
112.5,21,0.44,"Saccostrea glomerata","W-Msc-397183"
113,21,0.46,"Saccostrea glomerata","W-Msc-397183"
113.5,21,0.47,"Saccostrea glomerata","W-Msc-397183"
114,21,0.16,"Saccostrea glomerata","W-Msc-397183"
114.5,21,0.28,"Saccostrea glomerata","W-Msc-397183"
122,21,0.2,"Saccostrea glomerata","W-Msc-397183"
107,20.5,0.43,"Saccostrea glomerata","W-Msc-397183"
107.5,20.5,0.43,"Saccostrea glomerata","W-Msc-397183"
108,20.5,0.16,"Saccostrea glomerata","W-Msc-397183"
108.5,20.5,0.14,"Saccostrea glomerata","W-Msc-397183"
109.5,20.5,0.15,"Saccostrea glomerata","W-Msc-397183"
110,20.5,0.23,"Saccostrea glomerata","W-Msc-397183"
110.5,20.5,0.28,"Saccostrea glomerata","W-Msc-397183"
111,20.5,0.29,"Saccostrea glomerata","W-Msc-397183"
111.5,20.5,0.45,"Saccostrea glomerata","W-Msc-397183"
112,20.5,0.49,"Saccostrea glomerata","W-Msc-397183"
112.5,20.5,0.33,"Saccostrea glomerata","W-Msc-397183"
113,20.5,0.24,"Saccostrea glomerata","W-Msc-397183"
113.5,20.5,0.18,"Saccostrea glomerata","W-Msc-397183"
114.5,20.5,0.07,"Saccostrea glomerata","W-Msc-397183"
115,20.5,0.06,"Saccostrea glomerata","W-Msc-397183"
117,20.5,0.08,"Saccostrea glomerata","W-Msc-397183"
117.5,20.5,0.08,"Saccostrea glomerata","W-Msc-397183"
122,20.5,0.14,"Saccostrea glomerata","W-Msc-397183"
122.5,20.5,0.1,"Saccostrea glomerata","W-Msc-397183"
106.5,20,0.37,"Saccostrea glomerata","W-Msc-397183"
107,20,0.41,"Saccostrea glomerata","W-Msc-397183"
107.5,20,0.18,"Saccostrea glomerata","W-Msc-397183"
108,20,0.15,"Saccostrea glomerata","W-Msc-397183"
109.5,20,0.13,"Saccostrea glomerata","W-Msc-397183"
110,20,0.36,"Saccostrea glomerata","W-Msc-397183"
110.5,20,0.33,"Saccostrea glomerata","W-Msc-397183"
111,20,0.33,"Saccostrea glomerata","W-Msc-397183"
111.5,20,0.45,"Saccostrea glomerata","W-Msc-397183"
112,20,0.22,"Saccostrea glomerata","W-Msc-397183"
113,20,0.04,"Saccostrea glomerata","W-Msc-397183"
113.5,20,0.01,"Saccostrea glomerata","W-Msc-397183"
115,20,0.05,"Saccostrea glomerata","W-Msc-397183"
122,20,0.06,"Saccostrea glomerata","W-Msc-397183"
122.5,20,0.05,"Saccostrea glomerata","W-Msc-397183"
106,19.5,0.27,"Saccostrea glomerata","W-Msc-397183"
106.5,19.5,0.25,"Saccostrea glomerata","W-Msc-397183"
109,19.5,0.29,"Saccostrea glomerata","W-Msc-397183"
109.5,19.5,0.29,"Saccostrea glomerata","W-Msc-397183"
110,19.5,0.22,"Saccostrea glomerata","W-Msc-397183"
110.5,19.5,0.07,"Saccostrea glomerata","W-Msc-397183"
111,19.5,0.36,"Saccostrea glomerata","W-Msc-397183"
111.5,19.5,0.39,"Saccostrea glomerata","W-Msc-397183"
112,19.5,0.08,"Saccostrea glomerata","W-Msc-397183"
113,19.5,0.01,"Saccostrea glomerata","W-Msc-397183"
122,19.5,0.05,"Saccostrea glomerata","W-Msc-397183"
122.5,19.5,0.04,"Saccostrea glomerata","W-Msc-397183"
106,19,0.29,"Saccostrea glomerata","W-Msc-397183"
106.5,19,0.34,"Saccostrea glomerata","W-Msc-397183"
109,19,0.3,"Saccostrea glomerata","W-Msc-397183"
111,19,0.34,"Saccostrea glomerata","W-Msc-397183"
111.5,19,0.21,"Saccostrea glomerata","W-Msc-397183"
112,19,0.06,"Saccostrea glomerata","W-Msc-397183"
112.5,19,0.05,"Saccostrea glomerata","W-Msc-397183"
121.5,19,0.05,"Saccostrea glomerata","W-Msc-397183"
122,19,0.07,"Saccostrea glomerata","W-Msc-397183"
122.5,19,0.05,"Saccostrea glomerata","W-Msc-397183"
106,18.5,0.3,"Saccostrea glomerata","W-Msc-397183"
106.5,18.5,0.31,"Saccostrea glomerata","W-Msc-397183"
108.5,18.5,0.06,"Saccostrea glomerata","W-Msc-397183"
109,18.5,0.28,"Saccostrea glomerata","W-Msc-397183"
110.5,18.5,0.31,"Saccostrea glomerata","W-Msc-397183"
111,18.5,0.3,"Saccostrea glomerata","W-Msc-397183"
111.5,18.5,0.06,"Saccostrea glomerata","W-Msc-397183"
121,18.5,0.02,"Saccostrea glomerata","W-Msc-397183"
121.5,18.5,0.05,"Saccostrea glomerata","W-Msc-397183"
122,18.5,0.19,"Saccostrea glomerata","W-Msc-397183"
122.5,18.5,0.1,"Saccostrea glomerata","W-Msc-397183"
106,18,0.07,"Saccostrea glomerata","W-Msc-397183"
106.5,18,0.26,"Saccostrea glomerata","W-Msc-397183"
107,18,0.29,"Saccostrea glomerata","W-Msc-397183"
108.5,18,0.02,"Saccostrea glomerata","W-Msc-397183"
109,18,0.24,"Saccostrea glomerata","W-Msc-397183"
109.5,18,0.27,"Saccostrea glomerata","W-Msc-397183"
110,18,0.28,"Saccostrea glomerata","W-Msc-397183"
110.5,18,0.25,"Saccostrea glomerata","W-Msc-397183"
111,18,0.1,"Saccostrea glomerata","W-Msc-397183"
121,18,0.03,"Saccostrea glomerata","W-Msc-397183"
122,18,0.12,"Saccostrea glomerata","W-Msc-397183"
122.5,18,0.23,"Saccostrea glomerata","W-Msc-397183"
106.5,17.5,0.21,"Saccostrea glomerata","W-Msc-397183"
107,17.5,0.25,"Saccostrea glomerata","W-Msc-397183"
108.5,17.5,0.02,"Saccostrea glomerata","W-Msc-397183"
109,17.5,0.06,"Saccostrea glomerata","W-Msc-397183"
109.5,17.5,0.07,"Saccostrea glomerata","W-Msc-397183"
110,17.5,0.13,"Saccostrea glomerata","W-Msc-397183"
110.5,17.5,0.06,"Saccostrea glomerata","W-Msc-397183"
111,17.5,0.01,"Saccostrea glomerata","W-Msc-397183"
120.5,17.5,0.01,"Saccostrea glomerata","W-Msc-397183"
122.5,17.5,0.12,"Saccostrea glomerata","W-Msc-397183"
107,17,0.22,"Saccostrea glomerata","W-Msc-397183"
107.5,17,0.22,"Saccostrea glomerata","W-Msc-397183"
109,17,0.04,"Saccostrea glomerata","W-Msc-397183"
109.5,17,0.07,"Saccostrea glomerata","W-Msc-397183"
110,17,0.04,"Saccostrea glomerata","W-Msc-397183"
110.5,17,0.03,"Saccostrea glomerata","W-Msc-397183"
111.5,17,0.01,"Saccostrea glomerata","W-Msc-397183"
112,17,0.01,"Saccostrea glomerata","W-Msc-397183"
112.5,17,0.01,"Saccostrea glomerata","W-Msc-397183"
120.5,17,0.01,"Saccostrea glomerata","W-Msc-397183"
122.5,17,0.07,"Saccostrea glomerata","W-Msc-397183"
123,17,0.02,"Saccostrea glomerata","W-Msc-397183"
107.5,16.5,0.18,"Saccostrea glomerata","W-Msc-397183"
108,16.5,0.19,"Saccostrea glomerata","W-Msc-397183"
108.5,16.5,0.04,"Saccostrea glomerata","W-Msc-397183"
109.5,16.5,0.05,"Saccostrea glomerata","W-Msc-397183"
110,16.5,0.02,"Saccostrea glomerata","W-Msc-397183"
112,16.5,0.01,"Saccostrea glomerata","W-Msc-397183"
112.5,16.5,0.01,"Saccostrea glomerata","W-Msc-397183"
113,16.5,0.01,"Saccostrea glomerata","W-Msc-397183"
120.5,16.5,0.03,"Saccostrea glomerata","W-Msc-397183"
122.5,16.5,0.05,"Saccostrea glomerata","W-Msc-397183"
123,16.5,0.02,"Saccostrea glomerata","W-Msc-397183"
108,16,0.2,"Saccostrea glomerata","W-Msc-397183"
108.5,16,0.26,"Saccostrea glomerata","W-Msc-397183"
109,16,0.17,"Saccostrea glomerata","W-Msc-397183"
109.5,16,0.04,"Saccostrea glomerata","W-Msc-397183"
112,16,0.01,"Saccostrea glomerata","W-Msc-397183"
112.5,16,0.01,"Saccostrea glomerata","W-Msc-397183"
113,16,0.01,"Saccostrea glomerata","W-Msc-397183"
114.5,16,0.01,"Saccostrea glomerata","W-Msc-397183"
120,16,0.03,"Saccostrea glomerata","W-Msc-397183"
120.5,16,0.04,"Saccostrea glomerata","W-Msc-397183"
122,16,0.08,"Saccostrea glomerata","W-Msc-397183"
122.5,16,0.03,"Saccostrea glomerata","W-Msc-397183"
108.5,15.5,0.22,"Saccostrea glomerata","W-Msc-397183"
109,15.5,0.26,"Saccostrea glomerata","W-Msc-397183"
109.5,15.5,0.09,"Saccostrea glomerata","W-Msc-397183"
111.5,15.5,0.01,"Saccostrea glomerata","W-Msc-397183"
114,15.5,0.01,"Saccostrea glomerata","W-Msc-397183"
114.5,15.5,0.02,"Saccostrea glomerata","W-Msc-397183"
122,15.5,0.1,"Saccostrea glomerata","W-Msc-397183"
109,15,0.22,"Saccostrea glomerata","W-Msc-397183"
109.5,15,0.16,"Saccostrea glomerata","W-Msc-397183"
118,15,0.01,"Saccostrea glomerata","W-Msc-397183"
121.5,15,0.07,"Saccostrea glomerata","W-Msc-397183"
122,15,0.18,"Saccostrea glomerata","W-Msc-397183"
122.5,15,0.09,"Saccostrea glomerata","W-Msc-397183"
109,14.5,0.18,"Saccostrea glomerata","W-Msc-397183"
109.5,14.5,0.18,"Saccostrea glomerata","W-Msc-397183"
121.5,14.5,0.03,"Saccostrea glomerata","W-Msc-397183"
122,14.5,0.17,"Saccostrea glomerata","W-Msc-397183"
122.5,14.5,0.18,"Saccostrea glomerata","W-Msc-397183"
123,14.5,0.13,"Saccostrea glomerata","W-Msc-397183"
123.5,14.5,0.05,"Saccostrea glomerata","W-Msc-397183"
109.5,14,0.18,"Saccostrea glomerata","W-Msc-397183"
122,14,0.13,"Saccostrea glomerata","W-Msc-397183"
122.5,14,0.15,"Saccostrea glomerata","W-Msc-397183"
123,14,0.13,"Saccostrea glomerata","W-Msc-397183"
123.5,14,0.15,"Saccostrea glomerata","W-Msc-397183"
124,14,0.11,"Saccostrea glomerata","W-Msc-397183"
124.5,14,0.04,"Saccostrea glomerata","W-Msc-397183"
109.5,13.5,0.12,"Saccostrea glomerata","W-Msc-397183"
121,13.5,0.01,"Saccostrea glomerata","W-Msc-397183"
121.5,13.5,0.02,"Saccostrea glomerata","W-Msc-397183"
122.5,13.5,0.05,"Saccostrea glomerata","W-Msc-397183"
123,13.5,0.03,"Saccostrea glomerata","W-Msc-397183"
123.5,13.5,0.08,"Saccostrea glomerata","W-Msc-397183"
124,13.5,0.15,"Saccostrea glomerata","W-Msc-397183"
124.5,13.5,0.05,"Saccostrea glomerata","W-Msc-397183"
109.5,13,0.09,"Saccostrea glomerata","W-Msc-397183"
110,13,0.05,"Saccostrea glomerata","W-Msc-397183"
123,13,0.01,"Saccostrea glomerata","W-Msc-397183"
123.5,13,0.02,"Saccostrea glomerata","W-Msc-397183"
124,13,0.08,"Saccostrea glomerata","W-Msc-397183"
124.5,13,0.02,"Saccostrea glomerata","W-Msc-397183"
109.5,12.5,0.09,"Saccostrea glomerata","W-Msc-397183"
110,12.5,0.04,"Saccostrea glomerata","W-Msc-397183"
123.5,12.5,0.02,"Saccostrea glomerata","W-Msc-397183"
124,12.5,0.07,"Saccostrea glomerata","W-Msc-397183"
124.5,12.5,0.05,"Saccostrea glomerata","W-Msc-397183"
125,12.5,0.01,"Saccostrea glomerata","W-Msc-397183"
125.5,12.5,0.01,"Saccostrea glomerata","W-Msc-397183"
109.5,12,0.11,"Saccostrea glomerata","W-Msc-397183"
110,12,0.05,"Saccostrea glomerata","W-Msc-397183"
120,12,0.01,"Saccostrea glomerata","W-Msc-397183"
124,12,0.03,"Saccostrea glomerata","W-Msc-397183"
124.5,12,0.04,"Saccostrea glomerata","W-Msc-397183"
125,12,0.05,"Saccostrea glomerata","W-Msc-397183"
125.5,12,0.03,"Saccostrea glomerata","W-Msc-397183"
126,12,0.01,"Saccostrea glomerata","W-Msc-397183"
109.5,11.5,0.15,"Saccostrea glomerata","W-Msc-397183"
110,11.5,0.05,"Saccostrea glomerata","W-Msc-397183"
115,11.5,0.01,"Saccostrea glomerata","W-Msc-397183"
117,11.5,0.01,"Saccostrea glomerata","W-Msc-397183"
120,11.5,0.01,"Saccostrea glomerata","W-Msc-397183"
120.5,11.5,0.01,"Saccostrea glomerata","W-Msc-397183"
124,11.5,0.02,"Saccostrea glomerata","W-Msc-397183"
124.5,11.5,0.03,"Saccostrea glomerata","W-Msc-397183"
125,11.5,0.01,"Saccostrea glomerata","W-Msc-397183"
125.5,11.5,0.03,"Saccostrea glomerata","W-Msc-397183"
126,11.5,0.02,"Saccostrea glomerata","W-Msc-397183"
162.5,11.5,0.05,"Saccostrea glomerata","W-Msc-397183"
165.5,11.5,0.05,"Saccostrea glomerata","W-Msc-397183"
166,11.5,0.04,"Saccostrea glomerata","W-Msc-397183"
109,11,0.12,"Saccostrea glomerata","W-Msc-397183"
109.5,11,0.12,"Saccostrea glomerata","W-Msc-397183"
110,11,0.06,"Saccostrea glomerata","W-Msc-397183"
114.5,11,0.01,"Saccostrea glomerata","W-Msc-397183"
119.5,11,0.01,"Saccostrea glomerata","W-Msc-397183"
120,11,0.01,"Saccostrea glomerata","W-Msc-397183"
120.5,11,0.01,"Saccostrea glomerata","W-Msc-397183"
121,11,0.01,"Saccostrea glomerata","W-Msc-397183"
124.5,11,0.03,"Saccostrea glomerata","W-Msc-397183"
125,11,0.05,"Saccostrea glomerata","W-Msc-397183"
125.5,11,0.04,"Saccostrea glomerata","W-Msc-397183"
126,11,0.01,"Saccostrea glomerata","W-Msc-397183"
162.5,11,0.02,"Saccostrea glomerata","W-Msc-397183"
166.5,11,0.03,"Saccostrea glomerata","W-Msc-397183"
167,11,0.02,"Saccostrea glomerata","W-Msc-397183"
167.5,11,0.01,"Saccostrea glomerata","W-Msc-397183"
109,10.5,0.06,"Saccostrea glomerata","W-Msc-397183"
109.5,10.5,0.05,"Saccostrea glomerata","W-Msc-397183"
114.5,10.5,0.01,"Saccostrea glomerata","W-Msc-397183"
119,10.5,0.01,"Saccostrea glomerata","W-Msc-397183"
119.5,10.5,0.02,"Saccostrea glomerata","W-Msc-397183"
120,10.5,0.01,"Saccostrea glomerata","W-Msc-397183"
120.5,10.5,0.01,"Saccostrea glomerata","W-Msc-397183"
121,10.5,0.01,"Saccostrea glomerata","W-Msc-397183"
122,10.5,0.01,"Saccostrea glomerata","W-Msc-397183"
122.5,10.5,0.02,"Saccostrea glomerata","W-Msc-397183"
123,10.5,0.02,"Saccostrea glomerata","W-Msc-397183"
124.5,10.5,0.04,"Saccostrea glomerata","W-Msc-397183"
125,10.5,0.07,"Saccostrea glomerata","W-Msc-397183"
125.5,10.5,0.05,"Saccostrea glomerata","W-Msc-397183"
126,10.5,0.01,"Saccostrea glomerata","W-Msc-397183"
109.5,10,0.01,"Saccostrea glomerata","W-Msc-397183"
110,10,0.02,"Saccostrea glomerata","W-Msc-397183"
119,10,0.02,"Saccostrea glomerata","W-Msc-397183"
119.5,10,0.01,"Saccostrea glomerata","W-Msc-397183"
122,10,0.01,"Saccostrea glomerata","W-Msc-397183"
122.5,10,0.01,"Saccostrea glomerata","W-Msc-397183"
123,10,0.03,"Saccostrea glomerata","W-Msc-397183"
123.5,10,0.03,"Saccostrea glomerata","W-Msc-397183"
124,10,0.06,"Saccostrea glomerata","W-Msc-397183"
124.5,10,0.06,"Saccostrea glomerata","W-Msc-397183"
125,10,0.1,"Saccostrea glomerata","W-Msc-397183"
125.5,10,0.04,"Saccostrea glomerata","W-Msc-397183"
126,10,0.02,"Saccostrea glomerata","W-Msc-397183"
166,10,0.04,"Saccostrea glomerata","W-Msc-397183"
166.5,10,0.05,"Saccostrea glomerata","W-Msc-397183"
169.5,10,0.08,"Saccostrea glomerata","W-Msc-397183"
170,10,0.06,"Saccostrea glomerata","W-Msc-397183"
170.5,10,0.03,"Saccostrea glomerata","W-Msc-397183"
108.5,9.5,0.02,"Saccostrea glomerata","W-Msc-397183"
109,9.5,0.04,"Saccostrea glomerata","W-Msc-397183"
109.5,9.5,0.02,"Saccostrea glomerata","W-Msc-397183"
113,9.5,0.01,"Saccostrea glomerata","W-Msc-397183"
113.5,9.5,0.01,"Saccostrea glomerata","W-Msc-397183"
118.5,9.5,0.02,"Saccostrea glomerata","W-Msc-397183"
119,9.5,0.01,"Saccostrea glomerata","W-Msc-397183"
122.5,9.5,0.01,"Saccostrea glomerata","W-Msc-397183"
123,9.5,0.04,"Saccostrea glomerata","W-Msc-397183"
123.5,9.5,0.07,"Saccostrea glomerata","W-Msc-397183"
124,9.5,0.07,"Saccostrea glomerata","W-Msc-397183"
124.5,9.5,0.08,"Saccostrea glomerata","W-Msc-397183"
125,9.5,0.08,"Saccostrea glomerata","W-Msc-397183"
125.5,9.5,0.09,"Saccostrea glomerata","W-Msc-397183"
126,9.5,0.1,"Saccostrea glomerata","W-Msc-397183"
169.5,9.5,0.09,"Saccostrea glomerata","W-Msc-397183"
170,9.5,0.09,"Saccostrea glomerata","W-Msc-397183"
170.5,9.5,0.05,"Saccostrea glomerata","W-Msc-397183"
108,9,0.02,"Saccostrea glomerata","W-Msc-397183"
108.5,9,0.03,"Saccostrea glomerata","W-Msc-397183"
109,9,0.02,"Saccostrea glomerata","W-Msc-397183"
118,9,0.02,"Saccostrea glomerata","W-Msc-397183"
118.5,9,0.01,"Saccostrea glomerata","W-Msc-397183"
123,9,0.01,"Saccostrea glomerata","W-Msc-397183"
123.5,9,0.07,"Saccostrea glomerata","W-Msc-397183"
124,9,0.05,"Saccostrea glomerata","W-Msc-397183"
125,9,0.07,"Saccostrea glomerata","W-Msc-397183"
125.5,9,0.07,"Saccostrea glomerata","W-Msc-397183"
126,9,0.09,"Saccostrea glomerata","W-Msc-397183"
126.5,9,0.04,"Saccostrea glomerata","W-Msc-397183"
166,9,0.05,"Saccostrea glomerata","W-Msc-397183"
167,9,0.07,"Saccostrea glomerata","W-Msc-397183"
167.5,9,0.1,"Saccostrea glomerata","W-Msc-397183"
168,9,0.09,"Saccostrea glomerata","W-Msc-397183"
170,9,0.11,"Saccostrea glomerata","W-Msc-397183"
170.5,9,0.08,"Saccostrea glomerata","W-Msc-397183"
107.5,8.5,0.03,"Saccostrea glomerata","W-Msc-397183"
108,8.5,0.03,"Saccostrea glomerata","W-Msc-397183"
108.5,8.5,0.02,"Saccostrea glomerata","W-Msc-397183"
109,8.5,0.01,"Saccostrea glomerata","W-Msc-397183"
112,8.5,0.01,"Saccostrea glomerata","W-Msc-397183"
117.5,8.5,0.01,"Saccostrea glomerata","W-Msc-397183"
123.5,8.5,0.03,"Saccostrea glomerata","W-Msc-397183"
124,8.5,0.04,"Saccostrea glomerata","W-Msc-397183"
124.5,8.5,0.05,"Saccostrea glomerata","W-Msc-397183"
125,8.5,0.02,"Saccostrea glomerata","W-Msc-397183"
125.5,8.5,0.04,"Saccostrea glomerata","W-Msc-397183"
126.5,8.5,0.03,"Saccostrea glomerata","W-Msc-397183"
166,8.5,0.04,"Saccostrea glomerata","W-Msc-397183"
166.5,8.5,0.04,"Saccostrea glomerata","W-Msc-397183"
168,8.5,0.07,"Saccostrea glomerata","W-Msc-397183"
171,8.5,0.15,"Saccostrea glomerata","W-Msc-397183"
171.5,8.5,0.13,"Saccostrea glomerata","W-Msc-397183"
106,8,0.02,"Saccostrea glomerata","W-Msc-397183"
106.5,8,0.04,"Saccostrea glomerata","W-Msc-397183"
107,8,0.04,"Saccostrea glomerata","W-Msc-397183"
107.5,8,0.03,"Saccostrea glomerata","W-Msc-397183"
108,8,0.02,"Saccostrea glomerata","W-Msc-397183"
108.5,8,0.01,"Saccostrea glomerata","W-Msc-397183"
111,8,0.01,"Saccostrea glomerata","W-Msc-397183"
123,8,0.01,"Saccostrea glomerata","W-Msc-397183"
126.5,8,0.03,"Saccostrea glomerata","W-Msc-397183"
168.5,8,0.08,"Saccostrea glomerata","W-Msc-397183"
171.5,8,0.13,"Saccostrea glomerata","W-Msc-397183"
104.5,7.5,0.01,"Saccostrea glomerata","W-Msc-397183"
105,7.5,0.01,"Saccostrea glomerata","W-Msc-397183"
105.5,7.5,0.01,"Saccostrea glomerata","W-Msc-397183"
106,7.5,0.02,"Saccostrea glomerata","W-Msc-397183"
106.5,7.5,0.03,"Saccostrea glomerata","W-Msc-397183"
107,7.5,0.02,"Saccostrea glomerata","W-Msc-397183"
107.5,7.5,0.02,"Saccostrea glomerata","W-Msc-397183"
108,7.5,0.01,"Saccostrea glomerata","W-Msc-397183"
108.5,7.5,0.01,"Saccostrea glomerata","W-Msc-397183"
109.5,7.5,0.01,"Saccostrea glomerata","W-Msc-397183"
127,7.5,0.01,"Saccostrea glomerata","W-Msc-397183"
134.5,7.5,0.01,"Saccostrea glomerata","W-Msc-397183"
168.5,7.5,0.09,"Saccostrea glomerata","W-Msc-397183"
169,7.5,0.09,"Saccostrea glomerata","W-Msc-397183"
169.5,7.5,0.08,"Saccostrea glomerata","W-Msc-397183"
105,7,0.01,"Saccostrea glomerata","W-Msc-397183"
105.5,7,0.01,"Saccostrea glomerata","W-Msc-397183"
106,7,0.01,"Saccostrea glomerata","W-Msc-397183"
106.5,7,0.01,"Saccostrea glomerata","W-Msc-397183"
107,7,0.01,"Saccostrea glomerata","W-Msc-397183"
107.5,7,0.01,"Saccostrea glomerata","W-Msc-397183"
108,7,0.01,"Saccostrea glomerata","W-Msc-397183"
108.5,7,0.01,"Saccostrea glomerata","W-Msc-397183"
134.5,7,0.01,"Saccostrea glomerata","W-Msc-397183"
169,7,0.08,"Saccostrea glomerata","W-Msc-397183"
171.5,7,0.17,"Saccostrea glomerata","W-Msc-397183"
172,7,0.18,"Saccostrea glomerata","W-Msc-397183"
105.5,6.5,0.01,"Saccostrea glomerata","W-Msc-397183"
106,6.5,0.01,"Saccostrea glomerata","W-Msc-397183"
106.5,6.5,0.01,"Saccostrea glomerata","W-Msc-397183"
107,6.5,0.01,"Saccostrea glomerata","W-Msc-397183"
107.5,6.5,0.01,"Saccostrea glomerata","W-Msc-397183"
126.5,6.5,0.02,"Saccostrea glomerata","W-Msc-397183"
134.5,6.5,0.01,"Saccostrea glomerata","W-Msc-397183"
106,6,0.01,"Saccostrea glomerata","W-Msc-397183"
106.5,6,0.01,"Saccostrea glomerata","W-Msc-397183"
120.5,6,0.01,"Saccostrea glomerata","W-Msc-397183"
126.5,6,0.05,"Saccostrea glomerata","W-Msc-397183"
161,6,0.01,"Saccostrea glomerata","W-Msc-397183"
169.5,6,0.12,"Saccostrea glomerata","W-Msc-397183"
170,6,0.12,"Saccostrea glomerata","W-Msc-397183"
172,6,0.11,"Saccostrea glomerata","W-Msc-397183"
172.5,6,0.11,"Saccostrea glomerata","W-Msc-397183"
120.5,5.5,0.01,"Saccostrea glomerata","W-Msc-397183"
121,5.5,0.01,"Saccostrea glomerata","W-Msc-397183"
121.5,5.5,0.01,"Saccostrea glomerata","W-Msc-397183"
122,5.5,0.01,"Saccostrea glomerata","W-Msc-397183"
125,5.5,0.01,"Saccostrea glomerata","W-Msc-397183"
125.5,5.5,0.02,"Saccostrea glomerata","W-Msc-397183"
126,5.5,0.04,"Saccostrea glomerata","W-Msc-397183"
127,5.5,0.02,"Saccostrea glomerata","W-Msc-397183"
168.5,5.5,0.04,"Saccostrea glomerata","W-Msc-397183"
169.5,5.5,0.09,"Saccostrea glomerata","W-Msc-397183"
170,5.5,0.1,"Saccostrea glomerata","W-Msc-397183"
172.5,5.5,0.07,"Saccostrea glomerata","W-Msc-397183"
120,5,0.01,"Saccostrea glomerata","W-Msc-397183"
120.5,5,0.01,"Saccostrea glomerata","W-Msc-397183"
121,5,0.01,"Saccostrea glomerata","W-Msc-397183"
125.5,5,0.06,"Saccostrea glomerata","W-Msc-397183"
126,5,0.06,"Saccostrea glomerata","W-Msc-397183"
132.5,5,0.02,"Saccostrea glomerata","W-Msc-397183"
163,5,0.02,"Saccostrea glomerata","W-Msc-397183"
163.5,5,0.02,"Saccostrea glomerata","W-Msc-397183"
108,4.5,0.01,"Saccostrea glomerata","W-Msc-397183"
108.5,4.5,0.01,"Saccostrea glomerata","W-Msc-397183"
120,4.5,0.01,"Saccostrea glomerata","W-Msc-397183"
120.5,4.5,0.01,"Saccostrea glomerata","W-Msc-397183"
125.5,4.5,0.07,"Saccostrea glomerata","W-Msc-397183"
126,4.5,0.06,"Saccostrea glomerata","W-Msc-397183"
127,4.5,0.04,"Saccostrea glomerata","W-Msc-397183"
127.5,4.5,0.03,"Saccostrea glomerata","W-Msc-397183"
132.5,4.5,0.03,"Saccostrea glomerata","W-Msc-397183"
169,4.5,0.06,"Saccostrea glomerata","W-Msc-397183"
107.5,4,0.01,"Saccostrea glomerata","W-Msc-397183"
108,4,0.01,"Saccostrea glomerata","W-Msc-397183"
108.5,4,0.01,"Saccostrea glomerata","W-Msc-397183"
109,4,0.01,"Saccostrea glomerata","W-Msc-397183"
126,4,0.01,"Saccostrea glomerata","W-Msc-397183"
127,4,0.05,"Saccostrea glomerata","W-Msc-397183"
104.5,3.5,0.01,"Saccostrea glomerata","W-Msc-397183"
106.5,3.5,0.01,"Saccostrea glomerata","W-Msc-397183"
108,3.5,0.01,"Saccostrea glomerata","W-Msc-397183"
125.5,3.5,0.02,"Saccostrea glomerata","W-Msc-397183"
126,3.5,0.04,"Saccostrea glomerata","W-Msc-397183"
127,3.5,0.06,"Saccostrea glomerata","W-Msc-397183"
106,3,0.01,"Saccostrea glomerata","W-Msc-397183"
106.5,3,0.01,"Saccostrea glomerata","W-Msc-397183"
107,3,0.01,"Saccostrea glomerata","W-Msc-397183"
126,3,0.03,"Saccostrea glomerata","W-Msc-397183"
132,3,0.04,"Saccostrea glomerata","W-Msc-397183"
173,3,0.18,"Saccostrea glomerata","W-Msc-397183"
173.5,3,0.14,"Saccostrea glomerata","W-Msc-397183"
105.5,2.5,0.01,"Saccostrea glomerata","W-Msc-397183"
106,2.5,0.01,"Saccostrea glomerata","W-Msc-397183"
106.5,2.5,0.01,"Saccostrea glomerata","W-Msc-397183"
125.5,2.5,0.01,"Saccostrea glomerata","W-Msc-397183"
126,2.5,0.02,"Saccostrea glomerata","W-Msc-397183"
128.5,2.5,0.08,"Saccostrea glomerata","W-Msc-397183"
129,2.5,0.06,"Saccostrea glomerata","W-Msc-397183"
132,2.5,0.03,"Saccostrea glomerata","W-Msc-397183"
119,2,0.01,"Saccostrea glomerata","W-Msc-397183"
125.5,2,0.01,"Saccostrea glomerata","W-Msc-397183"
128,2,0.08,"Saccostrea glomerata","W-Msc-397183"
128.5,2,0.07,"Saccostrea glomerata","W-Msc-397183"
129,2,0.05,"Saccostrea glomerata","W-Msc-397183"
173,2,0.2,"Saccostrea glomerata","W-Msc-397183"
173.5,2,0.2,"Saccostrea glomerata","W-Msc-397183"
119,1.5,0.01,"Saccostrea glomerata","W-Msc-397183"
119.5,1.5,0.01,"Saccostrea glomerata","W-Msc-397183"
125,1.5,0.01,"Saccostrea glomerata","W-Msc-397183"
125.5,1.5,0.01,"Saccostrea glomerata","W-Msc-397183"
128,1.5,0.05,"Saccostrea glomerata","W-Msc-397183"
128.5,1.5,0.05,"Saccostrea glomerata","W-Msc-397183"
129,1.5,0.05,"Saccostrea glomerata","W-Msc-397183"
173,1.5,0.22,"Saccostrea glomerata","W-Msc-397183"
173.5,1.5,0.21,"Saccostrea glomerata","W-Msc-397183"
119,1,0.01,"Saccostrea glomerata","W-Msc-397183"
119.5,1,0.01,"Saccostrea glomerata","W-Msc-397183"
120.5,1,0.01,"Saccostrea glomerata","W-Msc-397183"
121,1,0.01,"Saccostrea glomerata","W-Msc-397183"
121.5,1,0.01,"Saccostrea glomerata","W-Msc-397183"
122,1,0.01,"Saccostrea glomerata","W-Msc-397183"
122.5,1,0.01,"Saccostrea glomerata","W-Msc-397183"
123,1,0.01,"Saccostrea glomerata","W-Msc-397183"
123.5,1,0.01,"Saccostrea glomerata","W-Msc-397183"
124.5,1,0.01,"Saccostrea glomerata","W-Msc-397183"
125,1,0.01,"Saccostrea glomerata","W-Msc-397183"
125.5,1,0.01,"Saccostrea glomerata","W-Msc-397183"
126.5,1,0.01,"Saccostrea glomerata","W-Msc-397183"
127.5,1,0.01,"Saccostrea glomerata","W-Msc-397183"
128,1,0.05,"Saccostrea glomerata","W-Msc-397183"
128.5,1,0.05,"Saccostrea glomerata","W-Msc-397183"
129,1,0.05,"Saccostrea glomerata","W-Msc-397183"
131.5,1,0.02,"Saccostrea glomerata","W-Msc-397183"
173,1,0.23,"Saccostrea glomerata","W-Msc-397183"
173.5,1,0.22,"Saccostrea glomerata","W-Msc-397183"
-176.5,0.5,0.38,"Saccostrea glomerata","W-Msc-397183"
118,0.5,0.02,"Saccostrea glomerata","W-Msc-397183"
118.5,0.5,0.01,"Saccostrea glomerata","W-Msc-397183"
119,0.5,0.01,"Saccostrea glomerata","W-Msc-397183"
119.5,0.5,0.01,"Saccostrea glomerata","W-Msc-397183"
120,0.5,0.01,"Saccostrea glomerata","W-Msc-397183"
124,0.5,0.01,"Saccostrea glomerata","W-Msc-397183"
124.5,0.5,0.01,"Saccostrea glomerata","W-Msc-397183"
125,0.5,0.01,"Saccostrea glomerata","W-Msc-397183"
126.5,0.5,0.01,"Saccostrea glomerata","W-Msc-397183"
127.5,0.5,0.01,"Saccostrea glomerata","W-Msc-397183"
128,0.5,0.04,"Saccostrea glomerata","W-Msc-397183"
128.5,0.5,0.04,"Saccostrea glomerata","W-Msc-397183"
129,0.5,0.06,"Saccostrea glomerata","W-Msc-397183"
129.5,0.5,0.05,"Saccostrea glomerata","W-Msc-397183"
131,0.5,0.03,"Saccostrea glomerata","W-Msc-397183"
131.5,0.5,0.02,"Saccostrea glomerata","W-Msc-397183"
134.5,0.5,0.01,"Saccostrea glomerata","W-Msc-397183"
173,0.5,0.23,"Saccostrea glomerata","W-Msc-397183"
173.5,0.5,0.23,"Saccostrea glomerata","W-Msc-397183"
174,0.5,0.24,"Saccostrea glomerata","W-Msc-397183"
-176,0,0.4,"Saccostrea glomerata","W-Msc-397183"
118,0,0.02,"Saccostrea glomerata","W-Msc-397183"
120,0,0.01,"Saccostrea glomerata","W-Msc-397183"
127.5,0,0.01,"Saccostrea glomerata","W-Msc-397183"
128,0,0.05,"Saccostrea glomerata","W-Msc-397183"
128.5,0,0.06,"Saccostrea glomerata","W-Msc-397183"
129,0,0.07,"Saccostrea glomerata","W-Msc-397183"
129.5,0,0.07,"Saccostrea glomerata","W-Msc-397183"
130,0,0.07,"Saccostrea glomerata","W-Msc-397183"
130.5,0,0.06,"Saccostrea glomerata","W-Msc-397183"
131,0,0.04,"Saccostrea glomerata","W-Msc-397183"
131.5,0,0.03,"Saccostrea glomerata","W-Msc-397183"
173.5,0,0.24,"Saccostrea glomerata","W-Msc-397183"
174,0,0.24,"Saccostrea glomerata","W-Msc-397183"
117.5,-0.5,0.01,"Saccostrea glomerata","W-Msc-397183"
118,-0.5,0.02,"Saccostrea glomerata","W-Msc-397183"
120,-0.5,0.01,"Saccostrea glomerata","W-Msc-397183"
127.5,-0.5,0.01,"Saccostrea glomerata","W-Msc-397183"
128,-0.5,0.07,"Saccostrea glomerata","W-Msc-397183"
128.5,-0.5,0.07,"Saccostrea glomerata","W-Msc-397183"
129.5,-0.5,0.07,"Saccostrea glomerata","W-Msc-397183"
130,-0.5,0.09,"Saccostrea glomerata","W-Msc-397183"
130.5,-0.5,0.09,"Saccostrea glomerata","W-Msc-397183"
131,-0.5,0.07,"Saccostrea glomerata","W-Msc-397183"
131.5,-0.5,0.05,"Saccostrea glomerata","W-Msc-397183"
132.5,-0.5,0.02,"Saccostrea glomerata","W-Msc-397183"
133,-0.5,0.02,"Saccostrea glomerata","W-Msc-397183"
133.5,-0.5,0.02,"Saccostrea glomerata","W-Msc-397183"
135,-0.5,0.01,"Saccostrea glomerata","W-Msc-397183"
135.5,-0.5,0.02,"Saccostrea glomerata","W-Msc-397183"
167,-0.5,0.1,"Saccostrea glomerata","W-Msc-397183"
174.5,-0.5,0.23,"Saccostrea glomerata","W-Msc-397183"
117.5,-1,0.01,"Saccostrea glomerata","W-Msc-397183"
118,-1,0.02,"Saccostrea glomerata","W-Msc-397183"
120,-1,0.01,"Saccostrea glomerata","W-Msc-397183"
124,-1,0.01,"Saccostrea glomerata","W-Msc-397183"
127.5,-1,0.05,"Saccostrea glomerata","W-Msc-397183"
128,-1,0.07,"Saccostrea glomerata","W-Msc-397183"
128.5,-1,0.07,"Saccostrea glomerata","W-Msc-397183"
129,-1,0.07,"Saccostrea glomerata","W-Msc-397183"
130,-1,0.09,"Saccostrea glomerata","W-Msc-397183"
130.5,-1,0.11,"Saccostrea glomerata","W-Msc-397183"
131,-1,0.09,"Saccostrea glomerata","W-Msc-397183"
131.5,-1,0.06,"Saccostrea glomerata","W-Msc-397183"
132,-1,0.05,"Saccostrea glomerata","W-Msc-397183"
132.5,-1,0.04,"Saccostrea glomerata","W-Msc-397183"
133.5,-1,0.03,"Saccostrea glomerata","W-Msc-397183"
134,-1,0.03,"Saccostrea glomerata","W-Msc-397183"
134.5,-1,0.03,"Saccostrea glomerata","W-Msc-397183"
135,-1,0.03,"Saccostrea glomerata","W-Msc-397183"
135.5,-1,0.03,"Saccostrea glomerata","W-Msc-397183"
136,-1,0.03,"Saccostrea glomerata","W-Msc-397183"
136.5,-1,0.04,"Saccostrea glomerata","W-Msc-397183"
167,-1,0.09,"Saccostrea glomerata","W-Msc-397183"
170,-1,0.14,"Saccostrea glomerata","W-Msc-397183"
174.5,-1,0.22,"Saccostrea glomerata","W-Msc-397183"
175,-1,0.22,"Saccostrea glomerata","W-Msc-397183"
117.5,-1.5,0.01,"Saccostrea glomerata","W-Msc-397183"
118,-1.5,0.01,"Saccostrea glomerata","W-Msc-397183"
119.5,-1.5,0.01,"Saccostrea glomerata","W-Msc-397183"
122.5,-1.5,0.01,"Saccostrea glomerata","W-Msc-397183"
123,-1.5,0.01,"Saccostrea glomerata","W-Msc-397183"
123.5,-1.5,0.01,"Saccostrea glomerata","W-Msc-397183"
124,-1.5,0.01,"Saccostrea glomerata","W-Msc-397183"
127.5,-1.5,0.06,"Saccostrea glomerata","W-Msc-397183"
128,-1.5,0.07,"Saccostrea glomerata","W-Msc-397183"
128.5,-1.5,0.07,"Saccostrea glomerata","W-Msc-397183"
129,-1.5,0.07,"Saccostrea glomerata","W-Msc-397183"
129.5,-1.5,0.08,"Saccostrea glomerata","W-Msc-397183"
130,-1.5,0.1,"Saccostrea glomerata","W-Msc-397183"
130.5,-1.5,0.1,"Saccostrea glomerata","W-Msc-397183"
131,-1.5,0.09,"Saccostrea glomerata","W-Msc-397183"
131.5,-1.5,0.06,"Saccostrea glomerata","W-Msc-397183"
132,-1.5,0.04,"Saccostrea glomerata","W-Msc-397183"
134.5,-1.5,0.03,"Saccostrea glomerata","W-Msc-397183"
135,-1.5,0.03,"Saccostrea glomerata","W-Msc-397183"
135.5,-1.5,0.04,"Saccostrea glomerata","W-Msc-397183"
136,-1.5,0.04,"Saccostrea glomerata","W-Msc-397183"
136.5,-1.5,0.05,"Saccostrea glomerata","W-Msc-397183"
137,-1.5,0.05,"Saccostrea glomerata","W-Msc-397183"
137.5,-1.5,0.04,"Saccostrea glomerata","W-Msc-397183"
138,-1.5,0.05,"Saccostrea glomerata","W-Msc-397183"
138.5,-1.5,0.06,"Saccostrea glomerata","W-Msc-397183"
143.5,-1.5,0.02,"Saccostrea glomerata","W-Msc-397183"
144.5,-1.5,0.02,"Saccostrea glomerata","W-Msc-397183"
145,-1.5,0.01,"Saccostrea glomerata","W-Msc-397183"
175,-1.5,0.2,"Saccostrea glomerata","W-Msc-397183"
175.5,-1.5,0.21,"Saccostrea glomerata","W-Msc-397183"
176.5,-1.5,0.22,"Saccostrea glomerata","W-Msc-397183"
177,-1.5,0.23,"Saccostrea glomerata","W-Msc-397183"
109,-2,0.01,"Saccostrea glomerata","W-Msc-397183"
117.5,-2,0.01,"Saccostrea glomerata","W-Msc-397183"
119.5,-2,0.02,"Saccostrea glomerata","W-Msc-397183"
122,-2,0.01,"Saccostrea glomerata","W-Msc-397183"
122.5,-2,0.02,"Saccostrea glomerata","W-Msc-397183"
123,-2,0.01,"Saccostrea glomerata","W-Msc-397183"
123.5,-2,0.01,"Saccostrea glomerata","W-Msc-397183"
124,-2,0.02,"Saccostrea glomerata","W-Msc-397183"
124.5,-2,0.01,"Saccostrea glomerata","W-Msc-397183"
125,-2,0.01,"Saccostrea glomerata","W-Msc-397183"
125.5,-2,0.01,"Saccostrea glomerata","W-Msc-397183"
126,-2,0.01,"Saccostrea glomerata","W-Msc-397183"
126.5,-2,0.02,"Saccostrea glomerata","W-Msc-397183"
127,-2,0.03,"Saccostrea glomerata","W-Msc-397183"
127.5,-2,0.05,"Saccostrea glomerata","W-Msc-397183"
128,-2,0.07,"Saccostrea glomerata","W-Msc-397183"
128.5,-2,0.07,"Saccostrea glomerata","W-Msc-397183"
129,-2,0.04,"Saccostrea glomerata","W-Msc-397183"
130,-2,0.12,"Saccostrea glomerata","W-Msc-397183"
130.5,-2,0.11,"Saccostrea glomerata","W-Msc-397183"
131,-2,0.1,"Saccostrea glomerata","W-Msc-397183"
131.5,-2,0.08,"Saccostrea glomerata","W-Msc-397183"
132,-2,0.06,"Saccostrea glomerata","W-Msc-397183"
132.5,-2,0.05,"Saccostrea glomerata","W-Msc-397183"
134.5,-2,0.04,"Saccostrea glomerata","W-Msc-397183"
135,-2,0.03,"Saccostrea glomerata","W-Msc-397183"
135.5,-2,0.03,"Saccostrea glomerata","W-Msc-397183"
136,-2,0.03,"Saccostrea glomerata","W-Msc-397183"
136.5,-2,0.04,"Saccostrea glomerata","W-Msc-397183"
137,-2,0.03,"Saccostrea glomerata","W-Msc-397183"
137.5,-2,0.05,"Saccostrea glomerata","W-Msc-397183"
138,-2,0.06,"Saccostrea glomerata","W-Msc-397183"
138.5,-2,0.07,"Saccostrea glomerata","W-Msc-397183"
139,-2,0.07,"Saccostrea glomerata","W-Msc-397183"
139.5,-2,0.08,"Saccostrea glomerata","W-Msc-397183"
143,-2,0.03,"Saccostrea glomerata","W-Msc-397183"
145.5,-2,0.01,"Saccostrea glomerata","W-Msc-397183"
175,-2,0.18,"Saccostrea glomerata","W-Msc-397183"
175.5,-2,0.19,"Saccostrea glomerata","W-Msc-397183"
176,-2,0.19,"Saccostrea glomerata","W-Msc-397183"
109.5,-2.5,0.01,"Saccostrea glomerata","W-Msc-397183"
117.5,-2.5,0.01,"Saccostrea glomerata","W-Msc-397183"
118,-2.5,0.01,"Saccostrea glomerata","W-Msc-397183"
119.5,-2.5,0.01,"Saccostrea glomerata","W-Msc-397183"
122,-2.5,0.01,"Saccostrea glomerata","W-Msc-397183"
122.5,-2.5,0.01,"Saccostrea glomerata","W-Msc-397183"
123,-2.5,0.01,"Saccostrea glomerata","W-Msc-397183"
123.5,-2.5,0.01,"Saccostrea glomerata","W-Msc-397183"
124,-2.5,0.01,"Saccostrea glomerata","W-Msc-397183"
124.5,-2.5,0.01,"Saccostrea glomerata","W-Msc-397183"
126,-2.5,0.02,"Saccostrea glomerata","W-Msc-397183"
126.5,-2.5,0.02,"Saccostrea glomerata","W-Msc-397183"
130,-2.5,0.1,"Saccostrea glomerata","W-Msc-397183"
130.5,-2.5,0.12,"Saccostrea glomerata","W-Msc-397183"
131,-2.5,0.12,"Saccostrea glomerata","W-Msc-397183"
131.5,-2.5,0.11,"Saccostrea glomerata","W-Msc-397183"
132,-2.5,0.07,"Saccostrea glomerata","W-Msc-397183"
132.5,-2.5,0.06,"Saccostrea glomerata","W-Msc-397183"
133,-2.5,0.05,"Saccostrea glomerata","W-Msc-397183"
133.5,-2.5,0.04,"Saccostrea glomerata","W-Msc-397183"
134,-2.5,0.06,"Saccostrea glomerata","W-Msc-397183"
134.5,-2.5,0.04,"Saccostrea glomerata","W-Msc-397183"
135,-2.5,0.03,"Saccostrea glomerata","W-Msc-397183"
135.5,-2.5,0.03,"Saccostrea glomerata","W-Msc-397183"
136,-2.5,0.04,"Saccostrea glomerata","W-Msc-397183"
136.5,-2.5,0.03,"Saccostrea glomerata","W-Msc-397183"
137,-2.5,0.05,"Saccostrea glomerata","W-Msc-397183"
137.5,-2.5,0.07,"Saccostrea glomerata","W-Msc-397183"
139.5,-2.5,0.09,"Saccostrea glomerata","W-Msc-397183"
140,-2.5,0.09,"Saccostrea glomerata","W-Msc-397183"
140.5,-2.5,0.09,"Saccostrea glomerata","W-Msc-397183"
141,-2.5,0.08,"Saccostrea glomerata","W-Msc-397183"
146.5,-2.5,0.01,"Saccostrea glomerata","W-Msc-397183"
147,-2.5,0.01,"Saccostrea glomerata","W-Msc-397183"
176.5,-2.5,0.16,"Saccostrea glomerata","W-Msc-397183"
109.5,-3,0.01,"Saccostrea glomerata","W-Msc-397183"
117.5,-3,0.01,"Saccostrea glomerata","W-Msc-397183"
118,-3,0.01,"Saccostrea glomerata","W-Msc-397183"
118.5,-3,0.01,"Saccostrea glomerata","W-Msc-397183"
119,-3,0.02,"Saccostrea glomerata","W-Msc-397183"
119.5,-3,0.01,"Saccostrea glomerata","W-Msc-397183"
122.5,-3,0.02,"Saccostrea glomerata","W-Msc-397183"
123,-3,0.01,"Saccostrea glomerata","W-Msc-397183"
128,-3,0.1,"Saccostrea glomerata","W-Msc-397183"
128.5,-3,0.1,"Saccostrea glomerata","W-Msc-397183"
129,-3,0.1,"Saccostrea glomerata","W-Msc-397183"
129.5,-3,0.1,"Saccostrea glomerata","W-Msc-397183"
130,-3,0.09,"Saccostrea glomerata","W-Msc-397183"
130.5,-3,0.08,"Saccostrea glomerata","W-Msc-397183"
131.5,-3,0.09,"Saccostrea glomerata","W-Msc-397183"
132,-3,0.1,"Saccostrea glomerata","W-Msc-397183"
132.5,-3,0.09,"Saccostrea glomerata","W-Msc-397183"
133,-3,0.06,"Saccostrea glomerata","W-Msc-397183"
133.5,-3,0.03,"Saccostrea glomerata","W-Msc-397183"
134,-3,0.04,"Saccostrea glomerata","W-Msc-397183"
134.5,-3,0.07,"Saccostrea glomerata","W-Msc-397183"
135,-3,0.03,"Saccostrea glomerata","W-Msc-397183"
135.5,-3,0.04,"Saccostrea glomerata","W-Msc-397183"
136,-3,0.05,"Saccostrea glomerata","W-Msc-397183"
136.5,-3,0.06,"Saccostrea glomerata","W-Msc-397183"
141,-3,0.1,"Saccostrea glomerata","W-Msc-397183"
141.5,-3,0.09,"Saccostrea glomerata","W-Msc-397183"
142,-3,0.09,"Saccostrea glomerata","W-Msc-397183"
142.5,-3,0.09,"Saccostrea glomerata","W-Msc-397183"
146.5,-3,0.01,"Saccostrea glomerata","W-Msc-397183"
147,-3,0.01,"Saccostrea glomerata","W-Msc-397183"
177,-3,0.14,"Saccostrea glomerata","W-Msc-397183"
109.5,-3.5,0.01,"Saccostrea glomerata","W-Msc-397183"
110,-3.5,0.01,"Saccostrea glomerata","W-Msc-397183"
117.5,-3.5,0.01,"Saccostrea glomerata","W-Msc-397183"
118,-3.5,0.01,"Saccostrea glomerata","W-Msc-397183"
119,-3.5,0.02,"Saccostrea glomerata","W-Msc-397183"
119.5,-3.5,0.02,"Saccostrea glomerata","W-Msc-397183"
122.5,-3.5,0.05,"Saccostrea glomerata","W-Msc-397183"
123,-3.5,0.02,"Saccostrea glomerata","W-Msc-397183"
123.5,-3.5,0.01,"Saccostrea glomerata","W-Msc-397183"
126.5,-3.5,0.07,"Saccostrea glomerata","W-Msc-397183"
127,-3.5,0.1,"Saccostrea glomerata","W-Msc-397183"
127.5,-3.5,0.13,"Saccostrea glomerata","W-Msc-397183"
128,-3.5,0.15,"Saccostrea glomerata","W-Msc-397183"
128.5,-3.5,0.15,"Saccostrea glomerata","W-Msc-397183"
129,-3.5,0.14,"Saccostrea glomerata","W-Msc-397183"
129.5,-3.5,0.13,"Saccostrea glomerata","W-Msc-397183"
130,-3.5,0.14,"Saccostrea glomerata","W-Msc-397183"
130.5,-3.5,0.11,"Saccostrea glomerata","W-Msc-397183"
131,-3.5,0.07,"Saccostrea glomerata","W-Msc-397183"
132.5,-3.5,0.14,"Saccostrea glomerata","W-Msc-397183"
133,-3.5,0.14,"Saccostrea glomerata","W-Msc-397183"
134,-3.5,0.12,"Saccostrea glomerata","W-Msc-397183"
135,-3.5,0.09,"Saccostrea glomerata","W-Msc-397183"
135.5,-3.5,0.04,"Saccostrea glomerata","W-Msc-397183"
136,-3.5,0.08,"Saccostrea glomerata","W-Msc-397183"
142.5,-3.5,0.1,"Saccostrea glomerata","W-Msc-397183"
143,-3.5,0.1,"Saccostrea glomerata","W-Msc-397183"
143.5,-3.5,0.1,"Saccostrea glomerata","W-Msc-397183"
144,-3.5,0.09,"Saccostrea glomerata","W-Msc-397183"
144.5,-3.5,0.07,"Saccostrea glomerata","W-Msc-397183"
109.5,-4,0.01,"Saccostrea glomerata","W-Msc-397183"
110,-4,0.01,"Saccostrea glomerata","W-Msc-397183"
110.5,-4,0.01,"Saccostrea glomerata","W-Msc-397183"
111,-4,0.01,"Saccostrea glomerata","W-Msc-397183"
117.5,-4,0.01,"Saccostrea glomerata","W-Msc-397183"
118,-4,0.01,"Saccostrea glomerata","W-Msc-397183"
119,-4,0.02,"Saccostrea glomerata","W-Msc-397183"
119.5,-4,0.04,"Saccostrea glomerata","W-Msc-397183"
120,-4,0.01,"Saccostrea glomerata","W-Msc-397183"
122.5,-4,0.03,"Saccostrea glomerata","W-Msc-397183"
123,-4,0.04,"Saccostrea glomerata","W-Msc-397183"
123.5,-4,0.02,"Saccostrea glomerata","W-Msc-397183"
126.5,-4,0.06,"Saccostrea glomerata","W-Msc-397183"
127,-4,0.1,"Saccostrea glomerata","W-Msc-397183"
127.5,-4,0.14,"Saccostrea glomerata","W-Msc-397183"
128,-4,0.16,"Saccostrea glomerata","W-Msc-397183"
128.5,-4,0.14,"Saccostrea glomerata","W-Msc-397183"
129,-4,0.12,"Saccostrea glomerata","W-Msc-397183"
130.5,-4,0.14,"Saccostrea glomerata","W-Msc-397183"
131,-4,0.12,"Saccostrea glomerata","W-Msc-397183"
131.5,-4,0.1,"Saccostrea glomerata","W-Msc-397183"
133,-4,0.18,"Saccostrea glomerata","W-Msc-397183"
133.5,-4,0.16,"Saccostrea glomerata","W-Msc-397183"
134,-4,0.12,"Saccostrea glomerata","W-Msc-397183"
134.5,-4,0.16,"Saccostrea glomerata","W-Msc-397183"
135,-4,0.13,"Saccostrea glomerata","W-Msc-397183"
144,-4,0.07,"Saccostrea glomerata","W-Msc-397183"
144.5,-4,0.04,"Saccostrea glomerata","W-Msc-397183"
145,-4,0.06,"Saccostrea glomerata","W-Msc-397183"
145.5,-4,0.08,"Saccostrea glomerata","W-Msc-397183"
152.5,-4,0.01,"Saccostrea glomerata","W-Msc-397183"
110,-4.5,0.01,"Saccostrea glomerata","W-Msc-397183"
110.5,-4.5,0.01,"Saccostrea glomerata","W-Msc-397183"
111,-4.5,0.01,"Saccostrea glomerata","W-Msc-397183"
112,-4.5,0.01,"Saccostrea glomerata","W-Msc-397183"
112.5,-4.5,0.01,"Saccostrea glomerata","W-Msc-397183"
113,-4.5,0.01,"Saccostrea glomerata","W-Msc-397183"
113.5,-4.5,0.01,"Saccostrea glomerata","W-Msc-397183"
114,-4.5,0.01,"Saccostrea glomerata","W-Msc-397183"
117,-4.5,0.01,"Saccostrea glomerata","W-Msc-397183"
119.5,-4.5,0.02,"Saccostrea glomerata","W-Msc-397183"
120,-4.5,0.02,"Saccostrea glomerata","W-Msc-397183"
120.5,-4.5,0.01,"Saccostrea glomerata","W-Msc-397183"
122,-4.5,0.01,"Saccostrea glomerata","W-Msc-397183"
122.5,-4.5,0.03,"Saccostrea glomerata","W-Msc-397183"
123,-4.5,0.03,"Saccostrea glomerata","W-Msc-397183"
123.5,-4.5,0.03,"Saccostrea glomerata","W-Msc-397183"
130,-4.5,0.07,"Saccostrea glomerata","W-Msc-397183"
131.5,-4.5,0.12,"Saccostrea glomerata","W-Msc-397183"
132,-4.5,0.13,"Saccostrea glomerata","W-Msc-397183"
133,-4.5,0.21,"Saccostrea glomerata","W-Msc-397183"
133.5,-4.5,0.21,"Saccostrea glomerata","W-Msc-397183"
134,-4.5,0.23,"Saccostrea glomerata","W-Msc-397183"
134.5,-4.5,0.25,"Saccostrea glomerata","W-Msc-397183"
135,-4.5,0.26,"Saccostrea glomerata","W-Msc-397183"
135.5,-4.5,0.2,"Saccostrea glomerata","W-Msc-397183"
136,-4.5,0.17,"Saccostrea glomerata","W-Msc-397183"
145,-4.5,0.08,"Saccostrea glomerata","W-Msc-397183"
145.5,-4.5,0.11,"Saccostrea glomerata","W-Msc-397183"
146,-4.5,0.09,"Saccostrea glomerata","W-Msc-397183"
146.5,-4.5,0.06,"Saccostrea glomerata","W-Msc-397183"
152.5,-4.5,0.03,"Saccostrea glomerata","W-Msc-397183"
153,-4.5,0.02,"Saccostrea glomerata","W-Msc-397183"
153.5,-4.5,0.01,"Saccostrea glomerata","W-Msc-397183"
113.5,-5,0.01,"Saccostrea glomerata","W-Msc-397183"
114,-5,0.01,"Saccostrea glomerata","W-Msc-397183"
114.5,-5,0.01,"Saccostrea glomerata","W-Msc-397183"
115,-5,0.02,"Saccostrea glomerata","W-Msc-397183"
115.5,-5,0.01,"Saccostrea glomerata","W-Msc-397183"
116,-5,0.02,"Saccostrea glomerata","W-Msc-397183"
116.5,-5,0.01,"Saccostrea glomerata","W-Msc-397183"
117,-5,0.01,"Saccostrea glomerata","W-Msc-397183"
117.5,-5,0.01,"Saccostrea glomerata","W-Msc-397183"
118,-5,0.01,"Saccostrea glomerata","W-Msc-397183"
119,-5,0.02,"Saccostrea glomerata","W-Msc-397183"
119.5,-5,0.03,"Saccostrea glomerata","W-Msc-397183"
120,-5,0.02,"Saccostrea glomerata","W-Msc-397183"
120.5,-5,0.01,"Saccostrea glomerata","W-Msc-397183"
121.5,-5,0.01,"Saccostrea glomerata","W-Msc-397183"
122,-5,0.01,"Saccostrea glomerata","W-Msc-397183"
122.5,-5,0.02,"Saccostrea glomerata","W-Msc-397183"
123,-5,0.03,"Saccostrea glomerata","W-Msc-397183"
123.5,-5,0.03,"Saccostrea glomerata","W-Msc-397183"
130,-5,0.05,"Saccostrea glomerata","W-Msc-397183"
130.5,-5,0.07,"Saccostrea glomerata","W-Msc-397183"
132,-5,0.12,"Saccostrea glomerata","W-Msc-397183"
135,-5,0.25,"Saccostrea glomerata","W-Msc-397183"
135.5,-5,0.25,"Saccostrea glomerata","W-Msc-397183"
136,-5,0.24,"Saccostrea glomerata","W-Msc-397183"
136.5,-5,0.15,"Saccostrea glomerata","W-Msc-397183"
137,-5,0.11,"Saccostrea glomerata","W-Msc-397183"
137.5,-5,0.06,"Saccostrea glomerata","W-Msc-397183"
138,-5,0.01,"Saccostrea glomerata","W-Msc-397183"
146,-5,0.12,"Saccostrea glomerata","W-Msc-397183"
146.5,-5,0.09,"Saccostrea glomerata","W-Msc-397183"
147,-5,0.06,"Saccostrea glomerata","W-Msc-397183"
152.5,-5,0.04,"Saccostrea glomerata","W-Msc-397183"
153,-5,0.04,"Saccostrea glomerata","W-Msc-397183"
105,-5.5,0.04,"Saccostrea glomerata","W-Msc-397183"
112.5,-5.5,0.01,"Saccostrea glomerata","W-Msc-397183"
113.5,-5.5,0.01,"Saccostrea glomerata","W-Msc-397183"
114,-5.5,0.01,"Saccostrea glomerata","W-Msc-397183"
114.5,-5.5,0.02,"Saccostrea glomerata","W-Msc-397183"
115,-5.5,0.02,"Saccostrea glomerata","W-Msc-397183"
115.5,-5.5,0.02,"Saccostrea glomerata","W-Msc-397183"
116,-5.5,0.01,"Saccostrea glomerata","W-Msc-397183"
116.5,-5.5,0.01,"Saccostrea glomerata","W-Msc-397183"
117,-5.5,0.02,"Saccostrea glomerata","W-Msc-397183"
117.5,-5.5,0.02,"Saccostrea glomerata","W-Msc-397183"
118,-5.5,0.02,"Saccostrea glomerata","W-Msc-397183"
118.5,-5.5,0.03,"Saccostrea glomerata","W-Msc-397183"
119,-5.5,0.04,"Saccostrea glomerata","W-Msc-397183"
119.5,-5.5,0.05,"Saccostrea glomerata","W-Msc-397183"
120.5,-5.5,0.01,"Saccostrea glomerata","W-Msc-397183"
121,-5.5,0.01,"Saccostrea glomerata","W-Msc-397183"
122,-5.5,0.01,"Saccostrea glomerata","W-Msc-397183"
122.5,-5.5,0.03,"Saccostrea glomerata","W-Msc-397183"
123,-5.5,0.03,"Saccostrea glomerata","W-Msc-397183"
123.5,-5.5,0.03,"Saccostrea glomerata","W-Msc-397183"
124,-5.5,0.02,"Saccostrea glomerata","W-Msc-397183"
124.5,-5.5,0.03,"Saccostrea glomerata","W-Msc-397183"
125,-5.5,0.03,"Saccostrea glomerata","W-Msc-397183"
128,-5.5,0.07,"Saccostrea glomerata","W-Msc-397183"
132.5,-5.5,0.12,"Saccostrea glomerata","W-Msc-397183"
133,-5.5,0.15,"Saccostrea glomerata","W-Msc-397183"
133.5,-5.5,0.16,"Saccostrea glomerata","W-Msc-397183"
134.5,-5.5,0.11,"Saccostrea glomerata","W-Msc-397183"
135,-5.5,0.15,"Saccostrea glomerata","W-Msc-397183"
135.5,-5.5,0.22,"Saccostrea glomerata","W-Msc-397183"
136,-5.5,0.21,"Saccostrea glomerata","W-Msc-397183"
136.5,-5.5,0.19,"Saccostrea glomerata","W-Msc-397183"
137,-5.5,0.15,"Saccostrea glomerata","W-Msc-397183"
137.5,-5.5,0.04,"Saccostrea glomerata","W-Msc-397183"
138,-5.5,0.02,"Saccostrea glomerata","W-Msc-397183"
146,-5.5,0.15,"Saccostrea glomerata","W-Msc-397183"
146.5,-5.5,0.14,"Saccostrea glomerata","W-Msc-397183"
147.5,-5.5,0.09,"Saccostrea glomerata","W-Msc-397183"
148,-5.5,0.08,"Saccostrea glomerata","W-Msc-397183"
148.5,-5.5,0.05,"Saccostrea glomerata","W-Msc-397183"
149,-5.5,0.02,"Saccostrea glomerata","W-Msc-397183"
152,-5.5,0.03,"Saccostrea glomerata","W-Msc-397183"
152.5,-5.5,0.06,"Saccostrea glomerata","W-Msc-397183"
105,-6,0.12,"Saccostrea glomerata","W-Msc-397183"
105.5,-6,0.1,"Saccostrea glomerata","W-Msc-397183"
112.5,-6,0.01,"Saccostrea glomerata","W-Msc-397183"
113,-6,0.01,"Saccostrea glomerata","W-Msc-397183"
114.5,-6,0.02,"Saccostrea glomerata","W-Msc-397183"
115,-6,0.02,"Saccostrea glomerata","W-Msc-397183"
115.5,-6,0.02,"Saccostrea glomerata","W-Msc-397183"
118,-6,0.03,"Saccostrea glomerata","W-Msc-397183"
118.5,-6,0.04,"Saccostrea glomerata","W-Msc-397183"
119,-6,0.06,"Saccostrea glomerata","W-Msc-397183"
119.5,-6,0.07,"Saccostrea glomerata","W-Msc-397183"
120,-6,0.03,"Saccostrea glomerata","W-Msc-397183"
120.5,-6,0.01,"Saccostrea glomerata","W-Msc-397183"
121,-6,0.01,"Saccostrea glomerata","W-Msc-397183"
123,-6,0.02,"Saccostrea glomerata","W-Msc-397183"
123.5,-6,0.02,"Saccostrea glomerata","W-Msc-397183"
124,-6,0.02,"Saccostrea glomerata","W-Msc-397183"
124.5,-6,0.02,"Saccostrea glomerata","W-Msc-397183"
125,-6,0.03,"Saccostrea glomerata","W-Msc-397183"
128,-6,0.04,"Saccostrea glomerata","W-Msc-397183"
132,-6,0.09,"Saccostrea glomerata","W-Msc-397183"
132.5,-6,0.11,"Saccostrea glomerata","W-Msc-397183"
133,-6,0.11,"Saccostrea glomerata","W-Msc-397183"
133.5,-6,0.1,"Saccostrea glomerata","W-Msc-397183"
134.5,-6,0.11,"Saccostrea glomerata","W-Msc-397183"
135,-6,0.18,"Saccostrea glomerata","W-Msc-397183"
135.5,-6,0.21,"Saccostrea glomerata","W-Msc-397183"
136,-6,0.21,"Saccostrea glomerata","W-Msc-397183"
136.5,-6,0.21,"Saccostrea glomerata","W-Msc-397183"
137,-6,0.21,"Saccostrea glomerata","W-Msc-397183"
137.5,-6,0.16,"Saccostrea glomerata","W-Msc-397183"
138,-6,0.01,"Saccostrea glomerata","W-Msc-397183"
146.5,-6,0.14,"Saccostrea glomerata","W-Msc-397183"
147,-6,0.15,"Saccostrea glomerata","W-Msc-397183"
147.5,-6,0.14,"Saccostrea glomerata","W-Msc-397183"
148,-6,0.14,"Saccostrea glomerata","W-Msc-397183"
148.5,-6,0.14,"Saccostrea glomerata","W-Msc-397183"
149,-6,0.09,"Saccostrea glomerata","W-Msc-397183"
149.5,-6,0.07,"Saccostrea glomerata","W-Msc-397183"
151,-6,0.03,"Saccostrea glomerata","W-Msc-397183"
151.5,-6,0.04,"Saccostrea glomerata","W-Msc-397183"
152,-6,0.07,"Saccostrea glomerata","W-Msc-397183"
176.5,-6,0.03,"Saccostrea glomerata","W-Msc-397183"
105.5,-6.5,0.11,"Saccostrea glomerata","W-Msc-397183"
106,-6.5,0.05,"Saccostrea glomerata","W-Msc-397183"
112,-6.5,0.01,"Saccostrea glomerata","W-Msc-397183"
113,-6.5,0.01,"Saccostrea glomerata","W-Msc-397183"
115,-6.5,0.01,"Saccostrea glomerata","W-Msc-397183"
115.5,-6.5,0.02,"Saccostrea glomerata","W-Msc-397183"
116,-6.5,0.02,"Saccostrea glomerata","W-Msc-397183"
116.5,-6.5,0.02,"Saccostrea glomerata","W-Msc-397183"
119,-6.5,0.04,"Saccostrea glomerata","W-Msc-397183"
120.5,-6.5,0.01,"Saccostrea glomerata","W-Msc-397183"
121,-6.5,0.01,"Saccostrea glomerata","W-Msc-397183"
121.5,-6.5,0.01,"Saccostrea glomerata","W-Msc-397183"
123,-6.5,0.02,"Saccostrea glomerata","W-Msc-397183"
124.5,-6.5,0.03,"Saccostrea glomerata","W-Msc-397183"
132.5,-6.5,0.03,"Saccostrea glomerata","W-Msc-397183"
133,-6.5,0.09,"Saccostrea glomerata","W-Msc-397183"
134,-6.5,0.12,"Saccostrea glomerata","W-Msc-397183"
134.5,-6.5,0.15,"Saccostrea glomerata","W-Msc-397183"
135,-6.5,0.19,"Saccostrea glomerata","W-Msc-397183"
135.5,-6.5,0.22,"Saccostrea glomerata","W-Msc-397183"
136,-6.5,0.22,"Saccostrea glomerata","W-Msc-397183"
136.5,-6.5,0.22,"Saccostrea glomerata","W-Msc-397183"
137,-6.5,0.2,"Saccostrea glomerata","W-Msc-397183"
137.5,-6.5,0.16,"Saccostrea glomerata","W-Msc-397183"
138,-6.5,0.04,"Saccostrea glomerata","W-Msc-397183"
148,-6.5,0.15,"Saccostrea glomerata","W-Msc-397183"
149,-6.5,0.14,"Saccostrea glomerata","W-Msc-397183"
149.5,-6.5,0.13,"Saccostrea glomerata","W-Msc-397183"
150,-6.5,0.13,"Saccostrea glomerata","W-Msc-397183"
150.5,-6.5,0.11,"Saccostrea glomerata","W-Msc-397183"
151,-6.5,0.09,"Saccostrea glomerata","W-Msc-397183"
156,-6.5,0.01,"Saccostrea glomerata","W-Msc-397183"
156.5,-6.5,0.01,"Saccostrea glomerata","W-Msc-397183"
176.5,-6.5,0.02,"Saccostrea glomerata","W-Msc-397183"
177.5,-6.5,0.02,"Saccostrea glomerata","W-Msc-397183"
113.5,-7,0.01,"Saccostrea glomerata","W-Msc-397183"
114,-7,0.01,"Saccostrea glomerata","W-Msc-397183"
114.5,-7,0.01,"Saccostrea glomerata","W-Msc-397183"
115,-7,0.02,"Saccostrea glomerata","W-Msc-397183"
115.5,-7,0.02,"Saccostrea glomerata","W-Msc-397183"
116,-7,0.02,"Saccostrea glomerata","W-Msc-397183"
116.5,-7,0.02,"Saccostrea glomerata","W-Msc-397183"
118.5,-7,0.03,"Saccostrea glomerata","W-Msc-397183"
119,-7,0.02,"Saccostrea glomerata","W-Msc-397183"
119.5,-7,0.01,"Saccostrea glomerata","W-Msc-397183"
120.5,-7,0.01,"Saccostrea glomerata","W-Msc-397183"
121,-7,0.01,"Saccostrea glomerata","W-Msc-397183"
121.5,-7,0.01,"Saccostrea glomerata","W-Msc-397183"
122.5,-7,0.01,"Saccostrea glomerata","W-Msc-397183"
129.5,-7,0.03,"Saccostrea glomerata","W-Msc-397183"
130,-7,0.04,"Saccostrea glomerata","W-Msc-397183"
132,-7,0.07,"Saccostrea glomerata","W-Msc-397183"
132.5,-7,0.08,"Saccostrea glomerata","W-Msc-397183"
133.5,-7,0.11,"Saccostrea glomerata","W-Msc-397183"
134,-7,0.15,"Saccostrea glomerata","W-Msc-397183"
134.5,-7,0.19,"Saccostrea glomerata","W-Msc-397183"
135,-7,0.2,"Saccostrea glomerata","W-Msc-397183"
135.5,-7,0.23,"Saccostrea glomerata","W-Msc-397183"
136,-7,0.23,"Saccostrea glomerata","W-Msc-397183"
136.5,-7,0.23,"Saccostrea glomerata","W-Msc-397183"
137,-7,0.22,"Saccostrea glomerata","W-Msc-397183"
137.5,-7,0.15,"Saccostrea glomerata","W-Msc-397183"
147,-7,0.12,"Saccostrea glomerata","W-Msc-397183"
147.5,-7,0.1,"Saccostrea glomerata","W-Msc-397183"
148,-7,0.12,"Saccostrea glomerata","W-Msc-397183"
155.5,-7,0.01,"Saccostrea glomerata","W-Msc-397183"
156,-7,0.04,"Saccostrea glomerata","W-Msc-397183"
156.5,-7,0.04,"Saccostrea glomerata","W-Msc-397183"
157,-7,0.02,"Saccostrea glomerata","W-Msc-397183"
157.5,-7,0.01,"Saccostrea glomerata","W-Msc-397183"
114,-7.5,0.01,"Saccostrea glomerata","W-Msc-397183"
114.5,-7.5,0.02,"Saccostrea glomerata","W-Msc-397183"
115,-7.5,0.02,"Saccostrea glomerata","W-Msc-397183"
115.5,-7.5,0.02,"Saccostrea glomerata","W-Msc-397183"
116,-7.5,0.02,"Saccostrea glomerata","W-Msc-397183"
116.5,-7.5,0.02,"Saccostrea glomerata","W-Msc-397183"
117.5,-7.5,0.02,"Saccostrea glomerata","W-Msc-397183"
118,-7.5,0.02,"Saccostrea glomerata","W-Msc-397183"
118.5,-7.5,0.02,"Saccostrea glomerata","W-Msc-397183"
119,-7.5,0.02,"Saccostrea glomerata","W-Msc-397183"
120.5,-7.5,0.01,"Saccostrea glomerata","W-Msc-397183"
121,-7.5,0.01,"Saccostrea glomerata","W-Msc-397183"
121.5,-7.5,0.01,"Saccostrea glomerata","W-Msc-397183"
122,-7.5,0.01,"Saccostrea glomerata","W-Msc-397183"
127.5,-7.5,0.05,"Saccostrea glomerata","W-Msc-397183"
129,-7.5,0.03,"Saccostrea glomerata","W-Msc-397183"
131,-7.5,0.04,"Saccostrea glomerata","W-Msc-397183"
131.5,-7.5,0.06,"Saccostrea glomerata","W-Msc-397183"
132,-7.5,0.08,"Saccostrea glomerata","W-Msc-397183"
132.5,-7.5,0.09,"Saccostrea glomerata","W-Msc-397183"
133.5,-7.5,0.19,"Saccostrea glomerata","W-Msc-397183"
134,-7.5,0.25,"Saccostrea glomerata","W-Msc-397183"
134.5,-7.5,0.27,"Saccostrea glomerata","W-Msc-397183"
135,-7.5,0.27,"Saccostrea glomerata","W-Msc-397183"
135.5,-7.5,0.28,"Saccostrea glomerata","W-Msc-397183"
136,-7.5,0.22,"Saccostrea glomerata","W-Msc-397183"
136.5,-7.5,0.28,"Saccostrea glomerata","W-Msc-397183"
137,-7.5,0.24,"Saccostrea glomerata","W-Msc-397183"
137.5,-7.5,0.13,"Saccostrea glomerata","W-Msc-397183"
147.5,-7.5,0.09,"Saccostrea glomerata","W-Msc-397183"
156,-7.5,0.03,"Saccostrea glomerata","W-Msc-397183"
156.5,-7.5,0.03,"Saccostrea glomerata","W-Msc-397183"
157,-7.5,0.04,"Saccostrea glomerata","W-Msc-397183"
157.5,-7.5,0.03,"Saccostrea glomerata","W-Msc-397183"
158,-7.5,0.03,"Saccostrea glomerata","W-Msc-397183"
158.5,-7.5,0.02,"Saccostrea glomerata","W-Msc-397183"
159,-7.5,0.01,"Saccostrea glomerata","W-Msc-397183"
177.5,-7.5,0.02,"Saccostrea glomerata","W-Msc-397183"
179,-7.5,0.02,"Saccostrea glomerata","W-Msc-397183"
113,-8,0.04,"Saccostrea glomerata","W-Msc-397183"
114,-8,0.06,"Saccostrea glomerata","W-Msc-397183"
114.5,-8,0.06,"Saccostrea glomerata","W-Msc-397183"
115,-8,0.02,"Saccostrea glomerata","W-Msc-397183"
117.5,-8,0.02,"Saccostrea glomerata","W-Msc-397183"
118.5,-8,0.01,"Saccostrea glomerata","W-Msc-397183"
126,-8,0.03,"Saccostrea glomerata","W-Msc-397183"
126.5,-8,0.03,"Saccostrea glomerata","W-Msc-397183"
127,-8,0.03,"Saccostrea glomerata","W-Msc-397183"
127.5,-8,0.05,"Saccostrea glomerata","W-Msc-397183"
128,-8,0.05,"Saccostrea glomerata","W-Msc-397183"
130,-8,0.03,"Saccostrea glomerata","W-Msc-397183"
130.5,-8,0.03,"Saccostrea glomerata","W-Msc-397183"
131,-8,0.04,"Saccostrea glomerata","W-Msc-397183"
131.5,-8,0.07,"Saccostrea glomerata","W-Msc-397183"
132,-8,0.09,"Saccostrea glomerata","W-Msc-397183"
133,-8,0.11,"Saccostrea glomerata","W-Msc-397183"
133.5,-8,0.22,"Saccostrea glomerata","W-Msc-397183"
134,-8,0.27,"Saccostrea glomerata","W-Msc-397183"
134.5,-8,0.29,"Saccostrea glomerata","W-Msc-397183"
135,-8,0.2,"Saccostrea glomerata","W-Msc-397183"
135.5,-8,0.05,"Saccostrea glomerata","W-Msc-397183"
136,-8,0.04,"Saccostrea glomerata","W-Msc-397183"
136.5,-8,0.22,"Saccostrea glomerata","W-Msc-397183"
137,-8,0.25,"Saccostrea glomerata","W-Msc-397183"
137.5,-8,0.14,"Saccostrea glomerata","W-Msc-397183"
145.5,-8,0.02,"Saccostrea glomerata","W-Msc-397183"
146,-8,0.12,"Saccostrea glomerata","W-Msc-397183"
147.5,-8,0.14,"Saccostrea glomerata","W-Msc-397183"
148,-8,0.12,"Saccostrea glomerata","W-Msc-397183"
148.5,-8,0.13,"Saccostrea glomerata","W-Msc-397183"
157,-8,0.04,"Saccostrea glomerata","W-Msc-397183"
157.5,-8,0.04,"Saccostrea glomerata","W-Msc-397183"
158,-8,0.04,"Saccostrea glomerata","W-Msc-397183"
158.5,-8,0.03,"Saccostrea glomerata","W-Msc-397183"
159,-8,0.02,"Saccostrea glomerata","W-Msc-397183"
159.5,-8,0.02,"Saccostrea glomerata","W-Msc-397183"
160,-8,0.02,"Saccostrea glomerata","W-Msc-397183"
161,-8,0.02,"Saccostrea glomerata","W-Msc-397183"
178.5,-8,0.01,"Saccostrea glomerata","W-Msc-397183"
129.5,-8.5,0.04,"Saccostrea glomerata","W-Msc-397183"
130,-8.5,0.04,"Saccostrea glomerata","W-Msc-397183"
131,-8.5,0.06,"Saccostrea glomerata","W-Msc-397183"
131.5,-8.5,0.08,"Saccostrea glomerata","W-Msc-397183"
133,-8.5,0.11,"Saccostrea glomerata","W-Msc-397183"
133.5,-8.5,0.12,"Saccostrea glomerata","W-Msc-397183"
134,-8.5,0.13,"Saccostrea glomerata","W-Msc-397183"
135.5,-8.5,0.07,"Saccostrea glomerata","W-Msc-397183"
136,-8.5,0.18,"Saccostrea glomerata","W-Msc-397183"
136.5,-8.5,0.29,"Saccostrea glomerata","W-Msc-397183"
137,-8.5,0.23,"Saccostrea glomerata","W-Msc-397183"
137.5,-8.5,0.19,"Saccostrea glomerata","W-Msc-397183"
138,-8.5,0.12,"Saccostrea glomerata","W-Msc-397183"
138.5,-8.5,0.07,"Saccostrea glomerata","W-Msc-397183"
139,-8.5,0.05,"Saccostrea glomerata","W-Msc-397183"
139.5,-8.5,0.11,"Saccostrea glomerata","W-Msc-397183"
140,-8.5,0.11,"Saccostrea glomerata","W-Msc-397183"
140.5,-8.5,0.06,"Saccostrea glomerata","W-Msc-397183"
145,-8.5,0.22,"Saccostrea glomerata","W-Msc-397183"
146,-8.5,0.22,"Saccostrea glomerata","W-Msc-397183"
146.5,-8.5,0.22,"Saccostrea glomerata","W-Msc-397183"
148.5,-8.5,0.14,"Saccostrea glomerata","W-Msc-397183"
149,-8.5,0.15,"Saccostrea glomerata","W-Msc-397183"
149.5,-8.5,0.14,"Saccostrea glomerata","W-Msc-397183"
150,-8.5,0.15,"Saccostrea glomerata","W-Msc-397183"
150.5,-8.5,0.17,"Saccostrea glomerata","W-Msc-397183"
151,-8.5,0.18,"Saccostrea glomerata","W-Msc-397183"
151.5,-8.5,0.17,"Saccostrea glomerata","W-Msc-397183"
157,-8.5,0.04,"Saccostrea glomerata","W-Msc-397183"
157.5,-8.5,0.04,"Saccostrea glomerata","W-Msc-397183"
158,-8.5,0.04,"Saccostrea glomerata","W-Msc-397183"
158.5,-8.5,0.03,"Saccostrea glomerata","W-Msc-397183"
159,-8.5,0.03,"Saccostrea glomerata","W-Msc-397183"
159.5,-8.5,0.04,"Saccostrea glomerata","W-Msc-397183"
160,-8.5,0.04,"Saccostrea glomerata","W-Msc-397183"
160.5,-8.5,0.03,"Saccostrea glomerata","W-Msc-397183"
161,-8.5,0.04,"Saccostrea glomerata","W-Msc-397183"
163,-8.5,0.02,"Saccostrea glomerata","W-Msc-397183"
178.5,-8.5,0.01,"Saccostrea glomerata","W-Msc-397183"
179.5,-8.5,0.01,"Saccostrea glomerata","W-Msc-397183"
132,-9,0.06,"Saccostrea glomerata","W-Msc-397183"
133,-9,0.07,"Saccostrea glomerata","W-Msc-397183"
133.5,-9,0.07,"Saccostrea glomerata","W-Msc-397183"
134,-9,0.01,"Saccostrea glomerata","W-Msc-397183"
135.5,-9,0.05,"Saccostrea glomerata","W-Msc-397183"
136,-9,0.05,"Saccostrea glomerata","W-Msc-397183"
136.5,-9,0.25,"Saccostrea glomerata","W-Msc-397183"
137,-9,0.23,"Saccostrea glomerata","W-Msc-397183"
137.5,-9,0.19,"Saccostrea glomerata","W-Msc-397183"
138,-9,0.22,"Saccostrea glomerata","W-Msc-397183"
138.5,-9,0.23,"Saccostrea glomerata","W-Msc-397183"
139,-9,0.24,"Saccostrea glomerata","W-Msc-397183"
139.5,-9,0.18,"Saccostrea glomerata","W-Msc-397183"
140,-9,0.17,"Saccostrea glomerata","W-Msc-397183"
140.5,-9,0.18,"Saccostrea glomerata","W-Msc-397183"
141,-9,0.16,"Saccostrea glomerata","W-Msc-397183"
143.5,-9,0.05,"Saccostrea glomerata","W-Msc-397183"
144,-9,0.07,"Saccostrea glomerata","W-Msc-397183"
144.5,-9,0.28,"Saccostrea glomerata","W-Msc-397183"
145,-9,0.03,"Saccostrea glomerata","W-Msc-397183"
145.5,-9,0.11,"Saccostrea glomerata","W-Msc-397183"
146.5,-9,0.23,"Saccostrea glomerata","W-Msc-397183"
147,-9,0.29,"Saccostrea glomerata","W-Msc-397183"
148.5,-9,0.21,"Saccostrea glomerata","W-Msc-397183"
149,-9,0.15,"Saccostrea glomerata","W-Msc-397183"
149.5,-9,0.18,"Saccostrea glomerata","W-Msc-397183"
150,-9,0.19,"Saccostrea glomerata","W-Msc-397183"
150.5,-9,0.21,"Saccostrea glomerata","W-Msc-397183"
151,-9,0.23,"Saccostrea glomerata","W-Msc-397183"
151.5,-9,0.22,"Saccostrea glomerata","W-Msc-397183"
152,-9,0.18,"Saccostrea glomerata","W-Msc-397183"
152.5,-9,0.16,"Saccostrea glomerata","W-Msc-397183"
153,-9,0.15,"Saccostrea glomerata","W-Msc-397183"
157.5,-9,0.06,"Saccostrea glomerata","W-Msc-397183"
158,-9,0.06,"Saccostrea glomerata","W-Msc-397183"
158.5,-9,0.05,"Saccostrea glomerata","W-Msc-397183"
159,-9,0.04,"Saccostrea glomerata","W-Msc-397183"
159.5,-9,0.04,"Saccostrea glomerata","W-Msc-397183"
160,-9,0.05,"Saccostrea glomerata","W-Msc-397183"
160.5,-9,0.05,"Saccostrea glomerata","W-Msc-397183"
161,-9,0.05,"Saccostrea glomerata","W-Msc-397183"
161.5,-9,0.04,"Saccostrea glomerata","W-Msc-397183"
179.5,-9,0.01,"Saccostrea glomerata","W-Msc-397183"
131.5,-9.5,0.05,"Saccostrea glomerata","W-Msc-397183"
132,-9.5,0.05,"Saccostrea glomerata","W-Msc-397183"
133.5,-9.5,0.05,"Saccostrea glomerata","W-Msc-397183"
134,-9.5,0.05,"Saccostrea glomerata","W-Msc-397183"
135.5,-9.5,0.07,"Saccostrea glomerata","W-Msc-397183"
136,-9.5,0.11,"Saccostrea glomerata","W-Msc-397183"
136.5,-9.5,0.16,"Saccostrea glomerata","W-Msc-397183"
137,-9.5,0.17,"Saccostrea glomerata","W-Msc-397183"
137.5,-9.5,0.11,"Saccostrea glomerata","W-Msc-397183"
138,-9.5,0.1,"Saccostrea glomerata","W-Msc-397183"
138.5,-9.5,0.09,"Saccostrea glomerata","W-Msc-397183"
139,-9.5,0.15,"Saccostrea glomerata","W-Msc-397183"
139.5,-9.5,0.16,"Saccostrea glomerata","W-Msc-397183"
140,-9.5,0.19,"Saccostrea glomerata","W-Msc-397183"
140.5,-9.5,0.18,"Saccostrea glomerata","W-Msc-397183"
141,-9.5,0.24,"Saccostrea glomerata","W-Msc-397183"
141.5,-9.5,0.26,"Saccostrea glomerata","W-Msc-397183"
142,-9.5,0.26,"Saccostrea glomerata","W-Msc-397183"
142.5,-9.5,0.3,"Saccostrea glomerata","W-Msc-397183"
143,-9.5,0.26,"Saccostrea glomerata","W-Msc-397183"
143.5,-9.5,0.25,"Saccostrea glomerata","W-Msc-397183"
144,-9.5,0.36,"Saccostrea glomerata","W-Msc-397183"
144.5,-9.5,0.18,"Saccostrea glomerata","W-Msc-397183"
145,-9.5,0.08,"Saccostrea glomerata","W-Msc-397183"
145.5,-9.5,0.01,"Saccostrea glomerata","W-Msc-397183"
147,-9.5,0.27,"Saccostrea glomerata","W-Msc-397183"
147.5,-9.5,0.34,"Saccostrea glomerata","W-Msc-397183"
149,-9.5,0.25,"Saccostrea glomerata","W-Msc-397183"
149.5,-9.5,0.19,"Saccostrea glomerata","W-Msc-397183"
150,-9.5,0.21,"Saccostrea glomerata","W-Msc-397183"
150.5,-9.5,0.23,"Saccostrea glomerata","W-Msc-397183"
151,-9.5,0.25,"Saccostrea glomerata","W-Msc-397183"
151.5,-9.5,0.24,"Saccostrea glomerata","W-Msc-397183"
152,-9.5,0.22,"Saccostrea glomerata","W-Msc-397183"
152.5,-9.5,0.2,"Saccostrea glomerata","W-Msc-397183"
153,-9.5,0.19,"Saccostrea glomerata","W-Msc-397183"
153.5,-9.5,0.18,"Saccostrea glomerata","W-Msc-397183"
154,-9.5,0.16,"Saccostrea glomerata","W-Msc-397183"
159.5,-9.5,0.05,"Saccostrea glomerata","W-Msc-397183"
160,-9.5,0.06,"Saccostrea glomerata","W-Msc-397183"
160.5,-9.5,0.07,"Saccostrea glomerata","W-Msc-397183"
161,-9.5,0.06,"Saccostrea glomerata","W-Msc-397183"
161.5,-9.5,0.06,"Saccostrea glomerata","W-Msc-397183"
162,-9.5,0.03,"Saccostrea glomerata","W-Msc-397183"
132,-10,0.05,"Saccostrea glomerata","W-Msc-397183"
133,-10,0.06,"Saccostrea glomerata","W-Msc-397183"
133.5,-10,0.06,"Saccostrea glomerata","W-Msc-397183"
134,-10,0.06,"Saccostrea glomerata","W-Msc-397183"
135.5,-10,0.08,"Saccostrea glomerata","W-Msc-397183"
136,-10,0.14,"Saccostrea glomerata","W-Msc-397183"
136.5,-10,0.19,"Saccostrea glomerata","W-Msc-397183"
137,-10,0.22,"Saccostrea glomerata","W-Msc-397183"
137.5,-10,0.12,"Saccostrea glomerata","W-Msc-397183"
138,-10,0.05,"Saccostrea glomerata","W-Msc-397183"
138.5,-10,0.1,"Saccostrea glomerata","W-Msc-397183"
139,-10,0.09,"Saccostrea glomerata","W-Msc-397183"
139.5,-10,0.08,"Saccostrea glomerata","W-Msc-397183"
140,-10,0.11,"Saccostrea glomerata","W-Msc-397183"
140.5,-10,0.14,"Saccostrea glomerata","W-Msc-397183"
141,-10,0.24,"Saccostrea glomerata","W-Msc-397183"
141.5,-10,0.3,"Saccostrea glomerata","W-Msc-397183"
142,-10,0.32,"Saccostrea glomerata","W-Msc-397183"
142.5,-10,0.33,"Saccostrea glomerata","W-Msc-397183"
143,-10,0.27,"Saccostrea glomerata","W-Msc-397183"
143.5,-10,0.23,"Saccostrea glomerata","W-Msc-397183"
144,-10,0.22,"Saccostrea glomerata","W-Msc-397183"
144.5,-10,0.13,"Saccostrea glomerata","W-Msc-397183"
145,-10,0.05,"Saccostrea glomerata","W-Msc-397183"
146,-10,0.04,"Saccostrea glomerata","W-Msc-397183"
147.5,-10,0.26,"Saccostrea glomerata","W-Msc-397183"
148,-10,0.4,"Saccostrea glomerata","W-Msc-397183"
149.5,-10,0.33,"Saccostrea glomerata","W-Msc-397183"
150,-10,0.25,"Saccostrea glomerata","W-Msc-397183"
150.5,-10,0.27,"Saccostrea glomerata","W-Msc-397183"
151,-10,0.28,"Saccostrea glomerata","W-Msc-397183"
151.5,-10,0.27,"Saccostrea glomerata","W-Msc-397183"
152.5,-10,0.22,"Saccostrea glomerata","W-Msc-397183"
160,-10,0.07,"Saccostrea glomerata","W-Msc-397183"
160.5,-10,0.08,"Saccostrea glomerata","W-Msc-397183"
161,-10,0.07,"Saccostrea glomerata","W-Msc-397183"
161.5,-10,0.07,"Saccostrea glomerata","W-Msc-397183"
162,-10,0.05,"Saccostrea glomerata","W-Msc-397183"
162.5,-10,0.03,"Saccostrea glomerata","W-Msc-397183"
167.5,-10,0.01,"Saccostrea glomerata","W-Msc-397183"
129.5,-10.5,0.02,"Saccostrea glomerata","W-Msc-397183"
130.5,-10.5,0.01,"Saccostrea glomerata","W-Msc-397183"
132,-10.5,0.06,"Saccostrea glomerata","W-Msc-397183"
132.5,-10.5,0.04,"Saccostrea glomerata","W-Msc-397183"
133,-10.5,0.08,"Saccostrea glomerata","W-Msc-397183"
133.5,-10.5,0.08,"Saccostrea glomerata","W-Msc-397183"
134,-10.5,0.05,"Saccostrea glomerata","W-Msc-397183"
134.5,-10.5,0.05,"Saccostrea glomerata","W-Msc-397183"
135,-10.5,0.08,"Saccostrea glomerata","W-Msc-397183"
135.5,-10.5,0.1,"Saccostrea glomerata","W-Msc-397183"
136,-10.5,0.18,"Saccostrea glomerata","W-Msc-397183"
136.5,-10.5,0.21,"Saccostrea glomerata","W-Msc-397183"
137,-10.5,0.25,"Saccostrea glomerata","W-Msc-397183"
137.5,-10.5,0.2,"Saccostrea glomerata","W-Msc-397183"
138,-10.5,0.14,"Saccostrea glomerata","W-Msc-397183"
138.5,-10.5,0.12,"Saccostrea glomerata","W-Msc-397183"
139,-10.5,0.04,"Saccostrea glomerata","W-Msc-397183"
139.5,-10.5,0.05,"Saccostrea glomerata","W-Msc-397183"
140,-10.5,0.05,"Saccostrea glomerata","W-Msc-397183"
140.5,-10.5,0.08,"Saccostrea glomerata","W-Msc-397183"
141,-10.5,0.12,"Saccostrea glomerata","W-Msc-397183"
141.5,-10.5,0.19,"Saccostrea glomerata","W-Msc-397183"
142,-10.5,0.23,"Saccostrea glomerata","W-Msc-397183"
142.5,-10.5,0.28,"Saccostrea glomerata","W-Msc-397183"
143,-10.5,0.24,"Saccostrea glomerata","W-Msc-397183"
143.5,-10.5,0.19,"Saccostrea glomerata","W-Msc-397183"
144,-10.5,0.15,"Saccostrea glomerata","W-Msc-397183"
144.5,-10.5,0.05,"Saccostrea glomerata","W-Msc-397183"
145,-10.5,0.03,"Saccostrea glomerata","W-Msc-397183"
145.5,-10.5,0.02,"Saccostrea glomerata","W-Msc-397183"
146,-10.5,0.03,"Saccostrea glomerata","W-Msc-397183"
148,-10.5,0.37,"Saccostrea glomerata","W-Msc-397183"
148.5,-10.5,0.5,"Saccostrea glomerata","W-Msc-397183"
149,-10.5,0.51,"Saccostrea glomerata","W-Msc-397183"
149.5,-10.5,0.5,"Saccostrea glomerata","W-Msc-397183"
150,-10.5,0.39,"Saccostrea glomerata","W-Msc-397183"
150.5,-10.5,0.37,"Saccostrea glomerata","W-Msc-397183"
151,-10.5,0.37,"Saccostrea glomerata","W-Msc-397183"
151.5,-10.5,0.36,"Saccostrea glomerata","W-Msc-397183"
152,-10.5,0.3,"Saccostrea glomerata","W-Msc-397183"
161.5,-10.5,0.07,"Saccostrea glomerata","W-Msc-397183"
162,-10.5,0.06,"Saccostrea glomerata","W-Msc-397183"
162.5,-10.5,0.04,"Saccostrea glomerata","W-Msc-397183"
166,-10.5,0.02,"Saccostrea glomerata","W-Msc-397183"
166.5,-10.5,0.02,"Saccostrea glomerata","W-Msc-397183"
129.5,-11,0.07,"Saccostrea glomerata","W-Msc-397183"
130,-11,0.07,"Saccostrea glomerata","W-Msc-397183"
130.5,-11,0.09,"Saccostrea glomerata","W-Msc-397183"
131,-11,0.1,"Saccostrea glomerata","W-Msc-397183"
131.5,-11,0.11,"Saccostrea glomerata","W-Msc-397183"
132,-11,0.11,"Saccostrea glomerata","W-Msc-397183"
132.5,-11,0.18,"Saccostrea glomerata","W-Msc-397183"
133,-11,0.19,"Saccostrea glomerata","W-Msc-397183"
133.5,-11,0.16,"Saccostrea glomerata","W-Msc-397183"
134,-11,0.04,"Saccostrea glomerata","W-Msc-397183"
135,-11,0.06,"Saccostrea glomerata","W-Msc-397183"
135.5,-11,0.04,"Saccostrea glomerata","W-Msc-397183"
136,-11,0.13,"Saccostrea glomerata","W-Msc-397183"
136.5,-11,0.17,"Saccostrea glomerata","W-Msc-397183"
137,-11,0.34,"Saccostrea glomerata","W-Msc-397183"
137.5,-11,0.32,"Saccostrea glomerata","W-Msc-397183"
138,-11,0.15,"Saccostrea glomerata","W-Msc-397183"
138.5,-11,0.06,"Saccostrea glomerata","W-Msc-397183"
139,-11,0.04,"Saccostrea glomerata","W-Msc-397183"
139.5,-11,0.08,"Saccostrea glomerata","W-Msc-397183"
140,-11,0.04,"Saccostrea glomerata","W-Msc-397183"
140.5,-11,0.06,"Saccostrea glomerata","W-Msc-397183"
141,-11,0.1,"Saccostrea glomerata","W-Msc-397183"
141.5,-11,0.22,"Saccostrea glomerata","W-Msc-397183"
142,-11,0.31,"Saccostrea glomerata","W-Msc-397183"
142.5,-11,0.38,"Saccostrea glomerata","W-Msc-397183"
143,-11,0.46,"Saccostrea glomerata","W-Msc-397183"
143.5,-11,0.27,"Saccostrea glomerata","W-Msc-397183"
144,-11,0.15,"Saccostrea glomerata","W-Msc-397183"
144.5,-11,0.04,"Saccostrea glomerata","W-Msc-397183"
150,-11,0.5,"Saccostrea glomerata","W-Msc-397183"
150.5,-11,0.48,"Saccostrea glomerata","W-Msc-397183"
151,-11,0.48,"Saccostrea glomerata","W-Msc-397183"
151.5,-11,0.46,"Saccostrea glomerata","W-Msc-397183"
152,-11,0.41,"Saccostrea glomerata","W-Msc-397183"
152.5,-11,0.37,"Saccostrea glomerata","W-Msc-397183"
153,-11,0.31,"Saccostrea glomerata","W-Msc-397183"
153.5,-11,0.24,"Saccostrea glomerata","W-Msc-397183"
156,-11,0.16,"Saccostrea glomerata","W-Msc-397183"
162,-11,0.1,"Saccostrea glomerata","W-Msc-397183"
162.5,-11,0.08,"Saccostrea glomerata","W-Msc-397183"
163,-11,0.04,"Saccostrea glomerata","W-Msc-397183"
166,-11,0.03,"Saccostrea glomerata","W-Msc-397183"
166.5,-11,0.03,"Saccostrea glomerata","W-Msc-397183"
129.5,-11.5,0.07,"Saccostrea glomerata","W-Msc-397183"
130,-11.5,0.08,"Saccostrea glomerata","W-Msc-397183"
130.5,-11.5,0.14,"Saccostrea glomerata","W-Msc-397183"
131,-11.5,0.16,"Saccostrea glomerata","W-Msc-397183"
131.5,-11.5,0.21,"Saccostrea glomerata","W-Msc-397183"
132,-11.5,0.24,"Saccostrea glomerata","W-Msc-397183"
132.5,-11.5,0.23,"Saccostrea glomerata","W-Msc-397183"
133,-11.5,0.28,"Saccostrea glomerata","W-Msc-397183"
133.5,-11.5,0.3,"Saccostrea glomerata","W-Msc-397183"
134,-11.5,0.29,"Saccostrea glomerata","W-Msc-397183"
134.5,-11.5,0.27,"Saccostrea glomerata","W-Msc-397183"
135,-11.5,0.28,"Saccostrea glomerata","W-Msc-397183"
135.5,-11.5,0.33,"Saccostrea glomerata","W-Msc-397183"
136,-11.5,0.36,"Saccostrea glomerata","W-Msc-397183"
136.5,-11.5,0.39,"Saccostrea glomerata","W-Msc-397183"
137,-11.5,0.41,"Saccostrea glomerata","W-Msc-397183"
137.5,-11.5,0.4,"Saccostrea glomerata","W-Msc-397183"
138,-11.5,0.32,"Saccostrea glomerata","W-Msc-397183"
138.5,-11.5,0.26,"Saccostrea glomerata","W-Msc-397183"
139,-11.5,0.22,"Saccostrea glomerata","W-Msc-397183"
139.5,-11.5,0.16,"Saccostrea glomerata","W-Msc-397183"
140,-11.5,0.09,"Saccostrea glomerata","W-Msc-397183"
140.5,-11.5,0.12,"Saccostrea glomerata","W-Msc-397183"
141,-11.5,0.15,"Saccostrea glomerata","W-Msc-397183"
141.5,-11.5,0.24,"Saccostrea glomerata","W-Msc-397183"
142,-11.5,0.36,"Saccostrea glomerata","W-Msc-397183"
142.5,-11.5,0.54,"Saccostrea glomerata","W-Msc-397183"
143,-11.5,0.61,"Saccostrea glomerata","W-Msc-397183"
143.5,-11.5,0.43,"Saccostrea glomerata","W-Msc-397183"
144,-11.5,0.18,"Saccostrea glomerata","W-Msc-397183"
144.5,-11.5,0.05,"Saccostrea glomerata","W-Msc-397183"
151,-11.5,0.12,"Saccostrea glomerata","W-Msc-397183"
151.5,-11.5,0.46,"Saccostrea glomerata","W-Msc-397183"
152,-11.5,0.43,"Saccostrea glomerata","W-Msc-397183"
152.5,-11.5,0.42,"Saccostrea glomerata","W-Msc-397183"
153,-11.5,0.38,"Saccostrea glomerata","W-Msc-397183"
153.5,-11.5,0.33,"Saccostrea glomerata","W-Msc-397183"
154,-11.5,0.27,"Saccostrea glomerata","W-Msc-397183"
154.5,-11.5,0.22,"Saccostrea glomerata","W-Msc-397183"
160,-11.5,0.1,"Saccostrea glomerata","W-Msc-397183"
160.5,-11.5,0.09,"Saccostrea glomerata","W-Msc-397183"
166.5,-11.5,0.02,"Saccostrea glomerata","W-Msc-397183"
167,-11.5,0.01,"Saccostrea glomerata","W-Msc-397183"
129.5,-12,0.02,"Saccostrea glomerata","W-Msc-397183"
130,-12,0.09,"Saccostrea glomerata","W-Msc-397183"
130.5,-12,0.15,"Saccostrea glomerata","W-Msc-397183"
131,-12,0.19,"Saccostrea glomerata","W-Msc-397183"
131.5,-12,0.21,"Saccostrea glomerata","W-Msc-397183"
132,-12,0.2,"Saccostrea glomerata","W-Msc-397183"
132.5,-12,0.1,"Saccostrea glomerata","W-Msc-397183"
133,-12,0.19,"Saccostrea glomerata","W-Msc-397183"
133.5,-12,0.24,"Saccostrea glomerata","W-Msc-397183"
134,-12,0.28,"Saccostrea glomerata","W-Msc-397183"
134.5,-12,0.32,"Saccostrea glomerata","W-Msc-397183"
135,-12,0.33,"Saccostrea glomerata","W-Msc-397183"
135.5,-12,0.33,"Saccostrea glomerata","W-Msc-397183"
136,-12,0.35,"Saccostrea glomerata","W-Msc-397183"
136.5,-12,0.38,"Saccostrea glomerata","W-Msc-397183"
137,-12,0.4,"Saccostrea glomerata","W-Msc-397183"
137.5,-12,0.41,"Saccostrea glomerata","W-Msc-397183"
138,-12,0.41,"Saccostrea glomerata","W-Msc-397183"
138.5,-12,0.36,"Saccostrea glomerata","W-Msc-397183"
139,-12,0.22,"Saccostrea glomerata","W-Msc-397183"
139.5,-12,0.18,"Saccostrea glomerata","W-Msc-397183"
140,-12,0.02,"Saccostrea glomerata","W-Msc-397183"
140.5,-12,0.18,"Saccostrea glomerata","W-Msc-397183"
141,-12,0.2,"Saccostrea glomerata","W-Msc-397183"
141.5,-12,0.31,"Saccostrea glomerata","W-Msc-397183"
142,-12,0.45,"Saccostrea glomerata","W-Msc-397183"
142.5,-12,0.53,"Saccostrea glomerata","W-Msc-397183"
143,-12,0.6,"Saccostrea glomerata","W-Msc-397183"
143.5,-12,0.65,"Saccostrea glomerata","W-Msc-397183"
144,-12,0.21,"Saccostrea glomerata","W-Msc-397183"
144.5,-12,0.04,"Saccostrea glomerata","W-Msc-397183"
153,-12,0.25,"Saccostrea glomerata","W-Msc-397183"
153.5,-12,0.25,"Saccostrea glomerata","W-Msc-397183"
154,-12,0.23,"Saccostrea glomerata","W-Msc-397183"
154.5,-12,0.19,"Saccostrea glomerata","W-Msc-397183"
160.5,-12,0.1,"Saccostrea glomerata","W-Msc-397183"
161,-12,0.07,"Saccostrea glomerata","W-Msc-397183"
167,-12,0.01,"Saccostrea glomerata","W-Msc-397183"
129.5,-12.5,0.03,"Saccostrea glomerata","W-Msc-397183"
130,-12.5,0.06,"Saccostrea glomerata","W-Msc-397183"
130.5,-12.5,0.13,"Saccostrea glomerata","W-Msc-397183"
131,-12.5,0.18,"Saccostrea glomerata","W-Msc-397183"
131.5,-12.5,0.16,"Saccostrea glomerata","W-Msc-397183"
132,-12.5,0.13,"Saccostrea glomerata","W-Msc-397183"
132.5,-12.5,0.15,"Saccostrea glomerata","W-Msc-397183"
133,-12.5,0.18,"Saccostrea glomerata","W-Msc-397183"
134.5,-12.5,0.28,"Saccostrea glomerata","W-Msc-397183"
135,-12.5,0.25,"Saccostrea glomerata","W-Msc-397183"
135.5,-12.5,0.32,"Saccostrea glomerata","W-Msc-397183"
136,-12.5,0.33,"Saccostrea glomerata","W-Msc-397183"
136.5,-12.5,0.36,"Saccostrea glomerata","W-Msc-397183"
137,-12.5,0.38,"Saccostrea glomerata","W-Msc-397183"
137.5,-12.5,0.4,"Saccostrea glomerata","W-Msc-397183"
138,-12.5,0.41,"Saccostrea glomerata","W-Msc-397183"
138.5,-12.5,0.36,"Saccostrea glomerata","W-Msc-397183"
139.5,-12.5,0.06,"Saccostrea glomerata","W-Msc-397183"
140.5,-12.5,0.16,"Saccostrea glomerata","W-Msc-397183"
141,-12.5,0.19,"Saccostrea glomerata","W-Msc-397183"
141.5,-12.5,0.34,"Saccostrea glomerata","W-Msc-397183"
142,-12.5,0.4,"Saccostrea glomerata","W-Msc-397183"
142.5,-12.5,0.2,"Saccostrea glomerata","W-Msc-397183"
143.5,-12.5,0.68,"Saccostrea glomerata","W-Msc-397183"
144,-12.5,0.29,"Saccostrea glomerata","W-Msc-397183"
144.5,-12.5,0.03,"Saccostrea glomerata","W-Msc-397183"
160.5,-12.5,0.07,"Saccostrea glomerata","W-Msc-397183"
130,-13,0.11,"Saccostrea glomerata","W-Msc-397183"
130.5,-13,0.13,"Saccostrea glomerata","W-Msc-397183"
131,-13,0.12,"Saccostrea glomerata","W-Msc-397183"
131.5,-13,0.03,"Saccostrea glomerata","W-Msc-397183"
136.5,-13,0.13,"Saccostrea glomerata","W-Msc-397183"
137,-13,0.36,"Saccostrea glomerata","W-Msc-397183"
137.5,-13,0.4,"Saccostrea glomerata","W-Msc-397183"
138,-13,0.41,"Saccostrea glomerata","W-Msc-397183"
138.5,-13,0.32,"Saccostrea glomerata","W-Msc-397183"
139,-13,0.17,"Saccostrea glomerata","W-Msc-397183"
139.5,-13,0.05,"Saccostrea glomerata","W-Msc-397183"
140,-13,0.06,"Saccostrea glomerata","W-Msc-397183"
140.5,-13,0.17,"Saccostrea glomerata","W-Msc-397183"
141,-13,0.2,"Saccostrea glomerata","W-Msc-397183"
141.5,-13,0.35,"Saccostrea glomerata","W-Msc-397183"
142,-13,0.35,"Saccostrea glomerata","W-Msc-397183"
142.5,-13,0.09,"Saccostrea glomerata","W-Msc-397183"
143.5,-13,0.65,"Saccostrea glomerata","W-Msc-397183"
144,-13,0.51,"Saccostrea glomerata","W-Msc-397183"
160.5,-13,0.05,"Saccostrea glomerata","W-Msc-397183"
161,-13,0.03,"Saccostrea glomerata","W-Msc-397183"
129.5,-13.5,0.09,"Saccostrea glomerata","W-Msc-397183"
130,-13.5,0.19,"Saccostrea glomerata","W-Msc-397183"
130.5,-13.5,0.16,"Saccostrea glomerata","W-Msc-397183"
136,-13.5,0.3,"Saccostrea glomerata","W-Msc-397183"
136.5,-13.5,0.27,"Saccostrea glomerata","W-Msc-397183"
137,-13.5,0.36,"Saccostrea glomerata","W-Msc-397183"
137.5,-13.5,0.43,"Saccostrea glomerata","W-Msc-397183"
138,-13.5,0.42,"Saccostrea glomerata","W-Msc-397183"
138.5,-13.5,0.33,"Saccostrea glomerata","W-Msc-397183"
139,-13.5,0.03,"Saccostrea glomerata","W-Msc-397183"
140.5,-13.5,0.17,"Saccostrea glomerata","W-Msc-397183"
141,-13.5,0.17,"Saccostrea glomerata","W-Msc-397183"
141.5,-13.5,0.36,"Saccostrea glomerata","W-Msc-397183"
142,-13.5,0.4,"Saccostrea glomerata","W-Msc-397183"
144,-13.5,0.6,"Saccostrea glomerata","W-Msc-397183"
144.5,-13.5,0.07,"Saccostrea glomerata","W-Msc-397183"
129.5,-14,0.18,"Saccostrea glomerata","W-Msc-397183"
130,-14,0.19,"Saccostrea glomerata","W-Msc-397183"
136,-14,0.29,"Saccostrea glomerata","W-Msc-397183"
136.5,-14,0.31,"Saccostrea glomerata","W-Msc-397183"
137,-14,0.44,"Saccostrea glomerata","W-Msc-397183"
137.5,-14,0.46,"Saccostrea glomerata","W-Msc-397183"
138,-14,0.42,"Saccostrea glomerata","W-Msc-397183"
138.5,-14,0.31,"Saccostrea glomerata","W-Msc-397183"
139,-14,0.02,"Saccostrea glomerata","W-Msc-397183"
139.5,-14,0.01,"Saccostrea glomerata","W-Msc-397183"
140,-14,0.07,"Saccostrea glomerata","W-Msc-397183"
140.5,-14,0.11,"Saccostrea glomerata","W-Msc-397183"
141,-14,0.32,"Saccostrea glomerata","W-Msc-397183"
141.5,-14,0.38,"Saccostrea glomerata","W-Msc-397183"
142,-14,0.44,"Saccostrea glomerata","W-Msc-397183"
144,-14,0.72,"Saccostrea glomerata","W-Msc-397183"
144.5,-14,0.26,"Saccostrea glomerata","W-Msc-397183"
145,-14,0.1,"Saccostrea glomerata","W-Msc-397183"
147,-14,0.04,"Saccostrea glomerata","W-Msc-397183"
129.5,-14.5,0.26,"Saccostrea glomerata","W-Msc-397183"
130,-14.5,0.23,"Saccostrea glomerata","W-Msc-397183"
136,-14.5,0.29,"Saccostrea glomerata","W-Msc-397183"
136.5,-14.5,0.41,"Saccostrea glomerata","W-Msc-397183"
137,-14.5,0.5,"Saccostrea glomerata","W-Msc-397183"
137.5,-14.5,0.48,"Saccostrea glomerata","W-Msc-397183"
138,-14.5,0.4,"Saccostrea glomerata","W-Msc-397183"
140,-14.5,0.23,"Saccostrea glomerata","W-Msc-397183"
140.5,-14.5,0.27,"Saccostrea glomerata","W-Msc-397183"
141,-14.5,0.32,"Saccostrea glomerata","W-Msc-397183"
141.5,-14.5,0.32,"Saccostrea glomerata","W-Msc-397183"
142,-14.5,0.47,"Saccostrea glomerata","W-Msc-397183"
144,-14.5,0.67,"Saccostrea glomerata","W-Msc-397183"
144.5,-14.5,0.74,"Saccostrea glomerata","W-Msc-397183"
145,-14.5,0.61,"Saccostrea glomerata","W-Msc-397183"
145.5,-14.5,0.19,"Saccostrea glomerata","W-Msc-397183"
146,-14.5,0.05,"Saccostrea glomerata","W-Msc-397183"
129.5,-15,0.26,"Saccostrea glomerata","W-Msc-397183"
130,-15,0.26,"Saccostrea glomerata","W-Msc-397183"
135.5,-15,0.29,"Saccostrea glomerata","W-Msc-397183"
136,-15,0.31,"Saccostrea glomerata","W-Msc-397183"
136.5,-15,0.39,"Saccostrea glomerata","W-Msc-397183"
137,-15,0.47,"Saccostrea glomerata","W-Msc-397183"
137.5,-15,0.42,"Saccostrea glomerata","W-Msc-397183"
138,-15,0.09,"Saccostrea glomerata","W-Msc-397183"
138.5,-15,0.05,"Saccostrea glomerata","W-Msc-397183"
139,-15,0.05,"Saccostrea glomerata","W-Msc-397183"
140,-15,0.11,"Saccostrea glomerata","W-Msc-397183"
140.5,-15,0.32,"Saccostrea glomerata","W-Msc-397183"
141,-15,0.35,"Saccostrea glomerata","W-Msc-397183"
141.5,-15,0.44,"Saccostrea glomerata","W-Msc-397183"
142,-15,0.5,"Saccostrea glomerata","W-Msc-397183"
145,-15,0.77,"Saccostrea glomerata","W-Msc-397183"
145.5,-15,0.8,"Saccostrea glomerata","W-Msc-397183"
146,-15,0.14,"Saccostrea glomerata","W-Msc-397183"
129.5,-15.5,0.12,"Saccostrea glomerata","W-Msc-397183"
130,-15.5,0.06,"Saccostrea glomerata","W-Msc-397183"
136,-15.5,0.26,"Saccostrea glomerata","W-Msc-397183"
136.5,-15.5,0.3,"Saccostrea glomerata","W-Msc-397183"
137,-15.5,0.39,"Saccostrea glomerata","W-Msc-397183"
137.5,-15.5,0.46,"Saccostrea glomerata","W-Msc-397183"
138,-15.5,0.41,"Saccostrea glomerata","W-Msc-397183"
138.5,-15.5,0.19,"Saccostrea glomerata","W-Msc-397183"
140.5,-15.5,0.42,"Saccostrea glomerata","W-Msc-397183"
141,-15.5,0.15,"Saccostrea glomerata","W-Msc-397183"
141.5,-15.5,0.46,"Saccostrea glomerata","W-Msc-397183"
142,-15.5,0.52,"Saccostrea glomerata","W-Msc-397183"
145.5,-15.5,0.7,"Saccostrea glomerata","W-Msc-397183"
146,-15.5,0.17,"Saccostrea glomerata","W-Msc-397183"
136.5,-16,0.24,"Saccostrea glomerata","W-Msc-397183"
137,-16,0.19,"Saccostrea glomerata","W-Msc-397183"
137.5,-16,0.31,"Saccostrea glomerata","W-Msc-397183"
138,-16,0.43,"Saccostrea glomerata","W-Msc-397183"
138.5,-16,0.35,"Saccostrea glomerata","W-Msc-397183"
139,-16,0.2,"Saccostrea glomerata","W-Msc-397183"
140,-16,0.44,"Saccostrea glomerata","W-Msc-397183"
140.5,-16,0.47,"Saccostrea glomerata","W-Msc-397183"
141,-16,0.5,"Saccostrea glomerata","W-Msc-397183"
141.5,-16,0.47,"Saccostrea glomerata","W-Msc-397183"
145.5,-16,0.8,"Saccostrea glomerata","W-Msc-397183"
146,-16,0.25,"Saccostrea glomerata","W-Msc-397183"
167,-16,0.01,"Saccostrea glomerata","W-Msc-397183"
137.5,-16.5,0.17,"Saccostrea glomerata","W-Msc-397183"
138,-16.5,0.29,"Saccostrea glomerata","W-Msc-397183"
138.5,-16.5,0.34,"Saccostrea glomerata","W-Msc-397183"
139,-16.5,0.42,"Saccostrea glomerata","W-Msc-397183"
139.5,-16.5,0.47,"Saccostrea glomerata","W-Msc-397183"
140,-16.5,0.52,"Saccostrea glomerata","W-Msc-397183"
140.5,-16.5,0.52,"Saccostrea glomerata","W-Msc-397183"
141,-16.5,0.53,"Saccostrea glomerata","W-Msc-397183"
141.5,-16.5,0.46,"Saccostrea glomerata","W-Msc-397183"
145.5,-16.5,0.81,"Saccostrea glomerata","W-Msc-397183"
146,-16.5,0.67,"Saccostrea glomerata","W-Msc-397183"
146.5,-16.5,0.06,"Saccostrea glomerata","W-Msc-397183"
167.5,-16.5,0.01,"Saccostrea glomerata","W-Msc-397183"
178.5,-16.5,0.01,"Saccostrea glomerata","W-Msc-397183"
179,-16.5,0.01,"Saccostrea glomerata","W-Msc-397183"
179.5,-16.5,0.01,"Saccostrea glomerata","W-Msc-397183"
-179.5,-17,0.01,"Saccostrea glomerata","W-Msc-397183"
139,-17,0.19,"Saccostrea glomerata","W-Msc-397183"
139.5,-17,0.15,"Saccostrea glomerata","W-Msc-397183"
140,-17,0.37,"Saccostrea glomerata","W-Msc-397183"
140.5,-17,0.36,"Saccostrea glomerata","W-Msc-397183"
141,-17,0.22,"Saccostrea glomerata","W-Msc-397183"
141.5,-17,0.02,"Saccostrea glomerata","W-Msc-397183"
146,-17,0.84,"Saccostrea glomerata","W-Msc-397183"
146.5,-17,0.39,"Saccostrea glomerata","W-Msc-397183"
147,-17,0.03,"Saccostrea glomerata","W-Msc-397183"
167.5,-17,0.01,"Saccostrea glomerata","W-Msc-397183"
168,-17,0.01,"Saccostrea glomerata","W-Msc-397183"
177.5,-17,0.03,"Saccostrea glomerata","W-Msc-397183"
178,-17,0.04,"Saccostrea glomerata","W-Msc-397183"
178.5,-17,0.06,"Saccostrea glomerata","W-Msc-397183"
179,-17,0.05,"Saccostrea glomerata","W-Msc-397183"
179.5,-17,0.03,"Saccostrea glomerata","W-Msc-397183"
-179.5,-17.5,0.02,"Saccostrea glomerata","W-Msc-397183"
146,-17.5,0.85,"Saccostrea glomerata","W-Msc-397183"
146.5,-17.5,0.82,"Saccostrea glomerata","W-Msc-397183"
147,-17.5,0.14,"Saccostrea glomerata","W-Msc-397183"
177,-17.5,0.04,"Saccostrea glomerata","W-Msc-397183"
177.5,-17.5,0.09,"Saccostrea glomerata","W-Msc-397183"
178,-17.5,0.1,"Saccostrea glomerata","W-Msc-397183"
178.5,-17.5,0.08,"Saccostrea glomerata","W-Msc-397183"
179,-17.5,0.08,"Saccostrea glomerata","W-Msc-397183"
179.5,-17.5,0.06,"Saccostrea glomerata","W-Msc-397183"
146.5,-18,0.86,"Saccostrea glomerata","W-Msc-397183"
147,-18,0.48,"Saccostrea glomerata","W-Msc-397183"
148.5,-18,0.01,"Saccostrea glomerata","W-Msc-397183"
177.5,-18,0.14,"Saccostrea glomerata","W-Msc-397183"
178,-18,0.02,"Saccostrea glomerata","W-Msc-397183"
178.5,-18,0.09,"Saccostrea glomerata","W-Msc-397183"
179,-18,0.09,"Saccostrea glomerata","W-Msc-397183"
179.5,-18,0.05,"Saccostrea glomerata","W-Msc-397183"
146.5,-18.5,0.91,"Saccostrea glomerata","W-Msc-397183"
147,-18.5,0.85,"Saccostrea glomerata","W-Msc-397183"
147.5,-18.5,0.29,"Saccostrea glomerata","W-Msc-397183"
148,-18.5,0.16,"Saccostrea glomerata","W-Msc-397183"
177.5,-18.5,0.09,"Saccostrea glomerata","W-Msc-397183"
178,-18.5,0.1,"Saccostrea glomerata","W-Msc-397183"
178.5,-18.5,0.09,"Saccostrea glomerata","W-Msc-397183"
179,-18.5,0.07,"Saccostrea glomerata","W-Msc-397183"
179.5,-18.5,0.04,"Saccostrea glomerata","W-Msc-397183"
-179.5,-19,0.01,"Saccostrea glomerata","W-Msc-397183"
-179,-19,0.01,"Saccostrea glomerata","W-Msc-397183"
146.5,-19,0.94,"Saccostrea glomerata","W-Msc-397183"
147,-19,0.94,"Saccostrea glomerata","W-Msc-397183"
147.5,-19,0.68,"Saccostrea glomerata","W-Msc-397183"
148,-19,0.4,"Saccostrea glomerata","W-Msc-397183"
148.5,-19,0.21,"Saccostrea glomerata","W-Msc-397183"
149,-19,0.12,"Saccostrea glomerata","W-Msc-397183"
178,-19,0.09,"Saccostrea glomerata","W-Msc-397183"
178.5,-19,0.09,"Saccostrea glomerata","W-Msc-397183"
179,-19,0.05,"Saccostrea glomerata","W-Msc-397183"
179.5,-19,0.02,"Saccostrea glomerata","W-Msc-397183"
146.5,-19.5,0.2,"Saccostrea glomerata","W-Msc-397183"
147,-19.5,1,"Saccostrea glomerata","W-Msc-397183"
147.5,-19.5,0.99,"Saccostrea glomerata","W-Msc-397183"
148,-19.5,0.95,"Saccostrea glomerata","W-Msc-397183"
148.5,-19.5,0.56,"Saccostrea glomerata","W-Msc-397183"
149,-19.5,0.37,"Saccostrea glomerata","W-Msc-397183"
149.5,-19.5,0.25,"Saccostrea glomerata","W-Msc-397183"
150,-19.5,0.18,"Saccostrea glomerata","W-Msc-397183"
163.5,-19.5,0.02,"Saccostrea glomerata","W-Msc-397183"
178.5,-19.5,0.06,"Saccostrea glomerata","W-Msc-397183"
179,-19.5,0.04,"Saccostrea glomerata","W-Msc-397183"
179.5,-19.5,0.01,"Saccostrea glomerata","W-Msc-397183"
148,-20,1,"Saccostrea glomerata","W-Msc-397183"
148.5,-20,1,"Saccostrea glomerata","W-Msc-397183"
149,-20,0.78,"Saccostrea glomerata","W-Msc-397183"
149.5,-20,0.44,"Saccostrea glomerata","W-Msc-397183"
150,-20,0.3,"Saccostrea glomerata","W-Msc-397183"
150.5,-20,0.19,"Saccostrea glomerata","W-Msc-397183"
151,-20,0.12,"Saccostrea glomerata","W-Msc-397183"
159,-20,0.01,"Saccostrea glomerata","W-Msc-397183"
163.5,-20,0.02,"Saccostrea glomerata","W-Msc-397183"
164,-20,0.01,"Saccostrea glomerata","W-Msc-397183"
148.5,-20.5,1,"Saccostrea glomerata","W-Msc-397183"
149,-20.5,1,"Saccostrea glomerata","W-Msc-397183"
149.5,-20.5,0.81,"Saccostrea glomerata","W-Msc-397183"
150,-20.5,0.48,"Saccostrea glomerata","W-Msc-397183"
150.5,-20.5,0.32,"Saccostrea glomerata","W-Msc-397183"
151,-20.5,0.22,"Saccostrea glomerata","W-Msc-397183"
151.5,-20.5,0.15,"Saccostrea glomerata","W-Msc-397183"
159,-20.5,0.05,"Saccostrea glomerata","W-Msc-397183"
164,-20.5,0.03,"Saccostrea glomerata","W-Msc-397183"
164.5,-20.5,0.12,"Saccostrea glomerata","W-Msc-397183"
149,-21,1,"Saccostrea glomerata","W-Msc-397183"
149.5,-21,1,"Saccostrea glomerata","W-Msc-397183"
150,-21,0.69,"Saccostrea glomerata","W-Msc-397183"
150.5,-21,0.52,"Saccostrea glomerata","W-Msc-397183"
151,-21,0.47,"Saccostrea glomerata","W-Msc-397183"
151.5,-21,0.34,"Saccostrea glomerata","W-Msc-397183"
152,-21,0.23,"Saccostrea glomerata","W-Msc-397183"
152.5,-21,0.19,"Saccostrea glomerata","W-Msc-397183"
153,-21,0.12,"Saccostrea glomerata","W-Msc-397183"
154.5,-21,0.07,"Saccostrea glomerata","W-Msc-397183"
159,-21,0.11,"Saccostrea glomerata","W-Msc-397183"
159.5,-21,0.1,"Saccostrea glomerata","W-Msc-397183"
164.5,-21,0.05,"Saccostrea glomerata","W-Msc-397183"
165,-21,0.02,"Saccostrea glomerata","W-Msc-397183"
149.5,-21.5,1,"Saccostrea glomerata","W-Msc-397183"
150,-21.5,1,"Saccostrea glomerata","W-Msc-397183"
150.5,-21.5,0.67,"Saccostrea glomerata","W-Msc-397183"
151,-21.5,0.53,"Saccostrea glomerata","W-Msc-397183"
151.5,-21.5,0.52,"Saccostrea glomerata","W-Msc-397183"
152,-21.5,0.48,"Saccostrea glomerata","W-Msc-397183"
152.5,-21.5,0.43,"Saccostrea glomerata","W-Msc-397183"
153,-21.5,0.26,"Saccostrea glomerata","W-Msc-397183"
153.5,-21.5,0.14,"Saccostrea glomerata","W-Msc-397183"
156,-21.5,0.14,"Saccostrea glomerata","W-Msc-397183"
159,-21.5,0.14,"Saccostrea glomerata","W-Msc-397183"
159.5,-21.5,0.16,"Saccostrea glomerata","W-Msc-397183"
165,-21.5,0.04,"Saccostrea glomerata","W-Msc-397183"
165.5,-21.5,0.02,"Saccostrea glomerata","W-Msc-397183"
166,-21.5,0.02,"Saccostrea glomerata","W-Msc-397183"
149.5,-22,1,"Saccostrea glomerata","W-Msc-397183"
150,-22,1,"Saccostrea glomerata","W-Msc-397183"
150.5,-22,1,"Saccostrea glomerata","W-Msc-397183"
151,-22,0.8,"Saccostrea glomerata","W-Msc-397183"
151.5,-22,0.6,"Saccostrea glomerata","W-Msc-397183"
152,-22,0.53,"Saccostrea glomerata","W-Msc-397183"
152.5,-22,0.52,"Saccostrea glomerata","W-Msc-397183"
153,-22,0.35,"Saccostrea glomerata","W-Msc-397183"
153.5,-22,0.26,"Saccostrea glomerata","W-Msc-397183"
154,-22,0.22,"Saccostrea glomerata","W-Msc-397183"
159.5,-22,0.16,"Saccostrea glomerata","W-Msc-397183"
160,-22,0.12,"Saccostrea glomerata","W-Msc-397183"
165.5,-22,0.01,"Saccostrea glomerata","W-Msc-397183"
166,-22,0.02,"Saccostrea glomerata","W-Msc-397183"
166.5,-22,0.01,"Saccostrea glomerata","W-Msc-397183"
167,-22,0.02,"Saccostrea glomerata","W-Msc-397183"
150,-22.5,1,"Saccostrea glomerata","W-Msc-397183"
150.5,-22.5,1,"Saccostrea glomerata","W-Msc-397183"
151,-22.5,1,"Saccostrea glomerata","W-Msc-397183"
151.5,-22.5,0.64,"Saccostrea glomerata","W-Msc-397183"
152,-22.5,0.68,"Saccostrea glomerata","W-Msc-397183"
152.5,-22.5,0.58,"Saccostrea glomerata","W-Msc-397183"
153,-22.5,0.55,"Saccostrea glomerata","W-Msc-397183"
155.5,-22.5,0.24,"Saccostrea glomerata","W-Msc-397183"
159.5,-22.5,0.15,"Saccostrea glomerata","W-Msc-397183"
166.5,-22.5,0.04,"Saccostrea glomerata","W-Msc-397183"
167,-22.5,0.03,"Saccostrea glomerata","W-Msc-397183"
167.5,-22.5,0.05,"Saccostrea glomerata","W-Msc-397183"
168,-22.5,0.02,"Saccostrea glomerata","W-Msc-397183"
150,-23,0.4,"Saccostrea glomerata","W-Msc-397183"
150.5,-23,0.2,"Saccostrea glomerata","W-Msc-397183"
151,-23,1,"Saccostrea glomerata","W-Msc-397183"
151.5,-23,1,"Saccostrea glomerata","W-Msc-397183"
152,-23,0.89,"Saccostrea glomerata","W-Msc-397183"
153,-23,0.55,"Saccostrea glomerata","W-Msc-397183"
167,-23,0.02,"Saccostrea glomerata","W-Msc-397183"
167.5,-23,0.04,"Saccostrea glomerata","W-Msc-397183"
168,-23,0.03,"Saccostrea glomerata","W-Msc-397183"
151,-23.5,1,"Saccostrea glomerata","W-Msc-397183"
151.5,-23.5,1,"Saccostrea glomerata","W-Msc-397183"
152,-23.5,0.96,"Saccostrea glomerata","W-Msc-397183"
152.5,-23.5,0.73,"Saccostrea glomerata","W-Msc-397183"
156,-23.5,0.33,"Saccostrea glomerata","W-Msc-397183"
151,-24,1,"Saccostrea glomerata","W-Msc-397183"
151.5,-24,1,"Saccostrea glomerata","W-Msc-397183"
152,-24,1,"Saccostrea glomerata","W-Msc-397183"
152.5,-24,0.91,"Saccostrea glomerata","W-Msc-397183"
153,-24,0.71,"Saccostrea glomerata","W-Msc-397183"
159.5,-24,0.13,"Saccostrea glomerata","W-Msc-397183"
160,-24,0.12,"Saccostrea glomerata","W-Msc-397183"
152,-24.5,1,"Saccostrea glomerata","W-Msc-397183"
152.5,-24.5,0.98,"Saccostrea glomerata","W-Msc-397183"
153,-24.5,0.89,"Saccostrea glomerata","W-Msc-397183"
153.5,-24.5,0.75,"Saccostrea glomerata","W-Msc-397183"
159.5,-24.5,0.13,"Saccostrea glomerata","W-Msc-397183"
160,-24.5,0.11,"Saccostrea glomerata","W-Msc-397183"
152.5,-25,1,"Saccostrea glomerata","W-Msc-397183"
153,-25,1,"Saccostrea glomerata","W-Msc-397183"
153.5,-25,1,"Saccostrea glomerata","W-Msc-397183"
154,-25,1,"Saccostrea glomerata","W-Msc-397183"
160,-25,0.08,"Saccostrea glomerata","W-Msc-397183"
153,-25.5,1,"Saccostrea glomerata","W-Msc-397183"
153.5,-25.5,1,"Saccostrea glomerata","W-Msc-397183"
154,-25.5,1,"Saccostrea glomerata","W-Msc-397183"
160,-25.5,0.1,"Saccostrea glomerata","W-Msc-397183"
162,-25.5,0.03,"Saccostrea glomerata","W-Msc-397183"
162.5,-25.5,0.03,"Saccostrea glomerata","W-Msc-397183"
163,-25.5,0.03,"Saccostrea glomerata","W-Msc-397183"
153,-26,0.4,"Saccostrea glomerata","W-Msc-397183"
153.5,-26,1,"Saccostrea glomerata","W-Msc-397183"
154,-26,0.96,"Saccostrea glomerata","W-Msc-397183"
161.5,-26,0.04,"Saccostrea glomerata","W-Msc-397183"
162,-26,0.03,"Saccostrea glomerata","W-Msc-397183"
162.5,-26,0.03,"Saccostrea glomerata","W-Msc-397183"
163,-26,0.02,"Saccostrea glomerata","W-Msc-397183"
163.5,-26,0.02,"Saccostrea glomerata","W-Msc-397183"
153.5,-26.5,1,"Saccostrea glomerata","W-Msc-397183"
154,-26.5,0.46,"Saccostrea glomerata","W-Msc-397183"
162,-26.5,0.03,"Saccostrea glomerata","W-Msc-397183"
162.5,-26.5,0.02,"Saccostrea glomerata","W-Msc-397183"
153.5,-27,1,"Saccostrea glomerata","W-Msc-397183"
154,-27,1,"Saccostrea glomerata","W-Msc-397183"
153.5,-27.5,1,"Saccostrea glomerata","W-Msc-397183"
154,-27.5,1,"Saccostrea glomerata","W-Msc-397183"
153.5,-28,1,"Saccostrea glomerata","W-Msc-397183"
154,-28,1,"Saccostrea glomerata","W-Msc-397183"
153.5,-28.5,1,"Saccostrea glomerata","W-Msc-397183"
154,-28.5,1,"Saccostrea glomerata","W-Msc-397183"
154,-29,1,"Saccostrea glomerata","W-Msc-397183"
168,-29,0.38,"Saccostrea glomerata","W-Msc-397183"
168.5,-29,0.33,"Saccostrea glomerata","W-Msc-397183"
153.5,-29.5,1,"Saccostrea glomerata","W-Msc-397183"
154,-29.5,1,"Saccostrea glomerata","W-Msc-397183"
159.5,-29.5,0.39,"Saccostrea glomerata","W-Msc-397183"
168,-29.5,0.43,"Saccostrea glomerata","W-Msc-397183"
168.5,-29.5,0.39,"Saccostrea glomerata","W-Msc-397183"
153.5,-30,1,"Saccostrea glomerata","W-Msc-397183"
159.5,-30,0.46,"Saccostrea glomerata","W-Msc-397183"
168,-30,0.3,"Saccostrea glomerata","W-Msc-397183"
153.5,-30.5,1,"Saccostrea glomerata","W-Msc-397183"
-178.5,-31,0.02,"Saccostrea glomerata","W-Msc-397183"
153.5,-31,1,"Saccostrea glomerata","W-Msc-397183"
-178.5,-31.5,0.07,"Saccostrea glomerata","W-Msc-397183"
153,-31.5,1,"Saccostrea glomerata","W-Msc-397183"
153.5,-31.5,1,"Saccostrea glomerata","W-Msc-397183"
159.5,-31.5,0.64,"Saccostrea glomerata","W-Msc-397183"
153,-32,1,"Saccostrea glomerata","W-Msc-397183"
159.5,-32,0.71,"Saccostrea glomerata","W-Msc-397183"
152.5,-32.5,1,"Saccostrea glomerata","W-Msc-397183"
153,-32.5,1,"Saccostrea glomerata","W-Msc-397183"
152,-33,1,"Saccostrea glomerata","W-Msc-397183"
152.5,-33,1,"Saccostrea glomerata","W-Msc-397183"
153,-33,0.67,"Saccostrea glomerata","W-Msc-397183"
151.5,-33.5,1,"Saccostrea glomerata","W-Msc-397183"
152,-33.5,1,"Saccostrea glomerata","W-Msc-397183"
151.5,-34,1,"Saccostrea glomerata","W-Msc-397183"
152,-34,0.08,"Saccostrea glomerata","W-Msc-397183"
151,-34.5,1,"Saccostrea glomerata","W-Msc-397183"
151.5,-34.5,1,"Saccostrea glomerata","W-Msc-397183"
172.5,-34.5,0.72,"Saccostrea glomerata","W-Msc-397183"
173,-34.5,0.93,"Saccostrea glomerata","W-Msc-397183"
173.5,-34.5,0.99,"Saccostrea glomerata","W-Msc-397183"
151,-35,1,"Saccostrea glomerata","W-Msc-397183"
151.5,-35,0.29,"Saccostrea glomerata","W-Msc-397183"
173,-35,0.74,"Saccostrea glomerata","W-Msc-397183"
173.5,-35,1,"Saccostrea glomerata","W-Msc-397183"
174,-35,1,"Saccostrea glomerata","W-Msc-397183"
174.5,-35,1,"Saccostrea glomerata","W-Msc-397183"
150.5,-35.5,1,"Saccostrea glomerata","W-Msc-397183"
151,-35.5,1,"Saccostrea glomerata","W-Msc-397183"
173,-35.5,0.06,"Saccostrea glomerata","W-Msc-397183"
173.5,-35.5,1,"Saccostrea glomerata","W-Msc-397183"
174,-35.5,0.4,"Saccostrea glomerata","W-Msc-397183"
174.5,-35.5,1,"Saccostrea glomerata","W-Msc-397183"
175,-35.5,1,"Saccostrea glomerata","W-Msc-397183"
150.5,-36,1,"Saccostrea glomerata","W-Msc-397183"
151,-36,0.17,"Saccostrea glomerata","W-Msc-397183"
173.5,-36,0.67,"Saccostrea glomerata","W-Msc-397183"
174,-36,1,"Saccostrea glomerata","W-Msc-397183"
174.5,-36,1,"Saccostrea glomerata","W-Msc-397183"
175,-36,1,"Saccostrea glomerata","W-Msc-397183"
175.5,-36,1,"Saccostrea glomerata","W-Msc-397183"
-125,-36.5,0.02,"Saccostrea glomerata","W-Msc-397183"
150.5,-36.5,1,"Saccostrea glomerata","W-Msc-397183"
174,-36.5,0.66,"Saccostrea glomerata","W-Msc-397183"
174.5,-36.5,0.99,"Saccostrea glomerata","W-Msc-397183"
175,-36.5,1,"Saccostrea glomerata","W-Msc-397183"
175.5,-36.5,1,"Saccostrea glomerata","W-Msc-397183"
176,-36.5,1,"Saccostrea glomerata","W-Msc-397183"
150,-37,1,"Saccostrea glomerata","W-Msc-397183"
150.5,-37,1,"Saccostrea glomerata","W-Msc-397183"
174.5,-37,0.67,"Saccostrea glomerata","W-Msc-397183"
175,-37,0.16,"Saccostrea glomerata","W-Msc-397183"
176,-37,1,"Saccostrea glomerata","W-Msc-397183"
176.5,-37,1,"Saccostrea glomerata","W-Msc-397183"
150.5,-37.5,1,"Saccostrea glomerata","W-Msc-397183"
174.5,-37.5,0.8,"Saccostrea glomerata","W-Msc-397183"
175,-37.5,0.88,"Saccostrea glomerata","W-Msc-397183"
175.5,-37.5,0.94,"Saccostrea glomerata","W-Msc-397183"
176,-37.5,1,"Saccostrea glomerata","W-Msc-397183"
176.5,-37.5,1,"Saccostrea glomerata","W-Msc-397183"
177.5,-37.5,0.68,"Saccostrea glomerata","W-Msc-397183"
150.5,-38,1,"Saccostrea glomerata","W-Msc-397183"
174.5,-38,0.04,"Saccostrea glomerata","W-Msc-397183"
175,-38,1,"Saccostrea glomerata","W-Msc-397183"
176,-38,0.2,"Saccostrea glomerata","W-Msc-397183"
176.5,-38,1,"Saccostrea glomerata","W-Msc-397183"
177,-38,1,"Saccostrea glomerata","W-Msc-397183"
177.5,-38,1,"Saccostrea glomerata","W-Msc-397183"
178,-38,1,"Saccostrea glomerata","W-Msc-397183"
178.5,-38,1,"Saccostrea glomerata","W-Msc-397183"
179,-38,1,"Saccostrea glomerata","W-Msc-397183"
174.5,-38.5,1,"Saccostrea glomerata","W-Msc-397183"
175,-38.5,1,"Saccostrea glomerata","W-Msc-397183"
178.5,-38.5,1,"Saccostrea glomerata","W-Msc-397183"
179,-38.5,0.17,"Saccostrea glomerata","W-Msc-397183"
173.5,-39,0.67,"Saccostrea glomerata","W-Msc-397183"
174.5,-39,1,"Saccostrea glomerata","W-Msc-397183"
175,-39,1,"Saccostrea glomerata","W-Msc-397183"
178,-39,1,"Saccostrea glomerata","W-Msc-397183"
178.5,-39,1,"Saccostrea glomerata","W-Msc-397183"
174,-39.5,1,"Saccostrea glomerata","W-Msc-397183"
174.5,-39.5,1,"Saccostrea glomerata","W-Msc-397183"
177,-39.5,1,"Saccostrea glomerata","W-Msc-397183"
177.5,-39.5,1,"Saccostrea glomerata","W-Msc-397183"
178,-39.5,1,"Saccostrea glomerata","W-Msc-397183"
178.5,-39.5,1,"Saccostrea glomerata","W-Msc-397183"
174,-40,1,"Saccostrea glomerata","W-Msc-397183"
174.5,-40,1,"Saccostrea glomerata","W-Msc-397183"
175,-40,1,"Saccostrea glomerata","W-Msc-397183"
175.5,-40,1,"Saccostrea glomerata","W-Msc-397183"
177,-40,1,"Saccostrea glomerata","W-Msc-397183"
177.5,-40,1,"Saccostrea glomerata","W-Msc-397183"
173,-40.5,1,"Saccostrea glomerata","W-Msc-397183"
173.5,-40.5,1,"Saccostrea glomerata","W-Msc-397183"
175,-40.5,0.58,"Saccostrea glomerata","W-Msc-397183"
175.5,-40.5,1,"Saccostrea glomerata","W-Msc-397183"
177,-40.5,1,"Saccostrea glomerata","W-Msc-397183"
172.5,-41,0.82,"Saccostrea glomerata","W-Msc-397183"
173,-41,0.88,"Saccostrea glomerata","W-Msc-397183"
173.5,-41,1,"Saccostrea glomerata","W-Msc-397183"
174,-41,0.96,"Saccostrea glomerata","W-Msc-397183"
174.5,-41,0.94,"Saccostrea glomerata","W-Msc-397183"
175,-41,0.98,"Saccostrea glomerata","W-Msc-397183"
175.5,-41,0.96,"Saccostrea glomerata","W-Msc-397183"
176.5,-41,0.94,"Saccostrea glomerata","W-Msc-397183"
177,-41,1,"Saccostrea glomerata","W-Msc-397183"
172.5,-41.5,0.83,"Saccostrea glomerata","W-Msc-397183"
173.5,-41.5,0.8,"Saccostrea glomerata","W-Msc-397183"
174,-41.5,0.83,"Saccostrea glomerata","W-Msc-397183"
174.5,-41.5,0.84,"Saccostrea glomerata","W-Msc-397183"
175,-41.5,0.87,"Saccostrea glomerata","W-Msc-397183"
175.5,-41.5,0.89,"Saccostrea glomerata","W-Msc-397183"
176,-41.5,0.91,"Saccostrea glomerata","W-Msc-397183"
176.5,-41.5,0.94,"Saccostrea glomerata","W-Msc-397183"
171.5,-42,0.89,"Saccostrea glomerata","W-Msc-397183"
172,-42,0.7,"Saccostrea glomerata","W-Msc-397183"
174.5,-42,0.52,"Saccostrea glomerata","W-Msc-397183"
175.5,-42,0.81,"Saccostrea glomerata","W-Msc-397183"
176,-42,0.88,"Saccostrea glomerata","W-Msc-397183"
171.5,-42.5,0.52,"Saccostrea glomerata","W-Msc-397183"
174,-42.5,0.64,"Saccostrea glomerata","W-Msc-397183"
174.5,-42.5,0.62,"Saccostrea glomerata","W-Msc-397183"
170.5,-43,0.9,"Saccostrea glomerata","W-Msc-397183"
171,-43,0.72,"Saccostrea glomerata","W-Msc-397183"
171.5,-43,0.46,"Saccostrea glomerata","W-Msc-397183"
173.5,-43,0.38,"Saccostrea glomerata","W-Msc-397183"
174,-43,0.61,"Saccostrea glomerata","W-Msc-397183"
-177,-43.5,0.78,"Saccostrea glomerata","W-Msc-397183"
-176.5,-43.5,0.77,"Saccostrea glomerata","W-Msc-397183"
169.5,-43.5,0.8,"Saccostrea glomerata","W-Msc-397183"
170,-43.5,0.94,"Saccostrea glomerata","W-Msc-397183"
170.5,-43.5,0.74,"Saccostrea glomerata","W-Msc-397183"
171,-43.5,0.11,"Saccostrea glomerata","W-Msc-397183"
173.5,-43.5,0.33,"Saccostrea glomerata","W-Msc-397183"
-177,-44,0.67,"Saccostrea glomerata","W-Msc-397183"
-176.5,-44,0.67,"Saccostrea glomerata","W-Msc-397183"
-176,-44,0.68,"Saccostrea glomerata","W-Msc-397183"
-175.5,-44,0.38,"Saccostrea glomerata","W-Msc-397183"
168.5,-44,0.89,"Saccostrea glomerata","W-Msc-397183"
169,-44,0.89,"Saccostrea glomerata","W-Msc-397183"
169.5,-44,0.73,"Saccostrea glomerata","W-Msc-397183"
170,-44,0.7,"Saccostrea glomerata","W-Msc-397183"
172,-44,0.16,"Saccostrea glomerata","W-Msc-397183"
172.5,-44,0.13,"Saccostrea glomerata","W-Msc-397183"
173,-44,0.27,"Saccostrea glomerata","W-Msc-397183"
173.5,-44,0.46,"Saccostrea glomerata","W-Msc-397183"
174,-44,0.47,"Saccostrea glomerata","W-Msc-397183"
-176.5,-44.5,0.66,"Saccostrea glomerata","W-Msc-397183"
-176,-44.5,0.65,"Saccostrea glomerata","W-Msc-397183"
-175.5,-44.5,0.68,"Saccostrea glomerata","W-Msc-397183"
168,-44.5,0.85,"Saccostrea glomerata","W-Msc-397183"
168.5,-44.5,0.84,"Saccostrea glomerata","W-Msc-397183"
171.5,-44.5,0.24,"Saccostrea glomerata","W-Msc-397183"
172,-44.5,0.07,"Saccostrea glomerata","W-Msc-397183"
172.5,-44.5,0.38,"Saccostrea glomerata","W-Msc-397183"
173,-44.5,0.49,"Saccostrea glomerata","W-Msc-397183"
167.5,-45,0.82,"Saccostrea glomerata","W-Msc-397183"
168,-45,0.8,"Saccostrea glomerata","W-Msc-397183"
171.5,-45,0.21,"Saccostrea glomerata","W-Msc-397183"
172,-45,0.46,"Saccostrea glomerata","W-Msc-397183"
167,-45.5,0.77,"Saccostrea glomerata","W-Msc-397183"
167.5,-45.5,0.76,"Saccostrea glomerata","W-Msc-397183"
171,-45.5,0.44,"Saccostrea glomerata","W-Msc-397183"
171.5,-45.5,0.42,"Saccostrea glomerata","W-Msc-397183"
166.5,-46,0.72,"Saccostrea glomerata","W-Msc-397183"
167,-46,0.74,"Saccostrea glomerata","W-Msc-397183"
167.5,-46,0.14,"Saccostrea glomerata","W-Msc-397183"
170.5,-46,0.47,"Saccostrea glomerata","W-Msc-397183"
171,-46,0.4,"Saccostrea glomerata","W-Msc-397183"
171.5,-46,0.02,"Saccostrea glomerata","W-Msc-397183"
167,-46.5,0.66,"Saccostrea glomerata","W-Msc-397183"
167.5,-46.5,0.64,"Saccostrea glomerata","W-Msc-397183"
168,-46.5,0.53,"Saccostrea glomerata","W-Msc-397183"
168.5,-46.5,0.46,"Saccostrea glomerata","W-Msc-397183"
170,-46.5,0.44,"Saccostrea glomerata","W-Msc-397183"
170.5,-46.5,0.4,"Saccostrea glomerata","W-Msc-397183"
171,-46.5,0.29,"Saccostrea glomerata","W-Msc-397183"
167,-47,0.6,"Saccostrea glomerata","W-Msc-397183"
168,-47,0.56,"Saccostrea glomerata","W-Msc-397183"
168.5,-47,0.11,"Saccostrea glomerata","W-Msc-397183"
169,-47,0.37,"Saccostrea glomerata","W-Msc-397183"
169.5,-47,0.4,"Saccostrea glomerata","W-Msc-397183"
170,-47,0.34,"Saccostrea glomerata","W-Msc-397183"
167.5,-47.5,0.56,"Saccostrea glomerata","W-Msc-397183"
168,-47.5,0.53,"Saccostrea glomerata","W-Msc-397183"
168.5,-47.5,0.47,"Saccostrea glomerata","W-Msc-397183"
167,-48,0.29,"Saccostrea glomerata","W-Msc-397183"
167.5,-48,0.38,"Saccostrea glomerata","W-Msc-397183"
168,-48,0.37,"Saccostrea glomerata","W-Msc-397183"
179.5,-48,0.05,"Saccostrea glomerata","W-Msc-397183"
166.5,-48.5,0.27,"Saccostrea glomerata","W-Msc-397183"
167,-48.5,0.3,"Saccostrea glomerata","W-Msc-397183"
167.5,-48.5,0.3,"Saccostrea glomerata","W-Msc-397183"
168,-48.5,0.25,"Saccostrea glomerata","W-Msc-397183"
168.5,-48.5,0.2,"Saccostrea glomerata","W-Msc-397183"
166.5,-49,0.23,"Saccostrea glomerata","W-Msc-397183"
167,-49,0.18,"Saccostrea glomerata","W-Msc-397183"
167.5,-49,0.14,"Saccostrea glomerata","W-Msc-397183"
168,-49,0.13,"Saccostrea glomerata","W-Msc-397183"
166.5,-50,0.05,"Saccostrea glomerata","W-Msc-397183"
166.5,-50.5,0.05,"Saccostrea glomerata","W-Msc-397183"
165.5,-51,0.02,"Saccostrea glomerata","W-Msc-397183"
166,-51,0.01,"Saccostrea glomerata","W-Msc-397183"
166.5,-51,0.06,"Saccostrea glomerata","W-Msc-397183"
