"long_dd","lat_dd","poccur","species","aquamaps_id"
-144.5,60,0.25,"Sardinops sagax","Fis-54081"
-144,60,0.3,"Sardinops sagax","Fis-54081"
-143.5,60,0.33,"Sardinops sagax","Fis-54081"
-143,60,0.35,"Sardinops sagax","Fis-54081"
-142.5,60,0.36,"Sardinops sagax","Fis-54081"
-142,60,0.37,"Sardinops sagax","Fis-54081"
-141.5,60,0.36,"Sardinops sagax","Fis-54081"
-141,60,0.35,"Sardinops sagax","Fis-54081"
-139.5,60,0.3,"Sardinops sagax","Fis-54081"
-139,60,0.27,"Sardinops sagax","Fis-54081"
-144.5,59.5,0.47,"Sardinops sagax","Fis-54081"
-144,59.5,0.46,"Sardinops sagax","Fis-54081"
-143.5,59.5,0.52,"Sardinops sagax","Fis-54081"
-143,59.5,0.55,"Sardinops sagax","Fis-54081"
-142.5,59.5,0.53,"Sardinops sagax","Fis-54081"
-142,59.5,0.53,"Sardinops sagax","Fis-54081"
-141.5,59.5,0.5,"Sardinops sagax","Fis-54081"
-141,59.5,0.48,"Sardinops sagax","Fis-54081"
-140.5,59.5,0.46,"Sardinops sagax","Fis-54081"
-140,59.5,0.45,"Sardinops sagax","Fis-54081"
-139.5,59.5,0.43,"Sardinops sagax","Fis-54081"
-139,59.5,0.37,"Sardinops sagax","Fis-54081"
-138.5,59.5,0.02,"Sardinops sagax","Fis-54081"
167,59.5,0.01,"Sardinops sagax","Fis-54081"
167.5,59.5,0.01,"Sardinops sagax","Fis-54081"
168,59.5,0.02,"Sardinops sagax","Fis-54081"
-142,59,0.08,"Sardinops sagax","Fis-54081"
-141.5,59,0.14,"Sardinops sagax","Fis-54081"
-141,59,0.18,"Sardinops sagax","Fis-54081"
-140.5,59,0.4,"Sardinops sagax","Fis-54081"
-140,59,0.55,"Sardinops sagax","Fis-54081"
-139.5,59,0.5,"Sardinops sagax","Fis-54081"
-139,59,0.4,"Sardinops sagax","Fis-54081"
-138.5,59,0.42,"Sardinops sagax","Fis-54081"
-138,59,0.39,"Sardinops sagax","Fis-54081"
-137,59,0.01,"Sardinops sagax","Fis-54081"
-136.5,59,0.03,"Sardinops sagax","Fis-54081"
-136,59,0.03,"Sardinops sagax","Fis-54081"
-135.5,59,0.01,"Sardinops sagax","Fis-54081"
-135,59,0.21,"Sardinops sagax","Fis-54081"
166,59,0.01,"Sardinops sagax","Fis-54081"
166.5,59,0.02,"Sardinops sagax","Fis-54081"
167,59,0.04,"Sardinops sagax","Fis-54081"
-140.5,58.5,0.26,"Sardinops sagax","Fis-54081"
-140,58.5,0.46,"Sardinops sagax","Fis-54081"
-139.5,58.5,0.47,"Sardinops sagax","Fis-54081"
-139,58.5,0.54,"Sardinops sagax","Fis-54081"
-138.5,58.5,0.49,"Sardinops sagax","Fis-54081"
-138,58.5,0.46,"Sardinops sagax","Fis-54081"
-137.5,58.5,0.44,"Sardinops sagax","Fis-54081"
-137,58.5,0.42,"Sardinops sagax","Fis-54081"
-136.5,58.5,0.39,"Sardinops sagax","Fis-54081"
-136,58.5,0.35,"Sardinops sagax","Fis-54081"
-135.5,58.5,0.36,"Sardinops sagax","Fis-54081"
-135,58.5,0.36,"Sardinops sagax","Fis-54081"
-134.5,58.5,0.24,"Sardinops sagax","Fis-54081"
-133.5,58.5,0.01,"Sardinops sagax","Fis-54081"
164.5,58.5,0.02,"Sardinops sagax","Fis-54081"
165,58.5,0.03,"Sardinops sagax","Fis-54081"
-139,58,0.6,"Sardinops sagax","Fis-54081"
-138.5,58,0.58,"Sardinops sagax","Fis-54081"
-138,58,0.56,"Sardinops sagax","Fis-54081"
-137.5,58,0.46,"Sardinops sagax","Fis-54081"
-137,58,0.52,"Sardinops sagax","Fis-54081"
-136.5,58,0.46,"Sardinops sagax","Fis-54081"
-136,58,0.37,"Sardinops sagax","Fis-54081"
-135.5,58,0.36,"Sardinops sagax","Fis-54081"
-135,58,0.35,"Sardinops sagax","Fis-54081"
-134.5,58,0.28,"Sardinops sagax","Fis-54081"
-134,58,0.19,"Sardinops sagax","Fis-54081"
-133.5,58,0.15,"Sardinops sagax","Fis-54081"
164,58,0.02,"Sardinops sagax","Fis-54081"
-137.5,57.5,0.29,"Sardinops sagax","Fis-54081"
-137,57.5,0.21,"Sardinops sagax","Fis-54081"
-136.5,57.5,0.55,"Sardinops sagax","Fis-54081"
-136,57.5,0.5,"Sardinops sagax","Fis-54081"
-135.5,57.5,0.44,"Sardinops sagax","Fis-54081"
-135,57.5,0.4,"Sardinops sagax","Fis-54081"
-134.5,57.5,0.19,"Sardinops sagax","Fis-54081"
-134,57.5,0.15,"Sardinops sagax","Fis-54081"
-133.5,57.5,0.14,"Sardinops sagax","Fis-54081"
-133,57.5,0.16,"Sardinops sagax","Fis-54081"
-132.5,57.5,0.01,"Sardinops sagax","Fis-54081"
163.5,57.5,0.02,"Sardinops sagax","Fis-54081"
-136,57,0.55,"Sardinops sagax","Fis-54081"
-135.5,57,0.5,"Sardinops sagax","Fis-54081"
-135,57,0.38,"Sardinops sagax","Fis-54081"
-134.5,57,0.2,"Sardinops sagax","Fis-54081"
-134,57,0.18,"Sardinops sagax","Fis-54081"
-133.5,57,0.14,"Sardinops sagax","Fis-54081"
-133,57,0.15,"Sardinops sagax","Fis-54081"
-132.5,57,0.18,"Sardinops sagax","Fis-54081"
163,57,0.02,"Sardinops sagax","Fis-54081"
163.5,57,0.04,"Sardinops sagax","Fis-54081"
-135.5,56.5,0.53,"Sardinops sagax","Fis-54081"
-135,56.5,0.47,"Sardinops sagax","Fis-54081"
-134.5,56.5,0.27,"Sardinops sagax","Fis-54081"
-134,56.5,0.25,"Sardinops sagax","Fis-54081"
-133.5,56.5,0.22,"Sardinops sagax","Fis-54081"
-133,56.5,0.21,"Sardinops sagax","Fis-54081"
-132.5,56.5,0.21,"Sardinops sagax","Fis-54081"
-132,56.5,0.21,"Sardinops sagax","Fis-54081"
156,56.5,0.01,"Sardinops sagax","Fis-54081"
163,56.5,0.03,"Sardinops sagax","Fis-54081"
163.5,56.5,0.04,"Sardinops sagax","Fis-54081"
-135.5,56,0.23,"Sardinops sagax","Fis-54081"
-135,56,0.51,"Sardinops sagax","Fis-54081"
-134.5,56,0.4,"Sardinops sagax","Fis-54081"
-134,56,0.33,"Sardinops sagax","Fis-54081"
-133.5,56,0.27,"Sardinops sagax","Fis-54081"
-133,56,0.25,"Sardinops sagax","Fis-54081"
-132.5,56,0.26,"Sardinops sagax","Fis-54081"
-132,56,0.26,"Sardinops sagax","Fis-54081"
-131.5,56,0.25,"Sardinops sagax","Fis-54081"
-131,56,0.01,"Sardinops sagax","Fis-54081"
155.5,56,0.05,"Sardinops sagax","Fis-54081"
156,56,0.03,"Sardinops sagax","Fis-54081"
162.5,56,0.03,"Sardinops sagax","Fis-54081"
163,56,0.04,"Sardinops sagax","Fis-54081"
163.5,56,0.04,"Sardinops sagax","Fis-54081"
164,56,0.03,"Sardinops sagax","Fis-54081"
-135,55.5,0.24,"Sardinops sagax","Fis-54081"
-134.5,55.5,0.54,"Sardinops sagax","Fis-54081"
-134,55.5,0.44,"Sardinops sagax","Fis-54081"
-133.5,55.5,0.27,"Sardinops sagax","Fis-54081"
-133,55.5,0.23,"Sardinops sagax","Fis-54081"
-132.5,55.5,0.29,"Sardinops sagax","Fis-54081"
-132,55.5,0.3,"Sardinops sagax","Fis-54081"
-131.5,55.5,0.34,"Sardinops sagax","Fis-54081"
-131,55.5,0.29,"Sardinops sagax","Fis-54081"
-130.5,55.5,0.27,"Sardinops sagax","Fis-54081"
-130,55.5,0.01,"Sardinops sagax","Fis-54081"
-129.5,55.5,0.01,"Sardinops sagax","Fis-54081"
155,55.5,0.03,"Sardinops sagax","Fis-54081"
155.5,55.5,0.06,"Sardinops sagax","Fis-54081"
156,55.5,0.05,"Sardinops sagax","Fis-54081"
162,55.5,0.04,"Sardinops sagax","Fis-54081"
162.5,55.5,0.05,"Sardinops sagax","Fis-54081"
163,55.5,0.01,"Sardinops sagax","Fis-54081"
165.5,55.5,0.12,"Sardinops sagax","Fis-54081"
166,55.5,0.12,"Sardinops sagax","Fis-54081"
-134.5,55,0.06,"Sardinops sagax","Fis-54081"
-134,55,0.53,"Sardinops sagax","Fis-54081"
-133.5,55,0.44,"Sardinops sagax","Fis-54081"
-133,55,0.43,"Sardinops sagax","Fis-54081"
-132.5,55,0.39,"Sardinops sagax","Fis-54081"
-132,55,0.39,"Sardinops sagax","Fis-54081"
-131.5,55,0.4,"Sardinops sagax","Fis-54081"
-131,55,0.37,"Sardinops sagax","Fis-54081"
-130.5,55,0.33,"Sardinops sagax","Fis-54081"
-130,55,0.32,"Sardinops sagax","Fis-54081"
-129.5,55,0.33,"Sardinops sagax","Fis-54081"
155,55,0.01,"Sardinops sagax","Fis-54081"
155.5,55,0.07,"Sardinops sagax","Fis-54081"
156,55,0.06,"Sardinops sagax","Fis-54081"
162,55,0.08,"Sardinops sagax","Fis-54081"
162.5,55,0.09,"Sardinops sagax","Fis-54081"
165.5,55,0.15,"Sardinops sagax","Fis-54081"
166,55,0.15,"Sardinops sagax","Fis-54081"
166.5,55,0.14,"Sardinops sagax","Fis-54081"
167,55,0.14,"Sardinops sagax","Fis-54081"
-134,54.5,0.25,"Sardinops sagax","Fis-54081"
-133.5,54.5,0.55,"Sardinops sagax","Fis-54081"
-133,54.5,0.49,"Sardinops sagax","Fis-54081"
-132.5,54.5,0.47,"Sardinops sagax","Fis-54081"
-132,54.5,0.44,"Sardinops sagax","Fis-54081"
-131.5,54.5,0.42,"Sardinops sagax","Fis-54081"
-131,54.5,0.36,"Sardinops sagax","Fis-54081"
-130.5,54.5,0.31,"Sardinops sagax","Fis-54081"
-130,54.5,0.3,"Sardinops sagax","Fis-54081"
-129.5,54.5,0.35,"Sardinops sagax","Fis-54081"
155.5,54.5,0.09,"Sardinops sagax","Fis-54081"
156,54.5,0.07,"Sardinops sagax","Fis-54081"
161,54.5,0.1,"Sardinops sagax","Fis-54081"
161.5,54.5,0.1,"Sardinops sagax","Fis-54081"
162,54.5,0.09,"Sardinops sagax","Fis-54081"
162.5,54.5,0.09,"Sardinops sagax","Fis-54081"
166.5,54.5,0.18,"Sardinops sagax","Fis-54081"
167,54.5,0.17,"Sardinops sagax","Fis-54081"
167.5,54.5,0.15,"Sardinops sagax","Fis-54081"
168,54.5,0.15,"Sardinops sagax","Fis-54081"
168.5,54.5,0.15,"Sardinops sagax","Fis-54081"
179,54.5,0.02,"Sardinops sagax","Fis-54081"
-133.5,54,0.05,"Sardinops sagax","Fis-54081"
-133,54,0.59,"Sardinops sagax","Fis-54081"
-132.5,54,0.52,"Sardinops sagax","Fis-54081"
-132,54,0.48,"Sardinops sagax","Fis-54081"
-131.5,54,0.46,"Sardinops sagax","Fis-54081"
-131,54,0.43,"Sardinops sagax","Fis-54081"
-130.5,54,0.37,"Sardinops sagax","Fis-54081"
-130,54,0.36,"Sardinops sagax","Fis-54081"
-129.5,54,0.36,"Sardinops sagax","Fis-54081"
-128.5,54,0.02,"Sardinops sagax","Fis-54081"
154.5,54,0.03,"Sardinops sagax","Fis-54081"
155,54,0.07,"Sardinops sagax","Fis-54081"
155.5,54,0.1,"Sardinops sagax","Fis-54081"
156,54,0.09,"Sardinops sagax","Fis-54081"
160,54,0.12,"Sardinops sagax","Fis-54081"
160.5,54,0.13,"Sardinops sagax","Fis-54081"
161,54,0.12,"Sardinops sagax","Fis-54081"
161.5,54,0.06,"Sardinops sagax","Fis-54081"
179.5,54,0.14,"Sardinops sagax","Fis-54081"
-133,53.5,0.67,"Sardinops sagax","Fis-54081"
-132.5,53.5,0.6,"Sardinops sagax","Fis-54081"
-132,53.5,0.51,"Sardinops sagax","Fis-54081"
-131.5,53.5,0.53,"Sardinops sagax","Fis-54081"
-131,53.5,0.52,"Sardinops sagax","Fis-54081"
-130.5,53.5,0.48,"Sardinops sagax","Fis-54081"
-130,53.5,0.43,"Sardinops sagax","Fis-54081"
-129.5,53.5,0.45,"Sardinops sagax","Fis-54081"
-129,53.5,0.43,"Sardinops sagax","Fis-54081"
-128.5,53.5,0.44,"Sardinops sagax","Fis-54081"
-128,53.5,0.02,"Sardinops sagax","Fis-54081"
153.5,53.5,0.01,"Sardinops sagax","Fis-54081"
154,53.5,0.12,"Sardinops sagax","Fis-54081"
154.5,53.5,0.15,"Sardinops sagax","Fis-54081"
155,53.5,0.15,"Sardinops sagax","Fis-54081"
155.5,53.5,0.12,"Sardinops sagax","Fis-54081"
156,53.5,0.09,"Sardinops sagax","Fis-54081"
156.5,53.5,0.06,"Sardinops sagax","Fis-54081"
160,53.5,0.15,"Sardinops sagax","Fis-54081"
160.5,53.5,0.15,"Sardinops sagax","Fis-54081"
179.5,53.5,0.03,"Sardinops sagax","Fis-54081"
-135.5,53,0.18,"Sardinops sagax","Fis-54081"
-132.5,53,0.7,"Sardinops sagax","Fis-54081"
-132,53,0.63,"Sardinops sagax","Fis-54081"
-131.5,53,0.59,"Sardinops sagax","Fis-54081"
-131,53,0.58,"Sardinops sagax","Fis-54081"
-130.5,53,0.55,"Sardinops sagax","Fis-54081"
-130,53,0.52,"Sardinops sagax","Fis-54081"
-129.5,53,0.52,"Sardinops sagax","Fis-54081"
-129,53,0.54,"Sardinops sagax","Fis-54081"
-128.5,53,0.05,"Sardinops sagax","Fis-54081"
-128,53,0.02,"Sardinops sagax","Fis-54081"
153.5,53,0.15,"Sardinops sagax","Fis-54081"
154,53,0.15,"Sardinops sagax","Fis-54081"
154.5,53,0.16,"Sardinops sagax","Fis-54081"
155,53,0.15,"Sardinops sagax","Fis-54081"
155.5,53,0.13,"Sardinops sagax","Fis-54081"
156,53,0.09,"Sardinops sagax","Fis-54081"
156.5,53,0.1,"Sardinops sagax","Fis-54081"
158.5,53,0.13,"Sardinops sagax","Fis-54081"
159,53,0.14,"Sardinops sagax","Fis-54081"
159.5,53,0.15,"Sardinops sagax","Fis-54081"
160,53,0.14,"Sardinops sagax","Fis-54081"
160.5,53,0.14,"Sardinops sagax","Fis-54081"
171,53,0.22,"Sardinops sagax","Fis-54081"
171.5,53,0.22,"Sardinops sagax","Fis-54081"
173,53,0.22,"Sardinops sagax","Fis-54081"
173.5,53,0.21,"Sardinops sagax","Fis-54081"
-132,52.5,0.71,"Sardinops sagax","Fis-54081"
-131.5,52.5,0.64,"Sardinops sagax","Fis-54081"
-131,52.5,0.63,"Sardinops sagax","Fis-54081"
-130.5,52.5,0.65,"Sardinops sagax","Fis-54081"
-130,52.5,0.57,"Sardinops sagax","Fis-54081"
-129.5,52.5,0.6,"Sardinops sagax","Fis-54081"
-129,52.5,0.58,"Sardinops sagax","Fis-54081"
-128.5,52.5,0.59,"Sardinops sagax","Fis-54081"
-128,52.5,0.6,"Sardinops sagax","Fis-54081"
-127.5,52.5,0.02,"Sardinops sagax","Fis-54081"
-127,52.5,0.02,"Sardinops sagax","Fis-54081"
154.5,52.5,0.07,"Sardinops sagax","Fis-54081"
155,52.5,0.15,"Sardinops sagax","Fis-54081"
155.5,52.5,0.13,"Sardinops sagax","Fis-54081"
156,52.5,0.09,"Sardinops sagax","Fis-54081"
156.5,52.5,0.09,"Sardinops sagax","Fis-54081"
158.5,52.5,0.01,"Sardinops sagax","Fis-54081"
159,52.5,0.14,"Sardinops sagax","Fis-54081"
159.5,52.5,0.05,"Sardinops sagax","Fis-54081"
160,52.5,0.06,"Sardinops sagax","Fis-54081"
172.5,52.5,0.22,"Sardinops sagax","Fis-54081"
173,52.5,0.21,"Sardinops sagax","Fis-54081"
173.5,52.5,0.2,"Sardinops sagax","Fis-54081"
174,52.5,0.2,"Sardinops sagax","Fis-54081"
174.5,52.5,0.2,"Sardinops sagax","Fis-54081"
-131.5,52,0.71,"Sardinops sagax","Fis-54081"
-131,52,0.68,"Sardinops sagax","Fis-54081"
-130.5,52,0.7,"Sardinops sagax","Fis-54081"
-130,52,0.43,"Sardinops sagax","Fis-54081"
-129.5,52,0.6,"Sardinops sagax","Fis-54081"
-129,52,0.66,"Sardinops sagax","Fis-54081"
-128.5,52,0.64,"Sardinops sagax","Fis-54081"
-128,52,0.63,"Sardinops sagax","Fis-54081"
-127.5,52,0.61,"Sardinops sagax","Fis-54081"
-127,52,0.03,"Sardinops sagax","Fis-54081"
156,52,0.05,"Sardinops sagax","Fis-54081"
156.5,52,0.08,"Sardinops sagax","Fis-54081"
158.5,52,0.11,"Sardinops sagax","Fis-54081"
159,52,0.12,"Sardinops sagax","Fis-54081"
173.5,52,0.21,"Sardinops sagax","Fis-54081"
174,52,0.2,"Sardinops sagax","Fis-54081"
175.5,52,0.03,"Sardinops sagax","Fis-54081"
176,52,0.17,"Sardinops sagax","Fis-54081"
176.5,52,0.17,"Sardinops sagax","Fis-54081"
177,52,0.17,"Sardinops sagax","Fis-54081"
177.5,52,0.17,"Sardinops sagax","Fis-54081"
178,52,0.17,"Sardinops sagax","Fis-54081"
178.5,52,0.16,"Sardinops sagax","Fis-54081"
179,52,0.16,"Sardinops sagax","Fis-54081"
179.5,52,0.15,"Sardinops sagax","Fis-54081"
-131,51.5,0.72,"Sardinops sagax","Fis-54081"
-130.5,51.5,0.73,"Sardinops sagax","Fis-54081"
-130,51.5,0.41,"Sardinops sagax","Fis-54081"
-129.5,51.5,0.71,"Sardinops sagax","Fis-54081"
-129,51.5,0.72,"Sardinops sagax","Fis-54081"
-128.5,51.5,0.68,"Sardinops sagax","Fis-54081"
-128,51.5,0.64,"Sardinops sagax","Fis-54081"
-127.5,51.5,0.6,"Sardinops sagax","Fis-54081"
-127,51.5,0.05,"Sardinops sagax","Fis-54081"
141,51.5,0.01,"Sardinops sagax","Fis-54081"
156,51.5,0.03,"Sardinops sagax","Fis-54081"
156.5,51.5,0.09,"Sardinops sagax","Fis-54081"
157,51.5,0.07,"Sardinops sagax","Fis-54081"
158,51.5,0.09,"Sardinops sagax","Fis-54081"
158.5,51.5,0.1,"Sardinops sagax","Fis-54081"
159,51.5,0.11,"Sardinops sagax","Fis-54081"
176,51.5,0.17,"Sardinops sagax","Fis-54081"
176.5,51.5,0.17,"Sardinops sagax","Fis-54081"
177,51.5,0.17,"Sardinops sagax","Fis-54081"
177.5,51.5,0.16,"Sardinops sagax","Fis-54081"
178,51.5,0.15,"Sardinops sagax","Fis-54081"
178.5,51.5,0.14,"Sardinops sagax","Fis-54081"
179,51.5,0.13,"Sardinops sagax","Fis-54081"
179.5,51.5,0.13,"Sardinops sagax","Fis-54081"
-129.5,51,0.39,"Sardinops sagax","Fis-54081"
-129,51,0.74,"Sardinops sagax","Fis-54081"
-128.5,51,0.71,"Sardinops sagax","Fis-54081"
-128,51,0.66,"Sardinops sagax","Fis-54081"
-127.5,51,0.58,"Sardinops sagax","Fis-54081"
-127,51,0.52,"Sardinops sagax","Fis-54081"
-126.5,51,0.02,"Sardinops sagax","Fis-54081"
-125.5,51,0.02,"Sardinops sagax","Fis-54081"
141,51,0.07,"Sardinops sagax","Fis-54081"
141.5,51,0.02,"Sardinops sagax","Fis-54081"
156.5,51,0.03,"Sardinops sagax","Fis-54081"
157,51,0.05,"Sardinops sagax","Fis-54081"
157.5,51,0.05,"Sardinops sagax","Fis-54081"
158,51,0.07,"Sardinops sagax","Fis-54081"
158.5,51,0.09,"Sardinops sagax","Fis-54081"
159,51,0.06,"Sardinops sagax","Fis-54081"
179,51,0.11,"Sardinops sagax","Fis-54081"
179.5,51,0.16,"Sardinops sagax","Fis-54081"
-129,50.5,0.74,"Sardinops sagax","Fis-54081"
-128.5,50.5,0.7,"Sardinops sagax","Fis-54081"
-128,50.5,0.65,"Sardinops sagax","Fis-54081"
-127.5,50.5,0.44,"Sardinops sagax","Fis-54081"
-127,50.5,0.34,"Sardinops sagax","Fis-54081"
-126.5,50.5,0.32,"Sardinops sagax","Fis-54081"
-126,50.5,0.31,"Sardinops sagax","Fis-54081"
-125.5,50.5,0.01,"Sardinops sagax","Fis-54081"
-125,50.5,0.01,"Sardinops sagax","Fis-54081"
-124.5,50.5,0.01,"Sardinops sagax","Fis-54081"
140.5,50.5,0.05,"Sardinops sagax","Fis-54081"
141,50.5,0.09,"Sardinops sagax","Fis-54081"
141.5,50.5,0.05,"Sardinops sagax","Fis-54081"
142.5,50.5,0.01,"Sardinops sagax","Fis-54081"
155.5,50.5,0.06,"Sardinops sagax","Fis-54081"
156,50.5,0.04,"Sardinops sagax","Fis-54081"
156.5,50.5,0.02,"Sardinops sagax","Fis-54081"
157,50.5,0.01,"Sardinops sagax","Fis-54081"
157.5,50.5,0.02,"Sardinops sagax","Fis-54081"
158,50.5,0.05,"Sardinops sagax","Fis-54081"
-128,50,0.72,"Sardinops sagax","Fis-54081"
-127.5,50,0.59,"Sardinops sagax","Fis-54081"
-127,50,0.5,"Sardinops sagax","Fis-54081"
-126,50,0.37,"Sardinops sagax","Fis-54081"
-125.5,50,0.25,"Sardinops sagax","Fis-54081"
-125,50,0.08,"Sardinops sagax","Fis-54081"
-124.5,50,0.09,"Sardinops sagax","Fis-54081"
-124,50,0.01,"Sardinops sagax","Fis-54081"
-123.5,50,0.01,"Sardinops sagax","Fis-54081"
140.5,50,0.01,"Sardinops sagax","Fis-54081"
141,50,0.08,"Sardinops sagax","Fis-54081"
142.5,50,0.03,"Sardinops sagax","Fis-54081"
155,50,0.02,"Sardinops sagax","Fis-54081"
155.5,50,0.03,"Sardinops sagax","Fis-54081"
156,50,0.03,"Sardinops sagax","Fis-54081"
156.5,50,0.04,"Sardinops sagax","Fis-54081"
157,50,0.05,"Sardinops sagax","Fis-54081"
157.5,50,0.06,"Sardinops sagax","Fis-54081"
-127.5,49.5,0.74,"Sardinops sagax","Fis-54081"
-127,49.5,0.66,"Sardinops sagax","Fis-54081"
-126.5,49.5,0.56,"Sardinops sagax","Fis-54081"
-126,49.5,0.02,"Sardinops sagax","Fis-54081"
-125,49.5,0.22,"Sardinops sagax","Fis-54081"
-124.5,49.5,0.1,"Sardinops sagax","Fis-54081"
-124,49.5,0.12,"Sardinops sagax","Fis-54081"
-123.5,49.5,0.13,"Sardinops sagax","Fis-54081"
-123,49.5,0.01,"Sardinops sagax","Fis-54081"
140.5,49.5,0.1,"Sardinops sagax","Fis-54081"
141,49.5,0.08,"Sardinops sagax","Fis-54081"
142.5,49.5,0.08,"Sardinops sagax","Fis-54081"
154.5,49.5,0.03,"Sardinops sagax","Fis-54081"
156,49.5,0.02,"Sardinops sagax","Fis-54081"
156.5,49.5,0.06,"Sardinops sagax","Fis-54081"
-127,49,0.42,"Sardinops sagax","Fis-54081"
-126.5,49,0.68,"Sardinops sagax","Fis-54081"
-126,49,0.57,"Sardinops sagax","Fis-54081"
-125.5,49,0.46,"Sardinops sagax","Fis-54081"
-125,49,0.03,"Sardinops sagax","Fis-54081"
-124.5,49,0.23,"Sardinops sagax","Fis-54081"
-124,49,0.1,"Sardinops sagax","Fis-54081"
-123.5,49,0.13,"Sardinops sagax","Fis-54081"
-123,49,0.15,"Sardinops sagax","Fis-54081"
-122.5,49,0.09,"Sardinops sagax","Fis-54081"
140.5,49,0.12,"Sardinops sagax","Fis-54081"
141,49,0.14,"Sardinops sagax","Fis-54081"
142,49,0.13,"Sardinops sagax","Fis-54081"
142.5,49,0.14,"Sardinops sagax","Fis-54081"
143,49,0.14,"Sardinops sagax","Fis-54081"
143.5,49,0.15,"Sardinops sagax","Fis-54081"
144,49,0.1,"Sardinops sagax","Fis-54081"
144.5,49,0.02,"Sardinops sagax","Fis-54081"
154,49,0.02,"Sardinops sagax","Fis-54081"
156,49,0.05,"Sardinops sagax","Fis-54081"
-126,48.5,0.71,"Sardinops sagax","Fis-54081"
-125.5,48.5,0.58,"Sardinops sagax","Fis-54081"
-125,48.5,0.47,"Sardinops sagax","Fis-54081"
-124.5,48.5,0.29,"Sardinops sagax","Fis-54081"
-124,48.5,0.14,"Sardinops sagax","Fis-54081"
-123.5,48.5,0.09,"Sardinops sagax","Fis-54081"
-123,48.5,0.08,"Sardinops sagax","Fis-54081"
-122.5,48.5,0.08,"Sardinops sagax","Fis-54081"
-122,48.5,0.05,"Sardinops sagax","Fis-54081"
140.5,48.5,0.13,"Sardinops sagax","Fis-54081"
141,48.5,0.21,"Sardinops sagax","Fis-54081"
142,48.5,0.22,"Sardinops sagax","Fis-54081"
142.5,48.5,0.18,"Sardinops sagax","Fis-54081"
143,48.5,0.16,"Sardinops sagax","Fis-54081"
143.5,48.5,0.16,"Sardinops sagax","Fis-54081"
144,48.5,0.08,"Sardinops sagax","Fis-54081"
144.5,48.5,0.06,"Sardinops sagax","Fis-54081"
145,48.5,0.02,"Sardinops sagax","Fis-54081"
155.5,48.5,0.04,"Sardinops sagax","Fis-54081"
-126,48,0.04,"Sardinops sagax","Fis-54081"
-125.5,48,0.62,"Sardinops sagax","Fis-54081"
-125,48,0.49,"Sardinops sagax","Fis-54081"
-124.5,48,0.28,"Sardinops sagax","Fis-54081"
-124,48,0.12,"Sardinops sagax","Fis-54081"
-123.5,48,0.04,"Sardinops sagax","Fis-54081"
-123,48,0.03,"Sardinops sagax","Fis-54081"
-122,48,0.04,"Sardinops sagax","Fis-54081"
140,48,0.25,"Sardinops sagax","Fis-54081"
140.5,48,0.31,"Sardinops sagax","Fis-54081"
141,48,0.37,"Sardinops sagax","Fis-54081"
141.5,48,0.35,"Sardinops sagax","Fis-54081"
142,48,0.37,"Sardinops sagax","Fis-54081"
142.5,48,0.23,"Sardinops sagax","Fis-54081"
143,48,0.15,"Sardinops sagax","Fis-54081"
143.5,48,0.02,"Sardinops sagax","Fis-54081"
144,48,0.03,"Sardinops sagax","Fis-54081"
145,48,0.02,"Sardinops sagax","Fis-54081"
153.5,48,0.01,"Sardinops sagax","Fis-54081"
155,48,0.01,"Sardinops sagax","Fis-54081"
155.5,48,0.05,"Sardinops sagax","Fis-54081"
-125,47.5,0.41,"Sardinops sagax","Fis-54081"
-124.5,47.5,0.56,"Sardinops sagax","Fis-54081"
-124,47.5,0.35,"Sardinops sagax","Fis-54081"
-122,47.5,0.05,"Sardinops sagax","Fis-54081"
139.5,47.5,0.35,"Sardinops sagax","Fis-54081"
140,47.5,0.38,"Sardinops sagax","Fis-54081"
141.5,47.5,0.1,"Sardinops sagax","Fis-54081"
142,47.5,0.45,"Sardinops sagax","Fis-54081"
142.5,47.5,0.28,"Sardinops sagax","Fis-54081"
143,47.5,0.15,"Sardinops sagax","Fis-54081"
143.5,47.5,0.11,"Sardinops sagax","Fis-54081"
153,47.5,0.03,"Sardinops sagax","Fis-54081"
153.5,47.5,0.02,"Sardinops sagax","Fis-54081"
-124.5,47,0.64,"Sardinops sagax","Fis-54081"
-124,47,0.6,"Sardinops sagax","Fis-54081"
-122,47,0.07,"Sardinops sagax","Fis-54081"
139,47,0.41,"Sardinops sagax","Fis-54081"
139.5,47,0.44,"Sardinops sagax","Fis-54081"
142,47,0.56,"Sardinops sagax","Fis-54081"
142.5,47,0.35,"Sardinops sagax","Fis-54081"
143,47,0.2,"Sardinops sagax","Fis-54081"
143.5,47,0.1,"Sardinops sagax","Fis-54081"
152.5,47,0.05,"Sardinops sagax","Fis-54081"
153,47,0.05,"Sardinops sagax","Fis-54081"
-130.5,46.5,0.72,"Sardinops sagax","Fis-54081"
-124.5,46.5,0.68,"Sardinops sagax","Fis-54081"
-124,46.5,0.29,"Sardinops sagax","Fis-54081"
-123.5,46.5,0.14,"Sardinops sagax","Fis-54081"
138.5,46.5,0.41,"Sardinops sagax","Fis-54081"
139,46.5,0.47,"Sardinops sagax","Fis-54081"
141.5,46.5,0.01,"Sardinops sagax","Fis-54081"
142,46.5,0.61,"Sardinops sagax","Fis-54081"
142.5,46.5,0.4,"Sardinops sagax","Fis-54081"
143,46.5,0.26,"Sardinops sagax","Fis-54081"
143.5,46.5,0.16,"Sardinops sagax","Fis-54081"
144,46.5,0.11,"Sardinops sagax","Fis-54081"
151,46.5,0.11,"Sardinops sagax","Fis-54081"
152,46.5,0.07,"Sardinops sagax","Fis-54081"
152.5,46.5,0.09,"Sardinops sagax","Fis-54081"
-124.5,46,0.33,"Sardinops sagax","Fis-54081"
-124,46,0.09,"Sardinops sagax","Fis-54081"
-123.5,46,0.05,"Sardinops sagax","Fis-54081"
-123,46,0.01,"Sardinops sagax","Fis-54081"
138,46,0.41,"Sardinops sagax","Fis-54081"
138.5,46,0.48,"Sardinops sagax","Fis-54081"
141.5,46,0.75,"Sardinops sagax","Fis-54081"
142,46,0.61,"Sardinops sagax","Fis-54081"
142.5,46,0.39,"Sardinops sagax","Fis-54081"
143,46,0.34,"Sardinops sagax","Fis-54081"
143.5,46,0.29,"Sardinops sagax","Fis-54081"
144,46,0.17,"Sardinops sagax","Fis-54081"
150,46,0.19,"Sardinops sagax","Fis-54081"
150.5,46,0.14,"Sardinops sagax","Fis-54081"
151,46,0.11,"Sardinops sagax","Fis-54081"
-124.5,45.5,0.37,"Sardinops sagax","Fis-54081"
-124,45.5,0.29,"Sardinops sagax","Fis-54081"
-123.5,45.5,0.27,"Sardinops sagax","Fis-54081"
137.5,45.5,0.42,"Sardinops sagax","Fis-54081"
138,45.5,0.48,"Sardinops sagax","Fis-54081"
138.5,45.5,0.05,"Sardinops sagax","Fis-54081"
141,45.5,0.86,"Sardinops sagax","Fis-54081"
141.5,45.5,0.83,"Sardinops sagax","Fis-54081"
142,45.5,0.7,"Sardinops sagax","Fis-54081"
142.5,45.5,0.5,"Sardinops sagax","Fis-54081"
143,45.5,0.37,"Sardinops sagax","Fis-54081"
143.5,45.5,0.29,"Sardinops sagax","Fis-54081"
144,45.5,0.24,"Sardinops sagax","Fis-54081"
149,45.5,0.27,"Sardinops sagax","Fis-54081"
149.5,45.5,0.22,"Sardinops sagax","Fis-54081"
150,45.5,0.17,"Sardinops sagax","Fis-54081"
150.5,45.5,0.14,"Sardinops sagax","Fis-54081"
-124,45,0.57,"Sardinops sagax","Fis-54081"
-123.5,45,0.4,"Sardinops sagax","Fis-54081"
137,45,0.43,"Sardinops sagax","Fis-54081"
137.5,45,0.47,"Sardinops sagax","Fis-54081"
140.5,45,0.44,"Sardinops sagax","Fis-54081"
141,45,0.95,"Sardinops sagax","Fis-54081"
141.5,45,0.95,"Sardinops sagax","Fis-54081"
142,45,0.79,"Sardinops sagax","Fis-54081"
142.5,45,0.58,"Sardinops sagax","Fis-54081"
143,45,0.45,"Sardinops sagax","Fis-54081"
143.5,45,0.34,"Sardinops sagax","Fis-54081"
144,45,0.3,"Sardinops sagax","Fis-54081"
144.5,45,0.11,"Sardinops sagax","Fis-54081"
147.5,45,0.33,"Sardinops sagax","Fis-54081"
148,45,0.32,"Sardinops sagax","Fis-54081"
148.5,45,0.3,"Sardinops sagax","Fis-54081"
149,45,0.26,"Sardinops sagax","Fis-54081"
149.5,45,0.22,"Sardinops sagax","Fis-54081"
150,45,0.12,"Sardinops sagax","Fis-54081"
-124.5,44.5,0.51,"Sardinops sagax","Fis-54081"
-124,44.5,0.77,"Sardinops sagax","Fis-54081"
136.5,44.5,0.48,"Sardinops sagax","Fis-54081"
137,44.5,0.52,"Sardinops sagax","Fis-54081"
137.5,44.5,0.29,"Sardinops sagax","Fis-54081"
140.5,44.5,1,"Sardinops sagax","Fis-54081"
141,44.5,0.96,"Sardinops sagax","Fis-54081"
141.5,44.5,1,"Sardinops sagax","Fis-54081"
142,44.5,0.94,"Sardinops sagax","Fis-54081"
143,44.5,0.49,"Sardinops sagax","Fis-54081"
143.5,44.5,0.45,"Sardinops sagax","Fis-54081"
144,44.5,0.38,"Sardinops sagax","Fis-54081"
144.5,44.5,0.23,"Sardinops sagax","Fis-54081"
146.5,44.5,0.37,"Sardinops sagax","Fis-54081"
147,44.5,0.34,"Sardinops sagax","Fis-54081"
147.5,44.5,0.32,"Sardinops sagax","Fis-54081"
148,44.5,0.3,"Sardinops sagax","Fis-54081"
148.5,44.5,0.24,"Sardinops sagax","Fis-54081"
149,44.5,0.28,"Sardinops sagax","Fis-54081"
149.5,44.5,0.28,"Sardinops sagax","Fis-54081"
-124.5,44,0.82,"Sardinops sagax","Fis-54081"
-124,44,0.84,"Sardinops sagax","Fis-54081"
136,44,0.52,"Sardinops sagax","Fis-54081"
136.5,44,0.55,"Sardinops sagax","Fis-54081"
140.5,44,0.12,"Sardinops sagax","Fis-54081"
141,44,0.85,"Sardinops sagax","Fis-54081"
141.5,44,1,"Sardinops sagax","Fis-54081"
142,44,0.92,"Sardinops sagax","Fis-54081"
143.5,44,0.52,"Sardinops sagax","Fis-54081"
144,44,0.47,"Sardinops sagax","Fis-54081"
144.5,44,0.42,"Sardinops sagax","Fis-54081"
145,44,0.4,"Sardinops sagax","Fis-54081"
145.5,44,0.43,"Sardinops sagax","Fis-54081"
146,44,0.44,"Sardinops sagax","Fis-54081"
146.5,44,0.42,"Sardinops sagax","Fis-54081"
147,44,0.36,"Sardinops sagax","Fis-54081"
147.5,44,0.33,"Sardinops sagax","Fis-54081"
148,44,0.31,"Sardinops sagax","Fis-54081"
-124.5,43.5,0.6,"Sardinops sagax","Fis-54081"
-124,43.5,0.88,"Sardinops sagax","Fis-54081"
135.5,43.5,0.56,"Sardinops sagax","Fis-54081"
136,43.5,0.59,"Sardinops sagax","Fis-54081"
141,43.5,0.87,"Sardinops sagax","Fis-54081"
141.5,43.5,1,"Sardinops sagax","Fis-54081"
142,43.5,0.94,"Sardinops sagax","Fis-54081"
144.5,43.5,0.27,"Sardinops sagax","Fis-54081"
145,43.5,0.48,"Sardinops sagax","Fis-54081"
145.5,43.5,0.5,"Sardinops sagax","Fis-54081"
146,43.5,0.48,"Sardinops sagax","Fis-54081"
146.5,43.5,0.42,"Sardinops sagax","Fis-54081"
147,43.5,0.38,"Sardinops sagax","Fis-54081"
147.5,43.5,0.36,"Sardinops sagax","Fis-54081"
148,43.5,0.12,"Sardinops sagax","Fis-54081"
-124.5,43,0.92,"Sardinops sagax","Fis-54081"
-124,43,0.9,"Sardinops sagax","Fis-54081"
132,43,0.67,"Sardinops sagax","Fis-54081"
132.5,43,0.66,"Sardinops sagax","Fis-54081"
134.5,43,0.6,"Sardinops sagax","Fis-54081"
135,43,0.59,"Sardinops sagax","Fis-54081"
135.5,43,0.64,"Sardinops sagax","Fis-54081"
140.5,43,1,"Sardinops sagax","Fis-54081"
141,43,1,"Sardinops sagax","Fis-54081"
141.5,43,1,"Sardinops sagax","Fis-54081"
144.5,43,0.05,"Sardinops sagax","Fis-54081"
145,43,0.54,"Sardinops sagax","Fis-54081"
145.5,43,0.5,"Sardinops sagax","Fis-54081"
146,43,0.47,"Sardinops sagax","Fis-54081"
146.5,43,0.46,"Sardinops sagax","Fis-54081"
147,43,0.46,"Sardinops sagax","Fis-54081"
-124.5,42.5,0.91,"Sardinops sagax","Fis-54081"
-124,42.5,0.9,"Sardinops sagax","Fis-54081"
131,42.5,0.14,"Sardinops sagax","Fis-54081"
131.5,42.5,0.72,"Sardinops sagax","Fis-54081"
132,42.5,0.68,"Sardinops sagax","Fis-54081"
132.5,42.5,0.66,"Sardinops sagax","Fis-54081"
133,42.5,0.65,"Sardinops sagax","Fis-54081"
133.5,42.5,0.63,"Sardinops sagax","Fis-54081"
134,42.5,0.63,"Sardinops sagax","Fis-54081"
134.5,42.5,0.65,"Sardinops sagax","Fis-54081"
140,42.5,1,"Sardinops sagax","Fis-54081"
140.5,42.5,1,"Sardinops sagax","Fis-54081"
141,42.5,1,"Sardinops sagax","Fis-54081"
141.5,42.5,1,"Sardinops sagax","Fis-54081"
142,42.5,0.97,"Sardinops sagax","Fis-54081"
143.5,42.5,0.69,"Sardinops sagax","Fis-54081"
144,42.5,0.62,"Sardinops sagax","Fis-54081"
144.5,42.5,0.61,"Sardinops sagax","Fis-54081"
145,42.5,0.6,"Sardinops sagax","Fis-54081"
145.5,42.5,0.59,"Sardinops sagax","Fis-54081"
146,42.5,0.58,"Sardinops sagax","Fis-54081"
-124.5,42,0.92,"Sardinops sagax","Fis-54081"
-124,42,0.85,"Sardinops sagax","Fis-54081"
130.5,42,0.9,"Sardinops sagax","Fis-54081"
131,42,0.85,"Sardinops sagax","Fis-54081"
131.5,42,0.81,"Sardinops sagax","Fis-54081"
139.5,42,1,"Sardinops sagax","Fis-54081"
140,42,1,"Sardinops sagax","Fis-54081"
140.5,42,1,"Sardinops sagax","Fis-54081"
141,42,1,"Sardinops sagax","Fis-54081"
141.5,42,0.96,"Sardinops sagax","Fis-54081"
142,42,0.93,"Sardinops sagax","Fis-54081"
142.5,42,0.9,"Sardinops sagax","Fis-54081"
143,42,0.81,"Sardinops sagax","Fis-54081"
143.5,42,0.7,"Sardinops sagax","Fis-54081"
144,42,0.67,"Sardinops sagax","Fis-54081"
-124,41.5,0.78,"Sardinops sagax","Fis-54081"
130,41.5,0.96,"Sardinops sagax","Fis-54081"
130.5,41.5,0.96,"Sardinops sagax","Fis-54081"
139.5,41.5,1,"Sardinops sagax","Fis-54081"
140,41.5,0.94,"Sardinops sagax","Fis-54081"
140.5,41.5,1,"Sardinops sagax","Fis-54081"
141,41.5,1,"Sardinops sagax","Fis-54081"
141.5,41.5,1,"Sardinops sagax","Fis-54081"
142,41.5,1,"Sardinops sagax","Fis-54081"
143,41.5,0.91,"Sardinops sagax","Fis-54081"
143.5,41.5,0.78,"Sardinops sagax","Fis-54081"
144,41.5,0.75,"Sardinops sagax","Fis-54081"
-124.5,41,1,"Sardinops sagax","Fis-54081"
-124,41,0.83,"Sardinops sagax","Fis-54081"
122,41,0.01,"Sardinops sagax","Fis-54081"
130,41,1,"Sardinops sagax","Fis-54081"
140,41,1,"Sardinops sagax","Fis-54081"
140.5,41,1,"Sardinops sagax","Fis-54081"
141,41,1,"Sardinops sagax","Fis-54081"
141.5,41,1,"Sardinops sagax","Fis-54081"
142,41,1,"Sardinops sagax","Fis-54081"
-124.5,40.5,0.99,"Sardinops sagax","Fis-54081"
-124,40.5,0.93,"Sardinops sagax","Fis-54081"
121,40.5,0.31,"Sardinops sagax","Fis-54081"
121.5,40.5,0.29,"Sardinops sagax","Fis-54081"
122,40.5,0.21,"Sardinops sagax","Fis-54081"
122.5,40.5,0.28,"Sardinops sagax","Fis-54081"
129.5,40.5,1,"Sardinops sagax","Fis-54081"
130,40.5,1,"Sardinops sagax","Fis-54081"
140,40.5,1,"Sardinops sagax","Fis-54081"
140.5,40.5,1,"Sardinops sagax","Fis-54081"
141,40.5,1,"Sardinops sagax","Fis-54081"
141.5,40.5,1,"Sardinops sagax","Fis-54081"
142,40.5,1,"Sardinops sagax","Fis-54081"
142.5,40.5,0.75,"Sardinops sagax","Fis-54081"
-124.5,40,0.8,"Sardinops sagax","Fis-54081"
-124,40,0.96,"Sardinops sagax","Fis-54081"
120,40,0.28,"Sardinops sagax","Fis-54081"
120.5,40,0.32,"Sardinops sagax","Fis-54081"
121,40,0.35,"Sardinops sagax","Fis-54081"
121.5,40,0.35,"Sardinops sagax","Fis-54081"
122,40,0.25,"Sardinops sagax","Fis-54081"
122.5,40,0.42,"Sardinops sagax","Fis-54081"
128.5,40,1,"Sardinops sagax","Fis-54081"
129,40,1,"Sardinops sagax","Fis-54081"
129.5,40,1,"Sardinops sagax","Fis-54081"
140,40,1,"Sardinops sagax","Fis-54081"
140.5,40,1,"Sardinops sagax","Fis-54081"
142,40,1,"Sardinops sagax","Fis-54081"
142.5,40,1,"Sardinops sagax","Fis-54081"
-124,39.5,0.99,"Sardinops sagax","Fis-54081"
-123.5,39.5,0.89,"Sardinops sagax","Fis-54081"
119.5,39.5,0.25,"Sardinops sagax","Fis-54081"
120,39.5,0.22,"Sardinops sagax","Fis-54081"
120.5,39.5,0.17,"Sardinops sagax","Fis-54081"
121,39.5,0.25,"Sardinops sagax","Fis-54081"
121.5,39.5,0.29,"Sardinops sagax","Fis-54081"
122,39.5,0.47,"Sardinops sagax","Fis-54081"
123,39.5,0.67,"Sardinops sagax","Fis-54081"
123.5,39.5,0.79,"Sardinops sagax","Fis-54081"
124,39.5,0.79,"Sardinops sagax","Fis-54081"
124.5,39.5,0.79,"Sardinops sagax","Fis-54081"
125,39.5,0.76,"Sardinops sagax","Fis-54081"
125.5,39.5,0.79,"Sardinops sagax","Fis-54081"
126,39.5,0.04,"Sardinops sagax","Fis-54081"
128,39.5,1,"Sardinops sagax","Fis-54081"
128.5,39.5,1,"Sardinops sagax","Fis-54081"
129,39.5,0.49,"Sardinops sagax","Fis-54081"
140,39.5,1,"Sardinops sagax","Fis-54081"
140.5,39.5,1,"Sardinops sagax","Fis-54081"
142,39.5,1,"Sardinops sagax","Fis-54081"
142.5,39.5,1,"Sardinops sagax","Fis-54081"
-123.5,39,0.99,"Sardinops sagax","Fis-54081"
119.5,39,0.18,"Sardinops sagax","Fis-54081"
120,39,0.18,"Sardinops sagax","Fis-54081"
120.5,39,0.04,"Sardinops sagax","Fis-54081"
121,39,0.22,"Sardinops sagax","Fis-54081"
121.5,39,0.28,"Sardinops sagax","Fis-54081"
122,39,0.62,"Sardinops sagax","Fis-54081"
122.5,39,0.79,"Sardinops sagax","Fis-54081"
123,39,0.81,"Sardinops sagax","Fis-54081"
123.5,39,0.81,"Sardinops sagax","Fis-54081"
124,39,0.83,"Sardinops sagax","Fis-54081"
124.5,39,0.83,"Sardinops sagax","Fis-54081"
125,39,0.79,"Sardinops sagax","Fis-54081"
125.5,39,0.71,"Sardinops sagax","Fis-54081"
127.5,39,0.95,"Sardinops sagax","Fis-54081"
128,39,1,"Sardinops sagax","Fis-54081"
128.5,39,1,"Sardinops sagax","Fis-54081"
135.5,39,1,"Sardinops sagax","Fis-54081"
139,39,0.49,"Sardinops sagax","Fis-54081"
140,39,1,"Sardinops sagax","Fis-54081"
140.5,39,1,"Sardinops sagax","Fis-54081"
142,39,1,"Sardinops sagax","Fis-54081"
142.5,39,1,"Sardinops sagax","Fis-54081"
-123.5,38.5,1,"Sardinops sagax","Fis-54081"
-123,38.5,0.83,"Sardinops sagax","Fis-54081"
119.5,38.5,0.16,"Sardinops sagax","Fis-54081"
120,38.5,0.21,"Sardinops sagax","Fis-54081"
120.5,38.5,0.23,"Sardinops sagax","Fis-54081"
121,38.5,0.39,"Sardinops sagax","Fis-54081"
121.5,38.5,0.57,"Sardinops sagax","Fis-54081"
122,38.5,0.7,"Sardinops sagax","Fis-54081"
122.5,38.5,0.73,"Sardinops sagax","Fis-54081"
123,38.5,0.7,"Sardinops sagax","Fis-54081"
123.5,38.5,0.76,"Sardinops sagax","Fis-54081"
124,38.5,0.71,"Sardinops sagax","Fis-54081"
124.5,38.5,0.83,"Sardinops sagax","Fis-54081"
125,38.5,0.79,"Sardinops sagax","Fis-54081"
125.5,38.5,0.75,"Sardinops sagax","Fis-54081"
126,38.5,0.03,"Sardinops sagax","Fis-54081"
128,38.5,0.95,"Sardinops sagax","Fis-54081"
128.5,38.5,1,"Sardinops sagax","Fis-54081"
129,38.5,1,"Sardinops sagax","Fis-54081"
138.5,38.5,0.81,"Sardinops sagax","Fis-54081"
139,38.5,0.75,"Sardinops sagax","Fis-54081"
139.5,38.5,1,"Sardinops sagax","Fis-54081"
140,38.5,1,"Sardinops sagax","Fis-54081"
141.5,38.5,0.68,"Sardinops sagax","Fis-54081"
142,38.5,1,"Sardinops sagax","Fis-54081"
-123.5,38,0.05,"Sardinops sagax","Fis-54081"
-123,38,0.97,"Sardinops sagax","Fis-54081"
-122.5,38,0.65,"Sardinops sagax","Fis-54081"
-122,38,0.52,"Sardinops sagax","Fis-54081"
120,38,0.04,"Sardinops sagax","Fis-54081"
120.5,38,0.06,"Sardinops sagax","Fis-54081"
121,38,0.12,"Sardinops sagax","Fis-54081"
121.5,38,0.26,"Sardinops sagax","Fis-54081"
122,38,0.53,"Sardinops sagax","Fis-54081"
122.5,38,0.67,"Sardinops sagax","Fis-54081"
123,38,0.73,"Sardinops sagax","Fis-54081"
123.5,38,0.77,"Sardinops sagax","Fis-54081"
124,38,0.81,"Sardinops sagax","Fis-54081"
124.5,38,0.82,"Sardinops sagax","Fis-54081"
125,38,0.73,"Sardinops sagax","Fis-54081"
125.5,38,0.14,"Sardinops sagax","Fis-54081"
126,38,0.04,"Sardinops sagax","Fis-54081"
128.5,38,0.09,"Sardinops sagax","Fis-54081"
129,38,1,"Sardinops sagax","Fis-54081"
137,38,0.47,"Sardinops sagax","Fis-54081"
137.5,38,0.76,"Sardinops sagax","Fis-54081"
138.5,38,1,"Sardinops sagax","Fis-54081"
139,38,1,"Sardinops sagax","Fis-54081"
139.5,38,1,"Sardinops sagax","Fis-54081"
141,38,1,"Sardinops sagax","Fis-54081"
141.5,38,1,"Sardinops sagax","Fis-54081"
142,38,1,"Sardinops sagax","Fis-54081"
-123,37.5,1,"Sardinops sagax","Fis-54081"
-122.5,37.5,0.49,"Sardinops sagax","Fis-54081"
-122,37.5,0.43,"Sardinops sagax","Fis-54081"
121.5,37.5,0.04,"Sardinops sagax","Fis-54081"
122,37.5,0.08,"Sardinops sagax","Fis-54081"
122.5,37.5,0.23,"Sardinops sagax","Fis-54081"
123,37.5,0.63,"Sardinops sagax","Fis-54081"
123.5,37.5,0.75,"Sardinops sagax","Fis-54081"
124,37.5,0.8,"Sardinops sagax","Fis-54081"
124.5,37.5,0.82,"Sardinops sagax","Fis-54081"
125,37.5,0.76,"Sardinops sagax","Fis-54081"
125.5,37.5,0.48,"Sardinops sagax","Fis-54081"
126,37.5,0.27,"Sardinops sagax","Fis-54081"
126.5,37.5,0.08,"Sardinops sagax","Fis-54081"
127,37.5,0.09,"Sardinops sagax","Fis-54081"
129,37.5,1,"Sardinops sagax","Fis-54081"
129.5,37.5,1,"Sardinops sagax","Fis-54081"
131,37.5,1,"Sardinops sagax","Fis-54081"
136.5,37.5,1,"Sardinops sagax","Fis-54081"
137,37.5,1,"Sardinops sagax","Fis-54081"
137.5,37.5,1,"Sardinops sagax","Fis-54081"
138,37.5,0.92,"Sardinops sagax","Fis-54081"
138.5,37.5,1,"Sardinops sagax","Fis-54081"
139,37.5,1,"Sardinops sagax","Fis-54081"
139.5,37.5,1,"Sardinops sagax","Fis-54081"
141,37.5,1,"Sardinops sagax","Fis-54081"
141.5,37.5,1,"Sardinops sagax","Fis-54081"
142,37.5,1,"Sardinops sagax","Fis-54081"
-122.5,37,0.61,"Sardinops sagax","Fis-54081"
-122,37,0.62,"Sardinops sagax","Fis-54081"
122,37,0.02,"Sardinops sagax","Fis-54081"
122.5,37,0.28,"Sardinops sagax","Fis-54081"
123,37,0.58,"Sardinops sagax","Fis-54081"
123.5,37,0.74,"Sardinops sagax","Fis-54081"
124,37,0.8,"Sardinops sagax","Fis-54081"
124.5,37,0.83,"Sardinops sagax","Fis-54081"
125,37,0.83,"Sardinops sagax","Fis-54081"
125.5,37,0.77,"Sardinops sagax","Fis-54081"
126,37,0.58,"Sardinops sagax","Fis-54081"
126.5,37,0.18,"Sardinops sagax","Fis-54081"
127,37,0.47,"Sardinops sagax","Fis-54081"
129.5,37,1,"Sardinops sagax","Fis-54081"
130,37,1,"Sardinops sagax","Fis-54081"
131,37,1,"Sardinops sagax","Fis-54081"
132,37,1,"Sardinops sagax","Fis-54081"
132.5,37,0.1,"Sardinops sagax","Fis-54081"
133,37,0.3,"Sardinops sagax","Fis-54081"
133.5,37,0.35,"Sardinops sagax","Fis-54081"
136.5,37,0.93,"Sardinops sagax","Fis-54081"
137,37,1,"Sardinops sagax","Fis-54081"
137.5,37,1,"Sardinops sagax","Fis-54081"
138,37,1,"Sardinops sagax","Fis-54081"
138.5,37,1,"Sardinops sagax","Fis-54081"
139,37,1,"Sardinops sagax","Fis-54081"
141,37,0.09,"Sardinops sagax","Fis-54081"
141.5,37,1,"Sardinops sagax","Fis-54081"
142,37,0.02,"Sardinops sagax","Fis-54081"
-122,36.5,0.79,"Sardinops sagax","Fis-54081"
-121.5,36.5,0.71,"Sardinops sagax","Fis-54081"
121,36.5,0.03,"Sardinops sagax","Fis-54081"
121.5,36.5,0.39,"Sardinops sagax","Fis-54081"
122,36.5,0.31,"Sardinops sagax","Fis-54081"
122.5,36.5,0.31,"Sardinops sagax","Fis-54081"
123,36.5,0.62,"Sardinops sagax","Fis-54081"
123.5,36.5,0.75,"Sardinops sagax","Fis-54081"
124,36.5,0.82,"Sardinops sagax","Fis-54081"
124.5,36.5,0.85,"Sardinops sagax","Fis-54081"
125,36.5,0.85,"Sardinops sagax","Fis-54081"
125.5,36.5,0.83,"Sardinops sagax","Fis-54081"
126,36.5,0.71,"Sardinops sagax","Fis-54081"
126.5,36.5,0.52,"Sardinops sagax","Fis-54081"
127,36.5,0.55,"Sardinops sagax","Fis-54081"
129.5,36.5,1,"Sardinops sagax","Fis-54081"
130,36.5,1,"Sardinops sagax","Fis-54081"
133,36.5,0.41,"Sardinops sagax","Fis-54081"
133.5,36.5,0.24,"Sardinops sagax","Fis-54081"
136.5,36.5,1,"Sardinops sagax","Fis-54081"
137,36.5,1,"Sardinops sagax","Fis-54081"
137.5,36.5,1,"Sardinops sagax","Fis-54081"
138,36.5,0.18,"Sardinops sagax","Fis-54081"
141,36.5,1,"Sardinops sagax","Fis-54081"
141.5,36.5,1,"Sardinops sagax","Fis-54081"
-121.5,36,0.91,"Sardinops sagax","Fis-54081"
-121,36,0.78,"Sardinops sagax","Fis-54081"
120.5,36,0.4,"Sardinops sagax","Fis-54081"
121,36,0.44,"Sardinops sagax","Fis-54081"
121.5,36,0.49,"Sardinops sagax","Fis-54081"
122,36,0.32,"Sardinops sagax","Fis-54081"
122.5,36,0.56,"Sardinops sagax","Fis-54081"
123,36,0.69,"Sardinops sagax","Fis-54081"
123.5,36,0.79,"Sardinops sagax","Fis-54081"
124,36,0.85,"Sardinops sagax","Fis-54081"
124.5,36,0.88,"Sardinops sagax","Fis-54081"
125,36,0.87,"Sardinops sagax","Fis-54081"
125.5,36,0.85,"Sardinops sagax","Fis-54081"
126,36,0.79,"Sardinops sagax","Fis-54081"
126.5,36,0.71,"Sardinops sagax","Fis-54081"
127,36,0.68,"Sardinops sagax","Fis-54081"
129.5,36,1,"Sardinops sagax","Fis-54081"
130,36,1,"Sardinops sagax","Fis-54081"
133,36,1,"Sardinops sagax","Fis-54081"
133.5,36,1,"Sardinops sagax","Fis-54081"
134,36,1,"Sardinops sagax","Fis-54081"
135.5,36,0.71,"Sardinops sagax","Fis-54081"
136,36,1,"Sardinops sagax","Fis-54081"
136.5,36,1,"Sardinops sagax","Fis-54081"
141,36,1,"Sardinops sagax","Fis-54081"
141.5,36,0.91,"Sardinops sagax","Fis-54081"
-121,35.5,0.96,"Sardinops sagax","Fis-54081"
120,35.5,0.19,"Sardinops sagax","Fis-54081"
120.5,35.5,0.37,"Sardinops sagax","Fis-54081"
121,35.5,0.44,"Sardinops sagax","Fis-54081"
121.5,35.5,0.45,"Sardinops sagax","Fis-54081"
122,35.5,0.61,"Sardinops sagax","Fis-54081"
122.5,35.5,0.71,"Sardinops sagax","Fis-54081"
123,35.5,0.8,"Sardinops sagax","Fis-54081"
123.5,35.5,0.85,"Sardinops sagax","Fis-54081"
124,35.5,0.88,"Sardinops sagax","Fis-54081"
124.5,35.5,0.89,"Sardinops sagax","Fis-54081"
125,35.5,0.89,"Sardinops sagax","Fis-54081"
125.5,35.5,0.87,"Sardinops sagax","Fis-54081"
126,35.5,0.81,"Sardinops sagax","Fis-54081"
126.5,35.5,0.7,"Sardinops sagax","Fis-54081"
127,35.5,0.73,"Sardinops sagax","Fis-54081"
129.5,35.5,1,"Sardinops sagax","Fis-54081"
130,35.5,1,"Sardinops sagax","Fis-54081"
130.5,35.5,0.94,"Sardinops sagax","Fis-54081"
131,35.5,0.58,"Sardinops sagax","Fis-54081"
131.5,35.5,1,"Sardinops sagax","Fis-54081"
132,35.5,0.51,"Sardinops sagax","Fis-54081"
132.5,35.5,0.97,"Sardinops sagax","Fis-54081"
133,35.5,1,"Sardinops sagax","Fis-54081"
133.5,35.5,1,"Sardinops sagax","Fis-54081"
134,35.5,1,"Sardinops sagax","Fis-54081"
134.5,35.5,1,"Sardinops sagax","Fis-54081"
135,35.5,1,"Sardinops sagax","Fis-54081"
135.5,35.5,1,"Sardinops sagax","Fis-54081"
136,35.5,1,"Sardinops sagax","Fis-54081"
136.5,35.5,1,"Sardinops sagax","Fis-54081"
140,35.5,0.82,"Sardinops sagax","Fis-54081"
140.5,35.5,1,"Sardinops sagax","Fis-54081"
141,35.5,1,"Sardinops sagax","Fis-54081"
141.5,35.5,1,"Sardinops sagax","Fis-54081"
-121,35,0.96,"Sardinops sagax","Fis-54081"
-120.5,35,1,"Sardinops sagax","Fis-54081"
119.5,35,0.12,"Sardinops sagax","Fis-54081"
120,35,0.3,"Sardinops sagax","Fis-54081"
120.5,35,0.38,"Sardinops sagax","Fis-54081"
121,35,0.47,"Sardinops sagax","Fis-54081"
121.5,35,0.57,"Sardinops sagax","Fis-54081"
122,35,0.67,"Sardinops sagax","Fis-54081"
122.5,35,0.77,"Sardinops sagax","Fis-54081"
123,35,0.83,"Sardinops sagax","Fis-54081"
123.5,35,0.87,"Sardinops sagax","Fis-54081"
124,35,0.89,"Sardinops sagax","Fis-54081"
124.5,35,0.89,"Sardinops sagax","Fis-54081"
125,35,0.89,"Sardinops sagax","Fis-54081"
125.5,35,0.87,"Sardinops sagax","Fis-54081"
126,35,0.79,"Sardinops sagax","Fis-54081"
126.5,35,0.65,"Sardinops sagax","Fis-54081"
127,35,0.03,"Sardinops sagax","Fis-54081"
128,35,0.04,"Sardinops sagax","Fis-54081"
128.5,35,0.08,"Sardinops sagax","Fis-54081"
129,35,0.93,"Sardinops sagax","Fis-54081"
129.5,35,0.99,"Sardinops sagax","Fis-54081"
130,35,1,"Sardinops sagax","Fis-54081"
130.5,35,1,"Sardinops sagax","Fis-54081"
131,35,1,"Sardinops sagax","Fis-54081"
131.5,35,1,"Sardinops sagax","Fis-54081"
132,35,0.96,"Sardinops sagax","Fis-54081"
132.5,35,1,"Sardinops sagax","Fis-54081"
133,35,1,"Sardinops sagax","Fis-54081"
137,35,1,"Sardinops sagax","Fis-54081"
139,35,1,"Sardinops sagax","Fis-54081"
139.5,35,0.82,"Sardinops sagax","Fis-54081"
140,35,0.9,"Sardinops sagax","Fis-54081"
140.5,35,1,"Sardinops sagax","Fis-54081"
141,35,1,"Sardinops sagax","Fis-54081"
141.5,35,0.68,"Sardinops sagax","Fis-54081"
-120.5,34.5,1,"Sardinops sagax","Fis-54081"
-120,34.5,0.95,"Sardinops sagax","Fis-54081"
119.5,34.5,0.27,"Sardinops sagax","Fis-54081"
120,34.5,0.27,"Sardinops sagax","Fis-54081"
120.5,34.5,0.29,"Sardinops sagax","Fis-54081"
121,34.5,0.36,"Sardinops sagax","Fis-54081"
121.5,34.5,0.48,"Sardinops sagax","Fis-54081"
122,34.5,0.61,"Sardinops sagax","Fis-54081"
122.5,34.5,0.73,"Sardinops sagax","Fis-54081"
123,34.5,0.82,"Sardinops sagax","Fis-54081"
123.5,34.5,0.88,"Sardinops sagax","Fis-54081"
124,34.5,0.91,"Sardinops sagax","Fis-54081"
124.5,34.5,0.9,"Sardinops sagax","Fis-54081"
125,34.5,0.88,"Sardinops sagax","Fis-54081"
125.5,34.5,0.87,"Sardinops sagax","Fis-54081"
126,34.5,0.81,"Sardinops sagax","Fis-54081"
126.5,34.5,0.71,"Sardinops sagax","Fis-54081"
127,34.5,0.75,"Sardinops sagax","Fis-54081"
127.5,34.5,0.8,"Sardinops sagax","Fis-54081"
128,34.5,0.8,"Sardinops sagax","Fis-54081"
128.5,34.5,0.86,"Sardinops sagax","Fis-54081"
129,34.5,0.92,"Sardinops sagax","Fis-54081"
129.5,34.5,1,"Sardinops sagax","Fis-54081"
130,34.5,1,"Sardinops sagax","Fis-54081"
130.5,34.5,0.92,"Sardinops sagax","Fis-54081"
131,34.5,1,"Sardinops sagax","Fis-54081"
131.5,34.5,1,"Sardinops sagax","Fis-54081"
132,34.5,1,"Sardinops sagax","Fis-54081"
132.5,34.5,1,"Sardinops sagax","Fis-54081"
134,34.5,0.32,"Sardinops sagax","Fis-54081"
134.5,34.5,1,"Sardinops sagax","Fis-54081"
135,34.5,0.88,"Sardinops sagax","Fis-54081"
135.5,34.5,0.64,"Sardinops sagax","Fis-54081"
137,34.5,0.67,"Sardinops sagax","Fis-54081"
137.5,34.5,0.89,"Sardinops sagax","Fis-54081"
138,34.5,1,"Sardinops sagax","Fis-54081"
138.5,34.5,1,"Sardinops sagax","Fis-54081"
139,34.5,1,"Sardinops sagax","Fis-54081"
139.5,34.5,1,"Sardinops sagax","Fis-54081"
140,34.5,1,"Sardinops sagax","Fis-54081"
140.5,34.5,1,"Sardinops sagax","Fis-54081"
-120.5,34,0.99,"Sardinops sagax","Fis-54081"
-120,34,1,"Sardinops sagax","Fis-54081"
-119.5,34,1,"Sardinops sagax","Fis-54081"
-119,34,1,"Sardinops sagax","Fis-54081"
-118.5,34,1,"Sardinops sagax","Fis-54081"
-118,34,0.73,"Sardinops sagax","Fis-54081"
120,34,0.16,"Sardinops sagax","Fis-54081"
121,34,0.19,"Sardinops sagax","Fis-54081"
121.5,34,0.29,"Sardinops sagax","Fis-54081"
122,34,0.45,"Sardinops sagax","Fis-54081"
122.5,34,0.63,"Sardinops sagax","Fis-54081"
123,34,0.78,"Sardinops sagax","Fis-54081"
123.5,34,0.87,"Sardinops sagax","Fis-54081"
124,34,0.94,"Sardinops sagax","Fis-54081"
124.5,34,0.95,"Sardinops sagax","Fis-54081"
125,34,0.92,"Sardinops sagax","Fis-54081"
125.5,34,0.88,"Sardinops sagax","Fis-54081"
126,34,0.86,"Sardinops sagax","Fis-54081"
126.5,34,0.8,"Sardinops sagax","Fis-54081"
127,34,0.8,"Sardinops sagax","Fis-54081"
127.5,34,0.83,"Sardinops sagax","Fis-54081"
128,34,0.88,"Sardinops sagax","Fis-54081"
128.5,34,0.96,"Sardinops sagax","Fis-54081"
129,34,1,"Sardinops sagax","Fis-54081"
129.5,34,1,"Sardinops sagax","Fis-54081"
130,34,1,"Sardinops sagax","Fis-54081"
130.5,34,1,"Sardinops sagax","Fis-54081"
131,34,1,"Sardinops sagax","Fis-54081"
131.5,34,1,"Sardinops sagax","Fis-54081"
132,34,1,"Sardinops sagax","Fis-54081"
132.5,34,1,"Sardinops sagax","Fis-54081"
133,34,1,"Sardinops sagax","Fis-54081"
133.5,34,1,"Sardinops sagax","Fis-54081"
134,34,1,"Sardinops sagax","Fis-54081"
134.5,34,1,"Sardinops sagax","Fis-54081"
135,34,1,"Sardinops sagax","Fis-54081"
135.5,34,1,"Sardinops sagax","Fis-54081"
136.5,34,1,"Sardinops sagax","Fis-54081"
137,34,1,"Sardinops sagax","Fis-54081"
137.5,34,1,"Sardinops sagax","Fis-54081"
138.5,34,1,"Sardinops sagax","Fis-54081"
139,34,1,"Sardinops sagax","Fis-54081"
139.5,34,1,"Sardinops sagax","Fis-54081"
140,34,1,"Sardinops sagax","Fis-54081"
-120,33.5,1,"Sardinops sagax","Fis-54081"
-119.5,33.5,1,"Sardinops sagax","Fis-54081"
-119,33.5,1,"Sardinops sagax","Fis-54081"
-118.5,33.5,1,"Sardinops sagax","Fis-54081"
-118,33.5,1,"Sardinops sagax","Fis-54081"
-117.5,33.5,1,"Sardinops sagax","Fis-54081"
120.5,33.5,0.05,"Sardinops sagax","Fis-54081"
121,33.5,0.1,"Sardinops sagax","Fis-54081"
121.5,33.5,0.18,"Sardinops sagax","Fis-54081"
122,33.5,0.34,"Sardinops sagax","Fis-54081"
122.5,33.5,0.55,"Sardinops sagax","Fis-54081"
123,33.5,0.73,"Sardinops sagax","Fis-54081"
123.5,33.5,0.85,"Sardinops sagax","Fis-54081"
124,33.5,0.95,"Sardinops sagax","Fis-54081"
124.5,33.5,1,"Sardinops sagax","Fis-54081"
125,33.5,1,"Sardinops sagax","Fis-54081"
125.5,33.5,1,"Sardinops sagax","Fis-54081"
126,33.5,1,"Sardinops sagax","Fis-54081"
126.5,33.5,1,"Sardinops sagax","Fis-54081"
127,33.5,1,"Sardinops sagax","Fis-54081"
127.5,33.5,1,"Sardinops sagax","Fis-54081"
128,33.5,1,"Sardinops sagax","Fis-54081"
128.5,33.5,1,"Sardinops sagax","Fis-54081"
129,33.5,0.96,"Sardinops sagax","Fis-54081"
129.5,33.5,1,"Sardinops sagax","Fis-54081"
130,33.5,1,"Sardinops sagax","Fis-54081"
130.5,33.5,1,"Sardinops sagax","Fis-54081"
131,33.5,1,"Sardinops sagax","Fis-54081"
131.5,33.5,1,"Sardinops sagax","Fis-54081"
132,33.5,1,"Sardinops sagax","Fis-54081"
132.5,33.5,1,"Sardinops sagax","Fis-54081"
133,33.5,1,"Sardinops sagax","Fis-54081"
133.5,33.5,1,"Sardinops sagax","Fis-54081"
134,33.5,1,"Sardinops sagax","Fis-54081"
134.5,33.5,1,"Sardinops sagax","Fis-54081"
135,33.5,1,"Sardinops sagax","Fis-54081"
135.5,33.5,1,"Sardinops sagax","Fis-54081"
136,33.5,1,"Sardinops sagax","Fis-54081"
136.5,33.5,1,"Sardinops sagax","Fis-54081"
139,33.5,1,"Sardinops sagax","Fis-54081"
140,33.5,1,"Sardinops sagax","Fis-54081"
140.5,33.5,0.26,"Sardinops sagax","Fis-54081"
-119.5,33,1,"Sardinops sagax","Fis-54081"
-119,33,1,"Sardinops sagax","Fis-54081"
-118.5,33,1,"Sardinops sagax","Fis-54081"
-118,33,1,"Sardinops sagax","Fis-54081"
-117.5,33,1,"Sardinops sagax","Fis-54081"
-117,33,1,"Sardinops sagax","Fis-54081"
121.5,33,0.06,"Sardinops sagax","Fis-54081"
122,33,0.25,"Sardinops sagax","Fis-54081"
122.5,33,0.47,"Sardinops sagax","Fis-54081"
123,33,0.69,"Sardinops sagax","Fis-54081"
123.5,33,0.82,"Sardinops sagax","Fis-54081"
124,33,0.92,"Sardinops sagax","Fis-54081"
124.5,33,0.99,"Sardinops sagax","Fis-54081"
125,33,1,"Sardinops sagax","Fis-54081"
125.5,33,1,"Sardinops sagax","Fis-54081"
126,33,1,"Sardinops sagax","Fis-54081"
126.5,33,1,"Sardinops sagax","Fis-54081"
127,33,1,"Sardinops sagax","Fis-54081"
127.5,33,1,"Sardinops sagax","Fis-54081"
128,33,0.99,"Sardinops sagax","Fis-54081"
128.5,33,0.77,"Sardinops sagax","Fis-54081"
129,33,1,"Sardinops sagax","Fis-54081"
129.5,33,1,"Sardinops sagax","Fis-54081"
130,33,1,"Sardinops sagax","Fis-54081"
130.5,33,1,"Sardinops sagax","Fis-54081"
132,33,1,"Sardinops sagax","Fis-54081"
132.5,33,1,"Sardinops sagax","Fis-54081"
133,33,0.09,"Sardinops sagax","Fis-54081"
133.5,33,1,"Sardinops sagax","Fis-54081"
134,33,1,"Sardinops sagax","Fis-54081"
134.5,33,1,"Sardinops sagax","Fis-54081"
136,33,1,"Sardinops sagax","Fis-54081"
140,33,1,"Sardinops sagax","Fis-54081"
-119,32.5,1,"Sardinops sagax","Fis-54081"
-118.5,32.5,1,"Sardinops sagax","Fis-54081"
-118,32.5,1,"Sardinops sagax","Fis-54081"
-117,32.5,1,"Sardinops sagax","Fis-54081"
122.5,32.5,0.3,"Sardinops sagax","Fis-54081"
123,32.5,0.62,"Sardinops sagax","Fis-54081"
123.5,32.5,0.79,"Sardinops sagax","Fis-54081"
124,32.5,0.89,"Sardinops sagax","Fis-54081"
124.5,32.5,0.95,"Sardinops sagax","Fis-54081"
125,32.5,1,"Sardinops sagax","Fis-54081"
125.5,32.5,1,"Sardinops sagax","Fis-54081"
126,32.5,1,"Sardinops sagax","Fis-54081"
126.5,32.5,1,"Sardinops sagax","Fis-54081"
127,32.5,1,"Sardinops sagax","Fis-54081"
127.5,32.5,0.91,"Sardinops sagax","Fis-54081"
128,32.5,0.63,"Sardinops sagax","Fis-54081"
128.5,32.5,0.41,"Sardinops sagax","Fis-54081"
129,32.5,1,"Sardinops sagax","Fis-54081"
129.5,32.5,1,"Sardinops sagax","Fis-54081"
130,32.5,1,"Sardinops sagax","Fis-54081"
130.5,32.5,1,"Sardinops sagax","Fis-54081"
131,32.5,1,"Sardinops sagax","Fis-54081"
132,32.5,1,"Sardinops sagax","Fis-54081"
132.5,32.5,1,"Sardinops sagax","Fis-54081"
133,32.5,1,"Sardinops sagax","Fis-54081"
133.5,32.5,1,"Sardinops sagax","Fis-54081"
140,32.5,0.21,"Sardinops sagax","Fis-54081"
-119,32,1,"Sardinops sagax","Fis-54081"
-117,32,1,"Sardinops sagax","Fis-54081"
-116.5,32,1,"Sardinops sagax","Fis-54081"
123,32,0.53,"Sardinops sagax","Fis-54081"
123.5,32,0.79,"Sardinops sagax","Fis-54081"
124,32,0.9,"Sardinops sagax","Fis-54081"
124.5,32,0.96,"Sardinops sagax","Fis-54081"
125,32,1,"Sardinops sagax","Fis-54081"
125.5,32,1,"Sardinops sagax","Fis-54081"
126,32,1,"Sardinops sagax","Fis-54081"
126.5,32,1,"Sardinops sagax","Fis-54081"
127,32,1,"Sardinops sagax","Fis-54081"
127.5,32,0.86,"Sardinops sagax","Fis-54081"
128,32,0.73,"Sardinops sagax","Fis-54081"
128.5,32,1,"Sardinops sagax","Fis-54081"
129,32,0.96,"Sardinops sagax","Fis-54081"
129.5,32,0.42,"Sardinops sagax","Fis-54081"
130,32,1,"Sardinops sagax","Fis-54081"
130.5,32,1,"Sardinops sagax","Fis-54081"
131,32,1,"Sardinops sagax","Fis-54081"
132,32,1,"Sardinops sagax","Fis-54081"
132.5,32,0.81,"Sardinops sagax","Fis-54081"
140,32,1,"Sardinops sagax","Fis-54081"
-116.5,31.5,1,"Sardinops sagax","Fis-54081"
-114.5,31.5,0.38,"Sardinops sagax","Fis-54081"
-114,31.5,1,"Sardinops sagax","Fis-54081"
-113.5,31.5,1,"Sardinops sagax","Fis-54081"
123,31.5,0.5,"Sardinops sagax","Fis-54081"
123.5,31.5,0.84,"Sardinops sagax","Fis-54081"
124,31.5,0.95,"Sardinops sagax","Fis-54081"
124.5,31.5,1,"Sardinops sagax","Fis-54081"
125,31.5,1,"Sardinops sagax","Fis-54081"
125.5,31.5,1,"Sardinops sagax","Fis-54081"
126,31.5,1,"Sardinops sagax","Fis-54081"
126.5,31.5,1,"Sardinops sagax","Fis-54081"
127,31.5,1,"Sardinops sagax","Fis-54081"
127.5,31.5,0.99,"Sardinops sagax","Fis-54081"
128,31.5,0.86,"Sardinops sagax","Fis-54081"
128.5,31.5,1,"Sardinops sagax","Fis-54081"
129,31.5,0.37,"Sardinops sagax","Fis-54081"
130,31.5,1,"Sardinops sagax","Fis-54081"
130.5,31.5,1,"Sardinops sagax","Fis-54081"
131,31.5,1,"Sardinops sagax","Fis-54081"
131.5,31.5,1,"Sardinops sagax","Fis-54081"
132,31.5,1,"Sardinops sagax","Fis-54081"
140,31.5,0.65,"Sardinops sagax","Fis-54081"
-116.5,31,1,"Sardinops sagax","Fis-54081"
-116,31,1,"Sardinops sagax","Fis-54081"
-114.5,31,0.46,"Sardinops sagax","Fis-54081"
-114,31,0.58,"Sardinops sagax","Fis-54081"
-113.5,31,0.53,"Sardinops sagax","Fis-54081"
-113,31,0.69,"Sardinops sagax","Fis-54081"
123,31,0.59,"Sardinops sagax","Fis-54081"
123.5,31,0.98,"Sardinops sagax","Fis-54081"
124,31,1,"Sardinops sagax","Fis-54081"
124.5,31,1,"Sardinops sagax","Fis-54081"
125,31,1,"Sardinops sagax","Fis-54081"
125.5,31,1,"Sardinops sagax","Fis-54081"
126,31,1,"Sardinops sagax","Fis-54081"
126.5,31,1,"Sardinops sagax","Fis-54081"
127,31,1,"Sardinops sagax","Fis-54081"
127.5,31,1,"Sardinops sagax","Fis-54081"
128,31,0.91,"Sardinops sagax","Fis-54081"
128.5,31,0.7,"Sardinops sagax","Fis-54081"
129.5,31,1,"Sardinops sagax","Fis-54081"
130,31,1,"Sardinops sagax","Fis-54081"
130.5,31,1,"Sardinops sagax","Fis-54081"
131,31,1,"Sardinops sagax","Fis-54081"
131.5,31,1,"Sardinops sagax","Fis-54081"
132,31,0.75,"Sardinops sagax","Fis-54081"
-116,30.5,1,"Sardinops sagax","Fis-54081"
-115.5,30.5,0.82,"Sardinops sagax","Fis-54081"
-114.5,30.5,0.81,"Sardinops sagax","Fis-54081"
-114,30.5,0.93,"Sardinops sagax","Fis-54081"
-113.5,30.5,0.82,"Sardinops sagax","Fis-54081"
-113,30.5,0.64,"Sardinops sagax","Fis-54081"
-112.5,30.5,0.83,"Sardinops sagax","Fis-54081"
49,30.5,0.05,"Sardinops sagax","Fis-54081"
49.5,30.5,0.04,"Sardinops sagax","Fis-54081"
123,30.5,0.69,"Sardinops sagax","Fis-54081"
123.5,30.5,1,"Sardinops sagax","Fis-54081"
124,30.5,1,"Sardinops sagax","Fis-54081"
124.5,30.5,1,"Sardinops sagax","Fis-54081"
125,30.5,1,"Sardinops sagax","Fis-54081"
125.5,30.5,1,"Sardinops sagax","Fis-54081"
126,30.5,1,"Sardinops sagax","Fis-54081"
126.5,30.5,1,"Sardinops sagax","Fis-54081"
127,30.5,1,"Sardinops sagax","Fis-54081"
127.5,30.5,1,"Sardinops sagax","Fis-54081"
128,30.5,1,"Sardinops sagax","Fis-54081"
128.5,30.5,0.19,"Sardinops sagax","Fis-54081"
129.5,30.5,1,"Sardinops sagax","Fis-54081"
130,30.5,1,"Sardinops sagax","Fis-54081"
130.5,30.5,1,"Sardinops sagax","Fis-54081"
131,30.5,1,"Sardinops sagax","Fis-54081"
131.5,30.5,1,"Sardinops sagax","Fis-54081"
140.5,30.5,1,"Sardinops sagax","Fis-54081"
-116,30,1,"Sardinops sagax","Fis-54081"
-115.5,30,1,"Sardinops sagax","Fis-54081"
-114.5,30,1,"Sardinops sagax","Fis-54081"
-114,30,1,"Sardinops sagax","Fis-54081"
-113.5,30,0.86,"Sardinops sagax","Fis-54081"
-113,30,0.84,"Sardinops sagax","Fis-54081"
-112.5,30,0.95,"Sardinops sagax","Fis-54081"
48.5,30,0.07,"Sardinops sagax","Fis-54081"
49,30,0.84,"Sardinops sagax","Fis-54081"
49.5,30,0.92,"Sardinops sagax","Fis-54081"
50,30,0.88,"Sardinops sagax","Fis-54081"
50.5,30,0.76,"Sardinops sagax","Fis-54081"
123,30,0.71,"Sardinops sagax","Fis-54081"
123.5,30,1,"Sardinops sagax","Fis-54081"
124,30,1,"Sardinops sagax","Fis-54081"
124.5,30,1,"Sardinops sagax","Fis-54081"
125,30,1,"Sardinops sagax","Fis-54081"
125.5,30,1,"Sardinops sagax","Fis-54081"
126,30,1,"Sardinops sagax","Fis-54081"
126.5,30,1,"Sardinops sagax","Fis-54081"
127,30,1,"Sardinops sagax","Fis-54081"
127.5,30,1,"Sardinops sagax","Fis-54081"
128,30,0.81,"Sardinops sagax","Fis-54081"
130,30,0.97,"Sardinops sagax","Fis-54081"
130.5,30,1,"Sardinops sagax","Fis-54081"
131,30,1,"Sardinops sagax","Fis-54081"
131.5,30,1,"Sardinops sagax","Fis-54081"
-115.5,29.5,1,"Sardinops sagax","Fis-54081"
-115,29.5,1,"Sardinops sagax","Fis-54081"
-114,29.5,1,"Sardinops sagax","Fis-54081"
-113.5,29.5,1,"Sardinops sagax","Fis-54081"
-113,29.5,1,"Sardinops sagax","Fis-54081"
-112.5,29.5,0.86,"Sardinops sagax","Fis-54081"
-112,29.5,1,"Sardinops sagax","Fis-54081"
35,29.5,0.02,"Sardinops sagax","Fis-54081"
48,29.5,0.67,"Sardinops sagax","Fis-54081"
48.5,29.5,0.59,"Sardinops sagax","Fis-54081"
49,29.5,0.44,"Sardinops sagax","Fis-54081"
49.5,29.5,0.87,"Sardinops sagax","Fis-54081"
50,29.5,0.54,"Sardinops sagax","Fis-54081"
50.5,29.5,0.2,"Sardinops sagax","Fis-54081"
51,29.5,0.34,"Sardinops sagax","Fis-54081"
122.5,29.5,0.05,"Sardinops sagax","Fis-54081"
123,29.5,0.81,"Sardinops sagax","Fis-54081"
123.5,29.5,1,"Sardinops sagax","Fis-54081"
124,29.5,1,"Sardinops sagax","Fis-54081"
124.5,29.5,1,"Sardinops sagax","Fis-54081"
125,29.5,1,"Sardinops sagax","Fis-54081"
125.5,29.5,1,"Sardinops sagax","Fis-54081"
126,29.5,1,"Sardinops sagax","Fis-54081"
126.5,29.5,1,"Sardinops sagax","Fis-54081"
127,29.5,1,"Sardinops sagax","Fis-54081"
127.5,29.5,1,"Sardinops sagax","Fis-54081"
128,29.5,0.68,"Sardinops sagax","Fis-54081"
129,29.5,0.56,"Sardinops sagax","Fis-54081"
130,29.5,0.92,"Sardinops sagax","Fis-54081"
130.5,29.5,0.47,"Sardinops sagax","Fis-54081"
-118,29,1,"Sardinops sagax","Fis-54081"
-115.5,29,1,"Sardinops sagax","Fis-54081"
-115,29,1,"Sardinops sagax","Fis-54081"
-114.5,29,1,"Sardinops sagax","Fis-54081"
-113.5,29,1,"Sardinops sagax","Fis-54081"
-113,29,1,"Sardinops sagax","Fis-54081"
-112.5,29,1,"Sardinops sagax","Fis-54081"
-112,29,1,"Sardinops sagax","Fis-54081"
48,29,0.78,"Sardinops sagax","Fis-54081"
48.5,29,0.73,"Sardinops sagax","Fis-54081"
49,29,0.83,"Sardinops sagax","Fis-54081"
49.5,29,0.29,"Sardinops sagax","Fis-54081"
50,29,0.06,"Sardinops sagax","Fis-54081"
51,29,0.13,"Sardinops sagax","Fis-54081"
122,29,0.19,"Sardinops sagax","Fis-54081"
122.5,29,0.27,"Sardinops sagax","Fis-54081"
123,29,0.98,"Sardinops sagax","Fis-54081"
123.5,29,1,"Sardinops sagax","Fis-54081"
124,29,1,"Sardinops sagax","Fis-54081"
124.5,29,1,"Sardinops sagax","Fis-54081"
125,29,1,"Sardinops sagax","Fis-54081"
125.5,29,1,"Sardinops sagax","Fis-54081"
126,29,1,"Sardinops sagax","Fis-54081"
126.5,29,1,"Sardinops sagax","Fis-54081"
127,29,0.96,"Sardinops sagax","Fis-54081"
127.5,29,0.8,"Sardinops sagax","Fis-54081"
129.5,29,0.93,"Sardinops sagax","Fis-54081"
130,29,0.92,"Sardinops sagax","Fis-54081"
-118,28.5,1,"Sardinops sagax","Fis-54081"
-115,28.5,1,"Sardinops sagax","Fis-54081"
-114.5,28.5,1,"Sardinops sagax","Fis-54081"
-114,28.5,1,"Sardinops sagax","Fis-54081"
-113.5,28.5,0.09,"Sardinops sagax","Fis-54081"
-113,28.5,1,"Sardinops sagax","Fis-54081"
-112.5,28.5,1,"Sardinops sagax","Fis-54081"
-112,28.5,1,"Sardinops sagax","Fis-54081"
-111.5,28.5,1,"Sardinops sagax","Fis-54081"
48.5,28.5,0.84,"Sardinops sagax","Fis-54081"
49,28.5,0.71,"Sardinops sagax","Fis-54081"
49.5,28.5,0.04,"Sardinops sagax","Fis-54081"
51.5,28.5,0.09,"Sardinops sagax","Fis-54081"
122,28.5,0.3,"Sardinops sagax","Fis-54081"
122.5,28.5,0.69,"Sardinops sagax","Fis-54081"
123,28.5,1,"Sardinops sagax","Fis-54081"
123.5,28.5,1,"Sardinops sagax","Fis-54081"
124,28.5,1,"Sardinops sagax","Fis-54081"
124.5,28.5,1,"Sardinops sagax","Fis-54081"
125,28.5,1,"Sardinops sagax","Fis-54081"
125.5,28.5,1,"Sardinops sagax","Fis-54081"
126,28.5,1,"Sardinops sagax","Fis-54081"
126.5,28.5,1,"Sardinops sagax","Fis-54081"
127,28.5,1,"Sardinops sagax","Fis-54081"
127.5,28.5,0.17,"Sardinops sagax","Fis-54081"
129.5,28.5,1,"Sardinops sagax","Fis-54081"
130,28.5,1,"Sardinops sagax","Fis-54081"
-115.5,28,1,"Sardinops sagax","Fis-54081"
-115,28,1,"Sardinops sagax","Fis-54081"
-114.5,28,1,"Sardinops sagax","Fis-54081"
-114,28,1,"Sardinops sagax","Fis-54081"
-112.5,28,1,"Sardinops sagax","Fis-54081"
-112,28,1,"Sardinops sagax","Fis-54081"
-111.5,28,0.98,"Sardinops sagax","Fis-54081"
-111,28,1,"Sardinops sagax","Fis-54081"
35.5,28,0.03,"Sardinops sagax","Fis-54081"
49,28,0.67,"Sardinops sagax","Fis-54081"
49.5,28,0.19,"Sardinops sagax","Fis-54081"
121,28,0.01,"Sardinops sagax","Fis-54081"
121.5,28,0.39,"Sardinops sagax","Fis-54081"
122,28,0.49,"Sardinops sagax","Fis-54081"
122.5,28,0.96,"Sardinops sagax","Fis-54081"
123,28,1,"Sardinops sagax","Fis-54081"
123.5,28,1,"Sardinops sagax","Fis-54081"
124,28,1,"Sardinops sagax","Fis-54081"
124.5,28,1,"Sardinops sagax","Fis-54081"
125,28,1,"Sardinops sagax","Fis-54081"
125.5,28,1,"Sardinops sagax","Fis-54081"
126,28,1,"Sardinops sagax","Fis-54081"
126.5,28,0.99,"Sardinops sagax","Fis-54081"
127,28,0.64,"Sardinops sagax","Fis-54081"
129,28,1,"Sardinops sagax","Fis-54081"
129.5,28,1,"Sardinops sagax","Fis-54081"
130,28,1,"Sardinops sagax","Fis-54081"
130.5,28,0.99,"Sardinops sagax","Fis-54081"
-115.5,27.5,0.18,"Sardinops sagax","Fis-54081"
-115,27.5,1,"Sardinops sagax","Fis-54081"
-114.5,27.5,1,"Sardinops sagax","Fis-54081"
-114,27.5,1,"Sardinops sagax","Fis-54081"
-113.5,27.5,0.09,"Sardinops sagax","Fis-54081"
-112.5,27.5,1,"Sardinops sagax","Fis-54081"
-112,27.5,0.81,"Sardinops sagax","Fis-54081"
-111,27.5,0.8,"Sardinops sagax","Fis-54081"
-110.5,27.5,1,"Sardinops sagax","Fis-54081"
35,27.5,0.01,"Sardinops sagax","Fis-54081"
35.5,27.5,0.02,"Sardinops sagax","Fis-54081"
36,27.5,0.06,"Sardinops sagax","Fis-54081"
49,27.5,0.67,"Sardinops sagax","Fis-54081"
49.5,27.5,0.43,"Sardinops sagax","Fis-54081"
50,27.5,0.07,"Sardinops sagax","Fis-54081"
50.5,27.5,0.01,"Sardinops sagax","Fis-54081"
51,27.5,0.02,"Sardinops sagax","Fis-54081"
51.5,27.5,0.02,"Sardinops sagax","Fis-54081"
52,27.5,0.02,"Sardinops sagax","Fis-54081"
52.5,27.5,0.06,"Sardinops sagax","Fis-54081"
53,27.5,0.09,"Sardinops sagax","Fis-54081"
121,27.5,0.42,"Sardinops sagax","Fis-54081"
121.5,27.5,0.61,"Sardinops sagax","Fis-54081"
122,27.5,0.88,"Sardinops sagax","Fis-54081"
122.5,27.5,1,"Sardinops sagax","Fis-54081"
123,27.5,1,"Sardinops sagax","Fis-54081"
123.5,27.5,1,"Sardinops sagax","Fis-54081"
124,27.5,1,"Sardinops sagax","Fis-54081"
124.5,27.5,1,"Sardinops sagax","Fis-54081"
125,27.5,1,"Sardinops sagax","Fis-54081"
125.5,27.5,1,"Sardinops sagax","Fis-54081"
126,27.5,0.98,"Sardinops sagax","Fis-54081"
126.5,27.5,0.83,"Sardinops sagax","Fis-54081"
128.5,27.5,0.98,"Sardinops sagax","Fis-54081"
129,27.5,1,"Sardinops sagax","Fis-54081"
129.5,27.5,0.98,"Sardinops sagax","Fis-54081"
142.5,27.5,1,"Sardinops sagax","Fis-54081"
-114.5,27,1,"Sardinops sagax","Fis-54081"
-114,27,1,"Sardinops sagax","Fis-54081"
-113.5,27,1,"Sardinops sagax","Fis-54081"
-112,27,0.44,"Sardinops sagax","Fis-54081"
-111.5,27,0.34,"Sardinops sagax","Fis-54081"
-110.5,27,0.98,"Sardinops sagax","Fis-54081"
-110,27,1,"Sardinops sagax","Fis-54081"
-109.5,27,0.54,"Sardinops sagax","Fis-54081"
34.5,27,0.01,"Sardinops sagax","Fis-54081"
35.5,27,0.02,"Sardinops sagax","Fis-54081"
36,27,0.04,"Sardinops sagax","Fis-54081"
49.5,27,0.5,"Sardinops sagax","Fis-54081"
50,27,0.27,"Sardinops sagax","Fis-54081"
50.5,27,0.09,"Sardinops sagax","Fis-54081"
51,27,0.06,"Sardinops sagax","Fis-54081"
51.5,27,0.04,"Sardinops sagax","Fis-54081"
52,27,0.04,"Sardinops sagax","Fis-54081"
52.5,27,0.04,"Sardinops sagax","Fis-54081"
53,27,0.05,"Sardinops sagax","Fis-54081"
53.5,27,0.08,"Sardinops sagax","Fis-54081"
56,27,0.18,"Sardinops sagax","Fis-54081"
56.5,27,0.18,"Sardinops sagax","Fis-54081"
57,27,0.22,"Sardinops sagax","Fis-54081"
120.5,27,0.63,"Sardinops sagax","Fis-54081"
121,27,0.62,"Sardinops sagax","Fis-54081"
121.5,27,0.91,"Sardinops sagax","Fis-54081"
122,27,1,"Sardinops sagax","Fis-54081"
122.5,27,1,"Sardinops sagax","Fis-54081"
123,27,1,"Sardinops sagax","Fis-54081"
123.5,27,1,"Sardinops sagax","Fis-54081"
124,27,1,"Sardinops sagax","Fis-54081"
124.5,27,1,"Sardinops sagax","Fis-54081"
125,27,1,"Sardinops sagax","Fis-54081"
125.5,27,0.97,"Sardinops sagax","Fis-54081"
126,27,0.82,"Sardinops sagax","Fis-54081"
126.5,27,0.35,"Sardinops sagax","Fis-54081"
128,27,0.94,"Sardinops sagax","Fis-54081"
128.5,27,0.98,"Sardinops sagax","Fis-54081"
129,27,0.94,"Sardinops sagax","Fis-54081"
141,27,1,"Sardinops sagax","Fis-54081"
142.5,27,1,"Sardinops sagax","Fis-54081"
-114,26.5,1,"Sardinops sagax","Fis-54081"
-113.5,26.5,1,"Sardinops sagax","Fis-54081"
-113,26.5,1,"Sardinops sagax","Fis-54081"
-112.5,26.5,0.91,"Sardinops sagax","Fis-54081"
-111.5,26.5,1,"Sardinops sagax","Fis-54081"
-111,26.5,0.3,"Sardinops sagax","Fis-54081"
-110,26.5,0.95,"Sardinops sagax","Fis-54081"
-109.5,26.5,0.94,"Sardinops sagax","Fis-54081"
-109,26.5,0.95,"Sardinops sagax","Fis-54081"
34.5,26.5,0.01,"Sardinops sagax","Fis-54081"
36,26.5,0.05,"Sardinops sagax","Fis-54081"
36.5,26.5,0.08,"Sardinops sagax","Fis-54081"
50,26.5,0.42,"Sardinops sagax","Fis-54081"
50.5,26.5,0.19,"Sardinops sagax","Fis-54081"
51,26.5,0.12,"Sardinops sagax","Fis-54081"
51.5,26.5,0.06,"Sardinops sagax","Fis-54081"
52,26.5,0.04,"Sardinops sagax","Fis-54081"
52.5,26.5,0.05,"Sardinops sagax","Fis-54081"
53,26.5,0.06,"Sardinops sagax","Fis-54081"
53.5,26.5,0.07,"Sardinops sagax","Fis-54081"
54,26.5,0.1,"Sardinops sagax","Fis-54081"
54.5,26.5,0.13,"Sardinops sagax","Fis-54081"
55,26.5,0.15,"Sardinops sagax","Fis-54081"
55.5,26.5,0.17,"Sardinops sagax","Fis-54081"
56,26.5,0.2,"Sardinops sagax","Fis-54081"
56.5,26.5,0.19,"Sardinops sagax","Fis-54081"
57,26.5,0.17,"Sardinops sagax","Fis-54081"
57.5,26.5,0.2,"Sardinops sagax","Fis-54081"
120,26.5,0.65,"Sardinops sagax","Fis-54081"
120.5,26.5,0.68,"Sardinops sagax","Fis-54081"
121,26.5,0.86,"Sardinops sagax","Fis-54081"
121.5,26.5,1,"Sardinops sagax","Fis-54081"
122,26.5,1,"Sardinops sagax","Fis-54081"
122.5,26.5,1,"Sardinops sagax","Fis-54081"
123,26.5,1,"Sardinops sagax","Fis-54081"
123.5,26.5,1,"Sardinops sagax","Fis-54081"
124,26.5,0.85,"Sardinops sagax","Fis-54081"
124.5,26.5,0.99,"Sardinops sagax","Fis-54081"
125,26.5,0.94,"Sardinops sagax","Fis-54081"
125.5,26.5,0.82,"Sardinops sagax","Fis-54081"
126,26.5,0.46,"Sardinops sagax","Fis-54081"
127,26.5,0.81,"Sardinops sagax","Fis-54081"
127.5,26.5,0.88,"Sardinops sagax","Fis-54081"
128,26.5,0.95,"Sardinops sagax","Fis-54081"
128.5,26.5,0.94,"Sardinops sagax","Fis-54081"
129,26.5,0.47,"Sardinops sagax","Fis-54081"
142.5,26.5,0.99,"Sardinops sagax","Fis-54081"
-113.5,26,1,"Sardinops sagax","Fis-54081"
-113,26,1,"Sardinops sagax","Fis-54081"
-112.5,26,1,"Sardinops sagax","Fis-54081"
-112,26,0.91,"Sardinops sagax","Fis-54081"
-111,26,0.35,"Sardinops sagax","Fis-54081"
-110.5,26,0.36,"Sardinops sagax","Fis-54081"
-109.5,26,0.9,"Sardinops sagax","Fis-54081"
-109,26,0.9,"Sardinops sagax","Fis-54081"
34.5,26,0.02,"Sardinops sagax","Fis-54081"
36.5,26,0.1,"Sardinops sagax","Fis-54081"
37,26,0.06,"Sardinops sagax","Fis-54081"
50.5,26,0.33,"Sardinops sagax","Fis-54081"
51,26,0.19,"Sardinops sagax","Fis-54081"
51.5,26,0.12,"Sardinops sagax","Fis-54081"
52,26,0.06,"Sardinops sagax","Fis-54081"
52.5,26,0.04,"Sardinops sagax","Fis-54081"
53,26,0.04,"Sardinops sagax","Fis-54081"
53.5,26,0.04,"Sardinops sagax","Fis-54081"
54,26,0.05,"Sardinops sagax","Fis-54081"
54.5,26,0.06,"Sardinops sagax","Fis-54081"
55,26,0.09,"Sardinops sagax","Fis-54081"
55.5,26,0.11,"Sardinops sagax","Fis-54081"
56,26,0.1,"Sardinops sagax","Fis-54081"
56.5,26,0.15,"Sardinops sagax","Fis-54081"
57,26,0.15,"Sardinops sagax","Fis-54081"
57.5,26,0.18,"Sardinops sagax","Fis-54081"
120,26,0.69,"Sardinops sagax","Fis-54081"
120.5,26,0.85,"Sardinops sagax","Fis-54081"
121,26,1,"Sardinops sagax","Fis-54081"
121.5,26,1,"Sardinops sagax","Fis-54081"
122,26,1,"Sardinops sagax","Fis-54081"
122.5,26,0.99,"Sardinops sagax","Fis-54081"
123,26,0.85,"Sardinops sagax","Fis-54081"
123.5,26,0.8,"Sardinops sagax","Fis-54081"
124,26,0.79,"Sardinops sagax","Fis-54081"
124.5,26,0.78,"Sardinops sagax","Fis-54081"
125,26,0.5,"Sardinops sagax","Fis-54081"
125.5,26,0.57,"Sardinops sagax","Fis-54081"
127,26,0.8,"Sardinops sagax","Fis-54081"
127.5,26,0.85,"Sardinops sagax","Fis-54081"
128,26,0.88,"Sardinops sagax","Fis-54081"
128.5,26,0.84,"Sardinops sagax","Fis-54081"
142.5,26,0.69,"Sardinops sagax","Fis-54081"
-113,25.5,1,"Sardinops sagax","Fis-54081"
-112.5,25.5,1,"Sardinops sagax","Fis-54081"
-112,25.5,1,"Sardinops sagax","Fis-54081"
-111,25.5,0.39,"Sardinops sagax","Fis-54081"
-110.5,25.5,0.37,"Sardinops sagax","Fis-54081"
-109.5,25.5,0.86,"Sardinops sagax","Fis-54081"
-109,25.5,0.85,"Sardinops sagax","Fis-54081"
-108.5,25.5,0.08,"Sardinops sagax","Fis-54081"
34.5,25.5,0.05,"Sardinops sagax","Fis-54081"
35,25.5,0.04,"Sardinops sagax","Fis-54081"
36.5,25.5,0.07,"Sardinops sagax","Fis-54081"
37,25.5,0.09,"Sardinops sagax","Fis-54081"
37.5,25.5,0.01,"Sardinops sagax","Fis-54081"
50.5,25.5,0.44,"Sardinops sagax","Fis-54081"
51,25.5,0.3,"Sardinops sagax","Fis-54081"
51.5,25.5,0.03,"Sardinops sagax","Fis-54081"
52,25.5,0.08,"Sardinops sagax","Fis-54081"
52.5,25.5,0.05,"Sardinops sagax","Fis-54081"
53,25.5,0.04,"Sardinops sagax","Fis-54081"
53.5,25.5,0.03,"Sardinops sagax","Fis-54081"
54,25.5,0.03,"Sardinops sagax","Fis-54081"
54.5,25.5,0.02,"Sardinops sagax","Fis-54081"
55,25.5,0.02,"Sardinops sagax","Fis-54081"
55.5,25.5,0.01,"Sardinops sagax","Fis-54081"
56,25.5,0.01,"Sardinops sagax","Fis-54081"
56.5,25.5,0.12,"Sardinops sagax","Fis-54081"
57,25.5,0.13,"Sardinops sagax","Fis-54081"
57.5,25.5,0.18,"Sardinops sagax","Fis-54081"
58,25.5,0.2,"Sardinops sagax","Fis-54081"
58.5,25.5,0.22,"Sardinops sagax","Fis-54081"
59,25.5,0.23,"Sardinops sagax","Fis-54081"
59.5,25.5,0.01,"Sardinops sagax","Fis-54081"
64.5,25.5,0.02,"Sardinops sagax","Fis-54081"
66.5,25.5,0.68,"Sardinops sagax","Fis-54081"
67,25.5,0.03,"Sardinops sagax","Fis-54081"
119.5,25.5,0.41,"Sardinops sagax","Fis-54081"
120,25.5,0.74,"Sardinops sagax","Fis-54081"
120.5,25.5,0.94,"Sardinops sagax","Fis-54081"
121,25.5,1,"Sardinops sagax","Fis-54081"
121.5,25.5,1,"Sardinops sagax","Fis-54081"
122,25.5,1,"Sardinops sagax","Fis-54081"
122.5,25.5,0.91,"Sardinops sagax","Fis-54081"
123,25.5,0.72,"Sardinops sagax","Fis-54081"
123.5,25.5,0.65,"Sardinops sagax","Fis-54081"
124,25.5,0.65,"Sardinops sagax","Fis-54081"
124.5,25.5,0.44,"Sardinops sagax","Fis-54081"
125,25.5,0.66,"Sardinops sagax","Fis-54081"
126,25.5,0.47,"Sardinops sagax","Fis-54081"
126.5,25.5,0.33,"Sardinops sagax","Fis-54081"
127,25.5,0.19,"Sardinops sagax","Fis-54081"
127.5,25.5,0.77,"Sardinops sagax","Fis-54081"
131.5,25.5,0.86,"Sardinops sagax","Fis-54081"
-113,25,0.49,"Sardinops sagax","Fis-54081"
-112.5,25,1,"Sardinops sagax","Fis-54081"
-112,25,1,"Sardinops sagax","Fis-54081"
-110.5,25,0.4,"Sardinops sagax","Fis-54081"
-110,25,0.25,"Sardinops sagax","Fis-54081"
-109,25,0.81,"Sardinops sagax","Fis-54081"
-108.5,25,0.81,"Sardinops sagax","Fis-54081"
-108,25,0.8,"Sardinops sagax","Fis-54081"
-107.5,25,0.04,"Sardinops sagax","Fis-54081"
35,25,0.04,"Sardinops sagax","Fis-54081"
35.5,25,0.05,"Sardinops sagax","Fis-54081"
37,25,0.09,"Sardinops sagax","Fis-54081"
37.5,25,0.11,"Sardinops sagax","Fis-54081"
50.5,25,0.29,"Sardinops sagax","Fis-54081"
51,25,0.28,"Sardinops sagax","Fis-54081"
52,25,0.07,"Sardinops sagax","Fis-54081"
52.5,25,0.04,"Sardinops sagax","Fis-54081"
53,25,0.02,"Sardinops sagax","Fis-54081"
53.5,25,0.02,"Sardinops sagax","Fis-54081"
54,25,0.02,"Sardinops sagax","Fis-54081"
54.5,25,0.01,"Sardinops sagax","Fis-54081"
55.5,25,0.02,"Sardinops sagax","Fis-54081"
56,25,0.01,"Sardinops sagax","Fis-54081"
56.5,25,0.09,"Sardinops sagax","Fis-54081"
57,25,0.12,"Sardinops sagax","Fis-54081"
57.5,25,0.04,"Sardinops sagax","Fis-54081"
58.5,25,0.19,"Sardinops sagax","Fis-54081"
59,25,0.22,"Sardinops sagax","Fis-54081"
59.5,25,0.25,"Sardinops sagax","Fis-54081"
60,25,0.27,"Sardinops sagax","Fis-54081"
60.5,25,0.29,"Sardinops sagax","Fis-54081"
61,25,0.3,"Sardinops sagax","Fis-54081"
61.5,25,0.34,"Sardinops sagax","Fis-54081"
62,25,0.37,"Sardinops sagax","Fis-54081"
62.5,25,0.4,"Sardinops sagax","Fis-54081"
63,25,0.43,"Sardinops sagax","Fis-54081"
63.5,25,0.47,"Sardinops sagax","Fis-54081"
64,25,0.48,"Sardinops sagax","Fis-54081"
64.5,25,0.47,"Sardinops sagax","Fis-54081"
65,25,0.48,"Sardinops sagax","Fis-54081"
65.5,25,0.51,"Sardinops sagax","Fis-54081"
66,25,0.53,"Sardinops sagax","Fis-54081"
66.5,25,0.49,"Sardinops sagax","Fis-54081"
67,25,0.62,"Sardinops sagax","Fis-54081"
119,25,0.66,"Sardinops sagax","Fis-54081"
119.5,25,0.76,"Sardinops sagax","Fis-54081"
120,25,0.85,"Sardinops sagax","Fis-54081"
120.5,25,1,"Sardinops sagax","Fis-54081"
121,25,1,"Sardinops sagax","Fis-54081"
121.5,25,1,"Sardinops sagax","Fis-54081"
122,25,1,"Sardinops sagax","Fis-54081"
122.5,25,0.8,"Sardinops sagax","Fis-54081"
125.5,25,0.71,"Sardinops sagax","Fis-54081"
126,25,0.72,"Sardinops sagax","Fis-54081"
126.5,25,0.73,"Sardinops sagax","Fis-54081"
141.5,25,0.14,"Sardinops sagax","Fis-54081"
-115.5,24.5,0.13,"Sardinops sagax","Fis-54081"
-112.5,24.5,0.66,"Sardinops sagax","Fis-54081"
-112,24.5,1,"Sardinops sagax","Fis-54081"
-111.5,24.5,1,"Sardinops sagax","Fis-54081"
-110.5,24.5,0.54,"Sardinops sagax","Fis-54081"
-110,24.5,0.5,"Sardinops sagax","Fis-54081"
-108.5,24.5,0.67,"Sardinops sagax","Fis-54081"
-108,24.5,0.75,"Sardinops sagax","Fis-54081"
-107.5,24.5,0.75,"Sardinops sagax","Fis-54081"
35,24.5,0.05,"Sardinops sagax","Fis-54081"
35.5,24.5,0.06,"Sardinops sagax","Fis-54081"
36,24.5,0.01,"Sardinops sagax","Fis-54081"
37.5,24.5,0.09,"Sardinops sagax","Fis-54081"
51,24.5,0.26,"Sardinops sagax","Fis-54081"
51.5,24.5,0.17,"Sardinops sagax","Fis-54081"
52,24.5,0.09,"Sardinops sagax","Fis-54081"
52.5,24.5,0.04,"Sardinops sagax","Fis-54081"
53,24.5,0.02,"Sardinops sagax","Fis-54081"
53.5,24.5,0.01,"Sardinops sagax","Fis-54081"
55,24.5,0.02,"Sardinops sagax","Fis-54081"
56.5,24.5,0.09,"Sardinops sagax","Fis-54081"
57,24.5,0.11,"Sardinops sagax","Fis-54081"
57.5,24.5,0.12,"Sardinops sagax","Fis-54081"
61.5,24.5,0.32,"Sardinops sagax","Fis-54081"
62,24.5,0.33,"Sardinops sagax","Fis-54081"
62.5,24.5,0.33,"Sardinops sagax","Fis-54081"
63,24.5,0.33,"Sardinops sagax","Fis-54081"
63.5,24.5,0.34,"Sardinops sagax","Fis-54081"
64,24.5,0.33,"Sardinops sagax","Fis-54081"
64.5,24.5,0.34,"Sardinops sagax","Fis-54081"
65,24.5,0.34,"Sardinops sagax","Fis-54081"
66,24.5,0.17,"Sardinops sagax","Fis-54081"
66.5,24.5,0.42,"Sardinops sagax","Fis-54081"
67,24.5,0.52,"Sardinops sagax","Fis-54081"
67.5,24.5,0.62,"Sardinops sagax","Fis-54081"
118.5,24.5,0.86,"Sardinops sagax","Fis-54081"
119,24.5,0.85,"Sardinops sagax","Fis-54081"
119.5,24.5,0.98,"Sardinops sagax","Fis-54081"
120,24.5,1,"Sardinops sagax","Fis-54081"
120.5,24.5,1,"Sardinops sagax","Fis-54081"
121,24.5,1,"Sardinops sagax","Fis-54081"
122,24.5,0.8,"Sardinops sagax","Fis-54081"
122.5,24.5,0.61,"Sardinops sagax","Fis-54081"
123,24.5,0.56,"Sardinops sagax","Fis-54081"
123.5,24.5,0.59,"Sardinops sagax","Fis-54081"
124,24.5,0.22,"Sardinops sagax","Fis-54081"
124.5,24.5,0.67,"Sardinops sagax","Fis-54081"
125,24.5,0.69,"Sardinops sagax","Fis-54081"
125.5,24.5,0.71,"Sardinops sagax","Fis-54081"
126,24.5,0.7,"Sardinops sagax","Fis-54081"
131.5,24.5,0.73,"Sardinops sagax","Fis-54081"
141.5,24.5,0.09,"Sardinops sagax","Fis-54081"
-112,24,0.61,"Sardinops sagax","Fis-54081"
-111.5,24,0.58,"Sardinops sagax","Fis-54081"
-111,24,0.48,"Sardinops sagax","Fis-54081"
-110.5,24,0.52,"Sardinops sagax","Fis-54081"
-110,24,0.52,"Sardinops sagax","Fis-54081"
-109.5,24,0.44,"Sardinops sagax","Fis-54081"
-108,24,0.7,"Sardinops sagax","Fis-54081"
-107.5,24,0.71,"Sardinops sagax","Fis-54081"
-107,24,0.7,"Sardinops sagax","Fis-54081"
35.5,24,0.09,"Sardinops sagax","Fis-54081"
36,24,0.08,"Sardinops sagax","Fis-54081"
37.5,24,0.07,"Sardinops sagax","Fis-54081"
38,24,0.07,"Sardinops sagax","Fis-54081"
38.5,24,0.11,"Sardinops sagax","Fis-54081"
51.5,24,0.2,"Sardinops sagax","Fis-54081"
52,24,0.12,"Sardinops sagax","Fis-54081"
52.5,24,0.1,"Sardinops sagax","Fis-54081"
53,24,0.04,"Sardinops sagax","Fis-54081"
53.5,24,0.01,"Sardinops sagax","Fis-54081"
54,24,0.02,"Sardinops sagax","Fis-54081"
54.5,24,0.03,"Sardinops sagax","Fis-54081"
57,24,0.13,"Sardinops sagax","Fis-54081"
57.5,24,0.12,"Sardinops sagax","Fis-54081"
58,24,0.14,"Sardinops sagax","Fis-54081"
66,24,0.32,"Sardinops sagax","Fis-54081"
66.5,24,0.37,"Sardinops sagax","Fis-54081"
67,24,0.44,"Sardinops sagax","Fis-54081"
67.5,24,0.61,"Sardinops sagax","Fis-54081"
68,24,0.03,"Sardinops sagax","Fis-54081"
118,24,0.92,"Sardinops sagax","Fis-54081"
118.5,24,0.93,"Sardinops sagax","Fis-54081"
119,24,1,"Sardinops sagax","Fis-54081"
119.5,24,1,"Sardinops sagax","Fis-54081"
120,24,1,"Sardinops sagax","Fis-54081"
120.5,24,0.99,"Sardinops sagax","Fis-54081"
121,24,0.89,"Sardinops sagax","Fis-54081"
122,24,0.6,"Sardinops sagax","Fis-54081"
123,24,0.55,"Sardinops sagax","Fis-54081"
123.5,24,0.59,"Sardinops sagax","Fis-54081"
124,24,0.64,"Sardinops sagax","Fis-54081"
124.5,24,0.65,"Sardinops sagax","Fis-54081"
125,24,0.45,"Sardinops sagax","Fis-54081"
142,24,0.08,"Sardinops sagax","Fis-54081"
154.5,24,0.06,"Sardinops sagax","Fis-54081"
-112,23.5,0.02,"Sardinops sagax","Fis-54081"
-111.5,23.5,0.3,"Sardinops sagax","Fis-54081"
-111,23.5,0.14,"Sardinops sagax","Fis-54081"
-110.5,23.5,0.49,"Sardinops sagax","Fis-54081"
-110,23.5,0.5,"Sardinops sagax","Fis-54081"
-109.5,23.5,0.4,"Sardinops sagax","Fis-54081"
-109,23.5,0.38,"Sardinops sagax","Fis-54081"
-107.5,23.5,0.66,"Sardinops sagax","Fis-54081"
-107,23.5,0.66,"Sardinops sagax","Fis-54081"
-106.5,23.5,0.65,"Sardinops sagax","Fis-54081"
35.5,23.5,0.01,"Sardinops sagax","Fis-54081"
36,23.5,0.09,"Sardinops sagax","Fis-54081"
36.5,23.5,0.08,"Sardinops sagax","Fis-54081"
38,23.5,0.06,"Sardinops sagax","Fis-54081"
38.5,23.5,0.06,"Sardinops sagax","Fis-54081"
39,23.5,0.12,"Sardinops sagax","Fis-54081"
51.5,23.5,0.2,"Sardinops sagax","Fis-54081"
52,23.5,0.1,"Sardinops sagax","Fis-54081"
52.5,23.5,0.01,"Sardinops sagax","Fis-54081"
57.5,23.5,0.13,"Sardinops sagax","Fis-54081"
58,23.5,0.17,"Sardinops sagax","Fis-54081"
58.5,23.5,0.17,"Sardinops sagax","Fis-54081"
59,23.5,0.18,"Sardinops sagax","Fis-54081"
66.5,23.5,0.32,"Sardinops sagax","Fis-54081"
67,23.5,0.38,"Sardinops sagax","Fis-54081"
67.5,23.5,0.53,"Sardinops sagax","Fis-54081"
68,23.5,0.61,"Sardinops sagax","Fis-54081"
68.5,23.5,0.61,"Sardinops sagax","Fis-54081"
69,23.5,0.03,"Sardinops sagax","Fis-54081"
117,23.5,0.82,"Sardinops sagax","Fis-54081"
117.5,23.5,0.98,"Sardinops sagax","Fis-54081"
118,23.5,0.97,"Sardinops sagax","Fis-54081"
118.5,23.5,0.99,"Sardinops sagax","Fis-54081"
119,23.5,1,"Sardinops sagax","Fis-54081"
119.5,23.5,1,"Sardinops sagax","Fis-54081"
120,23.5,0.88,"Sardinops sagax","Fis-54081"
120.5,23.5,0.82,"Sardinops sagax","Fis-54081"
122,23.5,0.54,"Sardinops sagax","Fis-54081"
157.5,23.5,0.05,"Sardinops sagax","Fis-54081"
-110.5,23,0.21,"Sardinops sagax","Fis-54081"
-110,23,0.46,"Sardinops sagax","Fis-54081"
-109.5,23,0.39,"Sardinops sagax","Fis-54081"
-109,23,0.32,"Sardinops sagax","Fis-54081"
-106.5,23,0.61,"Sardinops sagax","Fis-54081"
-106,23,0.6,"Sardinops sagax","Fis-54081"
36,23,0.1,"Sardinops sagax","Fis-54081"
36.5,23,0.08,"Sardinops sagax","Fis-54081"
38.5,23,0.06,"Sardinops sagax","Fis-54081"
39,23,0.1,"Sardinops sagax","Fis-54081"
59,23,0.23,"Sardinops sagax","Fis-54081"
59.5,23,0.21,"Sardinops sagax","Fis-54081"
67,23,0.33,"Sardinops sagax","Fis-54081"
67.5,23,0.44,"Sardinops sagax","Fis-54081"
68,23,0.56,"Sardinops sagax","Fis-54081"
68.5,23,0.57,"Sardinops sagax","Fis-54081"
69,23,0.58,"Sardinops sagax","Fis-54081"
70.5,23,0.03,"Sardinops sagax","Fis-54081"
113.5,23,0.03,"Sardinops sagax","Fis-54081"
114,23,0.03,"Sardinops sagax","Fis-54081"
117,23,0.99,"Sardinops sagax","Fis-54081"
117.5,23,1,"Sardinops sagax","Fis-54081"
118,23,1,"Sardinops sagax","Fis-54081"
118.5,23,1,"Sardinops sagax","Fis-54081"
119,23,1,"Sardinops sagax","Fis-54081"
119.5,23,0.9,"Sardinops sagax","Fis-54081"
120,23,0.69,"Sardinops sagax","Fis-54081"
120.5,23,0.67,"Sardinops sagax","Fis-54081"
121.5,23,0.56,"Sardinops sagax","Fis-54081"
122,23,0.49,"Sardinops sagax","Fis-54081"
142,23,0.08,"Sardinops sagax","Fis-54081"
-110,22.5,0.31,"Sardinops sagax","Fis-54081"
-109.5,22.5,0.31,"Sardinops sagax","Fis-54081"
-106,22.5,0.55,"Sardinops sagax","Fis-54081"
-105.5,22.5,0.5,"Sardinops sagax","Fis-54081"
36,22.5,0.15,"Sardinops sagax","Fis-54081"
36.5,22.5,0.14,"Sardinops sagax","Fis-54081"
37,22.5,0.09,"Sardinops sagax","Fis-54081"
39,22.5,0.09,"Sardinops sagax","Fis-54081"
39.5,22.5,0.09,"Sardinops sagax","Fis-54081"
59.5,22.5,0.33,"Sardinops sagax","Fis-54081"
60,22.5,0.33,"Sardinops sagax","Fis-54081"
67.5,22.5,0.35,"Sardinops sagax","Fis-54081"
68,22.5,0.43,"Sardinops sagax","Fis-54081"
68.5,22.5,0.5,"Sardinops sagax","Fis-54081"
69,22.5,0.55,"Sardinops sagax","Fis-54081"
69.5,22.5,0.56,"Sardinops sagax","Fis-54081"
70,22.5,0.56,"Sardinops sagax","Fis-54081"
70.5,22.5,0.56,"Sardinops sagax","Fis-54081"
113.5,22.5,0.03,"Sardinops sagax","Fis-54081"
114,22.5,0.48,"Sardinops sagax","Fis-54081"
114.5,22.5,0.4,"Sardinops sagax","Fis-54081"
115,22.5,0.46,"Sardinops sagax","Fis-54081"
115.5,22.5,0.9,"Sardinops sagax","Fis-54081"
116,22.5,0.94,"Sardinops sagax","Fis-54081"
116.5,22.5,0.94,"Sardinops sagax","Fis-54081"
117,22.5,1,"Sardinops sagax","Fis-54081"
117.5,22.5,0.96,"Sardinops sagax","Fis-54081"
118,22.5,0.95,"Sardinops sagax","Fis-54081"
118.5,22.5,0.91,"Sardinops sagax","Fis-54081"
119,22.5,0.8,"Sardinops sagax","Fis-54081"
119.5,22.5,0.64,"Sardinops sagax","Fis-54081"
120,22.5,0.53,"Sardinops sagax","Fis-54081"
120.5,22.5,0.54,"Sardinops sagax","Fis-54081"
121,22.5,0.52,"Sardinops sagax","Fis-54081"
121.5,22.5,0.48,"Sardinops sagax","Fis-54081"
122,22.5,0.45,"Sardinops sagax","Fis-54081"
-106,22,0.48,"Sardinops sagax","Fis-54081"
-105.5,22,0.4,"Sardinops sagax","Fis-54081"
36.5,22,0.08,"Sardinops sagax","Fis-54081"
37,22,0.11,"Sardinops sagax","Fis-54081"
37.5,22,0.08,"Sardinops sagax","Fis-54081"
39,22,0.09,"Sardinops sagax","Fis-54081"
39.5,22,0.07,"Sardinops sagax","Fis-54081"
60,22,0.49,"Sardinops sagax","Fis-54081"
67.5,22,0.07,"Sardinops sagax","Fis-54081"
68,22,0.33,"Sardinops sagax","Fis-54081"
68.5,22,0.4,"Sardinops sagax","Fis-54081"
69,22,0.5,"Sardinops sagax","Fis-54081"
69.5,22,0.51,"Sardinops sagax","Fis-54081"
70,22,0.1,"Sardinops sagax","Fis-54081"
72.5,22,0.35,"Sardinops sagax","Fis-54081"
73,22,0.36,"Sardinops sagax","Fis-54081"
113.5,22,0.25,"Sardinops sagax","Fis-54081"
114,22,0.01,"Sardinops sagax","Fis-54081"
114.5,22,0.17,"Sardinops sagax","Fis-54081"
115,22,0.79,"Sardinops sagax","Fis-54081"
115.5,22,0.85,"Sardinops sagax","Fis-54081"
116,22,0.81,"Sardinops sagax","Fis-54081"
116.5,22,0.79,"Sardinops sagax","Fis-54081"
117,22,0.76,"Sardinops sagax","Fis-54081"
117.5,22,0.73,"Sardinops sagax","Fis-54081"
118,22,0.69,"Sardinops sagax","Fis-54081"
118.5,22,0.62,"Sardinops sagax","Fis-54081"
119,22,0.55,"Sardinops sagax","Fis-54081"
119.5,22,0.46,"Sardinops sagax","Fis-54081"
120.5,22,0.45,"Sardinops sagax","Fis-54081"
121,22,0.44,"Sardinops sagax","Fis-54081"
122,22,0.44,"Sardinops sagax","Fis-54081"
-106.5,21.5,0.48,"Sardinops sagax","Fis-54081"
-106,21.5,0.44,"Sardinops sagax","Fis-54081"
-105.5,21.5,0.34,"Sardinops sagax","Fis-54081"
-105,21.5,0.38,"Sardinops sagax","Fis-54081"
37,21.5,0.13,"Sardinops sagax","Fis-54081"
37.5,21.5,0.08,"Sardinops sagax","Fis-54081"
39,21.5,0.07,"Sardinops sagax","Fis-54081"
39.5,21.5,0.06,"Sardinops sagax","Fis-54081"
59.5,21.5,0.54,"Sardinops sagax","Fis-54081"
60,21.5,0.54,"Sardinops sagax","Fis-54081"
68.5,21.5,0.32,"Sardinops sagax","Fis-54081"
69,21.5,0.4,"Sardinops sagax","Fis-54081"
69.5,21.5,0.48,"Sardinops sagax","Fis-54081"
70,21.5,0.49,"Sardinops sagax","Fis-54081"
72.5,21.5,0.35,"Sardinops sagax","Fis-54081"
73,21.5,0.4,"Sardinops sagax","Fis-54081"
108,21.5,0.93,"Sardinops sagax","Fis-54081"
108.5,21.5,0.94,"Sardinops sagax","Fis-54081"
109,21.5,0.94,"Sardinops sagax","Fis-54081"
109.5,21.5,0.94,"Sardinops sagax","Fis-54081"
110,21.5,0.6,"Sardinops sagax","Fis-54081"
111.5,21.5,0.42,"Sardinops sagax","Fis-54081"
112,21.5,0.92,"Sardinops sagax","Fis-54081"
112.5,21.5,0.85,"Sardinops sagax","Fis-54081"
113,21.5,0.78,"Sardinops sagax","Fis-54081"
113.5,21.5,0.49,"Sardinops sagax","Fis-54081"
114,21.5,0.45,"Sardinops sagax","Fis-54081"
114.5,21.5,0.82,"Sardinops sagax","Fis-54081"
115,21.5,0.76,"Sardinops sagax","Fis-54081"
115.5,21.5,0.72,"Sardinops sagax","Fis-54081"
116,21.5,0.7,"Sardinops sagax","Fis-54081"
116.5,21.5,0.68,"Sardinops sagax","Fis-54081"
117,21.5,0.66,"Sardinops sagax","Fis-54081"
117.5,21.5,0.63,"Sardinops sagax","Fis-54081"
118,21.5,0.43,"Sardinops sagax","Fis-54081"
121,21.5,0.4,"Sardinops sagax","Fis-54081"
122,21.5,0.24,"Sardinops sagax","Fis-54081"
-106,21,0.41,"Sardinops sagax","Fis-54081"
-105.5,21,0.38,"Sardinops sagax","Fis-54081"
-105,21,0.31,"Sardinops sagax","Fis-54081"
37.5,21,0.09,"Sardinops sagax","Fis-54081"
38,21,0.06,"Sardinops sagax","Fis-54081"
39.5,21,0.05,"Sardinops sagax","Fis-54081"
59,21,0.59,"Sardinops sagax","Fis-54081"
59.5,21,0.67,"Sardinops sagax","Fis-54081"
60,21,0.52,"Sardinops sagax","Fis-54081"
68.5,21,0.27,"Sardinops sagax","Fis-54081"
69,21,0.3,"Sardinops sagax","Fis-54081"
69.5,21,0.37,"Sardinops sagax","Fis-54081"
70,21,0.46,"Sardinops sagax","Fis-54081"
70.5,21,0.35,"Sardinops sagax","Fis-54081"
72,21,0.5,"Sardinops sagax","Fis-54081"
72.5,21,0.44,"Sardinops sagax","Fis-54081"
73,21,0.43,"Sardinops sagax","Fis-54081"
87,21,0.05,"Sardinops sagax","Fis-54081"
87.5,21,0.08,"Sardinops sagax","Fis-54081"
88,21,0.07,"Sardinops sagax","Fis-54081"
88.5,21,0.04,"Sardinops sagax","Fis-54081"
89,21,0.03,"Sardinops sagax","Fis-54081"
89.5,21,0.02,"Sardinops sagax","Fis-54081"
90,21,0.02,"Sardinops sagax","Fis-54081"
107,21,0.04,"Sardinops sagax","Fis-54081"
107.5,21,0.08,"Sardinops sagax","Fis-54081"
108,21,0.92,"Sardinops sagax","Fis-54081"
108.5,21,0.89,"Sardinops sagax","Fis-54081"
109,21,0.86,"Sardinops sagax","Fis-54081"
109.5,21,0.85,"Sardinops sagax","Fis-54081"
110,21,0.88,"Sardinops sagax","Fis-54081"
110.5,21,0.74,"Sardinops sagax","Fis-54081"
111,21,0.94,"Sardinops sagax","Fis-54081"
111.5,21,0.93,"Sardinops sagax","Fis-54081"
112,21,0.88,"Sardinops sagax","Fis-54081"
112.5,21,0.84,"Sardinops sagax","Fis-54081"
113,21,0.8,"Sardinops sagax","Fis-54081"
113.5,21,0.77,"Sardinops sagax","Fis-54081"
114,21,0.74,"Sardinops sagax","Fis-54081"
114.5,21,0.71,"Sardinops sagax","Fis-54081"
115,21,0.69,"Sardinops sagax","Fis-54081"
115.5,21,0.66,"Sardinops sagax","Fis-54081"
116,21,0.64,"Sardinops sagax","Fis-54081"
116.5,21,0.19,"Sardinops sagax","Fis-54081"
117,21,0.29,"Sardinops sagax","Fis-54081"
122,21,0.43,"Sardinops sagax","Fis-54081"
-106,20.5,0.02,"Sardinops sagax","Fis-54081"
-105.5,20.5,0.44,"Sardinops sagax","Fis-54081"
-105,20.5,0.37,"Sardinops sagax","Fis-54081"
37.5,20.5,0.09,"Sardinops sagax","Fis-54081"
38,20.5,0.05,"Sardinops sagax","Fis-54081"
39.5,20.5,0.05,"Sardinops sagax","Fis-54081"
40,20.5,0.02,"Sardinops sagax","Fis-54081"
58.5,20.5,0.64,"Sardinops sagax","Fis-54081"
59,20.5,0.68,"Sardinops sagax","Fis-54081"
59.5,20.5,0.59,"Sardinops sagax","Fis-54081"
69.5,20.5,0.28,"Sardinops sagax","Fis-54081"
70,20.5,0.36,"Sardinops sagax","Fis-54081"
70.5,20.5,0.44,"Sardinops sagax","Fis-54081"
71,20.5,0.48,"Sardinops sagax","Fis-54081"
71.5,20.5,0.51,"Sardinops sagax","Fis-54081"
72,20.5,0.47,"Sardinops sagax","Fis-54081"
72.5,20.5,0.44,"Sardinops sagax","Fis-54081"
73,20.5,0.44,"Sardinops sagax","Fis-54081"
87,20.5,0.12,"Sardinops sagax","Fis-54081"
87.5,20.5,0.13,"Sardinops sagax","Fis-54081"
88,20.5,0.14,"Sardinops sagax","Fis-54081"
88.5,20.5,0.13,"Sardinops sagax","Fis-54081"
89,20.5,0.13,"Sardinops sagax","Fis-54081"
89.5,20.5,0.13,"Sardinops sagax","Fis-54081"
90,20.5,0.13,"Sardinops sagax","Fis-54081"
90.5,20.5,0.12,"Sardinops sagax","Fis-54081"
91,20.5,0.09,"Sardinops sagax","Fis-54081"
91.5,20.5,0.06,"Sardinops sagax","Fis-54081"
92.5,20.5,0.01,"Sardinops sagax","Fis-54081"
107,20.5,0.83,"Sardinops sagax","Fis-54081"
107.5,20.5,0.85,"Sardinops sagax","Fis-54081"
108,20.5,0.86,"Sardinops sagax","Fis-54081"
108.5,20.5,0.81,"Sardinops sagax","Fis-54081"
109,20.5,0.79,"Sardinops sagax","Fis-54081"
109.5,20.5,0.81,"Sardinops sagax","Fis-54081"
110,20.5,0.84,"Sardinops sagax","Fis-54081"
110.5,20.5,0.88,"Sardinops sagax","Fis-54081"
111,20.5,0.92,"Sardinops sagax","Fis-54081"
111.5,20.5,0.85,"Sardinops sagax","Fis-54081"
112,20.5,0.75,"Sardinops sagax","Fis-54081"
112.5,20.5,0.71,"Sardinops sagax","Fis-54081"
113,20.5,0.69,"Sardinops sagax","Fis-54081"
113.5,20.5,0.67,"Sardinops sagax","Fis-54081"
114,20.5,0.65,"Sardinops sagax","Fis-54081"
114.5,20.5,0.64,"Sardinops sagax","Fis-54081"
115,20.5,0.62,"Sardinops sagax","Fis-54081"
115.5,20.5,0.51,"Sardinops sagax","Fis-54081"
116,20.5,0.26,"Sardinops sagax","Fis-54081"
117,20.5,0.58,"Sardinops sagax","Fis-54081"
117.5,20.5,0.55,"Sardinops sagax","Fis-54081"
122,20.5,0.4,"Sardinops sagax","Fis-54081"
122.5,20.5,0.38,"Sardinops sagax","Fis-54081"
145,20.5,0.07,"Sardinops sagax","Fis-54081"
-105.5,20,0.47,"Sardinops sagax","Fis-54081"
-105,20,0.4,"Sardinops sagax","Fis-54081"
37.5,20,0.12,"Sardinops sagax","Fis-54081"
38,20,0.05,"Sardinops sagax","Fis-54081"
39.5,20,0.02,"Sardinops sagax","Fis-54081"
40,20,0.01,"Sardinops sagax","Fis-54081"
58,20,0.7,"Sardinops sagax","Fis-54081"
58.5,20,0.65,"Sardinops sagax","Fis-54081"
59,20,0.64,"Sardinops sagax","Fis-54081"
59.5,20,0.54,"Sardinops sagax","Fis-54081"
69.5,20,0.2,"Sardinops sagax","Fis-54081"
70,20,0.28,"Sardinops sagax","Fis-54081"
70.5,20,0.32,"Sardinops sagax","Fis-54081"
71,20,0.37,"Sardinops sagax","Fis-54081"
71.5,20,0.41,"Sardinops sagax","Fis-54081"
72,20,0.41,"Sardinops sagax","Fis-54081"
72.5,20,0.4,"Sardinops sagax","Fis-54081"
73,20,0.41,"Sardinops sagax","Fis-54081"
86.5,20,0.16,"Sardinops sagax","Fis-54081"
87,20,0.14,"Sardinops sagax","Fis-54081"
87.5,20,0.15,"Sardinops sagax","Fis-54081"
88,20,0.16,"Sardinops sagax","Fis-54081"
88.5,20,0.17,"Sardinops sagax","Fis-54081"
89,20,0.11,"Sardinops sagax","Fis-54081"
89.5,20,0.08,"Sardinops sagax","Fis-54081"
90,20,0.19,"Sardinops sagax","Fis-54081"
90.5,20,0.18,"Sardinops sagax","Fis-54081"
91,20,0.16,"Sardinops sagax","Fis-54081"
91.5,20,0.15,"Sardinops sagax","Fis-54081"
92,20,0.12,"Sardinops sagax","Fis-54081"
92.5,20,0.11,"Sardinops sagax","Fis-54081"
93,20,0.1,"Sardinops sagax","Fis-54081"
93.5,20,0.07,"Sardinops sagax","Fis-54081"
106.5,20,0.78,"Sardinops sagax","Fis-54081"
107,20,0.79,"Sardinops sagax","Fis-54081"
107.5,20,0.79,"Sardinops sagax","Fis-54081"
108,20,0.78,"Sardinops sagax","Fis-54081"
108.5,20,0.49,"Sardinops sagax","Fis-54081"
109,20,0.47,"Sardinops sagax","Fis-54081"
109.5,20,0.78,"Sardinops sagax","Fis-54081"
110,20,0.85,"Sardinops sagax","Fis-54081"
110.5,20,0.9,"Sardinops sagax","Fis-54081"
111,20,0.92,"Sardinops sagax","Fis-54081"
111.5,20,0.79,"Sardinops sagax","Fis-54081"
112,20,0.66,"Sardinops sagax","Fis-54081"
112.5,20,0.62,"Sardinops sagax","Fis-54081"
113,20,0.61,"Sardinops sagax","Fis-54081"
113.5,20,0.59,"Sardinops sagax","Fis-54081"
114,20,0.58,"Sardinops sagax","Fis-54081"
114.5,20,0.53,"Sardinops sagax","Fis-54081"
115,20,0.56,"Sardinops sagax","Fis-54081"
115.5,20,0.38,"Sardinops sagax","Fis-54081"
122,20,0.27,"Sardinops sagax","Fis-54081"
122.5,20,0.26,"Sardinops sagax","Fis-54081"
136.5,20,0.07,"Sardinops sagax","Fis-54081"
145.5,20,0.05,"Sardinops sagax","Fis-54081"
-105.5,19.5,0.34,"Sardinops sagax","Fis-54081"
-105,19.5,0.4,"Sardinops sagax","Fis-54081"
37.5,19.5,0.11,"Sardinops sagax","Fis-54081"
38,19.5,0.05,"Sardinops sagax","Fis-54081"
38.5,19.5,0.01,"Sardinops sagax","Fis-54081"
58,19.5,0.81,"Sardinops sagax","Fis-54081"
58.5,19.5,0.7,"Sardinops sagax","Fis-54081"
59,19.5,0.57,"Sardinops sagax","Fis-54081"
70,19.5,0.25,"Sardinops sagax","Fis-54081"
70.5,19.5,0.27,"Sardinops sagax","Fis-54081"
71,19.5,0.26,"Sardinops sagax","Fis-54081"
71.5,19.5,0.3,"Sardinops sagax","Fis-54081"
72,19.5,0.34,"Sardinops sagax","Fis-54081"
72.5,19.5,0.36,"Sardinops sagax","Fis-54081"
73,19.5,0.38,"Sardinops sagax","Fis-54081"
85.5,19.5,0.19,"Sardinops sagax","Fis-54081"
86,19.5,0.2,"Sardinops sagax","Fis-54081"
86.5,19.5,0.16,"Sardinops sagax","Fis-54081"
87,19.5,0.16,"Sardinops sagax","Fis-54081"
92,19.5,0.09,"Sardinops sagax","Fis-54081"
92.5,19.5,0.16,"Sardinops sagax","Fis-54081"
93,19.5,0.17,"Sardinops sagax","Fis-54081"
93.5,19.5,0.17,"Sardinops sagax","Fis-54081"
94,19.5,0.19,"Sardinops sagax","Fis-54081"
106,19.5,0.73,"Sardinops sagax","Fis-54081"
106.5,19.5,0.73,"Sardinops sagax","Fis-54081"
107,19.5,0.71,"Sardinops sagax","Fis-54081"
107.5,19.5,0.25,"Sardinops sagax","Fis-54081"
108,19.5,0.25,"Sardinops sagax","Fis-54081"
108.5,19.5,0.35,"Sardinops sagax","Fis-54081"
109,19.5,0.65,"Sardinops sagax","Fis-54081"
109.5,19.5,0.71,"Sardinops sagax","Fis-54081"
110,19.5,0.1,"Sardinops sagax","Fis-54081"
110.5,19.5,0.04,"Sardinops sagax","Fis-54081"
111,19.5,0.77,"Sardinops sagax","Fis-54081"
111.5,19.5,0.68,"Sardinops sagax","Fis-54081"
112,19.5,0.58,"Sardinops sagax","Fis-54081"
112.5,19.5,0.55,"Sardinops sagax","Fis-54081"
113,19.5,0.54,"Sardinops sagax","Fis-54081"
113.5,19.5,0.5,"Sardinops sagax","Fis-54081"
114,19.5,0.45,"Sardinops sagax","Fis-54081"
122,19.5,0.25,"Sardinops sagax","Fis-54081"
122.5,19.5,0.19,"Sardinops sagax","Fis-54081"
145.5,19.5,0.05,"Sardinops sagax","Fis-54081"
160.5,19.5,0.04,"Sardinops sagax","Fis-54081"
-110.5,19,0.21,"Sardinops sagax","Fis-54081"
-105,19,0.39,"Sardinops sagax","Fis-54081"
-104.5,19,0.36,"Sardinops sagax","Fis-54081"
-104,19,0.31,"Sardinops sagax","Fis-54081"
37.5,19,0.11,"Sardinops sagax","Fis-54081"
38,19,0.07,"Sardinops sagax","Fis-54081"
38.5,19,0.04,"Sardinops sagax","Fis-54081"
58,19,0.76,"Sardinops sagax","Fis-54081"
58.5,19,0.62,"Sardinops sagax","Fis-54081"
70,19,0.19,"Sardinops sagax","Fis-54081"
70.5,19,0.23,"Sardinops sagax","Fis-54081"
71,19,0.21,"Sardinops sagax","Fis-54081"
71.5,19,0.2,"Sardinops sagax","Fis-54081"
72,19,0.26,"Sardinops sagax","Fis-54081"
72.5,19,0.31,"Sardinops sagax","Fis-54081"
73,19,0.35,"Sardinops sagax","Fis-54081"
73.5,19,0.02,"Sardinops sagax","Fis-54081"
85,19,0.2,"Sardinops sagax","Fis-54081"
85.5,19,0.2,"Sardinops sagax","Fis-54081"
86,19,0.18,"Sardinops sagax","Fis-54081"
93,19,0.18,"Sardinops sagax","Fis-54081"
93.5,19,0.18,"Sardinops sagax","Fis-54081"
94,19,0.19,"Sardinops sagax","Fis-54081"
94.5,19,0.16,"Sardinops sagax","Fis-54081"
106,19,0.7,"Sardinops sagax","Fis-54081"
106.5,19,0.68,"Sardinops sagax","Fis-54081"
107,19,0.32,"Sardinops sagax","Fis-54081"
108.5,19,0.56,"Sardinops sagax","Fis-54081"
109,19,0.6,"Sardinops sagax","Fis-54081"
111,19,0.67,"Sardinops sagax","Fis-54081"
111.5,19,0.55,"Sardinops sagax","Fis-54081"
112,19,0.48,"Sardinops sagax","Fis-54081"
112.5,19,0.41,"Sardinops sagax","Fis-54081"
113,19,0.13,"Sardinops sagax","Fis-54081"
113.5,19,0.22,"Sardinops sagax","Fis-54081"
121.5,19,0.36,"Sardinops sagax","Fis-54081"
122,19,0.3,"Sardinops sagax","Fis-54081"
122.5,19,0.21,"Sardinops sagax","Fis-54081"
167,19,0.02,"Sardinops sagax","Fis-54081"
-111,18.5,0.17,"Sardinops sagax","Fis-54081"
-110.5,18.5,0.2,"Sardinops sagax","Fis-54081"
-104,18.5,0.29,"Sardinops sagax","Fis-54081"
-103.5,18.5,0.27,"Sardinops sagax","Fis-54081"
37.5,18.5,0.08,"Sardinops sagax","Fis-54081"
38,18.5,0.09,"Sardinops sagax","Fis-54081"
38.5,18.5,0.05,"Sardinops sagax","Fis-54081"
39,18.5,0.01,"Sardinops sagax","Fis-54081"
57,18.5,0.64,"Sardinops sagax","Fis-54081"
57.5,18.5,0.72,"Sardinops sagax","Fis-54081"
58,18.5,0.65,"Sardinops sagax","Fis-54081"
58.5,18.5,0.29,"Sardinops sagax","Fis-54081"
70.5,18.5,0.16,"Sardinops sagax","Fis-54081"
71,18.5,0.18,"Sardinops sagax","Fis-54081"
71.5,18.5,0.17,"Sardinops sagax","Fis-54081"
72,18.5,0.18,"Sardinops sagax","Fis-54081"
72.5,18.5,0.27,"Sardinops sagax","Fis-54081"
73,18.5,0.32,"Sardinops sagax","Fis-54081"
73.5,18.5,0.01,"Sardinops sagax","Fis-54081"
84.5,18.5,0.21,"Sardinops sagax","Fis-54081"
85,18.5,0.2,"Sardinops sagax","Fis-54081"
85.5,18.5,0.18,"Sardinops sagax","Fis-54081"
93.5,18.5,0.19,"Sardinops sagax","Fis-54081"
94,18.5,0.18,"Sardinops sagax","Fis-54081"
94.5,18.5,0.16,"Sardinops sagax","Fis-54081"
106,18.5,0.69,"Sardinops sagax","Fis-54081"
106.5,18.5,0.66,"Sardinops sagax","Fis-54081"
107,18.5,0.32,"Sardinops sagax","Fis-54081"
107.5,18.5,0.28,"Sardinops sagax","Fis-54081"
108,18.5,0.49,"Sardinops sagax","Fis-54081"
108.5,18.5,0.5,"Sardinops sagax","Fis-54081"
109,18.5,0.53,"Sardinops sagax","Fis-54081"
110.5,18.5,0.59,"Sardinops sagax","Fis-54081"
111,18.5,0.55,"Sardinops sagax","Fis-54081"
111.5,18.5,0.48,"Sardinops sagax","Fis-54081"
112,18.5,0.14,"Sardinops sagax","Fis-54081"
112.5,18.5,0.2,"Sardinops sagax","Fis-54081"
113,18.5,0.12,"Sardinops sagax","Fis-54081"
121,18.5,0.22,"Sardinops sagax","Fis-54081"
121.5,18.5,0.34,"Sardinops sagax","Fis-54081"
122,18.5,0.32,"Sardinops sagax","Fis-54081"
122.5,18.5,0.23,"Sardinops sagax","Fis-54081"
146,18.5,0.04,"Sardinops sagax","Fis-54081"
-103.5,18,0.24,"Sardinops sagax","Fis-54081"
-103,18,0.23,"Sardinops sagax","Fis-54081"
-102.5,18,0.22,"Sardinops sagax","Fis-54081"
-102,18,0.22,"Sardinops sagax","Fis-54081"
38.5,18,0.05,"Sardinops sagax","Fis-54081"
39,18,0.01,"Sardinops sagax","Fis-54081"
56.5,18,0.68,"Sardinops sagax","Fis-54081"
57,18,0.84,"Sardinops sagax","Fis-54081"
57.5,18,0.7,"Sardinops sagax","Fis-54081"
58,18,0.42,"Sardinops sagax","Fis-54081"
71,18,0.14,"Sardinops sagax","Fis-54081"
71.5,18,0.15,"Sardinops sagax","Fis-54081"
72,18,0.16,"Sardinops sagax","Fis-54081"
72.5,18,0.23,"Sardinops sagax","Fis-54081"
73,18,0.28,"Sardinops sagax","Fis-54081"
73.5,18,0.29,"Sardinops sagax","Fis-54081"
84,18,0.21,"Sardinops sagax","Fis-54081"
84.5,18,0.21,"Sardinops sagax","Fis-54081"
94,18,0.16,"Sardinops sagax","Fis-54081"
94.5,18,0.15,"Sardinops sagax","Fis-54081"
95,18,0.12,"Sardinops sagax","Fis-54081"
106,18,0.06,"Sardinops sagax","Fis-54081"
106.5,18,0.67,"Sardinops sagax","Fis-54081"
107,18,0.61,"Sardinops sagax","Fis-54081"
107.5,18,0.41,"Sardinops sagax","Fis-54081"
108,18,0.48,"Sardinops sagax","Fis-54081"
108.5,18,0.45,"Sardinops sagax","Fis-54081"
109,18,0.47,"Sardinops sagax","Fis-54081"
109.5,18,0.51,"Sardinops sagax","Fis-54081"
110,18,0.54,"Sardinops sagax","Fis-54081"
110.5,18,0.51,"Sardinops sagax","Fis-54081"
111,18,0.45,"Sardinops sagax","Fis-54081"
111.5,18,0.33,"Sardinops sagax","Fis-54081"
120.5,18,0.13,"Sardinops sagax","Fis-54081"
121,18,0.2,"Sardinops sagax","Fis-54081"
122,18,0.26,"Sardinops sagax","Fis-54081"
122.5,18,0.22,"Sardinops sagax","Fis-54081"
146,18,0.03,"Sardinops sagax","Fis-54081"
-102.5,17.5,0.09,"Sardinops sagax","Fis-54081"
-102,17.5,0.16,"Sardinops sagax","Fis-54081"
-101.5,17.5,0.16,"Sardinops sagax","Fis-54081"
-101,17.5,0.17,"Sardinops sagax","Fis-54081"
55.5,17.5,0.75,"Sardinops sagax","Fis-54081"
56,17.5,0.83,"Sardinops sagax","Fis-54081"
56.5,17.5,0.81,"Sardinops sagax","Fis-54081"
57,17.5,0.71,"Sardinops sagax","Fis-54081"
57.5,17.5,0.61,"Sardinops sagax","Fis-54081"
71,17.5,0.12,"Sardinops sagax","Fis-54081"
71.5,17.5,0.12,"Sardinops sagax","Fis-54081"
72,17.5,0.14,"Sardinops sagax","Fis-54081"
72.5,17.5,0.18,"Sardinops sagax","Fis-54081"
73,17.5,0.25,"Sardinops sagax","Fis-54081"
73.5,17.5,0.27,"Sardinops sagax","Fis-54081"
83.5,17.5,0.21,"Sardinops sagax","Fis-54081"
84,17.5,0.19,"Sardinops sagax","Fis-54081"
84.5,17.5,0.18,"Sardinops sagax","Fis-54081"
94.5,17.5,0.17,"Sardinops sagax","Fis-54081"
95,17.5,0.12,"Sardinops sagax","Fis-54081"
106.5,17.5,0.62,"Sardinops sagax","Fis-54081"
107,17.5,0.63,"Sardinops sagax","Fis-54081"
107.5,17.5,0.55,"Sardinops sagax","Fis-54081"
108,17.5,0.49,"Sardinops sagax","Fis-54081"
108.5,17.5,0.45,"Sardinops sagax","Fis-54081"
109,17.5,0.44,"Sardinops sagax","Fis-54081"
109.5,17.5,0.45,"Sardinops sagax","Fis-54081"
110,17.5,0.44,"Sardinops sagax","Fis-54081"
110.5,17.5,0.42,"Sardinops sagax","Fis-54081"
111,17.5,0.32,"Sardinops sagax","Fis-54081"
120.5,17.5,0.11,"Sardinops sagax","Fis-54081"
122.5,17.5,0.21,"Sardinops sagax","Fis-54081"
146,17.5,0.03,"Sardinops sagax","Fis-54081"
-101,17,0.12,"Sardinops sagax","Fis-54081"
-100.5,17,0.13,"Sardinops sagax","Fis-54081"
-100,17,0.14,"Sardinops sagax","Fis-54081"
54.5,17,0.6,"Sardinops sagax","Fis-54081"
55,17,0.68,"Sardinops sagax","Fis-54081"
55.5,17,0.7,"Sardinops sagax","Fis-54081"
72,17,0.11,"Sardinops sagax","Fis-54081"
72.5,17,0.14,"Sardinops sagax","Fis-54081"
73,17,0.21,"Sardinops sagax","Fis-54081"
73.5,17,0.24,"Sardinops sagax","Fis-54081"
82.5,17,0.2,"Sardinops sagax","Fis-54081"
83,17,0.21,"Sardinops sagax","Fis-54081"
83.5,17,0.18,"Sardinops sagax","Fis-54081"
84,17,0.17,"Sardinops sagax","Fis-54081"
94.5,17,0.17,"Sardinops sagax","Fis-54081"
95,17,0.12,"Sardinops sagax","Fis-54081"
107,17,0.59,"Sardinops sagax","Fis-54081"
107.5,17,0.61,"Sardinops sagax","Fis-54081"
108,17,0.53,"Sardinops sagax","Fis-54081"
108.5,17,0.46,"Sardinops sagax","Fis-54081"
109,17,0.43,"Sardinops sagax","Fis-54081"
109.5,17,0.42,"Sardinops sagax","Fis-54081"
110,17,0.39,"Sardinops sagax","Fis-54081"
110.5,17,0.29,"Sardinops sagax","Fis-54081"
111.5,17,0.21,"Sardinops sagax","Fis-54081"
112,17,0.2,"Sardinops sagax","Fis-54081"
112.5,17,0.2,"Sardinops sagax","Fis-54081"
120.5,17,0.11,"Sardinops sagax","Fis-54081"
122.5,17,0.18,"Sardinops sagax","Fis-54081"
123,17,0.11,"Sardinops sagax","Fis-54081"
153,17,0.01,"Sardinops sagax","Fis-54081"
-100,16.5,0.09,"Sardinops sagax","Fis-54081"
-99.5,16.5,0.09,"Sardinops sagax","Fis-54081"
-99,16.5,0.1,"Sardinops sagax","Fis-54081"
-98.5,16.5,0.11,"Sardinops sagax","Fis-54081"
53,16.5,0.51,"Sardinops sagax","Fis-54081"
53.5,16.5,0.5,"Sardinops sagax","Fis-54081"
54,16.5,0.53,"Sardinops sagax","Fis-54081"
54.5,16.5,0.54,"Sardinops sagax","Fis-54081"
55,16.5,0.54,"Sardinops sagax","Fis-54081"
72.5,16.5,0.12,"Sardinops sagax","Fis-54081"
73,16.5,0.18,"Sardinops sagax","Fis-54081"
73.5,16.5,0.22,"Sardinops sagax","Fis-54081"
82.5,16.5,0.19,"Sardinops sagax","Fis-54081"
83,16.5,0.18,"Sardinops sagax","Fis-54081"
83.5,16.5,0.06,"Sardinops sagax","Fis-54081"
94.5,16.5,0.16,"Sardinops sagax","Fis-54081"
107.5,16.5,0.57,"Sardinops sagax","Fis-54081"
108,16.5,0.58,"Sardinops sagax","Fis-54081"
108.5,16.5,0.5,"Sardinops sagax","Fis-54081"
109,16.5,0.43,"Sardinops sagax","Fis-54081"
109.5,16.5,0.4,"Sardinops sagax","Fis-54081"
110,16.5,0.28,"Sardinops sagax","Fis-54081"
112,16.5,0.19,"Sardinops sagax","Fis-54081"
112.5,16.5,0.19,"Sardinops sagax","Fis-54081"
113,16.5,0.19,"Sardinops sagax","Fis-54081"
120,16.5,0.01,"Sardinops sagax","Fis-54081"
120.5,16.5,0.11,"Sardinops sagax","Fis-54081"
122.5,16.5,0.16,"Sardinops sagax","Fis-54081"
123,16.5,0.1,"Sardinops sagax","Fis-54081"
146,16.5,0.02,"Sardinops sagax","Fis-54081"
-98.5,16,0.06,"Sardinops sagax","Fis-54081"
-98,16,0.06,"Sardinops sagax","Fis-54081"
-97.5,16,0.09,"Sardinops sagax","Fis-54081"
-95,16,0.22,"Sardinops sagax","Fis-54081"
-94.5,16,0.2,"Sardinops sagax","Fis-54081"
-94,16,0.16,"Sardinops sagax","Fis-54081"
-93.5,16,0.01,"Sardinops sagax","Fis-54081"
52.5,16,0.54,"Sardinops sagax","Fis-54081"
53,16,0.49,"Sardinops sagax","Fis-54081"
73,16,0.16,"Sardinops sagax","Fis-54081"
73.5,16,0.2,"Sardinops sagax","Fis-54081"
74,16,0.13,"Sardinops sagax","Fis-54081"
81.5,16,0.17,"Sardinops sagax","Fis-54081"
82,16,0.16,"Sardinops sagax","Fis-54081"
82.5,16,0.15,"Sardinops sagax","Fis-54081"
94.5,16,0.12,"Sardinops sagax","Fis-54081"
95,16,0.01,"Sardinops sagax","Fis-54081"
108,16,0.55,"Sardinops sagax","Fis-54081"
108.5,16,0.55,"Sardinops sagax","Fis-54081"
109,16,0.47,"Sardinops sagax","Fis-54081"
109.5,16,0.39,"Sardinops sagax","Fis-54081"
111.5,16,0.06,"Sardinops sagax","Fis-54081"
112,16,0.18,"Sardinops sagax","Fis-54081"
112.5,16,0.17,"Sardinops sagax","Fis-54081"
113,16,0.17,"Sardinops sagax","Fis-54081"
114.5,16,0.18,"Sardinops sagax","Fis-54081"
120,16,0.11,"Sardinops sagax","Fis-54081"
120.5,16,0.11,"Sardinops sagax","Fis-54081"
122,16,0.16,"Sardinops sagax","Fis-54081"
122.5,16,0.15,"Sardinops sagax","Fis-54081"
146,16,0.02,"Sardinops sagax","Fis-54081"
146.5,16,0.01,"Sardinops sagax","Fis-54081"
-97.5,15.5,0.04,"Sardinops sagax","Fis-54081"
-97,15.5,0.06,"Sardinops sagax","Fis-54081"
-96.5,15.5,0.08,"Sardinops sagax","Fis-54081"
-96,15.5,0.14,"Sardinops sagax","Fis-54081"
-95.5,15.5,0.19,"Sardinops sagax","Fis-54081"
-95,15.5,0.25,"Sardinops sagax","Fis-54081"
-94.5,15.5,0.22,"Sardinops sagax","Fis-54081"
-94,15.5,0.1,"Sardinops sagax","Fis-54081"
-93.5,15.5,0.02,"Sardinops sagax","Fis-54081"
-93,15.5,0.04,"Sardinops sagax","Fis-54081"
41.5,15.5,0.01,"Sardinops sagax","Fis-54081"
42,15.5,0.02,"Sardinops sagax","Fis-54081"
52,15.5,0.47,"Sardinops sagax","Fis-54081"
52.5,15.5,0.51,"Sardinops sagax","Fis-54081"
73,15.5,0.14,"Sardinops sagax","Fis-54081"
73.5,15.5,0.18,"Sardinops sagax","Fis-54081"
74,15.5,0.2,"Sardinops sagax","Fis-54081"
80.5,15.5,0.14,"Sardinops sagax","Fis-54081"
81,15.5,0.14,"Sardinops sagax","Fis-54081"
81.5,15.5,0.15,"Sardinops sagax","Fis-54081"
94,15.5,0.14,"Sardinops sagax","Fis-54081"
94.5,15.5,0.08,"Sardinops sagax","Fis-54081"
95,15.5,0.04,"Sardinops sagax","Fis-54081"
95.5,15.5,0.04,"Sardinops sagax","Fis-54081"
96,15.5,0.03,"Sardinops sagax","Fis-54081"
96.5,15.5,0.06,"Sardinops sagax","Fis-54081"
97,15.5,0.05,"Sardinops sagax","Fis-54081"
97.5,15.5,0.04,"Sardinops sagax","Fis-54081"
98,15.5,0.01,"Sardinops sagax","Fis-54081"
108.5,15.5,0.52,"Sardinops sagax","Fis-54081"
109,15.5,0.5,"Sardinops sagax","Fis-54081"
109.5,15.5,0.41,"Sardinops sagax","Fis-54081"
110,15.5,0.21,"Sardinops sagax","Fis-54081"
111.5,15.5,0.17,"Sardinops sagax","Fis-54081"
114,15.5,0.19,"Sardinops sagax","Fis-54081"
114.5,15.5,0.24,"Sardinops sagax","Fis-54081"
120,15.5,0.09,"Sardinops sagax","Fis-54081"
122,15.5,0.18,"Sardinops sagax","Fis-54081"
124.5,15.5,0.02,"Sardinops sagax","Fis-54081"
-94.5,15,0.08,"Sardinops sagax","Fis-54081"
-94,15,0.03,"Sardinops sagax","Fis-54081"
-93.5,15,0.03,"Sardinops sagax","Fis-54081"
-92.5,15,0.02,"Sardinops sagax","Fis-54081"
41.5,15,0.02,"Sardinops sagax","Fis-54081"
42,15,0.02,"Sardinops sagax","Fis-54081"
50.5,15,0.34,"Sardinops sagax","Fis-54081"
51,15,0.38,"Sardinops sagax","Fis-54081"
51.5,15,0.4,"Sardinops sagax","Fis-54081"
52,15,0.44,"Sardinops sagax","Fis-54081"
52.5,15,0.45,"Sardinops sagax","Fis-54081"
73.5,15,0.15,"Sardinops sagax","Fis-54081"
74,15,0.2,"Sardinops sagax","Fis-54081"
74.5,15,0.2,"Sardinops sagax","Fis-54081"
80.5,15,0.18,"Sardinops sagax","Fis-54081"
81,15,0.14,"Sardinops sagax","Fis-54081"
94,15,0.13,"Sardinops sagax","Fis-54081"
94.5,15,0.12,"Sardinops sagax","Fis-54081"
95,15,0.08,"Sardinops sagax","Fis-54081"
95.5,15,0.06,"Sardinops sagax","Fis-54081"
96,15,0.07,"Sardinops sagax","Fis-54081"
96.5,15,0.07,"Sardinops sagax","Fis-54081"
97,15,0.02,"Sardinops sagax","Fis-54081"
97.5,15,0.02,"Sardinops sagax","Fis-54081"
98,15,0.04,"Sardinops sagax","Fis-54081"
109,15,0.5,"Sardinops sagax","Fis-54081"
109.5,15,0.44,"Sardinops sagax","Fis-54081"
110,15,0.28,"Sardinops sagax","Fis-54081"
118,15,0.08,"Sardinops sagax","Fis-54081"
120,15,0.09,"Sardinops sagax","Fis-54081"
120.5,15,0.12,"Sardinops sagax","Fis-54081"
121.5,15,0.17,"Sardinops sagax","Fis-54081"
122,15,0.19,"Sardinops sagax","Fis-54081"
122.5,15,0.17,"Sardinops sagax","Fis-54081"
146,15,0.02,"Sardinops sagax","Fis-54081"
-94,14.5,0.12,"Sardinops sagax","Fis-54081"
-93.5,14.5,0.07,"Sardinops sagax","Fis-54081"
-92,14.5,0.01,"Sardinops sagax","Fis-54081"
41.5,14.5,0.02,"Sardinops sagax","Fis-54081"
42,14.5,0.03,"Sardinops sagax","Fis-54081"
42.5,14.5,0.01,"Sardinops sagax","Fis-54081"
43,14.5,0.03,"Sardinops sagax","Fis-54081"
49.5,14.5,0.27,"Sardinops sagax","Fis-54081"
50,14.5,0.29,"Sardinops sagax","Fis-54081"
50.5,14.5,0.29,"Sardinops sagax","Fis-54081"
51,14.5,0.28,"Sardinops sagax","Fis-54081"
51.5,14.5,0.09,"Sardinops sagax","Fis-54081"
73.5,14.5,0.13,"Sardinops sagax","Fis-54081"
74,14.5,0.17,"Sardinops sagax","Fis-54081"
74.5,14.5,0.19,"Sardinops sagax","Fis-54081"
80.5,14.5,0.18,"Sardinops sagax","Fis-54081"
93.5,14.5,0.15,"Sardinops sagax","Fis-54081"
94,14.5,0.09,"Sardinops sagax","Fis-54081"
94.5,14.5,0.09,"Sardinops sagax","Fis-54081"
95,14.5,0.1,"Sardinops sagax","Fis-54081"
95.5,14.5,0.09,"Sardinops sagax","Fis-54081"
96,14.5,0.08,"Sardinops sagax","Fis-54081"
96.5,14.5,0.05,"Sardinops sagax","Fis-54081"
97,14.5,0.01,"Sardinops sagax","Fis-54081"
98,14.5,0.07,"Sardinops sagax","Fis-54081"
109,14.5,0.49,"Sardinops sagax","Fis-54081"
109.5,14.5,0.46,"Sardinops sagax","Fis-54081"
110,14.5,0.28,"Sardinops sagax","Fis-54081"
120.5,14.5,0.13,"Sardinops sagax","Fis-54081"
121,14.5,0.15,"Sardinops sagax","Fis-54081"
121.5,14.5,0.03,"Sardinops sagax","Fis-54081"
122,14.5,0.21,"Sardinops sagax","Fis-54081"
122.5,14.5,0.19,"Sardinops sagax","Fis-54081"
123,14.5,0.16,"Sardinops sagax","Fis-54081"
123.5,14.5,0.14,"Sardinops sagax","Fis-54081"
146,14.5,0.01,"Sardinops sagax","Fis-54081"
-91.5,14,0.01,"Sardinops sagax","Fis-54081"
-91,14,0.01,"Sardinops sagax","Fis-54081"
42,14,0.05,"Sardinops sagax","Fis-54081"
42.5,14,0.03,"Sardinops sagax","Fis-54081"
43,14,0.06,"Sardinops sagax","Fis-54081"
43.5,14,0.06,"Sardinops sagax","Fis-54081"
48,14,0.19,"Sardinops sagax","Fis-54081"
48.5,14,0.22,"Sardinops sagax","Fis-54081"
49,14,0.24,"Sardinops sagax","Fis-54081"
49.5,14,0.26,"Sardinops sagax","Fis-54081"
73.5,14,0.11,"Sardinops sagax","Fis-54081"
74,14,0.14,"Sardinops sagax","Fis-54081"
74.5,14,0.17,"Sardinops sagax","Fis-54081"
75,14,0.18,"Sardinops sagax","Fis-54081"
80.5,14,0.18,"Sardinops sagax","Fis-54081"
93.5,14,0.15,"Sardinops sagax","Fis-54081"
94,14,0.11,"Sardinops sagax","Fis-54081"
94.5,14,0.07,"Sardinops sagax","Fis-54081"
95,14,0.06,"Sardinops sagax","Fis-54081"
95.5,14,0.05,"Sardinops sagax","Fis-54081"
96,14,0.03,"Sardinops sagax","Fis-54081"
96.5,14,0.01,"Sardinops sagax","Fis-54081"
98,14,0.07,"Sardinops sagax","Fis-54081"
98.5,14,0.05,"Sardinops sagax","Fis-54081"
109.5,14,0.47,"Sardinops sagax","Fis-54081"
120.5,14,0.16,"Sardinops sagax","Fis-54081"
121,14,0.19,"Sardinops sagax","Fis-54081"
122,14,0.2,"Sardinops sagax","Fis-54081"
122.5,14,0.19,"Sardinops sagax","Fis-54081"
123,14,0.17,"Sardinops sagax","Fis-54081"
123.5,14,0.15,"Sardinops sagax","Fis-54081"
124,14,0.14,"Sardinops sagax","Fis-54081"
124.5,14,0.12,"Sardinops sagax","Fis-54081"
-91,13.5,0.01,"Sardinops sagax","Fis-54081"
-90.5,13.5,0.03,"Sardinops sagax","Fis-54081"
-90,13.5,0.04,"Sardinops sagax","Fis-54081"
-89.5,13.5,0.07,"Sardinops sagax","Fis-54081"
-89,13.5,0.09,"Sardinops sagax","Fis-54081"
42,13.5,0.02,"Sardinops sagax","Fis-54081"
42.5,13.5,0.08,"Sardinops sagax","Fis-54081"
43,13.5,0.09,"Sardinops sagax","Fis-54081"
43.5,13.5,0.09,"Sardinops sagax","Fis-54081"
47,13.5,0.16,"Sardinops sagax","Fis-54081"
47.5,13.5,0.18,"Sardinops sagax","Fis-54081"
48,13.5,0.21,"Sardinops sagax","Fis-54081"
48.5,13.5,0.2,"Sardinops sagax","Fis-54081"
49,13.5,0.21,"Sardinops sagax","Fis-54081"
74,13.5,0.12,"Sardinops sagax","Fis-54081"
74.5,13.5,0.15,"Sardinops sagax","Fis-54081"
75,13.5,0.17,"Sardinops sagax","Fis-54081"
80.5,13.5,0.18,"Sardinops sagax","Fis-54081"
81,13.5,0.13,"Sardinops sagax","Fis-54081"
93,13.5,0.14,"Sardinops sagax","Fis-54081"
93.5,13.5,0.13,"Sardinops sagax","Fis-54081"
94.5,13.5,0.02,"Sardinops sagax","Fis-54081"
98,13.5,0.04,"Sardinops sagax","Fis-54081"
98.5,13.5,0.06,"Sardinops sagax","Fis-54081"
109.5,13.5,0.48,"Sardinops sagax","Fis-54081"
110,13.5,0.27,"Sardinops sagax","Fis-54081"
120.5,13.5,0.16,"Sardinops sagax","Fis-54081"
121,13.5,0.23,"Sardinops sagax","Fis-54081"
121.5,13.5,0.21,"Sardinops sagax","Fis-54081"
122,13.5,0.18,"Sardinops sagax","Fis-54081"
122.5,13.5,0.18,"Sardinops sagax","Fis-54081"
123,13.5,0.17,"Sardinops sagax","Fis-54081"
123.5,13.5,0.17,"Sardinops sagax","Fis-54081"
124,13.5,0.14,"Sardinops sagax","Fis-54081"
124.5,13.5,0.13,"Sardinops sagax","Fis-54081"
125,13.5,0.03,"Sardinops sagax","Fis-54081"
145,13.5,0.01,"Sardinops sagax","Fis-54081"
-91,13,0.04,"Sardinops sagax","Fis-54081"
-90.5,13,0.05,"Sardinops sagax","Fis-54081"
-90,13,0.06,"Sardinops sagax","Fis-54081"
-89.5,13,0.07,"Sardinops sagax","Fis-54081"
-89,13,0.07,"Sardinops sagax","Fis-54081"
-88.5,13,0.07,"Sardinops sagax","Fis-54081"
-88,13,0.07,"Sardinops sagax","Fis-54081"
-87.5,13,0.06,"Sardinops sagax","Fis-54081"
-87,13,0.13,"Sardinops sagax","Fis-54081"
42.5,13,0.05,"Sardinops sagax","Fis-54081"
43,13,0.11,"Sardinops sagax","Fis-54081"
43.5,13,0.1,"Sardinops sagax","Fis-54081"
45.5,13,0.15,"Sardinops sagax","Fis-54081"
46,13,0.17,"Sardinops sagax","Fis-54081"
46.5,13,0.17,"Sardinops sagax","Fis-54081"
47,13,0.16,"Sardinops sagax","Fis-54081"
74,13,0.11,"Sardinops sagax","Fis-54081"
74.5,13,0.14,"Sardinops sagax","Fis-54081"
75,13,0.17,"Sardinops sagax","Fis-54081"
80.5,13,0.17,"Sardinops sagax","Fis-54081"
81,13,0.13,"Sardinops sagax","Fis-54081"
92.5,13,0.11,"Sardinops sagax","Fis-54081"
93,13,0.12,"Sardinops sagax","Fis-54081"
93.5,13,0.1,"Sardinops sagax","Fis-54081"
94.5,13,0.07,"Sardinops sagax","Fis-54081"
98,13,0.01,"Sardinops sagax","Fis-54081"
98.5,13,0.09,"Sardinops sagax","Fis-54081"
99,13,0.04,"Sardinops sagax","Fis-54081"
109.5,13,0.47,"Sardinops sagax","Fis-54081"
110,13,0.37,"Sardinops sagax","Fis-54081"
120.5,13,0.09,"Sardinops sagax","Fis-54081"
121,13,0.16,"Sardinops sagax","Fis-54081"
121.5,13,0.21,"Sardinops sagax","Fis-54081"
122,13,0.19,"Sardinops sagax","Fis-54081"
122.5,13,0.16,"Sardinops sagax","Fis-54081"
123,13,0.19,"Sardinops sagax","Fis-54081"
123.5,13,0.21,"Sardinops sagax","Fis-54081"
124,13,0.18,"Sardinops sagax","Fis-54081"
124.5,13,0.11,"Sardinops sagax","Fis-54081"
145,13,0.01,"Sardinops sagax","Fis-54081"
-89.5,12.5,0.03,"Sardinops sagax","Fis-54081"
-89,12.5,0.11,"Sardinops sagax","Fis-54081"
-88.5,12.5,0.11,"Sardinops sagax","Fis-54081"
-88,12.5,0.11,"Sardinops sagax","Fis-54081"
-87.5,12.5,0.1,"Sardinops sagax","Fis-54081"
-87,12.5,0.14,"Sardinops sagax","Fis-54081"
43,12.5,0.03,"Sardinops sagax","Fis-54081"
43.5,12.5,0.1,"Sardinops sagax","Fis-54081"
44,12.5,0.12,"Sardinops sagax","Fis-54081"
44.5,12.5,0.14,"Sardinops sagax","Fis-54081"
45,12.5,0.16,"Sardinops sagax","Fis-54081"
45.5,12.5,0.16,"Sardinops sagax","Fis-54081"
46,12.5,0.11,"Sardinops sagax","Fis-54081"
53.5,12.5,0.54,"Sardinops sagax","Fis-54081"
54,12.5,0.5,"Sardinops sagax","Fis-54081"
54.5,12.5,0.48,"Sardinops sagax","Fis-54081"
55,12.5,0.48,"Sardinops sagax","Fis-54081"
74.5,12.5,0.14,"Sardinops sagax","Fis-54081"
75,12.5,0.17,"Sardinops sagax","Fis-54081"
75.5,12.5,0.13,"Sardinops sagax","Fis-54081"
80.5,12.5,0.17,"Sardinops sagax","Fis-54081"
81,12.5,0.12,"Sardinops sagax","Fis-54081"
92.5,12.5,0.07,"Sardinops sagax","Fis-54081"
93,12.5,0.11,"Sardinops sagax","Fis-54081"
93.5,12.5,0.09,"Sardinops sagax","Fis-54081"
98,12.5,0.05,"Sardinops sagax","Fis-54081"
98.5,12.5,0.1,"Sardinops sagax","Fis-54081"
99,12.5,0.06,"Sardinops sagax","Fis-54081"
100,12.5,0.01,"Sardinops sagax","Fis-54081"
101.5,12.5,0.01,"Sardinops sagax","Fis-54081"
102,12.5,0.02,"Sardinops sagax","Fis-54081"
102.5,12.5,0.03,"Sardinops sagax","Fis-54081"
109.5,12.5,0.43,"Sardinops sagax","Fis-54081"
110,12.5,0.36,"Sardinops sagax","Fis-54081"
120,12.5,0.05,"Sardinops sagax","Fis-54081"
120.5,12.5,0.07,"Sardinops sagax","Fis-54081"
121,12.5,0.09,"Sardinops sagax","Fis-54081"
121.5,12.5,0.02,"Sardinops sagax","Fis-54081"
122,12.5,0.19,"Sardinops sagax","Fis-54081"
122.5,12.5,0.17,"Sardinops sagax","Fis-54081"
123,12.5,0.16,"Sardinops sagax","Fis-54081"
123.5,12.5,0.21,"Sardinops sagax","Fis-54081"
124,12.5,0.27,"Sardinops sagax","Fis-54081"
124.5,12.5,0.24,"Sardinops sagax","Fis-54081"
125,12.5,0.1,"Sardinops sagax","Fis-54081"
125.5,12.5,0.06,"Sardinops sagax","Fis-54081"
-88.5,12,0.07,"Sardinops sagax","Fis-54081"
-88,12,0.17,"Sardinops sagax","Fis-54081"
-87.5,12,0.17,"Sardinops sagax","Fis-54081"
-87,12,0.17,"Sardinops sagax","Fis-54081"
-86.5,12,0.21,"Sardinops sagax","Fis-54081"
43.5,12,0.08,"Sardinops sagax","Fis-54081"
44,12,0.12,"Sardinops sagax","Fis-54081"
44.5,12,0.14,"Sardinops sagax","Fis-54081"
45,12,0.15,"Sardinops sagax","Fis-54081"
51,12,0.21,"Sardinops sagax","Fis-54081"
51.5,12,0.33,"Sardinops sagax","Fis-54081"
52.5,12,0.56,"Sardinops sagax","Fis-54081"
53,12,0.58,"Sardinops sagax","Fis-54081"
53.5,12,0.57,"Sardinops sagax","Fis-54081"
54,12,0.55,"Sardinops sagax","Fis-54081"
54.5,12,0.52,"Sardinops sagax","Fis-54081"
55,12,0.5,"Sardinops sagax","Fis-54081"
72,12,0.08,"Sardinops sagax","Fis-54081"
74.5,12,0.13,"Sardinops sagax","Fis-54081"
75,12,0.17,"Sardinops sagax","Fis-54081"
75.5,12,0.18,"Sardinops sagax","Fis-54081"
80,12,0.17,"Sardinops sagax","Fis-54081"
80.5,12,0.14,"Sardinops sagax","Fis-54081"
81,12,0.1,"Sardinops sagax","Fis-54081"
92.5,12,0.07,"Sardinops sagax","Fis-54081"
93,12,0.1,"Sardinops sagax","Fis-54081"
93.5,12,0.09,"Sardinops sagax","Fis-54081"
94,12,0.06,"Sardinops sagax","Fis-54081"
97.5,12,0.01,"Sardinops sagax","Fis-54081"
98,12,0.09,"Sardinops sagax","Fis-54081"
98.5,12,0.1,"Sardinops sagax","Fis-54081"
99,12,0.05,"Sardinops sagax","Fis-54081"
100,12,0.03,"Sardinops sagax","Fis-54081"
100.5,12,0.03,"Sardinops sagax","Fis-54081"
101,12,0.02,"Sardinops sagax","Fis-54081"
101.5,12,0.02,"Sardinops sagax","Fis-54081"
102,12,0.02,"Sardinops sagax","Fis-54081"
102.5,12,0.01,"Sardinops sagax","Fis-54081"
103,12,0.03,"Sardinops sagax","Fis-54081"
109.5,12,0.44,"Sardinops sagax","Fis-54081"
110,12,0.35,"Sardinops sagax","Fis-54081"
117.5,12,0.06,"Sardinops sagax","Fis-54081"
120,12,0.08,"Sardinops sagax","Fis-54081"
120.5,12,0.1,"Sardinops sagax","Fis-54081"
121,12,0.14,"Sardinops sagax","Fis-54081"
121.5,12,0.21,"Sardinops sagax","Fis-54081"
122,12,0.2,"Sardinops sagax","Fis-54081"
122.5,12,0.17,"Sardinops sagax","Fis-54081"
123,12,0.16,"Sardinops sagax","Fis-54081"
123.5,12,0.18,"Sardinops sagax","Fis-54081"
124,12,0.26,"Sardinops sagax","Fis-54081"
124.5,12,0.24,"Sardinops sagax","Fis-54081"
125,12,0.15,"Sardinops sagax","Fis-54081"
125.5,12,0.1,"Sardinops sagax","Fis-54081"
126,12,0.08,"Sardinops sagax","Fis-54081"
-87,11.5,0.25,"Sardinops sagax","Fis-54081"
-86.5,11.5,0.26,"Sardinops sagax","Fis-54081"
-86,11.5,0.28,"Sardinops sagax","Fis-54081"
42.5,11.5,0.02,"Sardinops sagax","Fis-54081"
43,11.5,0.02,"Sardinops sagax","Fis-54081"
43.5,11.5,0.04,"Sardinops sagax","Fis-54081"
44,11.5,0.1,"Sardinops sagax","Fis-54081"
50,11.5,0.14,"Sardinops sagax","Fis-54081"
50.5,11.5,0.16,"Sardinops sagax","Fis-54081"
51,11.5,0.32,"Sardinops sagax","Fis-54081"
51.5,11.5,0.47,"Sardinops sagax","Fis-54081"
52,11.5,0.53,"Sardinops sagax","Fis-54081"
53,11.5,0.59,"Sardinops sagax","Fis-54081"
53.5,11.5,0.57,"Sardinops sagax","Fis-54081"
54,11.5,0.54,"Sardinops sagax","Fis-54081"
72,11.5,0.07,"Sardinops sagax","Fis-54081"
72.5,11.5,0.07,"Sardinops sagax","Fis-54081"
73,11.5,0.07,"Sardinops sagax","Fis-54081"
73.5,11.5,0.06,"Sardinops sagax","Fis-54081"
74.5,11.5,0.02,"Sardinops sagax","Fis-54081"
75,11.5,0.15,"Sardinops sagax","Fis-54081"
75.5,11.5,0.2,"Sardinops sagax","Fis-54081"
76,11.5,0.14,"Sardinops sagax","Fis-54081"
80,11.5,0.17,"Sardinops sagax","Fis-54081"
80.5,11.5,0.13,"Sardinops sagax","Fis-54081"
92.5,11.5,0.08,"Sardinops sagax","Fis-54081"
93,11.5,0.11,"Sardinops sagax","Fis-54081"
93.5,11.5,0.09,"Sardinops sagax","Fis-54081"
94,11.5,0.05,"Sardinops sagax","Fis-54081"
97.5,11.5,0.02,"Sardinops sagax","Fis-54081"
98,11.5,0.07,"Sardinops sagax","Fis-54081"
98.5,11.5,0.1,"Sardinops sagax","Fis-54081"
99,11.5,0.08,"Sardinops sagax","Fis-54081"
100,11.5,0.04,"Sardinops sagax","Fis-54081"
100.5,11.5,0.03,"Sardinops sagax","Fis-54081"
101,11.5,0.02,"Sardinops sagax","Fis-54081"
101.5,11.5,0.02,"Sardinops sagax","Fis-54081"
102,11.5,0.02,"Sardinops sagax","Fis-54081"
102.5,11.5,0.02,"Sardinops sagax","Fis-54081"
103,11.5,0.01,"Sardinops sagax","Fis-54081"
103.5,11.5,0.04,"Sardinops sagax","Fis-54081"
109.5,11.5,0.44,"Sardinops sagax","Fis-54081"
110,11.5,0.34,"Sardinops sagax","Fis-54081"
115,11.5,0.11,"Sardinops sagax","Fis-54081"
116.5,11.5,0.08,"Sardinops sagax","Fis-54081"
117,11.5,0.09,"Sardinops sagax","Fis-54081"
117.5,11.5,0.06,"Sardinops sagax","Fis-54081"
119.5,11.5,0.09,"Sardinops sagax","Fis-54081"
120,11.5,0.13,"Sardinops sagax","Fis-54081"
120.5,11.5,0.15,"Sardinops sagax","Fis-54081"
121,11.5,0.16,"Sardinops sagax","Fis-54081"
121.5,11.5,0.19,"Sardinops sagax","Fis-54081"
122,11.5,0.17,"Sardinops sagax","Fis-54081"
122.5,11.5,0.16,"Sardinops sagax","Fis-54081"
123,11.5,0.16,"Sardinops sagax","Fis-54081"
123.5,11.5,0.17,"Sardinops sagax","Fis-54081"
124,11.5,0.19,"Sardinops sagax","Fis-54081"
124.5,11.5,0.16,"Sardinops sagax","Fis-54081"
125,11.5,0.11,"Sardinops sagax","Fis-54081"
125.5,11.5,0.1,"Sardinops sagax","Fis-54081"
126,11.5,0.08,"Sardinops sagax","Fis-54081"
162.5,11.5,0.18,"Sardinops sagax","Fis-54081"
165.5,11.5,0.2,"Sardinops sagax","Fis-54081"
166,11.5,0.19,"Sardinops sagax","Fis-54081"
167,11.5,0.03,"Sardinops sagax","Fis-54081"
-87,11,0.32,"Sardinops sagax","Fis-54081"
-86.5,11,0.34,"Sardinops sagax","Fis-54081"
-86,11,0.35,"Sardinops sagax","Fis-54081"
-85.5,11,0.31,"Sardinops sagax","Fis-54081"
44,11,0.08,"Sardinops sagax","Fis-54081"
47.5,11,0.15,"Sardinops sagax","Fis-54081"
48,11,0.14,"Sardinops sagax","Fis-54081"
48.5,11,0.14,"Sardinops sagax","Fis-54081"
49,11,0.17,"Sardinops sagax","Fis-54081"
49.5,11,0.2,"Sardinops sagax","Fis-54081"
50,11,0.25,"Sardinops sagax","Fis-54081"
51.5,11,0.62,"Sardinops sagax","Fis-54081"
52,11,0.62,"Sardinops sagax","Fis-54081"
72.5,11,0.08,"Sardinops sagax","Fis-54081"
73,11,0.07,"Sardinops sagax","Fis-54081"
75,11,0.13,"Sardinops sagax","Fis-54081"
75.5,11,0.18,"Sardinops sagax","Fis-54081"
76,11,0.07,"Sardinops sagax","Fis-54081"
80,11,0.14,"Sardinops sagax","Fis-54081"
80.5,11,0.13,"Sardinops sagax","Fis-54081"
92.5,11,0.09,"Sardinops sagax","Fis-54081"
93,11,0.09,"Sardinops sagax","Fis-54081"
93.5,11,0.07,"Sardinops sagax","Fis-54081"
94,11,0.05,"Sardinops sagax","Fis-54081"
97.5,11,0.02,"Sardinops sagax","Fis-54081"
98,11,0.07,"Sardinops sagax","Fis-54081"
98.5,11,0.11,"Sardinops sagax","Fis-54081"
99,11,0.08,"Sardinops sagax","Fis-54081"
100,11,0.04,"Sardinops sagax","Fis-54081"
100.5,11,0.02,"Sardinops sagax","Fis-54081"
101,11,0.01,"Sardinops sagax","Fis-54081"
101.5,11,0.01,"Sardinops sagax","Fis-54081"
102,11,0.01,"Sardinops sagax","Fis-54081"
102.5,11,0.02,"Sardinops sagax","Fis-54081"
103,11,0.02,"Sardinops sagax","Fis-54081"
103.5,11,0.02,"Sardinops sagax","Fis-54081"
104,11,0.04,"Sardinops sagax","Fis-54081"
108.5,11,0.37,"Sardinops sagax","Fis-54081"
109,11,0.45,"Sardinops sagax","Fis-54081"
109.5,11,0.4,"Sardinops sagax","Fis-54081"
110,11,0.31,"Sardinops sagax","Fis-54081"
114.5,11,0.14,"Sardinops sagax","Fis-54081"
115,11,0.11,"Sardinops sagax","Fis-54081"
115.5,11,0.01,"Sardinops sagax","Fis-54081"
116.5,11,0.08,"Sardinops sagax","Fis-54081"
117,11,0.08,"Sardinops sagax","Fis-54081"
117.5,11,0.06,"Sardinops sagax","Fis-54081"
119,11,0.07,"Sardinops sagax","Fis-54081"
119.5,11,0.12,"Sardinops sagax","Fis-54081"
120,11,0.15,"Sardinops sagax","Fis-54081"
120.5,11,0.17,"Sardinops sagax","Fis-54081"
121,11,0.18,"Sardinops sagax","Fis-54081"
121.5,11,0.16,"Sardinops sagax","Fis-54081"
122,11,0.13,"Sardinops sagax","Fis-54081"
122.5,11,0.14,"Sardinops sagax","Fis-54081"
123,11,0.15,"Sardinops sagax","Fis-54081"
123.5,11,0.14,"Sardinops sagax","Fis-54081"
124,11,0.15,"Sardinops sagax","Fis-54081"
124.5,11,0.11,"Sardinops sagax","Fis-54081"
125,11,0.11,"Sardinops sagax","Fis-54081"
125.5,11,0.12,"Sardinops sagax","Fis-54081"
126,11,0.07,"Sardinops sagax","Fis-54081"
162.5,11,0.11,"Sardinops sagax","Fis-54081"
166.5,11,0.13,"Sardinops sagax","Fis-54081"
167,11,0.12,"Sardinops sagax","Fis-54081"
167.5,11,0.09,"Sardinops sagax","Fis-54081"
168,11,0.08,"Sardinops sagax","Fis-54081"
170,11,0.05,"Sardinops sagax","Fis-54081"
-86.5,10.5,0.28,"Sardinops sagax","Fis-54081"
-86,10.5,0.26,"Sardinops sagax","Fis-54081"
-85.5,10.5,0.27,"Sardinops sagax","Fis-54081"
44,10.5,0.08,"Sardinops sagax","Fis-54081"
44.5,10.5,0.09,"Sardinops sagax","Fis-54081"
45,10.5,0.1,"Sardinops sagax","Fis-54081"
45.5,10.5,0.11,"Sardinops sagax","Fis-54081"
46,10.5,0.13,"Sardinops sagax","Fis-54081"
46.5,10.5,0.16,"Sardinops sagax","Fis-54081"
47,10.5,0.17,"Sardinops sagax","Fis-54081"
47.5,10.5,0.18,"Sardinops sagax","Fis-54081"
51.5,10.5,0.71,"Sardinops sagax","Fis-54081"
52,10.5,0.69,"Sardinops sagax","Fis-54081"
72.5,10.5,0.07,"Sardinops sagax","Fis-54081"
73,10.5,0.07,"Sardinops sagax","Fis-54081"
74,10.5,0.08,"Sardinops sagax","Fis-54081"
75.5,10.5,0.16,"Sardinops sagax","Fis-54081"
76,10.5,0.2,"Sardinops sagax","Fis-54081"
76.5,10.5,0.2,"Sardinops sagax","Fis-54081"
80,10.5,0.11,"Sardinops sagax","Fis-54081"
80.5,10.5,0.14,"Sardinops sagax","Fis-54081"
92.5,10.5,0.08,"Sardinops sagax","Fis-54081"
93,10.5,0.08,"Sardinops sagax","Fis-54081"
97.5,10.5,0.02,"Sardinops sagax","Fis-54081"
98,10.5,0.1,"Sardinops sagax","Fis-54081"
98.5,10.5,0.1,"Sardinops sagax","Fis-54081"
99,10.5,0.07,"Sardinops sagax","Fis-54081"
99.5,10.5,0.05,"Sardinops sagax","Fis-54081"
100,10.5,0.04,"Sardinops sagax","Fis-54081"
100.5,10.5,0.02,"Sardinops sagax","Fis-54081"
101,10.5,0.01,"Sardinops sagax","Fis-54081"
101.5,10.5,0.01,"Sardinops sagax","Fis-54081"
102,10.5,0.01,"Sardinops sagax","Fis-54081"
102.5,10.5,0.01,"Sardinops sagax","Fis-54081"
103,10.5,0.02,"Sardinops sagax","Fis-54081"
103.5,10.5,0.02,"Sardinops sagax","Fis-54081"
104,10.5,0.03,"Sardinops sagax","Fis-54081"
104.5,10.5,0.05,"Sardinops sagax","Fis-54081"
107,10.5,0.01,"Sardinops sagax","Fis-54081"
107.5,10.5,0.09,"Sardinops sagax","Fis-54081"
108,10.5,0.31,"Sardinops sagax","Fis-54081"
108.5,10.5,0.38,"Sardinops sagax","Fis-54081"
109,10.5,0.38,"Sardinops sagax","Fis-54081"
109.5,10.5,0.33,"Sardinops sagax","Fis-54081"
110,10.5,0.17,"Sardinops sagax","Fis-54081"
114.5,10.5,0.14,"Sardinops sagax","Fis-54081"
115,10.5,0.1,"Sardinops sagax","Fis-54081"
115.5,10.5,0.04,"Sardinops sagax","Fis-54081"
116,10.5,0.08,"Sardinops sagax","Fis-54081"
116.5,10.5,0.07,"Sardinops sagax","Fis-54081"
117,10.5,0.07,"Sardinops sagax","Fis-54081"
117.5,10.5,0.07,"Sardinops sagax","Fis-54081"
118,10.5,0.04,"Sardinops sagax","Fis-54081"
119,10.5,0.1,"Sardinops sagax","Fis-54081"
119.5,10.5,0.12,"Sardinops sagax","Fis-54081"
120,10.5,0.12,"Sardinops sagax","Fis-54081"
120.5,10.5,0.14,"Sardinops sagax","Fis-54081"
121,10.5,0.14,"Sardinops sagax","Fis-54081"
121.5,10.5,0.12,"Sardinops sagax","Fis-54081"
122,10.5,0.12,"Sardinops sagax","Fis-54081"
122.5,10.5,0.14,"Sardinops sagax","Fis-54081"
123,10.5,0.15,"Sardinops sagax","Fis-54081"
123.5,10.5,0.14,"Sardinops sagax","Fis-54081"
124,10.5,0.12,"Sardinops sagax","Fis-54081"
124.5,10.5,0.09,"Sardinops sagax","Fis-54081"
125,10.5,0.1,"Sardinops sagax","Fis-54081"
125.5,10.5,0.14,"Sardinops sagax","Fis-54081"
126,10.5,0.07,"Sardinops sagax","Fis-54081"
126.5,10.5,0.01,"Sardinops sagax","Fis-54081"
-109,10,0.25,"Sardinops sagax","Fis-54081"
-86,10,0.2,"Sardinops sagax","Fis-54081"
-85.5,10,0.19,"Sardinops sagax","Fis-54081"
-85,10,0.16,"Sardinops sagax","Fis-54081"
-84.5,10,0.18,"Sardinops sagax","Fis-54081"
44.5,10,0.11,"Sardinops sagax","Fis-54081"
45,10,0.12,"Sardinops sagax","Fis-54081"
45.5,10,0.14,"Sardinops sagax","Fis-54081"
51,10,0.58,"Sardinops sagax","Fis-54081"
51.5,10,0.72,"Sardinops sagax","Fis-54081"
52,10,0.69,"Sardinops sagax","Fis-54081"
72.5,10,0.06,"Sardinops sagax","Fis-54081"
74,10,0.07,"Sardinops sagax","Fis-54081"
76,10,0.19,"Sardinops sagax","Fis-54081"
76.5,10,0.2,"Sardinops sagax","Fis-54081"
79.5,10,0.05,"Sardinops sagax","Fis-54081"
80,10,0.1,"Sardinops sagax","Fis-54081"
80.5,10,0.15,"Sardinops sagax","Fis-54081"
81,10,0.11,"Sardinops sagax","Fis-54081"
92.5,10,0.08,"Sardinops sagax","Fis-54081"
93,10,0.07,"Sardinops sagax","Fis-54081"
97.5,10,0.03,"Sardinops sagax","Fis-54081"
98,10,0.08,"Sardinops sagax","Fis-54081"
98.5,10,0.09,"Sardinops sagax","Fis-54081"
99,10,0.06,"Sardinops sagax","Fis-54081"
99.5,10,0.03,"Sardinops sagax","Fis-54081"
100,10,0.03,"Sardinops sagax","Fis-54081"
100.5,10,0.01,"Sardinops sagax","Fis-54081"
101.5,10,0.01,"Sardinops sagax","Fis-54081"
102,10,0.01,"Sardinops sagax","Fis-54081"
102.5,10,0.01,"Sardinops sagax","Fis-54081"
103,10,0.01,"Sardinops sagax","Fis-54081"
103.5,10,0.02,"Sardinops sagax","Fis-54081"
104,10,0.03,"Sardinops sagax","Fis-54081"
104.5,10,0.04,"Sardinops sagax","Fis-54081"
105,10,0.06,"Sardinops sagax","Fis-54081"
105.5,10,0.08,"Sardinops sagax","Fis-54081"
106.5,10,0.01,"Sardinops sagax","Fis-54081"
107,10,0.07,"Sardinops sagax","Fis-54081"
107.5,10,0.13,"Sardinops sagax","Fis-54081"
108,10,0.27,"Sardinops sagax","Fis-54081"
108.5,10,0.31,"Sardinops sagax","Fis-54081"
109,10,0.31,"Sardinops sagax","Fis-54081"
109.5,10,0.27,"Sardinops sagax","Fis-54081"
110,10,0.24,"Sardinops sagax","Fis-54081"
114,10,0.15,"Sardinops sagax","Fis-54081"
114.5,10,0.13,"Sardinops sagax","Fis-54081"
115,10,0.1,"Sardinops sagax","Fis-54081"
115.5,10,0.06,"Sardinops sagax","Fis-54081"
117,10,0.07,"Sardinops sagax","Fis-54081"
119,10,0.1,"Sardinops sagax","Fis-54081"
119.5,10,0.1,"Sardinops sagax","Fis-54081"
120,10,0.1,"Sardinops sagax","Fis-54081"
120.5,10,0.09,"Sardinops sagax","Fis-54081"
121,10,0.03,"Sardinops sagax","Fis-54081"
122,10,0.12,"Sardinops sagax","Fis-54081"
122.5,10,0.15,"Sardinops sagax","Fis-54081"
123,10,0.16,"Sardinops sagax","Fis-54081"
123.5,10,0.16,"Sardinops sagax","Fis-54081"
124,10,0.14,"Sardinops sagax","Fis-54081"
124.5,10,0.11,"Sardinops sagax","Fis-54081"
125,10,0.15,"Sardinops sagax","Fis-54081"
125.5,10,0.18,"Sardinops sagax","Fis-54081"
126,10,0.11,"Sardinops sagax","Fis-54081"
126.5,10,0.01,"Sardinops sagax","Fis-54081"
140,10,0.01,"Sardinops sagax","Fis-54081"
166,10,0.17,"Sardinops sagax","Fis-54081"
166.5,10,0.17,"Sardinops sagax","Fis-54081"
169.5,10,0.2,"Sardinops sagax","Fis-54081"
170,10,0.21,"Sardinops sagax","Fis-54081"
170.5,10,0.16,"Sardinops sagax","Fis-54081"
171,10,0.03,"Sardinops sagax","Fis-54081"
-85.5,9.5,0.15,"Sardinops sagax","Fis-54081"
-85,9.5,0.14,"Sardinops sagax","Fis-54081"
-84.5,9.5,0.13,"Sardinops sagax","Fis-54081"
-84,9.5,0.17,"Sardinops sagax","Fis-54081"
51,9.5,0.63,"Sardinops sagax","Fis-54081"
51.5,9.5,0.68,"Sardinops sagax","Fis-54081"
76,9.5,0.17,"Sardinops sagax","Fis-54081"
76.5,9.5,0.21,"Sardinops sagax","Fis-54081"
79,9.5,0.09,"Sardinops sagax","Fis-54081"
79.5,9.5,0.06,"Sardinops sagax","Fis-54081"
80,9.5,0.11,"Sardinops sagax","Fis-54081"
80.5,9.5,0.16,"Sardinops sagax","Fis-54081"
81,9.5,0.13,"Sardinops sagax","Fis-54081"
93,9.5,0.03,"Sardinops sagax","Fis-54081"
97.5,9.5,0.03,"Sardinops sagax","Fis-54081"
98,9.5,0.07,"Sardinops sagax","Fis-54081"
98.5,9.5,0.07,"Sardinops sagax","Fis-54081"
99,9.5,0.05,"Sardinops sagax","Fis-54081"
99.5,9.5,0.02,"Sardinops sagax","Fis-54081"
100,9.5,0.02,"Sardinops sagax","Fis-54081"
102,9.5,0.01,"Sardinops sagax","Fis-54081"
102.5,9.5,0.01,"Sardinops sagax","Fis-54081"
103,9.5,0.02,"Sardinops sagax","Fis-54081"
103.5,9.5,0.02,"Sardinops sagax","Fis-54081"
104,9.5,0.03,"Sardinops sagax","Fis-54081"
104.5,9.5,0.05,"Sardinops sagax","Fis-54081"
105,9.5,0.06,"Sardinops sagax","Fis-54081"
105.5,9.5,0.07,"Sardinops sagax","Fis-54081"
106,9.5,0.01,"Sardinops sagax","Fis-54081"
106.5,9.5,0.07,"Sardinops sagax","Fis-54081"
107,9.5,0.11,"Sardinops sagax","Fis-54081"
107.5,9.5,0.2,"Sardinops sagax","Fis-54081"
108,9.5,0.28,"Sardinops sagax","Fis-54081"
108.5,9.5,0.3,"Sardinops sagax","Fis-54081"
109,9.5,0.28,"Sardinops sagax","Fis-54081"
109.5,9.5,0.24,"Sardinops sagax","Fis-54081"
113,9.5,0.17,"Sardinops sagax","Fis-54081"
113.5,9.5,0.15,"Sardinops sagax","Fis-54081"
114.5,9.5,0.12,"Sardinops sagax","Fis-54081"
115,9.5,0.09,"Sardinops sagax","Fis-54081"
116,9.5,0.07,"Sardinops sagax","Fis-54081"
118.5,9.5,0.08,"Sardinops sagax","Fis-54081"
119,9.5,0.1,"Sardinops sagax","Fis-54081"
119.5,9.5,0.08,"Sardinops sagax","Fis-54081"
121.5,9.5,0.09,"Sardinops sagax","Fis-54081"
122.5,9.5,0.13,"Sardinops sagax","Fis-54081"
123,9.5,0.15,"Sardinops sagax","Fis-54081"
123.5,9.5,0.17,"Sardinops sagax","Fis-54081"
124,9.5,0.17,"Sardinops sagax","Fis-54081"
124.5,9.5,0.16,"Sardinops sagax","Fis-54081"
125,9.5,0.18,"Sardinops sagax","Fis-54081"
125.5,9.5,0.18,"Sardinops sagax","Fis-54081"
126,9.5,0.12,"Sardinops sagax","Fis-54081"
126.5,9.5,0.03,"Sardinops sagax","Fis-54081"
138.5,9.5,0.01,"Sardinops sagax","Fis-54081"
140,9.5,0.01,"Sardinops sagax","Fis-54081"
161,9.5,0.01,"Sardinops sagax","Fis-54081"
161.5,9.5,0.01,"Sardinops sagax","Fis-54081"
169.5,9.5,0.18,"Sardinops sagax","Fis-54081"
170,9.5,0.19,"Sardinops sagax","Fis-54081"
170.5,9.5,0.2,"Sardinops sagax","Fis-54081"
-84.5,9,0.13,"Sardinops sagax","Fis-54081"
-84,9,0.11,"Sardinops sagax","Fis-54081"
-83.5,9,0.16,"Sardinops sagax","Fis-54081"
51,9,0.67,"Sardinops sagax","Fis-54081"
76,9,0.1,"Sardinops sagax","Fis-54081"
76.5,9,0.22,"Sardinops sagax","Fis-54081"
77,9,0.21,"Sardinops sagax","Fis-54081"
78.5,9,0.14,"Sardinops sagax","Fis-54081"
79,9,0.1,"Sardinops sagax","Fis-54081"
79.5,9,0.11,"Sardinops sagax","Fis-54081"
80,9,0.13,"Sardinops sagax","Fis-54081"
80.5,9,0.15,"Sardinops sagax","Fis-54081"
81,9,0.13,"Sardinops sagax","Fis-54081"
81.5,9,0.1,"Sardinops sagax","Fis-54081"
93,9,0.09,"Sardinops sagax","Fis-54081"
97.5,9,0.04,"Sardinops sagax","Fis-54081"
98,9,0.06,"Sardinops sagax","Fis-54081"
98.5,9,0.05,"Sardinops sagax","Fis-54081"
99.5,9,0.02,"Sardinops sagax","Fis-54081"
102,9,0.01,"Sardinops sagax","Fis-54081"
102.5,9,0.02,"Sardinops sagax","Fis-54081"
103,9,0.02,"Sardinops sagax","Fis-54081"
103.5,9,0.04,"Sardinops sagax","Fis-54081"
104,9,0.04,"Sardinops sagax","Fis-54081"
104.5,9,0.05,"Sardinops sagax","Fis-54081"
105,9,0.06,"Sardinops sagax","Fis-54081"
105.5,9,0.07,"Sardinops sagax","Fis-54081"
106,9,0.13,"Sardinops sagax","Fis-54081"
106.5,9,0.14,"Sardinops sagax","Fis-54081"
107,9,0.19,"Sardinops sagax","Fis-54081"
107.5,9,0.27,"Sardinops sagax","Fis-54081"
108,9,0.29,"Sardinops sagax","Fis-54081"
108.5,9,0.28,"Sardinops sagax","Fis-54081"
109,9,0.25,"Sardinops sagax","Fis-54081"
109.5,9,0.21,"Sardinops sagax","Fis-54081"
114,9,0.12,"Sardinops sagax","Fis-54081"
115.5,9,0.07,"Sardinops sagax","Fis-54081"
118,9,0.07,"Sardinops sagax","Fis-54081"
118.5,9,0.09,"Sardinops sagax","Fis-54081"
119,9,0.09,"Sardinops sagax","Fis-54081"
120.5,9,0.02,"Sardinops sagax","Fis-54081"
121,9,0.07,"Sardinops sagax","Fis-54081"
123,9,0.15,"Sardinops sagax","Fis-54081"
123.5,9,0.2,"Sardinops sagax","Fis-54081"
124,9,0.19,"Sardinops sagax","Fis-54081"
125,9,0.18,"Sardinops sagax","Fis-54081"
125.5,9,0.17,"Sardinops sagax","Fis-54081"
126,9,0.12,"Sardinops sagax","Fis-54081"
126.5,9,0.07,"Sardinops sagax","Fis-54081"
138.5,9,0.01,"Sardinops sagax","Fis-54081"
148.5,9,0.01,"Sardinops sagax","Fis-54081"
150.5,9,0.01,"Sardinops sagax","Fis-54081"
166,9,0.14,"Sardinops sagax","Fis-54081"
167,9,0.15,"Sardinops sagax","Fis-54081"
167.5,9,0.16,"Sardinops sagax","Fis-54081"
168,9,0.16,"Sardinops sagax","Fis-54081"
170,9,0.17,"Sardinops sagax","Fis-54081"
170.5,9,0.18,"Sardinops sagax","Fis-54081"
-84,8.5,0.13,"Sardinops sagax","Fis-54081"
-83.5,8.5,0.11,"Sardinops sagax","Fis-54081"
-83,8.5,0.15,"Sardinops sagax","Fis-54081"
-82,8.5,0.1,"Sardinops sagax","Fis-54081"
-79.5,8.5,0.32,"Sardinops sagax","Fis-54081"
-79,8.5,0.32,"Sardinops sagax","Fis-54081"
-78.5,8.5,0.3,"Sardinops sagax","Fis-54081"
-78,8.5,0.23,"Sardinops sagax","Fis-54081"
50.5,8.5,0.62,"Sardinops sagax","Fis-54081"
51,8.5,0.62,"Sardinops sagax","Fis-54081"
76.5,8.5,0.21,"Sardinops sagax","Fis-54081"
77,8.5,0.23,"Sardinops sagax","Fis-54081"
78.5,8.5,0.17,"Sardinops sagax","Fis-54081"
79,8.5,0.18,"Sardinops sagax","Fis-54081"
79.5,8.5,0.2,"Sardinops sagax","Fis-54081"
80,8.5,0.18,"Sardinops sagax","Fis-54081"
81.5,8.5,0.11,"Sardinops sagax","Fis-54081"
82,8.5,0.04,"Sardinops sagax","Fis-54081"
93,8.5,0.09,"Sardinops sagax","Fis-54081"
93.5,8.5,0.09,"Sardinops sagax","Fis-54081"
94,8.5,0.07,"Sardinops sagax","Fis-54081"
97.5,8.5,0.01,"Sardinops sagax","Fis-54081"
98,8.5,0.04,"Sardinops sagax","Fis-54081"
98.5,8.5,0.03,"Sardinops sagax","Fis-54081"
102.5,8.5,0.01,"Sardinops sagax","Fis-54081"
103,8.5,0.03,"Sardinops sagax","Fis-54081"
103.5,8.5,0.05,"Sardinops sagax","Fis-54081"
104,8.5,0.07,"Sardinops sagax","Fis-54081"
104.5,8.5,0.09,"Sardinops sagax","Fis-54081"
105,8.5,0.11,"Sardinops sagax","Fis-54081"
105.5,8.5,0.1,"Sardinops sagax","Fis-54081"
106,8.5,0.18,"Sardinops sagax","Fis-54081"
106.5,8.5,0.23,"Sardinops sagax","Fis-54081"
107,8.5,0.27,"Sardinops sagax","Fis-54081"
107.5,8.5,0.28,"Sardinops sagax","Fis-54081"
108,8.5,0.28,"Sardinops sagax","Fis-54081"
108.5,8.5,0.26,"Sardinops sagax","Fis-54081"
109,8.5,0.24,"Sardinops sagax","Fis-54081"
109.5,8.5,0.17,"Sardinops sagax","Fis-54081"
112,8.5,0.17,"Sardinops sagax","Fis-54081"
112.5,8.5,0.16,"Sardinops sagax","Fis-54081"
113,8.5,0.15,"Sardinops sagax","Fis-54081"
114,8.5,0.1,"Sardinops sagax","Fis-54081"
114.5,8.5,0.09,"Sardinops sagax","Fis-54081"
115,8.5,0.08,"Sardinops sagax","Fis-54081"
117.5,8.5,0.07,"Sardinops sagax","Fis-54081"
118,8.5,0.09,"Sardinops sagax","Fis-54081"
118.5,8.5,0.09,"Sardinops sagax","Fis-54081"
120,8.5,0.06,"Sardinops sagax","Fis-54081"
120.5,8.5,0.06,"Sardinops sagax","Fis-54081"
123.5,8.5,0.21,"Sardinops sagax","Fis-54081"
124,8.5,0.18,"Sardinops sagax","Fis-54081"
124.5,8.5,0.15,"Sardinops sagax","Fis-54081"
125,8.5,0.15,"Sardinops sagax","Fis-54081"
125.5,8.5,0.14,"Sardinops sagax","Fis-54081"
126.5,8.5,0.08,"Sardinops sagax","Fis-54081"
137.5,8.5,0.01,"Sardinops sagax","Fis-54081"
138,8.5,0.01,"Sardinops sagax","Fis-54081"
149,8.5,0.01,"Sardinops sagax","Fis-54081"
150,8.5,0.02,"Sardinops sagax","Fis-54081"
150.5,8.5,0.01,"Sardinops sagax","Fis-54081"
166,8.5,0.12,"Sardinops sagax","Fis-54081"
166.5,8.5,0.12,"Sardinops sagax","Fis-54081"
168,8.5,0.15,"Sardinops sagax","Fis-54081"
171,8.5,0.17,"Sardinops sagax","Fis-54081"
171.5,8.5,0.19,"Sardinops sagax","Fis-54081"
-83.5,8,0.14,"Sardinops sagax","Fis-54081"
-83,8,0.13,"Sardinops sagax","Fis-54081"
-82.5,8,0.12,"Sardinops sagax","Fis-54081"
-82,8,0.13,"Sardinops sagax","Fis-54081"
-81.5,8,0.2,"Sardinops sagax","Fis-54081"
-80,8,0.27,"Sardinops sagax","Fis-54081"
-79.5,8,0.32,"Sardinops sagax","Fis-54081"
-79,8,0.35,"Sardinops sagax","Fis-54081"
-78.5,8,0.32,"Sardinops sagax","Fis-54081"
-78,8,0.26,"Sardinops sagax","Fis-54081"
-77.5,8,0.01,"Sardinops sagax","Fis-54081"
50,8,0.11,"Sardinops sagax","Fis-54081"
50.5,8,0.64,"Sardinops sagax","Fis-54081"
73.5,8,0.07,"Sardinops sagax","Fis-54081"
77,8,0.25,"Sardinops sagax","Fis-54081"
77.5,8,0.27,"Sardinops sagax","Fis-54081"
78,8,0.29,"Sardinops sagax","Fis-54081"
78.5,8,0.24,"Sardinops sagax","Fis-54081"
80,8,0.22,"Sardinops sagax","Fis-54081"
81.5,8,0.11,"Sardinops sagax","Fis-54081"
82,8,0.08,"Sardinops sagax","Fis-54081"
93.5,8,0.11,"Sardinops sagax","Fis-54081"
94,8,0.07,"Sardinops sagax","Fis-54081"
98,8,0.02,"Sardinops sagax","Fis-54081"
98.5,8,0.01,"Sardinops sagax","Fis-54081"
102.5,8,0.01,"Sardinops sagax","Fis-54081"
103,8,0.04,"Sardinops sagax","Fis-54081"
103.5,8,0.07,"Sardinops sagax","Fis-54081"
104,8,0.11,"Sardinops sagax","Fis-54081"
104.5,8,0.14,"Sardinops sagax","Fis-54081"
105,8,0.16,"Sardinops sagax","Fis-54081"
105.5,8,0.18,"Sardinops sagax","Fis-54081"
106,8,0.22,"Sardinops sagax","Fis-54081"
106.5,8,0.24,"Sardinops sagax","Fis-54081"
107,8,0.26,"Sardinops sagax","Fis-54081"
107.5,8,0.26,"Sardinops sagax","Fis-54081"
108,8,0.25,"Sardinops sagax","Fis-54081"
108.5,8,0.24,"Sardinops sagax","Fis-54081"
109,8,0.21,"Sardinops sagax","Fis-54081"
109.5,8,0.17,"Sardinops sagax","Fis-54081"
111,8,0.17,"Sardinops sagax","Fis-54081"
112,8,0.15,"Sardinops sagax","Fis-54081"
112.5,8,0.14,"Sardinops sagax","Fis-54081"
113.5,8,0.11,"Sardinops sagax","Fis-54081"
114,8,0.09,"Sardinops sagax","Fis-54081"
114.5,8,0.08,"Sardinops sagax","Fis-54081"
115,8,0.07,"Sardinops sagax","Fis-54081"
115.5,8,0.07,"Sardinops sagax","Fis-54081"
117,8,0.08,"Sardinops sagax","Fis-54081"
117.5,8,0.09,"Sardinops sagax","Fis-54081"
118,8,0.08,"Sardinops sagax","Fis-54081"
118.5,8,0.05,"Sardinops sagax","Fis-54081"
122.5,8,0.16,"Sardinops sagax","Fis-54081"
123,8,0.19,"Sardinops sagax","Fis-54081"
123.5,8,0.14,"Sardinops sagax","Fis-54081"
124,8,0.1,"Sardinops sagax","Fis-54081"
124.5,8,0.1,"Sardinops sagax","Fis-54081"
126.5,8,0.08,"Sardinops sagax","Fis-54081"
127,8,0.03,"Sardinops sagax","Fis-54081"
135,8,0.02,"Sardinops sagax","Fis-54081"
137.5,8,0.01,"Sardinops sagax","Fis-54081"
138,8,0.01,"Sardinops sagax","Fis-54081"
145,8,0.01,"Sardinops sagax","Fis-54081"
147,8,0.01,"Sardinops sagax","Fis-54081"
147.5,8,0.01,"Sardinops sagax","Fis-54081"
148,8,0.01,"Sardinops sagax","Fis-54081"
148.5,8,0.01,"Sardinops sagax","Fis-54081"
149,8,0.01,"Sardinops sagax","Fis-54081"
149.5,8,0.01,"Sardinops sagax","Fis-54081"
167.5,8,0.11,"Sardinops sagax","Fis-54081"
168.5,8,0.13,"Sardinops sagax","Fis-54081"
171.5,8,0.17,"Sardinops sagax","Fis-54081"
-82,7.5,0.14,"Sardinops sagax","Fis-54081"
-81.5,7.5,0.17,"Sardinops sagax","Fis-54081"
-81,7.5,0.21,"Sardinops sagax","Fis-54081"
-80.5,7.5,0.25,"Sardinops sagax","Fis-54081"
-80,7.5,0.3,"Sardinops sagax","Fis-54081"
-79.5,7.5,0.35,"Sardinops sagax","Fis-54081"
-79,7.5,0.37,"Sardinops sagax","Fis-54081"
-78.5,7.5,0.33,"Sardinops sagax","Fis-54081"
-78,7.5,0.27,"Sardinops sagax","Fis-54081"
50,7.5,0.65,"Sardinops sagax","Fis-54081"
50.5,7.5,0.57,"Sardinops sagax","Fis-54081"
77,7.5,0.2,"Sardinops sagax","Fis-54081"
77.5,7.5,0.27,"Sardinops sagax","Fis-54081"
78,7.5,0.3,"Sardinops sagax","Fis-54081"
78.5,7.5,0.28,"Sardinops sagax","Fis-54081"
80,7.5,0.22,"Sardinops sagax","Fis-54081"
82,7.5,0.08,"Sardinops sagax","Fis-54081"
93.5,7.5,0.09,"Sardinops sagax","Fis-54081"
94,7.5,0.08,"Sardinops sagax","Fis-54081"
98,7.5,0.01,"Sardinops sagax","Fis-54081"
102.5,7.5,0.01,"Sardinops sagax","Fis-54081"
103,7.5,0.04,"Sardinops sagax","Fis-54081"
103.5,7.5,0.08,"Sardinops sagax","Fis-54081"
104,7.5,0.12,"Sardinops sagax","Fis-54081"
104.5,7.5,0.15,"Sardinops sagax","Fis-54081"
105,7.5,0.17,"Sardinops sagax","Fis-54081"
105.5,7.5,0.19,"Sardinops sagax","Fis-54081"
106,7.5,0.21,"Sardinops sagax","Fis-54081"
106.5,7.5,0.23,"Sardinops sagax","Fis-54081"
107,7.5,0.24,"Sardinops sagax","Fis-54081"
107.5,7.5,0.24,"Sardinops sagax","Fis-54081"
108,7.5,0.23,"Sardinops sagax","Fis-54081"
108.5,7.5,0.22,"Sardinops sagax","Fis-54081"
109,7.5,0.19,"Sardinops sagax","Fis-54081"
109.5,7.5,0.16,"Sardinops sagax","Fis-54081"
111,7.5,0.15,"Sardinops sagax","Fis-54081"
112,7.5,0.14,"Sardinops sagax","Fis-54081"
113,7.5,0.11,"Sardinops sagax","Fis-54081"
113.5,7.5,0.02,"Sardinops sagax","Fis-54081"
114,7.5,0.09,"Sardinops sagax","Fis-54081"
114.5,7.5,0.09,"Sardinops sagax","Fis-54081"
115,7.5,0.07,"Sardinops sagax","Fis-54081"
117,7.5,0.08,"Sardinops sagax","Fis-54081"
117.5,7.5,0.08,"Sardinops sagax","Fis-54081"
118,7.5,0.06,"Sardinops sagax","Fis-54081"
118.5,7.5,0.06,"Sardinops sagax","Fis-54081"
119,7.5,0.06,"Sardinops sagax","Fis-54081"
122.5,7.5,0.1,"Sardinops sagax","Fis-54081"
123,7.5,0.03,"Sardinops sagax","Fis-54081"
123.5,7.5,0.06,"Sardinops sagax","Fis-54081"
124,7.5,0.04,"Sardinops sagax","Fis-54081"
124.5,7.5,0.03,"Sardinops sagax","Fis-54081"
126.5,7.5,0.08,"Sardinops sagax","Fis-54081"
127,7.5,0.03,"Sardinops sagax","Fis-54081"
134.5,7.5,0.02,"Sardinops sagax","Fis-54081"
135,7.5,0.02,"Sardinops sagax","Fis-54081"
145,7.5,0.01,"Sardinops sagax","Fis-54081"
149,7.5,0.01,"Sardinops sagax","Fis-54081"
149.5,7.5,0.01,"Sardinops sagax","Fis-54081"
152,7.5,0.01,"Sardinops sagax","Fis-54081"
155.5,7.5,0.01,"Sardinops sagax","Fis-54081"
168.5,7.5,0.12,"Sardinops sagax","Fis-54081"
169,7.5,0.13,"Sardinops sagax","Fis-54081"
169.5,7.5,0.12,"Sardinops sagax","Fis-54081"
-82,7,0.12,"Sardinops sagax","Fis-54081"
-81.5,7,0.2,"Sardinops sagax","Fis-54081"
-81,7,0.23,"Sardinops sagax","Fis-54081"
-80.5,7,0.26,"Sardinops sagax","Fis-54081"
-80,7,0.33,"Sardinops sagax","Fis-54081"
-79.5,7,0.38,"Sardinops sagax","Fis-54081"
-78,7,0.28,"Sardinops sagax","Fis-54081"
-77.5,7,0.25,"Sardinops sagax","Fis-54081"
49.5,7,0.61,"Sardinops sagax","Fis-54081"
50,7,0.6,"Sardinops sagax","Fis-54081"
73,7,0.07,"Sardinops sagax","Fis-54081"
73.5,7,0.07,"Sardinops sagax","Fis-54081"
77,7,0.13,"Sardinops sagax","Fis-54081"
77.5,7,0.21,"Sardinops sagax","Fis-54081"
78,7,0.24,"Sardinops sagax","Fis-54081"
80,7,0.22,"Sardinops sagax","Fis-54081"
82,7,0.11,"Sardinops sagax","Fis-54081"
82.5,7,0.08,"Sardinops sagax","Fis-54081"
94,7,0.07,"Sardinops sagax","Fis-54081"
102.5,7,0.01,"Sardinops sagax","Fis-54081"
103,7,0.03,"Sardinops sagax","Fis-54081"
103.5,7,0.07,"Sardinops sagax","Fis-54081"
104,7,0.12,"Sardinops sagax","Fis-54081"
104.5,7,0.15,"Sardinops sagax","Fis-54081"
105,7,0.16,"Sardinops sagax","Fis-54081"
105.5,7,0.18,"Sardinops sagax","Fis-54081"
106,7,0.19,"Sardinops sagax","Fis-54081"
106.5,7,0.21,"Sardinops sagax","Fis-54081"
107,7,0.22,"Sardinops sagax","Fis-54081"
107.5,7,0.22,"Sardinops sagax","Fis-54081"
108,7,0.21,"Sardinops sagax","Fis-54081"
108.5,7,0.2,"Sardinops sagax","Fis-54081"
109,7,0.17,"Sardinops sagax","Fis-54081"
109.5,7,0.13,"Sardinops sagax","Fis-54081"
110,7,0.03,"Sardinops sagax","Fis-54081"
114,7,0.08,"Sardinops sagax","Fis-54081"
116,7,0.05,"Sardinops sagax","Fis-54081"
116.5,7,0.08,"Sardinops sagax","Fis-54081"
117,7,0.06,"Sardinops sagax","Fis-54081"
117.5,7,0.06,"Sardinops sagax","Fis-54081"
118,7,0.05,"Sardinops sagax","Fis-54081"
118.5,7,0.07,"Sardinops sagax","Fis-54081"
119,7,0.05,"Sardinops sagax","Fis-54081"
122,7,0.13,"Sardinops sagax","Fis-54081"
122.5,7,0.06,"Sardinops sagax","Fis-54081"
123,7,0.03,"Sardinops sagax","Fis-54081"
123.5,7,0.03,"Sardinops sagax","Fis-54081"
124,7,0.02,"Sardinops sagax","Fis-54081"
124.5,7,0.04,"Sardinops sagax","Fis-54081"
126,7,0.06,"Sardinops sagax","Fis-54081"
126.5,7,0.08,"Sardinops sagax","Fis-54081"
127,7,0.02,"Sardinops sagax","Fis-54081"
134.5,7,0.02,"Sardinops sagax","Fis-54081"
135,7,0.01,"Sardinops sagax","Fis-54081"
158,7,0.01,"Sardinops sagax","Fis-54081"
158.5,7,0.01,"Sardinops sagax","Fis-54081"
169,7,0.11,"Sardinops sagax","Fis-54081"
171.5,7,0.13,"Sardinops sagax","Fis-54081"
172,7,0.15,"Sardinops sagax","Fis-54081"
-77.5,6.5,0.28,"Sardinops sagax","Fis-54081"
-77,6.5,0.25,"Sardinops sagax","Fis-54081"
49.5,6.5,0.62,"Sardinops sagax","Fis-54081"
50,6.5,0.54,"Sardinops sagax","Fis-54081"
73,6.5,0.08,"Sardinops sagax","Fis-54081"
73.5,6.5,0.08,"Sardinops sagax","Fis-54081"
80,6.5,0.21,"Sardinops sagax","Fis-54081"
80.5,6.5,0.06,"Sardinops sagax","Fis-54081"
82,6.5,0.15,"Sardinops sagax","Fis-54081"
82.5,6.5,0.11,"Sardinops sagax","Fis-54081"
94,6.5,0.06,"Sardinops sagax","Fis-54081"
103,6.5,0.02,"Sardinops sagax","Fis-54081"
103.5,6.5,0.06,"Sardinops sagax","Fis-54081"
104,6.5,0.11,"Sardinops sagax","Fis-54081"
104.5,6.5,0.13,"Sardinops sagax","Fis-54081"
105,6.5,0.15,"Sardinops sagax","Fis-54081"
105.5,6.5,0.16,"Sardinops sagax","Fis-54081"
106,6.5,0.18,"Sardinops sagax","Fis-54081"
106.5,6.5,0.19,"Sardinops sagax","Fis-54081"
107,6.5,0.2,"Sardinops sagax","Fis-54081"
107.5,6.5,0.2,"Sardinops sagax","Fis-54081"
108,6.5,0.2,"Sardinops sagax","Fis-54081"
108.5,6.5,0.19,"Sardinops sagax","Fis-54081"
109,6.5,0.15,"Sardinops sagax","Fis-54081"
109.5,6.5,0.12,"Sardinops sagax","Fis-54081"
116,6.5,0.08,"Sardinops sagax","Fis-54081"
116.5,6.5,0.06,"Sardinops sagax","Fis-54081"
117,6.5,0.05,"Sardinops sagax","Fis-54081"
117.5,6.5,0.03,"Sardinops sagax","Fis-54081"
118,6.5,0.03,"Sardinops sagax","Fis-54081"
118.5,6.5,0.05,"Sardinops sagax","Fis-54081"
119,6.5,0.06,"Sardinops sagax","Fis-54081"
121,6.5,0.12,"Sardinops sagax","Fis-54081"
121.5,6.5,0.19,"Sardinops sagax","Fis-54081"
122,6.5,0.17,"Sardinops sagax","Fis-54081"
122.5,6.5,0.08,"Sardinops sagax","Fis-54081"
124,6.5,0.01,"Sardinops sagax","Fis-54081"
124.5,6.5,0.03,"Sardinops sagax","Fis-54081"
125.5,6.5,0.05,"Sardinops sagax","Fis-54081"
126,6.5,0.05,"Sardinops sagax","Fis-54081"
126.5,6.5,0.08,"Sardinops sagax","Fis-54081"
134.5,6.5,0.01,"Sardinops sagax","Fis-54081"
158,6.5,0.01,"Sardinops sagax","Fis-54081"
158.5,6.5,0.01,"Sardinops sagax","Fis-54081"
-77,6,0.27,"Sardinops sagax","Fis-54081"
49,6,0.58,"Sardinops sagax","Fis-54081"
49.5,6,0.57,"Sardinops sagax","Fis-54081"
73,6,0.09,"Sardinops sagax","Fis-54081"
73.5,6,0.09,"Sardinops sagax","Fis-54081"
80,6,0.2,"Sardinops sagax","Fis-54081"
80.5,6,0.21,"Sardinops sagax","Fis-54081"
81,6,0.22,"Sardinops sagax","Fis-54081"
81.5,6,0.24,"Sardinops sagax","Fis-54081"
82,6,0.18,"Sardinops sagax","Fis-54081"
103,6,0.01,"Sardinops sagax","Fis-54081"
103.5,6,0.05,"Sardinops sagax","Fis-54081"
104,6,0.1,"Sardinops sagax","Fis-54081"
104.5,6,0.12,"Sardinops sagax","Fis-54081"
105,6,0.14,"Sardinops sagax","Fis-54081"
105.5,6,0.15,"Sardinops sagax","Fis-54081"
106,6,0.16,"Sardinops sagax","Fis-54081"
106.5,6,0.17,"Sardinops sagax","Fis-54081"
107,6,0.18,"Sardinops sagax","Fis-54081"
107.5,6,0.19,"Sardinops sagax","Fis-54081"
108,6,0.18,"Sardinops sagax","Fis-54081"
108.5,6,0.18,"Sardinops sagax","Fis-54081"
109,6,0.14,"Sardinops sagax","Fis-54081"
109.5,6,0.14,"Sardinops sagax","Fis-54081"
110,6,0.13,"Sardinops sagax","Fis-54081"
110.5,6,0.06,"Sardinops sagax","Fis-54081"
115.5,6,0.06,"Sardinops sagax","Fis-54081"
116,6,0.04,"Sardinops sagax","Fis-54081"
116.5,6,0.03,"Sardinops sagax","Fis-54081"
118.5,6,0.03,"Sardinops sagax","Fis-54081"
119,6,0.06,"Sardinops sagax","Fis-54081"
119.5,6,0.01,"Sardinops sagax","Fis-54081"
120.5,6,0.13,"Sardinops sagax","Fis-54081"
121,6,0.2,"Sardinops sagax","Fis-54081"
121.5,6,0.2,"Sardinops sagax","Fis-54081"
122,6,0.15,"Sardinops sagax","Fis-54081"
122.5,6,0.05,"Sardinops sagax","Fis-54081"
124.5,6,0.02,"Sardinops sagax","Fis-54081"
125,6,0.04,"Sardinops sagax","Fis-54081"
125.5,6,0.06,"Sardinops sagax","Fis-54081"
126,6,0.08,"Sardinops sagax","Fis-54081"
126.5,6,0.06,"Sardinops sagax","Fis-54081"
161,6,0.01,"Sardinops sagax","Fis-54081"
169.5,6,0.08,"Sardinops sagax","Fis-54081"
170,6,0.09,"Sardinops sagax","Fis-54081"
172,6,0.11,"Sardinops sagax","Fis-54081"
172.5,6,0.12,"Sardinops sagax","Fis-54081"
-87,5.5,0.27,"Sardinops sagax","Fis-54081"
-86.5,5.5,0.26,"Sardinops sagax","Fis-54081"
-77,5.5,0.28,"Sardinops sagax","Fis-54081"
49,5.5,0.59,"Sardinops sagax","Fis-54081"
49.5,5.5,0.53,"Sardinops sagax","Fis-54081"
73,5.5,0.09,"Sardinops sagax","Fis-54081"
73.5,5.5,0.1,"Sardinops sagax","Fis-54081"
74,5.5,0.08,"Sardinops sagax","Fis-54081"
80.5,5.5,0.2,"Sardinops sagax","Fis-54081"
81,5.5,0.22,"Sardinops sagax","Fis-54081"
81.5,5.5,0.2,"Sardinops sagax","Fis-54081"
95,5.5,0.02,"Sardinops sagax","Fis-54081"
95.5,5.5,0.01,"Sardinops sagax","Fis-54081"
103,5.5,0.01,"Sardinops sagax","Fis-54081"
103.5,5.5,0.05,"Sardinops sagax","Fis-54081"
104,5.5,0.09,"Sardinops sagax","Fis-54081"
104.5,5.5,0.11,"Sardinops sagax","Fis-54081"
105,5.5,0.12,"Sardinops sagax","Fis-54081"
105.5,5.5,0.14,"Sardinops sagax","Fis-54081"
106,5.5,0.15,"Sardinops sagax","Fis-54081"
106.5,5.5,0.16,"Sardinops sagax","Fis-54081"
107,5.5,0.17,"Sardinops sagax","Fis-54081"
107.5,5.5,0.17,"Sardinops sagax","Fis-54081"
108,5.5,0.17,"Sardinops sagax","Fis-54081"
108.5,5.5,0.17,"Sardinops sagax","Fis-54081"
109,5.5,0.14,"Sardinops sagax","Fis-54081"
109.5,5.5,0.13,"Sardinops sagax","Fis-54081"
110,5.5,0.13,"Sardinops sagax","Fis-54081"
110.5,5.5,0.13,"Sardinops sagax","Fis-54081"
111,5.5,0.05,"Sardinops sagax","Fis-54081"
112,5.5,0.06,"Sardinops sagax","Fis-54081"
112.5,5.5,0.08,"Sardinops sagax","Fis-54081"
114.5,5.5,0.06,"Sardinops sagax","Fis-54081"
115,5.5,0.05,"Sardinops sagax","Fis-54081"
115.5,5.5,0.03,"Sardinops sagax","Fis-54081"
116,5.5,0.01,"Sardinops sagax","Fis-54081"
116.5,5.5,0.01,"Sardinops sagax","Fis-54081"
118.5,5.5,0.02,"Sardinops sagax","Fis-54081"
119,5.5,0.05,"Sardinops sagax","Fis-54081"
119.5,5.5,0.08,"Sardinops sagax","Fis-54081"
120,5.5,0.13,"Sardinops sagax","Fis-54081"
120.5,5.5,0.18,"Sardinops sagax","Fis-54081"
121,5.5,0.2,"Sardinops sagax","Fis-54081"
121.5,5.5,0.12,"Sardinops sagax","Fis-54081"
122,5.5,0.06,"Sardinops sagax","Fis-54081"
125,5.5,0.03,"Sardinops sagax","Fis-54081"
125.5,5.5,0.06,"Sardinops sagax","Fis-54081"
126,5.5,0.09,"Sardinops sagax","Fis-54081"
127,5.5,0.03,"Sardinops sagax","Fis-54081"
168.5,5.5,0.06,"Sardinops sagax","Fis-54081"
169.5,5.5,0.07,"Sardinops sagax","Fis-54081"
170,5.5,0.08,"Sardinops sagax","Fis-54081"
172.5,5.5,0.11,"Sardinops sagax","Fis-54081"
-87,5,0.29,"Sardinops sagax","Fis-54081"
-77,5,0.28,"Sardinops sagax","Fis-54081"
48.5,5,0.57,"Sardinops sagax","Fis-54081"
49,5,0.56,"Sardinops sagax","Fis-54081"
73,5,0.08,"Sardinops sagax","Fis-54081"
73.5,5,0.09,"Sardinops sagax","Fis-54081"
74,5,0.08,"Sardinops sagax","Fis-54081"
103.5,5,0.06,"Sardinops sagax","Fis-54081"
104,5,0.09,"Sardinops sagax","Fis-54081"
104.5,5,0.1,"Sardinops sagax","Fis-54081"
105,5,0.11,"Sardinops sagax","Fis-54081"
105.5,5,0.12,"Sardinops sagax","Fis-54081"
106,5,0.13,"Sardinops sagax","Fis-54081"
106.5,5,0.14,"Sardinops sagax","Fis-54081"
107,5,0.15,"Sardinops sagax","Fis-54081"
107.5,5,0.15,"Sardinops sagax","Fis-54081"
108,5,0.15,"Sardinops sagax","Fis-54081"
108.5,5,0.15,"Sardinops sagax","Fis-54081"
109,5,0.15,"Sardinops sagax","Fis-54081"
109.5,5,0.14,"Sardinops sagax","Fis-54081"
110,5,0.13,"Sardinops sagax","Fis-54081"
110.5,5,0.12,"Sardinops sagax","Fis-54081"
111,5,0.1,"Sardinops sagax","Fis-54081"
111.5,5,0.08,"Sardinops sagax","Fis-54081"
112,5,0.07,"Sardinops sagax","Fis-54081"
112.5,5,0.07,"Sardinops sagax","Fis-54081"
113,5,0.06,"Sardinops sagax","Fis-54081"
113.5,5,0.06,"Sardinops sagax","Fis-54081"
114,5,0.06,"Sardinops sagax","Fis-54081"
114.5,5,0.05,"Sardinops sagax","Fis-54081"
115,5,0.03,"Sardinops sagax","Fis-54081"
116,5,0.01,"Sardinops sagax","Fis-54081"
119,5,0.04,"Sardinops sagax","Fis-54081"
119.5,5,0.09,"Sardinops sagax","Fis-54081"
120,5,0.11,"Sardinops sagax","Fis-54081"
120.5,5,0.12,"Sardinops sagax","Fis-54081"
121,5,0.09,"Sardinops sagax","Fis-54081"
125.5,5,0.07,"Sardinops sagax","Fis-54081"
126,5,0.06,"Sardinops sagax","Fis-54081"
132.5,5,0.02,"Sardinops sagax","Fis-54081"
163,5,0.01,"Sardinops sagax","Fis-54081"
163.5,5,0.02,"Sardinops sagax","Fis-54081"
-77,4.5,0.29,"Sardinops sagax","Fis-54081"
48.5,4.5,0.58,"Sardinops sagax","Fis-54081"
49,4.5,0.11,"Sardinops sagax","Fis-54081"
73,4.5,0.07,"Sardinops sagax","Fis-54081"
73.5,4.5,0.08,"Sardinops sagax","Fis-54081"
74,4.5,0.08,"Sardinops sagax","Fis-54081"
103.5,4.5,0.06,"Sardinops sagax","Fis-54081"
104,4.5,0.09,"Sardinops sagax","Fis-54081"
104.5,4.5,0.1,"Sardinops sagax","Fis-54081"
105,4.5,0.11,"Sardinops sagax","Fis-54081"
105.5,4.5,0.11,"Sardinops sagax","Fis-54081"
106,4.5,0.12,"Sardinops sagax","Fis-54081"
106.5,4.5,0.12,"Sardinops sagax","Fis-54081"
107,4.5,0.12,"Sardinops sagax","Fis-54081"
107.5,4.5,0.12,"Sardinops sagax","Fis-54081"
108,4.5,0.13,"Sardinops sagax","Fis-54081"
108.5,4.5,0.13,"Sardinops sagax","Fis-54081"
109,4.5,0.13,"Sardinops sagax","Fis-54081"
109.5,4.5,0.13,"Sardinops sagax","Fis-54081"
110,4.5,0.11,"Sardinops sagax","Fis-54081"
110.5,4.5,0.1,"Sardinops sagax","Fis-54081"
111,4.5,0.08,"Sardinops sagax","Fis-54081"
111.5,4.5,0.07,"Sardinops sagax","Fis-54081"
112,4.5,0.06,"Sardinops sagax","Fis-54081"
112.5,4.5,0.06,"Sardinops sagax","Fis-54081"
113,4.5,0.05,"Sardinops sagax","Fis-54081"
113.5,4.5,0.05,"Sardinops sagax","Fis-54081"
114,4.5,0.05,"Sardinops sagax","Fis-54081"
114.5,4.5,0.04,"Sardinops sagax","Fis-54081"
115,4.5,0.03,"Sardinops sagax","Fis-54081"
115.5,4.5,0.02,"Sardinops sagax","Fis-54081"
118.5,4.5,0.01,"Sardinops sagax","Fis-54081"
119,4.5,0.05,"Sardinops sagax","Fis-54081"
119.5,4.5,0.08,"Sardinops sagax","Fis-54081"
120,4.5,0.06,"Sardinops sagax","Fis-54081"
120.5,4.5,0.03,"Sardinops sagax","Fis-54081"
125.5,4.5,0.05,"Sardinops sagax","Fis-54081"
126,4.5,0.04,"Sardinops sagax","Fis-54081"
127,4.5,0.04,"Sardinops sagax","Fis-54081"
127.5,4.5,0.04,"Sardinops sagax","Fis-54081"
132.5,4.5,0.02,"Sardinops sagax","Fis-54081"
169,4.5,0.06,"Sardinops sagax","Fis-54081"
-81.5,4,0.46,"Sardinops sagax","Fis-54081"
-77.5,4,0.28,"Sardinops sagax","Fis-54081"
-77,4,0.29,"Sardinops sagax","Fis-54081"
48,4,0.57,"Sardinops sagax","Fis-54081"
48.5,4,0.53,"Sardinops sagax","Fis-54081"
73,4,0.07,"Sardinops sagax","Fis-54081"
73.5,4,0.08,"Sardinops sagax","Fis-54081"
74,4,0.08,"Sardinops sagax","Fis-54081"
103.5,4,0.06,"Sardinops sagax","Fis-54081"
104,4,0.09,"Sardinops sagax","Fis-54081"
104.5,4,0.09,"Sardinops sagax","Fis-54081"
105,4,0.1,"Sardinops sagax","Fis-54081"
105.5,4,0.1,"Sardinops sagax","Fis-54081"
106,4,0.1,"Sardinops sagax","Fis-54081"
106.5,4,0.11,"Sardinops sagax","Fis-54081"
107,4,0.11,"Sardinops sagax","Fis-54081"
107.5,4,0.11,"Sardinops sagax","Fis-54081"
108,4,0.11,"Sardinops sagax","Fis-54081"
108.5,4,0.11,"Sardinops sagax","Fis-54081"
109,4,0.1,"Sardinops sagax","Fis-54081"
109.5,4,0.09,"Sardinops sagax","Fis-54081"
110,4,0.08,"Sardinops sagax","Fis-54081"
110.5,4,0.07,"Sardinops sagax","Fis-54081"
111,4,0.06,"Sardinops sagax","Fis-54081"
111.5,4,0.05,"Sardinops sagax","Fis-54081"
112,4,0.05,"Sardinops sagax","Fis-54081"
112.5,4,0.04,"Sardinops sagax","Fis-54081"
113,4,0.04,"Sardinops sagax","Fis-54081"
113.5,4,0.04,"Sardinops sagax","Fis-54081"
114,4,0.04,"Sardinops sagax","Fis-54081"
118.5,4,0.02,"Sardinops sagax","Fis-54081"
119,4,0.05,"Sardinops sagax","Fis-54081"
119.5,4,0.04,"Sardinops sagax","Fis-54081"
125.5,4,0.02,"Sardinops sagax","Fis-54081"
126,4,0.04,"Sardinops sagax","Fis-54081"
127,4,0.06,"Sardinops sagax","Fis-54081"
-77.5,3.5,0.34,"Sardinops sagax","Fis-54081"
-77,3.5,0.29,"Sardinops sagax","Fis-54081"
47.5,3.5,0.57,"Sardinops sagax","Fis-54081"
48,3.5,0.54,"Sardinops sagax","Fis-54081"
73,3.5,0.07,"Sardinops sagax","Fis-54081"
73.5,3.5,0.07,"Sardinops sagax","Fis-54081"
74,3.5,0.07,"Sardinops sagax","Fis-54081"
103.5,3.5,0.05,"Sardinops sagax","Fis-54081"
104,3.5,0.09,"Sardinops sagax","Fis-54081"
104.5,3.5,0.09,"Sardinops sagax","Fis-54081"
105,3.5,0.09,"Sardinops sagax","Fis-54081"
105.5,3.5,0.09,"Sardinops sagax","Fis-54081"
106,3.5,0.09,"Sardinops sagax","Fis-54081"
106.5,3.5,0.1,"Sardinops sagax","Fis-54081"
107,3.5,0.09,"Sardinops sagax","Fis-54081"
107.5,3.5,0.08,"Sardinops sagax","Fis-54081"
108,3.5,0.08,"Sardinops sagax","Fis-54081"
108.5,3.5,0.08,"Sardinops sagax","Fis-54081"
109,3.5,0.07,"Sardinops sagax","Fis-54081"
109.5,3.5,0.06,"Sardinops sagax","Fis-54081"
110,3.5,0.06,"Sardinops sagax","Fis-54081"
110.5,3.5,0.05,"Sardinops sagax","Fis-54081"
111,3.5,0.04,"Sardinops sagax","Fis-54081"
111.5,3.5,0.04,"Sardinops sagax","Fis-54081"
112,3.5,0.03,"Sardinops sagax","Fis-54081"
112.5,3.5,0.02,"Sardinops sagax","Fis-54081"
113,3.5,0.02,"Sardinops sagax","Fis-54081"
113.5,3.5,0.03,"Sardinops sagax","Fis-54081"
114,3.5,0.03,"Sardinops sagax","Fis-54081"
118.5,3.5,0.02,"Sardinops sagax","Fis-54081"
125.5,3.5,0.03,"Sardinops sagax","Fis-54081"
126,3.5,0.05,"Sardinops sagax","Fis-54081"
127,3.5,0.06,"Sardinops sagax","Fis-54081"
-78,3,0.39,"Sardinops sagax","Fis-54081"
-77.5,3,0.33,"Sardinops sagax","Fis-54081"
-77,3,0.35,"Sardinops sagax","Fis-54081"
47,3,0.56,"Sardinops sagax","Fis-54081"
47.5,3,0.53,"Sardinops sagax","Fis-54081"
73,3,0.06,"Sardinops sagax","Fis-54081"
73.5,3,0.07,"Sardinops sagax","Fis-54081"
74,3,0.06,"Sardinops sagax","Fis-54081"
103.5,3,0.05,"Sardinops sagax","Fis-54081"
104,3,0.08,"Sardinops sagax","Fis-54081"
104.5,3,0.1,"Sardinops sagax","Fis-54081"
105,3,0.09,"Sardinops sagax","Fis-54081"
105.5,3,0.09,"Sardinops sagax","Fis-54081"
106,3,0.1,"Sardinops sagax","Fis-54081"
106.5,3,0.11,"Sardinops sagax","Fis-54081"
107,3,0.08,"Sardinops sagax","Fis-54081"
107.5,3,0.07,"Sardinops sagax","Fis-54081"
108,3,0.07,"Sardinops sagax","Fis-54081"
108.5,3,0.05,"Sardinops sagax","Fis-54081"
109,3,0.05,"Sardinops sagax","Fis-54081"
109.5,3,0.04,"Sardinops sagax","Fis-54081"
110,3,0.03,"Sardinops sagax","Fis-54081"
110.5,3,0.03,"Sardinops sagax","Fis-54081"
111,3,0.02,"Sardinops sagax","Fis-54081"
111.5,3,0.02,"Sardinops sagax","Fis-54081"
112,3,0.02,"Sardinops sagax","Fis-54081"
112.5,3,0.02,"Sardinops sagax","Fis-54081"
113,3,0.02,"Sardinops sagax","Fis-54081"
113.5,3,0.02,"Sardinops sagax","Fis-54081"
117.5,3,0.02,"Sardinops sagax","Fis-54081"
118,3,0.02,"Sardinops sagax","Fis-54081"
118.5,3,0.02,"Sardinops sagax","Fis-54081"
126,3,0.05,"Sardinops sagax","Fis-54081"
173,3,0.1,"Sardinops sagax","Fis-54081"
173.5,3,0.1,"Sardinops sagax","Fis-54081"
-78.5,2.5,0.39,"Sardinops sagax","Fis-54081"
-78,2.5,0.33,"Sardinops sagax","Fis-54081"
-77.5,2.5,0.38,"Sardinops sagax","Fis-54081"
46.5,2.5,0.53,"Sardinops sagax","Fis-54081"
47,2.5,0.51,"Sardinops sagax","Fis-54081"
73,2.5,0.05,"Sardinops sagax","Fis-54081"
73.5,2.5,0.05,"Sardinops sagax","Fis-54081"
74,2.5,0.05,"Sardinops sagax","Fis-54081"
103.5,2.5,0.04,"Sardinops sagax","Fis-54081"
104,2.5,0.08,"Sardinops sagax","Fis-54081"
104.5,2.5,0.1,"Sardinops sagax","Fis-54081"
105,2.5,0.09,"Sardinops sagax","Fis-54081"
105.5,2.5,0.08,"Sardinops sagax","Fis-54081"
106,2.5,0.09,"Sardinops sagax","Fis-54081"
106.5,2.5,0.08,"Sardinops sagax","Fis-54081"
107,2.5,0.07,"Sardinops sagax","Fis-54081"
107.5,2.5,0.06,"Sardinops sagax","Fis-54081"
108,2.5,0.05,"Sardinops sagax","Fis-54081"
108.5,2.5,0.04,"Sardinops sagax","Fis-54081"
109,2.5,0.03,"Sardinops sagax","Fis-54081"
109.5,2.5,0.02,"Sardinops sagax","Fis-54081"
110,2.5,0.02,"Sardinops sagax","Fis-54081"
110.5,2.5,0.01,"Sardinops sagax","Fis-54081"
111,2.5,0.01,"Sardinops sagax","Fis-54081"
111.5,2.5,0.03,"Sardinops sagax","Fis-54081"
112,2.5,0.02,"Sardinops sagax","Fis-54081"
118,2.5,0.04,"Sardinops sagax","Fis-54081"
118.5,2.5,0.03,"Sardinops sagax","Fis-54081"
125.5,2.5,0.01,"Sardinops sagax","Fis-54081"
126,2.5,0.04,"Sardinops sagax","Fis-54081"
128.5,2.5,0.05,"Sardinops sagax","Fis-54081"
129,2.5,0.01,"Sardinops sagax","Fis-54081"
-79,2,0.24,"Sardinops sagax","Fis-54081"
-78.5,2,0.33,"Sardinops sagax","Fis-54081"
-78,2,0.02,"Sardinops sagax","Fis-54081"
45.5,2,0.51,"Sardinops sagax","Fis-54081"
46,2,0.51,"Sardinops sagax","Fis-54081"
46.5,2,0.5,"Sardinops sagax","Fis-54081"
73,2,0.04,"Sardinops sagax","Fis-54081"
73.5,2,0.04,"Sardinops sagax","Fis-54081"
74,2,0.04,"Sardinops sagax","Fis-54081"
103,2,0.01,"Sardinops sagax","Fis-54081"
104,2,0.06,"Sardinops sagax","Fis-54081"
104.5,2,0.09,"Sardinops sagax","Fis-54081"
105,2,0.08,"Sardinops sagax","Fis-54081"
105.5,2,0.08,"Sardinops sagax","Fis-54081"
106,2,0.07,"Sardinops sagax","Fis-54081"
106.5,2,0.06,"Sardinops sagax","Fis-54081"
107,2,0.06,"Sardinops sagax","Fis-54081"
107.5,2,0.06,"Sardinops sagax","Fis-54081"
108,2,0.04,"Sardinops sagax","Fis-54081"
108.5,2,0.02,"Sardinops sagax","Fis-54081"
109,2,0.01,"Sardinops sagax","Fis-54081"
109.5,2,0.02,"Sardinops sagax","Fis-54081"
110,2,0.01,"Sardinops sagax","Fis-54081"
110.5,2,0.01,"Sardinops sagax","Fis-54081"
111,2,0.01,"Sardinops sagax","Fis-54081"
111.5,2,0.01,"Sardinops sagax","Fis-54081"
118,2,0.03,"Sardinops sagax","Fis-54081"
118.5,2,0.04,"Sardinops sagax","Fis-54081"
119,2,0.03,"Sardinops sagax","Fis-54081"
125.5,2,0.03,"Sardinops sagax","Fis-54081"
126,2,0.01,"Sardinops sagax","Fis-54081"
128,2,0.07,"Sardinops sagax","Fis-54081"
128.5,2,0.03,"Sardinops sagax","Fis-54081"
173,2,0.11,"Sardinops sagax","Fis-54081"
173.5,2,0.12,"Sardinops sagax","Fis-54081"
-91.5,1.5,0.72,"Sardinops sagax","Fis-54081"
-79,1.5,0.48,"Sardinops sagax","Fis-54081"
-78.5,1.5,0.44,"Sardinops sagax","Fis-54081"
-78,1.5,0.02,"Sardinops sagax","Fis-54081"
45,1.5,0.52,"Sardinops sagax","Fis-54081"
45.5,1.5,0.51,"Sardinops sagax","Fis-54081"
73.5,1.5,0.02,"Sardinops sagax","Fis-54081"
74,1.5,0.02,"Sardinops sagax","Fis-54081"
103.5,1.5,0.02,"Sardinops sagax","Fis-54081"
104.5,1.5,0.07,"Sardinops sagax","Fis-54081"
105,1.5,0.07,"Sardinops sagax","Fis-54081"
105.5,1.5,0.08,"Sardinops sagax","Fis-54081"
106,1.5,0.07,"Sardinops sagax","Fis-54081"
106.5,1.5,0.06,"Sardinops sagax","Fis-54081"
107,1.5,0.06,"Sardinops sagax","Fis-54081"
107.5,1.5,0.05,"Sardinops sagax","Fis-54081"
108,1.5,0.03,"Sardinops sagax","Fis-54081"
108.5,1.5,0.01,"Sardinops sagax","Fis-54081"
109,1.5,0.01,"Sardinops sagax","Fis-54081"
109.5,1.5,0.01,"Sardinops sagax","Fis-54081"
110,1.5,0.01,"Sardinops sagax","Fis-54081"
111,1.5,0.01,"Sardinops sagax","Fis-54081"
111.5,1.5,0.01,"Sardinops sagax","Fis-54081"
118,1.5,0.04,"Sardinops sagax","Fis-54081"
118.5,1.5,0.04,"Sardinops sagax","Fis-54081"
119,1.5,0.05,"Sardinops sagax","Fis-54081"
119.5,1.5,0.02,"Sardinops sagax","Fis-54081"
125,1.5,0.03,"Sardinops sagax","Fis-54081"
125.5,1.5,0.08,"Sardinops sagax","Fis-54081"
128,1.5,0.04,"Sardinops sagax","Fis-54081"
173,1.5,0.13,"Sardinops sagax","Fis-54081"
173.5,1.5,0.12,"Sardinops sagax","Fis-54081"
-91.5,1,0.48,"Sardinops sagax","Fis-54081"
-79.5,1,0.56,"Sardinops sagax","Fis-54081"
-79,1,0.48,"Sardinops sagax","Fis-54081"
-78.5,1,0.53,"Sardinops sagax","Fis-54081"
44,1,0.05,"Sardinops sagax","Fis-54081"
44.5,1,0.52,"Sardinops sagax","Fis-54081"
45,1,0.51,"Sardinops sagax","Fis-54081"
103.5,1,0.01,"Sardinops sagax","Fis-54081"
104,1,0.03,"Sardinops sagax","Fis-54081"
104.5,1,0.05,"Sardinops sagax","Fis-54081"
105,1,0.06,"Sardinops sagax","Fis-54081"
105.5,1,0.07,"Sardinops sagax","Fis-54081"
106,1,0.07,"Sardinops sagax","Fis-54081"
106.5,1,0.07,"Sardinops sagax","Fis-54081"
107,1,0.06,"Sardinops sagax","Fis-54081"
107.5,1,0.05,"Sardinops sagax","Fis-54081"
108,1,0.03,"Sardinops sagax","Fis-54081"
108.5,1,0.02,"Sardinops sagax","Fis-54081"
109,1,0.02,"Sardinops sagax","Fis-54081"
109.5,1,0.01,"Sardinops sagax","Fis-54081"
119,1,0.07,"Sardinops sagax","Fis-54081"
119.5,1,0.04,"Sardinops sagax","Fis-54081"
120.5,1,0.02,"Sardinops sagax","Fis-54081"
121,1,0.03,"Sardinops sagax","Fis-54081"
121.5,1,0.03,"Sardinops sagax","Fis-54081"
122,1,0.02,"Sardinops sagax","Fis-54081"
122.5,1,0.01,"Sardinops sagax","Fis-54081"
123,1,0.02,"Sardinops sagax","Fis-54081"
123.5,1,0.01,"Sardinops sagax","Fis-54081"
124.5,1,0.02,"Sardinops sagax","Fis-54081"
125,1,0.06,"Sardinops sagax","Fis-54081"
125.5,1,0.1,"Sardinops sagax","Fis-54081"
126.5,1,0.07,"Sardinops sagax","Fis-54081"
127.5,1,0.06,"Sardinops sagax","Fis-54081"
128,1,0.03,"Sardinops sagax","Fis-54081"
173,1,0.14,"Sardinops sagax","Fis-54081"
173.5,1,0.13,"Sardinops sagax","Fis-54081"
-90.5,0.5,0.95,"Sardinops sagax","Fis-54081"
-80,0.5,0.65,"Sardinops sagax","Fis-54081"
-79.5,0.5,0.61,"Sardinops sagax","Fis-54081"
43.5,0.5,0.5,"Sardinops sagax","Fis-54081"
44,0.5,0.52,"Sardinops sagax","Fis-54081"
44.5,0.5,0.5,"Sardinops sagax","Fis-54081"
73.5,0.5,0.03,"Sardinops sagax","Fis-54081"
74,0.5,0.03,"Sardinops sagax","Fis-54081"
103.5,0.5,0.02,"Sardinops sagax","Fis-54081"
104,0.5,0.02,"Sardinops sagax","Fis-54081"
104.5,0.5,0.02,"Sardinops sagax","Fis-54081"
105,0.5,0.04,"Sardinops sagax","Fis-54081"
105.5,0.5,0.05,"Sardinops sagax","Fis-54081"
106,0.5,0.07,"Sardinops sagax","Fis-54081"
106.5,0.5,0.07,"Sardinops sagax","Fis-54081"
107,0.5,0.06,"Sardinops sagax","Fis-54081"
107.5,0.5,0.06,"Sardinops sagax","Fis-54081"
108,0.5,0.03,"Sardinops sagax","Fis-54081"
108.5,0.5,0.01,"Sardinops sagax","Fis-54081"
109,0.5,0.02,"Sardinops sagax","Fis-54081"
118,0.5,0.06,"Sardinops sagax","Fis-54081"
118.5,0.5,0.05,"Sardinops sagax","Fis-54081"
119,0.5,0.05,"Sardinops sagax","Fis-54081"
119.5,0.5,0.03,"Sardinops sagax","Fis-54081"
120,0.5,0.03,"Sardinops sagax","Fis-54081"
124,0.5,0.02,"Sardinops sagax","Fis-54081"
124.5,0.5,0.04,"Sardinops sagax","Fis-54081"
125,0.5,0.08,"Sardinops sagax","Fis-54081"
125.5,0.5,0.07,"Sardinops sagax","Fis-54081"
126.5,0.5,0.06,"Sardinops sagax","Fis-54081"
127.5,0.5,0.06,"Sardinops sagax","Fis-54081"
128,0.5,0.03,"Sardinops sagax","Fis-54081"
129,0.5,0.01,"Sardinops sagax","Fis-54081"
173,0.5,0.15,"Sardinops sagax","Fis-54081"
173.5,0.5,0.15,"Sardinops sagax","Fis-54081"
174,0.5,0.15,"Sardinops sagax","Fis-54081"
-91.5,0,1,"Sardinops sagax","Fis-54081"
-91,0,1,"Sardinops sagax","Fis-54081"
-90,0,1,"Sardinops sagax","Fis-54081"
-89.5,0,1,"Sardinops sagax","Fis-54081"
-80,0,0.73,"Sardinops sagax","Fis-54081"
-79.5,0,0.03,"Sardinops sagax","Fis-54081"
43,0,0.5,"Sardinops sagax","Fis-54081"
43.5,0,0.52,"Sardinops sagax","Fis-54081"
73.5,0,0.02,"Sardinops sagax","Fis-54081"
74,0,0.02,"Sardinops sagax","Fis-54081"
103.5,0,0.01,"Sardinops sagax","Fis-54081"
104,0,0.02,"Sardinops sagax","Fis-54081"
104.5,0,0.02,"Sardinops sagax","Fis-54081"
105,0,0.03,"Sardinops sagax","Fis-54081"
105.5,0,0.04,"Sardinops sagax","Fis-54081"
106,0,0.05,"Sardinops sagax","Fis-54081"
106.5,0,0.07,"Sardinops sagax","Fis-54081"
107,0,0.06,"Sardinops sagax","Fis-54081"
107.5,0,0.05,"Sardinops sagax","Fis-54081"
108,0,0.03,"Sardinops sagax","Fis-54081"
108.5,0,0.01,"Sardinops sagax","Fis-54081"
109,0,0.02,"Sardinops sagax","Fis-54081"
109.5,0,0.01,"Sardinops sagax","Fis-54081"
117.5,0,0.01,"Sardinops sagax","Fis-54081"
118,0,0.06,"Sardinops sagax","Fis-54081"
120,0,0.02,"Sardinops sagax","Fis-54081"
124,0,0.03,"Sardinops sagax","Fis-54081"
124.5,0,0.04,"Sardinops sagax","Fis-54081"
125,0,0.05,"Sardinops sagax","Fis-54081"
127.5,0,0.07,"Sardinops sagax","Fis-54081"
128,0,0.04,"Sardinops sagax","Fis-54081"
128.5,0,0.02,"Sardinops sagax","Fis-54081"
129,0,0.02,"Sardinops sagax","Fis-54081"
129.5,0,0.03,"Sardinops sagax","Fis-54081"
130,0,0.03,"Sardinops sagax","Fis-54081"
130.5,0,0.01,"Sardinops sagax","Fis-54081"
173.5,0,0.15,"Sardinops sagax","Fis-54081"
174,0,0.15,"Sardinops sagax","Fis-54081"
-91.5,-0.5,1,"Sardinops sagax","Fis-54081"
-91,-0.5,1,"Sardinops sagax","Fis-54081"
-90.5,-0.5,1,"Sardinops sagax","Fis-54081"
-90,-0.5,1,"Sardinops sagax","Fis-54081"
-80.5,-0.5,0.81,"Sardinops sagax","Fis-54081"
-80,-0.5,0.78,"Sardinops sagax","Fis-54081"
42.5,-0.5,0.04,"Sardinops sagax","Fis-54081"
43,-0.5,0.52,"Sardinops sagax","Fis-54081"
43.5,-0.5,0.41,"Sardinops sagax","Fis-54081"
73.5,-0.5,0.01,"Sardinops sagax","Fis-54081"
100,-0.5,0.01,"Sardinops sagax","Fis-54081"
100.5,-0.5,0.01,"Sardinops sagax","Fis-54081"
104,-0.5,0.02,"Sardinops sagax","Fis-54081"
104.5,-0.5,0.01,"Sardinops sagax","Fis-54081"
105,-0.5,0.02,"Sardinops sagax","Fis-54081"
105.5,-0.5,0.03,"Sardinops sagax","Fis-54081"
106,-0.5,0.04,"Sardinops sagax","Fis-54081"
106.5,-0.5,0.06,"Sardinops sagax","Fis-54081"
107,-0.5,0.06,"Sardinops sagax","Fis-54081"
107.5,-0.5,0.05,"Sardinops sagax","Fis-54081"
108,-0.5,0.03,"Sardinops sagax","Fis-54081"
109,-0.5,0.02,"Sardinops sagax","Fis-54081"
109.5,-0.5,0.01,"Sardinops sagax","Fis-54081"
117.5,-0.5,0.04,"Sardinops sagax","Fis-54081"
118,-0.5,0.05,"Sardinops sagax","Fis-54081"
120,-0.5,0.01,"Sardinops sagax","Fis-54081"
127.5,-0.5,0.08,"Sardinops sagax","Fis-54081"
128,-0.5,0.06,"Sardinops sagax","Fis-54081"
128.5,-0.5,0.03,"Sardinops sagax","Fis-54081"
129,-0.5,0.01,"Sardinops sagax","Fis-54081"
129.5,-0.5,0.04,"Sardinops sagax","Fis-54081"
130,-0.5,0.06,"Sardinops sagax","Fis-54081"
130.5,-0.5,0.06,"Sardinops sagax","Fis-54081"
131,-0.5,0.02,"Sardinops sagax","Fis-54081"
167,-0.5,0.06,"Sardinops sagax","Fis-54081"
174.5,-0.5,0.14,"Sardinops sagax","Fis-54081"
-91,-1,1,"Sardinops sagax","Fis-54081"
-90.5,-1,1,"Sardinops sagax","Fis-54081"
-90,-1,1,"Sardinops sagax","Fis-54081"
-89.5,-1,1,"Sardinops sagax","Fis-54081"
-89,-1,1,"Sardinops sagax","Fis-54081"
-80.5,-1,0.87,"Sardinops sagax","Fis-54081"
-80,-1,0.82,"Sardinops sagax","Fis-54081"
42,-1,0.04,"Sardinops sagax","Fis-54081"
42.5,-1,0.51,"Sardinops sagax","Fis-54081"
43,-1,0.5,"Sardinops sagax","Fis-54081"
73.5,-1,0.01,"Sardinops sagax","Fis-54081"
99,-1,0.01,"Sardinops sagax","Fis-54081"
99.5,-1,0.01,"Sardinops sagax","Fis-54081"
100.5,-1,0.02,"Sardinops sagax","Fis-54081"
103.5,-1,0.03,"Sardinops sagax","Fis-54081"
104,-1,0.02,"Sardinops sagax","Fis-54081"
104.5,-1,0.02,"Sardinops sagax","Fis-54081"
105,-1,0.01,"Sardinops sagax","Fis-54081"
105.5,-1,0.01,"Sardinops sagax","Fis-54081"
106,-1,0.02,"Sardinops sagax","Fis-54081"
106.5,-1,0.04,"Sardinops sagax","Fis-54081"
107,-1,0.05,"Sardinops sagax","Fis-54081"
107.5,-1,0.06,"Sardinops sagax","Fis-54081"
108,-1,0.04,"Sardinops sagax","Fis-54081"
108.5,-1,0.01,"Sardinops sagax","Fis-54081"
109,-1,0.01,"Sardinops sagax","Fis-54081"
109.5,-1,0.01,"Sardinops sagax","Fis-54081"
110,-1,0.01,"Sardinops sagax","Fis-54081"
117.5,-1,0.06,"Sardinops sagax","Fis-54081"
118,-1,0.04,"Sardinops sagax","Fis-54081"
123.5,-1,0.05,"Sardinops sagax","Fis-54081"
124,-1,0.1,"Sardinops sagax","Fis-54081"
127.5,-1,0.08,"Sardinops sagax","Fis-54081"
128,-1,0.07,"Sardinops sagax","Fis-54081"
128.5,-1,0.05,"Sardinops sagax","Fis-54081"
129,-1,0.03,"Sardinops sagax","Fis-54081"
130,-1,0.08,"Sardinops sagax","Fis-54081"
130.5,-1,0.09,"Sardinops sagax","Fis-54081"
131,-1,0.05,"Sardinops sagax","Fis-54081"
131.5,-1,0.02,"Sardinops sagax","Fis-54081"
167,-1,0.04,"Sardinops sagax","Fis-54081"
170,-1,0.08,"Sardinops sagax","Fis-54081"
174.5,-1,0.13,"Sardinops sagax","Fis-54081"
175,-1,0.13,"Sardinops sagax","Fis-54081"
-91,-1.5,1,"Sardinops sagax","Fis-54081"
-90.5,-1.5,1,"Sardinops sagax","Fis-54081"
-90,-1.5,1,"Sardinops sagax","Fis-54081"
-89.5,-1.5,1,"Sardinops sagax","Fis-54081"
-81,-1.5,1,"Sardinops sagax","Fis-54081"
-80.5,-1.5,0.93,"Sardinops sagax","Fis-54081"
42,-1.5,0.51,"Sardinops sagax","Fis-54081"
42.5,-1.5,0.5,"Sardinops sagax","Fis-54081"
99,-1.5,0.02,"Sardinops sagax","Fis-54081"
99.5,-1.5,0.02,"Sardinops sagax","Fis-54081"
100.5,-1.5,0.02,"Sardinops sagax","Fis-54081"
101,-1.5,0.03,"Sardinops sagax","Fis-54081"
104.5,-1.5,0.03,"Sardinops sagax","Fis-54081"
105,-1.5,0.01,"Sardinops sagax","Fis-54081"
105.5,-1.5,0.01,"Sardinops sagax","Fis-54081"
106,-1.5,0.02,"Sardinops sagax","Fis-54081"
106.5,-1.5,0.03,"Sardinops sagax","Fis-54081"
107,-1.5,0.04,"Sardinops sagax","Fis-54081"
107.5,-1.5,0.05,"Sardinops sagax","Fis-54081"
108,-1.5,0.05,"Sardinops sagax","Fis-54081"
108.5,-1.5,0.02,"Sardinops sagax","Fis-54081"
109,-1.5,0.01,"Sardinops sagax","Fis-54081"
109.5,-1.5,0.01,"Sardinops sagax","Fis-54081"
110,-1.5,0.01,"Sardinops sagax","Fis-54081"
110.5,-1.5,0.02,"Sardinops sagax","Fis-54081"
117,-1.5,0.07,"Sardinops sagax","Fis-54081"
117.5,-1.5,0.06,"Sardinops sagax","Fis-54081"
118,-1.5,0.02,"Sardinops sagax","Fis-54081"
123,-1.5,0.07,"Sardinops sagax","Fis-54081"
123.5,-1.5,0.13,"Sardinops sagax","Fis-54081"
124,-1.5,0.15,"Sardinops sagax","Fis-54081"
124.5,-1.5,0.06,"Sardinops sagax","Fis-54081"
127.5,-1.5,0.09,"Sardinops sagax","Fis-54081"
128,-1.5,0.08,"Sardinops sagax","Fis-54081"
128.5,-1.5,0.06,"Sardinops sagax","Fis-54081"
129,-1.5,0.05,"Sardinops sagax","Fis-54081"
129.5,-1.5,0.06,"Sardinops sagax","Fis-54081"
130,-1.5,0.1,"Sardinops sagax","Fis-54081"
130.5,-1.5,0.11,"Sardinops sagax","Fis-54081"
131,-1.5,0.08,"Sardinops sagax","Fis-54081"
131.5,-1.5,0.01,"Sardinops sagax","Fis-54081"
138,-1.5,0.01,"Sardinops sagax","Fis-54081"
138.5,-1.5,0.01,"Sardinops sagax","Fis-54081"
175,-1.5,0.12,"Sardinops sagax","Fis-54081"
175.5,-1.5,0.12,"Sardinops sagax","Fis-54081"
176,-1.5,0.01,"Sardinops sagax","Fis-54081"
176.5,-1.5,0.13,"Sardinops sagax","Fis-54081"
177,-1.5,0.14,"Sardinops sagax","Fis-54081"
-81,-2,1,"Sardinops sagax","Fis-54081"
-80.5,-2,1,"Sardinops sagax","Fis-54081"
41,-2,0.04,"Sardinops sagax","Fis-54081"
41.5,-2,0.5,"Sardinops sagax","Fis-54081"
42,-2,0.5,"Sardinops sagax","Fis-54081"
99,-2,0.02,"Sardinops sagax","Fis-54081"
99.5,-2,0.03,"Sardinops sagax","Fis-54081"
100,-2,0.03,"Sardinops sagax","Fis-54081"
100.5,-2,0.03,"Sardinops sagax","Fis-54081"
101,-2,0.03,"Sardinops sagax","Fis-54081"
104.5,-2,0.04,"Sardinops sagax","Fis-54081"
105,-2,0.03,"Sardinops sagax","Fis-54081"
105.5,-2,0.02,"Sardinops sagax","Fis-54081"
106,-2,0.03,"Sardinops sagax","Fis-54081"
106.5,-2,0.03,"Sardinops sagax","Fis-54081"
107,-2,0.03,"Sardinops sagax","Fis-54081"
107.5,-2,0.03,"Sardinops sagax","Fis-54081"
108,-2,0.04,"Sardinops sagax","Fis-54081"
108.5,-2,0.03,"Sardinops sagax","Fis-54081"
109,-2,0.03,"Sardinops sagax","Fis-54081"
109.5,-2,0.02,"Sardinops sagax","Fis-54081"
110,-2,0.02,"Sardinops sagax","Fis-54081"
110.5,-2,0.02,"Sardinops sagax","Fis-54081"
116.5,-2,0.01,"Sardinops sagax","Fis-54081"
117,-2,0.06,"Sardinops sagax","Fis-54081"
117.5,-2,0.04,"Sardinops sagax","Fis-54081"
122,-2,0.06,"Sardinops sagax","Fis-54081"
122.5,-2,0.07,"Sardinops sagax","Fis-54081"
123,-2,0.09,"Sardinops sagax","Fis-54081"
123.5,-2,0.14,"Sardinops sagax","Fis-54081"
124,-2,0.18,"Sardinops sagax","Fis-54081"
124.5,-2,0.14,"Sardinops sagax","Fis-54081"
125,-2,0.09,"Sardinops sagax","Fis-54081"
125.5,-2,0.07,"Sardinops sagax","Fis-54081"
126,-2,0.07,"Sardinops sagax","Fis-54081"
126.5,-2,0.08,"Sardinops sagax","Fis-54081"
127,-2,0.09,"Sardinops sagax","Fis-54081"
127.5,-2,0.1,"Sardinops sagax","Fis-54081"
128,-2,0.09,"Sardinops sagax","Fis-54081"
128.5,-2,0.05,"Sardinops sagax","Fis-54081"
129,-2,0.05,"Sardinops sagax","Fis-54081"
130,-2,0.11,"Sardinops sagax","Fis-54081"
130.5,-2,0.11,"Sardinops sagax","Fis-54081"
131,-2,0.1,"Sardinops sagax","Fis-54081"
131.5,-2,0.06,"Sardinops sagax","Fis-54081"
132,-2,0.03,"Sardinops sagax","Fis-54081"
132.5,-2,0.02,"Sardinops sagax","Fis-54081"
138,-2,0.02,"Sardinops sagax","Fis-54081"
138.5,-2,0.02,"Sardinops sagax","Fis-54081"
139,-2,0.02,"Sardinops sagax","Fis-54081"
139.5,-2,0.02,"Sardinops sagax","Fis-54081"
175,-2,0.1,"Sardinops sagax","Fis-54081"
175.5,-2,0.1,"Sardinops sagax","Fis-54081"
176,-2,0.1,"Sardinops sagax","Fis-54081"
-81,-2.5,1,"Sardinops sagax","Fis-54081"
-80.5,-2.5,0.95,"Sardinops sagax","Fis-54081"
-80,-2.5,0.07,"Sardinops sagax","Fis-54081"
-79.5,-2.5,0.04,"Sardinops sagax","Fis-54081"
41,-2.5,0.5,"Sardinops sagax","Fis-54081"
41.5,-2.5,0.49,"Sardinops sagax","Fis-54081"
99.5,-2.5,0.03,"Sardinops sagax","Fis-54081"
100,-2.5,0.04,"Sardinops sagax","Fis-54081"
100.5,-2.5,0.04,"Sardinops sagax","Fis-54081"
101,-2.5,0.05,"Sardinops sagax","Fis-54081"
101.5,-2.5,0.05,"Sardinops sagax","Fis-54081"
105,-2.5,0.06,"Sardinops sagax","Fis-54081"
105.5,-2.5,0.04,"Sardinops sagax","Fis-54081"
106,-2.5,0.04,"Sardinops sagax","Fis-54081"
106.5,-2.5,0.02,"Sardinops sagax","Fis-54081"
107,-2.5,0.03,"Sardinops sagax","Fis-54081"
107.5,-2.5,0.03,"Sardinops sagax","Fis-54081"
108,-2.5,0.04,"Sardinops sagax","Fis-54081"
108.5,-2.5,0.05,"Sardinops sagax","Fis-54081"
109,-2.5,0.03,"Sardinops sagax","Fis-54081"
109.5,-2.5,0.03,"Sardinops sagax","Fis-54081"
110,-2.5,0.03,"Sardinops sagax","Fis-54081"
110.5,-2.5,0.03,"Sardinops sagax","Fis-54081"
116.5,-2.5,0.01,"Sardinops sagax","Fis-54081"
117,-2.5,0.06,"Sardinops sagax","Fis-54081"
117.5,-2.5,0.05,"Sardinops sagax","Fis-54081"
118,-2.5,0.02,"Sardinops sagax","Fis-54081"
122,-2.5,0.07,"Sardinops sagax","Fis-54081"
122.5,-2.5,0.08,"Sardinops sagax","Fis-54081"
123,-2.5,0.09,"Sardinops sagax","Fis-54081"
123.5,-2.5,0.11,"Sardinops sagax","Fis-54081"
124,-2.5,0.12,"Sardinops sagax","Fis-54081"
124.5,-2.5,0.11,"Sardinops sagax","Fis-54081"
125,-2.5,0.09,"Sardinops sagax","Fis-54081"
125.5,-2.5,0.08,"Sardinops sagax","Fis-54081"
126,-2.5,0.07,"Sardinops sagax","Fis-54081"
126.5,-2.5,0.08,"Sardinops sagax","Fis-54081"
130,-2.5,0.1,"Sardinops sagax","Fis-54081"
130.5,-2.5,0.12,"Sardinops sagax","Fis-54081"
131,-2.5,0.12,"Sardinops sagax","Fis-54081"
131.5,-2.5,0.1,"Sardinops sagax","Fis-54081"
132,-2.5,0.07,"Sardinops sagax","Fis-54081"
132.5,-2.5,0.06,"Sardinops sagax","Fis-54081"
133,-2.5,0.05,"Sardinops sagax","Fis-54081"
133.5,-2.5,0.02,"Sardinops sagax","Fis-54081"
134,-2.5,0.01,"Sardinops sagax","Fis-54081"
137,-2.5,0.02,"Sardinops sagax","Fis-54081"
137.5,-2.5,0.04,"Sardinops sagax","Fis-54081"
139.5,-2.5,0.05,"Sardinops sagax","Fis-54081"
140,-2.5,0.03,"Sardinops sagax","Fis-54081"
140.5,-2.5,0.03,"Sardinops sagax","Fis-54081"
141,-2.5,0.03,"Sardinops sagax","Fis-54081"
176.5,-2.5,0.08,"Sardinops sagax","Fis-54081"
-80.5,-3,0.84,"Sardinops sagax","Fis-54081"
-80,-3,0.73,"Sardinops sagax","Fis-54081"
-79.5,-3,0.8,"Sardinops sagax","Fis-54081"
40.5,-3,0.47,"Sardinops sagax","Fis-54081"
41,-3,0.48,"Sardinops sagax","Fis-54081"
41.5,-3,0.46,"Sardinops sagax","Fis-54081"
100,-3,0.05,"Sardinops sagax","Fis-54081"
100.5,-3,0.06,"Sardinops sagax","Fis-54081"
101,-3,0.06,"Sardinops sagax","Fis-54081"
101.5,-3,0.06,"Sardinops sagax","Fis-54081"
106,-3,0.04,"Sardinops sagax","Fis-54081"
106.5,-3,0.03,"Sardinops sagax","Fis-54081"
107,-3,0.04,"Sardinops sagax","Fis-54081"
107.5,-3,0.05,"Sardinops sagax","Fis-54081"
108,-3,0.05,"Sardinops sagax","Fis-54081"
108.5,-3,0.06,"Sardinops sagax","Fis-54081"
109,-3,0.05,"Sardinops sagax","Fis-54081"
109.5,-3,0.04,"Sardinops sagax","Fis-54081"
110,-3,0.04,"Sardinops sagax","Fis-54081"
110.5,-3,0.04,"Sardinops sagax","Fis-54081"
111,-3,0.04,"Sardinops sagax","Fis-54081"
111.5,-3,0.04,"Sardinops sagax","Fis-54081"
112,-3,0.05,"Sardinops sagax","Fis-54081"
113.5,-3,0.01,"Sardinops sagax","Fis-54081"
116.5,-3,0.05,"Sardinops sagax","Fis-54081"
117,-3,0.05,"Sardinops sagax","Fis-54081"
117.5,-3,0.05,"Sardinops sagax","Fis-54081"
118,-3,0.04,"Sardinops sagax","Fis-54081"
118.5,-3,0.02,"Sardinops sagax","Fis-54081"
119,-3,0.02,"Sardinops sagax","Fis-54081"
121.5,-3,0.02,"Sardinops sagax","Fis-54081"
122,-3,0.01,"Sardinops sagax","Fis-54081"
122.5,-3,0.09,"Sardinops sagax","Fis-54081"
123,-3,0.1,"Sardinops sagax","Fis-54081"
128,-3,0.09,"Sardinops sagax","Fis-54081"
128.5,-3,0.09,"Sardinops sagax","Fis-54081"
129,-3,0.08,"Sardinops sagax","Fis-54081"
129.5,-3,0.08,"Sardinops sagax","Fis-54081"
130,-3,0.09,"Sardinops sagax","Fis-54081"
130.5,-3,0.11,"Sardinops sagax","Fis-54081"
131,-3,0.1,"Sardinops sagax","Fis-54081"
131.5,-3,0.13,"Sardinops sagax","Fis-54081"
132,-3,0.11,"Sardinops sagax","Fis-54081"
132.5,-3,0.1,"Sardinops sagax","Fis-54081"
133,-3,0.06,"Sardinops sagax","Fis-54081"
133.5,-3,0.01,"Sardinops sagax","Fis-54081"
134,-3,0.01,"Sardinops sagax","Fis-54081"
134.5,-3,0.04,"Sardinops sagax","Fis-54081"
136.5,-3,0.04,"Sardinops sagax","Fis-54081"
141,-3,0.05,"Sardinops sagax","Fis-54081"
141.5,-3,0.05,"Sardinops sagax","Fis-54081"
142,-3,0.04,"Sardinops sagax","Fis-54081"
142.5,-3,0.03,"Sardinops sagax","Fis-54081"
177,-3,0.06,"Sardinops sagax","Fis-54081"
-81,-3.5,0.88,"Sardinops sagax","Fis-54081"
-80.5,-3.5,0.93,"Sardinops sagax","Fis-54081"
-80,-3.5,0.64,"Sardinops sagax","Fis-54081"
-79.5,-3.5,0.77,"Sardinops sagax","Fis-54081"
40,-3.5,0.46,"Sardinops sagax","Fis-54081"
40.5,-3.5,0.47,"Sardinops sagax","Fis-54081"
100.5,-3.5,0.06,"Sardinops sagax","Fis-54081"
101,-3.5,0.06,"Sardinops sagax","Fis-54081"
101.5,-3.5,0.07,"Sardinops sagax","Fis-54081"
102,-3.5,0.08,"Sardinops sagax","Fis-54081"
106,-3.5,0.04,"Sardinops sagax","Fis-54081"
106.5,-3.5,0.03,"Sardinops sagax","Fis-54081"
107,-3.5,0.04,"Sardinops sagax","Fis-54081"
107.5,-3.5,0.05,"Sardinops sagax","Fis-54081"
108,-3.5,0.04,"Sardinops sagax","Fis-54081"
108.5,-3.5,0.05,"Sardinops sagax","Fis-54081"
109,-3.5,0.06,"Sardinops sagax","Fis-54081"
109.5,-3.5,0.06,"Sardinops sagax","Fis-54081"
110,-3.5,0.04,"Sardinops sagax","Fis-54081"
110.5,-3.5,0.04,"Sardinops sagax","Fis-54081"
111,-3.5,0.05,"Sardinops sagax","Fis-54081"
111.5,-3.5,0.05,"Sardinops sagax","Fis-54081"
112,-3.5,0.05,"Sardinops sagax","Fis-54081"
112.5,-3.5,0.06,"Sardinops sagax","Fis-54081"
113,-3.5,0.07,"Sardinops sagax","Fis-54081"
113.5,-3.5,0.07,"Sardinops sagax","Fis-54081"
114,-3.5,0.08,"Sardinops sagax","Fis-54081"
114.5,-3.5,0.05,"Sardinops sagax","Fis-54081"
116.5,-3.5,0.03,"Sardinops sagax","Fis-54081"
117,-3.5,0.04,"Sardinops sagax","Fis-54081"
117.5,-3.5,0.04,"Sardinops sagax","Fis-54081"
118,-3.5,0.04,"Sardinops sagax","Fis-54081"
118.5,-3.5,0.01,"Sardinops sagax","Fis-54081"
119,-3.5,0.03,"Sardinops sagax","Fis-54081"
119.5,-3.5,0.04,"Sardinops sagax","Fis-54081"
120.5,-3.5,0.02,"Sardinops sagax","Fis-54081"
121.5,-3.5,0.03,"Sardinops sagax","Fis-54081"
122.5,-3.5,0.09,"Sardinops sagax","Fis-54081"
123,-3.5,0.11,"Sardinops sagax","Fis-54081"
123.5,-3.5,0.11,"Sardinops sagax","Fis-54081"
126.5,-3.5,0.13,"Sardinops sagax","Fis-54081"
127,-3.5,0.15,"Sardinops sagax","Fis-54081"
127.5,-3.5,0.17,"Sardinops sagax","Fis-54081"
128,-3.5,0.18,"Sardinops sagax","Fis-54081"
128.5,-3.5,0.19,"Sardinops sagax","Fis-54081"
129,-3.5,0.19,"Sardinops sagax","Fis-54081"
129.5,-3.5,0.16,"Sardinops sagax","Fis-54081"
130,-3.5,0.17,"Sardinops sagax","Fis-54081"
130.5,-3.5,0.16,"Sardinops sagax","Fis-54081"
131,-3.5,0.15,"Sardinops sagax","Fis-54081"
132,-3.5,0.06,"Sardinops sagax","Fis-54081"
132.5,-3.5,0.15,"Sardinops sagax","Fis-54081"
133,-3.5,0.14,"Sardinops sagax","Fis-54081"
134,-3.5,0.14,"Sardinops sagax","Fis-54081"
135,-3.5,0.07,"Sardinops sagax","Fis-54081"
136,-3.5,0.05,"Sardinops sagax","Fis-54081"
142.5,-3.5,0.06,"Sardinops sagax","Fis-54081"
143,-3.5,0.05,"Sardinops sagax","Fis-54081"
143.5,-3.5,0.06,"Sardinops sagax","Fis-54081"
144,-3.5,0.06,"Sardinops sagax","Fis-54081"
144.5,-3.5,0.04,"Sardinops sagax","Fis-54081"
-81,-4,1,"Sardinops sagax","Fis-54081"
-80.5,-4,0.88,"Sardinops sagax","Fis-54081"
-80,-4,0.03,"Sardinops sagax","Fis-54081"
40,-4,0.46,"Sardinops sagax","Fis-54081"
40.5,-4,0.43,"Sardinops sagax","Fis-54081"
55,-4,0.22,"Sardinops sagax","Fis-54081"
55.5,-4,0.21,"Sardinops sagax","Fis-54081"
56,-4,0.21,"Sardinops sagax","Fis-54081"
56.5,-4,0.2,"Sardinops sagax","Fis-54081"
101,-4,0.06,"Sardinops sagax","Fis-54081"
101.5,-4,0.07,"Sardinops sagax","Fis-54081"
102,-4,0.09,"Sardinops sagax","Fis-54081"
102.5,-4,0.1,"Sardinops sagax","Fis-54081"
106,-4,0.04,"Sardinops sagax","Fis-54081"
106.5,-4,0.02,"Sardinops sagax","Fis-54081"
107,-4,0.02,"Sardinops sagax","Fis-54081"
107.5,-4,0.03,"Sardinops sagax","Fis-54081"
108,-4,0.03,"Sardinops sagax","Fis-54081"
108.5,-4,0.04,"Sardinops sagax","Fis-54081"
109,-4,0.06,"Sardinops sagax","Fis-54081"
109.5,-4,0.07,"Sardinops sagax","Fis-54081"
110,-4,0.06,"Sardinops sagax","Fis-54081"
110.5,-4,0.05,"Sardinops sagax","Fis-54081"
111,-4,0.05,"Sardinops sagax","Fis-54081"
111.5,-4,0.06,"Sardinops sagax","Fis-54081"
112,-4,0.06,"Sardinops sagax","Fis-54081"
112.5,-4,0.06,"Sardinops sagax","Fis-54081"
113,-4,0.07,"Sardinops sagax","Fis-54081"
113.5,-4,0.07,"Sardinops sagax","Fis-54081"
114,-4,0.07,"Sardinops sagax","Fis-54081"
114.5,-4,0.07,"Sardinops sagax","Fis-54081"
115,-4,0.07,"Sardinops sagax","Fis-54081"
115.5,-4,0.06,"Sardinops sagax","Fis-54081"
116,-4,0.04,"Sardinops sagax","Fis-54081"
116.5,-4,0.04,"Sardinops sagax","Fis-54081"
117,-4,0.04,"Sardinops sagax","Fis-54081"
117.5,-4,0.03,"Sardinops sagax","Fis-54081"
118,-4,0.04,"Sardinops sagax","Fis-54081"
119,-4,0.04,"Sardinops sagax","Fis-54081"
119.5,-4,0.07,"Sardinops sagax","Fis-54081"
120,-4,0.05,"Sardinops sagax","Fis-54081"
120.5,-4,0.03,"Sardinops sagax","Fis-54081"
121,-4,0.02,"Sardinops sagax","Fis-54081"
121.5,-4,0.02,"Sardinops sagax","Fis-54081"
122.5,-4,0.08,"Sardinops sagax","Fis-54081"
123,-4,0.11,"Sardinops sagax","Fis-54081"
123.5,-4,0.12,"Sardinops sagax","Fis-54081"
126.5,-4,0.18,"Sardinops sagax","Fis-54081"
127,-4,0.2,"Sardinops sagax","Fis-54081"
127.5,-4,0.2,"Sardinops sagax","Fis-54081"
128,-4,0.21,"Sardinops sagax","Fis-54081"
128.5,-4,0.21,"Sardinops sagax","Fis-54081"
129,-4,0.19,"Sardinops sagax","Fis-54081"
130.5,-4,0.19,"Sardinops sagax","Fis-54081"
131,-4,0.19,"Sardinops sagax","Fis-54081"
131.5,-4,0.19,"Sardinops sagax","Fis-54081"
132,-4,0.11,"Sardinops sagax","Fis-54081"
133,-4,0.19,"Sardinops sagax","Fis-54081"
133.5,-4,0.21,"Sardinops sagax","Fis-54081"
134,-4,0.23,"Sardinops sagax","Fis-54081"
134.5,-4,0.21,"Sardinops sagax","Fis-54081"
135,-4,0.03,"Sardinops sagax","Fis-54081"
144,-4,0.08,"Sardinops sagax","Fis-54081"
144.5,-4,0.08,"Sardinops sagax","Fis-54081"
145,-4,0.07,"Sardinops sagax","Fis-54081"
145.5,-4,0.03,"Sardinops sagax","Fis-54081"
-81,-4.5,1,"Sardinops sagax","Fis-54081"
39.5,-4.5,0.08,"Sardinops sagax","Fis-54081"
40,-4.5,0.44,"Sardinops sagax","Fis-54081"
54.5,-4.5,0.24,"Sardinops sagax","Fis-54081"
55,-4.5,0.24,"Sardinops sagax","Fis-54081"
55.5,-4.5,0.25,"Sardinops sagax","Fis-54081"
56,-4.5,0.25,"Sardinops sagax","Fis-54081"
56.5,-4.5,0.23,"Sardinops sagax","Fis-54081"
101.5,-4.5,0.07,"Sardinops sagax","Fis-54081"
102.5,-4.5,0.11,"Sardinops sagax","Fis-54081"
103,-4.5,0.11,"Sardinops sagax","Fis-54081"
103.5,-4.5,0.01,"Sardinops sagax","Fis-54081"
106,-4.5,0.04,"Sardinops sagax","Fis-54081"
106.5,-4.5,0.02,"Sardinops sagax","Fis-54081"
107,-4.5,0.01,"Sardinops sagax","Fis-54081"
107.5,-4.5,0.02,"Sardinops sagax","Fis-54081"
108,-4.5,0.03,"Sardinops sagax","Fis-54081"
108.5,-4.5,0.04,"Sardinops sagax","Fis-54081"
109,-4.5,0.06,"Sardinops sagax","Fis-54081"
109.5,-4.5,0.07,"Sardinops sagax","Fis-54081"
110,-4.5,0.07,"Sardinops sagax","Fis-54081"
110.5,-4.5,0.06,"Sardinops sagax","Fis-54081"
111,-4.5,0.07,"Sardinops sagax","Fis-54081"
111.5,-4.5,0.07,"Sardinops sagax","Fis-54081"
112,-4.5,0.08,"Sardinops sagax","Fis-54081"
112.5,-4.5,0.08,"Sardinops sagax","Fis-54081"
113,-4.5,0.08,"Sardinops sagax","Fis-54081"
113.5,-4.5,0.07,"Sardinops sagax","Fis-54081"
114,-4.5,0.07,"Sardinops sagax","Fis-54081"
114.5,-4.5,0.07,"Sardinops sagax","Fis-54081"
115,-4.5,0.06,"Sardinops sagax","Fis-54081"
115.5,-4.5,0.06,"Sardinops sagax","Fis-54081"
116,-4.5,0.07,"Sardinops sagax","Fis-54081"
116.5,-4.5,0.06,"Sardinops sagax","Fis-54081"
117,-4.5,0.05,"Sardinops sagax","Fis-54081"
117.5,-4.5,0.04,"Sardinops sagax","Fis-54081"
119.5,-4.5,0.04,"Sardinops sagax","Fis-54081"
120,-4.5,0.04,"Sardinops sagax","Fis-54081"
120.5,-4.5,0.04,"Sardinops sagax","Fis-54081"
121,-4.5,0.03,"Sardinops sagax","Fis-54081"
122,-4.5,0.04,"Sardinops sagax","Fis-54081"
122.5,-4.5,0.07,"Sardinops sagax","Fis-54081"
123,-4.5,0.1,"Sardinops sagax","Fis-54081"
123.5,-4.5,0.13,"Sardinops sagax","Fis-54081"
130,-4.5,0.19,"Sardinops sagax","Fis-54081"
131.5,-4.5,0.22,"Sardinops sagax","Fis-54081"
132,-4.5,0.21,"Sardinops sagax","Fis-54081"
133,-4.5,0.24,"Sardinops sagax","Fis-54081"
133.5,-4.5,0.26,"Sardinops sagax","Fis-54081"
134,-4.5,0.28,"Sardinops sagax","Fis-54081"
134.5,-4.5,0.3,"Sardinops sagax","Fis-54081"
135,-4.5,0.32,"Sardinops sagax","Fis-54081"
135.5,-4.5,0.23,"Sardinops sagax","Fis-54081"
136,-4.5,0.21,"Sardinops sagax","Fis-54081"
145,-4.5,0.08,"Sardinops sagax","Fis-54081"
145.5,-4.5,0.06,"Sardinops sagax","Fis-54081"
146,-4.5,0.04,"Sardinops sagax","Fis-54081"
-81,-5,1,"Sardinops sagax","Fis-54081"
39.5,-5,0.44,"Sardinops sagax","Fis-54081"
40,-5,0.42,"Sardinops sagax","Fis-54081"
53.5,-5,0.25,"Sardinops sagax","Fis-54081"
54.5,-5,0.26,"Sardinops sagax","Fis-54081"
55,-5,0.26,"Sardinops sagax","Fis-54081"
55.5,-5,0.28,"Sardinops sagax","Fis-54081"
56,-5,0.28,"Sardinops sagax","Fis-54081"
56.5,-5,0.26,"Sardinops sagax","Fis-54081"
57,-5,0.25,"Sardinops sagax","Fis-54081"
72.5,-5,0.12,"Sardinops sagax","Fis-54081"
73,-5,0.12,"Sardinops sagax","Fis-54081"
101.5,-5,0.07,"Sardinops sagax","Fis-54081"
102.5,-5,0.01,"Sardinops sagax","Fis-54081"
103,-5,0.12,"Sardinops sagax","Fis-54081"
103.5,-5,0.12,"Sardinops sagax","Fis-54081"
104,-5,0.11,"Sardinops sagax","Fis-54081"
106,-5,0.04,"Sardinops sagax","Fis-54081"
106.5,-5,0.02,"Sardinops sagax","Fis-54081"
107,-5,0.01,"Sardinops sagax","Fis-54081"
107.5,-5,0.02,"Sardinops sagax","Fis-54081"
108,-5,0.03,"Sardinops sagax","Fis-54081"
108.5,-5,0.04,"Sardinops sagax","Fis-54081"
109,-5,0.05,"Sardinops sagax","Fis-54081"
109.5,-5,0.06,"Sardinops sagax","Fis-54081"
110,-5,0.07,"Sardinops sagax","Fis-54081"
110.5,-5,0.07,"Sardinops sagax","Fis-54081"
111,-5,0.08,"Sardinops sagax","Fis-54081"
111.5,-5,0.08,"Sardinops sagax","Fis-54081"
112,-5,0.09,"Sardinops sagax","Fis-54081"
112.5,-5,0.09,"Sardinops sagax","Fis-54081"
113,-5,0.09,"Sardinops sagax","Fis-54081"
113.5,-5,0.09,"Sardinops sagax","Fis-54081"
114,-5,0.09,"Sardinops sagax","Fis-54081"
114.5,-5,0.08,"Sardinops sagax","Fis-54081"
115,-5,0.08,"Sardinops sagax","Fis-54081"
115.5,-5,0.08,"Sardinops sagax","Fis-54081"
116,-5,0.08,"Sardinops sagax","Fis-54081"
116.5,-5,0.08,"Sardinops sagax","Fis-54081"
117,-5,0.07,"Sardinops sagax","Fis-54081"
117.5,-5,0.05,"Sardinops sagax","Fis-54081"
118,-5,0.04,"Sardinops sagax","Fis-54081"
119,-5,0.05,"Sardinops sagax","Fis-54081"
119.5,-5,0.06,"Sardinops sagax","Fis-54081"
120,-5,0.07,"Sardinops sagax","Fis-54081"
120.5,-5,0.06,"Sardinops sagax","Fis-54081"
121,-5,0.04,"Sardinops sagax","Fis-54081"
121.5,-5,0.03,"Sardinops sagax","Fis-54081"
122,-5,0.05,"Sardinops sagax","Fis-54081"
122.5,-5,0.07,"Sardinops sagax","Fis-54081"
123,-5,0.08,"Sardinops sagax","Fis-54081"
123.5,-5,0.13,"Sardinops sagax","Fis-54081"
130,-5,0.19,"Sardinops sagax","Fis-54081"
130.5,-5,0.2,"Sardinops sagax","Fis-54081"
132,-5,0.22,"Sardinops sagax","Fis-54081"
135,-5,0.31,"Sardinops sagax","Fis-54081"
135.5,-5,0.3,"Sardinops sagax","Fis-54081"
136,-5,0.29,"Sardinops sagax","Fis-54081"
136.5,-5,0.29,"Sardinops sagax","Fis-54081"
137,-5,0.29,"Sardinops sagax","Fis-54081"
137.5,-5,0.05,"Sardinops sagax","Fis-54081"
138,-5,0.01,"Sardinops sagax","Fis-54081"
146,-5,0.07,"Sardinops sagax","Fis-54081"
146.5,-5,0.04,"Sardinops sagax","Fis-54081"
-81,-5.5,1,"Sardinops sagax","Fis-54081"
-80.5,-5.5,0.72,"Sardinops sagax","Fis-54081"
39,-5.5,0.06,"Sardinops sagax","Fis-54081"
39.5,-5.5,0.43,"Sardinops sagax","Fis-54081"
40,-5.5,0.4,"Sardinops sagax","Fis-54081"
53.5,-5.5,0.27,"Sardinops sagax","Fis-54081"
55.5,-5.5,0.28,"Sardinops sagax","Fis-54081"
56,-5.5,0.29,"Sardinops sagax","Fis-54081"
56.5,-5.5,0.3,"Sardinops sagax","Fis-54081"
57,-5.5,0.29,"Sardinops sagax","Fis-54081"
57.5,-5.5,0.27,"Sardinops sagax","Fis-54081"
72,-5.5,0.16,"Sardinops sagax","Fis-54081"
72.5,-5.5,0.16,"Sardinops sagax","Fis-54081"
73,-5.5,0.16,"Sardinops sagax","Fis-54081"
102.5,-5.5,0.13,"Sardinops sagax","Fis-54081"
103,-5.5,0.13,"Sardinops sagax","Fis-54081"
104,-5.5,0.13,"Sardinops sagax","Fis-54081"
104.5,-5.5,0.11,"Sardinops sagax","Fis-54081"
105,-5.5,0.09,"Sardinops sagax","Fis-54081"
105.5,-5.5,0.03,"Sardinops sagax","Fis-54081"
106,-5.5,0.03,"Sardinops sagax","Fis-54081"
106.5,-5.5,0.03,"Sardinops sagax","Fis-54081"
107,-5.5,0.02,"Sardinops sagax","Fis-54081"
107.5,-5.5,0.02,"Sardinops sagax","Fis-54081"
108,-5.5,0.03,"Sardinops sagax","Fis-54081"
108.5,-5.5,0.03,"Sardinops sagax","Fis-54081"
109,-5.5,0.04,"Sardinops sagax","Fis-54081"
109.5,-5.5,0.05,"Sardinops sagax","Fis-54081"
110,-5.5,0.06,"Sardinops sagax","Fis-54081"
110.5,-5.5,0.07,"Sardinops sagax","Fis-54081"
111,-5.5,0.07,"Sardinops sagax","Fis-54081"
111.5,-5.5,0.07,"Sardinops sagax","Fis-54081"
112,-5.5,0.08,"Sardinops sagax","Fis-54081"
112.5,-5.5,0.08,"Sardinops sagax","Fis-54081"
113,-5.5,0.09,"Sardinops sagax","Fis-54081"
113.5,-5.5,0.1,"Sardinops sagax","Fis-54081"
114,-5.5,0.1,"Sardinops sagax","Fis-54081"
114.5,-5.5,0.1,"Sardinops sagax","Fis-54081"
115,-5.5,0.09,"Sardinops sagax","Fis-54081"
115.5,-5.5,0.09,"Sardinops sagax","Fis-54081"
116,-5.5,0.09,"Sardinops sagax","Fis-54081"
116.5,-5.5,0.09,"Sardinops sagax","Fis-54081"
117,-5.5,0.08,"Sardinops sagax","Fis-54081"
117.5,-5.5,0.08,"Sardinops sagax","Fis-54081"
118,-5.5,0.07,"Sardinops sagax","Fis-54081"
118.5,-5.5,0.07,"Sardinops sagax","Fis-54081"
119,-5.5,0.1,"Sardinops sagax","Fis-54081"
119.5,-5.5,0.13,"Sardinops sagax","Fis-54081"
120.5,-5.5,0.1,"Sardinops sagax","Fis-54081"
121,-5.5,0.07,"Sardinops sagax","Fis-54081"
122,-5.5,0.08,"Sardinops sagax","Fis-54081"
122.5,-5.5,0.1,"Sardinops sagax","Fis-54081"
123,-5.5,0.12,"Sardinops sagax","Fis-54081"
123.5,-5.5,0.14,"Sardinops sagax","Fis-54081"
124,-5.5,0.15,"Sardinops sagax","Fis-54081"
124.5,-5.5,0.16,"Sardinops sagax","Fis-54081"
125,-5.5,0.16,"Sardinops sagax","Fis-54081"
128,-5.5,0.2,"Sardinops sagax","Fis-54081"
132.5,-5.5,0.24,"Sardinops sagax","Fis-54081"
133,-5.5,0.24,"Sardinops sagax","Fis-54081"
133.5,-5.5,0.25,"Sardinops sagax","Fis-54081"
134.5,-5.5,0.29,"Sardinops sagax","Fis-54081"
135,-5.5,0.29,"Sardinops sagax","Fis-54081"
135.5,-5.5,0.27,"Sardinops sagax","Fis-54081"
136,-5.5,0.27,"Sardinops sagax","Fis-54081"
136.5,-5.5,0.27,"Sardinops sagax","Fis-54081"
137,-5.5,0.27,"Sardinops sagax","Fis-54081"
137.5,-5.5,0.28,"Sardinops sagax","Fis-54081"
138,-5.5,0.28,"Sardinops sagax","Fis-54081"
138.5,-5.5,0.27,"Sardinops sagax","Fis-54081"
146,-5.5,0.1,"Sardinops sagax","Fis-54081"
146.5,-5.5,0.08,"Sardinops sagax","Fis-54081"
147,-5.5,0.06,"Sardinops sagax","Fis-54081"
147.5,-5.5,0.04,"Sardinops sagax","Fis-54081"
148,-5.5,0.02,"Sardinops sagax","Fis-54081"
-81,-6,1,"Sardinops sagax","Fis-54081"
-80.5,-6,0.63,"Sardinops sagax","Fis-54081"
39,-6,0.43,"Sardinops sagax","Fis-54081"
39.5,-6,0.41,"Sardinops sagax","Fis-54081"
40,-6,0.38,"Sardinops sagax","Fis-54081"
53,-6,0.29,"Sardinops sagax","Fis-54081"
53.5,-6,0.3,"Sardinops sagax","Fis-54081"
54,-6,0.29,"Sardinops sagax","Fis-54081"
55.5,-6,0.3,"Sardinops sagax","Fis-54081"
56.5,-6,0.32,"Sardinops sagax","Fis-54081"
57,-6,0.31,"Sardinops sagax","Fis-54081"
72,-6,0.19,"Sardinops sagax","Fis-54081"
72.5,-6,0.2,"Sardinops sagax","Fis-54081"
73,-6,0.19,"Sardinops sagax","Fis-54081"
102.5,-6,0.14,"Sardinops sagax","Fis-54081"
103,-6,0.14,"Sardinops sagax","Fis-54081"
104.5,-6,0.14,"Sardinops sagax","Fis-54081"
105,-6,0.11,"Sardinops sagax","Fis-54081"
105.5,-6,0.09,"Sardinops sagax","Fis-54081"
106,-6,0.06,"Sardinops sagax","Fis-54081"
106.5,-6,0.05,"Sardinops sagax","Fis-54081"
107,-6,0.04,"Sardinops sagax","Fis-54081"
107.5,-6,0.04,"Sardinops sagax","Fis-54081"
108,-6,0.04,"Sardinops sagax","Fis-54081"
108.5,-6,0.04,"Sardinops sagax","Fis-54081"
109,-6,0.03,"Sardinops sagax","Fis-54081"
109.5,-6,0.04,"Sardinops sagax","Fis-54081"
110,-6,0.05,"Sardinops sagax","Fis-54081"
110.5,-6,0.07,"Sardinops sagax","Fis-54081"
111,-6,0.06,"Sardinops sagax","Fis-54081"
111.5,-6,0.06,"Sardinops sagax","Fis-54081"
112,-6,0.07,"Sardinops sagax","Fis-54081"
112.5,-6,0.07,"Sardinops sagax","Fis-54081"
113,-6,0.08,"Sardinops sagax","Fis-54081"
113.5,-6,0.09,"Sardinops sagax","Fis-54081"
114,-6,0.09,"Sardinops sagax","Fis-54081"
114.5,-6,0.1,"Sardinops sagax","Fis-54081"
115,-6,0.1,"Sardinops sagax","Fis-54081"
115.5,-6,0.1,"Sardinops sagax","Fis-54081"
116,-6,0.09,"Sardinops sagax","Fis-54081"
116.5,-6,0.09,"Sardinops sagax","Fis-54081"
117,-6,0.09,"Sardinops sagax","Fis-54081"
117.5,-6,0.05,"Sardinops sagax","Fis-54081"
118,-6,0.1,"Sardinops sagax","Fis-54081"
118.5,-6,0.12,"Sardinops sagax","Fis-54081"
119,-6,0.16,"Sardinops sagax","Fis-54081"
119.5,-6,0.21,"Sardinops sagax","Fis-54081"
120,-6,0.21,"Sardinops sagax","Fis-54081"
120.5,-6,0.17,"Sardinops sagax","Fis-54081"
121,-6,0.09,"Sardinops sagax","Fis-54081"
122.5,-6,0.03,"Sardinops sagax","Fis-54081"
123,-6,0.15,"Sardinops sagax","Fis-54081"
123.5,-6,0.15,"Sardinops sagax","Fis-54081"
124,-6,0.16,"Sardinops sagax","Fis-54081"
124.5,-6,0.17,"Sardinops sagax","Fis-54081"
125,-6,0.17,"Sardinops sagax","Fis-54081"
128,-6,0.2,"Sardinops sagax","Fis-54081"
132,-6,0.25,"Sardinops sagax","Fis-54081"
132.5,-6,0.26,"Sardinops sagax","Fis-54081"
133,-6,0.26,"Sardinops sagax","Fis-54081"
133.5,-6,0.25,"Sardinops sagax","Fis-54081"
134.5,-6,0.28,"Sardinops sagax","Fis-54081"
135,-6,0.27,"Sardinops sagax","Fis-54081"
135.5,-6,0.27,"Sardinops sagax","Fis-54081"
136,-6,0.26,"Sardinops sagax","Fis-54081"
136.5,-6,0.26,"Sardinops sagax","Fis-54081"
137,-6,0.26,"Sardinops sagax","Fis-54081"
137.5,-6,0.26,"Sardinops sagax","Fis-54081"
138,-6,0.29,"Sardinops sagax","Fis-54081"
138.5,-6,0.29,"Sardinops sagax","Fis-54081"
146.5,-6,0.11,"Sardinops sagax","Fis-54081"
147,-6,0.1,"Sardinops sagax","Fis-54081"
147.5,-6,0.1,"Sardinops sagax","Fis-54081"
148,-6,0.1,"Sardinops sagax","Fis-54081"
148.5,-6,0.1,"Sardinops sagax","Fis-54081"
149,-6,0.04,"Sardinops sagax","Fis-54081"
149.5,-6,0.01,"Sardinops sagax","Fis-54081"
152,-6,0.01,"Sardinops sagax","Fis-54081"
-81,-6.5,0.61,"Sardinops sagax","Fis-54081"
-80.5,-6.5,0.35,"Sardinops sagax","Fis-54081"
-80,-6.5,0.59,"Sardinops sagax","Fis-54081"
39,-6.5,0.42,"Sardinops sagax","Fis-54081"
39.5,-6.5,0.41,"Sardinops sagax","Fis-54081"
40,-6.5,0.39,"Sardinops sagax","Fis-54081"
53,-6.5,0.31,"Sardinops sagax","Fis-54081"
53.5,-6.5,0.31,"Sardinops sagax","Fis-54081"
56.5,-6.5,0.32,"Sardinops sagax","Fis-54081"
71.5,-6.5,0.2,"Sardinops sagax","Fis-54081"
72,-6.5,0.22,"Sardinops sagax","Fis-54081"
72.5,-6.5,0.23,"Sardinops sagax","Fis-54081"
73,-6.5,0.22,"Sardinops sagax","Fis-54081"
105,-6.5,0.11,"Sardinops sagax","Fis-54081"
105.5,-6.5,0.09,"Sardinops sagax","Fis-54081"
106,-6.5,0.09,"Sardinops sagax","Fis-54081"
107,-6.5,0.05,"Sardinops sagax","Fis-54081"
107.5,-6.5,0.11,"Sardinops sagax","Fis-54081"
108,-6.5,0.1,"Sardinops sagax","Fis-54081"
108.5,-6.5,0.07,"Sardinops sagax","Fis-54081"
109,-6.5,0.05,"Sardinops sagax","Fis-54081"
109.5,-6.5,0.04,"Sardinops sagax","Fis-54081"
110,-6.5,0.05,"Sardinops sagax","Fis-54081"
110.5,-6.5,0.05,"Sardinops sagax","Fis-54081"
111,-6.5,0.06,"Sardinops sagax","Fis-54081"
111.5,-6.5,0.07,"Sardinops sagax","Fis-54081"
112,-6.5,0.07,"Sardinops sagax","Fis-54081"
112.5,-6.5,0.07,"Sardinops sagax","Fis-54081"
113,-6.5,0.07,"Sardinops sagax","Fis-54081"
113.5,-6.5,0.07,"Sardinops sagax","Fis-54081"
114,-6.5,0.08,"Sardinops sagax","Fis-54081"
114.5,-6.5,0.09,"Sardinops sagax","Fis-54081"
115,-6.5,0.09,"Sardinops sagax","Fis-54081"
115.5,-6.5,0.09,"Sardinops sagax","Fis-54081"
116,-6.5,0.09,"Sardinops sagax","Fis-54081"
116.5,-6.5,0.09,"Sardinops sagax","Fis-54081"
117,-6.5,0.09,"Sardinops sagax","Fis-54081"
118,-6.5,0.04,"Sardinops sagax","Fis-54081"
119,-6.5,0.17,"Sardinops sagax","Fis-54081"
119.5,-6.5,0.12,"Sardinops sagax","Fis-54081"
120.5,-6.5,0.16,"Sardinops sagax","Fis-54081"
121,-6.5,0.12,"Sardinops sagax","Fis-54081"
121.5,-6.5,0.11,"Sardinops sagax","Fis-54081"
123,-6.5,0.13,"Sardinops sagax","Fis-54081"
124.5,-6.5,0.16,"Sardinops sagax","Fis-54081"
125,-6.5,0.15,"Sardinops sagax","Fis-54081"
130.5,-6.5,0.14,"Sardinops sagax","Fis-54081"
132.5,-6.5,0.27,"Sardinops sagax","Fis-54081"
133,-6.5,0.26,"Sardinops sagax","Fis-54081"
134,-6.5,0.27,"Sardinops sagax","Fis-54081"
134.5,-6.5,0.27,"Sardinops sagax","Fis-54081"
135,-6.5,0.26,"Sardinops sagax","Fis-54081"
135.5,-6.5,0.27,"Sardinops sagax","Fis-54081"
136,-6.5,0.27,"Sardinops sagax","Fis-54081"
136.5,-6.5,0.27,"Sardinops sagax","Fis-54081"
137,-6.5,0.26,"Sardinops sagax","Fis-54081"
137.5,-6.5,0.25,"Sardinops sagax","Fis-54081"
138,-6.5,0.27,"Sardinops sagax","Fis-54081"
138.5,-6.5,0.25,"Sardinops sagax","Fis-54081"
139,-6.5,0.22,"Sardinops sagax","Fis-54081"
148,-6.5,0.1,"Sardinops sagax","Fis-54081"
149,-6.5,0.1,"Sardinops sagax","Fis-54081"
149.5,-6.5,0.09,"Sardinops sagax","Fis-54081"
150,-6.5,0.08,"Sardinops sagax","Fis-54081"
150.5,-6.5,0.05,"Sardinops sagax","Fis-54081"
151,-6.5,0.03,"Sardinops sagax","Fis-54081"
151.5,-6.5,0.01,"Sardinops sagax","Fis-54081"
-80.5,-7,0.78,"Sardinops sagax","Fis-54081"
-80,-7,0.52,"Sardinops sagax","Fis-54081"
-79.5,-7,0.69,"Sardinops sagax","Fis-54081"
12,-7,0.29,"Sardinops sagax","Fis-54081"
13,-7,0.4,"Sardinops sagax","Fis-54081"
39.5,-7,0.41,"Sardinops sagax","Fis-54081"
40,-7,0.39,"Sardinops sagax","Fis-54081"
40.5,-7,0.35,"Sardinops sagax","Fis-54081"
53,-7,0.32,"Sardinops sagax","Fis-54081"
71.5,-7,0.23,"Sardinops sagax","Fis-54081"
72,-7,0.24,"Sardinops sagax","Fis-54081"
72.5,-7,0.24,"Sardinops sagax","Fis-54081"
105.5,-7,0.17,"Sardinops sagax","Fis-54081"
106,-7,0.18,"Sardinops sagax","Fis-54081"
106.5,-7,0.2,"Sardinops sagax","Fis-54081"
107,-7,0.2,"Sardinops sagax","Fis-54081"
109,-7,0.06,"Sardinops sagax","Fis-54081"
109.5,-7,0.05,"Sardinops sagax","Fis-54081"
110,-7,0.05,"Sardinops sagax","Fis-54081"
110.5,-7,0.06,"Sardinops sagax","Fis-54081"
111,-7,0.09,"Sardinops sagax","Fis-54081"
111.5,-7,0.1,"Sardinops sagax","Fis-54081"
112,-7,0.07,"Sardinops sagax","Fis-54081"
112.5,-7,0.06,"Sardinops sagax","Fis-54081"
113,-7,0.05,"Sardinops sagax","Fis-54081"
113.5,-7,0.06,"Sardinops sagax","Fis-54081"
114,-7,0.07,"Sardinops sagax","Fis-54081"
114.5,-7,0.09,"Sardinops sagax","Fis-54081"
115,-7,0.1,"Sardinops sagax","Fis-54081"
115.5,-7,0.11,"Sardinops sagax","Fis-54081"
116,-7,0.1,"Sardinops sagax","Fis-54081"
116.5,-7,0.1,"Sardinops sagax","Fis-54081"
117,-7,0.1,"Sardinops sagax","Fis-54081"
118.5,-7,0.15,"Sardinops sagax","Fis-54081"
119,-7,0.17,"Sardinops sagax","Fis-54081"
119.5,-7,0.17,"Sardinops sagax","Fis-54081"
120.5,-7,0.15,"Sardinops sagax","Fis-54081"
121,-7,0.14,"Sardinops sagax","Fis-54081"
121.5,-7,0.12,"Sardinops sagax","Fis-54081"
122.5,-7,0.11,"Sardinops sagax","Fis-54081"
129.5,-7,0.2,"Sardinops sagax","Fis-54081"
130,-7,0.22,"Sardinops sagax","Fis-54081"
131.5,-7,0.25,"Sardinops sagax","Fis-54081"
132,-7,0.27,"Sardinops sagax","Fis-54081"
132.5,-7,0.26,"Sardinops sagax","Fis-54081"
133.5,-7,0.28,"Sardinops sagax","Fis-54081"
134,-7,0.3,"Sardinops sagax","Fis-54081"
134.5,-7,0.29,"Sardinops sagax","Fis-54081"
135,-7,0.27,"Sardinops sagax","Fis-54081"
135.5,-7,0.28,"Sardinops sagax","Fis-54081"
136,-7,0.29,"Sardinops sagax","Fis-54081"
136.5,-7,0.28,"Sardinops sagax","Fis-54081"
137,-7,0.26,"Sardinops sagax","Fis-54081"
137.5,-7,0.25,"Sardinops sagax","Fis-54081"
138,-7,0.25,"Sardinops sagax","Fis-54081"
138.5,-7,0.19,"Sardinops sagax","Fis-54081"
139,-7,0.17,"Sardinops sagax","Fis-54081"
139.5,-7,0.01,"Sardinops sagax","Fis-54081"
147,-7,0.12,"Sardinops sagax","Fis-54081"
147.5,-7,0.08,"Sardinops sagax","Fis-54081"
148,-7,0.09,"Sardinops sagax","Fis-54081"
-80.5,-7.5,1,"Sardinops sagax","Fis-54081"
-80,-7.5,1,"Sardinops sagax","Fis-54081"
-79.5,-7.5,0.74,"Sardinops sagax","Fis-54081"
12.5,-7.5,0.71,"Sardinops sagax","Fis-54081"
13,-7.5,0.72,"Sardinops sagax","Fis-54081"
39.5,-7.5,0.31,"Sardinops sagax","Fis-54081"
40,-7.5,0.38,"Sardinops sagax","Fis-54081"
53,-7.5,0.34,"Sardinops sagax","Fis-54081"
56.5,-7.5,0.34,"Sardinops sagax","Fis-54081"
57,-7.5,0.34,"Sardinops sagax","Fis-54081"
57.5,-7.5,0.32,"Sardinops sagax","Fis-54081"
71.5,-7.5,0.25,"Sardinops sagax","Fis-54081"
72,-7.5,0.25,"Sardinops sagax","Fis-54081"
72.5,-7.5,0.25,"Sardinops sagax","Fis-54081"
73,-7.5,0.24,"Sardinops sagax","Fis-54081"
105.5,-7.5,0.23,"Sardinops sagax","Fis-54081"
106,-7.5,0.26,"Sardinops sagax","Fis-54081"
106.5,-7.5,0.29,"Sardinops sagax","Fis-54081"
107,-7.5,0.27,"Sardinops sagax","Fis-54081"
107.5,-7.5,0.26,"Sardinops sagax","Fis-54081"
113,-7.5,0.06,"Sardinops sagax","Fis-54081"
113.5,-7.5,0.06,"Sardinops sagax","Fis-54081"
114,-7.5,0.06,"Sardinops sagax","Fis-54081"
114.5,-7.5,0.1,"Sardinops sagax","Fis-54081"
115,-7.5,0.11,"Sardinops sagax","Fis-54081"
115.5,-7.5,0.11,"Sardinops sagax","Fis-54081"
116,-7.5,0.11,"Sardinops sagax","Fis-54081"
116.5,-7.5,0.1,"Sardinops sagax","Fis-54081"
117.5,-7.5,0.12,"Sardinops sagax","Fis-54081"
118,-7.5,0.13,"Sardinops sagax","Fis-54081"
118.5,-7.5,0.14,"Sardinops sagax","Fis-54081"
119,-7.5,0.14,"Sardinops sagax","Fis-54081"
120.5,-7.5,0.13,"Sardinops sagax","Fis-54081"
121,-7.5,0.13,"Sardinops sagax","Fis-54081"
121.5,-7.5,0.12,"Sardinops sagax","Fis-54081"
122,-7.5,0.11,"Sardinops sagax","Fis-54081"
122.5,-7.5,0.1,"Sardinops sagax","Fis-54081"
127.5,-7.5,0.2,"Sardinops sagax","Fis-54081"
129,-7.5,0.19,"Sardinops sagax","Fis-54081"
131,-7.5,0.22,"Sardinops sagax","Fis-54081"
131.5,-7.5,0.25,"Sardinops sagax","Fis-54081"
132,-7.5,0.26,"Sardinops sagax","Fis-54081"
132.5,-7.5,0.26,"Sardinops sagax","Fis-54081"
133,-7.5,0.27,"Sardinops sagax","Fis-54081"
133.5,-7.5,0.3,"Sardinops sagax","Fis-54081"
134,-7.5,0.32,"Sardinops sagax","Fis-54081"
134.5,-7.5,0.32,"Sardinops sagax","Fis-54081"
135,-7.5,0.3,"Sardinops sagax","Fis-54081"
135.5,-7.5,0.3,"Sardinops sagax","Fis-54081"
136,-7.5,0.3,"Sardinops sagax","Fis-54081"
136.5,-7.5,0.3,"Sardinops sagax","Fis-54081"
137,-7.5,0.27,"Sardinops sagax","Fis-54081"
137.5,-7.5,0.25,"Sardinops sagax","Fis-54081"
138,-7.5,0.23,"Sardinops sagax","Fis-54081"
138.5,-7.5,0.17,"Sardinops sagax","Fis-54081"
139,-7.5,0.18,"Sardinops sagax","Fis-54081"
139.5,-7.5,0.01,"Sardinops sagax","Fis-54081"
144,-7.5,0.01,"Sardinops sagax","Fis-54081"
145,-7.5,0.02,"Sardinops sagax","Fis-54081"
147.5,-7.5,0.07,"Sardinops sagax","Fis-54081"
148,-7.5,0.07,"Sardinops sagax","Fis-54081"
-140.5,-8,0.38,"Sardinops sagax","Fis-54081"
-140,-8,0.39,"Sardinops sagax","Fis-54081"
-80,-8,1,"Sardinops sagax","Fis-54081"
-79.5,-8,0.88,"Sardinops sagax","Fis-54081"
-79,-8,0.74,"Sardinops sagax","Fis-54081"
-14,-8,0.15,"Sardinops sagax","Fis-54081"
13,-8,0.88,"Sardinops sagax","Fis-54081"
13.5,-8,0.88,"Sardinops sagax","Fis-54081"
39.5,-8,0.35,"Sardinops sagax","Fis-54081"
40,-8,0.37,"Sardinops sagax","Fis-54081"
71.5,-8,0.25,"Sardinops sagax","Fis-54081"
72,-8,0.25,"Sardinops sagax","Fis-54081"
107,-8,0.31,"Sardinops sagax","Fis-54081"
108,-8,0.34,"Sardinops sagax","Fis-54081"
108.5,-8,0.34,"Sardinops sagax","Fis-54081"
109,-8,0.35,"Sardinops sagax","Fis-54081"
109.5,-8,0.36,"Sardinops sagax","Fis-54081"
110,-8,0.38,"Sardinops sagax","Fis-54081"
110.5,-8,0.31,"Sardinops sagax","Fis-54081"
113,-8,0.18,"Sardinops sagax","Fis-54081"
113.5,-8,0.07,"Sardinops sagax","Fis-54081"
114,-8,0.16,"Sardinops sagax","Fis-54081"
114.5,-8,0.16,"Sardinops sagax","Fis-54081"
115,-8,0.11,"Sardinops sagax","Fis-54081"
117.5,-8,0.13,"Sardinops sagax","Fis-54081"
118,-8,0.12,"Sardinops sagax","Fis-54081"
118.5,-8,0.12,"Sardinops sagax","Fis-54081"
126,-8,0.16,"Sardinops sagax","Fis-54081"
126.5,-8,0.18,"Sardinops sagax","Fis-54081"
127,-8,0.2,"Sardinops sagax","Fis-54081"
127.5,-8,0.2,"Sardinops sagax","Fis-54081"
128,-8,0.2,"Sardinops sagax","Fis-54081"
130,-8,0.18,"Sardinops sagax","Fis-54081"
130.5,-8,0.18,"Sardinops sagax","Fis-54081"
131,-8,0.23,"Sardinops sagax","Fis-54081"
131.5,-8,0.24,"Sardinops sagax","Fis-54081"
132,-8,0.25,"Sardinops sagax","Fis-54081"
133,-8,0.27,"Sardinops sagax","Fis-54081"
133.5,-8,0.29,"Sardinops sagax","Fis-54081"
134,-8,0.31,"Sardinops sagax","Fis-54081"
134.5,-8,0.31,"Sardinops sagax","Fis-54081"
135,-8,0.3,"Sardinops sagax","Fis-54081"
135.5,-8,0.3,"Sardinops sagax","Fis-54081"
136,-8,0.3,"Sardinops sagax","Fis-54081"
136.5,-8,0.31,"Sardinops sagax","Fis-54081"
137,-8,0.28,"Sardinops sagax","Fis-54081"
137.5,-8,0.26,"Sardinops sagax","Fis-54081"
138,-8,0.25,"Sardinops sagax","Fis-54081"
138.5,-8,0.12,"Sardinops sagax","Fis-54081"
139,-8,0.01,"Sardinops sagax","Fis-54081"
139.5,-8,0.01,"Sardinops sagax","Fis-54081"
143.5,-8,0.01,"Sardinops sagax","Fis-54081"
144,-8,0.27,"Sardinops sagax","Fis-54081"
144.5,-8,0.23,"Sardinops sagax","Fis-54081"
145,-8,0.26,"Sardinops sagax","Fis-54081"
145.5,-8,0.28,"Sardinops sagax","Fis-54081"
146,-8,0.25,"Sardinops sagax","Fis-54081"
147.5,-8,0.12,"Sardinops sagax","Fis-54081"
148,-8,0.07,"Sardinops sagax","Fis-54081"
148.5,-8,0.08,"Sardinops sagax","Fis-54081"
-140.5,-8.5,0.36,"Sardinops sagax","Fis-54081"
-139.5,-8.5,0.16,"Sardinops sagax","Fis-54081"
-80,-8.5,0.59,"Sardinops sagax","Fis-54081"
-79.5,-8.5,1,"Sardinops sagax","Fis-54081"
-79,-8.5,0.7,"Sardinops sagax","Fis-54081"
-78.5,-8.5,0.73,"Sardinops sagax","Fis-54081"
13,-8.5,0.79,"Sardinops sagax","Fis-54081"
13.5,-8.5,1,"Sardinops sagax","Fis-54081"
39.5,-8.5,0.37,"Sardinops sagax","Fis-54081"
40,-8.5,0.38,"Sardinops sagax","Fis-54081"
60.5,-8.5,0.31,"Sardinops sagax","Fis-54081"
108.5,-8.5,0.3,"Sardinops sagax","Fis-54081"
109,-8.5,0.31,"Sardinops sagax","Fis-54081"
109.5,-8.5,0.33,"Sardinops sagax","Fis-54081"
110,-8.5,0.13,"Sardinops sagax","Fis-54081"
110.5,-8.5,0.38,"Sardinops sagax","Fis-54081"
111,-8.5,0.4,"Sardinops sagax","Fis-54081"
111.5,-8.5,0.41,"Sardinops sagax","Fis-54081"
112,-8.5,0.41,"Sardinops sagax","Fis-54081"
112.5,-8.5,0.33,"Sardinops sagax","Fis-54081"
113,-8.5,0.3,"Sardinops sagax","Fis-54081"
113.5,-8.5,0.4,"Sardinops sagax","Fis-54081"
114,-8.5,0.29,"Sardinops sagax","Fis-54081"
114.5,-8.5,0.27,"Sardinops sagax","Fis-54081"
115,-8.5,0.24,"Sardinops sagax","Fis-54081"
115.5,-8.5,0.21,"Sardinops sagax","Fis-54081"
116,-8.5,0.16,"Sardinops sagax","Fis-54081"
116.5,-8.5,0.17,"Sardinops sagax","Fis-54081"
117,-8.5,0.16,"Sardinops sagax","Fis-54081"
117.5,-8.5,0.14,"Sardinops sagax","Fis-54081"
118,-8.5,0.16,"Sardinops sagax","Fis-54081"
118.5,-8.5,0.16,"Sardinops sagax","Fis-54081"
119,-8.5,0.19,"Sardinops sagax","Fis-54081"
119.5,-8.5,0.21,"Sardinops sagax","Fis-54081"
120,-8.5,0.18,"Sardinops sagax","Fis-54081"
120.5,-8.5,0.12,"Sardinops sagax","Fis-54081"
121,-8.5,0.11,"Sardinops sagax","Fis-54081"
121.5,-8.5,0.11,"Sardinops sagax","Fis-54081"
122,-8.5,0.11,"Sardinops sagax","Fis-54081"
122.5,-8.5,0.11,"Sardinops sagax","Fis-54081"
123,-8.5,0.16,"Sardinops sagax","Fis-54081"
123.5,-8.5,0.2,"Sardinops sagax","Fis-54081"
124,-8.5,0.22,"Sardinops sagax","Fis-54081"
124.5,-8.5,0.23,"Sardinops sagax","Fis-54081"
125,-8.5,0.19,"Sardinops sagax","Fis-54081"
125.5,-8.5,0.17,"Sardinops sagax","Fis-54081"
126,-8.5,0.19,"Sardinops sagax","Fis-54081"
126.5,-8.5,0.2,"Sardinops sagax","Fis-54081"
127,-8.5,0.19,"Sardinops sagax","Fis-54081"
127.5,-8.5,0.19,"Sardinops sagax","Fis-54081"
128,-8.5,0.2,"Sardinops sagax","Fis-54081"
128.5,-8.5,0.21,"Sardinops sagax","Fis-54081"
129,-8.5,0.21,"Sardinops sagax","Fis-54081"
129.5,-8.5,0.21,"Sardinops sagax","Fis-54081"
130,-8.5,0.2,"Sardinops sagax","Fis-54081"
131,-8.5,0.24,"Sardinops sagax","Fis-54081"
131.5,-8.5,0.24,"Sardinops sagax","Fis-54081"
132.5,-8.5,0.13,"Sardinops sagax","Fis-54081"
133,-8.5,0.26,"Sardinops sagax","Fis-54081"
133.5,-8.5,0.27,"Sardinops sagax","Fis-54081"
134,-8.5,0.28,"Sardinops sagax","Fis-54081"
134.5,-8.5,0.28,"Sardinops sagax","Fis-54081"
135,-8.5,0.29,"Sardinops sagax","Fis-54081"
135.5,-8.5,0.3,"Sardinops sagax","Fis-54081"
136,-8.5,0.31,"Sardinops sagax","Fis-54081"
136.5,-8.5,0.3,"Sardinops sagax","Fis-54081"
137,-8.5,0.28,"Sardinops sagax","Fis-54081"
137.5,-8.5,0.27,"Sardinops sagax","Fis-54081"
138,-8.5,0.28,"Sardinops sagax","Fis-54081"
138.5,-8.5,0.29,"Sardinops sagax","Fis-54081"
139,-8.5,0.31,"Sardinops sagax","Fis-54081"
139.5,-8.5,0.32,"Sardinops sagax","Fis-54081"
140,-8.5,0.32,"Sardinops sagax","Fis-54081"
140.5,-8.5,0.32,"Sardinops sagax","Fis-54081"
142.5,-8.5,0.02,"Sardinops sagax","Fis-54081"
143,-8.5,0.03,"Sardinops sagax","Fis-54081"
143.5,-8.5,0.33,"Sardinops sagax","Fis-54081"
144,-8.5,0.27,"Sardinops sagax","Fis-54081"
144.5,-8.5,0.31,"Sardinops sagax","Fis-54081"
145,-8.5,0.31,"Sardinops sagax","Fis-54081"
145.5,-8.5,0.3,"Sardinops sagax","Fis-54081"
146,-8.5,0.28,"Sardinops sagax","Fis-54081"
146.5,-8.5,0.25,"Sardinops sagax","Fis-54081"
148.5,-8.5,0.09,"Sardinops sagax","Fis-54081"
149,-8.5,0.09,"Sardinops sagax","Fis-54081"
149.5,-8.5,0.08,"Sardinops sagax","Fis-54081"
150,-8.5,0.09,"Sardinops sagax","Fis-54081"
150.5,-8.5,0.11,"Sardinops sagax","Fis-54081"
151,-8.5,0.12,"Sardinops sagax","Fis-54081"
151.5,-8.5,0.11,"Sardinops sagax","Fis-54081"
-140.5,-9,0.34,"Sardinops sagax","Fis-54081"
-140,-9,0.35,"Sardinops sagax","Fis-54081"
-139.5,-9,0.36,"Sardinops sagax","Fis-54081"
-139,-9,0.37,"Sardinops sagax","Fis-54081"
-79.5,-9,1,"Sardinops sagax","Fis-54081"
-79,-9,0.94,"Sardinops sagax","Fis-54081"
-78.5,-9,0.74,"Sardinops sagax","Fis-54081"
13,-9,0.32,"Sardinops sagax","Fis-54081"
13.5,-9,1,"Sardinops sagax","Fis-54081"
39.5,-9,0.39,"Sardinops sagax","Fis-54081"
40,-9,0.38,"Sardinops sagax","Fis-54081"
60.5,-9,0.33,"Sardinops sagax","Fis-54081"
113.5,-9,0.37,"Sardinops sagax","Fis-54081"
114,-9,0.38,"Sardinops sagax","Fis-54081"
114.5,-9,0.39,"Sardinops sagax","Fis-54081"
115,-9,0.38,"Sardinops sagax","Fis-54081"
115.5,-9,0.34,"Sardinops sagax","Fis-54081"
116,-9,0.27,"Sardinops sagax","Fis-54081"
116.5,-9,0.26,"Sardinops sagax","Fis-54081"
117,-9,0.28,"Sardinops sagax","Fis-54081"
117.5,-9,0.23,"Sardinops sagax","Fis-54081"
118,-9,0.23,"Sardinops sagax","Fis-54081"
118.5,-9,0.28,"Sardinops sagax","Fis-54081"
119,-9,0.33,"Sardinops sagax","Fis-54081"
119.5,-9,0.34,"Sardinops sagax","Fis-54081"
120,-9,0.34,"Sardinops sagax","Fis-54081"
120.5,-9,0.23,"Sardinops sagax","Fis-54081"
121,-9,0.19,"Sardinops sagax","Fis-54081"
121.5,-9,0.17,"Sardinops sagax","Fis-54081"
122,-9,0.17,"Sardinops sagax","Fis-54081"
122.5,-9,0.2,"Sardinops sagax","Fis-54081"
123,-9,0.23,"Sardinops sagax","Fis-54081"
123.5,-9,0.27,"Sardinops sagax","Fis-54081"
124,-9,0.28,"Sardinops sagax","Fis-54081"
124.5,-9,0.26,"Sardinops sagax","Fis-54081"
125,-9,0.22,"Sardinops sagax","Fis-54081"
125.5,-9,0.18,"Sardinops sagax","Fis-54081"
126,-9,0.17,"Sardinops sagax","Fis-54081"
126.5,-9,0.17,"Sardinops sagax","Fis-54081"
127,-9,0.17,"Sardinops sagax","Fis-54081"
127.5,-9,0.18,"Sardinops sagax","Fis-54081"
131.5,-9,0.21,"Sardinops sagax","Fis-54081"
132,-9,0.23,"Sardinops sagax","Fis-54081"
132.5,-9,0.24,"Sardinops sagax","Fis-54081"
133,-9,0.25,"Sardinops sagax","Fis-54081"
133.5,-9,0.25,"Sardinops sagax","Fis-54081"
134,-9,0.26,"Sardinops sagax","Fis-54081"
134.5,-9,0.27,"Sardinops sagax","Fis-54081"
135,-9,0.29,"Sardinops sagax","Fis-54081"
135.5,-9,0.3,"Sardinops sagax","Fis-54081"
136,-9,0.31,"Sardinops sagax","Fis-54081"
136.5,-9,0.31,"Sardinops sagax","Fis-54081"
137,-9,0.3,"Sardinops sagax","Fis-54081"
137.5,-9,0.29,"Sardinops sagax","Fis-54081"
138,-9,0.29,"Sardinops sagax","Fis-54081"
138.5,-9,0.3,"Sardinops sagax","Fis-54081"
139,-9,0.31,"Sardinops sagax","Fis-54081"
139.5,-9,0.31,"Sardinops sagax","Fis-54081"
140,-9,0.31,"Sardinops sagax","Fis-54081"
140.5,-9,0.32,"Sardinops sagax","Fis-54081"
141,-9,0.33,"Sardinops sagax","Fis-54081"
143.5,-9,0.37,"Sardinops sagax","Fis-54081"
144,-9,0.35,"Sardinops sagax","Fis-54081"
144.5,-9,0.34,"Sardinops sagax","Fis-54081"
145,-9,0.34,"Sardinops sagax","Fis-54081"
145.5,-9,0.33,"Sardinops sagax","Fis-54081"
146,-9,0.24,"Sardinops sagax","Fis-54081"
146.5,-9,0.3,"Sardinops sagax","Fis-54081"
147,-9,0.28,"Sardinops sagax","Fis-54081"
148.5,-9,0.16,"Sardinops sagax","Fis-54081"
149,-9,0.1,"Sardinops sagax","Fis-54081"
149.5,-9,0.12,"Sardinops sagax","Fis-54081"
150,-9,0.12,"Sardinops sagax","Fis-54081"
150.5,-9,0.15,"Sardinops sagax","Fis-54081"
151,-9,0.17,"Sardinops sagax","Fis-54081"
151.5,-9,0.16,"Sardinops sagax","Fis-54081"
152,-9,0.12,"Sardinops sagax","Fis-54081"
152.5,-9,0.09,"Sardinops sagax","Fis-54081"
153,-9,0.08,"Sardinops sagax","Fis-54081"
-140,-9.5,0.33,"Sardinops sagax","Fis-54081"
-139.5,-9.5,0.35,"Sardinops sagax","Fis-54081"
-138.5,-9.5,0.14,"Sardinops sagax","Fis-54081"
-79.5,-9.5,0.97,"Sardinops sagax","Fis-54081"
-79,-9.5,1,"Sardinops sagax","Fis-54081"
-78.5,-9.5,0.82,"Sardinops sagax","Fis-54081"
-78,-9.5,0.69,"Sardinops sagax","Fis-54081"
13,-9.5,0.94,"Sardinops sagax","Fis-54081"
13.5,-9.5,1,"Sardinops sagax","Fis-54081"
40,-9.5,0.39,"Sardinops sagax","Fis-54081"
46.5,-9.5,0.47,"Sardinops sagax","Fis-54081"
47,-9.5,0.47,"Sardinops sagax","Fis-54081"
51,-9.5,0.25,"Sardinops sagax","Fis-54081"
51.5,-9.5,0.45,"Sardinops sagax","Fis-54081"
60.5,-9.5,0.35,"Sardinops sagax","Fis-54081"
117,-9.5,0.3,"Sardinops sagax","Fis-54081"
117.5,-9.5,0.29,"Sardinops sagax","Fis-54081"
118,-9.5,0.21,"Sardinops sagax","Fis-54081"
119,-9.5,0.32,"Sardinops sagax","Fis-54081"
119.5,-9.5,0.33,"Sardinops sagax","Fis-54081"
120,-9.5,0.32,"Sardinops sagax","Fis-54081"
120.5,-9.5,0.29,"Sardinops sagax","Fis-54081"
121,-9.5,0.26,"Sardinops sagax","Fis-54081"
124,-9.5,0.23,"Sardinops sagax","Fis-54081"
124.5,-9.5,0.21,"Sardinops sagax","Fis-54081"
125,-9.5,0.18,"Sardinops sagax","Fis-54081"
125.5,-9.5,0.15,"Sardinops sagax","Fis-54081"
126,-9.5,0.15,"Sardinops sagax","Fis-54081"
126.5,-9.5,0.15,"Sardinops sagax","Fis-54081"
128.5,-9.5,0.14,"Sardinops sagax","Fis-54081"
129,-9.5,0.1,"Sardinops sagax","Fis-54081"
131.5,-9.5,0.22,"Sardinops sagax","Fis-54081"
132,-9.5,0.23,"Sardinops sagax","Fis-54081"
132.5,-9.5,0.24,"Sardinops sagax","Fis-54081"
133,-9.5,0.24,"Sardinops sagax","Fis-54081"
133.5,-9.5,0.25,"Sardinops sagax","Fis-54081"
134,-9.5,0.25,"Sardinops sagax","Fis-54081"
134.5,-9.5,0.27,"Sardinops sagax","Fis-54081"
135,-9.5,0.29,"Sardinops sagax","Fis-54081"
135.5,-9.5,0.3,"Sardinops sagax","Fis-54081"
136,-9.5,0.32,"Sardinops sagax","Fis-54081"
136.5,-9.5,0.32,"Sardinops sagax","Fis-54081"
137,-9.5,0.31,"Sardinops sagax","Fis-54081"
137.5,-9.5,0.3,"Sardinops sagax","Fis-54081"
138,-9.5,0.29,"Sardinops sagax","Fis-54081"
138.5,-9.5,0.29,"Sardinops sagax","Fis-54081"
139,-9.5,0.3,"Sardinops sagax","Fis-54081"
139.5,-9.5,0.3,"Sardinops sagax","Fis-54081"
140,-9.5,0.3,"Sardinops sagax","Fis-54081"
140.5,-9.5,0.32,"Sardinops sagax","Fis-54081"
141,-9.5,0.34,"Sardinops sagax","Fis-54081"
141.5,-9.5,0.36,"Sardinops sagax","Fis-54081"
142,-9.5,0.36,"Sardinops sagax","Fis-54081"
142.5,-9.5,0.37,"Sardinops sagax","Fis-54081"
143,-9.5,0.38,"Sardinops sagax","Fis-54081"
143.5,-9.5,0.37,"Sardinops sagax","Fis-54081"
144,-9.5,0.38,"Sardinops sagax","Fis-54081"
144.5,-9.5,0.39,"Sardinops sagax","Fis-54081"
145,-9.5,0.37,"Sardinops sagax","Fis-54081"
145.5,-9.5,0.28,"Sardinops sagax","Fis-54081"
147,-9.5,0.36,"Sardinops sagax","Fis-54081"
147.5,-9.5,0.32,"Sardinops sagax","Fis-54081"
149,-9.5,0.19,"Sardinops sagax","Fis-54081"
149.5,-9.5,0.14,"Sardinops sagax","Fis-54081"
150,-9.5,0.15,"Sardinops sagax","Fis-54081"
150.5,-9.5,0.17,"Sardinops sagax","Fis-54081"
151,-9.5,0.19,"Sardinops sagax","Fis-54081"
151.5,-9.5,0.18,"Sardinops sagax","Fis-54081"
152,-9.5,0.16,"Sardinops sagax","Fis-54081"
152.5,-9.5,0.14,"Sardinops sagax","Fis-54081"
153,-9.5,0.13,"Sardinops sagax","Fis-54081"
153.5,-9.5,0.11,"Sardinops sagax","Fis-54081"
154,-9.5,0.09,"Sardinops sagax","Fis-54081"
160.5,-9.5,0.01,"Sardinops sagax","Fis-54081"
-139,-10,0.34,"Sardinops sagax","Fis-54081"
-138.5,-10,0.36,"Sardinops sagax","Fis-54081"
-79,-10,0.8,"Sardinops sagax","Fis-54081"
-78.5,-10,0.99,"Sardinops sagax","Fis-54081"
-78,-10,0.71,"Sardinops sagax","Fis-54081"
13,-10,0.9,"Sardinops sagax","Fis-54081"
13.5,-10,1,"Sardinops sagax","Fis-54081"
40,-10,0.41,"Sardinops sagax","Fis-54081"
40.5,-10,0.38,"Sardinops sagax","Fis-54081"
47,-10,0.49,"Sardinops sagax","Fis-54081"
48,-10,0.5,"Sardinops sagax","Fis-54081"
51,-10,0.5,"Sardinops sagax","Fis-54081"
51.5,-10,0.47,"Sardinops sagax","Fis-54081"
60,-10,0.37,"Sardinops sagax","Fis-54081"
60.5,-10,0.36,"Sardinops sagax","Fis-54081"
61,-10,0.35,"Sardinops sagax","Fis-54081"
61.5,-10,0.34,"Sardinops sagax","Fis-54081"
62,-10,0.35,"Sardinops sagax","Fis-54081"
119,-10,0.28,"Sardinops sagax","Fis-54081"
119.5,-10,0.28,"Sardinops sagax","Fis-54081"
120,-10,0.3,"Sardinops sagax","Fis-54081"
120.5,-10,0.29,"Sardinops sagax","Fis-54081"
121,-10,0.26,"Sardinops sagax","Fis-54081"
124,-10,0.2,"Sardinops sagax","Fis-54081"
125,-10,0.14,"Sardinops sagax","Fis-54081"
125.5,-10,0.13,"Sardinops sagax","Fis-54081"
127.5,-10,0.15,"Sardinops sagax","Fis-54081"
128,-10,0.16,"Sardinops sagax","Fis-54081"
128.5,-10,0.17,"Sardinops sagax","Fis-54081"
129,-10,0.18,"Sardinops sagax","Fis-54081"
129.5,-10,0.19,"Sardinops sagax","Fis-54081"
130,-10,0.2,"Sardinops sagax","Fis-54081"
130.5,-10,0.08,"Sardinops sagax","Fis-54081"
131,-10,0.16,"Sardinops sagax","Fis-54081"
131.5,-10,0.21,"Sardinops sagax","Fis-54081"
132,-10,0.22,"Sardinops sagax","Fis-54081"
132.5,-10,0.23,"Sardinops sagax","Fis-54081"
133,-10,0.24,"Sardinops sagax","Fis-54081"
133.5,-10,0.25,"Sardinops sagax","Fis-54081"
134,-10,0.26,"Sardinops sagax","Fis-54081"
134.5,-10,0.27,"Sardinops sagax","Fis-54081"
135,-10,0.29,"Sardinops sagax","Fis-54081"
135.5,-10,0.3,"Sardinops sagax","Fis-54081"
136,-10,0.32,"Sardinops sagax","Fis-54081"
136.5,-10,0.32,"Sardinops sagax","Fis-54081"
137,-10,0.32,"Sardinops sagax","Fis-54081"
137.5,-10,0.32,"Sardinops sagax","Fis-54081"
138,-10,0.31,"Sardinops sagax","Fis-54081"
138.5,-10,0.3,"Sardinops sagax","Fis-54081"
139,-10,0.3,"Sardinops sagax","Fis-54081"
139.5,-10,0.3,"Sardinops sagax","Fis-54081"
140,-10,0.31,"Sardinops sagax","Fis-54081"
140.5,-10,0.32,"Sardinops sagax","Fis-54081"
141,-10,0.34,"Sardinops sagax","Fis-54081"
141.5,-10,0.35,"Sardinops sagax","Fis-54081"
142,-10,0.2,"Sardinops sagax","Fis-54081"
142.5,-10,0.38,"Sardinops sagax","Fis-54081"
143,-10,0.39,"Sardinops sagax","Fis-54081"
143.5,-10,0.39,"Sardinops sagax","Fis-54081"
144,-10,0.42,"Sardinops sagax","Fis-54081"
144.5,-10,0.45,"Sardinops sagax","Fis-54081"
145,-10,0.28,"Sardinops sagax","Fis-54081"
145.5,-10,0.15,"Sardinops sagax","Fis-54081"
146,-10,0.23,"Sardinops sagax","Fis-54081"
147.5,-10,0.41,"Sardinops sagax","Fis-54081"
148,-10,0.36,"Sardinops sagax","Fis-54081"
149.5,-10,0.26,"Sardinops sagax","Fis-54081"
150,-10,0.19,"Sardinops sagax","Fis-54081"
150.5,-10,0.2,"Sardinops sagax","Fis-54081"
151,-10,0.21,"Sardinops sagax","Fis-54081"
151.5,-10,0.2,"Sardinops sagax","Fis-54081"
152.5,-10,0.15,"Sardinops sagax","Fis-54081"
153,-10,0.14,"Sardinops sagax","Fis-54081"
160.5,-10,0.01,"Sardinops sagax","Fis-54081"
161,-10,0.01,"Sardinops sagax","Fis-54081"
161.5,-10,0.01,"Sardinops sagax","Fis-54081"
162,-10,0.02,"Sardinops sagax","Fis-54081"
162.5,-10,0.02,"Sardinops sagax","Fis-54081"
167.5,-10,0.01,"Sardinops sagax","Fis-54081"
-138.5,-10.5,0.35,"Sardinops sagax","Fis-54081"
-78.5,-10.5,1,"Sardinops sagax","Fis-54081"
-78,-10.5,0.78,"Sardinops sagax","Fis-54081"
-77.5,-10.5,0.63,"Sardinops sagax","Fis-54081"
13.5,-10.5,0.97,"Sardinops sagax","Fis-54081"
14,-10.5,1,"Sardinops sagax","Fis-54081"
40,-10.5,0.41,"Sardinops sagax","Fis-54081"
40.5,-10.5,0.4,"Sardinops sagax","Fis-54081"
41,-10.5,0.38,"Sardinops sagax","Fis-54081"
48,-10.5,0.51,"Sardinops sagax","Fis-54081"
51,-10.5,0.5,"Sardinops sagax","Fis-54081"
51.5,-10.5,0.47,"Sardinops sagax","Fis-54081"
57,-10.5,0.39,"Sardinops sagax","Fis-54081"
60,-10.5,0.38,"Sardinops sagax","Fis-54081"
60.5,-10.5,0.38,"Sardinops sagax","Fis-54081"
61,-10.5,0.38,"Sardinops sagax","Fis-54081"
61.5,-10.5,0.38,"Sardinops sagax","Fis-54081"
62,-10.5,0.37,"Sardinops sagax","Fis-54081"
62.5,-10.5,0.35,"Sardinops sagax","Fis-54081"
106,-10.5,0.28,"Sardinops sagax","Fis-54081"
120,-10.5,0.29,"Sardinops sagax","Fis-54081"
120.5,-10.5,0.29,"Sardinops sagax","Fis-54081"
121,-10.5,0.26,"Sardinops sagax","Fis-54081"
121.5,-10.5,0.21,"Sardinops sagax","Fis-54081"
122,-10.5,0.24,"Sardinops sagax","Fis-54081"
122.5,-10.5,0.22,"Sardinops sagax","Fis-54081"
123.5,-10.5,0.22,"Sardinops sagax","Fis-54081"
124,-10.5,0.18,"Sardinops sagax","Fis-54081"
124.5,-10.5,0.16,"Sardinops sagax","Fis-54081"
125,-10.5,0.13,"Sardinops sagax","Fis-54081"
127,-10.5,0.13,"Sardinops sagax","Fis-54081"
127.5,-10.5,0.13,"Sardinops sagax","Fis-54081"
128,-10.5,0.14,"Sardinops sagax","Fis-54081"
128.5,-10.5,0.15,"Sardinops sagax","Fis-54081"
129,-10.5,0.16,"Sardinops sagax","Fis-54081"
129.5,-10.5,0.18,"Sardinops sagax","Fis-54081"
130,-10.5,0.19,"Sardinops sagax","Fis-54081"
130.5,-10.5,0.19,"Sardinops sagax","Fis-54081"
131,-10.5,0.2,"Sardinops sagax","Fis-54081"
131.5,-10.5,0.2,"Sardinops sagax","Fis-54081"
132,-10.5,0.22,"Sardinops sagax","Fis-54081"
132.5,-10.5,0.23,"Sardinops sagax","Fis-54081"
133,-10.5,0.24,"Sardinops sagax","Fis-54081"
133.5,-10.5,0.24,"Sardinops sagax","Fis-54081"
134,-10.5,0.25,"Sardinops sagax","Fis-54081"
134.5,-10.5,0.26,"Sardinops sagax","Fis-54081"
135,-10.5,0.28,"Sardinops sagax","Fis-54081"
135.5,-10.5,0.29,"Sardinops sagax","Fis-54081"
136,-10.5,0.3,"Sardinops sagax","Fis-54081"
136.5,-10.5,0.31,"Sardinops sagax","Fis-54081"
137,-10.5,0.32,"Sardinops sagax","Fis-54081"
137.5,-10.5,0.33,"Sardinops sagax","Fis-54081"
138,-10.5,0.32,"Sardinops sagax","Fis-54081"
138.5,-10.5,0.31,"Sardinops sagax","Fis-54081"
139,-10.5,0.3,"Sardinops sagax","Fis-54081"
139.5,-10.5,0.3,"Sardinops sagax","Fis-54081"
140,-10.5,0.31,"Sardinops sagax","Fis-54081"
140.5,-10.5,0.32,"Sardinops sagax","Fis-54081"
141,-10.5,0.34,"Sardinops sagax","Fis-54081"
141.5,-10.5,0.35,"Sardinops sagax","Fis-54081"
142,-10.5,0.34,"Sardinops sagax","Fis-54081"
142.5,-10.5,0.41,"Sardinops sagax","Fis-54081"
143,-10.5,0.4,"Sardinops sagax","Fis-54081"
143.5,-10.5,0.41,"Sardinops sagax","Fis-54081"
144,-10.5,0.45,"Sardinops sagax","Fis-54081"
144.5,-10.5,0.3,"Sardinops sagax","Fis-54081"
145,-10.5,0.21,"Sardinops sagax","Fis-54081"
145.5,-10.5,0.19,"Sardinops sagax","Fis-54081"
146,-10.5,0.21,"Sardinops sagax","Fis-54081"
148,-10.5,0.41,"Sardinops sagax","Fis-54081"
148.5,-10.5,0.41,"Sardinops sagax","Fis-54081"
149,-10.5,0.41,"Sardinops sagax","Fis-54081"
149.5,-10.5,0.4,"Sardinops sagax","Fis-54081"
150,-10.5,0.31,"Sardinops sagax","Fis-54081"
150.5,-10.5,0.3,"Sardinops sagax","Fis-54081"
151,-10.5,0.3,"Sardinops sagax","Fis-54081"
151.5,-10.5,0.28,"Sardinops sagax","Fis-54081"
152,-10.5,0.23,"Sardinops sagax","Fis-54081"
152.5,-10.5,0.19,"Sardinops sagax","Fis-54081"
161.5,-10.5,0.02,"Sardinops sagax","Fis-54081"
162,-10.5,0.04,"Sardinops sagax","Fis-54081"
162.5,-10.5,0.04,"Sardinops sagax","Fis-54081"
166,-10.5,0.03,"Sardinops sagax","Fis-54081"
166.5,-10.5,0.04,"Sardinops sagax","Fis-54081"
-138.5,-11,0.35,"Sardinops sagax","Fis-54081"
-78,-11,0.83,"Sardinops sagax","Fis-54081"
-77.5,-11,0.6,"Sardinops sagax","Fis-54081"
13.5,-11,0.94,"Sardinops sagax","Fis-54081"
14,-11,0.94,"Sardinops sagax","Fis-54081"
41,-11,0.39,"Sardinops sagax","Fis-54081"
60.5,-11,0.41,"Sardinops sagax","Fis-54081"
61,-11,0.41,"Sardinops sagax","Fis-54081"
61.5,-11,0.39,"Sardinops sagax","Fis-54081"
62,-11,0.38,"Sardinops sagax","Fis-54081"
62.5,-11,0.37,"Sardinops sagax","Fis-54081"
106,-11,0.29,"Sardinops sagax","Fis-54081"
121.5,-11,0.23,"Sardinops sagax","Fis-54081"
122,-11,0.23,"Sardinops sagax","Fis-54081"
122.5,-11,0.21,"Sardinops sagax","Fis-54081"
123,-11,0.21,"Sardinops sagax","Fis-54081"
123.5,-11,0.18,"Sardinops sagax","Fis-54081"
124,-11,0.13,"Sardinops sagax","Fis-54081"
126,-11,0.08,"Sardinops sagax","Fis-54081"
126.5,-11,0.12,"Sardinops sagax","Fis-54081"
127,-11,0.12,"Sardinops sagax","Fis-54081"
127.5,-11,0.12,"Sardinops sagax","Fis-54081"
128,-11,0.12,"Sardinops sagax","Fis-54081"
128.5,-11,0.14,"Sardinops sagax","Fis-54081"
129,-11,0.15,"Sardinops sagax","Fis-54081"
129.5,-11,0.17,"Sardinops sagax","Fis-54081"
130,-11,0.17,"Sardinops sagax","Fis-54081"
130.5,-11,0.18,"Sardinops sagax","Fis-54081"
131,-11,0.19,"Sardinops sagax","Fis-54081"
131.5,-11,0.2,"Sardinops sagax","Fis-54081"
132,-11,0.22,"Sardinops sagax","Fis-54081"
132.5,-11,0.25,"Sardinops sagax","Fis-54081"
133,-11,0.26,"Sardinops sagax","Fis-54081"
133.5,-11,0.26,"Sardinops sagax","Fis-54081"
134,-11,0.26,"Sardinops sagax","Fis-54081"
134.5,-11,0.26,"Sardinops sagax","Fis-54081"
135,-11,0.27,"Sardinops sagax","Fis-54081"
135.5,-11,0.28,"Sardinops sagax","Fis-54081"
136,-11,0.3,"Sardinops sagax","Fis-54081"
136.5,-11,0.31,"Sardinops sagax","Fis-54081"
137,-11,0.33,"Sardinops sagax","Fis-54081"
137.5,-11,0.32,"Sardinops sagax","Fis-54081"
138,-11,0.32,"Sardinops sagax","Fis-54081"
138.5,-11,0.3,"Sardinops sagax","Fis-54081"
139,-11,0.3,"Sardinops sagax","Fis-54081"
139.5,-11,0.29,"Sardinops sagax","Fis-54081"
140,-11,0.29,"Sardinops sagax","Fis-54081"
140.5,-11,0.3,"Sardinops sagax","Fis-54081"
141,-11,0.32,"Sardinops sagax","Fis-54081"
141.5,-11,0.34,"Sardinops sagax","Fis-54081"
142,-11,0.38,"Sardinops sagax","Fis-54081"
142.5,-11,0.42,"Sardinops sagax","Fis-54081"
143,-11,0.45,"Sardinops sagax","Fis-54081"
143.5,-11,0.31,"Sardinops sagax","Fis-54081"
144,-11,0.45,"Sardinops sagax","Fis-54081"
144.5,-11,0.27,"Sardinops sagax","Fis-54081"
150,-11,0.39,"Sardinops sagax","Fis-54081"
150.5,-11,0.39,"Sardinops sagax","Fis-54081"
151,-11,0.4,"Sardinops sagax","Fis-54081"
151.5,-11,0.37,"Sardinops sagax","Fis-54081"
152,-11,0.33,"Sardinops sagax","Fis-54081"
152.5,-11,0.29,"Sardinops sagax","Fis-54081"
153,-11,0.24,"Sardinops sagax","Fis-54081"
153.5,-11,0.19,"Sardinops sagax","Fis-54081"
156,-11,0.1,"Sardinops sagax","Fis-54081"
162,-11,0.05,"Sardinops sagax","Fis-54081"
162.5,-11,0.06,"Sardinops sagax","Fis-54081"
163,-11,0.05,"Sardinops sagax","Fis-54081"
166,-11,0.05,"Sardinops sagax","Fis-54081"
166.5,-11,0.05,"Sardinops sagax","Fis-54081"
-77.5,-11.5,0.55,"Sardinops sagax","Fis-54081"
-77,-11.5,0.57,"Sardinops sagax","Fis-54081"
13.5,-11.5,0.93,"Sardinops sagax","Fis-54081"
14,-11.5,0.88,"Sardinops sagax","Fis-54081"
40.5,-11.5,0.41,"Sardinops sagax","Fis-54081"
41,-11.5,0.4,"Sardinops sagax","Fis-54081"
43.5,-11.5,0.38,"Sardinops sagax","Fis-54081"
47.5,-11.5,0.44,"Sardinops sagax","Fis-54081"
60.5,-11.5,0.42,"Sardinops sagax","Fis-54081"
61,-11.5,0.42,"Sardinops sagax","Fis-54081"
61.5,-11.5,0.41,"Sardinops sagax","Fis-54081"
62,-11.5,0.39,"Sardinops sagax","Fis-54081"
62.5,-11.5,0.38,"Sardinops sagax","Fis-54081"
105,-11.5,0.31,"Sardinops sagax","Fis-54081"
105.5,-11.5,0.2,"Sardinops sagax","Fis-54081"
123,-11.5,0.07,"Sardinops sagax","Fis-54081"
124.5,-11.5,0.04,"Sardinops sagax","Fis-54081"
125,-11.5,0.1,"Sardinops sagax","Fis-54081"
125.5,-11.5,0.12,"Sardinops sagax","Fis-54081"
126,-11.5,0.12,"Sardinops sagax","Fis-54081"
126.5,-11.5,0.11,"Sardinops sagax","Fis-54081"
127,-11.5,0.11,"Sardinops sagax","Fis-54081"
127.5,-11.5,0.1,"Sardinops sagax","Fis-54081"
128,-11.5,0.11,"Sardinops sagax","Fis-54081"
128.5,-11.5,0.14,"Sardinops sagax","Fis-54081"
129,-11.5,0.13,"Sardinops sagax","Fis-54081"
129.5,-11.5,0.13,"Sardinops sagax","Fis-54081"
130,-11.5,0.15,"Sardinops sagax","Fis-54081"
130.5,-11.5,0.17,"Sardinops sagax","Fis-54081"
131,-11.5,0.2,"Sardinops sagax","Fis-54081"
131.5,-11.5,0.21,"Sardinops sagax","Fis-54081"
132,-11.5,0.21,"Sardinops sagax","Fis-54081"
132.5,-11.5,0.23,"Sardinops sagax","Fis-54081"
133,-11.5,0.27,"Sardinops sagax","Fis-54081"
133.5,-11.5,0.29,"Sardinops sagax","Fis-54081"
134,-11.5,0.28,"Sardinops sagax","Fis-54081"
134.5,-11.5,0.28,"Sardinops sagax","Fis-54081"
135,-11.5,0.29,"Sardinops sagax","Fis-54081"
135.5,-11.5,0.29,"Sardinops sagax","Fis-54081"
136,-11.5,0.31,"Sardinops sagax","Fis-54081"
136.5,-11.5,0.33,"Sardinops sagax","Fis-54081"
137,-11.5,0.33,"Sardinops sagax","Fis-54081"
137.5,-11.5,0.32,"Sardinops sagax","Fis-54081"
138,-11.5,0.31,"Sardinops sagax","Fis-54081"
138.5,-11.5,0.3,"Sardinops sagax","Fis-54081"
139,-11.5,0.29,"Sardinops sagax","Fis-54081"
139.5,-11.5,0.28,"Sardinops sagax","Fis-54081"
140,-11.5,0.27,"Sardinops sagax","Fis-54081"
140.5,-11.5,0.27,"Sardinops sagax","Fis-54081"
141,-11.5,0.28,"Sardinops sagax","Fis-54081"
141.5,-11.5,0.31,"Sardinops sagax","Fis-54081"
142,-11.5,0.36,"Sardinops sagax","Fis-54081"
142.5,-11.5,0.42,"Sardinops sagax","Fis-54081"
143,-11.5,0.48,"Sardinops sagax","Fis-54081"
143.5,-11.5,0.47,"Sardinops sagax","Fis-54081"
144,-11.5,0.47,"Sardinops sagax","Fis-54081"
144.5,-11.5,0.3,"Sardinops sagax","Fis-54081"
151,-11.5,0.37,"Sardinops sagax","Fis-54081"
151.5,-11.5,0.37,"Sardinops sagax","Fis-54081"
152,-11.5,0.35,"Sardinops sagax","Fis-54081"
152.5,-11.5,0.33,"Sardinops sagax","Fis-54081"
153,-11.5,0.3,"Sardinops sagax","Fis-54081"
153.5,-11.5,0.25,"Sardinops sagax","Fis-54081"
154,-11.5,0.22,"Sardinops sagax","Fis-54081"
154.5,-11.5,0.21,"Sardinops sagax","Fis-54081"
160,-11.5,0.07,"Sardinops sagax","Fis-54081"
160.5,-11.5,0.07,"Sardinops sagax","Fis-54081"
166.5,-11.5,0.06,"Sardinops sagax","Fis-54081"
167,-11.5,0.04,"Sardinops sagax","Fis-54081"
-77.5,-12,0.79,"Sardinops sagax","Fis-54081"
-77,-12,0.44,"Sardinops sagax","Fis-54081"
13.5,-12,0.95,"Sardinops sagax","Fis-54081"
14,-12,0.87,"Sardinops sagax","Fis-54081"
40.5,-12,0.41,"Sardinops sagax","Fis-54081"
41,-12,0.4,"Sardinops sagax","Fis-54081"
43.5,-12,0.37,"Sardinops sagax","Fis-54081"
44,-12,0.37,"Sardinops sagax","Fis-54081"
47.5,-12,0.37,"Sardinops sagax","Fis-54081"
49.5,-12,0.54,"Sardinops sagax","Fis-54081"
61,-12,0.06,"Sardinops sagax","Fis-54081"
61.5,-12,0.41,"Sardinops sagax","Fis-54081"
62,-12,0.41,"Sardinops sagax","Fis-54081"
62.5,-12,0.3,"Sardinops sagax","Fis-54081"
97,-12,0.12,"Sardinops sagax","Fis-54081"
123.5,-12,0.15,"Sardinops sagax","Fis-54081"
124,-12,0.15,"Sardinops sagax","Fis-54081"
124.5,-12,0.14,"Sardinops sagax","Fis-54081"
125,-12,0.13,"Sardinops sagax","Fis-54081"
125.5,-12,0.12,"Sardinops sagax","Fis-54081"
126,-12,0.12,"Sardinops sagax","Fis-54081"
126.5,-12,0.12,"Sardinops sagax","Fis-54081"
127,-12,0.12,"Sardinops sagax","Fis-54081"
127.5,-12,0.1,"Sardinops sagax","Fis-54081"
128,-12,0.11,"Sardinops sagax","Fis-54081"
128.5,-12,0.12,"Sardinops sagax","Fis-54081"
129,-12,0.11,"Sardinops sagax","Fis-54081"
129.5,-12,0.11,"Sardinops sagax","Fis-54081"
130,-12,0.13,"Sardinops sagax","Fis-54081"
130.5,-12,0.16,"Sardinops sagax","Fis-54081"
131,-12,0.18,"Sardinops sagax","Fis-54081"
131.5,-12,0.18,"Sardinops sagax","Fis-54081"
132,-12,0.19,"Sardinops sagax","Fis-54081"
132.5,-12,0.21,"Sardinops sagax","Fis-54081"
133,-12,0.24,"Sardinops sagax","Fis-54081"
133.5,-12,0.26,"Sardinops sagax","Fis-54081"
134,-12,0.28,"Sardinops sagax","Fis-54081"
134.5,-12,0.3,"Sardinops sagax","Fis-54081"
135,-12,0.3,"Sardinops sagax","Fis-54081"
135.5,-12,0.3,"Sardinops sagax","Fis-54081"
136,-12,0.32,"Sardinops sagax","Fis-54081"
136.5,-12,0.33,"Sardinops sagax","Fis-54081"
137,-12,0.34,"Sardinops sagax","Fis-54081"
137.5,-12,0.32,"Sardinops sagax","Fis-54081"
138,-12,0.3,"Sardinops sagax","Fis-54081"
138.5,-12,0.29,"Sardinops sagax","Fis-54081"
139,-12,0.28,"Sardinops sagax","Fis-54081"
139.5,-12,0.27,"Sardinops sagax","Fis-54081"
140,-12,0.26,"Sardinops sagax","Fis-54081"
140.5,-12,0.25,"Sardinops sagax","Fis-54081"
141,-12,0.25,"Sardinops sagax","Fis-54081"
141.5,-12,0.29,"Sardinops sagax","Fis-54081"
142,-12,0.35,"Sardinops sagax","Fis-54081"
142.5,-12,0.17,"Sardinops sagax","Fis-54081"
143,-12,0.47,"Sardinops sagax","Fis-54081"
143.5,-12,0.51,"Sardinops sagax","Fis-54081"
144,-12,0.51,"Sardinops sagax","Fis-54081"
144.5,-12,0.26,"Sardinops sagax","Fis-54081"
153,-12,0.31,"Sardinops sagax","Fis-54081"
153.5,-12,0.31,"Sardinops sagax","Fis-54081"
154,-12,0.28,"Sardinops sagax","Fis-54081"
154.5,-12,0.23,"Sardinops sagax","Fis-54081"
160,-12,0.04,"Sardinops sagax","Fis-54081"
160.5,-12,0.11,"Sardinops sagax","Fis-54081"
161,-12,0.09,"Sardinops sagax","Fis-54081"
167,-12,0.04,"Sardinops sagax","Fis-54081"
167.5,-12,0.03,"Sardinops sagax","Fis-54081"
174,-12,0.01,"Sardinops sagax","Fis-54081"
-77.5,-12.5,0.42,"Sardinops sagax","Fis-54081"
-77,-12.5,0.85,"Sardinops sagax","Fis-54081"
-76.5,-12.5,0.55,"Sardinops sagax","Fis-54081"
13.5,-12.5,1,"Sardinops sagax","Fis-54081"
14,-12.5,0.89,"Sardinops sagax","Fis-54081"
40.5,-12.5,0.04,"Sardinops sagax","Fis-54081"
41,-12.5,0.4,"Sardinops sagax","Fis-54081"
44,-12.5,0.37,"Sardinops sagax","Fis-54081"
44.5,-12.5,0.37,"Sardinops sagax","Fis-54081"
45,-12.5,0.36,"Sardinops sagax","Fis-54081"
47,-12.5,0.33,"Sardinops sagax","Fis-54081"
48,-12.5,0.32,"Sardinops sagax","Fis-54081"
48.5,-12.5,0.34,"Sardinops sagax","Fis-54081"
49,-12.5,0.41,"Sardinops sagax","Fis-54081"
49.5,-12.5,0.54,"Sardinops sagax","Fis-54081"
50,-12.5,0.56,"Sardinops sagax","Fis-54081"
61.5,-12.5,0.32,"Sardinops sagax","Fis-54081"
97,-12.5,0.12,"Sardinops sagax","Fis-54081"
123,-12.5,0.15,"Sardinops sagax","Fis-54081"
123.5,-12.5,0.15,"Sardinops sagax","Fis-54081"
124,-12.5,0.15,"Sardinops sagax","Fis-54081"
124.5,-12.5,0.14,"Sardinops sagax","Fis-54081"
125,-12.5,0.13,"Sardinops sagax","Fis-54081"
125.5,-12.5,0.13,"Sardinops sagax","Fis-54081"
126,-12.5,0.13,"Sardinops sagax","Fis-54081"
126.5,-12.5,0.14,"Sardinops sagax","Fis-54081"
127,-12.5,0.13,"Sardinops sagax","Fis-54081"
127.5,-12.5,0.11,"Sardinops sagax","Fis-54081"
128,-12.5,0.11,"Sardinops sagax","Fis-54081"
128.5,-12.5,0.11,"Sardinops sagax","Fis-54081"
129,-12.5,0.11,"Sardinops sagax","Fis-54081"
129.5,-12.5,0.11,"Sardinops sagax","Fis-54081"
130,-12.5,0.12,"Sardinops sagax","Fis-54081"
130.5,-12.5,0.15,"Sardinops sagax","Fis-54081"
131,-12.5,0.18,"Sardinops sagax","Fis-54081"
131.5,-12.5,0.18,"Sardinops sagax","Fis-54081"
132,-12.5,0.19,"Sardinops sagax","Fis-54081"
132.5,-12.5,0.21,"Sardinops sagax","Fis-54081"
133,-12.5,0.24,"Sardinops sagax","Fis-54081"
134.5,-12.5,0.12,"Sardinops sagax","Fis-54081"
135,-12.5,0.06,"Sardinops sagax","Fis-54081"
135.5,-12.5,0.32,"Sardinops sagax","Fis-54081"
136,-12.5,0.32,"Sardinops sagax","Fis-54081"
136.5,-12.5,0.32,"Sardinops sagax","Fis-54081"
137,-12.5,0.34,"Sardinops sagax","Fis-54081"
137.5,-12.5,0.28,"Sardinops sagax","Fis-54081"
138,-12.5,0.3,"Sardinops sagax","Fis-54081"
138.5,-12.5,0.29,"Sardinops sagax","Fis-54081"
139,-12.5,0.28,"Sardinops sagax","Fis-54081"
139.5,-12.5,0.27,"Sardinops sagax","Fis-54081"
140,-12.5,0.25,"Sardinops sagax","Fis-54081"
140.5,-12.5,0.24,"Sardinops sagax","Fis-54081"
141,-12.5,0.25,"Sardinops sagax","Fis-54081"
141.5,-12.5,0.3,"Sardinops sagax","Fis-54081"
142,-12.5,0.35,"Sardinops sagax","Fis-54081"
142.5,-12.5,0.04,"Sardinops sagax","Fis-54081"
143.5,-12.5,0.54,"Sardinops sagax","Fis-54081"
144,-12.5,0.53,"Sardinops sagax","Fis-54081"
144.5,-12.5,0.24,"Sardinops sagax","Fis-54081"
160.5,-12.5,0.13,"Sardinops sagax","Fis-54081"
169,-12.5,0.01,"Sardinops sagax","Fis-54081"
-77,-13,0.43,"Sardinops sagax","Fis-54081"
-76.5,-13,0.8,"Sardinops sagax","Fis-54081"
-76,-13,0.58,"Sardinops sagax","Fis-54081"
-2.5,-13,0.05,"Sardinops sagax","Fis-54081"
13,-13,1,"Sardinops sagax","Fis-54081"
13.5,-13,0.97,"Sardinops sagax","Fis-54081"
40.5,-13,0.43,"Sardinops sagax","Fis-54081"
41,-13,0.41,"Sardinops sagax","Fis-54081"
45,-13,0.35,"Sardinops sagax","Fis-54081"
45.5,-13,0.34,"Sardinops sagax","Fis-54081"
48,-13,0.3,"Sardinops sagax","Fis-54081"
48.5,-13,0.31,"Sardinops sagax","Fis-54081"
49,-13,0.32,"Sardinops sagax","Fis-54081"
50,-13,0.58,"Sardinops sagax","Fis-54081"
50.5,-13,0.54,"Sardinops sagax","Fis-54081"
124,-13,0.14,"Sardinops sagax","Fis-54081"
124.5,-13,0.14,"Sardinops sagax","Fis-54081"
125,-13,0.14,"Sardinops sagax","Fis-54081"
125.5,-13,0.14,"Sardinops sagax","Fis-54081"
126,-13,0.16,"Sardinops sagax","Fis-54081"
126.5,-13,0.17,"Sardinops sagax","Fis-54081"
127,-13,0.15,"Sardinops sagax","Fis-54081"
127.5,-13,0.13,"Sardinops sagax","Fis-54081"
128,-13,0.12,"Sardinops sagax","Fis-54081"
128.5,-13,0.11,"Sardinops sagax","Fis-54081"
129,-13,0.11,"Sardinops sagax","Fis-54081"
129.5,-13,0.12,"Sardinops sagax","Fis-54081"
130,-13,0.15,"Sardinops sagax","Fis-54081"
130.5,-13,0.16,"Sardinops sagax","Fis-54081"
131,-13,0.03,"Sardinops sagax","Fis-54081"
131.5,-13,0.01,"Sardinops sagax","Fis-54081"
136.5,-13,0.03,"Sardinops sagax","Fis-54081"
137,-13,0.36,"Sardinops sagax","Fis-54081"
137.5,-13,0.32,"Sardinops sagax","Fis-54081"
138,-13,0.3,"Sardinops sagax","Fis-54081"
138.5,-13,0.29,"Sardinops sagax","Fis-54081"
139,-13,0.28,"Sardinops sagax","Fis-54081"
139.5,-13,0.27,"Sardinops sagax","Fis-54081"
140,-13,0.25,"Sardinops sagax","Fis-54081"
140.5,-13,0.25,"Sardinops sagax","Fis-54081"
141,-13,0.26,"Sardinops sagax","Fis-54081"
141.5,-13,0.31,"Sardinops sagax","Fis-54081"
142,-13,0.34,"Sardinops sagax","Fis-54081"
142.5,-13,0.02,"Sardinops sagax","Fis-54081"
143.5,-13,0.52,"Sardinops sagax","Fis-54081"
144,-13,0.55,"Sardinops sagax","Fis-54081"
160.5,-13,0.15,"Sardinops sagax","Fis-54081"
161,-13,0.12,"Sardinops sagax","Fis-54081"
-76.5,-13.5,0.92,"Sardinops sagax","Fis-54081"
-76,-13.5,0.69,"Sardinops sagax","Fis-54081"
13,-13.5,1,"Sardinops sagax","Fis-54081"
41,-13.5,0.41,"Sardinops sagax","Fis-54081"
45.5,-13.5,0.33,"Sardinops sagax","Fis-54081"
48,-13.5,0.26,"Sardinops sagax","Fis-54081"
48.5,-13.5,0.26,"Sardinops sagax","Fis-54081"
49,-13.5,0.25,"Sardinops sagax","Fis-54081"
50,-13.5,0.49,"Sardinops sagax","Fis-54081"
50.5,-13.5,0.55,"Sardinops sagax","Fis-54081"
96.5,-13.5,0.11,"Sardinops sagax","Fis-54081"
122.5,-13.5,0.08,"Sardinops sagax","Fis-54081"
124,-13.5,0.08,"Sardinops sagax","Fis-54081"
124.5,-13.5,0.13,"Sardinops sagax","Fis-54081"
125,-13.5,0.15,"Sardinops sagax","Fis-54081"
125.5,-13.5,0.17,"Sardinops sagax","Fis-54081"
126,-13.5,0.23,"Sardinops sagax","Fis-54081"
126.5,-13.5,0.23,"Sardinops sagax","Fis-54081"
127,-13.5,0.21,"Sardinops sagax","Fis-54081"
127.5,-13.5,0.19,"Sardinops sagax","Fis-54081"
128,-13.5,0.16,"Sardinops sagax","Fis-54081"
128.5,-13.5,0.13,"Sardinops sagax","Fis-54081"
129,-13.5,0.13,"Sardinops sagax","Fis-54081"
129.5,-13.5,0.15,"Sardinops sagax","Fis-54081"
130,-13.5,0.18,"Sardinops sagax","Fis-54081"
130.5,-13.5,0.18,"Sardinops sagax","Fis-54081"
136,-13.5,0.35,"Sardinops sagax","Fis-54081"
136.5,-13.5,0.35,"Sardinops sagax","Fis-54081"
137,-13.5,0.36,"Sardinops sagax","Fis-54081"
137.5,-13.5,0.33,"Sardinops sagax","Fis-54081"
138,-13.5,0.31,"Sardinops sagax","Fis-54081"
138.5,-13.5,0.3,"Sardinops sagax","Fis-54081"
139,-13.5,0.29,"Sardinops sagax","Fis-54081"
139.5,-13.5,0.27,"Sardinops sagax","Fis-54081"
140,-13.5,0.26,"Sardinops sagax","Fis-54081"
140.5,-13.5,0.26,"Sardinops sagax","Fis-54081"
141,-13.5,0.29,"Sardinops sagax","Fis-54081"
141.5,-13.5,0.34,"Sardinops sagax","Fis-54081"
142,-13.5,0.38,"Sardinops sagax","Fis-54081"
144,-13.5,0.57,"Sardinops sagax","Fis-54081"
144.5,-13.5,0.36,"Sardinops sagax","Fis-54081"
-76.5,-14,0.66,"Sardinops sagax","Fis-54081"
-76,-14,0.89,"Sardinops sagax","Fis-54081"
12.5,-14,1,"Sardinops sagax","Fis-54081"
13,-14,1,"Sardinops sagax","Fis-54081"
41,-14,0.41,"Sardinops sagax","Fis-54081"
48,-14,0.28,"Sardinops sagax","Fis-54081"
48.5,-14,0.25,"Sardinops sagax","Fis-54081"
50.5,-14,0.56,"Sardinops sagax","Fis-54081"
61,-14,0.05,"Sardinops sagax","Fis-54081"
61.5,-14,0.14,"Sardinops sagax","Fis-54081"
122,-14,0.12,"Sardinops sagax","Fis-54081"
122.5,-14,0.12,"Sardinops sagax","Fis-54081"
123.5,-14,0.11,"Sardinops sagax","Fis-54081"
124,-14,0.15,"Sardinops sagax","Fis-54081"
124.5,-14,0.15,"Sardinops sagax","Fis-54081"
125,-14,0.15,"Sardinops sagax","Fis-54081"
125.5,-14,0.18,"Sardinops sagax","Fis-54081"
126,-14,0.24,"Sardinops sagax","Fis-54081"
126.5,-14,0.26,"Sardinops sagax","Fis-54081"
127,-14,0.27,"Sardinops sagax","Fis-54081"
127.5,-14,0.27,"Sardinops sagax","Fis-54081"
128,-14,0.22,"Sardinops sagax","Fis-54081"
128.5,-14,0.14,"Sardinops sagax","Fis-54081"
129,-14,0.18,"Sardinops sagax","Fis-54081"
129.5,-14,0.2,"Sardinops sagax","Fis-54081"
130,-14,0.19,"Sardinops sagax","Fis-54081"
136,-14,0.37,"Sardinops sagax","Fis-54081"
136.5,-14,0.38,"Sardinops sagax","Fis-54081"
137,-14,0.38,"Sardinops sagax","Fis-54081"
137.5,-14,0.35,"Sardinops sagax","Fis-54081"
138,-14,0.32,"Sardinops sagax","Fis-54081"
138.5,-14,0.31,"Sardinops sagax","Fis-54081"
139,-14,0.29,"Sardinops sagax","Fis-54081"
139.5,-14,0.28,"Sardinops sagax","Fis-54081"
140,-14,0.27,"Sardinops sagax","Fis-54081"
140.5,-14,0.27,"Sardinops sagax","Fis-54081"
141,-14,0.31,"Sardinops sagax","Fis-54081"
141.5,-14,0.36,"Sardinops sagax","Fis-54081"
142,-14,0.16,"Sardinops sagax","Fis-54081"
144,-14,0.58,"Sardinops sagax","Fis-54081"
144.5,-14,0.58,"Sardinops sagax","Fis-54081"
145,-14,0.47,"Sardinops sagax","Fis-54081"
147,-14,0.26,"Sardinops sagax","Fis-54081"
167.5,-14,0.02,"Sardinops sagax","Fis-54081"
168,-14,0.01,"Sardinops sagax","Fis-54081"
-144.5,-14.5,0.27,"Sardinops sagax","Fis-54081"
-141,-14.5,0.21,"Sardinops sagax","Fis-54081"
-76,-14.5,0.99,"Sardinops sagax","Fis-54081"
-75.5,-14.5,0.85,"Sardinops sagax","Fis-54081"
12.5,-14.5,0.99,"Sardinops sagax","Fis-54081"
41,-14.5,0.43,"Sardinops sagax","Fis-54081"
48,-14.5,0.31,"Sardinops sagax","Fis-54081"
48.5,-14.5,0.09,"Sardinops sagax","Fis-54081"
50.5,-14.5,0.57,"Sardinops sagax","Fis-54081"
61,-14.5,0.39,"Sardinops sagax","Fis-54081"
61.5,-14.5,0.11,"Sardinops sagax","Fis-54081"
122,-14.5,0.13,"Sardinops sagax","Fis-54081"
122.5,-14.5,0.15,"Sardinops sagax","Fis-54081"
123,-14.5,0.14,"Sardinops sagax","Fis-54081"
123.5,-14.5,0.16,"Sardinops sagax","Fis-54081"
124,-14.5,0.15,"Sardinops sagax","Fis-54081"
124.5,-14.5,0.14,"Sardinops sagax","Fis-54081"
125,-14.5,0.16,"Sardinops sagax","Fis-54081"
125.5,-14.5,0.2,"Sardinops sagax","Fis-54081"
126,-14.5,0.23,"Sardinops sagax","Fis-54081"
126.5,-14.5,0.24,"Sardinops sagax","Fis-54081"
127,-14.5,0.25,"Sardinops sagax","Fis-54081"
127.5,-14.5,0.02,"Sardinops sagax","Fis-54081"
128,-14.5,0.27,"Sardinops sagax","Fis-54081"
128.5,-14.5,0.26,"Sardinops sagax","Fis-54081"
129,-14.5,0.25,"Sardinops sagax","Fis-54081"
129.5,-14.5,0.26,"Sardinops sagax","Fis-54081"
130,-14.5,0.16,"Sardinops sagax","Fis-54081"
136,-14.5,0.38,"Sardinops sagax","Fis-54081"
136.5,-14.5,0.42,"Sardinops sagax","Fis-54081"
137,-14.5,0.42,"Sardinops sagax","Fis-54081"
137.5,-14.5,0.36,"Sardinops sagax","Fis-54081"
138,-14.5,0.32,"Sardinops sagax","Fis-54081"
138.5,-14.5,0.31,"Sardinops sagax","Fis-54081"
139,-14.5,0.3,"Sardinops sagax","Fis-54081"
139.5,-14.5,0.29,"Sardinops sagax","Fis-54081"
140,-14.5,0.28,"Sardinops sagax","Fis-54081"
140.5,-14.5,0.28,"Sardinops sagax","Fis-54081"
141,-14.5,0.32,"Sardinops sagax","Fis-54081"
141.5,-14.5,0.38,"Sardinops sagax","Fis-54081"
142,-14.5,0.42,"Sardinops sagax","Fis-54081"
144,-14.5,0.54,"Sardinops sagax","Fis-54081"
144.5,-14.5,0.6,"Sardinops sagax","Fis-54081"
145,-14.5,0.64,"Sardinops sagax","Fis-54081"
145.5,-14.5,0.57,"Sardinops sagax","Fis-54081"
146,-14.5,0.3,"Sardinops sagax","Fis-54081"
167.5,-14.5,0.02,"Sardinops sagax","Fis-54081"
-144,-15,0.13,"Sardinops sagax","Fis-54081"
-138.5,-15,0.2,"Sardinops sagax","Fis-54081"
-76,-15,0.84,"Sardinops sagax","Fis-54081"
-75.5,-15,0.97,"Sardinops sagax","Fis-54081"
-75,-15,0.81,"Sardinops sagax","Fis-54081"
12.5,-15,0.99,"Sardinops sagax","Fis-54081"
41,-15,0.44,"Sardinops sagax","Fis-54081"
47.5,-15,0.35,"Sardinops sagax","Fis-54081"
48,-15,0.37,"Sardinops sagax","Fis-54081"
50.5,-15,0.57,"Sardinops sagax","Fis-54081"
60.5,-15,0.4,"Sardinops sagax","Fis-54081"
61,-15,0.37,"Sardinops sagax","Fis-54081"
61.5,-15,0.09,"Sardinops sagax","Fis-54081"
122,-15,0.17,"Sardinops sagax","Fis-54081"
122.5,-15,0.18,"Sardinops sagax","Fis-54081"
123,-15,0.18,"Sardinops sagax","Fis-54081"
123.5,-15,0.17,"Sardinops sagax","Fis-54081"
124,-15,0.15,"Sardinops sagax","Fis-54081"
124.5,-15,0.14,"Sardinops sagax","Fis-54081"
125,-15,0.17,"Sardinops sagax","Fis-54081"
125.5,-15,0.2,"Sardinops sagax","Fis-54081"
126,-15,0.14,"Sardinops sagax","Fis-54081"
128,-15,0.21,"Sardinops sagax","Fis-54081"
128.5,-15,0.3,"Sardinops sagax","Fis-54081"
129,-15,0.29,"Sardinops sagax","Fis-54081"
129.5,-15,0.31,"Sardinops sagax","Fis-54081"
130,-15,0.32,"Sardinops sagax","Fis-54081"
135.5,-15,0.41,"Sardinops sagax","Fis-54081"
136,-15,0.42,"Sardinops sagax","Fis-54081"
136.5,-15,0.44,"Sardinops sagax","Fis-54081"
137,-15,0.42,"Sardinops sagax","Fis-54081"
137.5,-15,0.37,"Sardinops sagax","Fis-54081"
138,-15,0.34,"Sardinops sagax","Fis-54081"
138.5,-15,0.33,"Sardinops sagax","Fis-54081"
139,-15,0.32,"Sardinops sagax","Fis-54081"
139.5,-15,0.3,"Sardinops sagax","Fis-54081"
140,-15,0.29,"Sardinops sagax","Fis-54081"
140.5,-15,0.3,"Sardinops sagax","Fis-54081"
141,-15,0.35,"Sardinops sagax","Fis-54081"
141.5,-15,0.41,"Sardinops sagax","Fis-54081"
142,-15,0.44,"Sardinops sagax","Fis-54081"
145,-15,0.31,"Sardinops sagax","Fis-54081"
145.5,-15,0.65,"Sardinops sagax","Fis-54081"
146,-15,0.55,"Sardinops sagax","Fis-54081"
167,-15,0.05,"Sardinops sagax","Fis-54081"
167.5,-15,0.03,"Sardinops sagax","Fis-54081"
-75.5,-15.5,0.88,"Sardinops sagax","Fis-54081"
-75,-15.5,1,"Sardinops sagax","Fis-54081"
-74.5,-15.5,0.77,"Sardinops sagax","Fis-54081"
12.5,-15.5,0.92,"Sardinops sagax","Fis-54081"
41,-15.5,0.44,"Sardinops sagax","Fis-54081"
46.5,-15.5,0.35,"Sardinops sagax","Fis-54081"
47,-15.5,0.38,"Sardinops sagax","Fis-54081"
47.5,-15.5,0.39,"Sardinops sagax","Fis-54081"
48,-15.5,0.42,"Sardinops sagax","Fis-54081"
50,-15.5,0.56,"Sardinops sagax","Fis-54081"
50.5,-15.5,0.58,"Sardinops sagax","Fis-54081"
51,-15.5,0.43,"Sardinops sagax","Fis-54081"
60.5,-15.5,0.57,"Sardinops sagax","Fis-54081"
61,-15.5,0.35,"Sardinops sagax","Fis-54081"
61.5,-15.5,0.06,"Sardinops sagax","Fis-54081"
121.5,-15.5,0.01,"Sardinops sagax","Fis-54081"
122,-15.5,0.22,"Sardinops sagax","Fis-54081"
122.5,-15.5,0.22,"Sardinops sagax","Fis-54081"
123,-15.5,0.2,"Sardinops sagax","Fis-54081"
123.5,-15.5,0.18,"Sardinops sagax","Fis-54081"
124,-15.5,0.16,"Sardinops sagax","Fis-54081"
124.5,-15.5,0.12,"Sardinops sagax","Fis-54081"
125,-15.5,0.18,"Sardinops sagax","Fis-54081"
125.5,-15.5,0.21,"Sardinops sagax","Fis-54081"
128.5,-15.5,0.06,"Sardinops sagax","Fis-54081"
129.5,-15.5,0.03,"Sardinops sagax","Fis-54081"
130,-15.5,0.02,"Sardinops sagax","Fis-54081"
136,-15.5,0.33,"Sardinops sagax","Fis-54081"
136.5,-15.5,0.44,"Sardinops sagax","Fis-54081"
137,-15.5,0.45,"Sardinops sagax","Fis-54081"
137.5,-15.5,0.41,"Sardinops sagax","Fis-54081"
138,-15.5,0.37,"Sardinops sagax","Fis-54081"
138.5,-15.5,0.34,"Sardinops sagax","Fis-54081"
139,-15.5,0.33,"Sardinops sagax","Fis-54081"
139.5,-15.5,0.32,"Sardinops sagax","Fis-54081"
140,-15.5,0.32,"Sardinops sagax","Fis-54081"
140.5,-15.5,0.34,"Sardinops sagax","Fis-54081"
141,-15.5,0.39,"Sardinops sagax","Fis-54081"
141.5,-15.5,0.43,"Sardinops sagax","Fis-54081"
142,-15.5,0.47,"Sardinops sagax","Fis-54081"
145.5,-15.5,0.67,"Sardinops sagax","Fis-54081"
146,-15.5,0.58,"Sardinops sagax","Fis-54081"
167,-15.5,0.07,"Sardinops sagax","Fis-54081"
167.5,-15.5,0.07,"Sardinops sagax","Fis-54081"
168,-15.5,0.03,"Sardinops sagax","Fis-54081"
-144.5,-16,0.3,"Sardinops sagax","Fis-54081"
-142,-16,0.15,"Sardinops sagax","Fis-54081"
-140.5,-16,0.02,"Sardinops sagax","Fis-54081"
-140,-16,0.02,"Sardinops sagax","Fis-54081"
-74.5,-16,1,"Sardinops sagax","Fis-54081"
-74,-16,0.7,"Sardinops sagax","Fis-54081"
-73.5,-16,0.34,"Sardinops sagax","Fis-54081"
-6.5,-16,0.19,"Sardinops sagax","Fis-54081"
-5.5,-16,0.39,"Sardinops sagax","Fis-54081"
12,-16,0.91,"Sardinops sagax","Fis-54081"
12.5,-16,0.86,"Sardinops sagax","Fis-54081"
40.5,-16,0.48,"Sardinops sagax","Fis-54081"
41,-16,0.42,"Sardinops sagax","Fis-54081"
45,-16,0.23,"Sardinops sagax","Fis-54081"
45.5,-16,0.35,"Sardinops sagax","Fis-54081"
46,-16,0.35,"Sardinops sagax","Fis-54081"
46.5,-16,0.37,"Sardinops sagax","Fis-54081"
47,-16,0.02,"Sardinops sagax","Fis-54081"
47.5,-16,0.02,"Sardinops sagax","Fis-54081"
50,-16,0.6,"Sardinops sagax","Fis-54081"
50.5,-16,0.58,"Sardinops sagax","Fis-54081"
51,-16,0.33,"Sardinops sagax","Fis-54081"
55,-16,0.22,"Sardinops sagax","Fis-54081"
59.5,-16,0.58,"Sardinops sagax","Fis-54081"
60,-16,0.55,"Sardinops sagax","Fis-54081"
60.5,-16,0.37,"Sardinops sagax","Fis-54081"
61,-16,0.16,"Sardinops sagax","Fis-54081"
61.5,-16,0.02,"Sardinops sagax","Fis-54081"
121,-16,0.02,"Sardinops sagax","Fis-54081"
121.5,-16,0.22,"Sardinops sagax","Fis-54081"
122,-16,0.25,"Sardinops sagax","Fis-54081"
122.5,-16,0.25,"Sardinops sagax","Fis-54081"
123,-16,0.22,"Sardinops sagax","Fis-54081"
123.5,-16,0.21,"Sardinops sagax","Fis-54081"
124,-16,0.07,"Sardinops sagax","Fis-54081"
124.5,-16,0.18,"Sardinops sagax","Fis-54081"
125,-16,0.19,"Sardinops sagax","Fis-54081"
136.5,-16,0.47,"Sardinops sagax","Fis-54081"
137,-16,0.46,"Sardinops sagax","Fis-54081"
137.5,-16,0.48,"Sardinops sagax","Fis-54081"
138,-16,0.44,"Sardinops sagax","Fis-54081"
138.5,-16,0.39,"Sardinops sagax","Fis-54081"
139,-16,0.37,"Sardinops sagax","Fis-54081"
139.5,-16,0.37,"Sardinops sagax","Fis-54081"
140,-16,0.37,"Sardinops sagax","Fis-54081"
140.5,-16,0.39,"Sardinops sagax","Fis-54081"
141,-16,0.43,"Sardinops sagax","Fis-54081"
141.5,-16,0.47,"Sardinops sagax","Fis-54081"
145.5,-16,0.65,"Sardinops sagax","Fis-54081"
146,-16,0.61,"Sardinops sagax","Fis-54081"
149.5,-16,0.13,"Sardinops sagax","Fis-54081"
150,-16,0.08,"Sardinops sagax","Fis-54081"
166.5,-16,0.06,"Sardinops sagax","Fis-54081"
167,-16,0.11,"Sardinops sagax","Fis-54081"
167.5,-16,0.09,"Sardinops sagax","Fis-54081"
168.5,-16,0.03,"Sardinops sagax","Fis-54081"
-144.5,-16.5,0.32,"Sardinops sagax","Fis-54081"
-144,-16.5,0.32,"Sardinops sagax","Fis-54081"
-143.5,-16.5,0.32,"Sardinops sagax","Fis-54081"
-143,-16.5,0.32,"Sardinops sagax","Fis-54081"
-142.5,-16.5,0.33,"Sardinops sagax","Fis-54081"
-142,-16.5,0.24,"Sardinops sagax","Fis-54081"
-74,-16.5,0.63,"Sardinops sagax","Fis-54081"
-73.5,-16.5,0.55,"Sardinops sagax","Fis-54081"
-73,-16.5,0.49,"Sardinops sagax","Fis-54081"
-72.5,-16.5,0.08,"Sardinops sagax","Fis-54081"
-5.5,-16.5,0.23,"Sardinops sagax","Fis-54081"
12,-16.5,0.66,"Sardinops sagax","Fis-54081"
40,-16.5,0.09,"Sardinops sagax","Fis-54081"
40.5,-16.5,0.45,"Sardinops sagax","Fis-54081"
44.5,-16.5,0.35,"Sardinops sagax","Fis-54081"
45,-16.5,0.35,"Sardinops sagax","Fis-54081"
45.5,-16.5,0.36,"Sardinops sagax","Fis-54081"
46,-16.5,0.02,"Sardinops sagax","Fis-54081"
50,-16.5,0.61,"Sardinops sagax","Fis-54081"
50.5,-16.5,0.57,"Sardinops sagax","Fis-54081"
59.5,-16.5,0.6,"Sardinops sagax","Fis-54081"
60,-16.5,0.42,"Sardinops sagax","Fis-54081"
60.5,-16.5,0.1,"Sardinops sagax","Fis-54081"
121,-16.5,0.19,"Sardinops sagax","Fis-54081"
121.5,-16.5,0.27,"Sardinops sagax","Fis-54081"
122,-16.5,0.28,"Sardinops sagax","Fis-54081"
122.5,-16.5,0.29,"Sardinops sagax","Fis-54081"
123,-16.5,0.27,"Sardinops sagax","Fis-54081"
123.5,-16.5,0.25,"Sardinops sagax","Fis-54081"
124,-16.5,0.22,"Sardinops sagax","Fis-54081"
124.5,-16.5,0.2,"Sardinops sagax","Fis-54081"
125,-16.5,0.25,"Sardinops sagax","Fis-54081"
137.5,-16.5,0.51,"Sardinops sagax","Fis-54081"
138,-16.5,0.51,"Sardinops sagax","Fis-54081"
138.5,-16.5,0.49,"Sardinops sagax","Fis-54081"
139,-16.5,0.45,"Sardinops sagax","Fis-54081"
139.5,-16.5,0.46,"Sardinops sagax","Fis-54081"
140,-16.5,0.47,"Sardinops sagax","Fis-54081"
140.5,-16.5,0.47,"Sardinops sagax","Fis-54081"
141,-16.5,0.5,"Sardinops sagax","Fis-54081"
141.5,-16.5,0.5,"Sardinops sagax","Fis-54081"
145.5,-16.5,0.66,"Sardinops sagax","Fis-54081"
146,-16.5,0.64,"Sardinops sagax","Fis-54081"
146.5,-16.5,0.36,"Sardinops sagax","Fis-54081"
148,-16.5,0.1,"Sardinops sagax","Fis-54081"
148.5,-16.5,0.09,"Sardinops sagax","Fis-54081"
150,-16.5,0.05,"Sardinops sagax","Fis-54081"
150.5,-16.5,0.06,"Sardinops sagax","Fis-54081"
167.5,-16.5,0.12,"Sardinops sagax","Fis-54081"
168,-16.5,0.1,"Sardinops sagax","Fis-54081"
168.5,-16.5,0.08,"Sardinops sagax","Fis-54081"
178.5,-16.5,0.1,"Sardinops sagax","Fis-54081"
179,-16.5,0.11,"Sardinops sagax","Fis-54081"
179.5,-16.5,0.11,"Sardinops sagax","Fis-54081"
-144.5,-17,0.34,"Sardinops sagax","Fis-54081"
-144,-17,0.35,"Sardinops sagax","Fis-54081"
-143.5,-17,0.35,"Sardinops sagax","Fis-54081"
-143,-17,0.35,"Sardinops sagax","Fis-54081"
-142.5,-17,0.34,"Sardinops sagax","Fis-54081"
-141.5,-17,0.02,"Sardinops sagax","Fis-54081"
-73,-17,0.71,"Sardinops sagax","Fis-54081"
-72.5,-17,0.56,"Sardinops sagax","Fis-54081"
-72,-17,0.31,"Sardinops sagax","Fis-54081"
11.5,-17,0.95,"Sardinops sagax","Fis-54081"
12,-17,0.47,"Sardinops sagax","Fis-54081"
39.5,-17,0.53,"Sardinops sagax","Fis-54081"
40,-17,0.47,"Sardinops sagax","Fis-54081"
40.5,-17,0.43,"Sardinops sagax","Fis-54081"
43,-17,0.31,"Sardinops sagax","Fis-54081"
43.5,-17,0.18,"Sardinops sagax","Fis-54081"
44,-17,0.36,"Sardinops sagax","Fis-54081"
44.5,-17,0.35,"Sardinops sagax","Fis-54081"
50,-17,0.63,"Sardinops sagax","Fis-54081"
50.5,-17,0.56,"Sardinops sagax","Fis-54081"
59.5,-17,0.61,"Sardinops sagax","Fis-54081"
60,-17,0.37,"Sardinops sagax","Fis-54081"
60.5,-17,0.04,"Sardinops sagax","Fis-54081"
119,-17,0.13,"Sardinops sagax","Fis-54081"
119.5,-17,0.15,"Sardinops sagax","Fis-54081"
120,-17,0.19,"Sardinops sagax","Fis-54081"
121,-17,0.17,"Sardinops sagax","Fis-54081"
121.5,-17,0.3,"Sardinops sagax","Fis-54081"
122,-17,0.33,"Sardinops sagax","Fis-54081"
122.5,-17,0.33,"Sardinops sagax","Fis-54081"
123,-17,0.32,"Sardinops sagax","Fis-54081"
123.5,-17,0.31,"Sardinops sagax","Fis-54081"
124,-17,0.28,"Sardinops sagax","Fis-54081"
138.5,-17,0.55,"Sardinops sagax","Fis-54081"
139,-17,0.55,"Sardinops sagax","Fis-54081"
139.5,-17,0.57,"Sardinops sagax","Fis-54081"
140,-17,0.56,"Sardinops sagax","Fis-54081"
140.5,-17,0.54,"Sardinops sagax","Fis-54081"
141,-17,0.56,"Sardinops sagax","Fis-54081"
141.5,-17,0.56,"Sardinops sagax","Fis-54081"
146,-17,0.69,"Sardinops sagax","Fis-54081"
146.5,-17,0.61,"Sardinops sagax","Fis-54081"
147,-17,0.26,"Sardinops sagax","Fis-54081"
148,-17,0.1,"Sardinops sagax","Fis-54081"
149.5,-17,0.04,"Sardinops sagax","Fis-54081"
150,-17,0.04,"Sardinops sagax","Fis-54081"
150.5,-17,0.05,"Sardinops sagax","Fis-54081"
151,-17,0.05,"Sardinops sagax","Fis-54081"
167.5,-17,0.13,"Sardinops sagax","Fis-54081"
168,-17,0.13,"Sardinops sagax","Fis-54081"
168.5,-17,0.11,"Sardinops sagax","Fis-54081"
169,-17,0.04,"Sardinops sagax","Fis-54081"
177.5,-17,0.17,"Sardinops sagax","Fis-54081"
178,-17,0.21,"Sardinops sagax","Fis-54081"
178.5,-17,0.29,"Sardinops sagax","Fis-54081"
179,-17,0.25,"Sardinops sagax","Fis-54081"
179.5,-17,0.28,"Sardinops sagax","Fis-54081"
-144,-17.5,0.36,"Sardinops sagax","Fis-54081"
-143,-17.5,0.36,"Sardinops sagax","Fis-54081"
-142.5,-17.5,0.23,"Sardinops sagax","Fis-54081"
-72,-17.5,0.56,"Sardinops sagax","Fis-54081"
-71.5,-17.5,0.19,"Sardinops sagax","Fis-54081"
-71,-17.5,0.47,"Sardinops sagax","Fis-54081"
11.5,-17.5,0.01,"Sardinops sagax","Fis-54081"
12,-17.5,0.69,"Sardinops sagax","Fis-54081"
38,-17.5,0.57,"Sardinops sagax","Fis-54081"
38.5,-17.5,0.58,"Sardinops sagax","Fis-54081"
39,-17.5,0.53,"Sardinops sagax","Fis-54081"
39.5,-17.5,0.48,"Sardinops sagax","Fis-54081"
43,-17.5,0.32,"Sardinops sagax","Fis-54081"
43.5,-17.5,0.38,"Sardinops sagax","Fis-54081"
44,-17.5,0.37,"Sardinops sagax","Fis-54081"
44.5,-17.5,0.11,"Sardinops sagax","Fis-54081"
49.5,-17.5,0.59,"Sardinops sagax","Fis-54081"
50,-17.5,0.61,"Sardinops sagax","Fis-54081"
50.5,-17.5,0.22,"Sardinops sagax","Fis-54081"
59,-17.5,0.34,"Sardinops sagax","Fis-54081"
59.5,-17.5,0.5,"Sardinops sagax","Fis-54081"
119,-17.5,0.18,"Sardinops sagax","Fis-54081"
119.5,-17.5,0.2,"Sardinops sagax","Fis-54081"
120,-17.5,0.23,"Sardinops sagax","Fis-54081"
121,-17.5,0.15,"Sardinops sagax","Fis-54081"
121.5,-17.5,0.3,"Sardinops sagax","Fis-54081"
122,-17.5,0.34,"Sardinops sagax","Fis-54081"
122.5,-17.5,0.34,"Sardinops sagax","Fis-54081"
123.5,-17.5,0.33,"Sardinops sagax","Fis-54081"
124,-17.5,0.35,"Sardinops sagax","Fis-54081"
139.5,-17.5,0.47,"Sardinops sagax","Fis-54081"
140,-17.5,0.51,"Sardinops sagax","Fis-54081"
140.5,-17.5,0.51,"Sardinops sagax","Fis-54081"
141,-17.5,0.42,"Sardinops sagax","Fis-54081"
146,-17.5,0.7,"Sardinops sagax","Fis-54081"
146.5,-17.5,0.67,"Sardinops sagax","Fis-54081"
147,-17.5,0.59,"Sardinops sagax","Fis-54081"
148.5,-17.5,0.1,"Sardinops sagax","Fis-54081"
149,-17.5,0.06,"Sardinops sagax","Fis-54081"
150,-17.5,0.06,"Sardinops sagax","Fis-54081"
150.5,-17.5,0.07,"Sardinops sagax","Fis-54081"
151,-17.5,0.06,"Sardinops sagax","Fis-54081"
151.5,-17.5,0.05,"Sardinops sagax","Fis-54081"
152,-17.5,0.04,"Sardinops sagax","Fis-54081"
168.5,-17.5,0.11,"Sardinops sagax","Fis-54081"
169,-17.5,0.07,"Sardinops sagax","Fis-54081"
177,-17.5,0.2,"Sardinops sagax","Fis-54081"
177.5,-17.5,0.31,"Sardinops sagax","Fis-54081"
178,-17.5,0.36,"Sardinops sagax","Fis-54081"
178.5,-17.5,0.35,"Sardinops sagax","Fis-54081"
179,-17.5,0.36,"Sardinops sagax","Fis-54081"
179.5,-17.5,0.3,"Sardinops sagax","Fis-54081"
-143,-18,0.3,"Sardinops sagax","Fis-54081"
-142.5,-18,0.18,"Sardinops sagax","Fis-54081"
-142,-18,0.12,"Sardinops sagax","Fis-54081"
-71,-18,0.64,"Sardinops sagax","Fis-54081"
-70.5,-18,0.62,"Sardinops sagax","Fis-54081"
12,-18,0.91,"Sardinops sagax","Fis-54081"
37,-18,0.02,"Sardinops sagax","Fis-54081"
37.5,-18,0.59,"Sardinops sagax","Fis-54081"
38,-18,0.56,"Sardinops sagax","Fis-54081"
38.5,-18,0.51,"Sardinops sagax","Fis-54081"
43.5,-18,0.06,"Sardinops sagax","Fis-54081"
44,-18,0.38,"Sardinops sagax","Fis-54081"
44.5,-18,0.12,"Sardinops sagax","Fis-54081"
49.5,-18,0.6,"Sardinops sagax","Fis-54081"
50,-18,0.6,"Sardinops sagax","Fis-54081"
59.5,-18,0.12,"Sardinops sagax","Fis-54081"
60,-18,0.03,"Sardinops sagax","Fis-54081"
119,-18,0.33,"Sardinops sagax","Fis-54081"
119.5,-18,0.32,"Sardinops sagax","Fis-54081"
120,-18,0.16,"Sardinops sagax","Fis-54081"
120.5,-18,0.08,"Sardinops sagax","Fis-54081"
121,-18,0.2,"Sardinops sagax","Fis-54081"
121.5,-18,0.34,"Sardinops sagax","Fis-54081"
122,-18,0.36,"Sardinops sagax","Fis-54081"
122.5,-18,0.38,"Sardinops sagax","Fis-54081"
124,-18,0.02,"Sardinops sagax","Fis-54081"
140,-18,0.54,"Sardinops sagax","Fis-54081"
140.5,-18,0.54,"Sardinops sagax","Fis-54081"
141,-18,0.55,"Sardinops sagax","Fis-54081"
146.5,-18,0.71,"Sardinops sagax","Fis-54081"
147,-18,0.64,"Sardinops sagax","Fis-54081"
147.5,-18,0.25,"Sardinops sagax","Fis-54081"
148.5,-18,0.23,"Sardinops sagax","Fis-54081"
149,-18,0.16,"Sardinops sagax","Fis-54081"
150.5,-18,0.05,"Sardinops sagax","Fis-54081"
151,-18,0.12,"Sardinops sagax","Fis-54081"
151.5,-18,0.06,"Sardinops sagax","Fis-54081"
152,-18,0.02,"Sardinops sagax","Fis-54081"
163,-18,0.03,"Sardinops sagax","Fis-54081"
163.5,-18,0.03,"Sardinops sagax","Fis-54081"
168.5,-18,0.12,"Sardinops sagax","Fis-54081"
169,-18,0.1,"Sardinops sagax","Fis-54081"
177.5,-18,0.32,"Sardinops sagax","Fis-54081"
178,-18,0.02,"Sardinops sagax","Fis-54081"
178.5,-18,0.23,"Sardinops sagax","Fis-54081"
179,-18,0.41,"Sardinops sagax","Fis-54081"
179.5,-18,0.28,"Sardinops sagax","Fis-54081"
-142,-18.5,0.19,"Sardinops sagax","Fis-54081"
-141,-18.5,0.03,"Sardinops sagax","Fis-54081"
-70.5,-18.5,0.79,"Sardinops sagax","Fis-54081"
-70,-18.5,0.73,"Sardinops sagax","Fis-54081"
12,-18.5,0.97,"Sardinops sagax","Fis-54081"
12.5,-18.5,0.79,"Sardinops sagax","Fis-54081"
37,-18.5,0.59,"Sardinops sagax","Fis-54081"
37.5,-18.5,0.56,"Sardinops sagax","Fis-54081"
38,-18.5,0.2,"Sardinops sagax","Fis-54081"
44,-18.5,0.38,"Sardinops sagax","Fis-54081"
44.5,-18.5,0.37,"Sardinops sagax","Fis-54081"
49.5,-18.5,0.62,"Sardinops sagax","Fis-54081"
50,-18.5,0.6,"Sardinops sagax","Fis-54081"
59,-18.5,0.03,"Sardinops sagax","Fis-54081"
118.5,-18.5,0.16,"Sardinops sagax","Fis-54081"
119,-18.5,0.35,"Sardinops sagax","Fis-54081"
119.5,-18.5,0.29,"Sardinops sagax","Fis-54081"
120,-18.5,0.35,"Sardinops sagax","Fis-54081"
120.5,-18.5,0.35,"Sardinops sagax","Fis-54081"
121,-18.5,0.23,"Sardinops sagax","Fis-54081"
121.5,-18.5,0.39,"Sardinops sagax","Fis-54081"
122,-18.5,0.41,"Sardinops sagax","Fis-54081"
122.5,-18.5,0.44,"Sardinops sagax","Fis-54081"
146.5,-18.5,0.75,"Sardinops sagax","Fis-54081"
147,-18.5,0.7,"Sardinops sagax","Fis-54081"
147.5,-18.5,0.64,"Sardinops sagax","Fis-54081"
148,-18.5,0.62,"Sardinops sagax","Fis-54081"
150,-18.5,0.25,"Sardinops sagax","Fis-54081"
163,-18.5,0.16,"Sardinops sagax","Fis-54081"
163.5,-18.5,0.14,"Sardinops sagax","Fis-54081"
164.5,-18.5,0.02,"Sardinops sagax","Fis-54081"
177.5,-18.5,0.37,"Sardinops sagax","Fis-54081"
178,-18.5,0.43,"Sardinops sagax","Fis-54081"
178.5,-18.5,0.41,"Sardinops sagax","Fis-54081"
179,-18.5,0.34,"Sardinops sagax","Fis-54081"
179.5,-18.5,0.26,"Sardinops sagax","Fis-54081"
-141.5,-19,0.08,"Sardinops sagax","Fis-54081"
-70,-19,0.81,"Sardinops sagax","Fis-54081"
12,-19,0.87,"Sardinops sagax","Fis-54081"
12.5,-19,0.82,"Sardinops sagax","Fis-54081"
13,-19,0.71,"Sardinops sagax","Fis-54081"
36,-19,0.05,"Sardinops sagax","Fis-54081"
36.5,-19,0.5,"Sardinops sagax","Fis-54081"
37,-19,0.59,"Sardinops sagax","Fis-54081"
37.5,-19,0.54,"Sardinops sagax","Fis-54081"
44,-19,0.38,"Sardinops sagax","Fis-54081"
44.5,-19,0.38,"Sardinops sagax","Fis-54081"
49.5,-19,0.64,"Sardinops sagax","Fis-54081"
59,-19,0.01,"Sardinops sagax","Fis-54081"
117.5,-19,0.15,"Sardinops sagax","Fis-54081"
118,-19,0.41,"Sardinops sagax","Fis-54081"
118.5,-19,0.41,"Sardinops sagax","Fis-54081"
119,-19,0.41,"Sardinops sagax","Fis-54081"
119.5,-19,0.41,"Sardinops sagax","Fis-54081"
120,-19,0.41,"Sardinops sagax","Fis-54081"
120.5,-19,0.42,"Sardinops sagax","Fis-54081"
121,-19,0.43,"Sardinops sagax","Fis-54081"
121.5,-19,0.46,"Sardinops sagax","Fis-54081"
122,-19,0.49,"Sardinops sagax","Fis-54081"
146.5,-19,0.78,"Sardinops sagax","Fis-54081"
147,-19,0.77,"Sardinops sagax","Fis-54081"
147.5,-19,0.73,"Sardinops sagax","Fis-54081"
148,-19,0.69,"Sardinops sagax","Fis-54081"
148.5,-19,0.66,"Sardinops sagax","Fis-54081"
149,-19,0.57,"Sardinops sagax","Fis-54081"
152.5,-19,0.03,"Sardinops sagax","Fis-54081"
159,-19,0.05,"Sardinops sagax","Fis-54081"
163,-19,0.13,"Sardinops sagax","Fis-54081"
163.5,-19,0.18,"Sardinops sagax","Fis-54081"
164,-19,0.08,"Sardinops sagax","Fis-54081"
164.5,-19,0.04,"Sardinops sagax","Fis-54081"
169.5,-19,0.11,"Sardinops sagax","Fis-54081"
178,-19,0.41,"Sardinops sagax","Fis-54081"
178.5,-19,0.42,"Sardinops sagax","Fis-54081"
179,-19,0.31,"Sardinops sagax","Fis-54081"
179.5,-19,0.22,"Sardinops sagax","Fis-54081"
-70,-19.5,0.81,"Sardinops sagax","Fis-54081"
12.5,-19.5,0.93,"Sardinops sagax","Fis-54081"
13,-19.5,0.73,"Sardinops sagax","Fis-54081"
35.5,-19.5,0.09,"Sardinops sagax","Fis-54081"
36,-19.5,0.29,"Sardinops sagax","Fis-54081"
36.5,-19.5,0.5,"Sardinops sagax","Fis-54081"
37,-19.5,0.58,"Sardinops sagax","Fis-54081"
37.5,-19.5,0.54,"Sardinops sagax","Fis-54081"
44.5,-19.5,0.38,"Sardinops sagax","Fis-54081"
45,-19.5,0.02,"Sardinops sagax","Fis-54081"
49,-19.5,0.12,"Sardinops sagax","Fis-54081"
49.5,-19.5,0.64,"Sardinops sagax","Fis-54081"
116,-19.5,0.22,"Sardinops sagax","Fis-54081"
116.5,-19.5,0.48,"Sardinops sagax","Fis-54081"
117,-19.5,0.47,"Sardinops sagax","Fis-54081"
117.5,-19.5,0.47,"Sardinops sagax","Fis-54081"
118,-19.5,0.46,"Sardinops sagax","Fis-54081"
118.5,-19.5,0.47,"Sardinops sagax","Fis-54081"
119,-19.5,0.47,"Sardinops sagax","Fis-54081"
119.5,-19.5,0.48,"Sardinops sagax","Fis-54081"
120,-19.5,0.49,"Sardinops sagax","Fis-54081"
120.5,-19.5,0.5,"Sardinops sagax","Fis-54081"
121,-19.5,0.53,"Sardinops sagax","Fis-54081"
121.5,-19.5,0.55,"Sardinops sagax","Fis-54081"
122,-19.5,0.28,"Sardinops sagax","Fis-54081"
146.5,-19.5,0.04,"Sardinops sagax","Fis-54081"
147,-19.5,0.83,"Sardinops sagax","Fis-54081"
147.5,-19.5,0.82,"Sardinops sagax","Fis-54081"
148,-19.5,0.78,"Sardinops sagax","Fis-54081"
148.5,-19.5,0.76,"Sardinops sagax","Fis-54081"
149,-19.5,0.74,"Sardinops sagax","Fis-54081"
149.5,-19.5,0.71,"Sardinops sagax","Fis-54081"
150,-19.5,0.69,"Sardinops sagax","Fis-54081"
150.5,-19.5,0.44,"Sardinops sagax","Fis-54081"
151.5,-19.5,0.07,"Sardinops sagax","Fis-54081"
152.5,-19.5,0.19,"Sardinops sagax","Fis-54081"
158.5,-19.5,0.08,"Sardinops sagax","Fis-54081"
159,-19.5,0.16,"Sardinops sagax","Fis-54081"
159.5,-19.5,0.12,"Sardinops sagax","Fis-54081"
160,-19.5,0.03,"Sardinops sagax","Fis-54081"
160.5,-19.5,0.01,"Sardinops sagax","Fis-54081"
163.5,-19.5,0.27,"Sardinops sagax","Fis-54081"
164,-19.5,0.15,"Sardinops sagax","Fis-54081"
169.5,-19.5,0.12,"Sardinops sagax","Fis-54081"
170,-19.5,0.07,"Sardinops sagax","Fis-54081"
170.5,-19.5,0.05,"Sardinops sagax","Fis-54081"
178.5,-19.5,0.34,"Sardinops sagax","Fis-54081"
179,-19.5,0.28,"Sardinops sagax","Fis-54081"
179.5,-19.5,0.22,"Sardinops sagax","Fis-54081"
-144.5,-20,0.02,"Sardinops sagax","Fis-54081"
-70,-20,0.81,"Sardinops sagax","Fis-54081"
12.5,-20,1,"Sardinops sagax","Fis-54081"
13,-20,0.78,"Sardinops sagax","Fis-54081"
13.5,-20,0.56,"Sardinops sagax","Fis-54081"
36,-20,0.44,"Sardinops sagax","Fis-54081"
36.5,-20,0.6,"Sardinops sagax","Fis-54081"
37,-20,0.09,"Sardinops sagax","Fis-54081"
44.5,-20,0.4,"Sardinops sagax","Fis-54081"
45,-20,0.02,"Sardinops sagax","Fis-54081"
49,-20,0.67,"Sardinops sagax","Fis-54081"
49.5,-20,0.62,"Sardinops sagax","Fis-54081"
58,-20,0.02,"Sardinops sagax","Fis-54081"
115.5,-20,0.54,"Sardinops sagax","Fis-54081"
116,-20,0.54,"Sardinops sagax","Fis-54081"
116.5,-20,0.55,"Sardinops sagax","Fis-54081"
117,-20,0.54,"Sardinops sagax","Fis-54081"
117.5,-20,0.53,"Sardinops sagax","Fis-54081"
118,-20,0.53,"Sardinops sagax","Fis-54081"
118.5,-20,0.54,"Sardinops sagax","Fis-54081"
119,-20,0.53,"Sardinops sagax","Fis-54081"
119.5,-20,0.54,"Sardinops sagax","Fis-54081"
120,-20,0.55,"Sardinops sagax","Fis-54081"
120.5,-20,0.56,"Sardinops sagax","Fis-54081"
121,-20,0.58,"Sardinops sagax","Fis-54081"
121.5,-20,0.33,"Sardinops sagax","Fis-54081"
148,-20,0.88,"Sardinops sagax","Fis-54081"
148.5,-20,0.85,"Sardinops sagax","Fis-54081"
149,-20,0.83,"Sardinops sagax","Fis-54081"
149.5,-20,0.81,"Sardinops sagax","Fis-54081"
150,-20,0.79,"Sardinops sagax","Fis-54081"
150.5,-20,0.74,"Sardinops sagax","Fis-54081"
151,-20,0.58,"Sardinops sagax","Fis-54081"
152,-20,0.1,"Sardinops sagax","Fis-54081"
158.5,-20,0.15,"Sardinops sagax","Fis-54081"
159,-20,0.28,"Sardinops sagax","Fis-54081"
159.5,-20,0.01,"Sardinops sagax","Fis-54081"
163.5,-20,0.29,"Sardinops sagax","Fis-54081"
164,-20,0.25,"Sardinops sagax","Fis-54081"
164.5,-20,0.12,"Sardinops sagax","Fis-54081"
166,-20,0.06,"Sardinops sagax","Fis-54081"
169.5,-20,0.12,"Sardinops sagax","Fis-54081"
170,-20,0.08,"Sardinops sagax","Fis-54081"
-70,-20.5,0.85,"Sardinops sagax","Fis-54081"
13,-20.5,0.81,"Sardinops sagax","Fis-54081"
13.5,-20.5,0.55,"Sardinops sagax","Fis-54081"
35.5,-20.5,0.17,"Sardinops sagax","Fis-54081"
36,-20.5,0.65,"Sardinops sagax","Fis-54081"
36.5,-20.5,0.6,"Sardinops sagax","Fis-54081"
44.5,-20.5,0.44,"Sardinops sagax","Fis-54081"
49,-20.5,0.66,"Sardinops sagax","Fis-54081"
57.5,-20.5,0.09,"Sardinops sagax","Fis-54081"
58,-20.5,0.08,"Sardinops sagax","Fis-54081"
115,-20.5,0.56,"Sardinops sagax","Fis-54081"
115.5,-20.5,0.63,"Sardinops sagax","Fis-54081"
116,-20.5,0.64,"Sardinops sagax","Fis-54081"
116.5,-20.5,0.62,"Sardinops sagax","Fis-54081"
117,-20.5,0.62,"Sardinops sagax","Fis-54081"
117.5,-20.5,0.62,"Sardinops sagax","Fis-54081"
118,-20.5,0.61,"Sardinops sagax","Fis-54081"
118.5,-20.5,0.6,"Sardinops sagax","Fis-54081"
119,-20.5,0.61,"Sardinops sagax","Fis-54081"
119.5,-20.5,0.31,"Sardinops sagax","Fis-54081"
120,-20.5,0.34,"Sardinops sagax","Fis-54081"
148.5,-20.5,0.94,"Sardinops sagax","Fis-54081"
149,-20.5,0.94,"Sardinops sagax","Fis-54081"
149.5,-20.5,0.87,"Sardinops sagax","Fis-54081"
150,-20.5,0.84,"Sardinops sagax","Fis-54081"
150.5,-20.5,0.82,"Sardinops sagax","Fis-54081"
151,-20.5,0.78,"Sardinops sagax","Fis-54081"
151.5,-20.5,0.67,"Sardinops sagax","Fis-54081"
152,-20.5,0.01,"Sardinops sagax","Fis-54081"
159,-20.5,0.41,"Sardinops sagax","Fis-54081"
161,-20.5,0.1,"Sardinops sagax","Fis-54081"
161.5,-20.5,0.1,"Sardinops sagax","Fis-54081"
164,-20.5,0.35,"Sardinops sagax","Fis-54081"
164.5,-20.5,0.61,"Sardinops sagax","Fis-54081"
165,-20.5,0.2,"Sardinops sagax","Fis-54081"
166.5,-20.5,0.08,"Sardinops sagax","Fis-54081"
167,-20.5,0.08,"Sardinops sagax","Fis-54081"
170,-20.5,0.06,"Sardinops sagax","Fis-54081"
-70,-21,0.84,"Sardinops sagax","Fis-54081"
9,-21,0.03,"Sardinops sagax","Fis-54081"
13,-21,0.26,"Sardinops sagax","Fis-54081"
13.5,-21,0.49,"Sardinops sagax","Fis-54081"
14,-21,0.4,"Sardinops sagax","Fis-54081"
35.5,-21,0.39,"Sardinops sagax","Fis-54081"
36,-21,0.65,"Sardinops sagax","Fis-54081"
44,-21,0.46,"Sardinops sagax","Fis-54081"
44.5,-21,0.48,"Sardinops sagax","Fis-54081"
48.5,-21,0.12,"Sardinops sagax","Fis-54081"
49,-21,0.64,"Sardinops sagax","Fis-54081"
55.5,-21,0.03,"Sardinops sagax","Fis-54081"
56,-21,0.04,"Sardinops sagax","Fis-54081"
115,-21,0.64,"Sardinops sagax","Fis-54081"
115.5,-21,0.7,"Sardinops sagax","Fis-54081"
116,-21,0.73,"Sardinops sagax","Fis-54081"
116.5,-21,0.69,"Sardinops sagax","Fis-54081"
117,-21,0.69,"Sardinops sagax","Fis-54081"
117.5,-21,0.69,"Sardinops sagax","Fis-54081"
118,-21,0.68,"Sardinops sagax","Fis-54081"
149,-21,1,"Sardinops sagax","Fis-54081"
149.5,-21,0.98,"Sardinops sagax","Fis-54081"
150,-21,0.89,"Sardinops sagax","Fis-54081"
150.5,-21,0.86,"Sardinops sagax","Fis-54081"
151,-21,0.61,"Sardinops sagax","Fis-54081"
151.5,-21,0.79,"Sardinops sagax","Fis-54081"
152,-21,0.74,"Sardinops sagax","Fis-54081"
152.5,-21,0.72,"Sardinops sagax","Fis-54081"
153,-21,0.58,"Sardinops sagax","Fis-54081"
154.5,-21,0.46,"Sardinops sagax","Fis-54081"
158.5,-21,0.38,"Sardinops sagax","Fis-54081"
159,-21,0.62,"Sardinops sagax","Fis-54081"
159.5,-21,0.59,"Sardinops sagax","Fis-54081"
161,-21,0.2,"Sardinops sagax","Fis-54081"
161.5,-21,0.2,"Sardinops sagax","Fis-54081"
162,-21,0.15,"Sardinops sagax","Fis-54081"
164.5,-21,0.41,"Sardinops sagax","Fis-54081"
165,-21,0.31,"Sardinops sagax","Fis-54081"
165.5,-21,0.23,"Sardinops sagax","Fis-54081"
166,-21,0.14,"Sardinops sagax","Fis-54081"
166.5,-21,0.14,"Sardinops sagax","Fis-54081"
167,-21,0.14,"Sardinops sagax","Fis-54081"
167.5,-21,0.13,"Sardinops sagax","Fis-54081"
-81.5,-21.5,1,"Sardinops sagax","Fis-54081"
-70,-21.5,0.92,"Sardinops sagax","Fis-54081"
13.5,-21.5,0.57,"Sardinops sagax","Fis-54081"
14,-21.5,0.34,"Sardinops sagax","Fis-54081"
35.5,-21.5,0.66,"Sardinops sagax","Fis-54081"
36,-21.5,0.65,"Sardinops sagax","Fis-54081"
40,-21.5,0.61,"Sardinops sagax","Fis-54081"
43.5,-21.5,0.49,"Sardinops sagax","Fis-54081"
44,-21.5,0.51,"Sardinops sagax","Fis-54081"
48.5,-21.5,0.68,"Sardinops sagax","Fis-54081"
49,-21.5,0.64,"Sardinops sagax","Fis-54081"
55.5,-21.5,0.07,"Sardinops sagax","Fis-54081"
56,-21.5,0.05,"Sardinops sagax","Fis-54081"
114.5,-21.5,0.63,"Sardinops sagax","Fis-54081"
115,-21.5,0.72,"Sardinops sagax","Fis-54081"
115.5,-21.5,0.76,"Sardinops sagax","Fis-54081"
116,-21.5,0.77,"Sardinops sagax","Fis-54081"
149.5,-21.5,1,"Sardinops sagax","Fis-54081"
150,-21.5,0.99,"Sardinops sagax","Fis-54081"
150.5,-21.5,0.92,"Sardinops sagax","Fis-54081"
151,-21.5,0.89,"Sardinops sagax","Fis-54081"
151.5,-21.5,0.32,"Sardinops sagax","Fis-54081"
152,-21.5,0.38,"Sardinops sagax","Fis-54081"
152.5,-21.5,0.48,"Sardinops sagax","Fis-54081"
153,-21.5,0.79,"Sardinops sagax","Fis-54081"
153.5,-21.5,0.66,"Sardinops sagax","Fis-54081"
156,-21.5,0.74,"Sardinops sagax","Fis-54081"
159,-21.5,0.78,"Sardinops sagax","Fis-54081"
159.5,-21.5,0.85,"Sardinops sagax","Fis-54081"
160,-21.5,0.02,"Sardinops sagax","Fis-54081"
162,-21.5,0.26,"Sardinops sagax","Fis-54081"
165,-21.5,0.41,"Sardinops sagax","Fis-54081"
165.5,-21.5,0.32,"Sardinops sagax","Fis-54081"
166,-21.5,0.32,"Sardinops sagax","Fis-54081"
166.5,-21.5,0.2,"Sardinops sagax","Fis-54081"
167.5,-21.5,0.2,"Sardinops sagax","Fis-54081"
168,-21.5,0.18,"Sardinops sagax","Fis-54081"
168.5,-21.5,0.18,"Sardinops sagax","Fis-54081"
-70,-22,0.98,"Sardinops sagax","Fis-54081"
13.5,-22,0.83,"Sardinops sagax","Fis-54081"
14,-22,0.31,"Sardinops sagax","Fis-54081"
14.5,-22,0.22,"Sardinops sagax","Fis-54081"
35.5,-22,0.72,"Sardinops sagax","Fis-54081"
36,-22,0.65,"Sardinops sagax","Fis-54081"
43.5,-22,0.54,"Sardinops sagax","Fis-54081"
44,-22,0.05,"Sardinops sagax","Fis-54081"
48.5,-22,0.7,"Sardinops sagax","Fis-54081"
114,-22,0.76,"Sardinops sagax","Fis-54081"
114.5,-22,0.84,"Sardinops sagax","Fis-54081"
115,-22,0.83,"Sardinops sagax","Fis-54081"
115.5,-22,0.84,"Sardinops sagax","Fis-54081"
149.5,-22,1,"Sardinops sagax","Fis-54081"
150,-22,1,"Sardinops sagax","Fis-54081"
150.5,-22,1,"Sardinops sagax","Fis-54081"
151,-22,0.95,"Sardinops sagax","Fis-54081"
151.5,-22,0.92,"Sardinops sagax","Fis-54081"
152,-22,0.9,"Sardinops sagax","Fis-54081"
152.5,-22,0.57,"Sardinops sagax","Fis-54081"
153,-22,0.86,"Sardinops sagax","Fis-54081"
153.5,-22,0.78,"Sardinops sagax","Fis-54081"
154,-22,0.79,"Sardinops sagax","Fis-54081"
159.5,-22,0.88,"Sardinops sagax","Fis-54081"
160,-22,0.72,"Sardinops sagax","Fis-54081"
165.5,-22,0.35,"Sardinops sagax","Fis-54081"
166,-22,0.34,"Sardinops sagax","Fis-54081"
166.5,-22,0.32,"Sardinops sagax","Fis-54081"
167,-22,0.32,"Sardinops sagax","Fis-54081"
167.5,-22,0.25,"Sardinops sagax","Fis-54081"
168,-22,0.26,"Sardinops sagax","Fis-54081"
168.5,-22,0.24,"Sardinops sagax","Fis-54081"
169,-22,0.17,"Sardinops sagax","Fis-54081"
175,-22,0.03,"Sardinops sagax","Fis-54081"
-81,-22.5,0.16,"Sardinops sagax","Fis-54081"
-70,-22.5,1,"Sardinops sagax","Fis-54081"
13.5,-22.5,0.37,"Sardinops sagax","Fis-54081"
14,-22.5,0.59,"Sardinops sagax","Fis-54081"
14.5,-22.5,0.14,"Sardinops sagax","Fis-54081"
35.5,-22.5,0.74,"Sardinops sagax","Fis-54081"
36,-22.5,0.67,"Sardinops sagax","Fis-54081"
40.5,-22.5,0.67,"Sardinops sagax","Fis-54081"
43.5,-22.5,0.57,"Sardinops sagax","Fis-54081"
48,-22.5,0.35,"Sardinops sagax","Fis-54081"
48.5,-22.5,0.7,"Sardinops sagax","Fis-54081"
114,-22.5,0.84,"Sardinops sagax","Fis-54081"
114.5,-22.5,0.93,"Sardinops sagax","Fis-54081"
115,-22.5,0.21,"Sardinops sagax","Fis-54081"
150,-22.5,1,"Sardinops sagax","Fis-54081"
150.5,-22.5,1,"Sardinops sagax","Fis-54081"
151,-22.5,1,"Sardinops sagax","Fis-54081"
151.5,-22.5,1,"Sardinops sagax","Fis-54081"
152,-22.5,0.96,"Sardinops sagax","Fis-54081"
152.5,-22.5,0.95,"Sardinops sagax","Fis-54081"
153,-22.5,0.92,"Sardinops sagax","Fis-54081"
153.5,-22.5,0.82,"Sardinops sagax","Fis-54081"
154,-22.5,0.81,"Sardinops sagax","Fis-54081"
155.5,-22.5,0.9,"Sardinops sagax","Fis-54081"
156,-22.5,0.93,"Sardinops sagax","Fis-54081"
159.5,-22.5,0.87,"Sardinops sagax","Fis-54081"
166.5,-22.5,0.44,"Sardinops sagax","Fis-54081"
167,-22.5,0.42,"Sardinops sagax","Fis-54081"
167.5,-22.5,0.48,"Sardinops sagax","Fis-54081"
168,-22.5,0.35,"Sardinops sagax","Fis-54081"
169,-22.5,0.21,"Sardinops sagax","Fis-54081"
169.5,-22.5,0.18,"Sardinops sagax","Fis-54081"
171.5,-22.5,0.12,"Sardinops sagax","Fis-54081"
-70,-23,1,"Sardinops sagax","Fis-54081"
14,-23,0.56,"Sardinops sagax","Fis-54081"
14.5,-23,0.21,"Sardinops sagax","Fis-54081"
15,-23,0.2,"Sardinops sagax","Fis-54081"
36,-23,0.7,"Sardinops sagax","Fis-54081"
43.5,-23,0.61,"Sardinops sagax","Fis-54081"
44,-23,0.06,"Sardinops sagax","Fis-54081"
48,-23,0.73,"Sardinops sagax","Fis-54081"
48.5,-23,0.68,"Sardinops sagax","Fis-54081"
113.5,-23,0.21,"Sardinops sagax","Fis-54081"
114,-23,0.93,"Sardinops sagax","Fis-54081"
150,-23,0.09,"Sardinops sagax","Fis-54081"
150.5,-23,0.05,"Sardinops sagax","Fis-54081"
151,-23,1,"Sardinops sagax","Fis-54081"
151.5,-23,1,"Sardinops sagax","Fis-54081"
152,-23,1,"Sardinops sagax","Fis-54081"
152.5,-23,0.99,"Sardinops sagax","Fis-54081"
153,-23,0.95,"Sardinops sagax","Fis-54081"
153.5,-23,0.47,"Sardinops sagax","Fis-54081"
167,-23,0.4,"Sardinops sagax","Fis-54081"
167.5,-23,0.47,"Sardinops sagax","Fis-54081"
168,-23,0.43,"Sardinops sagax","Fis-54081"
168.5,-23,0.29,"Sardinops sagax","Fis-54081"
169.5,-23,0.02,"Sardinops sagax","Fis-54081"
170,-23,0.21,"Sardinops sagax","Fis-54081"
-70.5,-23.5,1,"Sardinops sagax","Fis-54081"
-70,-23.5,1,"Sardinops sagax","Fis-54081"
14,-23.5,0.46,"Sardinops sagax","Fis-54081"
14.5,-23.5,0.33,"Sardinops sagax","Fis-54081"
15,-23.5,0.21,"Sardinops sagax","Fis-54081"
35.5,-23.5,0.8,"Sardinops sagax","Fis-54081"
36,-23.5,0.73,"Sardinops sagax","Fis-54081"
43.5,-23.5,0.55,"Sardinops sagax","Fis-54081"
44,-23.5,0.67,"Sardinops sagax","Fis-54081"
48,-23.5,0.76,"Sardinops sagax","Fis-54081"
113.5,-23.5,0.93,"Sardinops sagax","Fis-54081"
114,-23.5,1,"Sardinops sagax","Fis-54081"
151,-23.5,1,"Sardinops sagax","Fis-54081"
151.5,-23.5,1,"Sardinops sagax","Fis-54081"
152,-23.5,1,"Sardinops sagax","Fis-54081"
152.5,-23.5,1,"Sardinops sagax","Fis-54081"
155.5,-23.5,0.08,"Sardinops sagax","Fis-54081"
156,-23.5,1,"Sardinops sagax","Fis-54081"
160,-23.5,0.64,"Sardinops sagax","Fis-54081"
-70.5,-24,0.98,"Sardinops sagax","Fis-54081"
-70,-24,1,"Sardinops sagax","Fis-54081"
14,-24,0.2,"Sardinops sagax","Fis-54081"
14.5,-24,0.2,"Sardinops sagax","Fis-54081"
15,-24,0.22,"Sardinops sagax","Fis-54081"
35.5,-24,0.83,"Sardinops sagax","Fis-54081"
36,-24,0.75,"Sardinops sagax","Fis-54081"
44,-24,0.72,"Sardinops sagax","Fis-54081"
48,-24,0.75,"Sardinops sagax","Fis-54081"
113,-24,0.76,"Sardinops sagax","Fis-54081"
113.5,-24,1,"Sardinops sagax","Fis-54081"
114,-24,1,"Sardinops sagax","Fis-54081"
151,-24,0.45,"Sardinops sagax","Fis-54081"
151.5,-24,1,"Sardinops sagax","Fis-54081"
152,-24,1,"Sardinops sagax","Fis-54081"
152.5,-24,1,"Sardinops sagax","Fis-54081"
153,-24,0.98,"Sardinops sagax","Fis-54081"
159.5,-24,0.8,"Sardinops sagax","Fis-54081"
160,-24,0.77,"Sardinops sagax","Fis-54081"
-70.5,-24.5,1,"Sardinops sagax","Fis-54081"
-70,-24.5,1,"Sardinops sagax","Fis-54081"
15,-24.5,0.23,"Sardinops sagax","Fis-54081"
35.5,-24.5,0.86,"Sardinops sagax","Fis-54081"
36,-24.5,0.77,"Sardinops sagax","Fis-54081"
44,-24.5,0.77,"Sardinops sagax","Fis-54081"
47.5,-24.5,0.28,"Sardinops sagax","Fis-54081"
48,-24.5,0.74,"Sardinops sagax","Fis-54081"
112.5,-24.5,0.12,"Sardinops sagax","Fis-54081"
113,-24.5,1,"Sardinops sagax","Fis-54081"
113.5,-24.5,1,"Sardinops sagax","Fis-54081"
152,-24.5,1,"Sardinops sagax","Fis-54081"
152.5,-24.5,1,"Sardinops sagax","Fis-54081"
153,-24.5,1,"Sardinops sagax","Fis-54081"
153.5,-24.5,0.99,"Sardinops sagax","Fis-54081"
159.5,-24.5,0.81,"Sardinops sagax","Fis-54081"
160,-24.5,0.72,"Sardinops sagax","Fis-54081"
-70.5,-25,1,"Sardinops sagax","Fis-54081"
-70,-25,1,"Sardinops sagax","Fis-54081"
14,-25,0.22,"Sardinops sagax","Fis-54081"
14.5,-25,0.38,"Sardinops sagax","Fis-54081"
15,-25,0.24,"Sardinops sagax","Fis-54081"
34.5,-25,0.98,"Sardinops sagax","Fis-54081"
35,-25,0.98,"Sardinops sagax","Fis-54081"
35.5,-25,0.85,"Sardinops sagax","Fis-54081"
44,-25,0.81,"Sardinops sagax","Fis-54081"
44.5,-25,0.86,"Sardinops sagax","Fis-54081"
47.5,-25,0.93,"Sardinops sagax","Fis-54081"
48,-25,0.75,"Sardinops sagax","Fis-54081"
112.5,-25,0.72,"Sardinops sagax","Fis-54081"
113,-25,1,"Sardinops sagax","Fis-54081"
113.5,-25,1,"Sardinops sagax","Fis-54081"
114,-25,0.91,"Sardinops sagax","Fis-54081"
152.5,-25,1,"Sardinops sagax","Fis-54081"
153,-25,1,"Sardinops sagax","Fis-54081"
153.5,-25,1,"Sardinops sagax","Fis-54081"
154,-25,0.96,"Sardinops sagax","Fis-54081"
159.5,-25,0.07,"Sardinops sagax","Fis-54081"
160,-25,0.62,"Sardinops sagax","Fis-54081"
163,-25,0.25,"Sardinops sagax","Fis-54081"
-89,-25.5,0.01,"Sardinops sagax","Fis-54081"
-87,-25.5,0.45,"Sardinops sagax","Fis-54081"
-81.5,-25.5,0.62,"Sardinops sagax","Fis-54081"
-70.5,-25.5,1,"Sardinops sagax","Fis-54081"
-70,-25.5,1,"Sardinops sagax","Fis-54081"
14,-25.5,0.1,"Sardinops sagax","Fis-54081"
14.5,-25.5,0.37,"Sardinops sagax","Fis-54081"
15,-25.5,0.23,"Sardinops sagax","Fis-54081"
33,-25.5,0.73,"Sardinops sagax","Fis-54081"
33.5,-25.5,1,"Sardinops sagax","Fis-54081"
34,-25.5,1,"Sardinops sagax","Fis-54081"
34.5,-25.5,0.98,"Sardinops sagax","Fis-54081"
35,-25.5,0.9,"Sardinops sagax","Fis-54081"
35.5,-25.5,0.83,"Sardinops sagax","Fis-54081"
44.5,-25.5,0.92,"Sardinops sagax","Fis-54081"
45,-25.5,0.96,"Sardinops sagax","Fis-54081"
45.5,-25.5,1,"Sardinops sagax","Fis-54081"
46,-25.5,1,"Sardinops sagax","Fis-54081"
46.5,-25.5,1,"Sardinops sagax","Fis-54081"
47,-25.5,1,"Sardinops sagax","Fis-54081"
47.5,-25.5,0.87,"Sardinops sagax","Fis-54081"
112.5,-25.5,0.74,"Sardinops sagax","Fis-54081"
113,-25.5,1,"Sardinops sagax","Fis-54081"
113.5,-25.5,1,"Sardinops sagax","Fis-54081"
114,-25.5,1,"Sardinops sagax","Fis-54081"
153,-25.5,1,"Sardinops sagax","Fis-54081"
153.5,-25.5,1,"Sardinops sagax","Fis-54081"
154,-25.5,1,"Sardinops sagax","Fis-54081"
160,-25.5,0.67,"Sardinops sagax","Fis-54081"
162,-25.5,0.43,"Sardinops sagax","Fis-54081"
162.5,-25.5,0.43,"Sardinops sagax","Fis-54081"
163,-25.5,0.41,"Sardinops sagax","Fis-54081"
-86.5,-26,0.57,"Sardinops sagax","Fis-54081"
-85,-26,0.63,"Sardinops sagax","Fis-54081"
-84,-26,0.82,"Sardinops sagax","Fis-54081"
-82,-26,0.19,"Sardinops sagax","Fis-54081"
-70.5,-26,1,"Sardinops sagax","Fis-54081"
14.5,-26,0.24,"Sardinops sagax","Fis-54081"
15,-26,0.44,"Sardinops sagax","Fis-54081"
33,-26,1,"Sardinops sagax","Fis-54081"
33.5,-26,1,"Sardinops sagax","Fis-54081"
35,-26,0.86,"Sardinops sagax","Fis-54081"
44.5,-26,0.76,"Sardinops sagax","Fis-54081"
45,-26,1,"Sardinops sagax","Fis-54081"
45.5,-26,1,"Sardinops sagax","Fis-54081"
46,-26,1,"Sardinops sagax","Fis-54081"
46.5,-26,1,"Sardinops sagax","Fis-54081"
47,-26,0.93,"Sardinops sagax","Fis-54081"
112.5,-26,0.65,"Sardinops sagax","Fis-54081"
113,-26,0.98,"Sardinops sagax","Fis-54081"
113.5,-26,1,"Sardinops sagax","Fis-54081"
114,-26,1,"Sardinops sagax","Fis-54081"
114.5,-26,1,"Sardinops sagax","Fis-54081"
153,-26,0.09,"Sardinops sagax","Fis-54081"
153.5,-26,1,"Sardinops sagax","Fis-54081"
154,-26,1,"Sardinops sagax","Fis-54081"
160,-26,0.13,"Sardinops sagax","Fis-54081"
161.5,-26,0.46,"Sardinops sagax","Fis-54081"
162,-26,0.43,"Sardinops sagax","Fis-54081"
162.5,-26,0.42,"Sardinops sagax","Fis-54081"
163,-26,0.4,"Sardinops sagax","Fis-54081"
163.5,-26,0.4,"Sardinops sagax","Fis-54081"
164,-26,0.31,"Sardinops sagax","Fis-54081"
-80,-26.5,1,"Sardinops sagax","Fis-54081"
-79.5,-26.5,1,"Sardinops sagax","Fis-54081"
-70.5,-26.5,1,"Sardinops sagax","Fis-54081"
15,-26.5,0.49,"Sardinops sagax","Fis-54081"
15.5,-26.5,0.36,"Sardinops sagax","Fis-54081"
33,-26.5,1,"Sardinops sagax","Fis-54081"
33.5,-26.5,0.99,"Sardinops sagax","Fis-54081"
45,-26.5,0.97,"Sardinops sagax","Fis-54081"
45.5,-26.5,0.97,"Sardinops sagax","Fis-54081"
46,-26.5,0.96,"Sardinops sagax","Fis-54081"
112.5,-26.5,0.12,"Sardinops sagax","Fis-54081"
113,-26.5,0.84,"Sardinops sagax","Fis-54081"
113.5,-26.5,1,"Sardinops sagax","Fis-54081"
114,-26.5,1,"Sardinops sagax","Fis-54081"
114.5,-26.5,1,"Sardinops sagax","Fis-54081"
153.5,-26.5,1,"Sardinops sagax","Fis-54081"
154,-26.5,1,"Sardinops sagax","Fis-54081"
161.5,-26.5,0.45,"Sardinops sagax","Fis-54081"
162,-26.5,0.41,"Sardinops sagax","Fis-54081"
162.5,-26.5,0.41,"Sardinops sagax","Fis-54081"
167.5,-26.5,0.25,"Sardinops sagax","Fis-54081"
-70.5,-27,1,"Sardinops sagax","Fis-54081"
15,-27,0.71,"Sardinops sagax","Fis-54081"
15.5,-27,0.39,"Sardinops sagax","Fis-54081"
33,-27,1,"Sardinops sagax","Fis-54081"
33.5,-27,0.96,"Sardinops sagax","Fis-54081"
113,-27,0.43,"Sardinops sagax","Fis-54081"
113.5,-27,0.73,"Sardinops sagax","Fis-54081"
114,-27,1,"Sardinops sagax","Fis-54081"
153.5,-27,1,"Sardinops sagax","Fis-54081"
154,-27,1,"Sardinops sagax","Fis-54081"
-70.5,-27.5,1,"Sardinops sagax","Fis-54081"
15,-27.5,0.25,"Sardinops sagax","Fis-54081"
15.5,-27.5,0.44,"Sardinops sagax","Fis-54081"
33,-27.5,0.99,"Sardinops sagax","Fis-54081"
46.5,-27.5,0.29,"Sardinops sagax","Fis-54081"
113,-27.5,0.27,"Sardinops sagax","Fis-54081"
113.5,-27.5,0.73,"Sardinops sagax","Fis-54081"
114,-27.5,0.7,"Sardinops sagax","Fis-54081"
114.5,-27.5,1,"Sardinops sagax","Fis-54081"
153.5,-27.5,1,"Sardinops sagax","Fis-54081"
154,-27.5,1,"Sardinops sagax","Fis-54081"
-71,-28,1,"Sardinops sagax","Fis-54081"
-70.5,-28,1,"Sardinops sagax","Fis-54081"
15,-28,0.34,"Sardinops sagax","Fis-54081"
15.5,-28,0.65,"Sardinops sagax","Fis-54081"
16,-28,0.42,"Sardinops sagax","Fis-54081"
33,-28,0.99,"Sardinops sagax","Fis-54081"
113.5,-28,0.7,"Sardinops sagax","Fis-54081"
114,-28,0.65,"Sardinops sagax","Fis-54081"
114.5,-28,0.95,"Sardinops sagax","Fis-54081"
153.5,-28,0.91,"Sardinops sagax","Fis-54081"
154,-28,1,"Sardinops sagax","Fis-54081"
156,-28,0.05,"Sardinops sagax","Fis-54081"
-71,-28.5,1,"Sardinops sagax","Fis-54081"
15,-28.5,1,"Sardinops sagax","Fis-54081"
15.5,-28.5,0.64,"Sardinops sagax","Fis-54081"
16,-28.5,0.19,"Sardinops sagax","Fis-54081"
16.5,-28.5,0.53,"Sardinops sagax","Fis-54081"
32.5,-28.5,1,"Sardinops sagax","Fis-54081"
33,-28.5,1,"Sardinops sagax","Fis-54081"
113.5,-28.5,0.7,"Sardinops sagax","Fis-54081"
114,-28.5,0.88,"Sardinops sagax","Fis-54081"
114.5,-28.5,0.71,"Sardinops sagax","Fis-54081"
115,-28.5,0.98,"Sardinops sagax","Fis-54081"
153.5,-28.5,0.27,"Sardinops sagax","Fis-54081"
154,-28.5,1,"Sardinops sagax","Fis-54081"
167.5,-28.5,0.35,"Sardinops sagax","Fis-54081"
-71.5,-29,1,"Sardinops sagax","Fis-54081"
-71,-29,1,"Sardinops sagax","Fis-54081"
15,-29,1,"Sardinops sagax","Fis-54081"
15.5,-29,0.42,"Sardinops sagax","Fis-54081"
16,-29,0.6,"Sardinops sagax","Fis-54081"
16.5,-29,0.34,"Sardinops sagax","Fis-54081"
17,-29,0.65,"Sardinops sagax","Fis-54081"
32,-29,1,"Sardinops sagax","Fis-54081"
32.5,-29,1,"Sardinops sagax","Fis-54081"
114,-29,0.77,"Sardinops sagax","Fis-54081"
114.5,-29,0.83,"Sardinops sagax","Fis-54081"
115,-29,0.8,"Sardinops sagax","Fis-54081"
154,-29,1,"Sardinops sagax","Fis-54081"
168,-29,1,"Sardinops sagax","Fis-54081"
168.5,-29,1,"Sardinops sagax","Fis-54081"
-71.5,-29.5,1,"Sardinops sagax","Fis-54081"
-71,-29.5,1,"Sardinops sagax","Fis-54081"
15,-29.5,1,"Sardinops sagax","Fis-54081"
15.5,-29.5,0.85,"Sardinops sagax","Fis-54081"
16,-29.5,1,"Sardinops sagax","Fis-54081"
16.5,-29.5,0.89,"Sardinops sagax","Fis-54081"
17,-29.5,0.77,"Sardinops sagax","Fis-54081"
17.5,-29.5,0.73,"Sardinops sagax","Fis-54081"
31.5,-29.5,1,"Sardinops sagax","Fis-54081"
32,-29.5,1,"Sardinops sagax","Fis-54081"
32.5,-29.5,1,"Sardinops sagax","Fis-54081"
114,-29.5,0.7,"Sardinops sagax","Fis-54081"
114.5,-29.5,0.64,"Sardinops sagax","Fis-54081"
115,-29.5,0.61,"Sardinops sagax","Fis-54081"
115.5,-29.5,0.32,"Sardinops sagax","Fis-54081"
153.5,-29.5,1,"Sardinops sagax","Fis-54081"
154,-29.5,1,"Sardinops sagax","Fis-54081"
159.5,-29.5,1,"Sardinops sagax","Fis-54081"
168,-29.5,1,"Sardinops sagax","Fis-54081"
168.5,-29.5,1,"Sardinops sagax","Fis-54081"
-71.5,-30,1,"Sardinops sagax","Fis-54081"
-71,-30,1,"Sardinops sagax","Fis-54081"
15.5,-30,1,"Sardinops sagax","Fis-54081"
16,-30,1,"Sardinops sagax","Fis-54081"
16.5,-30,0.57,"Sardinops sagax","Fis-54081"
17,-30,0.88,"Sardinops sagax","Fis-54081"
17.5,-30,0.8,"Sardinops sagax","Fis-54081"
31,-30,0.45,"Sardinops sagax","Fis-54081"
31.5,-30,1,"Sardinops sagax","Fis-54081"
32,-30,1,"Sardinops sagax","Fis-54081"
114.5,-30,0.75,"Sardinops sagax","Fis-54081"
115,-30,0.75,"Sardinops sagax","Fis-54081"
115.5,-30,0.22,"Sardinops sagax","Fis-54081"
153.5,-30,1,"Sardinops sagax","Fis-54081"
154,-30,1,"Sardinops sagax","Fis-54081"
159.5,-30,1,"Sardinops sagax","Fis-54081"
168,-30,1,"Sardinops sagax","Fis-54081"
168.5,-30,1,"Sardinops sagax","Fis-54081"
-71.5,-30.5,1,"Sardinops sagax","Fis-54081"
-71,-30.5,1,"Sardinops sagax","Fis-54081"
16,-30.5,0.09,"Sardinops sagax","Fis-54081"
16.5,-30.5,0.38,"Sardinops sagax","Fis-54081"
17,-30.5,0.66,"Sardinops sagax","Fis-54081"
17.5,-30.5,0.82,"Sardinops sagax","Fis-54081"
31,-30.5,1,"Sardinops sagax","Fis-54081"
31.5,-30.5,1,"Sardinops sagax","Fis-54081"
115,-30.5,0.83,"Sardinops sagax","Fis-54081"
115.5,-30.5,0.98,"Sardinops sagax","Fis-54081"
153.5,-30.5,1,"Sardinops sagax","Fis-54081"
154,-30.5,1,"Sardinops sagax","Fis-54081"
-71.5,-31,1,"Sardinops sagax","Fis-54081"
16,-31,1,"Sardinops sagax","Fis-54081"
16.5,-31,1,"Sardinops sagax","Fis-54081"
17,-31,0.64,"Sardinops sagax","Fis-54081"
17.5,-31,0.95,"Sardinops sagax","Fis-54081"
18,-31,0.83,"Sardinops sagax","Fis-54081"
30.5,-31,1,"Sardinops sagax","Fis-54081"
31,-31,1,"Sardinops sagax","Fis-54081"
115,-31,0.88,"Sardinops sagax","Fis-54081"
115.5,-31,1,"Sardinops sagax","Fis-54081"
153.5,-31,1,"Sardinops sagax","Fis-54081"
156.5,-31,0.25,"Sardinops sagax","Fis-54081"
-71.5,-31.5,1,"Sardinops sagax","Fis-54081"
17.5,-31.5,0.61,"Sardinops sagax","Fis-54081"
18,-31.5,0.82,"Sardinops sagax","Fis-54081"
18.5,-31.5,0.84,"Sardinops sagax","Fis-54081"
30,-31.5,1,"Sardinops sagax","Fis-54081"
30.5,-31.5,1,"Sardinops sagax","Fis-54081"
115,-31.5,0.93,"Sardinops sagax","Fis-54081"
115.5,-31.5,1,"Sardinops sagax","Fis-54081"
116,-31.5,0.18,"Sardinops sagax","Fis-54081"
131.5,-31.5,0.96,"Sardinops sagax","Fis-54081"
153,-31.5,1,"Sardinops sagax","Fis-54081"
153.5,-31.5,1,"Sardinops sagax","Fis-54081"
159.5,-31.5,1,"Sardinops sagax","Fis-54081"
-71.5,-32,1,"Sardinops sagax","Fis-54081"
-71,-32,0.5,"Sardinops sagax","Fis-54081"
8.5,-32,1,"Sardinops sagax","Fis-54081"
17.5,-32,0.65,"Sardinops sagax","Fis-54081"
18,-32,0.95,"Sardinops sagax","Fis-54081"
18.5,-32,0.82,"Sardinops sagax","Fis-54081"
29.5,-32,1,"Sardinops sagax","Fis-54081"
30,-32,1,"Sardinops sagax","Fis-54081"
115.5,-32,1,"Sardinops sagax","Fis-54081"
116,-32,1,"Sardinops sagax","Fis-54081"
128.5,-32,0.96,"Sardinops sagax","Fis-54081"
129,-32,0.95,"Sardinops sagax","Fis-54081"
129.5,-32,0.94,"Sardinops sagax","Fis-54081"
130,-32,0.85,"Sardinops sagax","Fis-54081"
130.5,-32,0.8,"Sardinops sagax","Fis-54081"
131,-32,0.76,"Sardinops sagax","Fis-54081"
131.5,-32,0.71,"Sardinops sagax","Fis-54081"
132,-32,0.67,"Sardinops sagax","Fis-54081"
132.5,-32,0.74,"Sardinops sagax","Fis-54081"
133,-32,0.88,"Sardinops sagax","Fis-54081"
153,-32,1,"Sardinops sagax","Fis-54081"
153.5,-32,1,"Sardinops sagax","Fis-54081"
159.5,-32,1,"Sardinops sagax","Fis-54081"
168,-32,0.37,"Sardinops sagax","Fis-54081"
-71.5,-32.5,1,"Sardinops sagax","Fis-54081"
-71,-32.5,1,"Sardinops sagax","Fis-54081"
17.5,-32.5,0.37,"Sardinops sagax","Fis-54081"
18,-32.5,0.98,"Sardinops sagax","Fis-54081"
18.5,-32.5,0.7,"Sardinops sagax","Fis-54081"
29,-32.5,1,"Sardinops sagax","Fis-54081"
29.5,-32.5,1,"Sardinops sagax","Fis-54081"
115.5,-32.5,1,"Sardinops sagax","Fis-54081"
116,-32.5,1,"Sardinops sagax","Fis-54081"
126,-32.5,1,"Sardinops sagax","Fis-54081"
126.5,-32.5,0.99,"Sardinops sagax","Fis-54081"
127,-32.5,0.98,"Sardinops sagax","Fis-54081"
127.5,-32.5,0.98,"Sardinops sagax","Fis-54081"
128,-32.5,0.96,"Sardinops sagax","Fis-54081"
128.5,-32.5,0.97,"Sardinops sagax","Fis-54081"
129,-32.5,0.97,"Sardinops sagax","Fis-54081"
129.5,-32.5,0.97,"Sardinops sagax","Fis-54081"
130,-32.5,0.97,"Sardinops sagax","Fis-54081"
130.5,-32.5,0.97,"Sardinops sagax","Fis-54081"
131,-32.5,0.97,"Sardinops sagax","Fis-54081"
131.5,-32.5,0.96,"Sardinops sagax","Fis-54081"
132,-32.5,0.77,"Sardinops sagax","Fis-54081"
132.5,-32.5,0.63,"Sardinops sagax","Fis-54081"
133,-32.5,0.64,"Sardinops sagax","Fis-54081"
133.5,-32.5,0.86,"Sardinops sagax","Fis-54081"
134,-32.5,0.85,"Sardinops sagax","Fis-54081"
134.5,-32.5,0.74,"Sardinops sagax","Fis-54081"
152.5,-32.5,1,"Sardinops sagax","Fis-54081"
153,-32.5,1,"Sardinops sagax","Fis-54081"
153.5,-32.5,0.82,"Sardinops sagax","Fis-54081"
168,-32.5,0.99,"Sardinops sagax","Fis-54081"
168.5,-32.5,0.61,"Sardinops sagax","Fis-54081"
-71.5,-33,1,"Sardinops sagax","Fis-54081"
-71,-33,1,"Sardinops sagax","Fis-54081"
18,-33,0.91,"Sardinops sagax","Fis-54081"
18.5,-33,0.81,"Sardinops sagax","Fis-54081"
28,-33,0.23,"Sardinops sagax","Fis-54081"
28.5,-33,1,"Sardinops sagax","Fis-54081"
29,-33,1,"Sardinops sagax","Fis-54081"
115,-33,1,"Sardinops sagax","Fis-54081"
115.5,-33,1,"Sardinops sagax","Fis-54081"
116,-33,1,"Sardinops sagax","Fis-54081"
124.5,-33,1,"Sardinops sagax","Fis-54081"
125,-33,1,"Sardinops sagax","Fis-54081"
125.5,-33,1,"Sardinops sagax","Fis-54081"
126,-33,1,"Sardinops sagax","Fis-54081"
126.5,-33,1,"Sardinops sagax","Fis-54081"
127,-33,1,"Sardinops sagax","Fis-54081"
127.5,-33,1,"Sardinops sagax","Fis-54081"
128,-33,1,"Sardinops sagax","Fis-54081"
128.5,-33,1,"Sardinops sagax","Fis-54081"
129,-33,1,"Sardinops sagax","Fis-54081"
129.5,-33,1,"Sardinops sagax","Fis-54081"
130,-33,0.99,"Sardinops sagax","Fis-54081"
130.5,-33,1,"Sardinops sagax","Fis-54081"
131,-33,0.99,"Sardinops sagax","Fis-54081"
131.5,-33,0.98,"Sardinops sagax","Fis-54081"
132,-33,0.97,"Sardinops sagax","Fis-54081"
132.5,-33,0.75,"Sardinops sagax","Fis-54081"
133,-33,0.75,"Sardinops sagax","Fis-54081"
133.5,-33,0.9,"Sardinops sagax","Fis-54081"
134,-33,0.87,"Sardinops sagax","Fis-54081"
134.5,-33,0.84,"Sardinops sagax","Fis-54081"
152,-33,1,"Sardinops sagax","Fis-54081"
152.5,-33,1,"Sardinops sagax","Fis-54081"
153,-33,1,"Sardinops sagax","Fis-54081"
168,-33,0.82,"Sardinops sagax","Fis-54081"
-71.5,-33.5,0.99,"Sardinops sagax","Fis-54081"
18,-33.5,1,"Sardinops sagax","Fis-54081"
18.5,-33.5,0.9,"Sardinops sagax","Fis-54081"
27.5,-33.5,1,"Sardinops sagax","Fis-54081"
28,-33.5,1,"Sardinops sagax","Fis-54081"
28.5,-33.5,1,"Sardinops sagax","Fis-54081"
44,-33.5,1,"Sardinops sagax","Fis-54081"
115,-33.5,1,"Sardinops sagax","Fis-54081"
115.5,-33.5,1,"Sardinops sagax","Fis-54081"
116,-33.5,1,"Sardinops sagax","Fis-54081"
124,-33.5,0.09,"Sardinops sagax","Fis-54081"
124.5,-33.5,1,"Sardinops sagax","Fis-54081"
125,-33.5,1,"Sardinops sagax","Fis-54081"
125.5,-33.5,1,"Sardinops sagax","Fis-54081"
126,-33.5,1,"Sardinops sagax","Fis-54081"
126.5,-33.5,1,"Sardinops sagax","Fis-54081"
127,-33.5,1,"Sardinops sagax","Fis-54081"
127.5,-33.5,1,"Sardinops sagax","Fis-54081"
128,-33.5,1,"Sardinops sagax","Fis-54081"
128.5,-33.5,1,"Sardinops sagax","Fis-54081"
129,-33.5,1,"Sardinops sagax","Fis-54081"
129.5,-33.5,1,"Sardinops sagax","Fis-54081"
130,-33.5,1,"Sardinops sagax","Fis-54081"
130.5,-33.5,1,"Sardinops sagax","Fis-54081"
131,-33.5,1,"Sardinops sagax","Fis-54081"
131.5,-33.5,1,"Sardinops sagax","Fis-54081"
132,-33.5,0.99,"Sardinops sagax","Fis-54081"
132.5,-33.5,0.97,"Sardinops sagax","Fis-54081"
133,-33.5,0.95,"Sardinops sagax","Fis-54081"
133.5,-33.5,0.86,"Sardinops sagax","Fis-54081"
134,-33.5,0.91,"Sardinops sagax","Fis-54081"
134.5,-33.5,0.88,"Sardinops sagax","Fis-54081"
135,-33.5,0.88,"Sardinops sagax","Fis-54081"
151.5,-33.5,0.27,"Sardinops sagax","Fis-54081"
152,-33.5,1,"Sardinops sagax","Fis-54081"
152.5,-33.5,1,"Sardinops sagax","Fis-54081"
156.5,-33.5,1,"Sardinops sagax","Fis-54081"
-80.5,-34,1,"Sardinops sagax","Fis-54081"
-79,-34,0.97,"Sardinops sagax","Fis-54081"
-78.5,-34,1,"Sardinops sagax","Fis-54081"
-77.5,-34,1,"Sardinops sagax","Fis-54081"
-72,-34,1,"Sardinops sagax","Fis-54081"
-71.5,-34,0.99,"Sardinops sagax","Fis-54081"
18,-34,0.48,"Sardinops sagax","Fis-54081"
18.5,-34,0.95,"Sardinops sagax","Fis-54081"
19,-34,0.23,"Sardinops sagax","Fis-54081"
23,-34,0.09,"Sardinops sagax","Fis-54081"
23.5,-34,0.05,"Sardinops sagax","Fis-54081"
24,-34,1,"Sardinops sagax","Fis-54081"
25,-34,1,"Sardinops sagax","Fis-54081"
25.5,-34,1,"Sardinops sagax","Fis-54081"
26,-34,1,"Sardinops sagax","Fis-54081"
26.5,-34,1,"Sardinops sagax","Fis-54081"
27,-34,1,"Sardinops sagax","Fis-54081"
27.5,-34,1,"Sardinops sagax","Fis-54081"
28,-34,1,"Sardinops sagax","Fis-54081"
115,-34,1,"Sardinops sagax","Fis-54081"
115.5,-34,1,"Sardinops sagax","Fis-54081"
120,-34,1,"Sardinops sagax","Fis-54081"
120.5,-34,1,"Sardinops sagax","Fis-54081"
121,-34,1,"Sardinops sagax","Fis-54081"
121.5,-34,1,"Sardinops sagax","Fis-54081"
122,-34,1,"Sardinops sagax","Fis-54081"
122.5,-34,0.91,"Sardinops sagax","Fis-54081"
123,-34,1,"Sardinops sagax","Fis-54081"
123.5,-34,1,"Sardinops sagax","Fis-54081"
124,-34,1,"Sardinops sagax","Fis-54081"
124.5,-34,1,"Sardinops sagax","Fis-54081"
125,-34,1,"Sardinops sagax","Fis-54081"
125.5,-34,1,"Sardinops sagax","Fis-54081"
126,-34,1,"Sardinops sagax","Fis-54081"
132,-34,0.61,"Sardinops sagax","Fis-54081"
132.5,-34,1,"Sardinops sagax","Fis-54081"
133,-34,0.97,"Sardinops sagax","Fis-54081"
133.5,-34,0.96,"Sardinops sagax","Fis-54081"
134,-34,0.94,"Sardinops sagax","Fis-54081"
134.5,-34,0.91,"Sardinops sagax","Fis-54081"
135,-34,0.9,"Sardinops sagax","Fis-54081"
135.5,-34,0.78,"Sardinops sagax","Fis-54081"
136.5,-34,0.01,"Sardinops sagax","Fis-54081"
137,-34,0.05,"Sardinops sagax","Fis-54081"
137.5,-34,0.01,"Sardinops sagax","Fis-54081"
151.5,-34,1,"Sardinops sagax","Fis-54081"
152,-34,1,"Sardinops sagax","Fis-54081"
172,-34,1,"Sardinops sagax","Fis-54081"
172.5,-34,0.78,"Sardinops sagax","Fis-54081"
173,-34,0.95,"Sardinops sagax","Fis-54081"
-72,-34.5,0.98,"Sardinops sagax","Fis-54081"
-71.5,-34.5,0.98,"Sardinops sagax","Fis-54081"
-4.5,-34.5,1,"Sardinops sagax","Fis-54081"
18.5,-34.5,1,"Sardinops sagax","Fis-54081"
19,-34.5,1,"Sardinops sagax","Fis-54081"
19.5,-34.5,1,"Sardinops sagax","Fis-54081"
20.5,-34.5,1,"Sardinops sagax","Fis-54081"
21,-34.5,1,"Sardinops sagax","Fis-54081"
21.5,-34.5,1,"Sardinops sagax","Fis-54081"
22,-34.5,1,"Sardinops sagax","Fis-54081"
22.5,-34.5,1,"Sardinops sagax","Fis-54081"
23,-34.5,1,"Sardinops sagax","Fis-54081"
23.5,-34.5,1,"Sardinops sagax","Fis-54081"
24,-34.5,1,"Sardinops sagax","Fis-54081"
24.5,-34.5,1,"Sardinops sagax","Fis-54081"
25,-34.5,1,"Sardinops sagax","Fis-54081"
25.5,-34.5,1,"Sardinops sagax","Fis-54081"
26,-34.5,1,"Sardinops sagax","Fis-54081"
26.5,-34.5,1,"Sardinops sagax","Fis-54081"
27,-34.5,0.96,"Sardinops sagax","Fis-54081"
115,-34.5,1,"Sardinops sagax","Fis-54081"
115.5,-34.5,1,"Sardinops sagax","Fis-54081"
116,-34.5,1,"Sardinops sagax","Fis-54081"
119,-34.5,1,"Sardinops sagax","Fis-54081"
119.5,-34.5,1,"Sardinops sagax","Fis-54081"
120,-34.5,1,"Sardinops sagax","Fis-54081"
120.5,-34.5,1,"Sardinops sagax","Fis-54081"
121,-34.5,1,"Sardinops sagax","Fis-54081"
121.5,-34.5,1,"Sardinops sagax","Fis-54081"
122,-34.5,1,"Sardinops sagax","Fis-54081"
122.5,-34.5,1,"Sardinops sagax","Fis-54081"
123,-34.5,1,"Sardinops sagax","Fis-54081"
123.5,-34.5,1,"Sardinops sagax","Fis-54081"
124,-34.5,1,"Sardinops sagax","Fis-54081"
124.5,-34.5,1,"Sardinops sagax","Fis-54081"
125,-34.5,1,"Sardinops sagax","Fis-54081"
125.5,-34.5,0.9,"Sardinops sagax","Fis-54081"
133,-34.5,1,"Sardinops sagax","Fis-54081"
133.5,-34.5,0.98,"Sardinops sagax","Fis-54081"
134,-34.5,0.96,"Sardinops sagax","Fis-54081"
134.5,-34.5,0.95,"Sardinops sagax","Fis-54081"
135,-34.5,0.92,"Sardinops sagax","Fis-54081"
135.5,-34.5,0.89,"Sardinops sagax","Fis-54081"
136,-34.5,0.06,"Sardinops sagax","Fis-54081"
136.5,-34.5,0.28,"Sardinops sagax","Fis-54081"
137,-34.5,0.04,"Sardinops sagax","Fis-54081"
137.5,-34.5,0.07,"Sardinops sagax","Fis-54081"
138,-34.5,0.4,"Sardinops sagax","Fis-54081"
138.5,-34.5,0.38,"Sardinops sagax","Fis-54081"
151,-34.5,1,"Sardinops sagax","Fis-54081"
151.5,-34.5,1,"Sardinops sagax","Fis-54081"
152,-34.5,0.5,"Sardinops sagax","Fis-54081"
172,-34.5,0.72,"Sardinops sagax","Fis-54081"
172.5,-34.5,1,"Sardinops sagax","Fis-54081"
173,-34.5,1,"Sardinops sagax","Fis-54081"
173.5,-34.5,1,"Sardinops sagax","Fis-54081"
-72,-35,0.92,"Sardinops sagax","Fis-54081"
18.5,-35,0.15,"Sardinops sagax","Fis-54081"
19,-35,0.82,"Sardinops sagax","Fis-54081"
19.5,-35,1,"Sardinops sagax","Fis-54081"
20,-35,1,"Sardinops sagax","Fis-54081"
20.5,-35,1,"Sardinops sagax","Fis-54081"
21,-35,1,"Sardinops sagax","Fis-54081"
21.5,-35,1,"Sardinops sagax","Fis-54081"
22,-35,1,"Sardinops sagax","Fis-54081"
22.5,-35,1,"Sardinops sagax","Fis-54081"
23,-35,1,"Sardinops sagax","Fis-54081"
23.5,-35,1,"Sardinops sagax","Fis-54081"
24,-35,1,"Sardinops sagax","Fis-54081"
24.5,-35,0.88,"Sardinops sagax","Fis-54081"
25,-35,1,"Sardinops sagax","Fis-54081"
25.5,-35,0.67,"Sardinops sagax","Fis-54081"
115,-35,0.66,"Sardinops sagax","Fis-54081"
115.5,-35,1,"Sardinops sagax","Fis-54081"
116,-35,1,"Sardinops sagax","Fis-54081"
116.5,-35,1,"Sardinops sagax","Fis-54081"
117,-35,0.23,"Sardinops sagax","Fis-54081"
117.5,-35,0.14,"Sardinops sagax","Fis-54081"
118,-35,0.09,"Sardinops sagax","Fis-54081"
118.5,-35,1,"Sardinops sagax","Fis-54081"
119,-35,1,"Sardinops sagax","Fis-54081"
119.5,-35,1,"Sardinops sagax","Fis-54081"
120,-35,1,"Sardinops sagax","Fis-54081"
120.5,-35,1,"Sardinops sagax","Fis-54081"
122,-35,0.54,"Sardinops sagax","Fis-54081"
122.5,-35,1,"Sardinops sagax","Fis-54081"
123,-35,1,"Sardinops sagax","Fis-54081"
123.5,-35,1,"Sardinops sagax","Fis-54081"
124,-35,1,"Sardinops sagax","Fis-54081"
133.5,-35,1,"Sardinops sagax","Fis-54081"
134,-35,0.98,"Sardinops sagax","Fis-54081"
134.5,-35,0.97,"Sardinops sagax","Fis-54081"
135,-35,0.96,"Sardinops sagax","Fis-54081"
135.5,-35,0.93,"Sardinops sagax","Fis-54081"
136,-35,0.87,"Sardinops sagax","Fis-54081"
136.5,-35,0.78,"Sardinops sagax","Fis-54081"
137,-35,0.3,"Sardinops sagax","Fis-54081"
137.5,-35,0.27,"Sardinops sagax","Fis-54081"
138,-35,0.71,"Sardinops sagax","Fis-54081"
138.5,-35,0.85,"Sardinops sagax","Fis-54081"
139,-35,0.57,"Sardinops sagax","Fis-54081"
151,-35,1,"Sardinops sagax","Fis-54081"
151.5,-35,1,"Sardinops sagax","Fis-54081"
172.5,-35,1,"Sardinops sagax","Fis-54081"
173,-35,1,"Sardinops sagax","Fis-54081"
173.5,-35,1,"Sardinops sagax","Fis-54081"
174,-35,1,"Sardinops sagax","Fis-54081"
174.5,-35,1,"Sardinops sagax","Fis-54081"
-72.5,-35.5,0.89,"Sardinops sagax","Fis-54081"
-72,-35.5,0.88,"Sardinops sagax","Fis-54081"
19,-35.5,0.33,"Sardinops sagax","Fis-54081"
19.5,-35.5,0.84,"Sardinops sagax","Fis-54081"
20,-35.5,1,"Sardinops sagax","Fis-54081"
20.5,-35.5,1,"Sardinops sagax","Fis-54081"
21,-35.5,1,"Sardinops sagax","Fis-54081"
21.5,-35.5,1,"Sardinops sagax","Fis-54081"
22,-35.5,1,"Sardinops sagax","Fis-54081"
22.5,-35.5,1,"Sardinops sagax","Fis-54081"
23,-35.5,1,"Sardinops sagax","Fis-54081"
115.5,-35.5,0.1,"Sardinops sagax","Fis-54081"
116,-35.5,1,"Sardinops sagax","Fis-54081"
116.5,-35.5,1,"Sardinops sagax","Fis-54081"
117,-35.5,1,"Sardinops sagax","Fis-54081"
117.5,-35.5,1,"Sardinops sagax","Fis-54081"
118,-35.5,1,"Sardinops sagax","Fis-54081"
118.5,-35.5,1,"Sardinops sagax","Fis-54081"
119,-35.5,1,"Sardinops sagax","Fis-54081"
134.5,-35.5,0.8,"Sardinops sagax","Fis-54081"
135,-35.5,1,"Sardinops sagax","Fis-54081"
135.5,-35.5,0.98,"Sardinops sagax","Fis-54081"
136,-35.5,0.96,"Sardinops sagax","Fis-54081"
136.5,-35.5,0.94,"Sardinops sagax","Fis-54081"
137,-35.5,0.88,"Sardinops sagax","Fis-54081"
137.5,-35.5,0.9,"Sardinops sagax","Fis-54081"
138,-35.5,0.92,"Sardinops sagax","Fis-54081"
138.5,-35.5,0.91,"Sardinops sagax","Fis-54081"
139,-35.5,0.88,"Sardinops sagax","Fis-54081"
150.5,-35.5,1,"Sardinops sagax","Fis-54081"
151,-35.5,1,"Sardinops sagax","Fis-54081"
151.5,-35.5,0.56,"Sardinops sagax","Fis-54081"
173,-35.5,1,"Sardinops sagax","Fis-54081"
173.5,-35.5,1,"Sardinops sagax","Fis-54081"
174,-35.5,0.09,"Sardinops sagax","Fis-54081"
174.5,-35.5,1,"Sardinops sagax","Fis-54081"
175,-35.5,1,"Sardinops sagax","Fis-54081"
-73,-36,0.26,"Sardinops sagax","Fis-54081"
-72.5,-36,0.76,"Sardinops sagax","Fis-54081"
19.5,-36,0.01,"Sardinops sagax","Fis-54081"
20,-36,0.75,"Sardinops sagax","Fis-54081"
20.5,-36,1,"Sardinops sagax","Fis-54081"
21,-36,1,"Sardinops sagax","Fis-54081"
21.5,-36,1,"Sardinops sagax","Fis-54081"
22,-36,1,"Sardinops sagax","Fis-54081"
22.5,-36,1,"Sardinops sagax","Fis-54081"
53.5,-36,1,"Sardinops sagax","Fis-54081"
135.5,-36,0.98,"Sardinops sagax","Fis-54081"
136,-36,1,"Sardinops sagax","Fis-54081"
136.5,-36,0.97,"Sardinops sagax","Fis-54081"
137,-36,0.93,"Sardinops sagax","Fis-54081"
137.5,-36,0.93,"Sardinops sagax","Fis-54081"
138,-36,0.95,"Sardinops sagax","Fis-54081"
138.5,-36,0.95,"Sardinops sagax","Fis-54081"
139,-36,0.97,"Sardinops sagax","Fis-54081"
139.5,-36,0.99,"Sardinops sagax","Fis-54081"
140,-36,0.04,"Sardinops sagax","Fis-54081"
150.5,-36,1,"Sardinops sagax","Fis-54081"
151,-36,1,"Sardinops sagax","Fis-54081"
173.5,-36,1,"Sardinops sagax","Fis-54081"
174,-36,1,"Sardinops sagax","Fis-54081"
174.5,-36,0.73,"Sardinops sagax","Fis-54081"
175,-36,1,"Sardinops sagax","Fis-54081"
175.5,-36,1,"Sardinops sagax","Fis-54081"
176,-36,1,"Sardinops sagax","Fis-54081"
-125,-36.5,0.67,"Sardinops sagax","Fis-54081"
-73,-36.5,0.87,"Sardinops sagax","Fis-54081"
-72.5,-36.5,0.74,"Sardinops sagax","Fis-54081"
20,-36.5,0.12,"Sardinops sagax","Fis-54081"
20.5,-36.5,1,"Sardinops sagax","Fis-54081"
21,-36.5,1,"Sardinops sagax","Fis-54081"
21.5,-36.5,1,"Sardinops sagax","Fis-54081"
22,-36.5,1,"Sardinops sagax","Fis-54081"
136,-36.5,0.51,"Sardinops sagax","Fis-54081"
136.5,-36.5,1,"Sardinops sagax","Fis-54081"
137,-36.5,0.97,"Sardinops sagax","Fis-54081"
137.5,-36.5,0.96,"Sardinops sagax","Fis-54081"
138,-36.5,0.97,"Sardinops sagax","Fis-54081"
138.5,-36.5,0.98,"Sardinops sagax","Fis-54081"
139,-36.5,0.98,"Sardinops sagax","Fis-54081"
139.5,-36.5,0.99,"Sardinops sagax","Fis-54081"
140,-36.5,1,"Sardinops sagax","Fis-54081"
150.5,-36.5,1,"Sardinops sagax","Fis-54081"
174,-36.5,1,"Sardinops sagax","Fis-54081"
174.5,-36.5,1,"Sardinops sagax","Fis-54081"
175,-36.5,1,"Sardinops sagax","Fis-54081"
175.5,-36.5,1,"Sardinops sagax","Fis-54081"
176,-36.5,1,"Sardinops sagax","Fis-54081"
176.5,-36.5,0.61,"Sardinops sagax","Fis-54081"
-73.5,-37,0.99,"Sardinops sagax","Fis-54081"
-73,-37,0.57,"Sardinops sagax","Fis-54081"
-72.5,-37,0.78,"Sardinops sagax","Fis-54081"
21,-37,0.84,"Sardinops sagax","Fis-54081"
21.5,-37,0.25,"Sardinops sagax","Fis-54081"
22,-37,0.33,"Sardinops sagax","Fis-54081"
137,-37,1,"Sardinops sagax","Fis-54081"
137.5,-37,1,"Sardinops sagax","Fis-54081"
138,-37,1,"Sardinops sagax","Fis-54081"
138.5,-37,1,"Sardinops sagax","Fis-54081"
139,-37,1,"Sardinops sagax","Fis-54081"
139.5,-37,0.99,"Sardinops sagax","Fis-54081"
140,-37,1,"Sardinops sagax","Fis-54081"
150,-37,1,"Sardinops sagax","Fis-54081"
150.5,-37,1,"Sardinops sagax","Fis-54081"
174,-37,1,"Sardinops sagax","Fis-54081"
174.5,-37,1,"Sardinops sagax","Fis-54081"
175,-37,0.97,"Sardinops sagax","Fis-54081"
175.5,-37,0.9,"Sardinops sagax","Fis-54081"
176,-37,1,"Sardinops sagax","Fis-54081"
176.5,-37,1,"Sardinops sagax","Fis-54081"
-73.5,-37.5,0.98,"Sardinops sagax","Fis-54081"
-73,-37.5,0.74,"Sardinops sagax","Fis-54081"
-12.5,-37.5,1,"Sardinops sagax","Fis-54081"
-12,-37.5,1,"Sardinops sagax","Fis-54081"
138,-37.5,1,"Sardinops sagax","Fis-54081"
138.5,-37.5,1,"Sardinops sagax","Fis-54081"
139,-37.5,1,"Sardinops sagax","Fis-54081"
139.5,-37.5,1,"Sardinops sagax","Fis-54081"
140,-37.5,1,"Sardinops sagax","Fis-54081"
140.5,-37.5,1,"Sardinops sagax","Fis-54081"
150,-37.5,1,"Sardinops sagax","Fis-54081"
150.5,-37.5,1,"Sardinops sagax","Fis-54081"
174,-37.5,1,"Sardinops sagax","Fis-54081"
174.5,-37.5,1,"Sardinops sagax","Fis-54081"
175,-37.5,1,"Sardinops sagax","Fis-54081"
175.5,-37.5,1,"Sardinops sagax","Fis-54081"
176,-37.5,1,"Sardinops sagax","Fis-54081"
176.5,-37.5,1,"Sardinops sagax","Fis-54081"
177,-37.5,0.87,"Sardinops sagax","Fis-54081"
177.5,-37.5,1,"Sardinops sagax","Fis-54081"
178,-37.5,0.53,"Sardinops sagax","Fis-54081"
178.5,-37.5,1,"Sardinops sagax","Fis-54081"
179,-37.5,0.82,"Sardinops sagax","Fis-54081"
-73.5,-38,1,"Sardinops sagax","Fis-54081"
-73,-38,0.83,"Sardinops sagax","Fis-54081"
78,-38,1,"Sardinops sagax","Fis-54081"
140,-38,1,"Sardinops sagax","Fis-54081"
140.5,-38,1,"Sardinops sagax","Fis-54081"
141,-38,1,"Sardinops sagax","Fis-54081"
145,-38,1,"Sardinops sagax","Fis-54081"
145.5,-38,1,"Sardinops sagax","Fis-54081"
148,-38,1,"Sardinops sagax","Fis-54081"
148.5,-38,1,"Sardinops sagax","Fis-54081"
149,-38,1,"Sardinops sagax","Fis-54081"
149.5,-38,1,"Sardinops sagax","Fis-54081"
150,-38,1,"Sardinops sagax","Fis-54081"
150.5,-38,1,"Sardinops sagax","Fis-54081"
174.5,-38,1,"Sardinops sagax","Fis-54081"
175,-38,1,"Sardinops sagax","Fis-54081"
176,-38,0.05,"Sardinops sagax","Fis-54081"
176.5,-38,1,"Sardinops sagax","Fis-54081"
177,-38,1,"Sardinops sagax","Fis-54081"
177.5,-38,1,"Sardinops sagax","Fis-54081"
178,-38,1,"Sardinops sagax","Fis-54081"
178.5,-38,1,"Sardinops sagax","Fis-54081"
179,-38,1,"Sardinops sagax","Fis-54081"
179.5,-38,0.13,"Sardinops sagax","Fis-54081"
-74,-38.5,1,"Sardinops sagax","Fis-54081"
-73.5,-38.5,1,"Sardinops sagax","Fis-54081"
-73,-38.5,0.9,"Sardinops sagax","Fis-54081"
140.5,-38.5,1,"Sardinops sagax","Fis-54081"
141,-38.5,1,"Sardinops sagax","Fis-54081"
141.5,-38.5,1,"Sardinops sagax","Fis-54081"
142,-38.5,1,"Sardinops sagax","Fis-54081"
142.5,-38.5,1,"Sardinops sagax","Fis-54081"
143,-38.5,1,"Sardinops sagax","Fis-54081"
144.5,-38.5,1,"Sardinops sagax","Fis-54081"
145,-38.5,1,"Sardinops sagax","Fis-54081"
145.5,-38.5,1,"Sardinops sagax","Fis-54081"
146,-38.5,1,"Sardinops sagax","Fis-54081"
147.5,-38.5,1,"Sardinops sagax","Fis-54081"
148,-38.5,1,"Sardinops sagax","Fis-54081"
148.5,-38.5,1,"Sardinops sagax","Fis-54081"
149,-38.5,1,"Sardinops sagax","Fis-54081"
149.5,-38.5,1,"Sardinops sagax","Fis-54081"
150,-38.5,0.67,"Sardinops sagax","Fis-54081"
173,-38.5,0.61,"Sardinops sagax","Fis-54081"
173.5,-38.5,1,"Sardinops sagax","Fis-54081"
174,-38.5,1,"Sardinops sagax","Fis-54081"
174.5,-38.5,1,"Sardinops sagax","Fis-54081"
175,-38.5,1,"Sardinops sagax","Fis-54081"
178.5,-38.5,1,"Sardinops sagax","Fis-54081"
179,-38.5,1,"Sardinops sagax","Fis-54081"
-73.5,-39,0.89,"Sardinops sagax","Fis-54081"
-73,-39,0.96,"Sardinops sagax","Fis-54081"
78,-39,1,"Sardinops sagax","Fis-54081"
141.5,-39,1,"Sardinops sagax","Fis-54081"
142,-39,1,"Sardinops sagax","Fis-54081"
142.5,-39,1,"Sardinops sagax","Fis-54081"
143,-39,1,"Sardinops sagax","Fis-54081"
143.5,-39,1,"Sardinops sagax","Fis-54081"
144,-39,1,"Sardinops sagax","Fis-54081"
144.5,-39,1,"Sardinops sagax","Fis-54081"
145,-39,1,"Sardinops sagax","Fis-54081"
145.5,-39,1,"Sardinops sagax","Fis-54081"
146,-39,1,"Sardinops sagax","Fis-54081"
146.5,-39,1,"Sardinops sagax","Fis-54081"
147,-39,1,"Sardinops sagax","Fis-54081"
147.5,-39,1,"Sardinops sagax","Fis-54081"
148,-39,1,"Sardinops sagax","Fis-54081"
148.5,-39,1,"Sardinops sagax","Fis-54081"
149,-39,0.9,"Sardinops sagax","Fis-54081"
173,-39,1,"Sardinops sagax","Fis-54081"
173.5,-39,1,"Sardinops sagax","Fis-54081"
174,-39,1,"Sardinops sagax","Fis-54081"
174.5,-39,1,"Sardinops sagax","Fis-54081"
175,-39,1,"Sardinops sagax","Fis-54081"
178,-39,1,"Sardinops sagax","Fis-54081"
178.5,-39,1,"Sardinops sagax","Fis-54081"
179,-39,0.9,"Sardinops sagax","Fis-54081"
-73.5,-39.5,1,"Sardinops sagax","Fis-54081"
-73,-39.5,0.94,"Sardinops sagax","Fis-54081"
-8,-39.5,1,"Sardinops sagax","Fis-54081"
-7.5,-39.5,1,"Sardinops sagax","Fis-54081"
-6.5,-39.5,1,"Sardinops sagax","Fis-54081"
-6,-39.5,1,"Sardinops sagax","Fis-54081"
143,-39.5,1,"Sardinops sagax","Fis-54081"
143.5,-39.5,1,"Sardinops sagax","Fis-54081"
144,-39.5,1,"Sardinops sagax","Fis-54081"
144.5,-39.5,1,"Sardinops sagax","Fis-54081"
145,-39.5,1,"Sardinops sagax","Fis-54081"
145.5,-39.5,1,"Sardinops sagax","Fis-54081"
146,-39.5,1,"Sardinops sagax","Fis-54081"
146.5,-39.5,1,"Sardinops sagax","Fis-54081"
147,-39.5,1,"Sardinops sagax","Fis-54081"
147.5,-39.5,1,"Sardinops sagax","Fis-54081"
148,-39.5,1,"Sardinops sagax","Fis-54081"
148.5,-39.5,1,"Sardinops sagax","Fis-54081"
149,-39.5,1,"Sardinops sagax","Fis-54081"
172.5,-39.5,0.07,"Sardinops sagax","Fis-54081"
173,-39.5,0.96,"Sardinops sagax","Fis-54081"
173.5,-39.5,1,"Sardinops sagax","Fis-54081"
174,-39.5,1,"Sardinops sagax","Fis-54081"
174.5,-39.5,1,"Sardinops sagax","Fis-54081"
177,-39.5,1,"Sardinops sagax","Fis-54081"
177.5,-39.5,1,"Sardinops sagax","Fis-54081"
178,-39.5,1,"Sardinops sagax","Fis-54081"
178.5,-39.5,1,"Sardinops sagax","Fis-54081"
-73.5,-40,0.99,"Sardinops sagax","Fis-54081"
-73,-40,0.86,"Sardinops sagax","Fis-54081"
-6.5,-40,1,"Sardinops sagax","Fis-54081"
-6,-40,1,"Sardinops sagax","Fis-54081"
143.5,-40,1,"Sardinops sagax","Fis-54081"
144,-40,1,"Sardinops sagax","Fis-54081"
144.5,-40,1,"Sardinops sagax","Fis-54081"
145,-40,1,"Sardinops sagax","Fis-54081"
145.5,-40,1,"Sardinops sagax","Fis-54081"
146,-40,1,"Sardinops sagax","Fis-54081"
146.5,-40,1,"Sardinops sagax","Fis-54081"
147,-40,1,"Sardinops sagax","Fis-54081"
147.5,-40,1,"Sardinops sagax","Fis-54081"
148,-40,1,"Sardinops sagax","Fis-54081"
148.5,-40,1,"Sardinops sagax","Fis-54081"
149,-40,1,"Sardinops sagax","Fis-54081"
172.5,-40,0.16,"Sardinops sagax","Fis-54081"
173,-40,0.97,"Sardinops sagax","Fis-54081"
173.5,-40,1,"Sardinops sagax","Fis-54081"
174,-40,1,"Sardinops sagax","Fis-54081"
174.5,-40,1,"Sardinops sagax","Fis-54081"
175,-40,1,"Sardinops sagax","Fis-54081"
175.5,-40,1,"Sardinops sagax","Fis-54081"
177,-40,1,"Sardinops sagax","Fis-54081"
177.5,-40,1,"Sardinops sagax","Fis-54081"
178,-40,0.8,"Sardinops sagax","Fis-54081"
-74,-40.5,0.37,"Sardinops sagax","Fis-54081"
-73.5,-40.5,0.85,"Sardinops sagax","Fis-54081"
-9.5,-40.5,1,"Sardinops sagax","Fis-54081"
143.5,-40.5,1,"Sardinops sagax","Fis-54081"
144,-40.5,1,"Sardinops sagax","Fis-54081"
144.5,-40.5,1,"Sardinops sagax","Fis-54081"
145,-40.5,1,"Sardinops sagax","Fis-54081"
145.5,-40.5,1,"Sardinops sagax","Fis-54081"
146,-40.5,1,"Sardinops sagax","Fis-54081"
146.5,-40.5,1,"Sardinops sagax","Fis-54081"
147,-40.5,1,"Sardinops sagax","Fis-54081"
147.5,-40.5,1,"Sardinops sagax","Fis-54081"
148,-40.5,1,"Sardinops sagax","Fis-54081"
148.5,-40.5,1,"Sardinops sagax","Fis-54081"
149,-40.5,1,"Sardinops sagax","Fis-54081"
172,-40.5,0.24,"Sardinops sagax","Fis-54081"
172.5,-40.5,1,"Sardinops sagax","Fis-54081"
173,-40.5,1,"Sardinops sagax","Fis-54081"
173.5,-40.5,1,"Sardinops sagax","Fis-54081"
174,-40.5,1,"Sardinops sagax","Fis-54081"
174.5,-40.5,1,"Sardinops sagax","Fis-54081"
175,-40.5,1,"Sardinops sagax","Fis-54081"
175.5,-40.5,1,"Sardinops sagax","Fis-54081"
177,-40.5,1,"Sardinops sagax","Fis-54081"
177.5,-40.5,1,"Sardinops sagax","Fis-54081"
-74,-41,0.71,"Sardinops sagax","Fis-54081"
-73.5,-41,0.98,"Sardinops sagax","Fis-54081"
144,-41,1,"Sardinops sagax","Fis-54081"
144.5,-41,1,"Sardinops sagax","Fis-54081"
145,-41,1,"Sardinops sagax","Fis-54081"
145.5,-41,1,"Sardinops sagax","Fis-54081"
146,-41,1,"Sardinops sagax","Fis-54081"
146.5,-41,1,"Sardinops sagax","Fis-54081"
147,-41,1,"Sardinops sagax","Fis-54081"
147.5,-41,1,"Sardinops sagax","Fis-54081"
148,-41,1,"Sardinops sagax","Fis-54081"
148.5,-41,1,"Sardinops sagax","Fis-54081"
149,-41,1,"Sardinops sagax","Fis-54081"
171.5,-41,0.1,"Sardinops sagax","Fis-54081"
172,-41,0.9,"Sardinops sagax","Fis-54081"
172.5,-41,1,"Sardinops sagax","Fis-54081"
173,-41,1,"Sardinops sagax","Fis-54081"
173.5,-41,1,"Sardinops sagax","Fis-54081"
174,-41,1,"Sardinops sagax","Fis-54081"
174.5,-41,1,"Sardinops sagax","Fis-54081"
175,-41,1,"Sardinops sagax","Fis-54081"
175.5,-41,1,"Sardinops sagax","Fis-54081"
176.5,-41,1,"Sardinops sagax","Fis-54081"
177,-41,1,"Sardinops sagax","Fis-54081"
-74,-41.5,0.39,"Sardinops sagax","Fis-54081"
-73.5,-41.5,0.89,"Sardinops sagax","Fis-54081"
-73,-41.5,0.05,"Sardinops sagax","Fis-54081"
-72.5,-41.5,0.33,"Sardinops sagax","Fis-54081"
-72,-41.5,0.02,"Sardinops sagax","Fis-54081"
144.5,-41.5,1,"Sardinops sagax","Fis-54081"
145,-41.5,1,"Sardinops sagax","Fis-54081"
146,-41.5,1,"Sardinops sagax","Fis-54081"
146.5,-41.5,1,"Sardinops sagax","Fis-54081"
147,-41.5,1,"Sardinops sagax","Fis-54081"
148.5,-41.5,1,"Sardinops sagax","Fis-54081"
149,-41.5,1,"Sardinops sagax","Fis-54081"
171.5,-41.5,0.66,"Sardinops sagax","Fis-54081"
172,-41.5,1,"Sardinops sagax","Fis-54081"
172.5,-41.5,1,"Sardinops sagax","Fis-54081"
173.5,-41.5,1,"Sardinops sagax","Fis-54081"
174,-41.5,1,"Sardinops sagax","Fis-54081"
174.5,-41.5,1,"Sardinops sagax","Fis-54081"
175,-41.5,1,"Sardinops sagax","Fis-54081"
175.5,-41.5,1,"Sardinops sagax","Fis-54081"
176,-41.5,1,"Sardinops sagax","Fis-54081"
176.5,-41.5,1,"Sardinops sagax","Fis-54081"
-74.5,-42,0.7,"Sardinops sagax","Fis-54081"
-74,-42,1,"Sardinops sagax","Fis-54081"
-73.5,-42,0.99,"Sardinops sagax","Fis-54081"
-73,-42,0.31,"Sardinops sagax","Fis-54081"
-72.5,-42,0.08,"Sardinops sagax","Fis-54081"
-72,-42,0.02,"Sardinops sagax","Fis-54081"
0,-42,0.93,"Sardinops sagax","Fis-54081"
0.5,-42,0.92,"Sardinops sagax","Fis-54081"
145,-42,1,"Sardinops sagax","Fis-54081"
145.5,-42,1,"Sardinops sagax","Fis-54081"
148.5,-42,1,"Sardinops sagax","Fis-54081"
149,-42,1,"Sardinops sagax","Fis-54081"
171,-42,0.29,"Sardinops sagax","Fis-54081"
171.5,-42,1,"Sardinops sagax","Fis-54081"
172,-42,1,"Sardinops sagax","Fis-54081"
174.5,-42,1,"Sardinops sagax","Fis-54081"
175,-42,1,"Sardinops sagax","Fis-54081"
175.5,-42,1,"Sardinops sagax","Fis-54081"
176,-42,1,"Sardinops sagax","Fis-54081"
-74.5,-42.5,1,"Sardinops sagax","Fis-54081"
-74,-42.5,1,"Sardinops sagax","Fis-54081"
-73.5,-42.5,0.9,"Sardinops sagax","Fis-54081"
-73,-42.5,0.61,"Sardinops sagax","Fis-54081"
-72.5,-42.5,0.49,"Sardinops sagax","Fis-54081"
-72,-42.5,0.4,"Sardinops sagax","Fis-54081"
0,-42.5,0.89,"Sardinops sagax","Fis-54081"
0.5,-42.5,0.88,"Sardinops sagax","Fis-54081"
145,-42.5,1,"Sardinops sagax","Fis-54081"
145.5,-42.5,1,"Sardinops sagax","Fis-54081"
146,-42.5,1,"Sardinops sagax","Fis-54081"
148.5,-42.5,1,"Sardinops sagax","Fis-54081"
149,-42.5,1,"Sardinops sagax","Fis-54081"
171,-42.5,0.91,"Sardinops sagax","Fis-54081"
171.5,-42.5,1,"Sardinops sagax","Fis-54081"
174,-42.5,1,"Sardinops sagax","Fis-54081"
174.5,-42.5,1,"Sardinops sagax","Fis-54081"
-74.5,-43,1,"Sardinops sagax","Fis-54081"
-74,-43,0.99,"Sardinops sagax","Fis-54081"
-73.5,-43,0.75,"Sardinops sagax","Fis-54081"
-73,-43,0.71,"Sardinops sagax","Fis-54081"
-72.5,-43,0.63,"Sardinops sagax","Fis-54081"
-2,-43,0.5,"Sardinops sagax","Fis-54081"
1.5,-43,0.68,"Sardinops sagax","Fis-54081"
145.5,-43,1,"Sardinops sagax","Fis-54081"
146,-43,1,"Sardinops sagax","Fis-54081"
147.5,-43,0.27,"Sardinops sagax","Fis-54081"
148,-43,1,"Sardinops sagax","Fis-54081"
148.5,-43,1,"Sardinops sagax","Fis-54081"
170,-43,0.03,"Sardinops sagax","Fis-54081"
170.5,-43,1,"Sardinops sagax","Fis-54081"
171,-43,1,"Sardinops sagax","Fis-54081"
171.5,-43,1,"Sardinops sagax","Fis-54081"
173.5,-43,1,"Sardinops sagax","Fis-54081"
174,-43,1,"Sardinops sagax","Fis-54081"
-98,-43.5,0.94,"Sardinops sagax","Fis-54081"
-97.5,-43.5,0.94,"Sardinops sagax","Fis-54081"
-75,-43.5,0.64,"Sardinops sagax","Fis-54081"
-74.5,-43.5,0.98,"Sardinops sagax","Fis-54081"
-74,-43.5,0.93,"Sardinops sagax","Fis-54081"
-73.5,-43.5,0.82,"Sardinops sagax","Fis-54081"
-73,-43.5,0.78,"Sardinops sagax","Fis-54081"
-72.5,-43.5,0.73,"Sardinops sagax","Fis-54081"
1.5,-43.5,0.81,"Sardinops sagax","Fis-54081"
145.5,-43.5,1,"Sardinops sagax","Fis-54081"
146,-43.5,1,"Sardinops sagax","Fis-54081"
146.5,-43.5,1,"Sardinops sagax","Fis-54081"
147,-43.5,0.09,"Sardinops sagax","Fis-54081"
147.5,-43.5,1,"Sardinops sagax","Fis-54081"
148,-43.5,1,"Sardinops sagax","Fis-54081"
148.5,-43.5,1,"Sardinops sagax","Fis-54081"
169.5,-43.5,1,"Sardinops sagax","Fis-54081"
170,-43.5,1,"Sardinops sagax","Fis-54081"
170.5,-43.5,1,"Sardinops sagax","Fis-54081"
171,-43.5,0.05,"Sardinops sagax","Fis-54081"
173,-43.5,0.84,"Sardinops sagax","Fis-54081"
173.5,-43.5,1,"Sardinops sagax","Fis-54081"
174,-43.5,1,"Sardinops sagax","Fis-54081"
175.5,-43.5,1,"Sardinops sagax","Fis-54081"
176,-43.5,1,"Sardinops sagax","Fis-54081"
177,-43.5,0.59,"Sardinops sagax","Fis-54081"
177.5,-43.5,1,"Sardinops sagax","Fis-54081"
178,-43.5,0.09,"Sardinops sagax","Fis-54081"
-75,-44,0.99,"Sardinops sagax","Fis-54081"
-74.5,-44,0.94,"Sardinops sagax","Fis-54081"
-74,-44,0.9,"Sardinops sagax","Fis-54081"
-73.5,-44,0.88,"Sardinops sagax","Fis-54081"
-73,-44,0.88,"Sardinops sagax","Fis-54081"
-72.5,-44,0.82,"Sardinops sagax","Fis-54081"
-1.5,-44,0.72,"Sardinops sagax","Fis-54081"
-1,-44,0.73,"Sardinops sagax","Fis-54081"
146,-44,0.8,"Sardinops sagax","Fis-54081"
146.5,-44,1,"Sardinops sagax","Fis-54081"
147,-44,1,"Sardinops sagax","Fis-54081"
147.5,-44,1,"Sardinops sagax","Fis-54081"
148,-44,1,"Sardinops sagax","Fis-54081"
168.5,-44,1,"Sardinops sagax","Fis-54081"
169,-44,1,"Sardinops sagax","Fis-54081"
169.5,-44,1,"Sardinops sagax","Fis-54081"
170,-44,1,"Sardinops sagax","Fis-54081"
172,-44,1,"Sardinops sagax","Fis-54081"
172.5,-44,1,"Sardinops sagax","Fis-54081"
173,-44,1,"Sardinops sagax","Fis-54081"
173.5,-44,1,"Sardinops sagax","Fis-54081"
174,-44,1,"Sardinops sagax","Fis-54081"
174.5,-44,0.64,"Sardinops sagax","Fis-54081"
175.5,-44,0.6,"Sardinops sagax","Fis-54081"
176,-44,0.2,"Sardinops sagax","Fis-54081"
-75,-44.5,0.84,"Sardinops sagax","Fis-54081"
-74.5,-44.5,0.9,"Sardinops sagax","Fis-54081"
-74,-44.5,0.85,"Sardinops sagax","Fis-54081"
-73.5,-44.5,0.85,"Sardinops sagax","Fis-54081"
-73,-44.5,0.87,"Sardinops sagax","Fis-54081"
-72.5,-44.5,0.87,"Sardinops sagax","Fis-54081"
147,-44.5,0.28,"Sardinops sagax","Fis-54081"
147.5,-44.5,1,"Sardinops sagax","Fis-54081"
168,-44.5,1,"Sardinops sagax","Fis-54081"
168.5,-44.5,1,"Sardinops sagax","Fis-54081"
171.5,-44.5,1,"Sardinops sagax","Fis-54081"
172,-44.5,0.96,"Sardinops sagax","Fis-54081"
172.5,-44.5,1,"Sardinops sagax","Fis-54081"
173,-44.5,1,"Sardinops sagax","Fis-54081"
173.5,-44.5,1,"Sardinops sagax","Fis-54081"
174,-44.5,0.96,"Sardinops sagax","Fis-54081"
176,-44.5,0.62,"Sardinops sagax","Fis-54081"
176.5,-44.5,0.98,"Sardinops sagax","Fis-54081"
-75,-45,0.94,"Sardinops sagax","Fis-54081"
-74.5,-45,0.89,"Sardinops sagax","Fis-54081"
-74,-45,0.85,"Sardinops sagax","Fis-54081"
-73.5,-45,0.84,"Sardinops sagax","Fis-54081"
-73,-45,0.86,"Sardinops sagax","Fis-54081"
-72.5,-45,0.87,"Sardinops sagax","Fis-54081"
167.5,-45,1,"Sardinops sagax","Fis-54081"
168,-45,1,"Sardinops sagax","Fis-54081"
171.5,-45,1,"Sardinops sagax","Fis-54081"
172,-45,1,"Sardinops sagax","Fis-54081"
172.5,-45,0.97,"Sardinops sagax","Fis-54081"
173,-45,0.65,"Sardinops sagax","Fis-54081"
174,-45,0.34,"Sardinops sagax","Fis-54081"
-75,-45.5,0.93,"Sardinops sagax","Fis-54081"
-74.5,-45.5,0.9,"Sardinops sagax","Fis-54081"
-74,-45.5,0.85,"Sardinops sagax","Fis-54081"
-73.5,-45.5,0.82,"Sardinops sagax","Fis-54081"
-73,-45.5,0.84,"Sardinops sagax","Fis-54081"
-72.5,-45.5,0.04,"Sardinops sagax","Fis-54081"
50.5,-45.5,0.09,"Sardinops sagax","Fis-54081"
167,-45.5,1,"Sardinops sagax","Fis-54081"
167.5,-45.5,1,"Sardinops sagax","Fis-54081"
171,-45.5,1,"Sardinops sagax","Fis-54081"
171.5,-45.5,0.99,"Sardinops sagax","Fis-54081"
172,-45.5,0.89,"Sardinops sagax","Fis-54081"
-75,-46,0.9,"Sardinops sagax","Fis-54081"
-74.5,-46,0.87,"Sardinops sagax","Fis-54081"
-74,-46,0.84,"Sardinops sagax","Fis-54081"
-73.5,-46,0.81,"Sardinops sagax","Fis-54081"
-73,-46,0.82,"Sardinops sagax","Fis-54081"
42.5,-46,0.12,"Sardinops sagax","Fis-54081"
50,-46,0.23,"Sardinops sagax","Fis-54081"
50.5,-46,0.21,"Sardinops sagax","Fis-54081"
51,-46,0.2,"Sardinops sagax","Fis-54081"
166.5,-46,1,"Sardinops sagax","Fis-54081"
167,-46,1,"Sardinops sagax","Fis-54081"
167.5,-46,0.05,"Sardinops sagax","Fis-54081"
170.5,-46,1,"Sardinops sagax","Fis-54081"
171,-46,0.98,"Sardinops sagax","Fis-54081"
171.5,-46,0.87,"Sardinops sagax","Fis-54081"
-83.5,-46.5,0.74,"Sardinops sagax","Fis-54081"
-75.5,-46.5,0.87,"Sardinops sagax","Fis-54081"
-75,-46.5,0.89,"Sardinops sagax","Fis-54081"
-74.5,-46.5,0.86,"Sardinops sagax","Fis-54081"
-74,-46.5,0.04,"Sardinops sagax","Fis-54081"
-73.5,-46.5,0.8,"Sardinops sagax","Fis-54081"
-73,-46.5,0.04,"Sardinops sagax","Fis-54081"
38,-46.5,0.21,"Sardinops sagax","Fis-54081"
38.5,-46.5,0.21,"Sardinops sagax","Fis-54081"
43,-46.5,0.31,"Sardinops sagax","Fis-54081"
49.5,-46.5,0.07,"Sardinops sagax","Fis-54081"
50,-46.5,0.2,"Sardinops sagax","Fis-54081"
50.5,-46.5,0.19,"Sardinops sagax","Fis-54081"
51,-46.5,0.18,"Sardinops sagax","Fis-54081"
51.5,-46.5,0.01,"Sardinops sagax","Fis-54081"
52,-46.5,0.15,"Sardinops sagax","Fis-54081"
52.5,-46.5,0.14,"Sardinops sagax","Fis-54081"
53,-46.5,0.01,"Sardinops sagax","Fis-54081"
166,-46.5,0.57,"Sardinops sagax","Fis-54081"
166.5,-46.5,1,"Sardinops sagax","Fis-54081"
167,-46.5,1,"Sardinops sagax","Fis-54081"
167.5,-46.5,1,"Sardinops sagax","Fis-54081"
168,-46.5,1,"Sardinops sagax","Fis-54081"
168.5,-46.5,1,"Sardinops sagax","Fis-54081"
169,-46.5,1,"Sardinops sagax","Fis-54081"
169.5,-46.5,0.98,"Sardinops sagax","Fis-54081"
170,-46.5,1,"Sardinops sagax","Fis-54081"
170.5,-46.5,0.96,"Sardinops sagax","Fis-54081"
171,-46.5,0.87,"Sardinops sagax","Fis-54081"
