"long_dd","lat_dd","poccur","species","aquamaps_id"
-178.5,59.5,0.09,"Scomber japonicus","Fis-29507"
-178,59.5,0.06,"Scomber japonicus","Fis-29507"
-177.5,59.5,0.04,"Scomber japonicus","Fis-29507"
-177,59.5,0.03,"Scomber japonicus","Fis-29507"
-176.5,59.5,0.01,"Scomber japonicus","Fis-29507"
-176,59.5,0.01,"Scomber japonicus","Fis-29507"
-153.5,59.5,0.12,"Scomber japonicus","Fis-29507"
-153,59.5,0.19,"Scomber japonicus","Fis-29507"
-152.5,59.5,0.18,"Scomber japonicus","Fis-29507"
-152,59.5,0.16,"Scomber japonicus","Fis-29507"
-151.5,59.5,0.17,"Scomber japonicus","Fis-29507"
-151,59.5,0.18,"Scomber japonicus","Fis-29507"
-150.5,59.5,0.23,"Scomber japonicus","Fis-29507"
-150,59.5,0.32,"Scomber japonicus","Fis-29507"
-149.5,59.5,0.49,"Scomber japonicus","Fis-29507"
-149,59.5,0.52,"Scomber japonicus","Fis-29507"
-148.5,59.5,0.53,"Scomber japonicus","Fis-29507"
-148,59.5,0.53,"Scomber japonicus","Fis-29507"
-147.5,59.5,0.54,"Scomber japonicus","Fis-29507"
-147,59.5,0.57,"Scomber japonicus","Fis-29507"
-146.5,59.5,0.59,"Scomber japonicus","Fis-29507"
-146,59.5,0.59,"Scomber japonicus","Fis-29507"
-145.5,59.5,0.59,"Scomber japonicus","Fis-29507"
-145,59.5,0.59,"Scomber japonicus","Fis-29507"
-144.5,59.5,0.57,"Scomber japonicus","Fis-29507"
-144,59.5,0.56,"Scomber japonicus","Fis-29507"
-143.5,59.5,0.61,"Scomber japonicus","Fis-29507"
-143,59.5,0.62,"Scomber japonicus","Fis-29507"
-142.5,59.5,0.62,"Scomber japonicus","Fis-29507"
-142,59.5,0.62,"Scomber japonicus","Fis-29507"
-141.5,59.5,0.6,"Scomber japonicus","Fis-29507"
-141,59.5,0.58,"Scomber japonicus","Fis-29507"
-140.5,59.5,0.56,"Scomber japonicus","Fis-29507"
-140,59.5,0.54,"Scomber japonicus","Fis-29507"
-139.5,59.5,0.53,"Scomber japonicus","Fis-29507"
-139,59.5,0.29,"Scomber japonicus","Fis-29507"
-138.5,59.5,0.01,"Scomber japonicus","Fis-29507"
163.5,59.5,0.01,"Scomber japonicus","Fis-29507"
164,59.5,0.02,"Scomber japonicus","Fis-29507"
164.5,59.5,0.03,"Scomber japonicus","Fis-29507"
165,59.5,0.03,"Scomber japonicus","Fis-29507"
165.5,59.5,0.05,"Scomber japonicus","Fis-29507"
166,59.5,0.06,"Scomber japonicus","Fis-29507"
166.5,59.5,0.07,"Scomber japonicus","Fis-29507"
167,59.5,0.08,"Scomber japonicus","Fis-29507"
167.5,59.5,0.1,"Scomber japonicus","Fis-29507"
168,59.5,0.11,"Scomber japonicus","Fis-29507"
170,59.5,0.06,"Scomber japonicus","Fis-29507"
170.5,59.5,0.05,"Scomber japonicus","Fis-29507"
171,59.5,0.06,"Scomber japonicus","Fis-29507"
-178,59,0.12,"Scomber japonicus","Fis-29507"
-177.5,59,0.1,"Scomber japonicus","Fis-29507"
-177,59,0.08,"Scomber japonicus","Fis-29507"
-176.5,59,0.06,"Scomber japonicus","Fis-29507"
-176,59,0.04,"Scomber japonicus","Fis-29507"
-175.5,59,0.04,"Scomber japonicus","Fis-29507"
-175,59,0.03,"Scomber japonicus","Fis-29507"
-174.5,59,0.02,"Scomber japonicus","Fis-29507"
-174,59,0.01,"Scomber japonicus","Fis-29507"
-163.5,59,0.01,"Scomber japonicus","Fis-29507"
-163,59,0.01,"Scomber japonicus","Fis-29507"
-162.5,59,0.01,"Scomber japonicus","Fis-29507"
-160.5,59,0.03,"Scomber japonicus","Fis-29507"
-160,59,0.03,"Scomber japonicus","Fis-29507"
-154,59,0.13,"Scomber japonicus","Fis-29507"
-153.5,59,0.15,"Scomber japonicus","Fis-29507"
-153,59,0.25,"Scomber japonicus","Fis-29507"
-152.5,59,0.31,"Scomber japonicus","Fis-29507"
-152,59,0.34,"Scomber japonicus","Fis-29507"
-151.5,59,0.36,"Scomber japonicus","Fis-29507"
-151,59,0.44,"Scomber japonicus","Fis-29507"
-150.5,59,0.49,"Scomber japonicus","Fis-29507"
-150,59,0.51,"Scomber japonicus","Fis-29507"
-149.5,59,0.53,"Scomber japonicus","Fis-29507"
-149,59,0.55,"Scomber japonicus","Fis-29507"
-148.5,59,0.56,"Scomber japonicus","Fis-29507"
-148,59,0.57,"Scomber japonicus","Fis-29507"
-147.5,59,0.57,"Scomber japonicus","Fis-29507"
-147,59,0.58,"Scomber japonicus","Fis-29507"
-146.5,59,0.59,"Scomber japonicus","Fis-29507"
-146,59,0.59,"Scomber japonicus","Fis-29507"
-145.5,59,0.6,"Scomber japonicus","Fis-29507"
-145,59,0.29,"Scomber japonicus","Fis-29507"
-142,59,0.63,"Scomber japonicus","Fis-29507"
-141.5,59,0.64,"Scomber japonicus","Fis-29507"
-141,59,0.65,"Scomber japonicus","Fis-29507"
-140.5,59,0.65,"Scomber japonicus","Fis-29507"
-140,59,0.65,"Scomber japonicus","Fis-29507"
-139.5,59,0.59,"Scomber japonicus","Fis-29507"
-139,59,0.49,"Scomber japonicus","Fis-29507"
-138.5,59,0.52,"Scomber japonicus","Fis-29507"
-138,59,0.48,"Scomber japonicus","Fis-29507"
-137,59,0.01,"Scomber japonicus","Fis-29507"
-136.5,59,0.02,"Scomber japonicus","Fis-29507"
-136,59,0.01,"Scomber japonicus","Fis-29507"
-135.5,59,0.01,"Scomber japonicus","Fis-29507"
-135,59,0.28,"Scomber japonicus","Fis-29507"
142.5,59,0.03,"Scomber japonicus","Fis-29507"
143,59,0.04,"Scomber japonicus","Fis-29507"
143.5,59,0.04,"Scomber japonicus","Fis-29507"
144,59,0.04,"Scomber japonicus","Fis-29507"
144.5,59,0.04,"Scomber japonicus","Fis-29507"
145,59,0.04,"Scomber japonicus","Fis-29507"
145.5,59,0.04,"Scomber japonicus","Fis-29507"
146,59,0.03,"Scomber japonicus","Fis-29507"
146.5,59,0.02,"Scomber japonicus","Fis-29507"
147,59,0.03,"Scomber japonicus","Fis-29507"
147.5,59,0.02,"Scomber japonicus","Fis-29507"
148,59,0.01,"Scomber japonicus","Fis-29507"
148.5,59,0.01,"Scomber japonicus","Fis-29507"
149,59,0.01,"Scomber japonicus","Fis-29507"
149.5,59,0.01,"Scomber japonicus","Fis-29507"
150,59,0.02,"Scomber japonicus","Fis-29507"
150.5,59,0.02,"Scomber japonicus","Fis-29507"
151,59,0.01,"Scomber japonicus","Fis-29507"
151.5,59,0.01,"Scomber japonicus","Fis-29507"
163.5,59,0.01,"Scomber japonicus","Fis-29507"
164,59,0.01,"Scomber japonicus","Fis-29507"
164.5,59,0.03,"Scomber japonicus","Fis-29507"
165,59,0.04,"Scomber japonicus","Fis-29507"
165.5,59,0.07,"Scomber japonicus","Fis-29507"
166,59,0.1,"Scomber japonicus","Fis-29507"
166.5,59,0.11,"Scomber japonicus","Fis-29507"
167,59,0.13,"Scomber japonicus","Fis-29507"
170.5,59,0.1,"Scomber japonicus","Fis-29507"
-178,58.5,0.16,"Scomber japonicus","Fis-29507"
-177.5,58.5,0.15,"Scomber japonicus","Fis-29507"
-177,58.5,0.13,"Scomber japonicus","Fis-29507"
-176.5,58.5,0.11,"Scomber japonicus","Fis-29507"
-176,58.5,0.1,"Scomber japonicus","Fis-29507"
-175.5,58.5,0.09,"Scomber japonicus","Fis-29507"
-175,58.5,0.09,"Scomber japonicus","Fis-29507"
-174.5,58.5,0.08,"Scomber japonicus","Fis-29507"
-174,58.5,0.07,"Scomber japonicus","Fis-29507"
-173.5,58.5,0.04,"Scomber japonicus","Fis-29507"
-173,58.5,0.02,"Scomber japonicus","Fis-29507"
-172.5,58.5,0.01,"Scomber japonicus","Fis-29507"
-162.5,58.5,0.01,"Scomber japonicus","Fis-29507"
-162,58.5,0.01,"Scomber japonicus","Fis-29507"
-161.5,58.5,0.02,"Scomber japonicus","Fis-29507"
-161,58.5,0.05,"Scomber japonicus","Fis-29507"
-160.5,58.5,0.06,"Scomber japonicus","Fis-29507"
-160,58.5,0.07,"Scomber japonicus","Fis-29507"
-159.5,58.5,0.07,"Scomber japonicus","Fis-29507"
-159,58.5,0.03,"Scomber japonicus","Fis-29507"
-154,58.5,0.01,"Scomber japonicus","Fis-29507"
-153.5,58.5,0.27,"Scomber japonicus","Fis-29507"
-153,58.5,0.33,"Scomber japonicus","Fis-29507"
-152.5,58.5,0.38,"Scomber japonicus","Fis-29507"
-152,58.5,0.4,"Scomber japonicus","Fis-29507"
-151.5,58.5,0.44,"Scomber japonicus","Fis-29507"
-151,58.5,0.47,"Scomber japonicus","Fis-29507"
-150.5,58.5,0.49,"Scomber japonicus","Fis-29507"
-150,58.5,0.5,"Scomber japonicus","Fis-29507"
-149.5,58.5,0.52,"Scomber japonicus","Fis-29507"
-149,58.5,0.53,"Scomber japonicus","Fis-29507"
-148.5,58.5,0.55,"Scomber japonicus","Fis-29507"
-148,58.5,0.57,"Scomber japonicus","Fis-29507"
-140.5,58.5,0.65,"Scomber japonicus","Fis-29507"
-140,58.5,0.66,"Scomber japonicus","Fis-29507"
-139.5,58.5,0.66,"Scomber japonicus","Fis-29507"
-139,58.5,0.66,"Scomber japonicus","Fis-29507"
-138.5,58.5,0.59,"Scomber japonicus","Fis-29507"
-138,58.5,0.56,"Scomber japonicus","Fis-29507"
-137.5,58.5,0.54,"Scomber japonicus","Fis-29507"
-137,58.5,0.51,"Scomber japonicus","Fis-29507"
-136.5,58.5,0.48,"Scomber japonicus","Fis-29507"
-136,58.5,0.45,"Scomber japonicus","Fis-29507"
-135.5,58.5,0.45,"Scomber japonicus","Fis-29507"
-135,58.5,0.46,"Scomber japonicus","Fis-29507"
-134.5,58.5,0.31,"Scomber japonicus","Fis-29507"
141.5,58.5,0.03,"Scomber japonicus","Fis-29507"
142,58.5,0.02,"Scomber japonicus","Fis-29507"
142.5,58.5,0.02,"Scomber japonicus","Fis-29507"
143,58.5,0.02,"Scomber japonicus","Fis-29507"
143.5,58.5,0.02,"Scomber japonicus","Fis-29507"
144,58.5,0.01,"Scomber japonicus","Fis-29507"
144.5,58.5,0.02,"Scomber japonicus","Fis-29507"
145,58.5,0.02,"Scomber japonicus","Fis-29507"
145.5,58.5,0.02,"Scomber japonicus","Fis-29507"
146,58.5,0.02,"Scomber japonicus","Fis-29507"
146.5,58.5,0.01,"Scomber japonicus","Fis-29507"
147,58.5,0.01,"Scomber japonicus","Fis-29507"
147.5,58.5,0.01,"Scomber japonicus","Fis-29507"
148,58.5,0.01,"Scomber japonicus","Fis-29507"
148.5,58.5,0.01,"Scomber japonicus","Fis-29507"
149,58.5,0.01,"Scomber japonicus","Fis-29507"
149.5,58.5,0.01,"Scomber japonicus","Fis-29507"
150,58.5,0.01,"Scomber japonicus","Fis-29507"
150.5,58.5,0.01,"Scomber japonicus","Fis-29507"
163.5,58.5,0.01,"Scomber japonicus","Fis-29507"
164,58.5,0.04,"Scomber japonicus","Fis-29507"
164.5,58.5,0.1,"Scomber japonicus","Fis-29507"
165,58.5,0.11,"Scomber japonicus","Fis-29507"
-175.5,58,0.16,"Scomber japonicus","Fis-29507"
-175,58,0.16,"Scomber japonicus","Fis-29507"
-174,58,0.13,"Scomber japonicus","Fis-29507"
-173.5,58,0.1,"Scomber japonicus","Fis-29507"
-173,58,0.07,"Scomber japonicus","Fis-29507"
-172.5,58,0.04,"Scomber japonicus","Fis-29507"
-172,58,0.02,"Scomber japonicus","Fis-29507"
-162.5,58,0.01,"Scomber japonicus","Fis-29507"
-162,58,0.02,"Scomber japonicus","Fis-29507"
-161.5,58,0.03,"Scomber japonicus","Fis-29507"
-161,58,0.05,"Scomber japonicus","Fis-29507"
-160.5,58,0.06,"Scomber japonicus","Fis-29507"
-160,58,0.06,"Scomber japonicus","Fis-29507"
-159.5,58,0.06,"Scomber japonicus","Fis-29507"
-159,58,0.06,"Scomber japonicus","Fis-29507"
-158.5,58,0.04,"Scomber japonicus","Fis-29507"
-158,58,0.05,"Scomber japonicus","Fis-29507"
-157.5,58,0.04,"Scomber japonicus","Fis-29507"
-155,58,0.01,"Scomber japonicus","Fis-29507"
-154.5,58,0.28,"Scomber japonicus","Fis-29507"
-154,58,0.36,"Scomber japonicus","Fis-29507"
-153.5,58,0.38,"Scomber japonicus","Fis-29507"
-153,58,0.39,"Scomber japonicus","Fis-29507"
-152.5,58,0.39,"Scomber japonicus","Fis-29507"
-152,58,0.39,"Scomber japonicus","Fis-29507"
-151.5,58,0.41,"Scomber japonicus","Fis-29507"
-151,58,0.43,"Scomber japonicus","Fis-29507"
-150.5,58,0.44,"Scomber japonicus","Fis-29507"
-150,58,0.46,"Scomber japonicus","Fis-29507"
-149.5,58,0.49,"Scomber japonicus","Fis-29507"
-149,58,0.51,"Scomber japonicus","Fis-29507"
-148.5,58,0.54,"Scomber japonicus","Fis-29507"
-148,58,0.55,"Scomber japonicus","Fis-29507"
-139.5,58,0.41,"Scomber japonicus","Fis-29507"
-139,58,0.66,"Scomber japonicus","Fis-29507"
-138.5,58,0.66,"Scomber japonicus","Fis-29507"
-138,58,0.65,"Scomber japonicus","Fis-29507"
-137.5,58,0.64,"Scomber japonicus","Fis-29507"
-137,58,0.62,"Scomber japonicus","Fis-29507"
-136.5,58,0.55,"Scomber japonicus","Fis-29507"
-136,58,0.47,"Scomber japonicus","Fis-29507"
-135.5,58,0.45,"Scomber japonicus","Fis-29507"
-135,58,0.44,"Scomber japonicus","Fis-29507"
-134.5,58,0.37,"Scomber japonicus","Fis-29507"
-134,58,0.26,"Scomber japonicus","Fis-29507"
-133.5,58,0.21,"Scomber japonicus","Fis-29507"
141,58,0.04,"Scomber japonicus","Fis-29507"
141.5,58,0.03,"Scomber japonicus","Fis-29507"
142,58,0.01,"Scomber japonicus","Fis-29507"
142.5,58,0.01,"Scomber japonicus","Fis-29507"
147.5,58,0.01,"Scomber japonicus","Fis-29507"
148,58,0.01,"Scomber japonicus","Fis-29507"
148.5,58,0.01,"Scomber japonicus","Fis-29507"
149,58,0.01,"Scomber japonicus","Fis-29507"
149.5,58,0.01,"Scomber japonicus","Fis-29507"
150,58,0.01,"Scomber japonicus","Fis-29507"
150.5,58,0.01,"Scomber japonicus","Fis-29507"
151,58,0.01,"Scomber japonicus","Fis-29507"
151.5,58,0.01,"Scomber japonicus","Fis-29507"
163.5,58,0.04,"Scomber japonicus","Fis-29507"
164,58,0.1,"Scomber japonicus","Fis-29507"
171,58,0.03,"Scomber japonicus","Fis-29507"
-174,57.5,0.18,"Scomber japonicus","Fis-29507"
-173.5,57.5,0.15,"Scomber japonicus","Fis-29507"
-173,57.5,0.13,"Scomber japonicus","Fis-29507"
-172.5,57.5,0.1,"Scomber japonicus","Fis-29507"
-172,57.5,0.07,"Scomber japonicus","Fis-29507"
-171.5,57.5,0.04,"Scomber japonicus","Fis-29507"
-171,57.5,0.02,"Scomber japonicus","Fis-29507"
-162,57.5,0.01,"Scomber japonicus","Fis-29507"
-161.5,57.5,0.03,"Scomber japonicus","Fis-29507"
-161,57.5,0.04,"Scomber japonicus","Fis-29507"
-160.5,57.5,0.05,"Scomber japonicus","Fis-29507"
-160,57.5,0.06,"Scomber japonicus","Fis-29507"
-159.5,57.5,0.06,"Scomber japonicus","Fis-29507"
-159,57.5,0.07,"Scomber japonicus","Fis-29507"
-158.5,57.5,0.07,"Scomber japonicus","Fis-29507"
-158,57.5,0.07,"Scomber japonicus","Fis-29507"
-157.5,57.5,0.07,"Scomber japonicus","Fis-29507"
-156,57.5,0.18,"Scomber japonicus","Fis-29507"
-155.5,57.5,0.29,"Scomber japonicus","Fis-29507"
-155,57.5,0.38,"Scomber japonicus","Fis-29507"
-154.5,57.5,0.38,"Scomber japonicus","Fis-29507"
-154,57.5,0.39,"Scomber japonicus","Fis-29507"
-153.5,57.5,0.4,"Scomber japonicus","Fis-29507"
-153,57.5,0.39,"Scomber japonicus","Fis-29507"
-152.5,57.5,0.4,"Scomber japonicus","Fis-29507"
-152,57.5,0.38,"Scomber japonicus","Fis-29507"
-151.5,57.5,0.39,"Scomber japonicus","Fis-29507"
-151,57.5,0.41,"Scomber japonicus","Fis-29507"
-150.5,57.5,0.44,"Scomber japonicus","Fis-29507"
-150,57.5,0.48,"Scomber japonicus","Fis-29507"
-149.5,57.5,0.51,"Scomber japonicus","Fis-29507"
-149,57.5,0.52,"Scomber japonicus","Fis-29507"
-138,57.5,0.56,"Scomber japonicus","Fis-29507"
-137.5,57.5,0.67,"Scomber japonicus","Fis-29507"
-137,57.5,0.67,"Scomber japonicus","Fis-29507"
-136.5,57.5,0.65,"Scomber japonicus","Fis-29507"
-136,57.5,0.6,"Scomber japonicus","Fis-29507"
-135.5,57.5,0.54,"Scomber japonicus","Fis-29507"
-135,57.5,0.5,"Scomber japonicus","Fis-29507"
-134.5,57.5,0.26,"Scomber japonicus","Fis-29507"
-134,57.5,0.21,"Scomber japonicus","Fis-29507"
-133.5,57.5,0.2,"Scomber japonicus","Fis-29507"
-133,57.5,0.22,"Scomber japonicus","Fis-29507"
140,57.5,0.03,"Scomber japonicus","Fis-29507"
140.5,57.5,0.03,"Scomber japonicus","Fis-29507"
141,57.5,0.02,"Scomber japonicus","Fis-29507"
141.5,57.5,0.01,"Scomber japonicus","Fis-29507"
148,57.5,0.01,"Scomber japonicus","Fis-29507"
148.5,57.5,0.01,"Scomber japonicus","Fis-29507"
149,57.5,0.02,"Scomber japonicus","Fis-29507"
149.5,57.5,0.02,"Scomber japonicus","Fis-29507"
150,57.5,0.03,"Scomber japonicus","Fis-29507"
150.5,57.5,0.04,"Scomber japonicus","Fis-29507"
151,57.5,0.04,"Scomber japonicus","Fis-29507"
151.5,57.5,0.04,"Scomber japonicus","Fis-29507"
152,57.5,0.04,"Scomber japonicus","Fis-29507"
152.5,57.5,0.04,"Scomber japonicus","Fis-29507"
153,57.5,0.03,"Scomber japonicus","Fis-29507"
153.5,57.5,0.03,"Scomber japonicus","Fis-29507"
154,57.5,0.04,"Scomber japonicus","Fis-29507"
154.5,57.5,0.04,"Scomber japonicus","Fis-29507"
156,57.5,0.01,"Scomber japonicus","Fis-29507"
156.5,57.5,0.02,"Scomber japonicus","Fis-29507"
157,57.5,0.01,"Scomber japonicus","Fis-29507"
158,57.5,0.01,"Scomber japonicus","Fis-29507"
163,57.5,0.02,"Scomber japonicus","Fis-29507"
163.5,57.5,0.07,"Scomber japonicus","Fis-29507"
-173.5,57,0.19,"Scomber japonicus","Fis-29507"
-173,57,0.17,"Scomber japonicus","Fis-29507"
-172.5,57,0.15,"Scomber japonicus","Fis-29507"
-172,57,0.13,"Scomber japonicus","Fis-29507"
-171.5,57,0.1,"Scomber japonicus","Fis-29507"
-171,57,0.07,"Scomber japonicus","Fis-29507"
-170.5,57,0.02,"Scomber japonicus","Fis-29507"
-169,57,0.01,"Scomber japonicus","Fis-29507"
-168.5,57,0.03,"Scomber japonicus","Fis-29507"
-168,57,0.02,"Scomber japonicus","Fis-29507"
-167.5,57,0.01,"Scomber japonicus","Fis-29507"
-162,57,0.01,"Scomber japonicus","Fis-29507"
-161.5,57,0.04,"Scomber japonicus","Fis-29507"
-161,57,0.07,"Scomber japonicus","Fis-29507"
-160.5,57,0.08,"Scomber japonicus","Fis-29507"
-160,57,0.09,"Scomber japonicus","Fis-29507"
-159.5,57,0.09,"Scomber japonicus","Fis-29507"
-159,57,0.09,"Scomber japonicus","Fis-29507"
-158.5,57,0.09,"Scomber japonicus","Fis-29507"
-158,57,0.08,"Scomber japonicus","Fis-29507"
-157.5,57,0.03,"Scomber japonicus","Fis-29507"
-156.5,57,0.27,"Scomber japonicus","Fis-29507"
-156,57,0.37,"Scomber japonicus","Fis-29507"
-155.5,57,0.38,"Scomber japonicus","Fis-29507"
-155,57,0.39,"Scomber japonicus","Fis-29507"
-154.5,57,0.4,"Scomber japonicus","Fis-29507"
-154,57,0.4,"Scomber japonicus","Fis-29507"
-153.5,57,0.4,"Scomber japonicus","Fis-29507"
-153,57,0.41,"Scomber japonicus","Fis-29507"
-152.5,57,0.41,"Scomber japonicus","Fis-29507"
-152,57,0.41,"Scomber japonicus","Fis-29507"
-151.5,57,0.42,"Scomber japonicus","Fis-29507"
-151,57,0.45,"Scomber japonicus","Fis-29507"
-150.5,57,0.48,"Scomber japonicus","Fis-29507"
-150,57,0.51,"Scomber japonicus","Fis-29507"
-136,57,0.65,"Scomber japonicus","Fis-29507"
-135.5,57,0.6,"Scomber japonicus","Fis-29507"
-135,57,0.47,"Scomber japonicus","Fis-29507"
-134.5,57,0.26,"Scomber japonicus","Fis-29507"
-134,57,0.25,"Scomber japonicus","Fis-29507"
-133.5,57,0.2,"Scomber japonicus","Fis-29507"
-133,57,0.21,"Scomber japonicus","Fis-29507"
-132.5,57,0.24,"Scomber japonicus","Fis-29507"
139,57,0.02,"Scomber japonicus","Fis-29507"
139.5,57,0.04,"Scomber japonicus","Fis-29507"
140,57,0.03,"Scomber japonicus","Fis-29507"
140.5,57,0.01,"Scomber japonicus","Fis-29507"
141,57,0.01,"Scomber japonicus","Fis-29507"
147.5,57,0.01,"Scomber japonicus","Fis-29507"
148,57,0.01,"Scomber japonicus","Fis-29507"
148.5,57,0.02,"Scomber japonicus","Fis-29507"
149,57,0.03,"Scomber japonicus","Fis-29507"
149.5,57,0.04,"Scomber japonicus","Fis-29507"
150,57,0.04,"Scomber japonicus","Fis-29507"
150.5,57,0.05,"Scomber japonicus","Fis-29507"
151,57,0.06,"Scomber japonicus","Fis-29507"
151.5,57,0.07,"Scomber japonicus","Fis-29507"
152,57,0.02,"Scomber japonicus","Fis-29507"
155.5,57,0.01,"Scomber japonicus","Fis-29507"
156,57,0.05,"Scomber japonicus","Fis-29507"
156.5,57,0.05,"Scomber japonicus","Fis-29507"
157,57,0.05,"Scomber japonicus","Fis-29507"
157.5,57,0.01,"Scomber japonicus","Fis-29507"
163,57,0.09,"Scomber japonicus","Fis-29507"
163.5,57,0.11,"Scomber japonicus","Fis-29507"
-173,56.5,0.21,"Scomber japonicus","Fis-29507"
-172.5,56.5,0.19,"Scomber japonicus","Fis-29507"
-172,56.5,0.18,"Scomber japonicus","Fis-29507"
-171.5,56.5,0.17,"Scomber japonicus","Fis-29507"
-171,56.5,0.15,"Scomber japonicus","Fis-29507"
-170.5,56.5,0.12,"Scomber japonicus","Fis-29507"
-170,56.5,0.09,"Scomber japonicus","Fis-29507"
-169.5,56.5,0.08,"Scomber japonicus","Fis-29507"
-169,56.5,0.1,"Scomber japonicus","Fis-29507"
-168.5,56.5,0.13,"Scomber japonicus","Fis-29507"
-168,56.5,0.13,"Scomber japonicus","Fis-29507"
-167.5,56.5,0.12,"Scomber japonicus","Fis-29507"
-167,56.5,0.11,"Scomber japonicus","Fis-29507"
-166.5,56.5,0.09,"Scomber japonicus","Fis-29507"
-166,56.5,0.07,"Scomber japonicus","Fis-29507"
-165.5,56.5,0.06,"Scomber japonicus","Fis-29507"
-165,56.5,0.05,"Scomber japonicus","Fis-29507"
-164.5,56.5,0.06,"Scomber japonicus","Fis-29507"
-164,56.5,0.07,"Scomber japonicus","Fis-29507"
-163.5,56.5,0.08,"Scomber japonicus","Fis-29507"
-163,56.5,0.08,"Scomber japonicus","Fis-29507"
-162.5,56.5,0.08,"Scomber japonicus","Fis-29507"
-162,56.5,0.08,"Scomber japonicus","Fis-29507"
-161.5,56.5,0.11,"Scomber japonicus","Fis-29507"
-161,56.5,0.14,"Scomber japonicus","Fis-29507"
-160.5,56.5,0.15,"Scomber japonicus","Fis-29507"
-160,56.5,0.14,"Scomber japonicus","Fis-29507"
-159.5,56.5,0.12,"Scomber japonicus","Fis-29507"
-159,56.5,0.1,"Scomber japonicus","Fis-29507"
-158.5,56.5,0.11,"Scomber japonicus","Fis-29507"
-158,56.5,0.03,"Scomber japonicus","Fis-29507"
-157.5,56.5,0.24,"Scomber japonicus","Fis-29507"
-157,56.5,0.33,"Scomber japonicus","Fis-29507"
-156.5,56.5,0.37,"Scomber japonicus","Fis-29507"
-156,56.5,0.39,"Scomber japonicus","Fis-29507"
-155.5,56.5,0.39,"Scomber japonicus","Fis-29507"
-155,56.5,0.39,"Scomber japonicus","Fis-29507"
-154.5,56.5,0.38,"Scomber japonicus","Fis-29507"
-154,56.5,0.37,"Scomber japonicus","Fis-29507"
-153.5,56.5,0.4,"Scomber japonicus","Fis-29507"
-153,56.5,0.42,"Scomber japonicus","Fis-29507"
-152.5,56.5,0.44,"Scomber japonicus","Fis-29507"
-152,56.5,0.45,"Scomber japonicus","Fis-29507"
-151.5,56.5,0.47,"Scomber japonicus","Fis-29507"
-151,56.5,0.39,"Scomber japonicus","Fis-29507"
-136,56.5,0.5,"Scomber japonicus","Fis-29507"
-135.5,56.5,0.64,"Scomber japonicus","Fis-29507"
-135,56.5,0.56,"Scomber japonicus","Fis-29507"
-134.5,56.5,0.35,"Scomber japonicus","Fis-29507"
-134,56.5,0.32,"Scomber japonicus","Fis-29507"
-133.5,56.5,0.14,"Scomber japonicus","Fis-29507"
-133,56.5,0.28,"Scomber japonicus","Fis-29507"
-132.5,56.5,0.28,"Scomber japonicus","Fis-29507"
-132,56.5,0.27,"Scomber japonicus","Fis-29507"
138.5,56.5,0.02,"Scomber japonicus","Fis-29507"
139,56.5,0.03,"Scomber japonicus","Fis-29507"
139.5,56.5,0.02,"Scomber japonicus","Fis-29507"
147,56.5,0.01,"Scomber japonicus","Fis-29507"
147.5,56.5,0.01,"Scomber japonicus","Fis-29507"
148,56.5,0.02,"Scomber japonicus","Fis-29507"
148.5,56.5,0.02,"Scomber japonicus","Fis-29507"
149,56.5,0.03,"Scomber japonicus","Fis-29507"
149.5,56.5,0.04,"Scomber japonicus","Fis-29507"
150,56.5,0.05,"Scomber japonicus","Fis-29507"
150.5,56.5,0.06,"Scomber japonicus","Fis-29507"
151,56.5,0.07,"Scomber japonicus","Fis-29507"
151.5,56.5,0.08,"Scomber japonicus","Fis-29507"
155,56.5,0.05,"Scomber japonicus","Fis-29507"
155.5,56.5,0.09,"Scomber japonicus","Fis-29507"
156,56.5,0.09,"Scomber japonicus","Fis-29507"
156.5,56.5,0.08,"Scomber japonicus","Fis-29507"
163,56.5,0.1,"Scomber japonicus","Fis-29507"
163.5,56.5,0.12,"Scomber japonicus","Fis-29507"
-171,56,0.21,"Scomber japonicus","Fis-29507"
-170.5,56,0.2,"Scomber japonicus","Fis-29507"
-170,56,0.19,"Scomber japonicus","Fis-29507"
-169.5,56,0.18,"Scomber japonicus","Fis-29507"
-169,56,0.19,"Scomber japonicus","Fis-29507"
-168.5,56,0.2,"Scomber japonicus","Fis-29507"
-168,56,0.21,"Scomber japonicus","Fis-29507"
-167.5,56,0.21,"Scomber japonicus","Fis-29507"
-167,56,0.2,"Scomber japonicus","Fis-29507"
-166.5,56,0.2,"Scomber japonicus","Fis-29507"
-166,56,0.19,"Scomber japonicus","Fis-29507"
-165.5,56,0.17,"Scomber japonicus","Fis-29507"
-165,56,0.17,"Scomber japonicus","Fis-29507"
-164.5,56,0.17,"Scomber japonicus","Fis-29507"
-164,56,0.18,"Scomber japonicus","Fis-29507"
-163.5,56,0.19,"Scomber japonicus","Fis-29507"
-163,56,0.19,"Scomber japonicus","Fis-29507"
-162.5,56,0.18,"Scomber japonicus","Fis-29507"
-162,56,0.18,"Scomber japonicus","Fis-29507"
-161.5,56,0.18,"Scomber japonicus","Fis-29507"
-161,56,0.18,"Scomber japonicus","Fis-29507"
-160.5,56,0.17,"Scomber japonicus","Fis-29507"
-160,56,0.21,"Scomber japonicus","Fis-29507"
-159.5,56,0.03,"Scomber japonicus","Fis-29507"
-158.5,56,0.02,"Scomber japonicus","Fis-29507"
-158,56,0.31,"Scomber japonicus","Fis-29507"
-157.5,56,0.33,"Scomber japonicus","Fis-29507"
-157,56,0.36,"Scomber japonicus","Fis-29507"
-156.5,56,0.38,"Scomber japonicus","Fis-29507"
-156,56,0.39,"Scomber japonicus","Fis-29507"
-155.5,56,0.38,"Scomber japonicus","Fis-29507"
-155,56,0.37,"Scomber japonicus","Fis-29507"
-154.5,56,0.39,"Scomber japonicus","Fis-29507"
-154,56,0.4,"Scomber japonicus","Fis-29507"
-153.5,56,0.42,"Scomber japonicus","Fis-29507"
-153,56,0.43,"Scomber japonicus","Fis-29507"
-152.5,56,0.46,"Scomber japonicus","Fis-29507"
-152,56,0.47,"Scomber japonicus","Fis-29507"
-135.5,56,0.68,"Scomber japonicus","Fis-29507"
-135,56,0.61,"Scomber japonicus","Fis-29507"
-134.5,56,0.5,"Scomber japonicus","Fis-29507"
-134,56,0.42,"Scomber japonicus","Fis-29507"
-133.5,56,0.35,"Scomber japonicus","Fis-29507"
-133,56,0.32,"Scomber japonicus","Fis-29507"
-132.5,56,0.33,"Scomber japonicus","Fis-29507"
-132,56,0.34,"Scomber japonicus","Fis-29507"
-131.5,56,0.32,"Scomber japonicus","Fis-29507"
-131,56,0.01,"Scomber japonicus","Fis-29507"
138,56,0.01,"Scomber japonicus","Fis-29507"
138.5,56,0.02,"Scomber japonicus","Fis-29507"
139,56,0.01,"Scomber japonicus","Fis-29507"
146,56,0.01,"Scomber japonicus","Fis-29507"
146.5,56,0.01,"Scomber japonicus","Fis-29507"
147,56,0.01,"Scomber japonicus","Fis-29507"
147.5,56,0.02,"Scomber japonicus","Fis-29507"
148,56,0.03,"Scomber japonicus","Fis-29507"
148.5,56,0.03,"Scomber japonicus","Fis-29507"
149,56,0.04,"Scomber japonicus","Fis-29507"
149.5,56,0.04,"Scomber japonicus","Fis-29507"
150,56,0.05,"Scomber japonicus","Fis-29507"
150.5,56,0.06,"Scomber japonicus","Fis-29507"
151,56,0.07,"Scomber japonicus","Fis-29507"
151.5,56,0.07,"Scomber japonicus","Fis-29507"
155,56,0.14,"Scomber japonicus","Fis-29507"
155.5,56,0.12,"Scomber japonicus","Fis-29507"
156,56,0.11,"Scomber japonicus","Fis-29507"
162.5,56,0.09,"Scomber japonicus","Fis-29507"
163,56,0.12,"Scomber japonicus","Fis-29507"
163.5,56,0.13,"Scomber japonicus","Fis-29507"
164,56,0.16,"Scomber japonicus","Fis-29507"
-168.5,55.5,0.24,"Scomber japonicus","Fis-29507"
-168,55.5,0.24,"Scomber japonicus","Fis-29507"
-167.5,55.5,0.24,"Scomber japonicus","Fis-29507"
-167,55.5,0.24,"Scomber japonicus","Fis-29507"
-166.5,55.5,0.24,"Scomber japonicus","Fis-29507"
-166,55.5,0.24,"Scomber japonicus","Fis-29507"
-165.5,55.5,0.24,"Scomber japonicus","Fis-29507"
-165,55.5,0.23,"Scomber japonicus","Fis-29507"
-164.5,55.5,0.23,"Scomber japonicus","Fis-29507"
-164,55.5,0.24,"Scomber japonicus","Fis-29507"
-163.5,55.5,0.24,"Scomber japonicus","Fis-29507"
-163,55.5,0.23,"Scomber japonicus","Fis-29507"
-162.5,55.5,0.22,"Scomber japonicus","Fis-29507"
-162,55.5,0.2,"Scomber japonicus","Fis-29507"
-161.5,55.5,0.21,"Scomber japonicus","Fis-29507"
-161,55.5,0.24,"Scomber japonicus","Fis-29507"
-160.5,55.5,0.23,"Scomber japonicus","Fis-29507"
-160,55.5,0.29,"Scomber japonicus","Fis-29507"
-159.5,55.5,0.36,"Scomber japonicus","Fis-29507"
-159,55.5,0.37,"Scomber japonicus","Fis-29507"
-158.5,55.5,0.37,"Scomber japonicus","Fis-29507"
-158,55.5,0.38,"Scomber japonicus","Fis-29507"
-157.5,55.5,0.39,"Scomber japonicus","Fis-29507"
-157,55.5,0.39,"Scomber japonicus","Fis-29507"
-156.5,55.5,0.39,"Scomber japonicus","Fis-29507"
-156,55.5,0.39,"Scomber japonicus","Fis-29507"
-155.5,55.5,0.39,"Scomber japonicus","Fis-29507"
-155,55.5,0.4,"Scomber japonicus","Fis-29507"
-154.5,55.5,0.43,"Scomber japonicus","Fis-29507"
-154,55.5,0.44,"Scomber japonicus","Fis-29507"
-153.5,55.5,0.45,"Scomber japonicus","Fis-29507"
-153,55.5,0.06,"Scomber japonicus","Fis-29507"
-141.5,55.5,0.11,"Scomber japonicus","Fis-29507"
-135,55.5,0.69,"Scomber japonicus","Fis-29507"
-134.5,55.5,0.64,"Scomber japonicus","Fis-29507"
-134,55.5,0.53,"Scomber japonicus","Fis-29507"
-133.5,55.5,0.35,"Scomber japonicus","Fis-29507"
-133,55.5,0.29,"Scomber japonicus","Fis-29507"
-132.5,55.5,0.37,"Scomber japonicus","Fis-29507"
-132,55.5,0.38,"Scomber japonicus","Fis-29507"
-131.5,55.5,0.41,"Scomber japonicus","Fis-29507"
-131,55.5,0.37,"Scomber japonicus","Fis-29507"
-130.5,55.5,0.34,"Scomber japonicus","Fis-29507"
-130,55.5,0.01,"Scomber japonicus","Fis-29507"
-129.5,55.5,0.01,"Scomber japonicus","Fis-29507"
137.5,55.5,0.01,"Scomber japonicus","Fis-29507"
147,55.5,0.01,"Scomber japonicus","Fis-29507"
148,55.5,0.02,"Scomber japonicus","Fis-29507"
148.5,55.5,0.03,"Scomber japonicus","Fis-29507"
149,55.5,0.04,"Scomber japonicus","Fis-29507"
149.5,55.5,0.05,"Scomber japonicus","Fis-29507"
150,55.5,0.05,"Scomber japonicus","Fis-29507"
150.5,55.5,0.06,"Scomber japonicus","Fis-29507"
151,55.5,0.07,"Scomber japonicus","Fis-29507"
151.5,55.5,0.07,"Scomber japonicus","Fis-29507"
152,55.5,0.05,"Scomber japonicus","Fis-29507"
152.5,55.5,0.02,"Scomber japonicus","Fis-29507"
155,55.5,0.16,"Scomber japonicus","Fis-29507"
155.5,55.5,0.14,"Scomber japonicus","Fis-29507"
156,55.5,0.11,"Scomber japonicus","Fis-29507"
162,55.5,0.12,"Scomber japonicus","Fis-29507"
162.5,55.5,0.14,"Scomber japonicus","Fis-29507"
163,55.5,0.15,"Scomber japonicus","Fis-29507"
163.5,55.5,0.15,"Scomber japonicus","Fis-29507"
165,55.5,0.21,"Scomber japonicus","Fis-29507"
165.5,55.5,0.21,"Scomber japonicus","Fis-29507"
166,55.5,0.21,"Scomber japonicus","Fis-29507"
-168,55,0.24,"Scomber japonicus","Fis-29507"
-167.5,55,0.25,"Scomber japonicus","Fis-29507"
-167,55,0.25,"Scomber japonicus","Fis-29507"
-166.5,55,0.25,"Scomber japonicus","Fis-29507"
-166,55,0.25,"Scomber japonicus","Fis-29507"
-165.5,55,0.25,"Scomber japonicus","Fis-29507"
-165,55,0.24,"Scomber japonicus","Fis-29507"
-164.5,55,0.24,"Scomber japonicus","Fis-29507"
-164,55,0.24,"Scomber japonicus","Fis-29507"
-163.5,55,0.24,"Scomber japonicus","Fis-29507"
-163,55,0.23,"Scomber japonicus","Fis-29507"
-162.5,55,0.17,"Scomber japonicus","Fis-29507"
-162,55,0.26,"Scomber japonicus","Fis-29507"
-161.5,55,0.29,"Scomber japonicus","Fis-29507"
-161,55,0.31,"Scomber japonicus","Fis-29507"
-160.5,55,0.33,"Scomber japonicus","Fis-29507"
-160,55,0.35,"Scomber japonicus","Fis-29507"
-159.5,55,0.37,"Scomber japonicus","Fis-29507"
-159,55,0.38,"Scomber japonicus","Fis-29507"
-158.5,55,0.4,"Scomber japonicus","Fis-29507"
-158,55,0.41,"Scomber japonicus","Fis-29507"
-157.5,55,0.4,"Scomber japonicus","Fis-29507"
-157,55,0.4,"Scomber japonicus","Fis-29507"
-156.5,55,0.41,"Scomber japonicus","Fis-29507"
-156,55,0.42,"Scomber japonicus","Fis-29507"
-155.5,55,0.43,"Scomber japonicus","Fis-29507"
-134.5,55,0.71,"Scomber japonicus","Fis-29507"
-134,55,0.63,"Scomber japonicus","Fis-29507"
-133.5,55,0.53,"Scomber japonicus","Fis-29507"
-133,55,0.52,"Scomber japonicus","Fis-29507"
-132.5,55,0.21,"Scomber japonicus","Fis-29507"
-132,55,0.47,"Scomber japonicus","Fis-29507"
-131.5,55,0.49,"Scomber japonicus","Fis-29507"
-131,55,0.45,"Scomber japonicus","Fis-29507"
-130.5,55,0.41,"Scomber japonicus","Fis-29507"
-130,55,0.39,"Scomber japonicus","Fis-29507"
-129.5,55,0.41,"Scomber japonicus","Fis-29507"
146.5,55,0.01,"Scomber japonicus","Fis-29507"
147,55,0.02,"Scomber japonicus","Fis-29507"
149.5,55,0.02,"Scomber japonicus","Fis-29507"
150,55,0.02,"Scomber japonicus","Fis-29507"
150.5,55,0.03,"Scomber japonicus","Fis-29507"
151,55,0.05,"Scomber japonicus","Fis-29507"
151.5,55,0.08,"Scomber japonicus","Fis-29507"
152,55,0.1,"Scomber japonicus","Fis-29507"
152.5,55,0.05,"Scomber japonicus","Fis-29507"
155,55,0.19,"Scomber japonicus","Fis-29507"
155.5,55,0.15,"Scomber japonicus","Fis-29507"
156,55,0.12,"Scomber japonicus","Fis-29507"
162,55,0.16,"Scomber japonicus","Fis-29507"
162.5,55,0.17,"Scomber japonicus","Fis-29507"
165.5,55,0.24,"Scomber japonicus","Fis-29507"
166,55,0.23,"Scomber japonicus","Fis-29507"
166.5,55,0.23,"Scomber japonicus","Fis-29507"
167,55,0.23,"Scomber japonicus","Fis-29507"
-167,54.5,0.26,"Scomber japonicus","Fis-29507"
-166.5,54.5,0.25,"Scomber japonicus","Fis-29507"
-166,54.5,0.25,"Scomber japonicus","Fis-29507"
-165.5,54.5,0.24,"Scomber japonicus","Fis-29507"
-165,54.5,0.24,"Scomber japonicus","Fis-29507"
-164.5,54.5,0.24,"Scomber japonicus","Fis-29507"
-164,54.5,0.27,"Scomber japonicus","Fis-29507"
-163.5,54.5,0.28,"Scomber japonicus","Fis-29507"
-163,54.5,0.28,"Scomber japonicus","Fis-29507"
-162.5,54.5,0.28,"Scomber japonicus","Fis-29507"
-162,54.5,0.3,"Scomber japonicus","Fis-29507"
-161.5,54.5,0.33,"Scomber japonicus","Fis-29507"
-161,54.5,0.35,"Scomber japonicus","Fis-29507"
-160.5,54.5,0.36,"Scomber japonicus","Fis-29507"
-160,54.5,0.36,"Scomber japonicus","Fis-29507"
-159.5,54.5,0.36,"Scomber japonicus","Fis-29507"
-159,54.5,0.38,"Scomber japonicus","Fis-29507"
-158.5,54.5,0.4,"Scomber japonicus","Fis-29507"
-158,54.5,0.41,"Scomber japonicus","Fis-29507"
-157.5,54.5,0.42,"Scomber japonicus","Fis-29507"
-157,54.5,0.43,"Scomber japonicus","Fis-29507"
-134,54.5,0.72,"Scomber japonicus","Fis-29507"
-133.5,54.5,0.65,"Scomber japonicus","Fis-29507"
-133,54.5,0.58,"Scomber japonicus","Fis-29507"
-132.5,54.5,0.56,"Scomber japonicus","Fis-29507"
-132,54.5,0.53,"Scomber japonicus","Fis-29507"
-131.5,54.5,0.51,"Scomber japonicus","Fis-29507"
-131,54.5,0.44,"Scomber japonicus","Fis-29507"
-130.5,54.5,0.38,"Scomber japonicus","Fis-29507"
-130,54.5,0.37,"Scomber japonicus","Fis-29507"
-129.5,54.5,0.38,"Scomber japonicus","Fis-29507"
151,54.5,0.02,"Scomber japonicus","Fis-29507"
151.5,54.5,0.05,"Scomber japonicus","Fis-29507"
152,54.5,0.03,"Scomber japonicus","Fis-29507"
152.5,54.5,0.01,"Scomber japonicus","Fis-29507"
155,54.5,0.12,"Scomber japonicus","Fis-29507"
155.5,54.5,0.17,"Scomber japonicus","Fis-29507"
156,54.5,0.16,"Scomber japonicus","Fis-29507"
161,54.5,0.18,"Scomber japonicus","Fis-29507"
161.5,54.5,0.18,"Scomber japonicus","Fis-29507"
162,54.5,0.18,"Scomber japonicus","Fis-29507"
162.5,54.5,0.18,"Scomber japonicus","Fis-29507"
166.5,54.5,0.26,"Scomber japonicus","Fis-29507"
167,54.5,0.25,"Scomber japonicus","Fis-29507"
167.5,54.5,0.24,"Scomber japonicus","Fis-29507"
168,54.5,0.24,"Scomber japonicus","Fis-29507"
168.5,54.5,0.24,"Scomber japonicus","Fis-29507"
179,54.5,0.22,"Scomber japonicus","Fis-29507"
-179.5,54,0.22,"Scomber japonicus","Fis-29507"
-166.5,54,0.26,"Scomber japonicus","Fis-29507"
-166,54,0.25,"Scomber japonicus","Fis-29507"
-165.5,54,0.25,"Scomber japonicus","Fis-29507"
-165,54,0.25,"Scomber japonicus","Fis-29507"
-164.5,54,0.28,"Scomber japonicus","Fis-29507"
-164,54,0.3,"Scomber japonicus","Fis-29507"
-163.5,54,0.32,"Scomber japonicus","Fis-29507"
-163,54,0.33,"Scomber japonicus","Fis-29507"
-162.5,54,0.33,"Scomber japonicus","Fis-29507"
-162,54,0.34,"Scomber japonicus","Fis-29507"
-161.5,54,0.36,"Scomber japonicus","Fis-29507"
-161,54,0.38,"Scomber japonicus","Fis-29507"
-160.5,54,0.39,"Scomber japonicus","Fis-29507"
-160,54,0.4,"Scomber japonicus","Fis-29507"
-159.5,54,0.4,"Scomber japonicus","Fis-29507"
-159,54,0.41,"Scomber japonicus","Fis-29507"
-133.5,54,0.73,"Scomber japonicus","Fis-29507"
-133,54,0.69,"Scomber japonicus","Fis-29507"
-132.5,54,0.62,"Scomber japonicus","Fis-29507"
-132,54,0.58,"Scomber japonicus","Fis-29507"
-131.5,54,0.55,"Scomber japonicus","Fis-29507"
-131,54,0.52,"Scomber japonicus","Fis-29507"
-130.5,54,0.45,"Scomber japonicus","Fis-29507"
-130,54,0.45,"Scomber japonicus","Fis-29507"
-129.5,54,0.44,"Scomber japonicus","Fis-29507"
-128.5,54,0.01,"Scomber japonicus","Fis-29507"
154.5,54,0.23,"Scomber japonicus","Fis-29507"
155,54,0.22,"Scomber japonicus","Fis-29507"
155.5,54,0.19,"Scomber japonicus","Fis-29507"
156,54,0.17,"Scomber japonicus","Fis-29507"
160,54,0.21,"Scomber japonicus","Fis-29507"
160.5,54,0.22,"Scomber japonicus","Fis-29507"
161,54,0.21,"Scomber japonicus","Fis-29507"
161.5,54,0.19,"Scomber japonicus","Fis-29507"
179.5,54,0.19,"Scomber japonicus","Fis-29507"
-179.5,53.5,0.15,"Scomber japonicus","Fis-29507"
-168,53.5,0.25,"Scomber japonicus","Fis-29507"
-167.5,53.5,0.25,"Scomber japonicus","Fis-29507"
-167,53.5,0.26,"Scomber japonicus","Fis-29507"
-166.5,53.5,0.28,"Scomber japonicus","Fis-29507"
-166,53.5,0.28,"Scomber japonicus","Fis-29507"
-165.5,53.5,0.29,"Scomber japonicus","Fis-29507"
-165,53.5,0.31,"Scomber japonicus","Fis-29507"
-164.5,53.5,0.33,"Scomber japonicus","Fis-29507"
-164,53.5,0.35,"Scomber japonicus","Fis-29507"
-163.5,53.5,0.36,"Scomber japonicus","Fis-29507"
-163,53.5,0.37,"Scomber japonicus","Fis-29507"
-133,53.5,0.76,"Scomber japonicus","Fis-29507"
-132.5,53.5,0.7,"Scomber japonicus","Fis-29507"
-132,53.5,0.61,"Scomber japonicus","Fis-29507"
-131.5,53.5,0.63,"Scomber japonicus","Fis-29507"
-131,53.5,0.61,"Scomber japonicus","Fis-29507"
-130.5,53.5,0.57,"Scomber japonicus","Fis-29507"
-130,53.5,0.52,"Scomber japonicus","Fis-29507"
-129.5,53.5,0.45,"Scomber japonicus","Fis-29507"
-129,53.5,0.52,"Scomber japonicus","Fis-29507"
-128.5,53.5,0.52,"Scomber japonicus","Fis-29507"
-128,53.5,0.01,"Scomber japonicus","Fis-29507"
144.5,53.5,0.02,"Scomber japonicus","Fis-29507"
153.5,53.5,0.22,"Scomber japonicus","Fis-29507"
154,53.5,0.23,"Scomber japonicus","Fis-29507"
154.5,53.5,0.24,"Scomber japonicus","Fis-29507"
155,53.5,0.23,"Scomber japonicus","Fis-29507"
155.5,53.5,0.21,"Scomber japonicus","Fis-29507"
156,53.5,0.18,"Scomber japonicus","Fis-29507"
156.5,53.5,0.05,"Scomber japonicus","Fis-29507"
160,53.5,0.24,"Scomber japonicus","Fis-29507"
160.5,53.5,0.23,"Scomber japonicus","Fis-29507"
161,53.5,0.06,"Scomber japonicus","Fis-29507"
179.5,53.5,0.24,"Scomber japonicus","Fis-29507"
-170,53,0.24,"Scomber japonicus","Fis-29507"
-169.5,53,0.25,"Scomber japonicus","Fis-29507"
-169,53,0.25,"Scomber japonicus","Fis-29507"
-168.5,53,0.25,"Scomber japonicus","Fis-29507"
-168,53,0.27,"Scomber japonicus","Fis-29507"
-167.5,53,0.29,"Scomber japonicus","Fis-29507"
-167,53,0.31,"Scomber japonicus","Fis-29507"
-166.5,53,0.33,"Scomber japonicus","Fis-29507"
-166,53,0.35,"Scomber japonicus","Fis-29507"
-165.5,53,0.36,"Scomber japonicus","Fis-29507"
-135.5,53,0.72,"Scomber japonicus","Fis-29507"
-133,53,0.66,"Scomber japonicus","Fis-29507"
-132.5,53,0.76,"Scomber japonicus","Fis-29507"
-132,53,0.73,"Scomber japonicus","Fis-29507"
-131.5,53,0.69,"Scomber japonicus","Fis-29507"
-131,53,0.68,"Scomber japonicus","Fis-29507"
-130.5,53,0.64,"Scomber japonicus","Fis-29507"
-130,53,0.61,"Scomber japonicus","Fis-29507"
-129.5,53,0.61,"Scomber japonicus","Fis-29507"
-129,53,0.64,"Scomber japonicus","Fis-29507"
-128.5,53,0.02,"Scomber japonicus","Fis-29507"
-128,53,0.01,"Scomber japonicus","Fis-29507"
143.5,53,0.01,"Scomber japonicus","Fis-29507"
144.5,53,0.02,"Scomber japonicus","Fis-29507"
153.5,53,0.23,"Scomber japonicus","Fis-29507"
154,53,0.24,"Scomber japonicus","Fis-29507"
154.5,53,0.24,"Scomber japonicus","Fis-29507"
155,53,0.23,"Scomber japonicus","Fis-29507"
155.5,53,0.21,"Scomber japonicus","Fis-29507"
156,53,0.18,"Scomber japonicus","Fis-29507"
156.5,53,0.13,"Scomber japonicus","Fis-29507"
158.5,53,0.21,"Scomber japonicus","Fis-29507"
159,53,0.22,"Scomber japonicus","Fis-29507"
159.5,53,0.23,"Scomber japonicus","Fis-29507"
160,53,0.23,"Scomber japonicus","Fis-29507"
160.5,53,0.23,"Scomber japonicus","Fis-29507"
171,53,0.3,"Scomber japonicus","Fis-29507"
171.5,53,0.3,"Scomber japonicus","Fis-29507"
172,53,0.2,"Scomber japonicus","Fis-29507"
172.5,53,0.09,"Scomber japonicus","Fis-29507"
173,53,0.29,"Scomber japonicus","Fis-29507"
173.5,53,0.29,"Scomber japonicus","Fis-29507"
-179.5,52.5,0.24,"Scomber japonicus","Fis-29507"
-179,52.5,0.24,"Scomber japonicus","Fis-29507"
-173.5,52.5,0.17,"Scomber japonicus","Fis-29507"
-173,52.5,0.24,"Scomber japonicus","Fis-29507"
-172,52.5,0.25,"Scomber japonicus","Fis-29507"
-171.5,52.5,0.22,"Scomber japonicus","Fis-29507"
-171,52.5,0.24,"Scomber japonicus","Fis-29507"
-170.5,52.5,0.24,"Scomber japonicus","Fis-29507"
-170,52.5,0.25,"Scomber japonicus","Fis-29507"
-169.5,52.5,0.26,"Scomber japonicus","Fis-29507"
-169,52.5,0.28,"Scomber japonicus","Fis-29507"
-168.5,52.5,0.31,"Scomber japonicus","Fis-29507"
-168,52.5,0.33,"Scomber japonicus","Fis-29507"
-132,52.5,0.77,"Scomber japonicus","Fis-29507"
-131.5,52.5,0.75,"Scomber japonicus","Fis-29507"
-131,52.5,0.73,"Scomber japonicus","Fis-29507"
-130.5,52.5,0.75,"Scomber japonicus","Fis-29507"
-130,52.5,0.74,"Scomber japonicus","Fis-29507"
-129.5,52.5,0.7,"Scomber japonicus","Fis-29507"
-129,52.5,0.68,"Scomber japonicus","Fis-29507"
-128.5,52.5,0.69,"Scomber japonicus","Fis-29507"
-128,52.5,0.7,"Scomber japonicus","Fis-29507"
-127.5,52.5,0.01,"Scomber japonicus","Fis-29507"
-127,52.5,0.01,"Scomber japonicus","Fis-29507"
143.5,52.5,0.01,"Scomber japonicus","Fis-29507"
144.5,52.5,0.01,"Scomber japonicus","Fis-29507"
154,52.5,0.04,"Scomber japonicus","Fis-29507"
154.5,52.5,0.24,"Scomber japonicus","Fis-29507"
155,52.5,0.23,"Scomber japonicus","Fis-29507"
155.5,52.5,0.21,"Scomber japonicus","Fis-29507"
156,52.5,0.18,"Scomber japonicus","Fis-29507"
156.5,52.5,0.18,"Scomber japonicus","Fis-29507"
158.5,52.5,0.01,"Scomber japonicus","Fis-29507"
159,52.5,0.23,"Scomber japonicus","Fis-29507"
159.5,52.5,0.22,"Scomber japonicus","Fis-29507"
160,52.5,0.21,"Scomber japonicus","Fis-29507"
161,52.5,0.1,"Scomber japonicus","Fis-29507"
171,52.5,0.23,"Scomber japonicus","Fis-29507"
172.5,52.5,0.3,"Scomber japonicus","Fis-29507"
173,52.5,0.29,"Scomber japonicus","Fis-29507"
173.5,52.5,0.28,"Scomber japonicus","Fis-29507"
174,52.5,0.28,"Scomber japonicus","Fis-29507"
174.5,52.5,0.28,"Scomber japonicus","Fis-29507"
175,52.5,0.12,"Scomber japonicus","Fis-29507"
179.5,52.5,0.23,"Scomber japonicus","Fis-29507"
-179.5,52,0.23,"Scomber japonicus","Fis-29507"
-176.5,52,0.26,"Scomber japonicus","Fis-29507"
-176,52,0.26,"Scomber japonicus","Fis-29507"
-175.5,52,0.26,"Scomber japonicus","Fis-29507"
-175,52,0.26,"Scomber japonicus","Fis-29507"
-174.5,52,0.26,"Scomber japonicus","Fis-29507"
-174,52,0.27,"Scomber japonicus","Fis-29507"
-173.5,52,0.26,"Scomber japonicus","Fis-29507"
-173,52,0.26,"Scomber japonicus","Fis-29507"
-172.5,52,0.26,"Scomber japonicus","Fis-29507"
-172,52,0.25,"Scomber japonicus","Fis-29507"
-171.5,52,0.27,"Scomber japonicus","Fis-29507"
-171,52,0.28,"Scomber japonicus","Fis-29507"
-170.5,52,0.3,"Scomber japonicus","Fis-29507"
-170,52,0.32,"Scomber japonicus","Fis-29507"
-169.5,52,0.33,"Scomber japonicus","Fis-29507"
-131.5,52,0.78,"Scomber japonicus","Fis-29507"
-131,52,0.78,"Scomber japonicus","Fis-29507"
-130.5,52,0.8,"Scomber japonicus","Fis-29507"
-130,52,0.82,"Scomber japonicus","Fis-29507"
-129.5,52,0.79,"Scomber japonicus","Fis-29507"
-129,52,0.76,"Scomber japonicus","Fis-29507"
-128.5,52,0.74,"Scomber japonicus","Fis-29507"
-128,52,0.73,"Scomber japonicus","Fis-29507"
-127.5,52,0.71,"Scomber japonicus","Fis-29507"
-127,52,0.01,"Scomber japonicus","Fis-29507"
143.5,52,0.02,"Scomber japonicus","Fis-29507"
144.5,52,0.01,"Scomber japonicus","Fis-29507"
155,52,0.03,"Scomber japonicus","Fis-29507"
155.5,52,0.18,"Scomber japonicus","Fis-29507"
156,52,0.2,"Scomber japonicus","Fis-29507"
156.5,52,0.17,"Scomber japonicus","Fis-29507"
158.5,52,0.2,"Scomber japonicus","Fis-29507"
159,52,0.21,"Scomber japonicus","Fis-29507"
173.5,52,0.29,"Scomber japonicus","Fis-29507"
174,52,0.28,"Scomber japonicus","Fis-29507"
174.5,52,0.26,"Scomber japonicus","Fis-29507"
175.5,52,0.26,"Scomber japonicus","Fis-29507"
176,52,0.25,"Scomber japonicus","Fis-29507"
176.5,52,0.25,"Scomber japonicus","Fis-29507"
177,52,0.25,"Scomber japonicus","Fis-29507"
177.5,52,0.25,"Scomber japonicus","Fis-29507"
178,52,0.25,"Scomber japonicus","Fis-29507"
178.5,52,0.25,"Scomber japonicus","Fis-29507"
179,52,0.24,"Scomber japonicus","Fis-29507"
179.5,52,0.23,"Scomber japonicus","Fis-29507"
-179,51.5,0.23,"Scomber japonicus","Fis-29507"
-178.5,51.5,0.24,"Scomber japonicus","Fis-29507"
-178,51.5,0.24,"Scomber japonicus","Fis-29507"
-177.5,51.5,0.25,"Scomber japonicus","Fis-29507"
-177,51.5,0.25,"Scomber japonicus","Fis-29507"
-176.5,51.5,0.27,"Scomber japonicus","Fis-29507"
-176,51.5,0.27,"Scomber japonicus","Fis-29507"
-175.5,51.5,0.27,"Scomber japonicus","Fis-29507"
-175,51.5,0.28,"Scomber japonicus","Fis-29507"
-174.5,51.5,0.29,"Scomber japonicus","Fis-29507"
-174,51.5,0.29,"Scomber japonicus","Fis-29507"
-173.5,51.5,0.3,"Scomber japonicus","Fis-29507"
-173,51.5,0.3,"Scomber japonicus","Fis-29507"
-172.5,51.5,0.31,"Scomber japonicus","Fis-29507"
-172,51.5,0.32,"Scomber japonicus","Fis-29507"
-171.5,51.5,0.33,"Scomber japonicus","Fis-29507"
-131,51.5,0.79,"Scomber japonicus","Fis-29507"
-130.5,51.5,0.81,"Scomber japonicus","Fis-29507"
-130,51.5,0.83,"Scomber japonicus","Fis-29507"
-129.5,51.5,0.83,"Scomber japonicus","Fis-29507"
-129,51.5,0.82,"Scomber japonicus","Fis-29507"
-128.5,51.5,0.78,"Scomber japonicus","Fis-29507"
-128,51.5,0.74,"Scomber japonicus","Fis-29507"
-127.5,51.5,0.69,"Scomber japonicus","Fis-29507"
-127,51.5,0.03,"Scomber japonicus","Fis-29507"
141,51.5,0.01,"Scomber japonicus","Fis-29507"
143.5,51.5,0.01,"Scomber japonicus","Fis-29507"
144,51.5,0.01,"Scomber japonicus","Fis-29507"
155,51.5,0.01,"Scomber japonicus","Fis-29507"
155.5,51.5,0.04,"Scomber japonicus","Fis-29507"
156,51.5,0.19,"Scomber japonicus","Fis-29507"
156.5,51.5,0.18,"Scomber japonicus","Fis-29507"
157,51.5,0.16,"Scomber japonicus","Fis-29507"
158,51.5,0.18,"Scomber japonicus","Fis-29507"
158.5,51.5,0.19,"Scomber japonicus","Fis-29507"
159,51.5,0.2,"Scomber japonicus","Fis-29507"
175.5,51.5,0.05,"Scomber japonicus","Fis-29507"
176,51.5,0.26,"Scomber japonicus","Fis-29507"
176.5,51.5,0.25,"Scomber japonicus","Fis-29507"
177,51.5,0.25,"Scomber japonicus","Fis-29507"
177.5,51.5,0.24,"Scomber japonicus","Fis-29507"
178,51.5,0.23,"Scomber japonicus","Fis-29507"
178.5,51.5,0.23,"Scomber japonicus","Fis-29507"
179,51.5,0.22,"Scomber japonicus","Fis-29507"
179.5,51.5,0.22,"Scomber japonicus","Fis-29507"
-179.5,51,0.12,"Scomber japonicus","Fis-29507"
-179,51,0.26,"Scomber japonicus","Fis-29507"
-178.5,51,0.27,"Scomber japonicus","Fis-29507"
-178,51,0.29,"Scomber japonicus","Fis-29507"
-176.5,51,0.31,"Scomber japonicus","Fis-29507"
-129.5,51,0.85,"Scomber japonicus","Fis-29507"
-129,51,0.84,"Scomber japonicus","Fis-29507"
-128.5,51,0.81,"Scomber japonicus","Fis-29507"
-128,51,0.76,"Scomber japonicus","Fis-29507"
-127.5,51,0.68,"Scomber japonicus","Fis-29507"
-127,51,0.33,"Scomber japonicus","Fis-29507"
-126.5,51,0.01,"Scomber japonicus","Fis-29507"
-125.5,51,0.01,"Scomber japonicus","Fis-29507"
141,51,0.1,"Scomber japonicus","Fis-29507"
141.5,51,0.03,"Scomber japonicus","Fis-29507"
142.5,51,0.01,"Scomber japonicus","Fis-29507"
143.5,51,0.01,"Scomber japonicus","Fis-29507"
144,51,0.01,"Scomber japonicus","Fis-29507"
156.5,51,0.14,"Scomber japonicus","Fis-29507"
157,51,0.14,"Scomber japonicus","Fis-29507"
157.5,51,0.15,"Scomber japonicus","Fis-29507"
158,51,0.16,"Scomber japonicus","Fis-29507"
158.5,51,0.18,"Scomber japonicus","Fis-29507"
159,51,0.21,"Scomber japonicus","Fis-29507"
179,51,0.25,"Scomber japonicus","Fis-29507"
179.5,51,0.24,"Scomber japonicus","Fis-29507"
-129.5,50.5,0.77,"Scomber japonicus","Fis-29507"
-129,50.5,0.84,"Scomber japonicus","Fis-29507"
-128.5,50.5,0.8,"Scomber japonicus","Fis-29507"
-128,50.5,0.75,"Scomber japonicus","Fis-29507"
-127.5,50.5,0.53,"Scomber japonicus","Fis-29507"
-127,50.5,0.42,"Scomber japonicus","Fis-29507"
-126.5,50.5,0.4,"Scomber japonicus","Fis-29507"
-126,50.5,0.39,"Scomber japonicus","Fis-29507"
-125.5,50.5,0.01,"Scomber japonicus","Fis-29507"
-125,50.5,0.01,"Scomber japonicus","Fis-29507"
-124.5,50.5,0.01,"Scomber japonicus","Fis-29507"
140.5,50.5,0.08,"Scomber japonicus","Fis-29507"
141,50.5,0.13,"Scomber japonicus","Fis-29507"
141.5,50.5,0.08,"Scomber japonicus","Fis-29507"
142.5,50.5,0.02,"Scomber japonicus","Fis-29507"
144,50.5,0.01,"Scomber japonicus","Fis-29507"
155.5,50.5,0.15,"Scomber japonicus","Fis-29507"
156,50.5,0.14,"Scomber japonicus","Fis-29507"
156.5,50.5,0.12,"Scomber japonicus","Fis-29507"
157,50.5,0.11,"Scomber japonicus","Fis-29507"
157.5,50.5,0.12,"Scomber japonicus","Fis-29507"
158,50.5,0.15,"Scomber japonicus","Fis-29507"
-128,50,0.83,"Scomber japonicus","Fis-29507"
-127.5,50,0.69,"Scomber japonicus","Fis-29507"
-127,50,0.59,"Scomber japonicus","Fis-29507"
-126,50,0.45,"Scomber japonicus","Fis-29507"
-125.5,50,0.33,"Scomber japonicus","Fis-29507"
-125,50,0.14,"Scomber japonicus","Fis-29507"
-124.5,50,0.15,"Scomber japonicus","Fis-29507"
141,50,0.12,"Scomber japonicus","Fis-29507"
142.5,50,0.05,"Scomber japonicus","Fis-29507"
144,50,0.01,"Scomber japonicus","Fis-29507"
144.5,50,0.01,"Scomber japonicus","Fis-29507"
145.5,50,0.01,"Scomber japonicus","Fis-29507"
155,50,0.14,"Scomber japonicus","Fis-29507"
155.5,50,0.12,"Scomber japonicus","Fis-29507"
156,50,0.13,"Scomber japonicus","Fis-29507"
156.5,50,0.13,"Scomber japonicus","Fis-29507"
157,50,0.14,"Scomber japonicus","Fis-29507"
157.5,50,0.16,"Scomber japonicus","Fis-29507"
-127.5,49.5,0.84,"Scomber japonicus","Fis-29507"
-127,49.5,0.76,"Scomber japonicus","Fis-29507"
-126.5,49.5,0.65,"Scomber japonicus","Fis-29507"
-126,49.5,0.01,"Scomber japonicus","Fis-29507"
-125,49.5,0.29,"Scomber japonicus","Fis-29507"
-124.5,49.5,0.17,"Scomber japonicus","Fis-29507"
-124,49.5,0.19,"Scomber japonicus","Fis-29507"
-123.5,49.5,0.2,"Scomber japonicus","Fis-29507"
140.5,49.5,0.14,"Scomber japonicus","Fis-29507"
141,49.5,0.12,"Scomber japonicus","Fis-29507"
142.5,49.5,0.11,"Scomber japonicus","Fis-29507"
145.5,49.5,0.01,"Scomber japonicus","Fis-29507"
154.5,49.5,0.12,"Scomber japonicus","Fis-29507"
155,49.5,0.1,"Scomber japonicus","Fis-29507"
155.5,49.5,0.1,"Scomber japonicus","Fis-29507"
156,49.5,0.12,"Scomber japonicus","Fis-29507"
156.5,49.5,0.15,"Scomber japonicus","Fis-29507"
157,49.5,0.16,"Scomber japonicus","Fis-29507"
-127,49,0.88,"Scomber japonicus","Fis-29507"
-126.5,49,0.78,"Scomber japonicus","Fis-29507"
-126,49,0.66,"Scomber japonicus","Fis-29507"
-125.5,49,0.54,"Scomber japonicus","Fis-29507"
-125,49,0.02,"Scomber japonicus","Fis-29507"
-124.5,49,0.31,"Scomber japonicus","Fis-29507"
-124,49,0.18,"Scomber japonicus","Fis-29507"
-123.5,49,0.2,"Scomber japonicus","Fis-29507"
-123,49,0.22,"Scomber japonicus","Fis-29507"
-122.5,49,0.07,"Scomber japonicus","Fis-29507"
140.5,49,0.18,"Scomber japonicus","Fis-29507"
141,49,0.19,"Scomber japonicus","Fis-29507"
142,49,0.17,"Scomber japonicus","Fis-29507"
142.5,49,0.19,"Scomber japonicus","Fis-29507"
143,49,0.19,"Scomber japonicus","Fis-29507"
143.5,49,0.22,"Scomber japonicus","Fis-29507"
144,49,0.15,"Scomber japonicus","Fis-29507"
144.5,49,0.03,"Scomber japonicus","Fis-29507"
145,49,0.01,"Scomber japonicus","Fis-29507"
145.5,49,0.02,"Scomber japonicus","Fis-29507"
154,49,0.12,"Scomber japonicus","Fis-29507"
154.5,49,0.09,"Scomber japonicus","Fis-29507"
155,49,0.07,"Scomber japonicus","Fis-29507"
155.5,49,0.09,"Scomber japonicus","Fis-29507"
156,49,0.14,"Scomber japonicus","Fis-29507"
-126,48.5,0.81,"Scomber japonicus","Fis-29507"
-125.5,48.5,0.68,"Scomber japonicus","Fis-29507"
-125,48.5,0.55,"Scomber japonicus","Fis-29507"
-124.5,48.5,0.37,"Scomber japonicus","Fis-29507"
-124,48.5,0.2,"Scomber japonicus","Fis-29507"
-123.5,48.5,0.13,"Scomber japonicus","Fis-29507"
-123,48.5,0.14,"Scomber japonicus","Fis-29507"
-122.5,48.5,0.14,"Scomber japonicus","Fis-29507"
-122,48.5,0.08,"Scomber japonicus","Fis-29507"
140.5,48.5,0.18,"Scomber japonicus","Fis-29507"
141,48.5,0.28,"Scomber japonicus","Fis-29507"
142,48.5,0.28,"Scomber japonicus","Fis-29507"
142.5,48.5,0.2,"Scomber japonicus","Fis-29507"
143,48.5,0.22,"Scomber japonicus","Fis-29507"
143.5,48.5,0.22,"Scomber japonicus","Fis-29507"
144,48.5,0.17,"Scomber japonicus","Fis-29507"
144.5,48.5,0.1,"Scomber japonicus","Fis-29507"
145,48.5,0.05,"Scomber japonicus","Fis-29507"
145.5,48.5,0.03,"Scomber japonicus","Fis-29507"
154,48.5,0.1,"Scomber japonicus","Fis-29507"
154.5,48.5,0.07,"Scomber japonicus","Fis-29507"
155,48.5,0.08,"Scomber japonicus","Fis-29507"
155.5,48.5,0.13,"Scomber japonicus","Fis-29507"
-126,48,0.93,"Scomber japonicus","Fis-29507"
-125.5,48,0.81,"Scomber japonicus","Fis-29507"
-125,48,0.6,"Scomber japonicus","Fis-29507"
-124.5,48,0.35,"Scomber japonicus","Fis-29507"
-124,48,0.18,"Scomber japonicus","Fis-29507"
-123.5,48,0.09,"Scomber japonicus","Fis-29507"
-123,48,0.08,"Scomber japonicus","Fis-29507"
-122.5,48,0.05,"Scomber japonicus","Fis-29507"
-122,48,0.09,"Scomber japonicus","Fis-29507"
140,48,0.33,"Scomber japonicus","Fis-29507"
140.5,48,0.39,"Scomber japonicus","Fis-29507"
141,48,0.46,"Scomber japonicus","Fis-29507"
141.5,48,0.47,"Scomber japonicus","Fis-29507"
142,48,0.45,"Scomber japonicus","Fis-29507"
142.5,48,0.3,"Scomber japonicus","Fis-29507"
143,48,0.21,"Scomber japonicus","Fis-29507"
143.5,48,0.19,"Scomber japonicus","Fis-29507"
144,48,0.14,"Scomber japonicus","Fis-29507"
144.5,48,0.05,"Scomber japonicus","Fis-29507"
145,48,0.05,"Scomber japonicus","Fis-29507"
145.5,48,0.05,"Scomber japonicus","Fis-29507"
153.5,48,0.11,"Scomber japonicus","Fis-29507"
154,48,0.09,"Scomber japonicus","Fis-29507"
154.5,48,0.08,"Scomber japonicus","Fis-29507"
155,48,0.11,"Scomber japonicus","Fis-29507"
155.5,48,0.17,"Scomber japonicus","Fis-29507"
-125.5,47.5,0.36,"Scomber japonicus","Fis-29507"
-125,47.5,0.7,"Scomber japonicus","Fis-29507"
-124.5,47.5,0.65,"Scomber japonicus","Fis-29507"
-124,47.5,0.43,"Scomber japonicus","Fis-29507"
-122,47.5,0.11,"Scomber japonicus","Fis-29507"
139.5,47.5,0.45,"Scomber japonicus","Fis-29507"
140,47.5,0.47,"Scomber japonicus","Fis-29507"
141.5,47.5,0.54,"Scomber japonicus","Fis-29507"
142,47.5,0.51,"Scomber japonicus","Fis-29507"
142.5,47.5,0.35,"Scomber japonicus","Fis-29507"
143,47.5,0.2,"Scomber japonicus","Fis-29507"
143.5,47.5,0.16,"Scomber japonicus","Fis-29507"
144,47.5,0.11,"Scomber japonicus","Fis-29507"
144.5,47.5,0.02,"Scomber japonicus","Fis-29507"
153,47.5,0.12,"Scomber japonicus","Fis-29507"
153.5,47.5,0.12,"Scomber japonicus","Fis-29507"
-124.5,47,0.74,"Scomber japonicus","Fis-29507"
-124,47,0.69,"Scomber japonicus","Fis-29507"
-122,47,0.13,"Scomber japonicus","Fis-29507"
139,47,0.49,"Scomber japonicus","Fis-29507"
139.5,47,0.52,"Scomber japonicus","Fis-29507"
140,47,0.11,"Scomber japonicus","Fis-29507"
142,47,0.6,"Scomber japonicus","Fis-29507"
142.5,47,0.41,"Scomber japonicus","Fis-29507"
143,47,0.27,"Scomber japonicus","Fis-29507"
143.5,47,0.14,"Scomber japonicus","Fis-29507"
144,47,0.07,"Scomber japonicus","Fis-29507"
152,47,0.12,"Scomber japonicus","Fis-29507"
152.5,47,0.14,"Scomber japonicus","Fis-29507"
153,47,0.14,"Scomber japonicus","Fis-29507"
-130.5,46.5,0.99,"Scomber japonicus","Fis-29507"
-124.5,46.5,0.78,"Scomber japonicus","Fis-29507"
-124,46.5,0.32,"Scomber japonicus","Fis-29507"
-123.5,46.5,0.16,"Scomber japonicus","Fis-29507"
138.5,46.5,0.49,"Scomber japonicus","Fis-29507"
139,46.5,0.54,"Scomber japonicus","Fis-29507"
139.5,46.5,0.13,"Scomber japonicus","Fis-29507"
141.5,46.5,0.71,"Scomber japonicus","Fis-29507"
142,46.5,0.64,"Scomber japonicus","Fis-29507"
142.5,46.5,0.43,"Scomber japonicus","Fis-29507"
143,46.5,0.33,"Scomber japonicus","Fis-29507"
143.5,46.5,0.22,"Scomber japonicus","Fis-29507"
144,46.5,0.15,"Scomber japonicus","Fis-29507"
151,46.5,0.2,"Scomber japonicus","Fis-29507"
151.5,46.5,0.1,"Scomber japonicus","Fis-29507"
152,46.5,0.16,"Scomber japonicus","Fis-29507"
152.5,46.5,0.18,"Scomber japonicus","Fis-29507"
-124.5,46,0.64,"Scomber japonicus","Fis-29507"
-124,46,0.11,"Scomber japonicus","Fis-29507"
-123.5,46,0.06,"Scomber japonicus","Fis-29507"
138,46,0.5,"Scomber japonicus","Fis-29507"
138.5,46,0.55,"Scomber japonicus","Fis-29507"
139,46,0.04,"Scomber japonicus","Fis-29507"
141.5,46,0.77,"Scomber japonicus","Fis-29507"
142,46,0.65,"Scomber japonicus","Fis-29507"
142.5,46,0.49,"Scomber japonicus","Fis-29507"
143,46,0.44,"Scomber japonicus","Fis-29507"
143.5,46,0.38,"Scomber japonicus","Fis-29507"
144,46,0.23,"Scomber japonicus","Fis-29507"
150,46,0.27,"Scomber japonicus","Fis-29507"
150.5,46,0.23,"Scomber japonicus","Fis-29507"
151,46,0.2,"Scomber japonicus","Fis-29507"
151.5,46,0.13,"Scomber japonicus","Fis-29507"
-124.5,45.5,0.72,"Scomber japonicus","Fis-29507"
-124,45.5,0.32,"Scomber japonicus","Fis-29507"
-123.5,45.5,0.29,"Scomber japonicus","Fis-29507"
137.5,45.5,0.52,"Scomber japonicus","Fis-29507"
138,45.5,0.55,"Scomber japonicus","Fis-29507"
138.5,45.5,0.6,"Scomber japonicus","Fis-29507"
141,45.5,0.87,"Scomber japonicus","Fis-29507"
141.5,45.5,0.85,"Scomber japonicus","Fis-29507"
142,45.5,0.73,"Scomber japonicus","Fis-29507"
142.5,45.5,0.57,"Scomber japonicus","Fis-29507"
143,45.5,0.44,"Scomber japonicus","Fis-29507"
143.5,45.5,0.36,"Scomber japonicus","Fis-29507"
144,45.5,0.31,"Scomber japonicus","Fis-29507"
148.5,45.5,0.12,"Scomber japonicus","Fis-29507"
149,45.5,0.35,"Scomber japonicus","Fis-29507"
149.5,45.5,0.3,"Scomber japonicus","Fis-29507"
150,45.5,0.25,"Scomber japonicus","Fis-29507"
150.5,45.5,0.23,"Scomber japonicus","Fis-29507"
151,45.5,0.15,"Scomber japonicus","Fis-29507"
-124,45,0.65,"Scomber japonicus","Fis-29507"
-123.5,45,0.43,"Scomber japonicus","Fis-29507"
137,45,0.53,"Scomber japonicus","Fis-29507"
137.5,45,0.56,"Scomber japonicus","Fis-29507"
138,45,0.47,"Scomber japonicus","Fis-29507"
140.5,45,0.91,"Scomber japonicus","Fis-29507"
141,45,0.95,"Scomber japonicus","Fis-29507"
141.5,45,0.96,"Scomber japonicus","Fis-29507"
142,45,0.81,"Scomber japonicus","Fis-29507"
142.5,45,0.62,"Scomber japonicus","Fis-29507"
143,45,0.51,"Scomber japonicus","Fis-29507"
143.5,45,0.42,"Scomber japonicus","Fis-29507"
144,45,0.37,"Scomber japonicus","Fis-29507"
144.5,45,0.37,"Scomber japonicus","Fis-29507"
147.5,45,0.39,"Scomber japonicus","Fis-29507"
148,45,0.39,"Scomber japonicus","Fis-29507"
148.5,45,0.37,"Scomber japonicus","Fis-29507"
149,45,0.34,"Scomber japonicus","Fis-29507"
149.5,45,0.3,"Scomber japonicus","Fis-29507"
150,45,0.28,"Scomber japonicus","Fis-29507"
150.5,45,0.24,"Scomber japonicus","Fis-29507"
-124.5,44.5,0.84,"Scomber japonicus","Fis-29507"
-124,44.5,0.87,"Scomber japonicus","Fis-29507"
136.5,44.5,0.56,"Scomber japonicus","Fis-29507"
137,44.5,0.58,"Scomber japonicus","Fis-29507"
137.5,44.5,0.62,"Scomber japonicus","Fis-29507"
140,44.5,0.61,"Scomber japonicus","Fis-29507"
140.5,44.5,1,"Scomber japonicus","Fis-29507"
141,44.5,1,"Scomber japonicus","Fis-29507"
141.5,44.5,1,"Scomber japonicus","Fis-29507"
142,44.5,0.95,"Scomber japonicus","Fis-29507"
143,44.5,0.54,"Scomber japonicus","Fis-29507"
143.5,44.5,0.5,"Scomber japonicus","Fis-29507"
144,44.5,0.44,"Scomber japonicus","Fis-29507"
144.5,44.5,0.4,"Scomber japonicus","Fis-29507"
145,44.5,0.01,"Scomber japonicus","Fis-29507"
146.5,44.5,0.43,"Scomber japonicus","Fis-29507"
147,44.5,0.41,"Scomber japonicus","Fis-29507"
147.5,44.5,0.39,"Scomber japonicus","Fis-29507"
148,44.5,0.37,"Scomber japonicus","Fis-29507"
148.5,44.5,0.35,"Scomber japonicus","Fis-29507"
149,44.5,0.35,"Scomber japonicus","Fis-29507"
149.5,44.5,0.36,"Scomber japonicus","Fis-29507"
-124.5,44,0.92,"Scomber japonicus","Fis-29507"
-124,44,0.94,"Scomber japonicus","Fis-29507"
136,44,0.57,"Scomber japonicus","Fis-29507"
136.5,44,0.6,"Scomber japonicus","Fis-29507"
137,44,0.46,"Scomber japonicus","Fis-29507"
140.5,44,1,"Scomber japonicus","Fis-29507"
141,44,1,"Scomber japonicus","Fis-29507"
141.5,44,1,"Scomber japonicus","Fis-29507"
142,44,0.93,"Scomber japonicus","Fis-29507"
143.5,44,0.56,"Scomber japonicus","Fis-29507"
144,44,0.52,"Scomber japonicus","Fis-29507"
144.5,44,0.48,"Scomber japonicus","Fis-29507"
145,44,0.45,"Scomber japonicus","Fis-29507"
145.5,44,0.48,"Scomber japonicus","Fis-29507"
146,44,0.49,"Scomber japonicus","Fis-29507"
146.5,44,0.48,"Scomber japonicus","Fis-29507"
147,44,0.43,"Scomber japonicus","Fis-29507"
147.5,44,0.4,"Scomber japonicus","Fis-29507"
148,44,0.38,"Scomber japonicus","Fis-29507"
148.5,44,0.14,"Scomber japonicus","Fis-29507"
-124.5,43.5,0.99,"Scomber japonicus","Fis-29507"
-124,43.5,0.96,"Scomber japonicus","Fis-29507"
135.5,43.5,0.6,"Scomber japonicus","Fis-29507"
136,43.5,0.63,"Scomber japonicus","Fis-29507"
140.5,43.5,0.44,"Scomber japonicus","Fis-29507"
141,43.5,1,"Scomber japonicus","Fis-29507"
141.5,43.5,1,"Scomber japonicus","Fis-29507"
142,43.5,0.95,"Scomber japonicus","Fis-29507"
144.5,43.5,0.13,"Scomber japonicus","Fis-29507"
145,43.5,0.33,"Scomber japonicus","Fis-29507"
145.5,43.5,0.56,"Scomber japonicus","Fis-29507"
146,43.5,0.54,"Scomber japonicus","Fis-29507"
146.5,43.5,0.49,"Scomber japonicus","Fis-29507"
147,43.5,0.44,"Scomber japonicus","Fis-29507"
147.5,43.5,0.43,"Scomber japonicus","Fis-29507"
148,43.5,0.43,"Scomber japonicus","Fis-29507"
-124.5,43,0.98,"Scomber japonicus","Fis-29507"
-124,43,0.94,"Scomber japonicus","Fis-29507"
132,43,0.7,"Scomber japonicus","Fis-29507"
132.5,43,0.69,"Scomber japonicus","Fis-29507"
134.5,43,0.64,"Scomber japonicus","Fis-29507"
135,43,0.63,"Scomber japonicus","Fis-29507"
135.5,43,0.67,"Scomber japonicus","Fis-29507"
140.5,43,1,"Scomber japonicus","Fis-29507"
141,43,1,"Scomber japonicus","Fis-29507"
141.5,43,1,"Scomber japonicus","Fis-29507"
144.5,43,0.02,"Scomber japonicus","Fis-29507"
145,43,0.58,"Scomber japonicus","Fis-29507"
145.5,43,0.56,"Scomber japonicus","Fis-29507"
146,43,0.53,"Scomber japonicus","Fis-29507"
146.5,43,0.52,"Scomber japonicus","Fis-29507"
147,43,0.52,"Scomber japonicus","Fis-29507"
-124.5,42.5,0.93,"Scomber japonicus","Fis-29507"
-124,42.5,0.86,"Scomber japonicus","Fis-29507"
131,42.5,0.06,"Scomber japonicus","Fis-29507"
131.5,42.5,0.75,"Scomber japonicus","Fis-29507"
132,42.5,0.71,"Scomber japonicus","Fis-29507"
132.5,42.5,0.69,"Scomber japonicus","Fis-29507"
133,42.5,0.68,"Scomber japonicus","Fis-29507"
133.5,42.5,0.67,"Scomber japonicus","Fis-29507"
134,42.5,0.67,"Scomber japonicus","Fis-29507"
134.5,42.5,0.69,"Scomber japonicus","Fis-29507"
135,42.5,0.5,"Scomber japonicus","Fis-29507"
140,42.5,1,"Scomber japonicus","Fis-29507"
140.5,42.5,1,"Scomber japonicus","Fis-29507"
141,42.5,1,"Scomber japonicus","Fis-29507"
141.5,42.5,1,"Scomber japonicus","Fis-29507"
142,42.5,0.97,"Scomber japonicus","Fis-29507"
143.5,42.5,0.72,"Scomber japonicus","Fis-29507"
144,42.5,0.66,"Scomber japonicus","Fis-29507"
144.5,42.5,0.65,"Scomber japonicus","Fis-29507"
145,42.5,0.64,"Scomber japonicus","Fis-29507"
145.5,42.5,0.63,"Scomber japonicus","Fis-29507"
146,42.5,0.63,"Scomber japonicus","Fis-29507"
-124.5,42,0.93,"Scomber japonicus","Fis-29507"
-124,42,0.77,"Scomber japonicus","Fis-29507"
130.5,42,0.91,"Scomber japonicus","Fis-29507"
131,42,0.87,"Scomber japonicus","Fis-29507"
131.5,42,0.83,"Scomber japonicus","Fis-29507"
139.5,42,1,"Scomber japonicus","Fis-29507"
140,42,1,"Scomber japonicus","Fis-29507"
140.5,42,1,"Scomber japonicus","Fis-29507"
141,42,1,"Scomber japonicus","Fis-29507"
141.5,42,0.97,"Scomber japonicus","Fis-29507"
142,42,0.94,"Scomber japonicus","Fis-29507"
142.5,42,0.91,"Scomber japonicus","Fis-29507"
143,42,0.83,"Scomber japonicus","Fis-29507"
143.5,42,0.73,"Scomber japonicus","Fis-29507"
144,42,0.7,"Scomber japonicus","Fis-29507"
-124.5,41.5,0.08,"Scomber japonicus","Fis-29507"
-124,41.5,0.68,"Scomber japonicus","Fis-29507"
130,41.5,0.97,"Scomber japonicus","Fis-29507"
130.5,41.5,0.96,"Scomber japonicus","Fis-29507"
139.5,41.5,1,"Scomber japonicus","Fis-29507"
140,41.5,1,"Scomber japonicus","Fis-29507"
140.5,41.5,1,"Scomber japonicus","Fis-29507"
141,41.5,1,"Scomber japonicus","Fis-29507"
141.5,41.5,1,"Scomber japonicus","Fis-29507"
142,41.5,1,"Scomber japonicus","Fis-29507"
143,41.5,0.92,"Scomber japonicus","Fis-29507"
143.5,41.5,0.8,"Scomber japonicus","Fis-29507"
144,41.5,0.78,"Scomber japonicus","Fis-29507"
-124.5,41,1,"Scomber japonicus","Fis-29507"
-124,41,0.73,"Scomber japonicus","Fis-29507"
122,41,0.01,"Scomber japonicus","Fis-29507"
130,41,1,"Scomber japonicus","Fis-29507"
140,41,1,"Scomber japonicus","Fis-29507"
140.5,41,1,"Scomber japonicus","Fis-29507"
141,41,1,"Scomber japonicus","Fis-29507"
141.5,41,1,"Scomber japonicus","Fis-29507"
142,41,1,"Scomber japonicus","Fis-29507"
-124.5,40.5,0.99,"Scomber japonicus","Fis-29507"
-124,40.5,0.88,"Scomber japonicus","Fis-29507"
121,40.5,0.39,"Scomber japonicus","Fis-29507"
121.5,40.5,0.37,"Scomber japonicus","Fis-29507"
122,40.5,0.29,"Scomber japonicus","Fis-29507"
122.5,40.5,0.36,"Scomber japonicus","Fis-29507"
129.5,40.5,1,"Scomber japonicus","Fis-29507"
130,40.5,1,"Scomber japonicus","Fis-29507"
140,40.5,1,"Scomber japonicus","Fis-29507"
140.5,40.5,1,"Scomber japonicus","Fis-29507"
141,40.5,1,"Scomber japonicus","Fis-29507"
141.5,40.5,1,"Scomber japonicus","Fis-29507"
142,40.5,1,"Scomber japonicus","Fis-29507"
142.5,40.5,1,"Scomber japonicus","Fis-29507"
-124.5,40,0.99,"Scomber japonicus","Fis-29507"
-124,40,0.97,"Scomber japonicus","Fis-29507"
120,40,0.35,"Scomber japonicus","Fis-29507"
120.5,40,0.52,"Scomber japonicus","Fis-29507"
121,40,0.5,"Scomber japonicus","Fis-29507"
121.5,40,0.43,"Scomber japonicus","Fis-29507"
122,40,0.32,"Scomber japonicus","Fis-29507"
122.5,40,0.51,"Scomber japonicus","Fis-29507"
128.5,40,1,"Scomber japonicus","Fis-29507"
129,40,1,"Scomber japonicus","Fis-29507"
129.5,40,1,"Scomber japonicus","Fis-29507"
140,40,1,"Scomber japonicus","Fis-29507"
140.5,40,0.9,"Scomber japonicus","Fis-29507"
142,40,1,"Scomber japonicus","Fis-29507"
142.5,40,1,"Scomber japonicus","Fis-29507"
-124,39.5,0.99,"Scomber japonicus","Fis-29507"
-123.5,39.5,0.8,"Scomber japonicus","Fis-29507"
119.5,39.5,0.45,"Scomber japonicus","Fis-29507"
120,39.5,0.48,"Scomber japonicus","Fis-29507"
120.5,39.5,0.39,"Scomber japonicus","Fis-29507"
121,39.5,0.53,"Scomber japonicus","Fis-29507"
121.5,39.5,0.51,"Scomber japonicus","Fis-29507"
122,39.5,0.3,"Scomber japonicus","Fis-29507"
123,39.5,0.77,"Scomber japonicus","Fis-29507"
123.5,39.5,0.89,"Scomber japonicus","Fis-29507"
124,39.5,0.89,"Scomber japonicus","Fis-29507"
124.5,39.5,0.89,"Scomber japonicus","Fis-29507"
125,39.5,0.86,"Scomber japonicus","Fis-29507"
125.5,39.5,0.57,"Scomber japonicus","Fis-29507"
126,39.5,0.02,"Scomber japonicus","Fis-29507"
128,39.5,1,"Scomber japonicus","Fis-29507"
128.5,39.5,1,"Scomber japonicus","Fis-29507"
129,39.5,1,"Scomber japonicus","Fis-29507"
134,39.5,0.51,"Scomber japonicus","Fis-29507"
140,39.5,1,"Scomber japonicus","Fis-29507"
140.5,39.5,1,"Scomber japonicus","Fis-29507"
142,39.5,1,"Scomber japonicus","Fis-29507"
142.5,39.5,1,"Scomber japonicus","Fis-29507"
-123.5,39,0.94,"Scomber japonicus","Fis-29507"
119.5,39,0.26,"Scomber japonicus","Fis-29507"
120,39,0.41,"Scomber japonicus","Fis-29507"
120.5,39,0.37,"Scomber japonicus","Fis-29507"
121,39,0.48,"Scomber japonicus","Fis-29507"
121.5,39,0.56,"Scomber japonicus","Fis-29507"
122,39,0.72,"Scomber japonicus","Fis-29507"
122.5,39,0.75,"Scomber japonicus","Fis-29507"
123,39,0.91,"Scomber japonicus","Fis-29507"
123.5,39,0.92,"Scomber japonicus","Fis-29507"
124,39,0.93,"Scomber japonicus","Fis-29507"
124.5,39,0.93,"Scomber japonicus","Fis-29507"
125,39,0.89,"Scomber japonicus","Fis-29507"
125.5,39,0.8,"Scomber japonicus","Fis-29507"
127.5,39,1,"Scomber japonicus","Fis-29507"
128,39,1,"Scomber japonicus","Fis-29507"
128.5,39,1,"Scomber japonicus","Fis-29507"
134.5,39,0.59,"Scomber japonicus","Fis-29507"
135,39,0.36,"Scomber japonicus","Fis-29507"
135.5,39,1,"Scomber japonicus","Fis-29507"
139,39,1,"Scomber japonicus","Fis-29507"
140,39,1,"Scomber japonicus","Fis-29507"
140.5,39,1,"Scomber japonicus","Fis-29507"
142,39,1,"Scomber japonicus","Fis-29507"
142.5,39,1,"Scomber japonicus","Fis-29507"
-123.5,38.5,1,"Scomber japonicus","Fis-29507"
-123,38.5,0.7,"Scomber japonicus","Fis-29507"
119.5,38.5,0.29,"Scomber japonicus","Fis-29507"
120,38.5,0.46,"Scomber japonicus","Fis-29507"
120.5,38.5,0.5,"Scomber japonicus","Fis-29507"
121,38.5,0.57,"Scomber japonicus","Fis-29507"
121.5,38.5,0.66,"Scomber japonicus","Fis-29507"
122,38.5,0.79,"Scomber japonicus","Fis-29507"
122.5,38.5,0.83,"Scomber japonicus","Fis-29507"
123,38.5,0.85,"Scomber japonicus","Fis-29507"
123.5,38.5,0.88,"Scomber japonicus","Fis-29507"
124,38.5,0.91,"Scomber japonicus","Fis-29507"
124.5,38.5,0.93,"Scomber japonicus","Fis-29507"
125,38.5,0.89,"Scomber japonicus","Fis-29507"
125.5,38.5,0.85,"Scomber japonicus","Fis-29507"
126,38.5,0.01,"Scomber japonicus","Fis-29507"
128,38.5,0.5,"Scomber japonicus","Fis-29507"
128.5,38.5,1,"Scomber japonicus","Fis-29507"
129,38.5,1,"Scomber japonicus","Fis-29507"
134.5,38.5,0.36,"Scomber japonicus","Fis-29507"
138.5,38.5,1,"Scomber japonicus","Fis-29507"
139,38.5,1,"Scomber japonicus","Fis-29507"
139.5,38.5,1,"Scomber japonicus","Fis-29507"
140,38.5,1,"Scomber japonicus","Fis-29507"
141.5,38.5,0.3,"Scomber japonicus","Fis-29507"
142,38.5,1,"Scomber japonicus","Fis-29507"
142.5,38.5,0.92,"Scomber japonicus","Fis-29507"
-123.5,38,1,"Scomber japonicus","Fis-29507"
-123,38,0.96,"Scomber japonicus","Fis-29507"
-122.5,38,0.43,"Scomber japonicus","Fis-29507"
-122,38,0.3,"Scomber japonicus","Fis-29507"
120,38,0.13,"Scomber japonicus","Fis-29507"
120.5,38,0.17,"Scomber japonicus","Fis-29507"
121,38,0.28,"Scomber japonicus","Fis-29507"
121.5,38,0.33,"Scomber japonicus","Fis-29507"
122,38,0.68,"Scomber japonicus","Fis-29507"
122.5,38,0.76,"Scomber japonicus","Fis-29507"
123,38,0.83,"Scomber japonicus","Fis-29507"
123.5,38,0.87,"Scomber japonicus","Fis-29507"
124,38,0.91,"Scomber japonicus","Fis-29507"
124.5,38,0.92,"Scomber japonicus","Fis-29507"
125,38,0.83,"Scomber japonicus","Fis-29507"
125.5,38,0.07,"Scomber japonicus","Fis-29507"
126,38,0.02,"Scomber japonicus","Fis-29507"
128.5,38,0.04,"Scomber japonicus","Fis-29507"
129,38,1,"Scomber japonicus","Fis-29507"
137,38,1,"Scomber japonicus","Fis-29507"
137.5,38,1,"Scomber japonicus","Fis-29507"
138.5,38,1,"Scomber japonicus","Fis-29507"
139,38,1,"Scomber japonicus","Fis-29507"
139.5,38,1,"Scomber japonicus","Fis-29507"
141,38,0.82,"Scomber japonicus","Fis-29507"
141.5,38,1,"Scomber japonicus","Fis-29507"
142,38,1,"Scomber japonicus","Fis-29507"
142.5,38,0.29,"Scomber japonicus","Fis-29507"
-123,37.5,1,"Scomber japonicus","Fis-29507"
-122.5,37.5,0.22,"Scomber japonicus","Fis-29507"
-122,37.5,0.14,"Scomber japonicus","Fis-29507"
121,37.5,0.06,"Scomber japonicus","Fis-29507"
121.5,37.5,0.12,"Scomber japonicus","Fis-29507"
122,37.5,0.2,"Scomber japonicus","Fis-29507"
122.5,37.5,0.5,"Scomber japonicus","Fis-29507"
123,37.5,0.7,"Scomber japonicus","Fis-29507"
123.5,37.5,0.85,"Scomber japonicus","Fis-29507"
124,37.5,0.87,"Scomber japonicus","Fis-29507"
124.5,37.5,0.93,"Scomber japonicus","Fis-29507"
125,37.5,0.86,"Scomber japonicus","Fis-29507"
125.5,37.5,0.47,"Scomber japonicus","Fis-29507"
126,37.5,0.35,"Scomber japonicus","Fis-29507"
126.5,37.5,0.14,"Scomber japonicus","Fis-29507"
127,37.5,0.05,"Scomber japonicus","Fis-29507"
129,37.5,1,"Scomber japonicus","Fis-29507"
129.5,37.5,1,"Scomber japonicus","Fis-29507"
131,37.5,1,"Scomber japonicus","Fis-29507"
136.5,37.5,1,"Scomber japonicus","Fis-29507"
137,37.5,1,"Scomber japonicus","Fis-29507"
137.5,37.5,1,"Scomber japonicus","Fis-29507"
138,37.5,1,"Scomber japonicus","Fis-29507"
138.5,37.5,1,"Scomber japonicus","Fis-29507"
139,37.5,1,"Scomber japonicus","Fis-29507"
139.5,37.5,1,"Scomber japonicus","Fis-29507"
141,37.5,1,"Scomber japonicus","Fis-29507"
141.5,37.5,1,"Scomber japonicus","Fis-29507"
142,37.5,1,"Scomber japonicus","Fis-29507"
-122.5,37,0.4,"Scomber japonicus","Fis-29507"
-122,37,0.39,"Scomber japonicus","Fis-29507"
122,37,0.02,"Scomber japonicus","Fis-29507"
122.5,37,0.23,"Scomber japonicus","Fis-29507"
123,37,0.42,"Scomber japonicus","Fis-29507"
123.5,37,0.84,"Scomber japonicus","Fis-29507"
124,37,0.9,"Scomber japonicus","Fis-29507"
124.5,37,0.93,"Scomber japonicus","Fis-29507"
125,37,0.93,"Scomber japonicus","Fis-29507"
125.5,37,0.63,"Scomber japonicus","Fis-29507"
126,37,0.62,"Scomber japonicus","Fis-29507"
126.5,37,0.22,"Scomber japonicus","Fis-29507"
127,37,0.37,"Scomber japonicus","Fis-29507"
129.5,37,1,"Scomber japonicus","Fis-29507"
130,37,1,"Scomber japonicus","Fis-29507"
131,37,1,"Scomber japonicus","Fis-29507"
132,37,1,"Scomber japonicus","Fis-29507"
132.5,37,1,"Scomber japonicus","Fis-29507"
133,37,1,"Scomber japonicus","Fis-29507"
133.5,37,1,"Scomber japonicus","Fis-29507"
136.5,37,1,"Scomber japonicus","Fis-29507"
137,37,1,"Scomber japonicus","Fis-29507"
137.5,37,1,"Scomber japonicus","Fis-29507"
138,37,1,"Scomber japonicus","Fis-29507"
138.5,37,1,"Scomber japonicus","Fis-29507"
139,37,1,"Scomber japonicus","Fis-29507"
141,37,0.04,"Scomber japonicus","Fis-29507"
141.5,37,1,"Scomber japonicus","Fis-29507"
142,37,1,"Scomber japonicus","Fis-29507"
-122,36.5,0.64,"Scomber japonicus","Fis-29507"
-121.5,36.5,0.52,"Scomber japonicus","Fis-29507"
121,36.5,0.01,"Scomber japonicus","Fis-29507"
121.5,36.5,0.59,"Scomber japonicus","Fis-29507"
122,36.5,0.6,"Scomber japonicus","Fis-29507"
122.5,36.5,0.63,"Scomber japonicus","Fis-29507"
123,36.5,0.72,"Scomber japonicus","Fis-29507"
123.5,36.5,0.85,"Scomber japonicus","Fis-29507"
124,36.5,0.92,"Scomber japonicus","Fis-29507"
124.5,36.5,0.95,"Scomber japonicus","Fis-29507"
125,36.5,0.96,"Scomber japonicus","Fis-29507"
125.5,36.5,0.82,"Scomber japonicus","Fis-29507"
126,36.5,0.45,"Scomber japonicus","Fis-29507"
126.5,36.5,0.46,"Scomber japonicus","Fis-29507"
127,36.5,0.28,"Scomber japonicus","Fis-29507"
129.5,36.5,1,"Scomber japonicus","Fis-29507"
130,36.5,1,"Scomber japonicus","Fis-29507"
133,36.5,1,"Scomber japonicus","Fis-29507"
133.5,36.5,1,"Scomber japonicus","Fis-29507"
134,36.5,0.68,"Scomber japonicus","Fis-29507"
135,36.5,0.92,"Scomber japonicus","Fis-29507"
136.5,36.5,1,"Scomber japonicus","Fis-29507"
137,36.5,1,"Scomber japonicus","Fis-29507"
137.5,36.5,1,"Scomber japonicus","Fis-29507"
138,36.5,0.08,"Scomber japonicus","Fis-29507"
141,36.5,1,"Scomber japonicus","Fis-29507"
141.5,36.5,1,"Scomber japonicus","Fis-29507"
-122,36,0.85,"Scomber japonicus","Fis-29507"
-121.5,36,0.81,"Scomber japonicus","Fis-29507"
-121,36,0.62,"Scomber japonicus","Fis-29507"
120.5,36,0.48,"Scomber japonicus","Fis-29507"
121,36,0.53,"Scomber japonicus","Fis-29507"
121.5,36,0.49,"Scomber japonicus","Fis-29507"
122,36,0.63,"Scomber japonicus","Fis-29507"
122.5,36,0.69,"Scomber japonicus","Fis-29507"
123,36,0.79,"Scomber japonicus","Fis-29507"
123.5,36,0.89,"Scomber japonicus","Fis-29507"
124,36,0.95,"Scomber japonicus","Fis-29507"
124.5,36,0.98,"Scomber japonicus","Fis-29507"
125,36,0.98,"Scomber japonicus","Fis-29507"
125.5,36,0.96,"Scomber japonicus","Fis-29507"
126,36,0.89,"Scomber japonicus","Fis-29507"
126.5,36,0.63,"Scomber japonicus","Fis-29507"
127,36,0.77,"Scomber japonicus","Fis-29507"
129.5,36,1,"Scomber japonicus","Fis-29507"
130,36,1,"Scomber japonicus","Fis-29507"
133,36,1,"Scomber japonicus","Fis-29507"
133.5,36,1,"Scomber japonicus","Fis-29507"
134,36,1,"Scomber japonicus","Fis-29507"
134.5,36,0.24,"Scomber japonicus","Fis-29507"
135,36,0.96,"Scomber japonicus","Fis-29507"
135.5,36,1,"Scomber japonicus","Fis-29507"
136,36,1,"Scomber japonicus","Fis-29507"
136.5,36,1,"Scomber japonicus","Fis-29507"
141,36,1,"Scomber japonicus","Fis-29507"
141.5,36,1,"Scomber japonicus","Fis-29507"
-121,35.5,0.88,"Scomber japonicus","Fis-29507"
120,35.5,0.26,"Scomber japonicus","Fis-29507"
120.5,35.5,0.45,"Scomber japonicus","Fis-29507"
121,35.5,0.53,"Scomber japonicus","Fis-29507"
121.5,35.5,0.49,"Scomber japonicus","Fis-29507"
122,35.5,0.67,"Scomber japonicus","Fis-29507"
122.5,35.5,0.81,"Scomber japonicus","Fis-29507"
123,35.5,0.9,"Scomber japonicus","Fis-29507"
123.5,35.5,0.95,"Scomber japonicus","Fis-29507"
124,35.5,0.98,"Scomber japonicus","Fis-29507"
124.5,35.5,1,"Scomber japonicus","Fis-29507"
125,35.5,1,"Scomber japonicus","Fis-29507"
125.5,35.5,0.97,"Scomber japonicus","Fis-29507"
126,35.5,0.91,"Scomber japonicus","Fis-29507"
126.5,35.5,0.79,"Scomber japonicus","Fis-29507"
127,35.5,0.73,"Scomber japonicus","Fis-29507"
129.5,35.5,1,"Scomber japonicus","Fis-29507"
130,35.5,1,"Scomber japonicus","Fis-29507"
130.5,35.5,1,"Scomber japonicus","Fis-29507"
131,35.5,1,"Scomber japonicus","Fis-29507"
131.5,35.5,1,"Scomber japonicus","Fis-29507"
132,35.5,1,"Scomber japonicus","Fis-29507"
132.5,35.5,1,"Scomber japonicus","Fis-29507"
133,35.5,1,"Scomber japonicus","Fis-29507"
133.5,35.5,1,"Scomber japonicus","Fis-29507"
134,35.5,1,"Scomber japonicus","Fis-29507"
134.5,35.5,1,"Scomber japonicus","Fis-29507"
135,35.5,1,"Scomber japonicus","Fis-29507"
135.5,35.5,1,"Scomber japonicus","Fis-29507"
136,35.5,1,"Scomber japonicus","Fis-29507"
136.5,35.5,0.46,"Scomber japonicus","Fis-29507"
140,35.5,0.68,"Scomber japonicus","Fis-29507"
140.5,35.5,1,"Scomber japonicus","Fis-29507"
141,35.5,1,"Scomber japonicus","Fis-29507"
141.5,35.5,1,"Scomber japonicus","Fis-29507"
171.5,35.5,0.17,"Scomber japonicus","Fis-29507"
-121.5,35,0.05,"Scomber japonicus","Fis-29507"
-121,35,1,"Scomber japonicus","Fis-29507"
-120.5,35,0.94,"Scomber japonicus","Fis-29507"
119.5,35,0.19,"Scomber japonicus","Fis-29507"
120,35,0.38,"Scomber japonicus","Fis-29507"
120.5,35,0.46,"Scomber japonicus","Fis-29507"
121,35,0.47,"Scomber japonicus","Fis-29507"
121.5,35,0.51,"Scomber japonicus","Fis-29507"
122,35,0.77,"Scomber japonicus","Fis-29507"
122.5,35,0.86,"Scomber japonicus","Fis-29507"
123,35,0.93,"Scomber japonicus","Fis-29507"
123.5,35,0.97,"Scomber japonicus","Fis-29507"
124,35,1,"Scomber japonicus","Fis-29507"
124.5,35,0.99,"Scomber japonicus","Fis-29507"
125,35,0.99,"Scomber japonicus","Fis-29507"
125.5,35,0.98,"Scomber japonicus","Fis-29507"
126,35,0.89,"Scomber japonicus","Fis-29507"
126.5,35,0.53,"Scomber japonicus","Fis-29507"
127,35,0.02,"Scomber japonicus","Fis-29507"
128,35,0.02,"Scomber japonicus","Fis-29507"
128.5,35,0.04,"Scomber japonicus","Fis-29507"
129,35,1,"Scomber japonicus","Fis-29507"
129.5,35,1,"Scomber japonicus","Fis-29507"
130,35,1,"Scomber japonicus","Fis-29507"
130.5,35,1,"Scomber japonicus","Fis-29507"
131,35,1,"Scomber japonicus","Fis-29507"
131.5,35,1,"Scomber japonicus","Fis-29507"
132,35,1,"Scomber japonicus","Fis-29507"
132.5,35,1,"Scomber japonicus","Fis-29507"
133,35,1,"Scomber japonicus","Fis-29507"
137,35,0.98,"Scomber japonicus","Fis-29507"
139,35,1,"Scomber japonicus","Fis-29507"
139.5,35,0.69,"Scomber japonicus","Fis-29507"
140,35,0.79,"Scomber japonicus","Fis-29507"
140.5,35,1,"Scomber japonicus","Fis-29507"
141,35,1,"Scomber japonicus","Fis-29507"
141.5,35,1,"Scomber japonicus","Fis-29507"
172,35,0.4,"Scomber japonicus","Fis-29507"
-121.5,34.5,0.37,"Scomber japonicus","Fis-29507"
-121,34.5,0.5,"Scomber japonicus","Fis-29507"
-120.5,34.5,1,"Scomber japonicus","Fis-29507"
-120,34.5,0.42,"Scomber japonicus","Fis-29507"
119.5,34.5,0.35,"Scomber japonicus","Fis-29507"
120,34.5,0.35,"Scomber japonicus","Fis-29507"
120.5,34.5,0.36,"Scomber japonicus","Fis-29507"
121,34.5,0.41,"Scomber japonicus","Fis-29507"
121.5,34.5,0.43,"Scomber japonicus","Fis-29507"
122,34.5,0.62,"Scomber japonicus","Fis-29507"
122.5,34.5,0.83,"Scomber japonicus","Fis-29507"
123,34.5,0.92,"Scomber japonicus","Fis-29507"
123.5,34.5,0.98,"Scomber japonicus","Fis-29507"
124,34.5,1,"Scomber japonicus","Fis-29507"
124.5,34.5,1,"Scomber japonicus","Fis-29507"
125,34.5,0.99,"Scomber japonicus","Fis-29507"
125.5,34.5,0.98,"Scomber japonicus","Fis-29507"
126,34.5,0.82,"Scomber japonicus","Fis-29507"
126.5,34.5,0.81,"Scomber japonicus","Fis-29507"
127,34.5,0.77,"Scomber japonicus","Fis-29507"
127.5,34.5,0.83,"Scomber japonicus","Fis-29507"
128,34.5,0.91,"Scomber japonicus","Fis-29507"
128.5,34.5,0.96,"Scomber japonicus","Fis-29507"
129,34.5,1,"Scomber japonicus","Fis-29507"
129.5,34.5,1,"Scomber japonicus","Fis-29507"
130,34.5,1,"Scomber japonicus","Fis-29507"
130.5,34.5,1,"Scomber japonicus","Fis-29507"
131,34.5,1,"Scomber japonicus","Fis-29507"
131.5,34.5,1,"Scomber japonicus","Fis-29507"
132,34.5,1,"Scomber japonicus","Fis-29507"
132.5,34.5,1,"Scomber japonicus","Fis-29507"
134,34.5,0.14,"Scomber japonicus","Fis-29507"
134.5,34.5,1,"Scomber japonicus","Fis-29507"
135,34.5,0.77,"Scomber japonicus","Fis-29507"
135.5,34.5,0.42,"Scomber japonicus","Fis-29507"
137,34.5,0.46,"Scomber japonicus","Fis-29507"
137.5,34.5,0.78,"Scomber japonicus","Fis-29507"
138,34.5,1,"Scomber japonicus","Fis-29507"
138.5,34.5,1,"Scomber japonicus","Fis-29507"
139,34.5,1,"Scomber japonicus","Fis-29507"
139.5,34.5,1,"Scomber japonicus","Fis-29507"
140,34.5,1,"Scomber japonicus","Fis-29507"
140.5,34.5,1,"Scomber japonicus","Fis-29507"
-120.5,34,1,"Scomber japonicus","Fis-29507"
-120,34,1,"Scomber japonicus","Fis-29507"
-119.5,34,1,"Scomber japonicus","Fis-29507"
-119,34,1,"Scomber japonicus","Fis-29507"
-118.5,34,1,"Scomber japonicus","Fis-29507"
-118,34,0.32,"Scomber japonicus","Fis-29507"
120,34,0.12,"Scomber japonicus","Fis-29507"
121,34,0.17,"Scomber japonicus","Fis-29507"
121.5,34,0.24,"Scomber japonicus","Fis-29507"
122,34,0.35,"Scomber japonicus","Fis-29507"
122.5,34,0.72,"Scomber japonicus","Fis-29507"
123,34,0.88,"Scomber japonicus","Fis-29507"
123.5,34,0.98,"Scomber japonicus","Fis-29507"
124,34,1,"Scomber japonicus","Fis-29507"
124.5,34,1,"Scomber japonicus","Fis-29507"
125,34,1,"Scomber japonicus","Fis-29507"
125.5,34,0.99,"Scomber japonicus","Fis-29507"
126,34,0.97,"Scomber japonicus","Fis-29507"
126.5,34,0.9,"Scomber japonicus","Fis-29507"
127,34,0.74,"Scomber japonicus","Fis-29507"
127.5,34,0.93,"Scomber japonicus","Fis-29507"
128,34,0.98,"Scomber japonicus","Fis-29507"
128.5,34,1,"Scomber japonicus","Fis-29507"
129,34,1,"Scomber japonicus","Fis-29507"
129.5,34,1,"Scomber japonicus","Fis-29507"
130,34,1,"Scomber japonicus","Fis-29507"
130.5,34,1,"Scomber japonicus","Fis-29507"
131,34,1,"Scomber japonicus","Fis-29507"
131.5,34,0.92,"Scomber japonicus","Fis-29507"
132,34,1,"Scomber japonicus","Fis-29507"
132.5,34,1,"Scomber japonicus","Fis-29507"
133,34,1,"Scomber japonicus","Fis-29507"
133.5,34,1,"Scomber japonicus","Fis-29507"
134,34,1,"Scomber japonicus","Fis-29507"
134.5,34,1,"Scomber japonicus","Fis-29507"
135,34,1,"Scomber japonicus","Fis-29507"
135.5,34,1,"Scomber japonicus","Fis-29507"
136.5,34,1,"Scomber japonicus","Fis-29507"
137,34,1,"Scomber japonicus","Fis-29507"
137.5,34,1,"Scomber japonicus","Fis-29507"
138.5,34,1,"Scomber japonicus","Fis-29507"
139,34,1,"Scomber japonicus","Fis-29507"
139.5,34,1,"Scomber japonicus","Fis-29507"
140,34,1,"Scomber japonicus","Fis-29507"
-120,33.5,1,"Scomber japonicus","Fis-29507"
-119.5,33.5,1,"Scomber japonicus","Fis-29507"
-119,33.5,1,"Scomber japonicus","Fis-29507"
-118.5,33.5,1,"Scomber japonicus","Fis-29507"
-118,33.5,1,"Scomber japonicus","Fis-29507"
-117.5,33.5,1,"Scomber japonicus","Fis-29507"
120.5,33.5,0.04,"Scomber japonicus","Fis-29507"
121,33.5,0.12,"Scomber japonicus","Fis-29507"
121.5,33.5,0.15,"Scomber japonicus","Fis-29507"
122,33.5,0.26,"Scomber japonicus","Fis-29507"
122.5,33.5,0.49,"Scomber japonicus","Fis-29507"
123,33.5,0.83,"Scomber japonicus","Fis-29507"
123.5,33.5,0.95,"Scomber japonicus","Fis-29507"
124,33.5,1,"Scomber japonicus","Fis-29507"
124.5,33.5,1,"Scomber japonicus","Fis-29507"
125,33.5,1,"Scomber japonicus","Fis-29507"
125.5,33.5,1,"Scomber japonicus","Fis-29507"
126,33.5,1,"Scomber japonicus","Fis-29507"
126.5,33.5,1,"Scomber japonicus","Fis-29507"
127,33.5,1,"Scomber japonicus","Fis-29507"
127.5,33.5,1,"Scomber japonicus","Fis-29507"
128,33.5,1,"Scomber japonicus","Fis-29507"
128.5,33.5,1,"Scomber japonicus","Fis-29507"
129,33.5,1,"Scomber japonicus","Fis-29507"
129.5,33.5,1,"Scomber japonicus","Fis-29507"
130,33.5,1,"Scomber japonicus","Fis-29507"
130.5,33.5,1,"Scomber japonicus","Fis-29507"
131,33.5,0.64,"Scomber japonicus","Fis-29507"
131.5,33.5,1,"Scomber japonicus","Fis-29507"
132,33.5,1,"Scomber japonicus","Fis-29507"
132.5,33.5,1,"Scomber japonicus","Fis-29507"
133,33.5,1,"Scomber japonicus","Fis-29507"
133.5,33.5,1,"Scomber japonicus","Fis-29507"
134,33.5,1,"Scomber japonicus","Fis-29507"
134.5,33.5,1,"Scomber japonicus","Fis-29507"
135,33.5,1,"Scomber japonicus","Fis-29507"
135.5,33.5,1,"Scomber japonicus","Fis-29507"
136,33.5,1,"Scomber japonicus","Fis-29507"
136.5,33.5,1,"Scomber japonicus","Fis-29507"
139,33.5,1,"Scomber japonicus","Fis-29507"
139.5,33.5,0.46,"Scomber japonicus","Fis-29507"
140,33.5,1,"Scomber japonicus","Fis-29507"
140.5,33.5,1,"Scomber japonicus","Fis-29507"
-119.5,33,1,"Scomber japonicus","Fis-29507"
-119,33,1,"Scomber japonicus","Fis-29507"
-118.5,33,1,"Scomber japonicus","Fis-29507"
-118,33,1,"Scomber japonicus","Fis-29507"
-117.5,33,1,"Scomber japonicus","Fis-29507"
-117,33,1,"Scomber japonicus","Fis-29507"
121,33,0.06,"Scomber japonicus","Fis-29507"
121.5,33,0.08,"Scomber japonicus","Fis-29507"
122,33,0.2,"Scomber japonicus","Fis-29507"
122.5,33,0.37,"Scomber japonicus","Fis-29507"
123,33,0.66,"Scomber japonicus","Fis-29507"
123.5,33,0.92,"Scomber japonicus","Fis-29507"
124,33,1,"Scomber japonicus","Fis-29507"
124.5,33,1,"Scomber japonicus","Fis-29507"
125,33,1,"Scomber japonicus","Fis-29507"
125.5,33,1,"Scomber japonicus","Fis-29507"
126,33,1,"Scomber japonicus","Fis-29507"
126.5,33,1,"Scomber japonicus","Fis-29507"
127,33,1,"Scomber japonicus","Fis-29507"
127.5,33,1,"Scomber japonicus","Fis-29507"
128,33,1,"Scomber japonicus","Fis-29507"
128.5,33,1,"Scomber japonicus","Fis-29507"
129,33,1,"Scomber japonicus","Fis-29507"
129.5,33,1,"Scomber japonicus","Fis-29507"
130,33,1,"Scomber japonicus","Fis-29507"
130.5,33,1,"Scomber japonicus","Fis-29507"
132,33,1,"Scomber japonicus","Fis-29507"
132.5,33,1,"Scomber japonicus","Fis-29507"
133,33,0.04,"Scomber japonicus","Fis-29507"
133.5,33,1,"Scomber japonicus","Fis-29507"
134,33,1,"Scomber japonicus","Fis-29507"
134.5,33,1,"Scomber japonicus","Fis-29507"
135,33,0.82,"Scomber japonicus","Fis-29507"
136,33,1,"Scomber japonicus","Fis-29507"
140,33,1,"Scomber japonicus","Fis-29507"
140.5,33,0.37,"Scomber japonicus","Fis-29507"
-119.5,32.5,0.5,"Scomber japonicus","Fis-29507"
-119,32.5,1,"Scomber japonicus","Fis-29507"
-118.5,32.5,1,"Scomber japonicus","Fis-29507"
-118,32.5,1,"Scomber japonicus","Fis-29507"
-117.5,32.5,0.31,"Scomber japonicus","Fis-29507"
-117,32.5,1,"Scomber japonicus","Fis-29507"
122.5,32.5,0.21,"Scomber japonicus","Fis-29507"
123,32.5,0.53,"Scomber japonicus","Fis-29507"
123.5,32.5,0.77,"Scomber japonicus","Fis-29507"
124,32.5,0.91,"Scomber japonicus","Fis-29507"
124.5,32.5,1,"Scomber japonicus","Fis-29507"
125,32.5,1,"Scomber japonicus","Fis-29507"
125.5,32.5,1,"Scomber japonicus","Fis-29507"
126,32.5,1,"Scomber japonicus","Fis-29507"
126.5,32.5,1,"Scomber japonicus","Fis-29507"
127,32.5,1,"Scomber japonicus","Fis-29507"
127.5,32.5,1,"Scomber japonicus","Fis-29507"
128,32.5,1,"Scomber japonicus","Fis-29507"
128.5,32.5,1,"Scomber japonicus","Fis-29507"
129,32.5,1,"Scomber japonicus","Fis-29507"
129.5,32.5,1,"Scomber japonicus","Fis-29507"
130,32.5,1,"Scomber japonicus","Fis-29507"
130.5,32.5,1,"Scomber japonicus","Fis-29507"
131,32.5,1,"Scomber japonicus","Fis-29507"
132,32.5,1,"Scomber japonicus","Fis-29507"
132.5,32.5,1,"Scomber japonicus","Fis-29507"
133,32.5,1,"Scomber japonicus","Fis-29507"
133.5,32.5,1,"Scomber japonicus","Fis-29507"
140,32.5,1,"Scomber japonicus","Fis-29507"
-119,32,1,"Scomber japonicus","Fis-29507"
-118.5,32,0.98,"Scomber japonicus","Fis-29507"
-117,32,1,"Scomber japonicus","Fis-29507"
-116.5,32,1,"Scomber japonicus","Fis-29507"
123,32,0.42,"Scomber japonicus","Fis-29507"
123.5,32,0.72,"Scomber japonicus","Fis-29507"
124,32,0.88,"Scomber japonicus","Fis-29507"
124.5,32,1,"Scomber japonicus","Fis-29507"
125,32,1,"Scomber japonicus","Fis-29507"
125.5,32,1,"Scomber japonicus","Fis-29507"
126,32,1,"Scomber japonicus","Fis-29507"
126.5,32,1,"Scomber japonicus","Fis-29507"
127,32,1,"Scomber japonicus","Fis-29507"
127.5,32,1,"Scomber japonicus","Fis-29507"
128,32,1,"Scomber japonicus","Fis-29507"
128.5,32,1,"Scomber japonicus","Fis-29507"
129,32,1,"Scomber japonicus","Fis-29507"
129.5,32,1,"Scomber japonicus","Fis-29507"
130,32,1,"Scomber japonicus","Fis-29507"
130.5,32,1,"Scomber japonicus","Fis-29507"
131,32,0.64,"Scomber japonicus","Fis-29507"
132,32,1,"Scomber japonicus","Fis-29507"
132.5,32,1,"Scomber japonicus","Fis-29507"
133,32,0.79,"Scomber japonicus","Fis-29507"
140,32,1,"Scomber japonicus","Fis-29507"
-116.5,31.5,1,"Scomber japonicus","Fis-29507"
-114.5,31.5,0.34,"Scomber japonicus","Fis-29507"
-114,31.5,0.34,"Scomber japonicus","Fis-29507"
-113.5,31.5,0.7,"Scomber japonicus","Fis-29507"
123,31.5,0.38,"Scomber japonicus","Fis-29507"
123.5,31.5,0.79,"Scomber japonicus","Fis-29507"
124,31.5,1,"Scomber japonicus","Fis-29507"
124.5,31.5,1,"Scomber japonicus","Fis-29507"
125,31.5,1,"Scomber japonicus","Fis-29507"
125.5,31.5,1,"Scomber japonicus","Fis-29507"
126,31.5,1,"Scomber japonicus","Fis-29507"
126.5,31.5,1,"Scomber japonicus","Fis-29507"
127,31.5,1,"Scomber japonicus","Fis-29507"
127.5,31.5,1,"Scomber japonicus","Fis-29507"
128,31.5,1,"Scomber japonicus","Fis-29507"
128.5,31.5,1,"Scomber japonicus","Fis-29507"
129,31.5,1,"Scomber japonicus","Fis-29507"
130,31.5,1,"Scomber japonicus","Fis-29507"
130.5,31.5,1,"Scomber japonicus","Fis-29507"
131,31.5,1,"Scomber japonicus","Fis-29507"
131.5,31.5,1,"Scomber japonicus","Fis-29507"
132,31.5,1,"Scomber japonicus","Fis-29507"
140,31.5,1,"Scomber japonicus","Fis-29507"
173.5,31.5,0.63,"Scomber japonicus","Fis-29507"
-116.5,31,1,"Scomber japonicus","Fis-29507"
-116,31,1,"Scomber japonicus","Fis-29507"
-114.5,31,0.55,"Scomber japonicus","Fis-29507"
-114,31,0.56,"Scomber japonicus","Fis-29507"
-113.5,31,0.48,"Scomber japonicus","Fis-29507"
-113,31,0.5,"Scomber japonicus","Fis-29507"
123,31,0.45,"Scomber japonicus","Fis-29507"
123.5,31,1,"Scomber japonicus","Fis-29507"
124,31,1,"Scomber japonicus","Fis-29507"
124.5,31,1,"Scomber japonicus","Fis-29507"
125,31,1,"Scomber japonicus","Fis-29507"
125.5,31,1,"Scomber japonicus","Fis-29507"
126,31,1,"Scomber japonicus","Fis-29507"
126.5,31,1,"Scomber japonicus","Fis-29507"
127,31,1,"Scomber japonicus","Fis-29507"
127.5,31,1,"Scomber japonicus","Fis-29507"
128,31,1,"Scomber japonicus","Fis-29507"
128.5,31,1,"Scomber japonicus","Fis-29507"
129.5,31,1,"Scomber japonicus","Fis-29507"
130,31,1,"Scomber japonicus","Fis-29507"
130.5,31,1,"Scomber japonicus","Fis-29507"
131,31,1,"Scomber japonicus","Fis-29507"
131.5,31,1,"Scomber japonicus","Fis-29507"
132,31,1,"Scomber japonicus","Fis-29507"
139.5,31,0.64,"Scomber japonicus","Fis-29507"
140.5,31,0.34,"Scomber japonicus","Fis-29507"
-116,30.5,1,"Scomber japonicus","Fis-29507"
-115.5,30.5,0.36,"Scomber japonicus","Fis-29507"
-114.5,30.5,0.48,"Scomber japonicus","Fis-29507"
-114,30.5,0.49,"Scomber japonicus","Fis-29507"
-113.5,30.5,0.51,"Scomber japonicus","Fis-29507"
-113,30.5,0.52,"Scomber japonicus","Fis-29507"
-112.5,30.5,0.26,"Scomber japonicus","Fis-29507"
123,30.5,0.42,"Scomber japonicus","Fis-29507"
123.5,30.5,1,"Scomber japonicus","Fis-29507"
124,30.5,1,"Scomber japonicus","Fis-29507"
124.5,30.5,1,"Scomber japonicus","Fis-29507"
125,30.5,1,"Scomber japonicus","Fis-29507"
125.5,30.5,1,"Scomber japonicus","Fis-29507"
126,30.5,1,"Scomber japonicus","Fis-29507"
126.5,30.5,1,"Scomber japonicus","Fis-29507"
127,30.5,1,"Scomber japonicus","Fis-29507"
127.5,30.5,1,"Scomber japonicus","Fis-29507"
128,30.5,1,"Scomber japonicus","Fis-29507"
128.5,30.5,1,"Scomber japonicus","Fis-29507"
129.5,30.5,1,"Scomber japonicus","Fis-29507"
130,30.5,1,"Scomber japonicus","Fis-29507"
130.5,30.5,1,"Scomber japonicus","Fis-29507"
131,30.5,1,"Scomber japonicus","Fis-29507"
131.5,30.5,1,"Scomber japonicus","Fis-29507"
140.5,30.5,1,"Scomber japonicus","Fis-29507"
-116,30,1,"Scomber japonicus","Fis-29507"
-115.5,30,1,"Scomber japonicus","Fis-29507"
-114.5,30,0.77,"Scomber japonicus","Fis-29507"
-114,30,0.49,"Scomber japonicus","Fis-29507"
-113.5,30,0.5,"Scomber japonicus","Fis-29507"
-113,30,0.55,"Scomber japonicus","Fis-29507"
-112.5,30,0.63,"Scomber japonicus","Fis-29507"
123,30,0.58,"Scomber japonicus","Fis-29507"
123.5,30,1,"Scomber japonicus","Fis-29507"
124,30,1,"Scomber japonicus","Fis-29507"
124.5,30,1,"Scomber japonicus","Fis-29507"
125,30,1,"Scomber japonicus","Fis-29507"
125.5,30,1,"Scomber japonicus","Fis-29507"
126,30,1,"Scomber japonicus","Fis-29507"
126.5,30,1,"Scomber japonicus","Fis-29507"
127,30,1,"Scomber japonicus","Fis-29507"
127.5,30,1,"Scomber japonicus","Fis-29507"
128,30,1,"Scomber japonicus","Fis-29507"
129.5,30,0.37,"Scomber japonicus","Fis-29507"
130,30,1,"Scomber japonicus","Fis-29507"
130.5,30,1,"Scomber japonicus","Fis-29507"
131,30,1,"Scomber japonicus","Fis-29507"
131.5,30,1,"Scomber japonicus","Fis-29507"
-115.5,29.5,1,"Scomber japonicus","Fis-29507"
-115,29.5,1,"Scomber japonicus","Fis-29507"
-114,29.5,0.49,"Scomber japonicus","Fis-29507"
-113.5,29.5,0.49,"Scomber japonicus","Fis-29507"
-113,29.5,0.55,"Scomber japonicus","Fis-29507"
-112.5,29.5,0.64,"Scomber japonicus","Fis-29507"
-112,29.5,0.73,"Scomber japonicus","Fis-29507"
122.5,29.5,0.09,"Scomber japonicus","Fis-29507"
123,29.5,0.92,"Scomber japonicus","Fis-29507"
123.5,29.5,1,"Scomber japonicus","Fis-29507"
124,29.5,1,"Scomber japonicus","Fis-29507"
124.5,29.5,1,"Scomber japonicus","Fis-29507"
125,29.5,1,"Scomber japonicus","Fis-29507"
125.5,29.5,1,"Scomber japonicus","Fis-29507"
126,29.5,1,"Scomber japonicus","Fis-29507"
126.5,29.5,1,"Scomber japonicus","Fis-29507"
127,29.5,1,"Scomber japonicus","Fis-29507"
127.5,29.5,1,"Scomber japonicus","Fis-29507"
128,29.5,1,"Scomber japonicus","Fis-29507"
129,29.5,1,"Scomber japonicus","Fis-29507"
129.5,29.5,0.18,"Scomber japonicus","Fis-29507"
130,29.5,1,"Scomber japonicus","Fis-29507"
130.5,29.5,1,"Scomber japonicus","Fis-29507"
131,29.5,0.6,"Scomber japonicus","Fis-29507"
140.5,29.5,0.17,"Scomber japonicus","Fis-29507"
-118,29,1,"Scomber japonicus","Fis-29507"
-115.5,29,1,"Scomber japonicus","Fis-29507"
-115,29,1,"Scomber japonicus","Fis-29507"
-114.5,29,1,"Scomber japonicus","Fis-29507"
-113.5,29,0.86,"Scomber japonicus","Fis-29507"
-113,29,0.74,"Scomber japonicus","Fis-29507"
-112.5,29,0.68,"Scomber japonicus","Fis-29507"
-112,29,0.76,"Scomber japonicus","Fis-29507"
122,29,0.2,"Scomber japonicus","Fis-29507"
122.5,29,0.15,"Scomber japonicus","Fis-29507"
123,29,1,"Scomber japonicus","Fis-29507"
123.5,29,1,"Scomber japonicus","Fis-29507"
124,29,1,"Scomber japonicus","Fis-29507"
124.5,29,1,"Scomber japonicus","Fis-29507"
125,29,1,"Scomber japonicus","Fis-29507"
125.5,29,1,"Scomber japonicus","Fis-29507"
126,29,1,"Scomber japonicus","Fis-29507"
126.5,29,1,"Scomber japonicus","Fis-29507"
127,29,1,"Scomber japonicus","Fis-29507"
127.5,29,1,"Scomber japonicus","Fis-29507"
129.5,29,1,"Scomber japonicus","Fis-29507"
130,29,1,"Scomber japonicus","Fis-29507"
130.5,29,0.07,"Scomber japonicus","Fis-29507"
-178,28.5,0.06,"Scomber japonicus","Fis-29507"
-176.5,28.5,0.06,"Scomber japonicus","Fis-29507"
-118,28.5,1,"Scomber japonicus","Fis-29507"
-115.5,28.5,0.25,"Scomber japonicus","Fis-29507"
-115,28.5,1,"Scomber japonicus","Fis-29507"
-114.5,28.5,1,"Scomber japonicus","Fis-29507"
-114,28.5,1,"Scomber japonicus","Fis-29507"
-113.5,28.5,0.04,"Scomber japonicus","Fis-29507"
-113,28.5,0.99,"Scomber japonicus","Fis-29507"
-112.5,28.5,0.8,"Scomber japonicus","Fis-29507"
-112,28.5,0.93,"Scomber japonicus","Fis-29507"
-111.5,28.5,0.78,"Scomber japonicus","Fis-29507"
122,28.5,0.35,"Scomber japonicus","Fis-29507"
122.5,28.5,0.79,"Scomber japonicus","Fis-29507"
123,28.5,1,"Scomber japonicus","Fis-29507"
123.5,28.5,1,"Scomber japonicus","Fis-29507"
124,28.5,1,"Scomber japonicus","Fis-29507"
124.5,28.5,1,"Scomber japonicus","Fis-29507"
125,28.5,1,"Scomber japonicus","Fis-29507"
125.5,28.5,1,"Scomber japonicus","Fis-29507"
126,28.5,1,"Scomber japonicus","Fis-29507"
126.5,28.5,1,"Scomber japonicus","Fis-29507"
127,28.5,1,"Scomber japonicus","Fis-29507"
127.5,28.5,1,"Scomber japonicus","Fis-29507"
129,28.5,0.88,"Scomber japonicus","Fis-29507"
129.5,28.5,1,"Scomber japonicus","Fis-29507"
130,28.5,1,"Scomber japonicus","Fis-29507"
130.5,28.5,0.72,"Scomber japonicus","Fis-29507"
-177,28,0.01,"Scomber japonicus","Fis-29507"
-115.5,28,1,"Scomber japonicus","Fis-29507"
-115,28,1,"Scomber japonicus","Fis-29507"
-114.5,28,1,"Scomber japonicus","Fis-29507"
-114,28,1,"Scomber japonicus","Fis-29507"
-112.5,28,0.93,"Scomber japonicus","Fis-29507"
-112,28,0.94,"Scomber japonicus","Fis-29507"
-111.5,28,0.96,"Scomber japonicus","Fis-29507"
-111,28,1,"Scomber japonicus","Fis-29507"
121.5,28,0.48,"Scomber japonicus","Fis-29507"
122,28,0.54,"Scomber japonicus","Fis-29507"
122.5,28,1,"Scomber japonicus","Fis-29507"
123,28,1,"Scomber japonicus","Fis-29507"
123.5,28,1,"Scomber japonicus","Fis-29507"
124,28,1,"Scomber japonicus","Fis-29507"
124.5,28,1,"Scomber japonicus","Fis-29507"
125,28,1,"Scomber japonicus","Fis-29507"
125.5,28,1,"Scomber japonicus","Fis-29507"
126,28,1,"Scomber japonicus","Fis-29507"
126.5,28,1,"Scomber japonicus","Fis-29507"
127,28,1,"Scomber japonicus","Fis-29507"
129,28,1,"Scomber japonicus","Fis-29507"
129.5,28,1,"Scomber japonicus","Fis-29507"
130,28,1,"Scomber japonicus","Fis-29507"
130.5,28,1,"Scomber japonicus","Fis-29507"
142,28,0.27,"Scomber japonicus","Fis-29507"
142.5,28,0.57,"Scomber japonicus","Fis-29507"
-115.5,27.5,1,"Scomber japonicus","Fis-29507"
-115,27.5,1,"Scomber japonicus","Fis-29507"
-114.5,27.5,1,"Scomber japonicus","Fis-29507"
-114,27.5,0.66,"Scomber japonicus","Fis-29507"
-113.5,27.5,0.04,"Scomber japonicus","Fis-29507"
-112.5,27.5,1,"Scomber japonicus","Fis-29507"
-112,27.5,1,"Scomber japonicus","Fis-29507"
-111,27.5,1,"Scomber japonicus","Fis-29507"
-110.5,27.5,1,"Scomber japonicus","Fis-29507"
121,27.5,0.5,"Scomber japonicus","Fis-29507"
121.5,27.5,0.7,"Scomber japonicus","Fis-29507"
122,27.5,0.99,"Scomber japonicus","Fis-29507"
122.5,27.5,1,"Scomber japonicus","Fis-29507"
123,27.5,1,"Scomber japonicus","Fis-29507"
123.5,27.5,1,"Scomber japonicus","Fis-29507"
124,27.5,1,"Scomber japonicus","Fis-29507"
124.5,27.5,1,"Scomber japonicus","Fis-29507"
125,27.5,1,"Scomber japonicus","Fis-29507"
125.5,27.5,1,"Scomber japonicus","Fis-29507"
126,27.5,1,"Scomber japonicus","Fis-29507"
126.5,27.5,1,"Scomber japonicus","Fis-29507"
128.5,27.5,1,"Scomber japonicus","Fis-29507"
129,27.5,1,"Scomber japonicus","Fis-29507"
129.5,27.5,1,"Scomber japonicus","Fis-29507"
142,27.5,0.3,"Scomber japonicus","Fis-29507"
142.5,27.5,1,"Scomber japonicus","Fis-29507"
-114.5,27,1,"Scomber japonicus","Fis-29507"
-114,27,1,"Scomber japonicus","Fis-29507"
-113.5,27,0.8,"Scomber japonicus","Fis-29507"
-112,27,0.81,"Scomber japonicus","Fis-29507"
-111.5,27,0.65,"Scomber japonicus","Fis-29507"
-110.5,27,1,"Scomber japonicus","Fis-29507"
-110,27,1,"Scomber japonicus","Fis-29507"
-109.5,27,0.24,"Scomber japonicus","Fis-29507"
120.5,27,0.72,"Scomber japonicus","Fis-29507"
121,27,0.71,"Scomber japonicus","Fis-29507"
121.5,27,1,"Scomber japonicus","Fis-29507"
122,27,1,"Scomber japonicus","Fis-29507"
122.5,27,1,"Scomber japonicus","Fis-29507"
123,27,1,"Scomber japonicus","Fis-29507"
123.5,27,1,"Scomber japonicus","Fis-29507"
124,27,1,"Scomber japonicus","Fis-29507"
124.5,27,1,"Scomber japonicus","Fis-29507"
125,27,1,"Scomber japonicus","Fis-29507"
125.5,27,1,"Scomber japonicus","Fis-29507"
126,27,1,"Scomber japonicus","Fis-29507"
126.5,27,1,"Scomber japonicus","Fis-29507"
128,27,1,"Scomber japonicus","Fis-29507"
128.5,27,1,"Scomber japonicus","Fis-29507"
129,27,1,"Scomber japonicus","Fis-29507"
129.5,27,0.26,"Scomber japonicus","Fis-29507"
141,27,1,"Scomber japonicus","Fis-29507"
142.5,27,0.99,"Scomber japonicus","Fis-29507"
145.5,27,0.1,"Scomber japonicus","Fis-29507"
-114,26.5,1,"Scomber japonicus","Fis-29507"
-113.5,26.5,1,"Scomber japonicus","Fis-29507"
-113,26.5,1,"Scomber japonicus","Fis-29507"
-112.5,26.5,0.4,"Scomber japonicus","Fis-29507"
-111.5,26.5,1,"Scomber japonicus","Fis-29507"
-111,26.5,0.58,"Scomber japonicus","Fis-29507"
-110,26.5,1,"Scomber japonicus","Fis-29507"
-109.5,26.5,1,"Scomber japonicus","Fis-29507"
-109,26.5,1,"Scomber japonicus","Fis-29507"
120,26.5,0.71,"Scomber japonicus","Fis-29507"
120.5,26.5,0.77,"Scomber japonicus","Fis-29507"
121,26.5,0.96,"Scomber japonicus","Fis-29507"
121.5,26.5,1,"Scomber japonicus","Fis-29507"
122,26.5,1,"Scomber japonicus","Fis-29507"
122.5,26.5,1,"Scomber japonicus","Fis-29507"
123,26.5,1,"Scomber japonicus","Fis-29507"
123.5,26.5,1,"Scomber japonicus","Fis-29507"
124,26.5,1,"Scomber japonicus","Fis-29507"
124.5,26.5,1,"Scomber japonicus","Fis-29507"
125,26.5,1,"Scomber japonicus","Fis-29507"
125.5,26.5,1,"Scomber japonicus","Fis-29507"
126,26.5,1,"Scomber japonicus","Fis-29507"
127,26.5,1,"Scomber japonicus","Fis-29507"
127.5,26.5,1,"Scomber japonicus","Fis-29507"
128,26.5,1,"Scomber japonicus","Fis-29507"
128.5,26.5,1,"Scomber japonicus","Fis-29507"
129,26.5,1,"Scomber japonicus","Fis-29507"
142.5,26.5,0.98,"Scomber japonicus","Fis-29507"
-174,26,0.03,"Scomber japonicus","Fis-29507"
-173.5,26,0.02,"Scomber japonicus","Fis-29507"
-173,26,0.01,"Scomber japonicus","Fis-29507"
-113.5,26,1,"Scomber japonicus","Fis-29507"
-113,26,1,"Scomber japonicus","Fis-29507"
-112.5,26,1,"Scomber japonicus","Fis-29507"
-112,26,0.4,"Scomber japonicus","Fis-29507"
-111,26,0.66,"Scomber japonicus","Fis-29507"
-110.5,26,0.73,"Scomber japonicus","Fis-29507"
-109.5,26,1,"Scomber japonicus","Fis-29507"
-109,26,1,"Scomber japonicus","Fis-29507"
120,26,0.79,"Scomber japonicus","Fis-29507"
120.5,26,0.96,"Scomber japonicus","Fis-29507"
121,26,1,"Scomber japonicus","Fis-29507"
121.5,26,1,"Scomber japonicus","Fis-29507"
122,26,1,"Scomber japonicus","Fis-29507"
122.5,26,1,"Scomber japonicus","Fis-29507"
123,26,1,"Scomber japonicus","Fis-29507"
123.5,26,1,"Scomber japonicus","Fis-29507"
124,26,1,"Scomber japonicus","Fis-29507"
124.5,26,1,"Scomber japonicus","Fis-29507"
125,26,1,"Scomber japonicus","Fis-29507"
125.5,26,1,"Scomber japonicus","Fis-29507"
127,26,1,"Scomber japonicus","Fis-29507"
127.5,26,1,"Scomber japonicus","Fis-29507"
128,26,1,"Scomber japonicus","Fis-29507"
128.5,26,1,"Scomber japonicus","Fis-29507"
142.5,26,0.97,"Scomber japonicus","Fis-29507"
-173.5,25.5,0.02,"Scomber japonicus","Fis-29507"
-173,25.5,0.01,"Scomber japonicus","Fis-29507"
-172,25.5,0.03,"Scomber japonicus","Fis-29507"
-171.5,25.5,0.06,"Scomber japonicus","Fis-29507"
-171,25.5,0.11,"Scomber japonicus","Fis-29507"
-170.5,25.5,0.19,"Scomber japonicus","Fis-29507"
-170,25.5,0.06,"Scomber japonicus","Fis-29507"
-169,25.5,0.01,"Scomber japonicus","Fis-29507"
-113,25.5,1,"Scomber japonicus","Fis-29507"
-112.5,25.5,1,"Scomber japonicus","Fis-29507"
-112,25.5,1,"Scomber japonicus","Fis-29507"
-111,25.5,0.74,"Scomber japonicus","Fis-29507"
-110.5,25.5,0.76,"Scomber japonicus","Fis-29507"
-109.5,25.5,1,"Scomber japonicus","Fis-29507"
-109,25.5,1,"Scomber japonicus","Fis-29507"
-108.5,25.5,0.04,"Scomber japonicus","Fis-29507"
119.5,25.5,0.2,"Scomber japonicus","Fis-29507"
120,25.5,0.84,"Scomber japonicus","Fis-29507"
120.5,25.5,1,"Scomber japonicus","Fis-29507"
121,25.5,1,"Scomber japonicus","Fis-29507"
121.5,25.5,1,"Scomber japonicus","Fis-29507"
122,25.5,1,"Scomber japonicus","Fis-29507"
122.5,25.5,1,"Scomber japonicus","Fis-29507"
123,25.5,1,"Scomber japonicus","Fis-29507"
123.5,25.5,1,"Scomber japonicus","Fis-29507"
124,25.5,1,"Scomber japonicus","Fis-29507"
124.5,25.5,1,"Scomber japonicus","Fis-29507"
125,25.5,1,"Scomber japonicus","Fis-29507"
126,25.5,1,"Scomber japonicus","Fis-29507"
126.5,25.5,1,"Scomber japonicus","Fis-29507"
127,25.5,1,"Scomber japonicus","Fis-29507"
127.5,25.5,1,"Scomber japonicus","Fis-29507"
128,25.5,0.94,"Scomber japonicus","Fis-29507"
131.5,25.5,1,"Scomber japonicus","Fis-29507"
141.5,25.5,0.26,"Scomber japonicus","Fis-29507"
-172,25,0.01,"Scomber japonicus","Fis-29507"
-171.5,25,0.02,"Scomber japonicus","Fis-29507"
-171,25,0.08,"Scomber japonicus","Fis-29507"
-170.5,25,0.13,"Scomber japonicus","Fis-29507"
-170,25,0.04,"Scomber japonicus","Fis-29507"
-168,25,0.1,"Scomber japonicus","Fis-29507"
-167.5,25,0.07,"Scomber japonicus","Fis-29507"
-113,25,1,"Scomber japonicus","Fis-29507"
-112.5,25,1,"Scomber japonicus","Fis-29507"
-112,25,1,"Scomber japonicus","Fis-29507"
-110.5,25,0.79,"Scomber japonicus","Fis-29507"
-110,25,0.99,"Scomber japonicus","Fis-29507"
-109,25,1,"Scomber japonicus","Fis-29507"
-108.5,25,1,"Scomber japonicus","Fis-29507"
-108,25,1,"Scomber japonicus","Fis-29507"
-107.5,25,0.02,"Scomber japonicus","Fis-29507"
119,25,0.33,"Scomber japonicus","Fis-29507"
119.5,25,0.86,"Scomber japonicus","Fis-29507"
120,25,0.95,"Scomber japonicus","Fis-29507"
120.5,25,1,"Scomber japonicus","Fis-29507"
121,25,1,"Scomber japonicus","Fis-29507"
121.5,25,1,"Scomber japonicus","Fis-29507"
122,25,1,"Scomber japonicus","Fis-29507"
122.5,25,1,"Scomber japonicus","Fis-29507"
125.5,25,1,"Scomber japonicus","Fis-29507"
126,25,1,"Scomber japonicus","Fis-29507"
126.5,25,1,"Scomber japonicus","Fis-29507"
141.5,25,0.38,"Scomber japonicus","Fis-29507"
-168,24.5,0.05,"Scomber japonicus","Fis-29507"
-167.5,24.5,0.03,"Scomber japonicus","Fis-29507"
-115.5,24.5,0.41,"Scomber japonicus","Fis-29507"
-112.5,24.5,1,"Scomber japonicus","Fis-29507"
-112,24.5,1,"Scomber japonicus","Fis-29507"
-111.5,24.5,1,"Scomber japonicus","Fis-29507"
-110.5,24.5,1,"Scomber japonicus","Fis-29507"
-110,24.5,0.99,"Scomber japonicus","Fis-29507"
-108.5,24.5,1,"Scomber japonicus","Fis-29507"
-108,24.5,1,"Scomber japonicus","Fis-29507"
-107.5,24.5,1,"Scomber japonicus","Fis-29507"
118.5,24.5,0.85,"Scomber japonicus","Fis-29507"
119,24.5,0.95,"Scomber japonicus","Fis-29507"
119.5,24.5,1,"Scomber japonicus","Fis-29507"
120,24.5,1,"Scomber japonicus","Fis-29507"
120.5,24.5,1,"Scomber japonicus","Fis-29507"
121,24.5,1,"Scomber japonicus","Fis-29507"
122,24.5,1,"Scomber japonicus","Fis-29507"
122.5,24.5,1,"Scomber japonicus","Fis-29507"
123,24.5,1,"Scomber japonicus","Fis-29507"
123.5,24.5,1,"Scomber japonicus","Fis-29507"
124,24.5,1,"Scomber japonicus","Fis-29507"
124.5,24.5,1,"Scomber japonicus","Fis-29507"
125,24.5,1,"Scomber japonicus","Fis-29507"
125.5,24.5,1,"Scomber japonicus","Fis-29507"
126,24.5,1,"Scomber japonicus","Fis-29507"
126.5,24.5,0.12,"Scomber japonicus","Fis-29507"
131.5,24.5,1,"Scomber japonicus","Fis-29507"
141.5,24.5,0.31,"Scomber japonicus","Fis-29507"
-112,24,1,"Scomber japonicus","Fis-29507"
-111.5,24,1,"Scomber japonicus","Fis-29507"
-111,24,0.88,"Scomber japonicus","Fis-29507"
-110.5,24,0.93,"Scomber japonicus","Fis-29507"
-110,24,0.96,"Scomber japonicus","Fis-29507"
-109.5,24,1,"Scomber japonicus","Fis-29507"
-108,24,1,"Scomber japonicus","Fis-29507"
-107.5,24,1,"Scomber japonicus","Fis-29507"
-107,24,1,"Scomber japonicus","Fis-29507"
118,24,1,"Scomber japonicus","Fis-29507"
118.5,24,1,"Scomber japonicus","Fis-29507"
119,24,1,"Scomber japonicus","Fis-29507"
119.5,24,1,"Scomber japonicus","Fis-29507"
120,24,1,"Scomber japonicus","Fis-29507"
120.5,24,1,"Scomber japonicus","Fis-29507"
121,24,1,"Scomber japonicus","Fis-29507"
122,24,1,"Scomber japonicus","Fis-29507"
123,24,1,"Scomber japonicus","Fis-29507"
123.5,24,1,"Scomber japonicus","Fis-29507"
124,24,1,"Scomber japonicus","Fis-29507"
124.5,24,1,"Scomber japonicus","Fis-29507"
125,24,1,"Scomber japonicus","Fis-29507"
141.5,24,0.19,"Scomber japonicus","Fis-29507"
142,24,0.3,"Scomber japonicus","Fis-29507"
154.5,24,0.22,"Scomber japonicus","Fis-29507"
-166,23.5,0.03,"Scomber japonicus","Fis-29507"
-164.5,23.5,0.06,"Scomber japonicus","Fis-29507"
-164,23.5,0.01,"Scomber japonicus","Fis-29507"
-112,23.5,0.42,"Scomber japonicus","Fis-29507"
-111.5,23.5,0.59,"Scomber japonicus","Fis-29507"
-111,23.5,0.71,"Scomber japonicus","Fis-29507"
-110.5,23.5,0.89,"Scomber japonicus","Fis-29507"
-110,23.5,0.91,"Scomber japonicus","Fis-29507"
-109.5,23.5,0.93,"Scomber japonicus","Fis-29507"
-109,23.5,0.93,"Scomber japonicus","Fis-29507"
-107.5,23.5,1,"Scomber japonicus","Fis-29507"
-107,23.5,1,"Scomber japonicus","Fis-29507"
-106.5,23.5,1,"Scomber japonicus","Fis-29507"
117,23.5,0.4,"Scomber japonicus","Fis-29507"
117.5,23.5,0.94,"Scomber japonicus","Fis-29507"
118,23.5,1,"Scomber japonicus","Fis-29507"
118.5,23.5,1,"Scomber japonicus","Fis-29507"
119,23.5,1,"Scomber japonicus","Fis-29507"
119.5,23.5,1,"Scomber japonicus","Fis-29507"
120,23.5,1,"Scomber japonicus","Fis-29507"
120.5,23.5,1,"Scomber japonicus","Fis-29507"
122,23.5,1,"Scomber japonicus","Fis-29507"
157.5,23.5,0.22,"Scomber japonicus","Fis-29507"
-164.5,23,0.01,"Scomber japonicus","Fis-29507"
-110.5,23,0.58,"Scomber japonicus","Fis-29507"
-110,23,0.85,"Scomber japonicus","Fis-29507"
-109.5,23,0.81,"Scomber japonicus","Fis-29507"
-109,23,0.78,"Scomber japonicus","Fis-29507"
-107,23,0.81,"Scomber japonicus","Fis-29507"
-106.5,23,1,"Scomber japonicus","Fis-29507"
-106,23,1,"Scomber japonicus","Fis-29507"
117,23,1,"Scomber japonicus","Fis-29507"
117.5,23,1,"Scomber japonicus","Fis-29507"
118,23,1,"Scomber japonicus","Fis-29507"
118.5,23,1,"Scomber japonicus","Fis-29507"
119,23,1,"Scomber japonicus","Fis-29507"
119.5,23,1,"Scomber japonicus","Fis-29507"
120,23,1,"Scomber japonicus","Fis-29507"
120.5,23,1,"Scomber japonicus","Fis-29507"
121.5,23,1,"Scomber japonicus","Fis-29507"
122,23,1,"Scomber japonicus","Fis-29507"
142,23,0.39,"Scomber japonicus","Fis-29507"
-160.5,22.5,0.06,"Scomber japonicus","Fis-29507"
-110,22.5,0.6,"Scomber japonicus","Fis-29507"
-109.5,22.5,0.67,"Scomber japonicus","Fis-29507"
-106.5,22.5,0.53,"Scomber japonicus","Fis-29507"
-106,22.5,1,"Scomber japonicus","Fis-29507"
-105.5,22.5,1,"Scomber japonicus","Fis-29507"
116.5,22.5,1,"Scomber japonicus","Fis-29507"
117,22.5,1,"Scomber japonicus","Fis-29507"
117.5,22.5,1,"Scomber japonicus","Fis-29507"
118,22.5,1,"Scomber japonicus","Fis-29507"
118.5,22.5,1,"Scomber japonicus","Fis-29507"
119,22.5,1,"Scomber japonicus","Fis-29507"
119.5,22.5,1,"Scomber japonicus","Fis-29507"
120,22.5,1,"Scomber japonicus","Fis-29507"
120.5,22.5,1,"Scomber japonicus","Fis-29507"
121,22.5,1,"Scomber japonicus","Fis-29507"
121.5,22.5,1,"Scomber japonicus","Fis-29507"
122,22.5,1,"Scomber japonicus","Fis-29507"
-160,22,0.2,"Scomber japonicus","Fis-29507"
-159.5,22,0.34,"Scomber japonicus","Fis-29507"
-159,22,0.31,"Scomber japonicus","Fis-29507"
-106.5,22,0.41,"Scomber japonicus","Fis-29507"
-106,22,1,"Scomber japonicus","Fis-29507"
-105.5,22,0.94,"Scomber japonicus","Fis-29507"
116.5,22,1,"Scomber japonicus","Fis-29507"
117,22,1,"Scomber japonicus","Fis-29507"
117.5,22,1,"Scomber japonicus","Fis-29507"
118,22,1,"Scomber japonicus","Fis-29507"
118.5,22,1,"Scomber japonicus","Fis-29507"
119,22,1,"Scomber japonicus","Fis-29507"
119.5,22,1,"Scomber japonicus","Fis-29507"
120.5,22,1,"Scomber japonicus","Fis-29507"
121,22,1,"Scomber japonicus","Fis-29507"
121.5,22,0.55,"Scomber japonicus","Fis-29507"
122,22,1,"Scomber japonicus","Fis-29507"
-160.5,21.5,0.01,"Scomber japonicus","Fis-29507"
-160,21.5,0.1,"Scomber japonicus","Fis-29507"
-159.5,21.5,0.19,"Scomber japonicus","Fis-29507"
-159,21.5,0.22,"Scomber japonicus","Fis-29507"
-158,21.5,0.37,"Scomber japonicus","Fis-29507"
-157.5,21.5,0.36,"Scomber japonicus","Fis-29507"
-106.5,21.5,1,"Scomber japonicus","Fis-29507"
-106,21.5,1,"Scomber japonicus","Fis-29507"
-105.5,21.5,0.92,"Scomber japonicus","Fis-29507"
-105,21.5,0.95,"Scomber japonicus","Fis-29507"
116.5,21.5,1,"Scomber japonicus","Fis-29507"
117,21.5,1,"Scomber japonicus","Fis-29507"
117.5,21.5,1,"Scomber japonicus","Fis-29507"
118,21.5,1,"Scomber japonicus","Fis-29507"
121,21.5,1,"Scomber japonicus","Fis-29507"
122,21.5,1,"Scomber japonicus","Fis-29507"
-158,21,0.25,"Scomber japonicus","Fis-29507"
-157.5,21,0.31,"Scomber japonicus","Fis-29507"
-157,21,0.42,"Scomber japonicus","Fis-29507"
-156.5,21,0.51,"Scomber japonicus","Fis-29507"
-156,21,0.49,"Scomber japonicus","Fis-29507"
-106,21,1,"Scomber japonicus","Fis-29507"
-105.5,21,0.99,"Scomber japonicus","Fis-29507"
-105,21,0.89,"Scomber japonicus","Fis-29507"
116.5,21,1,"Scomber japonicus","Fis-29507"
117,21,1,"Scomber japonicus","Fis-29507"
117.5,21,0.67,"Scomber japonicus","Fis-29507"
121,21,0.92,"Scomber japonicus","Fis-29507"
122,21,1,"Scomber japonicus","Fis-29507"
-157.5,20.5,0.1,"Scomber japonicus","Fis-29507"
-157,20.5,0.28,"Scomber japonicus","Fis-29507"
-156.5,20.5,0.49,"Scomber japonicus","Fis-29507"
-156,20.5,0.53,"Scomber japonicus","Fis-29507"
-155.5,20.5,0.54,"Scomber japonicus","Fis-29507"
-106,20.5,1,"Scomber japonicus","Fis-29507"
-105.5,20.5,1,"Scomber japonicus","Fis-29507"
-105,20.5,1,"Scomber japonicus","Fis-29507"
116.5,20.5,0.82,"Scomber japonicus","Fis-29507"
117,20.5,1,"Scomber japonicus","Fis-29507"
117.5,20.5,1,"Scomber japonicus","Fis-29507"
122,20.5,1,"Scomber japonicus","Fis-29507"
122.5,20.5,0.98,"Scomber japonicus","Fis-29507"
145,20.5,0.44,"Scomber japonicus","Fis-29507"
-155.5,20,0.74,"Scomber japonicus","Fis-29507"
-155,20,0.69,"Scomber japonicus","Fis-29507"
-105.5,20,1,"Scomber japonicus","Fis-29507"
-105,20,0.78,"Scomber japonicus","Fis-29507"
122,20,0.88,"Scomber japonicus","Fis-29507"
122.5,20,0.89,"Scomber japonicus","Fis-29507"
136.5,20,0.44,"Scomber japonicus","Fis-29507"
145.5,20,0.42,"Scomber japonicus","Fis-29507"
161,20,0.14,"Scomber japonicus","Fis-29507"
-156,19.5,0.78,"Scomber japonicus","Fis-29507"
-155.5,19.5,0.74,"Scomber japonicus","Fis-29507"
-155,19.5,0.68,"Scomber japonicus","Fis-29507"
-154.5,19.5,0.62,"Scomber japonicus","Fis-29507"
-105.5,19.5,1,"Scomber japonicus","Fis-29507"
-105,19.5,1,"Scomber japonicus","Fis-29507"
122,19.5,0.84,"Scomber japonicus","Fis-29507"
122.5,19.5,0.83,"Scomber japonicus","Fis-29507"
145.5,19.5,0.39,"Scomber japonicus","Fis-29507"
160.5,19.5,0.24,"Scomber japonicus","Fis-29507"
-155.5,19,0.73,"Scomber japonicus","Fis-29507"
-155,19,0.67,"Scomber japonicus","Fis-29507"
-154.5,19,0.46,"Scomber japonicus","Fis-29507"
-110.5,19,0.57,"Scomber japonicus","Fis-29507"
-105,19,0.99,"Scomber japonicus","Fis-29507"
-104.5,19,0.96,"Scomber japonicus","Fis-29507"
-104,19,0.91,"Scomber japonicus","Fis-29507"
121.5,19,0.96,"Scomber japonicus","Fis-29507"
122,19,0.89,"Scomber japonicus","Fis-29507"
122.5,19,0.79,"Scomber japonicus","Fis-29507"
167,19,0.13,"Scomber japonicus","Fis-29507"
167.5,19,0.05,"Scomber japonicus","Fis-29507"
-155.5,18.5,0.62,"Scomber japonicus","Fis-29507"
-111,18.5,0.49,"Scomber japonicus","Fis-29507"
-110.5,18.5,0.59,"Scomber japonicus","Fis-29507"
-104,18.5,0.88,"Scomber japonicus","Fis-29507"
-103.5,18.5,0.86,"Scomber japonicus","Fis-29507"
121,18.5,0.83,"Scomber japonicus","Fis-29507"
121.5,18.5,0.93,"Scomber japonicus","Fis-29507"
122,18.5,0.92,"Scomber japonicus","Fis-29507"
122.5,18.5,0.81,"Scomber japonicus","Fis-29507"
146,18.5,0.34,"Scomber japonicus","Fis-29507"
-114.5,18,0.1,"Scomber japonicus","Fis-29507"
-103.5,18,0.82,"Scomber japonicus","Fis-29507"
-103,18,0.81,"Scomber japonicus","Fis-29507"
-102.5,18,0.8,"Scomber japonicus","Fis-29507"
-102,18,0.8,"Scomber japonicus","Fis-29507"
120.5,18,0.7,"Scomber japonicus","Fis-29507"
121,18,0.78,"Scomber japonicus","Fis-29507"
122,18,0.84,"Scomber japonicus","Fis-29507"
122.5,18,0.8,"Scomber japonicus","Fis-29507"
146,18,0.32,"Scomber japonicus","Fis-29507"
-102.5,17.5,0.74,"Scomber japonicus","Fis-29507"
-102,17.5,0.74,"Scomber japonicus","Fis-29507"
-101.5,17.5,0.73,"Scomber japonicus","Fis-29507"
-101,17.5,0.75,"Scomber japonicus","Fis-29507"
120.5,17.5,0.67,"Scomber japonicus","Fis-29507"
122.5,17.5,0.79,"Scomber japonicus","Fis-29507"
146,17.5,0.29,"Scomber japonicus","Fis-29507"
-101,17,0.69,"Scomber japonicus","Fis-29507"
-100.5,17,0.7,"Scomber japonicus","Fis-29507"
-100,17,0.71,"Scomber japonicus","Fis-29507"
120.5,17,0.67,"Scomber japonicus","Fis-29507"
122.5,17,0.76,"Scomber japonicus","Fis-29507"
123,17,0.73,"Scomber japonicus","Fis-29507"
146,17,0.22,"Scomber japonicus","Fis-29507"
153,17,0.15,"Scomber japonicus","Fis-29507"
-169.5,16.5,0.01,"Scomber japonicus","Fis-29507"
-100,16.5,0.65,"Scomber japonicus","Fis-29507"
-99.5,16.5,0.65,"Scomber japonicus","Fis-29507"
-99,16.5,0.67,"Scomber japonicus","Fis-29507"
-98.5,16.5,0.68,"Scomber japonicus","Fis-29507"
120,16.5,0.68,"Scomber japonicus","Fis-29507"
120.5,16.5,0.68,"Scomber japonicus","Fis-29507"
122.5,16.5,0.74,"Scomber japonicus","Fis-29507"
123,16.5,0.71,"Scomber japonicus","Fis-29507"
146,16.5,0.25,"Scomber japonicus","Fis-29507"
-98.5,16,0.62,"Scomber japonicus","Fis-29507"
-98,16,0.62,"Scomber japonicus","Fis-29507"
-97.5,16,0.65,"Scomber japonicus","Fis-29507"
-95,16,0.8,"Scomber japonicus","Fis-29507"
-94.5,16,0.77,"Scomber japonicus","Fis-29507"
-94,16,0.73,"Scomber japonicus","Fis-29507"
-93.5,16,0.01,"Scomber japonicus","Fis-29507"
120,16,0.67,"Scomber japonicus","Fis-29507"
120.5,16,0.68,"Scomber japonicus","Fis-29507"
122,16,0.73,"Scomber japonicus","Fis-29507"
122.5,16,0.73,"Scomber japonicus","Fis-29507"
146,16,0.25,"Scomber japonicus","Fis-29507"
146.5,16,0.21,"Scomber japonicus","Fis-29507"
-97.5,15.5,0.6,"Scomber japonicus","Fis-29507"
-97,15.5,0.62,"Scomber japonicus","Fis-29507"
-96.5,15.5,0.65,"Scomber japonicus","Fis-29507"
-96,15.5,0.71,"Scomber japonicus","Fis-29507"
-95.5,15.5,0.76,"Scomber japonicus","Fis-29507"
-95,15.5,0.83,"Scomber japonicus","Fis-29507"
-94.5,15.5,0.8,"Scomber japonicus","Fis-29507"
-94,15.5,0.67,"Scomber japonicus","Fis-29507"
-93.5,15.5,0.57,"Scomber japonicus","Fis-29507"
-93,15.5,0.6,"Scomber japonicus","Fis-29507"
120,15.5,0.66,"Scomber japonicus","Fis-29507"
122,15.5,0.75,"Scomber japonicus","Fis-29507"
124.5,15.5,0.31,"Scomber japonicus","Fis-29507"
146.5,15.5,0.07,"Scomber japonicus","Fis-29507"
-94.5,15,0.86,"Scomber japonicus","Fis-29507"
-94,15,0.73,"Scomber japonicus","Fis-29507"
-93.5,15,0.59,"Scomber japonicus","Fis-29507"
-93,15,0.53,"Scomber japonicus","Fis-29507"
-92.5,15,0.57,"Scomber japonicus","Fis-29507"
118,15,0.69,"Scomber japonicus","Fis-29507"
120,15,0.65,"Scomber japonicus","Fis-29507"
120.5,15,0.69,"Scomber japonicus","Fis-29507"
121.5,15,0.75,"Scomber japonicus","Fis-29507"
122,15,0.77,"Scomber japonicus","Fis-29507"
122.5,15,0.75,"Scomber japonicus","Fis-29507"
146,15,0.29,"Scomber japonicus","Fis-29507"
-94,14.5,0.77,"Scomber japonicus","Fis-29507"
-93.5,14.5,0.63,"Scomber japonicus","Fis-29507"
-93,14.5,0.55,"Scomber japonicus","Fis-29507"
-92.5,14.5,0.53,"Scomber japonicus","Fis-29507"
-92,14.5,0.56,"Scomber japonicus","Fis-29507"
120.5,14.5,0.71,"Scomber japonicus","Fis-29507"
121,14.5,0.46,"Scomber japonicus","Fis-29507"
121.5,14.5,0.06,"Scomber japonicus","Fis-29507"
122,14.5,0.78,"Scomber japonicus","Fis-29507"
122.5,14.5,0.77,"Scomber japonicus","Fis-29507"
123,14.5,0.74,"Scomber japonicus","Fis-29507"
123.5,14.5,0.71,"Scomber japonicus","Fis-29507"
146,14.5,0.14,"Scomber japonicus","Fis-29507"
-92.5,14,0.53,"Scomber japonicus","Fis-29507"
-92,14,0.53,"Scomber japonicus","Fis-29507"
-91.5,14,0.56,"Scomber japonicus","Fis-29507"
-91,14,0.05,"Scomber japonicus","Fis-29507"
120.5,14,0.74,"Scomber japonicus","Fis-29507"
121,14,0.77,"Scomber japonicus","Fis-29507"
122,14,0.77,"Scomber japonicus","Fis-29507"
122.5,14,0.76,"Scomber japonicus","Fis-29507"
123,14,0.74,"Scomber japonicus","Fis-29507"
123.5,14,0.72,"Scomber japonicus","Fis-29507"
124,14,0.71,"Scomber japonicus","Fis-29507"
124.5,14,0.69,"Scomber japonicus","Fis-29507"
125,14,0.39,"Scomber japonicus","Fis-29507"
145.5,14,0.09,"Scomber japonicus","Fis-29507"
-92,13.5,0.55,"Scomber japonicus","Fis-29507"
-91.5,13.5,0.55,"Scomber japonicus","Fis-29507"
-91,13.5,0.57,"Scomber japonicus","Fis-29507"
-90.5,13.5,0.59,"Scomber japonicus","Fis-29507"
-90,13.5,0.6,"Scomber japonicus","Fis-29507"
-89.5,13.5,0.63,"Scomber japonicus","Fis-29507"
-89,13.5,0.64,"Scomber japonicus","Fis-29507"
120.5,13.5,0.74,"Scomber japonicus","Fis-29507"
121,13.5,0.82,"Scomber japonicus","Fis-29507"
121.5,13.5,0.79,"Scomber japonicus","Fis-29507"
122,13.5,0.77,"Scomber japonicus","Fis-29507"
122.5,13.5,0.76,"Scomber japonicus","Fis-29507"
123,13.5,0.75,"Scomber japonicus","Fis-29507"
123.5,13.5,0.74,"Scomber japonicus","Fis-29507"
124,13.5,0.71,"Scomber japonicus","Fis-29507"
124.5,13.5,0.7,"Scomber japonicus","Fis-29507"
125,13.5,0.41,"Scomber japonicus","Fis-29507"
145,13.5,0.2,"Scomber japonicus","Fis-29507"
-91,13,0.59,"Scomber japonicus","Fis-29507"
-90.5,13,0.61,"Scomber japonicus","Fis-29507"
-90,13,0.62,"Scomber japonicus","Fis-29507"
-89.5,13,0.63,"Scomber japonicus","Fis-29507"
-89,13,0.64,"Scomber japonicus","Fis-29507"
-88.5,13,0.64,"Scomber japonicus","Fis-29507"
-88,13,0.64,"Scomber japonicus","Fis-29507"
-87.5,13,0.63,"Scomber japonicus","Fis-29507"
-87,13,0.7,"Scomber japonicus","Fis-29507"
120.5,13,0.65,"Scomber japonicus","Fis-29507"
121,13,0.73,"Scomber japonicus","Fis-29507"
121.5,13,0.8,"Scomber japonicus","Fis-29507"
122,13,0.77,"Scomber japonicus","Fis-29507"
122.5,13,0.75,"Scomber japonicus","Fis-29507"
123,13,0.77,"Scomber japonicus","Fis-29507"
123.5,13,0.79,"Scomber japonicus","Fis-29507"
124,13,0.76,"Scomber japonicus","Fis-29507"
124.5,13,0.73,"Scomber japonicus","Fis-29507"
144.5,13,0.14,"Scomber japonicus","Fis-29507"
145,13,0.15,"Scomber japonicus","Fis-29507"
-89.5,12.5,0.67,"Scomber japonicus","Fis-29507"
-89,12.5,0.68,"Scomber japonicus","Fis-29507"
-88.5,12.5,0.68,"Scomber japonicus","Fis-29507"
-88,12.5,0.67,"Scomber japonicus","Fis-29507"
-87.5,12.5,0.67,"Scomber japonicus","Fis-29507"
-87,12.5,0.72,"Scomber japonicus","Fis-29507"
120,12.5,0.61,"Scomber japonicus","Fis-29507"
120.5,12.5,0.63,"Scomber japonicus","Fis-29507"
121,12.5,0.66,"Scomber japonicus","Fis-29507"
121.5,12.5,0.03,"Scomber japonicus","Fis-29507"
122,12.5,0.78,"Scomber japonicus","Fis-29507"
122.5,12.5,0.75,"Scomber japonicus","Fis-29507"
123,12.5,0.74,"Scomber japonicus","Fis-29507"
123.5,12.5,0.79,"Scomber japonicus","Fis-29507"
124,12.5,0.86,"Scomber japonicus","Fis-29507"
124.5,12.5,0.83,"Scomber japonicus","Fis-29507"
125,12.5,0.73,"Scomber japonicus","Fis-29507"
125.5,12.5,0.66,"Scomber japonicus","Fis-29507"
144.5,12.5,0.07,"Scomber japonicus","Fis-29507"
-88.5,12,0.74,"Scomber japonicus","Fis-29507"
-88,12,0.74,"Scomber japonicus","Fis-29507"
-87.5,12,0.74,"Scomber japonicus","Fis-29507"
-87,12,0.76,"Scomber japonicus","Fis-29507"
-86.5,12,0.8,"Scomber japonicus","Fis-29507"
117.5,12,0.66,"Scomber japonicus","Fis-29507"
120,12,0.65,"Scomber japonicus","Fis-29507"
120.5,12,0.67,"Scomber japonicus","Fis-29507"
121,12,0.71,"Scomber japonicus","Fis-29507"
121.5,12,0.79,"Scomber japonicus","Fis-29507"
122,12,0.79,"Scomber japonicus","Fis-29507"
122.5,12,0.75,"Scomber japonicus","Fis-29507"
123,12,0.73,"Scomber japonicus","Fis-29507"
123.5,12,0.75,"Scomber japonicus","Fis-29507"
124,12,0.84,"Scomber japonicus","Fis-29507"
124.5,12,0.83,"Scomber japonicus","Fis-29507"
125,12,0.52,"Scomber japonicus","Fis-29507"
125.5,12,0.67,"Scomber japonicus","Fis-29507"
126,12,0.64,"Scomber japonicus","Fis-29507"
169,12,0.05,"Scomber japonicus","Fis-29507"
-87.5,11.5,0.75,"Scomber japonicus","Fis-29507"
-87,11.5,0.83,"Scomber japonicus","Fis-29507"
-86.5,11.5,0.87,"Scomber japonicus","Fis-29507"
-86,11.5,0.87,"Scomber japonicus","Fis-29507"
116.5,11.5,0.68,"Scomber japonicus","Fis-29507"
117,11.5,0.67,"Scomber japonicus","Fis-29507"
117.5,11.5,0.65,"Scomber japonicus","Fis-29507"
119.5,11.5,0.66,"Scomber japonicus","Fis-29507"
120,11.5,0.7,"Scomber japonicus","Fis-29507"
120.5,11.5,0.72,"Scomber japonicus","Fis-29507"
121,11.5,0.75,"Scomber japonicus","Fis-29507"
121.5,11.5,0.77,"Scomber japonicus","Fis-29507"
122,11.5,0.75,"Scomber japonicus","Fis-29507"
122.5,11.5,0.74,"Scomber japonicus","Fis-29507"
123,11.5,0.74,"Scomber japonicus","Fis-29507"
123.5,11.5,0.75,"Scomber japonicus","Fis-29507"
124,11.5,0.76,"Scomber japonicus","Fis-29507"
124.5,11.5,0.74,"Scomber japonicus","Fis-29507"
125,11.5,0.68,"Scomber japonicus","Fis-29507"
125.5,11.5,0.31,"Scomber japonicus","Fis-29507"
126,11.5,0.65,"Scomber japonicus","Fis-29507"
162.5,11.5,0.75,"Scomber japonicus","Fis-29507"
165.5,11.5,0.78,"Scomber japonicus","Fis-29507"
166,11.5,0.78,"Scomber japonicus","Fis-29507"
167,11.5,0.8,"Scomber japonicus","Fis-29507"
167.5,11.5,0.56,"Scomber japonicus","Fis-29507"
-87,11,0.92,"Scomber japonicus","Fis-29507"
-86.5,11,0.93,"Scomber japonicus","Fis-29507"
-86,11,0.95,"Scomber japonicus","Fis-29507"
-85.5,11,0.9,"Scomber japonicus","Fis-29507"
116.5,11,0.68,"Scomber japonicus","Fis-29507"
117,11,0.66,"Scomber japonicus","Fis-29507"
117.5,11,0.65,"Scomber japonicus","Fis-29507"
118,11,0.38,"Scomber japonicus","Fis-29507"
119,11,0.65,"Scomber japonicus","Fis-29507"
119.5,11,0.69,"Scomber japonicus","Fis-29507"
120,11,0.72,"Scomber japonicus","Fis-29507"
120.5,11,0.74,"Scomber japonicus","Fis-29507"
121,11,0.76,"Scomber japonicus","Fis-29507"
121.5,11,0.74,"Scomber japonicus","Fis-29507"
122,11,0.7,"Scomber japonicus","Fis-29507"
122.5,11,0.72,"Scomber japonicus","Fis-29507"
123,11,0.49,"Scomber japonicus","Fis-29507"
123.5,11,0.72,"Scomber japonicus","Fis-29507"
124,11,0.72,"Scomber japonicus","Fis-29507"
124.5,11,0.68,"Scomber japonicus","Fis-29507"
125,11,0.56,"Scomber japonicus","Fis-29507"
125.5,11,0.68,"Scomber japonicus","Fis-29507"
126,11,0.67,"Scomber japonicus","Fis-29507"
162.5,11,0.74,"Scomber japonicus","Fis-29507"
166.5,11,0.78,"Scomber japonicus","Fis-29507"
167,11,0.79,"Scomber japonicus","Fis-29507"
167.5,11,0.64,"Scomber japonicus","Fis-29507"
168,11,0.56,"Scomber japonicus","Fis-29507"
170,11,0.35,"Scomber japonicus","Fis-29507"
-86.5,10.5,0.9,"Scomber japonicus","Fis-29507"
-86,10.5,0.84,"Scomber japonicus","Fis-29507"
-85.5,10.5,0.79,"Scomber japonicus","Fis-29507"
116.5,10.5,0.67,"Scomber japonicus","Fis-29507"
117,10.5,0.66,"Scomber japonicus","Fis-29507"
117.5,10.5,0.65,"Scomber japonicus","Fis-29507"
118,10.5,0.64,"Scomber japonicus","Fis-29507"
119,10.5,0.67,"Scomber japonicus","Fis-29507"
119.5,10.5,0.68,"Scomber japonicus","Fis-29507"
120,10.5,0.69,"Scomber japonicus","Fis-29507"
120.5,10.5,0.71,"Scomber japonicus","Fis-29507"
121,10.5,0.71,"Scomber japonicus","Fis-29507"
121.5,10.5,0.69,"Scomber japonicus","Fis-29507"
122,10.5,0.68,"Scomber japonicus","Fis-29507"
122.5,10.5,0.71,"Scomber japonicus","Fis-29507"
123,10.5,0.72,"Scomber japonicus","Fis-29507"
123.5,10.5,0.67,"Scomber japonicus","Fis-29507"
124,10.5,0.64,"Scomber japonicus","Fis-29507"
124.5,10.5,0.66,"Scomber japonicus","Fis-29507"
125,10.5,0.67,"Scomber japonicus","Fis-29507"
125.5,10.5,0.71,"Scomber japonicus","Fis-29507"
126,10.5,0.67,"Scomber japonicus","Fis-29507"
126.5,10.5,0.22,"Scomber japonicus","Fis-29507"
-109,10,0.84,"Scomber japonicus","Fis-29507"
-86,10,0.77,"Scomber japonicus","Fis-29507"
-85.5,10,0.78,"Scomber japonicus","Fis-29507"
-85,10,0.74,"Scomber japonicus","Fis-29507"
-84.5,10,0.76,"Scomber japonicus","Fis-29507"
117,10,0.65,"Scomber japonicus","Fis-29507"
118.5,10,0.14,"Scomber japonicus","Fis-29507"
119,10,0.67,"Scomber japonicus","Fis-29507"
119.5,10,0.67,"Scomber japonicus","Fis-29507"
120,10,0.67,"Scomber japonicus","Fis-29507"
120.5,10,0.67,"Scomber japonicus","Fis-29507"
121,10,0.67,"Scomber japonicus","Fis-29507"
122,10,0.69,"Scomber japonicus","Fis-29507"
122.5,10,0.73,"Scomber japonicus","Fis-29507"
123,10,0.74,"Scomber japonicus","Fis-29507"
123.5,10,0.73,"Scomber japonicus","Fis-29507"
124,10,0.71,"Scomber japonicus","Fis-29507"
124.5,10,0.68,"Scomber japonicus","Fis-29507"
125,10,0.72,"Scomber japonicus","Fis-29507"
125.5,10,0.75,"Scomber japonicus","Fis-29507"
126,10,0.7,"Scomber japonicus","Fis-29507"
126.5,10,0.28,"Scomber japonicus","Fis-29507"
140,10,0.22,"Scomber japonicus","Fis-29507"
166,10,0.74,"Scomber japonicus","Fis-29507"
166.5,10,0.75,"Scomber japonicus","Fis-29507"
169.5,10,0.78,"Scomber japonicus","Fis-29507"
170,10,0.79,"Scomber japonicus","Fis-29507"
170.5,10,0.79,"Scomber japonicus","Fis-29507"
171,10,0.8,"Scomber japonicus","Fis-29507"
-85.5,9.5,0.73,"Scomber japonicus","Fis-29507"
-85,9.5,0.72,"Scomber japonicus","Fis-29507"
-84.5,9.5,0.72,"Scomber japonicus","Fis-29507"
-84,9.5,0.74,"Scomber japonicus","Fis-29507"
118,9.5,0.1,"Scomber japonicus","Fis-29507"
118.5,9.5,0.64,"Scomber japonicus","Fis-29507"
119,9.5,0.66,"Scomber japonicus","Fis-29507"
119.5,9.5,0.66,"Scomber japonicus","Fis-29507"
120,9.5,0.36,"Scomber japonicus","Fis-29507"
121.5,9.5,0.67,"Scomber japonicus","Fis-29507"
122.5,9.5,0.7,"Scomber japonicus","Fis-29507"
123,9.5,0.73,"Scomber japonicus","Fis-29507"
123.5,9.5,0.75,"Scomber japonicus","Fis-29507"
124,9.5,0.75,"Scomber japonicus","Fis-29507"
124.5,9.5,0.74,"Scomber japonicus","Fis-29507"
125,9.5,0.76,"Scomber japonicus","Fis-29507"
125.5,9.5,0.75,"Scomber japonicus","Fis-29507"
126,9.5,0.69,"Scomber japonicus","Fis-29507"
126.5,9.5,0.55,"Scomber japonicus","Fis-29507"
138.5,9.5,0.2,"Scomber japonicus","Fis-29507"
140,9.5,0.21,"Scomber japonicus","Fis-29507"
141,9.5,0.15,"Scomber japonicus","Fis-29507"
161,9.5,0.18,"Scomber japonicus","Fis-29507"
161.5,9.5,0.19,"Scomber japonicus","Fis-29507"
169.5,9.5,0.76,"Scomber japonicus","Fis-29507"
170,9.5,0.77,"Scomber japonicus","Fis-29507"
170.5,9.5,0.78,"Scomber japonicus","Fis-29507"
-84.5,9,0.72,"Scomber japonicus","Fis-29507"
-84,9,0.68,"Scomber japonicus","Fis-29507"
-83.5,9,0.73,"Scomber japonicus","Fis-29507"
117.5,9,0.62,"Scomber japonicus","Fis-29507"
118,9,0.64,"Scomber japonicus","Fis-29507"
118.5,9,0.66,"Scomber japonicus","Fis-29507"
119,9,0.66,"Scomber japonicus","Fis-29507"
120,9,0.24,"Scomber japonicus","Fis-29507"
120.5,9,0.66,"Scomber japonicus","Fis-29507"
121,9,0.66,"Scomber japonicus","Fis-29507"
123,9,0.73,"Scomber japonicus","Fis-29507"
123.5,9,0.78,"Scomber japonicus","Fis-29507"
124,9,0.77,"Scomber japonicus","Fis-29507"
125,9,0.75,"Scomber japonicus","Fis-29507"
125.5,9,0.75,"Scomber japonicus","Fis-29507"
126,9,0.69,"Scomber japonicus","Fis-29507"
126.5,9,0.63,"Scomber japonicus","Fis-29507"
138.5,9,0.21,"Scomber japonicus","Fis-29507"
145.5,9,0.03,"Scomber japonicus","Fis-29507"
148.5,9,0.31,"Scomber japonicus","Fis-29507"
150.5,9,0.27,"Scomber japonicus","Fis-29507"
166,9,0.71,"Scomber japonicus","Fis-29507"
167,9,0.72,"Scomber japonicus","Fis-29507"
167.5,9,0.73,"Scomber japonicus","Fis-29507"
168,9,0.74,"Scomber japonicus","Fis-29507"
170,9,0.74,"Scomber japonicus","Fis-29507"
170.5,9,0.76,"Scomber japonicus","Fis-29507"
-84,8.5,0.72,"Scomber japonicus","Fis-29507"
-83.5,8.5,0.66,"Scomber japonicus","Fis-29507"
-83,8.5,0.73,"Scomber japonicus","Fis-29507"
-82,8.5,0.18,"Scomber japonicus","Fis-29507"
-79.5,8.5,0.92,"Scomber japonicus","Fis-29507"
-79,8.5,0.93,"Scomber japonicus","Fis-29507"
-78.5,8.5,0.89,"Scomber japonicus","Fis-29507"
-78,8.5,0.34,"Scomber japonicus","Fis-29507"
117.5,8.5,0.63,"Scomber japonicus","Fis-29507"
118,8.5,0.66,"Scomber japonicus","Fis-29507"
118.5,8.5,0.66,"Scomber japonicus","Fis-29507"
120,8.5,0.64,"Scomber japonicus","Fis-29507"
120.5,8.5,0.65,"Scomber japonicus","Fis-29507"
123.5,8.5,0.79,"Scomber japonicus","Fis-29507"
124,8.5,0.75,"Scomber japonicus","Fis-29507"
124.5,8.5,0.72,"Scomber japonicus","Fis-29507"
125,8.5,0.72,"Scomber japonicus","Fis-29507"
125.5,8.5,0.71,"Scomber japonicus","Fis-29507"
126.5,8.5,0.64,"Scomber japonicus","Fis-29507"
137.5,8.5,0.36,"Scomber japonicus","Fis-29507"
138,8.5,0.3,"Scomber japonicus","Fis-29507"
145,8.5,0.21,"Scomber japonicus","Fis-29507"
146,8.5,0.18,"Scomber japonicus","Fis-29507"
149,8.5,0.39,"Scomber japonicus","Fis-29507"
150,8.5,0.37,"Scomber japonicus","Fis-29507"
150.5,8.5,0.3,"Scomber japonicus","Fis-29507"
151.5,8.5,0.15,"Scomber japonicus","Fis-29507"
152,8.5,0.15,"Scomber japonicus","Fis-29507"
152.5,8.5,0.14,"Scomber japonicus","Fis-29507"
166,8.5,0.68,"Scomber japonicus","Fis-29507"
166.5,8.5,0.69,"Scomber japonicus","Fis-29507"
168,8.5,0.72,"Scomber japonicus","Fis-29507"
171,8.5,0.75,"Scomber japonicus","Fis-29507"
171.5,8.5,0.76,"Scomber japonicus","Fis-29507"
-83.5,8,0.72,"Scomber japonicus","Fis-29507"
-83,8,0.7,"Scomber japonicus","Fis-29507"
-82.5,8,0.68,"Scomber japonicus","Fis-29507"
-82,8,0.7,"Scomber japonicus","Fis-29507"
-81.5,8,0.78,"Scomber japonicus","Fis-29507"
-80,8,0.84,"Scomber japonicus","Fis-29507"
-79.5,8,0.92,"Scomber japonicus","Fis-29507"
-79,8,0.94,"Scomber japonicus","Fis-29507"
-78.5,8,0.92,"Scomber japonicus","Fis-29507"
-78,8,0.82,"Scomber japonicus","Fis-29507"
-77.5,8,0.01,"Scomber japonicus","Fis-29507"
117,8,0.64,"Scomber japonicus","Fis-29507"
117.5,8,0.65,"Scomber japonicus","Fis-29507"
118,8,0.64,"Scomber japonicus","Fis-29507"
118.5,8,0.64,"Scomber japonicus","Fis-29507"
122.5,8,0.75,"Scomber japonicus","Fis-29507"
123,8,0.77,"Scomber japonicus","Fis-29507"
123.5,8,0.72,"Scomber japonicus","Fis-29507"
124,8,0.67,"Scomber japonicus","Fis-29507"
124.5,8,0.66,"Scomber japonicus","Fis-29507"
126.5,8,0.64,"Scomber japonicus","Fis-29507"
127,8,0.56,"Scomber japonicus","Fis-29507"
135,8,0.51,"Scomber japonicus","Fis-29507"
137.5,8,0.42,"Scomber japonicus","Fis-29507"
138,8,0.37,"Scomber japonicus","Fis-29507"
140.5,8,0.34,"Scomber japonicus","Fis-29507"
145,8,0.27,"Scomber japonicus","Fis-29507"
145.5,8,0.25,"Scomber japonicus","Fis-29507"
146,8,0.22,"Scomber japonicus","Fis-29507"
147,8,0.24,"Scomber japonicus","Fis-29507"
147.5,8,0.27,"Scomber japonicus","Fis-29507"
148,8,0.32,"Scomber japonicus","Fis-29507"
148.5,8,0.37,"Scomber japonicus","Fis-29507"
149,8,0.45,"Scomber japonicus","Fis-29507"
149.5,8,0.28,"Scomber japonicus","Fis-29507"
152,8,0.15,"Scomber japonicus","Fis-29507"
154.5,8,0.11,"Scomber japonicus","Fis-29507"
167.5,8,0.68,"Scomber japonicus","Fis-29507"
168.5,8,0.7,"Scomber japonicus","Fis-29507"
171.5,8,0.74,"Scomber japonicus","Fis-29507"
-82,7.5,0.73,"Scomber japonicus","Fis-29507"
-81.5,7.5,0.75,"Scomber japonicus","Fis-29507"
-81,7.5,0.79,"Scomber japonicus","Fis-29507"
-80.5,7.5,0.83,"Scomber japonicus","Fis-29507"
-80,7.5,0.89,"Scomber japonicus","Fis-29507"
-79.5,7.5,0.95,"Scomber japonicus","Fis-29507"
-79,7.5,0.96,"Scomber japonicus","Fis-29507"
-78.5,7.5,0.92,"Scomber japonicus","Fis-29507"
-78,7.5,0.82,"Scomber japonicus","Fis-29507"
117,7.5,0.64,"Scomber japonicus","Fis-29507"
117.5,7.5,0.64,"Scomber japonicus","Fis-29507"
118,7.5,0.63,"Scomber japonicus","Fis-29507"
118.5,7.5,0.64,"Scomber japonicus","Fis-29507"
119,7.5,0.63,"Scomber japonicus","Fis-29507"
122.5,7.5,0.67,"Scomber japonicus","Fis-29507"
123,7.5,0.59,"Scomber japonicus","Fis-29507"
123.5,7.5,0.58,"Scomber japonicus","Fis-29507"
124,7.5,0.48,"Scomber japonicus","Fis-29507"
124.5,7.5,0.12,"Scomber japonicus","Fis-29507"
126.5,7.5,0.65,"Scomber japonicus","Fis-29507"
127,7.5,0.59,"Scomber japonicus","Fis-29507"
134.5,7.5,0.6,"Scomber japonicus","Fis-29507"
135,7.5,0.59,"Scomber japonicus","Fis-29507"
145,7.5,0.39,"Scomber japonicus","Fis-29507"
146,7.5,0.24,"Scomber japonicus","Fis-29507"
146.5,7.5,0.25,"Scomber japonicus","Fis-29507"
147.5,7.5,0.26,"Scomber japonicus","Fis-29507"
148,7.5,0.28,"Scomber japonicus","Fis-29507"
148.5,7.5,0.31,"Scomber japonicus","Fis-29507"
149,7.5,0.55,"Scomber japonicus","Fis-29507"
149.5,7.5,0.26,"Scomber japonicus","Fis-29507"
150,7.5,0.18,"Scomber japonicus","Fis-29507"
152,7.5,0.26,"Scomber japonicus","Fis-29507"
152.5,7.5,0.16,"Scomber japonicus","Fis-29507"
155.5,7.5,0.21,"Scomber japonicus","Fis-29507"
168.5,7.5,0.69,"Scomber japonicus","Fis-29507"
169,7.5,0.7,"Scomber japonicus","Fis-29507"
169.5,7.5,0.69,"Scomber japonicus","Fis-29507"
-82,7,0.78,"Scomber japonicus","Fis-29507"
-81.5,7,0.79,"Scomber japonicus","Fis-29507"
-81,7,0.82,"Scomber japonicus","Fis-29507"
-80.5,7,0.86,"Scomber japonicus","Fis-29507"
-80,7,0.94,"Scomber japonicus","Fis-29507"
-79.5,7,0.97,"Scomber japonicus","Fis-29507"
-78,7,0.84,"Scomber japonicus","Fis-29507"
-77.5,7,0.78,"Scomber japonicus","Fis-29507"
116.5,7,0.65,"Scomber japonicus","Fis-29507"
117,7,0.62,"Scomber japonicus","Fis-29507"
117.5,7,0.62,"Scomber japonicus","Fis-29507"
118,7,0.62,"Scomber japonicus","Fis-29507"
118.5,7,0.63,"Scomber japonicus","Fis-29507"
119,7,0.63,"Scomber japonicus","Fis-29507"
122,7,0.7,"Scomber japonicus","Fis-29507"
122.5,7,0.63,"Scomber japonicus","Fis-29507"
123,7,0.58,"Scomber japonicus","Fis-29507"
123.5,7,0.58,"Scomber japonicus","Fis-29507"
124,7,0.37,"Scomber japonicus","Fis-29507"
124.5,7,0.43,"Scomber japonicus","Fis-29507"
126,7,0.37,"Scomber japonicus","Fis-29507"
126.5,7,0.65,"Scomber japonicus","Fis-29507"
127,7,0.45,"Scomber japonicus","Fis-29507"
134.5,7,0.59,"Scomber japonicus","Fis-29507"
135,7,0.58,"Scomber japonicus","Fis-29507"
144,7,0.33,"Scomber japonicus","Fis-29507"
144.5,7,0.35,"Scomber japonicus","Fis-29507"
145,7,0.42,"Scomber japonicus","Fis-29507"
146.5,7,0.28,"Scomber japonicus","Fis-29507"
147.5,7,0.26,"Scomber japonicus","Fis-29507"
149.5,7,0.23,"Scomber japonicus","Fis-29507"
151.5,7,0.21,"Scomber japonicus","Fis-29507"
152,7,0.28,"Scomber japonicus","Fis-29507"
152.5,7,0.19,"Scomber japonicus","Fis-29507"
153,7,0.14,"Scomber japonicus","Fis-29507"
158,7,0.3,"Scomber japonicus","Fis-29507"
158.5,7,0.39,"Scomber japonicus","Fis-29507"
169,7,0.68,"Scomber japonicus","Fis-29507"
171.5,7,0.7,"Scomber japonicus","Fis-29507"
172,7,0.72,"Scomber japonicus","Fis-29507"
-162.5,6.5,0.86,"Scomber japonicus","Fis-29507"
-77.5,6.5,0.81,"Scomber japonicus","Fis-29507"
-77,6.5,0.79,"Scomber japonicus","Fis-29507"
116.5,6.5,0.57,"Scomber japonicus","Fis-29507"
117,6.5,0.56,"Scomber japonicus","Fis-29507"
117.5,6.5,0.57,"Scomber japonicus","Fis-29507"
118,6.5,0.57,"Scomber japonicus","Fis-29507"
118.5,6.5,0.62,"Scomber japonicus","Fis-29507"
119,6.5,0.62,"Scomber japonicus","Fis-29507"
121,6.5,0.71,"Scomber japonicus","Fis-29507"
121.5,6.5,0.76,"Scomber japonicus","Fis-29507"
122,6.5,0.76,"Scomber japonicus","Fis-29507"
122.5,6.5,0.65,"Scomber japonicus","Fis-29507"
124,6.5,0.41,"Scomber japonicus","Fis-29507"
124.5,6.5,0.46,"Scomber japonicus","Fis-29507"
125.5,6.5,0.47,"Scomber japonicus","Fis-29507"
126,6.5,0.43,"Scomber japonicus","Fis-29507"
126.5,6.5,0.64,"Scomber japonicus","Fis-29507"
134.5,6.5,0.58,"Scomber japonicus","Fis-29507"
143.5,6.5,0.41,"Scomber japonicus","Fis-29507"
149.5,6.5,0.19,"Scomber japonicus","Fis-29507"
153,6.5,0.13,"Scomber japonicus","Fis-29507"
158,6.5,0.32,"Scomber japonicus","Fis-29507"
158.5,6.5,0.45,"Scomber japonicus","Fis-29507"
-162.5,6,0.86,"Scomber japonicus","Fis-29507"
-162,6,0.86,"Scomber japonicus","Fis-29507"
-77.5,6,0.48,"Scomber japonicus","Fis-29507"
-77,6,0.81,"Scomber japonicus","Fis-29507"
116.5,6,0.5,"Scomber japonicus","Fis-29507"
118,6,0.47,"Scomber japonicus","Fis-29507"
118.5,6,0.54,"Scomber japonicus","Fis-29507"
119,6,0.62,"Scomber japonicus","Fis-29507"
119.5,6,0.63,"Scomber japonicus","Fis-29507"
120.5,6,0.72,"Scomber japonicus","Fis-29507"
121,6,0.8,"Scomber japonicus","Fis-29507"
121.5,6,0.79,"Scomber japonicus","Fis-29507"
122,6,0.73,"Scomber japonicus","Fis-29507"
122.5,6,0.61,"Scomber japonicus","Fis-29507"
124.5,6,0.56,"Scomber japonicus","Fis-29507"
125,6,0.58,"Scomber japonicus","Fis-29507"
125.5,6,0.6,"Scomber japonicus","Fis-29507"
126,6,0.64,"Scomber japonicus","Fis-29507"
126.5,6,0.63,"Scomber japonicus","Fis-29507"
145.5,6,0.34,"Scomber japonicus","Fis-29507"
161,6,0.58,"Scomber japonicus","Fis-29507"
169.5,6,0.65,"Scomber japonicus","Fis-29507"
170,6,0.66,"Scomber japonicus","Fis-29507"
172,6,0.68,"Scomber japonicus","Fis-29507"
172.5,6,0.69,"Scomber japonicus","Fis-29507"
-162,5.5,0.85,"Scomber japonicus","Fis-29507"
-161.5,5.5,0.5,"Scomber japonicus","Fis-29507"
-87,5.5,0.86,"Scomber japonicus","Fis-29507"
-86.5,5.5,0.85,"Scomber japonicus","Fis-29507"
-77.5,5.5,0.2,"Scomber japonicus","Fis-29507"
-77,5.5,0.82,"Scomber japonicus","Fis-29507"
116.5,5.5,0.45,"Scomber japonicus","Fis-29507"
118,5.5,0.07,"Scomber japonicus","Fis-29507"
118.5,5.5,0.4,"Scomber japonicus","Fis-29507"
119,5.5,0.53,"Scomber japonicus","Fis-29507"
119.5,5.5,0.65,"Scomber japonicus","Fis-29507"
120,5.5,0.7,"Scomber japonicus","Fis-29507"
120.5,5.5,0.76,"Scomber japonicus","Fis-29507"
121,5.5,0.77,"Scomber japonicus","Fis-29507"
121.5,5.5,0.68,"Scomber japonicus","Fis-29507"
122,5.5,0.62,"Scomber japonicus","Fis-29507"
125,5.5,0.59,"Scomber japonicus","Fis-29507"
125.5,5.5,0.62,"Scomber japonicus","Fis-29507"
126,5.5,0.65,"Scomber japonicus","Fis-29507"
127,5.5,0.59,"Scomber japonicus","Fis-29507"
145.5,5.5,0.42,"Scomber japonicus","Fis-29507"
146,5.5,0.39,"Scomber japonicus","Fis-29507"
153.5,5.5,0.5,"Scomber japonicus","Fis-29507"
154,5.5,0.52,"Scomber japonicus","Fis-29507"
157.5,5.5,0.56,"Scomber japonicus","Fis-29507"
168.5,5.5,0.63,"Scomber japonicus","Fis-29507"
169.5,5.5,0.64,"Scomber japonicus","Fis-29507"
170,5.5,0.65,"Scomber japonicus","Fis-29507"
172.5,5.5,0.67,"Scomber japonicus","Fis-29507"
-87,5,0.88,"Scomber japonicus","Fis-29507"
-86.5,5,0.64,"Scomber japonicus","Fis-29507"
-77,5,0.83,"Scomber japonicus","Fis-29507"
118.5,5,0.02,"Scomber japonicus","Fis-29507"
119,5,0.53,"Scomber japonicus","Fis-29507"
119.5,5,0.66,"Scomber japonicus","Fis-29507"
120,5,0.67,"Scomber japonicus","Fis-29507"
120.5,5,0.68,"Scomber japonicus","Fis-29507"
121,5,0.65,"Scomber japonicus","Fis-29507"
125.5,5,0.63,"Scomber japonicus","Fis-29507"
126,5,0.62,"Scomber japonicus","Fis-29507"
132.5,5,0.58,"Scomber japonicus","Fis-29507"
153.5,5,0.52,"Scomber japonicus","Fis-29507"
154,5,0.53,"Scomber japonicus","Fis-29507"
163,5,0.57,"Scomber japonicus","Fis-29507"
163.5,5,0.58,"Scomber japonicus","Fis-29507"
-160,4.5,0.78,"Scomber japonicus","Fis-29507"
-77,4.5,0.82,"Scomber japonicus","Fis-29507"
118.5,4.5,0.36,"Scomber japonicus","Fis-29507"
119,4.5,0.55,"Scomber japonicus","Fis-29507"
119.5,4.5,0.64,"Scomber japonicus","Fis-29507"
120,4.5,0.62,"Scomber japonicus","Fis-29507"
120.5,4.5,0.59,"Scomber japonicus","Fis-29507"
125.5,4.5,0.61,"Scomber japonicus","Fis-29507"
126,4.5,0.6,"Scomber japonicus","Fis-29507"
127,4.5,0.6,"Scomber japonicus","Fis-29507"
127.5,4.5,0.6,"Scomber japonicus","Fis-29507"
132.5,4.5,0.57,"Scomber japonicus","Fis-29507"
169,4.5,0.62,"Scomber japonicus","Fis-29507"
-81.5,4,1,"Scomber japonicus","Fis-29507"
-77.5,4,0.74,"Scomber japonicus","Fis-29507"
-77,4,0.8,"Scomber japonicus","Fis-29507"
117.5,4,0.01,"Scomber japonicus","Fis-29507"
118,4,0.47,"Scomber japonicus","Fis-29507"
118.5,4,0.54,"Scomber japonicus","Fis-29507"
119,4,0.61,"Scomber japonicus","Fis-29507"
119.5,4,0.6,"Scomber japonicus","Fis-29507"
125.5,4,0.6,"Scomber japonicus","Fis-29507"
126,4,0.6,"Scomber japonicus","Fis-29507"
127,4,0.62,"Scomber japonicus","Fis-29507"
-159,3.5,0.77,"Scomber japonicus","Fis-29507"
-77.5,3.5,0.88,"Scomber japonicus","Fis-29507"
-77,3.5,0.77,"Scomber japonicus","Fis-29507"
117.5,3.5,0.01,"Scomber japonicus","Fis-29507"
118,3.5,0.48,"Scomber japonicus","Fis-29507"
118.5,3.5,0.58,"Scomber japonicus","Fis-29507"
125.5,3.5,0.59,"Scomber japonicus","Fis-29507"
126,3.5,0.61,"Scomber japonicus","Fis-29507"
127,3.5,0.62,"Scomber japonicus","Fis-29507"
128,3.5,0.07,"Scomber japonicus","Fis-29507"
155,3.5,0.5,"Scomber japonicus","Fis-29507"
155.5,3.5,0.5,"Scomber japonicus","Fis-29507"
-78,3,0.95,"Scomber japonicus","Fis-29507"
-77.5,3,0.83,"Scomber japonicus","Fis-29507"
-77,3,0.82,"Scomber japonicus","Fis-29507"
117.5,3,0.43,"Scomber japonicus","Fis-29507"
118,3,0.49,"Scomber japonicus","Fis-29507"
118.5,3,0.58,"Scomber japonicus","Fis-29507"
125.5,3,0.57,"Scomber japonicus","Fis-29507"
126,3,0.61,"Scomber japonicus","Fis-29507"
132,3,0.54,"Scomber japonicus","Fis-29507"
173,3,0.62,"Scomber japonicus","Fis-29507"
173.5,3,0.62,"Scomber japonicus","Fis-29507"
-78.5,2.5,0.89,"Scomber japonicus","Fis-29507"
-78,2.5,0.78,"Scomber japonicus","Fis-29507"
-77.5,2.5,0.84,"Scomber japonicus","Fis-29507"
118,2.5,0.53,"Scomber japonicus","Fis-29507"
118.5,2.5,0.59,"Scomber japonicus","Fis-29507"
125.5,2.5,0.57,"Scomber japonicus","Fis-29507"
126,2.5,0.6,"Scomber japonicus","Fis-29507"
128.5,2.5,0.61,"Scomber japonicus","Fis-29507"
129,2.5,0.56,"Scomber japonicus","Fis-29507"
132,2.5,0.54,"Scomber japonicus","Fis-29507"
-157,2,0.76,"Scomber japonicus","Fis-29507"
-79,2,1,"Scomber japonicus","Fis-29507"
-78.5,2,0.74,"Scomber japonicus","Fis-29507"
-78,2,0.02,"Scomber japonicus","Fis-29507"
118,2,0.59,"Scomber japonicus","Fis-29507"
118.5,2,0.6,"Scomber japonicus","Fis-29507"
119,2,0.58,"Scomber japonicus","Fis-29507"
125.5,2,0.59,"Scomber japonicus","Fis-29507"
126,2,0.62,"Scomber japonicus","Fis-29507"
128,2,0.63,"Scomber japonicus","Fis-29507"
128.5,2,0.59,"Scomber japonicus","Fis-29507"
129,2,0.55,"Scomber japonicus","Fis-29507"
173,2,0.59,"Scomber japonicus","Fis-29507"
173.5,2,0.59,"Scomber japonicus","Fis-29507"
-157.5,1.5,0.74,"Scomber japonicus","Fis-29507"
-157,1.5,0.75,"Scomber japonicus","Fis-29507"
-91.5,1.5,1,"Scomber japonicus","Fis-29507"
-79,1.5,0.98,"Scomber japonicus","Fis-29507"
-78.5,1.5,0.91,"Scomber japonicus","Fis-29507"
-78,1.5,0.02,"Scomber japonicus","Fis-29507"
118,1.5,0.48,"Scomber japonicus","Fis-29507"
118.5,1.5,0.61,"Scomber japonicus","Fis-29507"
119,1.5,0.61,"Scomber japonicus","Fis-29507"
119.5,1.5,0.58,"Scomber japonicus","Fis-29507"
125,1.5,0.59,"Scomber japonicus","Fis-29507"
125.5,1.5,0.64,"Scomber japonicus","Fis-29507"
128,1.5,0.6,"Scomber japonicus","Fis-29507"
128.5,1.5,0.56,"Scomber japonicus","Fis-29507"
129,1.5,0.55,"Scomber japonicus","Fis-29507"
173,1.5,0.58,"Scomber japonicus","Fis-29507"
173.5,1.5,0.58,"Scomber japonicus","Fis-29507"
-91.5,1,1,"Scomber japonicus","Fis-29507"
-80,1,0.63,"Scomber japonicus","Fis-29507"
-79.5,1,1,"Scomber japonicus","Fis-29507"
-79,1,0.96,"Scomber japonicus","Fis-29507"
-78.5,1,0.95,"Scomber japonicus","Fis-29507"
118,1,0.01,"Scomber japonicus","Fis-29507"
118.5,1,0.02,"Scomber japonicus","Fis-29507"
119,1,0.63,"Scomber japonicus","Fis-29507"
119.5,1,0.6,"Scomber japonicus","Fis-29507"
120.5,1,0.58,"Scomber japonicus","Fis-29507"
121,1,0.59,"Scomber japonicus","Fis-29507"
121.5,1,0.58,"Scomber japonicus","Fis-29507"
122,1,0.58,"Scomber japonicus","Fis-29507"
122.5,1,0.57,"Scomber japonicus","Fis-29507"
123,1,0.57,"Scomber japonicus","Fis-29507"
123.5,1,0.57,"Scomber japonicus","Fis-29507"
124.5,1,0.58,"Scomber japonicus","Fis-29507"
125,1,0.62,"Scomber japonicus","Fis-29507"
125.5,1,0.66,"Scomber japonicus","Fis-29507"
126.5,1,0.63,"Scomber japonicus","Fis-29507"
127.5,1,0.62,"Scomber japonicus","Fis-29507"
128,1,0.59,"Scomber japonicus","Fis-29507"
128.5,1,0.18,"Scomber japonicus","Fis-29507"
129,1,0.55,"Scomber japonicus","Fis-29507"
131.5,1,0.51,"Scomber japonicus","Fis-29507"
155,1,0.49,"Scomber japonicus","Fis-29507"
173,1,0.58,"Scomber japonicus","Fis-29507"
173.5,1,0.57,"Scomber japonicus","Fis-29507"
-176.5,0.5,0.63,"Scomber japonicus","Fis-29507"
-90.5,0.5,1,"Scomber japonicus","Fis-29507"
-80,0.5,1,"Scomber japonicus","Fis-29507"
-79.5,0.5,1,"Scomber japonicus","Fis-29507"
118,0.5,0.62,"Scomber japonicus","Fis-29507"
118.5,0.5,0.61,"Scomber japonicus","Fis-29507"
119,0.5,0.61,"Scomber japonicus","Fis-29507"
119.5,0.5,0.59,"Scomber japonicus","Fis-29507"
120,0.5,0.59,"Scomber japonicus","Fis-29507"
120.5,0.5,0.54,"Scomber japonicus","Fis-29507"
121,0.5,0.53,"Scomber japonicus","Fis-29507"
121.5,0.5,0.02,"Scomber japonicus","Fis-29507"
122,0.5,0.02,"Scomber japonicus","Fis-29507"
122.5,0.5,0.02,"Scomber japonicus","Fis-29507"
123,0.5,0.04,"Scomber japonicus","Fis-29507"
123.5,0.5,0.56,"Scomber japonicus","Fis-29507"
124,0.5,0.57,"Scomber japonicus","Fis-29507"
124.5,0.5,0.6,"Scomber japonicus","Fis-29507"
125,0.5,0.65,"Scomber japonicus","Fis-29507"
125.5,0.5,0.63,"Scomber japonicus","Fis-29507"
126.5,0.5,0.62,"Scomber japonicus","Fis-29507"
127.5,0.5,0.62,"Scomber japonicus","Fis-29507"
128,0.5,0.42,"Scomber japonicus","Fis-29507"
128.5,0.5,0.55,"Scomber japonicus","Fis-29507"
129,0.5,0.56,"Scomber japonicus","Fis-29507"
129.5,0.5,0.56,"Scomber japonicus","Fis-29507"
131,0.5,0.52,"Scomber japonicus","Fis-29507"
131.5,0.5,0.51,"Scomber japonicus","Fis-29507"
134.5,0.5,0.49,"Scomber japonicus","Fis-29507"
173,0.5,0.57,"Scomber japonicus","Fis-29507"
173.5,0.5,0.57,"Scomber japonicus","Fis-29507"
174,0.5,0.56,"Scomber japonicus","Fis-29507"
-176,0,0.62,"Scomber japonicus","Fis-29507"
-91.5,0,1,"Scomber japonicus","Fis-29507"
-91,0,1,"Scomber japonicus","Fis-29507"
-90.5,0,0.18,"Scomber japonicus","Fis-29507"
-90,0,1,"Scomber japonicus","Fis-29507"
-89.5,0,1,"Scomber japonicus","Fis-29507"
-80.5,0,0.78,"Scomber japonicus","Fis-29507"
-80,0,1,"Scomber japonicus","Fis-29507"
-79.5,0,0.02,"Scomber japonicus","Fis-29507"
117.5,0,0.02,"Scomber japonicus","Fis-29507"
118,0,0.62,"Scomber japonicus","Fis-29507"
120,0,0.58,"Scomber japonicus","Fis-29507"
120.5,0,0.47,"Scomber japonicus","Fis-29507"
121,0,0.46,"Scomber japonicus","Fis-29507"
121.5,0,0.47,"Scomber japonicus","Fis-29507"
122,0,0.49,"Scomber japonicus","Fis-29507"
122.5,0,0.5,"Scomber japonicus","Fis-29507"
123,0,0.52,"Scomber japonicus","Fis-29507"
123.5,0,0.55,"Scomber japonicus","Fis-29507"
124,0,0.58,"Scomber japonicus","Fis-29507"
124.5,0,0.6,"Scomber japonicus","Fis-29507"
125,0,0.61,"Scomber japonicus","Fis-29507"
127.5,0,0.63,"Scomber japonicus","Fis-29507"
128,0,0.6,"Scomber japonicus","Fis-29507"
128.5,0,0.57,"Scomber japonicus","Fis-29507"
129,0,0.58,"Scomber japonicus","Fis-29507"
129.5,0,0.59,"Scomber japonicus","Fis-29507"
130,0,0.59,"Scomber japonicus","Fis-29507"
130.5,0,0.57,"Scomber japonicus","Fis-29507"
131,0,0.54,"Scomber japonicus","Fis-29507"
131.5,0,0.52,"Scomber japonicus","Fis-29507"
173.5,0,0.55,"Scomber japonicus","Fis-29507"
174,0,0.55,"Scomber japonicus","Fis-29507"
-159.5,-0.5,0.64,"Scomber japonicus","Fis-29507"
-91.5,-0.5,0.97,"Scomber japonicus","Fis-29507"
-91,-0.5,1,"Scomber japonicus","Fis-29507"
-90.5,-0.5,1,"Scomber japonicus","Fis-29507"
-90,-0.5,1,"Scomber japonicus","Fis-29507"
-88.5,-0.5,0.48,"Scomber japonicus","Fis-29507"
-80.5,-0.5,1,"Scomber japonicus","Fis-29507"
-80,-0.5,1,"Scomber japonicus","Fis-29507"
117.5,-0.5,0.2,"Scomber japonicus","Fis-29507"
118,-0.5,0.61,"Scomber japonicus","Fis-29507"
120,-0.5,0.57,"Scomber japonicus","Fis-29507"
120.5,-0.5,0.46,"Scomber japonicus","Fis-29507"
121.5,-0.5,0.45,"Scomber japonicus","Fis-29507"
122,-0.5,0.45,"Scomber japonicus","Fis-29507"
122.5,-0.5,0.45,"Scomber japonicus","Fis-29507"
123,-0.5,0.48,"Scomber japonicus","Fis-29507"
123.5,-0.5,0.54,"Scomber japonicus","Fis-29507"
127.5,-0.5,0.64,"Scomber japonicus","Fis-29507"
128,-0.5,0.37,"Scomber japonicus","Fis-29507"
128.5,-0.5,0.59,"Scomber japonicus","Fis-29507"
129,-0.5,0.58,"Scomber japonicus","Fis-29507"
129.5,-0.5,0.6,"Scomber japonicus","Fis-29507"
130,-0.5,0.63,"Scomber japonicus","Fis-29507"
130.5,-0.5,0.62,"Scomber japonicus","Fis-29507"
131,-0.5,0.58,"Scomber japonicus","Fis-29507"
131.5,-0.5,0.55,"Scomber japonicus","Fis-29507"
132.5,-0.5,0.52,"Scomber japonicus","Fis-29507"
133,-0.5,0.51,"Scomber japonicus","Fis-29507"
133.5,-0.5,0.51,"Scomber japonicus","Fis-29507"
135,-0.5,0.5,"Scomber japonicus","Fis-29507"
135.5,-0.5,0.51,"Scomber japonicus","Fis-29507"
167,-0.5,0.53,"Scomber japonicus","Fis-29507"
174.5,-0.5,0.52,"Scomber japonicus","Fis-29507"
-91,-1,1,"Scomber japonicus","Fis-29507"
-90.5,-1,1,"Scomber japonicus","Fis-29507"
-90,-1,1,"Scomber japonicus","Fis-29507"
-89.5,-1,1,"Scomber japonicus","Fis-29507"
-89,-1,1,"Scomber japonicus","Fis-29507"
-88.5,-1,0.61,"Scomber japonicus","Fis-29507"
-80.5,-1,1,"Scomber japonicus","Fis-29507"
-80,-1,0.98,"Scomber japonicus","Fis-29507"
117.5,-1,0.62,"Scomber japonicus","Fis-29507"
118,-1,0.6,"Scomber japonicus","Fis-29507"
119.5,-1,0.55,"Scomber japonicus","Fis-29507"
120,-1,0.56,"Scomber japonicus","Fis-29507"
120.5,-1,0.46,"Scomber japonicus","Fis-29507"
121,-1,0.45,"Scomber japonicus","Fis-29507"
121.5,-1,0.45,"Scomber japonicus","Fis-29507"
122,-1,0.45,"Scomber japonicus","Fis-29507"
122.5,-1,0.44,"Scomber japonicus","Fis-29507"
123,-1,0.53,"Scomber japonicus","Fis-29507"
123.5,-1,0.61,"Scomber japonicus","Fis-29507"
124,-1,0.67,"Scomber japonicus","Fis-29507"
127.5,-1,0.65,"Scomber japonicus","Fis-29507"
128,-1,0.63,"Scomber japonicus","Fis-29507"
128.5,-1,0.62,"Scomber japonicus","Fis-29507"
129,-1,0.59,"Scomber japonicus","Fis-29507"
129.5,-1,0.07,"Scomber japonicus","Fis-29507"
130,-1,0.65,"Scomber japonicus","Fis-29507"
130.5,-1,0.66,"Scomber japonicus","Fis-29507"
131,-1,0.61,"Scomber japonicus","Fis-29507"
131.5,-1,0.57,"Scomber japonicus","Fis-29507"
132,-1,0.55,"Scomber japonicus","Fis-29507"
132.5,-1,0.54,"Scomber japonicus","Fis-29507"
133.5,-1,0.53,"Scomber japonicus","Fis-29507"
134,-1,0.52,"Scomber japonicus","Fis-29507"
134.5,-1,0.52,"Scomber japonicus","Fis-29507"
135,-1,0.52,"Scomber japonicus","Fis-29507"
135.5,-1,0.52,"Scomber japonicus","Fis-29507"
136,-1,0.53,"Scomber japonicus","Fis-29507"
136.5,-1,0.53,"Scomber japonicus","Fis-29507"
145.5,-1,0.48,"Scomber japonicus","Fis-29507"
146,-1,0.47,"Scomber japonicus","Fis-29507"
167,-1,0.51,"Scomber japonicus","Fis-29507"
170,-1,0.52,"Scomber japonicus","Fis-29507"
174.5,-1,0.51,"Scomber japonicus","Fis-29507"
175,-1,0.5,"Scomber japonicus","Fis-29507"
-91,-1.5,1,"Scomber japonicus","Fis-29507"
-90.5,-1.5,1,"Scomber japonicus","Fis-29507"
-90,-1.5,1,"Scomber japonicus","Fis-29507"
-89.5,-1.5,1,"Scomber japonicus","Fis-29507"
-89,-1.5,0.73,"Scomber japonicus","Fis-29507"
-81,-1.5,1,"Scomber japonicus","Fis-29507"
-80.5,-1.5,1,"Scomber japonicus","Fis-29507"
117,-1.5,0.63,"Scomber japonicus","Fis-29507"
117.5,-1.5,0.62,"Scomber japonicus","Fis-29507"
118,-1.5,0.58,"Scomber japonicus","Fis-29507"
119.5,-1.5,0.55,"Scomber japonicus","Fis-29507"
121,-1.5,0.46,"Scomber japonicus","Fis-29507"
121.5,-1.5,0.51,"Scomber japonicus","Fis-29507"
122.5,-1.5,0.56,"Scomber japonicus","Fis-29507"
123,-1.5,0.63,"Scomber japonicus","Fis-29507"
123.5,-1.5,0.7,"Scomber japonicus","Fis-29507"
124,-1.5,0.72,"Scomber japonicus","Fis-29507"
124.5,-1.5,0.65,"Scomber japonicus","Fis-29507"
127.5,-1.5,0.66,"Scomber japonicus","Fis-29507"
128,-1.5,0.64,"Scomber japonicus","Fis-29507"
128.5,-1.5,0.62,"Scomber japonicus","Fis-29507"
129,-1.5,0.61,"Scomber japonicus","Fis-29507"
129.5,-1.5,0.63,"Scomber japonicus","Fis-29507"
130,-1.5,0.66,"Scomber japonicus","Fis-29507"
130.5,-1.5,0.67,"Scomber japonicus","Fis-29507"
131,-1.5,0.64,"Scomber japonicus","Fis-29507"
131.5,-1.5,0.05,"Scomber japonicus","Fis-29507"
132,-1.5,0.05,"Scomber japonicus","Fis-29507"
134.5,-1.5,0.53,"Scomber japonicus","Fis-29507"
135,-1.5,0.53,"Scomber japonicus","Fis-29507"
135.5,-1.5,0.53,"Scomber japonicus","Fis-29507"
136,-1.5,0.54,"Scomber japonicus","Fis-29507"
136.5,-1.5,0.55,"Scomber japonicus","Fis-29507"
137,-1.5,0.54,"Scomber japonicus","Fis-29507"
137.5,-1.5,0.55,"Scomber japonicus","Fis-29507"
138,-1.5,0.57,"Scomber japonicus","Fis-29507"
138.5,-1.5,0.56,"Scomber japonicus","Fis-29507"
143.5,-1.5,0.5,"Scomber japonicus","Fis-29507"
144,-1.5,0.5,"Scomber japonicus","Fis-29507"
144.5,-1.5,0.5,"Scomber japonicus","Fis-29507"
145,-1.5,0.49,"Scomber japonicus","Fis-29507"
145.5,-1.5,0.48,"Scomber japonicus","Fis-29507"
150,-1.5,0.45,"Scomber japonicus","Fis-29507"
175,-1.5,0.49,"Scomber japonicus","Fis-29507"
175.5,-1.5,0.49,"Scomber japonicus","Fis-29507"
176,-1.5,0.49,"Scomber japonicus","Fis-29507"
176.5,-1.5,0.49,"Scomber japonicus","Fis-29507"
177,-1.5,0.49,"Scomber japonicus","Fis-29507"
-81,-2,1,"Scomber japonicus","Fis-29507"
-80.5,-2,1,"Scomber japonicus","Fis-29507"
116.5,-2,0.05,"Scomber japonicus","Fis-29507"
117,-2,0.63,"Scomber japonicus","Fis-29507"
117.5,-2,0.6,"Scomber japonicus","Fis-29507"
119.5,-2,0.55,"Scomber japonicus","Fis-29507"
121.5,-2,0.02,"Scomber japonicus","Fis-29507"
122,-2,0.62,"Scomber japonicus","Fis-29507"
122.5,-2,0.63,"Scomber japonicus","Fis-29507"
123,-2,0.65,"Scomber japonicus","Fis-29507"
123.5,-2,0.72,"Scomber japonicus","Fis-29507"
124,-2,0.76,"Scomber japonicus","Fis-29507"
124.5,-2,0.71,"Scomber japonicus","Fis-29507"
125,-2,0.65,"Scomber japonicus","Fis-29507"
125.5,-2,0.64,"Scomber japonicus","Fis-29507"
126,-2,0.63,"Scomber japonicus","Fis-29507"
126.5,-2,0.64,"Scomber japonicus","Fis-29507"
127,-2,0.66,"Scomber japonicus","Fis-29507"
127.5,-2,0.67,"Scomber japonicus","Fis-29507"
128,-2,0.65,"Scomber japonicus","Fis-29507"
128.5,-2,0.61,"Scomber japonicus","Fis-29507"
129,-2,0.61,"Scomber japonicus","Fis-29507"
129.5,-2,0.58,"Scomber japonicus","Fis-29507"
130,-2,0.68,"Scomber japonicus","Fis-29507"
130.5,-2,0.68,"Scomber japonicus","Fis-29507"
131,-2,0.67,"Scomber japonicus","Fis-29507"
131.5,-2,0.63,"Scomber japonicus","Fis-29507"
132,-2,0.59,"Scomber japonicus","Fis-29507"
132.5,-2,0.13,"Scomber japonicus","Fis-29507"
134.5,-2,0.53,"Scomber japonicus","Fis-29507"
135,-2,0.53,"Scomber japonicus","Fis-29507"
135.5,-2,0.52,"Scomber japonicus","Fis-29507"
136,-2,0.53,"Scomber japonicus","Fis-29507"
136.5,-2,0.54,"Scomber japonicus","Fis-29507"
137,-2,0.53,"Scomber japonicus","Fis-29507"
137.5,-2,0.56,"Scomber japonicus","Fis-29507"
138,-2,0.57,"Scomber japonicus","Fis-29507"
138.5,-2,0.58,"Scomber japonicus","Fis-29507"
139,-2,0.58,"Scomber japonicus","Fis-29507"
139.5,-2,0.58,"Scomber japonicus","Fis-29507"
143,-2,0.51,"Scomber japonicus","Fis-29507"
144.5,-2,0.5,"Scomber japonicus","Fis-29507"
145.5,-2,0.49,"Scomber japonicus","Fis-29507"
146.5,-2,0.48,"Scomber japonicus","Fis-29507"
147,-2,0.48,"Scomber japonicus","Fis-29507"
147.5,-2,0.47,"Scomber japonicus","Fis-29507"
148,-2,0.47,"Scomber japonicus","Fis-29507"
148.5,-2,0.46,"Scomber japonicus","Fis-29507"
150,-2,0.45,"Scomber japonicus","Fis-29507"
150.5,-2,0.44,"Scomber japonicus","Fis-29507"
151,-2,0.32,"Scomber japonicus","Fis-29507"
153.5,-2,0.46,"Scomber japonicus","Fis-29507"
154,-2,0.45,"Scomber japonicus","Fis-29507"
175,-2,0.47,"Scomber japonicus","Fis-29507"
175.5,-2,0.47,"Scomber japonicus","Fis-29507"
176,-2,0.47,"Scomber japonicus","Fis-29507"
-81,-2.5,1,"Scomber japonicus","Fis-29507"
-80.5,-2.5,0.87,"Scomber japonicus","Fis-29507"
-80,-2.5,0.03,"Scomber japonicus","Fis-29507"
-79.5,-2.5,0.01,"Scomber japonicus","Fis-29507"
116.5,-2.5,0.05,"Scomber japonicus","Fis-29507"
117,-2.5,0.62,"Scomber japonicus","Fis-29507"
117.5,-2.5,0.61,"Scomber japonicus","Fis-29507"
118,-2.5,0.58,"Scomber japonicus","Fis-29507"
118.5,-2.5,0.55,"Scomber japonicus","Fis-29507"
119,-2.5,0.56,"Scomber japonicus","Fis-29507"
119.5,-2.5,0.56,"Scomber japonicus","Fis-29507"
122,-2.5,0.63,"Scomber japonicus","Fis-29507"
122.5,-2.5,0.64,"Scomber japonicus","Fis-29507"
123,-2.5,0.66,"Scomber japonicus","Fis-29507"
123.5,-2.5,0.68,"Scomber japonicus","Fis-29507"
124,-2.5,0.69,"Scomber japonicus","Fis-29507"
124.5,-2.5,0.67,"Scomber japonicus","Fis-29507"
125,-2.5,0.65,"Scomber japonicus","Fis-29507"
125.5,-2.5,0.64,"Scomber japonicus","Fis-29507"
126,-2.5,0.63,"Scomber japonicus","Fis-29507"
126.5,-2.5,0.64,"Scomber japonicus","Fis-29507"
129.5,-2.5,0.15,"Scomber japonicus","Fis-29507"
130,-2.5,0.67,"Scomber japonicus","Fis-29507"
130.5,-2.5,0.69,"Scomber japonicus","Fis-29507"
131,-2.5,0.69,"Scomber japonicus","Fis-29507"
131.5,-2.5,0.67,"Scomber japonicus","Fis-29507"
132,-2.5,0.63,"Scomber japonicus","Fis-29507"
132.5,-2.5,0.62,"Scomber japonicus","Fis-29507"
133,-2.5,0.61,"Scomber japonicus","Fis-29507"
133.5,-2.5,0.58,"Scomber japonicus","Fis-29507"
134,-2.5,0.1,"Scomber japonicus","Fis-29507"
134.5,-2.5,0.54,"Scomber japonicus","Fis-29507"
135,-2.5,0.53,"Scomber japonicus","Fis-29507"
135.5,-2.5,0.53,"Scomber japonicus","Fis-29507"
136,-2.5,0.53,"Scomber japonicus","Fis-29507"
136.5,-2.5,0.53,"Scomber japonicus","Fis-29507"
137,-2.5,0.57,"Scomber japonicus","Fis-29507"
137.5,-2.5,0.29,"Scomber japonicus","Fis-29507"
139.5,-2.5,0.61,"Scomber japonicus","Fis-29507"
140,-2.5,0.59,"Scomber japonicus","Fis-29507"
140.5,-2.5,0.59,"Scomber japonicus","Fis-29507"
141,-2.5,0.59,"Scomber japonicus","Fis-29507"
146,-2.5,0.49,"Scomber japonicus","Fis-29507"
146.5,-2.5,0.49,"Scomber japonicus","Fis-29507"
147,-2.5,0.49,"Scomber japonicus","Fis-29507"
147.5,-2.5,0.48,"Scomber japonicus","Fis-29507"
148,-2.5,0.47,"Scomber japonicus","Fis-29507"
148.5,-2.5,0.46,"Scomber japonicus","Fis-29507"
150,-2.5,0.45,"Scomber japonicus","Fis-29507"
150.5,-2.5,0.45,"Scomber japonicus","Fis-29507"
151,-2.5,0.45,"Scomber japonicus","Fis-29507"
153.5,-2.5,0.45,"Scomber japonicus","Fis-29507"
154,-2.5,0.45,"Scomber japonicus","Fis-29507"
176.5,-2.5,0.44,"Scomber japonicus","Fis-29507"
-171.5,-3,0.48,"Scomber japonicus","Fis-29507"
-81,-3,0.24,"Scomber japonicus","Fis-29507"
-80.5,-3,0.71,"Scomber japonicus","Fis-29507"
-80,-3,0.54,"Scomber japonicus","Fis-29507"
-79.5,-3,0.65,"Scomber japonicus","Fis-29507"
116.5,-3,0.61,"Scomber japonicus","Fis-29507"
117,-3,0.62,"Scomber japonicus","Fis-29507"
117.5,-3,0.61,"Scomber japonicus","Fis-29507"
118,-3,0.6,"Scomber japonicus","Fis-29507"
118.5,-3,0.57,"Scomber japonicus","Fis-29507"
119,-3,0.57,"Scomber japonicus","Fis-29507"
119.5,-3,0.03,"Scomber japonicus","Fis-29507"
120.5,-3,0.55,"Scomber japonicus","Fis-29507"
121,-3,0.51,"Scomber japonicus","Fis-29507"
121.5,-3,0.58,"Scomber japonicus","Fis-29507"
122,-3,0.02,"Scomber japonicus","Fis-29507"
122.5,-3,0.65,"Scomber japonicus","Fis-29507"
123,-3,0.66,"Scomber japonicus","Fis-29507"
127,-3,0.62,"Scomber japonicus","Fis-29507"
128,-3,0.66,"Scomber japonicus","Fis-29507"
128.5,-3,0.65,"Scomber japonicus","Fis-29507"
129,-3,0.64,"Scomber japonicus","Fis-29507"
129.5,-3,0.65,"Scomber japonicus","Fis-29507"
130,-3,0.66,"Scomber japonicus","Fis-29507"
130.5,-3,0.68,"Scomber japonicus","Fis-29507"
131,-3,0.7,"Scomber japonicus","Fis-29507"
131.5,-3,0.7,"Scomber japonicus","Fis-29507"
132,-3,0.68,"Scomber japonicus","Fis-29507"
132.5,-3,0.66,"Scomber japonicus","Fis-29507"
133,-3,0.63,"Scomber japonicus","Fis-29507"
133.5,-3,0.03,"Scomber japonicus","Fis-29507"
134,-3,0.03,"Scomber japonicus","Fis-29507"
134.5,-3,0.6,"Scomber japonicus","Fis-29507"
135,-3,0.53,"Scomber japonicus","Fis-29507"
135.5,-3,0.54,"Scomber japonicus","Fis-29507"
136,-3,0.56,"Scomber japonicus","Fis-29507"
136.5,-3,0.59,"Scomber japonicus","Fis-29507"
141,-3,0.62,"Scomber japonicus","Fis-29507"
141.5,-3,0.61,"Scomber japonicus","Fis-29507"
142,-3,0.6,"Scomber japonicus","Fis-29507"
142.5,-3,0.59,"Scomber japonicus","Fis-29507"
146.5,-3,0.5,"Scomber japonicus","Fis-29507"
147,-3,0.49,"Scomber japonicus","Fis-29507"
147.5,-3,0.48,"Scomber japonicus","Fis-29507"
148,-3,0.02,"Scomber japonicus","Fis-29507"
150,-3,0.44,"Scomber japonicus","Fis-29507"
150.5,-3,0.44,"Scomber japonicus","Fis-29507"
151,-3,0.44,"Scomber japonicus","Fis-29507"
151.5,-3,0.45,"Scomber japonicus","Fis-29507"
152,-3,0.46,"Scomber japonicus","Fis-29507"
152.5,-3,0.47,"Scomber japonicus","Fis-29507"
153,-3,0.47,"Scomber japonicus","Fis-29507"
177,-3,0.42,"Scomber japonicus","Fis-29507"
-171,-3.5,0.46,"Scomber japonicus","Fis-29507"
-81,-3.5,1,"Scomber japonicus","Fis-29507"
-80.5,-3.5,0.84,"Scomber japonicus","Fis-29507"
-80,-3.5,0.42,"Scomber japonicus","Fis-29507"
-79.5,-3.5,0.6,"Scomber japonicus","Fis-29507"
116.5,-3.5,0.5,"Scomber japonicus","Fis-29507"
117,-3.5,0.6,"Scomber japonicus","Fis-29507"
117.5,-3.5,0.6,"Scomber japonicus","Fis-29507"
118,-3.5,0.6,"Scomber japonicus","Fis-29507"
118.5,-3.5,0.59,"Scomber japonicus","Fis-29507"
119,-3.5,0.58,"Scomber japonicus","Fis-29507"
119.5,-3.5,0.6,"Scomber japonicus","Fis-29507"
120.5,-3.5,0.57,"Scomber japonicus","Fis-29507"
121,-3.5,0.55,"Scomber japonicus","Fis-29507"
121.5,-3.5,0.58,"Scomber japonicus","Fis-29507"
122.5,-3.5,0.65,"Scomber japonicus","Fis-29507"
123,-3.5,0.67,"Scomber japonicus","Fis-29507"
123.5,-3.5,0.68,"Scomber japonicus","Fis-29507"
126.5,-3.5,0.7,"Scomber japonicus","Fis-29507"
127,-3.5,0.72,"Scomber japonicus","Fis-29507"
127.5,-3.5,0.74,"Scomber japonicus","Fis-29507"
128,-3.5,0.76,"Scomber japonicus","Fis-29507"
128.5,-3.5,0.77,"Scomber japonicus","Fis-29507"
129,-3.5,0.76,"Scomber japonicus","Fis-29507"
129.5,-3.5,0.73,"Scomber japonicus","Fis-29507"
130,-3.5,0.75,"Scomber japonicus","Fis-29507"
130.5,-3.5,0.73,"Scomber japonicus","Fis-29507"
131,-3.5,0.73,"Scomber japonicus","Fis-29507"
132,-3.5,0.72,"Scomber japonicus","Fis-29507"
132.5,-3.5,0.72,"Scomber japonicus","Fis-29507"
133,-3.5,0.71,"Scomber japonicus","Fis-29507"
134,-3.5,0.5,"Scomber japonicus","Fis-29507"
135,-3.5,0.41,"Scomber japonicus","Fis-29507"
135.5,-3.5,0.55,"Scomber japonicus","Fis-29507"
136,-3.5,0.62,"Scomber japonicus","Fis-29507"
142.5,-3.5,0.62,"Scomber japonicus","Fis-29507"
143,-3.5,0.61,"Scomber japonicus","Fis-29507"
143.5,-3.5,0.62,"Scomber japonicus","Fis-29507"
144,-3.5,0.62,"Scomber japonicus","Fis-29507"
144.5,-3.5,0.6,"Scomber japonicus","Fis-29507"
148,-3.5,0.47,"Scomber japonicus","Fis-29507"
148.5,-3.5,0.47,"Scomber japonicus","Fis-29507"
151.5,-3.5,0.43,"Scomber japonicus","Fis-29507"
152,-3.5,0.46,"Scomber japonicus","Fis-29507"
152.5,-3.5,0.48,"Scomber japonicus","Fis-29507"
153,-3.5,0.48,"Scomber japonicus","Fis-29507"
153.5,-3.5,0.47,"Scomber japonicus","Fis-29507"
154.5,-3.5,0.46,"Scomber japonicus","Fis-29507"
155,-3.5,0.46,"Scomber japonicus","Fis-29507"
-174,-4,0.42,"Scomber japonicus","Fis-29507"
-171,-4,0.43,"Scomber japonicus","Fis-29507"
-170.5,-4,0.44,"Scomber japonicus","Fis-29507"
-154.5,-4,0.55,"Scomber japonicus","Fis-29507"
-81,-4,1,"Scomber japonicus","Fis-29507"
-80.5,-4,0.77,"Scomber japonicus","Fis-29507"
-80,-4,0.01,"Scomber japonicus","Fis-29507"
116.5,-4,0.4,"Scomber japonicus","Fis-29507"
117,-4,0.59,"Scomber japonicus","Fis-29507"
117.5,-4,0.59,"Scomber japonicus","Fis-29507"
118,-4,0.59,"Scomber japonicus","Fis-29507"
119,-4,0.6,"Scomber japonicus","Fis-29507"
119.5,-4,0.63,"Scomber japonicus","Fis-29507"
120,-4,0.61,"Scomber japonicus","Fis-29507"
120.5,-4,0.59,"Scomber japonicus","Fis-29507"
121,-4,0.58,"Scomber japonicus","Fis-29507"
121.5,-4,0.58,"Scomber japonicus","Fis-29507"
122.5,-4,0.5,"Scomber japonicus","Fis-29507"
123,-4,0.67,"Scomber japonicus","Fis-29507"
123.5,-4,0.69,"Scomber japonicus","Fis-29507"
126.5,-4,0.76,"Scomber japonicus","Fis-29507"
127,-4,0.78,"Scomber japonicus","Fis-29507"
127.5,-4,0.78,"Scomber japonicus","Fis-29507"
128,-4,0.79,"Scomber japonicus","Fis-29507"
128.5,-4,0.79,"Scomber japonicus","Fis-29507"
129,-4,0.77,"Scomber japonicus","Fis-29507"
130.5,-4,0.77,"Scomber japonicus","Fis-29507"
131,-4,0.77,"Scomber japonicus","Fis-29507"
131.5,-4,0.76,"Scomber japonicus","Fis-29507"
132,-4,0.75,"Scomber japonicus","Fis-29507"
133,-4,0.76,"Scomber japonicus","Fis-29507"
133.5,-4,0.7,"Scomber japonicus","Fis-29507"
134,-4,0.81,"Scomber japonicus","Fis-29507"
134.5,-4,0.79,"Scomber japonicus","Fis-29507"
135,-4,0.06,"Scomber japonicus","Fis-29507"
144,-4,0.65,"Scomber japonicus","Fis-29507"
144.5,-4,0.64,"Scomber japonicus","Fis-29507"
145,-4,0.63,"Scomber japonicus","Fis-29507"
145.5,-4,0.59,"Scomber japonicus","Fis-29507"
152.5,-4,0.49,"Scomber japonicus","Fis-29507"
153,-4,0.49,"Scomber japonicus","Fis-29507"
153.5,-4,0.48,"Scomber japonicus","Fis-29507"
154,-4,0.47,"Scomber japonicus","Fis-29507"
-172,-4.5,0.41,"Scomber japonicus","Fis-29507"
-171,-4.5,0.42,"Scomber japonicus","Fis-29507"
-154.5,-4.5,0.53,"Scomber japonicus","Fis-29507"
-81,-4.5,1,"Scomber japonicus","Fis-29507"
116.5,-4.5,0.62,"Scomber japonicus","Fis-29507"
117,-4.5,0.61,"Scomber japonicus","Fis-29507"
117.5,-4.5,0.6,"Scomber japonicus","Fis-29507"
119.5,-4.5,0.6,"Scomber japonicus","Fis-29507"
120,-4.5,0.6,"Scomber japonicus","Fis-29507"
120.5,-4.5,0.6,"Scomber japonicus","Fis-29507"
121,-4.5,0.59,"Scomber japonicus","Fis-29507"
121.5,-4.5,0.56,"Scomber japonicus","Fis-29507"
122,-4.5,0.6,"Scomber japonicus","Fis-29507"
122.5,-4.5,0.63,"Scomber japonicus","Fis-29507"
123,-4.5,0.66,"Scomber japonicus","Fis-29507"
123.5,-4.5,0.7,"Scomber japonicus","Fis-29507"
130,-4.5,0.76,"Scomber japonicus","Fis-29507"
130.5,-4.5,0.66,"Scomber japonicus","Fis-29507"
131.5,-4.5,0.8,"Scomber japonicus","Fis-29507"
132,-4.5,0.78,"Scomber japonicus","Fis-29507"
133,-4.5,0.82,"Scomber japonicus","Fis-29507"
133.5,-4.5,0.85,"Scomber japonicus","Fis-29507"
134,-4.5,0.87,"Scomber japonicus","Fis-29507"
134.5,-4.5,0.89,"Scomber japonicus","Fis-29507"
135,-4.5,0.91,"Scomber japonicus","Fis-29507"
135.5,-4.5,0.82,"Scomber japonicus","Fis-29507"
136,-4.5,0.79,"Scomber japonicus","Fis-29507"
145,-4.5,0.65,"Scomber japonicus","Fis-29507"
145.5,-4.5,0.62,"Scomber japonicus","Fis-29507"
146,-4.5,0.6,"Scomber japonicus","Fis-29507"
146.5,-4.5,0.55,"Scomber japonicus","Fis-29507"
149.5,-4.5,0.06,"Scomber japonicus","Fis-29507"
152,-4.5,0.47,"Scomber japonicus","Fis-29507"
152.5,-4.5,0.52,"Scomber japonicus","Fis-29507"
153,-4.5,0.5,"Scomber japonicus","Fis-29507"
153.5,-4.5,0.49,"Scomber japonicus","Fis-29507"
154,-4.5,0.48,"Scomber japonicus","Fis-29507"
154.5,-4.5,0.47,"Scomber japonicus","Fis-29507"
159.5,-4.5,0.43,"Scomber japonicus","Fis-29507"
-174,-5,0.39,"Scomber japonicus","Fis-29507"
-172,-5,0.4,"Scomber japonicus","Fis-29507"
-81,-5,1,"Scomber japonicus","Fis-29507"
116.5,-5,0.64,"Scomber japonicus","Fis-29507"
117,-5,0.63,"Scomber japonicus","Fis-29507"
117.5,-5,0.61,"Scomber japonicus","Fis-29507"
118,-5,0.6,"Scomber japonicus","Fis-29507"
118.5,-5,0.48,"Scomber japonicus","Fis-29507"
119,-5,0.61,"Scomber japonicus","Fis-29507"
119.5,-5,0.62,"Scomber japonicus","Fis-29507"
120,-5,0.62,"Scomber japonicus","Fis-29507"
120.5,-5,0.62,"Scomber japonicus","Fis-29507"
121,-5,0.6,"Scomber japonicus","Fis-29507"
121.5,-5,0.59,"Scomber japonicus","Fis-29507"
122,-5,0.61,"Scomber japonicus","Fis-29507"
122.5,-5,0.63,"Scomber japonicus","Fis-29507"
123,-5,0.65,"Scomber japonicus","Fis-29507"
123.5,-5,0.7,"Scomber japonicus","Fis-29507"
130,-5,0.77,"Scomber japonicus","Fis-29507"
130.5,-5,0.78,"Scomber japonicus","Fis-29507"
132,-5,0.8,"Scomber japonicus","Fis-29507"
135,-5,0.9,"Scomber japonicus","Fis-29507"
135.5,-5,0.89,"Scomber japonicus","Fis-29507"
136,-5,0.88,"Scomber japonicus","Fis-29507"
136.5,-5,0.88,"Scomber japonicus","Fis-29507"
137,-5,0.88,"Scomber japonicus","Fis-29507"
137.5,-5,0.07,"Scomber japonicus","Fis-29507"
138,-5,0.02,"Scomber japonicus","Fis-29507"
146,-5,0.64,"Scomber japonicus","Fis-29507"
146.5,-5,0.6,"Scomber japonicus","Fis-29507"
147,-5,0.55,"Scomber japonicus","Fis-29507"
149.5,-5,0.48,"Scomber japonicus","Fis-29507"
150,-5,0.45,"Scomber japonicus","Fis-29507"
150.5,-5,0.43,"Scomber japonicus","Fis-29507"
151.5,-5,0.43,"Scomber japonicus","Fis-29507"
152,-5,0.48,"Scomber japonicus","Fis-29507"
152.5,-5,0.52,"Scomber japonicus","Fis-29507"
153,-5,0.52,"Scomber japonicus","Fis-29507"
153.5,-5,0.49,"Scomber japonicus","Fis-29507"
154.5,-5,0.47,"Scomber japonicus","Fis-29507"
155,-5,0.46,"Scomber japonicus","Fis-29507"
155.5,-5,0.45,"Scomber japonicus","Fis-29507"
156,-5,0.45,"Scomber japonicus","Fis-29507"
157,-5,0.44,"Scomber japonicus","Fis-29507"
157.5,-5,0.44,"Scomber japonicus","Fis-29507"
159.5,-5,0.45,"Scomber japonicus","Fis-29507"
160,-5,0.45,"Scomber japonicus","Fis-29507"
-81,-5.5,0.98,"Scomber japonicus","Fis-29507"
-80.5,-5.5,0.54,"Scomber japonicus","Fis-29507"
116.5,-5.5,0.66,"Scomber japonicus","Fis-29507"
117,-5.5,0.65,"Scomber japonicus","Fis-29507"
117.5,-5.5,0.64,"Scomber japonicus","Fis-29507"
118,-5.5,0.63,"Scomber japonicus","Fis-29507"
118.5,-5.5,0.63,"Scomber japonicus","Fis-29507"
119,-5.5,0.67,"Scomber japonicus","Fis-29507"
119.5,-5.5,0.7,"Scomber japonicus","Fis-29507"
120.5,-5.5,0.67,"Scomber japonicus","Fis-29507"
121,-5.5,0.63,"Scomber japonicus","Fis-29507"
122,-5.5,0.65,"Scomber japonicus","Fis-29507"
122.5,-5.5,0.67,"Scomber japonicus","Fis-29507"
123,-5.5,0.69,"Scomber japonicus","Fis-29507"
123.5,-5.5,0.71,"Scomber japonicus","Fis-29507"
124,-5.5,0.72,"Scomber japonicus","Fis-29507"
124.5,-5.5,0.73,"Scomber japonicus","Fis-29507"
125,-5.5,0.74,"Scomber japonicus","Fis-29507"
128,-5.5,0.77,"Scomber japonicus","Fis-29507"
132.5,-5.5,0.82,"Scomber japonicus","Fis-29507"
133,-5.5,0.82,"Scomber japonicus","Fis-29507"
133.5,-5.5,0.84,"Scomber japonicus","Fis-29507"
134.5,-5.5,0.88,"Scomber japonicus","Fis-29507"
135,-5.5,0.88,"Scomber japonicus","Fis-29507"
135.5,-5.5,0.86,"Scomber japonicus","Fis-29507"
136,-5.5,0.85,"Scomber japonicus","Fis-29507"
136.5,-5.5,0.85,"Scomber japonicus","Fis-29507"
137,-5.5,0.86,"Scomber japonicus","Fis-29507"
137.5,-5.5,0.62,"Scomber japonicus","Fis-29507"
138,-5.5,0.87,"Scomber japonicus","Fis-29507"
138.5,-5.5,0.5,"Scomber japonicus","Fis-29507"
146,-5.5,0.67,"Scomber japonicus","Fis-29507"
146.5,-5.5,0.65,"Scomber japonicus","Fis-29507"
147,-5.5,0.62,"Scomber japonicus","Fis-29507"
147.5,-5.5,0.6,"Scomber japonicus","Fis-29507"
148,-5.5,0.58,"Scomber japonicus","Fis-29507"
148.5,-5.5,0.55,"Scomber japonicus","Fis-29507"
149,-5.5,0.51,"Scomber japonicus","Fis-29507"
149.5,-5.5,0.49,"Scomber japonicus","Fis-29507"
150,-5.5,0.47,"Scomber japonicus","Fis-29507"
150.5,-5.5,0.46,"Scomber japonicus","Fis-29507"
151,-5.5,0.45,"Scomber japonicus","Fis-29507"
151.5,-5.5,0.48,"Scomber japonicus","Fis-29507"
152,-5.5,0.52,"Scomber japonicus","Fis-29507"
152.5,-5.5,0.55,"Scomber japonicus","Fis-29507"
155,-5.5,0.48,"Scomber japonicus","Fis-29507"
155.5,-5.5,0.47,"Scomber japonicus","Fis-29507"
159.5,-5.5,0.46,"Scomber japonicus","Fis-29507"
160,-5.5,0.46,"Scomber japonicus","Fis-29507"
-155.5,-6,0.45,"Scomber japonicus","Fis-29507"
-81,-6,0.95,"Scomber japonicus","Fis-29507"
-80.5,-6,0.4,"Scomber japonicus","Fis-29507"
116.5,-6,0.66,"Scomber japonicus","Fis-29507"
117,-6,0.65,"Scomber japonicus","Fis-29507"
117.5,-6,0.66,"Scomber japonicus","Fis-29507"
118,-6,0.66,"Scomber japonicus","Fis-29507"
118.5,-6,0.69,"Scomber japonicus","Fis-29507"
119,-6,0.73,"Scomber japonicus","Fis-29507"
119.5,-6,0.79,"Scomber japonicus","Fis-29507"
120,-6,0.79,"Scomber japonicus","Fis-29507"
120.5,-6,0.74,"Scomber japonicus","Fis-29507"
121,-6,0.66,"Scomber japonicus","Fis-29507"
122,-6,0.27,"Scomber japonicus","Fis-29507"
122.5,-6,0.71,"Scomber japonicus","Fis-29507"
123,-6,0.72,"Scomber japonicus","Fis-29507"
123.5,-6,0.72,"Scomber japonicus","Fis-29507"
124,-6,0.74,"Scomber japonicus","Fis-29507"
124.5,-6,0.74,"Scomber japonicus","Fis-29507"
125,-6,0.75,"Scomber japonicus","Fis-29507"
128,-6,0.78,"Scomber japonicus","Fis-29507"
132,-6,0.83,"Scomber japonicus","Fis-29507"
132.5,-6,0.85,"Scomber japonicus","Fis-29507"
133,-6,0.85,"Scomber japonicus","Fis-29507"
133.5,-6,0.83,"Scomber japonicus","Fis-29507"
134.5,-6,0.87,"Scomber japonicus","Fis-29507"
135,-6,0.77,"Scomber japonicus","Fis-29507"
135.5,-6,0.85,"Scomber japonicus","Fis-29507"
136,-6,0.85,"Scomber japonicus","Fis-29507"
136.5,-6,0.85,"Scomber japonicus","Fis-29507"
137,-6,0.84,"Scomber japonicus","Fis-29507"
137.5,-6,0.85,"Scomber japonicus","Fis-29507"
138,-6,0.88,"Scomber japonicus","Fis-29507"
138.5,-6,0.9,"Scomber japonicus","Fis-29507"
146.5,-6,0.68,"Scomber japonicus","Fis-29507"
147,-6,0.67,"Scomber japonicus","Fis-29507"
147.5,-6,0.66,"Scomber japonicus","Fis-29507"
148,-6,0.66,"Scomber japonicus","Fis-29507"
148.5,-6,0.66,"Scomber japonicus","Fis-29507"
149,-6,0.6,"Scomber japonicus","Fis-29507"
149.5,-6,0.48,"Scomber japonicus","Fis-29507"
151,-6,0.39,"Scomber japonicus","Fis-29507"
151.5,-6,0.53,"Scomber japonicus","Fis-29507"
152,-6,0.56,"Scomber japonicus","Fis-29507"
152.5,-6,0.19,"Scomber japonicus","Fis-29507"
155,-6,0.47,"Scomber japonicus","Fis-29507"
155.5,-6,0.47,"Scomber japonicus","Fis-29507"
156,-6,0.47,"Scomber japonicus","Fis-29507"
160,-6,0.04,"Scomber japonicus","Fis-29507"
176.5,-6,0.41,"Scomber japonicus","Fis-29507"
-81,-6.5,0.38,"Scomber japonicus","Fis-29507"
-80,-6.5,0.17,"Scomber japonicus","Fis-29507"
116.5,-6.5,0.66,"Scomber japonicus","Fis-29507"
117,-6.5,0.66,"Scomber japonicus","Fis-29507"
117.5,-6.5,0.5,"Scomber japonicus","Fis-29507"
118,-6.5,0.68,"Scomber japonicus","Fis-29507"
118.5,-6.5,0.65,"Scomber japonicus","Fis-29507"
119,-6.5,0.75,"Scomber japonicus","Fis-29507"
119.5,-6.5,0.76,"Scomber japonicus","Fis-29507"
120.5,-6.5,0.74,"Scomber japonicus","Fis-29507"
121,-6.5,0.69,"Scomber japonicus","Fis-29507"
121.5,-6.5,0.67,"Scomber japonicus","Fis-29507"
123,-6.5,0.7,"Scomber japonicus","Fis-29507"
124.5,-6.5,0.74,"Scomber japonicus","Fis-29507"
125,-6.5,0.74,"Scomber japonicus","Fis-29507"
130.5,-6.5,0.81,"Scomber japonicus","Fis-29507"
132.5,-6.5,0.85,"Scomber japonicus","Fis-29507"
133,-6.5,0.85,"Scomber japonicus","Fis-29507"
134,-6.5,0.85,"Scomber japonicus","Fis-29507"
134.5,-6.5,0.86,"Scomber japonicus","Fis-29507"
135,-6.5,0.85,"Scomber japonicus","Fis-29507"
135.5,-6.5,0.86,"Scomber japonicus","Fis-29507"
136,-6.5,0.81,"Scomber japonicus","Fis-29507"
136.5,-6.5,0.86,"Scomber japonicus","Fis-29507"
137,-6.5,0.85,"Scomber japonicus","Fis-29507"
137.5,-6.5,0.84,"Scomber japonicus","Fis-29507"
138,-6.5,0.85,"Scomber japonicus","Fis-29507"
138.5,-6.5,0.87,"Scomber japonicus","Fis-29507"
139,-6.5,0.75,"Scomber japonicus","Fis-29507"
148,-6.5,0.67,"Scomber japonicus","Fis-29507"
149,-6.5,0.67,"Scomber japonicus","Fis-29507"
149.5,-6.5,0.65,"Scomber japonicus","Fis-29507"
150,-6.5,0.64,"Scomber japonicus","Fis-29507"
150.5,-6.5,0.61,"Scomber japonicus","Fis-29507"
151,-6.5,0.59,"Scomber japonicus","Fis-29507"
151.5,-6.5,0.57,"Scomber japonicus","Fis-29507"
155,-6.5,0.47,"Scomber japonicus","Fis-29507"
155.5,-6.5,0.48,"Scomber japonicus","Fis-29507"
156,-6.5,0.49,"Scomber japonicus","Fis-29507"
156.5,-6.5,0.49,"Scomber japonicus","Fis-29507"
159.5,-6.5,0.46,"Scomber japonicus","Fis-29507"
176.5,-6.5,0.42,"Scomber japonicus","Fis-29507"
177.5,-6.5,0.41,"Scomber japonicus","Fis-29507"
-80.5,-7,0.62,"Scomber japonicus","Fis-29507"
-80,-7,0.24,"Scomber japonicus","Fis-29507"
-79.5,-7,0.48,"Scomber japonicus","Fis-29507"
116.5,-7,0.66,"Scomber japonicus","Fis-29507"
117,-7,0.66,"Scomber japonicus","Fis-29507"
118.5,-7,0.73,"Scomber japonicus","Fis-29507"
119,-7,0.75,"Scomber japonicus","Fis-29507"
119.5,-7,0.74,"Scomber japonicus","Fis-29507"
120.5,-7,0.73,"Scomber japonicus","Fis-29507"
121,-7,0.71,"Scomber japonicus","Fis-29507"
121.5,-7,0.69,"Scomber japonicus","Fis-29507"
122.5,-7,0.68,"Scomber japonicus","Fis-29507"
129.5,-7,0.79,"Scomber japonicus","Fis-29507"
130,-7,0.8,"Scomber japonicus","Fis-29507"
131.5,-7,0.83,"Scomber japonicus","Fis-29507"
132,-7,0.85,"Scomber japonicus","Fis-29507"
132.5,-7,0.85,"Scomber japonicus","Fis-29507"
133.5,-7,0.86,"Scomber japonicus","Fis-29507"
134,-7,0.89,"Scomber japonicus","Fis-29507"
134.5,-7,0.88,"Scomber japonicus","Fis-29507"
135,-7,0.86,"Scomber japonicus","Fis-29507"
135.5,-7,0.64,"Scomber japonicus","Fis-29507"
136,-7,0.87,"Scomber japonicus","Fis-29507"
136.5,-7,0.87,"Scomber japonicus","Fis-29507"
137,-7,0.85,"Scomber japonicus","Fis-29507"
137.5,-7,0.81,"Scomber japonicus","Fis-29507"
138,-7,0.84,"Scomber japonicus","Fis-29507"
138.5,-7,0.67,"Scomber japonicus","Fis-29507"
139,-7,0.6,"Scomber japonicus","Fis-29507"
139.5,-7,0.02,"Scomber japonicus","Fis-29507"
147,-7,0.69,"Scomber japonicus","Fis-29507"
147.5,-7,0.64,"Scomber japonicus","Fis-29507"
148,-7,0.65,"Scomber japonicus","Fis-29507"
155.5,-7,0.49,"Scomber japonicus","Fis-29507"
156,-7,0.53,"Scomber japonicus","Fis-29507"
156.5,-7,0.53,"Scomber japonicus","Fis-29507"
157,-7,0.51,"Scomber japonicus","Fis-29507"
157.5,-7,0.49,"Scomber japonicus","Fis-29507"
-80.5,-7.5,0.96,"Scomber japonicus","Fis-29507"
-80,-7.5,1,"Scomber japonicus","Fis-29507"
-79.5,-7.5,0.56,"Scomber japonicus","Fis-29507"
116.5,-7.5,0.66,"Scomber japonicus","Fis-29507"
117,-7.5,0.13,"Scomber japonicus","Fis-29507"
117.5,-7.5,0.69,"Scomber japonicus","Fis-29507"
118,-7.5,0.7,"Scomber japonicus","Fis-29507"
118.5,-7.5,0.71,"Scomber japonicus","Fis-29507"
119,-7.5,0.72,"Scomber japonicus","Fis-29507"
120.5,-7.5,0.7,"Scomber japonicus","Fis-29507"
121,-7.5,0.7,"Scomber japonicus","Fis-29507"
121.5,-7.5,0.69,"Scomber japonicus","Fis-29507"
122,-7.5,0.68,"Scomber japonicus","Fis-29507"
122.5,-7.5,0.67,"Scomber japonicus","Fis-29507"
127.5,-7.5,0.78,"Scomber japonicus","Fis-29507"
128,-7.5,0.17,"Scomber japonicus","Fis-29507"
128.5,-7.5,0.69,"Scomber japonicus","Fis-29507"
129,-7.5,0.79,"Scomber japonicus","Fis-29507"
130.5,-7.5,0.7,"Scomber japonicus","Fis-29507"
131,-7.5,0.8,"Scomber japonicus","Fis-29507"
131.5,-7.5,0.83,"Scomber japonicus","Fis-29507"
132,-7.5,0.85,"Scomber japonicus","Fis-29507"
132.5,-7.5,0.85,"Scomber japonicus","Fis-29507"
133,-7.5,0.86,"Scomber japonicus","Fis-29507"
133.5,-7.5,0.89,"Scomber japonicus","Fis-29507"
134,-7.5,0.92,"Scomber japonicus","Fis-29507"
134.5,-7.5,0.84,"Scomber japonicus","Fis-29507"
135,-7.5,0.89,"Scomber japonicus","Fis-29507"
135.5,-7.5,0.89,"Scomber japonicus","Fis-29507"
136,-7.5,0.89,"Scomber japonicus","Fis-29507"
136.5,-7.5,0.89,"Scomber japonicus","Fis-29507"
137,-7.5,0.86,"Scomber japonicus","Fis-29507"
137.5,-7.5,0.63,"Scomber japonicus","Fis-29507"
138,-7.5,0.57,"Scomber japonicus","Fis-29507"
138.5,-7.5,0.38,"Scomber japonicus","Fis-29507"
139,-7.5,0.39,"Scomber japonicus","Fis-29507"
139.5,-7.5,0.02,"Scomber japonicus","Fis-29507"
144,-7.5,0.02,"Scomber japonicus","Fis-29507"
145,-7.5,0.03,"Scomber japonicus","Fis-29507"
147.5,-7.5,0.63,"Scomber japonicus","Fis-29507"
148,-7.5,0.64,"Scomber japonicus","Fis-29507"
156,-7.5,0.52,"Scomber japonicus","Fis-29507"
156.5,-7.5,0.52,"Scomber japonicus","Fis-29507"
157,-7.5,0.53,"Scomber japonicus","Fis-29507"
157.5,-7.5,0.52,"Scomber japonicus","Fis-29507"
158,-7.5,0.52,"Scomber japonicus","Fis-29507"
158.5,-7.5,0.5,"Scomber japonicus","Fis-29507"
159,-7.5,0.49,"Scomber japonicus","Fis-29507"
177.5,-7.5,0.44,"Scomber japonicus","Fis-29507"
179,-7.5,0.44,"Scomber japonicus","Fis-29507"
-140.5,-8,0.57,"Scomber japonicus","Fis-29507"
-140,-8,0.58,"Scomber japonicus","Fis-29507"
-139.5,-8,0.37,"Scomber japonicus","Fis-29507"
-80.5,-8,0.04,"Scomber japonicus","Fis-29507"
-80,-8,0.94,"Scomber japonicus","Fis-29507"
-79.5,-8,0.76,"Scomber japonicus","Fis-29507"
-79,-8,0.57,"Scomber japonicus","Fis-29507"
117.5,-8,0.7,"Scomber japonicus","Fis-29507"
118,-8,0.69,"Scomber japonicus","Fis-29507"
118.5,-8,0.69,"Scomber japonicus","Fis-29507"
124,-8,0.35,"Scomber japonicus","Fis-29507"
126,-8,0.74,"Scomber japonicus","Fis-29507"
126.5,-8,0.76,"Scomber japonicus","Fis-29507"
127,-8,0.78,"Scomber japonicus","Fis-29507"
127.5,-8,0.78,"Scomber japonicus","Fis-29507"
128,-8,0.78,"Scomber japonicus","Fis-29507"
130,-8,0.8,"Scomber japonicus","Fis-29507"
130.5,-8,0.8,"Scomber japonicus","Fis-29507"
131,-8,0.82,"Scomber japonicus","Fis-29507"
131.5,-8,0.83,"Scomber japonicus","Fis-29507"
132,-8,0.83,"Scomber japonicus","Fis-29507"
133,-8,0.86,"Scomber japonicus","Fis-29507"
133.5,-8,0.88,"Scomber japonicus","Fis-29507"
134,-8,0.9,"Scomber japonicus","Fis-29507"
134.5,-8,0.9,"Scomber japonicus","Fis-29507"
135,-8,0.89,"Scomber japonicus","Fis-29507"
135.5,-8,0.89,"Scomber japonicus","Fis-29507"
136,-8,0.89,"Scomber japonicus","Fis-29507"
136.5,-8,0.9,"Scomber japonicus","Fis-29507"
137,-8,0.75,"Scomber japonicus","Fis-29507"
137.5,-8,0.59,"Scomber japonicus","Fis-29507"
138,-8,0.59,"Scomber japonicus","Fis-29507"
138.5,-8,0.18,"Scomber japonicus","Fis-29507"
139,-8,0.02,"Scomber japonicus","Fis-29507"
139.5,-8,0.02,"Scomber japonicus","Fis-29507"
143.5,-8,0.02,"Scomber japonicus","Fis-29507"
144,-8,0.85,"Scomber japonicus","Fis-29507"
144.5,-8,0.74,"Scomber japonicus","Fis-29507"
145,-8,0.86,"Scomber japonicus","Fis-29507"
145.5,-8,0.87,"Scomber japonicus","Fis-29507"
146,-8,0.83,"Scomber japonicus","Fis-29507"
147.5,-8,0.69,"Scomber japonicus","Fis-29507"
148,-8,0.63,"Scomber japonicus","Fis-29507"
148.5,-8,0.64,"Scomber japonicus","Fis-29507"
156.5,-8,0.52,"Scomber japonicus","Fis-29507"
157,-8,0.52,"Scomber japonicus","Fis-29507"
157.5,-8,0.52,"Scomber japonicus","Fis-29507"
158,-8,0.52,"Scomber japonicus","Fis-29507"
158.5,-8,0.52,"Scomber japonicus","Fis-29507"
159,-8,0.51,"Scomber japonicus","Fis-29507"
159.5,-8,0.5,"Scomber japonicus","Fis-29507"
160,-8,0.5,"Scomber japonicus","Fis-29507"
161,-8,0.52,"Scomber japonicus","Fis-29507"
178.5,-8,0.47,"Scomber japonicus","Fis-29507"
-161.5,-8.5,0.33,"Scomber japonicus","Fis-29507"
-140.5,-8.5,0.54,"Scomber japonicus","Fis-29507"
-139.5,-8.5,0.56,"Scomber japonicus","Fis-29507"
-80,-8.5,0.9,"Scomber japonicus","Fis-29507"
-79.5,-8.5,0.93,"Scomber japonicus","Fis-29507"
-79,-8.5,0.47,"Scomber japonicus","Fis-29507"
-78.5,-8.5,0.55,"Scomber japonicus","Fis-29507"
129.5,-8.5,0.79,"Scomber japonicus","Fis-29507"
130,-8.5,0.8,"Scomber japonicus","Fis-29507"
130.5,-8.5,0.72,"Scomber japonicus","Fis-29507"
131,-8.5,0.83,"Scomber japonicus","Fis-29507"
131.5,-8.5,0.83,"Scomber japonicus","Fis-29507"
132.5,-8.5,0.83,"Scomber japonicus","Fis-29507"
133,-8.5,0.84,"Scomber japonicus","Fis-29507"
133.5,-8.5,0.85,"Scomber japonicus","Fis-29507"
134,-8.5,0.86,"Scomber japonicus","Fis-29507"
134.5,-8.5,0.87,"Scomber japonicus","Fis-29507"
135,-8.5,0.88,"Scomber japonicus","Fis-29507"
135.5,-8.5,0.89,"Scomber japonicus","Fis-29507"
136,-8.5,0.9,"Scomber japonicus","Fis-29507"
136.5,-8.5,0.89,"Scomber japonicus","Fis-29507"
137,-8.5,0.87,"Scomber japonicus","Fis-29507"
137.5,-8.5,0.59,"Scomber japonicus","Fis-29507"
138,-8.5,0.57,"Scomber japonicus","Fis-29507"
138.5,-8.5,0.46,"Scomber japonicus","Fis-29507"
139,-8.5,0.66,"Scomber japonicus","Fis-29507"
139.5,-8.5,0.68,"Scomber japonicus","Fis-29507"
140,-8.5,0.58,"Scomber japonicus","Fis-29507"
140.5,-8.5,0.58,"Scomber japonicus","Fis-29507"
142.5,-8.5,0.02,"Scomber japonicus","Fis-29507"
143,-8.5,0.04,"Scomber japonicus","Fis-29507"
143.5,-8.5,0.93,"Scomber japonicus","Fis-29507"
144,-8.5,0.55,"Scomber japonicus","Fis-29507"
144.5,-8.5,0.91,"Scomber japonicus","Fis-29507"
145,-8.5,0.9,"Scomber japonicus","Fis-29507"
145.5,-8.5,0.89,"Scomber japonicus","Fis-29507"
146,-8.5,0.87,"Scomber japonicus","Fis-29507"
146.5,-8.5,0.83,"Scomber japonicus","Fis-29507"
148.5,-8.5,0.65,"Scomber japonicus","Fis-29507"
149,-8.5,0.65,"Scomber japonicus","Fis-29507"
149.5,-8.5,0.65,"Scomber japonicus","Fis-29507"
150,-8.5,0.65,"Scomber japonicus","Fis-29507"
150.5,-8.5,0.68,"Scomber japonicus","Fis-29507"
151,-8.5,0.69,"Scomber japonicus","Fis-29507"
151.5,-8.5,0.67,"Scomber japonicus","Fis-29507"
157,-8.5,0.53,"Scomber japonicus","Fis-29507"
157.5,-8.5,0.53,"Scomber japonicus","Fis-29507"
158,-8.5,0.53,"Scomber japonicus","Fis-29507"
158.5,-8.5,0.52,"Scomber japonicus","Fis-29507"
159,-8.5,0.52,"Scomber japonicus","Fis-29507"
159.5,-8.5,0.52,"Scomber japonicus","Fis-29507"
160,-8.5,0.52,"Scomber japonicus","Fis-29507"
160.5,-8.5,0.52,"Scomber japonicus","Fis-29507"
161,-8.5,0.53,"Scomber japonicus","Fis-29507"
163,-8.5,0.53,"Scomber japonicus","Fis-29507"
178.5,-8.5,0.5,"Scomber japonicus","Fis-29507"
179.5,-8.5,0.48,"Scomber japonicus","Fis-29507"
-172,-9,0.43,"Scomber japonicus","Fis-29507"
-158,-9,0.32,"Scomber japonicus","Fis-29507"
-157.5,-9,0.32,"Scomber japonicus","Fis-29507"
-140.5,-9,0.51,"Scomber japonicus","Fis-29507"
-140,-9,0.52,"Scomber japonicus","Fis-29507"
-139.5,-9,0.53,"Scomber japonicus","Fis-29507"
-139,-9,0.54,"Scomber japonicus","Fis-29507"
-79.5,-9,0.9,"Scomber japonicus","Fis-29507"
-79,-9,0.79,"Scomber japonicus","Fis-29507"
-78.5,-9,0.57,"Scomber japonicus","Fis-29507"
131.5,-9,0.81,"Scomber japonicus","Fis-29507"
132,-9,0.82,"Scomber japonicus","Fis-29507"
132.5,-9,0.82,"Scomber japonicus","Fis-29507"
133,-9,0.83,"Scomber japonicus","Fis-29507"
133.5,-9,0.84,"Scomber japonicus","Fis-29507"
134,-9,0.85,"Scomber japonicus","Fis-29507"
134.5,-9,0.86,"Scomber japonicus","Fis-29507"
135,-9,0.88,"Scomber japonicus","Fis-29507"
135.5,-9,0.89,"Scomber japonicus","Fis-29507"
136,-9,0.9,"Scomber japonicus","Fis-29507"
136.5,-9,0.9,"Scomber japonicus","Fis-29507"
137,-9,0.89,"Scomber japonicus","Fis-29507"
137.5,-9,0.88,"Scomber japonicus","Fis-29507"
138,-9,0.88,"Scomber japonicus","Fis-29507"
138.5,-9,0.89,"Scomber japonicus","Fis-29507"
139,-9,0.79,"Scomber japonicus","Fis-29507"
139.5,-9,0.75,"Scomber japonicus","Fis-29507"
140,-9,0.76,"Scomber japonicus","Fis-29507"
140.5,-9,0.73,"Scomber japonicus","Fis-29507"
141,-9,0.59,"Scomber japonicus","Fis-29507"
143.5,-9,0.7,"Scomber japonicus","Fis-29507"
144,-9,0.95,"Scomber japonicus","Fis-29507"
144.5,-9,0.94,"Scomber japonicus","Fis-29507"
145,-9,0.93,"Scomber japonicus","Fis-29507"
145.5,-9,0.92,"Scomber japonicus","Fis-29507"
146,-9,0.91,"Scomber japonicus","Fis-29507"
146.5,-9,0.89,"Scomber japonicus","Fis-29507"
147,-9,0.87,"Scomber japonicus","Fis-29507"
148.5,-9,0.73,"Scomber japonicus","Fis-29507"
149,-9,0.66,"Scomber japonicus","Fis-29507"
149.5,-9,0.69,"Scomber japonicus","Fis-29507"
150,-9,0.69,"Scomber japonicus","Fis-29507"
150.5,-9,0.72,"Scomber japonicus","Fis-29507"
151,-9,0.75,"Scomber japonicus","Fis-29507"
151.5,-9,0.73,"Scomber japonicus","Fis-29507"
152,-9,0.69,"Scomber japonicus","Fis-29507"
152.5,-9,0.66,"Scomber japonicus","Fis-29507"
153,-9,0.65,"Scomber japonicus","Fis-29507"
157.5,-9,0.55,"Scomber japonicus","Fis-29507"
158,-9,0.55,"Scomber japonicus","Fis-29507"
158.5,-9,0.54,"Scomber japonicus","Fis-29507"
159,-9,0.53,"Scomber japonicus","Fis-29507"
159.5,-9,0.53,"Scomber japonicus","Fis-29507"
160,-9,0.54,"Scomber japonicus","Fis-29507"
160.5,-9,0.54,"Scomber japonicus","Fis-29507"
161,-9,0.54,"Scomber japonicus","Fis-29507"
161.5,-9,0.54,"Scomber japonicus","Fis-29507"
179.5,-9,0.52,"Scomber japonicus","Fis-29507"
-171.5,-9.5,0.45,"Scomber japonicus","Fis-29507"
-171,-9.5,0.44,"Scomber japonicus","Fis-29507"
-158,-9.5,0.32,"Scomber japonicus","Fis-29507"
-157.5,-9.5,0.32,"Scomber japonicus","Fis-29507"
-140,-9.5,0.49,"Scomber japonicus","Fis-29507"
-139.5,-9.5,0.5,"Scomber japonicus","Fis-29507"
-138.5,-9.5,0.52,"Scomber japonicus","Fis-29507"
-79.5,-9.5,0.87,"Scomber japonicus","Fis-29507"
-79,-9.5,0.89,"Scomber japonicus","Fis-29507"
-78.5,-9.5,0.63,"Scomber japonicus","Fis-29507"
-78,-9.5,0.49,"Scomber japonicus","Fis-29507"
131,-9.5,0.42,"Scomber japonicus","Fis-29507"
131.5,-9.5,0.8,"Scomber japonicus","Fis-29507"
132,-9.5,0.81,"Scomber japonicus","Fis-29507"
132.5,-9.5,0.82,"Scomber japonicus","Fis-29507"
133,-9.5,0.83,"Scomber japonicus","Fis-29507"
133.5,-9.5,0.83,"Scomber japonicus","Fis-29507"
134,-9.5,0.84,"Scomber japonicus","Fis-29507"
134.5,-9.5,0.86,"Scomber japonicus","Fis-29507"
135,-9.5,0.88,"Scomber japonicus","Fis-29507"
135.5,-9.5,0.89,"Scomber japonicus","Fis-29507"
136,-9.5,0.91,"Scomber japonicus","Fis-29507"
136.5,-9.5,0.91,"Scomber japonicus","Fis-29507"
137,-9.5,0.91,"Scomber japonicus","Fis-29507"
137.5,-9.5,0.89,"Scomber japonicus","Fis-29507"
138,-9.5,0.88,"Scomber japonicus","Fis-29507"
138.5,-9.5,0.88,"Scomber japonicus","Fis-29507"
139,-9.5,0.83,"Scomber japonicus","Fis-29507"
139.5,-9.5,0.75,"Scomber japonicus","Fis-29507"
140,-9.5,0.75,"Scomber japonicus","Fis-29507"
140.5,-9.5,0.62,"Scomber japonicus","Fis-29507"
141,-9.5,0.67,"Scomber japonicus","Fis-29507"
141.5,-9.5,0.59,"Scomber japonicus","Fis-29507"
142,-9.5,0.44,"Scomber japonicus","Fis-29507"
142.5,-9.5,0.7,"Scomber japonicus","Fis-29507"
143,-9.5,0.97,"Scomber japonicus","Fis-29507"
143.5,-9.5,0.73,"Scomber japonicus","Fis-29507"
144,-9.5,0.97,"Scomber japonicus","Fis-29507"
144.5,-9.5,0.99,"Scomber japonicus","Fis-29507"
145,-9.5,0.98,"Scomber japonicus","Fis-29507"
145.5,-9.5,0.97,"Scomber japonicus","Fis-29507"
147,-9.5,0.95,"Scomber japonicus","Fis-29507"
147.5,-9.5,0.92,"Scomber japonicus","Fis-29507"
149,-9.5,0.77,"Scomber japonicus","Fis-29507"
149.5,-9.5,0.71,"Scomber japonicus","Fis-29507"
150,-9.5,0.72,"Scomber japonicus","Fis-29507"
150.5,-9.5,0.75,"Scomber japonicus","Fis-29507"
151,-9.5,0.76,"Scomber japonicus","Fis-29507"
151.5,-9.5,0.75,"Scomber japonicus","Fis-29507"
152,-9.5,0.73,"Scomber japonicus","Fis-29507"
152.5,-9.5,0.71,"Scomber japonicus","Fis-29507"
153,-9.5,0.7,"Scomber japonicus","Fis-29507"
153.5,-9.5,0.68,"Scomber japonicus","Fis-29507"
154,-9.5,0.66,"Scomber japonicus","Fis-29507"
159.5,-9.5,0.53,"Scomber japonicus","Fis-29507"
160,-9.5,0.55,"Scomber japonicus","Fis-29507"
160.5,-9.5,0.56,"Scomber japonicus","Fis-29507"
161,-9.5,0.55,"Scomber japonicus","Fis-29507"
161.5,-9.5,0.56,"Scomber japonicus","Fis-29507"
162,-9.5,0.56,"Scomber japonicus","Fis-29507"
179.5,-9.5,0.47,"Scomber japonicus","Fis-29507"
-161,-10,0.35,"Scomber japonicus","Fis-29507"
-150,-10,0.34,"Scomber japonicus","Fis-29507"
-139,-10,0.48,"Scomber japonicus","Fis-29507"
-138.5,-10,0.49,"Scomber japonicus","Fis-29507"
-79.5,-10,0.27,"Scomber japonicus","Fis-29507"
-79,-10,0.85,"Scomber japonicus","Fis-29507"
-78.5,-10,0.82,"Scomber japonicus","Fis-29507"
-78,-10,0.5,"Scomber japonicus","Fis-29507"
129.5,-10,0.77,"Scomber japonicus","Fis-29507"
130,-10,0.78,"Scomber japonicus","Fis-29507"
130.5,-10,0.78,"Scomber japonicus","Fis-29507"
131,-10,0.79,"Scomber japonicus","Fis-29507"
131.5,-10,0.79,"Scomber japonicus","Fis-29507"
132,-10,0.81,"Scomber japonicus","Fis-29507"
132.5,-10,0.82,"Scomber japonicus","Fis-29507"
133,-10,0.82,"Scomber japonicus","Fis-29507"
133.5,-10,0.83,"Scomber japonicus","Fis-29507"
134,-10,0.84,"Scomber japonicus","Fis-29507"
134.5,-10,0.86,"Scomber japonicus","Fis-29507"
135,-10,0.87,"Scomber japonicus","Fis-29507"
135.5,-10,0.89,"Scomber japonicus","Fis-29507"
136,-10,0.69,"Scomber japonicus","Fis-29507"
136.5,-10,0.6,"Scomber japonicus","Fis-29507"
137,-10,0.88,"Scomber japonicus","Fis-29507"
137.5,-10,0.91,"Scomber japonicus","Fis-29507"
138,-10,0.9,"Scomber japonicus","Fis-29507"
138.5,-10,0.89,"Scomber japonicus","Fis-29507"
139,-10,0.89,"Scomber japonicus","Fis-29507"
139.5,-10,0.89,"Scomber japonicus","Fis-29507"
140,-10,0.9,"Scomber japonicus","Fis-29507"
140.5,-10,0.89,"Scomber japonicus","Fis-29507"
141,-10,0.71,"Scomber japonicus","Fis-29507"
141.5,-10,0.57,"Scomber japonicus","Fis-29507"
142,-10,0.23,"Scomber japonicus","Fis-29507"
142.5,-10,0.96,"Scomber japonicus","Fis-29507"
143,-10,0.99,"Scomber japonicus","Fis-29507"
143.5,-10,0.79,"Scomber japonicus","Fis-29507"
144,-10,1,"Scomber japonicus","Fis-29507"
144.5,-10,1,"Scomber japonicus","Fis-29507"
145,-10,1,"Scomber japonicus","Fis-29507"
145.5,-10,1,"Scomber japonicus","Fis-29507"
146,-10,0.99,"Scomber japonicus","Fis-29507"
147.5,-10,1,"Scomber japonicus","Fis-29507"
148,-10,0.96,"Scomber japonicus","Fis-29507"
149.5,-10,0.84,"Scomber japonicus","Fis-29507"
150,-10,0.76,"Scomber japonicus","Fis-29507"
150.5,-10,0.78,"Scomber japonicus","Fis-29507"
151,-10,0.79,"Scomber japonicus","Fis-29507"
151.5,-10,0.78,"Scomber japonicus","Fis-29507"
152.5,-10,0.73,"Scomber japonicus","Fis-29507"
153,-10,0.71,"Scomber japonicus","Fis-29507"
160,-10,0.56,"Scomber japonicus","Fis-29507"
160.5,-10,0.57,"Scomber japonicus","Fis-29507"
161,-10,0.57,"Scomber japonicus","Fis-29507"
161.5,-10,0.57,"Scomber japonicus","Fis-29507"
162,-10,0.58,"Scomber japonicus","Fis-29507"
162.5,-10,0.58,"Scomber japonicus","Fis-29507"
167.5,-10,0.57,"Scomber japonicus","Fis-29507"
-161,-10.5,0.36,"Scomber japonicus","Fis-29507"
-160.5,-10.5,0.35,"Scomber japonicus","Fis-29507"
-152,-10.5,0.33,"Scomber japonicus","Fis-29507"
-138.5,-10.5,0.47,"Scomber japonicus","Fis-29507"
-79,-10.5,0.7,"Scomber japonicus","Fis-29507"
-78.5,-10.5,0.84,"Scomber japonicus","Fis-29507"
-78,-10.5,0.53,"Scomber japonicus","Fis-29507"
-77.5,-10.5,0.39,"Scomber japonicus","Fis-29507"
129.5,-10.5,0.76,"Scomber japonicus","Fis-29507"
130,-10.5,0.77,"Scomber japonicus","Fis-29507"
130.5,-10.5,0.77,"Scomber japonicus","Fis-29507"
131,-10.5,0.77,"Scomber japonicus","Fis-29507"
131.5,-10.5,0.78,"Scomber japonicus","Fis-29507"
132,-10.5,0.8,"Scomber japonicus","Fis-29507"
132.5,-10.5,0.81,"Scomber japonicus","Fis-29507"
133,-10.5,0.82,"Scomber japonicus","Fis-29507"
133.5,-10.5,0.83,"Scomber japonicus","Fis-29507"
134,-10.5,0.84,"Scomber japonicus","Fis-29507"
134.5,-10.5,0.85,"Scomber japonicus","Fis-29507"
135,-10.5,0.87,"Scomber japonicus","Fis-29507"
135.5,-10.5,0.88,"Scomber japonicus","Fis-29507"
136,-10.5,0.7,"Scomber japonicus","Fis-29507"
136.5,-10.5,0.8,"Scomber japonicus","Fis-29507"
137,-10.5,0.92,"Scomber japonicus","Fis-29507"
137.5,-10.5,0.92,"Scomber japonicus","Fis-29507"
138,-10.5,0.91,"Scomber japonicus","Fis-29507"
138.5,-10.5,0.9,"Scomber japonicus","Fis-29507"
139,-10.5,0.89,"Scomber japonicus","Fis-29507"
139.5,-10.5,0.89,"Scomber japonicus","Fis-29507"
140,-10.5,0.9,"Scomber japonicus","Fis-29507"
140.5,-10.5,0.91,"Scomber japonicus","Fis-29507"
141,-10.5,0.82,"Scomber japonicus","Fis-29507"
141.5,-10.5,0.64,"Scomber japonicus","Fis-29507"
142,-10.5,0.39,"Scomber japonicus","Fis-29507"
142.5,-10.5,1,"Scomber japonicus","Fis-29507"
143,-10.5,0.42,"Scomber japonicus","Fis-29507"
143.5,-10.5,0.48,"Scomber japonicus","Fis-29507"
144,-10.5,1,"Scomber japonicus","Fis-29507"
144.5,-10.5,1,"Scomber japonicus","Fis-29507"
145,-10.5,0.88,"Scomber japonicus","Fis-29507"
145.5,-10.5,0.84,"Scomber japonicus","Fis-29507"
146,-10.5,0.94,"Scomber japonicus","Fis-29507"
148,-10.5,1,"Scomber japonicus","Fis-29507"
148.5,-10.5,1,"Scomber japonicus","Fis-29507"
149,-10.5,1,"Scomber japonicus","Fis-29507"
149.5,-10.5,1,"Scomber japonicus","Fis-29507"
150,-10.5,0.9,"Scomber japonicus","Fis-29507"
150.5,-10.5,0.89,"Scomber japonicus","Fis-29507"
151,-10.5,0.89,"Scomber japonicus","Fis-29507"
151.5,-10.5,0.87,"Scomber japonicus","Fis-29507"
152,-10.5,0.81,"Scomber japonicus","Fis-29507"
152.5,-10.5,0.77,"Scomber japonicus","Fis-29507"
161.5,-10.5,0.57,"Scomber japonicus","Fis-29507"
162,-10.5,0.59,"Scomber japonicus","Fis-29507"
162.5,-10.5,0.6,"Scomber japonicus","Fis-29507"
166,-10.5,0.59,"Scomber japonicus","Fis-29507"
166.5,-10.5,0.6,"Scomber japonicus","Fis-29507"
179.5,-10.5,0.29,"Scomber japonicus","Fis-29507"
-179,-11,0.22,"Scomber japonicus","Fis-29507"
-165.5,-11,0.27,"Scomber japonicus","Fis-29507"
-138.5,-11,0.45,"Scomber japonicus","Fis-29507"
-78,-11,0.59,"Scomber japonicus","Fis-29507"
-77.5,-11,0.33,"Scomber japonicus","Fis-29507"
129.5,-11,0.74,"Scomber japonicus","Fis-29507"
130,-11,0.75,"Scomber japonicus","Fis-29507"
130.5,-11,0.76,"Scomber japonicus","Fis-29507"
131,-11,0.77,"Scomber japonicus","Fis-29507"
131.5,-11,0.78,"Scomber japonicus","Fis-29507"
132,-11,0.8,"Scomber japonicus","Fis-29507"
132.5,-11,0.83,"Scomber japonicus","Fis-29507"
133,-11,0.85,"Scomber japonicus","Fis-29507"
133.5,-11,0.84,"Scomber japonicus","Fis-29507"
134,-11,0.84,"Scomber japonicus","Fis-29507"
134.5,-11,0.85,"Scomber japonicus","Fis-29507"
135,-11,0.86,"Scomber japonicus","Fis-29507"
135.5,-11,0.87,"Scomber japonicus","Fis-29507"
136,-11,0.88,"Scomber japonicus","Fis-29507"
136.5,-11,0.9,"Scomber japonicus","Fis-29507"
137,-11,0.92,"Scomber japonicus","Fis-29507"
137.5,-11,0.92,"Scomber japonicus","Fis-29507"
138,-11,0.91,"Scomber japonicus","Fis-29507"
138.5,-11,0.89,"Scomber japonicus","Fis-29507"
139,-11,0.89,"Scomber japonicus","Fis-29507"
139.5,-11,0.88,"Scomber japonicus","Fis-29507"
140,-11,0.88,"Scomber japonicus","Fis-29507"
140.5,-11,0.89,"Scomber japonicus","Fis-29507"
141,-11,0.91,"Scomber japonicus","Fis-29507"
141.5,-11,0.75,"Scomber japonicus","Fis-29507"
142,-11,0.53,"Scomber japonicus","Fis-29507"
142.5,-11,0.76,"Scomber japonicus","Fis-29507"
143,-11,0.99,"Scomber japonicus","Fis-29507"
143.5,-11,0.32,"Scomber japonicus","Fis-29507"
144,-11,1,"Scomber japonicus","Fis-29507"
144.5,-11,1,"Scomber japonicus","Fis-29507"
150,-11,0.99,"Scomber japonicus","Fis-29507"
150.5,-11,1,"Scomber japonicus","Fis-29507"
151,-11,1,"Scomber japonicus","Fis-29507"
151.5,-11,0.97,"Scomber japonicus","Fis-29507"
152,-11,0.92,"Scomber japonicus","Fis-29507"
152.5,-11,0.88,"Scomber japonicus","Fis-29507"
153,-11,0.82,"Scomber japonicus","Fis-29507"
153.5,-11,0.76,"Scomber japonicus","Fis-29507"
156,-11,0.67,"Scomber japonicus","Fis-29507"
160,-11,0.21,"Scomber japonicus","Fis-29507"
161.5,-11,0.55,"Scomber japonicus","Fis-29507"
162,-11,0.61,"Scomber japonicus","Fis-29507"
162.5,-11,0.62,"Scomber japonicus","Fis-29507"
163,-11,0.61,"Scomber japonicus","Fis-29507"
166,-11,0.61,"Scomber japonicus","Fis-29507"
166.5,-11,0.62,"Scomber japonicus","Fis-29507"
179.5,-11,0.19,"Scomber japonicus","Fis-29507"
-179.5,-11.5,0.07,"Scomber japonicus","Fis-29507"
-171,-11.5,0.05,"Scomber japonicus","Fis-29507"
-165.5,-11.5,0.18,"Scomber japonicus","Fis-29507"
-151.5,-11.5,0.32,"Scomber japonicus","Fis-29507"
-78,-11.5,0.47,"Scomber japonicus","Fis-29507"
-77.5,-11.5,0.25,"Scomber japonicus","Fis-29507"
-77,-11.5,0.29,"Scomber japonicus","Fis-29507"
129.5,-11.5,0.7,"Scomber japonicus","Fis-29507"
130,-11.5,0.72,"Scomber japonicus","Fis-29507"
130.5,-11.5,0.75,"Scomber japonicus","Fis-29507"
131,-11.5,0.68,"Scomber japonicus","Fis-29507"
131.5,-11.5,0.56,"Scomber japonicus","Fis-29507"
132,-11.5,0.79,"Scomber japonicus","Fis-29507"
132.5,-11.5,0.82,"Scomber japonicus","Fis-29507"
133,-11.5,0.72,"Scomber japonicus","Fis-29507"
133.5,-11.5,0.67,"Scomber japonicus","Fis-29507"
134,-11.5,0.87,"Scomber japonicus","Fis-29507"
134.5,-11.5,0.87,"Scomber japonicus","Fis-29507"
135,-11.5,0.88,"Scomber japonicus","Fis-29507"
135.5,-11.5,0.88,"Scomber japonicus","Fis-29507"
136,-11.5,0.9,"Scomber japonicus","Fis-29507"
136.5,-11.5,0.92,"Scomber japonicus","Fis-29507"
137,-11.5,0.61,"Scomber japonicus","Fis-29507"
137.5,-11.5,0.8,"Scomber japonicus","Fis-29507"
138,-11.5,0.9,"Scomber japonicus","Fis-29507"
138.5,-11.5,0.89,"Scomber japonicus","Fis-29507"
139,-11.5,0.88,"Scomber japonicus","Fis-29507"
139.5,-11.5,0.87,"Scomber japonicus","Fis-29507"
140,-11.5,0.86,"Scomber japonicus","Fis-29507"
140.5,-11.5,0.86,"Scomber japonicus","Fis-29507"
141,-11.5,0.87,"Scomber japonicus","Fis-29507"
141.5,-11.5,0.9,"Scomber japonicus","Fis-29507"
142,-11.5,0.95,"Scomber japonicus","Fis-29507"
142.5,-11.5,0.46,"Scomber japonicus","Fis-29507"
143,-11.5,0.93,"Scomber japonicus","Fis-29507"
143.5,-11.5,0.78,"Scomber japonicus","Fis-29507"
144,-11.5,0.99,"Scomber japonicus","Fis-29507"
144.5,-11.5,0.99,"Scomber japonicus","Fis-29507"
151,-11.5,0.97,"Scomber japonicus","Fis-29507"
151.5,-11.5,0.97,"Scomber japonicus","Fis-29507"
152,-11.5,0.94,"Scomber japonicus","Fis-29507"
152.5,-11.5,0.93,"Scomber japonicus","Fis-29507"
153,-11.5,0.89,"Scomber japonicus","Fis-29507"
153.5,-11.5,0.83,"Scomber japonicus","Fis-29507"
154,-11.5,0.8,"Scomber japonicus","Fis-29507"
154.5,-11.5,0.78,"Scomber japonicus","Fis-29507"
160,-11.5,0.64,"Scomber japonicus","Fis-29507"
160.5,-11.5,0.64,"Scomber japonicus","Fis-29507"
166.5,-11.5,0.63,"Scomber japonicus","Fis-29507"
167,-11.5,0.63,"Scomber japonicus","Fis-29507"
176,-11.5,0.15,"Scomber japonicus","Fis-29507"
-179.5,-12,0.12,"Scomber japonicus","Fis-29507"
-179,-12,0.04,"Scomber japonicus","Fis-29507"
-178,-12,0.01,"Scomber japonicus","Fis-29507"
-77.5,-12,0.54,"Scomber japonicus","Fis-29507"
-77,-12,0.11,"Scomber japonicus","Fis-29507"
129.5,-12,0.68,"Scomber japonicus","Fis-29507"
130,-12,0.7,"Scomber japonicus","Fis-29507"
130.5,-12,0.73,"Scomber japonicus","Fis-29507"
131,-12,0.76,"Scomber japonicus","Fis-29507"
131.5,-12,0.76,"Scomber japonicus","Fis-29507"
132,-12,0.77,"Scomber japonicus","Fis-29507"
132.5,-12,0.44,"Scomber japonicus","Fis-29507"
133,-12,0.56,"Scomber japonicus","Fis-29507"
133.5,-12,0.84,"Scomber japonicus","Fis-29507"
134,-12,0.47,"Scomber japonicus","Fis-29507"
134.5,-12,0.5,"Scomber japonicus","Fis-29507"
135,-12,0.52,"Scomber japonicus","Fis-29507"
135.5,-12,0.48,"Scomber japonicus","Fis-29507"
136,-12,0.54,"Scomber japonicus","Fis-29507"
136.5,-12,0.59,"Scomber japonicus","Fis-29507"
137,-12,0.51,"Scomber japonicus","Fis-29507"
137.5,-12,0.51,"Scomber japonicus","Fis-29507"
138,-12,0.7,"Scomber japonicus","Fis-29507"
138.5,-12,0.88,"Scomber japonicus","Fis-29507"
139,-12,0.87,"Scomber japonicus","Fis-29507"
139.5,-12,0.86,"Scomber japonicus","Fis-29507"
140,-12,0.84,"Scomber japonicus","Fis-29507"
140.5,-12,0.83,"Scomber japonicus","Fis-29507"
141,-12,0.84,"Scomber japonicus","Fis-29507"
141.5,-12,0.88,"Scomber japonicus","Fis-29507"
142,-12,0.95,"Scomber japonicus","Fis-29507"
142.5,-12,0.18,"Scomber japonicus","Fis-29507"
143,-12,0.56,"Scomber japonicus","Fis-29507"
143.5,-12,0.54,"Scomber japonicus","Fis-29507"
144,-12,0.95,"Scomber japonicus","Fis-29507"
144.5,-12,0.96,"Scomber japonicus","Fis-29507"
153,-12,0.9,"Scomber japonicus","Fis-29507"
153.5,-12,0.9,"Scomber japonicus","Fis-29507"
154,-12,0.86,"Scomber japonicus","Fis-29507"
154.5,-12,0.82,"Scomber japonicus","Fis-29507"
160,-12,0.68,"Scomber japonicus","Fis-29507"
160.5,-12,0.68,"Scomber japonicus","Fis-29507"
161,-12,0.66,"Scomber japonicus","Fis-29507"
167,-12,0.59,"Scomber japonicus","Fis-29507"
167.5,-12,0.52,"Scomber japonicus","Fis-29507"
170,-12,0.16,"Scomber japonicus","Fis-29507"
172.5,-12,0.12,"Scomber japonicus","Fis-29507"
174,-12,0.21,"Scomber japonicus","Fis-29507"
174.5,-12,0.1,"Scomber japonicus","Fis-29507"
175.5,-12,0.13,"Scomber japonicus","Fis-29507"
176,-12,0.1,"Scomber japonicus","Fis-29507"
-179.5,-12.5,0.12,"Scomber japonicus","Fis-29507"
-179,-12.5,0.06,"Scomber japonicus","Fis-29507"
-177.5,-12.5,0.04,"Scomber japonicus","Fis-29507"
-177,-12.5,0.01,"Scomber japonicus","Fis-29507"
-77.5,-12.5,0.84,"Scomber japonicus","Fis-29507"
-77,-12.5,0.63,"Scomber japonicus","Fis-29507"
-76.5,-12.5,0.26,"Scomber japonicus","Fis-29507"
129.5,-12.5,0.68,"Scomber japonicus","Fis-29507"
130,-12.5,0.69,"Scomber japonicus","Fis-29507"
130.5,-12.5,0.73,"Scomber japonicus","Fis-29507"
131,-12.5,0.75,"Scomber japonicus","Fis-29507"
131.5,-12.5,0.76,"Scomber japonicus","Fis-29507"
132,-12.5,0.7,"Scomber japonicus","Fis-29507"
132.5,-12.5,0.57,"Scomber japonicus","Fis-29507"
133,-12.5,0.46,"Scomber japonicus","Fis-29507"
134.5,-12.5,0.16,"Scomber japonicus","Fis-29507"
135,-12.5,0.07,"Scomber japonicus","Fis-29507"
135.5,-12.5,0.91,"Scomber japonicus","Fis-29507"
136,-12.5,0.91,"Scomber japonicus","Fis-29507"
136.5,-12.5,0.8,"Scomber japonicus","Fis-29507"
137,-12.5,0.6,"Scomber japonicus","Fis-29507"
137.5,-12.5,0.35,"Scomber japonicus","Fis-29507"
138,-12.5,0.71,"Scomber japonicus","Fis-29507"
138.5,-12.5,0.88,"Scomber japonicus","Fis-29507"
139,-12.5,0.87,"Scomber japonicus","Fis-29507"
139.5,-12.5,0.85,"Scomber japonicus","Fis-29507"
140,-12.5,0.84,"Scomber japonicus","Fis-29507"
140.5,-12.5,0.83,"Scomber japonicus","Fis-29507"
141,-12.5,0.83,"Scomber japonicus","Fis-29507"
141.5,-12.5,0.89,"Scomber japonicus","Fis-29507"
142,-12.5,0.79,"Scomber japonicus","Fis-29507"
142.5,-12.5,0.04,"Scomber japonicus","Fis-29507"
143.5,-12.5,0.86,"Scomber japonicus","Fis-29507"
144,-12.5,0.92,"Scomber japonicus","Fis-29507"
144.5,-12.5,0.89,"Scomber japonicus","Fis-29507"
160.5,-12.5,0.7,"Scomber japonicus","Fis-29507"
169,-12.5,0.13,"Scomber japonicus","Fis-29507"
-179,-13,0.02,"Scomber japonicus","Fis-29507"
-77,-13,0.84,"Scomber japonicus","Fis-29507"
-76.5,-13,0.57,"Scomber japonicus","Fis-29507"
-76,-13,0.29,"Scomber japonicus","Fis-29507"
129.5,-13,0.69,"Scomber japonicus","Fis-29507"
130,-13,0.72,"Scomber japonicus","Fis-29507"
130.5,-13,0.46,"Scomber japonicus","Fis-29507"
131,-13,0.06,"Scomber japonicus","Fis-29507"
131.5,-13,0.02,"Scomber japonicus","Fis-29507"
136.5,-13,0.04,"Scomber japonicus","Fis-29507"
137,-13,0.79,"Scomber japonicus","Fis-29507"
137.5,-13,0.4,"Scomber japonicus","Fis-29507"
138,-13,0.75,"Scomber japonicus","Fis-29507"
138.5,-13,0.88,"Scomber japonicus","Fis-29507"
139,-13,0.87,"Scomber japonicus","Fis-29507"
139.5,-13,0.85,"Scomber japonicus","Fis-29507"
140,-13,0.84,"Scomber japonicus","Fis-29507"
140.5,-13,0.83,"Scomber japonicus","Fis-29507"
141,-13,0.84,"Scomber japonicus","Fis-29507"
141.5,-13,0.9,"Scomber japonicus","Fis-29507"
142,-13,0.94,"Scomber japonicus","Fis-29507"
142.5,-13,0.02,"Scomber japonicus","Fis-29507"
143.5,-13,0.61,"Scomber japonicus","Fis-29507"
144,-13,0.89,"Scomber japonicus","Fis-29507"
160.5,-13,0.73,"Scomber japonicus","Fis-29507"
161,-13,0.71,"Scomber japonicus","Fis-29507"
172.5,-13,0.03,"Scomber japonicus","Fis-29507"
-172.5,-13.5,0.11,"Scomber japonicus","Fis-29507"
-172,-13.5,0.13,"Scomber japonicus","Fis-29507"
-163,-13.5,0.01,"Scomber japonicus","Fis-29507"
-76.5,-13.5,0.71,"Scomber japonicus","Fis-29507"
-76,-13.5,0.44,"Scomber japonicus","Fis-29507"
129.5,-13.5,0.72,"Scomber japonicus","Fis-29507"
130,-13.5,0.75,"Scomber japonicus","Fis-29507"
130.5,-13.5,0.44,"Scomber japonicus","Fis-29507"
136,-13.5,0.85,"Scomber japonicus","Fis-29507"
136.5,-13.5,0.83,"Scomber japonicus","Fis-29507"
137,-13.5,0.69,"Scomber japonicus","Fis-29507"
137.5,-13.5,0.48,"Scomber japonicus","Fis-29507"
138,-13.5,0.86,"Scomber japonicus","Fis-29507"
138.5,-13.5,0.89,"Scomber japonicus","Fis-29507"
139,-13.5,0.88,"Scomber japonicus","Fis-29507"
139.5,-13.5,0.86,"Scomber japonicus","Fis-29507"
140,-13.5,0.85,"Scomber japonicus","Fis-29507"
140.5,-13.5,0.84,"Scomber japonicus","Fis-29507"
141,-13.5,0.87,"Scomber japonicus","Fis-29507"
141.5,-13.5,0.94,"Scomber japonicus","Fis-29507"
142,-13.5,0.8,"Scomber japonicus","Fis-29507"
144,-13.5,0.88,"Scomber japonicus","Fis-29507"
144.5,-13.5,0.94,"Scomber japonicus","Fis-29507"
161,-13.5,0.04,"Scomber japonicus","Fis-29507"
167,-13.5,0.1,"Scomber japonicus","Fis-29507"
167.5,-13.5,0.06,"Scomber japonicus","Fis-29507"
-172.5,-14,0.38,"Scomber japonicus","Fis-29507"
-172,-14,0.57,"Scomber japonicus","Fis-29507"
-171.5,-14,0.25,"Scomber japonicus","Fis-29507"
-76.5,-14,0.84,"Scomber japonicus","Fis-29507"
-76,-14,0.68,"Scomber japonicus","Fis-29507"
129.5,-14,0.62,"Scomber japonicus","Fis-29507"
130,-14,0.65,"Scomber japonicus","Fis-29507"
136,-14,0.96,"Scomber japonicus","Fis-29507"
136.5,-14,0.97,"Scomber japonicus","Fis-29507"
137,-14,0.86,"Scomber japonicus","Fis-29507"
137.5,-14,0.49,"Scomber japonicus","Fis-29507"
138,-14,0.9,"Scomber japonicus","Fis-29507"
138.5,-14,0.9,"Scomber japonicus","Fis-29507"
139,-14,0.88,"Scomber japonicus","Fis-29507"
139.5,-14,0.87,"Scomber japonicus","Fis-29507"
140,-14,0.86,"Scomber japonicus","Fis-29507"
140.5,-14,0.85,"Scomber japonicus","Fis-29507"
141,-14,0.9,"Scomber japonicus","Fis-29507"
141.5,-14,0.96,"Scomber japonicus","Fis-29507"
142,-14,0.18,"Scomber japonicus","Fis-29507"
144,-14,0.85,"Scomber japonicus","Fis-29507"
144.5,-14,0.91,"Scomber japonicus","Fis-29507"
145,-14,0.93,"Scomber japonicus","Fis-29507"
147,-14,0.99,"Scomber japonicus","Fis-29507"
167.5,-14,0.22,"Scomber japonicus","Fis-29507"
168,-14,0.13,"Scomber japonicus","Fis-29507"
-171.5,-14.5,0.12,"Scomber japonicus","Fis-29507"
-146,-14.5,0.25,"Scomber japonicus","Fis-29507"
-145.5,-14.5,0.24,"Scomber japonicus","Fis-29507"
-145,-14.5,0.25,"Scomber japonicus","Fis-29507"
-144.5,-14.5,0.24,"Scomber japonicus","Fis-29507"
-141,-14.5,0.26,"Scomber japonicus","Fis-29507"
-76,-14.5,0.8,"Scomber japonicus","Fis-29507"
-75.5,-14.5,0.64,"Scomber japonicus","Fis-29507"
129.5,-14.5,0.54,"Scomber japonicus","Fis-29507"
130,-14.5,0.22,"Scomber japonicus","Fis-29507"
136,-14.5,0.98,"Scomber japonicus","Fis-29507"
136.5,-14.5,0.7,"Scomber japonicus","Fis-29507"
137,-14.5,0.5,"Scomber japonicus","Fis-29507"
137.5,-14.5,0.96,"Scomber japonicus","Fis-29507"
138,-14.5,0.9,"Scomber japonicus","Fis-29507"
138.5,-14.5,0.91,"Scomber japonicus","Fis-29507"
139,-14.5,0.89,"Scomber japonicus","Fis-29507"
139.5,-14.5,0.88,"Scomber japonicus","Fis-29507"
140,-14.5,0.87,"Scomber japonicus","Fis-29507"
140.5,-14.5,0.87,"Scomber japonicus","Fis-29507"
141,-14.5,0.91,"Scomber japonicus","Fis-29507"
141.5,-14.5,0.98,"Scomber japonicus","Fis-29507"
142,-14.5,1,"Scomber japonicus","Fis-29507"
144,-14.5,0.8,"Scomber japonicus","Fis-29507"
144.5,-14.5,0.85,"Scomber japonicus","Fis-29507"
145,-14.5,0.88,"Scomber japonicus","Fis-29507"
145.5,-14.5,0.92,"Scomber japonicus","Fis-29507"
146,-14.5,0.95,"Scomber japonicus","Fis-29507"
167.5,-14.5,0.22,"Scomber japonicus","Fis-29507"
168,-14.5,0.09,"Scomber japonicus","Fis-29507"
168.5,-14.5,0.01,"Scomber japonicus","Fis-29507"
-148.5,-15,0.25,"Scomber japonicus","Fis-29507"
-148,-15,0.24,"Scomber japonicus","Fis-29507"
-147.5,-15,0.24,"Scomber japonicus","Fis-29507"
-147,-15,0.24,"Scomber japonicus","Fis-29507"
-146,-15,0.23,"Scomber japonicus","Fis-29507"
-145,-15,0.23,"Scomber japonicus","Fis-29507"
-144.5,-15,0.04,"Scomber japonicus","Fis-29507"
-144,-15,0.19,"Scomber japonicus","Fis-29507"
-138.5,-15,0.24,"Scomber japonicus","Fis-29507"
-76,-15,0.86,"Scomber japonicus","Fis-29507"
-75.5,-15,0.78,"Scomber japonicus","Fis-29507"
-75,-15,0.59,"Scomber japonicus","Fis-29507"
129.5,-15,0.83,"Scomber japonicus","Fis-29507"
130,-15,0.9,"Scomber japonicus","Fis-29507"
135.5,-15,1,"Scomber japonicus","Fis-29507"
136,-15,0.9,"Scomber japonicus","Fis-29507"
136.5,-15,1,"Scomber japonicus","Fis-29507"
137,-15,0.88,"Scomber japonicus","Fis-29507"
137.5,-15,0.97,"Scomber japonicus","Fis-29507"
138,-15,0.92,"Scomber japonicus","Fis-29507"
138.5,-15,0.92,"Scomber japonicus","Fis-29507"
139,-15,0.91,"Scomber japonicus","Fis-29507"
139.5,-15,0.89,"Scomber japonicus","Fis-29507"
140,-15,0.88,"Scomber japonicus","Fis-29507"
140.5,-15,0.89,"Scomber japonicus","Fis-29507"
141,-15,0.95,"Scomber japonicus","Fis-29507"
141.5,-15,1,"Scomber japonicus","Fis-29507"
142,-15,1,"Scomber japonicus","Fis-29507"
145,-15,0.19,"Scomber japonicus","Fis-29507"
145.5,-15,0.63,"Scomber japonicus","Fis-29507"
146,-15,0.93,"Scomber japonicus","Fis-29507"
167,-15,0.37,"Scomber japonicus","Fis-29507"
167.5,-15,0.26,"Scomber japonicus","Fis-29507"
168.5,-15,0.02,"Scomber japonicus","Fis-29507"
-173.5,-15.5,0.04,"Scomber japonicus","Fis-29507"
-148,-15.5,0.24,"Scomber japonicus","Fis-29507"
-147.5,-15.5,0.24,"Scomber japonicus","Fis-29507"
-147,-15.5,0.23,"Scomber japonicus","Fis-29507"
-146.5,-15.5,0.22,"Scomber japonicus","Fis-29507"
-146,-15.5,0.22,"Scomber japonicus","Fis-29507"
-145.5,-15.5,0.22,"Scomber japonicus","Fis-29507"
-145,-15.5,0.22,"Scomber japonicus","Fis-29507"
-75.5,-15.5,0.87,"Scomber japonicus","Fis-29507"
-75,-15.5,0.87,"Scomber japonicus","Fis-29507"
-74.5,-15.5,0.54,"Scomber japonicus","Fis-29507"
129.5,-15.5,0.04,"Scomber japonicus","Fis-29507"
130,-15.5,0.02,"Scomber japonicus","Fis-29507"
136,-15.5,0.34,"Scomber japonicus","Fis-29507"
136.5,-15.5,0.86,"Scomber japonicus","Fis-29507"
137,-15.5,0.96,"Scomber japonicus","Fis-29507"
137.5,-15.5,1,"Scomber japonicus","Fis-29507"
138,-15.5,0.96,"Scomber japonicus","Fis-29507"
138.5,-15.5,0.94,"Scomber japonicus","Fis-29507"
139,-15.5,0.93,"Scomber japonicus","Fis-29507"
139.5,-15.5,0.92,"Scomber japonicus","Fis-29507"
140,-15.5,0.91,"Scomber japonicus","Fis-29507"
140.5,-15.5,0.93,"Scomber japonicus","Fis-29507"
141,-15.5,0.99,"Scomber japonicus","Fis-29507"
141.5,-15.5,1,"Scomber japonicus","Fis-29507"
142,-15.5,0.64,"Scomber japonicus","Fis-29507"
145.5,-15.5,0.81,"Scomber japonicus","Fis-29507"
146,-15.5,0.91,"Scomber japonicus","Fis-29507"
167,-15.5,0.49,"Scomber japonicus","Fis-29507"
167.5,-15.5,0.45,"Scomber japonicus","Fis-29507"
168,-15.5,0.23,"Scomber japonicus","Fis-29507"
168.5,-15.5,0.08,"Scomber japonicus","Fis-29507"
-179.5,-16,0.04,"Scomber japonicus","Fis-29507"
-173.5,-16,0.01,"Scomber japonicus","Fis-29507"
-148,-16,0.24,"Scomber japonicus","Fis-29507"
-146.5,-16,0.23,"Scomber japonicus","Fis-29507"
-146,-16,0.22,"Scomber japonicus","Fis-29507"
-145.5,-16,0.22,"Scomber japonicus","Fis-29507"
-145,-16,0.22,"Scomber japonicus","Fis-29507"
-144.5,-16,0.21,"Scomber japonicus","Fis-29507"
-142,-16,0.16,"Scomber japonicus","Fis-29507"
-140.5,-16,0.04,"Scomber japonicus","Fis-29507"
-140,-16,0.04,"Scomber japonicus","Fis-29507"
-74.5,-16,0.85,"Scomber japonicus","Fis-29507"
-74,-16,0.47,"Scomber japonicus","Fis-29507"
-73.5,-16,0.07,"Scomber japonicus","Fis-29507"
136.5,-16,0.68,"Scomber japonicus","Fis-29507"
137,-16,0.7,"Scomber japonicus","Fis-29507"
137.5,-16,0.76,"Scomber japonicus","Fis-29507"
138,-16,1,"Scomber japonicus","Fis-29507"
138.5,-16,0.99,"Scomber japonicus","Fis-29507"
139,-16,0.97,"Scomber japonicus","Fis-29507"
139.5,-16,0.96,"Scomber japonicus","Fis-29507"
140,-16,0.97,"Scomber japonicus","Fis-29507"
140.5,-16,0.99,"Scomber japonicus","Fis-29507"
141,-16,1,"Scomber japonicus","Fis-29507"
141.5,-16,1,"Scomber japonicus","Fis-29507"
145.5,-16,0.67,"Scomber japonicus","Fis-29507"
146,-16,0.89,"Scomber japonicus","Fis-29507"
149.5,-16,0.48,"Scomber japonicus","Fis-29507"
150,-16,0.42,"Scomber japonicus","Fis-29507"
166.5,-16,0.53,"Scomber japonicus","Fis-29507"
167,-16,0.65,"Scomber japonicus","Fis-29507"
167.5,-16,0.55,"Scomber japonicus","Fis-29507"
168.5,-16,0.22,"Scomber japonicus","Fis-29507"
176,-16,0.04,"Scomber japonicus","Fis-29507"
179.5,-16,0.04,"Scomber japonicus","Fis-29507"
-179.5,-16.5,0.36,"Scomber japonicus","Fis-29507"
-179,-16.5,0.09,"Scomber japonicus","Fis-29507"
-152,-16.5,0.02,"Scomber japonicus","Fis-29507"
-151.5,-16.5,0.07,"Scomber japonicus","Fis-29507"
-146,-16.5,0.22,"Scomber japonicus","Fis-29507"
-145.5,-16.5,0.22,"Scomber japonicus","Fis-29507"
-145,-16.5,0.21,"Scomber japonicus","Fis-29507"
-144.5,-16.5,0.21,"Scomber japonicus","Fis-29507"
-144,-16.5,0.2,"Scomber japonicus","Fis-29507"
-143.5,-16.5,0.2,"Scomber japonicus","Fis-29507"
-143,-16.5,0.18,"Scomber japonicus","Fis-29507"
-142.5,-16.5,0.17,"Scomber japonicus","Fis-29507"
-142,-16.5,0.17,"Scomber japonicus","Fis-29507"
-140,-16.5,0.01,"Scomber japonicus","Fis-29507"
-74,-16.5,0.68,"Scomber japonicus","Fis-29507"
-73.5,-16.5,0.26,"Scomber japonicus","Fis-29507"
-73,-16.5,0.19,"Scomber japonicus","Fis-29507"
137.5,-16.5,0.74,"Scomber japonicus","Fis-29507"
138,-16.5,0.64,"Scomber japonicus","Fis-29507"
138.5,-16.5,1,"Scomber japonicus","Fis-29507"
139,-16.5,1,"Scomber japonicus","Fis-29507"
139.5,-16.5,1,"Scomber japonicus","Fis-29507"
140,-16.5,1,"Scomber japonicus","Fis-29507"
140.5,-16.5,1,"Scomber japonicus","Fis-29507"
141,-16.5,1,"Scomber japonicus","Fis-29507"
141.5,-16.5,1,"Scomber japonicus","Fis-29507"
145.5,-16.5,0.88,"Scomber japonicus","Fis-29507"
146,-16.5,0.84,"Scomber japonicus","Fis-29507"
146.5,-16.5,0.91,"Scomber japonicus","Fis-29507"
148,-16.5,0.35,"Scomber japonicus","Fis-29507"
148.5,-16.5,0.33,"Scomber japonicus","Fis-29507"
150,-16.5,0.22,"Scomber japonicus","Fis-29507"
150.5,-16.5,0.25,"Scomber japonicus","Fis-29507"
167.5,-16.5,0.69,"Scomber japonicus","Fis-29507"
168,-16.5,0.56,"Scomber japonicus","Fis-29507"
168.5,-16.5,0.46,"Scomber japonicus","Fis-29507"
178.5,-16.5,0.61,"Scomber japonicus","Fis-29507"
179,-16.5,0.67,"Scomber japonicus","Fis-29507"
179.5,-16.5,0.64,"Scomber japonicus","Fis-29507"
-179.5,-17,0.68,"Scomber japonicus","Fis-29507"
-179,-17,0.32,"Scomber japonicus","Fis-29507"
-178.5,-17,0.17,"Scomber japonicus","Fis-29507"
-151.5,-17,0.14,"Scomber japonicus","Fis-29507"
-151,-17,0.12,"Scomber japonicus","Fis-29507"
-150.5,-17,0.06,"Scomber japonicus","Fis-29507"
-149.5,-17,0.1,"Scomber japonicus","Fis-29507"
-149,-17,0.16,"Scomber japonicus","Fis-29507"
-145.5,-17,0.22,"Scomber japonicus","Fis-29507"
-145,-17,0.21,"Scomber japonicus","Fis-29507"
-144.5,-17,0.21,"Scomber japonicus","Fis-29507"
-144,-17,0.21,"Scomber japonicus","Fis-29507"
-143.5,-17,0.19,"Scomber japonicus","Fis-29507"
-143,-17,0.17,"Scomber japonicus","Fis-29507"
-142.5,-17,0.15,"Scomber japonicus","Fis-29507"
-141.5,-17,0.04,"Scomber japonicus","Fis-29507"
-73,-17,0.49,"Scomber japonicus","Fis-29507"
-72.5,-17,0.28,"Scomber japonicus","Fis-29507"
138.5,-17,0.86,"Scomber japonicus","Fis-29507"
139,-17,0.72,"Scomber japonicus","Fis-29507"
139.5,-17,1,"Scomber japonicus","Fis-29507"
140,-17,1,"Scomber japonicus","Fis-29507"
140.5,-17,1,"Scomber japonicus","Fis-29507"
141,-17,1,"Scomber japonicus","Fis-29507"
141.5,-17,0.66,"Scomber japonicus","Fis-29507"
146,-17,0.78,"Scomber japonicus","Fis-29507"
146.5,-17,0.86,"Scomber japonicus","Fis-29507"
147,-17,0.75,"Scomber japonicus","Fis-29507"
148,-17,0.33,"Scomber japonicus","Fis-29507"
149.5,-17,0.18,"Scomber japonicus","Fis-29507"
150,-17,0.2,"Scomber japonicus","Fis-29507"
150.5,-17,0.2,"Scomber japonicus","Fis-29507"
151,-17,0.22,"Scomber japonicus","Fis-29507"
167.5,-17,0.65,"Scomber japonicus","Fis-29507"
168,-17,0.68,"Scomber japonicus","Fis-29507"
168.5,-17,0.58,"Scomber japonicus","Fis-29507"
169,-17,0.28,"Scomber japonicus","Fis-29507"
177.5,-17,0.88,"Scomber japonicus","Fis-29507"
178,-17,0.94,"Scomber japonicus","Fis-29507"
178.5,-17,0.95,"Scomber japonicus","Fis-29507"
179,-17,0.97,"Scomber japonicus","Fis-29507"
179.5,-17,1,"Scomber japonicus","Fis-29507"
-179.5,-17.5,0.85,"Scomber japonicus","Fis-29507"
-179,-17.5,0.55,"Scomber japonicus","Fis-29507"
-178.5,-17.5,0.46,"Scomber japonicus","Fis-29507"
-149.5,-17.5,0.11,"Scomber japonicus","Fis-29507"
-149,-17.5,0.12,"Scomber japonicus","Fis-29507"
-145.5,-17.5,0.22,"Scomber japonicus","Fis-29507"
-145,-17.5,0.22,"Scomber japonicus","Fis-29507"
-144,-17.5,0.2,"Scomber japonicus","Fis-29507"
-143,-17.5,0.16,"Scomber japonicus","Fis-29507"
-142.5,-17.5,0.14,"Scomber japonicus","Fis-29507"
-72,-17.5,0.4,"Scomber japonicus","Fis-29507"
-71,-17.5,0.17,"Scomber japonicus","Fis-29507"
139.5,-17.5,0.84,"Scomber japonicus","Fis-29507"
140,-17.5,0.92,"Scomber japonicus","Fis-29507"
140.5,-17.5,0.92,"Scomber japonicus","Fis-29507"
141,-17.5,0.78,"Scomber japonicus","Fis-29507"
146,-17.5,0.85,"Scomber japonicus","Fis-29507"
146.5,-17.5,0.78,"Scomber japonicus","Fis-29507"
147,-17.5,0.87,"Scomber japonicus","Fis-29507"
148.5,-17.5,0.33,"Scomber japonicus","Fis-29507"
149,-17.5,0.23,"Scomber japonicus","Fis-29507"
150,-17.5,0.23,"Scomber japonicus","Fis-29507"
150.5,-17.5,0.24,"Scomber japonicus","Fis-29507"
151,-17.5,0.22,"Scomber japonicus","Fis-29507"
151.5,-17.5,0.21,"Scomber japonicus","Fis-29507"
152,-17.5,0.18,"Scomber japonicus","Fis-29507"
152.5,-17.5,0.06,"Scomber japonicus","Fis-29507"
156,-17.5,0.01,"Scomber japonicus","Fis-29507"
168.5,-17.5,0.53,"Scomber japonicus","Fis-29507"
169,-17.5,0.38,"Scomber japonicus","Fis-29507"
177,-17.5,0.89,"Scomber japonicus","Fis-29507"
177.5,-17.5,0.9,"Scomber japonicus","Fis-29507"
178,-17.5,0.95,"Scomber japonicus","Fis-29507"
178.5,-17.5,1,"Scomber japonicus","Fis-29507"
179,-17.5,1,"Scomber japonicus","Fis-29507"
179.5,-17.5,1,"Scomber japonicus","Fis-29507"
-179,-18,0.61,"Scomber japonicus","Fis-29507"
-178.5,-18,0.5,"Scomber japonicus","Fis-29507"
-178,-18,0.3,"Scomber japonicus","Fis-29507"
-150.5,-18,0.07,"Scomber japonicus","Fis-29507"
-149.5,-18,0.15,"Scomber japonicus","Fis-29507"
-149,-18,0.14,"Scomber japonicus","Fis-29507"
-148,-18,0.13,"Scomber japonicus","Fis-29507"
-143,-18,0.15,"Scomber japonicus","Fis-29507"
-142.5,-18,0.11,"Scomber japonicus","Fis-29507"
-142,-18,0.08,"Scomber japonicus","Fis-29507"
-140.5,-18,0.01,"Scomber japonicus","Fis-29507"
-71,-18,0.4,"Scomber japonicus","Fis-29507"
-70.5,-18,0.38,"Scomber japonicus","Fis-29507"
140,-18,0.69,"Scomber japonicus","Fis-29507"
140.5,-18,0.92,"Scomber japonicus","Fis-29507"
141,-18,0.93,"Scomber japonicus","Fis-29507"
146.5,-18,0.74,"Scomber japonicus","Fis-29507"
147,-18,0.83,"Scomber japonicus","Fis-29507"
147.5,-18,0.87,"Scomber japonicus","Fis-29507"
148.5,-18,0.59,"Scomber japonicus","Fis-29507"
149,-18,0.42,"Scomber japonicus","Fis-29507"
150,-18,0.2,"Scomber japonicus","Fis-29507"
150.5,-18,0.41,"Scomber japonicus","Fis-29507"
151,-18,0.32,"Scomber japonicus","Fis-29507"
151.5,-18,0.2,"Scomber japonicus","Fis-29507"
152,-18,0.12,"Scomber japonicus","Fis-29507"
163,-18,0.17,"Scomber japonicus","Fis-29507"
163.5,-18,0.17,"Scomber japonicus","Fis-29507"
168.5,-18,0.54,"Scomber japonicus","Fis-29507"
169,-18,0.47,"Scomber japonicus","Fis-29507"
177.5,-18,0.91,"Scomber japonicus","Fis-29507"
178,-18,0.02,"Scomber japonicus","Fis-29507"
178.5,-18,0.26,"Scomber japonicus","Fis-29507"
179,-18,1,"Scomber japonicus","Fis-29507"
179.5,-18,0.98,"Scomber japonicus","Fis-29507"
-179,-18.5,0.62,"Scomber japonicus","Fis-29507"
-178.5,-18.5,0.59,"Scomber japonicus","Fis-29507"
-178,-18.5,0.46,"Scomber japonicus","Fis-29507"
-142,-18.5,0.11,"Scomber japonicus","Fis-29507"
-141,-18.5,0.02,"Scomber japonicus","Fis-29507"
-140.5,-18.5,0.01,"Scomber japonicus","Fis-29507"
-70.5,-18.5,0.63,"Scomber japonicus","Fis-29507"
-70,-18.5,0.55,"Scomber japonicus","Fis-29507"
146.5,-18.5,0.72,"Scomber japonicus","Fis-29507"
147,-18.5,0.74,"Scomber japonicus","Fis-29507"
147.5,-18.5,0.83,"Scomber japonicus","Fis-29507"
148,-18.5,0.85,"Scomber japonicus","Fis-29507"
150,-18.5,0.57,"Scomber japonicus","Fis-29507"
163,-18.5,0.47,"Scomber japonicus","Fis-29507"
163.5,-18.5,0.43,"Scomber japonicus","Fis-29507"
164.5,-18.5,0.16,"Scomber japonicus","Fis-29507"
168.5,-18.5,0.18,"Scomber japonicus","Fis-29507"
169,-18.5,0.38,"Scomber japonicus","Fis-29507"
177.5,-18.5,0.98,"Scomber japonicus","Fis-29507"
178,-18.5,1,"Scomber japonicus","Fis-29507"
178.5,-18.5,1,"Scomber japonicus","Fis-29507"
179,-18.5,0.99,"Scomber japonicus","Fis-29507"
179.5,-18.5,0.97,"Scomber japonicus","Fis-29507"
-179.5,-19,0.71,"Scomber japonicus","Fis-29507"
-179,-19,0.64,"Scomber japonicus","Fis-29507"
-178.5,-19,0.6,"Scomber japonicus","Fis-29507"
-178,-19,0.47,"Scomber japonicus","Fis-29507"
-141.5,-19,0.05,"Scomber japonicus","Fis-29507"
-70,-19,0.66,"Scomber japonicus","Fis-29507"
146.5,-19,0.7,"Scomber japonicus","Fis-29507"
147,-19,0.7,"Scomber japonicus","Fis-29507"
147.5,-19,0.73,"Scomber japonicus","Fis-29507"
148,-19,0.76,"Scomber japonicus","Fis-29507"
148.5,-19,0.81,"Scomber japonicus","Fis-29507"
149,-19,0.83,"Scomber japonicus","Fis-29507"
149.5,-19,0.72,"Scomber japonicus","Fis-29507"
152.5,-19,0.14,"Scomber japonicus","Fis-29507"
158.5,-19,0.09,"Scomber japonicus","Fis-29507"
159,-19,0.2,"Scomber japonicus","Fis-29507"
159.5,-19,0.13,"Scomber japonicus","Fis-29507"
163,-19,0.38,"Scomber japonicus","Fis-29507"
163.5,-19,0.47,"Scomber japonicus","Fis-29507"
164,-19,0.27,"Scomber japonicus","Fis-29507"
164.5,-19,0.19,"Scomber japonicus","Fis-29507"
169,-19,0.19,"Scomber japonicus","Fis-29507"
169.5,-19,0.37,"Scomber japonicus","Fis-29507"
178,-19,1,"Scomber japonicus","Fis-29507"
178.5,-19,1,"Scomber japonicus","Fis-29507"
179,-19,0.97,"Scomber japonicus","Fis-29507"
179.5,-19,0.79,"Scomber japonicus","Fis-29507"
-178.5,-19.5,0.51,"Scomber japonicus","Fis-29507"
-178,-19.5,0.41,"Scomber japonicus","Fis-29507"
-174.5,-19.5,0.04,"Scomber japonicus","Fis-29507"
-174,-19.5,0.07,"Scomber japonicus","Fis-29507"
-70,-19.5,0.67,"Scomber japonicus","Fis-29507"
146.5,-19.5,0.02,"Scomber japonicus","Fis-29507"
147,-19.5,0.68,"Scomber japonicus","Fis-29507"
147.5,-19.5,0.71,"Scomber japonicus","Fis-29507"
148,-19.5,0.68,"Scomber japonicus","Fis-29507"
148.5,-19.5,0.72,"Scomber japonicus","Fis-29507"
149,-19.5,0.76,"Scomber japonicus","Fis-29507"
149.5,-19.5,0.78,"Scomber japonicus","Fis-29507"
150,-19.5,0.8,"Scomber japonicus","Fis-29507"
150.5,-19.5,0.8,"Scomber japonicus","Fis-29507"
151.5,-19.5,0.5,"Scomber japonicus","Fis-29507"
152,-19.5,0.15,"Scomber japonicus","Fis-29507"
152.5,-19.5,0.4,"Scomber japonicus","Fis-29507"
158.5,-19.5,0.22,"Scomber japonicus","Fis-29507"
159,-19.5,0.36,"Scomber japonicus","Fis-29507"
159.5,-19.5,0.31,"Scomber japonicus","Fis-29507"
160,-19.5,0.14,"Scomber japonicus","Fis-29507"
160.5,-19.5,0.1,"Scomber japonicus","Fis-29507"
163.5,-19.5,0.6,"Scomber japonicus","Fis-29507"
164,-19.5,0.4,"Scomber japonicus","Fis-29507"
169.5,-19.5,0.36,"Scomber japonicus","Fis-29507"
170,-19.5,0.26,"Scomber japonicus","Fis-29507"
170.5,-19.5,0.21,"Scomber japonicus","Fis-29507"
178.5,-19.5,0.97,"Scomber japonicus","Fis-29507"
179,-19.5,0.89,"Scomber japonicus","Fis-29507"
179.5,-19.5,0.7,"Scomber japonicus","Fis-29507"
-178,-20,0.36,"Scomber japonicus","Fis-29507"
-175,-20,0.1,"Scomber japonicus","Fis-29507"
-174.5,-20,0.21,"Scomber japonicus","Fis-29507"
-174,-20,0.17,"Scomber japonicus","Fis-29507"
-144.5,-20,0.04,"Scomber japonicus","Fis-29507"
-70,-20,0.67,"Scomber japonicus","Fis-29507"
148,-20,0.63,"Scomber japonicus","Fis-29507"
148.5,-20,0.63,"Scomber japonicus","Fis-29507"
149,-20,0.64,"Scomber japonicus","Fis-29507"
149.5,-20,0.7,"Scomber japonicus","Fis-29507"
150,-20,0.74,"Scomber japonicus","Fis-29507"
150.5,-20,0.78,"Scomber japonicus","Fis-29507"
151,-20,0.79,"Scomber japonicus","Fis-29507"
151.5,-20,0.4,"Scomber japonicus","Fis-29507"
152,-20,0.7,"Scomber japonicus","Fis-29507"
152.5,-20,0.13,"Scomber japonicus","Fis-29507"
153,-20,0.04,"Scomber japonicus","Fis-29507"
158.5,-20,0.31,"Scomber japonicus","Fis-29507"
159,-20,0.51,"Scomber japonicus","Fis-29507"
159.5,-20,0.44,"Scomber japonicus","Fis-29507"
163.5,-20,0.59,"Scomber japonicus","Fis-29507"
164,-20,0.54,"Scomber japonicus","Fis-29507"
164.5,-20,0.33,"Scomber japonicus","Fis-29507"
166,-20,0.21,"Scomber japonicus","Fis-29507"
169.5,-20,0.33,"Scomber japonicus","Fis-29507"
170,-20,0.26,"Scomber japonicus","Fis-29507"
170.5,-20,0.09,"Scomber japonicus","Fis-29507"
-175,-20.5,0.17,"Scomber japonicus","Fis-29507"
-174.5,-20.5,0.25,"Scomber japonicus","Fis-29507"
-174,-20.5,0.16,"Scomber japonicus","Fis-29507"
-70,-20.5,0.71,"Scomber japonicus","Fis-29507"
148.5,-20.5,0.39,"Scomber japonicus","Fis-29507"
149,-20.5,0.41,"Scomber japonicus","Fis-29507"
149.5,-20.5,0.6,"Scomber japonicus","Fis-29507"
150,-20.5,0.68,"Scomber japonicus","Fis-29507"
150.5,-20.5,0.41,"Scomber japonicus","Fis-29507"
151,-20.5,0.75,"Scomber japonicus","Fis-29507"
151.5,-20.5,0.77,"Scomber japonicus","Fis-29507"
152,-20.5,0.77,"Scomber japonicus","Fis-29507"
153,-20.5,0.08,"Scomber japonicus","Fis-29507"
159,-20.5,0.64,"Scomber japonicus","Fis-29507"
160.5,-20.5,0.18,"Scomber japonicus","Fis-29507"
161,-20.5,0.23,"Scomber japonicus","Fis-29507"
161.5,-20.5,0.23,"Scomber japonicus","Fis-29507"
164,-20.5,0.67,"Scomber japonicus","Fis-29507"
164.5,-20.5,0.85,"Scomber japonicus","Fis-29507"
165,-20.5,0.49,"Scomber japonicus","Fis-29507"
166.5,-20.5,0.25,"Scomber japonicus","Fis-29507"
167,-20.5,0.24,"Scomber japonicus","Fis-29507"
170,-20.5,0.21,"Scomber japonicus","Fis-29507"
-178.5,-21,0.31,"Scomber japonicus","Fis-29507"
-175,-21,0.18,"Scomber japonicus","Fis-29507"
-174.5,-21,0.19,"Scomber japonicus","Fis-29507"
-174,-21,0.05,"Scomber japonicus","Fis-29507"
-70,-21,0.7,"Scomber japonicus","Fis-29507"
149,-21,0.51,"Scomber japonicus","Fis-29507"
149.5,-21,0.43,"Scomber japonicus","Fis-29507"
150,-21,0.65,"Scomber japonicus","Fis-29507"
150.5,-21,0.69,"Scomber japonicus","Fis-29507"
151,-21,0.23,"Scomber japonicus","Fis-29507"
151.5,-21,0.74,"Scomber japonicus","Fis-29507"
152,-21,0.75,"Scomber japonicus","Fis-29507"
152.5,-21,0.76,"Scomber japonicus","Fis-29507"
153,-21,0.77,"Scomber japonicus","Fis-29507"
153.5,-21,0.04,"Scomber japonicus","Fis-29507"
154.5,-21,0.71,"Scomber japonicus","Fis-29507"
158.5,-21,0.63,"Scomber japonicus","Fis-29507"
159,-21,0.66,"Scomber japonicus","Fis-29507"
159.5,-21,0.68,"Scomber japonicus","Fis-29507"
161,-21,0.34,"Scomber japonicus","Fis-29507"
161.5,-21,0.34,"Scomber japonicus","Fis-29507"
162,-21,0.26,"Scomber japonicus","Fis-29507"
164.5,-21,0.73,"Scomber japonicus","Fis-29507"
165,-21,0.6,"Scomber japonicus","Fis-29507"
165.5,-21,0.52,"Scomber japonicus","Fis-29507"
166,-21,0.34,"Scomber japonicus","Fis-29507"
166.5,-21,0.33,"Scomber japonicus","Fis-29507"
167,-21,0.34,"Scomber japonicus","Fis-29507"
167.5,-21,0.3,"Scomber japonicus","Fis-29507"
168,-21,0.09,"Scomber japonicus","Fis-29507"
-178.5,-21.5,0.26,"Scomber japonicus","Fis-29507"
-175.5,-21.5,0.01,"Scomber japonicus","Fis-29507"
-175,-21.5,0.18,"Scomber japonicus","Fis-29507"
-174.5,-21.5,0.14,"Scomber japonicus","Fis-29507"
-81.5,-21.5,0.69,"Scomber japonicus","Fis-29507"
-70,-21.5,0.8,"Scomber japonicus","Fis-29507"
149.5,-21.5,0.47,"Scomber japonicus","Fis-29507"
150,-21.5,0.33,"Scomber japonicus","Fis-29507"
150.5,-21.5,0.63,"Scomber japonicus","Fis-29507"
151,-21.5,0.67,"Scomber japonicus","Fis-29507"
151.5,-21.5,0.11,"Scomber japonicus","Fis-29507"
152,-21.5,0.14,"Scomber japonicus","Fis-29507"
152.5,-21.5,0.19,"Scomber japonicus","Fis-29507"
153,-21.5,0.74,"Scomber japonicus","Fis-29507"
153.5,-21.5,0.75,"Scomber japonicus","Fis-29507"
154,-21.5,0.05,"Scomber japonicus","Fis-29507"
156,-21.5,0.67,"Scomber japonicus","Fis-29507"
159,-21.5,0.63,"Scomber japonicus","Fis-29507"
159.5,-21.5,0.64,"Scomber japonicus","Fis-29507"
160,-21.5,0.65,"Scomber japonicus","Fis-29507"
162,-21.5,0.37,"Scomber japonicus","Fis-29507"
165,-21.5,0.66,"Scomber japonicus","Fis-29507"
165.5,-21.5,0.58,"Scomber japonicus","Fis-29507"
166,-21.5,0.63,"Scomber japonicus","Fis-29507"
166.5,-21.5,0.43,"Scomber japonicus","Fis-29507"
167.5,-21.5,0.41,"Scomber japonicus","Fis-29507"
168,-21.5,0.38,"Scomber japonicus","Fis-29507"
168.5,-21.5,0.36,"Scomber japonicus","Fis-29507"
-175,-22,0.08,"Scomber japonicus","Fis-29507"
-70,-22,0.89,"Scomber japonicus","Fis-29507"
149.5,-22,0.21,"Scomber japonicus","Fis-29507"
150,-22,0.49,"Scomber japonicus","Fis-29507"
150.5,-22,0.57,"Scomber japonicus","Fis-29507"
151,-22,0.62,"Scomber japonicus","Fis-29507"
151.5,-22,0.64,"Scomber japonicus","Fis-29507"
152,-22,0.46,"Scomber japonicus","Fis-29507"
152.5,-22,0.19,"Scomber japonicus","Fis-29507"
153,-22,0.73,"Scomber japonicus","Fis-29507"
153.5,-22,0.75,"Scomber japonicus","Fis-29507"
154,-22,0.74,"Scomber japonicus","Fis-29507"
159.5,-22,0.6,"Scomber japonicus","Fis-29507"
160,-22,0.61,"Scomber japonicus","Fis-29507"
165.5,-22,0.51,"Scomber japonicus","Fis-29507"
166,-22,0.54,"Scomber japonicus","Fis-29507"
166.5,-22,0.53,"Scomber japonicus","Fis-29507"
167,-22,0.59,"Scomber japonicus","Fis-29507"
167.5,-22,0.58,"Scomber japonicus","Fis-29507"
168,-22,0.48,"Scomber japonicus","Fis-29507"
168.5,-22,0.43,"Scomber japonicus","Fis-29507"
169,-22,0.32,"Scomber japonicus","Fis-29507"
175,-22,0.13,"Scomber japonicus","Fis-29507"
-176,-22.5,0.1,"Scomber japonicus","Fis-29507"
-175.5,-22.5,0.06,"Scomber japonicus","Fis-29507"
-175,-22.5,0.09,"Scomber japonicus","Fis-29507"
-81,-22.5,0.75,"Scomber japonicus","Fis-29507"
-70,-22.5,0.94,"Scomber japonicus","Fis-29507"
150,-22.5,0.47,"Scomber japonicus","Fis-29507"
150.5,-22.5,0.49,"Scomber japonicus","Fis-29507"
151,-22.5,0.57,"Scomber japonicus","Fis-29507"
151.5,-22.5,0.59,"Scomber japonicus","Fis-29507"
152,-22.5,0.62,"Scomber japonicus","Fis-29507"
152.5,-22.5,0.65,"Scomber japonicus","Fis-29507"
153,-22.5,0.69,"Scomber japonicus","Fis-29507"
153.5,-22.5,0.74,"Scomber japonicus","Fis-29507"
154,-22.5,0.73,"Scomber japonicus","Fis-29507"
155.5,-22.5,0.65,"Scomber japonicus","Fis-29507"
156,-22.5,0.64,"Scomber japonicus","Fis-29507"
159.5,-22.5,0.58,"Scomber japonicus","Fis-29507"
166.5,-22.5,0.55,"Scomber japonicus","Fis-29507"
167,-22.5,0.59,"Scomber japonicus","Fis-29507"
167.5,-22.5,0.7,"Scomber japonicus","Fis-29507"
168,-22.5,0.58,"Scomber japonicus","Fis-29507"
169,-22.5,0.36,"Scomber japonicus","Fis-29507"
169.5,-22.5,0.3,"Scomber japonicus","Fis-29507"
171.5,-22.5,0.24,"Scomber japonicus","Fis-29507"
-176,-23,0.08,"Scomber japonicus","Fis-29507"
-175.5,-23,0.07,"Scomber japonicus","Fis-29507"
-70.5,-23,0.67,"Scomber japonicus","Fis-29507"
-70,-23,0.96,"Scomber japonicus","Fis-29507"
150,-23,0.02,"Scomber japonicus","Fis-29507"
150.5,-23,0.01,"Scomber japonicus","Fis-29507"
151,-23,0.57,"Scomber japonicus","Fis-29507"
151.5,-23,0.57,"Scomber japonicus","Fis-29507"
152,-23,0.59,"Scomber japonicus","Fis-29507"
152.5,-23,0.62,"Scomber japonicus","Fis-29507"
153,-23,0.66,"Scomber japonicus","Fis-29507"
153.5,-23,0.71,"Scomber japonicus","Fis-29507"
154,-23,0.42,"Scomber japonicus","Fis-29507"
159.5,-23,0.32,"Scomber japonicus","Fis-29507"
167,-23,0.5,"Scomber japonicus","Fis-29507"
167.5,-23,0.6,"Scomber japonicus","Fis-29507"
168,-23,0.58,"Scomber japonicus","Fis-29507"
168.5,-23,0.48,"Scomber japonicus","Fis-29507"
169,-23,0.16,"Scomber japonicus","Fis-29507"
169.5,-23,0.35,"Scomber japonicus","Fis-29507"
170,-23,0.32,"Scomber japonicus","Fis-29507"
-176,-23.5,0.06,"Scomber japonicus","Fis-29507"
-70.5,-23.5,0.99,"Scomber japonicus","Fis-29507"
-70,-23.5,0.97,"Scomber japonicus","Fis-29507"
151,-23.5,0.6,"Scomber japonicus","Fis-29507"
151.5,-23.5,0.49,"Scomber japonicus","Fis-29507"
152,-23.5,0.57,"Scomber japonicus","Fis-29507"
152.5,-23.5,0.62,"Scomber japonicus","Fis-29507"
153,-23.5,0.58,"Scomber japonicus","Fis-29507"
153.5,-23.5,0.29,"Scomber japonicus","Fis-29507"
154,-23.5,0.3,"Scomber japonicus","Fis-29507"
155.5,-23.5,0.61,"Scomber japonicus","Fis-29507"
156,-23.5,0.6,"Scomber japonicus","Fis-29507"
160,-23.5,0.53,"Scomber japonicus","Fis-29507"
167.5,-23.5,0.04,"Scomber japonicus","Fis-29507"
168.5,-23.5,0.15,"Scomber japonicus","Fis-29507"
-179,-24,0.09,"Scomber japonicus","Fis-29507"
-178.5,-24,0.08,"Scomber japonicus","Fis-29507"
-70.5,-24,1,"Scomber japonicus","Fis-29507"
-70,-24,0.98,"Scomber japonicus","Fis-29507"
151,-24,0.11,"Scomber japonicus","Fis-29507"
151.5,-24,0.57,"Scomber japonicus","Fis-29507"
152,-24,0.56,"Scomber japonicus","Fis-29507"
152.5,-24,0.6,"Scomber japonicus","Fis-29507"
153,-24,0.67,"Scomber japonicus","Fis-29507"
159.5,-24,0.51,"Scomber japonicus","Fis-29507"
160,-24,0.51,"Scomber japonicus","Fis-29507"
-70.5,-24.5,1,"Scomber japonicus","Fis-29507"
-70,-24.5,0.98,"Scomber japonicus","Fis-29507"
152,-24.5,0.58,"Scomber japonicus","Fis-29507"
152.5,-24.5,0.54,"Scomber japonicus","Fis-29507"
153,-24.5,0.61,"Scomber japonicus","Fis-29507"
153.5,-24.5,0.66,"Scomber japonicus","Fis-29507"
159.5,-24.5,0.49,"Scomber japonicus","Fis-29507"
160,-24.5,0.48,"Scomber japonicus","Fis-29507"
-70.5,-25,1,"Scomber japonicus","Fis-29507"
-70,-25,0.98,"Scomber japonicus","Fis-29507"
152.5,-25,0.55,"Scomber japonicus","Fis-29507"
153,-25,0.54,"Scomber japonicus","Fis-29507"
153.5,-25,0.58,"Scomber japonicus","Fis-29507"
154,-25,0.66,"Scomber japonicus","Fis-29507"
159.5,-25,0.47,"Scomber japonicus","Fis-29507"
160,-25,0.46,"Scomber japonicus","Fis-29507"
163,-25,0.36,"Scomber japonicus","Fis-29507"
168.5,-25,0.27,"Scomber japonicus","Fis-29507"
-89,-25.5,0.07,"Scomber japonicus","Fis-29507"
-87,-25.5,0.54,"Scomber japonicus","Fis-29507"
-81.5,-25.5,0.86,"Scomber japonicus","Fis-29507"
-70.5,-25.5,1,"Scomber japonicus","Fis-29507"
-70,-25.5,0.98,"Scomber japonicus","Fis-29507"
153,-25.5,0.5,"Scomber japonicus","Fis-29507"
153.5,-25.5,0.59,"Scomber japonicus","Fis-29507"
154,-25.5,0.65,"Scomber japonicus","Fis-29507"
160,-25.5,0.45,"Scomber japonicus","Fis-29507"
162,-25.5,0.36,"Scomber japonicus","Fis-29507"
162.5,-25.5,0.36,"Scomber japonicus","Fis-29507"
163,-25.5,0.35,"Scomber japonicus","Fis-29507"
-86.5,-26,0.68,"Scomber japonicus","Fis-29507"
-86,-26,0.12,"Scomber japonicus","Fis-29507"
-85,-26,0.74,"Scomber japonicus","Fis-29507"
-84,-26,0.77,"Scomber japonicus","Fis-29507"
-82.5,-26,0.77,"Scomber japonicus","Fis-29507"
-82,-26,0.86,"Scomber japonicus","Fis-29507"
-70.5,-26,0.96,"Scomber japonicus","Fis-29507"
153,-26,0.02,"Scomber japonicus","Fis-29507"
153.5,-26,0.61,"Scomber japonicus","Fis-29507"
154,-26,0.64,"Scomber japonicus","Fis-29507"
160,-26,0.45,"Scomber japonicus","Fis-29507"
161.5,-26,0.38,"Scomber japonicus","Fis-29507"
162,-26,0.35,"Scomber japonicus","Fis-29507"
162.5,-26,0.34,"Scomber japonicus","Fis-29507"
163,-26,0.33,"Scomber japonicus","Fis-29507"
163.5,-26,0.33,"Scomber japonicus","Fis-29507"
164,-26,0.34,"Scomber japonicus","Fis-29507"
-80,-26.5,0.94,"Scomber japonicus","Fis-29507"
-79.5,-26.5,0.96,"Scomber japonicus","Fis-29507"
-70.5,-26.5,1,"Scomber japonicus","Fis-29507"
153.5,-26.5,0.6,"Scomber japonicus","Fis-29507"
154,-26.5,0.63,"Scomber japonicus","Fis-29507"
161.5,-26.5,0.37,"Scomber japonicus","Fis-29507"
162,-26.5,0.34,"Scomber japonicus","Fis-29507"
162.5,-26.5,0.33,"Scomber japonicus","Fis-29507"
167.5,-26.5,0.31,"Scomber japonicus","Fis-29507"
-70.5,-27,1,"Scomber japonicus","Fis-29507"
153.5,-27,0.6,"Scomber japonicus","Fis-29507"
154,-27,0.63,"Scomber japonicus","Fis-29507"
159.5,-27,0.14,"Scomber japonicus","Fis-29507"
-70.5,-27.5,1,"Scomber japonicus","Fis-29507"
153.5,-27.5,0.58,"Scomber japonicus","Fis-29507"
154,-27.5,0.62,"Scomber japonicus","Fis-29507"
-71,-28,1,"Scomber japonicus","Fis-29507"
-70.5,-28,1,"Scomber japonicus","Fis-29507"
153.5,-28,0.23,"Scomber japonicus","Fis-29507"
154,-28,0.61,"Scomber japonicus","Fis-29507"
156,-28,0.51,"Scomber japonicus","Fis-29507"
-179,-28.5,0.12,"Scomber japonicus","Fis-29507"
-71,-28.5,1,"Scomber japonicus","Fis-29507"
153.5,-28.5,0.07,"Scomber japonicus","Fis-29507"
154,-28.5,0.6,"Scomber japonicus","Fis-29507"
167.5,-28.5,0.39,"Scomber japonicus","Fis-29507"
-177.5,-29,0.09,"Scomber japonicus","Fis-29507"
-71.5,-29,1,"Scomber japonicus","Fis-29507"
-71,-29,1,"Scomber japonicus","Fis-29507"
154,-29,0.6,"Scomber japonicus","Fis-29507"
168,-29,0.4,"Scomber japonicus","Fis-29507"
168.5,-29,0.4,"Scomber japonicus","Fis-29507"
-178,-29.5,0.09,"Scomber japonicus","Fis-29507"
-177.5,-29.5,0.14,"Scomber japonicus","Fis-29507"
-71.5,-29.5,1,"Scomber japonicus","Fis-29507"
-71,-29.5,1,"Scomber japonicus","Fis-29507"
153.5,-29.5,0.58,"Scomber japonicus","Fis-29507"
154,-29.5,0.59,"Scomber japonicus","Fis-29507"
159.5,-29.5,0.45,"Scomber japonicus","Fis-29507"
168,-29.5,0.39,"Scomber japonicus","Fis-29507"
168.5,-29.5,0.39,"Scomber japonicus","Fis-29507"
-178,-30,0.17,"Scomber japonicus","Fis-29507"
-71.5,-30,1,"Scomber japonicus","Fis-29507"
-71,-30,1,"Scomber japonicus","Fis-29507"
153.5,-30,0.57,"Scomber japonicus","Fis-29507"
154,-30,0.58,"Scomber japonicus","Fis-29507"
159.5,-30,0.45,"Scomber japonicus","Fis-29507"
168,-30,0.39,"Scomber japonicus","Fis-29507"
168.5,-30,0.4,"Scomber japonicus","Fis-29507"
179.5,-30,0.08,"Scomber japonicus","Fis-29507"
-178.5,-30.5,0.17,"Scomber japonicus","Fis-29507"
-178,-30.5,0.18,"Scomber japonicus","Fis-29507"
-71.5,-30.5,1,"Scomber japonicus","Fis-29507"
-71,-30.5,1,"Scomber japonicus","Fis-29507"
153.5,-30.5,0.56,"Scomber japonicus","Fis-29507"
154,-30.5,0.57,"Scomber japonicus","Fis-29507"
168,-30.5,0.23,"Scomber japonicus","Fis-29507"
-178.5,-31,0.3,"Scomber japonicus","Fis-29507"
-178,-31,0.26,"Scomber japonicus","Fis-29507"
-71.5,-31,1,"Scomber japonicus","Fis-29507"
153.5,-31,0.56,"Scomber japonicus","Fis-29507"
156.5,-31,0.49,"Scomber japonicus","Fis-29507"
-178.5,-31.5,0.44,"Scomber japonicus","Fis-29507"
-71.5,-31.5,1,"Scomber japonicus","Fis-29507"
153,-31.5,0.55,"Scomber japonicus","Fis-29507"
153.5,-31.5,0.55,"Scomber japonicus","Fis-29507"
159.5,-31.5,0.46,"Scomber japonicus","Fis-29507"
-71.5,-32,1,"Scomber japonicus","Fis-29507"
-71,-32,0.22,"Scomber japonicus","Fis-29507"
153,-32,0.53,"Scomber japonicus","Fis-29507"
153.5,-32,0.54,"Scomber japonicus","Fis-29507"
159.5,-32,0.46,"Scomber japonicus","Fis-29507"
168,-32,0.42,"Scomber japonicus","Fis-29507"
-71.5,-32.5,0.96,"Scomber japonicus","Fis-29507"
-71,-32.5,1,"Scomber japonicus","Fis-29507"
152.5,-32.5,0.35,"Scomber japonicus","Fis-29507"
153,-32.5,0.52,"Scomber japonicus","Fis-29507"
153.5,-32.5,0.53,"Scomber japonicus","Fis-29507"
167.5,-32.5,0.07,"Scomber japonicus","Fis-29507"
168,-32.5,0.44,"Scomber japonicus","Fis-29507"
168.5,-32.5,0.44,"Scomber japonicus","Fis-29507"
-71.5,-33,1,"Scomber japonicus","Fis-29507"
-71,-33,0.99,"Scomber japonicus","Fis-29507"
152,-33,0.52,"Scomber japonicus","Fis-29507"
152.5,-33,0.52,"Scomber japonicus","Fis-29507"
153,-33,0.51,"Scomber japonicus","Fis-29507"
156.5,-33,0.33,"Scomber japonicus","Fis-29507"
168,-33,0.45,"Scomber japonicus","Fis-29507"
-71.5,-33.5,0.93,"Scomber japonicus","Fis-29507"
151.5,-33.5,0.06,"Scomber japonicus","Fis-29507"
152,-33.5,0.52,"Scomber japonicus","Fis-29507"
152.5,-33.5,0.5,"Scomber japonicus","Fis-29507"
156.5,-33.5,0.48,"Scomber japonicus","Fis-29507"
-80.5,-34,1,"Scomber japonicus","Fis-29507"
-79,-34,1,"Scomber japonicus","Fis-29507"
-78.5,-34,1,"Scomber japonicus","Fis-29507"
-78,-34,0.27,"Scomber japonicus","Fis-29507"
-77.5,-34,1,"Scomber japonicus","Fis-29507"
-72,-34,1,"Scomber japonicus","Fis-29507"
-71.5,-34,0.92,"Scomber japonicus","Fis-29507"
151.5,-34,0.52,"Scomber japonicus","Fis-29507"
152,-34,0.49,"Scomber japonicus","Fis-29507"
152.5,-34,0.03,"Scomber japonicus","Fis-29507"
172,-34,0.48,"Scomber japonicus","Fis-29507"
172.5,-34,0.49,"Scomber japonicus","Fis-29507"
173,-34,0.48,"Scomber japonicus","Fis-29507"
-72,-34.5,0.91,"Scomber japonicus","Fis-29507"
-71.5,-34.5,0.91,"Scomber japonicus","Fis-29507"
151,-34.5,0.48,"Scomber japonicus","Fis-29507"
151.5,-34.5,0.5,"Scomber japonicus","Fis-29507"
152,-34.5,0.48,"Scomber japonicus","Fis-29507"
172,-34.5,0.55,"Scomber japonicus","Fis-29507"
172.5,-34.5,0.56,"Scomber japonicus","Fis-29507"
173,-34.5,0.55,"Scomber japonicus","Fis-29507"
173.5,-34.5,0.52,"Scomber japonicus","Fis-29507"
174,-34.5,0.1,"Scomber japonicus","Fis-29507"
-72,-35,0.83,"Scomber japonicus","Fis-29507"
151,-35,0.5,"Scomber japonicus","Fis-29507"
151.5,-35,0.49,"Scomber japonicus","Fis-29507"
172.5,-35,0.58,"Scomber japonicus","Fis-29507"
173,-35,0.59,"Scomber japonicus","Fis-29507"
173.5,-35,0.54,"Scomber japonicus","Fis-29507"
174,-35,0.51,"Scomber japonicus","Fis-29507"
174.5,-35,0.5,"Scomber japonicus","Fis-29507"
-72.5,-35.5,0.79,"Scomber japonicus","Fis-29507"
-72,-35.5,0.77,"Scomber japonicus","Fis-29507"
150.5,-35.5,0.38,"Scomber japonicus","Fis-29507"
151,-35.5,0.49,"Scomber japonicus","Fis-29507"
151.5,-35.5,0.48,"Scomber japonicus","Fis-29507"
172.5,-35.5,0.12,"Scomber japonicus","Fis-29507"
173,-35.5,0.6,"Scomber japonicus","Fis-29507"
173.5,-35.5,0.57,"Scomber japonicus","Fis-29507"
174,-35.5,0.02,"Scomber japonicus","Fis-29507"
174.5,-35.5,0.52,"Scomber japonicus","Fis-29507"
175,-35.5,0.51,"Scomber japonicus","Fis-29507"
175.5,-35.5,0.29,"Scomber japonicus","Fis-29507"
-73,-36,1,"Scomber japonicus","Fis-29507"
-72.5,-36,0.59,"Scomber japonicus","Fis-29507"
150.5,-36,0.48,"Scomber japonicus","Fis-29507"
151,-36,0.47,"Scomber japonicus","Fis-29507"
173.5,-36,0.61,"Scomber japonicus","Fis-29507"
174,-36,0.58,"Scomber japonicus","Fis-29507"
174.5,-36,0.17,"Scomber japonicus","Fis-29507"
175,-36,0.52,"Scomber japonicus","Fis-29507"
175.5,-36,0.51,"Scomber japonicus","Fis-29507"
176,-36,0.49,"Scomber japonicus","Fis-29507"
176.5,-36,0.46,"Scomber japonicus","Fis-29507"
-125,-36.5,1,"Scomber japonicus","Fis-29507"
-73,-36.5,0.76,"Scomber japonicus","Fis-29507"
-72.5,-36.5,0.56,"Scomber japonicus","Fis-29507"
150.5,-36.5,0.48,"Scomber japonicus","Fis-29507"
174,-36.5,0.63,"Scomber japonicus","Fis-29507"
174.5,-36.5,0.63,"Scomber japonicus","Fis-29507"
175,-36.5,0.53,"Scomber japonicus","Fis-29507"
175.5,-36.5,0.53,"Scomber japonicus","Fis-29507"
176,-36.5,0.51,"Scomber japonicus","Fis-29507"
176.5,-36.5,0.49,"Scomber japonicus","Fis-29507"
-73.5,-37,0.93,"Scomber japonicus","Fis-29507"
-73,-37,0.32,"Scomber japonicus","Fis-29507"
-72.5,-37,0.63,"Scomber japonicus","Fis-29507"
150,-37,0.48,"Scomber japonicus","Fis-29507"
150.5,-37,0.49,"Scomber japonicus","Fis-29507"
174,-37,0.63,"Scomber japonicus","Fis-29507"
174.5,-37,0.65,"Scomber japonicus","Fis-29507"
175,-37,0.43,"Scomber japonicus","Fis-29507"
175.5,-37,0.42,"Scomber japonicus","Fis-29507"
176,-37,0.54,"Scomber japonicus","Fis-29507"
176.5,-37,0.5,"Scomber japonicus","Fis-29507"
-73.5,-37.5,0.91,"Scomber japonicus","Fis-29507"
-73,-37.5,0.56,"Scomber japonicus","Fis-29507"
150.5,-37.5,0.49,"Scomber japonicus","Fis-29507"
174,-37.5,0.63,"Scomber japonicus","Fis-29507"
174.5,-37.5,0.66,"Scomber japonicus","Fis-29507"
175,-37.5,0.65,"Scomber japonicus","Fis-29507"
175.5,-37.5,0.63,"Scomber japonicus","Fis-29507"
176,-37.5,0.6,"Scomber japonicus","Fis-29507"
176.5,-37.5,0.58,"Scomber japonicus","Fis-29507"
177,-37.5,0.5,"Scomber japonicus","Fis-29507"
177.5,-37.5,0.5,"Scomber japonicus","Fis-29507"
178,-37.5,0.5,"Scomber japonicus","Fis-29507"
178.5,-37.5,0.51,"Scomber japonicus","Fis-29507"
179,-37.5,0.51,"Scomber japonicus","Fis-29507"
179.5,-37.5,0.18,"Scomber japonicus","Fis-29507"
-73.5,-38,1,"Scomber japonicus","Fis-29507"
-73,-38,0.69,"Scomber japonicus","Fis-29507"
150.5,-38,0.48,"Scomber japonicus","Fis-29507"
174.5,-38,0.67,"Scomber japonicus","Fis-29507"
175,-38,0.73,"Scomber japonicus","Fis-29507"
176,-38,0.01,"Scomber japonicus","Fis-29507"
176.5,-38,0.61,"Scomber japonicus","Fis-29507"
177,-38,0.57,"Scomber japonicus","Fis-29507"
177.5,-38,0.55,"Scomber japonicus","Fis-29507"
178,-38,0.53,"Scomber japonicus","Fis-29507"
178.5,-38,0.53,"Scomber japonicus","Fis-29507"
179,-38,0.53,"Scomber japonicus","Fis-29507"
179.5,-38,0.52,"Scomber japonicus","Fis-29507"
-74,-38.5,1,"Scomber japonicus","Fis-29507"
-73.5,-38.5,0.96,"Scomber japonicus","Fis-29507"
-73,-38.5,0.79,"Scomber japonicus","Fis-29507"
150.5,-38.5,0.2,"Scomber japonicus","Fis-29507"
173,-38.5,0.64,"Scomber japonicus","Fis-29507"
173.5,-38.5,0.65,"Scomber japonicus","Fis-29507"
174,-38.5,0.66,"Scomber japonicus","Fis-29507"
174.5,-38.5,0.7,"Scomber japonicus","Fis-29507"
175,-38.5,0.72,"Scomber japonicus","Fis-29507"
178.5,-38.5,0.54,"Scomber japonicus","Fis-29507"
179,-38.5,0.53,"Scomber japonicus","Fis-29507"
-73.5,-39,0.79,"Scomber japonicus","Fis-29507"
-73,-39,0.88,"Scomber japonicus","Fis-29507"
173,-39,0.67,"Scomber japonicus","Fis-29507"
173.5,-39,0.67,"Scomber japonicus","Fis-29507"
174,-39,0.68,"Scomber japonicus","Fis-29507"
174.5,-39,0.74,"Scomber japonicus","Fis-29507"
175,-39,0.73,"Scomber japonicus","Fis-29507"
178,-39,0.59,"Scomber japonicus","Fis-29507"
178.5,-39,0.54,"Scomber japonicus","Fis-29507"
179,-39,0.54,"Scomber japonicus","Fis-29507"
-73.5,-39.5,1,"Scomber japonicus","Fis-29507"
-73,-39.5,0.96,"Scomber japonicus","Fis-29507"
172,-39.5,0.34,"Scomber japonicus","Fis-29507"
172.5,-39.5,0.68,"Scomber japonicus","Fis-29507"
173,-39.5,0.69,"Scomber japonicus","Fis-29507"
173.5,-39.5,0.69,"Scomber japonicus","Fis-29507"
174,-39.5,0.7,"Scomber japonicus","Fis-29507"
174.5,-39.5,0.75,"Scomber japonicus","Fis-29507"
177,-39.5,0.55,"Scomber japonicus","Fis-29507"
177.5,-39.5,0.67,"Scomber japonicus","Fis-29507"
178,-39.5,0.6,"Scomber japonicus","Fis-29507"
178.5,-39.5,0.55,"Scomber japonicus","Fis-29507"
-74,-40,0.08,"Scomber japonicus","Fis-29507"
-73.5,-40,0.93,"Scomber japonicus","Fis-29507"
-73,-40,0.96,"Scomber japonicus","Fis-29507"
172,-40,0.61,"Scomber japonicus","Fis-29507"
172.5,-40,0.7,"Scomber japonicus","Fis-29507"
173,-40,0.71,"Scomber japonicus","Fis-29507"
173.5,-40,0.72,"Scomber japonicus","Fis-29507"
174,-40,0.72,"Scomber japonicus","Fis-29507"
174.5,-40,0.76,"Scomber japonicus","Fis-29507"
175,-40,0.75,"Scomber japonicus","Fis-29507"
175.5,-40,0.39,"Scomber japonicus","Fis-29507"
177,-40,0.66,"Scomber japonicus","Fis-29507"
177.5,-40,0.62,"Scomber japonicus","Fis-29507"
178,-40,0.57,"Scomber japonicus","Fis-29507"
-74,-40.5,1,"Scomber japonicus","Fis-29507"
-73.5,-40.5,0.73,"Scomber japonicus","Fis-29507"
172,-40.5,0.7,"Scomber japonicus","Fis-29507"
172.5,-40.5,0.75,"Scomber japonicus","Fis-29507"
173,-40.5,0.76,"Scomber japonicus","Fis-29507"
173.5,-40.5,0.77,"Scomber japonicus","Fis-29507"
174,-40.5,0.76,"Scomber japonicus","Fis-29507"
174.5,-40.5,0.75,"Scomber japonicus","Fis-29507"
175,-40.5,0.77,"Scomber japonicus","Fis-29507"
175.5,-40.5,0.75,"Scomber japonicus","Fis-29507"
177,-40.5,0.64,"Scomber japonicus","Fis-29507"
177.5,-40.5,0.6,"Scomber japonicus","Fis-29507"
-74,-41,1,"Scomber japonicus","Fis-29507"
-73.5,-41,1,"Scomber japonicus","Fis-29507"
171.5,-41,0.72,"Scomber japonicus","Fis-29507"
172,-41,0.79,"Scomber japonicus","Fis-29507"
172.5,-41,0.84,"Scomber japonicus","Fis-29507"
173,-41,0.82,"Scomber japonicus","Fis-29507"
173.5,-41,0.84,"Scomber japonicus","Fis-29507"
174,-41,0.84,"Scomber japonicus","Fis-29507"
174.5,-41,0.81,"Scomber japonicus","Fis-29507"
175,-41,0.78,"Scomber japonicus","Fis-29507"
175.5,-41,0.77,"Scomber japonicus","Fis-29507"
176.5,-41,0.72,"Scomber japonicus","Fis-29507"
177,-41,0.67,"Scomber japonicus","Fis-29507"
177.5,-41,0.3,"Scomber japonicus","Fis-29507"
-74,-41.5,1,"Scomber japonicus","Fis-29507"
-73.5,-41.5,1,"Scomber japonicus","Fis-29507"
-73,-41.5,0.03,"Scomber japonicus","Fis-29507"
-72.5,-41.5,0.41,"Scomber japonicus","Fis-29507"
-72,-41.5,0.01,"Scomber japonicus","Fis-29507"
171,-41.5,0.55,"Scomber japonicus","Fis-29507"
171.5,-41.5,0.76,"Scomber japonicus","Fis-29507"
172,-41.5,0.93,"Scomber japonicus","Fis-29507"
172.5,-41.5,0.92,"Scomber japonicus","Fis-29507"
173.5,-41.5,0.88,"Scomber japonicus","Fis-29507"
174,-41.5,0.92,"Scomber japonicus","Fis-29507"
174.5,-41.5,0.92,"Scomber japonicus","Fis-29507"
175,-41.5,0.85,"Scomber japonicus","Fis-29507"
175.5,-41.5,0.83,"Scomber japonicus","Fis-29507"
176,-41.5,0.81,"Scomber japonicus","Fis-29507"
176.5,-41.5,0.78,"Scomber japonicus","Fis-29507"
-74.5,-42,1,"Scomber japonicus","Fis-29507"
-74,-42,1,"Scomber japonicus","Fis-29507"
-73.5,-42,0.99,"Scomber japonicus","Fis-29507"
-73,-42,0.39,"Scomber japonicus","Fis-29507"
-72.5,-42,0.15,"Scomber japonicus","Fis-29507"
-72,-42,0.01,"Scomber japonicus","Fis-29507"
171,-42,0.76,"Scomber japonicus","Fis-29507"
171.5,-42,0.88,"Scomber japonicus","Fis-29507"
172,-42,1,"Scomber japonicus","Fis-29507"
174.5,-42,1,"Scomber japonicus","Fis-29507"
175,-42,0.96,"Scomber japonicus","Fis-29507"
175.5,-42,0.91,"Scomber japonicus","Fis-29507"
176,-42,0.89,"Scomber japonicus","Fis-29507"
-74.5,-42.5,1,"Scomber japonicus","Fis-29507"
-74,-42.5,1,"Scomber japonicus","Fis-29507"
-73.5,-42.5,0.49,"Scomber japonicus","Fis-29507"
-73,-42.5,0.7,"Scomber japonicus","Fis-29507"
-72.5,-42.5,0.58,"Scomber japonicus","Fis-29507"
-72,-42.5,0.48,"Scomber japonicus","Fis-29507"
171,-42.5,0.77,"Scomber japonicus","Fis-29507"
171.5,-42.5,0.8,"Scomber japonicus","Fis-29507"
174,-42.5,1,"Scomber japonicus","Fis-29507"
174.5,-42.5,1,"Scomber japonicus","Fis-29507"
-178.5,-43,0.05,"Scomber japonicus","Fis-29507"
-74.5,-43,1,"Scomber japonicus","Fis-29507"
-74,-43,0.99,"Scomber japonicus","Fis-29507"
-73.5,-43,0.85,"Scomber japonicus","Fis-29507"
-73,-43,0.81,"Scomber japonicus","Fis-29507"
-72.5,-43,0.72,"Scomber japonicus","Fis-29507"
170,-43,0.8,"Scomber japonicus","Fis-29507"
170.5,-43,0.78,"Scomber japonicus","Fis-29507"
171,-43,0.79,"Scomber japonicus","Fis-29507"
171.5,-43,0.88,"Scomber japonicus","Fis-29507"
173.5,-43,1,"Scomber japonicus","Fis-29507"
174,-43,1,"Scomber japonicus","Fis-29507"
177.5,-43,0.01,"Scomber japonicus","Fis-29507"
-177.5,-43.5,0.2,"Scomber japonicus","Fis-29507"
-177,-43.5,0.9,"Scomber japonicus","Fis-29507"
-176.5,-43.5,0.9,"Scomber japonicus","Fis-29507"
-176,-43.5,0.89,"Scomber japonicus","Fis-29507"
-175.5,-43.5,0.2,"Scomber japonicus","Fis-29507"
-98,-43.5,0.95,"Scomber japonicus","Fis-29507"
-97.5,-43.5,0.95,"Scomber japonicus","Fis-29507"
-75,-43.5,1,"Scomber japonicus","Fis-29507"
-74.5,-43.5,0.98,"Scomber japonicus","Fis-29507"
-74,-43.5,0.94,"Scomber japonicus","Fis-29507"
-73.5,-43.5,0.88,"Scomber japonicus","Fis-29507"
-73,-43.5,0.88,"Scomber japonicus","Fis-29507"
-72.5,-43.5,0.83,"Scomber japonicus","Fis-29507"
169.5,-43.5,0.83,"Scomber japonicus","Fis-29507"
170,-43.5,0.81,"Scomber japonicus","Fis-29507"
170.5,-43.5,0.8,"Scomber japonicus","Fis-29507"
171,-43.5,0.02,"Scomber japonicus","Fis-29507"
173,-43.5,0.7,"Scomber japonicus","Fis-29507"
173.5,-43.5,1,"Scomber japonicus","Fis-29507"
174,-43.5,1,"Scomber japonicus","Fis-29507"
174.5,-43.5,0.59,"Scomber japonicus","Fis-29507"
175,-43.5,0.83,"Scomber japonicus","Fis-29507"
175.5,-43.5,0.99,"Scomber japonicus","Fis-29507"
176,-43.5,0.97,"Scomber japonicus","Fis-29507"
176.5,-43.5,0.54,"Scomber japonicus","Fis-29507"
177,-43.5,0.93,"Scomber japonicus","Fis-29507"
177.5,-43.5,0.96,"Scomber japonicus","Fis-29507"
178,-43.5,0.99,"Scomber japonicus","Fis-29507"
178.5,-43.5,0.03,"Scomber japonicus","Fis-29507"
-179.5,-44,0.1,"Scomber japonicus","Fis-29507"
-179,-44,0.91,"Scomber japonicus","Fis-29507"
-177,-44,0.99,"Scomber japonicus","Fis-29507"
-176.5,-44,1,"Scomber japonicus","Fis-29507"
-176,-44,1,"Scomber japonicus","Fis-29507"
-175.5,-44,0.97,"Scomber japonicus","Fis-29507"
-175,-44,0.79,"Scomber japonicus","Fis-29507"
-75,-44,0.99,"Scomber japonicus","Fis-29507"
-74.5,-44,0.95,"Scomber japonicus","Fis-29507"
-74,-44,0.91,"Scomber japonicus","Fis-29507"
-73.5,-44,0.89,"Scomber japonicus","Fis-29507"
-73,-44,0.89,"Scomber japonicus","Fis-29507"
-72.5,-44,0.77,"Scomber japonicus","Fis-29507"
168.5,-44,0.84,"Scomber japonicus","Fis-29507"
169,-44,0.85,"Scomber japonicus","Fis-29507"
169.5,-44,0.86,"Scomber japonicus","Fis-29507"
170,-44,0.89,"Scomber japonicus","Fis-29507"
172,-44,0.42,"Scomber japonicus","Fis-29507"
172.5,-44,0.95,"Scomber japonicus","Fis-29507"
173,-44,1,"Scomber japonicus","Fis-29507"
173.5,-44,1,"Scomber japonicus","Fis-29507"
174,-44,1,"Scomber japonicus","Fis-29507"
174.5,-44,1,"Scomber japonicus","Fis-29507"
175.5,-44,1,"Scomber japonicus","Fis-29507"
176,-44,1,"Scomber japonicus","Fis-29507"
177,-44,0.96,"Scomber japonicus","Fis-29507"
177.5,-44,0.47,"Scomber japonicus","Fis-29507"
178,-44,0.67,"Scomber japonicus","Fis-29507"
-179,-44.5,0.55,"Scomber japonicus","Fis-29507"
-177,-44.5,1,"Scomber japonicus","Fis-29507"
-176.5,-44.5,1,"Scomber japonicus","Fis-29507"
-176,-44.5,1,"Scomber japonicus","Fis-29507"
-175.5,-44.5,1,"Scomber japonicus","Fis-29507"
-175,-44.5,0.94,"Scomber japonicus","Fis-29507"
-75,-44.5,0.96,"Scomber japonicus","Fis-29507"
-74.5,-44.5,0.91,"Scomber japonicus","Fis-29507"
-74,-44.5,0.86,"Scomber japonicus","Fis-29507"
-73.5,-44.5,0.86,"Scomber japonicus","Fis-29507"
-73,-44.5,0.89,"Scomber japonicus","Fis-29507"
-72.5,-44.5,0.9,"Scomber japonicus","Fis-29507"
168,-44.5,0.86,"Scomber japonicus","Fis-29507"
168.5,-44.5,0.89,"Scomber japonicus","Fis-29507"
171.5,-44.5,1,"Scomber japonicus","Fis-29507"
172,-44.5,0.88,"Scomber japonicus","Fis-29507"
172.5,-44.5,1,"Scomber japonicus","Fis-29507"
173,-44.5,1,"Scomber japonicus","Fis-29507"
173.5,-44.5,1,"Scomber japonicus","Fis-29507"
174,-44.5,0.97,"Scomber japonicus","Fis-29507"
176,-44.5,1,"Scomber japonicus","Fis-29507"
176.5,-44.5,0.99,"Scomber japonicus","Fis-29507"
-176,-45,1,"Scomber japonicus","Fis-29507"
-75,-45,0.94,"Scomber japonicus","Fis-29507"
-74.5,-45,0.9,"Scomber japonicus","Fis-29507"
-74,-45,0.87,"Scomber japonicus","Fis-29507"
-73.5,-45,0.86,"Scomber japonicus","Fis-29507"
-73,-45,0.87,"Scomber japonicus","Fis-29507"
-72.5,-45,0.88,"Scomber japonicus","Fis-29507"
167.5,-45,0.9,"Scomber japonicus","Fis-29507"
168,-45,0.93,"Scomber japonicus","Fis-29507"
171.5,-45,1,"Scomber japonicus","Fis-29507"
172,-45,1,"Scomber japonicus","Fis-29507"
172.5,-45,0.97,"Scomber japonicus","Fis-29507"
173,-45,0.91,"Scomber japonicus","Fis-29507"
174,-45,0.88,"Scomber japonicus","Fis-29507"
-157.5,-45.5,0.48,"Scomber japonicus","Fis-29507"
-75,-45.5,0.94,"Scomber japonicus","Fis-29507"
-74.5,-45.5,0.91,"Scomber japonicus","Fis-29507"
-74,-45.5,0.87,"Scomber japonicus","Fis-29507"
-73.5,-45.5,0.84,"Scomber japonicus","Fis-29507"
-73,-45.5,0.85,"Scomber japonicus","Fis-29507"
-72.5,-45.5,0.02,"Scomber japonicus","Fis-29507"
167,-45.5,0.91,"Scomber japonicus","Fis-29507"
167.5,-45.5,0.95,"Scomber japonicus","Fis-29507"
171,-45.5,1,"Scomber japonicus","Fis-29507"
171.5,-45.5,0.99,"Scomber japonicus","Fis-29507"
172,-45.5,0.9,"Scomber japonicus","Fis-29507"
-75.5,-46,0.11,"Scomber japonicus","Fis-29507"
-75,-46,0.91,"Scomber japonicus","Fis-29507"
-74.5,-46,0.89,"Scomber japonicus","Fis-29507"
-74,-46,0.85,"Scomber japonicus","Fis-29507"
-73.5,-46,0.83,"Scomber japonicus","Fis-29507"
-73,-46,0.84,"Scomber japonicus","Fis-29507"
166.5,-46,0.93,"Scomber japonicus","Fis-29507"
167,-46,0.94,"Scomber japonicus","Fis-29507"
167.5,-46,0.02,"Scomber japonicus","Fis-29507"
170.5,-46,1,"Scomber japonicus","Fis-29507"
171,-46,0.98,"Scomber japonicus","Fis-29507"
171.5,-46,0.88,"Scomber japonicus","Fis-29507"
-83.5,-46.5,0.76,"Scomber japonicus","Fis-29507"
-75.5,-46.5,0.91,"Scomber japonicus","Fis-29507"
-75,-46.5,0.9,"Scomber japonicus","Fis-29507"
-74.5,-46.5,0.87,"Scomber japonicus","Fis-29507"
-74,-46.5,0.02,"Scomber japonicus","Fis-29507"
-73.5,-46.5,0.82,"Scomber japonicus","Fis-29507"
-73,-46.5,0.02,"Scomber japonicus","Fis-29507"
166,-46.5,0.95,"Scomber japonicus","Fis-29507"
166.5,-46.5,0.97,"Scomber japonicus","Fis-29507"
167,-46.5,1,"Scomber japonicus","Fis-29507"
167.5,-46.5,1,"Scomber japonicus","Fis-29507"
168,-46.5,1,"Scomber japonicus","Fis-29507"
168.5,-46.5,1,"Scomber japonicus","Fis-29507"
170,-46.5,1,"Scomber japonicus","Fis-29507"
170.5,-46.5,0.97,"Scomber japonicus","Fis-29507"
171,-46.5,0.88,"Scomber japonicus","Fis-29507"
171.5,-46.5,0.25,"Scomber japonicus","Fis-29507"
-75.5,-47,0.88,"Scomber japonicus","Fis-29507"
-75,-47,0.88,"Scomber japonicus","Fis-29507"
-74.5,-47,0.87,"Scomber japonicus","Fis-29507"
-74,-47,0.84,"Scomber japonicus","Fis-29507"
-73.5,-47,0.81,"Scomber japonicus","Fis-29507"
166,-47,0.97,"Scomber japonicus","Fis-29507"
166.5,-47,0.97,"Scomber japonicus","Fis-29507"
167,-47,0.99,"Scomber japonicus","Fis-29507"
167.5,-47,1,"Scomber japonicus","Fis-29507"
168,-47,1,"Scomber japonicus","Fis-29507"
168.5,-47,0.95,"Scomber japonicus","Fis-29507"
169,-47,1,"Scomber japonicus","Fis-29507"
169.5,-47,0.98,"Scomber japonicus","Fis-29507"
170,-47,0.92,"Scomber japonicus","Fis-29507"
170.5,-47,0.83,"Scomber japonicus","Fis-29507"
-179.5,-47.5,0.72,"Scomber japonicus","Fis-29507"
-75.5,-47.5,0.53,"Scomber japonicus","Fis-29507"
-75,-47.5,0.87,"Scomber japonicus","Fis-29507"
-74.5,-47.5,0.86,"Scomber japonicus","Fis-29507"
-74,-47.5,0.74,"Scomber japonicus","Fis-29507"
-73.5,-47.5,0.02,"Scomber japonicus","Fis-29507"
-73,-47.5,0.02,"Scomber japonicus","Fis-29507"
166.5,-47.5,1,"Scomber japonicus","Fis-29507"
167,-47.5,0.99,"Scomber japonicus","Fis-29507"
167.5,-47.5,1,"Scomber japonicus","Fis-29507"
168,-47.5,1,"Scomber japonicus","Fis-29507"
168.5,-47.5,1,"Scomber japonicus","Fis-29507"
169,-47.5,0.97,"Scomber japonicus","Fis-29507"
169.5,-47.5,0.88,"Scomber japonicus","Fis-29507"
170,-47.5,0.79,"Scomber japonicus","Fis-29507"
179,-47.5,0.8,"Scomber japonicus","Fis-29507"
179.5,-47.5,0.79,"Scomber japonicus","Fis-29507"
