"long_dd","lat_dd","poccur","species","aquamaps_id"
-134,54.5,0.07,"Seriola lalandi","Fis-29523"
-133.5,54.5,0.04,"Seriola lalandi","Fis-29523"
-133,54.5,0.02,"Seriola lalandi","Fis-29523"
-132.5,54.5,0.01,"Seriola lalandi","Fis-29523"
-132,54.5,0.03,"Seriola lalandi","Fis-29523"
-131.5,54.5,0.04,"Seriola lalandi","Fis-29523"
-131,54.5,0.04,"Seriola lalandi","Fis-29523"
-130.5,54.5,0.03,"Seriola lalandi","Fis-29523"
-130,54.5,0.01,"Seriola lalandi","Fis-29523"
-129.5,54.5,0.01,"Seriola lalandi","Fis-29523"
-133.5,54,0.08,"Seriola lalandi","Fis-29523"
-133,54,0.06,"Seriola lalandi","Fis-29523"
-132.5,54,0.03,"Seriola lalandi","Fis-29523"
-132,54,0.03,"Seriola lalandi","Fis-29523"
-131.5,54,0.04,"Seriola lalandi","Fis-29523"
-131,54,0.05,"Seriola lalandi","Fis-29523"
-130.5,54,0.04,"Seriola lalandi","Fis-29523"
-130,54,0.02,"Seriola lalandi","Fis-29523"
-129.5,54,0.01,"Seriola lalandi","Fis-29523"
-133.5,53.5,0.1,"Seriola lalandi","Fis-29523"
-133,53.5,0.1,"Seriola lalandi","Fis-29523"
-132.5,53.5,0.08,"Seriola lalandi","Fis-29523"
-132,53.5,0.07,"Seriola lalandi","Fis-29523"
-131.5,53.5,0.09,"Seriola lalandi","Fis-29523"
-131,53.5,0.06,"Seriola lalandi","Fis-29523"
-130.5,53.5,0.06,"Seriola lalandi","Fis-29523"
-130,53.5,0.04,"Seriola lalandi","Fis-29523"
-129.5,53.5,0.01,"Seriola lalandi","Fis-29523"
-129,53.5,0.04,"Seriola lalandi","Fis-29523"
-128.5,53.5,0.03,"Seriola lalandi","Fis-29523"
-135.5,53,0.07,"Seriola lalandi","Fis-29523"
-133,53,0.12,"Seriola lalandi","Fis-29523"
-132.5,53,0.11,"Seriola lalandi","Fis-29523"
-132,53,0.1,"Seriola lalandi","Fis-29523"
-131.5,53,0.11,"Seriola lalandi","Fis-29523"
-131,53,0.06,"Seriola lalandi","Fis-29523"
-130.5,53,0.09,"Seriola lalandi","Fis-29523"
-130,53,0.07,"Seriola lalandi","Fis-29523"
-129.5,53,0.05,"Seriola lalandi","Fis-29523"
-129,53,0.06,"Seriola lalandi","Fis-29523"
-132,52.5,0.12,"Seriola lalandi","Fis-29523"
-131.5,52.5,0.11,"Seriola lalandi","Fis-29523"
-131,52.5,0.11,"Seriola lalandi","Fis-29523"
-130.5,52.5,0.12,"Seriola lalandi","Fis-29523"
-130,52.5,0.12,"Seriola lalandi","Fis-29523"
-129.5,52.5,0.1,"Seriola lalandi","Fis-29523"
-129,52.5,0.08,"Seriola lalandi","Fis-29523"
-128.5,52.5,0.08,"Seriola lalandi","Fis-29523"
-128,52.5,0.1,"Seriola lalandi","Fis-29523"
-131.5,52,0.13,"Seriola lalandi","Fis-29523"
-131,52,0.12,"Seriola lalandi","Fis-29523"
-130.5,52,0.14,"Seriola lalandi","Fis-29523"
-130,52,0.15,"Seriola lalandi","Fis-29523"
-129.5,52,0.15,"Seriola lalandi","Fis-29523"
-129,52,0.13,"Seriola lalandi","Fis-29523"
-128.5,52,0.13,"Seriola lalandi","Fis-29523"
-128,52,0.12,"Seriola lalandi","Fis-29523"
-127.5,52,0.1,"Seriola lalandi","Fis-29523"
-131,51.5,0.13,"Seriola lalandi","Fis-29523"
-130.5,51.5,0.15,"Seriola lalandi","Fis-29523"
-130,51.5,0.17,"Seriola lalandi","Fis-29523"
-129.5,51.5,0.17,"Seriola lalandi","Fis-29523"
-129,51.5,0.16,"Seriola lalandi","Fis-29523"
-128.5,51.5,0.15,"Seriola lalandi","Fis-29523"
-128,51.5,0.13,"Seriola lalandi","Fis-29523"
-127.5,51.5,0.1,"Seriola lalandi","Fis-29523"
-130,51,0.18,"Seriola lalandi","Fis-29523"
-129.5,51,0.19,"Seriola lalandi","Fis-29523"
-129,51,0.18,"Seriola lalandi","Fis-29523"
-128.5,51,0.16,"Seriola lalandi","Fis-29523"
-128,51,0.14,"Seriola lalandi","Fis-29523"
-127.5,51,0.1,"Seriola lalandi","Fis-29523"
-127,51,0.02,"Seriola lalandi","Fis-29523"
-129.5,50.5,0.19,"Seriola lalandi","Fis-29523"
-129,50.5,0.17,"Seriola lalandi","Fis-29523"
-128.5,50.5,0.15,"Seriola lalandi","Fis-29523"
-128,50.5,0.13,"Seriola lalandi","Fis-29523"
-127.5,50.5,0.07,"Seriola lalandi","Fis-29523"
-127,50.5,0.03,"Seriola lalandi","Fis-29523"
-126.5,50.5,0.03,"Seriola lalandi","Fis-29523"
-126,50.5,0.04,"Seriola lalandi","Fis-29523"
-128,50,0.17,"Seriola lalandi","Fis-29523"
-127.5,50,0.13,"Seriola lalandi","Fis-29523"
-127,50,0.05,"Seriola lalandi","Fis-29523"
-126,50,0.08,"Seriola lalandi","Fis-29523"
-125.5,50,0.08,"Seriola lalandi","Fis-29523"
-125,50,0.09,"Seriola lalandi","Fis-29523"
-124.5,50,0.11,"Seriola lalandi","Fis-29523"
-128,49.5,0.02,"Seriola lalandi","Fis-29523"
-127.5,49.5,0.19,"Seriola lalandi","Fis-29523"
-127,49.5,0.16,"Seriola lalandi","Fis-29523"
-126.5,49.5,0.13,"Seriola lalandi","Fis-29523"
-125,49.5,0.13,"Seriola lalandi","Fis-29523"
-124.5,49.5,0.16,"Seriola lalandi","Fis-29523"
-124,49.5,0.17,"Seriola lalandi","Fis-29523"
-123.5,49.5,0.07,"Seriola lalandi","Fis-29523"
-127,49,0.22,"Seriola lalandi","Fis-29523"
-126.5,49,0.19,"Seriola lalandi","Fis-29523"
-126,49,0.16,"Seriola lalandi","Fis-29523"
-125.5,49,0.16,"Seriola lalandi","Fis-29523"
-124.5,49,0.17,"Seriola lalandi","Fis-29523"
-124,49,0.17,"Seriola lalandi","Fis-29523"
-123.5,49,0.18,"Seriola lalandi","Fis-29523"
-123,49,0.15,"Seriola lalandi","Fis-29523"
-122.5,49,0.02,"Seriola lalandi","Fis-29523"
-126.5,48.5,0.24,"Seriola lalandi","Fis-29523"
-126,48.5,0.21,"Seriola lalandi","Fis-29523"
-125.5,48.5,0.18,"Seriola lalandi","Fis-29523"
-125,48.5,0.15,"Seriola lalandi","Fis-29523"
-124.5,48.5,0.15,"Seriola lalandi","Fis-29523"
-124,48.5,0.12,"Seriola lalandi","Fis-29523"
-123.5,48.5,0.04,"Seriola lalandi","Fis-29523"
-123,48.5,0.1,"Seriola lalandi","Fis-29523"
-122.5,48.5,0.09,"Seriola lalandi","Fis-29523"
-122,48.5,0.02,"Seriola lalandi","Fis-29523"
-132.5,48,0.12,"Seriola lalandi","Fis-29523"
-126,48,0.27,"Seriola lalandi","Fis-29523"
-125.5,48,0.23,"Seriola lalandi","Fis-29523"
-125,48,0.18,"Seriola lalandi","Fis-29523"
-124.5,48,0.11,"Seriola lalandi","Fis-29523"
-124,48,0.06,"Seriola lalandi","Fis-29523"
-123.5,48,0.04,"Seriola lalandi","Fis-29523"
-123,48,0.03,"Seriola lalandi","Fis-29523"
-122.5,48,0.04,"Seriola lalandi","Fis-29523"
-122,48,0.06,"Seriola lalandi","Fis-29523"
-125.5,47.5,0.29,"Seriola lalandi","Fis-29523"
-125,47.5,0.24,"Seriola lalandi","Fis-29523"
-124.5,47.5,0.19,"Seriola lalandi","Fis-29523"
-124,47.5,0.06,"Seriola lalandi","Fis-29523"
-122.5,47.5,0.03,"Seriola lalandi","Fis-29523"
-122,47.5,0.06,"Seriola lalandi","Fis-29523"
-125,47,0.12,"Seriola lalandi","Fis-29523"
-124.5,47,0.22,"Seriola lalandi","Fis-29523"
-124,47,0.15,"Seriola lalandi","Fis-29523"
-122,47,0.07,"Seriola lalandi","Fis-29523"
-43.5,47,0.01,"Seriola lalandi","Fis-29523"
-131,46.5,0.17,"Seriola lalandi","Fis-29523"
-130.5,46.5,0.3,"Seriola lalandi","Fis-29523"
-125,46.5,0.19,"Seriola lalandi","Fis-29523"
-124.5,46.5,0.28,"Seriola lalandi","Fis-29523"
-124,46.5,0.1,"Seriola lalandi","Fis-29523"
-123.5,46.5,0.07,"Seriola lalandi","Fis-29523"
-44,46.5,0.03,"Seriola lalandi","Fis-29523"
-43.5,46.5,0.12,"Seriola lalandi","Fis-29523"
-130,46,0.18,"Seriola lalandi","Fis-29523"
-124.5,46,0.23,"Seriola lalandi","Fis-29523"
-124,46,0.06,"Seriola lalandi","Fis-29523"
-123.5,46,0.05,"Seriola lalandi","Fis-29523"
-45.5,46,0.03,"Seriola lalandi","Fis-29523"
-45,46,0.08,"Seriola lalandi","Fis-29523"
-44.5,46,0.09,"Seriola lalandi","Fis-29523"
-125,45.5,0.02,"Seriola lalandi","Fis-29523"
-124.5,45.5,0.32,"Seriola lalandi","Fis-29523"
-124,45.5,0.12,"Seriola lalandi","Fis-29523"
-123.5,45.5,0.09,"Seriola lalandi","Fis-29523"
-46.5,45.5,0.02,"Seriola lalandi","Fis-29523"
-46,45.5,0.04,"Seriola lalandi","Fis-29523"
-124.5,45,0.33,"Seriola lalandi","Fis-29523"
-124,45,0.18,"Seriola lalandi","Fis-29523"
-123.5,45,0.11,"Seriola lalandi","Fis-29523"
-125,44.5,0.1,"Seriola lalandi","Fis-29523"
-124.5,44.5,0.26,"Seriola lalandi","Fis-29523"
-124,44.5,0.19,"Seriola lalandi","Fis-29523"
140.5,44.5,0.31,"Seriola lalandi","Fis-29523"
141,44.5,0.39,"Seriola lalandi","Fis-29523"
-124.5,44,0.26,"Seriola lalandi","Fis-29523"
-124,44,0.19,"Seriola lalandi","Fis-29523"
-68.5,44,0.02,"Seriola lalandi","Fis-29523"
-68,44,0.01,"Seriola lalandi","Fis-29523"
-67.5,44,0.02,"Seriola lalandi","Fis-29523"
139.5,44,0.08,"Seriola lalandi","Fis-29523"
140,44,0.22,"Seriola lalandi","Fis-29523"
140.5,44,0.34,"Seriola lalandi","Fis-29523"
141,44,0.39,"Seriola lalandi","Fis-29523"
141.5,44,0.44,"Seriola lalandi","Fis-29523"
-124.5,43.5,0.29,"Seriola lalandi","Fis-29523"
-124,43.5,0.19,"Seriola lalandi","Fis-29523"
-70,43.5,0.12,"Seriola lalandi","Fis-29523"
-69.5,43.5,0.14,"Seriola lalandi","Fis-29523"
-69,43.5,0.12,"Seriola lalandi","Fis-29523"
-68.5,43.5,0.1,"Seriola lalandi","Fis-29523"
-68,43.5,0.11,"Seriola lalandi","Fis-29523"
-58.5,43.5,0.13,"Seriola lalandi","Fis-29523"
-52.5,43.5,0.25,"Seriola lalandi","Fis-29523"
-52,43.5,0.2,"Seriola lalandi","Fis-29523"
-51.5,43.5,0.15,"Seriola lalandi","Fis-29523"
-51,43.5,0.11,"Seriola lalandi","Fis-29523"
-50.5,43.5,0.07,"Seriola lalandi","Fis-29523"
-50,43.5,0.04,"Seriola lalandi","Fis-29523"
-48.5,43.5,0.09,"Seriola lalandi","Fis-29523"
140,43.5,0.17,"Seriola lalandi","Fis-29523"
140.5,43.5,0.36,"Seriola lalandi","Fis-29523"
141,43.5,0.47,"Seriola lalandi","Fis-29523"
141.5,43.5,0.46,"Seriola lalandi","Fis-29523"
-124.5,43,0.23,"Seriola lalandi","Fis-29523"
-124,43,0.18,"Seriola lalandi","Fis-29523"
-70,43,0.23,"Seriola lalandi","Fis-29523"
-69.5,43,0.25,"Seriola lalandi","Fis-29523"
-69,43,0.21,"Seriola lalandi","Fis-29523"
-68.5,43,0.16,"Seriola lalandi","Fis-29523"
-68,43,0.13,"Seriola lalandi","Fis-29523"
-67.5,43,0.11,"Seriola lalandi","Fis-29523"
-67,43,0.09,"Seriola lalandi","Fis-29523"
-51.5,43,0.27,"Seriola lalandi","Fis-29523"
-51,43,0.17,"Seriola lalandi","Fis-29523"
-50.5,43,0.11,"Seriola lalandi","Fis-29523"
-50,43,0.06,"Seriola lalandi","Fis-29523"
-49.5,43,0.04,"Seriola lalandi","Fis-29523"
-49,43,0.09,"Seriola lalandi","Fis-29523"
140,43,0.08,"Seriola lalandi","Fis-29523"
140.5,43,0.52,"Seriola lalandi","Fis-29523"
141,43,0.49,"Seriola lalandi","Fis-29523"
141.5,43,0.41,"Seriola lalandi","Fis-29523"
-124.5,42.5,0.19,"Seriola lalandi","Fis-29523"
-124,42.5,0.16,"Seriola lalandi","Fis-29523"
-70.5,42.5,0.24,"Seriola lalandi","Fis-29523"
-70,42.5,0.28,"Seriola lalandi","Fis-29523"
-69.5,42.5,0.25,"Seriola lalandi","Fis-29523"
-69,42.5,0.2,"Seriola lalandi","Fis-29523"
-68.5,42.5,0.18,"Seriola lalandi","Fis-29523"
-68,42.5,0.17,"Seriola lalandi","Fis-29523"
-67.5,42.5,0.15,"Seriola lalandi","Fis-29523"
-67,42.5,0.12,"Seriola lalandi","Fis-29523"
-66.5,42.5,0.1,"Seriola lalandi","Fis-29523"
-63,42.5,0.25,"Seriola lalandi","Fis-29523"
-62.5,42.5,0.3,"Seriola lalandi","Fis-29523"
-62,42.5,0.33,"Seriola lalandi","Fis-29523"
-61.5,42.5,0.34,"Seriola lalandi","Fis-29523"
-50.5,42.5,0.27,"Seriola lalandi","Fis-29523"
-50,42.5,0.23,"Seriola lalandi","Fis-29523"
-49.5,42.5,0.23,"Seriola lalandi","Fis-29523"
140,42.5,0.52,"Seriola lalandi","Fis-29523"
140.5,42.5,0.49,"Seriola lalandi","Fis-29523"
141,42.5,0.35,"Seriola lalandi","Fis-29523"
141.5,42.5,0.37,"Seriola lalandi","Fis-29523"
-124.5,42,0.19,"Seriola lalandi","Fis-29523"
-124,42,0.15,"Seriola lalandi","Fis-29523"
-70.5,42,0.22,"Seriola lalandi","Fis-29523"
-70,42,0.29,"Seriola lalandi","Fis-29523"
-69.5,42,0.31,"Seriola lalandi","Fis-29523"
-69,42,0.26,"Seriola lalandi","Fis-29523"
-68.5,42,0.26,"Seriola lalandi","Fis-29523"
-68,42,0.3,"Seriola lalandi","Fis-29523"
-67.5,42,0.27,"Seriola lalandi","Fis-29523"
-67,42,0.23,"Seriola lalandi","Fis-29523"
-66.5,42,0.2,"Seriola lalandi","Fis-29523"
-66,42,0.17,"Seriola lalandi","Fis-29523"
-65.5,42,0.18,"Seriola lalandi","Fis-29523"
-65,42,0.24,"Seriola lalandi","Fis-29523"
-64.5,42,0.32,"Seriola lalandi","Fis-29523"
139.5,42,0.61,"Seriola lalandi","Fis-29523"
140,42,0.63,"Seriola lalandi","Fis-29523"
140.5,42,0.46,"Seriola lalandi","Fis-29523"
141,42,0.34,"Seriola lalandi","Fis-29523"
141.5,42,0.32,"Seriola lalandi","Fis-29523"
142,42,0.29,"Seriola lalandi","Fis-29523"
142.5,42,0.26,"Seriola lalandi","Fis-29523"
-124.5,41.5,0.23,"Seriola lalandi","Fis-29523"
-124,41.5,0.13,"Seriola lalandi","Fis-29523"
-71,41.5,0.01,"Seriola lalandi","Fis-29523"
-70.5,41.5,0.2,"Seriola lalandi","Fis-29523"
-70,41.5,0.32,"Seriola lalandi","Fis-29523"
-69.5,41.5,0.29,"Seriola lalandi","Fis-29523"
-69,41.5,0.3,"Seriola lalandi","Fis-29523"
-68.5,41.5,0.34,"Seriola lalandi","Fis-29523"
-68,41.5,0.31,"Seriola lalandi","Fis-29523"
-67.5,41.5,0.28,"Seriola lalandi","Fis-29523"
-67,41.5,0.15,"Seriola lalandi","Fis-29523"
-66.5,41.5,0.19,"Seriola lalandi","Fis-29523"
-66,41.5,0.26,"Seriola lalandi","Fis-29523"
-65.5,41.5,0.35,"Seriola lalandi","Fis-29523"
139.5,41.5,0.68,"Seriola lalandi","Fis-29523"
140,41.5,0.7,"Seriola lalandi","Fis-29523"
140.5,41.5,0.63,"Seriola lalandi","Fis-29523"
141,41.5,0.59,"Seriola lalandi","Fis-29523"
141.5,41.5,0.48,"Seriola lalandi","Fis-29523"
142,41.5,0.41,"Seriola lalandi","Fis-29523"
-124.5,41,0.28,"Seriola lalandi","Fis-29523"
-124,41,0.15,"Seriola lalandi","Fis-29523"
-72.5,41,0.24,"Seriola lalandi","Fis-29523"
-72,41,0.2,"Seriola lalandi","Fis-29523"
-71.5,41,0.4,"Seriola lalandi","Fis-29523"
-71,41,0.2,"Seriola lalandi","Fis-29523"
-70.5,41,0.38,"Seriola lalandi","Fis-29523"
-70,41,0.12,"Seriola lalandi","Fis-29523"
-69.5,41,0.09,"Seriola lalandi","Fis-29523"
-69,41,0.31,"Seriola lalandi","Fis-29523"
-68.5,41,0.33,"Seriola lalandi","Fis-29523"
-68,41,0.26,"Seriola lalandi","Fis-29523"
-67.5,41,0.17,"Seriola lalandi","Fis-29523"
-67,41,0.22,"Seriola lalandi","Fis-29523"
-66.5,41,0.34,"Seriola lalandi","Fis-29523"
-66,41,0.45,"Seriola lalandi","Fis-29523"
-65.5,41,0.61,"Seriola lalandi","Fis-29523"
140,41,0.8,"Seriola lalandi","Fis-29523"
140.5,41,0.76,"Seriola lalandi","Fis-29523"
141,41,0.64,"Seriola lalandi","Fis-29523"
141.5,41,0.57,"Seriola lalandi","Fis-29523"
-124.5,40.5,0.26,"Seriola lalandi","Fis-29523"
-124,40.5,0.17,"Seriola lalandi","Fis-29523"
-73,40.5,0.5,"Seriola lalandi","Fis-29523"
-72.5,40.5,0.21,"Seriola lalandi","Fis-29523"
-72,40.5,0.29,"Seriola lalandi","Fis-29523"
-71.5,40.5,0.39,"Seriola lalandi","Fis-29523"
-71,40.5,0.45,"Seriola lalandi","Fis-29523"
-70.5,40.5,0.42,"Seriola lalandi","Fis-29523"
-70,40.5,0.3,"Seriola lalandi","Fis-29523"
-69.5,40.5,0.27,"Seriola lalandi","Fis-29523"
-69,40.5,0.29,"Seriola lalandi","Fis-29523"
-68.5,40.5,0.34,"Seriola lalandi","Fis-29523"
-68,40.5,0.43,"Seriola lalandi","Fis-29523"
-67.5,40.5,0.46,"Seriola lalandi","Fis-29523"
-67,40.5,0.54,"Seriola lalandi","Fis-29523"
-66.5,40.5,0.66,"Seriola lalandi","Fis-29523"
-66,40.5,0.79,"Seriola lalandi","Fis-29523"
129.5,40.5,0.43,"Seriola lalandi","Fis-29523"
130,40.5,0.41,"Seriola lalandi","Fis-29523"
140,40.5,0.86,"Seriola lalandi","Fis-29523"
140.5,40.5,0.77,"Seriola lalandi","Fis-29523"
141,40.5,0.45,"Seriola lalandi","Fis-29523"
141.5,40.5,0.4,"Seriola lalandi","Fis-29523"
-124.5,40,0.27,"Seriola lalandi","Fis-29523"
-124,40,0.21,"Seriola lalandi","Fis-29523"
-73.5,40,0.28,"Seriola lalandi","Fis-29523"
-73,40,0.45,"Seriola lalandi","Fis-29523"
-72.5,40,0.37,"Seriola lalandi","Fis-29523"
-72,40,0.5,"Seriola lalandi","Fis-29523"
-71.5,40,0.68,"Seriola lalandi","Fis-29523"
-71,40,0.7,"Seriola lalandi","Fis-29523"
-70.5,40,0.7,"Seriola lalandi","Fis-29523"
-70,40,0.67,"Seriola lalandi","Fis-29523"
-69.5,40,0.63,"Seriola lalandi","Fis-29523"
-69,40,0.64,"Seriola lalandi","Fis-29523"
-68.5,40,0.71,"Seriola lalandi","Fis-29523"
-68,40,0.78,"Seriola lalandi","Fis-29523"
-67.5,40,0.86,"Seriola lalandi","Fis-29523"
-67,40,0.93,"Seriola lalandi","Fis-29523"
129,40,0.49,"Seriola lalandi","Fis-29523"
129.5,40,0.49,"Seriola lalandi","Fis-29523"
130,40,0.1,"Seriola lalandi","Fis-29523"
134,40,0.07,"Seriola lalandi","Fis-29523"
134.5,40,0.41,"Seriola lalandi","Fis-29523"
135,40,0.1,"Seriola lalandi","Fis-29523"
135.5,40,0.27,"Seriola lalandi","Fis-29523"
136,40,0.07,"Seriola lalandi","Fis-29523"
140,40,0.9,"Seriola lalandi","Fis-29523"
140.5,40,0.33,"Seriola lalandi","Fis-29523"
142,40,0.55,"Seriola lalandi","Fis-29523"
143,40,0.11,"Seriola lalandi","Fis-29523"
-124,39.5,0.26,"Seriola lalandi","Fis-29523"
-123.5,39.5,0.17,"Seriola lalandi","Fis-29523"
-76,39.5,0.12,"Seriola lalandi","Fis-29523"
-74,39.5,0.27,"Seriola lalandi","Fis-29523"
-73.5,39.5,0.22,"Seriola lalandi","Fis-29523"
-73,39.5,0.48,"Seriola lalandi","Fis-29523"
-72.5,39.5,0.71,"Seriola lalandi","Fis-29523"
-72,39.5,0.81,"Seriola lalandi","Fis-29523"
-71.5,39.5,0.88,"Seriola lalandi","Fis-29523"
-71,39.5,0.94,"Seriola lalandi","Fis-29523"
-70.5,39.5,0.97,"Seriola lalandi","Fis-29523"
-70,39.5,0.98,"Seriola lalandi","Fis-29523"
-69.5,39.5,0.98,"Seriola lalandi","Fis-29523"
-69,39.5,1,"Seriola lalandi","Fis-29523"
123.5,39.5,0.22,"Seriola lalandi","Fis-29523"
124,39.5,0.32,"Seriola lalandi","Fis-29523"
124.5,39.5,0.22,"Seriola lalandi","Fis-29523"
128,39.5,0.52,"Seriola lalandi","Fis-29523"
128.5,39.5,0.56,"Seriola lalandi","Fis-29523"
129,39.5,0.58,"Seriola lalandi","Fis-29523"
133.5,39.5,0.06,"Seriola lalandi","Fis-29523"
134,39.5,0.62,"Seriola lalandi","Fis-29523"
134.5,39.5,0.49,"Seriola lalandi","Fis-29523"
135,39.5,0.36,"Seriola lalandi","Fis-29523"
135.5,39.5,0.62,"Seriola lalandi","Fis-29523"
136,39.5,0.4,"Seriola lalandi","Fis-29523"
136.5,39.5,0.24,"Seriola lalandi","Fis-29523"
139,39.5,0.6,"Seriola lalandi","Fis-29523"
139.5,39.5,0.68,"Seriola lalandi","Fis-29523"
140,39.5,0.93,"Seriola lalandi","Fis-29523"
140.5,39.5,0.47,"Seriola lalandi","Fis-29523"
142,39.5,0.62,"Seriola lalandi","Fis-29523"
142.5,39.5,0.57,"Seriola lalandi","Fis-29523"
143,39.5,0.18,"Seriola lalandi","Fis-29523"
-124,39,0.15,"Seriola lalandi","Fis-29523"
-123.5,39,0.21,"Seriola lalandi","Fis-29523"
-76,39,0.11,"Seriola lalandi","Fis-29523"
-75,39,0.3,"Seriola lalandi","Fis-29523"
-74.5,39,0.1,"Seriola lalandi","Fis-29523"
-74,39,0.66,"Seriola lalandi","Fis-29523"
-73.5,39,0.36,"Seriola lalandi","Fis-29523"
-73,39,0.59,"Seriola lalandi","Fis-29523"
-72.5,39,0.88,"Seriola lalandi","Fis-29523"
-72,39,0.98,"Seriola lalandi","Fis-29523"
-71.5,39,0.58,"Seriola lalandi","Fis-29523"
122.5,39,0.14,"Seriola lalandi","Fis-29523"
123,39,0.15,"Seriola lalandi","Fis-29523"
123.5,39,0.26,"Seriola lalandi","Fis-29523"
124,39,0.25,"Seriola lalandi","Fis-29523"
124.5,39,0.19,"Seriola lalandi","Fis-29523"
128,39,0.58,"Seriola lalandi","Fis-29523"
128.5,39,0.64,"Seriola lalandi","Fis-29523"
134,39,0.58,"Seriola lalandi","Fis-29523"
134.5,39,0.71,"Seriola lalandi","Fis-29523"
135,39,0.73,"Seriola lalandi","Fis-29523"
135.5,39,0.72,"Seriola lalandi","Fis-29523"
136,39,0.75,"Seriola lalandi","Fis-29523"
139,39,0.96,"Seriola lalandi","Fis-29523"
139.5,39,0.96,"Seriola lalandi","Fis-29523"
140,39,0.96,"Seriola lalandi","Fis-29523"
140.5,39,0.48,"Seriola lalandi","Fis-29523"
142,39,0.67,"Seriola lalandi","Fis-29523"
142.5,39,0.66,"Seriola lalandi","Fis-29523"
-123.5,38.5,0.23,"Seriola lalandi","Fis-29523"
-123,38.5,0.16,"Seriola lalandi","Fis-29523"
-76.5,38.5,0.02,"Seriola lalandi","Fis-29523"
-76,38.5,0.14,"Seriola lalandi","Fis-29523"
-75,38.5,0.18,"Seriola lalandi","Fis-29523"
-74.5,38.5,0.22,"Seriola lalandi","Fis-29523"
-74,38.5,0.47,"Seriola lalandi","Fis-29523"
-73.5,38.5,0.84,"Seriola lalandi","Fis-29523"
-73,38.5,0.94,"Seriola lalandi","Fis-29523"
-72.5,38.5,1,"Seriola lalandi","Fis-29523"
120,38.5,0.13,"Seriola lalandi","Fis-29523"
122,38.5,0.34,"Seriola lalandi","Fis-29523"
122.5,38.5,0.16,"Seriola lalandi","Fis-29523"
123,38.5,0.15,"Seriola lalandi","Fis-29523"
123.5,38.5,0.19,"Seriola lalandi","Fis-29523"
124,38.5,0.26,"Seriola lalandi","Fis-29523"
124.5,38.5,0.27,"Seriola lalandi","Fis-29523"
125.5,38.5,0.3,"Seriola lalandi","Fis-29523"
128,38.5,0.13,"Seriola lalandi","Fis-29523"
128.5,38.5,0.71,"Seriola lalandi","Fis-29523"
129,38.5,0.78,"Seriola lalandi","Fis-29523"
134,38.5,0.24,"Seriola lalandi","Fis-29523"
134.5,38.5,0.81,"Seriola lalandi","Fis-29523"
137,38.5,0.67,"Seriola lalandi","Fis-29523"
137.5,38.5,0.96,"Seriola lalandi","Fis-29523"
138.5,38.5,0.99,"Seriola lalandi","Fis-29523"
139,38.5,0.99,"Seriola lalandi","Fis-29523"
139.5,38.5,0.99,"Seriola lalandi","Fis-29523"
140,38.5,0.95,"Seriola lalandi","Fis-29523"
141.5,38.5,0.09,"Seriola lalandi","Fis-29523"
142,38.5,0.71,"Seriola lalandi","Fis-29523"
142.5,38.5,0.76,"Seriola lalandi","Fis-29523"
171.5,38.5,0.5,"Seriola lalandi","Fis-29523"
-123.5,38,0.36,"Seriola lalandi","Fis-29523"
-123,38,0.2,"Seriola lalandi","Fis-29523"
-122.5,38,0.06,"Seriola lalandi","Fis-29523"
-122,38,0.05,"Seriola lalandi","Fis-29523"
-76.5,38,0.03,"Seriola lalandi","Fis-29523"
-76,38,0.07,"Seriola lalandi","Fis-29523"
-75.5,38,0.03,"Seriola lalandi","Fis-29523"
-75,38,0.11,"Seriola lalandi","Fis-29523"
-74.5,38,0.33,"Seriola lalandi","Fis-29523"
-74,38,0.88,"Seriola lalandi","Fis-29523"
-73.5,38,0.99,"Seriola lalandi","Fis-29523"
-73,38,1,"Seriola lalandi","Fis-29523"
121,38,0.11,"Seriola lalandi","Fis-29523"
121.5,38,0.04,"Seriola lalandi","Fis-29523"
122,38,0.24,"Seriola lalandi","Fis-29523"
122.5,38,0.25,"Seriola lalandi","Fis-29523"
123,38,0.17,"Seriola lalandi","Fis-29523"
123.5,38,0.33,"Seriola lalandi","Fis-29523"
124,38,0.29,"Seriola lalandi","Fis-29523"
124.5,38,0.39,"Seriola lalandi","Fis-29523"
125,38,0.27,"Seriola lalandi","Fis-29523"
125.5,38,0.01,"Seriola lalandi","Fis-29523"
129,38,0.83,"Seriola lalandi","Fis-29523"
129.5,38,0.01,"Seriola lalandi","Fis-29523"
131.5,38,0.45,"Seriola lalandi","Fis-29523"
132,38,0.33,"Seriola lalandi","Fis-29523"
134,38,0.66,"Seriola lalandi","Fis-29523"
134.5,38,0.78,"Seriola lalandi","Fis-29523"
137,38,1,"Seriola lalandi","Fis-29523"
137.5,38,1,"Seriola lalandi","Fis-29523"
138.5,38,1,"Seriola lalandi","Fis-29523"
139,38,1,"Seriola lalandi","Fis-29523"
139.5,38,0.98,"Seriola lalandi","Fis-29523"
141,38,0.32,"Seriola lalandi","Fis-29523"
141.5,38,0.76,"Seriola lalandi","Fis-29523"
142,38,0.79,"Seriola lalandi","Fis-29523"
142.5,38,0.83,"Seriola lalandi","Fis-29523"
-123,37.5,0.29,"Seriola lalandi","Fis-29523"
-122.5,37.5,0.07,"Seriola lalandi","Fis-29523"
-122,37.5,0.05,"Seriola lalandi","Fis-29523"
-76,37.5,0.07,"Seriola lalandi","Fis-29523"
-75.5,37.5,0.48,"Seriola lalandi","Fis-29523"
-75,37.5,0.24,"Seriola lalandi","Fis-29523"
-74.5,37.5,0.61,"Seriola lalandi","Fis-29523"
-74,37.5,1,"Seriola lalandi","Fis-29523"
-73.5,37.5,1,"Seriola lalandi","Fis-29523"
120,37.5,0.11,"Seriola lalandi","Fis-29523"
120.5,37.5,0.07,"Seriola lalandi","Fis-29523"
121,37.5,0.05,"Seriola lalandi","Fis-29523"
121.5,37.5,0.04,"Seriola lalandi","Fis-29523"
122,37.5,0.06,"Seriola lalandi","Fis-29523"
122.5,37.5,0.1,"Seriola lalandi","Fis-29523"
123,37.5,0.15,"Seriola lalandi","Fis-29523"
123.5,37.5,0.21,"Seriola lalandi","Fis-29523"
124,37.5,0.18,"Seriola lalandi","Fis-29523"
124.5,37.5,0.31,"Seriola lalandi","Fis-29523"
125,37.5,0.22,"Seriola lalandi","Fis-29523"
125.5,37.5,0.14,"Seriola lalandi","Fis-29523"
126,37.5,0.19,"Seriola lalandi","Fis-29523"
126.5,37.5,0.09,"Seriola lalandi","Fis-29523"
127,37.5,0.01,"Seriola lalandi","Fis-29523"
129,37.5,0.83,"Seriola lalandi","Fis-29523"
129.5,37.5,0.91,"Seriola lalandi","Fis-29523"
130,37.5,0.98,"Seriola lalandi","Fis-29523"
131,37.5,0.98,"Seriola lalandi","Fis-29523"
131.5,37.5,0.01,"Seriola lalandi","Fis-29523"
133,37.5,0.86,"Seriola lalandi","Fis-29523"
133.5,37.5,0.89,"Seriola lalandi","Fis-29523"
134,37.5,0.83,"Seriola lalandi","Fis-29523"
134.5,37.5,0.86,"Seriola lalandi","Fis-29523"
136.5,37.5,1,"Seriola lalandi","Fis-29523"
137,37.5,1,"Seriola lalandi","Fis-29523"
137.5,37.5,1,"Seriola lalandi","Fis-29523"
138,37.5,1,"Seriola lalandi","Fis-29523"
138.5,37.5,0.99,"Seriola lalandi","Fis-29523"
139,37.5,0.99,"Seriola lalandi","Fis-29523"
139.5,37.5,0.54,"Seriola lalandi","Fis-29523"
141,37.5,0.43,"Seriola lalandi","Fis-29523"
141.5,37.5,0.83,"Seriola lalandi","Fis-29523"
142,37.5,0.87,"Seriola lalandi","Fis-29523"
142.5,37.5,0.85,"Seriola lalandi","Fis-29523"
-123,37,0.18,"Seriola lalandi","Fis-29523"
-122.5,37,0.12,"Seriola lalandi","Fis-29523"
-122,37,0.12,"Seriola lalandi","Fis-29523"
-76.5,37,0.32,"Seriola lalandi","Fis-29523"
-76,37,0.19,"Seriola lalandi","Fis-29523"
-75.5,37,0.14,"Seriola lalandi","Fis-29523"
-75,37,0.32,"Seriola lalandi","Fis-29523"
-74.5,37,1,"Seriola lalandi","Fis-29523"
-74,37,1,"Seriola lalandi","Fis-29523"
119.5,37,0.14,"Seriola lalandi","Fis-29523"
120,37,0.06,"Seriola lalandi","Fis-29523"
120.5,37,0.07,"Seriola lalandi","Fis-29523"
122.5,37,0.03,"Seriola lalandi","Fis-29523"
123,37,0.08,"Seriola lalandi","Fis-29523"
123.5,37,0.29,"Seriola lalandi","Fis-29523"
124,37,0.3,"Seriola lalandi","Fis-29523"
124.5,37,0.3,"Seriola lalandi","Fis-29523"
125,37,0.39,"Seriola lalandi","Fis-29523"
125.5,37,0.16,"Seriola lalandi","Fis-29523"
126,37,0.17,"Seriola lalandi","Fis-29523"
126.5,37,0.07,"Seriola lalandi","Fis-29523"
127,37,0.11,"Seriola lalandi","Fis-29523"
129.5,37,0.95,"Seriola lalandi","Fis-29523"
130,37,0.98,"Seriola lalandi","Fis-29523"
131,37,1,"Seriola lalandi","Fis-29523"
132,37,1,"Seriola lalandi","Fis-29523"
132.5,37,1,"Seriola lalandi","Fis-29523"
133,37,1,"Seriola lalandi","Fis-29523"
133.5,37,1,"Seriola lalandi","Fis-29523"
134,37,1,"Seriola lalandi","Fis-29523"
135,37,0.53,"Seriola lalandi","Fis-29523"
135.5,37,0.67,"Seriola lalandi","Fis-29523"
136,37,0.73,"Seriola lalandi","Fis-29523"
136.5,37,1,"Seriola lalandi","Fis-29523"
137,37,1,"Seriola lalandi","Fis-29523"
137.5,37,0.99,"Seriola lalandi","Fis-29523"
138,37,0.98,"Seriola lalandi","Fis-29523"
138.5,37,0.98,"Seriola lalandi","Fis-29523"
139,37,0.96,"Seriola lalandi","Fis-29523"
141.5,37,0.96,"Seriola lalandi","Fis-29523"
142,37,0.99,"Seriola lalandi","Fis-29523"
142.5,37,0.58,"Seriola lalandi","Fis-29523"
-122.5,36.5,0.16,"Seriola lalandi","Fis-29523"
-122,36.5,0.2,"Seriola lalandi","Fis-29523"
-121.5,36.5,0.17,"Seriola lalandi","Fis-29523"
-76,36.5,0.38,"Seriola lalandi","Fis-29523"
-75.5,36.5,0.41,"Seriola lalandi","Fis-29523"
-75,36.5,0.38,"Seriola lalandi","Fis-29523"
-74.5,36.5,1,"Seriola lalandi","Fis-29523"
121.5,36.5,0.15,"Seriola lalandi","Fis-29523"
122,36.5,0.12,"Seriola lalandi","Fis-29523"
122.5,36.5,0.11,"Seriola lalandi","Fis-29523"
123,36.5,0.2,"Seriola lalandi","Fis-29523"
123.5,36.5,0.37,"Seriola lalandi","Fis-29523"
124,36.5,0.36,"Seriola lalandi","Fis-29523"
124.5,36.5,0.39,"Seriola lalandi","Fis-29523"
125,36.5,0.39,"Seriola lalandi","Fis-29523"
125.5,36.5,0.2,"Seriola lalandi","Fis-29523"
126,36.5,0.12,"Seriola lalandi","Fis-29523"
126.5,36.5,0.15,"Seriola lalandi","Fis-29523"
127,36.5,0.09,"Seriola lalandi","Fis-29523"
129.5,36.5,0.95,"Seriola lalandi","Fis-29523"
130,36.5,0.98,"Seriola lalandi","Fis-29523"
130.5,36.5,0.49,"Seriola lalandi","Fis-29523"
133,36.5,1,"Seriola lalandi","Fis-29523"
133.5,36.5,1,"Seriola lalandi","Fis-29523"
134,36.5,1,"Seriola lalandi","Fis-29523"
134.5,36.5,1,"Seriola lalandi","Fis-29523"
135,36.5,1,"Seriola lalandi","Fis-29523"
135.5,36.5,0.46,"Seriola lalandi","Fis-29523"
136,36.5,1,"Seriola lalandi","Fis-29523"
136.5,36.5,1,"Seriola lalandi","Fis-29523"
137,36.5,1,"Seriola lalandi","Fis-29523"
137.5,36.5,0.96,"Seriola lalandi","Fis-29523"
138,36.5,0.01,"Seriola lalandi","Fis-29523"
141,36.5,0.94,"Seriola lalandi","Fis-29523"
141.5,36.5,1,"Seriola lalandi","Fis-29523"
142,36.5,1,"Seriola lalandi","Fis-29523"
171.5,36.5,0.7,"Seriola lalandi","Fis-29523"
-122,36,0.34,"Seriola lalandi","Fis-29523"
-121.5,36,0.27,"Seriola lalandi","Fis-29523"
-121,36,0.23,"Seriola lalandi","Fis-29523"
-76.5,36,0.73,"Seriola lalandi","Fis-29523"
-76,36,0.77,"Seriola lalandi","Fis-29523"
-75.5,36,0.38,"Seriola lalandi","Fis-29523"
-75,36,0.68,"Seriola lalandi","Fis-29523"
-74.5,36,1,"Seriola lalandi","Fis-29523"
120.5,36,0.35,"Seriola lalandi","Fis-29523"
121,36,0.32,"Seriola lalandi","Fis-29523"
121.5,36,0.12,"Seriola lalandi","Fis-29523"
122,36,0.1,"Seriola lalandi","Fis-29523"
122.5,36,0.16,"Seriola lalandi","Fis-29523"
123,36,0.46,"Seriola lalandi","Fis-29523"
123.5,36,0.51,"Seriola lalandi","Fis-29523"
124,36,0.49,"Seriola lalandi","Fis-29523"
124.5,36,0.5,"Seriola lalandi","Fis-29523"
125,36,0.48,"Seriola lalandi","Fis-29523"
125.5,36,0.43,"Seriola lalandi","Fis-29523"
126,36,0.45,"Seriola lalandi","Fis-29523"
126.5,36,0.19,"Seriola lalandi","Fis-29523"
127,36,0.39,"Seriola lalandi","Fis-29523"
129.5,36,0.94,"Seriola lalandi","Fis-29523"
130,36,0.96,"Seriola lalandi","Fis-29523"
130.5,36,0.52,"Seriola lalandi","Fis-29523"
132,36,0.05,"Seriola lalandi","Fis-29523"
132.5,36,1,"Seriola lalandi","Fis-29523"
133,36,1,"Seriola lalandi","Fis-29523"
133.5,36,1,"Seriola lalandi","Fis-29523"
134,36,1,"Seriola lalandi","Fis-29523"
134.5,36,1,"Seriola lalandi","Fis-29523"
135,36,1,"Seriola lalandi","Fis-29523"
135.5,36,1,"Seriola lalandi","Fis-29523"
136,36,1,"Seriola lalandi","Fis-29523"
136.5,36,1,"Seriola lalandi","Fis-29523"
141,36,0.8,"Seriola lalandi","Fis-29523"
141.5,36,1,"Seriola lalandi","Fis-29523"
-121.5,35.5,0.4,"Seriola lalandi","Fis-29523"
-121,35.5,0.33,"Seriola lalandi","Fis-29523"
-76.5,35.5,0.75,"Seriola lalandi","Fis-29523"
-76,35.5,0.83,"Seriola lalandi","Fis-29523"
-75.5,35.5,0.77,"Seriola lalandi","Fis-29523"
-75,35.5,0.76,"Seriola lalandi","Fis-29523"
-74.5,35.5,0.97,"Seriola lalandi","Fis-29523"
120,35.5,0.21,"Seriola lalandi","Fis-29523"
120.5,35.5,0.32,"Seriola lalandi","Fis-29523"
121,35.5,0.26,"Seriola lalandi","Fis-29523"
121.5,35.5,0.11,"Seriola lalandi","Fis-29523"
122,35.5,0.18,"Seriola lalandi","Fis-29523"
122.5,35.5,0.35,"Seriola lalandi","Fis-29523"
123,35.5,0.48,"Seriola lalandi","Fis-29523"
123.5,35.5,0.46,"Seriola lalandi","Fis-29523"
124,35.5,0.46,"Seriola lalandi","Fis-29523"
124.5,35.5,0.52,"Seriola lalandi","Fis-29523"
125,35.5,0.58,"Seriola lalandi","Fis-29523"
125.5,35.5,0.53,"Seriola lalandi","Fis-29523"
126,35.5,0.44,"Seriola lalandi","Fis-29523"
126.5,35.5,0.31,"Seriola lalandi","Fis-29523"
127,35.5,0.26,"Seriola lalandi","Fis-29523"
129.5,35.5,0.93,"Seriola lalandi","Fis-29523"
130,35.5,0.96,"Seriola lalandi","Fis-29523"
130.5,35.5,0.98,"Seriola lalandi","Fis-29523"
131,35.5,0.99,"Seriola lalandi","Fis-29523"
131.5,35.5,1,"Seriola lalandi","Fis-29523"
132,35.5,1,"Seriola lalandi","Fis-29523"
132.5,35.5,1,"Seriola lalandi","Fis-29523"
133,35.5,1,"Seriola lalandi","Fis-29523"
133.5,35.5,1,"Seriola lalandi","Fis-29523"
134,35.5,1,"Seriola lalandi","Fis-29523"
134.5,35.5,1,"Seriola lalandi","Fis-29523"
135,35.5,1,"Seriola lalandi","Fis-29523"
135.5,35.5,1,"Seriola lalandi","Fis-29523"
136,35.5,1,"Seriola lalandi","Fis-29523"
136.5,35.5,0.17,"Seriola lalandi","Fis-29523"
140,35.5,0.45,"Seriola lalandi","Fis-29523"
140.5,35.5,0.67,"Seriola lalandi","Fis-29523"
141,35.5,0.9,"Seriola lalandi","Fis-29523"
141.5,35.5,1,"Seriola lalandi","Fis-29523"
171.5,35.5,1,"Seriola lalandi","Fis-29523"
172,35.5,1,"Seriola lalandi","Fis-29523"
-121.5,35,0.61,"Seriola lalandi","Fis-29523"
-121,35,0.42,"Seriola lalandi","Fis-29523"
-120.5,35,0.38,"Seriola lalandi","Fis-29523"
-76.5,35,0.05,"Seriola lalandi","Fis-29523"
-76,35,0.94,"Seriola lalandi","Fis-29523"
-75.5,35,0.43,"Seriola lalandi","Fis-29523"
-75,35,1,"Seriola lalandi","Fis-29523"
-74.5,35,0.82,"Seriola lalandi","Fis-29523"
119.5,35,0.41,"Seriola lalandi","Fis-29523"
120,35,0.46,"Seriola lalandi","Fis-29523"
120.5,35,0.45,"Seriola lalandi","Fis-29523"
121,35,0.14,"Seriola lalandi","Fis-29523"
121.5,35,0.18,"Seriola lalandi","Fis-29523"
122,35,0.32,"Seriola lalandi","Fis-29523"
122.5,35,0.45,"Seriola lalandi","Fis-29523"
123,35,0.54,"Seriola lalandi","Fis-29523"
123.5,35,0.56,"Seriola lalandi","Fis-29523"
124,35,0.59,"Seriola lalandi","Fis-29523"
124.5,35,0.6,"Seriola lalandi","Fis-29523"
125,35,0.66,"Seriola lalandi","Fis-29523"
125.5,35,0.65,"Seriola lalandi","Fis-29523"
126,35,0.42,"Seriola lalandi","Fis-29523"
126.5,35,0.2,"Seriola lalandi","Fis-29523"
129,35,0.85,"Seriola lalandi","Fis-29523"
129.5,35,0.82,"Seriola lalandi","Fis-29523"
130,35,0.95,"Seriola lalandi","Fis-29523"
130.5,35,0.97,"Seriola lalandi","Fis-29523"
131,35,0.98,"Seriola lalandi","Fis-29523"
131.5,35,1,"Seriola lalandi","Fis-29523"
132,35,1,"Seriola lalandi","Fis-29523"
132.5,35,1,"Seriola lalandi","Fis-29523"
133,35,1,"Seriola lalandi","Fis-29523"
137,35,0.61,"Seriola lalandi","Fis-29523"
139,35,0.75,"Seriola lalandi","Fis-29523"
139.5,35,0.45,"Seriola lalandi","Fis-29523"
140,35,0.51,"Seriola lalandi","Fis-29523"
140.5,35,0.79,"Seriola lalandi","Fis-29523"
141,35,0.95,"Seriola lalandi","Fis-29523"
141.5,35,1,"Seriola lalandi","Fis-29523"
171.5,35,1,"Seriola lalandi","Fis-29523"
172,35,1,"Seriola lalandi","Fis-29523"
172.5,35,0.99,"Seriola lalandi","Fis-29523"
-121.5,34.5,0.66,"Seriola lalandi","Fis-29523"
-121,34.5,0.59,"Seriola lalandi","Fis-29523"
-120.5,34.5,0.37,"Seriola lalandi","Fis-29523"
-120,34.5,0.08,"Seriola lalandi","Fis-29523"
-77,34.5,0.44,"Seriola lalandi","Fis-29523"
-76.5,34.5,0.28,"Seriola lalandi","Fis-29523"
-76,34.5,0.47,"Seriola lalandi","Fis-29523"
-75.5,34.5,0.85,"Seriola lalandi","Fis-29523"
-75,34.5,0.81,"Seriola lalandi","Fis-29523"
119.5,34.5,0.45,"Seriola lalandi","Fis-29523"
120,34.5,0.49,"Seriola lalandi","Fis-29523"
120.5,34.5,0.49,"Seriola lalandi","Fis-29523"
121,34.5,0.23,"Seriola lalandi","Fis-29523"
121.5,34.5,0.15,"Seriola lalandi","Fis-29523"
122,34.5,0.27,"Seriola lalandi","Fis-29523"
122.5,34.5,0.44,"Seriola lalandi","Fis-29523"
123,34.5,0.57,"Seriola lalandi","Fis-29523"
123.5,34.5,0.62,"Seriola lalandi","Fis-29523"
124,34.5,0.66,"Seriola lalandi","Fis-29523"
124.5,34.5,0.69,"Seriola lalandi","Fis-29523"
125,34.5,0.64,"Seriola lalandi","Fis-29523"
125.5,34.5,0.64,"Seriola lalandi","Fis-29523"
126,34.5,0.26,"Seriola lalandi","Fis-29523"
126.5,34.5,0.31,"Seriola lalandi","Fis-29523"
127,34.5,0.32,"Seriola lalandi","Fis-29523"
127.5,34.5,0.35,"Seriola lalandi","Fis-29523"
128,34.5,0.39,"Seriola lalandi","Fis-29523"
128.5,34.5,0.83,"Seriola lalandi","Fis-29523"
129,34.5,0.89,"Seriola lalandi","Fis-29523"
129.5,34.5,0.96,"Seriola lalandi","Fis-29523"
130,34.5,0.97,"Seriola lalandi","Fis-29523"
130.5,34.5,0.97,"Seriola lalandi","Fis-29523"
131,34.5,1,"Seriola lalandi","Fis-29523"
131.5,34.5,1,"Seriola lalandi","Fis-29523"
132,34.5,1,"Seriola lalandi","Fis-29523"
132.5,34.5,1,"Seriola lalandi","Fis-29523"
134,34.5,0.04,"Seriola lalandi","Fis-29523"
134.5,34.5,0.87,"Seriola lalandi","Fis-29523"
135,34.5,0.35,"Seriola lalandi","Fis-29523"
135.5,34.5,0.29,"Seriola lalandi","Fis-29523"
137,34.5,0.3,"Seriola lalandi","Fis-29523"
137.5,34.5,0.49,"Seriola lalandi","Fis-29523"
138,34.5,0.78,"Seriola lalandi","Fis-29523"
138.5,34.5,1,"Seriola lalandi","Fis-29523"
139,34.5,1,"Seriola lalandi","Fis-29523"
139.5,34.5,0.94,"Seriola lalandi","Fis-29523"
140,34.5,1,"Seriola lalandi","Fis-29523"
140.5,34.5,1,"Seriola lalandi","Fis-29523"
141,34.5,0.9,"Seriola lalandi","Fis-29523"
172,34.5,1,"Seriola lalandi","Fis-29523"
172.5,34.5,0.93,"Seriola lalandi","Fis-29523"
-121,34,0.49,"Seriola lalandi","Fis-29523"
-120.5,34,0.59,"Seriola lalandi","Fis-29523"
-120,34,0.56,"Seriola lalandi","Fis-29523"
-119.5,34,0.56,"Seriola lalandi","Fis-29523"
-119,34,0.57,"Seriola lalandi","Fis-29523"
-118.5,34,0.6,"Seriola lalandi","Fis-29523"
-118,34,0.09,"Seriola lalandi","Fis-29523"
-77.5,34,0.17,"Seriola lalandi","Fis-29523"
-77,34,0.3,"Seriola lalandi","Fis-29523"
-76.5,34,0.35,"Seriola lalandi","Fis-29523"
-76,34,0.81,"Seriola lalandi","Fis-29523"
-75.5,34,0.81,"Seriola lalandi","Fis-29523"
120,34,0.09,"Seriola lalandi","Fis-29523"
121,34,0.13,"Seriola lalandi","Fis-29523"
121.5,34,0.13,"Seriola lalandi","Fis-29523"
122,34,0.16,"Seriola lalandi","Fis-29523"
122.5,34,0.36,"Seriola lalandi","Fis-29523"
123,34,0.54,"Seriola lalandi","Fis-29523"
123.5,34,0.62,"Seriola lalandi","Fis-29523"
124,34,0.73,"Seriola lalandi","Fis-29523"
124.5,34,0.75,"Seriola lalandi","Fis-29523"
125,34,0.81,"Seriola lalandi","Fis-29523"
125.5,34,0.59,"Seriola lalandi","Fis-29523"
126,34,0.58,"Seriola lalandi","Fis-29523"
126.5,34,0.43,"Seriola lalandi","Fis-29523"
127,34,0.31,"Seriola lalandi","Fis-29523"
127.5,34,0.49,"Seriola lalandi","Fis-29523"
128,34,0.55,"Seriola lalandi","Fis-29523"
128.5,34,0.91,"Seriola lalandi","Fis-29523"
129,34,0.95,"Seriola lalandi","Fis-29523"
129.5,34,1,"Seriola lalandi","Fis-29523"
130,34,1,"Seriola lalandi","Fis-29523"
130.5,34,1,"Seriola lalandi","Fis-29523"
131,34,1,"Seriola lalandi","Fis-29523"
131.5,34,0.42,"Seriola lalandi","Fis-29523"
132,34,1,"Seriola lalandi","Fis-29523"
132.5,34,0.94,"Seriola lalandi","Fis-29523"
133,34,0.82,"Seriola lalandi","Fis-29523"
133.5,34,0.88,"Seriola lalandi","Fis-29523"
134,34,0.91,"Seriola lalandi","Fis-29523"
134.5,34,0.92,"Seriola lalandi","Fis-29523"
135,34,0.87,"Seriola lalandi","Fis-29523"
135.5,34,0.58,"Seriola lalandi","Fis-29523"
136.5,34,1,"Seriola lalandi","Fis-29523"
137,34,0.98,"Seriola lalandi","Fis-29523"
137.5,34,1,"Seriola lalandi","Fis-29523"
138,34,0.79,"Seriola lalandi","Fis-29523"
138.5,34,1,"Seriola lalandi","Fis-29523"
139,34,1,"Seriola lalandi","Fis-29523"
139.5,34,1,"Seriola lalandi","Fis-29523"
140,34,1,"Seriola lalandi","Fis-29523"
-120,33.5,0.72,"Seriola lalandi","Fis-29523"
-119.5,33.5,0.79,"Seriola lalandi","Fis-29523"
-119,33.5,0.87,"Seriola lalandi","Fis-29523"
-118.5,33.5,0.75,"Seriola lalandi","Fis-29523"
-118,33.5,0.68,"Seriola lalandi","Fis-29523"
-117.5,33.5,0.77,"Seriola lalandi","Fis-29523"
-79,33.5,0.03,"Seriola lalandi","Fis-29523"
-78.5,33.5,0.66,"Seriola lalandi","Fis-29523"
-78,33.5,0.89,"Seriola lalandi","Fis-29523"
-77.5,33.5,0.22,"Seriola lalandi","Fis-29523"
-77,33.5,0.34,"Seriola lalandi","Fis-29523"
-76.5,33.5,0.81,"Seriola lalandi","Fis-29523"
-76,33.5,0.81,"Seriola lalandi","Fis-29523"
-75.5,33.5,0.47,"Seriola lalandi","Fis-29523"
120.5,33.5,0.05,"Seriola lalandi","Fis-29523"
121,33.5,0.14,"Seriola lalandi","Fis-29523"
121.5,33.5,0.13,"Seriola lalandi","Fis-29523"
122,33.5,0.15,"Seriola lalandi","Fis-29523"
122.5,33.5,0.22,"Seriola lalandi","Fis-29523"
123,33.5,0.46,"Seriola lalandi","Fis-29523"
123.5,33.5,0.61,"Seriola lalandi","Fis-29523"
124,33.5,0.66,"Seriola lalandi","Fis-29523"
124.5,33.5,0.75,"Seriola lalandi","Fis-29523"
125,33.5,0.84,"Seriola lalandi","Fis-29523"
125.5,33.5,0.95,"Seriola lalandi","Fis-29523"
126,33.5,0.96,"Seriola lalandi","Fis-29523"
126.5,33.5,0.96,"Seriola lalandi","Fis-29523"
127,33.5,0.95,"Seriola lalandi","Fis-29523"
127.5,33.5,0.98,"Seriola lalandi","Fis-29523"
128,33.5,0.99,"Seriola lalandi","Fis-29523"
128.5,33.5,1,"Seriola lalandi","Fis-29523"
129,33.5,1,"Seriola lalandi","Fis-29523"
129.5,33.5,1,"Seriola lalandi","Fis-29523"
130,33.5,1,"Seriola lalandi","Fis-29523"
130.5,33.5,0.7,"Seriola lalandi","Fis-29523"
131,33.5,0.28,"Seriola lalandi","Fis-29523"
131.5,33.5,0.99,"Seriola lalandi","Fis-29523"
132,33.5,1,"Seriola lalandi","Fis-29523"
132.5,33.5,1,"Seriola lalandi","Fis-29523"
133,33.5,0.92,"Seriola lalandi","Fis-29523"
133.5,33.5,0.96,"Seriola lalandi","Fis-29523"
134,33.5,0.99,"Seriola lalandi","Fis-29523"
134.5,33.5,1,"Seriola lalandi","Fis-29523"
135,33.5,1,"Seriola lalandi","Fis-29523"
135.5,33.5,1,"Seriola lalandi","Fis-29523"
136,33.5,1,"Seriola lalandi","Fis-29523"
136.5,33.5,1,"Seriola lalandi","Fis-29523"
139,33.5,1,"Seriola lalandi","Fis-29523"
139.5,33.5,1,"Seriola lalandi","Fis-29523"
140,33.5,1,"Seriola lalandi","Fis-29523"
140.5,33.5,1,"Seriola lalandi","Fis-29523"
-120,33,0.66,"Seriola lalandi","Fis-29523"
-119.5,33,0.78,"Seriola lalandi","Fis-29523"
-119,33,0.88,"Seriola lalandi","Fis-29523"
-118.5,33,0.97,"Seriola lalandi","Fis-29523"
-118,33,0.98,"Seriola lalandi","Fis-29523"
-117.5,33,0.78,"Seriola lalandi","Fis-29523"
-117,33,0.84,"Seriola lalandi","Fis-29523"
-79,33,0.16,"Seriola lalandi","Fis-29523"
-78.5,33,0.24,"Seriola lalandi","Fis-29523"
-78,33,0.33,"Seriola lalandi","Fis-29523"
-77.5,33,0.81,"Seriola lalandi","Fis-29523"
-77,33,0.81,"Seriola lalandi","Fis-29523"
-76.5,33,0.82,"Seriola lalandi","Fis-29523"
-76,33,0.62,"Seriola lalandi","Fis-29523"
121,33,0.23,"Seriola lalandi","Fis-29523"
121.5,33,0.12,"Seriola lalandi","Fis-29523"
122,33,0.14,"Seriola lalandi","Fis-29523"
122.5,33,0.18,"Seriola lalandi","Fis-29523"
123,33,0.28,"Seriola lalandi","Fis-29523"
123.5,33,0.46,"Seriola lalandi","Fis-29523"
124,33,0.58,"Seriola lalandi","Fis-29523"
124.5,33,0.65,"Seriola lalandi","Fis-29523"
125,33,0.76,"Seriola lalandi","Fis-29523"
125.5,33,0.98,"Seriola lalandi","Fis-29523"
126,33,1,"Seriola lalandi","Fis-29523"
126.5,33,1,"Seriola lalandi","Fis-29523"
127,33,1,"Seriola lalandi","Fis-29523"
127.5,33,1,"Seriola lalandi","Fis-29523"
128,33,1,"Seriola lalandi","Fis-29523"
128.5,33,1,"Seriola lalandi","Fis-29523"
129,33,1,"Seriola lalandi","Fis-29523"
129.5,33,1,"Seriola lalandi","Fis-29523"
130,33,0.54,"Seriola lalandi","Fis-29523"
130.5,33,1,"Seriola lalandi","Fis-29523"
132,33,1,"Seriola lalandi","Fis-29523"
132.5,33,1,"Seriola lalandi","Fis-29523"
133.5,33,1,"Seriola lalandi","Fis-29523"
134,33,1,"Seriola lalandi","Fis-29523"
134.5,33,1,"Seriola lalandi","Fis-29523"
135,33,1,"Seriola lalandi","Fis-29523"
135.5,33,0.62,"Seriola lalandi","Fis-29523"
136,33,1,"Seriola lalandi","Fis-29523"
139.5,33,0.3,"Seriola lalandi","Fis-29523"
140,33,1,"Seriola lalandi","Fis-29523"
140.5,33,1,"Seriola lalandi","Fis-29523"
-175,32.5,0.52,"Seriola lalandi","Fis-29523"
-120,32.5,0.57,"Seriola lalandi","Fis-29523"
-119.5,32.5,0.81,"Seriola lalandi","Fis-29523"
-119,32.5,0.88,"Seriola lalandi","Fis-29523"
-118.5,32.5,0.95,"Seriola lalandi","Fis-29523"
-118,32.5,1,"Seriola lalandi","Fis-29523"
-117.5,32.5,0.87,"Seriola lalandi","Fis-29523"
-117,32.5,0.69,"Seriola lalandi","Fis-29523"
-80,32.5,0.1,"Seriola lalandi","Fis-29523"
-79.5,32.5,0.67,"Seriola lalandi","Fis-29523"
-79,32.5,0.31,"Seriola lalandi","Fis-29523"
-78.5,32.5,0.81,"Seriola lalandi","Fis-29523"
-78,32.5,0.81,"Seriola lalandi","Fis-29523"
-77.5,32.5,0.82,"Seriola lalandi","Fis-29523"
-77,32.5,0.82,"Seriola lalandi","Fis-29523"
-76.5,32.5,0.63,"Seriola lalandi","Fis-29523"
-76,32.5,0.02,"Seriola lalandi","Fis-29523"
-64.5,32.5,0.71,"Seriola lalandi","Fis-29523"
121,32.5,0.09,"Seriola lalandi","Fis-29523"
121.5,32.5,0.04,"Seriola lalandi","Fis-29523"
122,32.5,0.1,"Seriola lalandi","Fis-29523"
122.5,32.5,0.14,"Seriola lalandi","Fis-29523"
123,32.5,0.25,"Seriola lalandi","Fis-29523"
123.5,32.5,0.33,"Seriola lalandi","Fis-29523"
124,32.5,0.37,"Seriola lalandi","Fis-29523"
124.5,32.5,0.54,"Seriola lalandi","Fis-29523"
125,32.5,0.7,"Seriola lalandi","Fis-29523"
125.5,32.5,0.97,"Seriola lalandi","Fis-29523"
126,32.5,0.98,"Seriola lalandi","Fis-29523"
126.5,32.5,1,"Seriola lalandi","Fis-29523"
127,32.5,1,"Seriola lalandi","Fis-29523"
127.5,32.5,1,"Seriola lalandi","Fis-29523"
128,32.5,1,"Seriola lalandi","Fis-29523"
128.5,32.5,1,"Seriola lalandi","Fis-29523"
129,32.5,1,"Seriola lalandi","Fis-29523"
129.5,32.5,1,"Seriola lalandi","Fis-29523"
130,32.5,1,"Seriola lalandi","Fis-29523"
130.5,32.5,1,"Seriola lalandi","Fis-29523"
131,32.5,0.73,"Seriola lalandi","Fis-29523"
132,32.5,1,"Seriola lalandi","Fis-29523"
132.5,32.5,1,"Seriola lalandi","Fis-29523"
133,32.5,1,"Seriola lalandi","Fis-29523"
133.5,32.5,1,"Seriola lalandi","Fis-29523"
134,32.5,1,"Seriola lalandi","Fis-29523"
134.5,32.5,0.36,"Seriola lalandi","Fis-29523"
135,32.5,0.48,"Seriola lalandi","Fis-29523"
139.5,32.5,0.76,"Seriola lalandi","Fis-29523"
140,32.5,1,"Seriola lalandi","Fis-29523"
140.5,32.5,0.83,"Seriola lalandi","Fis-29523"
172.5,32.5,0.56,"Seriola lalandi","Fis-29523"
-127.5,32,0.18,"Seriola lalandi","Fis-29523"
-119.5,32,0.76,"Seriola lalandi","Fis-29523"
-119,32,0.88,"Seriola lalandi","Fis-29523"
-118.5,32,0.94,"Seriola lalandi","Fis-29523"
-118,32,1,"Seriola lalandi","Fis-29523"
-117.5,32,0.2,"Seriola lalandi","Fis-29523"
-117,32,0.8,"Seriola lalandi","Fis-29523"
-116.5,32,0.78,"Seriola lalandi","Fis-29523"
-80.5,32,0.46,"Seriola lalandi","Fis-29523"
-80,32,0.24,"Seriola lalandi","Fis-29523"
-79.5,32,0.35,"Seriola lalandi","Fis-29523"
-79,32,0.81,"Seriola lalandi","Fis-29523"
-78.5,32,0.82,"Seriola lalandi","Fis-29523"
-78,32,0.82,"Seriola lalandi","Fis-29523"
-77.5,32,0.82,"Seriola lalandi","Fis-29523"
-77,32,0.55,"Seriola lalandi","Fis-29523"
-76.5,32,0.09,"Seriola lalandi","Fis-29523"
-65,32,0.7,"Seriola lalandi","Fis-29523"
-64.5,32,0.7,"Seriola lalandi","Fis-29523"
121,32,0.01,"Seriola lalandi","Fis-29523"
122.5,32,0.08,"Seriola lalandi","Fis-29523"
123,32,0.21,"Seriola lalandi","Fis-29523"
123.5,32,0.3,"Seriola lalandi","Fis-29523"
124,32,0.36,"Seriola lalandi","Fis-29523"
124.5,32,0.42,"Seriola lalandi","Fis-29523"
125,32,0.48,"Seriola lalandi","Fis-29523"
125.5,32,0.64,"Seriola lalandi","Fis-29523"
126,32,0.86,"Seriola lalandi","Fis-29523"
126.5,32,1,"Seriola lalandi","Fis-29523"
127,32,1,"Seriola lalandi","Fis-29523"
127.5,32,1,"Seriola lalandi","Fis-29523"
128,32,1,"Seriola lalandi","Fis-29523"
128.5,32,1,"Seriola lalandi","Fis-29523"
129,32,1,"Seriola lalandi","Fis-29523"
129.5,32,1,"Seriola lalandi","Fis-29523"
130,32,1,"Seriola lalandi","Fis-29523"
130.5,32,0.75,"Seriola lalandi","Fis-29523"
131,32,0.28,"Seriola lalandi","Fis-29523"
132,32,1,"Seriola lalandi","Fis-29523"
132.5,32,1,"Seriola lalandi","Fis-29523"
133,32,1,"Seriola lalandi","Fis-29523"
133.5,32,1,"Seriola lalandi","Fis-29523"
140,32,1,"Seriola lalandi","Fis-29523"
140.5,32,0.03,"Seriola lalandi","Fis-29523"
173,32,0.88,"Seriola lalandi","Fis-29523"
173.5,32,0.9,"Seriola lalandi","Fis-29523"
-119,31.5,0.33,"Seriola lalandi","Fis-29523"
-117.5,31.5,0.51,"Seriola lalandi","Fis-29523"
-117,31.5,0.63,"Seriola lalandi","Fis-29523"
-116.5,31.5,0.69,"Seriola lalandi","Fis-29523"
-114.5,31.5,0.1,"Seriola lalandi","Fis-29523"
-114,31.5,0.21,"Seriola lalandi","Fis-29523"
-113.5,31.5,0.61,"Seriola lalandi","Fis-29523"
-81,31.5,0.24,"Seriola lalandi","Fis-29523"
-80.5,31.5,0.29,"Seriola lalandi","Fis-29523"
-80,31.5,0.3,"Seriola lalandi","Fis-29523"
-79.5,31.5,0.8,"Seriola lalandi","Fis-29523"
-79,31.5,0.82,"Seriola lalandi","Fis-29523"
-78.5,31.5,0.76,"Seriola lalandi","Fis-29523"
-78,31.5,0.66,"Seriola lalandi","Fis-29523"
-77.5,31.5,0.43,"Seriola lalandi","Fis-29523"
-77,31.5,0.12,"Seriola lalandi","Fis-29523"
-65,31.5,0.67,"Seriola lalandi","Fis-29523"
122.5,31.5,0.01,"Seriola lalandi","Fis-29523"
123,31.5,0.2,"Seriola lalandi","Fis-29523"
123.5,31.5,0.33,"Seriola lalandi","Fis-29523"
124,31.5,0.42,"Seriola lalandi","Fis-29523"
124.5,31.5,0.45,"Seriola lalandi","Fis-29523"
125,31.5,0.46,"Seriola lalandi","Fis-29523"
125.5,31.5,0.53,"Seriola lalandi","Fis-29523"
126,31.5,0.71,"Seriola lalandi","Fis-29523"
126.5,31.5,0.96,"Seriola lalandi","Fis-29523"
127,31.5,1,"Seriola lalandi","Fis-29523"
127.5,31.5,1,"Seriola lalandi","Fis-29523"
128,31.5,1,"Seriola lalandi","Fis-29523"
128.5,31.5,1,"Seriola lalandi","Fis-29523"
129,31.5,1,"Seriola lalandi","Fis-29523"
129.5,31.5,0.77,"Seriola lalandi","Fis-29523"
130,31.5,1,"Seriola lalandi","Fis-29523"
130.5,31.5,1,"Seriola lalandi","Fis-29523"
131,31.5,1,"Seriola lalandi","Fis-29523"
131.5,31.5,0.73,"Seriola lalandi","Fis-29523"
132,31.5,1,"Seriola lalandi","Fis-29523"
132.5,31.5,0.92,"Seriola lalandi","Fis-29523"
139.5,31.5,0.29,"Seriola lalandi","Fis-29523"
140,31.5,1,"Seriola lalandi","Fis-29523"
140.5,31.5,0.95,"Seriola lalandi","Fis-29523"
173.5,31.5,0.77,"Seriola lalandi","Fis-29523"
-119,31,0.42,"Seriola lalandi","Fis-29523"
-118.5,31,0.65,"Seriola lalandi","Fis-29523"
-118,31,0.7,"Seriola lalandi","Fis-29523"
-116.5,31,0.79,"Seriola lalandi","Fis-29523"
-116,31,0.8,"Seriola lalandi","Fis-29523"
-114.5,31,0.34,"Seriola lalandi","Fis-29523"
-114,31,0.4,"Seriola lalandi","Fis-29523"
-113.5,31,0.32,"Seriola lalandi","Fis-29523"
-113,31,0.36,"Seriola lalandi","Fis-29523"
-81,31,0.13,"Seriola lalandi","Fis-29523"
-80.5,31,0.21,"Seriola lalandi","Fis-29523"
-80,31,0.35,"Seriola lalandi","Fis-29523"
-79.5,31,0.82,"Seriola lalandi","Fis-29523"
-79,31,0.83,"Seriola lalandi","Fis-29523"
-78.5,31,0.67,"Seriola lalandi","Fis-29523"
-78,31,0.45,"Seriola lalandi","Fis-29523"
-77.5,31,0.25,"Seriola lalandi","Fis-29523"
123,31,0.21,"Seriola lalandi","Fis-29523"
123.5,31,0.5,"Seriola lalandi","Fis-29523"
124,31,0.5,"Seriola lalandi","Fis-29523"
124.5,31,0.53,"Seriola lalandi","Fis-29523"
125,31,0.57,"Seriola lalandi","Fis-29523"
125.5,31,0.62,"Seriola lalandi","Fis-29523"
126,31,0.7,"Seriola lalandi","Fis-29523"
126.5,31,0.94,"Seriola lalandi","Fis-29523"
127,31,1,"Seriola lalandi","Fis-29523"
127.5,31,1,"Seriola lalandi","Fis-29523"
128,31,1,"Seriola lalandi","Fis-29523"
128.5,31,1,"Seriola lalandi","Fis-29523"
129,31,1,"Seriola lalandi","Fis-29523"
129.5,31,1,"Seriola lalandi","Fis-29523"
130,31,1,"Seriola lalandi","Fis-29523"
130.5,31,1,"Seriola lalandi","Fis-29523"
131,31,1,"Seriola lalandi","Fis-29523"
131.5,31,1,"Seriola lalandi","Fis-29523"
132,31,1,"Seriola lalandi","Fis-29523"
139,31,0.24,"Seriola lalandi","Fis-29523"
139.5,31,1,"Seriola lalandi","Fis-29523"
140,31,0.53,"Seriola lalandi","Fis-29523"
140.5,31,1,"Seriola lalandi","Fis-29523"
176,31,0.26,"Seriola lalandi","Fis-29523"
-117,30.5,0.14,"Seriola lalandi","Fis-29523"
-116,30.5,0.68,"Seriola lalandi","Fis-29523"
-115.5,30.5,0.13,"Seriola lalandi","Fis-29523"
-114.5,30.5,0.28,"Seriola lalandi","Fis-29523"
-114,30.5,0.55,"Seriola lalandi","Fis-29523"
-113.5,30.5,0.5,"Seriola lalandi","Fis-29523"
-113,30.5,0.43,"Seriola lalandi","Fis-29523"
-112.5,30.5,0.09,"Seriola lalandi","Fis-29523"
-88,30.5,0.25,"Seriola lalandi","Fis-29523"
-87.5,30.5,0.14,"Seriola lalandi","Fis-29523"
-86.5,30.5,0.02,"Seriola lalandi","Fis-29523"
-81,30.5,0.71,"Seriola lalandi","Fis-29523"
-80.5,30.5,0.23,"Seriola lalandi","Fis-29523"
-80,30.5,0.8,"Seriola lalandi","Fis-29523"
-79.5,30.5,0.84,"Seriola lalandi","Fis-29523"
-79,30.5,0.28,"Seriola lalandi","Fis-29523"
-78.5,30.5,0.1,"Seriola lalandi","Fis-29523"
-78,30.5,0.02,"Seriola lalandi","Fis-29523"
-77.5,30.5,0.09,"Seriola lalandi","Fis-29523"
122.5,30.5,0.07,"Seriola lalandi","Fis-29523"
123,30.5,0.18,"Seriola lalandi","Fis-29523"
123.5,30.5,0.46,"Seriola lalandi","Fis-29523"
124,30.5,0.57,"Seriola lalandi","Fis-29523"
124.5,30.5,0.61,"Seriola lalandi","Fis-29523"
125,30.5,0.6,"Seriola lalandi","Fis-29523"
125.5,30.5,0.67,"Seriola lalandi","Fis-29523"
126,30.5,0.75,"Seriola lalandi","Fis-29523"
126.5,30.5,0.98,"Seriola lalandi","Fis-29523"
127,30.5,1,"Seriola lalandi","Fis-29523"
127.5,30.5,1,"Seriola lalandi","Fis-29523"
128,30.5,1,"Seriola lalandi","Fis-29523"
128.5,30.5,1,"Seriola lalandi","Fis-29523"
129,30.5,0.79,"Seriola lalandi","Fis-29523"
129.5,30.5,1,"Seriola lalandi","Fis-29523"
130,30.5,1,"Seriola lalandi","Fis-29523"
130.5,30.5,1,"Seriola lalandi","Fis-29523"
131,30.5,1,"Seriola lalandi","Fis-29523"
131.5,30.5,1,"Seriola lalandi","Fis-29523"
139,30.5,1,"Seriola lalandi","Fis-29523"
140.5,30.5,1,"Seriola lalandi","Fis-29523"
-116,30,0.86,"Seriola lalandi","Fis-29523"
-115.5,30,0.82,"Seriola lalandi","Fis-29523"
-114.5,30,0.84,"Seriola lalandi","Fis-29523"
-114,30,0.58,"Seriola lalandi","Fis-29523"
-113.5,30,0.56,"Seriola lalandi","Fis-29523"
-113,30,0.51,"Seriola lalandi","Fis-29523"
-112.5,30,0.56,"Seriola lalandi","Fis-29523"
-90,30,0.04,"Seriola lalandi","Fis-29523"
-89.5,30,0.03,"Seriola lalandi","Fis-29523"
-89,30,0.02,"Seriola lalandi","Fis-29523"
-88.5,30,0.1,"Seriola lalandi","Fis-29523"
-88,30,0.5,"Seriola lalandi","Fis-29523"
-87.5,30,0.4,"Seriola lalandi","Fis-29523"
-87,30,0.68,"Seriola lalandi","Fis-29523"
-86.5,30,0.99,"Seriola lalandi","Fis-29523"
-86,30,0.55,"Seriola lalandi","Fis-29523"
-85.5,30,0.25,"Seriola lalandi","Fis-29523"
-84,30,0.64,"Seriola lalandi","Fis-29523"
-83.5,30,0.24,"Seriola lalandi","Fis-29523"
-81,30,0.28,"Seriola lalandi","Fis-29523"
-80.5,30,0.27,"Seriola lalandi","Fis-29523"
-80,30,0.81,"Seriola lalandi","Fis-29523"
-79.5,30,0.84,"Seriola lalandi","Fis-29523"
-79,30,0.12,"Seriola lalandi","Fis-29523"
-78.5,30,0.05,"Seriola lalandi","Fis-29523"
-78,30,0.04,"Seriola lalandi","Fis-29523"
-77.5,30,0.07,"Seriola lalandi","Fis-29523"
-77,30,0.01,"Seriola lalandi","Fis-29523"
49,30,0.41,"Seriola lalandi","Fis-29523"
49.5,30,0.48,"Seriola lalandi","Fis-29523"
50,30,0.95,"Seriola lalandi","Fis-29523"
50.5,30,0.84,"Seriola lalandi","Fis-29523"
121.5,30,0.02,"Seriola lalandi","Fis-29523"
122,30,0.06,"Seriola lalandi","Fis-29523"
122.5,30,0.12,"Seriola lalandi","Fis-29523"
123,30,0.26,"Seriola lalandi","Fis-29523"
123.5,30,0.47,"Seriola lalandi","Fis-29523"
124,30,0.55,"Seriola lalandi","Fis-29523"
124.5,30,0.97,"Seriola lalandi","Fis-29523"
125,30,0.63,"Seriola lalandi","Fis-29523"
125.5,30,0.71,"Seriola lalandi","Fis-29523"
126,30,0.79,"Seriola lalandi","Fis-29523"
126.5,30,1,"Seriola lalandi","Fis-29523"
127,30,1,"Seriola lalandi","Fis-29523"
127.5,30,1,"Seriola lalandi","Fis-29523"
128,30,1,"Seriola lalandi","Fis-29523"
128.5,30,1,"Seriola lalandi","Fis-29523"
129,30,0.56,"Seriola lalandi","Fis-29523"
129.5,30,1,"Seriola lalandi","Fis-29523"
130,30,1,"Seriola lalandi","Fis-29523"
130.5,30,1,"Seriola lalandi","Fis-29523"
131,30,1,"Seriola lalandi","Fis-29523"
131.5,30,1,"Seriola lalandi","Fis-29523"
139.5,30,0.6,"Seriola lalandi","Fis-29523"
140.5,30,0.65,"Seriola lalandi","Fis-29523"
179,30,0.01,"Seriola lalandi","Fis-29523"
-173.5,29.5,0.05,"Seriola lalandi","Fis-29523"
-117,29.5,0.6,"Seriola lalandi","Fis-29523"
-116.5,29.5,0.91,"Seriola lalandi","Fis-29523"
-116,29.5,0.88,"Seriola lalandi","Fis-29523"
-115.5,29.5,0.62,"Seriola lalandi","Fis-29523"
-115,29.5,0.56,"Seriola lalandi","Fis-29523"
-114,29.5,0.59,"Seriola lalandi","Fis-29523"
-113.5,29.5,0.61,"Seriola lalandi","Fis-29523"
-113,29.5,0.59,"Seriola lalandi","Fis-29523"
-112.5,29.5,0.52,"Seriola lalandi","Fis-29523"
-112,29.5,0.41,"Seriola lalandi","Fis-29523"
-94.5,29.5,0.23,"Seriola lalandi","Fis-29523"
-94,29.5,0.15,"Seriola lalandi","Fis-29523"
-93.5,29.5,0.21,"Seriola lalandi","Fis-29523"
-93,29.5,0.2,"Seriola lalandi","Fis-29523"
-92.5,29.5,0.34,"Seriola lalandi","Fis-29523"
-92,29.5,0.24,"Seriola lalandi","Fis-29523"
-91.5,29.5,0.51,"Seriola lalandi","Fis-29523"
-91,29.5,0.12,"Seriola lalandi","Fis-29523"
-89.5,29.5,0.15,"Seriola lalandi","Fis-29523"
-89,29.5,0.16,"Seriola lalandi","Fis-29523"
-88.5,29.5,0.34,"Seriola lalandi","Fis-29523"
-88,29.5,0.36,"Seriola lalandi","Fis-29523"
-87.5,29.5,0.87,"Seriola lalandi","Fis-29523"
-87,29.5,0.86,"Seriola lalandi","Fis-29523"
-86.5,29.5,0.88,"Seriola lalandi","Fis-29523"
-86,29.5,0.91,"Seriola lalandi","Fis-29523"
-85.5,29.5,0.61,"Seriola lalandi","Fis-29523"
-85,29.5,0.39,"Seriola lalandi","Fis-29523"
-84.5,29.5,0.27,"Seriola lalandi","Fis-29523"
-84,29.5,0.84,"Seriola lalandi","Fis-29523"
-83.5,29.5,0.18,"Seriola lalandi","Fis-29523"
-83,29.5,0.1,"Seriola lalandi","Fis-29523"
-81,29.5,0.3,"Seriola lalandi","Fis-29523"
-80.5,29.5,0.3,"Seriola lalandi","Fis-29523"
-80,29.5,0.82,"Seriola lalandi","Fis-29523"
-79.5,29.5,0.85,"Seriola lalandi","Fis-29523"
-79,29.5,0.15,"Seriola lalandi","Fis-29523"
-78.5,29.5,0.06,"Seriola lalandi","Fis-29523"
-78,29.5,0.08,"Seriola lalandi","Fis-29523"
-77.5,29.5,0.03,"Seriola lalandi","Fis-29523"
-77,29.5,0.04,"Seriola lalandi","Fis-29523"
35,29.5,0.02,"Seriola lalandi","Fis-29523"
48,29.5,0.45,"Seriola lalandi","Fis-29523"
48.5,29.5,0.45,"Seriola lalandi","Fis-29523"
49,29.5,0.35,"Seriola lalandi","Fis-29523"
49.5,29.5,0.39,"Seriola lalandi","Fis-29523"
50,29.5,0.4,"Seriola lalandi","Fis-29523"
50.5,29.5,0.21,"Seriola lalandi","Fis-29523"
51,29.5,0.24,"Seriola lalandi","Fis-29523"
122,29.5,0.17,"Seriola lalandi","Fis-29523"
122.5,29.5,0.15,"Seriola lalandi","Fis-29523"
123,29.5,0.48,"Seriola lalandi","Fis-29523"
123.5,29.5,0.62,"Seriola lalandi","Fis-29523"
124,29.5,0.68,"Seriola lalandi","Fis-29523"
124.5,29.5,1,"Seriola lalandi","Fis-29523"
125,29.5,1,"Seriola lalandi","Fis-29523"
125.5,29.5,0.95,"Seriola lalandi","Fis-29523"
126,29.5,1,"Seriola lalandi","Fis-29523"
126.5,29.5,1,"Seriola lalandi","Fis-29523"
127,29.5,1,"Seriola lalandi","Fis-29523"
127.5,29.5,1,"Seriola lalandi","Fis-29523"
128,29.5,1,"Seriola lalandi","Fis-29523"
128.5,29.5,1,"Seriola lalandi","Fis-29523"
129,29.5,1,"Seriola lalandi","Fis-29523"
129.5,29.5,1,"Seriola lalandi","Fis-29523"
130,29.5,1,"Seriola lalandi","Fis-29523"
130.5,29.5,1,"Seriola lalandi","Fis-29523"
131,29.5,1,"Seriola lalandi","Fis-29523"
140.5,29.5,1,"Seriola lalandi","Fis-29523"
179.5,29.5,0.16,"Seriola lalandi","Fis-29523"
-118,29,1,"Seriola lalandi","Fis-29523"
-116.5,29,0.72,"Seriola lalandi","Fis-29523"
-116,29,0.81,"Seriola lalandi","Fis-29523"
-115.5,29,0.99,"Seriola lalandi","Fis-29523"
-115,29,0.78,"Seriola lalandi","Fis-29523"
-114.5,29,1,"Seriola lalandi","Fis-29523"
-113.5,29,1,"Seriola lalandi","Fis-29523"
-113,29,1,"Seriola lalandi","Fis-29523"
-112.5,29,0.65,"Seriola lalandi","Fis-29523"
-112,29,0.74,"Seriola lalandi","Fis-29523"
-95,29,0.16,"Seriola lalandi","Fis-29523"
-94.5,29,0.13,"Seriola lalandi","Fis-29523"
-94,29,0.14,"Seriola lalandi","Fis-29523"
-93.5,29,0.12,"Seriola lalandi","Fis-29523"
-93,29,0.12,"Seriola lalandi","Fis-29523"
-92.5,29,0.15,"Seriola lalandi","Fis-29523"
-92,29,0.29,"Seriola lalandi","Fis-29523"
-91.5,29,0.45,"Seriola lalandi","Fis-29523"
-91,29,0.16,"Seriola lalandi","Fis-29523"
-90.5,29,0.62,"Seriola lalandi","Fis-29523"
-90,29,0.2,"Seriola lalandi","Fis-29523"
-89.5,29,0.23,"Seriola lalandi","Fis-29523"
-89,29,0.47,"Seriola lalandi","Fis-29523"
-88.5,29,0.6,"Seriola lalandi","Fis-29523"
-88,29,0.92,"Seriola lalandi","Fis-29523"
-87.5,29,0.83,"Seriola lalandi","Fis-29523"
-87,29,0.63,"Seriola lalandi","Fis-29523"
-86.5,29,0.61,"Seriola lalandi","Fis-29523"
-86,29,0.73,"Seriola lalandi","Fis-29523"
-85.5,29,0.88,"Seriola lalandi","Fis-29523"
-85,29,0.9,"Seriola lalandi","Fis-29523"
-84.5,29,0.29,"Seriola lalandi","Fis-29523"
-84,29,0.17,"Seriola lalandi","Fis-29523"
-83.5,29,0.14,"Seriola lalandi","Fis-29523"
-83,29,0.12,"Seriola lalandi","Fis-29523"
-82.5,29,0.04,"Seriola lalandi","Fis-29523"
-81,29,0.1,"Seriola lalandi","Fis-29523"
-80.5,29,0.68,"Seriola lalandi","Fis-29523"
-80,29,0.82,"Seriola lalandi","Fis-29523"
-79.5,29,0.85,"Seriola lalandi","Fis-29523"
-79,29,0.15,"Seriola lalandi","Fis-29523"
-78.5,29,0.11,"Seriola lalandi","Fis-29523"
-78,29,0.02,"Seriola lalandi","Fis-29523"
-77.5,29,0.1,"Seriola lalandi","Fis-29523"
48,29,0.51,"Seriola lalandi","Fis-29523"
48.5,29,0.61,"Seriola lalandi","Fis-29523"
49,29,0.38,"Seriola lalandi","Fis-29523"
49.5,29,0.14,"Seriola lalandi","Fis-29523"
50,29,0.03,"Seriola lalandi","Fis-29523"
51,29,0.12,"Seriola lalandi","Fis-29523"
122,29,0.19,"Seriola lalandi","Fis-29523"
122.5,29,0.08,"Seriola lalandi","Fis-29523"
123,29,0.56,"Seriola lalandi","Fis-29523"
123.5,29,0.74,"Seriola lalandi","Fis-29523"
124,29,0.79,"Seriola lalandi","Fis-29523"
124.5,29,1,"Seriola lalandi","Fis-29523"
125,29,1,"Seriola lalandi","Fis-29523"
125.5,29,0.99,"Seriola lalandi","Fis-29523"
126,29,1,"Seriola lalandi","Fis-29523"
126.5,29,1,"Seriola lalandi","Fis-29523"
127,29,1,"Seriola lalandi","Fis-29523"
127.5,29,1,"Seriola lalandi","Fis-29523"
128,29,0.78,"Seriola lalandi","Fis-29523"
129,29,1,"Seriola lalandi","Fis-29523"
129.5,29,1,"Seriola lalandi","Fis-29523"
130,29,1,"Seriola lalandi","Fis-29523"
130.5,29,1,"Seriola lalandi","Fis-29523"
131,29,0.52,"Seriola lalandi","Fis-29523"
-179.5,28.5,0.1,"Seriola lalandi","Fis-29523"
-178.5,28.5,0.13,"Seriola lalandi","Fis-29523"
-178,28.5,0.14,"Seriola lalandi","Fis-29523"
-176.5,28.5,0.13,"Seriola lalandi","Fis-29523"
-118,28.5,1,"Seriola lalandi","Fis-29523"
-115.5,28.5,1,"Seriola lalandi","Fis-29523"
-115,28.5,1,"Seriola lalandi","Fis-29523"
-114.5,28.5,0.97,"Seriola lalandi","Fis-29523"
-114,28.5,1,"Seriola lalandi","Fis-29523"
-113,28.5,1,"Seriola lalandi","Fis-29523"
-112.5,28.5,1,"Seriola lalandi","Fis-29523"
-112,28.5,0.93,"Seriola lalandi","Fis-29523"
-111.5,28.5,0.3,"Seriola lalandi","Fis-29523"
-96.5,28.5,0.39,"Seriola lalandi","Fis-29523"
-96,28.5,0.12,"Seriola lalandi","Fis-29523"
-95.5,28.5,0.2,"Seriola lalandi","Fis-29523"
-95,28.5,0.2,"Seriola lalandi","Fis-29523"
-94.5,28.5,0.15,"Seriola lalandi","Fis-29523"
-94,28.5,0.09,"Seriola lalandi","Fis-29523"
-93.5,28.5,0.1,"Seriola lalandi","Fis-29523"
-93,28.5,0.12,"Seriola lalandi","Fis-29523"
-92.5,28.5,0.09,"Seriola lalandi","Fis-29523"
-92,28.5,0.12,"Seriola lalandi","Fis-29523"
-91.5,28.5,0.2,"Seriola lalandi","Fis-29523"
-91,28.5,0.37,"Seriola lalandi","Fis-29523"
-90.5,28.5,0.37,"Seriola lalandi","Fis-29523"
-90,28.5,0.8,"Seriola lalandi","Fis-29523"
-89.5,28.5,0.82,"Seriola lalandi","Fis-29523"
-89,28.5,0.76,"Seriola lalandi","Fis-29523"
-88.5,28.5,0.92,"Seriola lalandi","Fis-29523"
-88,28.5,0.21,"Seriola lalandi","Fis-29523"
-87,28.5,0.03,"Seriola lalandi","Fis-29523"
-86.5,28.5,0.37,"Seriola lalandi","Fis-29523"
-86,28.5,0.47,"Seriola lalandi","Fis-29523"
-85.5,28.5,0.61,"Seriola lalandi","Fis-29523"
-85,28.5,0.69,"Seriola lalandi","Fis-29523"
-84.5,28.5,0.55,"Seriola lalandi","Fis-29523"
-84,28.5,0.16,"Seriola lalandi","Fis-29523"
-83.5,28.5,0.12,"Seriola lalandi","Fis-29523"
-83,28.5,0.12,"Seriola lalandi","Fis-29523"
-82.5,28.5,0.47,"Seriola lalandi","Fis-29523"
-80.5,28.5,0.66,"Seriola lalandi","Fis-29523"
-80,28.5,0.81,"Seriola lalandi","Fis-29523"
-79.5,28.5,0.85,"Seriola lalandi","Fis-29523"
-79,28.5,0.09,"Seriola lalandi","Fis-29523"
-78.5,28.5,0.02,"Seriola lalandi","Fis-29523"
48.5,28.5,0.49,"Seriola lalandi","Fis-29523"
49,28.5,0.48,"Seriola lalandi","Fis-29523"
49.5,28.5,0.03,"Seriola lalandi","Fis-29523"
51.5,28.5,0.15,"Seriola lalandi","Fis-29523"
122,28.5,0.25,"Seriola lalandi","Fis-29523"
122.5,28.5,0.48,"Seriola lalandi","Fis-29523"
123,28.5,0.72,"Seriola lalandi","Fis-29523"
123.5,28.5,0.81,"Seriola lalandi","Fis-29523"
124,28.5,0.89,"Seriola lalandi","Fis-29523"
124.5,28.5,0.98,"Seriola lalandi","Fis-29523"
125,28.5,1,"Seriola lalandi","Fis-29523"
125.5,28.5,1,"Seriola lalandi","Fis-29523"
126,28.5,1,"Seriola lalandi","Fis-29523"
126.5,28.5,1,"Seriola lalandi","Fis-29523"
127,28.5,1,"Seriola lalandi","Fis-29523"
127.5,28.5,1,"Seriola lalandi","Fis-29523"
128,28.5,0.19,"Seriola lalandi","Fis-29523"
128.5,28.5,0.47,"Seriola lalandi","Fis-29523"
129,28.5,1,"Seriola lalandi","Fis-29523"
129.5,28.5,1,"Seriola lalandi","Fis-29523"
130,28.5,1,"Seriola lalandi","Fis-29523"
130.5,28.5,1,"Seriola lalandi","Fis-29523"
-178,28,0.11,"Seriola lalandi","Fis-29523"
-177.5,28,0.11,"Seriola lalandi","Fis-29523"
-177,28,0.12,"Seriola lalandi","Fis-29523"
-175.5,28,0.11,"Seriola lalandi","Fis-29523"
-115.5,28,1,"Seriola lalandi","Fis-29523"
-115,28,1,"Seriola lalandi","Fis-29523"
-114.5,28,1,"Seriola lalandi","Fis-29523"
-114,28,1,"Seriola lalandi","Fis-29523"
-112.5,28,1,"Seriola lalandi","Fis-29523"
-112,28,0.73,"Seriola lalandi","Fis-29523"
-111.5,28,0.57,"Seriola lalandi","Fis-29523"
-111,28,0.75,"Seriola lalandi","Fis-29523"
-97,28,0.14,"Seriola lalandi","Fis-29523"
-96.5,28,0.44,"Seriola lalandi","Fis-29523"
-96,28,0.3,"Seriola lalandi","Fis-29523"
-95.5,28,0.22,"Seriola lalandi","Fis-29523"
-95,28,0.23,"Seriola lalandi","Fis-29523"
-94.5,28,0.17,"Seriola lalandi","Fis-29523"
-94,28,0.14,"Seriola lalandi","Fis-29523"
-93.5,28,0.17,"Seriola lalandi","Fis-29523"
-93,28,0.17,"Seriola lalandi","Fis-29523"
-92.5,28,0.17,"Seriola lalandi","Fis-29523"
-92,28,0.16,"Seriola lalandi","Fis-29523"
-91.5,28,0.16,"Seriola lalandi","Fis-29523"
-91,28,0.18,"Seriola lalandi","Fis-29523"
-90.5,28,0.23,"Seriola lalandi","Fis-29523"
-90,28,0.32,"Seriola lalandi","Fis-29523"
-89.5,28,0.33,"Seriola lalandi","Fis-29523"
-89,28,0.2,"Seriola lalandi","Fis-29523"
-86.5,28,0.12,"Seriola lalandi","Fis-29523"
-86,28,0.28,"Seriola lalandi","Fis-29523"
-85.5,28,0.37,"Seriola lalandi","Fis-29523"
-85,28,0.54,"Seriola lalandi","Fis-29523"
-84.5,28,0.54,"Seriola lalandi","Fis-29523"
-84,28,0.26,"Seriola lalandi","Fis-29523"
-83.5,28,0.08,"Seriola lalandi","Fis-29523"
-83,28,0.14,"Seriola lalandi","Fis-29523"
-82.5,28,0.34,"Seriola lalandi","Fis-29523"
-80.5,28,0.14,"Seriola lalandi","Fis-29523"
-80,28,0.65,"Seriola lalandi","Fis-29523"
-79.5,28,0.85,"Seriola lalandi","Fis-29523"
-79,28,0.26,"Seriola lalandi","Fis-29523"
-78.5,28,0.02,"Seriola lalandi","Fis-29523"
49,28,0.44,"Seriola lalandi","Fis-29523"
49.5,28,0.15,"Seriola lalandi","Fis-29523"
51.5,28,0.01,"Seriola lalandi","Fis-29523"
121.5,28,0.64,"Seriola lalandi","Fis-29523"
122,28,0.3,"Seriola lalandi","Fis-29523"
122.5,28,0.69,"Seriola lalandi","Fis-29523"
123,28,0.82,"Seriola lalandi","Fis-29523"
123.5,28,0.9,"Seriola lalandi","Fis-29523"
124,28,0.98,"Seriola lalandi","Fis-29523"
124.5,28,1,"Seriola lalandi","Fis-29523"
125,28,1,"Seriola lalandi","Fis-29523"
125.5,28,1,"Seriola lalandi","Fis-29523"
126,28,1,"Seriola lalandi","Fis-29523"
126.5,28,1,"Seriola lalandi","Fis-29523"
127,28,1,"Seriola lalandi","Fis-29523"
127.5,28,0.89,"Seriola lalandi","Fis-29523"
128,28,0.46,"Seriola lalandi","Fis-29523"
128.5,28,0.77,"Seriola lalandi","Fis-29523"
129,28,1,"Seriola lalandi","Fis-29523"
129.5,28,1,"Seriola lalandi","Fis-29523"
130,28,1,"Seriola lalandi","Fis-29523"
130.5,28,1,"Seriola lalandi","Fis-29523"
142,28,0.89,"Seriola lalandi","Fis-29523"
142.5,28,0.88,"Seriola lalandi","Fis-29523"
-177.5,27.5,0.1,"Seriola lalandi","Fis-29523"
-175.5,27.5,0.11,"Seriola lalandi","Fis-29523"
-171,27.5,0.01,"Seriola lalandi","Fis-29523"
-170.5,27.5,0.06,"Seriola lalandi","Fis-29523"
-115.5,27.5,1,"Seriola lalandi","Fis-29523"
-115,27.5,1,"Seriola lalandi","Fis-29523"
-114.5,27.5,1,"Seriola lalandi","Fis-29523"
-114,27.5,0.29,"Seriola lalandi","Fis-29523"
-112.5,27.5,1,"Seriola lalandi","Fis-29523"
-112,27.5,0.5,"Seriola lalandi","Fis-29523"
-111.5,27.5,0.39,"Seriola lalandi","Fis-29523"
-111,27.5,0.49,"Seriola lalandi","Fis-29523"
-110.5,27.5,0.8,"Seriola lalandi","Fis-29523"
-97,27.5,0.5,"Seriola lalandi","Fis-29523"
-96.5,27.5,0.48,"Seriola lalandi","Fis-29523"
-96,27.5,0.26,"Seriola lalandi","Fis-29523"
-95.5,27.5,0.21,"Seriola lalandi","Fis-29523"
-95,27.5,0.19,"Seriola lalandi","Fis-29523"
-94.5,27.5,0.18,"Seriola lalandi","Fis-29523"
-94,27.5,0.18,"Seriola lalandi","Fis-29523"
-93.5,27.5,0.18,"Seriola lalandi","Fis-29523"
-93,27.5,0.2,"Seriola lalandi","Fis-29523"
-92.5,27.5,0.2,"Seriola lalandi","Fis-29523"
-92,27.5,0.2,"Seriola lalandi","Fis-29523"
-91.5,27.5,0.19,"Seriola lalandi","Fis-29523"
-91,27.5,0.19,"Seriola lalandi","Fis-29523"
-90.5,27.5,0.2,"Seriola lalandi","Fis-29523"
-90,27.5,0.15,"Seriola lalandi","Fis-29523"
-89.5,27.5,0.08,"Seriola lalandi","Fis-29523"
-85.5,27.5,0.05,"Seriola lalandi","Fis-29523"
-85,27.5,0.31,"Seriola lalandi","Fis-29523"
-84.5,27.5,0.44,"Seriola lalandi","Fis-29523"
-84,27.5,0.33,"Seriola lalandi","Fis-29523"
-83.5,27.5,0.14,"Seriola lalandi","Fis-29523"
-83,27.5,0.14,"Seriola lalandi","Fis-29523"
-82.5,27.5,0.18,"Seriola lalandi","Fis-29523"
-82,27.5,0.02,"Seriola lalandi","Fis-29523"
-80,27.5,0.45,"Seriola lalandi","Fis-29523"
-79.5,27.5,0.85,"Seriola lalandi","Fis-29523"
-79,27.5,0.58,"Seriola lalandi","Fis-29523"
-78.5,27.5,0.46,"Seriola lalandi","Fis-29523"
-78,27.5,0.17,"Seriola lalandi","Fis-29523"
35,27.5,0.01,"Seriola lalandi","Fis-29523"
35.5,27.5,0.02,"Seriola lalandi","Fis-29523"
36,27.5,0.03,"Seriola lalandi","Fis-29523"
49,27.5,0.31,"Seriola lalandi","Fis-29523"
49.5,27.5,0.38,"Seriola lalandi","Fis-29523"
50,27.5,0.05,"Seriola lalandi","Fis-29523"
50.5,27.5,0.01,"Seriola lalandi","Fis-29523"
51,27.5,0.03,"Seriola lalandi","Fis-29523"
51.5,27.5,0.02,"Seriola lalandi","Fis-29523"
52,27.5,0.03,"Seriola lalandi","Fis-29523"
52.5,27.5,0.13,"Seriola lalandi","Fis-29523"
53,27.5,0.21,"Seriola lalandi","Fis-29523"
121,27.5,0.52,"Seriola lalandi","Fis-29523"
121.5,27.5,0.56,"Seriola lalandi","Fis-29523"
122,27.5,0.79,"Seriola lalandi","Fis-29523"
122.5,27.5,0.87,"Seriola lalandi","Fis-29523"
123,27.5,0.99,"Seriola lalandi","Fis-29523"
123.5,27.5,1,"Seriola lalandi","Fis-29523"
124,27.5,1,"Seriola lalandi","Fis-29523"
124.5,27.5,1,"Seriola lalandi","Fis-29523"
125,27.5,1,"Seriola lalandi","Fis-29523"
125.5,27.5,1,"Seriola lalandi","Fis-29523"
126,27.5,1,"Seriola lalandi","Fis-29523"
126.5,27.5,1,"Seriola lalandi","Fis-29523"
127,27.5,1,"Seriola lalandi","Fis-29523"
128,27.5,0.59,"Seriola lalandi","Fis-29523"
128.5,27.5,1,"Seriola lalandi","Fis-29523"
129,27.5,1,"Seriola lalandi","Fis-29523"
129.5,27.5,1,"Seriola lalandi","Fis-29523"
130,27.5,0.5,"Seriola lalandi","Fis-29523"
142,27.5,0.82,"Seriola lalandi","Fis-29523"
142.5,27.5,0.82,"Seriola lalandi","Fis-29523"
-176,27,0.1,"Seriola lalandi","Fis-29523"
-114.5,27,0.99,"Seriola lalandi","Fis-29523"
-114,27,1,"Seriola lalandi","Fis-29523"
-113.5,27,0.36,"Seriola lalandi","Fis-29523"
-112,27,0.34,"Seriola lalandi","Fis-29523"
-111.5,27,0.29,"Seriola lalandi","Fis-29523"
-110.5,27,0.58,"Seriola lalandi","Fis-29523"
-110,27,0.9,"Seriola lalandi","Fis-29523"
-109.5,27,0.09,"Seriola lalandi","Fis-29523"
-97,27,0.56,"Seriola lalandi","Fis-29523"
-96.5,27,0.22,"Seriola lalandi","Fis-29523"
-96,27,0.16,"Seriola lalandi","Fis-29523"
-95.5,27,0.12,"Seriola lalandi","Fis-29523"
-95,27,0.01,"Seriola lalandi","Fis-29523"
-93.5,27,0.08,"Seriola lalandi","Fis-29523"
-93,27,0.08,"Seriola lalandi","Fis-29523"
-92.5,27,0.03,"Seriola lalandi","Fis-29523"
-92,27,0.01,"Seriola lalandi","Fis-29523"
-85,27,0.12,"Seriola lalandi","Fis-29523"
-84.5,27,0.3,"Seriola lalandi","Fis-29523"
-84,27,0.31,"Seriola lalandi","Fis-29523"
-83.5,27,0.16,"Seriola lalandi","Fis-29523"
-83,27,0.09,"Seriola lalandi","Fis-29523"
-82.5,27,0.21,"Seriola lalandi","Fis-29523"
-82,27,0.08,"Seriola lalandi","Fis-29523"
-80,27,0.37,"Seriola lalandi","Fis-29523"
-79.5,27,0.49,"Seriola lalandi","Fis-29523"
-79,27,0.35,"Seriola lalandi","Fis-29523"
-78.5,27,0.57,"Seriola lalandi","Fis-29523"
-78,27,0.59,"Seriola lalandi","Fis-29523"
-77.5,27,0.34,"Seriola lalandi","Fis-29523"
-77,27,0.2,"Seriola lalandi","Fis-29523"
34.5,27,0.01,"Seriola lalandi","Fis-29523"
35.5,27,0.03,"Seriola lalandi","Fis-29523"
36,27,0.04,"Seriola lalandi","Fis-29523"
49.5,27,0.21,"Seriola lalandi","Fis-29523"
50,27,0.14,"Seriola lalandi","Fis-29523"
50.5,27,0.09,"Seriola lalandi","Fis-29523"
51,27,0.07,"Seriola lalandi","Fis-29523"
51.5,27,0.05,"Seriola lalandi","Fis-29523"
52,27,0.06,"Seriola lalandi","Fis-29523"
52.5,27,0.13,"Seriola lalandi","Fis-29523"
53,27,0.16,"Seriola lalandi","Fis-29523"
53.5,27,0.24,"Seriola lalandi","Fis-29523"
56,27,0.15,"Seriola lalandi","Fis-29523"
56.5,27,0.5,"Seriola lalandi","Fis-29523"
57,27,0.14,"Seriola lalandi","Fis-29523"
120.5,27,0.72,"Seriola lalandi","Fis-29523"
121,27,0.72,"Seriola lalandi","Fis-29523"
121.5,27,0.8,"Seriola lalandi","Fis-29523"
122,27,0.97,"Seriola lalandi","Fis-29523"
122.5,27,1,"Seriola lalandi","Fis-29523"
123,27,1,"Seriola lalandi","Fis-29523"
123.5,27,1,"Seriola lalandi","Fis-29523"
124,27,1,"Seriola lalandi","Fis-29523"
124.5,27,1,"Seriola lalandi","Fis-29523"
125,27,1,"Seriola lalandi","Fis-29523"
125.5,27,1,"Seriola lalandi","Fis-29523"
126,27,1,"Seriola lalandi","Fis-29523"
126.5,27,1,"Seriola lalandi","Fis-29523"
127.5,27,0.7,"Seriola lalandi","Fis-29523"
128,27,1,"Seriola lalandi","Fis-29523"
128.5,27,1,"Seriola lalandi","Fis-29523"
129,27,1,"Seriola lalandi","Fis-29523"
129.5,27,1,"Seriola lalandi","Fis-29523"
141,27,0.65,"Seriola lalandi","Fis-29523"
142.5,27,0.74,"Seriola lalandi","Fis-29523"
145.5,27,0.52,"Seriola lalandi","Fis-29523"
-176,26.5,0.1,"Seriola lalandi","Fis-29523"
-114,26.5,1,"Seriola lalandi","Fis-29523"
-113.5,26.5,0.98,"Seriola lalandi","Fis-29523"
-113,26.5,0.98,"Seriola lalandi","Fis-29523"
-112.5,26.5,0.17,"Seriola lalandi","Fis-29523"
-111.5,26.5,0.65,"Seriola lalandi","Fis-29523"
-111,26.5,0.27,"Seriola lalandi","Fis-29523"
-110,26.5,0.6,"Seriola lalandi","Fis-29523"
-109.5,26.5,1,"Seriola lalandi","Fis-29523"
-109,26.5,0.67,"Seriola lalandi","Fis-29523"
-97,26.5,0.2,"Seriola lalandi","Fis-29523"
-96.5,26.5,0.17,"Seriola lalandi","Fis-29523"
-96,26.5,0.11,"Seriola lalandi","Fis-29523"
-95.5,26.5,0.01,"Seriola lalandi","Fis-29523"
-84.5,26.5,0.19,"Seriola lalandi","Fis-29523"
-84,26.5,0.25,"Seriola lalandi","Fis-29523"
-83.5,26.5,0.17,"Seriola lalandi","Fis-29523"
-83,26.5,0.08,"Seriola lalandi","Fis-29523"
-82.5,26.5,0.2,"Seriola lalandi","Fis-29523"
-82,26.5,0.16,"Seriola lalandi","Fis-29523"
-80,26.5,0.8,"Seriola lalandi","Fis-29523"
-79.5,26.5,0.27,"Seriola lalandi","Fis-29523"
-79,26.5,0.17,"Seriola lalandi","Fis-29523"
-78.5,26.5,0.44,"Seriola lalandi","Fis-29523"
-78,26.5,0.44,"Seriola lalandi","Fis-29523"
-77.5,26.5,0.49,"Seriola lalandi","Fis-29523"
-77,26.5,0.38,"Seriola lalandi","Fis-29523"
-76.5,26.5,0.07,"Seriola lalandi","Fis-29523"
34.5,26.5,0.01,"Seriola lalandi","Fis-29523"
35.5,26.5,0.02,"Seriola lalandi","Fis-29523"
36,26.5,0.05,"Seriola lalandi","Fis-29523"
36.5,26.5,0.1,"Seriola lalandi","Fis-29523"
50,26.5,0.14,"Seriola lalandi","Fis-29523"
50.5,26.5,0.11,"Seriola lalandi","Fis-29523"
51,26.5,0.12,"Seriola lalandi","Fis-29523"
51.5,26.5,0.07,"Seriola lalandi","Fis-29523"
52,26.5,0.06,"Seriola lalandi","Fis-29523"
52.5,26.5,0.1,"Seriola lalandi","Fis-29523"
53,26.5,0.14,"Seriola lalandi","Fis-29523"
53.5,26.5,0.21,"Seriola lalandi","Fis-29523"
54,26.5,0.27,"Seriola lalandi","Fis-29523"
54.5,26.5,0.34,"Seriola lalandi","Fis-29523"
55,26.5,0.38,"Seriola lalandi","Fis-29523"
55.5,26.5,0.54,"Seriola lalandi","Fis-29523"
56,26.5,0.4,"Seriola lalandi","Fis-29523"
56.5,26.5,0.39,"Seriola lalandi","Fis-29523"
57,26.5,0.41,"Seriola lalandi","Fis-29523"
57.5,26.5,0.54,"Seriola lalandi","Fis-29523"
120,26.5,0.31,"Seriola lalandi","Fis-29523"
120.5,26.5,0.74,"Seriola lalandi","Fis-29523"
121,26.5,0.86,"Seriola lalandi","Fis-29523"
121.5,26.5,0.97,"Seriola lalandi","Fis-29523"
122,26.5,1,"Seriola lalandi","Fis-29523"
122.5,26.5,1,"Seriola lalandi","Fis-29523"
123,26.5,1,"Seriola lalandi","Fis-29523"
123.5,26.5,1,"Seriola lalandi","Fis-29523"
124,26.5,1,"Seriola lalandi","Fis-29523"
124.5,26.5,1,"Seriola lalandi","Fis-29523"
125,26.5,1,"Seriola lalandi","Fis-29523"
125.5,26.5,1,"Seriola lalandi","Fis-29523"
126,26.5,1,"Seriola lalandi","Fis-29523"
127,26.5,1,"Seriola lalandi","Fis-29523"
127.5,26.5,1,"Seriola lalandi","Fis-29523"
128,26.5,1,"Seriola lalandi","Fis-29523"
128.5,26.5,1,"Seriola lalandi","Fis-29523"
129,26.5,1,"Seriola lalandi","Fis-29523"
135.5,26.5,0.45,"Seriola lalandi","Fis-29523"
141,26.5,0.01,"Seriola lalandi","Fis-29523"
141.5,26.5,0.02,"Seriola lalandi","Fis-29523"
142.5,26.5,0.61,"Seriola lalandi","Fis-29523"
-174.5,26,0.11,"Seriola lalandi","Fis-29523"
-174,26,0.13,"Seriola lalandi","Fis-29523"
-173.5,26,0.12,"Seriola lalandi","Fis-29523"
-173,26,0.12,"Seriola lalandi","Fis-29523"
-113.5,26,1,"Seriola lalandi","Fis-29523"
-113,26,1,"Seriola lalandi","Fis-29523"
-112.5,26,1,"Seriola lalandi","Fis-29523"
-112,26,0.17,"Seriola lalandi","Fis-29523"
-111,26,0.29,"Seriola lalandi","Fis-29523"
-110.5,26,0.31,"Seriola lalandi","Fis-29523"
-110,26,0.05,"Seriola lalandi","Fis-29523"
-109.5,26,0.68,"Seriola lalandi","Fis-29523"
-109,26,1,"Seriola lalandi","Fis-29523"
-97,26,0.12,"Seriola lalandi","Fis-29523"
-96.5,26,0.11,"Seriola lalandi","Fis-29523"
-96,26,0.09,"Seriola lalandi","Fis-29523"
-84.5,26,0.11,"Seriola lalandi","Fis-29523"
-84,26,0.16,"Seriola lalandi","Fis-29523"
-83.5,26,0.14,"Seriola lalandi","Fis-29523"
-83,26,0.06,"Seriola lalandi","Fis-29523"
-82.5,26,0.03,"Seriola lalandi","Fis-29523"
-82,26,0.1,"Seriola lalandi","Fis-29523"
-81.5,26,0.09,"Seriola lalandi","Fis-29523"
-80,26,0.78,"Seriola lalandi","Fis-29523"
-79.5,26,0.44,"Seriola lalandi","Fis-29523"
-79,26,0.16,"Seriola lalandi","Fis-29523"
-78.5,26,0.16,"Seriola lalandi","Fis-29523"
-78,26,0.09,"Seriola lalandi","Fis-29523"
-77.5,26,0.2,"Seriola lalandi","Fis-29523"
-77,26,0.21,"Seriola lalandi","Fis-29523"
-76.5,26,0.03,"Seriola lalandi","Fis-29523"
34.5,26,0.02,"Seriola lalandi","Fis-29523"
35,26,0.03,"Seriola lalandi","Fis-29523"
35.5,26,0.01,"Seriola lalandi","Fis-29523"
36,26,0.03,"Seriola lalandi","Fis-29523"
36.5,26,0.1,"Seriola lalandi","Fis-29523"
37,26,0.01,"Seriola lalandi","Fis-29523"
50.5,26,0.21,"Seriola lalandi","Fis-29523"
51,26,0.07,"Seriola lalandi","Fis-29523"
51.5,26,0.08,"Seriola lalandi","Fis-29523"
52,26,0.06,"Seriola lalandi","Fis-29523"
52.5,26,0.06,"Seriola lalandi","Fis-29523"
53,26,0.09,"Seriola lalandi","Fis-29523"
53.5,26,0.1,"Seriola lalandi","Fis-29523"
54,26,0.12,"Seriola lalandi","Fis-29523"
54.5,26,0.16,"Seriola lalandi","Fis-29523"
55,26,0.21,"Seriola lalandi","Fis-29523"
55.5,26,0.25,"Seriola lalandi","Fis-29523"
56,26,0.25,"Seriola lalandi","Fis-29523"
56.5,26,0.44,"Seriola lalandi","Fis-29523"
57,26,0.53,"Seriola lalandi","Fis-29523"
57.5,26,0.53,"Seriola lalandi","Fis-29523"
120,26,0.48,"Seriola lalandi","Fis-29523"
120.5,26,0.86,"Seriola lalandi","Fis-29523"
121,26,0.94,"Seriola lalandi","Fis-29523"
121.5,26,0.99,"Seriola lalandi","Fis-29523"
122,26,1,"Seriola lalandi","Fis-29523"
122.5,26,1,"Seriola lalandi","Fis-29523"
123,26,1,"Seriola lalandi","Fis-29523"
123.5,26,1,"Seriola lalandi","Fis-29523"
124,26,1,"Seriola lalandi","Fis-29523"
124.5,26,1,"Seriola lalandi","Fis-29523"
125,26,1,"Seriola lalandi","Fis-29523"
125.5,26,1,"Seriola lalandi","Fis-29523"
127,26,1,"Seriola lalandi","Fis-29523"
127.5,26,1,"Seriola lalandi","Fis-29523"
128,26,1,"Seriola lalandi","Fis-29523"
128.5,26,1,"Seriola lalandi","Fis-29523"
131.5,26,0.53,"Seriola lalandi","Fis-29523"
136,26,0.55,"Seriola lalandi","Fis-29523"
141,26,0.09,"Seriola lalandi","Fis-29523"
141.5,26,0.19,"Seriola lalandi","Fis-29523"
142.5,26,0.48,"Seriola lalandi","Fis-29523"
144.5,26,0.12,"Seriola lalandi","Fis-29523"
-174,25.5,0.1,"Seriola lalandi","Fis-29523"
-173.5,25.5,0.12,"Seriola lalandi","Fis-29523"
-173,25.5,0.12,"Seriola lalandi","Fis-29523"
-172,25.5,0.13,"Seriola lalandi","Fis-29523"
-171.5,25.5,0.14,"Seriola lalandi","Fis-29523"
-171,25.5,0.16,"Seriola lalandi","Fis-29523"
-170.5,25.5,0.2,"Seriola lalandi","Fis-29523"
-170,25.5,0.14,"Seriola lalandi","Fis-29523"
-169.5,25.5,0.12,"Seriola lalandi","Fis-29523"
-169,25.5,0.12,"Seriola lalandi","Fis-29523"
-167.5,25.5,0.02,"Seriola lalandi","Fis-29523"
-113.5,25.5,0.7,"Seriola lalandi","Fis-29523"
-113,25.5,0.88,"Seriola lalandi","Fis-29523"
-112.5,25.5,1,"Seriola lalandi","Fis-29523"
-112,25.5,1,"Seriola lalandi","Fis-29523"
-111,25.5,0.31,"Seriola lalandi","Fis-29523"
-110.5,25.5,0.32,"Seriola lalandi","Fis-29523"
-109.5,25.5,0.67,"Seriola lalandi","Fis-29523"
-109,25.5,1,"Seriola lalandi","Fis-29523"
-97,25.5,0.18,"Seriola lalandi","Fis-29523"
-96.5,25.5,0.14,"Seriola lalandi","Fis-29523"
-96,25.5,0.07,"Seriola lalandi","Fis-29523"
-90,25.5,0.03,"Seriola lalandi","Fis-29523"
-84.5,25.5,0.1,"Seriola lalandi","Fis-29523"
-84,25.5,0.09,"Seriola lalandi","Fis-29523"
-83.5,25.5,0.1,"Seriola lalandi","Fis-29523"
-83,25.5,0.05,"Seriola lalandi","Fis-29523"
-82.5,25.5,0.04,"Seriola lalandi","Fis-29523"
-82,25.5,0.03,"Seriola lalandi","Fis-29523"
-81.5,25.5,0.19,"Seriola lalandi","Fis-29523"
-81,25.5,0.11,"Seriola lalandi","Fis-29523"
-80,25.5,0.85,"Seriola lalandi","Fis-29523"
-79.5,25.5,0.17,"Seriola lalandi","Fis-29523"
-79,25.5,0.28,"Seriola lalandi","Fis-29523"
-78.5,25.5,0.29,"Seriola lalandi","Fis-29523"
-78,25.5,0.2,"Seriola lalandi","Fis-29523"
-77.5,25.5,0.16,"Seriola lalandi","Fis-29523"
-77,25.5,0.06,"Seriola lalandi","Fis-29523"
-76.5,25.5,0.03,"Seriola lalandi","Fis-29523"
34.5,25.5,0.05,"Seriola lalandi","Fis-29523"
35,25.5,0.04,"Seriola lalandi","Fis-29523"
35.5,25.5,0.02,"Seriola lalandi","Fis-29523"
36.5,25.5,0.09,"Seriola lalandi","Fis-29523"
37,25.5,0.15,"Seriola lalandi","Fis-29523"
50.5,25.5,0.35,"Seriola lalandi","Fis-29523"
51,25.5,0.32,"Seriola lalandi","Fis-29523"
52,25.5,0.06,"Seriola lalandi","Fis-29523"
52.5,25.5,0.05,"Seriola lalandi","Fis-29523"
53,25.5,0.06,"Seriola lalandi","Fis-29523"
53.5,25.5,0.06,"Seriola lalandi","Fis-29523"
54,25.5,0.06,"Seriola lalandi","Fis-29523"
54.5,25.5,0.06,"Seriola lalandi","Fis-29523"
55,25.5,0.04,"Seriola lalandi","Fis-29523"
55.5,25.5,0.02,"Seriola lalandi","Fis-29523"
56,25.5,0.03,"Seriola lalandi","Fis-29523"
56.5,25.5,0.47,"Seriola lalandi","Fis-29523"
57,25.5,0.52,"Seriola lalandi","Fis-29523"
57.5,25.5,0.59,"Seriola lalandi","Fis-29523"
58,25.5,0.63,"Seriola lalandi","Fis-29523"
58.5,25.5,0.63,"Seriola lalandi","Fis-29523"
59,25.5,0.28,"Seriola lalandi","Fis-29523"
66.5,25.5,0.5,"Seriola lalandi","Fis-29523"
119.5,25.5,0.06,"Seriola lalandi","Fis-29523"
120,25.5,0.36,"Seriola lalandi","Fis-29523"
120.5,25.5,0.9,"Seriola lalandi","Fis-29523"
121,25.5,0.96,"Seriola lalandi","Fis-29523"
121.5,25.5,0.99,"Seriola lalandi","Fis-29523"
122,25.5,1,"Seriola lalandi","Fis-29523"
122.5,25.5,1,"Seriola lalandi","Fis-29523"
123,25.5,1,"Seriola lalandi","Fis-29523"
123.5,25.5,1,"Seriola lalandi","Fis-29523"
124,25.5,1,"Seriola lalandi","Fis-29523"
124.5,25.5,1,"Seriola lalandi","Fis-29523"
125,25.5,1,"Seriola lalandi","Fis-29523"
126,25.5,1,"Seriola lalandi","Fis-29523"
126.5,25.5,1,"Seriola lalandi","Fis-29523"
127,25.5,1,"Seriola lalandi","Fis-29523"
127.5,25.5,1,"Seriola lalandi","Fis-29523"
128,25.5,0.89,"Seriola lalandi","Fis-29523"
131.5,25.5,0.84,"Seriola lalandi","Fis-29523"
141.5,25.5,0.33,"Seriola lalandi","Fis-29523"
-172,25,0.12,"Seriola lalandi","Fis-29523"
-171.5,25,0.13,"Seriola lalandi","Fis-29523"
-171,25,0.15,"Seriola lalandi","Fis-29523"
-170.5,25,0.18,"Seriola lalandi","Fis-29523"
-170,25,0.13,"Seriola lalandi","Fis-29523"
-169.5,25,0.11,"Seriola lalandi","Fis-29523"
-169,25,0.08,"Seriola lalandi","Fis-29523"
-168.5,25,0.04,"Seriola lalandi","Fis-29523"
-168,25,0.16,"Seriola lalandi","Fis-29523"
-167.5,25,0.14,"Seriola lalandi","Fis-29523"
-167,25,0.03,"Seriola lalandi","Fis-29523"
-115.5,25,0.11,"Seriola lalandi","Fis-29523"
-113,25,0.44,"Seriola lalandi","Fis-29523"
-112.5,25,0.64,"Seriola lalandi","Fis-29523"
-112,25,1,"Seriola lalandi","Fis-29523"
-110.5,25,0.33,"Seriola lalandi","Fis-29523"
-110,25,0.38,"Seriola lalandi","Fis-29523"
-109,25,0.91,"Seriola lalandi","Fis-29523"
-108.5,25,1,"Seriola lalandi","Fis-29523"
-108,25,1,"Seriola lalandi","Fis-29523"
-97.5,25,0.02,"Seriola lalandi","Fis-29523"
-97,25,0.13,"Seriola lalandi","Fis-29523"
-96.5,25,0.09,"Seriola lalandi","Fis-29523"
-96,25,0.03,"Seriola lalandi","Fis-29523"
-84,25,0.11,"Seriola lalandi","Fis-29523"
-83.5,25,0.08,"Seriola lalandi","Fis-29523"
-83,25,0.05,"Seriola lalandi","Fis-29523"
-82.5,25,0.03,"Seriola lalandi","Fis-29523"
-82,25,0.04,"Seriola lalandi","Fis-29523"
-81.5,25,0.05,"Seriola lalandi","Fis-29523"
-81,25,0.07,"Seriola lalandi","Fis-29523"
-80.5,25,0.01,"Seriola lalandi","Fis-29523"
-80,25,0.12,"Seriola lalandi","Fis-29523"
-79.5,25,0.08,"Seriola lalandi","Fis-29523"
-79,25,0.15,"Seriola lalandi","Fis-29523"
-78.5,25,0.17,"Seriola lalandi","Fis-29523"
-78,25,0.14,"Seriola lalandi","Fis-29523"
-77.5,25,0.02,"Seriola lalandi","Fis-29523"
-77,25,0.04,"Seriola lalandi","Fis-29523"
-76.5,25,0.06,"Seriola lalandi","Fis-29523"
-76,25,0.03,"Seriola lalandi","Fis-29523"
35,25,0.05,"Seriola lalandi","Fis-29523"
35.5,25,0.06,"Seriola lalandi","Fis-29523"
36,25,0.04,"Seriola lalandi","Fis-29523"
37,25,0.13,"Seriola lalandi","Fis-29523"
37.5,25,0.16,"Seriola lalandi","Fis-29523"
50.5,25,0.09,"Seriola lalandi","Fis-29523"
51,25,0.39,"Seriola lalandi","Fis-29523"
52,25,0.06,"Seriola lalandi","Fis-29523"
52.5,25,0.03,"Seriola lalandi","Fis-29523"
53,25,0.02,"Seriola lalandi","Fis-29523"
53.5,25,0.02,"Seriola lalandi","Fis-29523"
54,25,0.02,"Seriola lalandi","Fis-29523"
54.5,25,0.01,"Seriola lalandi","Fis-29523"
55.5,25,0.04,"Seriola lalandi","Fis-29523"
56,25,0.01,"Seriola lalandi","Fis-29523"
56.5,25,0.34,"Seriola lalandi","Fis-29523"
57,25,0.51,"Seriola lalandi","Fis-29523"
57.5,25,0.54,"Seriola lalandi","Fis-29523"
58,25,0.57,"Seriola lalandi","Fis-29523"
58.5,25,0.61,"Seriola lalandi","Fis-29523"
59,25,0.64,"Seriola lalandi","Fis-29523"
59.5,25,0.66,"Seriola lalandi","Fis-29523"
60,25,0.66,"Seriola lalandi","Fis-29523"
60.5,25,0.65,"Seriola lalandi","Fis-29523"
61,25,0.66,"Seriola lalandi","Fis-29523"
61.5,25,0.66,"Seriola lalandi","Fis-29523"
62,25,0.13,"Seriola lalandi","Fis-29523"
62.5,25,0.67,"Seriola lalandi","Fis-29523"
63,25,0.66,"Seriola lalandi","Fis-29523"
63.5,25,0.31,"Seriola lalandi","Fis-29523"
64,25,0.64,"Seriola lalandi","Fis-29523"
64.5,25,0.63,"Seriola lalandi","Fis-29523"
65,25,0.62,"Seriola lalandi","Fis-29523"
65.5,25,0.74,"Seriola lalandi","Fis-29523"
66,25,0.72,"Seriola lalandi","Fis-29523"
66.5,25,0.66,"Seriola lalandi","Fis-29523"
67,25,0.91,"Seriola lalandi","Fis-29523"
119,25,0.1,"Seriola lalandi","Fis-29523"
119.5,25,0.65,"Seriola lalandi","Fis-29523"
120,25,0.78,"Seriola lalandi","Fis-29523"
120.5,25,0.87,"Seriola lalandi","Fis-29523"
121,25,0.99,"Seriola lalandi","Fis-29523"
121.5,25,1,"Seriola lalandi","Fis-29523"
122,25,1,"Seriola lalandi","Fis-29523"
122.5,25,1,"Seriola lalandi","Fis-29523"
123,25,0.89,"Seriola lalandi","Fis-29523"
125.5,25,1,"Seriola lalandi","Fis-29523"
126,25,1,"Seriola lalandi","Fis-29523"
126.5,25,1,"Seriola lalandi","Fis-29523"
127,25,0.98,"Seriola lalandi","Fis-29523"
141.5,25,0.22,"Seriola lalandi","Fis-29523"
-168,24.5,0.14,"Seriola lalandi","Fis-29523"
-167.5,24.5,0.13,"Seriola lalandi","Fis-29523"
-167,24.5,0.11,"Seriola lalandi","Fis-29523"
-166.5,24.5,0.11,"Seriola lalandi","Fis-29523"
-115.5,24.5,0.23,"Seriola lalandi","Fis-29523"
-112.5,24.5,0.47,"Seriola lalandi","Fis-29523"
-112,24.5,0.89,"Seriola lalandi","Fis-29523"
-111.5,24.5,0.66,"Seriola lalandi","Fis-29523"
-110.5,24.5,0.39,"Seriola lalandi","Fis-29523"
-110,24.5,0.39,"Seriola lalandi","Fis-29523"
-109.5,24.5,0.38,"Seriola lalandi","Fis-29523"
-108.5,24.5,0.77,"Seriola lalandi","Fis-29523"
-108,24.5,1,"Seriola lalandi","Fis-29523"
-107.5,24.5,0.5,"Seriola lalandi","Fis-29523"
-97.5,24.5,0.05,"Seriola lalandi","Fis-29523"
-97,24.5,0.14,"Seriola lalandi","Fis-29523"
-96.5,24.5,0.06,"Seriola lalandi","Fis-29523"
-96,24.5,0.01,"Seriola lalandi","Fis-29523"
-84,24.5,0.16,"Seriola lalandi","Fis-29523"
-83.5,24.5,0.08,"Seriola lalandi","Fis-29523"
-83,24.5,0.06,"Seriola lalandi","Fis-29523"
-82.5,24.5,0.07,"Seriola lalandi","Fis-29523"
-82,24.5,0.09,"Seriola lalandi","Fis-29523"
-81.5,24.5,0.14,"Seriola lalandi","Fis-29523"
-81,24.5,0.16,"Seriola lalandi","Fis-29523"
-80.5,24.5,0.1,"Seriola lalandi","Fis-29523"
-80,24.5,0.08,"Seriola lalandi","Fis-29523"
-79.5,24.5,0.06,"Seriola lalandi","Fis-29523"
-79,24.5,0.12,"Seriola lalandi","Fis-29523"
-78.5,24.5,0.11,"Seriola lalandi","Fis-29523"
-78,24.5,0.1,"Seriola lalandi","Fis-29523"
-77.5,24.5,0.01,"Seriola lalandi","Fis-29523"
-77,24.5,0.04,"Seriola lalandi","Fis-29523"
-76.5,24.5,0.01,"Seriola lalandi","Fis-29523"
-76,24.5,0.01,"Seriola lalandi","Fis-29523"
-75.5,24.5,0.01,"Seriola lalandi","Fis-29523"
35,24.5,0.01,"Seriola lalandi","Fis-29523"
35.5,24.5,0.08,"Seriola lalandi","Fis-29523"
36,24.5,0.09,"Seriola lalandi","Fis-29523"
37,24.5,0.1,"Seriola lalandi","Fis-29523"
37.5,24.5,0.12,"Seriola lalandi","Fis-29523"
51,24.5,0.26,"Seriola lalandi","Fis-29523"
51.5,24.5,0.07,"Seriola lalandi","Fis-29523"
52,24.5,0.09,"Seriola lalandi","Fis-29523"
52.5,24.5,0.04,"Seriola lalandi","Fis-29523"
53,24.5,0.02,"Seriola lalandi","Fis-29523"
53.5,24.5,0.01,"Seriola lalandi","Fis-29523"
55,24.5,0.03,"Seriola lalandi","Fis-29523"
56.5,24.5,0.15,"Seriola lalandi","Fis-29523"
57,24.5,0.51,"Seriola lalandi","Fis-29523"
57.5,24.5,0.52,"Seriola lalandi","Fis-29523"
59,24.5,0.17,"Seriola lalandi","Fis-29523"
59.5,24.5,0.03,"Seriola lalandi","Fis-29523"
60,24.5,0.32,"Seriola lalandi","Fis-29523"
61,24.5,0.2,"Seriola lalandi","Fis-29523"
61.5,24.5,0.66,"Seriola lalandi","Fis-29523"
62,24.5,0.67,"Seriola lalandi","Fis-29523"
62.5,24.5,0.67,"Seriola lalandi","Fis-29523"
63,24.5,0.67,"Seriola lalandi","Fis-29523"
63.5,24.5,0.64,"Seriola lalandi","Fis-29523"
64,24.5,0.6,"Seriola lalandi","Fis-29523"
64.5,24.5,0.54,"Seriola lalandi","Fis-29523"
65,24.5,0.5,"Seriola lalandi","Fis-29523"
66,24.5,0.51,"Seriola lalandi","Fis-29523"
66.5,24.5,0.55,"Seriola lalandi","Fis-29523"
67,24.5,0.54,"Seriola lalandi","Fis-29523"
67.5,24.5,1,"Seriola lalandi","Fis-29523"
118.5,24.5,0.27,"Seriola lalandi","Fis-29523"
119,24.5,0.43,"Seriola lalandi","Fis-29523"
119.5,24.5,0.76,"Seriola lalandi","Fis-29523"
120,24.5,0.88,"Seriola lalandi","Fis-29523"
120.5,24.5,1,"Seriola lalandi","Fis-29523"
121,24.5,0.95,"Seriola lalandi","Fis-29523"
122,24.5,1,"Seriola lalandi","Fis-29523"
122.5,24.5,1,"Seriola lalandi","Fis-29523"
123,24.5,1,"Seriola lalandi","Fis-29523"
123.5,24.5,1,"Seriola lalandi","Fis-29523"
124,24.5,1,"Seriola lalandi","Fis-29523"
124.5,24.5,1,"Seriola lalandi","Fis-29523"
125,24.5,1,"Seriola lalandi","Fis-29523"
125.5,24.5,1,"Seriola lalandi","Fis-29523"
126,24.5,1,"Seriola lalandi","Fis-29523"
126.5,24.5,0.9,"Seriola lalandi","Fis-29523"
131.5,24.5,0.56,"Seriola lalandi","Fis-29523"
141.5,24.5,0.2,"Seriola lalandi","Fis-29523"
-167.5,24,0.11,"Seriola lalandi","Fis-29523"
-167,24,0.11,"Seriola lalandi","Fis-29523"
-166.5,24,0.11,"Seriola lalandi","Fis-29523"
-166,24,0.02,"Seriola lalandi","Fis-29523"
-165.5,24,0.1,"Seriola lalandi","Fis-29523"
-112.5,24,0.1,"Seriola lalandi","Fis-29523"
-112,24,0.41,"Seriola lalandi","Fis-29523"
-111.5,24,0.4,"Seriola lalandi","Fis-29523"
-111,24,0.35,"Seriola lalandi","Fis-29523"
-110.5,24,0.37,"Seriola lalandi","Fis-29523"
-110,24,0.38,"Seriola lalandi","Fis-29523"
-109.5,24,0.39,"Seriola lalandi","Fis-29523"
-109,24,0.4,"Seriola lalandi","Fis-29523"
-108,24,0.78,"Seriola lalandi","Fis-29523"
-107.5,24,1,"Seriola lalandi","Fis-29523"
-107,24,1,"Seriola lalandi","Fis-29523"
-97.5,24,0.06,"Seriola lalandi","Fis-29523"
-97,24,0.17,"Seriola lalandi","Fis-29523"
-96.5,24,0.02,"Seriola lalandi","Fis-29523"
-88.5,24,0.04,"Seriola lalandi","Fis-29523"
-88,24,0.08,"Seriola lalandi","Fis-29523"
-87.5,24,0.12,"Seriola lalandi","Fis-29523"
-87,24,0.16,"Seriola lalandi","Fis-29523"
-83.5,24,0.1,"Seriola lalandi","Fis-29523"
-83,24,0.1,"Seriola lalandi","Fis-29523"
-82.5,24,0.08,"Seriola lalandi","Fis-29523"
-82,24,0.08,"Seriola lalandi","Fis-29523"
-81.5,24,0.07,"Seriola lalandi","Fis-29523"
-81,24,0.08,"Seriola lalandi","Fis-29523"
-80.5,24,0.09,"Seriola lalandi","Fis-29523"
-80,24,0.16,"Seriola lalandi","Fis-29523"
-79.5,24,0.1,"Seriola lalandi","Fis-29523"
-79,24,0.12,"Seriola lalandi","Fis-29523"
-78.5,24,0.08,"Seriola lalandi","Fis-29523"
-78,24,0.06,"Seriola lalandi","Fis-29523"
-77.5,24,0.03,"Seriola lalandi","Fis-29523"
-77,24,0.01,"Seriola lalandi","Fis-29523"
-76.5,24,0.05,"Seriola lalandi","Fis-29523"
-76,24,0.01,"Seriola lalandi","Fis-29523"
-75.5,24,0.01,"Seriola lalandi","Fis-29523"
35.5,24,0.11,"Seriola lalandi","Fis-29523"
36,24,0.1,"Seriola lalandi","Fis-29523"
36.5,24,0.05,"Seriola lalandi","Fis-29523"
37,24,0.03,"Seriola lalandi","Fis-29523"
37.5,24,0.11,"Seriola lalandi","Fis-29523"
38,24,0.11,"Seriola lalandi","Fis-29523"
38.5,24,0.07,"Seriola lalandi","Fis-29523"
51.5,24,0.13,"Seriola lalandi","Fis-29523"
52,24,0.13,"Seriola lalandi","Fis-29523"
52.5,24,0.09,"Seriola lalandi","Fis-29523"
53,24,0.05,"Seriola lalandi","Fis-29523"
53.5,24,0.01,"Seriola lalandi","Fis-29523"
54,24,0.03,"Seriola lalandi","Fis-29523"
54.5,24,0.02,"Seriola lalandi","Fis-29523"
57,24,0.21,"Seriola lalandi","Fis-29523"
57.5,24,0.51,"Seriola lalandi","Fis-29523"
58,24,0.53,"Seriola lalandi","Fis-29523"
58.5,24,0.17,"Seriola lalandi","Fis-29523"
66,24,0.45,"Seriola lalandi","Fis-29523"
66.5,24,0.5,"Seriola lalandi","Fis-29523"
67,24,0.71,"Seriola lalandi","Fis-29523"
67.5,24,0.77,"Seriola lalandi","Fis-29523"
118,24,0.3,"Seriola lalandi","Fis-29523"
118.5,24,0.86,"Seriola lalandi","Fis-29523"
119,24,0.92,"Seriola lalandi","Fis-29523"
119.5,24,1,"Seriola lalandi","Fis-29523"
120,24,1,"Seriola lalandi","Fis-29523"
120.5,24,0.9,"Seriola lalandi","Fis-29523"
121,24,0.51,"Seriola lalandi","Fis-29523"
122,24,1,"Seriola lalandi","Fis-29523"
122.5,24,1,"Seriola lalandi","Fis-29523"
123,24,1,"Seriola lalandi","Fis-29523"
123.5,24,1,"Seriola lalandi","Fis-29523"
124,24,1,"Seriola lalandi","Fis-29523"
124.5,24,1,"Seriola lalandi","Fis-29523"
125,24,1,"Seriola lalandi","Fis-29523"
125.5,24,0.67,"Seriola lalandi","Fis-29523"
126,24,0.04,"Seriola lalandi","Fis-29523"
141.5,24,0.2,"Seriola lalandi","Fis-29523"
142,24,0.2,"Seriola lalandi","Fis-29523"
154.5,24,0.19,"Seriola lalandi","Fis-29523"
-166.5,23.5,0.09,"Seriola lalandi","Fis-29523"
-166,23.5,0.13,"Seriola lalandi","Fis-29523"
-165.5,23.5,0.11,"Seriola lalandi","Fis-29523"
-165,23.5,0.11,"Seriola lalandi","Fis-29523"
-164.5,23.5,0.14,"Seriola lalandi","Fis-29523"
-164,23.5,0.12,"Seriola lalandi","Fis-29523"
-112,23.5,0.23,"Seriola lalandi","Fis-29523"
-111.5,23.5,0.27,"Seriola lalandi","Fis-29523"
-111,23.5,0.31,"Seriola lalandi","Fis-29523"
-110.5,23.5,0.36,"Seriola lalandi","Fis-29523"
-110,23.5,0.36,"Seriola lalandi","Fis-29523"
-109.5,23.5,0.37,"Seriola lalandi","Fis-29523"
-109,23.5,0.37,"Seriola lalandi","Fis-29523"
-108,23.5,0.25,"Seriola lalandi","Fis-29523"
-107.5,23.5,0.67,"Seriola lalandi","Fis-29523"
-107,23.5,1,"Seriola lalandi","Fis-29523"
-106.5,23.5,0.98,"Seriola lalandi","Fis-29523"
-97.5,23.5,0.29,"Seriola lalandi","Fis-29523"
-97,23.5,0.18,"Seriola lalandi","Fis-29523"
-89.5,23.5,0.03,"Seriola lalandi","Fis-29523"
-89,23.5,0.04,"Seriola lalandi","Fis-29523"
-88.5,23.5,0.04,"Seriola lalandi","Fis-29523"
-88,23.5,0.07,"Seriola lalandi","Fis-29523"
-87.5,23.5,0.13,"Seriola lalandi","Fis-29523"
-87,23.5,0.19,"Seriola lalandi","Fis-29523"
-86.5,23.5,0.13,"Seriola lalandi","Fis-29523"
-80,23.5,0.23,"Seriola lalandi","Fis-29523"
-79.5,23.5,0.24,"Seriola lalandi","Fis-29523"
-79,23.5,0.11,"Seriola lalandi","Fis-29523"
-78.5,23.5,0.09,"Seriola lalandi","Fis-29523"
-78,23.5,0.05,"Seriola lalandi","Fis-29523"
-77.5,23.5,0.05,"Seriola lalandi","Fis-29523"
-77,23.5,0.01,"Seriola lalandi","Fis-29523"
-76.5,23.5,0.02,"Seriola lalandi","Fis-29523"
-76,23.5,0.03,"Seriola lalandi","Fis-29523"
36,23.5,0.11,"Seriola lalandi","Fis-29523"
36.5,23.5,0.1,"Seriola lalandi","Fis-29523"
37.5,23.5,0.04,"Seriola lalandi","Fis-29523"
38,23.5,0.11,"Seriola lalandi","Fis-29523"
38.5,23.5,0.12,"Seriola lalandi","Fis-29523"
39,23.5,0.04,"Seriola lalandi","Fis-29523"
51.5,23.5,0.1,"Seriola lalandi","Fis-29523"
52,23.5,0.04,"Seriola lalandi","Fis-29523"
57.5,23.5,0.08,"Seriola lalandi","Fis-29523"
58,23.5,0.58,"Seriola lalandi","Fis-29523"
58.5,23.5,0.56,"Seriola lalandi","Fis-29523"
59,23.5,0.58,"Seriola lalandi","Fis-29523"
66,23.5,0.45,"Seriola lalandi","Fis-29523"
66.5,23.5,0.49,"Seriola lalandi","Fis-29523"
67,23.5,0.76,"Seriola lalandi","Fis-29523"
67.5,23.5,0.85,"Seriola lalandi","Fis-29523"
68,23.5,0.76,"Seriola lalandi","Fis-29523"
68.5,23.5,0.91,"Seriola lalandi","Fis-29523"
117,23.5,0.11,"Seriola lalandi","Fis-29523"
117.5,23.5,0.42,"Seriola lalandi","Fis-29523"
118,23.5,0.79,"Seriola lalandi","Fis-29523"
118.5,23.5,0.91,"Seriola lalandi","Fis-29523"
119,23.5,0.93,"Seriola lalandi","Fis-29523"
119.5,23.5,1,"Seriola lalandi","Fis-29523"
120,23.5,1,"Seriola lalandi","Fis-29523"
120.5,23.5,0.76,"Seriola lalandi","Fis-29523"
122,23.5,1,"Seriola lalandi","Fis-29523"
142,23.5,0.21,"Seriola lalandi","Fis-29523"
157.5,23.5,0.19,"Seriola lalandi","Fis-29523"
-164.5,23,0.12,"Seriola lalandi","Fis-29523"
-164,23,0.11,"Seriola lalandi","Fis-29523"
-163.5,23,0.08,"Seriola lalandi","Fis-29523"
-163,23,0.09,"Seriola lalandi","Fis-29523"
-162.5,23,0.1,"Seriola lalandi","Fis-29523"
-162,23,0.11,"Seriola lalandi","Fis-29523"
-161.5,23,0.11,"Seriola lalandi","Fis-29523"
-111.5,23,0.15,"Seriola lalandi","Fis-29523"
-111,23,0.2,"Seriola lalandi","Fis-29523"
-110.5,23,0.27,"Seriola lalandi","Fis-29523"
-110,23,0.34,"Seriola lalandi","Fis-29523"
-109.5,23,0.33,"Seriola lalandi","Fis-29523"
-109,23,0.33,"Seriola lalandi","Fis-29523"
-107,23,0.61,"Seriola lalandi","Fis-29523"
-106.5,23,0.96,"Seriola lalandi","Fis-29523"
-106,23,0.95,"Seriola lalandi","Fis-29523"
-97.5,23,0.54,"Seriola lalandi","Fis-29523"
-97,23,0.22,"Seriola lalandi","Fis-29523"
-90,23,0.03,"Seriola lalandi","Fis-29523"
-89.5,23,0.05,"Seriola lalandi","Fis-29523"
-89,23,0.07,"Seriola lalandi","Fis-29523"
-88.5,23,0.08,"Seriola lalandi","Fis-29523"
-88,23,0.12,"Seriola lalandi","Fis-29523"
-87.5,23,0.2,"Seriola lalandi","Fis-29523"
-87,23,0.25,"Seriola lalandi","Fis-29523"
-86.5,23,0.27,"Seriola lalandi","Fis-29523"
-83,23,0.1,"Seriola lalandi","Fis-29523"
-82.5,23,0.1,"Seriola lalandi","Fis-29523"
-82,23,0.1,"Seriola lalandi","Fis-29523"
-81.5,23,0.11,"Seriola lalandi","Fis-29523"
-81,23,0.15,"Seriola lalandi","Fis-29523"
-80.5,23,0.19,"Seriola lalandi","Fis-29523"
-80,23,0.14,"Seriola lalandi","Fis-29523"
-79.5,23,0.08,"Seriola lalandi","Fis-29523"
-79,23,0.08,"Seriola lalandi","Fis-29523"
-78.5,23,0.12,"Seriola lalandi","Fis-29523"
-78,23,0.11,"Seriola lalandi","Fis-29523"
-77.5,23,0.05,"Seriola lalandi","Fis-29523"
-77,23,0.04,"Seriola lalandi","Fis-29523"
-76.5,23,0.04,"Seriola lalandi","Fis-29523"
-76,23,0.04,"Seriola lalandi","Fis-29523"
-75.5,23,0.04,"Seriola lalandi","Fis-29523"
-75,23,0.02,"Seriola lalandi","Fis-29523"
36,23,0.17,"Seriola lalandi","Fis-29523"
36.5,23,0.11,"Seriola lalandi","Fis-29523"
37,23,0.04,"Seriola lalandi","Fis-29523"
38,23,0.1,"Seriola lalandi","Fis-29523"
38.5,23,0.13,"Seriola lalandi","Fis-29523"
39,23,0.2,"Seriola lalandi","Fis-29523"
59,23,0.65,"Seriola lalandi","Fis-29523"
59.5,23,0.62,"Seriola lalandi","Fis-29523"
66.5,23,0.5,"Seriola lalandi","Fis-29523"
67,23,0.67,"Seriola lalandi","Fis-29523"
67.5,23,0.89,"Seriola lalandi","Fis-29523"
68,23,0.47,"Seriola lalandi","Fis-29523"
68.5,23,1,"Seriola lalandi","Fis-29523"
69,23,0.36,"Seriola lalandi","Fis-29523"
117,23,0.37,"Seriola lalandi","Fis-29523"
117.5,23,0.6,"Seriola lalandi","Fis-29523"
118,23,0.78,"Seriola lalandi","Fis-29523"
118.5,23,0.86,"Seriola lalandi","Fis-29523"
119,23,0.94,"Seriola lalandi","Fis-29523"
119.5,23,1,"Seriola lalandi","Fis-29523"
120,23,1,"Seriola lalandi","Fis-29523"
120.5,23,1,"Seriola lalandi","Fis-29523"
121.5,23,1,"Seriola lalandi","Fis-29523"
122,23,1,"Seriola lalandi","Fis-29523"
141.5,23,0.05,"Seriola lalandi","Fis-29523"
142,23,0.22,"Seriola lalandi","Fis-29523"
153.5,23,0.04,"Seriola lalandi","Fis-29523"
176,23,0.01,"Seriola lalandi","Fis-29523"
-162,22.5,0.09,"Seriola lalandi","Fis-29523"
-161,22.5,0.11,"Seriola lalandi","Fis-29523"
-160.5,22.5,0.13,"Seriola lalandi","Fis-29523"
-110,22.5,0.28,"Seriola lalandi","Fis-29523"
-109.5,22.5,0.3,"Seriola lalandi","Fis-29523"
-109,22.5,0.29,"Seriola lalandi","Fis-29523"
-107.5,22.5,0.02,"Seriola lalandi","Fis-29523"
-107,22.5,0.12,"Seriola lalandi","Fis-29523"
-106.5,22.5,0.81,"Seriola lalandi","Fis-29523"
-106,22.5,0.97,"Seriola lalandi","Fis-29523"
-105.5,22.5,0.62,"Seriola lalandi","Fis-29523"
-97.5,22.5,0.88,"Seriola lalandi","Fis-29523"
-97,22.5,0.25,"Seriola lalandi","Fis-29523"
-91,22.5,0.07,"Seriola lalandi","Fis-29523"
-90.5,22.5,0.08,"Seriola lalandi","Fis-29523"
-90,22.5,0.11,"Seriola lalandi","Fis-29523"
-89.5,22.5,0.14,"Seriola lalandi","Fis-29523"
-89,22.5,0.17,"Seriola lalandi","Fis-29523"
-88.5,22.5,0.23,"Seriola lalandi","Fis-29523"
-88,22.5,0.32,"Seriola lalandi","Fis-29523"
-87.5,22.5,0.33,"Seriola lalandi","Fis-29523"
-87,22.5,0.42,"Seriola lalandi","Fis-29523"
-86.5,22.5,0.41,"Seriola lalandi","Fis-29523"
-86,22.5,0.24,"Seriola lalandi","Fis-29523"
-84,22.5,0.06,"Seriola lalandi","Fis-29523"
-83.5,22.5,0.06,"Seriola lalandi","Fis-29523"
-83,22.5,0.07,"Seriola lalandi","Fis-29523"
-82.5,22.5,0.09,"Seriola lalandi","Fis-29523"
-82,22.5,0.1,"Seriola lalandi","Fis-29523"
-81.5,22.5,0.08,"Seriola lalandi","Fis-29523"
-79.5,22.5,0.09,"Seriola lalandi","Fis-29523"
-79,22.5,0.11,"Seriola lalandi","Fis-29523"
-78.5,22.5,0.12,"Seriola lalandi","Fis-29523"
-78,22.5,0.11,"Seriola lalandi","Fis-29523"
-77.5,22.5,0.13,"Seriola lalandi","Fis-29523"
-77,22.5,0.08,"Seriola lalandi","Fis-29523"
-76.5,22.5,0.05,"Seriola lalandi","Fis-29523"
-76,22.5,0.05,"Seriola lalandi","Fis-29523"
-75.5,22.5,0.01,"Seriola lalandi","Fis-29523"
-74,22.5,0.01,"Seriola lalandi","Fis-29523"
36,22.5,0.08,"Seriola lalandi","Fis-29523"
36.5,22.5,0.26,"Seriola lalandi","Fis-29523"
37,22.5,0.15,"Seriola lalandi","Fis-29523"
37.5,22.5,0.05,"Seriola lalandi","Fis-29523"
38,22.5,0.02,"Seriola lalandi","Fis-29523"
38.5,22.5,0.12,"Seriola lalandi","Fis-29523"
39,22.5,0.22,"Seriola lalandi","Fis-29523"
39.5,22.5,0.27,"Seriola lalandi","Fis-29523"
59.5,22.5,0.68,"Seriola lalandi","Fis-29523"
60,22.5,0.65,"Seriola lalandi","Fis-29523"
64,22.5,0.09,"Seriola lalandi","Fis-29523"
64.5,22.5,0.11,"Seriola lalandi","Fis-29523"
67,22.5,0.58,"Seriola lalandi","Fis-29523"
67.5,22.5,0.78,"Seriola lalandi","Fis-29523"
68,22.5,0.89,"Seriola lalandi","Fis-29523"
68.5,22.5,1,"Seriola lalandi","Fis-29523"
69,22.5,1,"Seriola lalandi","Fis-29523"
69.5,22.5,0.54,"Seriola lalandi","Fis-29523"
70,22.5,0.81,"Seriola lalandi","Fis-29523"
70.5,22.5,0.83,"Seriola lalandi","Fis-29523"
114,22.5,0.21,"Seriola lalandi","Fis-29523"
114.5,22.5,0.15,"Seriola lalandi","Fis-29523"
115,22.5,0.23,"Seriola lalandi","Fis-29523"
115.5,22.5,0.81,"Seriola lalandi","Fis-29523"
116,22.5,0.46,"Seriola lalandi","Fis-29523"
116.5,22.5,0.5,"Seriola lalandi","Fis-29523"
117,22.5,0.57,"Seriola lalandi","Fis-29523"
117.5,22.5,0.97,"Seriola lalandi","Fis-29523"
118,22.5,0.98,"Seriola lalandi","Fis-29523"
118.5,22.5,0.77,"Seriola lalandi","Fis-29523"
119,22.5,1,"Seriola lalandi","Fis-29523"
119.5,22.5,1,"Seriola lalandi","Fis-29523"
120,22.5,1,"Seriola lalandi","Fis-29523"
120.5,22.5,1,"Seriola lalandi","Fis-29523"
121,22.5,1,"Seriola lalandi","Fis-29523"
121.5,22.5,1,"Seriola lalandi","Fis-29523"
122,22.5,1,"Seriola lalandi","Fis-29523"
143,22.5,0.09,"Seriola lalandi","Fis-29523"
176,22.5,0.08,"Seriola lalandi","Fis-29523"
-160,22,0.18,"Seriola lalandi","Fis-29523"
-159.5,22,0.24,"Seriola lalandi","Fis-29523"
-159,22,0.23,"Seriola lalandi","Fis-29523"
-106.5,22,0.75,"Seriola lalandi","Fis-29523"
-106,22,0.98,"Seriola lalandi","Fis-29523"
-105.5,22,0.85,"Seriola lalandi","Fis-29523"
-97.5,22,0.75,"Seriola lalandi","Fis-29523"
-97,22,0.37,"Seriola lalandi","Fis-29523"
-92,22,0.05,"Seriola lalandi","Fis-29523"
-91.5,22,0.09,"Seriola lalandi","Fis-29523"
-91,22,0.15,"Seriola lalandi","Fis-29523"
-90.5,22,0.23,"Seriola lalandi","Fis-29523"
-90,22,0.3,"Seriola lalandi","Fis-29523"
-89.5,22,0.23,"Seriola lalandi","Fis-29523"
-89,22,0.23,"Seriola lalandi","Fis-29523"
-88.5,22,0.37,"Seriola lalandi","Fis-29523"
-88,22,0.29,"Seriola lalandi","Fis-29523"
-87.5,22,0.34,"Seriola lalandi","Fis-29523"
-87,22,0.49,"Seriola lalandi","Fis-29523"
-86.5,22,0.72,"Seriola lalandi","Fis-29523"
-86,22,0.45,"Seriola lalandi","Fis-29523"
-85,22,0.02,"Seriola lalandi","Fis-29523"
-84.5,22,0.03,"Seriola lalandi","Fis-29523"
-84,22,0.03,"Seriola lalandi","Fis-29523"
-83.5,22,0.02,"Seriola lalandi","Fis-29523"
-83,22,0.04,"Seriola lalandi","Fis-29523"
-82.5,22,0.03,"Seriola lalandi","Fis-29523"
-82,22,0.03,"Seriola lalandi","Fis-29523"
-81.5,22,0.03,"Seriola lalandi","Fis-29523"
-81,22,0.01,"Seriola lalandi","Fis-29523"
-80.5,22,0.05,"Seriola lalandi","Fis-29523"
-80,22,0.06,"Seriola lalandi","Fis-29523"
-78.5,22,0.05,"Seriola lalandi","Fis-29523"
-78,22,0.1,"Seriola lalandi","Fis-29523"
-77.5,22,0.13,"Seriola lalandi","Fis-29523"
-77,22,0.08,"Seriola lalandi","Fis-29523"
-76.5,22,0.06,"Seriola lalandi","Fis-29523"
-76,22,0.04,"Seriola lalandi","Fis-29523"
-75.5,22,0.04,"Seriola lalandi","Fis-29523"
-75,22,0.01,"Seriola lalandi","Fis-29523"
-74,22,0.01,"Seriola lalandi","Fis-29523"
36.5,22,0.03,"Seriola lalandi","Fis-29523"
37,22,0.2,"Seriola lalandi","Fis-29523"
37.5,22,0.15,"Seriola lalandi","Fis-29523"
38,22,0.05,"Seriola lalandi","Fis-29523"
38.5,22,0.09,"Seriola lalandi","Fis-29523"
39,22,0.36,"Seriola lalandi","Fis-29523"
39.5,22,0.13,"Seriola lalandi","Fis-29523"
60,22,0.72,"Seriola lalandi","Fis-29523"
62.5,22,0.33,"Seriola lalandi","Fis-29523"
64,22,0.15,"Seriola lalandi","Fis-29523"
67.5,22,0.67,"Seriola lalandi","Fis-29523"
68,22,0.79,"Seriola lalandi","Fis-29523"
68.5,22,0.89,"Seriola lalandi","Fis-29523"
69,22,1,"Seriola lalandi","Fis-29523"
69.5,22,1,"Seriola lalandi","Fis-29523"
70,22,0.01,"Seriola lalandi","Fis-29523"
72.5,22,0.18,"Seriola lalandi","Fis-29523"
73,22,0.28,"Seriola lalandi","Fis-29523"
113.5,22,0.13,"Seriola lalandi","Fis-29523"
114.5,22,0.04,"Seriola lalandi","Fis-29523"
115,22,0.47,"Seriola lalandi","Fis-29523"
115.5,22,0.62,"Seriola lalandi","Fis-29523"
116,22,0.8,"Seriola lalandi","Fis-29523"
116.5,22,0.93,"Seriola lalandi","Fis-29523"
117,22,0.99,"Seriola lalandi","Fis-29523"
117.5,22,1,"Seriola lalandi","Fis-29523"
118,22,1,"Seriola lalandi","Fis-29523"
118.5,22,1,"Seriola lalandi","Fis-29523"
119,22,1,"Seriola lalandi","Fis-29523"
119.5,22,1,"Seriola lalandi","Fis-29523"
120,22,0.83,"Seriola lalandi","Fis-29523"
120.5,22,1,"Seriola lalandi","Fis-29523"
121,22,1,"Seriola lalandi","Fis-29523"
121.5,22,1,"Seriola lalandi","Fis-29523"
122,22,1,"Seriola lalandi","Fis-29523"
143.5,22,0.03,"Seriola lalandi","Fis-29523"
162,22,0.07,"Seriola lalandi","Fis-29523"
-160.5,21.5,0.12,"Seriola lalandi","Fis-29523"
-160,21.5,0.15,"Seriola lalandi","Fis-29523"
-159.5,21.5,0.18,"Seriola lalandi","Fis-29523"
-159,21.5,0.19,"Seriola lalandi","Fis-29523"
-158,21.5,0.24,"Seriola lalandi","Fis-29523"
-157.5,21.5,0.24,"Seriola lalandi","Fis-29523"
-106.5,21.5,0.74,"Seriola lalandi","Fis-29523"
-106,21.5,0.97,"Seriola lalandi","Fis-29523"
-105.5,21.5,0.84,"Seriola lalandi","Fis-29523"
-105,21.5,0.75,"Seriola lalandi","Fis-29523"
-97.5,21.5,0.07,"Seriola lalandi","Fis-29523"
-97,21.5,0.32,"Seriola lalandi","Fis-29523"
-96.5,21.5,0.01,"Seriola lalandi","Fis-29523"
-92,21.5,0.03,"Seriola lalandi","Fis-29523"
-91.5,21.5,0.12,"Seriola lalandi","Fis-29523"
-91,21.5,0.25,"Seriola lalandi","Fis-29523"
-90.5,21.5,0.41,"Seriola lalandi","Fis-29523"
-90,21.5,0.36,"Seriola lalandi","Fis-29523"
-89.5,21.5,0.39,"Seriola lalandi","Fis-29523"
-89,21.5,0.29,"Seriola lalandi","Fis-29523"
-88.5,21.5,0.22,"Seriola lalandi","Fis-29523"
-88,21.5,0.26,"Seriola lalandi","Fis-29523"
-87.5,21.5,0.31,"Seriola lalandi","Fis-29523"
-87,21.5,0.21,"Seriola lalandi","Fis-29523"
-86.5,21.5,0.67,"Seriola lalandi","Fis-29523"
-86,21.5,0.56,"Seriola lalandi","Fis-29523"
-84.5,21.5,0.01,"Seriola lalandi","Fis-29523"
-84,21.5,0.01,"Seriola lalandi","Fis-29523"
-83.5,21.5,0.01,"Seriola lalandi","Fis-29523"
-83,21.5,0.01,"Seriola lalandi","Fis-29523"
-82.5,21.5,0.02,"Seriola lalandi","Fis-29523"
-82,21.5,0.03,"Seriola lalandi","Fis-29523"
-81.5,21.5,0.02,"Seriola lalandi","Fis-29523"
-81,21.5,0.02,"Seriola lalandi","Fis-29523"
-80.5,21.5,0.01,"Seriola lalandi","Fis-29523"
-80,21.5,0.01,"Seriola lalandi","Fis-29523"
-79.5,21.5,0.03,"Seriola lalandi","Fis-29523"
-79,21.5,0.04,"Seriola lalandi","Fis-29523"
-78.5,21.5,0.15,"Seriola lalandi","Fis-29523"
-77.5,21.5,0.26,"Seriola lalandi","Fis-29523"
-77,21.5,0.07,"Seriola lalandi","Fis-29523"
-76.5,21.5,0.05,"Seriola lalandi","Fis-29523"
-75.5,21.5,0.02,"Seriola lalandi","Fis-29523"
-72,21.5,0.02,"Seriola lalandi","Fis-29523"
-71.5,21.5,0.02,"Seriola lalandi","Fis-29523"
37,21.5,0.11,"Seriola lalandi","Fis-29523"
37.5,21.5,0.18,"Seriola lalandi","Fis-29523"
38,21.5,0.08,"Seriola lalandi","Fis-29523"
38.5,21.5,0.02,"Seriola lalandi","Fis-29523"
39,21.5,0.36,"Seriola lalandi","Fis-29523"
39.5,21.5,0.32,"Seriola lalandi","Fis-29523"
59.5,21.5,0.51,"Seriola lalandi","Fis-29523"
60,21.5,0.66,"Seriola lalandi","Fis-29523"
62,21.5,0.74,"Seriola lalandi","Fis-29523"
62.5,21.5,0.73,"Seriola lalandi","Fis-29523"
68,21.5,0.68,"Seriola lalandi","Fis-29523"
68.5,21.5,0.8,"Seriola lalandi","Fis-29523"
69,21.5,0.9,"Seriola lalandi","Fis-29523"
69.5,21.5,0.95,"Seriola lalandi","Fis-29523"
70,21.5,0.69,"Seriola lalandi","Fis-29523"
72.5,21.5,0.78,"Seriola lalandi","Fis-29523"
73,21.5,0.24,"Seriola lalandi","Fis-29523"
87.5,21.5,0.2,"Seriola lalandi","Fis-29523"
88,21.5,0.27,"Seriola lalandi","Fis-29523"
88.5,21.5,0.31,"Seriola lalandi","Fis-29523"
89,21.5,0.34,"Seriola lalandi","Fis-29523"
89.5,21.5,0.12,"Seriola lalandi","Fis-29523"
90,21.5,0.19,"Seriola lalandi","Fis-29523"
108,21.5,0.23,"Seriola lalandi","Fis-29523"
108.5,21.5,0.52,"Seriola lalandi","Fis-29523"
109,21.5,0.31,"Seriola lalandi","Fis-29523"
109.5,21.5,0.21,"Seriola lalandi","Fis-29523"
110,21.5,0.1,"Seriola lalandi","Fis-29523"
111.5,21.5,0.06,"Seriola lalandi","Fis-29523"
112,21.5,0.34,"Seriola lalandi","Fis-29523"
112.5,21.5,0.53,"Seriola lalandi","Fis-29523"
113,21.5,0.38,"Seriola lalandi","Fis-29523"
113.5,21.5,0.16,"Seriola lalandi","Fis-29523"
114,21.5,0.12,"Seriola lalandi","Fis-29523"
114.5,21.5,0.62,"Seriola lalandi","Fis-29523"
115,21.5,0.85,"Seriola lalandi","Fis-29523"
115.5,21.5,1,"Seriola lalandi","Fis-29523"
116,21.5,1,"Seriola lalandi","Fis-29523"
116.5,21.5,1,"Seriola lalandi","Fis-29523"
117,21.5,1,"Seriola lalandi","Fis-29523"
117.5,21.5,1,"Seriola lalandi","Fis-29523"
118,21.5,0.99,"Seriola lalandi","Fis-29523"
118.5,21.5,0.89,"Seriola lalandi","Fis-29523"
120.5,21.5,0.4,"Seriola lalandi","Fis-29523"
121,21.5,1,"Seriola lalandi","Fis-29523"
121.5,21.5,0.41,"Seriola lalandi","Fis-29523"
122,21.5,1,"Seriola lalandi","Fis-29523"
144,21.5,0.25,"Seriola lalandi","Fis-29523"
176,21.5,0.02,"Seriola lalandi","Fis-29523"
176.5,21.5,0.06,"Seriola lalandi","Fis-29523"
-158,21,0.2,"Seriola lalandi","Fis-29523"
-157.5,21,0.22,"Seriola lalandi","Fis-29523"
-157,21,0.25,"Seriola lalandi","Fis-29523"
-156.5,21,0.28,"Seriola lalandi","Fis-29523"
-156,21,0.28,"Seriola lalandi","Fis-29523"
-106,21,1,"Seriola lalandi","Fis-29523"
-105.5,21,0.92,"Seriola lalandi","Fis-29523"
-105,21,0.83,"Seriola lalandi","Fis-29523"
-97,21,0.62,"Seriola lalandi","Fis-29523"
-96.5,21,0.03,"Seriola lalandi","Fis-29523"
-92,21,0.02,"Seriola lalandi","Fis-29523"
-91.5,21,0.08,"Seriola lalandi","Fis-29523"
-91,21,0.22,"Seriola lalandi","Fis-29523"
-90.5,21,0.41,"Seriola lalandi","Fis-29523"
-90,21,0.16,"Seriola lalandi","Fis-29523"
-89.5,21,0.11,"Seriola lalandi","Fis-29523"
-89,21,0.08,"Seriola lalandi","Fis-29523"
-88.5,21,0.01,"Seriola lalandi","Fis-29523"
-86.5,21,0.86,"Seriola lalandi","Fis-29523"
-86,21,0.42,"Seriola lalandi","Fis-29523"
-82.5,21,0.01,"Seriola lalandi","Fis-29523"
-79.5,21,0.01,"Seriola lalandi","Fis-29523"
-79,21,0.08,"Seriola lalandi","Fis-29523"
-78.5,21,0.2,"Seriola lalandi","Fis-29523"
-78,21,0.41,"Seriola lalandi","Fis-29523"
-76.5,21,0.41,"Seriola lalandi","Fis-29523"
-76,21,0.36,"Seriola lalandi","Fis-29523"
-75.5,21,0.04,"Seriola lalandi","Fis-29523"
-75,21,0.01,"Seriola lalandi","Fis-29523"
-71.5,21,0.02,"Seriola lalandi","Fis-29523"
-70,21,0.01,"Seriola lalandi","Fis-29523"
37.5,21,0.23,"Seriola lalandi","Fis-29523"
38,21,0.17,"Seriola lalandi","Fis-29523"
38.5,21,0.04,"Seriola lalandi","Fis-29523"
39,21,0.33,"Seriola lalandi","Fis-29523"
39.5,21,0.36,"Seriola lalandi","Fis-29523"
59,21,0.6,"Seriola lalandi","Fis-29523"
59.5,21,0.62,"Seriola lalandi","Fis-29523"
60,21,0.64,"Seriola lalandi","Fis-29523"
62,21,0.56,"Seriola lalandi","Fis-29523"
68,21,0.07,"Seriola lalandi","Fis-29523"
68.5,21,0.62,"Seriola lalandi","Fis-29523"
69,21,0.7,"Seriola lalandi","Fis-29523"
69.5,21,0.78,"Seriola lalandi","Fis-29523"
70,21,1,"Seriola lalandi","Fis-29523"
70.5,21,0.13,"Seriola lalandi","Fis-29523"
72,21,0.27,"Seriola lalandi","Fis-29523"
72.5,21,0.9,"Seriola lalandi","Fis-29523"
73,21,0.33,"Seriola lalandi","Fis-29523"
87,21,0.46,"Seriola lalandi","Fis-29523"
87.5,21,0.54,"Seriola lalandi","Fis-29523"
88,21,0.48,"Seriola lalandi","Fis-29523"
88.5,21,0.43,"Seriola lalandi","Fis-29523"
89,21,0.4,"Seriola lalandi","Fis-29523"
89.5,21,0.38,"Seriola lalandi","Fis-29523"
90,21,0.22,"Seriola lalandi","Fis-29523"
91,21,0.31,"Seriola lalandi","Fis-29523"
91.5,21,0.29,"Seriola lalandi","Fis-29523"
92,21,0.17,"Seriola lalandi","Fis-29523"
92.5,21,0.03,"Seriola lalandi","Fis-29523"
108,21,0.89,"Seriola lalandi","Fis-29523"
108.5,21,0.76,"Seriola lalandi","Fis-29523"
109,21,0.92,"Seriola lalandi","Fis-29523"
109.5,21,0.53,"Seriola lalandi","Fis-29523"
110,21,0.37,"Seriola lalandi","Fis-29523"
110.5,21,0.14,"Seriola lalandi","Fis-29523"
111,21,0.55,"Seriola lalandi","Fis-29523"
111.5,21,0.32,"Seriola lalandi","Fis-29523"
112,21,0.37,"Seriola lalandi","Fis-29523"
112.5,21,0.45,"Seriola lalandi","Fis-29523"
113,21,0.63,"Seriola lalandi","Fis-29523"
113.5,21,0.71,"Seriola lalandi","Fis-29523"
114,21,0.86,"Seriola lalandi","Fis-29523"
114.5,21,1,"Seriola lalandi","Fis-29523"
115,21,0.99,"Seriola lalandi","Fis-29523"
115.5,21,0.79,"Seriola lalandi","Fis-29523"
116,21,0.75,"Seriola lalandi","Fis-29523"
116.5,21,0.72,"Seriola lalandi","Fis-29523"
117,21,0.71,"Seriola lalandi","Fis-29523"
117.5,21,0.68,"Seriola lalandi","Fis-29523"
118,21,0.56,"Seriola lalandi","Fis-29523"
121,21,0.85,"Seriola lalandi","Fis-29523"
122,21,0.96,"Seriola lalandi","Fis-29523"
122.5,21,0.69,"Seriola lalandi","Fis-29523"
-157.5,20.5,0.15,"Seriola lalandi","Fis-29523"
-157,20.5,0.2,"Seriola lalandi","Fis-29523"
-156.5,20.5,0.27,"Seriola lalandi","Fis-29523"
-156,20.5,0.28,"Seriola lalandi","Fis-29523"
-155.5,20.5,0.29,"Seriola lalandi","Fis-29523"
-106,20.5,0.99,"Seriola lalandi","Fis-29523"
-105.5,20.5,1,"Seriola lalandi","Fis-29523"
-105,20.5,0.9,"Seriola lalandi","Fis-29523"
-97,20.5,0.52,"Seriola lalandi","Fis-29523"
-96.5,20.5,0.25,"Seriola lalandi","Fis-29523"
-96,20.5,0.01,"Seriola lalandi","Fis-29523"
-92,20.5,0.02,"Seriola lalandi","Fis-29523"
-91.5,20.5,0.11,"Seriola lalandi","Fis-29523"
-91,20.5,0.4,"Seriola lalandi","Fis-29523"
-90.5,20.5,0.31,"Seriola lalandi","Fis-29523"
-90,20.5,0.14,"Seriola lalandi","Fis-29523"
-87,20.5,0.59,"Seriola lalandi","Fis-29523"
-86.5,20.5,0.82,"Seriola lalandi","Fis-29523"
-86,20.5,0.29,"Seriola lalandi","Fis-29523"
-79,20.5,0.01,"Seriola lalandi","Fis-29523"
-78.5,20.5,0.1,"Seriola lalandi","Fis-29523"
-78,20.5,0.39,"Seriola lalandi","Fis-29523"
-77.5,20.5,0.41,"Seriola lalandi","Fis-29523"
-77,20.5,0.41,"Seriola lalandi","Fis-29523"
-75.5,20.5,0.08,"Seriola lalandi","Fis-29523"
-75,20.5,0.1,"Seriola lalandi","Fis-29523"
-74.5,20.5,0.03,"Seriola lalandi","Fis-29523"
-73.5,20.5,0.01,"Seriola lalandi","Fis-29523"
-71.5,20.5,0.01,"Seriola lalandi","Fis-29523"
-71,20.5,0.01,"Seriola lalandi","Fis-29523"
-70.5,20.5,0.01,"Seriola lalandi","Fis-29523"
-70,20.5,0.01,"Seriola lalandi","Fis-29523"
-69.5,20.5,0.03,"Seriola lalandi","Fis-29523"
37.5,20.5,0.29,"Seriola lalandi","Fis-29523"
38,20.5,0.19,"Seriola lalandi","Fis-29523"
38.5,20.5,0.02,"Seriola lalandi","Fis-29523"
39,20.5,0.11,"Seriola lalandi","Fis-29523"
39.5,20.5,0.39,"Seriola lalandi","Fis-29523"
40,20.5,0.18,"Seriola lalandi","Fis-29523"
58.5,20.5,0.54,"Seriola lalandi","Fis-29523"
59,20.5,0.54,"Seriola lalandi","Fis-29523"
59.5,20.5,0.56,"Seriola lalandi","Fis-29523"
60,20.5,0.6,"Seriola lalandi","Fis-29523"
69.5,20.5,0.66,"Seriola lalandi","Fis-29523"
70,20.5,0.76,"Seriola lalandi","Fis-29523"
70.5,20.5,0.87,"Seriola lalandi","Fis-29523"
71,20.5,0.55,"Seriola lalandi","Fis-29523"
71.5,20.5,0.6,"Seriola lalandi","Fis-29523"
72,20.5,1,"Seriola lalandi","Fis-29523"
72.5,20.5,1,"Seriola lalandi","Fis-29523"
73,20.5,0.77,"Seriola lalandi","Fis-29523"
87,20.5,0.62,"Seriola lalandi","Fis-29523"
87.5,20.5,0.6,"Seriola lalandi","Fis-29523"
88,20.5,0.65,"Seriola lalandi","Fis-29523"
88.5,20.5,0.63,"Seriola lalandi","Fis-29523"
89,20.5,0.63,"Seriola lalandi","Fis-29523"
89.5,20.5,0.63,"Seriola lalandi","Fis-29523"
90,20.5,0.63,"Seriola lalandi","Fis-29523"
90.5,20.5,0.62,"Seriola lalandi","Fis-29523"
91,20.5,0.57,"Seriola lalandi","Fis-29523"
91.5,20.5,0.52,"Seriola lalandi","Fis-29523"
92,20.5,0.43,"Seriola lalandi","Fis-29523"
92.5,20.5,0.43,"Seriola lalandi","Fis-29523"
93,20.5,0.11,"Seriola lalandi","Fis-29523"
107,20.5,0.94,"Seriola lalandi","Fis-29523"
107.5,20.5,0.38,"Seriola lalandi","Fis-29523"
108,20.5,0.88,"Seriola lalandi","Fis-29523"
108.5,20.5,0.82,"Seriola lalandi","Fis-29523"
109,20.5,0.71,"Seriola lalandi","Fis-29523"
109.5,20.5,0.85,"Seriola lalandi","Fis-29523"
110,20.5,0.93,"Seriola lalandi","Fis-29523"
110.5,20.5,0.37,"Seriola lalandi","Fis-29523"
111,20.5,0.24,"Seriola lalandi","Fis-29523"
111.5,20.5,0.46,"Seriola lalandi","Fis-29523"
112,20.5,0.66,"Seriola lalandi","Fis-29523"
112.5,20.5,0.84,"Seriola lalandi","Fis-29523"
113,20.5,0.86,"Seriola lalandi","Fis-29523"
113.5,20.5,0.9,"Seriola lalandi","Fis-29523"
114,20.5,0.89,"Seriola lalandi","Fis-29523"
114.5,20.5,0.81,"Seriola lalandi","Fis-29523"
115,20.5,0.73,"Seriola lalandi","Fis-29523"
115.5,20.5,0.66,"Seriola lalandi","Fis-29523"
116,20.5,0.62,"Seriola lalandi","Fis-29523"
116.5,20.5,0.6,"Seriola lalandi","Fis-29523"
117,20.5,0.59,"Seriola lalandi","Fis-29523"
117.5,20.5,0.58,"Seriola lalandi","Fis-29523"
118,20.5,0.23,"Seriola lalandi","Fis-29523"
122,20.5,0.8,"Seriola lalandi","Fis-29523"
122.5,20.5,0.65,"Seriola lalandi","Fis-29523"
145,20.5,0.24,"Seriola lalandi","Fis-29523"
148.5,20.5,0.05,"Seriola lalandi","Fis-29523"
-157,20,0.05,"Seriola lalandi","Fis-29523"
-156.5,20,0.05,"Seriola lalandi","Fis-29523"
-156,20,0.08,"Seriola lalandi","Fis-29523"
-155.5,20,0.34,"Seriola lalandi","Fis-29523"
-155,20,0.33,"Seriola lalandi","Fis-29523"
-105.5,20,1,"Seriola lalandi","Fis-29523"
-105,20,0.34,"Seriola lalandi","Fis-29523"
-96.5,20,0.87,"Seriola lalandi","Fis-29523"
-96,20,0.18,"Seriola lalandi","Fis-29523"
-92,20,0.01,"Seriola lalandi","Fis-29523"
-91.5,20,0.09,"Seriola lalandi","Fis-29523"
-91,20,0.3,"Seriola lalandi","Fis-29523"
-90.5,20,0.73,"Seriola lalandi","Fis-29523"
-90,20,0.5,"Seriola lalandi","Fis-29523"
-87,20,0.27,"Seriola lalandi","Fis-29523"
-86.5,20,0.15,"Seriola lalandi","Fis-29523"
-86,20,0.1,"Seriola lalandi","Fis-29523"
-78,20,0.03,"Seriola lalandi","Fis-29523"
-77.5,20,0.46,"Seriola lalandi","Fis-29523"
-77,20,0.39,"Seriola lalandi","Fis-29523"
-76,20,0.17,"Seriola lalandi","Fis-29523"
-74.5,20,0.04,"Seriola lalandi","Fis-29523"
-74,20,0.01,"Seriola lalandi","Fis-29523"
-73.5,20,0.01,"Seriola lalandi","Fis-29523"
-73,20,0.02,"Seriola lalandi","Fis-29523"
-72.5,20,0.06,"Seriola lalandi","Fis-29523"
-71.5,20,0.09,"Seriola lalandi","Fis-29523"
-71,20,0.28,"Seriola lalandi","Fis-29523"
-69.5,20,0.02,"Seriola lalandi","Fis-29523"
-68.5,20,0.01,"Seriola lalandi","Fis-29523"
37.5,20,0.4,"Seriola lalandi","Fis-29523"
38,20,0.2,"Seriola lalandi","Fis-29523"
38.5,20,0.05,"Seriola lalandi","Fis-29523"
39,20,0.11,"Seriola lalandi","Fis-29523"
39.5,20,0.23,"Seriola lalandi","Fis-29523"
40,20,0.26,"Seriola lalandi","Fis-29523"
40.5,20,0.25,"Seriola lalandi","Fis-29523"
58,20,0.5,"Seriola lalandi","Fis-29523"
58.5,20,0.47,"Seriola lalandi","Fis-29523"
59,20,0.55,"Seriola lalandi","Fis-29523"
59.5,20,0.67,"Seriola lalandi","Fis-29523"
69.5,20,0.53,"Seriola lalandi","Fis-29523"
70,20,0.56,"Seriola lalandi","Fis-29523"
70.5,20,0.56,"Seriola lalandi","Fis-29523"
71,20,0.73,"Seriola lalandi","Fis-29523"
71.5,20,0.73,"Seriola lalandi","Fis-29523"
72,20,0.98,"Seriola lalandi","Fis-29523"
72.5,20,1,"Seriola lalandi","Fis-29523"
73,20,0.81,"Seriola lalandi","Fis-29523"
86.5,20,0.14,"Seriola lalandi","Fis-29523"
87,20,0.59,"Seriola lalandi","Fis-29523"
87.5,20,0.67,"Seriola lalandi","Fis-29523"
88,20,0.69,"Seriola lalandi","Fis-29523"
88.5,20,0.72,"Seriola lalandi","Fis-29523"
89,20,0.74,"Seriola lalandi","Fis-29523"
89.5,20,0.75,"Seriola lalandi","Fis-29523"
90,20,0.69,"Seriola lalandi","Fis-29523"
90.5,20,0.49,"Seriola lalandi","Fis-29523"
91,20,0.38,"Seriola lalandi","Fis-29523"
91.5,20,0.37,"Seriola lalandi","Fis-29523"
92,20,0.55,"Seriola lalandi","Fis-29523"
92.5,20,0.61,"Seriola lalandi","Fis-29523"
93,20,0.58,"Seriola lalandi","Fis-29523"
93.5,20,0.06,"Seriola lalandi","Fis-29523"
106.5,20,0.48,"Seriola lalandi","Fis-29523"
107,20,0.99,"Seriola lalandi","Fis-29523"
107.5,20,0.99,"Seriola lalandi","Fis-29523"
108,20,0.88,"Seriola lalandi","Fis-29523"
108.5,20,0.99,"Seriola lalandi","Fis-29523"
109,20,0.77,"Seriola lalandi","Fis-29523"
109.5,20,0.78,"Seriola lalandi","Fis-29523"
110,20,0.95,"Seriola lalandi","Fis-29523"
110.5,20,0.94,"Seriola lalandi","Fis-29523"
111,20,0.25,"Seriola lalandi","Fis-29523"
111.5,20,0.52,"Seriola lalandi","Fis-29523"
112,20,0.94,"Seriola lalandi","Fis-29523"
112.5,20,0.93,"Seriola lalandi","Fis-29523"
113,20,0.82,"Seriola lalandi","Fis-29523"
113.5,20,0.73,"Seriola lalandi","Fis-29523"
114,20,0.67,"Seriola lalandi","Fis-29523"
114.5,20,0.63,"Seriola lalandi","Fis-29523"
115,20,0.59,"Seriola lalandi","Fis-29523"
115.5,20,0.55,"Seriola lalandi","Fis-29523"
116,20,0.43,"Seriola lalandi","Fis-29523"
116.5,20,0.36,"Seriola lalandi","Fis-29523"
117,20,0.43,"Seriola lalandi","Fis-29523"
117.5,20,0.42,"Seriola lalandi","Fis-29523"
122,20,0.53,"Seriola lalandi","Fis-29523"
122.5,20,0.5,"Seriola lalandi","Fis-29523"
136.5,20,0.24,"Seriola lalandi","Fis-29523"
145.5,20,0.23,"Seriola lalandi","Fis-29523"
161,20,0.2,"Seriola lalandi","Fis-29523"
-156,19.5,0.34,"Seriola lalandi","Fis-29523"
-155.5,19.5,0.34,"Seriola lalandi","Fis-29523"
-155,19.5,0.32,"Seriola lalandi","Fis-29523"
-154.5,19.5,0.3,"Seriola lalandi","Fis-29523"
-110.5,19.5,0.07,"Seriola lalandi","Fis-29523"
-105.5,19.5,1,"Seriola lalandi","Fis-29523"
-105,19.5,1,"Seriola lalandi","Fis-29523"
-96,19.5,0.93,"Seriola lalandi","Fis-29523"
-95.5,19.5,0.04,"Seriola lalandi","Fis-29523"
-93,19.5,0.02,"Seriola lalandi","Fis-29523"
-92.5,19.5,0.04,"Seriola lalandi","Fis-29523"
-92,19.5,0.03,"Seriola lalandi","Fis-29523"
-91.5,19.5,0.07,"Seriola lalandi","Fis-29523"
-91,19.5,0.23,"Seriola lalandi","Fis-29523"
-90.5,19.5,0.65,"Seriola lalandi","Fis-29523"
-90,19.5,0.79,"Seriola lalandi","Fis-29523"
-87.5,19.5,0.27,"Seriola lalandi","Fis-29523"
-87,19.5,0.15,"Seriola lalandi","Fis-29523"
-86.5,19.5,0.02,"Seriola lalandi","Fis-29523"
-80,19.5,0.03,"Seriola lalandi","Fis-29523"
-79.5,19.5,0.03,"Seriola lalandi","Fis-29523"
-79,19.5,0.01,"Seriola lalandi","Fis-29523"
-77.5,19.5,0.01,"Seriola lalandi","Fis-29523"
-77,19.5,0.02,"Seriola lalandi","Fis-29523"
-76.5,19.5,0.03,"Seriola lalandi","Fis-29523"
-76,19.5,0.17,"Seriola lalandi","Fis-29523"
-75.5,19.5,0.21,"Seriola lalandi","Fis-29523"
-75,19.5,0.14,"Seriola lalandi","Fis-29523"
-74.5,19.5,0.01,"Seriola lalandi","Fis-29523"
-74,19.5,0.01,"Seriola lalandi","Fis-29523"
-73,19.5,0.06,"Seriola lalandi","Fis-29523"
-72.5,19.5,0.11,"Seriola lalandi","Fis-29523"
-72,19.5,0.2,"Seriola lalandi","Fis-29523"
-71.5,19.5,0.21,"Seriola lalandi","Fis-29523"
-71,19.5,0.22,"Seriola lalandi","Fis-29523"
-70.5,19.5,0.19,"Seriola lalandi","Fis-29523"
-70,19.5,0.14,"Seriola lalandi","Fis-29523"
-69.5,19.5,0.06,"Seriola lalandi","Fis-29523"
-68.5,19.5,0.01,"Seriola lalandi","Fis-29523"
37.5,19.5,0.42,"Seriola lalandi","Fis-29523"
38,19.5,0.23,"Seriola lalandi","Fis-29523"
38.5,19.5,0.18,"Seriola lalandi","Fis-29523"
39,19.5,0.06,"Seriola lalandi","Fis-29523"
39.5,19.5,0.17,"Seriola lalandi","Fis-29523"
40,19.5,0.22,"Seriola lalandi","Fis-29523"
40.5,19.5,0.24,"Seriola lalandi","Fis-29523"
41,19.5,0.15,"Seriola lalandi","Fis-29523"
58,19.5,0.49,"Seriola lalandi","Fis-29523"
58.5,19.5,0.59,"Seriola lalandi","Fis-29523"
59,19.5,0.7,"Seriola lalandi","Fis-29523"
69.5,19.5,0.4,"Seriola lalandi","Fis-29523"
70,19.5,0.48,"Seriola lalandi","Fis-29523"
70.5,19.5,0.49,"Seriola lalandi","Fis-29523"
71,19.5,0.46,"Seriola lalandi","Fis-29523"
71.5,19.5,0.52,"Seriola lalandi","Fis-29523"
72,19.5,0.58,"Seriola lalandi","Fis-29523"
72.5,19.5,0.67,"Seriola lalandi","Fis-29523"
73,19.5,0.44,"Seriola lalandi","Fis-29523"
85.5,19.5,0.73,"Seriola lalandi","Fis-29523"
86,19.5,0.74,"Seriola lalandi","Fis-29523"
86.5,19.5,0.68,"Seriola lalandi","Fis-29523"
87,19.5,0.7,"Seriola lalandi","Fis-29523"
87.5,19.5,0.38,"Seriola lalandi","Fis-29523"
91.5,19.5,0.03,"Seriola lalandi","Fis-29523"
92,19.5,0.42,"Seriola lalandi","Fis-29523"
92.5,19.5,0.48,"Seriola lalandi","Fis-29523"
93,19.5,0.7,"Seriola lalandi","Fis-29523"
93.5,19.5,0.71,"Seriola lalandi","Fis-29523"
94,19.5,0.37,"Seriola lalandi","Fis-29523"
106,19.5,0.84,"Seriola lalandi","Fis-29523"
106.5,19.5,0.76,"Seriola lalandi","Fis-29523"
107,19.5,0.99,"Seriola lalandi","Fis-29523"
107.5,19.5,0.9,"Seriola lalandi","Fis-29523"
108,19.5,0.97,"Seriola lalandi","Fis-29523"
108.5,19.5,0.99,"Seriola lalandi","Fis-29523"
109,19.5,0.99,"Seriola lalandi","Fis-29523"
109.5,19.5,0.99,"Seriola lalandi","Fis-29523"
111,19.5,0.63,"Seriola lalandi","Fis-29523"
111.5,19.5,1,"Seriola lalandi","Fis-29523"
112,19.5,0.92,"Seriola lalandi","Fis-29523"
112.5,19.5,0.65,"Seriola lalandi","Fis-29523"
113,19.5,0.61,"Seriola lalandi","Fis-29523"
113.5,19.5,0.56,"Seriola lalandi","Fis-29523"
114,19.5,0.52,"Seriola lalandi","Fis-29523"
114.5,19.5,0.5,"Seriola lalandi","Fis-29523"
115,19.5,0.48,"Seriola lalandi","Fis-29523"
115.5,19.5,0.05,"Seriola lalandi","Fis-29523"
122,19.5,0.52,"Seriola lalandi","Fis-29523"
122.5,19.5,0.44,"Seriola lalandi","Fis-29523"
145.5,19.5,0.22,"Seriola lalandi","Fis-29523"
160.5,19.5,0.19,"Seriola lalandi","Fis-29523"
162.5,19.5,0.12,"Seriola lalandi","Fis-29523"
172,19.5,0.07,"Seriola lalandi","Fis-29523"
172.5,19.5,0.03,"Seriola lalandi","Fis-29523"
-155.5,19,0.33,"Seriola lalandi","Fis-29523"
-155,19,0.31,"Seriola lalandi","Fis-29523"
-154.5,19,0.25,"Seriola lalandi","Fis-29523"
-110.5,19,0.27,"Seriola lalandi","Fis-29523"
-105,19,1,"Seriola lalandi","Fis-29523"
-104.5,19,1,"Seriola lalandi","Fis-29523"
-104,19,0.95,"Seriola lalandi","Fis-29523"
-96,19,1,"Seriola lalandi","Fis-29523"
-95.5,19,1,"Seriola lalandi","Fis-29523"
-95,19,0.24,"Seriola lalandi","Fis-29523"
-94.5,19,0.01,"Seriola lalandi","Fis-29523"
-94,19,0.03,"Seriola lalandi","Fis-29523"
-93.5,19,0.13,"Seriola lalandi","Fis-29523"
-93,19,0.37,"Seriola lalandi","Fis-29523"
-92.5,19,0.53,"Seriola lalandi","Fis-29523"
-92,19,0.51,"Seriola lalandi","Fis-29523"
-91.5,19,0.38,"Seriola lalandi","Fis-29523"
-91,19,0.7,"Seriola lalandi","Fis-29523"
-90.5,19,0.4,"Seriola lalandi","Fis-29523"
-87.5,19,0.48,"Seriola lalandi","Fis-29523"
-87,19,0.15,"Seriola lalandi","Fis-29523"
-86.5,19,0.1,"Seriola lalandi","Fis-29523"
-81.5,19,0.04,"Seriola lalandi","Fis-29523"
-81,19,0.05,"Seriola lalandi","Fis-29523"
-80.5,19,0.01,"Seriola lalandi","Fis-29523"
-73.5,19,0.01,"Seriola lalandi","Fis-29523"
-73,19,0.07,"Seriola lalandi","Fis-29523"
-72.5,19,0.11,"Seriola lalandi","Fis-29523"
-69.5,19,0.45,"Seriola lalandi","Fis-29523"
-69,19,0.98,"Seriola lalandi","Fis-29523"
-68.5,19,0.08,"Seriola lalandi","Fis-29523"
37.5,19,0.53,"Seriola lalandi","Fis-29523"
38,19,0.34,"Seriola lalandi","Fis-29523"
38.5,19,0.24,"Seriola lalandi","Fis-29523"
39,19,0.22,"Seriola lalandi","Fis-29523"
39.5,19,0.15,"Seriola lalandi","Fis-29523"
40,19,0.22,"Seriola lalandi","Fis-29523"
40.5,19,0.25,"Seriola lalandi","Fis-29523"
41,19,0.15,"Seriola lalandi","Fis-29523"
41.5,19,0.05,"Seriola lalandi","Fis-29523"
58,19,0.52,"Seriola lalandi","Fis-29523"
58.5,19,0.65,"Seriola lalandi","Fis-29523"
70,19,0.38,"Seriola lalandi","Fis-29523"
70.5,19,0.44,"Seriola lalandi","Fis-29523"
71,19,0.41,"Seriola lalandi","Fis-29523"
71.5,19,0.34,"Seriola lalandi","Fis-29523"
72,19,0.37,"Seriola lalandi","Fis-29523"
72.5,19,0.68,"Seriola lalandi","Fis-29523"
73,19,0.34,"Seriola lalandi","Fis-29523"
85,19,0.75,"Seriola lalandi","Fis-29523"
85.5,19,0.75,"Seriola lalandi","Fis-29523"
86,19,0.74,"Seriola lalandi","Fis-29523"
93,19,0.49,"Seriola lalandi","Fis-29523"
93.5,19,0.73,"Seriola lalandi","Fis-29523"
94,19,0.74,"Seriola lalandi","Fis-29523"
94.5,19,0.23,"Seriola lalandi","Fis-29523"
106,19,0.84,"Seriola lalandi","Fis-29523"
106.5,19,0.99,"Seriola lalandi","Fis-29523"
107,19,0.99,"Seriola lalandi","Fis-29523"
107.5,19,0.92,"Seriola lalandi","Fis-29523"
108,19,0.99,"Seriola lalandi","Fis-29523"
108.5,19,0.99,"Seriola lalandi","Fis-29523"
109,19,0.99,"Seriola lalandi","Fis-29523"
111,19,0.73,"Seriola lalandi","Fis-29523"
111.5,19,1,"Seriola lalandi","Fis-29523"
112,19,0.56,"Seriola lalandi","Fis-29523"
112.5,19,0.51,"Seriola lalandi","Fis-29523"
113,19,0.48,"Seriola lalandi","Fis-29523"
113.5,19,0.46,"Seriola lalandi","Fis-29523"
114,19,0.44,"Seriola lalandi","Fis-29523"
114.5,19,0.29,"Seriola lalandi","Fis-29523"
121.5,19,0.61,"Seriola lalandi","Fis-29523"
122,19,0.69,"Seriola lalandi","Fis-29523"
122.5,19,0.55,"Seriola lalandi","Fis-29523"
143.5,19,0.1,"Seriola lalandi","Fis-29523"
167,19,0.16,"Seriola lalandi","Fis-29523"
167.5,19,0.16,"Seriola lalandi","Fis-29523"
168,19,0.14,"Seriola lalandi","Fis-29523"
-158,18.5,0.14,"Seriola lalandi","Fis-29523"
-155.5,18.5,0.29,"Seriola lalandi","Fis-29523"
-111,18.5,0.25,"Seriola lalandi","Fis-29523"
-110.5,18.5,0.27,"Seriola lalandi","Fis-29523"
-104.5,18.5,0.37,"Seriola lalandi","Fis-29523"
-104,18.5,0.96,"Seriola lalandi","Fis-29523"
-103.5,18.5,0.91,"Seriola lalandi","Fis-29523"
-95.5,18.5,0.97,"Seriola lalandi","Fis-29523"
-95,18.5,0.98,"Seriola lalandi","Fis-29523"
-94.5,18.5,0.57,"Seriola lalandi","Fis-29523"
-94,18.5,0.17,"Seriola lalandi","Fis-29523"
-93.5,18.5,0.69,"Seriola lalandi","Fis-29523"
-93,18.5,1,"Seriola lalandi","Fis-29523"
-92.5,18.5,1,"Seriola lalandi","Fis-29523"
-92,18.5,0.75,"Seriola lalandi","Fis-29523"
-91.5,18.5,1,"Seriola lalandi","Fis-29523"
-91,18.5,0.58,"Seriola lalandi","Fis-29523"
-88,18.5,0.2,"Seriola lalandi","Fis-29523"
-87.5,18.5,0.39,"Seriola lalandi","Fis-29523"
-87,18.5,0.14,"Seriola lalandi","Fis-29523"
-86.5,18.5,0.08,"Seriola lalandi","Fis-29523"
-84,18.5,0.05,"Seriola lalandi","Fis-29523"
-83.5,18.5,0.1,"Seriola lalandi","Fis-29523"
-83,18.5,0.02,"Seriola lalandi","Fis-29523"
-78,18.5,0.06,"Seriola lalandi","Fis-29523"
-77.5,18.5,0.04,"Seriola lalandi","Fis-29523"
-77,18.5,0.03,"Seriola lalandi","Fis-29523"
-75.5,18.5,0.03,"Seriola lalandi","Fis-29523"
-74.5,18.5,0.04,"Seriola lalandi","Fis-29523"
-74,18.5,0.02,"Seriola lalandi","Fis-29523"
-73.5,18.5,0.02,"Seriola lalandi","Fis-29523"
-73,18.5,0.07,"Seriola lalandi","Fis-29523"
-72.5,18.5,0.08,"Seriola lalandi","Fis-29523"
-72,18.5,0.15,"Seriola lalandi","Fis-29523"
-71.5,18.5,0.07,"Seriola lalandi","Fis-29523"
-68.5,18.5,0.19,"Seriola lalandi","Fis-29523"
-68,18.5,0.11,"Seriola lalandi","Fis-29523"
-67.5,18.5,0.09,"Seriola lalandi","Fis-29523"
-67,18.5,0.11,"Seriola lalandi","Fis-29523"
-66.5,18.5,0.08,"Seriola lalandi","Fis-29523"
-66,18.5,0.05,"Seriola lalandi","Fis-29523"
-65.5,18.5,0.09,"Seriola lalandi","Fis-29523"
-65,18.5,0.12,"Seriola lalandi","Fis-29523"
-64.5,18.5,0.1,"Seriola lalandi","Fis-29523"
-64,18.5,0.09,"Seriola lalandi","Fis-29523"
-63,18.5,0.13,"Seriola lalandi","Fis-29523"
-62.5,18.5,0.12,"Seriola lalandi","Fis-29523"
37.5,18.5,0.09,"Seriola lalandi","Fis-29523"
38,18.5,0.52,"Seriola lalandi","Fis-29523"
38.5,18.5,0.51,"Seriola lalandi","Fis-29523"
39,18.5,0.3,"Seriola lalandi","Fis-29523"
39.5,18.5,0.25,"Seriola lalandi","Fis-29523"
40,18.5,0.2,"Seriola lalandi","Fis-29523"
40.5,18.5,0.25,"Seriola lalandi","Fis-29523"
41,18.5,0.22,"Seriola lalandi","Fis-29523"
41.5,18.5,0.18,"Seriola lalandi","Fis-29523"
57,18.5,0.23,"Seriola lalandi","Fis-29523"
57.5,18.5,0.46,"Seriola lalandi","Fis-29523"
58,18.5,0.63,"Seriola lalandi","Fis-29523"
58.5,18.5,0.79,"Seriola lalandi","Fis-29523"
70,18.5,0.11,"Seriola lalandi","Fis-29523"
70.5,18.5,0.35,"Seriola lalandi","Fis-29523"
71,18.5,0.38,"Seriola lalandi","Fis-29523"
71.5,18.5,0.34,"Seriola lalandi","Fis-29523"
72,18.5,0.38,"Seriola lalandi","Fis-29523"
72.5,18.5,0.62,"Seriola lalandi","Fis-29523"
73,18.5,0.66,"Seriola lalandi","Fis-29523"
84.5,18.5,0.77,"Seriola lalandi","Fis-29523"
85,18.5,0.77,"Seriola lalandi","Fis-29523"
85.5,18.5,0.75,"Seriola lalandi","Fis-29523"
86,18.5,0.01,"Seriola lalandi","Fis-29523"
93.5,18.5,0.52,"Seriola lalandi","Fis-29523"
94,18.5,0.73,"Seriola lalandi","Fis-29523"
94.5,18.5,0.69,"Seriola lalandi","Fis-29523"
106,18.5,0.94,"Seriola lalandi","Fis-29523"
106.5,18.5,0.99,"Seriola lalandi","Fis-29523"
107,18.5,0.99,"Seriola lalandi","Fis-29523"
107.5,18.5,0.99,"Seriola lalandi","Fis-29523"
108,18.5,0.99,"Seriola lalandi","Fis-29523"
108.5,18.5,0.99,"Seriola lalandi","Fis-29523"
109,18.5,0.39,"Seriola lalandi","Fis-29523"
110.5,18.5,0.51,"Seriola lalandi","Fis-29523"
111,18.5,1,"Seriola lalandi","Fis-29523"
111.5,18.5,0.62,"Seriola lalandi","Fis-29523"
112,18.5,0.47,"Seriola lalandi","Fis-29523"
112.5,18.5,0.45,"Seriola lalandi","Fis-29523"
113,18.5,0.44,"Seriola lalandi","Fis-29523"
113.5,18.5,0.3,"Seriola lalandi","Fis-29523"
121,18.5,0.48,"Seriola lalandi","Fis-29523"
121.5,18.5,0.64,"Seriola lalandi","Fis-29523"
122,18.5,0.99,"Seriola lalandi","Fis-29523"
122.5,18.5,0.88,"Seriola lalandi","Fis-29523"
146,18.5,0.2,"Seriola lalandi","Fis-29523"
-114.5,18,0.14,"Seriola lalandi","Fis-29523"
-103.5,18,0.89,"Seriola lalandi","Fis-29523"
-103,18,0.87,"Seriola lalandi","Fis-29523"
-102.5,18,0.85,"Seriola lalandi","Fis-29523"
-102,18,0.37,"Seriola lalandi","Fis-29523"
-94.5,18,1,"Seriola lalandi","Fis-29523"
-94,18,0.78,"Seriola lalandi","Fis-29523"
-93.5,18,0.5,"Seriola lalandi","Fis-29523"
-93,18,0.01,"Seriola lalandi","Fis-29523"
-92.5,18,0.01,"Seriola lalandi","Fis-29523"
-88,18,0.94,"Seriola lalandi","Fis-29523"
-87.5,18,0.34,"Seriola lalandi","Fis-29523"
-87,18,0.06,"Seriola lalandi","Fis-29523"
-78,18,0.06,"Seriola lalandi","Fis-29523"
-77.5,18,0.05,"Seriola lalandi","Fis-29523"
-77,18,0.01,"Seriola lalandi","Fis-29523"
-76.5,18,0.04,"Seriola lalandi","Fis-29523"
-76,18,0.03,"Seriola lalandi","Fis-29523"
-75.5,18,0.05,"Seriola lalandi","Fis-29523"
-75,18,0.01,"Seriola lalandi","Fis-29523"
-74.5,18,0.06,"Seriola lalandi","Fis-29523"
-74,18,0.05,"Seriola lalandi","Fis-29523"
-73.5,18,0.09,"Seriola lalandi","Fis-29523"
-73,18,0.13,"Seriola lalandi","Fis-29523"
-72.5,18,0.14,"Seriola lalandi","Fis-29523"
-72,18,0.13,"Seriola lalandi","Fis-29523"
-71.5,18,0.16,"Seriola lalandi","Fis-29523"
-71,18,0.2,"Seriola lalandi","Fis-29523"
-70.5,18,0.26,"Seriola lalandi","Fis-29523"
-70,18,0.41,"Seriola lalandi","Fis-29523"
-69.5,18,0.3,"Seriola lalandi","Fis-29523"
-69,18,0.1,"Seriola lalandi","Fis-29523"
-68.5,18,0.11,"Seriola lalandi","Fis-29523"
-68,18,0.11,"Seriola lalandi","Fis-29523"
-67.5,18,0.12,"Seriola lalandi","Fis-29523"
-67,18,0.12,"Seriola lalandi","Fis-29523"
-65.5,18,0.15,"Seriola lalandi","Fis-29523"
-65,18,0.18,"Seriola lalandi","Fis-29523"
-64.5,18,0.11,"Seriola lalandi","Fis-29523"
-64,18,0.11,"Seriola lalandi","Fis-29523"
-63.5,18,0.14,"Seriola lalandi","Fis-29523"
-63,18,0.16,"Seriola lalandi","Fis-29523"
-62.5,18,0.18,"Seriola lalandi","Fis-29523"
-62,18,0.14,"Seriola lalandi","Fis-29523"
38.5,18,0.17,"Seriola lalandi","Fis-29523"
39,18,0.44,"Seriola lalandi","Fis-29523"
39.5,18,0.26,"Seriola lalandi","Fis-29523"
40,18,0.19,"Seriola lalandi","Fis-29523"
40.5,18,0.23,"Seriola lalandi","Fis-29523"
41,18,0.26,"Seriola lalandi","Fis-29523"
41.5,18,0.23,"Seriola lalandi","Fis-29523"
42,18,0.18,"Seriola lalandi","Fis-29523"
56.5,18,0.08,"Seriola lalandi","Fis-29523"
57,18,0.54,"Seriola lalandi","Fis-29523"
57.5,18,0.69,"Seriola lalandi","Fis-29523"
58,18,0.79,"Seriola lalandi","Fis-29523"
70.5,18,0.2,"Seriola lalandi","Fis-29523"
71,18,0.34,"Seriola lalandi","Fis-29523"
71.5,18,0.35,"Seriola lalandi","Fis-29523"
72,18,0.37,"Seriola lalandi","Fis-29523"
72.5,18,0.5,"Seriola lalandi","Fis-29523"
73,18,0.51,"Seriola lalandi","Fis-29523"
73.5,18,0.21,"Seriola lalandi","Fis-29523"
84,18,0.78,"Seriola lalandi","Fis-29523"
84.5,18,0.78,"Seriola lalandi","Fis-29523"
85,18,0.76,"Seriola lalandi","Fis-29523"
93.5,18,0.22,"Seriola lalandi","Fis-29523"
94,18,0.4,"Seriola lalandi","Fis-29523"
94.5,18,0.39,"Seriola lalandi","Fis-29523"
95,18,0.62,"Seriola lalandi","Fis-29523"
106.5,18,0.98,"Seriola lalandi","Fis-29523"
107,18,0.99,"Seriola lalandi","Fis-29523"
107.5,18,0.99,"Seriola lalandi","Fis-29523"
108,18,0.99,"Seriola lalandi","Fis-29523"
108.5,18,0.93,"Seriola lalandi","Fis-29523"
109,18,0.59,"Seriola lalandi","Fis-29523"
109.5,18,0.93,"Seriola lalandi","Fis-29523"
110,18,0.75,"Seriola lalandi","Fis-29523"
110.5,18,1,"Seriola lalandi","Fis-29523"
111,18,0.85,"Seriola lalandi","Fis-29523"
111.5,18,0.49,"Seriola lalandi","Fis-29523"
112,18,0.17,"Seriola lalandi","Fis-29523"
112.5,18,0.09,"Seriola lalandi","Fis-29523"
120.5,18,0.52,"Seriola lalandi","Fis-29523"
121,18,0.57,"Seriola lalandi","Fis-29523"
122,18,0.91,"Seriola lalandi","Fis-29523"
122.5,18,0.87,"Seriola lalandi","Fis-29523"
123,18,0.12,"Seriola lalandi","Fis-29523"
146,18,0.19,"Seriola lalandi","Fis-29523"
168,18,0.03,"Seriola lalandi","Fis-29523"
-102.5,17.5,0.81,"Seriola lalandi","Fis-29523"
-102,17.5,0.63,"Seriola lalandi","Fis-29523"
-101.5,17.5,0.62,"Seriola lalandi","Fis-29523"
-101,17.5,0.74,"Seriola lalandi","Fis-29523"
-88,17.5,0.72,"Seriola lalandi","Fis-29523"
-87.5,17.5,0.07,"Seriola lalandi","Fis-29523"
-87,17.5,0.04,"Seriola lalandi","Fis-29523"
-78.5,17.5,0.12,"Seriola lalandi","Fis-29523"
-78,17.5,0.08,"Seriola lalandi","Fis-29523"
-77.5,17.5,0.06,"Seriola lalandi","Fis-29523"
-77,17.5,0.08,"Seriola lalandi","Fis-29523"
-76.5,17.5,0.05,"Seriola lalandi","Fis-29523"
-76,17.5,0.06,"Seriola lalandi","Fis-29523"
-75.5,17.5,0.1,"Seriola lalandi","Fis-29523"
-75,17.5,0.06,"Seriola lalandi","Fis-29523"
-71.5,17.5,0.12,"Seriola lalandi","Fis-29523"
-71,17.5,0.12,"Seriola lalandi","Fis-29523"
-70,17.5,0.03,"Seriola lalandi","Fis-29523"
-69.5,17.5,0.09,"Seriola lalandi","Fis-29523"
-67,17.5,0.13,"Seriola lalandi","Fis-29523"
-66.5,17.5,0.13,"Seriola lalandi","Fis-29523"
-66,17.5,0.13,"Seriola lalandi","Fis-29523"
-65.5,17.5,0.14,"Seriola lalandi","Fis-29523"
-64.5,17.5,0.14,"Seriola lalandi","Fis-29523"
-64,17.5,0.16,"Seriola lalandi","Fis-29523"
-63.5,17.5,0.17,"Seriola lalandi","Fis-29523"
-63,17.5,0.18,"Seriola lalandi","Fis-29523"
-62.5,17.5,0.17,"Seriola lalandi","Fis-29523"
-62,17.5,0.17,"Seriola lalandi","Fis-29523"
-61.5,17.5,0.15,"Seriola lalandi","Fis-29523"
39,17.5,0.36,"Seriola lalandi","Fis-29523"
39.5,17.5,0.27,"Seriola lalandi","Fis-29523"
40,17.5,0.25,"Seriola lalandi","Fis-29523"
40.5,17.5,0.19,"Seriola lalandi","Fis-29523"
41,17.5,0.29,"Seriola lalandi","Fis-29523"
41.5,17.5,0.29,"Seriola lalandi","Fis-29523"
42,17.5,0.45,"Seriola lalandi","Fis-29523"
42.5,17.5,0.32,"Seriola lalandi","Fis-29523"
55.5,17.5,0.74,"Seriola lalandi","Fis-29523"
56,17.5,0.8,"Seriola lalandi","Fis-29523"
56.5,17.5,0.81,"Seriola lalandi","Fis-29523"
57,17.5,0.75,"Seriola lalandi","Fis-29523"
57.5,17.5,0.79,"Seriola lalandi","Fis-29523"
58,17.5,0.62,"Seriola lalandi","Fis-29523"
71,17.5,0.31,"Seriola lalandi","Fis-29523"
71.5,17.5,0.33,"Seriola lalandi","Fis-29523"
72,17.5,0.36,"Seriola lalandi","Fis-29523"
72.5,17.5,0.44,"Seriola lalandi","Fis-29523"
73,17.5,0.58,"Seriola lalandi","Fis-29523"
73.5,17.5,0.71,"Seriola lalandi","Fis-29523"
83.5,17.5,0.78,"Seriola lalandi","Fis-29523"
84,17.5,0.77,"Seriola lalandi","Fis-29523"
84.5,17.5,0.76,"Seriola lalandi","Fis-29523"
94,17.5,0.24,"Seriola lalandi","Fis-29523"
94.5,17.5,0.49,"Seriola lalandi","Fis-29523"
95,17.5,0.63,"Seriola lalandi","Fis-29523"
106.5,17.5,0.97,"Seriola lalandi","Fis-29523"
107,17.5,0.99,"Seriola lalandi","Fis-29523"
107.5,17.5,0.99,"Seriola lalandi","Fis-29523"
108,17.5,0.99,"Seriola lalandi","Fis-29523"
108.5,17.5,1,"Seriola lalandi","Fis-29523"
109,17.5,0.77,"Seriola lalandi","Fis-29523"
109.5,17.5,1,"Seriola lalandi","Fis-29523"
110,17.5,1,"Seriola lalandi","Fis-29523"
110.5,17.5,0.7,"Seriola lalandi","Fis-29523"
111,17.5,0.49,"Seriola lalandi","Fis-29523"
111.5,17.5,0.08,"Seriola lalandi","Fis-29523"
113,17.5,0.18,"Seriola lalandi","Fis-29523"
120.5,17.5,0.47,"Seriola lalandi","Fis-29523"
122.5,17.5,0.87,"Seriola lalandi","Fis-29523"
143,17.5,0.01,"Seriola lalandi","Fis-29523"
146,17.5,0.18,"Seriola lalandi","Fis-29523"
-101.5,17,0.06,"Seriola lalandi","Fis-29523"
-101,17,0.76,"Seriola lalandi","Fis-29523"
-100.5,17,0.77,"Seriola lalandi","Fis-29523"
-100,17,0.79,"Seriola lalandi","Fis-29523"
-88,17,0.04,"Seriola lalandi","Fis-29523"
-87.5,17,0.02,"Seriola lalandi","Fis-29523"
-87,17,0.03,"Seriola lalandi","Fis-29523"
-84,17,0.05,"Seriola lalandi","Fis-29523"
-83.5,17,0.06,"Seriola lalandi","Fis-29523"
-83,17,0.04,"Seriola lalandi","Fis-29523"
-81.5,17,0.09,"Seriola lalandi","Fis-29523"
-81,17,0.12,"Seriola lalandi","Fis-29523"
-80.5,17,0.15,"Seriola lalandi","Fis-29523"
-80,17,0.16,"Seriola lalandi","Fis-29523"
-79,17,0.05,"Seriola lalandi","Fis-29523"
-78.5,17,0.17,"Seriola lalandi","Fis-29523"
-78,17,0.11,"Seriola lalandi","Fis-29523"
-77.5,17,0.08,"Seriola lalandi","Fis-29523"
-77,17,0.09,"Seriola lalandi","Fis-29523"
-76.5,17,0.03,"Seriola lalandi","Fis-29523"
-76,17,0.12,"Seriola lalandi","Fis-29523"
-75.5,17,0.14,"Seriola lalandi","Fis-29523"
-75,17,0.09,"Seriola lalandi","Fis-29523"
-71.5,17,0.14,"Seriola lalandi","Fis-29523"
-71,17,0.15,"Seriola lalandi","Fis-29523"
-63.5,17,0.19,"Seriola lalandi","Fis-29523"
-63,17,0.19,"Seriola lalandi","Fis-29523"
-62.5,17,0.19,"Seriola lalandi","Fis-29523"
-62,17,0.2,"Seriola lalandi","Fis-29523"
-61.5,17,0.17,"Seriola lalandi","Fis-29523"
-61,17,0.15,"Seriola lalandi","Fis-29523"
39,17,0.48,"Seriola lalandi","Fis-29523"
39.5,17,0.28,"Seriola lalandi","Fis-29523"
40,17,0.28,"Seriola lalandi","Fis-29523"
40.5,17,0.29,"Seriola lalandi","Fis-29523"
41,17,0.3,"Seriola lalandi","Fis-29523"
41.5,17,0.44,"Seriola lalandi","Fis-29523"
42,17,0.32,"Seriola lalandi","Fis-29523"
42.5,17,0.22,"Seriola lalandi","Fis-29523"
43,17,0.02,"Seriola lalandi","Fis-29523"
54.5,17,0.75,"Seriola lalandi","Fis-29523"
55,17,0.76,"Seriola lalandi","Fis-29523"
55.5,17,0.72,"Seriola lalandi","Fis-29523"
56,17,0.78,"Seriola lalandi","Fis-29523"
56.5,17,0.83,"Seriola lalandi","Fis-29523"
57,17,0.06,"Seriola lalandi","Fis-29523"
71.5,17,0.31,"Seriola lalandi","Fis-29523"
72,17,0.33,"Seriola lalandi","Fis-29523"
72.5,17,0.39,"Seriola lalandi","Fis-29523"
73,17,0.66,"Seriola lalandi","Fis-29523"
73.5,17,0.58,"Seriola lalandi","Fis-29523"
82.5,17,0.77,"Seriola lalandi","Fis-29523"
83,17,0.79,"Seriola lalandi","Fis-29523"
83.5,17,0.77,"Seriola lalandi","Fis-29523"
84,17,0.77,"Seriola lalandi","Fis-29523"
94.5,17,0.53,"Seriola lalandi","Fis-29523"
95,17,0.62,"Seriola lalandi","Fis-29523"
97,17,0.31,"Seriola lalandi","Fis-29523"
97.5,17,0.2,"Seriola lalandi","Fis-29523"
107,17,0.59,"Seriola lalandi","Fis-29523"
107.5,17,0.99,"Seriola lalandi","Fis-29523"
108,17,0.99,"Seriola lalandi","Fis-29523"
108.5,17,0.99,"Seriola lalandi","Fis-29523"
109,17,0.94,"Seriola lalandi","Fis-29523"
109.5,17,0.77,"Seriola lalandi","Fis-29523"
110,17,0.59,"Seriola lalandi","Fis-29523"
110.5,17,0.47,"Seriola lalandi","Fis-29523"
111,17,0.06,"Seriola lalandi","Fis-29523"
111.5,17,0.39,"Seriola lalandi","Fis-29523"
112,17,0.39,"Seriola lalandi","Fis-29523"
112.5,17,0.39,"Seriola lalandi","Fis-29523"
113,17,0.21,"Seriola lalandi","Fis-29523"
119,17,0.37,"Seriola lalandi","Fis-29523"
120.5,17,0.53,"Seriola lalandi","Fis-29523"
122.5,17,0.71,"Seriola lalandi","Fis-29523"
123,17,0.36,"Seriola lalandi","Fis-29523"
146,17,0.17,"Seriola lalandi","Fis-29523"
153,17,0.14,"Seriola lalandi","Fis-29523"
166.5,17,0.07,"Seriola lalandi","Fis-29523"
-169.5,16.5,0.11,"Seriola lalandi","Fis-29523"
-169,16.5,0.11,"Seriola lalandi","Fis-29523"
-100,16.5,0.72,"Seriola lalandi","Fis-29523"
-99.5,16.5,0.72,"Seriola lalandi","Fis-29523"
-99,16.5,0.74,"Seriola lalandi","Fis-29523"
-98.5,16.5,0.75,"Seriola lalandi","Fis-29523"
-88,16.5,0.1,"Seriola lalandi","Fis-29523"
-87.5,16.5,0.01,"Seriola lalandi","Fis-29523"
-86,16.5,0.02,"Seriola lalandi","Fis-29523"
-85.5,16.5,0.03,"Seriola lalandi","Fis-29523"
-85,16.5,0.01,"Seriola lalandi","Fis-29523"
-83.5,16.5,0.02,"Seriola lalandi","Fis-29523"
-83,16.5,0.04,"Seriola lalandi","Fis-29523"
-82.5,16.5,0.05,"Seriola lalandi","Fis-29523"
-82,16.5,0.06,"Seriola lalandi","Fis-29523"
-81.5,16.5,0.08,"Seriola lalandi","Fis-29523"
-81,16.5,0.12,"Seriola lalandi","Fis-29523"
-80.5,16.5,0.15,"Seriola lalandi","Fis-29523"
-80,16.5,0.16,"Seriola lalandi","Fis-29523"
-79.5,16.5,0.01,"Seriola lalandi","Fis-29523"
-78.5,16.5,0.15,"Seriola lalandi","Fis-29523"
-78,16.5,0.14,"Seriola lalandi","Fis-29523"
-77.5,16.5,0.13,"Seriola lalandi","Fis-29523"
-77,16.5,0.08,"Seriola lalandi","Fis-29523"
-63.5,16.5,0.2,"Seriola lalandi","Fis-29523"
-63,16.5,0.01,"Seriola lalandi","Fis-29523"
-62.5,16.5,0.21,"Seriola lalandi","Fis-29523"
-62,16.5,0.21,"Seriola lalandi","Fis-29523"
-61.5,16.5,0.2,"Seriola lalandi","Fis-29523"
-61,16.5,0.16,"Seriola lalandi","Fis-29523"
39.5,16.5,0.29,"Seriola lalandi","Fis-29523"
40,16.5,0.29,"Seriola lalandi","Fis-29523"
40.5,16.5,0.33,"Seriola lalandi","Fis-29523"
41,16.5,0.36,"Seriola lalandi","Fis-29523"
41.5,16.5,0.36,"Seriola lalandi","Fis-29523"
42,16.5,0.34,"Seriola lalandi","Fis-29523"
42.5,16.5,0.23,"Seriola lalandi","Fis-29523"
43,16.5,0.12,"Seriola lalandi","Fis-29523"
53,16.5,0.71,"Seriola lalandi","Fis-29523"
53.5,16.5,0.72,"Seriola lalandi","Fis-29523"
54,16.5,0.72,"Seriola lalandi","Fis-29523"
54.5,16.5,0.75,"Seriola lalandi","Fis-29523"
55,16.5,0.77,"Seriola lalandi","Fis-29523"
55.5,16.5,0.77,"Seriola lalandi","Fis-29523"
72,16.5,0.23,"Seriola lalandi","Fis-29523"
72.5,16.5,0.37,"Seriola lalandi","Fis-29523"
73,16.5,0.53,"Seriola lalandi","Fis-29523"
73.5,16.5,0.59,"Seriola lalandi","Fis-29523"
82.5,16.5,0.57,"Seriola lalandi","Fis-29523"
83,16.5,0.76,"Seriola lalandi","Fis-29523"
83.5,16.5,0.76,"Seriola lalandi","Fis-29523"
94,16.5,0.02,"Seriola lalandi","Fis-29523"
94.5,16.5,0.6,"Seriola lalandi","Fis-29523"
97,16.5,0.24,"Seriola lalandi","Fis-29523"
97.5,16.5,0.21,"Seriola lalandi","Fis-29523"
107.5,16.5,0.97,"Seriola lalandi","Fis-29523"
108,16.5,0.99,"Seriola lalandi","Fis-29523"
108.5,16.5,0.99,"Seriola lalandi","Fis-29523"
109,16.5,0.99,"Seriola lalandi","Fis-29523"
109.5,16.5,0.61,"Seriola lalandi","Fis-29523"
110,16.5,0.47,"Seriola lalandi","Fis-29523"
111,16.5,0.4,"Seriola lalandi","Fis-29523"
111.5,16.5,0.39,"Seriola lalandi","Fis-29523"
112,16.5,0.39,"Seriola lalandi","Fis-29523"
112.5,16.5,0.38,"Seriola lalandi","Fis-29523"
113,16.5,0.39,"Seriola lalandi","Fis-29523"
117,16.5,0.12,"Seriola lalandi","Fis-29523"
120,16.5,0.48,"Seriola lalandi","Fis-29523"
120.5,16.5,0.72,"Seriola lalandi","Fis-29523"
122.5,16.5,0.58,"Seriola lalandi","Fis-29523"
123,16.5,0.36,"Seriola lalandi","Fis-29523"
146,16.5,0.16,"Seriola lalandi","Fis-29523"
146.5,16.5,0.08,"Seriola lalandi","Fis-29523"
165.5,16.5,0.08,"Seriola lalandi","Fis-29523"
-99,16,0.41,"Seriola lalandi","Fis-29523"
-98.5,16,0.68,"Seriola lalandi","Fis-29523"
-98,16,0.67,"Seriola lalandi","Fis-29523"
-97.5,16,0.72,"Seriola lalandi","Fis-29523"
-95,16,0.65,"Seriola lalandi","Fis-29523"
-94.5,16,0.71,"Seriola lalandi","Fis-29523"
-94,16,0.41,"Seriola lalandi","Fis-29523"
-88.5,16,0.12,"Seriola lalandi","Fis-29523"
-88,16,0.18,"Seriola lalandi","Fis-29523"
-87.5,16,0.01,"Seriola lalandi","Fis-29523"
-87,16,0.01,"Seriola lalandi","Fis-29523"
-86.5,16,0.01,"Seriola lalandi","Fis-29523"
-86,16,0.02,"Seriola lalandi","Fis-29523"
-85.5,16,0.03,"Seriola lalandi","Fis-29523"
-85,16,0.03,"Seriola lalandi","Fis-29523"
-84.5,16,0.05,"Seriola lalandi","Fis-29523"
-84,16,0.23,"Seriola lalandi","Fis-29523"
-83.5,16,0.16,"Seriola lalandi","Fis-29523"
-83,16,0.12,"Seriola lalandi","Fis-29523"
-82.5,16,0.08,"Seriola lalandi","Fis-29523"
-82,16,0.05,"Seriola lalandi","Fis-29523"
-81.5,16,0.07,"Seriola lalandi","Fis-29523"
-81,16,0.12,"Seriola lalandi","Fis-29523"
-80.5,16,0.17,"Seriola lalandi","Fis-29523"
-80,16,0.17,"Seriola lalandi","Fis-29523"
-79.5,16,0.17,"Seriola lalandi","Fis-29523"
-79,16,0.17,"Seriola lalandi","Fis-29523"
-78.5,16,0.18,"Seriola lalandi","Fis-29523"
-61.5,16,0.21,"Seriola lalandi","Fis-29523"
-61,16,0.18,"Seriola lalandi","Fis-29523"
-60.5,16,0.15,"Seriola lalandi","Fis-29523"
39.5,16,0.24,"Seriola lalandi","Fis-29523"
40,16,0.14,"Seriola lalandi","Fis-29523"
40.5,16,0.21,"Seriola lalandi","Fis-29523"
41,16,0.36,"Seriola lalandi","Fis-29523"
41.5,16,0.4,"Seriola lalandi","Fis-29523"
42,16,0.4,"Seriola lalandi","Fis-29523"
42.5,16,0.36,"Seriola lalandi","Fis-29523"
43,16,0.13,"Seriola lalandi","Fis-29523"
52.5,16,0.71,"Seriola lalandi","Fis-29523"
53,16,0.77,"Seriola lalandi","Fis-29523"
72,16,0.03,"Seriola lalandi","Fis-29523"
72.5,16,0.36,"Seriola lalandi","Fis-29523"
73,16,0.55,"Seriola lalandi","Fis-29523"
73.5,16,0.7,"Seriola lalandi","Fis-29523"
74,16,0.09,"Seriola lalandi","Fis-29523"
81.5,16,0.6,"Seriola lalandi","Fis-29523"
82,16,0.52,"Seriola lalandi","Fis-29523"
82.5,16,0.55,"Seriola lalandi","Fis-29523"
94,16,0.52,"Seriola lalandi","Fis-29523"
94.5,16,0.63,"Seriola lalandi","Fis-29523"
96,16,0.31,"Seriola lalandi","Fis-29523"
96.5,16,0.3,"Seriola lalandi","Fis-29523"
97,16,0.38,"Seriola lalandi","Fis-29523"
97.5,16,0.38,"Seriola lalandi","Fis-29523"
98,16,0.01,"Seriola lalandi","Fis-29523"
108,16,0.52,"Seriola lalandi","Fis-29523"
108.5,16,0.98,"Seriola lalandi","Fis-29523"
109,16,0.99,"Seriola lalandi","Fis-29523"
109.5,16,0.6,"Seriola lalandi","Fis-29523"
110,16,0.44,"Seriola lalandi","Fis-29523"
111,16,0.39,"Seriola lalandi","Fis-29523"
111.5,16,0.38,"Seriola lalandi","Fis-29523"
112,16,0.38,"Seriola lalandi","Fis-29523"
112.5,16,0.37,"Seriola lalandi","Fis-29523"
113,16,0.37,"Seriola lalandi","Fis-29523"
114,16,0.29,"Seriola lalandi","Fis-29523"
114.5,16,0.4,"Seriola lalandi","Fis-29523"
115,16,0.4,"Seriola lalandi","Fis-29523"
120,16,0.71,"Seriola lalandi","Fis-29523"
120.5,16,0.71,"Seriola lalandi","Fis-29523"
122,16,0.81,"Seriola lalandi","Fis-29523"
122.5,16,0.48,"Seriola lalandi","Fis-29523"
146,16,0.16,"Seriola lalandi","Fis-29523"
146.5,16,0.15,"Seriola lalandi","Fis-29523"
-98,15.5,0.35,"Seriola lalandi","Fis-29523"
-97.5,15.5,0.65,"Seriola lalandi","Fis-29523"
-97,15.5,0.65,"Seriola lalandi","Fis-29523"
-96.5,15.5,0.69,"Seriola lalandi","Fis-29523"
-96,15.5,0.75,"Seriola lalandi","Fis-29523"
-95.5,15.5,0.8,"Seriola lalandi","Fis-29523"
-95,15.5,0.9,"Seriola lalandi","Fis-29523"
-94.5,15.5,0.87,"Seriola lalandi","Fis-29523"
-94,15.5,0.7,"Seriola lalandi","Fis-29523"
-93.5,15.5,0.57,"Seriola lalandi","Fis-29523"
-93,15.5,0.53,"Seriola lalandi","Fis-29523"
-88.5,15.5,0.85,"Seriola lalandi","Fis-29523"
-88,15.5,0.04,"Seriola lalandi","Fis-29523"
-87.5,15.5,0.77,"Seriola lalandi","Fis-29523"
-87,15.5,0.88,"Seriola lalandi","Fis-29523"
-86.5,15.5,0.88,"Seriola lalandi","Fis-29523"
-86,15.5,0.4,"Seriola lalandi","Fis-29523"
-85.5,15.5,0.2,"Seriola lalandi","Fis-29523"
-85,15.5,0.91,"Seriola lalandi","Fis-29523"
-84.5,15.5,0.55,"Seriola lalandi","Fis-29523"
-84,15.5,0.86,"Seriola lalandi","Fis-29523"
-83.5,15.5,0.88,"Seriola lalandi","Fis-29523"
-83,15.5,0.21,"Seriola lalandi","Fis-29523"
-82.5,15.5,0.08,"Seriola lalandi","Fis-29523"
-82,15.5,0.08,"Seriola lalandi","Fis-29523"
-81.5,15.5,0.11,"Seriola lalandi","Fis-29523"
-81,15.5,0.12,"Seriola lalandi","Fis-29523"
-80.5,15.5,0.15,"Seriola lalandi","Fis-29523"
-80,15.5,0.16,"Seriola lalandi","Fis-29523"
-79.5,15.5,0.17,"Seriola lalandi","Fis-29523"
-79,15.5,0.18,"Seriola lalandi","Fis-29523"
-78.5,15.5,0.19,"Seriola lalandi","Fis-29523"
-78,15.5,0.08,"Seriola lalandi","Fis-29523"
-63.5,15.5,0.24,"Seriola lalandi","Fis-29523"
-61.5,15.5,0.24,"Seriola lalandi","Fis-29523"
-61,15.5,0.21,"Seriola lalandi","Fis-29523"
39.5,15.5,0.13,"Seriola lalandi","Fis-29523"
40,15.5,0.17,"Seriola lalandi","Fis-29523"
40.5,15.5,0.18,"Seriola lalandi","Fis-29523"
41,15.5,0.16,"Seriola lalandi","Fis-29523"
41.5,15.5,0.42,"Seriola lalandi","Fis-29523"
42,15.5,0.44,"Seriola lalandi","Fis-29523"
42.5,15.5,0.4,"Seriola lalandi","Fis-29523"
43,15.5,0.18,"Seriola lalandi","Fis-29523"
52,15.5,0.29,"Seriola lalandi","Fis-29523"
52.5,15.5,0.77,"Seriola lalandi","Fis-29523"
53,15.5,0.34,"Seriola lalandi","Fis-29523"
72.5,15.5,0.04,"Seriola lalandi","Fis-29523"
73,15.5,0.47,"Seriola lalandi","Fis-29523"
73.5,15.5,0.83,"Seriola lalandi","Fis-29523"
74,15.5,0.53,"Seriola lalandi","Fis-29523"
80.5,15.5,0.67,"Seriola lalandi","Fis-29523"
81,15.5,0.63,"Seriola lalandi","Fis-29523"
81.5,15.5,0.66,"Seriola lalandi","Fis-29523"
82,15.5,0.75,"Seriola lalandi","Fis-29523"
94,15.5,0.65,"Seriola lalandi","Fis-29523"
94.5,15.5,0.53,"Seriola lalandi","Fis-29523"
95,15.5,0.36,"Seriola lalandi","Fis-29523"
95.5,15.5,0.17,"Seriola lalandi","Fis-29523"
96,15.5,0.24,"Seriola lalandi","Fis-29523"
96.5,15.5,0.5,"Seriola lalandi","Fis-29523"
97,15.5,0.37,"Seriola lalandi","Fis-29523"
97.5,15.5,0.35,"Seriola lalandi","Fis-29523"
98,15.5,0.38,"Seriola lalandi","Fis-29523"
108.5,15.5,0.98,"Seriola lalandi","Fis-29523"
109,15.5,0.99,"Seriola lalandi","Fis-29523"
109.5,15.5,0.92,"Seriola lalandi","Fis-29523"
110,15.5,0.46,"Seriola lalandi","Fis-29523"
110.5,15.5,0.4,"Seriola lalandi","Fis-29523"
111,15.5,0.37,"Seriola lalandi","Fis-29523"
111.5,15.5,0.38,"Seriola lalandi","Fis-29523"
112,15.5,0.38,"Seriola lalandi","Fis-29523"
112.5,15.5,0.19,"Seriola lalandi","Fis-29523"
113,15.5,0.29,"Seriola lalandi","Fis-29523"
114,15.5,0.41,"Seriola lalandi","Fis-29523"
114.5,15.5,0.51,"Seriola lalandi","Fis-29523"
115,15.5,0.44,"Seriola lalandi","Fis-29523"
120,15.5,0.47,"Seriola lalandi","Fis-29523"
122,15.5,0.83,"Seriola lalandi","Fis-29523"
124.5,15.5,0.18,"Seriola lalandi","Fis-29523"
146,15.5,0.14,"Seriola lalandi","Fis-29523"
146.5,15.5,0.13,"Seriola lalandi","Fis-29523"
-94.5,15,0.93,"Seriola lalandi","Fis-29523"
-94,15,0.8,"Seriola lalandi","Fis-29523"
-93.5,15,0.63,"Seriola lalandi","Fis-29523"
-93,15,0.52,"Seriola lalandi","Fis-29523"
-92.5,15,0.52,"Seriola lalandi","Fis-29523"
-84,15,0.41,"Seriola lalandi","Fis-29523"
-83.5,15,0.01,"Seriola lalandi","Fis-29523"
-83,15,0.63,"Seriola lalandi","Fis-29523"
-82.5,15,0.1,"Seriola lalandi","Fis-29523"
-82,15,0.13,"Seriola lalandi","Fis-29523"
-81.5,15,0.14,"Seriola lalandi","Fis-29523"
-81,15,0.13,"Seriola lalandi","Fis-29523"
-80.5,15,0.15,"Seriola lalandi","Fis-29523"
-80,15,0.12,"Seriola lalandi","Fis-29523"
-63.5,15,0.14,"Seriola lalandi","Fis-29523"
-63,15,0.1,"Seriola lalandi","Fis-29523"
-61,15,0.27,"Seriola lalandi","Fis-29523"
-60.5,15,0.21,"Seriola lalandi","Fis-29523"
40,15,0.29,"Seriola lalandi","Fis-29523"
40.5,15,0.19,"Seriola lalandi","Fis-29523"
41,15,0.24,"Seriola lalandi","Fis-29523"
41.5,15,0.31,"Seriola lalandi","Fis-29523"
42,15,0.45,"Seriola lalandi","Fis-29523"
42.5,15,0.43,"Seriola lalandi","Fis-29523"
43,15,0.24,"Seriola lalandi","Fis-29523"
50.5,15,0.35,"Seriola lalandi","Fis-29523"
51,15,0.76,"Seriola lalandi","Fis-29523"
51.5,15,0.78,"Seriola lalandi","Fis-29523"
52,15,0.8,"Seriola lalandi","Fis-29523"
52.5,15,0.84,"Seriola lalandi","Fis-29523"
73,15,0.4,"Seriola lalandi","Fis-29523"
73.5,15,0.8,"Seriola lalandi","Fis-29523"
74,15,0.7,"Seriola lalandi","Fis-29523"
74.5,15,0.26,"Seriola lalandi","Fis-29523"
80.5,15,0.77,"Seriola lalandi","Fis-29523"
81,15,0.75,"Seriola lalandi","Fis-29523"
93.5,15,0.34,"Seriola lalandi","Fis-29523"
94,15,0.38,"Seriola lalandi","Fis-29523"
94.5,15,0.65,"Seriola lalandi","Fis-29523"
95,15,0.5,"Seriola lalandi","Fis-29523"
95.5,15,0.36,"Seriola lalandi","Fis-29523"
96,15,0.53,"Seriola lalandi","Fis-29523"
96.5,15,0.52,"Seriola lalandi","Fis-29523"
97,15,0.17,"Seriola lalandi","Fis-29523"
97.5,15,0.14,"Seriola lalandi","Fis-29523"
98,15,0.22,"Seriola lalandi","Fis-29523"
109,15,0.98,"Seriola lalandi","Fis-29523"
109.5,15,0.99,"Seriola lalandi","Fis-29523"
110,15,0.49,"Seriola lalandi","Fis-29523"
110.5,15,0.41,"Seriola lalandi","Fis-29523"
111,15,0.27,"Seriola lalandi","Fis-29523"
114.5,15,0.29,"Seriola lalandi","Fis-29523"
118,15,0.32,"Seriola lalandi","Fis-29523"
120,15,0.68,"Seriola lalandi","Fis-29523"
120.5,15,0.7,"Seriola lalandi","Fis-29523"
121.5,15,0.79,"Seriola lalandi","Fis-29523"
122,15,0.85,"Seriola lalandi","Fis-29523"
122.5,15,0.82,"Seriola lalandi","Fis-29523"
124,15,0.02,"Seriola lalandi","Fis-29523"
145.5,15,0.08,"Seriola lalandi","Fis-29523"
146,15,0.17,"Seriola lalandi","Fis-29523"
-94,14.5,0.84,"Seriola lalandi","Fis-29523"
-93.5,14.5,0.7,"Seriola lalandi","Fis-29523"
-93,14.5,0.6,"Seriola lalandi","Fis-29523"
-92.5,14.5,0.51,"Seriola lalandi","Fis-29523"
-92,14.5,0.32,"Seriola lalandi","Fis-29523"
-83,14.5,0.89,"Seriola lalandi","Fis-29523"
-82.5,14.5,0.27,"Seriola lalandi","Fis-29523"
-82,14.5,0.09,"Seriola lalandi","Fis-29523"
-81.5,14.5,0.11,"Seriola lalandi","Fis-29523"
-81,14.5,0.13,"Seriola lalandi","Fis-29523"
-80.5,14.5,0.1,"Seriola lalandi","Fis-29523"
-80,14.5,0.15,"Seriola lalandi","Fis-29523"
-77.5,14.5,0.08,"Seriola lalandi","Fis-29523"
-61,14.5,0.32,"Seriola lalandi","Fis-29523"
-60.5,14.5,0.23,"Seriola lalandi","Fis-29523"
40.5,14.5,0.32,"Seriola lalandi","Fis-29523"
41,14.5,0.21,"Seriola lalandi","Fis-29523"
41.5,14.5,0.43,"Seriola lalandi","Fis-29523"
42,14.5,0.46,"Seriola lalandi","Fis-29523"
42.5,14.5,0.43,"Seriola lalandi","Fis-29523"
43,14.5,0.47,"Seriola lalandi","Fis-29523"
49.5,14.5,0.75,"Seriola lalandi","Fis-29523"
50,14.5,0.77,"Seriola lalandi","Fis-29523"
50.5,14.5,0.78,"Seriola lalandi","Fis-29523"
51,14.5,0.81,"Seriola lalandi","Fis-29523"
51.5,14.5,0.85,"Seriola lalandi","Fis-29523"
52,14.5,0.85,"Seriola lalandi","Fis-29523"
73,14.5,0.18,"Seriola lalandi","Fis-29523"
73.5,14.5,0.66,"Seriola lalandi","Fis-29523"
74,14.5,0.82,"Seriola lalandi","Fis-29523"
74.5,14.5,0.76,"Seriola lalandi","Fis-29523"
80.5,14.5,0.79,"Seriola lalandi","Fis-29523"
81,14.5,0.6,"Seriola lalandi","Fis-29523"
93.5,14.5,0.47,"Seriola lalandi","Fis-29523"
94,14.5,0.31,"Seriola lalandi","Fis-29523"
94.5,14.5,0.32,"Seriola lalandi","Fis-29523"
95,14.5,0.38,"Seriola lalandi","Fis-29523"
95.5,14.5,0.44,"Seriola lalandi","Fis-29523"
96,14.5,0.36,"Seriola lalandi","Fis-29523"
96.5,14.5,0.25,"Seriola lalandi","Fis-29523"
97,14.5,0.13,"Seriola lalandi","Fis-29523"
97.5,14.5,0.06,"Seriola lalandi","Fis-29523"
98,14.5,0.33,"Seriola lalandi","Fis-29523"
109,14.5,0.97,"Seriola lalandi","Fis-29523"
109.5,14.5,0.99,"Seriola lalandi","Fis-29523"
110,14.5,0.52,"Seriola lalandi","Fis-29523"
110.5,14.5,0.41,"Seriola lalandi","Fis-29523"
111,14.5,0.08,"Seriola lalandi","Fis-29523"
120,14.5,0.45,"Seriola lalandi","Fis-29523"
120.5,14.5,0.71,"Seriola lalandi","Fis-29523"
121,14.5,0.17,"Seriola lalandi","Fis-29523"
121.5,14.5,0.01,"Seriola lalandi","Fis-29523"
122,14.5,0.84,"Seriola lalandi","Fis-29523"
122.5,14.5,0.84,"Seriola lalandi","Fis-29523"
123,14.5,0.81,"Seriola lalandi","Fis-29523"
123.5,14.5,0.58,"Seriola lalandi","Fis-29523"
124,14.5,0.36,"Seriola lalandi","Fis-29523"
124.5,14.5,0.25,"Seriola lalandi","Fis-29523"
145.5,14.5,0.1,"Seriola lalandi","Fis-29523"
146,14.5,0.13,"Seriola lalandi","Fis-29523"
169,14.5,0.09,"Seriola lalandi","Fis-29523"
169.5,14.5,0.08,"Seriola lalandi","Fis-29523"
-93,14,0.63,"Seriola lalandi","Fis-29523"
-92.5,14,0.6,"Seriola lalandi","Fis-29523"
-92,14,0.53,"Seriola lalandi","Fis-29523"
-91.5,14,0.54,"Seriola lalandi","Fis-29523"
-91,14,0.01,"Seriola lalandi","Fis-29523"
-83,14,0.82,"Seriola lalandi","Fis-29523"
-82.5,14,0.13,"Seriola lalandi","Fis-29523"
-82,14,0.11,"Seriola lalandi","Fis-29523"
-81.5,14,0.11,"Seriola lalandi","Fis-29523"
-81,14,0.12,"Seriola lalandi","Fis-29523"
-80.5,14,0.08,"Seriola lalandi","Fis-29523"
-80,14,0.14,"Seriola lalandi","Fis-29523"
-78,14,0.11,"Seriola lalandi","Fis-29523"
-77.5,14,0.08,"Seriola lalandi","Fis-29523"
-63.5,14,0.17,"Seriola lalandi","Fis-29523"
-61,14,0.38,"Seriola lalandi","Fis-29523"
-60.5,14,0.31,"Seriola lalandi","Fis-29523"
41.5,14,0.4,"Seriola lalandi","Fis-29523"
42,14,0.48,"Seriola lalandi","Fis-29523"
42.5,14,0.47,"Seriola lalandi","Fis-29523"
43,14,0.51,"Seriola lalandi","Fis-29523"
43.5,14,0.27,"Seriola lalandi","Fis-29523"
48,14,0.24,"Seriola lalandi","Fis-29523"
48.5,14,0.71,"Seriola lalandi","Fis-29523"
49,14,0.73,"Seriola lalandi","Fis-29523"
49.5,14,0.76,"Seriola lalandi","Fis-29523"
73,14,0.21,"Seriola lalandi","Fis-29523"
73.5,14,0.48,"Seriola lalandi","Fis-29523"
74,14,0.79,"Seriola lalandi","Fis-29523"
74.5,14,0.82,"Seriola lalandi","Fis-29523"
75,14,0.32,"Seriola lalandi","Fis-29523"
80.5,14,0.79,"Seriola lalandi","Fis-29523"
81,14,0.75,"Seriola lalandi","Fis-29523"
93,14,0.35,"Seriola lalandi","Fis-29523"
93.5,14,0.72,"Seriola lalandi","Fis-29523"
94,14,0.37,"Seriola lalandi","Fis-29523"
94.5,14,0.3,"Seriola lalandi","Fis-29523"
95,14,0.29,"Seriola lalandi","Fis-29523"
95.5,14,0.25,"Seriola lalandi","Fis-29523"
96,14,0.17,"Seriola lalandi","Fis-29523"
96.5,14,0.11,"Seriola lalandi","Fis-29523"
97,14,0.08,"Seriola lalandi","Fis-29523"
97.5,14,0.05,"Seriola lalandi","Fis-29523"
98,14,0.38,"Seriola lalandi","Fis-29523"
98.5,14,0.49,"Seriola lalandi","Fis-29523"
109.5,14,0.98,"Seriola lalandi","Fis-29523"
110,14,0.57,"Seriola lalandi","Fis-29523"
110.5,14,0.38,"Seriola lalandi","Fis-29523"
115.5,14,0.2,"Seriola lalandi","Fis-29523"
116,14,0.01,"Seriola lalandi","Fis-29523"
120.5,14,0.75,"Seriola lalandi","Fis-29523"
121,14,0.77,"Seriola lalandi","Fis-29523"
122,14,0.84,"Seriola lalandi","Fis-29523"
122.5,14,0.84,"Seriola lalandi","Fis-29523"
123,14,0.82,"Seriola lalandi","Fis-29523"
123.5,14,0.79,"Seriola lalandi","Fis-29523"
124,14,0.78,"Seriola lalandi","Fis-29523"
124.5,14,0.59,"Seriola lalandi","Fis-29523"
125,14,0.21,"Seriola lalandi","Fis-29523"
145,14,0.02,"Seriola lalandi","Fis-29523"
145.5,14,0.11,"Seriola lalandi","Fis-29523"
166,14,0.08,"Seriola lalandi","Fis-29523"
-119.5,13.5,0.44,"Seriola lalandi","Fis-29523"
-92,13.5,0.61,"Seriola lalandi","Fis-29523"
-91.5,13.5,0.54,"Seriola lalandi","Fis-29523"
-91,13.5,0.5,"Seriola lalandi","Fis-29523"
-90.5,13.5,0.48,"Seriola lalandi","Fis-29523"
-90,13.5,0.41,"Seriola lalandi","Fis-29523"
-89.5,13.5,0.52,"Seriola lalandi","Fis-29523"
-89,13.5,0.26,"Seriola lalandi","Fis-29523"
-83.5,13.5,0.33,"Seriola lalandi","Fis-29523"
-83,13.5,0.62,"Seriola lalandi","Fis-29523"
-82.5,13.5,0.11,"Seriola lalandi","Fis-29523"
-82,13.5,0.11,"Seriola lalandi","Fis-29523"
-81.5,13.5,0.1,"Seriola lalandi","Fis-29523"
-81,13.5,0.11,"Seriola lalandi","Fis-29523"
-80,13.5,0.13,"Seriola lalandi","Fis-29523"
-79.5,13.5,0.14,"Seriola lalandi","Fis-29523"
-63,13.5,0.47,"Seriola lalandi","Fis-29523"
-62.5,13.5,0.28,"Seriola lalandi","Fis-29523"
-61,13.5,0.49,"Seriola lalandi","Fis-29523"
-60.5,13.5,0.42,"Seriola lalandi","Fis-29523"
-59.5,13.5,0.34,"Seriola lalandi","Fis-29523"
-59,13.5,0.13,"Seriola lalandi","Fis-29523"
42,13.5,0.44,"Seriola lalandi","Fis-29523"
42.5,13.5,0.51,"Seriola lalandi","Fis-29523"
43,13.5,0.54,"Seriola lalandi","Fis-29523"
43.5,13.5,0.55,"Seriola lalandi","Fis-29523"
47,13.5,0.5,"Seriola lalandi","Fis-29523"
47.5,13.5,0.7,"Seriola lalandi","Fis-29523"
48,13.5,0.7,"Seriola lalandi","Fis-29523"
48.5,13.5,0.7,"Seriola lalandi","Fis-29523"
49,13.5,0.72,"Seriola lalandi","Fis-29523"
50.5,13.5,0.01,"Seriola lalandi","Fis-29523"
72.5,13.5,0.11,"Seriola lalandi","Fis-29523"
73,13.5,0.23,"Seriola lalandi","Fis-29523"
73.5,13.5,0.43,"Seriola lalandi","Fis-29523"
74,13.5,0.76,"Seriola lalandi","Fis-29523"
74.5,13.5,0.8,"Seriola lalandi","Fis-29523"
75,13.5,0.82,"Seriola lalandi","Fis-29523"
80.5,13.5,0.79,"Seriola lalandi","Fis-29523"
81,13.5,0.76,"Seriola lalandi","Fis-29523"
92.5,13.5,0.23,"Seriola lalandi","Fis-29523"
93,13.5,0.68,"Seriola lalandi","Fis-29523"
93.5,13.5,0.71,"Seriola lalandi","Fis-29523"
94.5,13.5,0.29,"Seriola lalandi","Fis-29523"
95,13.5,0.12,"Seriola lalandi","Fis-29523"
95.5,13.5,0.18,"Seriola lalandi","Fis-29523"
96,13.5,0.18,"Seriola lalandi","Fis-29523"
96.5,13.5,0.09,"Seriola lalandi","Fis-29523"
97,13.5,0.06,"Seriola lalandi","Fis-29523"
97.5,13.5,0.07,"Seriola lalandi","Fis-29523"
98,13.5,0.23,"Seriola lalandi","Fis-29523"
98.5,13.5,0.49,"Seriola lalandi","Fis-29523"
100.5,13.5,0.03,"Seriola lalandi","Fis-29523"
101,13.5,0.03,"Seriola lalandi","Fis-29523"
109.5,13.5,0.96,"Seriola lalandi","Fis-29523"
110,13.5,0.71,"Seriola lalandi","Fis-29523"
112.5,13.5,0.19,"Seriola lalandi","Fis-29523"
113,13.5,0.2,"Seriola lalandi","Fis-29523"
115.5,13.5,0.06,"Seriola lalandi","Fis-29523"
120.5,13.5,0.48,"Seriola lalandi","Fis-29523"
121,13.5,0.83,"Seriola lalandi","Fis-29523"
121.5,13.5,0.81,"Seriola lalandi","Fis-29523"
122,13.5,0.77,"Seriola lalandi","Fis-29523"
122.5,13.5,0.79,"Seriola lalandi","Fis-29523"
123,13.5,0.79,"Seriola lalandi","Fis-29523"
123.5,13.5,0.78,"Seriola lalandi","Fis-29523"
124,13.5,0.79,"Seriola lalandi","Fis-29523"
124.5,13.5,0.66,"Seriola lalandi","Fis-29523"
125,13.5,0.21,"Seriola lalandi","Fis-29523"
145,13.5,0.14,"Seriola lalandi","Fis-29523"
145.5,13.5,0.1,"Seriola lalandi","Fis-29523"
158,13.5,0.11,"Seriola lalandi","Fis-29523"
-119.5,13,0.54,"Seriola lalandi","Fis-29523"
-91,13,0.66,"Seriola lalandi","Fis-29523"
-90.5,13,0.67,"Seriola lalandi","Fis-29523"
-90,13,0.66,"Seriola lalandi","Fis-29523"
-89.5,13,0.61,"Seriola lalandi","Fis-29523"
-89,13,0.55,"Seriola lalandi","Fis-29523"
-88.5,13,0.46,"Seriola lalandi","Fis-29523"
-88,13,0.5,"Seriola lalandi","Fis-29523"
-87.5,13,0.49,"Seriola lalandi","Fis-29523"
-87,13,0.62,"Seriola lalandi","Fis-29523"
-83.5,13,0.56,"Seriola lalandi","Fis-29523"
-83,13,0.26,"Seriola lalandi","Fis-29523"
-82.5,13,0.06,"Seriola lalandi","Fis-29523"
-82,13,0.1,"Seriola lalandi","Fis-29523"
-81.5,13,0.08,"Seriola lalandi","Fis-29523"
-81,13,0.09,"Seriola lalandi","Fis-29523"
-80,13,0.1,"Seriola lalandi","Fis-29523"
-79.5,13,0.07,"Seriola lalandi","Fis-29523"
-70.5,13,0.15,"Seriola lalandi","Fis-29523"
-63.5,13,0.34,"Seriola lalandi","Fis-29523"
-63,13,0.43,"Seriola lalandi","Fis-29523"
-61,13,0.67,"Seriola lalandi","Fis-29523"
-60.5,13,0.57,"Seriola lalandi","Fis-29523"
-59.5,13,0.48,"Seriola lalandi","Fis-29523"
-59,13,0.37,"Seriola lalandi","Fis-29523"
42.5,13,0.32,"Seriola lalandi","Fis-29523"
43,13,0.56,"Seriola lalandi","Fis-29523"
43.5,13,0.57,"Seriola lalandi","Fis-29523"
45.5,13,0.41,"Seriola lalandi","Fis-29523"
46,13,0.69,"Seriola lalandi","Fis-29523"
46.5,13,0.68,"Seriola lalandi","Fis-29523"
47,13,0.68,"Seriola lalandi","Fis-29523"
47.5,13,0.67,"Seriola lalandi","Fis-29523"
72.5,13,0.11,"Seriola lalandi","Fis-29523"
73,13,0.19,"Seriola lalandi","Fis-29523"
73.5,13,0.23,"Seriola lalandi","Fis-29523"
74,13,0.7,"Seriola lalandi","Fis-29523"
74.5,13,0.79,"Seriola lalandi","Fis-29523"
75,13,0.82,"Seriola lalandi","Fis-29523"
80.5,13,0.79,"Seriola lalandi","Fis-29523"
81,13,0.76,"Seriola lalandi","Fis-29523"
92.5,13,0.39,"Seriola lalandi","Fis-29523"
93,13,0.64,"Seriola lalandi","Fis-29523"
93.5,13,0.57,"Seriola lalandi","Fis-29523"
94,13,0.16,"Seriola lalandi","Fis-29523"
94.5,13,0.33,"Seriola lalandi","Fis-29523"
95,13,0.2,"Seriola lalandi","Fis-29523"
96.5,13,0.09,"Seriola lalandi","Fis-29523"
97,13,0.06,"Seriola lalandi","Fis-29523"
97.5,13,0.06,"Seriola lalandi","Fis-29523"
98,13,0.11,"Seriola lalandi","Fis-29523"
98.5,13,0.39,"Seriola lalandi","Fis-29523"
99,13,0.44,"Seriola lalandi","Fis-29523"
100,13,0.19,"Seriola lalandi","Fis-29523"
100.5,13,0.08,"Seriola lalandi","Fis-29523"
101,13,0.09,"Seriola lalandi","Fis-29523"
101.5,13,0.05,"Seriola lalandi","Fis-29523"
109.5,13,0.95,"Seriola lalandi","Fis-29523"
110,13,0.85,"Seriola lalandi","Fis-29523"
120.5,13,0.52,"Seriola lalandi","Fis-29523"
121,13,0.74,"Seriola lalandi","Fis-29523"
121.5,13,0.73,"Seriola lalandi","Fis-29523"
122,13,0.48,"Seriola lalandi","Fis-29523"
122.5,13,0.41,"Seriola lalandi","Fis-29523"
123,13,0.55,"Seriola lalandi","Fis-29523"
123.5,13,0.82,"Seriola lalandi","Fis-29523"
124,13,0.83,"Seriola lalandi","Fis-29523"
124.5,13,0.36,"Seriola lalandi","Fis-29523"
125,13,0.06,"Seriola lalandi","Fis-29523"
144.5,13,0.12,"Seriola lalandi","Fis-29523"
145,13,0.13,"Seriola lalandi","Fis-29523"
176,13,0.09,"Seriola lalandi","Fis-29523"
-90,12.5,0.07,"Seriola lalandi","Fis-29523"
-89.5,12.5,0.73,"Seriola lalandi","Fis-29523"
-89,12.5,0.72,"Seriola lalandi","Fis-29523"
-88.5,12.5,0.68,"Seriola lalandi","Fis-29523"
-88,12.5,0.69,"Seriola lalandi","Fis-29523"
-87.5,12.5,0.6,"Seriola lalandi","Fis-29523"
-87,12.5,0.62,"Seriola lalandi","Fis-29523"
-83.5,12.5,0.24,"Seriola lalandi","Fis-29523"
-83,12.5,0.82,"Seriola lalandi","Fis-29523"
-82.5,12.5,0.11,"Seriola lalandi","Fis-29523"
-82,12.5,0.09,"Seriola lalandi","Fis-29523"
-81.5,12.5,0.07,"Seriola lalandi","Fis-29523"
-81,12.5,0.06,"Seriola lalandi","Fis-29523"
-72,12.5,0.79,"Seriola lalandi","Fis-29523"
-71.5,12.5,0.78,"Seriola lalandi","Fis-29523"
-71,12.5,0.81,"Seriola lalandi","Fis-29523"
-70.5,12.5,0.82,"Seriola lalandi","Fis-29523"
-70,12.5,0.85,"Seriola lalandi","Fis-29523"
-69.5,12.5,0.66,"Seriola lalandi","Fis-29523"
-63.5,12.5,0.11,"Seriola lalandi","Fis-29523"
-63,12.5,0.09,"Seriola lalandi","Fis-29523"
-61.5,12.5,0.54,"Seriola lalandi","Fis-29523"
-61,12.5,0.92,"Seriola lalandi","Fis-29523"
-60.5,12.5,0.05,"Seriola lalandi","Fis-29523"
-59.5,12.5,0.55,"Seriola lalandi","Fis-29523"
-59,12.5,0.41,"Seriola lalandi","Fis-29523"
43,12.5,0.04,"Seriola lalandi","Fis-29523"
43.5,12.5,0.57,"Seriola lalandi","Fis-29523"
44,12.5,0.6,"Seriola lalandi","Fis-29523"
44.5,12.5,0.42,"Seriola lalandi","Fis-29523"
45,12.5,0.65,"Seriola lalandi","Fis-29523"
45.5,12.5,0.68,"Seriola lalandi","Fis-29523"
46,12.5,0.66,"Seriola lalandi","Fis-29523"
49,12.5,0.16,"Seriola lalandi","Fis-29523"
51,12.5,0.03,"Seriola lalandi","Fis-29523"
51.5,12.5,0.86,"Seriola lalandi","Fis-29523"
52,12.5,0.55,"Seriola lalandi","Fis-29523"
52.5,12.5,0.43,"Seriola lalandi","Fis-29523"
53.5,12.5,0.89,"Seriola lalandi","Fis-29523"
54,12.5,0.88,"Seriola lalandi","Fis-29523"
54.5,12.5,0.87,"Seriola lalandi","Fis-29523"
55,12.5,0.87,"Seriola lalandi","Fis-29523"
72,12.5,0.33,"Seriola lalandi","Fis-29523"
72.5,12.5,0.12,"Seriola lalandi","Fis-29523"
73,12.5,0.04,"Seriola lalandi","Fis-29523"
74,12.5,0.53,"Seriola lalandi","Fis-29523"
74.5,12.5,0.78,"Seriola lalandi","Fis-29523"
75,12.5,0.82,"Seriola lalandi","Fis-29523"
75.5,12.5,0.11,"Seriola lalandi","Fis-29523"
80.5,12.5,0.79,"Seriola lalandi","Fis-29523"
81,12.5,0.75,"Seriola lalandi","Fis-29523"
92.5,12.5,0.31,"Seriola lalandi","Fis-29523"
93,12.5,0.47,"Seriola lalandi","Fis-29523"
93.5,12.5,0.45,"Seriola lalandi","Fis-29523"
94,12.5,0.12,"Seriola lalandi","Fis-29523"
95,12.5,0.23,"Seriola lalandi","Fis-29523"
97,12.5,0.07,"Seriola lalandi","Fis-29523"
97.5,12.5,0.09,"Seriola lalandi","Fis-29523"
98,12.5,0.21,"Seriola lalandi","Fis-29523"
98.5,12.5,0.58,"Seriola lalandi","Fis-29523"
99,12.5,0.21,"Seriola lalandi","Fis-29523"
100,12.5,0.21,"Seriola lalandi","Fis-29523"
100.5,12.5,0.33,"Seriola lalandi","Fis-29523"
101,12.5,0.35,"Seriola lalandi","Fis-29523"
101.5,12.5,0.06,"Seriola lalandi","Fis-29523"
102,12.5,0.26,"Seriola lalandi","Fis-29523"
102.5,12.5,0.18,"Seriola lalandi","Fis-29523"
109.5,12.5,0.95,"Seriola lalandi","Fis-29523"
110,12.5,0.85,"Seriola lalandi","Fis-29523"
120,12.5,0.36,"Seriola lalandi","Fis-29523"
120.5,12.5,0.39,"Seriola lalandi","Fis-29523"
121,12.5,0.68,"Seriola lalandi","Fis-29523"
122,12.5,0.45,"Seriola lalandi","Fis-29523"
122.5,12.5,0.46,"Seriola lalandi","Fis-29523"
123,12.5,0.45,"Seriola lalandi","Fis-29523"
123.5,12.5,0.82,"Seriola lalandi","Fis-29523"
124,12.5,0.89,"Seriola lalandi","Fis-29523"
124.5,12.5,0.68,"Seriola lalandi","Fis-29523"
125,12.5,0.33,"Seriola lalandi","Fis-29523"
125.5,12.5,0.31,"Seriola lalandi","Fis-29523"
144.5,12.5,0.1,"Seriola lalandi","Fis-29523"
-88.5,12,0.79,"Seriola lalandi","Fis-29523"
-88,12,0.79,"Seriola lalandi","Fis-29523"
-87.5,12,0.76,"Seriola lalandi","Fis-29523"
-87,12,0.67,"Seriola lalandi","Fis-29523"
-86.5,12,0.59,"Seriola lalandi","Fis-29523"
-83.5,12,0.57,"Seriola lalandi","Fis-29523"
-83,12,0.6,"Seriola lalandi","Fis-29523"
-82.5,12,0.09,"Seriola lalandi","Fis-29523"
-82,12,0.07,"Seriola lalandi","Fis-29523"
-81.5,12,0.05,"Seriola lalandi","Fis-29523"
-81,12,0.04,"Seriola lalandi","Fis-29523"
-72.5,12,0.76,"Seriola lalandi","Fis-29523"
-72,12,0.73,"Seriola lalandi","Fis-29523"
-71.5,12,0.9,"Seriola lalandi","Fis-29523"
-71,12,0.9,"Seriola lalandi","Fis-29523"
-70.5,12,0.61,"Seriola lalandi","Fis-29523"
-70,12,0.8,"Seriola lalandi","Fis-29523"
-69.5,12,0.78,"Seriola lalandi","Fis-29523"
-69,12,0.75,"Seriola lalandi","Fis-29523"
-68.5,12,0.6,"Seriola lalandi","Fis-29523"
-68,12,0.59,"Seriola lalandi","Fis-29523"
-67.5,12,0.64,"Seriola lalandi","Fis-29523"
-67,12,0.69,"Seriola lalandi","Fis-29523"
-66.5,12,0.68,"Seriola lalandi","Fis-29523"
-66,12,0.81,"Seriola lalandi","Fis-29523"
-65.5,12,0.61,"Seriola lalandi","Fis-29523"
-64,12,1,"Seriola lalandi","Fis-29523"
-63.5,12,0.98,"Seriola lalandi","Fis-29523"
-63,12,0.46,"Seriola lalandi","Fis-29523"
-61.5,12,0.95,"Seriola lalandi","Fis-29523"
-61,12,0.95,"Seriola lalandi","Fis-29523"
43.5,12,0.54,"Seriola lalandi","Fis-29523"
44,12,0.6,"Seriola lalandi","Fis-29523"
44.5,12,0.63,"Seriola lalandi","Fis-29523"
45,12,0.65,"Seriola lalandi","Fis-29523"
45.5,12,0.1,"Seriola lalandi","Fis-29523"
51,12,0.73,"Seriola lalandi","Fis-29523"
51.5,12,0.84,"Seriola lalandi","Fis-29523"
52,12,0.88,"Seriola lalandi","Fis-29523"
52.5,12,0.89,"Seriola lalandi","Fis-29523"
53,12,0.9,"Seriola lalandi","Fis-29523"
53.5,12,0.89,"Seriola lalandi","Fis-29523"
54,12,0.88,"Seriola lalandi","Fis-29523"
54.5,12,0.88,"Seriola lalandi","Fis-29523"
55,12,0.87,"Seriola lalandi","Fis-29523"
72,12,0.33,"Seriola lalandi","Fis-29523"
72.5,12,0.33,"Seriola lalandi","Fis-29523"
74.5,12,0.77,"Seriola lalandi","Fis-29523"
75,12,0.82,"Seriola lalandi","Fis-29523"
75.5,12,0.83,"Seriola lalandi","Fis-29523"
80,12,0.18,"Seriola lalandi","Fis-29523"
80.5,12,0.77,"Seriola lalandi","Fis-29523"
81,12,0.74,"Seriola lalandi","Fis-29523"
92.5,12,0.31,"Seriola lalandi","Fis-29523"
93,12,0.2,"Seriola lalandi","Fis-29523"
93.5,12,0.44,"Seriola lalandi","Fis-29523"
94,12,0.32,"Seriola lalandi","Fis-29523"
94.5,12,0.13,"Seriola lalandi","Fis-29523"
95,12,0.18,"Seriola lalandi","Fis-29523"
97,12,0.08,"Seriola lalandi","Fis-29523"
97.5,12,0.13,"Seriola lalandi","Fis-29523"
98,12,0.34,"Seriola lalandi","Fis-29523"
98.5,12,0.24,"Seriola lalandi","Fis-29523"
99,12,0.08,"Seriola lalandi","Fis-29523"
100,12,0.38,"Seriola lalandi","Fis-29523"
100.5,12,0.45,"Seriola lalandi","Fis-29523"
101,12,0.31,"Seriola lalandi","Fis-29523"
101.5,12,0.18,"Seriola lalandi","Fis-29523"
102,12,0.2,"Seriola lalandi","Fis-29523"
102.5,12,0.35,"Seriola lalandi","Fis-29523"
103,12,0.51,"Seriola lalandi","Fis-29523"
109.5,12,0.97,"Seriola lalandi","Fis-29523"
110,12,0.83,"Seriola lalandi","Fis-29523"
110.5,12,0.14,"Seriola lalandi","Fis-29523"
117,12,0.1,"Seriola lalandi","Fis-29523"
117.5,12,0.29,"Seriola lalandi","Fis-29523"
119,12,0.08,"Seriola lalandi","Fis-29523"
119.5,12,0.25,"Seriola lalandi","Fis-29523"
120,12,0.54,"Seriola lalandi","Fis-29523"
120.5,12,0.39,"Seriola lalandi","Fis-29523"
121,12,0.5,"Seriola lalandi","Fis-29523"
121.5,12,0.54,"Seriola lalandi","Fis-29523"
122,12,0.51,"Seriola lalandi","Fis-29523"
122.5,12,0.69,"Seriola lalandi","Fis-29523"
123,12,0.55,"Seriola lalandi","Fis-29523"
123.5,12,0.76,"Seriola lalandi","Fis-29523"
124,12,0.86,"Seriola lalandi","Fis-29523"
124.5,12,0.86,"Seriola lalandi","Fis-29523"
125,12,0.25,"Seriola lalandi","Fis-29523"
125.5,12,0.7,"Seriola lalandi","Fis-29523"
126,12,0.41,"Seriola lalandi","Fis-29523"
159,12,0.09,"Seriola lalandi","Fis-29523"
169,12,0.12,"Seriola lalandi","Fis-29523"
170.5,12,0.09,"Seriola lalandi","Fis-29523"
-87.5,11.5,0.83,"Seriola lalandi","Fis-29523"
-87,11.5,0.78,"Seriola lalandi","Fis-29523"
-86.5,11.5,0.69,"Seriola lalandi","Fis-29523"
-86,11.5,0.73,"Seriola lalandi","Fis-29523"
-83.5,11.5,0.91,"Seriola lalandi","Fis-29523"
-83,11.5,0.28,"Seriola lalandi","Fis-29523"
-82.5,11.5,0.07,"Seriola lalandi","Fis-29523"
-82,11.5,0.01,"Seriola lalandi","Fis-29523"
-74,11.5,0.31,"Seriola lalandi","Fis-29523"
-73.5,11.5,0.71,"Seriola lalandi","Fis-29523"
-73,11.5,0.73,"Seriola lalandi","Fis-29523"
-72.5,11.5,0.76,"Seriola lalandi","Fis-29523"
-72,11.5,1,"Seriola lalandi","Fis-29523"
-71.5,11.5,1,"Seriola lalandi","Fis-29523"
-71,11.5,1,"Seriola lalandi","Fis-29523"
-70.5,11.5,0.81,"Seriola lalandi","Fis-29523"
-70,11.5,0.9,"Seriola lalandi","Fis-29523"
-69.5,11.5,0.72,"Seriola lalandi","Fis-29523"
-69,11.5,0.74,"Seriola lalandi","Fis-29523"
-68.5,11.5,0.77,"Seriola lalandi","Fis-29523"
-68,11.5,0.57,"Seriola lalandi","Fis-29523"
-67.5,11.5,0.86,"Seriola lalandi","Fis-29523"
-67,11.5,1,"Seriola lalandi","Fis-29523"
-66.5,11.5,0.97,"Seriola lalandi","Fis-29523"
-66,11.5,1,"Seriola lalandi","Fis-29523"
-65.5,11.5,0.74,"Seriola lalandi","Fis-29523"
-64.5,11.5,1,"Seriola lalandi","Fis-29523"
-64,11.5,1,"Seriola lalandi","Fis-29523"
-63.5,11.5,1,"Seriola lalandi","Fis-29523"
-63,11.5,1,"Seriola lalandi","Fis-29523"
-62.5,11.5,0.97,"Seriola lalandi","Fis-29523"
-62,11.5,0.96,"Seriola lalandi","Fis-29523"
-61.5,11.5,0.96,"Seriola lalandi","Fis-29523"
-61,11.5,0.96,"Seriola lalandi","Fis-29523"
-60.5,11.5,0.95,"Seriola lalandi","Fis-29523"
-60,11.5,0.13,"Seriola lalandi","Fis-29523"
42.5,11.5,0.48,"Seriola lalandi","Fis-29523"
43,11.5,0.48,"Seriola lalandi","Fis-29523"
43.5,11.5,0.49,"Seriola lalandi","Fis-29523"
44,11.5,0.56,"Seriola lalandi","Fis-29523"
44.5,11.5,0.49,"Seriola lalandi","Fis-29523"
45,11.5,0.23,"Seriola lalandi","Fis-29523"
45.5,11.5,0.02,"Seriola lalandi","Fis-29523"
49.5,11.5,0.63,"Seriola lalandi","Fis-29523"
50,11.5,0.64,"Seriola lalandi","Fis-29523"
50.5,11.5,0.66,"Seriola lalandi","Fis-29523"
51,11.5,0.82,"Seriola lalandi","Fis-29523"
51.5,11.5,0.82,"Seriola lalandi","Fis-29523"
52,11.5,0.87,"Seriola lalandi","Fis-29523"
52.5,11.5,0.9,"Seriola lalandi","Fis-29523"
53,11.5,0.91,"Seriola lalandi","Fis-29523"
53.5,11.5,0.9,"Seriola lalandi","Fis-29523"
54,11.5,0.9,"Seriola lalandi","Fis-29523"
55.5,11.5,0.46,"Seriola lalandi","Fis-29523"
72,11.5,0.32,"Seriola lalandi","Fis-29523"
72.5,11.5,0.33,"Seriola lalandi","Fis-29523"
73,11.5,0.33,"Seriola lalandi","Fis-29523"
73.5,11.5,0.35,"Seriola lalandi","Fis-29523"
74.5,11.5,0.6,"Seriola lalandi","Fis-29523"
75,11.5,0.8,"Seriola lalandi","Fis-29523"
75.5,11.5,0.85,"Seriola lalandi","Fis-29523"
76,11.5,0.1,"Seriola lalandi","Fis-29523"
80,11.5,0.81,"Seriola lalandi","Fis-29523"
80.5,11.5,0.76,"Seriola lalandi","Fis-29523"
92.5,11.5,0.34,"Seriola lalandi","Fis-29523"
93,11.5,0.43,"Seriola lalandi","Fis-29523"
93.5,11.5,0.39,"Seriola lalandi","Fis-29523"
94,11.5,0.28,"Seriola lalandi","Fis-29523"
95,11.5,0.05,"Seriola lalandi","Fis-29523"
97,11.5,0.09,"Seriola lalandi","Fis-29523"
97.5,11.5,0.16,"Seriola lalandi","Fis-29523"
98,11.5,0.18,"Seriola lalandi","Fis-29523"
98.5,11.5,0.49,"Seriola lalandi","Fis-29523"
99,11.5,0.32,"Seriola lalandi","Fis-29523"
100,11.5,0.52,"Seriola lalandi","Fis-29523"
100.5,11.5,0.55,"Seriola lalandi","Fis-29523"
101,11.5,0.34,"Seriola lalandi","Fis-29523"
101.5,11.5,0.14,"Seriola lalandi","Fis-29523"
102,11.5,0.18,"Seriola lalandi","Fis-29523"
102.5,11.5,0.26,"Seriola lalandi","Fis-29523"
103,11.5,0.48,"Seriola lalandi","Fis-29523"
103.5,11.5,0.26,"Seriola lalandi","Fis-29523"
109.5,11.5,0.97,"Seriola lalandi","Fis-29523"
110,11.5,0.96,"Seriola lalandi","Fis-29523"
110.5,11.5,0.12,"Seriola lalandi","Fis-29523"
114.5,11.5,0.22,"Seriola lalandi","Fis-29523"
115,11.5,0.36,"Seriola lalandi","Fis-29523"
116.5,11.5,0.32,"Seriola lalandi","Fis-29523"
117,11.5,0.39,"Seriola lalandi","Fis-29523"
117.5,11.5,0.3,"Seriola lalandi","Fis-29523"
118,11.5,0.03,"Seriola lalandi","Fis-29523"
119,11.5,0.19,"Seriola lalandi","Fis-29523"
119.5,11.5,0.4,"Seriola lalandi","Fis-29523"
120,11.5,0.63,"Seriola lalandi","Fis-29523"
120.5,11.5,0.54,"Seriola lalandi","Fis-29523"
121,11.5,0.42,"Seriola lalandi","Fis-29523"
121.5,11.5,0.45,"Seriola lalandi","Fis-29523"
122,11.5,0.75,"Seriola lalandi","Fis-29523"
122.5,11.5,0.74,"Seriola lalandi","Fis-29523"
123,11.5,0.75,"Seriola lalandi","Fis-29523"
123.5,11.5,0.76,"Seriola lalandi","Fis-29523"
124,11.5,0.78,"Seriola lalandi","Fis-29523"
124.5,11.5,0.77,"Seriola lalandi","Fis-29523"
125,11.5,0.36,"Seriola lalandi","Fis-29523"
125.5,11.5,0.14,"Seriola lalandi","Fis-29523"
126,11.5,0.57,"Seriola lalandi","Fis-29523"
162.5,11.5,0.48,"Seriola lalandi","Fis-29523"
165.5,11.5,0.51,"Seriola lalandi","Fis-29523"
166,11.5,0.47,"Seriola lalandi","Fis-29523"
167,11.5,0.44,"Seriola lalandi","Fis-29523"
167.5,11.5,0.29,"Seriola lalandi","Fis-29523"
-170.5,11,0.2,"Seriola lalandi","Fis-29523"
-87,11,0.84,"Seriola lalandi","Fis-29523"
-86.5,11,0.75,"Seriola lalandi","Fis-29523"
-86,11,0.64,"Seriola lalandi","Fis-29523"
-85.5,11,0.68,"Seriola lalandi","Fis-29523"
-83.5,11,0.92,"Seriola lalandi","Fis-29523"
-83,11,0.18,"Seriola lalandi","Fis-29523"
-75.5,11,0.16,"Seriola lalandi","Fis-29523"
-75,11,0.29,"Seriola lalandi","Fis-29523"
-74.5,11,0.01,"Seriola lalandi","Fis-29523"
-74,11,0.92,"Seriola lalandi","Fis-29523"
-73.5,11,1,"Seriola lalandi","Fis-29523"
-73,11,1,"Seriola lalandi","Fis-29523"
-71.5,11,0.59,"Seriola lalandi","Fis-29523"
-71,11,0.66,"Seriola lalandi","Fis-29523"
-70.5,11,0.98,"Seriola lalandi","Fis-29523"
-70,11,0.8,"Seriola lalandi","Fis-29523"
-69.5,11,0.05,"Seriola lalandi","Fis-29523"
-69,11,0.04,"Seriola lalandi","Fis-29523"
-68.5,11,0.81,"Seriola lalandi","Fis-29523"
-68,11,0.8,"Seriola lalandi","Fis-29523"
-67.5,11,0.84,"Seriola lalandi","Fis-29523"
-67,11,0.45,"Seriola lalandi","Fis-29523"
-66.5,11,0.9,"Seriola lalandi","Fis-29523"
-66,11,0.9,"Seriola lalandi","Fis-29523"
-65.5,11,0.9,"Seriola lalandi","Fis-29523"
-65,11,0.9,"Seriola lalandi","Fis-29523"
-64.5,11,0.87,"Seriola lalandi","Fis-29523"
-64,11,0.88,"Seriola lalandi","Fis-29523"
-63.5,11,0.8,"Seriola lalandi","Fis-29523"
-63,11,0.76,"Seriola lalandi","Fis-29523"
-62.5,11,0.86,"Seriola lalandi","Fis-29523"
-62,11,0.9,"Seriola lalandi","Fis-29523"
-61.5,11,0.97,"Seriola lalandi","Fis-29523"
-61,11,0.85,"Seriola lalandi","Fis-29523"
-60.5,11,0.95,"Seriola lalandi","Fis-29523"
-60,11,0.91,"Seriola lalandi","Fis-29523"
44,11,0.54,"Seriola lalandi","Fis-29523"
44.5,11,0.5,"Seriola lalandi","Fis-29523"
47,11,0.64,"Seriola lalandi","Fis-29523"
47.5,11,0.63,"Seriola lalandi","Fis-29523"
48,11,0.62,"Seriola lalandi","Fis-29523"
48.5,11,0.62,"Seriola lalandi","Fis-29523"
49,11,0.67,"Seriola lalandi","Fis-29523"
49.5,11,0.72,"Seriola lalandi","Fis-29523"
50,11,0.77,"Seriola lalandi","Fis-29523"
51.5,11,0.75,"Seriola lalandi","Fis-29523"
52,11,0.86,"Seriola lalandi","Fis-29523"
53,11,0.68,"Seriola lalandi","Fis-29523"
53.5,11,0.72,"Seriola lalandi","Fis-29523"
72,11,0.04,"Seriola lalandi","Fis-29523"
72.5,11,0.32,"Seriola lalandi","Fis-29523"
73,11,0.33,"Seriola lalandi","Fis-29523"
73.5,11,0.22,"Seriola lalandi","Fis-29523"
74.5,11,0.12,"Seriola lalandi","Fis-29523"
75,11,0.77,"Seriola lalandi","Fis-29523"
75.5,11,0.83,"Seriola lalandi","Fis-29523"
76,11,0.03,"Seriola lalandi","Fis-29523"
80,11,0.77,"Seriola lalandi","Fis-29523"
80.5,11,0.77,"Seriola lalandi","Fis-29523"
92.5,11,0.35,"Seriola lalandi","Fis-29523"
93,11,0.37,"Seriola lalandi","Fis-29523"
93.5,11,0.31,"Seriola lalandi","Fis-29523"
94,11,0.25,"Seriola lalandi","Fis-29523"
97,11,0.12,"Seriola lalandi","Fis-29523"
97.5,11,0.16,"Seriola lalandi","Fis-29523"
98,11,0.15,"Seriola lalandi","Fis-29523"
98.5,11,0.31,"Seriola lalandi","Fis-29523"
99,11,0.62,"Seriola lalandi","Fis-29523"
100,11,0.54,"Seriola lalandi","Fis-29523"
100.5,11,0.41,"Seriola lalandi","Fis-29523"
101,11,0.27,"Seriola lalandi","Fis-29523"
101.5,11,0.15,"Seriola lalandi","Fis-29523"
102,11,0.16,"Seriola lalandi","Fis-29523"
102.5,11,0.2,"Seriola lalandi","Fis-29523"
103,11,0.46,"Seriola lalandi","Fis-29523"
103.5,11,0.49,"Seriola lalandi","Fis-29523"
104,11,0.47,"Seriola lalandi","Fis-29523"
108.5,11,0.61,"Seriola lalandi","Fis-29523"
109,11,0.96,"Seriola lalandi","Fis-29523"
109.5,11,0.96,"Seriola lalandi","Fis-29523"
110,11,0.93,"Seriola lalandi","Fis-29523"
110.5,11,0.59,"Seriola lalandi","Fis-29523"
114.5,11,0.41,"Seriola lalandi","Fis-29523"
115,11,0.36,"Seriola lalandi","Fis-29523"
115.5,11,0.33,"Seriola lalandi","Fis-29523"
116.5,11,0.34,"Seriola lalandi","Fis-29523"
117,11,0.36,"Seriola lalandi","Fis-29523"
117.5,11,0.31,"Seriola lalandi","Fis-29523"
118,11,0.31,"Seriola lalandi","Fis-29523"
119,11,0.39,"Seriola lalandi","Fis-29523"
119.5,11,0.72,"Seriola lalandi","Fis-29523"
120,11,0.57,"Seriola lalandi","Fis-29523"
120.5,11,0.67,"Seriola lalandi","Fis-29523"
121,11,0.63,"Seriola lalandi","Fis-29523"
121.5,11,0.44,"Seriola lalandi","Fis-29523"
122,11,0.71,"Seriola lalandi","Fis-29523"
122.5,11,0.73,"Seriola lalandi","Fis-29523"
123,11,0.22,"Seriola lalandi","Fis-29523"
123.5,11,0.72,"Seriola lalandi","Fis-29523"
124,11,0.74,"Seriola lalandi","Fis-29523"
124.5,11,0.72,"Seriola lalandi","Fis-29523"
125,11,0.27,"Seriola lalandi","Fis-29523"
125.5,11,0.75,"Seriola lalandi","Fis-29523"
126,11,0.32,"Seriola lalandi","Fis-29523"
139.5,11,0.12,"Seriola lalandi","Fis-29523"
162.5,11,0.36,"Seriola lalandi","Fis-29523"
165.5,11,0.08,"Seriola lalandi","Fis-29523"
166.5,11,0.37,"Seriola lalandi","Fis-29523"
167,11,0.35,"Seriola lalandi","Fis-29523"
167.5,11,0.29,"Seriola lalandi","Fis-29523"
168,11,0.26,"Seriola lalandi","Fis-29523"
170,11,0.21,"Seriola lalandi","Fis-29523"
-86.5,10.5,0.79,"Seriola lalandi","Fis-29523"
-86,10.5,0.66,"Seriola lalandi","Fis-29523"
-85.5,10.5,0.52,"Seriola lalandi","Fis-29523"
-83.5,10.5,0.89,"Seriola lalandi","Fis-29523"
-83,10.5,0.9,"Seriola lalandi","Fis-29523"
-75.5,10.5,0.68,"Seriola lalandi","Fis-29523"
-75,10.5,0.66,"Seriola lalandi","Fis-29523"
-74.5,10.5,0.01,"Seriola lalandi","Fis-29523"
-74,10.5,0.49,"Seriola lalandi","Fis-29523"
-71.5,10.5,0.56,"Seriola lalandi","Fis-29523"
-71,10.5,0.06,"Seriola lalandi","Fis-29523"
-68,10.5,0.72,"Seriola lalandi","Fis-29523"
-67.5,10.5,0.73,"Seriola lalandi","Fis-29523"
-67,10.5,0.74,"Seriola lalandi","Fis-29523"
-66.5,10.5,0.76,"Seriola lalandi","Fis-29523"
-66,10.5,0.81,"Seriola lalandi","Fis-29523"
-65.5,10.5,0.81,"Seriola lalandi","Fis-29523"
-65,10.5,0.81,"Seriola lalandi","Fis-29523"
-64.5,10.5,0.8,"Seriola lalandi","Fis-29523"
-64,10.5,0.71,"Seriola lalandi","Fis-29523"
-63.5,10.5,0.67,"Seriola lalandi","Fis-29523"
-63,10.5,0.66,"Seriola lalandi","Fis-29523"
-62.5,10.5,0.62,"Seriola lalandi","Fis-29523"
-62,10.5,0.6,"Seriola lalandi","Fis-29523"
-61.5,10.5,0.83,"Seriola lalandi","Fis-29523"
-61,10.5,0.84,"Seriola lalandi","Fis-29523"
-60.5,10.5,0.85,"Seriola lalandi","Fis-29523"
-60,10.5,0.9,"Seriola lalandi","Fis-29523"
-59.5,10.5,0.21,"Seriola lalandi","Fis-29523"
44,10.5,0.55,"Seriola lalandi","Fis-29523"
44.5,10.5,0.55,"Seriola lalandi","Fis-29523"
45,10.5,0.57,"Seriola lalandi","Fis-29523"
45.5,10.5,0.58,"Seriola lalandi","Fis-29523"
46,10.5,0.61,"Seriola lalandi","Fis-29523"
46.5,10.5,0.63,"Seriola lalandi","Fis-29523"
47,10.5,0.66,"Seriola lalandi","Fis-29523"
47.5,10.5,0.17,"Seriola lalandi","Fis-29523"
51.5,10.5,0.76,"Seriola lalandi","Fis-29523"
52,10.5,0.91,"Seriola lalandi","Fis-29523"
72.5,10.5,0.32,"Seriola lalandi","Fis-29523"
73,10.5,0.32,"Seriola lalandi","Fis-29523"
74,10.5,0.36,"Seriola lalandi","Fis-29523"
75.5,10.5,0.8,"Seriola lalandi","Fis-29523"
76,10.5,0.86,"Seriola lalandi","Fis-29523"
76.5,10.5,0.85,"Seriola lalandi","Fis-29523"
80,10.5,0.74,"Seriola lalandi","Fis-29523"
80.5,10.5,0.77,"Seriola lalandi","Fis-29523"
81,10.5,0.36,"Seriola lalandi","Fis-29523"
92.5,10.5,0.34,"Seriola lalandi","Fis-29523"
93,10.5,0.33,"Seriola lalandi","Fis-29523"
93.5,10.5,0.06,"Seriola lalandi","Fis-29523"
94,10.5,0.28,"Seriola lalandi","Fis-29523"
96.5,10.5,0.01,"Seriola lalandi","Fis-29523"
97,10.5,0.13,"Seriola lalandi","Fis-29523"
97.5,10.5,0.16,"Seriola lalandi","Fis-29523"
98,10.5,0.37,"Seriola lalandi","Fis-29523"
98.5,10.5,0.55,"Seriola lalandi","Fis-29523"
99,10.5,0.61,"Seriola lalandi","Fis-29523"
99.5,10.5,0.56,"Seriola lalandi","Fis-29523"
100,10.5,0.54,"Seriola lalandi","Fis-29523"
100.5,10.5,0.27,"Seriola lalandi","Fis-29523"
101,10.5,0.19,"Seriola lalandi","Fis-29523"
101.5,10.5,0.15,"Seriola lalandi","Fis-29523"
102,10.5,0.16,"Seriola lalandi","Fis-29523"
102.5,10.5,0.19,"Seriola lalandi","Fis-29523"
103,10.5,0.13,"Seriola lalandi","Fis-29523"
103.5,10.5,0.47,"Seriola lalandi","Fis-29523"
104,10.5,0.53,"Seriola lalandi","Fis-29523"
104.5,10.5,0.55,"Seriola lalandi","Fis-29523"
107.5,10.5,0.03,"Seriola lalandi","Fis-29523"
108,10.5,0.28,"Seriola lalandi","Fis-29523"
108.5,10.5,0.91,"Seriola lalandi","Fis-29523"
109,10.5,0.58,"Seriola lalandi","Fis-29523"
109.5,10.5,0.94,"Seriola lalandi","Fis-29523"
110,10.5,0.87,"Seriola lalandi","Fis-29523"
110.5,10.5,0.66,"Seriola lalandi","Fis-29523"
114.5,10.5,0.41,"Seriola lalandi","Fis-29523"
115,10.5,0.36,"Seriola lalandi","Fis-29523"
115.5,10.5,0.33,"Seriola lalandi","Fis-29523"
116,10.5,0.32,"Seriola lalandi","Fis-29523"
116.5,10.5,0.31,"Seriola lalandi","Fis-29523"
117,10.5,0.32,"Seriola lalandi","Fis-29523"
117.5,10.5,0.33,"Seriola lalandi","Fis-29523"
118,10.5,0.34,"Seriola lalandi","Fis-29523"
118.5,10.5,0.28,"Seriola lalandi","Fis-29523"
119,10.5,0.52,"Seriola lalandi","Fis-29523"
119.5,10.5,0.72,"Seriola lalandi","Fis-29523"
120,10.5,0.53,"Seriola lalandi","Fis-29523"
120.5,10.5,0.59,"Seriola lalandi","Fis-29523"
121,10.5,0.59,"Seriola lalandi","Fis-29523"
121.5,10.5,0.43,"Seriola lalandi","Fis-29523"
122,10.5,0.71,"Seriola lalandi","Fis-29523"
122.5,10.5,0.73,"Seriola lalandi","Fis-29523"
123,10.5,0.74,"Seriola lalandi","Fis-29523"
123.5,10.5,0.32,"Seriola lalandi","Fis-29523"
124,10.5,0.3,"Seriola lalandi","Fis-29523"
124.5,10.5,0.7,"Seriola lalandi","Fis-29523"
125,10.5,0.73,"Seriola lalandi","Fis-29523"
125.5,10.5,0.63,"Seriola lalandi","Fis-29523"
126,10.5,0.29,"Seriola lalandi","Fis-29523"
126.5,10.5,0.15,"Seriola lalandi","Fis-29523"
170,10.5,0.29,"Seriola lalandi","Fis-29523"
170.5,10.5,0.24,"Seriola lalandi","Fis-29523"
-110,10,0.4,"Seriola lalandi","Fis-29523"
-109.5,10,0.4,"Seriola lalandi","Fis-29523"
-109,10,0.91,"Seriola lalandi","Fis-29523"
-86,10,0.63,"Seriola lalandi","Fis-29523"
-85.5,10,0.6,"Seriola lalandi","Fis-29523"
-85,10,0.6,"Seriola lalandi","Fis-29523"
-84.5,10,0.71,"Seriola lalandi","Fis-29523"
-83,10,0.9,"Seriola lalandi","Fis-29523"
-82.5,10,0.26,"Seriola lalandi","Fis-29523"
-76,10,0.12,"Seriola lalandi","Fis-29523"
-75.5,10,0.78,"Seriola lalandi","Fis-29523"
-71.5,10,0.44,"Seriola lalandi","Fis-29523"
-71,10,0.06,"Seriola lalandi","Fis-29523"
-66,10,0.09,"Seriola lalandi","Fis-29523"
-65.5,10,0.85,"Seriola lalandi","Fis-29523"
-65,10,0.78,"Seriola lalandi","Fis-29523"
-64.5,10,0.72,"Seriola lalandi","Fis-29523"
-64,10,0.91,"Seriola lalandi","Fis-29523"
-63.5,10,0.01,"Seriola lalandi","Fis-29523"
-62.5,10,0.19,"Seriola lalandi","Fis-29523"
-62,10,0.25,"Seriola lalandi","Fis-29523"
-61.5,10,0.32,"Seriola lalandi","Fis-29523"
-61,10,0.33,"Seriola lalandi","Fis-29523"
-60.5,10,0.72,"Seriola lalandi","Fis-29523"
-60,10,0.86,"Seriola lalandi","Fis-29523"
-59.5,10,0.89,"Seriola lalandi","Fis-29523"
-59,10,0.08,"Seriola lalandi","Fis-29523"
44.5,10,0.53,"Seriola lalandi","Fis-29523"
45,10,0.52,"Seriola lalandi","Fis-29523"
45.5,10,0.15,"Seriola lalandi","Fis-29523"
51,10,0.78,"Seriola lalandi","Fis-29523"
51.5,10,0.88,"Seriola lalandi","Fis-29523"
52,10,0.95,"Seriola lalandi","Fis-29523"
56.5,10,0.72,"Seriola lalandi","Fis-29523"
72.5,10,0.31,"Seriola lalandi","Fis-29523"
74,10,0.34,"Seriola lalandi","Fis-29523"
75.5,10,0.64,"Seriola lalandi","Fis-29523"
76,10,0.84,"Seriola lalandi","Fis-29523"
76.5,10,0.85,"Seriola lalandi","Fis-29523"
79.5,10,0.67,"Seriola lalandi","Fis-29523"
80,10,0.73,"Seriola lalandi","Fis-29523"
80.5,10,0.78,"Seriola lalandi","Fis-29523"
81,10,0.75,"Seriola lalandi","Fis-29523"
92,10,0.01,"Seriola lalandi","Fis-29523"
92.5,10,0.36,"Seriola lalandi","Fis-29523"
93,10,0.33,"Seriola lalandi","Fis-29523"
96.5,10,0.15,"Seriola lalandi","Fis-29523"
97,10,0.14,"Seriola lalandi","Fis-29523"
97.5,10,0.2,"Seriola lalandi","Fis-29523"
98,10,0.34,"Seriola lalandi","Fis-29523"
98.5,10,0.38,"Seriola lalandi","Fis-29523"
99,10,0.28,"Seriola lalandi","Fis-29523"
99.5,10,0.34,"Seriola lalandi","Fis-29523"
100,10,0.24,"Seriola lalandi","Fis-29523"
100.5,10,0.16,"Seriola lalandi","Fis-29523"
101,10,0.19,"Seriola lalandi","Fis-29523"
101.5,10,0.2,"Seriola lalandi","Fis-29523"
102,10,0.19,"Seriola lalandi","Fis-29523"
102.5,10,0.2,"Seriola lalandi","Fis-29523"
103,10,0.15,"Seriola lalandi","Fis-29523"
103.5,10,0.11,"Seriola lalandi","Fis-29523"
104,10,0.41,"Seriola lalandi","Fis-29523"
104.5,10,0.45,"Seriola lalandi","Fis-29523"
105,10,0.28,"Seriola lalandi","Fis-29523"
105.5,10,0.16,"Seriola lalandi","Fis-29523"
107,10,0.06,"Seriola lalandi","Fis-29523"
107.5,10,0.12,"Seriola lalandi","Fis-29523"
108,10,0.32,"Seriola lalandi","Fis-29523"
108.5,10,0.54,"Seriola lalandi","Fis-29523"
109,10,0.91,"Seriola lalandi","Fis-29523"
109.5,10,0.87,"Seriola lalandi","Fis-29523"
110,10,0.84,"Seriola lalandi","Fis-29523"
110.5,10,0.24,"Seriola lalandi","Fis-29523"
111,10,0.2,"Seriola lalandi","Fis-29523"
114,10,0.44,"Seriola lalandi","Fis-29523"
114.5,10,0.39,"Seriola lalandi","Fis-29523"
115,10,0.35,"Seriola lalandi","Fis-29523"
115.5,10,0.32,"Seriola lalandi","Fis-29523"
116,10,0.27,"Seriola lalandi","Fis-29523"
116.5,10,0.07,"Seriola lalandi","Fis-29523"
117,10,0.32,"Seriola lalandi","Fis-29523"
118.5,10,0.58,"Seriola lalandi","Fis-29523"
119,10,0.71,"Seriola lalandi","Fis-29523"
119.5,10,0.56,"Seriola lalandi","Fis-29523"
120,10,0.41,"Seriola lalandi","Fis-29523"
120.5,10,0.38,"Seriola lalandi","Fis-29523"
121,10,0.36,"Seriola lalandi","Fis-29523"
121.5,10,0.32,"Seriola lalandi","Fis-29523"
122,10,0.49,"Seriola lalandi","Fis-29523"
122.5,10,0.75,"Seriola lalandi","Fis-29523"
123,10,0.76,"Seriola lalandi","Fis-29523"
123.5,10,0.76,"Seriola lalandi","Fis-29523"
124,10,0.75,"Seriola lalandi","Fis-29523"
124.5,10,0.73,"Seriola lalandi","Fis-29523"
125,10,0.79,"Seriola lalandi","Fis-29523"
125.5,10,0.62,"Seriola lalandi","Fis-29523"
126,10,0.39,"Seriola lalandi","Fis-29523"
126.5,10,0.16,"Seriola lalandi","Fis-29523"
140,10,0.14,"Seriola lalandi","Fis-29523"
166,10,0.49,"Seriola lalandi","Fis-29523"
166.5,10,0.5,"Seriola lalandi","Fis-29523"
169,10,0.11,"Seriola lalandi","Fis-29523"
169.5,10,0.66,"Seriola lalandi","Fis-29523"
170,10,0.56,"Seriola lalandi","Fis-29523"
170.5,10,0.41,"Seriola lalandi","Fis-29523"
171,10,0.37,"Seriola lalandi","Fis-29523"
-108.5,9.5,0.15,"Seriola lalandi","Fis-29523"
-85.5,9.5,0.63,"Seriola lalandi","Fis-29523"
-85,9.5,0.63,"Seriola lalandi","Fis-29523"
-84.5,9.5,0.67,"Seriola lalandi","Fis-29523"
-84,9.5,0.76,"Seriola lalandi","Fis-29523"
-82.5,9.5,0.88,"Seriola lalandi","Fis-29523"
-82,9.5,0.45,"Seriola lalandi","Fis-29523"
-80.5,9.5,0.06,"Seriola lalandi","Fis-29523"
-80,9.5,0.1,"Seriola lalandi","Fis-29523"
-79.5,9.5,0.12,"Seriola lalandi","Fis-29523"
-79,9.5,0.05,"Seriola lalandi","Fis-29523"
-78.5,9.5,0.04,"Seriola lalandi","Fis-29523"
-78,9.5,0.03,"Seriola lalandi","Fis-29523"
-76,9.5,0.56,"Seriola lalandi","Fis-29523"
-75.5,9.5,0.65,"Seriola lalandi","Fis-29523"
-72,9.5,0.51,"Seriola lalandi","Fis-29523"
-71.5,9.5,0.42,"Seriola lalandi","Fis-29523"
-71,9.5,0.41,"Seriola lalandi","Fis-29523"
-61.5,9.5,0.27,"Seriola lalandi","Fis-29523"
-61,9.5,0.59,"Seriola lalandi","Fis-29523"
-60.5,9.5,0.75,"Seriola lalandi","Fis-29523"
-60,9.5,0.78,"Seriola lalandi","Fis-29523"
-59.5,9.5,0.89,"Seriola lalandi","Fis-29523"
-59,9.5,0.87,"Seriola lalandi","Fis-29523"
51,9.5,0.94,"Seriola lalandi","Fis-29523"
51.5,9.5,0.96,"Seriola lalandi","Fis-29523"
52,9.5,0.97,"Seriola lalandi","Fis-29523"
76,9.5,0.82,"Seriola lalandi","Fis-29523"
76.5,9.5,0.86,"Seriola lalandi","Fis-29523"
79,9.5,0.46,"Seriola lalandi","Fis-29523"
79.5,9.5,0.68,"Seriola lalandi","Fis-29523"
80,9.5,0.74,"Seriola lalandi","Fis-29523"
80.5,9.5,0.8,"Seriola lalandi","Fis-29523"
81,9.5,0.77,"Seriola lalandi","Fis-29523"
92.5,9.5,0.12,"Seriola lalandi","Fis-29523"
93,9.5,0.33,"Seriola lalandi","Fis-29523"
93.5,9.5,0.09,"Seriola lalandi","Fis-29523"
96.5,9.5,0.2,"Seriola lalandi","Fis-29523"
97,9.5,0.18,"Seriola lalandi","Fis-29523"
97.5,9.5,0.24,"Seriola lalandi","Fis-29523"
98,9.5,0.31,"Seriola lalandi","Fis-29523"
98.5,9.5,0.47,"Seriola lalandi","Fis-29523"
99,9.5,0.22,"Seriola lalandi","Fis-29523"
99.5,9.5,0.52,"Seriola lalandi","Fis-29523"
100,9.5,0.13,"Seriola lalandi","Fis-29523"
100.5,9.5,0.17,"Seriola lalandi","Fis-29523"
101,9.5,0.22,"Seriola lalandi","Fis-29523"
101.5,9.5,0.22,"Seriola lalandi","Fis-29523"
102,9.5,0.2,"Seriola lalandi","Fis-29523"
102.5,9.5,0.24,"Seriola lalandi","Fis-29523"
103,9.5,0.21,"Seriola lalandi","Fis-29523"
103.5,9.5,0.22,"Seriola lalandi","Fis-29523"
104,9.5,0.16,"Seriola lalandi","Fis-29523"
104.5,9.5,0.14,"Seriola lalandi","Fis-29523"
105,9.5,0.32,"Seriola lalandi","Fis-29523"
105.5,9.5,0.09,"Seriola lalandi","Fis-29523"
106.5,9.5,0.04,"Seriola lalandi","Fis-29523"
107,9.5,0.06,"Seriola lalandi","Fis-29523"
107.5,9.5,0.16,"Seriola lalandi","Fis-29523"
108,9.5,0.42,"Seriola lalandi","Fis-29523"
108.5,9.5,0.64,"Seriola lalandi","Fis-29523"
109,9.5,0.89,"Seriola lalandi","Fis-29523"
109.5,9.5,0.85,"Seriola lalandi","Fis-29523"
110,9.5,0.33,"Seriola lalandi","Fis-29523"
113,9.5,0.5,"Seriola lalandi","Fis-29523"
113.5,9.5,0.46,"Seriola lalandi","Fis-29523"
114.5,9.5,0.37,"Seriola lalandi","Fis-29523"
115,9.5,0.34,"Seriola lalandi","Fis-29523"
115.5,9.5,0.15,"Seriola lalandi","Fis-29523"
116,9.5,0.31,"Seriola lalandi","Fis-29523"
116.5,9.5,0.06,"Seriola lalandi","Fis-29523"
117,9.5,0.25,"Seriola lalandi","Fis-29523"
118,9.5,0.6,"Seriola lalandi","Fis-29523"
118.5,9.5,0.69,"Seriola lalandi","Fis-29523"
119,9.5,0.53,"Seriola lalandi","Fis-29523"
119.5,9.5,0.37,"Seriola lalandi","Fis-29523"
120,9.5,0.35,"Seriola lalandi","Fis-29523"
120.5,9.5,0.16,"Seriola lalandi","Fis-29523"
121.5,9.5,0.37,"Seriola lalandi","Fis-29523"
122,9.5,0.27,"Seriola lalandi","Fis-29523"
122.5,9.5,0.49,"Seriola lalandi","Fis-29523"
123,9.5,0.76,"Seriola lalandi","Fis-29523"
123.5,9.5,0.79,"Seriola lalandi","Fis-29523"
124,9.5,0.78,"Seriola lalandi","Fis-29523"
124.5,9.5,0.79,"Seriola lalandi","Fis-29523"
125,9.5,0.82,"Seriola lalandi","Fis-29523"
125.5,9.5,0.82,"Seriola lalandi","Fis-29523"
126,9.5,0.77,"Seriola lalandi","Fis-29523"
126.5,9.5,0.25,"Seriola lalandi","Fis-29523"
138.5,9.5,0.14,"Seriola lalandi","Fis-29523"
140,9.5,0.14,"Seriola lalandi","Fis-29523"
140.5,9.5,0.07,"Seriola lalandi","Fis-29523"
141,9.5,0.12,"Seriola lalandi","Fis-29523"
160.5,9.5,0.06,"Seriola lalandi","Fis-29523"
161,9.5,0.14,"Seriola lalandi","Fis-29523"
161.5,9.5,0.14,"Seriola lalandi","Fis-29523"
169.5,9.5,0.77,"Seriola lalandi","Fis-29523"
170,9.5,0.71,"Seriola lalandi","Fis-29523"
170.5,9.5,0.49,"Seriola lalandi","Fis-29523"
-85,9,0.74,"Seriola lalandi","Fis-29523"
-84.5,9,0.7,"Seriola lalandi","Fis-29523"
-84,9,0.66,"Seriola lalandi","Fis-29523"
-83.5,9,0.74,"Seriola lalandi","Fis-29523"
-82,9,0.86,"Seriola lalandi","Fis-29523"
-81.5,9,0.59,"Seriola lalandi","Fis-29523"
-81,9,0.35,"Seriola lalandi","Fis-29523"
-80.5,9,0.28,"Seriola lalandi","Fis-29523"
-80,9,0.66,"Seriola lalandi","Fis-29523"
-79.5,9,0.83,"Seriola lalandi","Fis-29523"
-79,9,0.96,"Seriola lalandi","Fis-29523"
-78.5,9,0.04,"Seriola lalandi","Fis-29523"
-78,9,0.92,"Seriola lalandi","Fis-29523"
-77.5,9,0.35,"Seriola lalandi","Fis-29523"
-77,9,0.76,"Seriola lalandi","Fis-29523"
-76.5,9,0.56,"Seriola lalandi","Fis-29523"
-76,9,0.79,"Seriola lalandi","Fis-29523"
-75.5,9,0.15,"Seriola lalandi","Fis-29523"
-71.5,9,0.43,"Seriola lalandi","Fis-29523"
-71,9,0.42,"Seriola lalandi","Fis-29523"
-60.5,9,0.32,"Seriola lalandi","Fis-29523"
-60,9,0.59,"Seriola lalandi","Fis-29523"
-59.5,9,0.91,"Seriola lalandi","Fis-29523"
-59,9,0.89,"Seriola lalandi","Fis-29523"
-58.5,9,0.56,"Seriola lalandi","Fis-29523"
51,9,0.97,"Seriola lalandi","Fis-29523"
51.5,9,0.98,"Seriola lalandi","Fis-29523"
76,9,0.81,"Seriola lalandi","Fis-29523"
76.5,9,0.84,"Seriola lalandi","Fis-29523"
77,9,0.51,"Seriola lalandi","Fis-29523"
78.5,9,0.71,"Seriola lalandi","Fis-29523"
79,9,0.74,"Seriola lalandi","Fis-29523"
79.5,9,0.75,"Seriola lalandi","Fis-29523"
80,9,0.77,"Seriola lalandi","Fis-29523"
80.5,9,0.33,"Seriola lalandi","Fis-29523"
81,9,0.77,"Seriola lalandi","Fis-29523"
81.5,9,0.74,"Seriola lalandi","Fis-29523"
92.5,9,0.24,"Seriola lalandi","Fis-29523"
93,9,0.37,"Seriola lalandi","Fis-29523"
93.5,9,0.23,"Seriola lalandi","Fis-29523"
96.5,9,0.22,"Seriola lalandi","Fis-29523"
97,9,0.23,"Seriola lalandi","Fis-29523"
97.5,9,0.3,"Seriola lalandi","Fis-29523"
98,9,0.45,"Seriola lalandi","Fis-29523"
98.5,9,0.3,"Seriola lalandi","Fis-29523"
99.5,9,0.33,"Seriola lalandi","Fis-29523"
100,9,0.51,"Seriola lalandi","Fis-29523"
100.5,9,0.39,"Seriola lalandi","Fis-29523"
101,9,0.2,"Seriola lalandi","Fis-29523"
101.5,9,0.19,"Seriola lalandi","Fis-29523"
102,9,0.2,"Seriola lalandi","Fis-29523"
102.5,9,0.24,"Seriola lalandi","Fis-29523"
103,9,0.27,"Seriola lalandi","Fis-29523"
103.5,9,0.26,"Seriola lalandi","Fis-29523"
104,9,0.15,"Seriola lalandi","Fis-29523"
104.5,9,0.12,"Seriola lalandi","Fis-29523"
105,9,0.13,"Seriola lalandi","Fis-29523"
105.5,9,0.07,"Seriola lalandi","Fis-29523"
106,9,0.19,"Seriola lalandi","Fis-29523"
106.5,9,0.2,"Seriola lalandi","Fis-29523"
107,9,0.11,"Seriola lalandi","Fis-29523"
107.5,9,0.41,"Seriola lalandi","Fis-29523"
108,9,0.6,"Seriola lalandi","Fis-29523"
108.5,9,0.89,"Seriola lalandi","Fis-29523"
109,9,0.71,"Seriola lalandi","Fis-29523"
109.5,9,0.54,"Seriola lalandi","Fis-29523"
112,9,0.45,"Seriola lalandi","Fis-29523"
112.5,9,0.32,"Seriola lalandi","Fis-29523"
113,9,0.15,"Seriola lalandi","Fis-29523"
114,9,0.39,"Seriola lalandi","Fis-29523"
114.5,9,0.28,"Seriola lalandi","Fis-29523"
115.5,9,0.31,"Seriola lalandi","Fis-29523"
116,9,0.31,"Seriola lalandi","Fis-29523"
117.5,9,0.48,"Seriola lalandi","Fis-29523"
118,9,0.67,"Seriola lalandi","Fis-29523"
118.5,9,0.61,"Seriola lalandi","Fis-29523"
119,9,0.42,"Seriola lalandi","Fis-29523"
120,9,0.33,"Seriola lalandi","Fis-29523"
120.5,9,0.34,"Seriola lalandi","Fis-29523"
121,9,0.34,"Seriola lalandi","Fis-29523"
123,9,0.65,"Seriola lalandi","Fis-29523"
123.5,9,0.82,"Seriola lalandi","Fis-29523"
124,9,0.81,"Seriola lalandi","Fis-29523"
125,9,0.8,"Seriola lalandi","Fis-29523"
125.5,9,0.79,"Seriola lalandi","Fis-29523"
126,9,0.77,"Seriola lalandi","Fis-29523"
126.5,9,0.6,"Seriola lalandi","Fis-29523"
138.5,9,0.14,"Seriola lalandi","Fis-29523"
145.5,9,0.14,"Seriola lalandi","Fis-29523"
148.5,9,0.17,"Seriola lalandi","Fis-29523"
150.5,9,0.16,"Seriola lalandi","Fis-29523"
166,9,0.6,"Seriola lalandi","Fis-29523"
166.5,9,0.09,"Seriola lalandi","Fis-29523"
167,9,0.74,"Seriola lalandi","Fis-29523"
167.5,9,0.8,"Seriola lalandi","Fis-29523"
168,9,0.81,"Seriola lalandi","Fis-29523"
170,9,0.82,"Seriola lalandi","Fis-29523"
170.5,9,0.7,"Seriola lalandi","Fis-29523"
-84,8.5,0.7,"Seriola lalandi","Fis-29523"
-83.5,8.5,0.66,"Seriola lalandi","Fis-29523"
-83,8.5,0.73,"Seriola lalandi","Fis-29523"
-82,8.5,0.07,"Seriola lalandi","Fis-29523"
-81.5,8.5,0.34,"Seriola lalandi","Fis-29523"
-81,8.5,0.9,"Seriola lalandi","Fis-29523"
-80.5,8.5,0.92,"Seriola lalandi","Fis-29523"
-79.5,8.5,0.78,"Seriola lalandi","Fis-29523"
-79,8.5,0.68,"Seriola lalandi","Fis-29523"
-78.5,8.5,0.61,"Seriola lalandi","Fis-29523"
-78,8.5,0.13,"Seriola lalandi","Fis-29523"
-77.5,8.5,0.77,"Seriola lalandi","Fis-29523"
-77,8.5,0.65,"Seriola lalandi","Fis-29523"
-76.5,8.5,0.67,"Seriola lalandi","Fis-29523"
-76,8.5,0.3,"Seriola lalandi","Fis-29523"
-60.5,8.5,0.7,"Seriola lalandi","Fis-29523"
-60,8.5,0.23,"Seriola lalandi","Fis-29523"
-59.5,8.5,0.66,"Seriola lalandi","Fis-29523"
-59,8.5,0.91,"Seriola lalandi","Fis-29523"
-58.5,8.5,0.9,"Seriola lalandi","Fis-29523"
-58,8.5,0.88,"Seriola lalandi","Fis-29523"
-57.5,8.5,0.89,"Seriola lalandi","Fis-29523"
50.5,8.5,0.98,"Seriola lalandi","Fis-29523"
51,8.5,0.99,"Seriola lalandi","Fis-29523"
51.5,8.5,0.07,"Seriola lalandi","Fis-29523"
76,8.5,0.79,"Seriola lalandi","Fis-29523"
76.5,8.5,0.79,"Seriola lalandi","Fis-29523"
77,8.5,0.72,"Seriola lalandi","Fis-29523"
78.5,8.5,0.82,"Seriola lalandi","Fis-29523"
79,8.5,0.83,"Seriola lalandi","Fis-29523"
79.5,8.5,0.85,"Seriola lalandi","Fis-29523"
80,8.5,0.84,"Seriola lalandi","Fis-29523"
81.5,8.5,0.75,"Seriola lalandi","Fis-29523"
82,8.5,0.72,"Seriola lalandi","Fis-29523"
92.5,8.5,0.07,"Seriola lalandi","Fis-29523"
93,8.5,0.37,"Seriola lalandi","Fis-29523"
93.5,8.5,0.35,"Seriola lalandi","Fis-29523"
94,8.5,0.32,"Seriola lalandi","Fis-29523"
96.5,8.5,0.24,"Seriola lalandi","Fis-29523"
97,8.5,0.23,"Seriola lalandi","Fis-29523"
97.5,8.5,0.31,"Seriola lalandi","Fis-29523"
98,8.5,0.37,"Seriola lalandi","Fis-29523"
98.5,8.5,0.35,"Seriola lalandi","Fis-29523"
100,8.5,0.51,"Seriola lalandi","Fis-29523"
100.5,8.5,0.5,"Seriola lalandi","Fis-29523"
101,8.5,0.23,"Seriola lalandi","Fis-29523"
101.5,8.5,0.18,"Seriola lalandi","Fis-29523"
102,8.5,0.22,"Seriola lalandi","Fis-29523"
102.5,8.5,0.24,"Seriola lalandi","Fis-29523"
103,8.5,0.31,"Seriola lalandi","Fis-29523"
103.5,8.5,0.33,"Seriola lalandi","Fis-29523"
104,8.5,0.22,"Seriola lalandi","Fis-29523"
104.5,8.5,0.14,"Seriola lalandi","Fis-29523"
105,8.5,0.13,"Seriola lalandi","Fis-29523"
105.5,8.5,0.09,"Seriola lalandi","Fis-29523"
106,8.5,0.14,"Seriola lalandi","Fis-29523"
106.5,8.5,0.2,"Seriola lalandi","Fis-29523"
107,8.5,0.25,"Seriola lalandi","Fis-29523"
107.5,8.5,0.4,"Seriola lalandi","Fis-29523"
108,8.5,0.66,"Seriola lalandi","Fis-29523"
108.5,8.5,0.66,"Seriola lalandi","Fis-29523"
109,8.5,0.52,"Seriola lalandi","Fis-29523"
109.5,8.5,0.44,"Seriola lalandi","Fis-29523"
110,8.5,0.28,"Seriola lalandi","Fis-29523"
112,8.5,0.46,"Seriola lalandi","Fis-29523"
112.5,8.5,0.45,"Seriola lalandi","Fis-29523"
113,8.5,0.44,"Seriola lalandi","Fis-29523"
114,8.5,0.36,"Seriola lalandi","Fis-29523"
114.5,8.5,0.33,"Seriola lalandi","Fis-29523"
115,8.5,0.32,"Seriola lalandi","Fis-29523"
115.5,8.5,0.07,"Seriola lalandi","Fis-29523"
117,8.5,0.36,"Seriola lalandi","Fis-29523"
117.5,8.5,0.52,"Seriola lalandi","Fis-29523"
118,8.5,0.52,"Seriola lalandi","Fis-29523"
118.5,8.5,0.43,"Seriola lalandi","Fis-29523"
120,8.5,0.33,"Seriola lalandi","Fis-29523"
120.5,8.5,0.33,"Seriola lalandi","Fis-29523"
123,8.5,0.54,"Seriola lalandi","Fis-29523"
123.5,8.5,0.82,"Seriola lalandi","Fis-29523"
124,8.5,0.79,"Seriola lalandi","Fis-29523"
124.5,8.5,0.76,"Seriola lalandi","Fis-29523"
125,8.5,0.74,"Seriola lalandi","Fis-29523"
125.5,8.5,0.75,"Seriola lalandi","Fis-29523"
126.5,8.5,0.51,"Seriola lalandi","Fis-29523"
127,8.5,0.19,"Seriola lalandi","Fis-29523"
135,8.5,0.17,"Seriola lalandi","Fis-29523"
137.5,8.5,0.18,"Seriola lalandi","Fis-29523"
138,8.5,0.17,"Seriola lalandi","Fis-29523"
145,8.5,0.14,"Seriola lalandi","Fis-29523"
145.5,8.5,0.06,"Seriola lalandi","Fis-29523"
146,8.5,0.14,"Seriola lalandi","Fis-29523"
148.5,8.5,0.05,"Seriola lalandi","Fis-29523"
149,8.5,0.2,"Seriola lalandi","Fis-29523"
149.5,8.5,0.11,"Seriola lalandi","Fis-29523"
150,8.5,0.19,"Seriola lalandi","Fis-29523"
150.5,8.5,0.17,"Seriola lalandi","Fis-29523"
151.5,8.5,0.12,"Seriola lalandi","Fis-29523"
152,8.5,0.12,"Seriola lalandi","Fis-29523"
152.5,8.5,0.12,"Seriola lalandi","Fis-29523"
166,8.5,0.53,"Seriola lalandi","Fis-29523"
166.5,8.5,0.48,"Seriola lalandi","Fis-29523"
168,8.5,0.72,"Seriola lalandi","Fis-29523"
171,8.5,0.82,"Seriola lalandi","Fis-29523"
171.5,8.5,0.84,"Seriola lalandi","Fis-29523"
-160,8,1,"Seriola lalandi","Fis-29523"
-159.5,8,0.26,"Seriola lalandi","Fis-29523"
-83.5,8,0.68,"Seriola lalandi","Fis-29523"
-83,8,0.68,"Seriola lalandi","Fis-29523"
-82.5,8,0.68,"Seriola lalandi","Fis-29523"
-82,8,0.67,"Seriola lalandi","Fis-29523"
-81.5,8,0.78,"Seriola lalandi","Fis-29523"
-80,8,0.71,"Seriola lalandi","Fis-29523"
-79.5,8,0.81,"Seriola lalandi","Fis-29523"
-79,8,0.82,"Seriola lalandi","Fis-29523"
-78.5,8,0.78,"Seriola lalandi","Fis-29523"
-78,8,0.83,"Seriola lalandi","Fis-29523"
-77,8,0.71,"Seriola lalandi","Fis-29523"
-76.5,8,0.74,"Seriola lalandi","Fis-29523"
-59.5,8,0.19,"Seriola lalandi","Fis-29523"
-59,8,0.71,"Seriola lalandi","Fis-29523"
-58.5,8,0.91,"Seriola lalandi","Fis-29523"
-58,8,0.91,"Seriola lalandi","Fis-29523"
-57.5,8,0.91,"Seriola lalandi","Fis-29523"
-57,8,0.9,"Seriola lalandi","Fis-29523"
50,8,0.01,"Seriola lalandi","Fis-29523"
50.5,8,1,"Seriola lalandi","Fis-29523"
73.5,8,0.33,"Seriola lalandi","Fis-29523"
76.5,8,0.83,"Seriola lalandi","Fis-29523"
77,8,0.77,"Seriola lalandi","Fis-29523"
77.5,8,0.59,"Seriola lalandi","Fis-29523"
78,8,0.84,"Seriola lalandi","Fis-29523"
78.5,8,0.87,"Seriola lalandi","Fis-29523"
79.5,8,0.49,"Seriola lalandi","Fis-29523"
80,8,0.87,"Seriola lalandi","Fis-29523"
81.5,8,0.36,"Seriola lalandi","Fis-29523"
82,8,0.72,"Seriola lalandi","Fis-29523"
93,8,0.35,"Seriola lalandi","Fis-29523"
93.5,8,0.38,"Seriola lalandi","Fis-29523"
94,8,0.33,"Seriola lalandi","Fis-29523"
96,8,0.19,"Seriola lalandi","Fis-29523"
96.5,8,0.22,"Seriola lalandi","Fis-29523"
97,8,0.21,"Seriola lalandi","Fis-29523"
97.5,8,0.29,"Seriola lalandi","Fis-29523"
98,8,0.33,"Seriola lalandi","Fis-29523"
98.5,8,0.32,"Seriola lalandi","Fis-29523"
99,8,0.21,"Seriola lalandi","Fis-29523"
100.5,8,0.4,"Seriola lalandi","Fis-29523"
101,8,0.33,"Seriola lalandi","Fis-29523"
101.5,8,0.21,"Seriola lalandi","Fis-29523"
102,8,0.24,"Seriola lalandi","Fis-29523"
102.5,8,0.26,"Seriola lalandi","Fis-29523"
103,8,0.33,"Seriola lalandi","Fis-29523"
103.5,8,0.44,"Seriola lalandi","Fis-29523"
104,8,0.3,"Seriola lalandi","Fis-29523"
104.5,8,0.19,"Seriola lalandi","Fis-29523"
105,8,0.19,"Seriola lalandi","Fis-29523"
105.5,8,0.2,"Seriola lalandi","Fis-29523"
106,8,0.22,"Seriola lalandi","Fis-29523"
106.5,8,0.2,"Seriola lalandi","Fis-29523"
107,8,0.32,"Seriola lalandi","Fis-29523"
107.5,8,0.64,"Seriola lalandi","Fis-29523"
108,8,0.7,"Seriola lalandi","Fis-29523"
108.5,8,0.56,"Seriola lalandi","Fis-29523"
109,8,0.46,"Seriola lalandi","Fis-29523"
109.5,8,0.42,"Seriola lalandi","Fis-29523"
110,8,0.39,"Seriola lalandi","Fis-29523"
110.5,8,0.45,"Seriola lalandi","Fis-29523"
111,8,0.46,"Seriola lalandi","Fis-29523"
112,8,0.44,"Seriola lalandi","Fis-29523"
112.5,8,0.42,"Seriola lalandi","Fis-29523"
113,8,0.41,"Seriola lalandi","Fis-29523"
113.5,8,0.38,"Seriola lalandi","Fis-29523"
114,8,0.35,"Seriola lalandi","Fis-29523"
114.5,8,0.33,"Seriola lalandi","Fis-29523"
115,8,0.31,"Seriola lalandi","Fis-29523"
115.5,8,0.31,"Seriola lalandi","Fis-29523"
116,8,0.06,"Seriola lalandi","Fis-29523"
117,8,0.39,"Seriola lalandi","Fis-29523"
117.5,8,0.44,"Seriola lalandi","Fis-29523"
118,8,0.38,"Seriola lalandi","Fis-29523"
118.5,8,0.34,"Seriola lalandi","Fis-29523"
119,8,0.23,"Seriola lalandi","Fis-29523"
122.5,8,0.42,"Seriola lalandi","Fis-29523"
123,8,0.59,"Seriola lalandi","Fis-29523"
123.5,8,0.71,"Seriola lalandi","Fis-29523"
124,8,0.66,"Seriola lalandi","Fis-29523"
124.5,8,0.65,"Seriola lalandi","Fis-29523"
126.5,8,0.5,"Seriola lalandi","Fis-29523"
127,8,0.25,"Seriola lalandi","Fis-29523"
135,8,0.23,"Seriola lalandi","Fis-29523"
137.5,8,0.2,"Seriola lalandi","Fis-29523"
138,8,0.19,"Seriola lalandi","Fis-29523"
140.5,8,0.18,"Seriola lalandi","Fis-29523"
141,8,0.02,"Seriola lalandi","Fis-29523"
145,8,0.16,"Seriola lalandi","Fis-29523"
145.5,8,0.15,"Seriola lalandi","Fis-29523"
146,8,0.14,"Seriola lalandi","Fis-29523"
147,8,0.15,"Seriola lalandi","Fis-29523"
147.5,8,0.16,"Seriola lalandi","Fis-29523"
148,8,0.17,"Seriola lalandi","Fis-29523"
148.5,8,0.19,"Seriola lalandi","Fis-29523"
149,8,0.21,"Seriola lalandi","Fis-29523"
149.5,8,0.16,"Seriola lalandi","Fis-29523"
152,8,0.12,"Seriola lalandi","Fis-29523"
154.5,8,0.11,"Seriola lalandi","Fis-29523"
167.5,8,0.56,"Seriola lalandi","Fis-29523"
168.5,8,0.78,"Seriola lalandi","Fis-29523"
171.5,8,0.82,"Seriola lalandi","Fis-29523"
-163,7.5,0.29,"Seriola lalandi","Fis-29523"
-85.5,7.5,0.25,"Seriola lalandi","Fis-29523"
-84,7.5,0.19,"Seriola lalandi","Fis-29523"
-82.5,7.5,0.48,"Seriola lalandi","Fis-29523"
-82,7.5,0.71,"Seriola lalandi","Fis-29523"
-81.5,7.5,0.71,"Seriola lalandi","Fis-29523"
-81,7.5,0.68,"Seriola lalandi","Fis-29523"
-80.5,7.5,0.58,"Seriola lalandi","Fis-29523"
-80,7.5,0.81,"Seriola lalandi","Fis-29523"
-79.5,7.5,0.86,"Seriola lalandi","Fis-29523"
-79,7.5,0.86,"Seriola lalandi","Fis-29523"
-78.5,7.5,0.84,"Seriola lalandi","Fis-29523"
-78,7.5,0.82,"Seriola lalandi","Fis-29523"
-76.5,7.5,0.77,"Seriola lalandi","Fis-29523"
-58.5,7.5,0.6,"Seriola lalandi","Fis-29523"
-58,7.5,0.9,"Seriola lalandi","Fis-29523"
-57.5,7.5,0.94,"Seriola lalandi","Fis-29523"
-57,7.5,0.93,"Seriola lalandi","Fis-29523"
-56.5,7.5,0.92,"Seriola lalandi","Fis-29523"
-56,7.5,0.91,"Seriola lalandi","Fis-29523"
-54.5,7.5,0.86,"Seriola lalandi","Fis-29523"
-54,7.5,0.85,"Seriola lalandi","Fis-29523"
-53.5,7.5,0.86,"Seriola lalandi","Fis-29523"
-53,7.5,0.69,"Seriola lalandi","Fis-29523"
-52.5,7.5,0.26,"Seriola lalandi","Fis-29523"
50,7.5,1,"Seriola lalandi","Fis-29523"
50.5,7.5,1,"Seriola lalandi","Fis-29523"
77,7.5,0.86,"Seriola lalandi","Fis-29523"
77.5,7.5,0.87,"Seriola lalandi","Fis-29523"
78,7.5,0.93,"Seriola lalandi","Fis-29523"
78.5,7.5,0.94,"Seriola lalandi","Fis-29523"
80,7.5,0.88,"Seriola lalandi","Fis-29523"
82,7.5,0.72,"Seriola lalandi","Fis-29523"
82.5,7.5,0.7,"Seriola lalandi","Fis-29523"
93,7.5,0.15,"Seriola lalandi","Fis-29523"
93.5,7.5,0.38,"Seriola lalandi","Fis-29523"
94,7.5,0.35,"Seriola lalandi","Fis-29523"
96,7.5,0.17,"Seriola lalandi","Fis-29523"
96.5,7.5,0.19,"Seriola lalandi","Fis-29523"
97,7.5,0.16,"Seriola lalandi","Fis-29523"
97.5,7.5,0.22,"Seriola lalandi","Fis-29523"
98,7.5,0.29,"Seriola lalandi","Fis-29523"
98.5,7.5,0.4,"Seriola lalandi","Fis-29523"
99,7.5,0.33,"Seriola lalandi","Fis-29523"
99.5,7.5,0.53,"Seriola lalandi","Fis-29523"
100.5,7.5,0.52,"Seriola lalandi","Fis-29523"
101,7.5,0.38,"Seriola lalandi","Fis-29523"
101.5,7.5,0.27,"Seriola lalandi","Fis-29523"
102,7.5,0.27,"Seriola lalandi","Fis-29523"
102.5,7.5,0.3,"Seriola lalandi","Fis-29523"
103,7.5,0.34,"Seriola lalandi","Fis-29523"
103.5,7.5,0.41,"Seriola lalandi","Fis-29523"
104,7.5,0.41,"Seriola lalandi","Fis-29523"
104.5,7.5,0.33,"Seriola lalandi","Fis-29523"
105,7.5,0.32,"Seriola lalandi","Fis-29523"
105.5,7.5,0.29,"Seriola lalandi","Fis-29523"
106,7.5,0.28,"Seriola lalandi","Fis-29523"
106.5,7.5,0.26,"Seriola lalandi","Fis-29523"
107,7.5,0.4,"Seriola lalandi","Fis-29523"
107.5,7.5,0.48,"Seriola lalandi","Fis-29523"
108,7.5,0.6,"Seriola lalandi","Fis-29523"
108.5,7.5,0.52,"Seriola lalandi","Fis-29523"
109,7.5,0.44,"Seriola lalandi","Fis-29523"
109.5,7.5,0.42,"Seriola lalandi","Fis-29523"
110,7.5,0.44,"Seriola lalandi","Fis-29523"
110.5,7.5,0.44,"Seriola lalandi","Fis-29523"
111,7.5,0.43,"Seriola lalandi","Fis-29523"
112,7.5,0.41,"Seriola lalandi","Fis-29523"
113,7.5,0.38,"Seriola lalandi","Fis-29523"
113.5,7.5,0.36,"Seriola lalandi","Fis-29523"
114,7.5,0.33,"Seriola lalandi","Fis-29523"
114.5,7.5,0.37,"Seriola lalandi","Fis-29523"
115,7.5,0.32,"Seriola lalandi","Fis-29523"
116.5,7.5,0.38,"Seriola lalandi","Fis-29523"
117,7.5,0.45,"Seriola lalandi","Fis-29523"
117.5,7.5,0.47,"Seriola lalandi","Fis-29523"
118,7.5,0.37,"Seriola lalandi","Fis-29523"
118.5,7.5,0.35,"Seriola lalandi","Fis-29523"
119,7.5,0.33,"Seriola lalandi","Fis-29523"
122.5,7.5,0.6,"Seriola lalandi","Fis-29523"
123,7.5,0.58,"Seriola lalandi","Fis-29523"
123.5,7.5,0.6,"Seriola lalandi","Fis-29523"
124,7.5,0.54,"Seriola lalandi","Fis-29523"
124.5,7.5,0.05,"Seriola lalandi","Fis-29523"
126.5,7.5,0.67,"Seriola lalandi","Fis-29523"
127,7.5,0.26,"Seriola lalandi","Fis-29523"
134.5,7.5,0.28,"Seriola lalandi","Fis-29523"
135,7.5,0.26,"Seriola lalandi","Fis-29523"
137.5,7.5,0.11,"Seriola lalandi","Fis-29523"
145,7.5,0.19,"Seriola lalandi","Fis-29523"
146,7.5,0.15,"Seriola lalandi","Fis-29523"
146.5,7.5,0.15,"Seriola lalandi","Fis-29523"
147.5,7.5,0.15,"Seriola lalandi","Fis-29523"
148,7.5,0.16,"Seriola lalandi","Fis-29523"
148.5,7.5,0.17,"Seriola lalandi","Fis-29523"
149,7.5,0.24,"Seriola lalandi","Fis-29523"
149.5,7.5,0.15,"Seriola lalandi","Fis-29523"
150,7.5,0.14,"Seriola lalandi","Fis-29523"
152,7.5,0.16,"Seriola lalandi","Fis-29523"
152.5,7.5,0.12,"Seriola lalandi","Fis-29523"
155.5,7.5,0.14,"Seriola lalandi","Fis-29523"
168.5,7.5,0.76,"Seriola lalandi","Fis-29523"
169,7.5,0.77,"Seriola lalandi","Fis-29523"
169.5,7.5,0.77,"Seriola lalandi","Fis-29523"
-82,7,0.72,"Seriola lalandi","Fis-29523"
-81.5,7,0.72,"Seriola lalandi","Fis-29523"
-81,7,0.7,"Seriola lalandi","Fis-29523"
-80.5,7,0.75,"Seriola lalandi","Fis-29523"
-80,7,0.83,"Seriola lalandi","Fis-29523"
-79.5,7,0.87,"Seriola lalandi","Fis-29523"
-79,7,0.16,"Seriola lalandi","Fis-29523"
-78,7,0.82,"Seriola lalandi","Fis-29523"
-77.5,7,0.8,"Seriola lalandi","Fis-29523"
-58.5,7,0.06,"Seriola lalandi","Fis-29523"
-58,7,0.74,"Seriola lalandi","Fis-29523"
-57.5,7,0.39,"Seriola lalandi","Fis-29523"
-57,7,0.97,"Seriola lalandi","Fis-29523"
-56.5,7,0.96,"Seriola lalandi","Fis-29523"
-56,7,0.96,"Seriola lalandi","Fis-29523"
-55.5,7,0.96,"Seriola lalandi","Fis-29523"
-55,7,0.94,"Seriola lalandi","Fis-29523"
-54.5,7,0.9,"Seriola lalandi","Fis-29523"
-54,7,0.85,"Seriola lalandi","Fis-29523"
-53.5,7,0.83,"Seriola lalandi","Fis-29523"
-53,7,0.83,"Seriola lalandi","Fis-29523"
-52.5,7,0.85,"Seriola lalandi","Fis-29523"
-52,7,0.18,"Seriola lalandi","Fis-29523"
49.5,7,0.5,"Seriola lalandi","Fis-29523"
50,7,1,"Seriola lalandi","Fis-29523"
50.5,7,0.76,"Seriola lalandi","Fis-29523"
73,7,0.33,"Seriola lalandi","Fis-29523"
73.5,7,0.33,"Seriola lalandi","Fis-29523"
77,7,0.82,"Seriola lalandi","Fis-29523"
77.5,7,0.87,"Seriola lalandi","Fis-29523"
78,7,0.91,"Seriola lalandi","Fis-29523"
78.5,7,0.26,"Seriola lalandi","Fis-29523"
80,7,0.86,"Seriola lalandi","Fis-29523"
82,7,0.76,"Seriola lalandi","Fis-29523"
82.5,7,0.72,"Seriola lalandi","Fis-29523"
93.5,7,0.24,"Seriola lalandi","Fis-29523"
94,7,0.35,"Seriola lalandi","Fis-29523"
94.5,7,0.32,"Seriola lalandi","Fis-29523"
96,7,0.04,"Seriola lalandi","Fis-29523"
96.5,7,0.13,"Seriola lalandi","Fis-29523"
97.5,7,0.18,"Seriola lalandi","Fis-29523"
98,7,0.26,"Seriola lalandi","Fis-29523"
98.5,7,0.29,"Seriola lalandi","Fis-29523"
99,7,0.34,"Seriola lalandi","Fis-29523"
99.5,7,0.4,"Seriola lalandi","Fis-29523"
100,7,0.51,"Seriola lalandi","Fis-29523"
100.5,7,0.31,"Seriola lalandi","Fis-29523"
101,7,0.39,"Seriola lalandi","Fis-29523"
101.5,7,0.35,"Seriola lalandi","Fis-29523"
102,7,0.26,"Seriola lalandi","Fis-29523"
102.5,7,0.25,"Seriola lalandi","Fis-29523"
103,7,0.28,"Seriola lalandi","Fis-29523"
103.5,7,0.36,"Seriola lalandi","Fis-29523"
104,7,0.39,"Seriola lalandi","Fis-29523"
104.5,7,0.32,"Seriola lalandi","Fis-29523"
105,7,0.33,"Seriola lalandi","Fis-29523"
105.5,7,0.32,"Seriola lalandi","Fis-29523"
106,7,0.3,"Seriola lalandi","Fis-29523"
106.5,7,0.25,"Seriola lalandi","Fis-29523"
107,7,0.36,"Seriola lalandi","Fis-29523"
107.5,7,0.42,"Seriola lalandi","Fis-29523"
108,7,0.53,"Seriola lalandi","Fis-29523"
108.5,7,0.49,"Seriola lalandi","Fis-29523"
109,7,0.42,"Seriola lalandi","Fis-29523"
109.5,7,0.41,"Seriola lalandi","Fis-29523"
110,7,0.42,"Seriola lalandi","Fis-29523"
114,7,0.33,"Seriola lalandi","Fis-29523"
114.5,7,0.01,"Seriola lalandi","Fis-29523"
116,7,0.42,"Seriola lalandi","Fis-29523"
116.5,7,0.59,"Seriola lalandi","Fis-29523"
117,7,0.62,"Seriola lalandi","Fis-29523"
117.5,7,0.45,"Seriola lalandi","Fis-29523"
118,7,0.42,"Seriola lalandi","Fis-29523"
118.5,7,0.38,"Seriola lalandi","Fis-29523"
119,7,0.34,"Seriola lalandi","Fis-29523"
121.5,7,0.06,"Seriola lalandi","Fis-29523"
122,7,0.44,"Seriola lalandi","Fis-29523"
122.5,7,0.63,"Seriola lalandi","Fis-29523"
123,7,0.58,"Seriola lalandi","Fis-29523"
123.5,7,0.58,"Seriola lalandi","Fis-29523"
124,7,0.47,"Seriola lalandi","Fis-29523"
124.5,7,0.51,"Seriola lalandi","Fis-29523"
126,7,0.51,"Seriola lalandi","Fis-29523"
126.5,7,0.64,"Seriola lalandi","Fis-29523"
127,7,0.22,"Seriola lalandi","Fis-29523"
134.5,7,0.3,"Seriola lalandi","Fis-29523"
135,7,0.26,"Seriola lalandi","Fis-29523"
144,7,0.18,"Seriola lalandi","Fis-29523"
144.5,7,0.18,"Seriola lalandi","Fis-29523"
145,7,0.2,"Seriola lalandi","Fis-29523"
146,7,0.16,"Seriola lalandi","Fis-29523"
146.5,7,0.16,"Seriola lalandi","Fis-29523"
147.5,7,0.15,"Seriola lalandi","Fis-29523"
148.5,7,0.08,"Seriola lalandi","Fis-29523"
149,7,0.07,"Seriola lalandi","Fis-29523"
149.5,7,0.14,"Seriola lalandi","Fis-29523"
151.5,7,0.14,"Seriola lalandi","Fis-29523"
152,7,0.16,"Seriola lalandi","Fis-29523"
152.5,7,0.13,"Seriola lalandi","Fis-29523"
153,7,0.11,"Seriola lalandi","Fis-29523"
158,7,0.17,"Seriola lalandi","Fis-29523"
158.5,7,0.2,"Seriola lalandi","Fis-29523"
169,7,0.75,"Seriola lalandi","Fis-29523"
169.5,7,0.38,"Seriola lalandi","Fis-29523"
171.5,7,0.78,"Seriola lalandi","Fis-29523"
172,7,0.79,"Seriola lalandi","Fis-29523"
172.5,7,0.66,"Seriola lalandi","Fis-29523"
-162.5,6.5,0.94,"Seriola lalandi","Fis-29523"
-162,6.5,0.23,"Seriola lalandi","Fis-29523"
-77.5,6.5,0.8,"Seriola lalandi","Fis-29523"
-77,6.5,0.81,"Seriola lalandi","Fis-29523"
-58,6.5,0.83,"Seriola lalandi","Fis-29523"
-57.5,6.5,0.21,"Seriola lalandi","Fis-29523"
-57,6.5,0.98,"Seriola lalandi","Fis-29523"
-56.5,6.5,1,"Seriola lalandi","Fis-29523"
-56,6.5,1,"Seriola lalandi","Fis-29523"
-55.5,6.5,0.99,"Seriola lalandi","Fis-29523"
-55,6.5,0.95,"Seriola lalandi","Fis-29523"
-54.5,6.5,0.93,"Seriola lalandi","Fis-29523"
-54,6.5,0.9,"Seriola lalandi","Fis-29523"
-53.5,6.5,0.84,"Seriola lalandi","Fis-29523"
-53,6.5,0.78,"Seriola lalandi","Fis-29523"
-52.5,6.5,0.78,"Seriola lalandi","Fis-29523"
-52,6.5,0.83,"Seriola lalandi","Fis-29523"
49.5,6.5,1,"Seriola lalandi","Fis-29523"
50,6.5,1,"Seriola lalandi","Fis-29523"
73,6.5,0.37,"Seriola lalandi","Fis-29523"
73.5,6.5,0.36,"Seriola lalandi","Fis-29523"
80,6.5,0.84,"Seriola lalandi","Fis-29523"
80.5,6.5,0.03,"Seriola lalandi","Fis-29523"
82,6.5,0.79,"Seriola lalandi","Fis-29523"
82.5,6.5,0.75,"Seriola lalandi","Fis-29523"
94,6.5,0.38,"Seriola lalandi","Fis-29523"
94.5,6.5,0.33,"Seriola lalandi","Fis-29523"
96,6.5,0.28,"Seriola lalandi","Fis-29523"
96.5,6.5,0.11,"Seriola lalandi","Fis-29523"
97.5,6.5,0.14,"Seriola lalandi","Fis-29523"
98,6.5,0.24,"Seriola lalandi","Fis-29523"
98.5,6.5,0.25,"Seriola lalandi","Fis-29523"
99,6.5,0.29,"Seriola lalandi","Fis-29523"
99.5,6.5,0.39,"Seriola lalandi","Fis-29523"
100,6.5,0.49,"Seriola lalandi","Fis-29523"
100.5,6.5,0.15,"Seriola lalandi","Fis-29523"
101,6.5,0.29,"Seriola lalandi","Fis-29523"
101.5,6.5,0.19,"Seriola lalandi","Fis-29523"
102,6.5,0.46,"Seriola lalandi","Fis-29523"
102.5,6.5,0.24,"Seriola lalandi","Fis-29523"
103,6.5,0.24,"Seriola lalandi","Fis-29523"
103.5,6.5,0.3,"Seriola lalandi","Fis-29523"
104,6.5,0.35,"Seriola lalandi","Fis-29523"
104.5,6.5,0.33,"Seriola lalandi","Fis-29523"
105,6.5,0.3,"Seriola lalandi","Fis-29523"
105.5,6.5,0.3,"Seriola lalandi","Fis-29523"
106,6.5,0.3,"Seriola lalandi","Fis-29523"
106.5,6.5,0.28,"Seriola lalandi","Fis-29523"
107,6.5,0.31,"Seriola lalandi","Fis-29523"
107.5,6.5,0.35,"Seriola lalandi","Fis-29523"
108,6.5,0.41,"Seriola lalandi","Fis-29523"
108.5,6.5,0.47,"Seriola lalandi","Fis-29523"
109,6.5,0.41,"Seriola lalandi","Fis-29523"
109.5,6.5,0.4,"Seriola lalandi","Fis-29523"
110,6.5,0.39,"Seriola lalandi","Fis-29523"
115.5,6.5,0.41,"Seriola lalandi","Fis-29523"
116,6.5,0.59,"Seriola lalandi","Fis-29523"
116.5,6.5,0.59,"Seriola lalandi","Fis-29523"
117,6.5,0.58,"Seriola lalandi","Fis-29523"
117.5,6.5,0.57,"Seriola lalandi","Fis-29523"
118,6.5,0.57,"Seriola lalandi","Fis-29523"
118.5,6.5,0.48,"Seriola lalandi","Fis-29523"
119,6.5,0.36,"Seriola lalandi","Fis-29523"
121,6.5,0.39,"Seriola lalandi","Fis-29523"
121.5,6.5,0.51,"Seriola lalandi","Fis-29523"
122,6.5,0.66,"Seriola lalandi","Fis-29523"
122.5,6.5,0.59,"Seriola lalandi","Fis-29523"
123,6.5,0.4,"Seriola lalandi","Fis-29523"
124,6.5,0.48,"Seriola lalandi","Fis-29523"
124.5,6.5,0.52,"Seriola lalandi","Fis-29523"
125.5,6.5,0.54,"Seriola lalandi","Fis-29523"
126,6.5,0.53,"Seriola lalandi","Fis-29523"
126.5,6.5,0.69,"Seriola lalandi","Fis-29523"
127,6.5,0.21,"Seriola lalandi","Fis-29523"
134,6.5,0.17,"Seriola lalandi","Fis-29523"
134.5,6.5,0.27,"Seriola lalandi","Fis-29523"
143.5,6.5,0.2,"Seriola lalandi","Fis-29523"
149.5,6.5,0.13,"Seriola lalandi","Fis-29523"
153,6.5,0.11,"Seriola lalandi","Fis-29523"
158,6.5,0.17,"Seriola lalandi","Fis-29523"
158.5,6.5,0.21,"Seriola lalandi","Fis-29523"
160,6.5,0.19,"Seriola lalandi","Fis-29523"
-162.5,6,0.93,"Seriola lalandi","Fis-29523"
-162,6,0.93,"Seriola lalandi","Fis-29523"
-81.5,6,0.14,"Seriola lalandi","Fis-29523"
-77.5,6,0.81,"Seriola lalandi","Fis-29523"
-77,6,0.81,"Seriola lalandi","Fis-29523"
-57.5,6,0.19,"Seriola lalandi","Fis-29523"
-57,6,0.47,"Seriola lalandi","Fis-29523"
-56.5,6,0.93,"Seriola lalandi","Fis-29523"
-56,6,0.94,"Seriola lalandi","Fis-29523"
-55.5,6,0.72,"Seriola lalandi","Fis-29523"
-55,6,0.65,"Seriola lalandi","Fis-29523"
-54.5,6,0.35,"Seriola lalandi","Fis-29523"
-54,6,0.66,"Seriola lalandi","Fis-29523"
-53.5,6,0.79,"Seriola lalandi","Fis-29523"
-53,6,0.74,"Seriola lalandi","Fis-29523"
-52.5,6,0.69,"Seriola lalandi","Fis-29523"
-52,6,0.73,"Seriola lalandi","Fis-29523"
-51.5,6,0.8,"Seriola lalandi","Fis-29523"
49,6,0.21,"Seriola lalandi","Fis-29523"
49.5,6,1,"Seriola lalandi","Fis-29523"
50,6,0.76,"Seriola lalandi","Fis-29523"
73,6,0.41,"Seriola lalandi","Fis-29523"
73.5,6,0.4,"Seriola lalandi","Fis-29523"
74,6,0.05,"Seriola lalandi","Fis-29523"
80,6,0.85,"Seriola lalandi","Fis-29523"
80.5,6,0.87,"Seriola lalandi","Fis-29523"
81,6,0.74,"Seriola lalandi","Fis-29523"
81.5,6,0.89,"Seriola lalandi","Fis-29523"
82,6,0.83,"Seriola lalandi","Fis-29523"
94,6,0.34,"Seriola lalandi","Fis-29523"
95,6,0.29,"Seriola lalandi","Fis-29523"
95.5,6,0.3,"Seriola lalandi","Fis-29523"
96,6,0.02,"Seriola lalandi","Fis-29523"
97.5,6,0.05,"Seriola lalandi","Fis-29523"
98,6,0.23,"Seriola lalandi","Fis-29523"
98.5,6,0.24,"Seriola lalandi","Fis-29523"
99,6,0.27,"Seriola lalandi","Fis-29523"
99.5,6,0.3,"Seriola lalandi","Fis-29523"
100,6,0.26,"Seriola lalandi","Fis-29523"
100.5,6,0.17,"Seriola lalandi","Fis-29523"
102,6,0.3,"Seriola lalandi","Fis-29523"
102.5,6,0.37,"Seriola lalandi","Fis-29523"
103,6,0.28,"Seriola lalandi","Fis-29523"
103.5,6,0.32,"Seriola lalandi","Fis-29523"
104,6,0.37,"Seriola lalandi","Fis-29523"
104.5,6,0.35,"Seriola lalandi","Fis-29523"
105,6,0.27,"Seriola lalandi","Fis-29523"
105.5,6,0.29,"Seriola lalandi","Fis-29523"
106,6,0.29,"Seriola lalandi","Fis-29523"
106.5,6,0.31,"Seriola lalandi","Fis-29523"
107,6,0.3,"Seriola lalandi","Fis-29523"
107.5,6,0.33,"Seriola lalandi","Fis-29523"
108,6,0.44,"Seriola lalandi","Fis-29523"
108.5,6,0.45,"Seriola lalandi","Fis-29523"
109,6,0.4,"Seriola lalandi","Fis-29523"
109.5,6,0.39,"Seriola lalandi","Fis-29523"
110,6,0.4,"Seriola lalandi","Fis-29523"
110.5,6,0.4,"Seriola lalandi","Fis-29523"
113,6,0.08,"Seriola lalandi","Fis-29523"
113.5,6,0.29,"Seriola lalandi","Fis-29523"
115,6,0.39,"Seriola lalandi","Fis-29523"
115.5,6,0.51,"Seriola lalandi","Fis-29523"
116,6,0.58,"Seriola lalandi","Fis-29523"
116.5,6,0.54,"Seriola lalandi","Fis-29523"
118,6,0.49,"Seriola lalandi","Fis-29523"
118.5,6,0.56,"Seriola lalandi","Fis-29523"
119,6,0.49,"Seriola lalandi","Fis-29523"
119.5,6,0.38,"Seriola lalandi","Fis-29523"
120.5,6,0.4,"Seriola lalandi","Fis-29523"
121,6,0.44,"Seriola lalandi","Fis-29523"
121.5,6,0.46,"Seriola lalandi","Fis-29523"
122,6,0.53,"Seriola lalandi","Fis-29523"
122.5,6,0.4,"Seriola lalandi","Fis-29523"
124.5,6,0.56,"Seriola lalandi","Fis-29523"
125,6,0.58,"Seriola lalandi","Fis-29523"
125.5,6,0.6,"Seriola lalandi","Fis-29523"
126,6,0.64,"Seriola lalandi","Fis-29523"
126.5,6,0.7,"Seriola lalandi","Fis-29523"
127,6,0.2,"Seriola lalandi","Fis-29523"
145.5,6,0.19,"Seriola lalandi","Fis-29523"
150,6,0.05,"Seriola lalandi","Fis-29523"
161,6,0.27,"Seriola lalandi","Fis-29523"
169.5,6,0.72,"Seriola lalandi","Fis-29523"
170,6,0.73,"Seriola lalandi","Fis-29523"
172,6,0.75,"Seriola lalandi","Fis-29523"
172.5,6,0.76,"Seriola lalandi","Fis-29523"
-162,5.5,0.94,"Seriola lalandi","Fis-29523"
-161.5,5.5,0.94,"Seriola lalandi","Fis-29523"
-88.5,5.5,0.76,"Seriola lalandi","Fis-29523"
-88,5.5,0.22,"Seriola lalandi","Fis-29523"
-87,5.5,0.88,"Seriola lalandi","Fis-29523"
-86.5,5.5,0.88,"Seriola lalandi","Fis-29523"
-81.5,5.5,0.92,"Seriola lalandi","Fis-29523"
-77.5,5.5,0.81,"Seriola lalandi","Fis-29523"
-77,5.5,0.8,"Seriola lalandi","Fis-29523"
-56.5,5.5,0.05,"Seriola lalandi","Fis-29523"
-56,5.5,0.1,"Seriola lalandi","Fis-29523"
-55.5,5.5,0.1,"Seriola lalandi","Fis-29523"
-54.5,5.5,0.14,"Seriola lalandi","Fis-29523"
-54,5.5,0.09,"Seriola lalandi","Fis-29523"
-53.5,5.5,0.8,"Seriola lalandi","Fis-29523"
-53,5.5,0.7,"Seriola lalandi","Fis-29523"
-52.5,5.5,0.58,"Seriola lalandi","Fis-29523"
-52,5.5,0.6,"Seriola lalandi","Fis-29523"
-51.5,5.5,0.66,"Seriola lalandi","Fis-29523"
-51,5.5,0.78,"Seriola lalandi","Fis-29523"
-50.5,5.5,0.89,"Seriola lalandi","Fis-29523"
49,5.5,1,"Seriola lalandi","Fis-29523"
49.5,5.5,1,"Seriola lalandi","Fis-29523"
50,5.5,0.3,"Seriola lalandi","Fis-29523"
73,5.5,0.42,"Seriola lalandi","Fis-29523"
73.5,5.5,0.43,"Seriola lalandi","Fis-29523"
74,5.5,0.37,"Seriola lalandi","Fis-29523"
80,5.5,0.83,"Seriola lalandi","Fis-29523"
80.5,5.5,0.86,"Seriola lalandi","Fis-29523"
81,5.5,0.87,"Seriola lalandi","Fis-29523"
81.5,5.5,0.85,"Seriola lalandi","Fis-29523"
93.5,5.5,0.02,"Seriola lalandi","Fis-29523"
94,5.5,0.13,"Seriola lalandi","Fis-29523"
94.5,5.5,0.29,"Seriola lalandi","Fis-29523"
95,5.5,0.31,"Seriola lalandi","Fis-29523"
95.5,5.5,0.33,"Seriola lalandi","Fis-29523"
96,5.5,0.35,"Seriola lalandi","Fis-29523"
96.5,5.5,0.35,"Seriola lalandi","Fis-29523"
97,5.5,0.14,"Seriola lalandi","Fis-29523"
97.5,5.5,0.31,"Seriola lalandi","Fis-29523"
98,5.5,0.29,"Seriola lalandi","Fis-29523"
98.5,5.5,0.28,"Seriola lalandi","Fis-29523"
99,5.5,0.27,"Seriola lalandi","Fis-29523"
99.5,5.5,0.28,"Seriola lalandi","Fis-29523"
100,5.5,0.29,"Seriola lalandi","Fis-29523"
100.5,5.5,0.14,"Seriola lalandi","Fis-29523"
102.5,5.5,0.03,"Seriola lalandi","Fis-29523"
103,5.5,0.47,"Seriola lalandi","Fis-29523"
103.5,5.5,0.31,"Seriola lalandi","Fis-29523"
104,5.5,0.39,"Seriola lalandi","Fis-29523"
104.5,5.5,0.36,"Seriola lalandi","Fis-29523"
105,5.5,0.31,"Seriola lalandi","Fis-29523"
105.5,5.5,0.3,"Seriola lalandi","Fis-29523"
106,5.5,0.33,"Seriola lalandi","Fis-29523"
106.5,5.5,0.35,"Seriola lalandi","Fis-29523"
107,5.5,0.34,"Seriola lalandi","Fis-29523"
107.5,5.5,0.34,"Seriola lalandi","Fis-29523"
108,5.5,0.36,"Seriola lalandi","Fis-29523"
108.5,5.5,0.42,"Seriola lalandi","Fis-29523"
109,5.5,0.41,"Seriola lalandi","Fis-29523"
109.5,5.5,0.39,"Seriola lalandi","Fis-29523"
110,5.5,0.4,"Seriola lalandi","Fis-29523"
110.5,5.5,0.4,"Seriola lalandi","Fis-29523"
111,5.5,0.38,"Seriola lalandi","Fis-29523"
111.5,5.5,0.25,"Seriola lalandi","Fis-29523"
112,5.5,0.34,"Seriola lalandi","Fis-29523"
112.5,5.5,0.33,"Seriola lalandi","Fis-29523"
113,5.5,0.33,"Seriola lalandi","Fis-29523"
114.5,5.5,0.41,"Seriola lalandi","Fis-29523"
115,5.5,0.53,"Seriola lalandi","Fis-29523"
115.5,5.5,0.58,"Seriola lalandi","Fis-29523"
116,5.5,0.49,"Seriola lalandi","Fis-29523"
116.5,5.5,0.44,"Seriola lalandi","Fis-29523"
118,5.5,0.02,"Seriola lalandi","Fis-29523"
118.5,5.5,0.2,"Seriola lalandi","Fis-29523"
119,5.5,0.57,"Seriola lalandi","Fis-29523"
119.5,5.5,0.66,"Seriola lalandi","Fis-29523"
120,5.5,0.44,"Seriola lalandi","Fis-29523"
120.5,5.5,0.45,"Seriola lalandi","Fis-29523"
121,5.5,0.48,"Seriola lalandi","Fis-29523"
121.5,5.5,0.43,"Seriola lalandi","Fis-29523"
122,5.5,0.38,"Seriola lalandi","Fis-29523"
125,5.5,0.57,"Seriola lalandi","Fis-29523"
125.5,5.5,0.67,"Seriola lalandi","Fis-29523"
126,5.5,0.71,"Seriola lalandi","Fis-29523"
126.5,5.5,0.46,"Seriola lalandi","Fis-29523"
127,5.5,0.44,"Seriola lalandi","Fis-29523"
145.5,5.5,0.2,"Seriola lalandi","Fis-29523"
146,5.5,0.19,"Seriola lalandi","Fis-29523"
149.5,5.5,0.13,"Seriola lalandi","Fis-29523"
153.5,5.5,0.23,"Seriola lalandi","Fis-29523"
154,5.5,0.23,"Seriola lalandi","Fis-29523"
157.5,5.5,0.26,"Seriola lalandi","Fis-29523"
168.5,5.5,0.56,"Seriola lalandi","Fis-29523"
169.5,5.5,0.71,"Seriola lalandi","Fis-29523"
170,5.5,0.72,"Seriola lalandi","Fis-29523"
172.5,5.5,0.75,"Seriola lalandi","Fis-29523"
-88.5,5,0.17,"Seriola lalandi","Fis-29523"
-87.5,5,0.43,"Seriola lalandi","Fis-29523"
-87,5,0.91,"Seriola lalandi","Fis-29523"
-86.5,5,0.9,"Seriola lalandi","Fis-29523"
-82,5,0.07,"Seriola lalandi","Fis-29523"
-80.5,5,0.27,"Seriola lalandi","Fis-29523"
-77.5,5,0.8,"Seriola lalandi","Fis-29523"
-77,5,0.78,"Seriola lalandi","Fis-29523"
-53,5,0.13,"Seriola lalandi","Fis-29523"
-52.5,5,0.49,"Seriola lalandi","Fis-29523"
-52,5,0.49,"Seriola lalandi","Fis-29523"
-51.5,5,0.49,"Seriola lalandi","Fis-29523"
-51,5,0.59,"Seriola lalandi","Fis-29523"
-50.5,5,0.83,"Seriola lalandi","Fis-29523"
-50,5,0.91,"Seriola lalandi","Fis-29523"
48.5,5,1,"Seriola lalandi","Fis-29523"
49,5,1,"Seriola lalandi","Fis-29523"
73,5,0.45,"Seriola lalandi","Fis-29523"
73.5,5,0.45,"Seriola lalandi","Fis-29523"
74,5,0.4,"Seriola lalandi","Fis-29523"
93.5,5,0.15,"Seriola lalandi","Fis-29523"
94,5,0.11,"Seriola lalandi","Fis-29523"
94.5,5,0.21,"Seriola lalandi","Fis-29523"
95,5,0.19,"Seriola lalandi","Fis-29523"
95.5,5,0.3,"Seriola lalandi","Fis-29523"
96,5,0.2,"Seriola lalandi","Fis-29523"
96.5,5,0.58,"Seriola lalandi","Fis-29523"
97,5,0.57,"Seriola lalandi","Fis-29523"
97.5,5,0.56,"Seriola lalandi","Fis-29523"
98,5,0.53,"Seriola lalandi","Fis-29523"
98.5,5,0.49,"Seriola lalandi","Fis-29523"
99,5,0.35,"Seriola lalandi","Fis-29523"
99.5,5,0.24,"Seriola lalandi","Fis-29523"
100,5,0.32,"Seriola lalandi","Fis-29523"
100.5,5,0.44,"Seriola lalandi","Fis-29523"
103.5,5,0.56,"Seriola lalandi","Fis-29523"
104,5,0.4,"Seriola lalandi","Fis-29523"
104.5,5,0.38,"Seriola lalandi","Fis-29523"
105,5,0.31,"Seriola lalandi","Fis-29523"
105.5,5,0.32,"Seriola lalandi","Fis-29523"
106,5,0.37,"Seriola lalandi","Fis-29523"
106.5,5,0.4,"Seriola lalandi","Fis-29523"
107,5,0.31,"Seriola lalandi","Fis-29523"
107.5,5,0.37,"Seriola lalandi","Fis-29523"
108,5,0.46,"Seriola lalandi","Fis-29523"
108.5,5,0.46,"Seriola lalandi","Fis-29523"
109,5,0.44,"Seriola lalandi","Fis-29523"
109.5,5,0.42,"Seriola lalandi","Fis-29523"
110,5,0.41,"Seriola lalandi","Fis-29523"
110.5,5,0.39,"Seriola lalandi","Fis-29523"
111,5,0.37,"Seriola lalandi","Fis-29523"
111.5,5,0.35,"Seriola lalandi","Fis-29523"
112,5,0.33,"Seriola lalandi","Fis-29523"
112.5,5,0.32,"Seriola lalandi","Fis-29523"
113,5,0.33,"Seriola lalandi","Fis-29523"
113.5,5,0.36,"Seriola lalandi","Fis-29523"
114,5,0.56,"Seriola lalandi","Fis-29523"
114.5,5,0.62,"Seriola lalandi","Fis-29523"
115,5,0.56,"Seriola lalandi","Fis-29523"
115.5,5,0.5,"Seriola lalandi","Fis-29523"
116,5,0.47,"Seriola lalandi","Fis-29523"
119,5,0.3,"Seriola lalandi","Fis-29523"
119.5,5,0.67,"Seriola lalandi","Fis-29523"
120,5,0.59,"Seriola lalandi","Fis-29523"
120.5,5,0.48,"Seriola lalandi","Fis-29523"
121,5,0.41,"Seriola lalandi","Fis-29523"
121.5,5,0.11,"Seriola lalandi","Fis-29523"
125.5,5,0.7,"Seriola lalandi","Fis-29523"
126,5,0.7,"Seriola lalandi","Fis-29523"
127,5,0.09,"Seriola lalandi","Fis-29523"
132.5,5,0.46,"Seriola lalandi","Fis-29523"
153.5,5,0.24,"Seriola lalandi","Fis-29523"
154,5,0.25,"Seriola lalandi","Fis-29523"
163,5,0.43,"Seriola lalandi","Fis-29523"
163.5,5,0.45,"Seriola lalandi","Fis-29523"
-160,4.5,1,"Seriola lalandi","Fis-29523"
-87,4.5,0.61,"Seriola lalandi","Fis-29523"
-80.5,4.5,0.13,"Seriola lalandi","Fis-29523"
-80,4.5,0.4,"Seriola lalandi","Fis-29523"
-77.5,4.5,0.56,"Seriola lalandi","Fis-29523"
-77,4.5,0.76,"Seriola lalandi","Fis-29523"
-52,4.5,0.4,"Seriola lalandi","Fis-29523"
-51.5,4.5,0.35,"Seriola lalandi","Fis-29523"
-51,4.5,0.31,"Seriola lalandi","Fis-29523"
-50.5,4.5,0.62,"Seriola lalandi","Fis-29523"
-50,4.5,0.89,"Seriola lalandi","Fis-29523"
-49.5,4.5,0.93,"Seriola lalandi","Fis-29523"
48.5,4.5,1,"Seriola lalandi","Fis-29523"
49,4.5,1,"Seriola lalandi","Fis-29523"
73,4.5,0.46,"Seriola lalandi","Fis-29523"
73.5,4.5,0.5,"Seriola lalandi","Fis-29523"
74,4.5,0.48,"Seriola lalandi","Fis-29523"
93.5,4.5,0.1,"Seriola lalandi","Fis-29523"
94,4.5,0.03,"Seriola lalandi","Fis-29523"
95.5,4.5,0.29,"Seriola lalandi","Fis-29523"
96,4.5,0.46,"Seriola lalandi","Fis-29523"
98,4.5,0.53,"Seriola lalandi","Fis-29523"
98.5,4.5,0.38,"Seriola lalandi","Fis-29523"
99,4.5,0.4,"Seriola lalandi","Fis-29523"
99.5,4.5,0.32,"Seriola lalandi","Fis-29523"
100,4.5,0.3,"Seriola lalandi","Fis-29523"
100.5,4.5,0.25,"Seriola lalandi","Fis-29523"
101,4.5,0.22,"Seriola lalandi","Fis-29523"
103.5,4.5,0.6,"Seriola lalandi","Fis-29523"
104,4.5,0.39,"Seriola lalandi","Fis-29523"
104.5,4.5,0.4,"Seriola lalandi","Fis-29523"
105,4.5,0.34,"Seriola lalandi","Fis-29523"
105.5,4.5,0.35,"Seriola lalandi","Fis-29523"
106,4.5,0.36,"Seriola lalandi","Fis-29523"
106.5,4.5,0.39,"Seriola lalandi","Fis-29523"
107,4.5,0.39,"Seriola lalandi","Fis-29523"
107.5,4.5,0.42,"Seriola lalandi","Fis-29523"
108,4.5,0.47,"Seriola lalandi","Fis-29523"
108.5,4.5,0.43,"Seriola lalandi","Fis-29523"
109,4.5,0.46,"Seriola lalandi","Fis-29523"
109.5,4.5,0.44,"Seriola lalandi","Fis-29523"
110,4.5,0.41,"Seriola lalandi","Fis-29523"
110.5,4.5,0.38,"Seriola lalandi","Fis-29523"
111,4.5,0.35,"Seriola lalandi","Fis-29523"
111.5,4.5,0.34,"Seriola lalandi","Fis-29523"
112,4.5,0.33,"Seriola lalandi","Fis-29523"
112.5,4.5,0.33,"Seriola lalandi","Fis-29523"
113,4.5,0.35,"Seriola lalandi","Fis-29523"
113.5,4.5,0.5,"Seriola lalandi","Fis-29523"
114,4.5,0.61,"Seriola lalandi","Fis-29523"
114.5,4.5,0.57,"Seriola lalandi","Fis-29523"
115,4.5,0.31,"Seriola lalandi","Fis-29523"
115.5,4.5,0.52,"Seriola lalandi","Fis-29523"
118.5,4.5,0.45,"Seriola lalandi","Fis-29523"
119,4.5,0.56,"Seriola lalandi","Fis-29523"
119.5,4.5,0.5,"Seriola lalandi","Fis-29523"
120,4.5,0.42,"Seriola lalandi","Fis-29523"
120.5,4.5,0.37,"Seriola lalandi","Fis-29523"
125.5,4.5,0.69,"Seriola lalandi","Fis-29523"
126,4.5,0.68,"Seriola lalandi","Fis-29523"
127,4.5,0.68,"Seriola lalandi","Fis-29523"
127.5,4.5,0.53,"Seriola lalandi","Fis-29523"
132,4.5,0.65,"Seriola lalandi","Fis-29523"
132.5,4.5,0.62,"Seriola lalandi","Fis-29523"
169,4.5,0.69,"Seriola lalandi","Fis-29523"
-81.5,4,0.97,"Seriola lalandi","Fis-29523"
-81,4,0.91,"Seriola lalandi","Fis-29523"
-77.5,4,0.67,"Seriola lalandi","Fis-29523"
-77,4,0.74,"Seriola lalandi","Fis-29523"
-51.5,4,0.07,"Seriola lalandi","Fis-29523"
-51,4,0.09,"Seriola lalandi","Fis-29523"
-50.5,4,0.34,"Seriola lalandi","Fis-29523"
-50,4,0.77,"Seriola lalandi","Fis-29523"
-49.5,4,0.93,"Seriola lalandi","Fis-29523"
-49,4,0.95,"Seriola lalandi","Fis-29523"
-48.5,4,0.72,"Seriola lalandi","Fis-29523"
-48,4,0.04,"Seriola lalandi","Fis-29523"
48,4,0.98,"Seriola lalandi","Fis-29523"
48.5,4,1,"Seriola lalandi","Fis-29523"
49,4,0.52,"Seriola lalandi","Fis-29523"
73,4,0.54,"Seriola lalandi","Fis-29523"
73.5,4,0.56,"Seriola lalandi","Fis-29523"
74,4,0.57,"Seriola lalandi","Fis-29523"
95,4,0.24,"Seriola lalandi","Fis-29523"
95.5,4,0.26,"Seriola lalandi","Fis-29523"
96,4,0.33,"Seriola lalandi","Fis-29523"
96.5,4,0.57,"Seriola lalandi","Fis-29523"
98.5,4,0.5,"Seriola lalandi","Fis-29523"
99,4,0.28,"Seriola lalandi","Fis-29523"
99.5,4,0.4,"Seriola lalandi","Fis-29523"
100,4,0.37,"Seriola lalandi","Fis-29523"
100.5,4,0.31,"Seriola lalandi","Fis-29523"
101,4,0.16,"Seriola lalandi","Fis-29523"
103.5,4,0.52,"Seriola lalandi","Fis-29523"
104,4,0.48,"Seriola lalandi","Fis-29523"
104.5,4,0.47,"Seriola lalandi","Fis-29523"
105,4,0.37,"Seriola lalandi","Fis-29523"
105.5,4,0.33,"Seriola lalandi","Fis-29523"
106,4,0.34,"Seriola lalandi","Fis-29523"
106.5,4,0.37,"Seriola lalandi","Fis-29523"
107,4,0.4,"Seriola lalandi","Fis-29523"
107.5,4,0.44,"Seriola lalandi","Fis-29523"
108,4,0.36,"Seriola lalandi","Fis-29523"
108.5,4,0.19,"Seriola lalandi","Fis-29523"
109,4,0.42,"Seriola lalandi","Fis-29523"
109.5,4,0.4,"Seriola lalandi","Fis-29523"
110,4,0.37,"Seriola lalandi","Fis-29523"
110.5,4,0.36,"Seriola lalandi","Fis-29523"
111,4,0.34,"Seriola lalandi","Fis-29523"
111.5,4,0.31,"Seriola lalandi","Fis-29523"
112,4,0.28,"Seriola lalandi","Fis-29523"
112.5,4,0.34,"Seriola lalandi","Fis-29523"
113,4,0.43,"Seriola lalandi","Fis-29523"
113.5,4,0.61,"Seriola lalandi","Fis-29523"
114,4,0.6,"Seriola lalandi","Fis-29523"
118,4,0.49,"Seriola lalandi","Fis-29523"
118.5,4,0.55,"Seriola lalandi","Fis-29523"
119,4,0.62,"Seriola lalandi","Fis-29523"
119.5,4,0.4,"Seriola lalandi","Fis-29523"
125.5,4,0.68,"Seriola lalandi","Fis-29523"
126,4,0.68,"Seriola lalandi","Fis-29523"
127,4,0.69,"Seriola lalandi","Fis-29523"
127.5,4,0.06,"Seriola lalandi","Fis-29523"
128,4,0.58,"Seriola lalandi","Fis-29523"
132.5,4,0.52,"Seriola lalandi","Fis-29523"
-159,3.5,1,"Seriola lalandi","Fis-29523"
-81.5,3.5,0.88,"Seriola lalandi","Fis-29523"
-77.5,3.5,0.79,"Seriola lalandi","Fis-29523"
-77,3.5,0.72,"Seriola lalandi","Fis-29523"
-51,3.5,0.05,"Seriola lalandi","Fis-29523"
-50.5,3.5,0.19,"Seriola lalandi","Fis-29523"
-50,3.5,0.56,"Seriola lalandi","Fis-29523"
-49.5,3.5,0.77,"Seriola lalandi","Fis-29523"
-49,3.5,0.91,"Seriola lalandi","Fis-29523"
-48.5,3.5,0.97,"Seriola lalandi","Fis-29523"
-48,3.5,0.88,"Seriola lalandi","Fis-29523"
47.5,3.5,1,"Seriola lalandi","Fis-29523"
48,3.5,1,"Seriola lalandi","Fis-29523"
48.5,3.5,0.52,"Seriola lalandi","Fis-29523"
73,3.5,0.58,"Seriola lalandi","Fis-29523"
73.5,3.5,0.58,"Seriola lalandi","Fis-29523"
74,3.5,0.61,"Seriola lalandi","Fis-29523"
95,3.5,0.14,"Seriola lalandi","Fis-29523"
95.5,3.5,0.13,"Seriola lalandi","Fis-29523"
96,3.5,0.28,"Seriola lalandi","Fis-29523"
96.5,3.5,0.44,"Seriola lalandi","Fis-29523"
97,3.5,0.56,"Seriola lalandi","Fis-29523"
97.5,3.5,0.55,"Seriola lalandi","Fis-29523"
99,3.5,0.18,"Seriola lalandi","Fis-29523"
99.5,3.5,0.19,"Seriola lalandi","Fis-29523"
100,3.5,0.36,"Seriola lalandi","Fis-29523"
100.5,3.5,0.39,"Seriola lalandi","Fis-29523"
101,3.5,0.27,"Seriola lalandi","Fis-29523"
101.5,3.5,0.11,"Seriola lalandi","Fis-29523"
103.5,3.5,0.56,"Seriola lalandi","Fis-29523"
104,3.5,0.29,"Seriola lalandi","Fis-29523"
104.5,3.5,0.4,"Seriola lalandi","Fis-29523"
105,3.5,0.36,"Seriola lalandi","Fis-29523"
105.5,3.5,0.33,"Seriola lalandi","Fis-29523"
106,3.5,0.35,"Seriola lalandi","Fis-29523"
106.5,3.5,0.37,"Seriola lalandi","Fis-29523"
107,3.5,0.37,"Seriola lalandi","Fis-29523"
107.5,3.5,0.38,"Seriola lalandi","Fis-29523"
108,3.5,0.22,"Seriola lalandi","Fis-29523"
108.5,3.5,0.39,"Seriola lalandi","Fis-29523"
109,3.5,0.36,"Seriola lalandi","Fis-29523"
109.5,3.5,0.37,"Seriola lalandi","Fis-29523"
110,3.5,0.36,"Seriola lalandi","Fis-29523"
110.5,3.5,0.35,"Seriola lalandi","Fis-29523"
111,3.5,0.35,"Seriola lalandi","Fis-29523"
111.5,3.5,0.43,"Seriola lalandi","Fis-29523"
112,3.5,0.32,"Seriola lalandi","Fis-29523"
112.5,3.5,0.53,"Seriola lalandi","Fis-29523"
113,3.5,0.59,"Seriola lalandi","Fis-29523"
113.5,3.5,0.52,"Seriola lalandi","Fis-29523"
114,3.5,0.41,"Seriola lalandi","Fis-29523"
118,3.5,0.51,"Seriola lalandi","Fis-29523"
118.5,3.5,0.6,"Seriola lalandi","Fis-29523"
125.5,3.5,0.65,"Seriola lalandi","Fis-29523"
126,3.5,0.68,"Seriola lalandi","Fis-29523"
127,3.5,0.69,"Seriola lalandi","Fis-29523"
128,3.5,0.68,"Seriola lalandi","Fis-29523"
128.5,3.5,0.49,"Seriola lalandi","Fis-29523"
155,3.5,0.36,"Seriola lalandi","Fis-29523"
155.5,3.5,0.37,"Seriola lalandi","Fis-29523"
-90.5,3,0.55,"Seriola lalandi","Fis-29523"
-88,3,0.26,"Seriola lalandi","Fis-29523"
-78.5,3,0.13,"Seriola lalandi","Fis-29523"
-78,3,0.85,"Seriola lalandi","Fis-29523"
-77.5,3,0.79,"Seriola lalandi","Fis-29523"
-77,3,0.34,"Seriola lalandi","Fis-29523"
-51,3,0.08,"Seriola lalandi","Fis-29523"
-50.5,3,0.05,"Seriola lalandi","Fis-29523"
-50,3,0.26,"Seriola lalandi","Fis-29523"
-49.5,3,0.6,"Seriola lalandi","Fis-29523"
-49,3,0.69,"Seriola lalandi","Fis-29523"
-48.5,3,0.85,"Seriola lalandi","Fis-29523"
-48,3,0.92,"Seriola lalandi","Fis-29523"
-47.5,3,0.73,"Seriola lalandi","Fis-29523"
47,3,1,"Seriola lalandi","Fis-29523"
47.5,3,1,"Seriola lalandi","Fis-29523"
73,3,0.61,"Seriola lalandi","Fis-29523"
73.5,3,0.63,"Seriola lalandi","Fis-29523"
74,3,0.62,"Seriola lalandi","Fis-29523"
95,3,0.01,"Seriola lalandi","Fis-29523"
95.5,3,0.24,"Seriola lalandi","Fis-29523"
96,3,0.25,"Seriola lalandi","Fis-29523"
96.5,3,0.22,"Seriola lalandi","Fis-29523"
97,3,0.46,"Seriola lalandi","Fis-29523"
97.5,3,0.56,"Seriola lalandi","Fis-29523"
99.5,3,0.01,"Seriola lalandi","Fis-29523"
100,3,0.23,"Seriola lalandi","Fis-29523"
100.5,3,0.41,"Seriola lalandi","Fis-29523"
101,3,0.37,"Seriola lalandi","Fis-29523"
101.5,3,0.22,"Seriola lalandi","Fis-29523"
103.5,3,0.53,"Seriola lalandi","Fis-29523"
104,3,0.4,"Seriola lalandi","Fis-29523"
104.5,3,0.39,"Seriola lalandi","Fis-29523"
105,3,0.41,"Seriola lalandi","Fis-29523"
105.5,3,0.35,"Seriola lalandi","Fis-29523"
106,3,0.34,"Seriola lalandi","Fis-29523"
106.5,3,0.17,"Seriola lalandi","Fis-29523"
107,3,0.31,"Seriola lalandi","Fis-29523"
107.5,3,0.31,"Seriola lalandi","Fis-29523"
108,3,0.3,"Seriola lalandi","Fis-29523"
108.5,3,0.43,"Seriola lalandi","Fis-29523"
109,3,0.49,"Seriola lalandi","Fis-29523"
109.5,3,0.35,"Seriola lalandi","Fis-29523"
110,3,0.34,"Seriola lalandi","Fis-29523"
110.5,3,0.33,"Seriola lalandi","Fis-29523"
111,3,0.37,"Seriola lalandi","Fis-29523"
111.5,3,0.32,"Seriola lalandi","Fis-29523"
112,3,0.22,"Seriola lalandi","Fis-29523"
112.5,3,0.55,"Seriola lalandi","Fis-29523"
113,3,0.56,"Seriola lalandi","Fis-29523"
113.5,3,0.49,"Seriola lalandi","Fis-29523"
117.5,3,0.19,"Seriola lalandi","Fis-29523"
118,3,0.43,"Seriola lalandi","Fis-29523"
118.5,3,0.61,"Seriola lalandi","Fis-29523"
125.5,3,0.6,"Seriola lalandi","Fis-29523"
126,3,0.68,"Seriola lalandi","Fis-29523"
131.5,3,0.35,"Seriola lalandi","Fis-29523"
132,3,0.62,"Seriola lalandi","Fis-29523"
173,3,0.74,"Seriola lalandi","Fis-29523"
173.5,3,0.74,"Seriola lalandi","Fis-29523"
-158.5,2.5,0.79,"Seriola lalandi","Fis-29523"
-88,2.5,0.11,"Seriola lalandi","Fis-29523"
-87.5,2.5,0.05,"Seriola lalandi","Fis-29523"
-78.5,2.5,0.71,"Seriola lalandi","Fis-29523"
-78,2.5,0.69,"Seriola lalandi","Fis-29523"
-77.5,2.5,0.7,"Seriola lalandi","Fis-29523"
-50.5,2.5,0.01,"Seriola lalandi","Fis-29523"
-50,2.5,0.07,"Seriola lalandi","Fis-29523"
-49.5,2.5,0.29,"Seriola lalandi","Fis-29523"
-49,2.5,0.43,"Seriola lalandi","Fis-29523"
-48.5,2.5,0.6,"Seriola lalandi","Fis-29523"
-48,2.5,0.95,"Seriola lalandi","Fis-29523"
-47.5,2.5,0.88,"Seriola lalandi","Fis-29523"
-47,2.5,0.29,"Seriola lalandi","Fis-29523"
46.5,2.5,1,"Seriola lalandi","Fis-29523"
47,2.5,1,"Seriola lalandi","Fis-29523"
73,2.5,0.62,"Seriola lalandi","Fis-29523"
73.5,2.5,0.67,"Seriola lalandi","Fis-29523"
74,2.5,0.61,"Seriola lalandi","Fis-29523"
95,2.5,0.09,"Seriola lalandi","Fis-29523"
95.5,2.5,0.24,"Seriola lalandi","Fis-29523"
96,2.5,0.26,"Seriola lalandi","Fis-29523"
96.5,2.5,0.26,"Seriola lalandi","Fis-29523"
97,2.5,0.29,"Seriola lalandi","Fis-29523"
97.5,2.5,0.57,"Seriola lalandi","Fis-29523"
98,2.5,0.56,"Seriola lalandi","Fis-29523"
100.5,2.5,0.22,"Seriola lalandi","Fis-29523"
101,2.5,0.19,"Seriola lalandi","Fis-29523"
101.5,2.5,0.27,"Seriola lalandi","Fis-29523"
102,2.5,0.25,"Seriola lalandi","Fis-29523"
103.5,2.5,0.27,"Seriola lalandi","Fis-29523"
104,2.5,0.24,"Seriola lalandi","Fis-29523"
104.5,2.5,0.39,"Seriola lalandi","Fis-29523"
105,2.5,0.46,"Seriola lalandi","Fis-29523"
105.5,2.5,0.33,"Seriola lalandi","Fis-29523"
106,2.5,0.27,"Seriola lalandi","Fis-29523"
106.5,2.5,0.23,"Seriola lalandi","Fis-29523"
107,2.5,0.36,"Seriola lalandi","Fis-29523"
107.5,2.5,0.37,"Seriola lalandi","Fis-29523"
108,2.5,0.38,"Seriola lalandi","Fis-29523"
108.5,2.5,0.45,"Seriola lalandi","Fis-29523"
109,2.5,0.43,"Seriola lalandi","Fis-29523"
109.5,2.5,0.2,"Seriola lalandi","Fis-29523"
110,2.5,0.33,"Seriola lalandi","Fis-29523"
110.5,2.5,0.46,"Seriola lalandi","Fis-29523"
111,2.5,0.35,"Seriola lalandi","Fis-29523"
111.5,2.5,0.2,"Seriola lalandi","Fis-29523"
112,2.5,0.09,"Seriola lalandi","Fis-29523"
112.5,2.5,0.02,"Seriola lalandi","Fis-29523"
118,2.5,0.46,"Seriola lalandi","Fis-29523"
118.5,2.5,0.59,"Seriola lalandi","Fis-29523"
125.5,2.5,0.49,"Seriola lalandi","Fis-29523"
126,2.5,0.57,"Seriola lalandi","Fis-29523"
128.5,2.5,0.68,"Seriola lalandi","Fis-29523"
129,2.5,0.63,"Seriola lalandi","Fis-29523"
132,2.5,0.61,"Seriola lalandi","Fis-29523"
-157,2,1,"Seriola lalandi","Fis-29523"
-79,2,0.82,"Seriola lalandi","Fis-29523"
-78.5,2,0.57,"Seriola lalandi","Fis-29523"
-49.5,2,0.13,"Seriola lalandi","Fis-29523"
-49,2,0.15,"Seriola lalandi","Fis-29523"
-48.5,2,0.23,"Seriola lalandi","Fis-29523"
-48,2,0.51,"Seriola lalandi","Fis-29523"
-47.5,2,0.91,"Seriola lalandi","Fis-29523"
-47,2,0.86,"Seriola lalandi","Fis-29523"
45.5,2,0.8,"Seriola lalandi","Fis-29523"
46,2,1,"Seriola lalandi","Fis-29523"
46.5,2,1,"Seriola lalandi","Fis-29523"
73,2,0.58,"Seriola lalandi","Fis-29523"
73.5,2,0.63,"Seriola lalandi","Fis-29523"
74,2,0.57,"Seriola lalandi","Fis-29523"
96,2,0.25,"Seriola lalandi","Fis-29523"
96.5,2,0.26,"Seriola lalandi","Fis-29523"
97,2,0.28,"Seriola lalandi","Fis-29523"
97.5,2,0.42,"Seriola lalandi","Fis-29523"
98,2,0.57,"Seriola lalandi","Fis-29523"
98.5,2,0.57,"Seriola lalandi","Fis-29523"
100.5,2,0.06,"Seriola lalandi","Fis-29523"
101,2,0.08,"Seriola lalandi","Fis-29523"
101.5,2,0.39,"Seriola lalandi","Fis-29523"
102,2,0.21,"Seriola lalandi","Fis-29523"
102.5,2,0.13,"Seriola lalandi","Fis-29523"
103,2,0.12,"Seriola lalandi","Fis-29523"
104,2,0.28,"Seriola lalandi","Fis-29523"
104.5,2,0.29,"Seriola lalandi","Fis-29523"
105,2,0.44,"Seriola lalandi","Fis-29523"
105.5,2,0.33,"Seriola lalandi","Fis-29523"
106,2,0.34,"Seriola lalandi","Fis-29523"
106.5,2,0.3,"Seriola lalandi","Fis-29523"
107,2,0.29,"Seriola lalandi","Fis-29523"
107.5,2,0.36,"Seriola lalandi","Fis-29523"
108,2,0.37,"Seriola lalandi","Fis-29523"
108.5,2,0.34,"Seriola lalandi","Fis-29523"
109,2,0.23,"Seriola lalandi","Fis-29523"
109.5,2,0.12,"Seriola lalandi","Fis-29523"
110,2,0.23,"Seriola lalandi","Fis-29523"
110.5,2,0.35,"Seriola lalandi","Fis-29523"
111,2,0.31,"Seriola lalandi","Fis-29523"
111.5,2,0.15,"Seriola lalandi","Fis-29523"
118,2,0.34,"Seriola lalandi","Fis-29523"
118.5,2,0.62,"Seriola lalandi","Fis-29523"
119,2,0.63,"Seriola lalandi","Fis-29523"
125.5,2,0.45,"Seriola lalandi","Fis-29523"
126,2,0.49,"Seriola lalandi","Fis-29523"
128,2,0.7,"Seriola lalandi","Fis-29523"
128.5,2,0.66,"Seriola lalandi","Fis-29523"
129,2,0.62,"Seriola lalandi","Fis-29523"
173,2,0.76,"Seriola lalandi","Fis-29523"
173.5,2,0.76,"Seriola lalandi","Fis-29523"
-157.5,1.5,1,"Seriola lalandi","Fis-29523"
-157,1.5,1,"Seriola lalandi","Fis-29523"
-91.5,1.5,1,"Seriola lalandi","Fis-29523"
-79.5,1.5,0.64,"Seriola lalandi","Fis-29523"
-79,1.5,0.75,"Seriola lalandi","Fis-29523"
-78.5,1.5,0.65,"Seriola lalandi","Fis-29523"
-49,1.5,0.04,"Seriola lalandi","Fis-29523"
-48.5,1.5,0.06,"Seriola lalandi","Fis-29523"
-48,1.5,0.25,"Seriola lalandi","Fis-29523"
-47.5,1.5,0.43,"Seriola lalandi","Fis-29523"
-47,1.5,1,"Seriola lalandi","Fis-29523"
-46.5,1.5,0.54,"Seriola lalandi","Fis-29523"
45,1.5,1,"Seriola lalandi","Fis-29523"
45.5,1.5,1,"Seriola lalandi","Fis-29523"
46,1.5,1,"Seriola lalandi","Fis-29523"
73.5,1.5,0.49,"Seriola lalandi","Fis-29523"
74,1.5,0.48,"Seriola lalandi","Fis-29523"
97,1.5,0.27,"Seriola lalandi","Fis-29523"
97.5,1.5,0.3,"Seriola lalandi","Fis-29523"
98,1.5,0.33,"Seriola lalandi","Fis-29523"
98.5,1.5,0.43,"Seriola lalandi","Fis-29523"
99,1.5,0.49,"Seriola lalandi","Fis-29523"
102,1.5,0.05,"Seriola lalandi","Fis-29523"
102.5,1.5,0.17,"Seriola lalandi","Fis-29523"
103,1.5,0.19,"Seriola lalandi","Fis-29523"
103.5,1.5,0.2,"Seriola lalandi","Fis-29523"
104.5,1.5,0.26,"Seriola lalandi","Fis-29523"
105,1.5,0.37,"Seriola lalandi","Fis-29523"
105.5,1.5,0.41,"Seriola lalandi","Fis-29523"
106,1.5,0.28,"Seriola lalandi","Fis-29523"
106.5,1.5,0.26,"Seriola lalandi","Fis-29523"
107,1.5,0.31,"Seriola lalandi","Fis-29523"
107.5,1.5,0.35,"Seriola lalandi","Fis-29523"
108,1.5,0.32,"Seriola lalandi","Fis-29523"
108.5,1.5,0.32,"Seriola lalandi","Fis-29523"
109,1.5,0.21,"Seriola lalandi","Fis-29523"
109.5,1.5,0.18,"Seriola lalandi","Fis-29523"
110,1.5,0.37,"Seriola lalandi","Fis-29523"
110.5,1.5,0.16,"Seriola lalandi","Fis-29523"
111,1.5,0.36,"Seriola lalandi","Fis-29523"
111.5,1.5,0.12,"Seriola lalandi","Fis-29523"
118,1.5,0.22,"Seriola lalandi","Fis-29523"
118.5,1.5,0.62,"Seriola lalandi","Fis-29523"
119,1.5,0.65,"Seriola lalandi","Fis-29523"
119.5,1.5,0.39,"Seriola lalandi","Fis-29523"
125,1.5,0.41,"Seriola lalandi","Fis-29523"
125.5,1.5,0.49,"Seriola lalandi","Fis-29523"
127.5,1.5,0.36,"Seriola lalandi","Fis-29523"
128,1.5,0.67,"Seriola lalandi","Fis-29523"
128.5,1.5,0.63,"Seriola lalandi","Fis-29523"
129,1.5,0.62,"Seriola lalandi","Fis-29523"
173,1.5,0.77,"Seriola lalandi","Fis-29523"
173.5,1.5,0.77,"Seriola lalandi","Fis-29523"
-91.5,1,1,"Seriola lalandi","Fis-29523"
-80,1,0.79,"Seriola lalandi","Fis-29523"
-79.5,1,0.7,"Seriola lalandi","Fis-29523"
-79,1,0.63,"Seriola lalandi","Fis-29523"
-78.5,1,0.64,"Seriola lalandi","Fis-29523"
-49,1,0.03,"Seriola lalandi","Fis-29523"
-48.5,1,0.02,"Seriola lalandi","Fis-29523"
-48,1,0.19,"Seriola lalandi","Fis-29523"
-47.5,1,0.24,"Seriola lalandi","Fis-29523"
-47,1,0.6,"Seriola lalandi","Fis-29523"
-46.5,1,1,"Seriola lalandi","Fis-29523"
-46,1,0.4,"Seriola lalandi","Fis-29523"
44.5,1,1,"Seriola lalandi","Fis-29523"
45,1,1,"Seriola lalandi","Fis-29523"
57,1,0.77,"Seriola lalandi","Fis-29523"
73.5,1,0.11,"Seriola lalandi","Fis-29523"
97.5,1,0.29,"Seriola lalandi","Fis-29523"
98,1,0.3,"Seriola lalandi","Fis-29523"
98.5,1,0.35,"Seriola lalandi","Fis-29523"
99,1,0.59,"Seriola lalandi","Fis-29523"
102.5,1,0.2,"Seriola lalandi","Fis-29523"
103,1,0.11,"Seriola lalandi","Fis-29523"
103.5,1,0.22,"Seriola lalandi","Fis-29523"
104,1,0.28,"Seriola lalandi","Fis-29523"
104.5,1,0.3,"Seriola lalandi","Fis-29523"
105,1,0.3,"Seriola lalandi","Fis-29523"
105.5,1,0.32,"Seriola lalandi","Fis-29523"
106,1,0.33,"Seriola lalandi","Fis-29523"
106.5,1,0.27,"Seriola lalandi","Fis-29523"
107,1,0.31,"Seriola lalandi","Fis-29523"
107.5,1,0.44,"Seriola lalandi","Fis-29523"
108,1,0.28,"Seriola lalandi","Fis-29523"
108.5,1,0.29,"Seriola lalandi","Fis-29523"
109,1,0.2,"Seriola lalandi","Fis-29523"
109.5,1,0.18,"Seriola lalandi","Fis-29523"
119,1,0.66,"Seriola lalandi","Fis-29523"
119.5,1,0.49,"Seriola lalandi","Fis-29523"
120.5,1,0.45,"Seriola lalandi","Fis-29523"
121,1,0.54,"Seriola lalandi","Fis-29523"
121.5,1,0.52,"Seriola lalandi","Fis-29523"
122,1,0.56,"Seriola lalandi","Fis-29523"
122.5,1,0.44,"Seriola lalandi","Fis-29523"
123,1,0.41,"Seriola lalandi","Fis-29523"
123.5,1,0.4,"Seriola lalandi","Fis-29523"
124,1,0.34,"Seriola lalandi","Fis-29523"
124.5,1,0.42,"Seriola lalandi","Fis-29523"
125,1,0.44,"Seriola lalandi","Fis-29523"
125.5,1,0.48,"Seriola lalandi","Fis-29523"
126.5,1,0.39,"Seriola lalandi","Fis-29523"
127.5,1,0.4,"Seriola lalandi","Fis-29523"
128,1,0.66,"Seriola lalandi","Fis-29523"
128.5,1,0.08,"Seriola lalandi","Fis-29523"
129,1,0.62,"Seriola lalandi","Fis-29523"
131.5,1,0.59,"Seriola lalandi","Fis-29523"
155,1,0.56,"Seriola lalandi","Fis-29523"
173,1,0.78,"Seriola lalandi","Fis-29523"
173.5,1,0.78,"Seriola lalandi","Fis-29523"
-176.5,0.5,0.94,"Seriola lalandi","Fis-29523"
-91,0.5,0.65,"Seriola lalandi","Fis-29523"
-90.5,0.5,1,"Seriola lalandi","Fis-29523"
-90,0.5,0.22,"Seriola lalandi","Fis-29523"
-80,0.5,0.67,"Seriola lalandi","Fis-29523"
-79.5,0.5,0.37,"Seriola lalandi","Fis-29523"
-49,0.5,0.03,"Seriola lalandi","Fis-29523"
-48.5,0.5,0.04,"Seriola lalandi","Fis-29523"
-48,0.5,0.12,"Seriola lalandi","Fis-29523"
-47.5,0.5,0.29,"Seriola lalandi","Fis-29523"
-47,0.5,0.42,"Seriola lalandi","Fis-29523"
-46.5,0.5,0.84,"Seriola lalandi","Fis-29523"
-46,0.5,0.51,"Seriola lalandi","Fis-29523"
-45.5,0.5,0.37,"Seriola lalandi","Fis-29523"
-45,0.5,0.37,"Seriola lalandi","Fis-29523"
-39.5,0.5,0.03,"Seriola lalandi","Fis-29523"
43.5,0.5,0.35,"Seriola lalandi","Fis-29523"
44,0.5,1,"Seriola lalandi","Fis-29523"
44.5,0.5,1,"Seriola lalandi","Fis-29523"
73,0.5,0.59,"Seriola lalandi","Fis-29523"
73.5,0.5,0.62,"Seriola lalandi","Fis-29523"
74,0.5,0.51,"Seriola lalandi","Fis-29523"
97.5,0.5,0.29,"Seriola lalandi","Fis-29523"
98,0.5,0.32,"Seriola lalandi","Fis-29523"
98.5,0.5,0.4,"Seriola lalandi","Fis-29523"
99,0.5,0.58,"Seriola lalandi","Fis-29523"
99.5,0.5,0.14,"Seriola lalandi","Fis-29523"
103.5,0.5,0.21,"Seriola lalandi","Fis-29523"
104,0.5,0.17,"Seriola lalandi","Fis-29523"
104.5,0.5,0.18,"Seriola lalandi","Fis-29523"
105,0.5,0.24,"Seriola lalandi","Fis-29523"
105.5,0.5,0.3,"Seriola lalandi","Fis-29523"
106,0.5,0.36,"Seriola lalandi","Fis-29523"
106.5,0.5,0.3,"Seriola lalandi","Fis-29523"
107,0.5,0.25,"Seriola lalandi","Fis-29523"
107.5,0.5,0.13,"Seriola lalandi","Fis-29523"
108,0.5,0.11,"Seriola lalandi","Fis-29523"
108.5,0.5,0.24,"Seriola lalandi","Fis-29523"
109,0.5,0.34,"Seriola lalandi","Fis-29523"
118,0.5,0.66,"Seriola lalandi","Fis-29523"
118.5,0.5,0.65,"Seriola lalandi","Fis-29523"
119,0.5,0.64,"Seriola lalandi","Fis-29523"
119.5,0.5,0.52,"Seriola lalandi","Fis-29523"
120,0.5,0.45,"Seriola lalandi","Fis-29523"
120.5,0.5,0.39,"Seriola lalandi","Fis-29523"
121,0.5,0.39,"Seriola lalandi","Fis-29523"
123.5,0.5,0.38,"Seriola lalandi","Fis-29523"
124,0.5,0.42,"Seriola lalandi","Fis-29523"
124.5,0.5,0.42,"Seriola lalandi","Fis-29523"
125,0.5,0.43,"Seriola lalandi","Fis-29523"
125.5,0.5,0.38,"Seriola lalandi","Fis-29523"
126.5,0.5,0.38,"Seriola lalandi","Fis-29523"
127.5,0.5,0.4,"Seriola lalandi","Fis-29523"
128,0.5,0.21,"Seriola lalandi","Fis-29523"
128.5,0.5,0.62,"Seriola lalandi","Fis-29523"
129,0.5,0.64,"Seriola lalandi","Fis-29523"
129.5,0.5,0.63,"Seriola lalandi","Fis-29523"
130,0.5,0.47,"Seriola lalandi","Fis-29523"
130.5,0.5,0.6,"Seriola lalandi","Fis-29523"
131,0.5,0.59,"Seriola lalandi","Fis-29523"
131.5,0.5,0.59,"Seriola lalandi","Fis-29523"
134.5,0.5,0.57,"Seriola lalandi","Fis-29523"
173,0.5,0.79,"Seriola lalandi","Fis-29523"
173.5,0.5,0.79,"Seriola lalandi","Fis-29523"
174,0.5,0.8,"Seriola lalandi","Fis-29523"
-176,0,0.95,"Seriola lalandi","Fis-29523"
-91.5,0,0.93,"Seriola lalandi","Fis-29523"
-91,0,0.98,"Seriola lalandi","Fis-29523"
-90.5,0,1,"Seriola lalandi","Fis-29523"
-90,0,1,"Seriola lalandi","Fis-29523"
-89.5,0,1,"Seriola lalandi","Fis-29523"
-80.5,0,0.88,"Seriola lalandi","Fis-29523"
-80,0,0.8,"Seriola lalandi","Fis-29523"
-49,0,0.03,"Seriola lalandi","Fis-29523"
-48.5,0,0.04,"Seriola lalandi","Fis-29523"
-48,0,0.14,"Seriola lalandi","Fis-29523"
-47.5,0,0.3,"Seriola lalandi","Fis-29523"
-47,0,0.39,"Seriola lalandi","Fis-29523"
-46.5,0,0.51,"Seriola lalandi","Fis-29523"
-46,0,0.45,"Seriola lalandi","Fis-29523"
-45.5,0,0.37,"Seriola lalandi","Fis-29523"
-45,0,0.36,"Seriola lalandi","Fis-29523"
-44.5,0,0.35,"Seriola lalandi","Fis-29523"
-44,0,0.35,"Seriola lalandi","Fis-29523"
-41,0,0.5,"Seriola lalandi","Fis-29523"
43,0,1,"Seriola lalandi","Fis-29523"
43.5,0,1,"Seriola lalandi","Fis-29523"
44,0,1,"Seriola lalandi","Fis-29523"
56.5,0,0.76,"Seriola lalandi","Fis-29523"
73,0,0.42,"Seriola lalandi","Fis-29523"
73.5,0,0.51,"Seriola lalandi","Fis-29523"
74,0,0.44,"Seriola lalandi","Fis-29523"
98,0,0.31,"Seriola lalandi","Fis-29523"
98.5,0,0.39,"Seriola lalandi","Fis-29523"
99,0,0.45,"Seriola lalandi","Fis-29523"
99.5,0,0.61,"Seriola lalandi","Fis-29523"
100,0,0.4,"Seriola lalandi","Fis-29523"
103.5,0,0.04,"Seriola lalandi","Fis-29523"
104,0,0.2,"Seriola lalandi","Fis-29523"
104.5,0,0.19,"Seriola lalandi","Fis-29523"
105,0,0.18,"Seriola lalandi","Fis-29523"
105.5,0,0.22,"Seriola lalandi","Fis-29523"
106,0,0.28,"Seriola lalandi","Fis-29523"
106.5,0,0.3,"Seriola lalandi","Fis-29523"
107,0,0.39,"Seriola lalandi","Fis-29523"
107.5,0,0.39,"Seriola lalandi","Fis-29523"
108,0,0.29,"Seriola lalandi","Fis-29523"
108.5,0,0.35,"Seriola lalandi","Fis-29523"
109,0,0.21,"Seriola lalandi","Fis-29523"
109.5,0,0.18,"Seriola lalandi","Fis-29523"
118,0,0.66,"Seriola lalandi","Fis-29523"
118.5,0,0.12,"Seriola lalandi","Fis-29523"
119.5,0,0.14,"Seriola lalandi","Fis-29523"
120,0,0.44,"Seriola lalandi","Fis-29523"
120.5,0,0.3,"Seriola lalandi","Fis-29523"
121,0,0.27,"Seriola lalandi","Fis-29523"
121.5,0,0.28,"Seriola lalandi","Fis-29523"
122,0,0.28,"Seriola lalandi","Fis-29523"
122.5,0,0.29,"Seriola lalandi","Fis-29523"
123,0,0.3,"Seriola lalandi","Fis-29523"
123.5,0,0.36,"Seriola lalandi","Fis-29523"
124,0,0.45,"Seriola lalandi","Fis-29523"
124.5,0,0.4,"Seriola lalandi","Fis-29523"
125,0,0.36,"Seriola lalandi","Fis-29523"
127,0,0.16,"Seriola lalandi","Fis-29523"
127.5,0,0.39,"Seriola lalandi","Fis-29523"
128,0,0.67,"Seriola lalandi","Fis-29523"
128.5,0,0.65,"Seriola lalandi","Fis-29523"
129,0,0.65,"Seriola lalandi","Fis-29523"
129.5,0,0.66,"Seriola lalandi","Fis-29523"
130,0,0.66,"Seriola lalandi","Fis-29523"
130.5,0,0.64,"Seriola lalandi","Fis-29523"
131,0,0.61,"Seriola lalandi","Fis-29523"
131.5,0,0.6,"Seriola lalandi","Fis-29523"
135,0,0.48,"Seriola lalandi","Fis-29523"
173.5,0,0.8,"Seriola lalandi","Fis-29523"
174,0,0.8,"Seriola lalandi","Fis-29523"
174.5,0,0.8,"Seriola lalandi","Fis-29523"
-159.5,-0.5,1,"Seriola lalandi","Fis-29523"
-91.5,-0.5,0.62,"Seriola lalandi","Fis-29523"
-91,-0.5,0.82,"Seriola lalandi","Fis-29523"
-90.5,-0.5,0.93,"Seriola lalandi","Fis-29523"
-90,-0.5,1,"Seriola lalandi","Fis-29523"
-89.5,-0.5,1,"Seriola lalandi","Fis-29523"
-89,-0.5,1,"Seriola lalandi","Fis-29523"
-88.5,-0.5,1,"Seriola lalandi","Fis-29523"
-88,-0.5,0.47,"Seriola lalandi","Fis-29523"
-81.5,-0.5,0.44,"Seriola lalandi","Fis-29523"
-80.5,-0.5,0.85,"Seriola lalandi","Fis-29523"
-80,-0.5,0.73,"Seriola lalandi","Fis-29523"
-48.5,-0.5,0.01,"Seriola lalandi","Fis-29523"
-48,-0.5,0.29,"Seriola lalandi","Fis-29523"
-47.5,-0.5,0.15,"Seriola lalandi","Fis-29523"
-47,-0.5,0.36,"Seriola lalandi","Fis-29523"
-46.5,-0.5,0.35,"Seriola lalandi","Fis-29523"
-46,-0.5,0.29,"Seriola lalandi","Fis-29523"
-45.5,-0.5,0.24,"Seriola lalandi","Fis-29523"
-45,-0.5,0.23,"Seriola lalandi","Fis-29523"
-44.5,-0.5,0.29,"Seriola lalandi","Fis-29523"
-44,-0.5,0.34,"Seriola lalandi","Fis-29523"
-43.5,-0.5,0.31,"Seriola lalandi","Fis-29523"
43,-0.5,1,"Seriola lalandi","Fis-29523"
43.5,-0.5,1,"Seriola lalandi","Fis-29523"
73.5,-0.5,0.34,"Seriola lalandi","Fis-29523"
74,-0.5,0.33,"Seriola lalandi","Fis-29523"
98,-0.5,0.34,"Seriola lalandi","Fis-29523"
98.5,-0.5,0.38,"Seriola lalandi","Fis-29523"
99,-0.5,0.44,"Seriola lalandi","Fis-29523"
99.5,-0.5,0.62,"Seriola lalandi","Fis-29523"
100,-0.5,0.62,"Seriola lalandi","Fis-29523"
100.5,-0.5,0.34,"Seriola lalandi","Fis-29523"
104,-0.5,0.33,"Seriola lalandi","Fis-29523"
104.5,-0.5,0.19,"Seriola lalandi","Fis-29523"
105,-0.5,0.11,"Seriola lalandi","Fis-29523"
105.5,-0.5,0.24,"Seriola lalandi","Fis-29523"
106,-0.5,0.24,"Seriola lalandi","Fis-29523"
106.5,-0.5,0.25,"Seriola lalandi","Fis-29523"
107,-0.5,0.37,"Seriola lalandi","Fis-29523"
107.5,-0.5,0.45,"Seriola lalandi","Fis-29523"
108,-0.5,0.35,"Seriola lalandi","Fis-29523"
108.5,-0.5,0.23,"Seriola lalandi","Fis-29523"
109,-0.5,0.22,"Seriola lalandi","Fis-29523"
109.5,-0.5,0.17,"Seriola lalandi","Fis-29523"
117.5,-0.5,0.08,"Seriola lalandi","Fis-29523"
118,-0.5,0.65,"Seriola lalandi","Fis-29523"
118.5,-0.5,0.39,"Seriola lalandi","Fis-29523"
119.5,-0.5,0.01,"Seriola lalandi","Fis-29523"
120,-0.5,0.47,"Seriola lalandi","Fis-29523"
120.5,-0.5,0.28,"Seriola lalandi","Fis-29523"
121,-0.5,0.07,"Seriola lalandi","Fis-29523"
121.5,-0.5,0.28,"Seriola lalandi","Fis-29523"
122,-0.5,0.27,"Seriola lalandi","Fis-29523"
122.5,-0.5,0.27,"Seriola lalandi","Fis-29523"
123,-0.5,0.28,"Seriola lalandi","Fis-29523"
123.5,-0.5,0.32,"Seriola lalandi","Fis-29523"
127,-0.5,0.13,"Seriola lalandi","Fis-29523"
127.5,-0.5,0.52,"Seriola lalandi","Fis-29523"
128,-0.5,0.18,"Seriola lalandi","Fis-29523"
128.5,-0.5,0.66,"Seriola lalandi","Fis-29523"
129,-0.5,0.65,"Seriola lalandi","Fis-29523"
129.5,-0.5,0.68,"Seriola lalandi","Fis-29523"
130,-0.5,0.7,"Seriola lalandi","Fis-29523"
130.5,-0.5,0.7,"Seriola lalandi","Fis-29523"
131,-0.5,0.65,"Seriola lalandi","Fis-29523"
131.5,-0.5,0.63,"Seriola lalandi","Fis-29523"
132.5,-0.5,0.59,"Seriola lalandi","Fis-29523"
133,-0.5,0.59,"Seriola lalandi","Fis-29523"
133.5,-0.5,0.59,"Seriola lalandi","Fis-29523"
135,-0.5,0.58,"Seriola lalandi","Fis-29523"
135.5,-0.5,0.58,"Seriola lalandi","Fis-29523"
136,-0.5,0.57,"Seriola lalandi","Fis-29523"
167,-0.5,0.69,"Seriola lalandi","Fis-29523"
167.5,-0.5,0.59,"Seriola lalandi","Fis-29523"
174.5,-0.5,0.79,"Seriola lalandi","Fis-29523"
-91,-1,0.78,"Seriola lalandi","Fis-29523"
-90.5,-1,0.81,"Seriola lalandi","Fis-29523"
-90,-1,0.92,"Seriola lalandi","Fis-29523"
-89.5,-1,0.94,"Seriola lalandi","Fis-29523"
-89,-1,1,"Seriola lalandi","Fis-29523"
-88.5,-1,1,"Seriola lalandi","Fis-29523"
-88,-1,0.73,"Seriola lalandi","Fis-29523"
-81,-1,0.82,"Seriola lalandi","Fis-29523"
-80.5,-1,0.8,"Seriola lalandi","Fis-29523"
-80,-1,0.3,"Seriola lalandi","Fis-29523"
-48.5,-1,0.01,"Seriola lalandi","Fis-29523"
-48,-1,0.14,"Seriola lalandi","Fis-29523"
-47.5,-1,0.03,"Seriola lalandi","Fis-29523"
-47,-1,0.14,"Seriola lalandi","Fis-29523"
-46.5,-1,0.84,"Seriola lalandi","Fis-29523"
-46,-1,0.75,"Seriola lalandi","Fis-29523"
-45.5,-1,0.38,"Seriola lalandi","Fis-29523"
-45,-1,0.68,"Seriola lalandi","Fis-29523"
-44.5,-1,0.31,"Seriola lalandi","Fis-29523"
-44,-1,0.29,"Seriola lalandi","Fis-29523"
-43.5,-1,0.33,"Seriola lalandi","Fis-29523"
-43,-1,0.29,"Seriola lalandi","Fis-29523"
42.5,-1,0.99,"Seriola lalandi","Fis-29523"
43,-1,1,"Seriola lalandi","Fis-29523"
73.5,-1,0.29,"Seriola lalandi","Fis-29523"
98.5,-1,0.43,"Seriola lalandi","Fis-29523"
99,-1,0.43,"Seriola lalandi","Fis-29523"
99.5,-1,0.44,"Seriola lalandi","Fis-29523"
100,-1,0.55,"Seriola lalandi","Fis-29523"
100.5,-1,0.63,"Seriola lalandi","Fis-29523"
103.5,-1,0.14,"Seriola lalandi","Fis-29523"
104,-1,0.11,"Seriola lalandi","Fis-29523"
104.5,-1,0.15,"Seriola lalandi","Fis-29523"
105,-1,0.15,"Seriola lalandi","Fis-29523"
105.5,-1,0.19,"Seriola lalandi","Fis-29523"
106,-1,0.2,"Seriola lalandi","Fis-29523"
106.5,-1,0.22,"Seriola lalandi","Fis-29523"
107,-1,0.23,"Seriola lalandi","Fis-29523"
107.5,-1,0.37,"Seriola lalandi","Fis-29523"
108,-1,0.4,"Seriola lalandi","Fis-29523"
108.5,-1,0.27,"Seriola lalandi","Fis-29523"
109,-1,0.23,"Seriola lalandi","Fis-29523"
109.5,-1,0.39,"Seriola lalandi","Fis-29523"
110,-1,0.15,"Seriola lalandi","Fis-29523"
117.5,-1,0.65,"Seriola lalandi","Fis-29523"
118,-1,0.64,"Seriola lalandi","Fis-29523"
118.5,-1,0.53,"Seriola lalandi","Fis-29523"
119.5,-1,0.58,"Seriola lalandi","Fis-29523"
120,-1,0.48,"Seriola lalandi","Fis-29523"
120.5,-1,0.44,"Seriola lalandi","Fis-29523"
121,-1,0.42,"Seriola lalandi","Fis-29523"
121.5,-1,0.49,"Seriola lalandi","Fis-29523"
122,-1,0.3,"Seriola lalandi","Fis-29523"
122.5,-1,0.27,"Seriola lalandi","Fis-29523"
123,-1,0.39,"Seriola lalandi","Fis-29523"
123.5,-1,0.43,"Seriola lalandi","Fis-29523"
124,-1,0.44,"Seriola lalandi","Fis-29523"
127.5,-1,0.7,"Seriola lalandi","Fis-29523"
128,-1,0.7,"Seriola lalandi","Fis-29523"
128.5,-1,0.69,"Seriola lalandi","Fis-29523"
129,-1,0.67,"Seriola lalandi","Fis-29523"
129.5,-1,0.69,"Seriola lalandi","Fis-29523"
130,-1,0.72,"Seriola lalandi","Fis-29523"
130.5,-1,0.73,"Seriola lalandi","Fis-29523"
131,-1,0.69,"Seriola lalandi","Fis-29523"
131.5,-1,0.65,"Seriola lalandi","Fis-29523"
132,-1,0.63,"Seriola lalandi","Fis-29523"
132.5,-1,0.62,"Seriola lalandi","Fis-29523"
133.5,-1,0.6,"Seriola lalandi","Fis-29523"
134,-1,0.6,"Seriola lalandi","Fis-29523"
134.5,-1,0.59,"Seriola lalandi","Fis-29523"
135,-1,0.59,"Seriola lalandi","Fis-29523"
135.5,-1,0.6,"Seriola lalandi","Fis-29523"
136,-1,0.6,"Seriola lalandi","Fis-29523"
136.5,-1,0.6,"Seriola lalandi","Fis-29523"
137,-1,0.26,"Seriola lalandi","Fis-29523"
144.5,-1,0.22,"Seriola lalandi","Fis-29523"
145,-1,0.14,"Seriola lalandi","Fis-29523"
145.5,-1,0.55,"Seriola lalandi","Fis-29523"
146,-1,0.54,"Seriola lalandi","Fis-29523"
167,-1,0.67,"Seriola lalandi","Fis-29523"
167.5,-1,0.39,"Seriola lalandi","Fis-29523"
170,-1,0.72,"Seriola lalandi","Fis-29523"
174.5,-1,0.78,"Seriola lalandi","Fis-29523"
175,-1,0.78,"Seriola lalandi","Fis-29523"
-91,-1.5,0.84,"Seriola lalandi","Fis-29523"
-90.5,-1.5,0.88,"Seriola lalandi","Fis-29523"
-90,-1.5,0.99,"Seriola lalandi","Fis-29523"
-89.5,-1.5,1,"Seriola lalandi","Fis-29523"
-89,-1.5,1,"Seriola lalandi","Fis-29523"
-88.5,-1.5,1,"Seriola lalandi","Fis-29523"
-88,-1.5,0.23,"Seriola lalandi","Fis-29523"
-81,-1.5,0.81,"Seriola lalandi","Fis-29523"
-80.5,-1.5,0.72,"Seriola lalandi","Fis-29523"
-48.5,-1.5,0.08,"Seriola lalandi","Fis-29523"
-48,-1.5,0.04,"Seriola lalandi","Fis-29523"
-46,-1.5,0.03,"Seriola lalandi","Fis-29523"
-45.5,-1.5,0.17,"Seriola lalandi","Fis-29523"
-45,-1.5,0.92,"Seriola lalandi","Fis-29523"
-44.5,-1.5,0.82,"Seriola lalandi","Fis-29523"
-44,-1.5,0.25,"Seriola lalandi","Fis-29523"
-43.5,-1.5,0.4,"Seriola lalandi","Fis-29523"
-43,-1.5,0.33,"Seriola lalandi","Fis-29523"
-38.5,-1.5,0.33,"Seriola lalandi","Fis-29523"
42,-1.5,1,"Seriola lalandi","Fis-29523"
42.5,-1.5,1,"Seriola lalandi","Fis-29523"
98.5,-1.5,0.27,"Seriola lalandi","Fis-29523"
99,-1.5,0.52,"Seriola lalandi","Fis-29523"
99.5,-1.5,0.5,"Seriola lalandi","Fis-29523"
100.5,-1.5,0.64,"Seriola lalandi","Fis-29523"
101,-1.5,0.54,"Seriola lalandi","Fis-29523"
104.5,-1.5,0.15,"Seriola lalandi","Fis-29523"
105,-1.5,0.12,"Seriola lalandi","Fis-29523"
105.5,-1.5,0.14,"Seriola lalandi","Fis-29523"
106,-1.5,0.13,"Seriola lalandi","Fis-29523"
106.5,-1.5,0.21,"Seriola lalandi","Fis-29523"
107,-1.5,0.23,"Seriola lalandi","Fis-29523"
107.5,-1.5,0.22,"Seriola lalandi","Fis-29523"
108,-1.5,0.32,"Seriola lalandi","Fis-29523"
108.5,-1.5,0.27,"Seriola lalandi","Fis-29523"
109,-1.5,0.18,"Seriola lalandi","Fis-29523"
109.5,-1.5,0.17,"Seriola lalandi","Fis-29523"
110,-1.5,0.3,"Seriola lalandi","Fis-29523"
110.5,-1.5,0.22,"Seriola lalandi","Fis-29523"
117,-1.5,0.57,"Seriola lalandi","Fis-29523"
117.5,-1.5,0.65,"Seriola lalandi","Fis-29523"
118,-1.5,0.62,"Seriola lalandi","Fis-29523"
119.5,-1.5,0.6,"Seriola lalandi","Fis-29523"
121,-1.5,0.5,"Seriola lalandi","Fis-29523"
121.5,-1.5,0.55,"Seriola lalandi","Fis-29523"
122.5,-1.5,0.6,"Seriola lalandi","Fis-29523"
123,-1.5,0.67,"Seriola lalandi","Fis-29523"
123.5,-1.5,0.59,"Seriola lalandi","Fis-29523"
124,-1.5,0.48,"Seriola lalandi","Fis-29523"
124.5,-1.5,0.39,"Seriola lalandi","Fis-29523"
125,-1.5,0.37,"Seriola lalandi","Fis-29523"
127.5,-1.5,0.72,"Seriola lalandi","Fis-29523"
128,-1.5,0.71,"Seriola lalandi","Fis-29523"
128.5,-1.5,0.7,"Seriola lalandi","Fis-29523"
129,-1.5,0.68,"Seriola lalandi","Fis-29523"
129.5,-1.5,0.7,"Seriola lalandi","Fis-29523"
130,-1.5,0.74,"Seriola lalandi","Fis-29523"
130.5,-1.5,0.75,"Seriola lalandi","Fis-29523"
131,-1.5,0.71,"Seriola lalandi","Fis-29523"
131.5,-1.5,0.01,"Seriola lalandi","Fis-29523"
132,-1.5,0.01,"Seriola lalandi","Fis-29523"
134.5,-1.5,0.6,"Seriola lalandi","Fis-29523"
135,-1.5,0.6,"Seriola lalandi","Fis-29523"
135.5,-1.5,0.61,"Seriola lalandi","Fis-29523"
136,-1.5,0.61,"Seriola lalandi","Fis-29523"
136.5,-1.5,0.62,"Seriola lalandi","Fis-29523"
137,-1.5,0.6,"Seriola lalandi","Fis-29523"
137.5,-1.5,0.55,"Seriola lalandi","Fis-29523"
138,-1.5,0.55,"Seriola lalandi","Fis-29523"
138.5,-1.5,0.59,"Seriola lalandi","Fis-29523"
139,-1.5,0.55,"Seriola lalandi","Fis-29523"
143.5,-1.5,0.57,"Seriola lalandi","Fis-29523"
144,-1.5,0.58,"Seriola lalandi","Fis-29523"
144.5,-1.5,0.58,"Seriola lalandi","Fis-29523"
145,-1.5,0.57,"Seriola lalandi","Fis-29523"
145.5,-1.5,0.56,"Seriola lalandi","Fis-29523"
148,-1.5,0.13,"Seriola lalandi","Fis-29523"
149.5,-1.5,0.16,"Seriola lalandi","Fis-29523"
150,-1.5,0.52,"Seriola lalandi","Fis-29523"
175,-1.5,0.76,"Seriola lalandi","Fis-29523"
175.5,-1.5,0.76,"Seriola lalandi","Fis-29523"
176,-1.5,0.77,"Seriola lalandi","Fis-29523"
176.5,-1.5,0.78,"Seriola lalandi","Fis-29523"
177,-1.5,0.78,"Seriola lalandi","Fis-29523"
-90,-2,0.96,"Seriola lalandi","Fis-29523"
-89.5,-2,0.26,"Seriola lalandi","Fis-29523"
-81,-2,0.74,"Seriola lalandi","Fis-29523"
-80.5,-2,0.64,"Seriola lalandi","Fis-29523"
-49,-2,0.04,"Seriola lalandi","Fis-29523"
-48.5,-2,0.07,"Seriola lalandi","Fis-29523"
-45,-2,0.31,"Seriola lalandi","Fis-29523"
-44.5,-2,0.38,"Seriola lalandi","Fis-29523"
-44,-2,0.24,"Seriola lalandi","Fis-29523"
-43.5,-2,0.36,"Seriola lalandi","Fis-29523"
-43,-2,0.55,"Seriola lalandi","Fis-29523"
-42.5,-2,0.43,"Seriola lalandi","Fis-29523"
-42,-2,0.34,"Seriola lalandi","Fis-29523"
-40.5,-2,0.29,"Seriola lalandi","Fis-29523"
-38.5,-2,0.28,"Seriola lalandi","Fis-29523"
-38,-2,0.26,"Seriola lalandi","Fis-29523"
-37.5,-2,0.24,"Seriola lalandi","Fis-29523"
-37,-2,0.34,"Seriola lalandi","Fis-29523"
41.5,-2,1,"Seriola lalandi","Fis-29523"
42,-2,1,"Seriola lalandi","Fis-29523"
99,-2,0.63,"Seriola lalandi","Fis-29523"
99.5,-2,0.63,"Seriola lalandi","Fis-29523"
100,-2,0.66,"Seriola lalandi","Fis-29523"
100.5,-2,0.66,"Seriola lalandi","Fis-29523"
101,-2,0.66,"Seriola lalandi","Fis-29523"
104.5,-2,0.12,"Seriola lalandi","Fis-29523"
105,-2,0.24,"Seriola lalandi","Fis-29523"
105.5,-2,0.22,"Seriola lalandi","Fis-29523"
106,-2,0.15,"Seriola lalandi","Fis-29523"
106.5,-2,0.19,"Seriola lalandi","Fis-29523"
107,-2,0.21,"Seriola lalandi","Fis-29523"
107.5,-2,0.22,"Seriola lalandi","Fis-29523"
108,-2,0.41,"Seriola lalandi","Fis-29523"
108.5,-2,0.25,"Seriola lalandi","Fis-29523"
109,-2,0.53,"Seriola lalandi","Fis-29523"
109.5,-2,0.34,"Seriola lalandi","Fis-29523"
110,-2,0.18,"Seriola lalandi","Fis-29523"
110.5,-2,0.21,"Seriola lalandi","Fis-29523"
116.5,-2,0.01,"Seriola lalandi","Fis-29523"
117,-2,0.48,"Seriola lalandi","Fis-29523"
117.5,-2,0.64,"Seriola lalandi","Fis-29523"
118,-2,0.49,"Seriola lalandi","Fis-29523"
119.5,-2,0.6,"Seriola lalandi","Fis-29523"
122,-2,0.65,"Seriola lalandi","Fis-29523"
122.5,-2,0.67,"Seriola lalandi","Fis-29523"
123,-2,0.47,"Seriola lalandi","Fis-29523"
123.5,-2,0.46,"Seriola lalandi","Fis-29523"
124,-2,0.55,"Seriola lalandi","Fis-29523"
124.5,-2,0.44,"Seriola lalandi","Fis-29523"
125,-2,0.41,"Seriola lalandi","Fis-29523"
125.5,-2,0.4,"Seriola lalandi","Fis-29523"
126,-2,0.51,"Seriola lalandi","Fis-29523"
126.5,-2,0.61,"Seriola lalandi","Fis-29523"
127,-2,0.71,"Seriola lalandi","Fis-29523"
127.5,-2,0.73,"Seriola lalandi","Fis-29523"
128,-2,0.72,"Seriola lalandi","Fis-29523"
128.5,-2,0.69,"Seriola lalandi","Fis-29523"
129,-2,0.68,"Seriola lalandi","Fis-29523"
129.5,-2,0.71,"Seriola lalandi","Fis-29523"
130,-2,0.75,"Seriola lalandi","Fis-29523"
130.5,-2,0.65,"Seriola lalandi","Fis-29523"
131,-2,0.74,"Seriola lalandi","Fis-29523"
131.5,-2,0.7,"Seriola lalandi","Fis-29523"
132,-2,0.67,"Seriola lalandi","Fis-29523"
132.5,-2,0.05,"Seriola lalandi","Fis-29523"
134.5,-2,0.61,"Seriola lalandi","Fis-29523"
135,-2,0.6,"Seriola lalandi","Fis-29523"
135.5,-2,0.6,"Seriola lalandi","Fis-29523"
136,-2,0.6,"Seriola lalandi","Fis-29523"
136.5,-2,0.61,"Seriola lalandi","Fis-29523"
137,-2,0.61,"Seriola lalandi","Fis-29523"
137.5,-2,0.61,"Seriola lalandi","Fis-29523"
138,-2,0.38,"Seriola lalandi","Fis-29523"
138.5,-2,0.61,"Seriola lalandi","Fis-29523"
139,-2,0.61,"Seriola lalandi","Fis-29523"
139.5,-2,0.63,"Seriola lalandi","Fis-29523"
143,-2,0.59,"Seriola lalandi","Fis-29523"
144.5,-2,0.58,"Seriola lalandi","Fis-29523"
145,-2,0.37,"Seriola lalandi","Fis-29523"
145.5,-2,0.56,"Seriola lalandi","Fis-29523"
146,-2,0.12,"Seriola lalandi","Fis-29523"
146.5,-2,0.55,"Seriola lalandi","Fis-29523"
147,-2,0.55,"Seriola lalandi","Fis-29523"
147.5,-2,0.54,"Seriola lalandi","Fis-29523"
148,-2,0.54,"Seriola lalandi","Fis-29523"
148.5,-2,0.53,"Seriola lalandi","Fis-29523"
149,-2,0.28,"Seriola lalandi","Fis-29523"
150,-2,0.52,"Seriola lalandi","Fis-29523"
150.5,-2,0.52,"Seriola lalandi","Fis-29523"
151,-2,0.51,"Seriola lalandi","Fis-29523"
153.5,-2,0.53,"Seriola lalandi","Fis-29523"
154,-2,0.53,"Seriola lalandi","Fis-29523"
175,-2,0.74,"Seriola lalandi","Fis-29523"
175.5,-2,0.74,"Seriola lalandi","Fis-29523"
176,-2,0.75,"Seriola lalandi","Fis-29523"
-81,-2.5,0.67,"Seriola lalandi","Fis-29523"
-80.5,-2.5,0.56,"Seriola lalandi","Fis-29523"
-44,-2.5,0.29,"Seriola lalandi","Fis-29523"
-43.5,-2.5,0.92,"Seriola lalandi","Fis-29523"
-43,-2.5,0.85,"Seriola lalandi","Fis-29523"
-42.5,-2.5,0.85,"Seriola lalandi","Fis-29523"
-42,-2.5,0.84,"Seriola lalandi","Fis-29523"
-41.5,-2.5,0.65,"Seriola lalandi","Fis-29523"
-41,-2.5,0.47,"Seriola lalandi","Fis-29523"
-40.5,-2.5,0.43,"Seriola lalandi","Fis-29523"
-40,-2.5,0.4,"Seriola lalandi","Fis-29523"
-39.5,-2.5,0.34,"Seriola lalandi","Fis-29523"
-39,-2.5,0.28,"Seriola lalandi","Fis-29523"
-38,-2.5,0.26,"Seriola lalandi","Fis-29523"
41,-2.5,1,"Seriola lalandi","Fis-29523"
41.5,-2.5,1,"Seriola lalandi","Fis-29523"
99.5,-2.5,0.66,"Seriola lalandi","Fis-29523"
100,-2.5,0.67,"Seriola lalandi","Fis-29523"
100.5,-2.5,0.67,"Seriola lalandi","Fis-29523"
101,-2.5,0.67,"Seriola lalandi","Fis-29523"
101.5,-2.5,0.66,"Seriola lalandi","Fis-29523"
105,-2.5,0.17,"Seriola lalandi","Fis-29523"
105.5,-2.5,0.22,"Seriola lalandi","Fis-29523"
106,-2.5,0.27,"Seriola lalandi","Fis-29523"
106.5,-2.5,0.13,"Seriola lalandi","Fis-29523"
107,-2.5,0.13,"Seriola lalandi","Fis-29523"
107.5,-2.5,0.27,"Seriola lalandi","Fis-29523"
108,-2.5,0.28,"Seriola lalandi","Fis-29523"
108.5,-2.5,0.19,"Seriola lalandi","Fis-29523"
109,-2.5,0.21,"Seriola lalandi","Fis-29523"
109.5,-2.5,0.21,"Seriola lalandi","Fis-29523"
110,-2.5,0.22,"Seriola lalandi","Fis-29523"
110.5,-2.5,0.23,"Seriola lalandi","Fis-29523"
116.5,-2.5,0.01,"Seriola lalandi","Fis-29523"
117,-2.5,0.65,"Seriola lalandi","Fis-29523"
117.5,-2.5,0.65,"Seriola lalandi","Fis-29523"
118,-2.5,0.58,"Seriola lalandi","Fis-29523"
118.5,-2.5,0.6,"Seriola lalandi","Fis-29523"
119,-2.5,0.61,"Seriola lalandi","Fis-29523"
119.5,-2.5,0.6,"Seriola lalandi","Fis-29523"
122,-2.5,0.66,"Seriola lalandi","Fis-29523"
122.5,-2.5,0.53,"Seriola lalandi","Fis-29523"
123,-2.5,0.44,"Seriola lalandi","Fis-29523"
123.5,-2.5,0.41,"Seriola lalandi","Fis-29523"
124,-2.5,0.41,"Seriola lalandi","Fis-29523"
124.5,-2.5,0.42,"Seriola lalandi","Fis-29523"
125,-2.5,0.43,"Seriola lalandi","Fis-29523"
125.5,-2.5,0.47,"Seriola lalandi","Fis-29523"
126,-2.5,0.59,"Seriola lalandi","Fis-29523"
126.5,-2.5,0.69,"Seriola lalandi","Fis-29523"
129.5,-2.5,0.71,"Seriola lalandi","Fis-29523"
130,-2.5,0.74,"Seriola lalandi","Fis-29523"
130.5,-2.5,0.76,"Seriola lalandi","Fis-29523"
131,-2.5,0.76,"Seriola lalandi","Fis-29523"
131.5,-2.5,0.74,"Seriola lalandi","Fis-29523"
132,-2.5,0.71,"Seriola lalandi","Fis-29523"
132.5,-2.5,0.6,"Seriola lalandi","Fis-29523"
133,-2.5,0.67,"Seriola lalandi","Fis-29523"
133.5,-2.5,0.64,"Seriola lalandi","Fis-29523"
134,-2.5,0.04,"Seriola lalandi","Fis-29523"
134.5,-2.5,0.61,"Seriola lalandi","Fis-29523"
135,-2.5,0.6,"Seriola lalandi","Fis-29523"
135.5,-2.5,0.6,"Seriola lalandi","Fis-29523"
136,-2.5,0.61,"Seriola lalandi","Fis-29523"
136.5,-2.5,0.61,"Seriola lalandi","Fis-29523"
137,-2.5,0.38,"Seriola lalandi","Fis-29523"
137.5,-2.5,0.14,"Seriola lalandi","Fis-29523"
139.5,-2.5,0.62,"Seriola lalandi","Fis-29523"
140,-2.5,0.61,"Seriola lalandi","Fis-29523"
140.5,-2.5,0.63,"Seriola lalandi","Fis-29523"
141,-2.5,0.63,"Seriola lalandi","Fis-29523"
145.5,-2.5,0.2,"Seriola lalandi","Fis-29523"
146,-2.5,0.57,"Seriola lalandi","Fis-29523"
146.5,-2.5,0.57,"Seriola lalandi","Fis-29523"
147,-2.5,0.56,"Seriola lalandi","Fis-29523"
147.5,-2.5,0.56,"Seriola lalandi","Fis-29523"
148,-2.5,0.55,"Seriola lalandi","Fis-29523"
148.5,-2.5,0.53,"Seriola lalandi","Fis-29523"
150,-2.5,0.52,"Seriola lalandi","Fis-29523"
150.5,-2.5,0.52,"Seriola lalandi","Fis-29523"
151,-2.5,0.52,"Seriola lalandi","Fis-29523"
151.5,-2.5,0.04,"Seriola lalandi","Fis-29523"
152,-2.5,0.16,"Seriola lalandi","Fis-29523"
152.5,-2.5,0.37,"Seriola lalandi","Fis-29523"
153.5,-2.5,0.53,"Seriola lalandi","Fis-29523"
154,-2.5,0.53,"Seriola lalandi","Fis-29523"
176,-2.5,0.56,"Seriola lalandi","Fis-29523"
176.5,-2.5,0.72,"Seriola lalandi","Fis-29523"
-171.5,-3,0.87,"Seriola lalandi","Fis-29523"
-81,-3,0.77,"Seriola lalandi","Fis-29523"
-80.5,-3,0.46,"Seriola lalandi","Fis-29523"
-80,-3,0.37,"Seriola lalandi","Fis-29523"
-79.5,-3,0.43,"Seriola lalandi","Fis-29523"
-44.5,-3,0.71,"Seriola lalandi","Fis-29523"
-44,-3,0.31,"Seriola lalandi","Fis-29523"
-43.5,-3,0.01,"Seriola lalandi","Fis-29523"
-42.5,-3,0.2,"Seriola lalandi","Fis-29523"
-42,-3,0.28,"Seriola lalandi","Fis-29523"
-41.5,-3,0.88,"Seriola lalandi","Fis-29523"
-41,-3,0.85,"Seriola lalandi","Fis-29523"
-40.5,-3,0.83,"Seriola lalandi","Fis-29523"
-40,-3,0.8,"Seriola lalandi","Fis-29523"
-39.5,-3,0.81,"Seriola lalandi","Fis-29523"
-39,-3,0.4,"Seriola lalandi","Fis-29523"
-38.5,-3,0.29,"Seriola lalandi","Fis-29523"
-37.5,-3,0.16,"Seriola lalandi","Fis-29523"
40.5,-3,0.98,"Seriola lalandi","Fis-29523"
41,-3,1,"Seriola lalandi","Fis-29523"
41.5,-3,1,"Seriola lalandi","Fis-29523"
100,-3,0.67,"Seriola lalandi","Fis-29523"
100.5,-3,0.69,"Seriola lalandi","Fis-29523"
101,-3,0.69,"Seriola lalandi","Fis-29523"
101.5,-3,0.68,"Seriola lalandi","Fis-29523"
106,-3,0.21,"Seriola lalandi","Fis-29523"
106.5,-3,0.2,"Seriola lalandi","Fis-29523"
107,-3,0.22,"Seriola lalandi","Fis-29523"
107.5,-3,0.29,"Seriola lalandi","Fis-29523"
108,-3,0.17,"Seriola lalandi","Fis-29523"
108.5,-3,0.13,"Seriola lalandi","Fis-29523"
109,-3,0.16,"Seriola lalandi","Fis-29523"
109.5,-3,0.23,"Seriola lalandi","Fis-29523"
110,-3,0.22,"Seriola lalandi","Fis-29523"
110.5,-3,0.33,"Seriola lalandi","Fis-29523"
111,-3,0.23,"Seriola lalandi","Fis-29523"
111.5,-3,0.32,"Seriola lalandi","Fis-29523"
112,-3,0.24,"Seriola lalandi","Fis-29523"
116.5,-3,0.39,"Seriola lalandi","Fis-29523"
117,-3,0.46,"Seriola lalandi","Fis-29523"
117.5,-3,0.52,"Seriola lalandi","Fis-29523"
118,-3,0.64,"Seriola lalandi","Fis-29523"
118.5,-3,0.62,"Seriola lalandi","Fis-29523"
119,-3,0.62,"Seriola lalandi","Fis-29523"
120.5,-3,0.56,"Seriola lalandi","Fis-29523"
121,-3,0.52,"Seriola lalandi","Fis-29523"
121.5,-3,0.59,"Seriola lalandi","Fis-29523"
122.5,-3,0.7,"Seriola lalandi","Fis-29523"
123,-3,0.5,"Seriola lalandi","Fis-29523"
127,-3,0.74,"Seriola lalandi","Fis-29523"
127.5,-3,0.08,"Seriola lalandi","Fis-29523"
128,-3,0.73,"Seriola lalandi","Fis-29523"
128.5,-3,0.72,"Seriola lalandi","Fis-29523"
129,-3,0.72,"Seriola lalandi","Fis-29523"
129.5,-3,0.72,"Seriola lalandi","Fis-29523"
130,-3,0.73,"Seriola lalandi","Fis-29523"
130.5,-3,0.75,"Seriola lalandi","Fis-29523"
131,-3,0.77,"Seriola lalandi","Fis-29523"
131.5,-3,0.77,"Seriola lalandi","Fis-29523"
132,-3,0.76,"Seriola lalandi","Fis-29523"
132.5,-3,0.74,"Seriola lalandi","Fis-29523"
133,-3,0.7,"Seriola lalandi","Fis-29523"
134.5,-3,0.67,"Seriola lalandi","Fis-29523"
135,-3,0.6,"Seriola lalandi","Fis-29523"
135.5,-3,0.61,"Seriola lalandi","Fis-29523"
136,-3,0.63,"Seriola lalandi","Fis-29523"
136.5,-3,0.67,"Seriola lalandi","Fis-29523"
141,-3,0.64,"Seriola lalandi","Fis-29523"
141.5,-3,0.64,"Seriola lalandi","Fis-29523"
142,-3,0.63,"Seriola lalandi","Fis-29523"
142.5,-3,0.65,"Seriola lalandi","Fis-29523"
143,-3,0.09,"Seriola lalandi","Fis-29523"
146.5,-3,0.57,"Seriola lalandi","Fis-29523"
147,-3,0.56,"Seriola lalandi","Fis-29523"
147.5,-3,0.55,"Seriola lalandi","Fis-29523"
148,-3,0.55,"Seriola lalandi","Fis-29523"
148.5,-3,0.01,"Seriola lalandi","Fis-29523"
150,-3,0.51,"Seriola lalandi","Fis-29523"
150.5,-3,0.51,"Seriola lalandi","Fis-29523"
151,-3,0.52,"Seriola lalandi","Fis-29523"
151.5,-3,0.52,"Seriola lalandi","Fis-29523"
152,-3,0.53,"Seriola lalandi","Fis-29523"
152.5,-3,0.54,"Seriola lalandi","Fis-29523"
153,-3,0.54,"Seriola lalandi","Fis-29523"
177,-3,0.7,"Seriola lalandi","Fis-29523"
-171,-3.5,0.84,"Seriola lalandi","Fis-29523"
-81,-3.5,0.86,"Seriola lalandi","Fis-29523"
-80.5,-3.5,0.55,"Seriola lalandi","Fis-29523"
-80,-3.5,0.29,"Seriola lalandi","Fis-29523"
-79.5,-3.5,0.21,"Seriola lalandi","Fis-29523"
-39.5,-3.5,0.24,"Seriola lalandi","Fis-29523"
-39,-3.5,0.7,"Seriola lalandi","Fis-29523"
-38.5,-3.5,0.51,"Seriola lalandi","Fis-29523"
-38,-3.5,0.35,"Seriola lalandi","Fis-29523"
-37.5,-3.5,0.22,"Seriola lalandi","Fis-29523"
-37,-3.5,0.23,"Seriola lalandi","Fis-29523"
40,-3.5,0.42,"Seriola lalandi","Fis-29523"
40.5,-3.5,1,"Seriola lalandi","Fis-29523"
41,-3.5,1,"Seriola lalandi","Fis-29523"
100.5,-3.5,0.7,"Seriola lalandi","Fis-29523"
101,-3.5,0.7,"Seriola lalandi","Fis-29523"
101.5,-3.5,0.7,"Seriola lalandi","Fis-29523"
102,-3.5,0.7,"Seriola lalandi","Fis-29523"
106,-3.5,0.31,"Seriola lalandi","Fis-29523"
106.5,-3.5,0.21,"Seriola lalandi","Fis-29523"
107,-3.5,0.17,"Seriola lalandi","Fis-29523"
107.5,-3.5,0.29,"Seriola lalandi","Fis-29523"
108,-3.5,0.2,"Seriola lalandi","Fis-29523"
108.5,-3.5,0.14,"Seriola lalandi","Fis-29523"
109,-3.5,0.18,"Seriola lalandi","Fis-29523"
109.5,-3.5,0.29,"Seriola lalandi","Fis-29523"
110,-3.5,0.25,"Seriola lalandi","Fis-29523"
110.5,-3.5,0.19,"Seriola lalandi","Fis-29523"
111,-3.5,0.21,"Seriola lalandi","Fis-29523"
111.5,-3.5,0.22,"Seriola lalandi","Fis-29523"
112,-3.5,0.24,"Seriola lalandi","Fis-29523"
112.5,-3.5,0.19,"Seriola lalandi","Fis-29523"
113,-3.5,0.22,"Seriola lalandi","Fis-29523"
113.5,-3.5,0.25,"Seriola lalandi","Fis-29523"
114,-3.5,0.2,"Seriola lalandi","Fis-29523"
114.5,-3.5,0.04,"Seriola lalandi","Fis-29523"
116.5,-3.5,0.24,"Seriola lalandi","Fis-29523"
117,-3.5,0.34,"Seriola lalandi","Fis-29523"
117.5,-3.5,0.63,"Seriola lalandi","Fis-29523"
118,-3.5,0.64,"Seriola lalandi","Fis-29523"
118.5,-3.5,0.63,"Seriola lalandi","Fis-29523"
119,-3.5,0.63,"Seriola lalandi","Fis-29523"
119.5,-3.5,0.64,"Seriola lalandi","Fis-29523"
120.5,-3.5,0.59,"Seriola lalandi","Fis-29523"
121,-3.5,0.55,"Seriola lalandi","Fis-29523"
121.5,-3.5,0.59,"Seriola lalandi","Fis-29523"
122.5,-3.5,0.7,"Seriola lalandi","Fis-29523"
123,-3.5,0.64,"Seriola lalandi","Fis-29523"
123.5,-3.5,0.53,"Seriola lalandi","Fis-29523"
126.5,-3.5,0.76,"Seriola lalandi","Fis-29523"
127,-3.5,0.79,"Seriola lalandi","Fis-29523"
127.5,-3.5,0.82,"Seriola lalandi","Fis-29523"
128,-3.5,0.83,"Seriola lalandi","Fis-29523"
128.5,-3.5,0.84,"Seriola lalandi","Fis-29523"
129,-3.5,0.84,"Seriola lalandi","Fis-29523"
129.5,-3.5,0.8,"Seriola lalandi","Fis-29523"
130,-3.5,0.82,"Seriola lalandi","Fis-29523"
130.5,-3.5,0.8,"Seriola lalandi","Fis-29523"
131,-3.5,0.8,"Seriola lalandi","Fis-29523"
131.5,-3.5,0.8,"Seriola lalandi","Fis-29523"
132,-3.5,0.79,"Seriola lalandi","Fis-29523"
132.5,-3.5,0.79,"Seriola lalandi","Fis-29523"
133,-3.5,0.79,"Seriola lalandi","Fis-29523"
134,-3.5,0.25,"Seriola lalandi","Fis-29523"
135,-3.5,0.21,"Seriola lalandi","Fis-29523"
135.5,-3.5,0.63,"Seriola lalandi","Fis-29523"
136,-3.5,0.69,"Seriola lalandi","Fis-29523"
142.5,-3.5,0.65,"Seriola lalandi","Fis-29523"
143,-3.5,0.64,"Seriola lalandi","Fis-29523"
143.5,-3.5,0.65,"Seriola lalandi","Fis-29523"
144,-3.5,0.62,"Seriola lalandi","Fis-29523"
144.5,-3.5,0.65,"Seriola lalandi","Fis-29523"
145,-3.5,0.63,"Seriola lalandi","Fis-29523"
146.5,-3.5,0.14,"Seriola lalandi","Fis-29523"
148,-3.5,0.55,"Seriola lalandi","Fis-29523"
148.5,-3.5,0.54,"Seriola lalandi","Fis-29523"
151,-3.5,0.49,"Seriola lalandi","Fis-29523"
151.5,-3.5,0.5,"Seriola lalandi","Fis-29523"
152,-3.5,0.53,"Seriola lalandi","Fis-29523"
152.5,-3.5,0.55,"Seriola lalandi","Fis-29523"
153,-3.5,0.55,"Seriola lalandi","Fis-29523"
153.5,-3.5,0.55,"Seriola lalandi","Fis-29523"
154.5,-3.5,0.54,"Seriola lalandi","Fis-29523"
155,-3.5,0.54,"Seriola lalandi","Fis-29523"
-174,-4,0.77,"Seriola lalandi","Fis-29523"
-171.5,-4,0.47,"Seriola lalandi","Fis-29523"
-171,-4,0.82,"Seriola lalandi","Fis-29523"
-170.5,-4,0.82,"Seriola lalandi","Fis-29523"
-154.5,-4,1,"Seriola lalandi","Fis-29523"
-81,-4,0.76,"Seriola lalandi","Fis-29523"
-80.5,-4,0.5,"Seriola lalandi","Fis-29523"
-38.5,-4,0.6,"Seriola lalandi","Fis-29523"
-38,-4,0.89,"Seriola lalandi","Fis-29523"
-37.5,-4,0.37,"Seriola lalandi","Fis-29523"
-37,-4,0.22,"Seriola lalandi","Fis-29523"
-36.5,-4,0.02,"Seriola lalandi","Fis-29523"
-36,-4,0.22,"Seriola lalandi","Fis-29523"
-35.5,-4,0.23,"Seriola lalandi","Fis-29523"
-35,-4,0.24,"Seriola lalandi","Fis-29523"
-34.5,-4,0.17,"Seriola lalandi","Fis-29523"
-33.5,-4,0.27,"Seriola lalandi","Fis-29523"
-33,-4,0.28,"Seriola lalandi","Fis-29523"
-32.5,-4,0.14,"Seriola lalandi","Fis-29523"
-32,-4,0.32,"Seriola lalandi","Fis-29523"
40,-4,1,"Seriola lalandi","Fis-29523"
40.5,-4,1,"Seriola lalandi","Fis-29523"
41,-4,0.52,"Seriola lalandi","Fis-29523"
54.5,-4,0.18,"Seriola lalandi","Fis-29523"
55,-4,0.87,"Seriola lalandi","Fis-29523"
55.5,-4,0.87,"Seriola lalandi","Fis-29523"
56,-4,0.87,"Seriola lalandi","Fis-29523"
56.5,-4,0.86,"Seriola lalandi","Fis-29523"
101,-4,0.7,"Seriola lalandi","Fis-29523"
101.5,-4,0.71,"Seriola lalandi","Fis-29523"
102,-4,0.73,"Seriola lalandi","Fis-29523"
102.5,-4,0.72,"Seriola lalandi","Fis-29523"
106,-4,0.41,"Seriola lalandi","Fis-29523"
106.5,-4,0.14,"Seriola lalandi","Fis-29523"
107,-4,0.14,"Seriola lalandi","Fis-29523"
107.5,-4,0.19,"Seriola lalandi","Fis-29523"
108,-4,0.28,"Seriola lalandi","Fis-29523"
108.5,-4,0.17,"Seriola lalandi","Fis-29523"
109,-4,0.19,"Seriola lalandi","Fis-29523"
109.5,-4,0.28,"Seriola lalandi","Fis-29523"
110,-4,0.26,"Seriola lalandi","Fis-29523"
110.5,-4,0.23,"Seriola lalandi","Fis-29523"
111,-4,0.23,"Seriola lalandi","Fis-29523"
111.5,-4,0.29,"Seriola lalandi","Fis-29523"
112,-4,0.29,"Seriola lalandi","Fis-29523"
112.5,-4,0.19,"Seriola lalandi","Fis-29523"
113,-4,0.17,"Seriola lalandi","Fis-29523"
113.5,-4,0.17,"Seriola lalandi","Fis-29523"
114,-4,0.13,"Seriola lalandi","Fis-29523"
114.5,-4,0.17,"Seriola lalandi","Fis-29523"
115,-4,0.24,"Seriola lalandi","Fis-29523"
115.5,-4,0.44,"Seriola lalandi","Fis-29523"
116,-4,0.36,"Seriola lalandi","Fis-29523"
116.5,-4,0.18,"Seriola lalandi","Fis-29523"
117,-4,0.33,"Seriola lalandi","Fis-29523"
117.5,-4,0.62,"Seriola lalandi","Fis-29523"
118,-4,0.63,"Seriola lalandi","Fis-29523"
119,-4,0.65,"Seriola lalandi","Fis-29523"
119.5,-4,0.68,"Seriola lalandi","Fis-29523"
120,-4,0.64,"Seriola lalandi","Fis-29523"
120.5,-4,0.62,"Seriola lalandi","Fis-29523"
121,-4,0.5,"Seriola lalandi","Fis-29523"
121.5,-4,0.61,"Seriola lalandi","Fis-29523"
122.5,-4,0.24,"Seriola lalandi","Fis-29523"
123,-4,0.72,"Seriola lalandi","Fis-29523"
123.5,-4,0.6,"Seriola lalandi","Fis-29523"
126.5,-4,0.82,"Seriola lalandi","Fis-29523"
127,-4,0.84,"Seriola lalandi","Fis-29523"
127.5,-4,0.85,"Seriola lalandi","Fis-29523"
128,-4,0.87,"Seriola lalandi","Fis-29523"
128.5,-4,0.86,"Seriola lalandi","Fis-29523"
129,-4,0.84,"Seriola lalandi","Fis-29523"
130.5,-4,0.85,"Seriola lalandi","Fis-29523"
131,-4,0.85,"Seriola lalandi","Fis-29523"
131.5,-4,0.84,"Seriola lalandi","Fis-29523"
132,-4,0.82,"Seriola lalandi","Fis-29523"
133,-4,0.84,"Seriola lalandi","Fis-29523"
133.5,-4,0.35,"Seriola lalandi","Fis-29523"
134,-4,0.87,"Seriola lalandi","Fis-29523"
134.5,-4,0.86,"Seriola lalandi","Fis-29523"
135,-4,0.01,"Seriola lalandi","Fis-29523"
144,-4,0.61,"Seriola lalandi","Fis-29523"
144.5,-4,0.56,"Seriola lalandi","Fis-29523"
145,-4,0.58,"Seriola lalandi","Fis-29523"
145.5,-4,0.66,"Seriola lalandi","Fis-29523"
148,-4,0.25,"Seriola lalandi","Fis-29523"
148.5,-4,0.08,"Seriola lalandi","Fis-29523"
149,-4,0.18,"Seriola lalandi","Fis-29523"
152,-4,0.07,"Seriola lalandi","Fis-29523"
152.5,-4,0.57,"Seriola lalandi","Fis-29523"
153,-4,0.56,"Seriola lalandi","Fis-29523"
153.5,-4,0.56,"Seriola lalandi","Fis-29523"
154,-4,0.55,"Seriola lalandi","Fis-29523"
-172,-4.5,0.78,"Seriola lalandi","Fis-29523"
-171,-4.5,0.79,"Seriola lalandi","Fis-29523"
-154.5,-4.5,1,"Seriola lalandi","Fis-29523"
-81,-4.5,0.71,"Seriola lalandi","Fis-29523"
-38,-4.5,0.87,"Seriola lalandi","Fis-29523"
-37.5,-4.5,0.68,"Seriola lalandi","Fis-29523"
-37,-4.5,0.47,"Seriola lalandi","Fis-29523"
-36.5,-4.5,0.26,"Seriola lalandi","Fis-29523"
-36,-4.5,0.23,"Seriola lalandi","Fis-29523"
-35.5,-4.5,0.22,"Seriola lalandi","Fis-29523"
-35,-4.5,0.21,"Seriola lalandi","Fis-29523"
39.5,-4.5,0.01,"Seriola lalandi","Fis-29523"
40,-4.5,1,"Seriola lalandi","Fis-29523"
40.5,-4.5,0.42,"Seriola lalandi","Fis-29523"
54.5,-4.5,0.89,"Seriola lalandi","Fis-29523"
55,-4.5,0.9,"Seriola lalandi","Fis-29523"
55.5,-4.5,0.9,"Seriola lalandi","Fis-29523"
56,-4.5,0.91,"Seriola lalandi","Fis-29523"
56.5,-4.5,0.89,"Seriola lalandi","Fis-29523"
101,-4.5,0.6,"Seriola lalandi","Fis-29523"
101.5,-4.5,0.7,"Seriola lalandi","Fis-29523"
102,-4.5,0.41,"Seriola lalandi","Fis-29523"
102.5,-4.5,0.75,"Seriola lalandi","Fis-29523"
103,-4.5,0.74,"Seriola lalandi","Fis-29523"
106,-4.5,0.45,"Seriola lalandi","Fis-29523"
106.5,-4.5,0.11,"Seriola lalandi","Fis-29523"
107,-4.5,0.23,"Seriola lalandi","Fis-29523"
107.5,-4.5,0.32,"Seriola lalandi","Fis-29523"
108,-4.5,0.2,"Seriola lalandi","Fis-29523"
108.5,-4.5,0.25,"Seriola lalandi","Fis-29523"
109,-4.5,0.24,"Seriola lalandi","Fis-29523"
109.5,-4.5,0.28,"Seriola lalandi","Fis-29523"
110,-4.5,0.27,"Seriola lalandi","Fis-29523"
110.5,-4.5,0.27,"Seriola lalandi","Fis-29523"
111,-4.5,0.33,"Seriola lalandi","Fis-29523"
111.5,-4.5,0.37,"Seriola lalandi","Fis-29523"
112,-4.5,0.38,"Seriola lalandi","Fis-29523"
112.5,-4.5,0.35,"Seriola lalandi","Fis-29523"
113,-4.5,0.36,"Seriola lalandi","Fis-29523"
113.5,-4.5,0.29,"Seriola lalandi","Fis-29523"
114,-4.5,0.23,"Seriola lalandi","Fis-29523"
114.5,-4.5,0.25,"Seriola lalandi","Fis-29523"
115,-4.5,0.35,"Seriola lalandi","Fis-29523"
115.5,-4.5,0.3,"Seriola lalandi","Fis-29523"
116,-4.5,0.19,"Seriola lalandi","Fis-29523"
116.5,-4.5,0.45,"Seriola lalandi","Fis-29523"
117,-4.5,0.64,"Seriola lalandi","Fis-29523"
117.5,-4.5,0.64,"Seriola lalandi","Fis-29523"
118,-4.5,0.22,"Seriola lalandi","Fis-29523"
119,-4.5,0.3,"Seriola lalandi","Fis-29523"
119.5,-4.5,0.65,"Seriola lalandi","Fis-29523"
120,-4.5,0.65,"Seriola lalandi","Fis-29523"
120.5,-4.5,0.61,"Seriola lalandi","Fis-29523"
121,-4.5,0.41,"Seriola lalandi","Fis-29523"
121.5,-4.5,0.53,"Seriola lalandi","Fis-29523"
122,-4.5,0.64,"Seriola lalandi","Fis-29523"
122.5,-4.5,0.54,"Seriola lalandi","Fis-29523"
123,-4.5,0.71,"Seriola lalandi","Fis-29523"
123.5,-4.5,0.74,"Seriola lalandi","Fis-29523"
130,-4.5,0.84,"Seriola lalandi","Fis-29523"
130.5,-4.5,0.84,"Seriola lalandi","Fis-29523"
131.5,-4.5,0.87,"Seriola lalandi","Fis-29523"
132,-4.5,0.86,"Seriola lalandi","Fis-29523"
132.5,-4.5,0.45,"Seriola lalandi","Fis-29523"
133,-4.5,0.89,"Seriola lalandi","Fis-29523"
133.5,-4.5,0.92,"Seriola lalandi","Fis-29523"
134,-4.5,0.94,"Seriola lalandi","Fis-29523"
134.5,-4.5,0.97,"Seriola lalandi","Fis-29523"
135,-4.5,0.99,"Seriola lalandi","Fis-29523"
135.5,-4.5,0.89,"Seriola lalandi","Fis-29523"
136,-4.5,0.83,"Seriola lalandi","Fis-29523"
145,-4.5,0.62,"Seriola lalandi","Fis-29523"
145.5,-4.5,0.62,"Seriola lalandi","Fis-29523"
146,-4.5,0.67,"Seriola lalandi","Fis-29523"
146.5,-4.5,0.63,"Seriola lalandi","Fis-29523"
148.5,-4.5,0.27,"Seriola lalandi","Fis-29523"
149.5,-4.5,0.53,"Seriola lalandi","Fis-29523"
152,-4.5,0.54,"Seriola lalandi","Fis-29523"
152.5,-4.5,0.59,"Seriola lalandi","Fis-29523"
153,-4.5,0.58,"Seriola lalandi","Fis-29523"
153.5,-4.5,0.56,"Seriola lalandi","Fis-29523"
154,-4.5,0.55,"Seriola lalandi","Fis-29523"
154.5,-4.5,0.54,"Seriola lalandi","Fis-29523"
159.5,-4.5,0.53,"Seriola lalandi","Fis-29523"
160,-4.5,0.53,"Seriola lalandi","Fis-29523"
-174.5,-5,0.21,"Seriola lalandi","Fis-29523"
-174,-5,0.72,"Seriola lalandi","Fis-29523"
-172,-5,0.75,"Seriola lalandi","Fis-29523"
-81,-5,0.67,"Seriola lalandi","Fis-29523"
-37.5,-5,0.04,"Seriola lalandi","Fis-29523"
-37,-5,0.92,"Seriola lalandi","Fis-29523"
-36.5,-5,0.78,"Seriola lalandi","Fis-29523"
-36,-5,0.39,"Seriola lalandi","Fis-29523"
-35.5,-5,0.33,"Seriola lalandi","Fis-29523"
-35,-5,0.29,"Seriola lalandi","Fis-29523"
-34.5,-5,0.19,"Seriola lalandi","Fis-29523"
39.5,-5,1,"Seriola lalandi","Fis-29523"
40,-5,1,"Seriola lalandi","Fis-29523"
40.5,-5,0.9,"Seriola lalandi","Fis-29523"
53.5,-5,0.9,"Seriola lalandi","Fis-29523"
54,-5,0.59,"Seriola lalandi","Fis-29523"
54.5,-5,0.92,"Seriola lalandi","Fis-29523"
55,-5,0.92,"Seriola lalandi","Fis-29523"
55.5,-5,0.94,"Seriola lalandi","Fis-29523"
56,-5,0.94,"Seriola lalandi","Fis-29523"
56.5,-5,0.92,"Seriola lalandi","Fis-29523"
57,-5,0.91,"Seriola lalandi","Fis-29523"
72,-5,0.13,"Seriola lalandi","Fis-29523"
72.5,-5,0.5,"Seriola lalandi","Fis-29523"
73,-5,0.49,"Seriola lalandi","Fis-29523"
101.5,-5,0.55,"Seriola lalandi","Fis-29523"
102,-5,0.64,"Seriola lalandi","Fis-29523"
102.5,-5,0.75,"Seriola lalandi","Fis-29523"
103,-5,0.76,"Seriola lalandi","Fis-29523"
103.5,-5,0.76,"Seriola lalandi","Fis-29523"
104,-5,0.74,"Seriola lalandi","Fis-29523"
106,-5,0.59,"Seriola lalandi","Fis-29523"
106.5,-5,0.13,"Seriola lalandi","Fis-29523"
107,-5,0.23,"Seriola lalandi","Fis-29523"
107.5,-5,0.32,"Seriola lalandi","Fis-29523"
108,-5,0.22,"Seriola lalandi","Fis-29523"
108.5,-5,0.22,"Seriola lalandi","Fis-29523"
109,-5,0.28,"Seriola lalandi","Fis-29523"
109.5,-5,0.3,"Seriola lalandi","Fis-29523"
110,-5,0.28,"Seriola lalandi","Fis-29523"
110.5,-5,0.23,"Seriola lalandi","Fis-29523"
111,-5,0.3,"Seriola lalandi","Fis-29523"
111.5,-5,0.35,"Seriola lalandi","Fis-29523"
112,-5,0.39,"Seriola lalandi","Fis-29523"
112.5,-5,0.44,"Seriola lalandi","Fis-29523"
113,-5,0.47,"Seriola lalandi","Fis-29523"
113.5,-5,0.4,"Seriola lalandi","Fis-29523"
114,-5,0.33,"Seriola lalandi","Fis-29523"
114.5,-5,0.31,"Seriola lalandi","Fis-29523"
115,-5,0.22,"Seriola lalandi","Fis-29523"
115.5,-5,0.2,"Seriola lalandi","Fis-29523"
116,-5,0.3,"Seriola lalandi","Fis-29523"
116.5,-5,0.48,"Seriola lalandi","Fis-29523"
117,-5,0.67,"Seriola lalandi","Fis-29523"
117.5,-5,0.65,"Seriola lalandi","Fis-29523"
118,-5,0.65,"Seriola lalandi","Fis-29523"
118.5,-5,0.64,"Seriola lalandi","Fis-29523"
119,-5,0.66,"Seriola lalandi","Fis-29523"
119.5,-5,0.67,"Seriola lalandi","Fis-29523"
120,-5,0.3,"Seriola lalandi","Fis-29523"
120.5,-5,0.6,"Seriola lalandi","Fis-29523"
121,-5,0.43,"Seriola lalandi","Fis-29523"
121.5,-5,0.43,"Seriola lalandi","Fis-29523"
122,-5,0.66,"Seriola lalandi","Fis-29523"
122.5,-5,0.51,"Seriola lalandi","Fis-29523"
123,-5,0.49,"Seriola lalandi","Fis-29523"
123.5,-5,0.75,"Seriola lalandi","Fis-29523"
127,-5,0.42,"Seriola lalandi","Fis-29523"
130,-5,0.7,"Seriola lalandi","Fis-29523"
130.5,-5,0.81,"Seriola lalandi","Fis-29523"
132,-5,0.88,"Seriola lalandi","Fis-29523"
132.5,-5,0.48,"Seriola lalandi","Fis-29523"
133,-5,0.71,"Seriola lalandi","Fis-29523"
134.5,-5,0.67,"Seriola lalandi","Fis-29523"
135,-5,0.97,"Seriola lalandi","Fis-29523"
135.5,-5,0.96,"Seriola lalandi","Fis-29523"
136,-5,0.86,"Seriola lalandi","Fis-29523"
136.5,-5,0.76,"Seriola lalandi","Fis-29523"
137,-5,0.74,"Seriola lalandi","Fis-29523"
137.5,-5,0.01,"Seriola lalandi","Fis-29523"
146,-5,0.71,"Seriola lalandi","Fis-29523"
146.5,-5,0.67,"Seriola lalandi","Fis-29523"
147,-5,0.63,"Seriola lalandi","Fis-29523"
149.5,-5,0.55,"Seriola lalandi","Fis-29523"
150,-5,0.53,"Seriola lalandi","Fis-29523"
150.5,-5,0.51,"Seriola lalandi","Fis-29523"
151,-5,0.07,"Seriola lalandi","Fis-29523"
151.5,-5,0.51,"Seriola lalandi","Fis-29523"
152,-5,0.56,"Seriola lalandi","Fis-29523"
152.5,-5,0.6,"Seriola lalandi","Fis-29523"
153,-5,0.59,"Seriola lalandi","Fis-29523"
153.5,-5,0.56,"Seriola lalandi","Fis-29523"
154.5,-5,0.54,"Seriola lalandi","Fis-29523"
155,-5,0.54,"Seriola lalandi","Fis-29523"
155.5,-5,0.52,"Seriola lalandi","Fis-29523"
156,-5,0.52,"Seriola lalandi","Fis-29523"
157,-5,0.52,"Seriola lalandi","Fis-29523"
157.5,-5,0.52,"Seriola lalandi","Fis-29523"
159.5,-5,0.53,"Seriola lalandi","Fis-29523"
160,-5,0.53,"Seriola lalandi","Fis-29523"
-81,-5.5,0.63,"Seriola lalandi","Fis-29523"
-80.5,-5.5,0.33,"Seriola lalandi","Fis-29523"
-36.5,-5.5,0.08,"Seriola lalandi","Fis-29523"
-36,-5.5,0.27,"Seriola lalandi","Fis-29523"
-35.5,-5.5,0.5,"Seriola lalandi","Fis-29523"
-35,-5.5,0.54,"Seriola lalandi","Fis-29523"
-34.5,-5.5,0.2,"Seriola lalandi","Fis-29523"
39.5,-5.5,1,"Seriola lalandi","Fis-29523"
40,-5.5,1,"Seriola lalandi","Fis-29523"
40.5,-5.5,0.44,"Seriola lalandi","Fis-29523"
53.5,-5.5,0.93,"Seriola lalandi","Fis-29523"
54,-5.5,0.6,"Seriola lalandi","Fis-29523"
55.5,-5.5,0.94,"Seriola lalandi","Fis-29523"
56,-5.5,0.95,"Seriola lalandi","Fis-29523"
56.5,-5.5,0.96,"Seriola lalandi","Fis-29523"
57,-5.5,0.95,"Seriola lalandi","Fis-29523"
57.5,-5.5,0.93,"Seriola lalandi","Fis-29523"
72,-5.5,0.6,"Seriola lalandi","Fis-29523"
72.5,-5.5,0.66,"Seriola lalandi","Fis-29523"
73,-5.5,0.6,"Seriola lalandi","Fis-29523"
102,-5.5,0.48,"Seriola lalandi","Fis-29523"
102.5,-5.5,0.72,"Seriola lalandi","Fis-29523"
103,-5.5,0.77,"Seriola lalandi","Fis-29523"
103.5,-5.5,0.51,"Seriola lalandi","Fis-29523"
104,-5.5,0.77,"Seriola lalandi","Fis-29523"
104.5,-5.5,0.74,"Seriola lalandi","Fis-29523"
105,-5.5,0.5,"Seriola lalandi","Fis-29523"
105.5,-5.5,0.03,"Seriola lalandi","Fis-29523"
106,-5.5,0.54,"Seriola lalandi","Fis-29523"
106.5,-5.5,0.2,"Seriola lalandi","Fis-29523"
107,-5.5,0.27,"Seriola lalandi","Fis-29523"
107.5,-5.5,0.34,"Seriola lalandi","Fis-29523"
108,-5.5,0.32,"Seriola lalandi","Fis-29523"
108.5,-5.5,0.3,"Seriola lalandi","Fis-29523"
109,-5.5,0.32,"Seriola lalandi","Fis-29523"
109.5,-5.5,0.3,"Seriola lalandi","Fis-29523"
110,-5.5,0.3,"Seriola lalandi","Fis-29523"
110.5,-5.5,0.18,"Seriola lalandi","Fis-29523"
111,-5.5,0.32,"Seriola lalandi","Fis-29523"
111.5,-5.5,0.39,"Seriola lalandi","Fis-29523"
112,-5.5,0.44,"Seriola lalandi","Fis-29523"
112.5,-5.5,0.46,"Seriola lalandi","Fis-29523"
113,-5.5,0.48,"Seriola lalandi","Fis-29523"
113.5,-5.5,0.48,"Seriola lalandi","Fis-29523"
114,-5.5,0.42,"Seriola lalandi","Fis-29523"
114.5,-5.5,0.36,"Seriola lalandi","Fis-29523"
115,-5.5,0.23,"Seriola lalandi","Fis-29523"
115.5,-5.5,0.33,"Seriola lalandi","Fis-29523"
116,-5.5,0.6,"Seriola lalandi","Fis-29523"
116.5,-5.5,0.7,"Seriola lalandi","Fis-29523"
117,-5.5,0.69,"Seriola lalandi","Fis-29523"
117.5,-5.5,0.68,"Seriola lalandi","Fis-29523"
118,-5.5,0.68,"Seriola lalandi","Fis-29523"
118.5,-5.5,0.68,"Seriola lalandi","Fis-29523"
119,-5.5,0.72,"Seriola lalandi","Fis-29523"
119.5,-5.5,0.75,"Seriola lalandi","Fis-29523"
120.5,-5.5,0.65,"Seriola lalandi","Fis-29523"
121,-5.5,0.48,"Seriola lalandi","Fis-29523"
122,-5.5,0.58,"Seriola lalandi","Fis-29523"
122.5,-5.5,0.72,"Seriola lalandi","Fis-29523"
123,-5.5,0.73,"Seriola lalandi","Fis-29523"
123.5,-5.5,0.76,"Seriola lalandi","Fis-29523"
124,-5.5,0.69,"Seriola lalandi","Fis-29523"
124.5,-5.5,0.68,"Seriola lalandi","Fis-29523"
125,-5.5,0.66,"Seriola lalandi","Fis-29523"
128,-5.5,0.85,"Seriola lalandi","Fis-29523"
128.5,-5.5,0.38,"Seriola lalandi","Fis-29523"
130.5,-5.5,0.03,"Seriola lalandi","Fis-29523"
132,-5.5,0.89,"Seriola lalandi","Fis-29523"
132.5,-5.5,0.89,"Seriola lalandi","Fis-29523"
133,-5.5,0.9,"Seriola lalandi","Fis-29523"
133.5,-5.5,0.91,"Seriola lalandi","Fis-29523"
134,-5.5,0.15,"Seriola lalandi","Fis-29523"
134.5,-5.5,0.95,"Seriola lalandi","Fis-29523"
135,-5.5,0.95,"Seriola lalandi","Fis-29523"
135.5,-5.5,0.93,"Seriola lalandi","Fis-29523"
136,-5.5,0.93,"Seriola lalandi","Fis-29523"
136.5,-5.5,0.9,"Seriola lalandi","Fis-29523"
137,-5.5,0.57,"Seriola lalandi","Fis-29523"
137.5,-5.5,0.26,"Seriola lalandi","Fis-29523"
138,-5.5,0.41,"Seriola lalandi","Fis-29523"
138.5,-5.5,0.17,"Seriola lalandi","Fis-29523"
146,-5.5,0.74,"Seriola lalandi","Fis-29523"
146.5,-5.5,0.72,"Seriola lalandi","Fis-29523"
147,-5.5,0.69,"Seriola lalandi","Fis-29523"
147.5,-5.5,0.67,"Seriola lalandi","Fis-29523"
148,-5.5,0.65,"Seriola lalandi","Fis-29523"
148.5,-5.5,0.62,"Seriola lalandi","Fis-29523"
149,-5.5,0.58,"Seriola lalandi","Fis-29523"
149.5,-5.5,0.56,"Seriola lalandi","Fis-29523"
150,-5.5,0.54,"Seriola lalandi","Fis-29523"
150.5,-5.5,0.53,"Seriola lalandi","Fis-29523"
151,-5.5,0.52,"Seriola lalandi","Fis-29523"
151.5,-5.5,0.56,"Seriola lalandi","Fis-29523"
152,-5.5,0.59,"Seriola lalandi","Fis-29523"
152.5,-5.5,0.6,"Seriola lalandi","Fis-29523"
154.5,-5.5,0.43,"Seriola lalandi","Fis-29523"
155,-5.5,0.55,"Seriola lalandi","Fis-29523"
155.5,-5.5,0.54,"Seriola lalandi","Fis-29523"
159.5,-5.5,0.54,"Seriola lalandi","Fis-29523"
160,-5.5,0.54,"Seriola lalandi","Fis-29523"
-155.5,-6,0.92,"Seriola lalandi","Fis-29523"
-81,-6,0.61,"Seriola lalandi","Fis-29523"
-80.5,-6,0.28,"Seriola lalandi","Fis-29523"
-35,-6,0.31,"Seriola lalandi","Fis-29523"
-34.5,-6,0.26,"Seriola lalandi","Fis-29523"
39,-6,1,"Seriola lalandi","Fis-29523"
39.5,-6,1,"Seriola lalandi","Fis-29523"
40,-6,1,"Seriola lalandi","Fis-29523"
53,-6,0.95,"Seriola lalandi","Fis-29523"
53.5,-6,0.96,"Seriola lalandi","Fis-29523"
54,-6,0.95,"Seriola lalandi","Fis-29523"
55.5,-6,0.96,"Seriola lalandi","Fis-29523"
56.5,-6,0.98,"Seriola lalandi","Fis-29523"
57,-6,0.97,"Seriola lalandi","Fis-29523"
57.5,-6,0.82,"Seriola lalandi","Fis-29523"
58,-6,0.67,"Seriola lalandi","Fis-29523"
71.5,-6,0.25,"Seriola lalandi","Fis-29523"
72,-6,0.76,"Seriola lalandi","Fis-29523"
72.5,-6,0.85,"Seriola lalandi","Fis-29523"
73,-6,0.8,"Seriola lalandi","Fis-29523"
102.5,-6,0.64,"Seriola lalandi","Fis-29523"
103,-6,0.7,"Seriola lalandi","Fis-29523"
104.5,-6,0.79,"Seriola lalandi","Fis-29523"
105,-6,0.76,"Seriola lalandi","Fis-29523"
105.5,-6,0.69,"Seriola lalandi","Fis-29523"
106,-6,0.57,"Seriola lalandi","Fis-29523"
106.5,-6,0.29,"Seriola lalandi","Fis-29523"
107,-6,0.3,"Seriola lalandi","Fis-29523"
107.5,-6,0.35,"Seriola lalandi","Fis-29523"
108,-6,0.31,"Seriola lalandi","Fis-29523"
108.5,-6,0.31,"Seriola lalandi","Fis-29523"
109,-6,0.33,"Seriola lalandi","Fis-29523"
109.5,-6,0.34,"Seriola lalandi","Fis-29523"
110,-6,0.27,"Seriola lalandi","Fis-29523"
110.5,-6,0.23,"Seriola lalandi","Fis-29523"
111,-6,0.38,"Seriola lalandi","Fis-29523"
111.5,-6,0.42,"Seriola lalandi","Fis-29523"
112,-6,0.44,"Seriola lalandi","Fis-29523"
112.5,-6,0.44,"Seriola lalandi","Fis-29523"
113,-6,0.49,"Seriola lalandi","Fis-29523"
113.5,-6,0.51,"Seriola lalandi","Fis-29523"
114,-6,0.46,"Seriola lalandi","Fis-29523"
114.5,-6,0.5,"Seriola lalandi","Fis-29523"
115,-6,0.49,"Seriola lalandi","Fis-29523"
115.5,-6,0.49,"Seriola lalandi","Fis-29523"
116,-6,0.7,"Seriola lalandi","Fis-29523"
116.5,-6,0.7,"Seriola lalandi","Fis-29523"
117,-6,0.7,"Seriola lalandi","Fis-29523"
117.5,-6,0.7,"Seriola lalandi","Fis-29523"
118,-6,0.71,"Seriola lalandi","Fis-29523"
118.5,-6,0.74,"Seriola lalandi","Fis-29523"
119,-6,0.78,"Seriola lalandi","Fis-29523"
119.5,-6,0.83,"Seriola lalandi","Fis-29523"
120,-6,0.83,"Seriola lalandi","Fis-29523"
120.5,-6,0.62,"Seriola lalandi","Fis-29523"
121,-6,0.49,"Seriola lalandi","Fis-29523"
122,-6,0.52,"Seriola lalandi","Fis-29523"
122.5,-6,0.64,"Seriola lalandi","Fis-29523"
123,-6,0.71,"Seriola lalandi","Fis-29523"
123.5,-6,0.75,"Seriola lalandi","Fis-29523"
124,-6,0.68,"Seriola lalandi","Fis-29523"
124.5,-6,0.64,"Seriola lalandi","Fis-29523"
125,-6,0.64,"Seriola lalandi","Fis-29523"
127.5,-6,0.48,"Seriola lalandi","Fis-29523"
128,-6,0.67,"Seriola lalandi","Fis-29523"
132,-6,0.85,"Seriola lalandi","Fis-29523"
132.5,-6,0.92,"Seriola lalandi","Fis-29523"
133,-6,0.92,"Seriola lalandi","Fis-29523"
133.5,-6,0.9,"Seriola lalandi","Fis-29523"
134,-6,0.8,"Seriola lalandi","Fis-29523"
134.5,-6,0.94,"Seriola lalandi","Fis-29523"
135,-6,0.38,"Seriola lalandi","Fis-29523"
135.5,-6,0.57,"Seriola lalandi","Fis-29523"
136,-6,0.69,"Seriola lalandi","Fis-29523"
136.5,-6,0.52,"Seriola lalandi","Fis-29523"
137,-6,0.47,"Seriola lalandi","Fis-29523"
137.5,-6,0.58,"Seriola lalandi","Fis-29523"
138,-6,0.47,"Seriola lalandi","Fis-29523"
138.5,-6,0.38,"Seriola lalandi","Fis-29523"
146.5,-6,0.75,"Seriola lalandi","Fis-29523"
147,-6,0.74,"Seriola lalandi","Fis-29523"
147.5,-6,0.74,"Seriola lalandi","Fis-29523"
148,-6,0.74,"Seriola lalandi","Fis-29523"
148.5,-6,0.74,"Seriola lalandi","Fis-29523"
149,-6,0.67,"Seriola lalandi","Fis-29523"
149.5,-6,0.25,"Seriola lalandi","Fis-29523"
151,-6,0.2,"Seriola lalandi","Fis-29523"
151.5,-6,0.61,"Seriola lalandi","Fis-29523"
152,-6,0.63,"Seriola lalandi","Fis-29523"
152.5,-6,0.61,"Seriola lalandi","Fis-29523"
154,-6,0.24,"Seriola lalandi","Fis-29523"
154.5,-6,0.47,"Seriola lalandi","Fis-29523"
155,-6,0.55,"Seriola lalandi","Fis-29523"
155.5,-6,0.55,"Seriola lalandi","Fis-29523"
156,-6,0.54,"Seriola lalandi","Fis-29523"
159.5,-6,0.24,"Seriola lalandi","Fis-29523"
160,-6,0.54,"Seriola lalandi","Fis-29523"
176.5,-6,0.61,"Seriola lalandi","Fis-29523"
-81,-6.5,0.27,"Seriola lalandi","Fis-29523"
-80.5,-6.5,0.04,"Seriola lalandi","Fis-29523"
-80,-6.5,0.05,"Seriola lalandi","Fis-29523"
-35,-6.5,0.04,"Seriola lalandi","Fis-29523"
-34.5,-6.5,0.41,"Seriola lalandi","Fis-29523"
0.5,-6.5,0.93,"Seriola lalandi","Fis-29523"
1.5,-6.5,0.65,"Seriola lalandi","Fis-29523"
11.5,-6.5,0.68,"Seriola lalandi","Fis-29523"
12,-6.5,0.06,"Seriola lalandi","Fis-29523"
39,-6.5,0.57,"Seriola lalandi","Fis-29523"
39.5,-6.5,1,"Seriola lalandi","Fis-29523"
40,-6.5,1,"Seriola lalandi","Fis-29523"
53,-6.5,0.97,"Seriola lalandi","Fis-29523"
53.5,-6.5,0.98,"Seriola lalandi","Fis-29523"
56.5,-6.5,0.99,"Seriola lalandi","Fis-29523"
57.5,-6.5,0.97,"Seriola lalandi","Fis-29523"
58.5,-6.5,0.21,"Seriola lalandi","Fis-29523"
71.5,-6.5,0.86,"Seriola lalandi","Fis-29523"
72,-6.5,0.88,"Seriola lalandi","Fis-29523"
72.5,-6.5,0.88,"Seriola lalandi","Fis-29523"
73,-6.5,0.87,"Seriola lalandi","Fis-29523"
104.5,-6.5,0.7,"Seriola lalandi","Fis-29523"
105,-6.5,0.75,"Seriola lalandi","Fis-29523"
105.5,-6.5,0.73,"Seriola lalandi","Fis-29523"
106,-6.5,0.7,"Seriola lalandi","Fis-29523"
107,-6.5,0.04,"Seriola lalandi","Fis-29523"
107.5,-6.5,0.69,"Seriola lalandi","Fis-29523"
108,-6.5,0.68,"Seriola lalandi","Fis-29523"
108.5,-6.5,0.24,"Seriola lalandi","Fis-29523"
109,-6.5,0.55,"Seriola lalandi","Fis-29523"
109.5,-6.5,0.59,"Seriola lalandi","Fis-29523"
110,-6.5,0.4,"Seriola lalandi","Fis-29523"
110.5,-6.5,0.4,"Seriola lalandi","Fis-29523"
111,-6.5,0.33,"Seriola lalandi","Fis-29523"
111.5,-6.5,0.65,"Seriola lalandi","Fis-29523"
112,-6.5,0.39,"Seriola lalandi","Fis-29523"
112.5,-6.5,0.49,"Seriola lalandi","Fis-29523"
113,-6.5,0.49,"Seriola lalandi","Fis-29523"
113.5,-6.5,0.46,"Seriola lalandi","Fis-29523"
114,-6.5,0.53,"Seriola lalandi","Fis-29523"
114.5,-6.5,0.52,"Seriola lalandi","Fis-29523"
115,-6.5,0.55,"Seriola lalandi","Fis-29523"
115.5,-6.5,0.55,"Seriola lalandi","Fis-29523"
116,-6.5,0.7,"Seriola lalandi","Fis-29523"
116.5,-6.5,0.7,"Seriola lalandi","Fis-29523"
117,-6.5,0.7,"Seriola lalandi","Fis-29523"
117.5,-6.5,0.71,"Seriola lalandi","Fis-29523"
118,-6.5,0.72,"Seriola lalandi","Fis-29523"
118.5,-6.5,0.76,"Seriola lalandi","Fis-29523"
119,-6.5,0.79,"Seriola lalandi","Fis-29523"
119.5,-6.5,0.8,"Seriola lalandi","Fis-29523"
120,-6.5,0.23,"Seriola lalandi","Fis-29523"
120.5,-6.5,0.56,"Seriola lalandi","Fis-29523"
121,-6.5,0.46,"Seriola lalandi","Fis-29523"
121.5,-6.5,0.43,"Seriola lalandi","Fis-29523"
123,-6.5,0.66,"Seriola lalandi","Fis-29523"
124.5,-6.5,0.65,"Seriola lalandi","Fis-29523"
125,-6.5,0.64,"Seriola lalandi","Fis-29523"
130.5,-6.5,0.57,"Seriola lalandi","Fis-29523"
132,-6.5,0.24,"Seriola lalandi","Fis-29523"
132.5,-6.5,0.78,"Seriola lalandi","Fis-29523"
133,-6.5,0.82,"Seriola lalandi","Fis-29523"
133.5,-6.5,0.49,"Seriola lalandi","Fis-29523"
134,-6.5,0.93,"Seriola lalandi","Fis-29523"
134.5,-6.5,0.93,"Seriola lalandi","Fis-29523"
135,-6.5,0.92,"Seriola lalandi","Fis-29523"
135.5,-6.5,0.49,"Seriola lalandi","Fis-29523"
136,-6.5,0.4,"Seriola lalandi","Fis-29523"
136.5,-6.5,0.48,"Seriola lalandi","Fis-29523"
137,-6.5,0.5,"Seriola lalandi","Fis-29523"
137.5,-6.5,0.62,"Seriola lalandi","Fis-29523"
138,-6.5,0.58,"Seriola lalandi","Fis-29523"
138.5,-6.5,0.41,"Seriola lalandi","Fis-29523"
139,-6.5,0.4,"Seriola lalandi","Fis-29523"
148,-6.5,0.74,"Seriola lalandi","Fis-29523"
148.5,-6.5,0.61,"Seriola lalandi","Fis-29523"
149,-6.5,0.74,"Seriola lalandi","Fis-29523"
149.5,-6.5,0.73,"Seriola lalandi","Fis-29523"
150,-6.5,0.71,"Seriola lalandi","Fis-29523"
150.5,-6.5,0.69,"Seriola lalandi","Fis-29523"
151,-6.5,0.66,"Seriola lalandi","Fis-29523"
151.5,-6.5,0.64,"Seriola lalandi","Fis-29523"
155,-6.5,0.54,"Seriola lalandi","Fis-29523"
155.5,-6.5,0.56,"Seriola lalandi","Fis-29523"
156,-6.5,0.57,"Seriola lalandi","Fis-29523"
156.5,-6.5,0.56,"Seriola lalandi","Fis-29523"
157,-6.5,0.5,"Seriola lalandi","Fis-29523"
159.5,-6.5,0.54,"Seriola lalandi","Fis-29523"
160,-6.5,0.21,"Seriola lalandi","Fis-29523"
176.5,-6.5,0.6,"Seriola lalandi","Fis-29523"
177.5,-6.5,0.6,"Seriola lalandi","Fis-29523"
-81,-7,0.3,"Seriola lalandi","Fis-29523"
-80.5,-7,0.41,"Seriola lalandi","Fis-29523"
-80,-7,0.18,"Seriola lalandi","Fis-29523"
-79.5,-7,0.33,"Seriola lalandi","Fis-29523"
-34.5,-7,0.7,"Seriola lalandi","Fis-29523"
-34,-7,0.16,"Seriola lalandi","Fis-29523"
1.5,-7,0.44,"Seriola lalandi","Fis-29523"
11.5,-7,0.45,"Seriola lalandi","Fis-29523"
12,-7,0.56,"Seriola lalandi","Fis-29523"
12.5,-7,0.2,"Seriola lalandi","Fis-29523"
13,-7,0.28,"Seriola lalandi","Fis-29523"
39.5,-7,1,"Seriola lalandi","Fis-29523"
40,-7,1,"Seriola lalandi","Fis-29523"
40.5,-7,0.88,"Seriola lalandi","Fis-29523"
53,-7,0.98,"Seriola lalandi","Fis-29523"
71.5,-7,0.88,"Seriola lalandi","Fis-29523"
72,-7,0.9,"Seriola lalandi","Fis-29523"
72.5,-7,0.9,"Seriola lalandi","Fis-29523"
73,-7,0.26,"Seriola lalandi","Fis-29523"
104,-7,0.05,"Seriola lalandi","Fis-29523"
105.5,-7,0.82,"Seriola lalandi","Fis-29523"
106,-7,0.83,"Seriola lalandi","Fis-29523"
106.5,-7,0.81,"Seriola lalandi","Fis-29523"
107,-7,0.27,"Seriola lalandi","Fis-29523"
109,-7,0.63,"Seriola lalandi","Fis-29523"
109.5,-7,0.57,"Seriola lalandi","Fis-29523"
110,-7,0.48,"Seriola lalandi","Fis-29523"
110.5,-7,0.46,"Seriola lalandi","Fis-29523"
111,-7,0.26,"Seriola lalandi","Fis-29523"
111.5,-7,0.68,"Seriola lalandi","Fis-29523"
112,-7,0.59,"Seriola lalandi","Fis-29523"
112.5,-7,0.54,"Seriola lalandi","Fis-29523"
113,-7,0.31,"Seriola lalandi","Fis-29523"
113.5,-7,0.35,"Seriola lalandi","Fis-29523"
114,-7,0.44,"Seriola lalandi","Fis-29523"
114.5,-7,0.55,"Seriola lalandi","Fis-29523"
115,-7,0.71,"Seriola lalandi","Fis-29523"
115.5,-7,0.69,"Seriola lalandi","Fis-29523"
116,-7,0.44,"Seriola lalandi","Fis-29523"
116.5,-7,0.71,"Seriola lalandi","Fis-29523"
117,-7,0.71,"Seriola lalandi","Fis-29523"
117.5,-7,0.72,"Seriola lalandi","Fis-29523"
118,-7,0.74,"Seriola lalandi","Fis-29523"
118.5,-7,0.76,"Seriola lalandi","Fis-29523"
119,-7,0.78,"Seriola lalandi","Fis-29523"
119.5,-7,0.63,"Seriola lalandi","Fis-29523"
120,-7,0.08,"Seriola lalandi","Fis-29523"
120.5,-7,0.5,"Seriola lalandi","Fis-29523"
121,-7,0.47,"Seriola lalandi","Fis-29523"
121.5,-7,0.45,"Seriola lalandi","Fis-29523"
122.5,-7,0.53,"Seriola lalandi","Fis-29523"
127,-7,0.54,"Seriola lalandi","Fis-29523"
129.5,-7,0.49,"Seriola lalandi","Fis-29523"
130,-7,0.51,"Seriola lalandi","Fis-29523"
131.5,-7,0.64,"Seriola lalandi","Fis-29523"
132,-7,0.68,"Seriola lalandi","Fis-29523"
132.5,-7,0.74,"Seriola lalandi","Fis-29523"
133,-7,0.54,"Seriola lalandi","Fis-29523"
133.5,-7,0.94,"Seriola lalandi","Fis-29523"
134,-7,0.97,"Seriola lalandi","Fis-29523"
134.5,-7,0.95,"Seriola lalandi","Fis-29523"
135,-7,0.52,"Seriola lalandi","Fis-29523"
135.5,-7,0.31,"Seriola lalandi","Fis-29523"
136,-7,0.79,"Seriola lalandi","Fis-29523"
136.5,-7,0.78,"Seriola lalandi","Fis-29523"
137,-7,0.47,"Seriola lalandi","Fis-29523"
137.5,-7,0.41,"Seriola lalandi","Fis-29523"
138,-7,0.38,"Seriola lalandi","Fis-29523"
138.5,-7,0.34,"Seriola lalandi","Fis-29523"
139,-7,0.31,"Seriola lalandi","Fis-29523"
147,-7,0.76,"Seriola lalandi","Fis-29523"
147.5,-7,0.72,"Seriola lalandi","Fis-29523"
148,-7,0.73,"Seriola lalandi","Fis-29523"
148.5,-7,0.73,"Seriola lalandi","Fis-29523"
155,-7,0.35,"Seriola lalandi","Fis-29523"
155.5,-7,0.57,"Seriola lalandi","Fis-29523"
156,-7,0.6,"Seriola lalandi","Fis-29523"
156.5,-7,0.6,"Seriola lalandi","Fis-29523"
157,-7,0.58,"Seriola lalandi","Fis-29523"
157.5,-7,0.56,"Seriola lalandi","Fis-29523"
-80.5,-7.5,0.87,"Seriola lalandi","Fis-29523"
-80,-7.5,0.66,"Seriola lalandi","Fis-29523"
-79.5,-7.5,0.38,"Seriola lalandi","Fis-29523"
-34.5,-7.5,0.66,"Seriola lalandi","Fis-29523"
-34,-7.5,0.16,"Seriola lalandi","Fis-29523"
12,-7.5,0.91,"Seriola lalandi","Fis-29523"
12.5,-7.5,0.87,"Seriola lalandi","Fis-29523"
13,-7.5,0.79,"Seriola lalandi","Fis-29523"
39.5,-7.5,0.15,"Seriola lalandi","Fis-29523"
40,-7.5,1,"Seriola lalandi","Fis-29523"
40.5,-7.5,0.95,"Seriola lalandi","Fis-29523"
53,-7.5,1,"Seriola lalandi","Fis-29523"
56.5,-7.5,1,"Seriola lalandi","Fis-29523"
57,-7.5,1,"Seriola lalandi","Fis-29523"
57.5,-7.5,0.99,"Seriola lalandi","Fis-29523"
71,-7.5,0.44,"Seriola lalandi","Fis-29523"
71.5,-7.5,0.9,"Seriola lalandi","Fis-29523"
72,-7.5,0.91,"Seriola lalandi","Fis-29523"
72.5,-7.5,0.91,"Seriola lalandi","Fis-29523"
73,-7.5,0.9,"Seriola lalandi","Fis-29523"
105.5,-7.5,0.88,"Seriola lalandi","Fis-29523"
106,-7.5,0.92,"Seriola lalandi","Fis-29523"
106.5,-7.5,0.95,"Seriola lalandi","Fis-29523"
107,-7.5,0.93,"Seriola lalandi","Fis-29523"
107.5,-7.5,0.91,"Seriola lalandi","Fis-29523"
113,-7.5,0.43,"Seriola lalandi","Fis-29523"
113.5,-7.5,0.43,"Seriola lalandi","Fis-29523"
114,-7.5,0.65,"Seriola lalandi","Fis-29523"
114.5,-7.5,0.7,"Seriola lalandi","Fis-29523"
115,-7.5,0.72,"Seriola lalandi","Fis-29523"
115.5,-7.5,0.67,"Seriola lalandi","Fis-29523"
116,-7.5,0.7,"Seriola lalandi","Fis-29523"
116.5,-7.5,0.71,"Seriola lalandi","Fis-29523"
117,-7.5,0.72,"Seriola lalandi","Fis-29523"
117.5,-7.5,0.74,"Seriola lalandi","Fis-29523"
118,-7.5,0.74,"Seriola lalandi","Fis-29523"
118.5,-7.5,0.75,"Seriola lalandi","Fis-29523"
119,-7.5,0.72,"Seriola lalandi","Fis-29523"
119.5,-7.5,0.38,"Seriola lalandi","Fis-29523"
120.5,-7.5,0.58,"Seriola lalandi","Fis-29523"
121,-7.5,0.58,"Seriola lalandi","Fis-29523"
121.5,-7.5,0.58,"Seriola lalandi","Fis-29523"
122,-7.5,0.58,"Seriola lalandi","Fis-29523"
122.5,-7.5,0.57,"Seriola lalandi","Fis-29523"
127.5,-7.5,0.71,"Seriola lalandi","Fis-29523"
128,-7.5,0.59,"Seriola lalandi","Fis-29523"
128.5,-7.5,0.51,"Seriola lalandi","Fis-29523"
129,-7.5,0.47,"Seriola lalandi","Fis-29523"
130,-7.5,0.36,"Seriola lalandi","Fis-29523"
130.5,-7.5,0.48,"Seriola lalandi","Fis-29523"
131,-7.5,0.54,"Seriola lalandi","Fis-29523"
131.5,-7.5,0.63,"Seriola lalandi","Fis-29523"
132,-7.5,0.74,"Seriola lalandi","Fis-29523"
132.5,-7.5,0.82,"Seriola lalandi","Fis-29523"
133,-7.5,0.94,"Seriola lalandi","Fis-29523"
133.5,-7.5,0.97,"Seriola lalandi","Fis-29523"
134,-7.5,0.84,"Seriola lalandi","Fis-29523"
134.5,-7.5,0.42,"Seriola lalandi","Fis-29523"
135,-7.5,0.55,"Seriola lalandi","Fis-29523"
135.5,-7.5,0.57,"Seriola lalandi","Fis-29523"
136,-7.5,0.96,"Seriola lalandi","Fis-29523"
136.5,-7.5,0.96,"Seriola lalandi","Fis-29523"
137,-7.5,0.47,"Seriola lalandi","Fis-29523"
137.5,-7.5,0.31,"Seriola lalandi","Fis-29523"
138,-7.5,0.24,"Seriola lalandi","Fis-29523"
138.5,-7.5,0.19,"Seriola lalandi","Fis-29523"
139,-7.5,0.19,"Seriola lalandi","Fis-29523"
147.5,-7.5,0.71,"Seriola lalandi","Fis-29523"
148,-7.5,0.71,"Seriola lalandi","Fis-29523"
156,-7.5,0.59,"Seriola lalandi","Fis-29523"
156.5,-7.5,0.59,"Seriola lalandi","Fis-29523"
157,-7.5,0.6,"Seriola lalandi","Fis-29523"
157.5,-7.5,0.59,"Seriola lalandi","Fis-29523"
158,-7.5,0.59,"Seriola lalandi","Fis-29523"
158.5,-7.5,0.58,"Seriola lalandi","Fis-29523"
159,-7.5,0.56,"Seriola lalandi","Fis-29523"
177.5,-7.5,0.5,"Seriola lalandi","Fis-29523"
179,-7.5,0.52,"Seriola lalandi","Fis-29523"
-140.5,-8,1,"Seriola lalandi","Fis-29523"
-140,-8,1,"Seriola lalandi","Fis-29523"
-139.5,-8,1,"Seriola lalandi","Fis-29523"
-80.5,-8,0.99,"Seriola lalandi","Fis-29523"
-80,-8,0.85,"Seriola lalandi","Fis-29523"
-79.5,-8,0.5,"Seriola lalandi","Fis-29523"
-79,-8,0.38,"Seriola lalandi","Fis-29523"
-34.5,-8,0.26,"Seriola lalandi","Fis-29523"
-34,-8,0.17,"Seriola lalandi","Fis-29523"
-14,-8,0.22,"Seriola lalandi","Fis-29523"
1,-8,0.53,"Seriola lalandi","Fis-29523"
12.5,-8,0.59,"Seriola lalandi","Fis-29523"
13,-8,0.88,"Seriola lalandi","Fis-29523"
13.5,-8,0.75,"Seriola lalandi","Fis-29523"
39.5,-8,0.58,"Seriola lalandi","Fis-29523"
40,-8,1,"Seriola lalandi","Fis-29523"
40.5,-8,0.99,"Seriola lalandi","Fis-29523"
48,-8,0.55,"Seriola lalandi","Fis-29523"
71,-8,0.76,"Seriola lalandi","Fis-29523"
71.5,-8,0.91,"Seriola lalandi","Fis-29523"
72,-8,0.92,"Seriola lalandi","Fis-29523"
72.5,-8,0.38,"Seriola lalandi","Fis-29523"
106.5,-8,0.92,"Seriola lalandi","Fis-29523"
107,-8,0.98,"Seriola lalandi","Fis-29523"
107.5,-8,1,"Seriola lalandi","Fis-29523"
108,-8,1,"Seriola lalandi","Fis-29523"
108.5,-8,0.98,"Seriola lalandi","Fis-29523"
109,-8,0.93,"Seriola lalandi","Fis-29523"
109.5,-8,0.87,"Seriola lalandi","Fis-29523"
110,-8,0.8,"Seriola lalandi","Fis-29523"
110.5,-8,0.92,"Seriola lalandi","Fis-29523"
113,-8,0.62,"Seriola lalandi","Fis-29523"
113.5,-8,0.49,"Seriola lalandi","Fis-29523"
114,-8,0.76,"Seriola lalandi","Fis-29523"
114.5,-8,0.78,"Seriola lalandi","Fis-29523"
115,-8,0.63,"Seriola lalandi","Fis-29523"
115.5,-8,0.4,"Seriola lalandi","Fis-29523"
116.5,-8,0.29,"Seriola lalandi","Fis-29523"
117,-8,0.51,"Seriola lalandi","Fis-29523"
117.5,-8,0.73,"Seriola lalandi","Fis-29523"
118,-8,0.72,"Seriola lalandi","Fis-29523"
118.5,-8,0.74,"Seriola lalandi","Fis-29523"
121.5,-8,0.18,"Seriola lalandi","Fis-29523"
124,-8,0.52,"Seriola lalandi","Fis-29523"
126,-8,0.55,"Seriola lalandi","Fis-29523"
126.5,-8,0.54,"Seriola lalandi","Fis-29523"
127,-8,0.56,"Seriola lalandi","Fis-29523"
127.5,-8,0.66,"Seriola lalandi","Fis-29523"
128,-8,0.61,"Seriola lalandi","Fis-29523"
129.5,-8,0.21,"Seriola lalandi","Fis-29523"
130,-8,0.44,"Seriola lalandi","Fis-29523"
130.5,-8,0.43,"Seriola lalandi","Fis-29523"
131,-8,0.51,"Seriola lalandi","Fis-29523"
131.5,-8,0.65,"Seriola lalandi","Fis-29523"
132,-8,0.76,"Seriola lalandi","Fis-29523"
132.5,-8,0.69,"Seriola lalandi","Fis-29523"
133,-8,0.93,"Seriola lalandi","Fis-29523"
133.5,-8,0.96,"Seriola lalandi","Fis-29523"
134,-8,0.97,"Seriola lalandi","Fis-29523"
134.5,-8,0.93,"Seriola lalandi","Fis-29523"
135,-8,0.96,"Seriola lalandi","Fis-29523"
135.5,-8,0.96,"Seriola lalandi","Fis-29523"
136,-8,0.93,"Seriola lalandi","Fis-29523"
136.5,-8,0.91,"Seriola lalandi","Fis-29523"
137,-8,0.37,"Seriola lalandi","Fis-29523"
137.5,-8,0.29,"Seriola lalandi","Fis-29523"
138,-8,0.26,"Seriola lalandi","Fis-29523"
138.5,-8,0.06,"Seriola lalandi","Fis-29523"
144,-8,0.62,"Seriola lalandi","Fis-29523"
144.5,-8,0.43,"Seriola lalandi","Fis-29523"
145,-8,0.77,"Seriola lalandi","Fis-29523"
145.5,-8,0.88,"Seriola lalandi","Fis-29523"
146,-8,0.88,"Seriola lalandi","Fis-29523"
147.5,-8,0.76,"Seriola lalandi","Fis-29523"
148,-8,0.71,"Seriola lalandi","Fis-29523"
148.5,-8,0.72,"Seriola lalandi","Fis-29523"
156.5,-8,0.59,"Seriola lalandi","Fis-29523"
157,-8,0.6,"Seriola lalandi","Fis-29523"
157.5,-8,0.6,"Seriola lalandi","Fis-29523"
158,-8,0.6,"Seriola lalandi","Fis-29523"
158.5,-8,0.59,"Seriola lalandi","Fis-29523"
159,-8,0.58,"Seriola lalandi","Fis-29523"
159.5,-8,0.58,"Seriola lalandi","Fis-29523"
160,-8,0.57,"Seriola lalandi","Fis-29523"
160.5,-8,0.13,"Seriola lalandi","Fis-29523"
161,-8,0.59,"Seriola lalandi","Fis-29523"
178.5,-8,0.46,"Seriola lalandi","Fis-29523"
179,-8,0.32,"Seriola lalandi","Fis-29523"
-172,-8.5,0.33,"Seriola lalandi","Fis-29523"
-161.5,-8.5,0.74,"Seriola lalandi","Fis-29523"
-140.5,-8.5,1,"Seriola lalandi","Fis-29523"
-139.5,-8.5,1,"Seriola lalandi","Fis-29523"
-80,-8.5,0.94,"Seriola lalandi","Fis-29523"
-79.5,-8.5,0.67,"Seriola lalandi","Fis-29523"
-79,-8.5,0.34,"Seriola lalandi","Fis-29523"
-78.5,-8.5,0.37,"Seriola lalandi","Fis-29523"
-34.5,-8.5,0.57,"Seriola lalandi","Fis-29523"
-34,-8.5,0.17,"Seriola lalandi","Fis-29523"
-17,-8.5,0.14,"Seriola lalandi","Fis-29523"
-16.5,-8.5,0.09,"Seriola lalandi","Fis-29523"
-14,-8.5,0.02,"Seriola lalandi","Fis-29523"
13,-8.5,0.93,"Seriola lalandi","Fis-29523"
13.5,-8.5,0.79,"Seriola lalandi","Fis-29523"
39.5,-8.5,0.21,"Seriola lalandi","Fis-29523"
40,-8.5,1,"Seriola lalandi","Fis-29523"
59,-8.5,0.67,"Seriola lalandi","Fis-29523"
59.5,-8.5,0.25,"Seriola lalandi","Fis-29523"
60,-8.5,0.46,"Seriola lalandi","Fis-29523"
60.5,-8.5,0.97,"Seriola lalandi","Fis-29523"
71,-8.5,0.38,"Seriola lalandi","Fis-29523"
71.5,-8.5,0.3,"Seriola lalandi","Fis-29523"
108.5,-8.5,0.97,"Seriola lalandi","Fis-29523"
109,-8.5,0.98,"Seriola lalandi","Fis-29523"
109.5,-8.5,0.99,"Seriola lalandi","Fis-29523"
110,-8.5,1,"Seriola lalandi","Fis-29523"
110.5,-8.5,0.94,"Seriola lalandi","Fis-29523"
111,-8.5,0.95,"Seriola lalandi","Fis-29523"
111.5,-8.5,0.94,"Seriola lalandi","Fis-29523"
112,-8.5,0.94,"Seriola lalandi","Fis-29523"
112.5,-8.5,0.92,"Seriola lalandi","Fis-29523"
113,-8.5,0.87,"Seriola lalandi","Fis-29523"
113.5,-8.5,0.86,"Seriola lalandi","Fis-29523"
114,-8.5,0.89,"Seriola lalandi","Fis-29523"
114.5,-8.5,0.92,"Seriola lalandi","Fis-29523"
115,-8.5,0.9,"Seriola lalandi","Fis-29523"
115.5,-8.5,0.86,"Seriola lalandi","Fis-29523"
116,-8.5,0.79,"Seriola lalandi","Fis-29523"
116.5,-8.5,0.8,"Seriola lalandi","Fis-29523"
117,-8.5,0.78,"Seriola lalandi","Fis-29523"
117.5,-8.5,0.73,"Seriola lalandi","Fis-29523"
118,-8.5,0.79,"Seriola lalandi","Fis-29523"
118.5,-8.5,0.78,"Seriola lalandi","Fis-29523"
119,-8.5,0.82,"Seriola lalandi","Fis-29523"
119.5,-8.5,0.84,"Seriola lalandi","Fis-29523"
120,-8.5,0.81,"Seriola lalandi","Fis-29523"
120.5,-8.5,0.75,"Seriola lalandi","Fis-29523"
121,-8.5,0.73,"Seriola lalandi","Fis-29523"
121.5,-8.5,0.65,"Seriola lalandi","Fis-29523"
122,-8.5,0.53,"Seriola lalandi","Fis-29523"
122.5,-8.5,0.49,"Seriola lalandi","Fis-29523"
123,-8.5,0.63,"Seriola lalandi","Fis-29523"
123.5,-8.5,0.71,"Seriola lalandi","Fis-29523"
124,-8.5,0.75,"Seriola lalandi","Fis-29523"
124.5,-8.5,0.87,"Seriola lalandi","Fis-29523"
125,-8.5,0.83,"Seriola lalandi","Fis-29523"
125.5,-8.5,0.81,"Seriola lalandi","Fis-29523"
126,-8.5,0.52,"Seriola lalandi","Fis-29523"
126.5,-8.5,0.54,"Seriola lalandi","Fis-29523"
127,-8.5,0.54,"Seriola lalandi","Fis-29523"
127.5,-8.5,0.66,"Seriola lalandi","Fis-29523"
128,-8.5,0.65,"Seriola lalandi","Fis-29523"
128.5,-8.5,0.57,"Seriola lalandi","Fis-29523"
129,-8.5,0.57,"Seriola lalandi","Fis-29523"
129.5,-8.5,0.51,"Seriola lalandi","Fis-29523"
130,-8.5,0.48,"Seriola lalandi","Fis-29523"
130.5,-8.5,0.48,"Seriola lalandi","Fis-29523"
131,-8.5,0.59,"Seriola lalandi","Fis-29523"
131.5,-8.5,0.71,"Seriola lalandi","Fis-29523"
132,-8.5,0.74,"Seriola lalandi","Fis-29523"
132.5,-8.5,0.77,"Seriola lalandi","Fis-29523"
133,-8.5,0.83,"Seriola lalandi","Fis-29523"
133.5,-8.5,0.68,"Seriola lalandi","Fis-29523"
134,-8.5,0.93,"Seriola lalandi","Fis-29523"
134.5,-8.5,0.95,"Seriola lalandi","Fis-29523"
135,-8.5,0.95,"Seriola lalandi","Fis-29523"
135.5,-8.5,0.96,"Seriola lalandi","Fis-29523"
136,-8.5,0.68,"Seriola lalandi","Fis-29523"
136.5,-8.5,0.6,"Seriola lalandi","Fis-29523"
137,-8.5,0.52,"Seriola lalandi","Fis-29523"
137.5,-8.5,0.28,"Seriola lalandi","Fis-29523"
138,-8.5,0.27,"Seriola lalandi","Fis-29523"
138.5,-8.5,0.2,"Seriola lalandi","Fis-29523"
139,-8.5,0.31,"Seriola lalandi","Fis-29523"
139.5,-8.5,0.32,"Seriola lalandi","Fis-29523"
140,-8.5,0.27,"Seriola lalandi","Fis-29523"
140.5,-8.5,0.27,"Seriola lalandi","Fis-29523"
143.5,-8.5,0.35,"Seriola lalandi","Fis-29523"
144,-8.5,0.16,"Seriola lalandi","Fis-29523"
144.5,-8.5,0.62,"Seriola lalandi","Fis-29523"
145,-8.5,0.88,"Seriola lalandi","Fis-29523"
145.5,-8.5,0.96,"Seriola lalandi","Fis-29523"
146,-8.5,0.95,"Seriola lalandi","Fis-29523"
146.5,-8.5,0.91,"Seriola lalandi","Fis-29523"
148.5,-8.5,0.73,"Seriola lalandi","Fis-29523"
149,-8.5,0.73,"Seriola lalandi","Fis-29523"
149.5,-8.5,0.72,"Seriola lalandi","Fis-29523"
150,-8.5,0.73,"Seriola lalandi","Fis-29523"
150.5,-8.5,0.75,"Seriola lalandi","Fis-29523"
151,-8.5,0.76,"Seriola lalandi","Fis-29523"
151.5,-8.5,0.75,"Seriola lalandi","Fis-29523"
152,-8.5,0.29,"Seriola lalandi","Fis-29523"
155,-8.5,0.01,"Seriola lalandi","Fis-29523"
157,-8.5,0.61,"Seriola lalandi","Fis-29523"
157.5,-8.5,0.6,"Seriola lalandi","Fis-29523"
158,-8.5,0.6,"Seriola lalandi","Fis-29523"
158.5,-8.5,0.6,"Seriola lalandi","Fis-29523"
159,-8.5,0.59,"Seriola lalandi","Fis-29523"
159.5,-8.5,0.6,"Seriola lalandi","Fis-29523"
160,-8.5,0.6,"Seriola lalandi","Fis-29523"
160.5,-8.5,0.59,"Seriola lalandi","Fis-29523"
161,-8.5,0.6,"Seriola lalandi","Fis-29523"
163,-8.5,0.6,"Seriola lalandi","Fis-29523"
178.5,-8.5,0.35,"Seriola lalandi","Fis-29523"
179.5,-8.5,0.36,"Seriola lalandi","Fis-29523"
-172,-9,0.37,"Seriola lalandi","Fis-29523"
-158,-9,0.75,"Seriola lalandi","Fis-29523"
-157.5,-9,0.75,"Seriola lalandi","Fis-29523"
-140.5,-9,1,"Seriola lalandi","Fis-29523"
-140,-9,1,"Seriola lalandi","Fis-29523"
-139.5,-9,1,"Seriola lalandi","Fis-29523"
-139,-9,1,"Seriola lalandi","Fis-29523"
-80,-9,0.86,"Seriola lalandi","Fis-29523"
-79.5,-9,0.83,"Seriola lalandi","Fis-29523"
-79,-9,0.55,"Seriola lalandi","Fis-29523"
-78.5,-9,0.38,"Seriola lalandi","Fis-29523"
-35,-9,0.18,"Seriola lalandi","Fis-29523"
-34.5,-9,0.46,"Seriola lalandi","Fis-29523"
13,-9,0.84,"Seriola lalandi","Fis-29523"
13.5,-9,0.66,"Seriola lalandi","Fis-29523"
39.5,-9,0.56,"Seriola lalandi","Fis-29523"
40,-9,1,"Seriola lalandi","Fis-29523"
47,-9,0.68,"Seriola lalandi","Fis-29523"
47.5,-9,0.86,"Seriola lalandi","Fis-29523"
52,-9,0.85,"Seriola lalandi","Fis-29523"
60,-9,1,"Seriola lalandi","Fis-29523"
60.5,-9,1,"Seriola lalandi","Fis-29523"
111,-9,0.93,"Seriola lalandi","Fis-29523"
111.5,-9,1,"Seriola lalandi","Fis-29523"
112,-9,0.89,"Seriola lalandi","Fis-29523"
112.5,-9,0.82,"Seriola lalandi","Fis-29523"
113,-9,1,"Seriola lalandi","Fis-29523"
113.5,-9,0.98,"Seriola lalandi","Fis-29523"
114,-9,0.93,"Seriola lalandi","Fis-29523"
114.5,-9,0.9,"Seriola lalandi","Fis-29523"
115,-9,0.89,"Seriola lalandi","Fis-29523"
115.5,-9,0.87,"Seriola lalandi","Fis-29523"
116,-9,0.93,"Seriola lalandi","Fis-29523"
116.5,-9,0.91,"Seriola lalandi","Fis-29523"
117,-9,0.94,"Seriola lalandi","Fis-29523"
117.5,-9,0.22,"Seriola lalandi","Fis-29523"
118,-9,0.89,"Seriola lalandi","Fis-29523"
118.5,-9,0.94,"Seriola lalandi","Fis-29523"
119,-9,1,"Seriola lalandi","Fis-29523"
119.5,-9,1,"Seriola lalandi","Fis-29523"
120,-9,1,"Seriola lalandi","Fis-29523"
120.5,-9,0.88,"Seriola lalandi","Fis-29523"
121,-9,0.84,"Seriola lalandi","Fis-29523"
121.5,-9,0.82,"Seriola lalandi","Fis-29523"
122,-9,0.82,"Seriola lalandi","Fis-29523"
122.5,-9,0.85,"Seriola lalandi","Fis-29523"
123,-9,0.89,"Seriola lalandi","Fis-29523"
123.5,-9,0.92,"Seriola lalandi","Fis-29523"
124,-9,0.95,"Seriola lalandi","Fis-29523"
124.5,-9,0.92,"Seriola lalandi","Fis-29523"
125,-9,0.87,"Seriola lalandi","Fis-29523"
125.5,-9,0.83,"Seriola lalandi","Fis-29523"
126,-9,0.3,"Seriola lalandi","Fis-29523"
126.5,-9,0.82,"Seriola lalandi","Fis-29523"
127,-9,0.81,"Seriola lalandi","Fis-29523"
127.5,-9,0.83,"Seriola lalandi","Fis-29523"
128,-9,0.31,"Seriola lalandi","Fis-29523"
129.5,-9,0.01,"Seriola lalandi","Fis-29523"
130,-9,0.12,"Seriola lalandi","Fis-29523"
130.5,-9,0.1,"Seriola lalandi","Fis-29523"
131,-9,0.27,"Seriola lalandi","Fis-29523"
131.5,-9,0.61,"Seriola lalandi","Fis-29523"
132,-9,0.59,"Seriola lalandi","Fis-29523"
132.5,-9,0.6,"Seriola lalandi","Fis-29523"
133,-9,0.61,"Seriola lalandi","Fis-29523"
133.5,-9,0.61,"Seriola lalandi","Fis-29523"
134,-9,0.6,"Seriola lalandi","Fis-29523"
134.5,-9,0.62,"Seriola lalandi","Fis-29523"
135,-9,0.7,"Seriola lalandi","Fis-29523"
135.5,-9,0.79,"Seriola lalandi","Fis-29523"
136,-9,0.72,"Seriola lalandi","Fis-29523"
136.5,-9,0.69,"Seriola lalandi","Fis-29523"
137,-9,0.57,"Seriola lalandi","Fis-29523"
137.5,-9,0.52,"Seriola lalandi","Fis-29523"
138,-9,0.51,"Seriola lalandi","Fis-29523"
138.5,-9,0.49,"Seriola lalandi","Fis-29523"
139,-9,0.39,"Seriola lalandi","Fis-29523"
139.5,-9,0.37,"Seriola lalandi","Fis-29523"
140,-9,0.37,"Seriola lalandi","Fis-29523"
140.5,-9,0.35,"Seriola lalandi","Fis-29523"
141,-9,0.28,"Seriola lalandi","Fis-29523"
143.5,-9,0.25,"Seriola lalandi","Fis-29523"
144,-9,0.46,"Seriola lalandi","Fis-29523"
144.5,-9,0.93,"Seriola lalandi","Fis-29523"
145,-9,0.84,"Seriola lalandi","Fis-29523"
145.5,-9,0.72,"Seriola lalandi","Fis-29523"
146,-9,0.97,"Seriola lalandi","Fis-29523"
146.5,-9,0.97,"Seriola lalandi","Fis-29523"
147,-9,0.94,"Seriola lalandi","Fis-29523"
148.5,-9,0.8,"Seriola lalandi","Fis-29523"
149,-9,0.74,"Seriola lalandi","Fis-29523"
149.5,-9,0.76,"Seriola lalandi","Fis-29523"
150,-9,0.77,"Seriola lalandi","Fis-29523"
150.5,-9,0.79,"Seriola lalandi","Fis-29523"
151,-9,0.82,"Seriola lalandi","Fis-29523"
151.5,-9,0.81,"Seriola lalandi","Fis-29523"
152,-9,0.76,"Seriola lalandi","Fis-29523"
152.5,-9,0.73,"Seriola lalandi","Fis-29523"
153,-9,0.72,"Seriola lalandi","Fis-29523"
155,-9,0.52,"Seriola lalandi","Fis-29523"
157.5,-9,0.62,"Seriola lalandi","Fis-29523"
158,-9,0.62,"Seriola lalandi","Fis-29523"
158.5,-9,0.61,"Seriola lalandi","Fis-29523"
159,-9,0.6,"Seriola lalandi","Fis-29523"
159.5,-9,0.61,"Seriola lalandi","Fis-29523"
160,-9,0.62,"Seriola lalandi","Fis-29523"
160.5,-9,0.61,"Seriola lalandi","Fis-29523"
161,-9,0.61,"Seriola lalandi","Fis-29523"
161.5,-9,0.62,"Seriola lalandi","Fis-29523"
179.5,-9,0.29,"Seriola lalandi","Fis-29523"
-171.5,-9.5,0.32,"Seriola lalandi","Fis-29523"
-171,-9.5,0.3,"Seriola lalandi","Fis-29523"
-158,-9.5,0.74,"Seriola lalandi","Fis-29523"
-157.5,-9.5,0.75,"Seriola lalandi","Fis-29523"
-140.5,-9.5,0.48,"Seriola lalandi","Fis-29523"
-140,-9.5,1,"Seriola lalandi","Fis-29523"
-139.5,-9.5,1,"Seriola lalandi","Fis-29523"
-138.5,-9.5,1,"Seriola lalandi","Fis-29523"
-79.5,-9.5,0.92,"Seriola lalandi","Fis-29523"
-79,-9.5,0.74,"Seriola lalandi","Fis-29523"
-78.5,-9.5,0.44,"Seriola lalandi","Fis-29523"
-78,-9.5,0.34,"Seriola lalandi","Fis-29523"
-35,-9.5,0.6,"Seriola lalandi","Fis-29523"
-34.5,-9.5,0.28,"Seriola lalandi","Fis-29523"
13,-9.5,0.79,"Seriola lalandi","Fis-29523"
13.5,-9.5,0.73,"Seriola lalandi","Fis-29523"
40,-9.5,1,"Seriola lalandi","Fis-29523"
46.5,-9.5,1,"Seriola lalandi","Fis-29523"
47,-9.5,0.86,"Seriola lalandi","Fis-29523"
51,-9.5,1,"Seriola lalandi","Fis-29523"
51.5,-9.5,1,"Seriola lalandi","Fis-29523"
60,-9.5,0.82,"Seriola lalandi","Fis-29523"
60.5,-9.5,1,"Seriola lalandi","Fis-29523"
116.5,-9.5,0.32,"Seriola lalandi","Fis-29523"
117,-9.5,0.96,"Seriola lalandi","Fis-29523"
117.5,-9.5,0.95,"Seriola lalandi","Fis-29523"
118,-9.5,0.95,"Seriola lalandi","Fis-29523"
119,-9.5,0.98,"Seriola lalandi","Fis-29523"
119.5,-9.5,0.99,"Seriola lalandi","Fis-29523"
120,-9.5,0.99,"Seriola lalandi","Fis-29523"
120.5,-9.5,0.95,"Seriola lalandi","Fis-29523"
121,-9.5,0.92,"Seriola lalandi","Fis-29523"
124,-9.5,0.88,"Seriola lalandi","Fis-29523"
124.5,-9.5,0.86,"Seriola lalandi","Fis-29523"
125,-9.5,0.83,"Seriola lalandi","Fis-29523"
125.5,-9.5,0.8,"Seriola lalandi","Fis-29523"
126,-9.5,0.79,"Seriola lalandi","Fis-29523"
126.5,-9.5,0.8,"Seriola lalandi","Fis-29523"
127,-9.5,0.26,"Seriola lalandi","Fis-29523"
128,-9.5,0.03,"Seriola lalandi","Fis-29523"
128.5,-9.5,0.53,"Seriola lalandi","Fis-29523"
129,-9.5,0.53,"Seriola lalandi","Fis-29523"
129.5,-9.5,0.51,"Seriola lalandi","Fis-29523"
130,-9.5,0.5,"Seriola lalandi","Fis-29523"
130.5,-9.5,0.53,"Seriola lalandi","Fis-29523"
131,-9.5,0.54,"Seriola lalandi","Fis-29523"
131.5,-9.5,0.52,"Seriola lalandi","Fis-29523"
132,-9.5,0.51,"Seriola lalandi","Fis-29523"
132.5,-9.5,0.52,"Seriola lalandi","Fis-29523"
133,-9.5,0.53,"Seriola lalandi","Fis-29523"
133.5,-9.5,0.53,"Seriola lalandi","Fis-29523"
134,-9.5,0.53,"Seriola lalandi","Fis-29523"
134.5,-9.5,0.48,"Seriola lalandi","Fis-29523"
135,-9.5,0.54,"Seriola lalandi","Fis-29523"
135.5,-9.5,0.61,"Seriola lalandi","Fis-29523"
136,-9.5,0.52,"Seriola lalandi","Fis-29523"
136.5,-9.5,0.63,"Seriola lalandi","Fis-29523"
137,-9.5,0.56,"Seriola lalandi","Fis-29523"
137.5,-9.5,0.51,"Seriola lalandi","Fis-29523"
138,-9.5,0.48,"Seriola lalandi","Fis-29523"
138.5,-9.5,0.51,"Seriola lalandi","Fis-29523"
139,-9.5,0.41,"Seriola lalandi","Fis-29523"
139.5,-9.5,0.37,"Seriola lalandi","Fis-29523"
140,-9.5,0.37,"Seriola lalandi","Fis-29523"
140.5,-9.5,0.3,"Seriola lalandi","Fis-29523"
141,-9.5,0.32,"Seriola lalandi","Fis-29523"
141.5,-9.5,0.27,"Seriola lalandi","Fis-29523"
142,-9.5,0.19,"Seriola lalandi","Fis-29523"
142.5,-9.5,0.32,"Seriola lalandi","Fis-29523"
143,-9.5,0.54,"Seriola lalandi","Fis-29523"
143.5,-9.5,0.34,"Seriola lalandi","Fis-29523"
144,-9.5,0.78,"Seriola lalandi","Fis-29523"
144.5,-9.5,0.91,"Seriola lalandi","Fis-29523"
145,-9.5,0.56,"Seriola lalandi","Fis-29523"
145.5,-9.5,0.47,"Seriola lalandi","Fis-29523"
147,-9.5,1,"Seriola lalandi","Fis-29523"
147.5,-9.5,0.99,"Seriola lalandi","Fis-29523"
149,-9.5,0.84,"Seriola lalandi","Fis-29523"
149.5,-9.5,0.78,"Seriola lalandi","Fis-29523"
150,-9.5,0.79,"Seriola lalandi","Fis-29523"
150.5,-9.5,0.82,"Seriola lalandi","Fis-29523"
151,-9.5,0.84,"Seriola lalandi","Fis-29523"
151.5,-9.5,0.83,"Seriola lalandi","Fis-29523"
152,-9.5,0.8,"Seriola lalandi","Fis-29523"
152.5,-9.5,0.79,"Seriola lalandi","Fis-29523"
153,-9.5,0.77,"Seriola lalandi","Fis-29523"
153.5,-9.5,0.75,"Seriola lalandi","Fis-29523"
154,-9.5,0.73,"Seriola lalandi","Fis-29523"
154.5,-9.5,0.32,"Seriola lalandi","Fis-29523"
158.5,-9.5,0.62,"Seriola lalandi","Fis-29523"
159,-9.5,0.61,"Seriola lalandi","Fis-29523"
159.5,-9.5,0.61,"Seriola lalandi","Fis-29523"
160,-9.5,0.63,"Seriola lalandi","Fis-29523"
160.5,-9.5,0.64,"Seriola lalandi","Fis-29523"
161,-9.5,0.63,"Seriola lalandi","Fis-29523"
161.5,-9.5,0.63,"Seriola lalandi","Fis-29523"
162,-9.5,0.63,"Seriola lalandi","Fis-29523"
179.5,-9.5,0.22,"Seriola lalandi","Fis-29523"
-162,-10,0.03,"Seriola lalandi","Fis-29523"
-161,-10,0.47,"Seriola lalandi","Fis-29523"
-150,-10,0.81,"Seriola lalandi","Fis-29523"
-139,-10,1,"Seriola lalandi","Fis-29523"
-138.5,-10,1,"Seriola lalandi","Fis-29523"
-79.5,-10,0.98,"Seriola lalandi","Fis-29523"
-79,-10,0.85,"Seriola lalandi","Fis-29523"
-78.5,-10,0.6,"Seriola lalandi","Fis-29523"
-78,-10,0.35,"Seriola lalandi","Fis-29523"
-35.5,-10,0.61,"Seriola lalandi","Fis-29523"
-35,-10,0.58,"Seriola lalandi","Fis-29523"
-12.5,-10,0.08,"Seriola lalandi","Fis-29523"
-12,-10,0.06,"Seriola lalandi","Fis-29523"
13,-10,0.94,"Seriola lalandi","Fis-29523"
13.5,-10,0.84,"Seriola lalandi","Fis-29523"
40,-10,1,"Seriola lalandi","Fis-29523"
40.5,-10,1,"Seriola lalandi","Fis-29523"
47,-10,0.85,"Seriola lalandi","Fis-29523"
48,-10,0.93,"Seriola lalandi","Fis-29523"
50.5,-10,0.04,"Seriola lalandi","Fis-29523"
51,-10,1,"Seriola lalandi","Fis-29523"
51.5,-10,1,"Seriola lalandi","Fis-29523"
60,-10,1,"Seriola lalandi","Fis-29523"
60.5,-10,1,"Seriola lalandi","Fis-29523"
61,-10,1,"Seriola lalandi","Fis-29523"
61.5,-10,1,"Seriola lalandi","Fis-29523"
62,-10,1,"Seriola lalandi","Fis-29523"
62.5,-10,0.83,"Seriola lalandi","Fis-29523"
110,-10,0.28,"Seriola lalandi","Fis-29523"
111,-10,0.06,"Seriola lalandi","Fis-29523"
113.5,-10,0.09,"Seriola lalandi","Fis-29523"
119,-10,0.94,"Seriola lalandi","Fis-29523"
119.5,-10,0.78,"Seriola lalandi","Fis-29523"
120,-10,0.96,"Seriola lalandi","Fis-29523"
120.5,-10,0.95,"Seriola lalandi","Fis-29523"
121,-10,0.92,"Seriola lalandi","Fis-29523"
121.5,-10,0.89,"Seriola lalandi","Fis-29523"
124,-10,0.85,"Seriola lalandi","Fis-29523"
125,-10,0.78,"Seriola lalandi","Fis-29523"
125.5,-10,0.78,"Seriola lalandi","Fis-29523"
127,-10,0.65,"Seriola lalandi","Fis-29523"
127.5,-10,0.67,"Seriola lalandi","Fis-29523"
128,-10,0.51,"Seriola lalandi","Fis-29523"
128.5,-10,0.5,"Seriola lalandi","Fis-29523"
129,-10,0.5,"Seriola lalandi","Fis-29523"
129.5,-10,0.5,"Seriola lalandi","Fis-29523"
130,-10,0.5,"Seriola lalandi","Fis-29523"
130.5,-10,0.52,"Seriola lalandi","Fis-29523"
131,-10,0.52,"Seriola lalandi","Fis-29523"
131.5,-10,0.51,"Seriola lalandi","Fis-29523"
132,-10,0.51,"Seriola lalandi","Fis-29523"
132.5,-10,0.53,"Seriola lalandi","Fis-29523"
133,-10,0.55,"Seriola lalandi","Fis-29523"
133.5,-10,0.32,"Seriola lalandi","Fis-29523"
134,-10,0.42,"Seriola lalandi","Fis-29523"
134.5,-10,0.45,"Seriola lalandi","Fis-29523"
135,-10,0.5,"Seriola lalandi","Fis-29523"
135.5,-10,0.52,"Seriola lalandi","Fis-29523"
136,-10,0.32,"Seriola lalandi","Fis-29523"
136.5,-10,0.29,"Seriola lalandi","Fis-29523"
137,-10,0.44,"Seriola lalandi","Fis-29523"
137.5,-10,0.47,"Seriola lalandi","Fis-29523"
138,-10,0.47,"Seriola lalandi","Fis-29523"
138.5,-10,0.42,"Seriola lalandi","Fis-29523"
139,-10,0.4,"Seriola lalandi","Fis-29523"
139.5,-10,0.45,"Seriola lalandi","Fis-29523"
140,-10,0.5,"Seriola lalandi","Fis-29523"
140.5,-10,0.44,"Seriola lalandi","Fis-29523"
141,-10,0.34,"Seriola lalandi","Fis-29523"
141.5,-10,0.26,"Seriola lalandi","Fis-29523"
142,-10,0.09,"Seriola lalandi","Fis-29523"
142.5,-10,0.45,"Seriola lalandi","Fis-29523"
143,-10,0.62,"Seriola lalandi","Fis-29523"
143.5,-10,0.36,"Seriola lalandi","Fis-29523"
144,-10,0.99,"Seriola lalandi","Fis-29523"
144.5,-10,0.67,"Seriola lalandi","Fis-29523"
145,-10,0.44,"Seriola lalandi","Fis-29523"
145.5,-10,0.39,"Seriola lalandi","Fis-29523"
146,-10,0.4,"Seriola lalandi","Fis-29523"
147.5,-10,1,"Seriola lalandi","Fis-29523"
148,-10,1,"Seriola lalandi","Fis-29523"
149.5,-10,0.65,"Seriola lalandi","Fis-29523"
150,-10,0.84,"Seriola lalandi","Fis-29523"
150.5,-10,0.86,"Seriola lalandi","Fis-29523"
151,-10,0.87,"Seriola lalandi","Fis-29523"
151.5,-10,0.85,"Seriola lalandi","Fis-29523"
152,-10,0.61,"Seriola lalandi","Fis-29523"
152.5,-10,0.8,"Seriola lalandi","Fis-29523"
153,-10,0.78,"Seriola lalandi","Fis-29523"
160,-10,0.63,"Seriola lalandi","Fis-29523"
160.5,-10,0.64,"Seriola lalandi","Fis-29523"
161,-10,0.64,"Seriola lalandi","Fis-29523"
161.5,-10,0.64,"Seriola lalandi","Fis-29523"
162,-10,0.65,"Seriola lalandi","Fis-29523"
162.5,-10,0.58,"Seriola lalandi","Fis-29523"
166,-10,0.2,"Seriola lalandi","Fis-29523"
167.5,-10,0.35,"Seriola lalandi","Fis-29523"
-179.5,-10.5,0.01,"Seriola lalandi","Fis-29523"
-161,-10.5,0.37,"Seriola lalandi","Fis-29523"
-160.5,-10.5,0.39,"Seriola lalandi","Fis-29523"
-152,-10.5,0.78,"Seriola lalandi","Fis-29523"
-139,-10.5,0.87,"Seriola lalandi","Fis-29523"
-138.5,-10.5,1,"Seriola lalandi","Fis-29523"
-138,-10.5,0.05,"Seriola lalandi","Fis-29523"
-94.5,-10.5,0.25,"Seriola lalandi","Fis-29523"
-79,-10.5,0.95,"Seriola lalandi","Fis-29523"
-78.5,-10.5,0.73,"Seriola lalandi","Fis-29523"
-78,-10.5,0.41,"Seriola lalandi","Fis-29523"
-77.5,-10.5,0.28,"Seriola lalandi","Fis-29523"
-36,-10.5,0.85,"Seriola lalandi","Fis-29523"
-35.5,-10.5,0.68,"Seriola lalandi","Fis-29523"
13,-10.5,1,"Seriola lalandi","Fis-29523"
13.5,-10.5,0.84,"Seriola lalandi","Fis-29523"
14,-10.5,0.45,"Seriola lalandi","Fis-29523"
40,-10.5,0.63,"Seriola lalandi","Fis-29523"
40.5,-10.5,1,"Seriola lalandi","Fis-29523"
41,-10.5,1,"Seriola lalandi","Fis-29523"
48,-10.5,0.87,"Seriola lalandi","Fis-29523"
51,-10.5,1,"Seriola lalandi","Fis-29523"
51.5,-10.5,0.91,"Seriola lalandi","Fis-29523"
57,-10.5,1,"Seriola lalandi","Fis-29523"
60,-10.5,1,"Seriola lalandi","Fis-29523"
60.5,-10.5,1,"Seriola lalandi","Fis-29523"
61,-10.5,1,"Seriola lalandi","Fis-29523"
61.5,-10.5,1,"Seriola lalandi","Fis-29523"
62,-10.5,1,"Seriola lalandi","Fis-29523"
62.5,-10.5,1,"Seriola lalandi","Fis-29523"
106,-10.5,0.74,"Seriola lalandi","Fis-29523"
120,-10.5,0.74,"Seriola lalandi","Fis-29523"
120.5,-10.5,0.96,"Seriola lalandi","Fis-29523"
121,-10.5,0.92,"Seriola lalandi","Fis-29523"
121.5,-10.5,0.9,"Seriola lalandi","Fis-29523"
122,-10.5,0.89,"Seriola lalandi","Fis-29523"
122.5,-10.5,0.87,"Seriola lalandi","Fis-29523"
123.5,-10.5,0.87,"Seriola lalandi","Fis-29523"
124,-10.5,0.83,"Seriola lalandi","Fis-29523"
124.5,-10.5,0.81,"Seriola lalandi","Fis-29523"
125,-10.5,0.78,"Seriola lalandi","Fis-29523"
126,-10.5,0.37,"Seriola lalandi","Fis-29523"
126.5,-10.5,0.71,"Seriola lalandi","Fis-29523"
127,-10.5,0.57,"Seriola lalandi","Fis-29523"
127.5,-10.5,0.48,"Seriola lalandi","Fis-29523"
128,-10.5,0.47,"Seriola lalandi","Fis-29523"
128.5,-10.5,0.48,"Seriola lalandi","Fis-29523"
129,-10.5,0.52,"Seriola lalandi","Fis-29523"
129.5,-10.5,0.54,"Seriola lalandi","Fis-29523"
130,-10.5,0.52,"Seriola lalandi","Fis-29523"
130.5,-10.5,0.54,"Seriola lalandi","Fis-29523"
131,-10.5,0.58,"Seriola lalandi","Fis-29523"
131.5,-10.5,0.61,"Seriola lalandi","Fis-29523"
132,-10.5,0.5,"Seriola lalandi","Fis-29523"
132.5,-10.5,0.68,"Seriola lalandi","Fis-29523"
133,-10.5,0.71,"Seriola lalandi","Fis-29523"
133.5,-10.5,0.45,"Seriola lalandi","Fis-29523"
134,-10.5,0.39,"Seriola lalandi","Fis-29523"
134.5,-10.5,0.37,"Seriola lalandi","Fis-29523"
135,-10.5,0.42,"Seriola lalandi","Fis-29523"
135.5,-10.5,0.45,"Seriola lalandi","Fis-29523"
136,-10.5,0.34,"Seriola lalandi","Fis-29523"
136.5,-10.5,0.39,"Seriola lalandi","Fis-29523"
137,-10.5,0.49,"Seriola lalandi","Fis-29523"
137.5,-10.5,0.49,"Seriola lalandi","Fis-29523"
138,-10.5,0.53,"Seriola lalandi","Fis-29523"
138.5,-10.5,0.54,"Seriola lalandi","Fis-29523"
139,-10.5,0.54,"Seriola lalandi","Fis-29523"
139.5,-10.5,0.48,"Seriola lalandi","Fis-29523"
140,-10.5,0.44,"Seriola lalandi","Fis-29523"
140.5,-10.5,0.44,"Seriola lalandi","Fis-29523"
141,-10.5,0.38,"Seriola lalandi","Fis-29523"
141.5,-10.5,0.3,"Seriola lalandi","Fis-29523"
142,-10.5,0.17,"Seriola lalandi","Fis-29523"
142.5,-10.5,0.49,"Seriola lalandi","Fis-29523"
143,-10.5,0.18,"Seriola lalandi","Fis-29523"
143.5,-10.5,0.18,"Seriola lalandi","Fis-29523"
144,-10.5,0.72,"Seriola lalandi","Fis-29523"
144.5,-10.5,0.43,"Seriola lalandi","Fis-29523"
145,-10.5,0.35,"Seriola lalandi","Fis-29523"
145.5,-10.5,0.34,"Seriola lalandi","Fis-29523"
146,-10.5,0.37,"Seriola lalandi","Fis-29523"
148,-10.5,1,"Seriola lalandi","Fis-29523"
148.5,-10.5,1,"Seriola lalandi","Fis-29523"
149,-10.5,1,"Seriola lalandi","Fis-29523"
149.5,-10.5,1,"Seriola lalandi","Fis-29523"
150,-10.5,0.98,"Seriola lalandi","Fis-29523"
150.5,-10.5,0.96,"Seriola lalandi","Fis-29523"
151,-10.5,0.97,"Seriola lalandi","Fis-29523"
151.5,-10.5,0.94,"Seriola lalandi","Fis-29523"
152,-10.5,0.89,"Seriola lalandi","Fis-29523"
152.5,-10.5,0.84,"Seriola lalandi","Fis-29523"
153,-10.5,0.09,"Seriola lalandi","Fis-29523"
158,-10.5,0.11,"Seriola lalandi","Fis-29523"
160,-10.5,0.47,"Seriola lalandi","Fis-29523"
161,-10.5,0.37,"Seriola lalandi","Fis-29523"
161.5,-10.5,0.65,"Seriola lalandi","Fis-29523"
162,-10.5,0.67,"Seriola lalandi","Fis-29523"
162.5,-10.5,0.66,"Seriola lalandi","Fis-29523"
166,-10.5,0.44,"Seriola lalandi","Fis-29523"
166.5,-10.5,0.41,"Seriola lalandi","Fis-29523"
167,-10.5,0.09,"Seriola lalandi","Fis-29523"
179.5,-10.5,0.16,"Seriola lalandi","Fis-29523"
-179,-11,0.14,"Seriola lalandi","Fis-29523"
-165.5,-11,0.2,"Seriola lalandi","Fis-29523"
-138.5,-11,0.99,"Seriola lalandi","Fis-29523"
-78.5,-11,0.86,"Seriola lalandi","Fis-29523"
-78,-11,0.45,"Seriola lalandi","Fis-29523"
-77.5,-11,0.26,"Seriola lalandi","Fis-29523"
-36.5,-11,0.88,"Seriola lalandi","Fis-29523"
-36,-11,0.78,"Seriola lalandi","Fis-29523"
-35.5,-11,0.03,"Seriola lalandi","Fis-29523"
13.5,-11,0.87,"Seriola lalandi","Fis-29523"
14,-11,0.56,"Seriola lalandi","Fis-29523"
41,-11,1,"Seriola lalandi","Fis-29523"
51,-11,0.64,"Seriola lalandi","Fis-29523"
60.5,-11,1,"Seriola lalandi","Fis-29523"
61,-11,1,"Seriola lalandi","Fis-29523"
61.5,-11,1,"Seriola lalandi","Fis-29523"
62,-11,1,"Seriola lalandi","Fis-29523"
62.5,-11,0.88,"Seriola lalandi","Fis-29523"
106,-11,0.71,"Seriola lalandi","Fis-29523"
121.5,-11,0.89,"Seriola lalandi","Fis-29523"
122,-11,0.88,"Seriola lalandi","Fis-29523"
122.5,-11,0.87,"Seriola lalandi","Fis-29523"
123,-11,0.87,"Seriola lalandi","Fis-29523"
123.5,-11,0.83,"Seriola lalandi","Fis-29523"
124,-11,0.8,"Seriola lalandi","Fis-29523"
125,-11,0.4,"Seriola lalandi","Fis-29523"
125.5,-11,0.62,"Seriola lalandi","Fis-29523"
126,-11,0.55,"Seriola lalandi","Fis-29523"
126.5,-11,0.48,"Seriola lalandi","Fis-29523"
127,-11,0.45,"Seriola lalandi","Fis-29523"
127.5,-11,0.44,"Seriola lalandi","Fis-29523"
128,-11,0.43,"Seriola lalandi","Fis-29523"
128.5,-11,0.47,"Seriola lalandi","Fis-29523"
129,-11,0.56,"Seriola lalandi","Fis-29523"
129.5,-11,0.5,"Seriola lalandi","Fis-29523"
130,-11,0.67,"Seriola lalandi","Fis-29523"
130.5,-11,0.75,"Seriola lalandi","Fis-29523"
131,-11,0.8,"Seriola lalandi","Fis-29523"
131.5,-11,0.62,"Seriola lalandi","Fis-29523"
132,-11,0.58,"Seriola lalandi","Fis-29523"
132.5,-11,0.55,"Seriola lalandi","Fis-29523"
133,-11,0.69,"Seriola lalandi","Fis-29523"
133.5,-11,0.64,"Seriola lalandi","Fis-29523"
134,-11,0.59,"Seriola lalandi","Fis-29523"
134.5,-11,0.59,"Seriola lalandi","Fis-29523"
135,-11,0.58,"Seriola lalandi","Fis-29523"
135.5,-11,0.54,"Seriola lalandi","Fis-29523"
136,-11,0.54,"Seriola lalandi","Fis-29523"
136.5,-11,0.5,"Seriola lalandi","Fis-29523"
137,-11,0.58,"Seriola lalandi","Fis-29523"
137.5,-11,0.55,"Seriola lalandi","Fis-29523"
138,-11,0.56,"Seriola lalandi","Fis-29523"
138.5,-11,0.59,"Seriola lalandi","Fis-29523"
139,-11,0.58,"Seriola lalandi","Fis-29523"
139.5,-11,0.58,"Seriola lalandi","Fis-29523"
140,-11,0.63,"Seriola lalandi","Fis-29523"
140.5,-11,0.54,"Seriola lalandi","Fis-29523"
141,-11,0.49,"Seriola lalandi","Fis-29523"
141.5,-11,0.36,"Seriola lalandi","Fis-29523"
142,-11,0.24,"Seriola lalandi","Fis-29523"
142.5,-11,0.34,"Seriola lalandi","Fis-29523"
143,-11,0.69,"Seriola lalandi","Fis-29523"
143.5,-11,0.13,"Seriola lalandi","Fis-29523"
144,-11,0.33,"Seriola lalandi","Fis-29523"
144.5,-11,0.39,"Seriola lalandi","Fis-29523"
149.5,-11,0.07,"Seriola lalandi","Fis-29523"
150,-11,1,"Seriola lalandi","Fis-29523"
150.5,-11,1,"Seriola lalandi","Fis-29523"
151,-11,1,"Seriola lalandi","Fis-29523"
151.5,-11,1,"Seriola lalandi","Fis-29523"
152,-11,0.99,"Seriola lalandi","Fis-29523"
152.5,-11,0.95,"Seriola lalandi","Fis-29523"
153,-11,0.89,"Seriola lalandi","Fis-29523"
153.5,-11,0.84,"Seriola lalandi","Fis-29523"
155,-11,0.26,"Seriola lalandi","Fis-29523"
155.5,-11,0.76,"Seriola lalandi","Fis-29523"
156,-11,0.74,"Seriola lalandi","Fis-29523"
157.5,-11,0.36,"Seriola lalandi","Fis-29523"
158,-11,0.4,"Seriola lalandi","Fis-29523"
160,-11,0.68,"Seriola lalandi","Fis-29523"
161.5,-11,0.66,"Seriola lalandi","Fis-29523"
162,-11,0.68,"Seriola lalandi","Fis-29523"
162.5,-11,0.69,"Seriola lalandi","Fis-29523"
163,-11,0.6,"Seriola lalandi","Fis-29523"
166,-11,0.52,"Seriola lalandi","Fis-29523"
166.5,-11,0.44,"Seriola lalandi","Fis-29523"
179.5,-11,0.13,"Seriola lalandi","Fis-29523"
-179.5,-11.5,0.1,"Seriola lalandi","Fis-29523"
-178.5,-11.5,0.01,"Seriola lalandi","Fis-29523"
-176.5,-11.5,0.09,"Seriola lalandi","Fis-29523"
-171,-11.5,0.09,"Seriola lalandi","Fis-29523"
-170.5,-11.5,0.04,"Seriola lalandi","Fis-29523"
-165.5,-11.5,0.16,"Seriola lalandi","Fis-29523"
-151.5,-11.5,0.6,"Seriola lalandi","Fis-29523"
-148.5,-11.5,0.04,"Seriola lalandi","Fis-29523"
-78,-11.5,0.64,"Seriola lalandi","Fis-29523"
-77.5,-11.5,0.21,"Seriola lalandi","Fis-29523"
-77,-11.5,0.23,"Seriola lalandi","Fis-29523"
-37,-11.5,0.63,"Seriola lalandi","Fis-29523"
-36.5,-11.5,0.64,"Seriola lalandi","Fis-29523"
-0.5,-11.5,0.12,"Seriola lalandi","Fis-29523"
0,-11.5,0.26,"Seriola lalandi","Fis-29523"
13.5,-11.5,0.95,"Seriola lalandi","Fis-29523"
14,-11.5,0.5,"Seriola lalandi","Fis-29523"
40.5,-11.5,0.5,"Seriola lalandi","Fis-29523"
41,-11.5,1,"Seriola lalandi","Fis-29523"
43.5,-11.5,0.95,"Seriola lalandi","Fis-29523"
44,-11.5,0.82,"Seriola lalandi","Fis-29523"
47.5,-11.5,0.75,"Seriola lalandi","Fis-29523"
48,-11.5,0.45,"Seriola lalandi","Fis-29523"
60.5,-11.5,1,"Seriola lalandi","Fis-29523"
61,-11.5,1,"Seriola lalandi","Fis-29523"
61.5,-11.5,1,"Seriola lalandi","Fis-29523"
62,-11.5,0.89,"Seriola lalandi","Fis-29523"
62.5,-11.5,0.58,"Seriola lalandi","Fis-29523"
105,-11.5,0.61,"Seriola lalandi","Fis-29523"
105.5,-11.5,0.66,"Seriola lalandi","Fis-29523"
122.5,-11.5,0.13,"Seriola lalandi","Fis-29523"
123,-11.5,0.81,"Seriola lalandi","Fis-29523"
123.5,-11.5,0.79,"Seriola lalandi","Fis-29523"
124,-11.5,0.78,"Seriola lalandi","Fis-29523"
124.5,-11.5,0.73,"Seriola lalandi","Fis-29523"
125,-11.5,0.62,"Seriola lalandi","Fis-29523"
125.5,-11.5,0.54,"Seriola lalandi","Fis-29523"
126,-11.5,0.46,"Seriola lalandi","Fis-29523"
126.5,-11.5,0.42,"Seriola lalandi","Fis-29523"
127,-11.5,0.4,"Seriola lalandi","Fis-29523"
127.5,-11.5,0.4,"Seriola lalandi","Fis-29523"
128,-11.5,0.42,"Seriola lalandi","Fis-29523"
128.5,-11.5,0.51,"Seriola lalandi","Fis-29523"
129,-11.5,0.44,"Seriola lalandi","Fis-29523"
129.5,-11.5,0.52,"Seriola lalandi","Fis-29523"
130,-11.5,0.6,"Seriola lalandi","Fis-29523"
130.5,-11.5,0.82,"Seriola lalandi","Fis-29523"
131,-11.5,0.34,"Seriola lalandi","Fis-29523"
131.5,-11.5,0.28,"Seriola lalandi","Fis-29523"
132,-11.5,0.59,"Seriola lalandi","Fis-29523"
132.5,-11.5,0.48,"Seriola lalandi","Fis-29523"
133,-11.5,0.35,"Seriola lalandi","Fis-29523"
133.5,-11.5,0.33,"Seriola lalandi","Fis-29523"
134,-11.5,0.44,"Seriola lalandi","Fis-29523"
134.5,-11.5,0.45,"Seriola lalandi","Fis-29523"
135,-11.5,0.46,"Seriola lalandi","Fis-29523"
135.5,-11.5,0.51,"Seriola lalandi","Fis-29523"
136,-11.5,0.52,"Seriola lalandi","Fis-29523"
136.5,-11.5,0.48,"Seriola lalandi","Fis-29523"
137,-11.5,0.29,"Seriola lalandi","Fis-29523"
137.5,-11.5,0.39,"Seriola lalandi","Fis-29523"
138,-11.5,0.47,"Seriola lalandi","Fis-29523"
138.5,-11.5,0.56,"Seriola lalandi","Fis-29523"
139,-11.5,0.61,"Seriola lalandi","Fis-29523"
139.5,-11.5,0.82,"Seriola lalandi","Fis-29523"
140,-11.5,0.68,"Seriola lalandi","Fis-29523"
140.5,-11.5,0.54,"Seriola lalandi","Fis-29523"
141,-11.5,0.5,"Seriola lalandi","Fis-29523"
141.5,-11.5,0.57,"Seriola lalandi","Fis-29523"
142,-11.5,0.54,"Seriola lalandi","Fis-29523"
142.5,-11.5,0.2,"Seriola lalandi","Fis-29523"
143,-11.5,0.67,"Seriola lalandi","Fis-29523"
143.5,-11.5,0.37,"Seriola lalandi","Fis-29523"
144,-11.5,0.54,"Seriola lalandi","Fis-29523"
144.5,-11.5,0.43,"Seriola lalandi","Fis-29523"
151,-11.5,1,"Seriola lalandi","Fis-29523"
151.5,-11.5,1,"Seriola lalandi","Fis-29523"
152,-11.5,1,"Seriola lalandi","Fis-29523"
152.5,-11.5,1,"Seriola lalandi","Fis-29523"
153,-11.5,0.97,"Seriola lalandi","Fis-29523"
153.5,-11.5,0.91,"Seriola lalandi","Fis-29523"
154,-11.5,0.88,"Seriola lalandi","Fis-29523"
154.5,-11.5,0.86,"Seriola lalandi","Fis-29523"
155,-11.5,0.82,"Seriola lalandi","Fis-29523"
155.5,-11.5,0.7,"Seriola lalandi","Fis-29523"
160,-11.5,0.71,"Seriola lalandi","Fis-29523"
160.5,-11.5,0.71,"Seriola lalandi","Fis-29523"
166.5,-11.5,0.37,"Seriola lalandi","Fis-29523"
167,-11.5,0.29,"Seriola lalandi","Fis-29523"
170,-11.5,0.01,"Seriola lalandi","Fis-29523"
175.5,-11.5,0.05,"Seriola lalandi","Fis-29523"
176,-11.5,0.12,"Seriola lalandi","Fis-29523"
178.5,-11.5,0.04,"Seriola lalandi","Fis-29523"
179,-11.5,0.01,"Seriola lalandi","Fis-29523"
-179.5,-12,0.11,"Seriola lalandi","Fis-29523"
-179,-12,0.09,"Seriola lalandi","Fis-29523"
-178,-12,0.08,"Seriola lalandi","Fis-29523"
-177.5,-12,0.05,"Seriola lalandi","Fis-29523"
-165,-12,0.04,"Seriola lalandi","Fis-29523"
-148,-12,0.19,"Seriola lalandi","Fis-29523"
-78,-12,0.73,"Seriola lalandi","Fis-29523"
-77.5,-12,0.42,"Seriola lalandi","Fis-29523"
-77,-12,0.12,"Seriola lalandi","Fis-29523"
-37.5,-12,0.13,"Seriola lalandi","Fis-29523"
-37,-12,0.57,"Seriola lalandi","Fis-29523"
-5,-12,0.09,"Seriola lalandi","Fis-29523"
13.5,-12,0.94,"Seriola lalandi","Fis-29523"
14,-12,0.49,"Seriola lalandi","Fis-29523"
40.5,-12,0.48,"Seriola lalandi","Fis-29523"
41,-12,1,"Seriola lalandi","Fis-29523"
43.5,-12,0.9,"Seriola lalandi","Fis-29523"
44,-12,0.81,"Seriola lalandi","Fis-29523"
47.5,-12,0.9,"Seriola lalandi","Fis-29523"
49.5,-12,0.88,"Seriola lalandi","Fis-29523"
50,-12,0.33,"Seriola lalandi","Fis-29523"
61,-12,0.87,"Seriola lalandi","Fis-29523"
61.5,-12,0.72,"Seriola lalandi","Fis-29523"
62,-12,0.59,"Seriola lalandi","Fis-29523"
62.5,-12,0.47,"Seriola lalandi","Fis-29523"
97,-12,0.31,"Seriola lalandi","Fis-29523"
123,-12,0.77,"Seriola lalandi","Fis-29523"
123.5,-12,0.8,"Seriola lalandi","Fis-29523"
124,-12,0.72,"Seriola lalandi","Fis-29523"
124.5,-12,0.63,"Seriola lalandi","Fis-29523"
125,-12,0.54,"Seriola lalandi","Fis-29523"
125.5,-12,0.48,"Seriola lalandi","Fis-29523"
126,-12,0.43,"Seriola lalandi","Fis-29523"
126.5,-12,0.38,"Seriola lalandi","Fis-29523"
127,-12,0.4,"Seriola lalandi","Fis-29523"
127.5,-12,0.39,"Seriola lalandi","Fis-29523"
128,-12,0.43,"Seriola lalandi","Fis-29523"
128.5,-12,0.51,"Seriola lalandi","Fis-29523"
129,-12,0.56,"Seriola lalandi","Fis-29523"
129.5,-12,0.52,"Seriola lalandi","Fis-29523"
130,-12,0.55,"Seriola lalandi","Fis-29523"
130.5,-12,0.54,"Seriola lalandi","Fis-29523"
131,-12,0.4,"Seriola lalandi","Fis-29523"
131.5,-12,0.5,"Seriola lalandi","Fis-29523"
132,-12,0.45,"Seriola lalandi","Fis-29523"
132.5,-12,0.21,"Seriola lalandi","Fis-29523"
133,-12,0.27,"Seriola lalandi","Fis-29523"
133.5,-12,0.49,"Seriola lalandi","Fis-29523"
134,-12,0.22,"Seriola lalandi","Fis-29523"
134.5,-12,0.23,"Seriola lalandi","Fis-29523"
135,-12,0.25,"Seriola lalandi","Fis-29523"
135.5,-12,0.23,"Seriola lalandi","Fis-29523"
136,-12,0.26,"Seriola lalandi","Fis-29523"
136.5,-12,0.28,"Seriola lalandi","Fis-29523"
137,-12,0.24,"Seriola lalandi","Fis-29523"
137.5,-12,0.24,"Seriola lalandi","Fis-29523"
138,-12,0.34,"Seriola lalandi","Fis-29523"
138.5,-12,0.65,"Seriola lalandi","Fis-29523"
139,-12,0.91,"Seriola lalandi","Fis-29523"
139.5,-12,0.8,"Seriola lalandi","Fis-29523"
140,-12,0.76,"Seriola lalandi","Fis-29523"
140.5,-12,0.69,"Seriola lalandi","Fis-29523"
141,-12,0.64,"Seriola lalandi","Fis-29523"
141.5,-12,0.67,"Seriola lalandi","Fis-29523"
142,-12,0.69,"Seriola lalandi","Fis-29523"
142.5,-12,0.06,"Seriola lalandi","Fis-29523"
143,-12,0.25,"Seriola lalandi","Fis-29523"
143.5,-12,0.26,"Seriola lalandi","Fis-29523"
144,-12,0.8,"Seriola lalandi","Fis-29523"
144.5,-12,0.38,"Seriola lalandi","Fis-29523"
153,-12,0.98,"Seriola lalandi","Fis-29523"
153.5,-12,0.97,"Seriola lalandi","Fis-29523"
154,-12,0.94,"Seriola lalandi","Fis-29523"
154.5,-12,0.89,"Seriola lalandi","Fis-29523"
155,-12,0.05,"Seriola lalandi","Fis-29523"
160,-12,0.75,"Seriola lalandi","Fis-29523"
160.5,-12,0.75,"Seriola lalandi","Fis-29523"
161,-12,0.7,"Seriola lalandi","Fis-29523"
166.5,-12,0.07,"Seriola lalandi","Fis-29523"
167,-12,0.26,"Seriola lalandi","Fis-29523"
167.5,-12,0.24,"Seriola lalandi","Fis-29523"
170,-12,0.13,"Seriola lalandi","Fis-29523"
170.5,-12,0.12,"Seriola lalandi","Fis-29523"
172.5,-12,0.11,"Seriola lalandi","Fis-29523"
174,-12,0.14,"Seriola lalandi","Fis-29523"
174.5,-12,0.11,"Seriola lalandi","Fis-29523"
175.5,-12,0.12,"Seriola lalandi","Fis-29523"
176,-12,0.11,"Seriola lalandi","Fis-29523"
176.5,-12,0.09,"Seriola lalandi","Fis-29523"
177,-12,0.01,"Seriola lalandi","Fis-29523"
178.5,-12,0.03,"Seriola lalandi","Fis-29523"
179.5,-12,0.01,"Seriola lalandi","Fis-29523"
-179.5,-12.5,0.12,"Seriola lalandi","Fis-29523"
-179,-12.5,0.1,"Seriola lalandi","Fis-29523"
-177.5,-12.5,0.09,"Seriola lalandi","Fis-29523"
-177,-12.5,0.09,"Seriola lalandi","Fis-29523"
-176.5,-12.5,0.08,"Seriola lalandi","Fis-29523"
-175.5,-12.5,0.07,"Seriola lalandi","Fis-29523"
-174,-12.5,0.03,"Seriola lalandi","Fis-29523"
-173.5,-12.5,0.04,"Seriola lalandi","Fis-29523"
-148,-12.5,0.16,"Seriola lalandi","Fis-29523"
-77.5,-12.5,0.72,"Seriola lalandi","Fis-29523"
-77,-12.5,0.48,"Seriola lalandi","Fis-29523"
-76.5,-12.5,0.22,"Seriola lalandi","Fis-29523"
-37.5,-12.5,0.54,"Seriola lalandi","Fis-29523"
-37,-12.5,0.49,"Seriola lalandi","Fis-29523"
-5,-12.5,0.02,"Seriola lalandi","Fis-29523"
13,-12.5,0.17,"Seriola lalandi","Fis-29523"
13.5,-12.5,0.74,"Seriola lalandi","Fis-29523"
14,-12.5,0.51,"Seriola lalandi","Fis-29523"
41,-12.5,1,"Seriola lalandi","Fis-29523"
44,-12.5,0.8,"Seriola lalandi","Fis-29523"
44.5,-12.5,0.79,"Seriola lalandi","Fis-29523"
45,-12.5,0.73,"Seriola lalandi","Fis-29523"
45.5,-12.5,0.72,"Seriola lalandi","Fis-29523"
46.5,-12.5,0.71,"Seriola lalandi","Fis-29523"
47,-12.5,0.78,"Seriola lalandi","Fis-29523"
48,-12.5,0.98,"Seriola lalandi","Fis-29523"
48.5,-12.5,1,"Seriola lalandi","Fis-29523"
49,-12.5,1,"Seriola lalandi","Fis-29523"
49.5,-12.5,0.92,"Seriola lalandi","Fis-29523"
50,-12.5,0.82,"Seriola lalandi","Fis-29523"
61,-12.5,0.51,"Seriola lalandi","Fis-29523"
61.5,-12.5,0.46,"Seriola lalandi","Fis-29523"
62,-12.5,0.43,"Seriola lalandi","Fis-29523"
97,-12.5,0.29,"Seriola lalandi","Fis-29523"
123,-12.5,0.7,"Seriola lalandi","Fis-29523"
123.5,-12.5,0.66,"Seriola lalandi","Fis-29523"
124,-12.5,0.57,"Seriola lalandi","Fis-29523"
124.5,-12.5,0.48,"Seriola lalandi","Fis-29523"
125,-12.5,0.44,"Seriola lalandi","Fis-29523"
125.5,-12.5,0.43,"Seriola lalandi","Fis-29523"
126,-12.5,0.39,"Seriola lalandi","Fis-29523"
126.5,-12.5,0.41,"Seriola lalandi","Fis-29523"
127,-12.5,0.41,"Seriola lalandi","Fis-29523"
127.5,-12.5,0.39,"Seriola lalandi","Fis-29523"
128,-12.5,0.43,"Seriola lalandi","Fis-29523"
128.5,-12.5,0.5,"Seriola lalandi","Fis-29523"
129,-12.5,0.6,"Seriola lalandi","Fis-29523"
129.5,-12.5,0.64,"Seriola lalandi","Fis-29523"
130,-12.5,0.53,"Seriola lalandi","Fis-29523"
130.5,-12.5,0.58,"Seriola lalandi","Fis-29523"
131,-12.5,0.4,"Seriola lalandi","Fis-29523"
131.5,-12.5,0.65,"Seriola lalandi","Fis-29523"
132,-12.5,0.35,"Seriola lalandi","Fis-29523"
132.5,-12.5,0.28,"Seriola lalandi","Fis-29523"
133,-12.5,0.22,"Seriola lalandi","Fis-29523"
134.5,-12.5,0.06,"Seriola lalandi","Fis-29523"
135,-12.5,0.01,"Seriola lalandi","Fis-29523"
135.5,-12.5,0.46,"Seriola lalandi","Fis-29523"
136,-12.5,0.49,"Seriola lalandi","Fis-29523"
136.5,-12.5,0.4,"Seriola lalandi","Fis-29523"
137,-12.5,0.28,"Seriola lalandi","Fis-29523"
137.5,-12.5,0.15,"Seriola lalandi","Fis-29523"
138,-12.5,0.35,"Seriola lalandi","Fis-29523"
138.5,-12.5,0.66,"Seriola lalandi","Fis-29523"
139,-12.5,0.9,"Seriola lalandi","Fis-29523"
139.5,-12.5,0.68,"Seriola lalandi","Fis-29523"
140,-12.5,0.87,"Seriola lalandi","Fis-29523"
140.5,-12.5,0.86,"Seriola lalandi","Fis-29523"
141,-12.5,0.9,"Seriola lalandi","Fis-29523"
141.5,-12.5,0.93,"Seriola lalandi","Fis-29523"
142,-12.5,0.38,"Seriola lalandi","Fis-29523"
143.5,-12.5,1,"Seriola lalandi","Fis-29523"
144,-12.5,0.98,"Seriola lalandi","Fis-29523"
144.5,-12.5,0.36,"Seriola lalandi","Fis-29523"
160.5,-12.5,0.66,"Seriola lalandi","Fis-29523"
169,-12.5,0.12,"Seriola lalandi","Fis-29523"
173,-12.5,0.11,"Seriola lalandi","Fis-29523"
177,-12.5,0.08,"Seriola lalandi","Fis-29523"
177.5,-12.5,0.08,"Seriola lalandi","Fis-29523"
-179,-13,0.09,"Seriola lalandi","Fis-29523"
-177.5,-13,0.02,"Seriola lalandi","Fis-29523"
-177,-13,0.03,"Seriola lalandi","Fis-29523"
-176.5,-13,0.08,"Seriola lalandi","Fis-29523"
-175.5,-13,0.05,"Seriola lalandi","Fis-29523"
-174,-13,0.03,"Seriola lalandi","Fis-29523"
-77.5,-13,0.07,"Seriola lalandi","Fis-29523"
-77,-13,0.75,"Seriola lalandi","Fis-29523"
-76.5,-13,0.43,"Seriola lalandi","Fis-29523"
-76,-13,0.24,"Seriola lalandi","Fis-29523"
-38.5,-13,0.29,"Seriola lalandi","Fis-29523"
-38,-13,0.52,"Seriola lalandi","Fis-29523"
-37.5,-13,0.41,"Seriola lalandi","Fis-29523"
-6,-13,0.1,"Seriola lalandi","Fis-29523"
-5.5,-13,0.1,"Seriola lalandi","Fis-29523"
-5,-13,0.03,"Seriola lalandi","Fis-29523"
-2.5,-13,0.13,"Seriola lalandi","Fis-29523"
13,-13,0.7,"Seriola lalandi","Fis-29523"
13.5,-13,0.58,"Seriola lalandi","Fis-29523"
40.5,-13,0.74,"Seriola lalandi","Fis-29523"
41,-13,1,"Seriola lalandi","Fis-29523"
45,-13,0.69,"Seriola lalandi","Fis-29523"
45.5,-13,0.68,"Seriola lalandi","Fis-29523"
48,-13,0.67,"Seriola lalandi","Fis-29523"
48.5,-13,0.97,"Seriola lalandi","Fis-29523"
49,-13,0.99,"Seriola lalandi","Fis-29523"
50,-13,0.9,"Seriola lalandi","Fis-29523"
50.5,-13,0.62,"Seriola lalandi","Fis-29523"
61.5,-13,0.38,"Seriola lalandi","Fis-29523"
123,-13,0.51,"Seriola lalandi","Fis-29523"
123.5,-13,0.5,"Seriola lalandi","Fis-29523"
124,-13,0.5,"Seriola lalandi","Fis-29523"
124.5,-13,0.47,"Seriola lalandi","Fis-29523"
125,-13,0.44,"Seriola lalandi","Fis-29523"
125.5,-13,0.43,"Seriola lalandi","Fis-29523"
126,-13,0.42,"Seriola lalandi","Fis-29523"
126.5,-13,0.46,"Seriola lalandi","Fis-29523"
127,-13,0.46,"Seriola lalandi","Fis-29523"
127.5,-13,0.41,"Seriola lalandi","Fis-29523"
128,-13,0.44,"Seriola lalandi","Fis-29523"
128.5,-13,0.52,"Seriola lalandi","Fis-29523"
129,-13,0.61,"Seriola lalandi","Fis-29523"
129.5,-13,0.59,"Seriola lalandi","Fis-29523"
130,-13,0.45,"Seriola lalandi","Fis-29523"
130.5,-13,0.22,"Seriola lalandi","Fis-29523"
131,-13,0.01,"Seriola lalandi","Fis-29523"
137,-13,0.37,"Seriola lalandi","Fis-29523"
137.5,-13,0.18,"Seriola lalandi","Fis-29523"
138,-13,0.37,"Seriola lalandi","Fis-29523"
138.5,-13,0.52,"Seriola lalandi","Fis-29523"
139,-13,0.88,"Seriola lalandi","Fis-29523"
139.5,-13,0.93,"Seriola lalandi","Fis-29523"
140,-13,0.77,"Seriola lalandi","Fis-29523"
140.5,-13,0.9,"Seriola lalandi","Fis-29523"
141,-13,0.92,"Seriola lalandi","Fis-29523"
141.5,-13,0.98,"Seriola lalandi","Fis-29523"
142,-13,0.76,"Seriola lalandi","Fis-29523"
143.5,-13,0.28,"Seriola lalandi","Fis-29523"
144,-13,1,"Seriola lalandi","Fis-29523"
144.5,-13,0.21,"Seriola lalandi","Fis-29523"
160.5,-13,0.54,"Seriola lalandi","Fis-29523"
161,-13,0.41,"Seriola lalandi","Fis-29523"
167,-13,0.15,"Seriola lalandi","Fis-29523"
168,-13,0.04,"Seriola lalandi","Fis-29523"
172.5,-13,0.09,"Seriola lalandi","Fis-29523"
174.5,-13,0.08,"Seriola lalandi","Fis-29523"
177.5,-13,0.07,"Seriola lalandi","Fis-29523"
178,-13,0.07,"Seriola lalandi","Fis-29523"
-179,-13.5,0.07,"Seriola lalandi","Fis-29523"
-178.5,-13.5,0.05,"Seriola lalandi","Fis-29523"
-176,-13.5,0.09,"Seriola lalandi","Fis-29523"
-174,-13.5,0.01,"Seriola lalandi","Fis-29523"
-173,-13.5,0.01,"Seriola lalandi","Fis-29523"
-172.5,-13.5,0.12,"Seriola lalandi","Fis-29523"
-172,-13.5,0.13,"Seriola lalandi","Fis-29523"
-163,-13.5,0.1,"Seriola lalandi","Fis-29523"
-162.5,-13.5,0.05,"Seriola lalandi","Fis-29523"
-76.5,-13.5,0.54,"Seriola lalandi","Fis-29523"
-76,-13.5,0.34,"Seriola lalandi","Fis-29523"
-38.5,-13.5,0.53,"Seriola lalandi","Fis-29523"
-38,-13.5,0.36,"Seriola lalandi","Fis-29523"
-6,-13.5,0.1,"Seriola lalandi","Fis-29523"
12.5,-13.5,0.06,"Seriola lalandi","Fis-29523"
13,-13.5,0.67,"Seriola lalandi","Fis-29523"
41,-13.5,1,"Seriola lalandi","Fis-29523"
45.5,-13.5,0.6,"Seriola lalandi","Fis-29523"
48,-13.5,0.68,"Seriola lalandi","Fis-29523"
48.5,-13.5,0.92,"Seriola lalandi","Fis-29523"
49,-13.5,0.63,"Seriola lalandi","Fis-29523"
50,-13.5,1,"Seriola lalandi","Fis-29523"
50.5,-13.5,0.85,"Seriola lalandi","Fis-29523"
60.5,-13.5,0.03,"Seriola lalandi","Fis-29523"
61,-13.5,0.18,"Seriola lalandi","Fis-29523"
96.5,-13.5,0.27,"Seriola lalandi","Fis-29523"
122,-13.5,0.47,"Seriola lalandi","Fis-29523"
122.5,-13.5,0.43,"Seriola lalandi","Fis-29523"
123,-13.5,0.39,"Seriola lalandi","Fis-29523"
123.5,-13.5,0.46,"Seriola lalandi","Fis-29523"
124,-13.5,0.52,"Seriola lalandi","Fis-29523"
124.5,-13.5,0.52,"Seriola lalandi","Fis-29523"
125,-13.5,0.48,"Seriola lalandi","Fis-29523"
125.5,-13.5,0.48,"Seriola lalandi","Fis-29523"
126,-13.5,0.39,"Seriola lalandi","Fis-29523"
126.5,-13.5,0.37,"Seriola lalandi","Fis-29523"
127,-13.5,0.49,"Seriola lalandi","Fis-29523"
127.5,-13.5,0.58,"Seriola lalandi","Fis-29523"
128,-13.5,0.51,"Seriola lalandi","Fis-29523"
128.5,-13.5,0.56,"Seriola lalandi","Fis-29523"
129,-13.5,0.67,"Seriola lalandi","Fis-29523"
129.5,-13.5,0.47,"Seriola lalandi","Fis-29523"
130,-13.5,0.47,"Seriola lalandi","Fis-29523"
130.5,-13.5,0.21,"Seriola lalandi","Fis-29523"
136,-13.5,0.41,"Seriola lalandi","Fis-29523"
136.5,-13.5,0.4,"Seriola lalandi","Fis-29523"
137,-13.5,0.32,"Seriola lalandi","Fis-29523"
137.5,-13.5,0.22,"Seriola lalandi","Fis-29523"
138,-13.5,0.43,"Seriola lalandi","Fis-29523"
138.5,-13.5,0.74,"Seriola lalandi","Fis-29523"
139,-13.5,0.93,"Seriola lalandi","Fis-29523"
139.5,-13.5,0.93,"Seriola lalandi","Fis-29523"
140,-13.5,0.85,"Seriola lalandi","Fis-29523"
140.5,-13.5,0.91,"Seriola lalandi","Fis-29523"
141,-13.5,0.95,"Seriola lalandi","Fis-29523"
141.5,-13.5,1,"Seriola lalandi","Fis-29523"
142,-13.5,0.37,"Seriola lalandi","Fis-29523"
144,-13.5,0.69,"Seriola lalandi","Fis-29523"
144.5,-13.5,0.45,"Seriola lalandi","Fis-29523"
161,-13.5,0.32,"Seriola lalandi","Fis-29523"
167,-13.5,0.12,"Seriola lalandi","Fis-29523"
167.5,-13.5,0.11,"Seriola lalandi","Fis-29523"
168,-13.5,0.1,"Seriola lalandi","Fis-29523"
174,-13.5,0.07,"Seriola lalandi","Fis-29523"
-179,-14,0.03,"Seriola lalandi","Fis-29523"
-176.5,-14,0.03,"Seriola lalandi","Fis-29523"
-172.5,-14,0.22,"Seriola lalandi","Fis-29523"
-172,-14,0.33,"Seriola lalandi","Fis-29523"
-171.5,-14,0.18,"Seriola lalandi","Fis-29523"
-171,-14,0.08,"Seriola lalandi","Fis-29523"
-76.5,-14,0.76,"Seriola lalandi","Fis-29523"
-76,-14,0.51,"Seriola lalandi","Fis-29523"
-38.5,-14,0.36,"Seriola lalandi","Fis-29523"
12.5,-14,0.7,"Seriola lalandi","Fis-29523"
13,-14,0.61,"Seriola lalandi","Fis-29523"
41,-14,1,"Seriola lalandi","Fis-29523"
48,-14,0.94,"Seriola lalandi","Fis-29523"
48.5,-14,0.91,"Seriola lalandi","Fis-29523"
50.5,-14,1,"Seriola lalandi","Fis-29523"
60.5,-14,0.4,"Seriola lalandi","Fis-29523"
61,-14,0.38,"Seriola lalandi","Fis-29523"
61.5,-14,0.27,"Seriola lalandi","Fis-29523"
122,-14,0.4,"Seriola lalandi","Fis-29523"
122.5,-14,0.4,"Seriola lalandi","Fis-29523"
123,-14,0.44,"Seriola lalandi","Fis-29523"
123.5,-14,0.53,"Seriola lalandi","Fis-29523"
124,-14,0.59,"Seriola lalandi","Fis-29523"
124.5,-14,0.55,"Seriola lalandi","Fis-29523"
125,-14,0.52,"Seriola lalandi","Fis-29523"
125.5,-14,0.59,"Seriola lalandi","Fis-29523"
126,-14,0.51,"Seriola lalandi","Fis-29523"
126.5,-14,0.28,"Seriola lalandi","Fis-29523"
127,-14,0.93,"Seriola lalandi","Fis-29523"
127.5,-14,0.84,"Seriola lalandi","Fis-29523"
128,-14,0.85,"Seriola lalandi","Fis-29523"
128.5,-14,0.71,"Seriola lalandi","Fis-29523"
129,-14,0.82,"Seriola lalandi","Fis-29523"
129.5,-14,0.31,"Seriola lalandi","Fis-29523"
130,-14,0.32,"Seriola lalandi","Fis-29523"
136,-14,0.46,"Seriola lalandi","Fis-29523"
136.5,-14,1,"Seriola lalandi","Fis-29523"
137,-14,0.4,"Seriola lalandi","Fis-29523"
137.5,-14,0.23,"Seriola lalandi","Fis-29523"
138,-14,0.63,"Seriola lalandi","Fis-29523"
138.5,-14,0.77,"Seriola lalandi","Fis-29523"
139,-14,0.96,"Seriola lalandi","Fis-29523"
139.5,-14,0.94,"Seriola lalandi","Fis-29523"
140,-14,0.93,"Seriola lalandi","Fis-29523"
140.5,-14,0.93,"Seriola lalandi","Fis-29523"
141,-14,0.97,"Seriola lalandi","Fis-29523"
141.5,-14,1,"Seriola lalandi","Fis-29523"
142,-14,0.06,"Seriola lalandi","Fis-29523"
144,-14,0.71,"Seriola lalandi","Fis-29523"
144.5,-14,0.85,"Seriola lalandi","Fis-29523"
145,-14,0.52,"Seriola lalandi","Fis-29523"
147,-14,0.4,"Seriola lalandi","Fis-29523"
165,-14,0.01,"Seriola lalandi","Fis-29523"
165.5,-14,0.01,"Seriola lalandi","Fis-29523"
167.5,-14,0.16,"Seriola lalandi","Fis-29523"
168,-14,0.13,"Seriola lalandi","Fis-29523"
168.5,-14,0.05,"Seriola lalandi","Fis-29523"
176,-14,0.02,"Seriola lalandi","Fis-29523"
-178,-14.5,0.08,"Seriola lalandi","Fis-29523"
-177.5,-14.5,0.07,"Seriola lalandi","Fis-29523"
-176,-14.5,0.07,"Seriola lalandi","Fis-29523"
-175.5,-14.5,0.07,"Seriola lalandi","Fis-29523"
-171.5,-14.5,0.19,"Seriola lalandi","Fis-29523"
-171,-14.5,0.08,"Seriola lalandi","Fis-29523"
-170.5,-14.5,0.07,"Seriola lalandi","Fis-29523"
-170,-14.5,0.04,"Seriola lalandi","Fis-29523"
-169.5,-14.5,0.04,"Seriola lalandi","Fis-29523"
-169,-14.5,0.04,"Seriola lalandi","Fis-29523"
-168,-14.5,0.02,"Seriola lalandi","Fis-29523"
-149.5,-14.5,0.07,"Seriola lalandi","Fis-29523"
-146,-14.5,0.83,"Seriola lalandi","Fis-29523"
-145.5,-14.5,0.83,"Seriola lalandi","Fis-29523"
-145,-14.5,0.84,"Seriola lalandi","Fis-29523"
-144.5,-14.5,0.71,"Seriola lalandi","Fis-29523"
-141,-14.5,0.39,"Seriola lalandi","Fis-29523"
-76.5,-14.5,0.86,"Seriola lalandi","Fis-29523"
-76,-14.5,0.59,"Seriola lalandi","Fis-29523"
-75.5,-14.5,0.42,"Seriola lalandi","Fis-29523"
-38.5,-14.5,0.32,"Seriola lalandi","Fis-29523"
12.5,-14.5,0.63,"Seriola lalandi","Fis-29523"
41,-14.5,1,"Seriola lalandi","Fis-29523"
47.5,-14.5,0.96,"Seriola lalandi","Fis-29523"
48,-14.5,0.97,"Seriola lalandi","Fis-29523"
48.5,-14.5,0.03,"Seriola lalandi","Fis-29523"
50.5,-14.5,1,"Seriola lalandi","Fis-29523"
60.5,-14.5,0.64,"Seriola lalandi","Fis-29523"
61,-14.5,0.46,"Seriola lalandi","Fis-29523"
61.5,-14.5,0.24,"Seriola lalandi","Fis-29523"
121.5,-14.5,0.01,"Seriola lalandi","Fis-29523"
122,-14.5,0.41,"Seriola lalandi","Fis-29523"
122.5,-14.5,0.46,"Seriola lalandi","Fis-29523"
123,-14.5,0.52,"Seriola lalandi","Fis-29523"
123.5,-14.5,0.6,"Seriola lalandi","Fis-29523"
124,-14.5,0.58,"Seriola lalandi","Fis-29523"
124.5,-14.5,0.61,"Seriola lalandi","Fis-29523"
125,-14.5,0.7,"Seriola lalandi","Fis-29523"
125.5,-14.5,0.39,"Seriola lalandi","Fis-29523"
126,-14.5,0.87,"Seriola lalandi","Fis-29523"
126.5,-14.5,0.56,"Seriola lalandi","Fis-29523"
127,-14.5,0.36,"Seriola lalandi","Fis-29523"
128,-14.5,0.93,"Seriola lalandi","Fis-29523"
128.5,-14.5,0.92,"Seriola lalandi","Fis-29523"
129,-14.5,0.91,"Seriola lalandi","Fis-29523"
129.5,-14.5,0.26,"Seriola lalandi","Fis-29523"
130,-14.5,0.09,"Seriola lalandi","Fis-29523"
136,-14.5,0.58,"Seriola lalandi","Fis-29523"
136.5,-14.5,0.31,"Seriola lalandi","Fis-29523"
137,-14.5,0.22,"Seriola lalandi","Fis-29523"
137.5,-14.5,0.55,"Seriola lalandi","Fis-29523"
138,-14.5,0.99,"Seriola lalandi","Fis-29523"
138.5,-14.5,0.98,"Seriola lalandi","Fis-29523"
139,-14.5,0.97,"Seriola lalandi","Fis-29523"
139.5,-14.5,0.95,"Seriola lalandi","Fis-29523"
140,-14.5,0.94,"Seriola lalandi","Fis-29523"
140.5,-14.5,0.94,"Seriola lalandi","Fis-29523"
141,-14.5,0.99,"Seriola lalandi","Fis-29523"
141.5,-14.5,1,"Seriola lalandi","Fis-29523"
142,-14.5,0.54,"Seriola lalandi","Fis-29523"
144,-14.5,0.48,"Seriola lalandi","Fis-29523"
144.5,-14.5,0.57,"Seriola lalandi","Fis-29523"
145,-14.5,1,"Seriola lalandi","Fis-29523"
145.5,-14.5,0.71,"Seriola lalandi","Fis-29523"
146,-14.5,0.4,"Seriola lalandi","Fis-29523"
147,-14.5,0.2,"Seriola lalandi","Fis-29523"
167,-14.5,0.01,"Seriola lalandi","Fis-29523"
167.5,-14.5,0.16,"Seriola lalandi","Fis-29523"
168,-14.5,0.13,"Seriola lalandi","Fis-29523"
168.5,-14.5,0.1,"Seriola lalandi","Fis-29523"
-175.5,-15,0.06,"Seriola lalandi","Fis-29523"
-170.5,-15,0.05,"Seriola lalandi","Fis-29523"
-170,-15,0.04,"Seriola lalandi","Fis-29523"
-169.5,-15,0.04,"Seriola lalandi","Fis-29523"
-168,-15,0.03,"Seriola lalandi","Fis-29523"
-148.5,-15,0.71,"Seriola lalandi","Fis-29523"
-148,-15,0.82,"Seriola lalandi","Fis-29523"
-147.5,-15,0.83,"Seriola lalandi","Fis-29523"
-147,-15,0.83,"Seriola lalandi","Fis-29523"
-146,-15,0.84,"Seriola lalandi","Fis-29523"
-145,-15,0.84,"Seriola lalandi","Fis-29523"
-144.5,-15,0.54,"Seriola lalandi","Fis-29523"
-144,-15,0.29,"Seriola lalandi","Fis-29523"
-138.5,-15,0.34,"Seriola lalandi","Fis-29523"
-76,-15,0.79,"Seriola lalandi","Fis-29523"
-75.5,-15,0.58,"Seriola lalandi","Fis-29523"
-75,-15,0.44,"Seriola lalandi","Fis-29523"
-39,-15,0.08,"Seriola lalandi","Fis-29523"
-38.5,-15,0.28,"Seriola lalandi","Fis-29523"
12.5,-15,0.57,"Seriola lalandi","Fis-29523"
41,-15,1,"Seriola lalandi","Fis-29523"
41.5,-15,0.2,"Seriola lalandi","Fis-29523"
47,-15,1,"Seriola lalandi","Fis-29523"
47.5,-15,0.99,"Seriola lalandi","Fis-29523"
48,-15,1,"Seriola lalandi","Fis-29523"
50.5,-15,1,"Seriola lalandi","Fis-29523"
51,-15,0.58,"Seriola lalandi","Fis-29523"
60,-15,0.2,"Seriola lalandi","Fis-29523"
60.5,-15,0.62,"Seriola lalandi","Fis-29523"
61,-15,0.44,"Seriola lalandi","Fis-29523"
61.5,-15,0.21,"Seriola lalandi","Fis-29523"
121,-15,0.14,"Seriola lalandi","Fis-29523"
121.5,-15,0.41,"Seriola lalandi","Fis-29523"
122,-15,0.51,"Seriola lalandi","Fis-29523"
122.5,-15,0.57,"Seriola lalandi","Fis-29523"
123,-15,0.59,"Seriola lalandi","Fis-29523"
123.5,-15,0.6,"Seriola lalandi","Fis-29523"
124,-15,0.57,"Seriola lalandi","Fis-29523"
124.5,-15,0.41,"Seriola lalandi","Fis-29523"
125,-15,0.56,"Seriola lalandi","Fis-29523"
125.5,-15,0.26,"Seriola lalandi","Fis-29523"
126,-15,0.09,"Seriola lalandi","Fis-29523"
128,-15,0.12,"Seriola lalandi","Fis-29523"
128.5,-15,0.8,"Seriola lalandi","Fis-29523"
129,-15,0.35,"Seriola lalandi","Fis-29523"
129.5,-15,0.41,"Seriola lalandi","Fis-29523"
130,-15,0.45,"Seriola lalandi","Fis-29523"
135.5,-15,0.47,"Seriola lalandi","Fis-29523"
136,-15,0.41,"Seriola lalandi","Fis-29523"
136.5,-15,0.52,"Seriola lalandi","Fis-29523"
137,-15,0.4,"Seriola lalandi","Fis-29523"
137.5,-15,0.48,"Seriola lalandi","Fis-29523"
138,-15,0.93,"Seriola lalandi","Fis-29523"
138.5,-15,0.91,"Seriola lalandi","Fis-29523"
139,-15,0.98,"Seriola lalandi","Fis-29523"
139.5,-15,0.97,"Seriola lalandi","Fis-29523"
140,-15,0.96,"Seriola lalandi","Fis-29523"
140.5,-15,0.97,"Seriola lalandi","Fis-29523"
141,-15,1,"Seriola lalandi","Fis-29523"
141.5,-15,1,"Seriola lalandi","Fis-29523"
142,-15,0.55,"Seriola lalandi","Fis-29523"
145,-15,0.08,"Seriola lalandi","Fis-29523"
145.5,-15,0.32,"Seriola lalandi","Fis-29523"
146,-15,0.61,"Seriola lalandi","Fis-29523"
167,-15,0.21,"Seriola lalandi","Fis-29523"
167.5,-15,0.18,"Seriola lalandi","Fis-29523"
168.5,-15,0.11,"Seriola lalandi","Fis-29523"
-176.5,-15.5,0.05,"Seriola lalandi","Fis-29523"
-173.5,-15.5,0.11,"Seriola lalandi","Fis-29523"
-148,-15.5,0.84,"Seriola lalandi","Fis-29523"
-147.5,-15.5,0.84,"Seriola lalandi","Fis-29523"
-147,-15.5,0.84,"Seriola lalandi","Fis-29523"
-146.5,-15.5,0.84,"Seriola lalandi","Fis-29523"
-146,-15.5,0.84,"Seriola lalandi","Fis-29523"
-145.5,-15.5,0.65,"Seriola lalandi","Fis-29523"
-145,-15.5,0.53,"Seriola lalandi","Fis-29523"
-75.5,-15.5,0.84,"Seriola lalandi","Fis-29523"
-75,-15.5,0.63,"Seriola lalandi","Fis-29523"
-74.5,-15.5,0.4,"Seriola lalandi","Fis-29523"
-38.5,-15.5,0.41,"Seriola lalandi","Fis-29523"
12,-15.5,0.69,"Seriola lalandi","Fis-29523"
12.5,-15.5,0.51,"Seriola lalandi","Fis-29523"
41,-15.5,1,"Seriola lalandi","Fis-29523"
46,-15.5,0.48,"Seriola lalandi","Fis-29523"
46.5,-15.5,1,"Seriola lalandi","Fis-29523"
47,-15.5,0.74,"Seriola lalandi","Fis-29523"
47.5,-15.5,0.89,"Seriola lalandi","Fis-29523"
48,-15.5,0.22,"Seriola lalandi","Fis-29523"
50,-15.5,1,"Seriola lalandi","Fis-29523"
50.5,-15.5,0.95,"Seriola lalandi","Fis-29523"
51,-15.5,0.49,"Seriola lalandi","Fis-29523"
60,-15.5,0.29,"Seriola lalandi","Fis-29523"
60.5,-15.5,0.62,"Seriola lalandi","Fis-29523"
61,-15.5,0.41,"Seriola lalandi","Fis-29523"
61.5,-15.5,0.19,"Seriola lalandi","Fis-29523"
62,-15.5,0.06,"Seriola lalandi","Fis-29523"
121,-15.5,0.35,"Seriola lalandi","Fis-29523"
121.5,-15.5,0.48,"Seriola lalandi","Fis-29523"
122,-15.5,0.57,"Seriola lalandi","Fis-29523"
122.5,-15.5,0.62,"Seriola lalandi","Fis-29523"
123,-15.5,0.66,"Seriola lalandi","Fis-29523"
123.5,-15.5,0.71,"Seriola lalandi","Fis-29523"
124,-15.5,0.38,"Seriola lalandi","Fis-29523"
124.5,-15.5,0.11,"Seriola lalandi","Fis-29523"
125,-15.5,0.25,"Seriola lalandi","Fis-29523"
125.5,-15.5,0.48,"Seriola lalandi","Fis-29523"
128.5,-15.5,0.01,"Seriola lalandi","Fis-29523"
136,-15.5,0.14,"Seriola lalandi","Fis-29523"
136.5,-15.5,0.39,"Seriola lalandi","Fis-29523"
137,-15.5,0.44,"Seriola lalandi","Fis-29523"
137.5,-15.5,0.64,"Seriola lalandi","Fis-29523"
138,-15.5,0.75,"Seriola lalandi","Fis-29523"
138.5,-15.5,0.84,"Seriola lalandi","Fis-29523"
139,-15.5,1,"Seriola lalandi","Fis-29523"
139.5,-15.5,0.99,"Seriola lalandi","Fis-29523"
140,-15.5,0.98,"Seriola lalandi","Fis-29523"
140.5,-15.5,1,"Seriola lalandi","Fis-29523"
141,-15.5,1,"Seriola lalandi","Fis-29523"
141.5,-15.5,1,"Seriola lalandi","Fis-29523"
142,-15.5,0.28,"Seriola lalandi","Fis-29523"
145.5,-15.5,0.43,"Seriola lalandi","Fis-29523"
146,-15.5,0.67,"Seriola lalandi","Fis-29523"
147.5,-15.5,0.22,"Seriola lalandi","Fis-29523"
167,-15.5,0.25,"Seriola lalandi","Fis-29523"
167.5,-15.5,0.24,"Seriola lalandi","Fis-29523"
168,-15.5,0.17,"Seriola lalandi","Fis-29523"
168.5,-15.5,0.13,"Seriola lalandi","Fis-29523"
-179.5,-16,0.12,"Seriola lalandi","Fis-29523"
-179,-16,0.09,"Seriola lalandi","Fis-29523"
-176.5,-16,0.07,"Seriola lalandi","Fis-29523"
-175.5,-16,0.08,"Seriola lalandi","Fis-29523"
-173.5,-16,0.1,"Seriola lalandi","Fis-29523"
-154.5,-16,0.01,"Seriola lalandi","Fis-29523"
-154,-16,0.07,"Seriola lalandi","Fis-29523"
-148,-16,0.82,"Seriola lalandi","Fis-29523"
-147,-16,0.03,"Seriola lalandi","Fis-29523"
-146.5,-16,0.85,"Seriola lalandi","Fis-29523"
-146,-16,0.86,"Seriola lalandi","Fis-29523"
-145.5,-16,0.86,"Seriola lalandi","Fis-29523"
-145,-16,0.79,"Seriola lalandi","Fis-29523"
-144.5,-16,0.52,"Seriola lalandi","Fis-29523"
-142,-16,0.29,"Seriola lalandi","Fis-29523"
-140.5,-16,0.14,"Seriola lalandi","Fis-29523"
-140,-16,0.14,"Seriola lalandi","Fis-29523"
-139.5,-16,0.03,"Seriola lalandi","Fis-29523"
-75,-16,0.6,"Seriola lalandi","Fis-29523"
-74.5,-16,0.61,"Seriola lalandi","Fis-29523"
-74,-16,0.35,"Seriola lalandi","Fis-29523"
-73.5,-16,0.02,"Seriola lalandi","Fis-29523"
-38.5,-16,0.52,"Seriola lalandi","Fis-29523"
-38,-16,0.21,"Seriola lalandi","Fis-29523"
-37.5,-16,0.12,"Seriola lalandi","Fis-29523"
-6.5,-16,0.17,"Seriola lalandi","Fis-29523"
-5.5,-16,0.26,"Seriola lalandi","Fis-29523"
12,-16,0.5,"Seriola lalandi","Fis-29523"
12.5,-16,0.44,"Seriola lalandi","Fis-29523"
40.5,-16,1,"Seriola lalandi","Fis-29523"
41,-16,1,"Seriola lalandi","Fis-29523"
44.5,-16,0.91,"Seriola lalandi","Fis-29523"
45,-16,1,"Seriola lalandi","Fis-29523"
45.5,-16,1,"Seriola lalandi","Fis-29523"
46,-16,0.73,"Seriola lalandi","Fis-29523"
46.5,-16,0.79,"Seriola lalandi","Fis-29523"
50,-16,1,"Seriola lalandi","Fis-29523"
50.5,-16,1,"Seriola lalandi","Fis-29523"
51,-16,0.41,"Seriola lalandi","Fis-29523"
55,-16,0.32,"Seriola lalandi","Fis-29523"
59.5,-16,0.62,"Seriola lalandi","Fis-29523"
60,-16,0.56,"Seriola lalandi","Fis-29523"
60.5,-16,0.43,"Seriola lalandi","Fis-29523"
61,-16,0.27,"Seriola lalandi","Fis-29523"
61.5,-16,0.16,"Seriola lalandi","Fis-29523"
62,-16,0.06,"Seriola lalandi","Fis-29523"
120.5,-16,0.24,"Seriola lalandi","Fis-29523"
121,-16,0.42,"Seriola lalandi","Fis-29523"
121.5,-16,0.55,"Seriola lalandi","Fis-29523"
122,-16,0.59,"Seriola lalandi","Fis-29523"
122.5,-16,0.64,"Seriola lalandi","Fis-29523"
123,-16,0.78,"Seriola lalandi","Fis-29523"
123.5,-16,0.81,"Seriola lalandi","Fis-29523"
124,-16,0.04,"Seriola lalandi","Fis-29523"
124.5,-16,0.24,"Seriola lalandi","Fis-29523"
125,-16,0.15,"Seriola lalandi","Fis-29523"
136.5,-16,0.3,"Seriola lalandi","Fis-29523"
137,-16,0.31,"Seriola lalandi","Fis-29523"
137.5,-16,0.34,"Seriola lalandi","Fis-29523"
138,-16,0.51,"Seriola lalandi","Fis-29523"
138.5,-16,0.88,"Seriola lalandi","Fis-29523"
139,-16,1,"Seriola lalandi","Fis-29523"
139.5,-16,1,"Seriola lalandi","Fis-29523"
140,-16,1,"Seriola lalandi","Fis-29523"
140.5,-16,1,"Seriola lalandi","Fis-29523"
141,-16,1,"Seriola lalandi","Fis-29523"
141.5,-16,1,"Seriola lalandi","Fis-29523"
145.5,-16,0.35,"Seriola lalandi","Fis-29523"
146,-16,0.82,"Seriola lalandi","Fis-29523"
147.5,-16,0.06,"Seriola lalandi","Fis-29523"
149.5,-16,0.25,"Seriola lalandi","Fis-29523"
150,-16,0.24,"Seriola lalandi","Fis-29523"
150.5,-16,0.08,"Seriola lalandi","Fis-29523"
166.5,-16,0.27,"Seriola lalandi","Fis-29523"
167,-16,0.3,"Seriola lalandi","Fis-29523"
167.5,-16,0.27,"Seriola lalandi","Fis-29523"
168,-16,0.06,"Seriola lalandi","Fis-29523"
168.5,-16,0.17,"Seriola lalandi","Fis-29523"
176,-16,0.11,"Seriola lalandi","Fis-29523"
179.5,-16,0.03,"Seriola lalandi","Fis-29523"
-179.5,-16.5,0.22,"Seriola lalandi","Fis-29523"
-179,-16.5,0.14,"Seriola lalandi","Fis-29523"
-178.5,-16.5,0.09,"Seriola lalandi","Fis-29523"
-177,-16.5,0.04,"Seriola lalandi","Fis-29523"
-173.5,-16.5,0.02,"Seriola lalandi","Fis-29523"
-154.5,-16.5,0.06,"Seriola lalandi","Fis-29523"
-152,-16.5,0.12,"Seriola lalandi","Fis-29523"
-151.5,-16.5,0.16,"Seriola lalandi","Fis-29523"
-146.5,-16.5,0.08,"Seriola lalandi","Fis-29523"
-146,-16.5,0.87,"Seriola lalandi","Fis-29523"
-145.5,-16.5,0.87,"Seriola lalandi","Fis-29523"
-145,-16.5,0.86,"Seriola lalandi","Fis-29523"
-144.5,-16.5,0.8,"Seriola lalandi","Fis-29523"
-144,-16.5,0.66,"Seriola lalandi","Fis-29523"
-143.5,-16.5,0.63,"Seriola lalandi","Fis-29523"
-143,-16.5,0.63,"Seriola lalandi","Fis-29523"
-142.5,-16.5,0.53,"Seriola lalandi","Fis-29523"
-142,-16.5,0.38,"Seriola lalandi","Fis-29523"
-140,-16.5,0.11,"Seriola lalandi","Fis-29523"
-74,-16.5,0.49,"Seriola lalandi","Fis-29523"
-73.5,-16.5,0.21,"Seriola lalandi","Fis-29523"
-73,-16.5,0.16,"Seriola lalandi","Fis-29523"
-39,-16.5,0.03,"Seriola lalandi","Fis-29523"
-38.5,-16.5,0.53,"Seriola lalandi","Fis-29523"
-38,-16.5,0.23,"Seriola lalandi","Fis-29523"
-37.5,-16.5,0.12,"Seriola lalandi","Fis-29523"
-8.5,-16.5,0.01,"Seriola lalandi","Fis-29523"
-5.5,-16.5,0.28,"Seriola lalandi","Fis-29523"
11.5,-16.5,0.7,"Seriola lalandi","Fis-29523"
12,-16.5,0.3,"Seriola lalandi","Fis-29523"
40,-16.5,0.01,"Seriola lalandi","Fis-29523"
40.5,-16.5,1,"Seriola lalandi","Fis-29523"
44,-16.5,1,"Seriola lalandi","Fis-29523"
44.5,-16.5,1,"Seriola lalandi","Fis-29523"
45,-16.5,1,"Seriola lalandi","Fis-29523"
45.5,-16.5,0.53,"Seriola lalandi","Fis-29523"
50,-16.5,1,"Seriola lalandi","Fis-29523"
50.5,-16.5,0.63,"Seriola lalandi","Fis-29523"
59.5,-16.5,0.64,"Seriola lalandi","Fis-29523"
60,-16.5,0.45,"Seriola lalandi","Fis-29523"
60.5,-16.5,0.22,"Seriola lalandi","Fis-29523"
61,-16.5,0.15,"Seriola lalandi","Fis-29523"
61.5,-16.5,0.13,"Seriola lalandi","Fis-29523"
120,-16.5,0.11,"Seriola lalandi","Fis-29523"
120.5,-16.5,0.33,"Seriola lalandi","Fis-29523"
121,-16.5,0.55,"Seriola lalandi","Fis-29523"
121.5,-16.5,0.64,"Seriola lalandi","Fis-29523"
122,-16.5,0.71,"Seriola lalandi","Fis-29523"
122.5,-16.5,0.9,"Seriola lalandi","Fis-29523"
123,-16.5,0.88,"Seriola lalandi","Fis-29523"
123.5,-16.5,0.22,"Seriola lalandi","Fis-29523"
124,-16.5,0.36,"Seriola lalandi","Fis-29523"
124.5,-16.5,0.41,"Seriola lalandi","Fis-29523"
125,-16.5,0.36,"Seriola lalandi","Fis-29523"
137.5,-16.5,0.32,"Seriola lalandi","Fis-29523"
138,-16.5,0.28,"Seriola lalandi","Fis-29523"
138.5,-16.5,0.54,"Seriola lalandi","Fis-29523"
139,-16.5,0.8,"Seriola lalandi","Fis-29523"
139.5,-16.5,1,"Seriola lalandi","Fis-29523"
140,-16.5,1,"Seriola lalandi","Fis-29523"
140.5,-16.5,1,"Seriola lalandi","Fis-29523"
141,-16.5,1,"Seriola lalandi","Fis-29523"
141.5,-16.5,1,"Seriola lalandi","Fis-29523"
145.5,-16.5,1,"Seriola lalandi","Fis-29523"
146,-16.5,1,"Seriola lalandi","Fis-29523"
146.5,-16.5,0.42,"Seriola lalandi","Fis-29523"
148,-16.5,0.22,"Seriola lalandi","Fis-29523"
148.5,-16.5,0.21,"Seriola lalandi","Fis-29523"
149.5,-16.5,0.18,"Seriola lalandi","Fis-29523"
150,-16.5,0.18,"Seriola lalandi","Fis-29523"
150.5,-16.5,0.19,"Seriola lalandi","Fis-29523"
151,-16.5,0.05,"Seriola lalandi","Fis-29523"
152,-16.5,0.02,"Seriola lalandi","Fis-29523"
167.5,-16.5,0.31,"Seriola lalandi","Fis-29523"
168,-16.5,0.27,"Seriola lalandi","Fis-29523"
168.5,-16.5,0.25,"Seriola lalandi","Fis-29523"
178,-16.5,0.23,"Seriola lalandi","Fis-29523"
178.5,-16.5,0.29,"Seriola lalandi","Fis-29523"
179,-16.5,0.3,"Seriola lalandi","Fis-29523"
179.5,-16.5,0.3,"Seriola lalandi","Fis-29523"
-179.5,-17,0.31,"Seriola lalandi","Fis-29523"
-179,-17,0.21,"Seriola lalandi","Fis-29523"
-178.5,-17,0.17,"Seriola lalandi","Fis-29523"
-177,-17,0.03,"Seriola lalandi","Fis-29523"
-173.5,-17,0.07,"Seriola lalandi","Fis-29523"
-154.5,-17,0.06,"Seriola lalandi","Fis-29523"
-153.5,-17,0.06,"Seriola lalandi","Fis-29523"
-151.5,-17,0.22,"Seriola lalandi","Fis-29523"
-151,-17,0.21,"Seriola lalandi","Fis-29523"
-150.5,-17,0.15,"Seriola lalandi","Fis-29523"
-149.5,-17,0.2,"Seriola lalandi","Fis-29523"
-149,-17,0.26,"Seriola lalandi","Fis-29523"
-145.5,-17,0.64,"Seriola lalandi","Fis-29523"
-145,-17,0.81,"Seriola lalandi","Fis-29523"
-144.5,-17,0.86,"Seriola lalandi","Fis-29523"
-144,-17,0.86,"Seriola lalandi","Fis-29523"
-143.5,-17,0.85,"Seriola lalandi","Fis-29523"
-143,-17,0.74,"Seriola lalandi","Fis-29523"
-142.5,-17,0.48,"Seriola lalandi","Fis-29523"
-141.5,-17,0.16,"Seriola lalandi","Fis-29523"
-73,-17,0.36,"Seriola lalandi","Fis-29523"
-72.5,-17,0.22,"Seriola lalandi","Fis-29523"
-39,-17,0.21,"Seriola lalandi","Fis-29523"
-38.5,-17,0.45,"Seriola lalandi","Fis-29523"
-37.5,-17,0.1,"Seriola lalandi","Fis-29523"
-37,-17,0.08,"Seriola lalandi","Fis-29523"
11.5,-17,0.65,"Seriola lalandi","Fis-29523"
12,-17,0.14,"Seriola lalandi","Fis-29523"
39.5,-17,1,"Seriola lalandi","Fis-29523"
40,-17,1,"Seriola lalandi","Fis-29523"
40.5,-17,1,"Seriola lalandi","Fis-29523"
43,-17,0.51,"Seriola lalandi","Fis-29523"
43.5,-17,0.81,"Seriola lalandi","Fis-29523"
44,-17,1,"Seriola lalandi","Fis-29523"
44.5,-17,1,"Seriola lalandi","Fis-29523"
50,-17,1,"Seriola lalandi","Fis-29523"
50.5,-17,0.57,"Seriola lalandi","Fis-29523"
59.5,-17,0.67,"Seriola lalandi","Fis-29523"
60,-17,0.41,"Seriola lalandi","Fis-29523"
60.5,-17,0.17,"Seriola lalandi","Fis-29523"
61,-17,0.03,"Seriola lalandi","Fis-29523"
119,-17,0.32,"Seriola lalandi","Fis-29523"
119.5,-17,0.37,"Seriola lalandi","Fis-29523"
120,-17,0.43,"Seriola lalandi","Fis-29523"
120.5,-17,0.47,"Seriola lalandi","Fis-29523"
121,-17,0.65,"Seriola lalandi","Fis-29523"
121.5,-17,0.76,"Seriola lalandi","Fis-29523"
122,-17,0.95,"Seriola lalandi","Fis-29523"
122.5,-17,0.99,"Seriola lalandi","Fis-29523"
123,-17,0.44,"Seriola lalandi","Fis-29523"
123.5,-17,0.8,"Seriola lalandi","Fis-29523"
124,-17,0.3,"Seriola lalandi","Fis-29523"
138.5,-17,0.36,"Seriola lalandi","Fis-29523"
139,-17,0.31,"Seriola lalandi","Fis-29523"
139.5,-17,0.96,"Seriola lalandi","Fis-29523"
140,-17,0.5,"Seriola lalandi","Fis-29523"
140.5,-17,1,"Seriola lalandi","Fis-29523"
141,-17,0.54,"Seriola lalandi","Fis-29523"
141.5,-17,0.27,"Seriola lalandi","Fis-29523"
146,-17,1,"Seriola lalandi","Fis-29523"
146.5,-17,1,"Seriola lalandi","Fis-29523"
147,-17,0.34,"Seriola lalandi","Fis-29523"
148,-17,0.22,"Seriola lalandi","Fis-29523"
148.5,-17,0.04,"Seriola lalandi","Fis-29523"
149.5,-17,0.17,"Seriola lalandi","Fis-29523"
150,-17,0.18,"Seriola lalandi","Fis-29523"
150.5,-17,0.18,"Seriola lalandi","Fis-29523"
151,-17,0.18,"Seriola lalandi","Fis-29523"
151.5,-17,0.07,"Seriola lalandi","Fis-29523"
152,-17,0.14,"Seriola lalandi","Fis-29523"
152.5,-17,0.14,"Seriola lalandi","Fis-29523"
167.5,-17,0.31,"Seriola lalandi","Fis-29523"
168,-17,0.31,"Seriola lalandi","Fis-29523"
168.5,-17,0.28,"Seriola lalandi","Fis-29523"
169,-17,0.2,"Seriola lalandi","Fis-29523"
176,-17,0.02,"Seriola lalandi","Fis-29523"
177.5,-17,0.37,"Seriola lalandi","Fis-29523"
178,-17,0.41,"Seriola lalandi","Fis-29523"
178.5,-17,0.5,"Seriola lalandi","Fis-29523"
179,-17,0.44,"Seriola lalandi","Fis-29523"
179.5,-17,0.44,"Seriola lalandi","Fis-29523"
-179.5,-17.5,0.35,"Seriola lalandi","Fis-29523"
-179,-17.5,0.27,"Seriola lalandi","Fis-29523"
-178.5,-17.5,0.25,"Seriola lalandi","Fis-29523"
-178,-17.5,0.08,"Seriola lalandi","Fis-29523"
-173.5,-17.5,0.06,"Seriola lalandi","Fis-29523"
-149.5,-17.5,0.2,"Seriola lalandi","Fis-29523"
-149,-17.5,0.22,"Seriola lalandi","Fis-29523"
-145.5,-17.5,0.5,"Seriola lalandi","Fis-29523"
-145,-17.5,0.65,"Seriola lalandi","Fis-29523"
-144,-17.5,0.74,"Seriola lalandi","Fis-29523"
-143,-17.5,0.64,"Seriola lalandi","Fis-29523"
-142.5,-17.5,0.35,"Seriola lalandi","Fis-29523"
-142,-17.5,0.18,"Seriola lalandi","Fis-29523"
-141,-17.5,0.1,"Seriola lalandi","Fis-29523"
-138,-17.5,0.07,"Seriola lalandi","Fis-29523"
-72.5,-17.5,0.06,"Seriola lalandi","Fis-29523"
-72,-17.5,0.29,"Seriola lalandi","Fis-29523"
-71,-17.5,0.14,"Seriola lalandi","Fis-29523"
-39,-17.5,0.29,"Seriola lalandi","Fis-29523"
-38.5,-17.5,0.44,"Seriola lalandi","Fis-29523"
-38,-17.5,0.16,"Seriola lalandi","Fis-29523"
-37.5,-17.5,0.1,"Seriola lalandi","Fis-29523"
-37,-17.5,0.08,"Seriola lalandi","Fis-29523"
-36.5,-17.5,0.07,"Seriola lalandi","Fis-29523"
11.5,-17.5,0.64,"Seriola lalandi","Fis-29523"
12,-17.5,0.32,"Seriola lalandi","Fis-29523"
38,-17.5,0.53,"Seriola lalandi","Fis-29523"
38.5,-17.5,1,"Seriola lalandi","Fis-29523"
39,-17.5,1,"Seriola lalandi","Fis-29523"
39.5,-17.5,1,"Seriola lalandi","Fis-29523"
40,-17.5,0.5,"Seriola lalandi","Fis-29523"
43,-17.5,0.52,"Seriola lalandi","Fis-29523"
43.5,-17.5,0.94,"Seriola lalandi","Fis-29523"
44,-17.5,1,"Seriola lalandi","Fis-29523"
44.5,-17.5,0.04,"Seriola lalandi","Fis-29523"
49.5,-17.5,0.37,"Seriola lalandi","Fis-29523"
50,-17.5,1,"Seriola lalandi","Fis-29523"
50.5,-17.5,0.31,"Seriola lalandi","Fis-29523"
58.5,-17.5,0.58,"Seriola lalandi","Fis-29523"
59,-17.5,0.59,"Seriola lalandi","Fis-29523"
59.5,-17.5,0.49,"Seriola lalandi","Fis-29523"
60,-17.5,0.27,"Seriola lalandi","Fis-29523"
61.5,-17.5,0.06,"Seriola lalandi","Fis-29523"
119,-17.5,0.39,"Seriola lalandi","Fis-29523"
119.5,-17.5,0.43,"Seriola lalandi","Fis-29523"
120,-17.5,0.48,"Seriola lalandi","Fis-29523"
120.5,-17.5,0.56,"Seriola lalandi","Fis-29523"
121,-17.5,0.78,"Seriola lalandi","Fis-29523"
121.5,-17.5,0.85,"Seriola lalandi","Fis-29523"
122,-17.5,0.78,"Seriola lalandi","Fis-29523"
122.5,-17.5,0.39,"Seriola lalandi","Fis-29523"
123.5,-17.5,0.72,"Seriola lalandi","Fis-29523"
124,-17.5,0.54,"Seriola lalandi","Fis-29523"
139.5,-17.5,0.36,"Seriola lalandi","Fis-29523"
140,-17.5,0.53,"Seriola lalandi","Fis-29523"
140.5,-17.5,0.52,"Seriola lalandi","Fis-29523"
141,-17.5,0.78,"Seriola lalandi","Fis-29523"
146,-17.5,0.79,"Seriola lalandi","Fis-29523"
146.5,-17.5,1,"Seriola lalandi","Fis-29523"
147,-17.5,0.59,"Seriola lalandi","Fis-29523"
148.5,-17.5,0.22,"Seriola lalandi","Fis-29523"
149,-17.5,0.19,"Seriola lalandi","Fis-29523"
149.5,-17.5,0.17,"Seriola lalandi","Fis-29523"
150,-17.5,0.19,"Seriola lalandi","Fis-29523"
150.5,-17.5,0.19,"Seriola lalandi","Fis-29523"
151,-17.5,0.19,"Seriola lalandi","Fis-29523"
151.5,-17.5,0.18,"Seriola lalandi","Fis-29523"
152,-17.5,0.17,"Seriola lalandi","Fis-29523"
152.5,-17.5,0.13,"Seriola lalandi","Fis-29523"
156,-17.5,0.12,"Seriola lalandi","Fis-29523"
168.5,-17.5,0.26,"Seriola lalandi","Fis-29523"
169,-17.5,0.22,"Seriola lalandi","Fis-29523"
177,-17.5,0.42,"Seriola lalandi","Fis-29523"
177.5,-17.5,0.62,"Seriola lalandi","Fis-29523"
178,-17.5,0.64,"Seriola lalandi","Fis-29523"
178.5,-17.5,0.5,"Seriola lalandi","Fis-29523"
179,-17.5,0.5,"Seriola lalandi","Fis-29523"
179.5,-17.5,0.45,"Seriola lalandi","Fis-29523"
-179,-18,0.29,"Seriola lalandi","Fis-29523"
-178.5,-18,0.26,"Seriola lalandi","Fis-29523"
-178,-18,0.2,"Seriola lalandi","Fis-29523"
-174,-18,0.06,"Seriola lalandi","Fis-29523"
-163,-18,0.03,"Seriola lalandi","Fis-29523"
-154,-18,0.01,"Seriola lalandi","Fis-29523"
-150.5,-18,0.16,"Seriola lalandi","Fis-29523"
-149.5,-18,0.24,"Seriola lalandi","Fis-29523"
-149,-18,0.23,"Seriola lalandi","Fis-29523"
-148,-18,0.23,"Seriola lalandi","Fis-29523"
-147.5,-18,0.12,"Seriola lalandi","Fis-29523"
-143,-18,0.41,"Seriola lalandi","Fis-29523"
-142.5,-18,0.28,"Seriola lalandi","Fis-29523"
-142,-18,0.23,"Seriola lalandi","Fis-29523"
-140.5,-18,0.11,"Seriola lalandi","Fis-29523"
-71.5,-18,0.61,"Seriola lalandi","Fis-29523"
-71,-18,0.29,"Seriola lalandi","Fis-29523"
-70.5,-18,0.27,"Seriola lalandi","Fis-29523"
-39,-18,0.41,"Seriola lalandi","Fis-29523"
-38.5,-18,0.53,"Seriola lalandi","Fis-29523"
-38,-18,0.34,"Seriola lalandi","Fis-29523"
-37.5,-18,0.19,"Seriola lalandi","Fis-29523"
-37,-18,0.12,"Seriola lalandi","Fis-29523"
-36,-18,0.06,"Seriola lalandi","Fis-29523"
-35.5,-18,0.05,"Seriola lalandi","Fis-29523"
11.5,-18,0.71,"Seriola lalandi","Fis-29523"
12,-18,0.51,"Seriola lalandi","Fis-29523"
37.5,-18,0.97,"Seriola lalandi","Fis-29523"
38,-18,1,"Seriola lalandi","Fis-29523"
38.5,-18,1,"Seriola lalandi","Fis-29523"
39,-18,0.93,"Seriola lalandi","Fis-29523"
42,-18,0.65,"Seriola lalandi","Fis-29523"
43.5,-18,0.78,"Seriola lalandi","Fis-29523"
44,-18,1,"Seriola lalandi","Fis-29523"
44.5,-18,0.04,"Seriola lalandi","Fis-29523"
49.5,-18,0.42,"Seriola lalandi","Fis-29523"
50,-18,1,"Seriola lalandi","Fis-29523"
59.5,-18,0.22,"Seriola lalandi","Fis-29523"
60,-18,0.17,"Seriola lalandi","Fis-29523"
118,-18,0.04,"Seriola lalandi","Fis-29523"
118.5,-18,0.55,"Seriola lalandi","Fis-29523"
119,-18,0.6,"Seriola lalandi","Fis-29523"
119.5,-18,0.59,"Seriola lalandi","Fis-29523"
120,-18,0.65,"Seriola lalandi","Fis-29523"
120.5,-18,0.81,"Seriola lalandi","Fis-29523"
121,-18,0.92,"Seriola lalandi","Fis-29523"
121.5,-18,0.97,"Seriola lalandi","Fis-29523"
122,-18,0.93,"Seriola lalandi","Fis-29523"
122.5,-18,0.58,"Seriola lalandi","Fis-29523"
140,-18,0.29,"Seriola lalandi","Fis-29523"
140.5,-18,0.42,"Seriola lalandi","Fis-29523"
141,-18,0.42,"Seriola lalandi","Fis-29523"
146.5,-18,0.51,"Seriola lalandi","Fis-29523"
147,-18,1,"Seriola lalandi","Fis-29523"
147.5,-18,0.48,"Seriola lalandi","Fis-29523"
148.5,-18,0.3,"Seriola lalandi","Fis-29523"
149,-18,0.25,"Seriola lalandi","Fis-29523"
149.5,-18,0.14,"Seriola lalandi","Fis-29523"
150,-18,0.22,"Seriola lalandi","Fis-29523"
150.5,-18,0.25,"Seriola lalandi","Fis-29523"
151,-18,0.22,"Seriola lalandi","Fis-29523"
151.5,-18,0.18,"Seriola lalandi","Fis-29523"
152,-18,0.15,"Seriola lalandi","Fis-29523"
163,-18,0.16,"Seriola lalandi","Fis-29523"
163.5,-18,0.16,"Seriola lalandi","Fis-29523"
168.5,-18,0.26,"Seriola lalandi","Fis-29523"
169,-18,0.24,"Seriola lalandi","Fis-29523"
170,-18,0.02,"Seriola lalandi","Fis-29523"
177.5,-18,0.81,"Seriola lalandi","Fis-29523"
178.5,-18,0.05,"Seriola lalandi","Fis-29523"
179,-18,0.53,"Seriola lalandi","Fis-29523"
179.5,-18,0.42,"Seriola lalandi","Fis-29523"
-179.5,-18.5,0.22,"Seriola lalandi","Fis-29523"
-179,-18.5,0.29,"Seriola lalandi","Fis-29523"
-178.5,-18.5,0.29,"Seriola lalandi","Fis-29523"
-178,-18.5,0.25,"Seriola lalandi","Fis-29523"
-174,-18.5,0.07,"Seriola lalandi","Fis-29523"
-163,-18.5,0.03,"Seriola lalandi","Fis-29523"
-154,-18.5,0.05,"Seriola lalandi","Fis-29523"
-153.5,-18.5,0.01,"Seriola lalandi","Fis-29523"
-142,-18.5,0.28,"Seriola lalandi","Fis-29523"
-141,-18.5,0.14,"Seriola lalandi","Fis-29523"
-140.5,-18.5,0.11,"Seriola lalandi","Fis-29523"
-137,-18.5,0.05,"Seriola lalandi","Fis-29523"
-136.5,-18.5,0.06,"Seriola lalandi","Fis-29523"
-136,-18.5,0.05,"Seriola lalandi","Fis-29523"
-71,-18.5,0.74,"Seriola lalandi","Fis-29523"
-70.5,-18.5,0.42,"Seriola lalandi","Fis-29523"
-70,-18.5,0.37,"Seriola lalandi","Fis-29523"
-39.5,-18.5,0.33,"Seriola lalandi","Fis-29523"
-39,-18.5,0.44,"Seriola lalandi","Fis-29523"
-38.5,-18.5,0.5,"Seriola lalandi","Fis-29523"
-38,-18.5,0.3,"Seriola lalandi","Fis-29523"
-37.5,-18.5,0.18,"Seriola lalandi","Fis-29523"
-37,-18.5,0.12,"Seriola lalandi","Fis-29523"
-36,-18.5,0.03,"Seriola lalandi","Fis-29523"
-35.5,-18.5,0.03,"Seriola lalandi","Fis-29523"
12,-18.5,0.55,"Seriola lalandi","Fis-29523"
12.5,-18.5,0.35,"Seriola lalandi","Fis-29523"
37,-18.5,0.26,"Seriola lalandi","Fis-29523"
37.5,-18.5,0.98,"Seriola lalandi","Fis-29523"
38,-18.5,1,"Seriola lalandi","Fis-29523"
42,-18.5,0.62,"Seriola lalandi","Fis-29523"
43.5,-18.5,0.31,"Seriola lalandi","Fis-29523"
44,-18.5,1,"Seriola lalandi","Fis-29523"
44.5,-18.5,0.21,"Seriola lalandi","Fis-29523"
49.5,-18.5,1,"Seriola lalandi","Fis-29523"
50,-18.5,1,"Seriola lalandi","Fis-29523"
58.5,-18.5,0.09,"Seriola lalandi","Fis-29523"
59,-18.5,0.16,"Seriola lalandi","Fis-29523"
117,-18.5,0.13,"Seriola lalandi","Fis-29523"
117.5,-18.5,0.47,"Seriola lalandi","Fis-29523"
118,-18.5,0.7,"Seriola lalandi","Fis-29523"
118.5,-18.5,0.75,"Seriola lalandi","Fis-29523"
119,-18.5,0.84,"Seriola lalandi","Fis-29523"
119.5,-18.5,0.94,"Seriola lalandi","Fis-29523"
120,-18.5,0.98,"Seriola lalandi","Fis-29523"
120.5,-18.5,0.97,"Seriola lalandi","Fis-29523"
121,-18.5,1,"Seriola lalandi","Fis-29523"
121.5,-18.5,1,"Seriola lalandi","Fis-29523"
122,-18.5,0.93,"Seriola lalandi","Fis-29523"
122.5,-18.5,0.57,"Seriola lalandi","Fis-29523"
146.5,-18.5,1,"Seriola lalandi","Fis-29523"
147,-18.5,0.63,"Seriola lalandi","Fis-29523"
147.5,-18.5,0.89,"Seriola lalandi","Fis-29523"
148,-18.5,0.63,"Seriola lalandi","Fis-29523"
148.5,-18.5,0.2,"Seriola lalandi","Fis-29523"
149.5,-18.5,0.11,"Seriola lalandi","Fis-29523"
150,-18.5,0.31,"Seriola lalandi","Fis-29523"
150.5,-18.5,0.09,"Seriola lalandi","Fis-29523"
155.5,-18.5,0.05,"Seriola lalandi","Fis-29523"
163,-18.5,0.26,"Seriola lalandi","Fis-29523"
163.5,-18.5,0.24,"Seriola lalandi","Fis-29523"
164,-18.5,0.16,"Seriola lalandi","Fis-29523"
164.5,-18.5,0.16,"Seriola lalandi","Fis-29523"
168.5,-18.5,0.23,"Seriola lalandi","Fis-29523"
169,-18.5,0.23,"Seriola lalandi","Fis-29523"
169.5,-18.5,0.18,"Seriola lalandi","Fis-29523"
177.5,-18.5,0.57,"Seriola lalandi","Fis-29523"
178,-18.5,0.58,"Seriola lalandi","Fis-29523"
178.5,-18.5,0.53,"Seriola lalandi","Fis-29523"
179,-18.5,0.46,"Seriola lalandi","Fis-29523"
179.5,-18.5,0.39,"Seriola lalandi","Fis-29523"
-179.5,-19,0.32,"Seriola lalandi","Fis-29523"
-179,-19,0.3,"Seriola lalandi","Fis-29523"
-178.5,-19,0.29,"Seriola lalandi","Fis-29523"
-178,-19,0.25,"Seriola lalandi","Fis-29523"
-174.5,-19,0.1,"Seriola lalandi","Fis-29523"
-174,-19,0.11,"Seriola lalandi","Fis-29523"
-173.5,-19,0.09,"Seriola lalandi","Fis-29523"
-172,-19,0.03,"Seriola lalandi","Fis-29523"
-169.5,-19,0.04,"Seriola lalandi","Fis-29523"
-159.5,-19,0.04,"Seriola lalandi","Fis-29523"
-152,-19,0.02,"Seriola lalandi","Fis-29523"
-141.5,-19,0.18,"Seriola lalandi","Fis-29523"
-139,-19,0.04,"Seriola lalandi","Fis-29523"
-138.5,-19,0.03,"Seriola lalandi","Fis-29523"
-136,-19,0.04,"Seriola lalandi","Fis-29523"
-70.5,-19,0.18,"Seriola lalandi","Fis-29523"
-70,-19,0.44,"Seriola lalandi","Fis-29523"
-39.5,-19,0.21,"Seriola lalandi","Fis-29523"
-39,-19,0.53,"Seriola lalandi","Fis-29523"
-38.5,-19,0.34,"Seriola lalandi","Fis-29523"
-38,-19,0.24,"Seriola lalandi","Fis-29523"
-37.5,-19,0.14,"Seriola lalandi","Fis-29523"
11.5,-19,0.81,"Seriola lalandi","Fis-29523"
12,-19,0.62,"Seriola lalandi","Fis-29523"
12.5,-19,0.4,"Seriola lalandi","Fis-29523"
13,-19,0.13,"Seriola lalandi","Fis-29523"
36,-19,0.01,"Seriola lalandi","Fis-29523"
36.5,-19,0.67,"Seriola lalandi","Fis-29523"
37,-19,0.25,"Seriola lalandi","Fis-29523"
37.5,-19,1,"Seriola lalandi","Fis-29523"
38,-19,0.19,"Seriola lalandi","Fis-29523"
44,-19,1,"Seriola lalandi","Fis-29523"
44.5,-19,1,"Seriola lalandi","Fis-29523"
49.5,-19,1,"Seriola lalandi","Fis-29523"
50,-19,0.06,"Seriola lalandi","Fis-29523"
57.5,-19,0.17,"Seriola lalandi","Fis-29523"
58,-19,0.17,"Seriola lalandi","Fis-29523"
59,-19,0.15,"Seriola lalandi","Fis-29523"
60,-19,0.1,"Seriola lalandi","Fis-29523"
116,-19,0.39,"Seriola lalandi","Fis-29523"
116.5,-19,0.53,"Seriola lalandi","Fis-29523"
117,-19,0.65,"Seriola lalandi","Fis-29523"
117.5,-19,0.8,"Seriola lalandi","Fis-29523"
118,-19,0.9,"Seriola lalandi","Fis-29523"
118.5,-19,0.96,"Seriola lalandi","Fis-29523"
119,-19,0.97,"Seriola lalandi","Fis-29523"
119.5,-19,0.98,"Seriola lalandi","Fis-29523"
120,-19,0.99,"Seriola lalandi","Fis-29523"
120.5,-19,1,"Seriola lalandi","Fis-29523"
121,-19,1,"Seriola lalandi","Fis-29523"
121.5,-19,1,"Seriola lalandi","Fis-29523"
122,-19,0.71,"Seriola lalandi","Fis-29523"
146.5,-19,1,"Seriola lalandi","Fis-29523"
147,-19,0.7,"Seriola lalandi","Fis-29523"
147.5,-19,1,"Seriola lalandi","Fis-29523"
148,-19,1,"Seriola lalandi","Fis-29523"
148.5,-19,0.7,"Seriola lalandi","Fis-29523"
149,-19,0.53,"Seriola lalandi","Fis-29523"
149.5,-19,0.47,"Seriola lalandi","Fis-29523"
150,-19,0.36,"Seriola lalandi","Fis-29523"
150.5,-19,0.2,"Seriola lalandi","Fis-29523"
151,-19,0.07,"Seriola lalandi","Fis-29523"
151.5,-19,0.09,"Seriola lalandi","Fis-29523"
152,-19,0.04,"Seriola lalandi","Fis-29523"
152.5,-19,0.16,"Seriola lalandi","Fis-29523"
153,-19,0.07,"Seriola lalandi","Fis-29523"
158.5,-19,0.14,"Seriola lalandi","Fis-29523"
159,-19,0.18,"Seriola lalandi","Fis-29523"
159.5,-19,0.15,"Seriola lalandi","Fis-29523"
163,-19,0.23,"Seriola lalandi","Fis-29523"
163.5,-19,0.26,"Seriola lalandi","Fis-29523"
164,-19,0.2,"Seriola lalandi","Fis-29523"
164.5,-19,0.17,"Seriola lalandi","Fis-29523"
168.5,-19,0.16,"Seriola lalandi","Fis-29523"
169,-19,0.23,"Seriola lalandi","Fis-29523"
169.5,-19,0.22,"Seriola lalandi","Fis-29523"
170,-19,0.07,"Seriola lalandi","Fis-29523"
178,-19,0.54,"Seriola lalandi","Fis-29523"
178.5,-19,0.51,"Seriola lalandi","Fis-29523"
179,-19,0.41,"Seriola lalandi","Fis-29523"
179.5,-19,0.34,"Seriola lalandi","Fis-29523"
-179.5,-19.5,0.14,"Seriola lalandi","Fis-29523"
-178.5,-19.5,0.27,"Seriola lalandi","Fis-29523"
-178,-19.5,0.24,"Seriola lalandi","Fis-29523"
-174.5,-19.5,0.13,"Seriola lalandi","Fis-29523"
-174,-19.5,0.14,"Seriola lalandi","Fis-29523"
-173.5,-19.5,0.11,"Seriola lalandi","Fis-29523"
-169.5,-19.5,0.05,"Seriola lalandi","Fis-29523"
-158.5,-19.5,0.03,"Seriola lalandi","Fis-29523"
-151.5,-19.5,0.1,"Seriola lalandi","Fis-29523"
-151,-19.5,0.11,"Seriola lalandi","Fis-29523"
-150.5,-19.5,0.04,"Seriola lalandi","Fis-29523"
-141,-19.5,0.1,"Seriola lalandi","Fis-29523"
-140.5,-19.5,0.07,"Seriola lalandi","Fis-29523"
-139,-19.5,0.03,"Seriola lalandi","Fis-29523"
-138.5,-19.5,0.03,"Seriola lalandi","Fis-29523"
-70.5,-19.5,0.35,"Seriola lalandi","Fis-29523"
-70,-19.5,0.44,"Seriola lalandi","Fis-29523"
-39.5,-19.5,0.28,"Seriola lalandi","Fis-29523"
-39,-19.5,0.54,"Seriola lalandi","Fis-29523"
-38.5,-19.5,0.25,"Seriola lalandi","Fis-29523"
-38,-19.5,0.2,"Seriola lalandi","Fis-29523"
-37.5,-19.5,0.13,"Seriola lalandi","Fis-29523"
10.5,-19.5,0.31,"Seriola lalandi","Fis-29523"
11.5,-19.5,0.67,"Seriola lalandi","Fis-29523"
12,-19.5,0.73,"Seriola lalandi","Fis-29523"
12.5,-19.5,0.5,"Seriola lalandi","Fis-29523"
13,-19.5,0.35,"Seriola lalandi","Fis-29523"
35.5,-19.5,0.32,"Seriola lalandi","Fis-29523"
36,-19.5,0.34,"Seriola lalandi","Fis-29523"
36.5,-19.5,0.84,"Seriola lalandi","Fis-29523"
37,-19.5,1,"Seriola lalandi","Fis-29523"
37.5,-19.5,1,"Seriola lalandi","Fis-29523"
44,-19.5,0.8,"Seriola lalandi","Fis-29523"
44.5,-19.5,0.96,"Seriola lalandi","Fis-29523"
49,-19.5,0.01,"Seriola lalandi","Fis-29523"
49.5,-19.5,1,"Seriola lalandi","Fis-29523"
57.5,-19.5,0.15,"Seriola lalandi","Fis-29523"
58,-19.5,0.14,"Seriola lalandi","Fis-29523"
58.5,-19.5,0.08,"Seriola lalandi","Fis-29523"
61.5,-19.5,0.05,"Seriola lalandi","Fis-29523"
62,-19.5,0.07,"Seriola lalandi","Fis-29523"
62.5,-19.5,0.06,"Seriola lalandi","Fis-29523"
115.5,-19.5,0.35,"Seriola lalandi","Fis-29523"
116,-19.5,0.72,"Seriola lalandi","Fis-29523"
116.5,-19.5,0.81,"Seriola lalandi","Fis-29523"
117,-19.5,0.87,"Seriola lalandi","Fis-29523"
117.5,-19.5,0.91,"Seriola lalandi","Fis-29523"
118,-19.5,0.9,"Seriola lalandi","Fis-29523"
118.5,-19.5,0.89,"Seriola lalandi","Fis-29523"
119,-19.5,0.96,"Seriola lalandi","Fis-29523"
119.5,-19.5,0.98,"Seriola lalandi","Fis-29523"
120,-19.5,0.73,"Seriola lalandi","Fis-29523"
120.5,-19.5,0.66,"Seriola lalandi","Fis-29523"
121,-19.5,0.73,"Seriola lalandi","Fis-29523"
121.5,-19.5,0.72,"Seriola lalandi","Fis-29523"
122,-19.5,0.08,"Seriola lalandi","Fis-29523"
147,-19.5,1,"Seriola lalandi","Fis-29523"
147.5,-19.5,1,"Seriola lalandi","Fis-29523"
148,-19.5,1,"Seriola lalandi","Fis-29523"
148.5,-19.5,0.85,"Seriola lalandi","Fis-29523"
149,-19.5,0.94,"Seriola lalandi","Fis-29523"
149.5,-19.5,0.75,"Seriola lalandi","Fis-29523"
150,-19.5,0.62,"Seriola lalandi","Fis-29523"
150.5,-19.5,0.48,"Seriola lalandi","Fis-29523"
151,-19.5,0.37,"Seriola lalandi","Fis-29523"
151.5,-19.5,0.29,"Seriola lalandi","Fis-29523"
152,-19.5,0.26,"Seriola lalandi","Fis-29523"
152.5,-19.5,0.26,"Seriola lalandi","Fis-29523"
153,-19.5,0.2,"Seriola lalandi","Fis-29523"
158.5,-19.5,0.19,"Seriola lalandi","Fis-29523"
159,-19.5,0.24,"Seriola lalandi","Fis-29523"
159.5,-19.5,0.22,"Seriola lalandi","Fis-29523"
160,-19.5,0.16,"Seriola lalandi","Fis-29523"
160.5,-19.5,0.15,"Seriola lalandi","Fis-29523"
163.5,-19.5,0.31,"Seriola lalandi","Fis-29523"
164,-19.5,0.24,"Seriola lalandi","Fis-29523"
165,-19.5,0.01,"Seriola lalandi","Fis-29523"
169,-19.5,0.18,"Seriola lalandi","Fis-29523"
169.5,-19.5,0.22,"Seriola lalandi","Fis-29523"
170,-19.5,0.19,"Seriola lalandi","Fis-29523"
170.5,-19.5,0.18,"Seriola lalandi","Fis-29523"
178,-19.5,0.43,"Seriola lalandi","Fis-29523"
178.5,-19.5,0.42,"Seriola lalandi","Fis-29523"
179,-19.5,0.37,"Seriola lalandi","Fis-29523"
179.5,-19.5,0.32,"Seriola lalandi","Fis-29523"
-178.5,-20,0.1,"Seriola lalandi","Fis-29523"
-178,-20,0.22,"Seriola lalandi","Fis-29523"
-175,-20,0.15,"Seriola lalandi","Fis-29523"
-174.5,-20,0.19,"Seriola lalandi","Fis-29523"
-174,-20,0.17,"Seriola lalandi","Fis-29523"
-167.5,-20,0.03,"Seriola lalandi","Fis-29523"
-158,-20,0.04,"Seriola lalandi","Fis-29523"
-157.5,-20,0.04,"Seriola lalandi","Fis-29523"
-144.5,-20,0.14,"Seriola lalandi","Fis-29523"
-140,-20,0.04,"Seriola lalandi","Fis-29523"
-70.5,-20,0.34,"Seriola lalandi","Fis-29523"
-70,-20,0.44,"Seriola lalandi","Fis-29523"
-40,-20,0.61,"Seriola lalandi","Fis-29523"
-39.5,-20,0.68,"Seriola lalandi","Fis-29523"
-39,-20,0.31,"Seriola lalandi","Fis-29523"
-38.5,-20,0.18,"Seriola lalandi","Fis-29523"
-38,-20,0.15,"Seriola lalandi","Fis-29523"
-37.5,-20,0.1,"Seriola lalandi","Fis-29523"
11.5,-20,0.27,"Seriola lalandi","Fis-29523"
12,-20,0.8,"Seriola lalandi","Fis-29523"
12.5,-20,0.64,"Seriola lalandi","Fis-29523"
13,-20,0.37,"Seriola lalandi","Fis-29523"
13.5,-20,0.08,"Seriola lalandi","Fis-29523"
35,-20,0.16,"Seriola lalandi","Fis-29523"
35.5,-20,0.31,"Seriola lalandi","Fis-29523"
36,-20,0.78,"Seriola lalandi","Fis-29523"
36.5,-20,0.99,"Seriola lalandi","Fis-29523"
37,-20,1,"Seriola lalandi","Fis-29523"
44,-20,0.4,"Seriola lalandi","Fis-29523"
44.5,-20,0.97,"Seriola lalandi","Fis-29523"
49,-20,1,"Seriola lalandi","Fis-29523"
49.5,-20,1,"Seriola lalandi","Fis-29523"
58,-20,0.15,"Seriola lalandi","Fis-29523"
58.5,-20,0.08,"Seriola lalandi","Fis-29523"
62,-20,0.07,"Seriola lalandi","Fis-29523"
62.5,-20,0.07,"Seriola lalandi","Fis-29523"
63,-20,0.06,"Seriola lalandi","Fis-29523"
63.5,-20,0.08,"Seriola lalandi","Fis-29523"
64,-20,0.07,"Seriola lalandi","Fis-29523"
64.5,-20,0.06,"Seriola lalandi","Fis-29523"
115.5,-20,0.84,"Seriola lalandi","Fis-29523"
116,-20,0.85,"Seriola lalandi","Fis-29523"
116.5,-20,0.84,"Seriola lalandi","Fis-29523"
117,-20,0.88,"Seriola lalandi","Fis-29523"
117.5,-20,0.91,"Seriola lalandi","Fis-29523"
118,-20,0.59,"Seriola lalandi","Fis-29523"
118.5,-20,0.6,"Seriola lalandi","Fis-29523"
119,-20,0.66,"Seriola lalandi","Fis-29523"
119.5,-20,0.27,"Seriola lalandi","Fis-29523"
120,-20,0.3,"Seriola lalandi","Fis-29523"
120.5,-20,0.49,"Seriola lalandi","Fis-29523"
121,-20,0.48,"Seriola lalandi","Fis-29523"
121.5,-20,0.09,"Seriola lalandi","Fis-29523"
148,-20,0.74,"Seriola lalandi","Fis-29523"
148.5,-20,0.56,"Seriola lalandi","Fis-29523"
149,-20,0.59,"Seriola lalandi","Fis-29523"
149.5,-20,0.66,"Seriola lalandi","Fis-29523"
150,-20,0.61,"Seriola lalandi","Fis-29523"
150.5,-20,0.63,"Seriola lalandi","Fis-29523"
151,-20,0.51,"Seriola lalandi","Fis-29523"
151.5,-20,0.41,"Seriola lalandi","Fis-29523"
152,-20,0.36,"Seriola lalandi","Fis-29523"
152.5,-20,0.33,"Seriola lalandi","Fis-29523"
153,-20,0.26,"Seriola lalandi","Fis-29523"
158.5,-20,0.23,"Seriola lalandi","Fis-29523"
159,-20,0.3,"Seriola lalandi","Fis-29523"
159.5,-20,0.27,"Seriola lalandi","Fis-29523"
160.5,-20,0.07,"Seriola lalandi","Fis-29523"
161,-20,0.05,"Seriola lalandi","Fis-29523"
161.5,-20,0.01,"Seriola lalandi","Fis-29523"
163.5,-20,0.31,"Seriola lalandi","Fis-29523"
164,-20,0.29,"Seriola lalandi","Fis-29523"
164.5,-20,0.22,"Seriola lalandi","Fis-29523"
166,-20,0.18,"Seriola lalandi","Fis-29523"
169.5,-20,0.22,"Seriola lalandi","Fis-29523"
170,-20,0.2,"Seriola lalandi","Fis-29523"
170.5,-20,0.17,"Seriola lalandi","Fis-29523"
-178.5,-20.5,0.16,"Seriola lalandi","Fis-29523"
-178,-20.5,0.17,"Seriola lalandi","Fis-29523"
-175,-20.5,0.17,"Seriola lalandi","Fis-29523"
-174.5,-20.5,0.21,"Seriola lalandi","Fis-29523"
-174,-20.5,0.17,"Seriola lalandi","Fis-29523"
-158,-20.5,0.02,"Seriola lalandi","Fis-29523"
-157,-20.5,0.04,"Seriola lalandi","Fis-29523"
-143.5,-20.5,0.09,"Seriola lalandi","Fis-29523"
-143,-20.5,0.06,"Seriola lalandi","Fis-29523"
-70,-20.5,0.47,"Seriola lalandi","Fis-29523"
-40,-20.5,0.55,"Seriola lalandi","Fis-29523"
-39.5,-20.5,0.53,"Seriola lalandi","Fis-29523"
-38,-20.5,0.11,"Seriola lalandi","Fis-29523"
-37.5,-20.5,0.06,"Seriola lalandi","Fis-29523"
-37,-20.5,0.06,"Seriola lalandi","Fis-29523"
-36.5,-20.5,0.05,"Seriola lalandi","Fis-29523"
-36,-20.5,0.04,"Seriola lalandi","Fis-29523"
-35.5,-20.5,0.04,"Seriola lalandi","Fis-29523"
-34.5,-20.5,0.03,"Seriola lalandi","Fis-29523"
-30.5,-20.5,0.03,"Seriola lalandi","Fis-29523"
-29,-20.5,0.03,"Seriola lalandi","Fis-29523"
-28.5,-20.5,0.03,"Seriola lalandi","Fis-29523"
11.5,-20.5,0.03,"Seriola lalandi","Fis-29523"
12,-20.5,0.87,"Seriola lalandi","Fis-29523"
12.5,-20.5,0.74,"Seriola lalandi","Fis-29523"
13,-20.5,0.4,"Seriola lalandi","Fis-29523"
13.5,-20.5,0.2,"Seriola lalandi","Fis-29523"
35,-20.5,0.26,"Seriola lalandi","Fis-29523"
35.5,-20.5,0.54,"Seriola lalandi","Fis-29523"
36,-20.5,0.91,"Seriola lalandi","Fis-29523"
36.5,-20.5,1,"Seriola lalandi","Fis-29523"
44,-20.5,0.92,"Seriola lalandi","Fis-29523"
44.5,-20.5,1,"Seriola lalandi","Fis-29523"
49,-20.5,1,"Seriola lalandi","Fis-29523"
57.5,-20.5,0.2,"Seriola lalandi","Fis-29523"
58,-20.5,0.19,"Seriola lalandi","Fis-29523"
113,-20.5,0.05,"Seriola lalandi","Fis-29523"
113.5,-20.5,0.09,"Seriola lalandi","Fis-29523"
115,-20.5,0.8,"Seriola lalandi","Fis-29523"
115.5,-20.5,0.9,"Seriola lalandi","Fis-29523"
116,-20.5,0.95,"Seriola lalandi","Fis-29523"
116.5,-20.5,1,"Seriola lalandi","Fis-29523"
117,-20.5,0.87,"Seriola lalandi","Fis-29523"
117.5,-20.5,0.58,"Seriola lalandi","Fis-29523"
118,-20.5,0.44,"Seriola lalandi","Fis-29523"
118.5,-20.5,0.28,"Seriola lalandi","Fis-29523"
119,-20.5,0.43,"Seriola lalandi","Fis-29523"
119.5,-20.5,0.08,"Seriola lalandi","Fis-29523"
120,-20.5,0.09,"Seriola lalandi","Fis-29523"
148.5,-20.5,0.3,"Seriola lalandi","Fis-29523"
149,-20.5,0.33,"Seriola lalandi","Fis-29523"
149.5,-20.5,0.61,"Seriola lalandi","Fis-29523"
150,-20.5,0.58,"Seriola lalandi","Fis-29523"
150.5,-20.5,0.2,"Seriola lalandi","Fis-29523"
151,-20.5,0.66,"Seriola lalandi","Fis-29523"
151.5,-20.5,0.55,"Seriola lalandi","Fis-29523"
152,-20.5,0.5,"Seriola lalandi","Fis-29523"
152.5,-20.5,0.45,"Seriola lalandi","Fis-29523"
153,-20.5,0.35,"Seriola lalandi","Fis-29523"
153.5,-20.5,0.23,"Seriola lalandi","Fis-29523"
158,-20.5,0.01,"Seriola lalandi","Fis-29523"
158.5,-20.5,0.27,"Seriola lalandi","Fis-29523"
159,-20.5,0.36,"Seriola lalandi","Fis-29523"
159.5,-20.5,0.32,"Seriola lalandi","Fis-29523"
160.5,-20.5,0.2,"Seriola lalandi","Fis-29523"
161,-20.5,0.2,"Seriola lalandi","Fis-29523"
161.5,-20.5,0.2,"Seriola lalandi","Fis-29523"
164,-20.5,0.34,"Seriola lalandi","Fis-29523"
164.5,-20.5,0.5,"Seriola lalandi","Fis-29523"
165,-20.5,0.27,"Seriola lalandi","Fis-29523"
165.5,-20.5,0.1,"Seriola lalandi","Fis-29523"
166.5,-20.5,0.19,"Seriola lalandi","Fis-29523"
167,-20.5,0.19,"Seriola lalandi","Fis-29523"
169.5,-20.5,0.12,"Seriola lalandi","Fis-29523"
170,-20.5,0.18,"Seriola lalandi","Fis-29523"
170.5,-20.5,0.06,"Seriola lalandi","Fis-29523"
-178.5,-21,0.21,"Seriola lalandi","Fis-29523"
-178,-21,0.16,"Seriola lalandi","Fis-29523"
-175,-21,0.18,"Seriola lalandi","Fis-29523"
-174.5,-21,0.18,"Seriola lalandi","Fis-29523"
-174,-21,0.16,"Seriola lalandi","Fis-29523"
-143,-21,0.06,"Seriola lalandi","Fis-29523"
-139,-21,0.03,"Seriola lalandi","Fis-29523"
-138.5,-21,0.04,"Seriola lalandi","Fis-29523"
-138,-21,0.03,"Seriola lalandi","Fis-29523"
-80.5,-21,0.36,"Seriola lalandi","Fis-29523"
-70.5,-21,0.37,"Seriola lalandi","Fis-29523"
-70,-21,0.46,"Seriola lalandi","Fis-29523"
-40.5,-21,0.14,"Seriola lalandi","Fis-29523"
-40,-21,0.58,"Seriola lalandi","Fis-29523"
-39.5,-21,0.25,"Seriola lalandi","Fis-29523"
-38,-21,0.08,"Seriola lalandi","Fis-29523"
-37.5,-21,0.07,"Seriola lalandi","Fis-29523"
-37,-21,0.06,"Seriola lalandi","Fis-29523"
-36,-21,0.02,"Seriola lalandi","Fis-29523"
-35.5,-21,0.04,"Seriola lalandi","Fis-29523"
-35,-21,0.04,"Seriola lalandi","Fis-29523"
-34.5,-21,0.04,"Seriola lalandi","Fis-29523"
-33.5,-21,0.03,"Seriola lalandi","Fis-29523"
-32,-21,0.03,"Seriola lalandi","Fis-29523"
-31.5,-21,0.02,"Seriola lalandi","Fis-29523"
-29.5,-21,0.03,"Seriola lalandi","Fis-29523"
-29,-21,0.03,"Seriola lalandi","Fis-29523"
9,-21,0.99,"Seriola lalandi","Fis-29523"
12,-21,0.17,"Seriola lalandi","Fis-29523"
12.5,-21,0.79,"Seriola lalandi","Fis-29523"
13,-21,0.49,"Seriola lalandi","Fis-29523"
13.5,-21,0.14,"Seriola lalandi","Fis-29523"
14,-21,0.03,"Seriola lalandi","Fis-29523"
35,-21,0.02,"Seriola lalandi","Fis-29523"
35.5,-21,0.72,"Seriola lalandi","Fis-29523"
36,-21,0.99,"Seriola lalandi","Fis-29523"
36.5,-21,0.5,"Seriola lalandi","Fis-29523"
44,-21,1,"Seriola lalandi","Fis-29523"
44.5,-21,1,"Seriola lalandi","Fis-29523"
48.5,-21,0.01,"Seriola lalandi","Fis-29523"
49,-21,1,"Seriola lalandi","Fis-29523"
55.5,-21,0.16,"Seriola lalandi","Fis-29523"
56,-21,0.16,"Seriola lalandi","Fis-29523"
57.5,-21,0.03,"Seriola lalandi","Fis-29523"
58,-21,0.02,"Seriola lalandi","Fis-29523"
114.5,-21,0.66,"Seriola lalandi","Fis-29523"
115,-21,0.86,"Seriola lalandi","Fis-29523"
115.5,-21,1,"Seriola lalandi","Fis-29523"
116,-21,1,"Seriola lalandi","Fis-29523"
116.5,-21,0.65,"Seriola lalandi","Fis-29523"
117,-21,0.84,"Seriola lalandi","Fis-29523"
117.5,-21,0.4,"Seriola lalandi","Fis-29523"
118,-21,0.28,"Seriola lalandi","Fis-29523"
149,-21,0.86,"Seriola lalandi","Fis-29523"
149.5,-21,0.37,"Seriola lalandi","Fis-29523"
150,-21,0.51,"Seriola lalandi","Fis-29523"
150.5,-21,0.49,"Seriola lalandi","Fis-29523"
151,-21,0.13,"Seriola lalandi","Fis-29523"
151.5,-21,0.86,"Seriola lalandi","Fis-29523"
152,-21,0.7,"Seriola lalandi","Fis-29523"
152.5,-21,0.62,"Seriola lalandi","Fis-29523"
153,-21,0.49,"Seriola lalandi","Fis-29523"
153.5,-21,0.36,"Seriola lalandi","Fis-29523"
154,-21,0.04,"Seriola lalandi","Fis-29523"
154.5,-21,0.4,"Seriola lalandi","Fis-29523"
158,-21,0.03,"Seriola lalandi","Fis-29523"
158.5,-21,0.37,"Seriola lalandi","Fis-29523"
159,-21,0.45,"Seriola lalandi","Fis-29523"
159.5,-21,0.44,"Seriola lalandi","Fis-29523"
161,-21,0.24,"Seriola lalandi","Fis-29523"
161.5,-21,0.24,"Seriola lalandi","Fis-29523"
162,-21,0.22,"Seriola lalandi","Fis-29523"
162.5,-21,0.06,"Seriola lalandi","Fis-29523"
164.5,-21,0.36,"Seriola lalandi","Fis-29523"
165,-21,0.31,"Seriola lalandi","Fis-29523"
165.5,-21,0.28,"Seriola lalandi","Fis-29523"
166,-21,0.22,"Seriola lalandi","Fis-29523"
166.5,-21,0.22,"Seriola lalandi","Fis-29523"
167,-21,0.23,"Seriola lalandi","Fis-29523"
167.5,-21,0.22,"Seriola lalandi","Fis-29523"
168,-21,0.2,"Seriola lalandi","Fis-29523"
-178.5,-21.5,0.2,"Seriola lalandi","Fis-29523"
-178,-21.5,0.11,"Seriola lalandi","Fis-29523"
-175.5,-21.5,0.17,"Seriola lalandi","Fis-29523"
-175,-21.5,0.18,"Seriola lalandi","Fis-29523"
-174.5,-21.5,0.17,"Seriola lalandi","Fis-29523"
-159.5,-21.5,0.03,"Seriola lalandi","Fis-29523"
-136.5,-21.5,0.04,"Seriola lalandi","Fis-29523"
-136,-21.5,0.03,"Seriola lalandi","Fis-29523"
-135.5,-21.5,0.02,"Seriola lalandi","Fis-29523"
-135,-21.5,0.02,"Seriola lalandi","Fis-29523"
-81.5,-21.5,0.84,"Seriola lalandi","Fis-29523"
-70,-21.5,0.53,"Seriola lalandi","Fis-29523"
-41,-21.5,0.35,"Seriola lalandi","Fis-29523"
-40.5,-21.5,0.46,"Seriola lalandi","Fis-29523"
-40,-21.5,0.53,"Seriola lalandi","Fis-29523"
12.5,-21.5,0.53,"Seriola lalandi","Fis-29523"
13,-21.5,0.63,"Seriola lalandi","Fis-29523"
13.5,-21.5,0.21,"Seriola lalandi","Fis-29523"
14,-21.5,0.02,"Seriola lalandi","Fis-29523"
35.5,-21.5,0.36,"Seriola lalandi","Fis-29523"
36,-21.5,1,"Seriola lalandi","Fis-29523"
40,-21.5,0.69,"Seriola lalandi","Fis-29523"
43.5,-21.5,1,"Seriola lalandi","Fis-29523"
44,-21.5,1,"Seriola lalandi","Fis-29523"
48.5,-21.5,1,"Seriola lalandi","Fis-29523"
49,-21.5,1,"Seriola lalandi","Fis-29523"
55.5,-21.5,0.18,"Seriola lalandi","Fis-29523"
56,-21.5,0.17,"Seriola lalandi","Fis-29523"
114,-21.5,0.27,"Seriola lalandi","Fis-29523"
114.5,-21.5,0.85,"Seriola lalandi","Fis-29523"
115,-21.5,1,"Seriola lalandi","Fis-29523"
115.5,-21.5,0.69,"Seriola lalandi","Fis-29523"
116,-21.5,1,"Seriola lalandi","Fis-29523"
149.5,-21.5,0.62,"Seriola lalandi","Fis-29523"
150,-21.5,0.27,"Seriola lalandi","Fis-29523"
150.5,-21.5,0.59,"Seriola lalandi","Fis-29523"
151,-21.5,0.56,"Seriola lalandi","Fis-29523"
151.5,-21.5,0.05,"Seriola lalandi","Fis-29523"
152,-21.5,0.07,"Seriola lalandi","Fis-29523"
152.5,-21.5,0.1,"Seriola lalandi","Fis-29523"
153,-21.5,0.72,"Seriola lalandi","Fis-29523"
153.5,-21.5,0.53,"Seriola lalandi","Fis-29523"
154,-21.5,0.46,"Seriola lalandi","Fis-29523"
154.5,-21.5,0.2,"Seriola lalandi","Fis-29523"
156,-21.5,0.51,"Seriola lalandi","Fis-29523"
156.5,-21.5,0.53,"Seriola lalandi","Fis-29523"
158,-21.5,0.07,"Seriola lalandi","Fis-29523"
158.5,-21.5,0.36,"Seriola lalandi","Fis-29523"
159,-21.5,0.51,"Seriola lalandi","Fis-29523"
159.5,-21.5,0.54,"Seriola lalandi","Fis-29523"
160,-21.5,0.44,"Seriola lalandi","Fis-29523"
161,-21.5,0.12,"Seriola lalandi","Fis-29523"
161.5,-21.5,0.03,"Seriola lalandi","Fis-29523"
162,-21.5,0.27,"Seriola lalandi","Fis-29523"
162.5,-21.5,0.26,"Seriola lalandi","Fis-29523"
164.5,-21.5,0.18,"Seriola lalandi","Fis-29523"
165,-21.5,0.35,"Seriola lalandi","Fis-29523"
165.5,-21.5,0.31,"Seriola lalandi","Fis-29523"
166,-21.5,0.32,"Seriola lalandi","Fis-29523"
166.5,-21.5,0.25,"Seriola lalandi","Fis-29523"
167.5,-21.5,0.25,"Seriola lalandi","Fis-29523"
168,-21.5,0.24,"Seriola lalandi","Fis-29523"
168.5,-21.5,0.24,"Seriola lalandi","Fis-29523"
170.5,-21.5,0.02,"Seriola lalandi","Fis-29523"
-178.5,-22,0.07,"Seriola lalandi","Fis-29523"
-175.5,-22,0.14,"Seriola lalandi","Fis-29523"
-175,-22,0.16,"Seriola lalandi","Fis-29523"
-174.5,-22,0.05,"Seriola lalandi","Fis-29523"
-157.5,-22,0.03,"Seriola lalandi","Fis-29523"
-154.5,-22,0.03,"Seriola lalandi","Fis-29523"
-140.5,-22,0.04,"Seriola lalandi","Fis-29523"
-140,-22,0.02,"Seriola lalandi","Fis-29523"
-139,-22,0.04,"Seriola lalandi","Fis-29523"
-138.5,-22,0.04,"Seriola lalandi","Fis-29523"
-136,-22,0.03,"Seriola lalandi","Fis-29523"
-135.5,-22,0.02,"Seriola lalandi","Fis-29523"
-135,-22,0.02,"Seriola lalandi","Fis-29523"
-81.5,-22,0.62,"Seriola lalandi","Fis-29523"
-70,-22,0.59,"Seriola lalandi","Fis-29523"
-41,-22,0.01,"Seriola lalandi","Fis-29523"
-40.5,-22,0.33,"Seriola lalandi","Fis-29523"
-40,-22,0.55,"Seriola lalandi","Fis-29523"
-39.5,-22,0.27,"Seriola lalandi","Fis-29523"
12.5,-22,0.06,"Seriola lalandi","Fis-29523"
13,-22,0.78,"Seriola lalandi","Fis-29523"
13.5,-22,0.43,"Seriola lalandi","Fis-29523"
35.5,-22,0.96,"Seriola lalandi","Fis-29523"
36,-22,1,"Seriola lalandi","Fis-29523"
36.5,-22,0.34,"Seriola lalandi","Fis-29523"
39.5,-22,0.86,"Seriola lalandi","Fis-29523"
40,-22,0.72,"Seriola lalandi","Fis-29523"
43.5,-22,1,"Seriola lalandi","Fis-29523"
48.5,-22,1,"Seriola lalandi","Fis-29523"
49,-22,0.14,"Seriola lalandi","Fis-29523"
114,-22,0.87,"Seriola lalandi","Fis-29523"
114.5,-22,1,"Seriola lalandi","Fis-29523"
115,-22,0.34,"Seriola lalandi","Fis-29523"
115.5,-22,0.34,"Seriola lalandi","Fis-29523"
149.5,-22,0.18,"Seriola lalandi","Fis-29523"
150,-22,0.51,"Seriola lalandi","Fis-29523"
150.5,-22,0.58,"Seriola lalandi","Fis-29523"
151,-22,0.61,"Seriola lalandi","Fis-29523"
151.5,-22,0.56,"Seriola lalandi","Fis-29523"
152,-22,0.31,"Seriola lalandi","Fis-29523"
152.5,-22,0.11,"Seriola lalandi","Fis-29523"
153,-22,0.62,"Seriola lalandi","Fis-29523"
153.5,-22,0.72,"Seriola lalandi","Fis-29523"
154,-22,0.66,"Seriola lalandi","Fis-29523"
154.5,-22,0.58,"Seriola lalandi","Fis-29523"
156.5,-22,0.55,"Seriola lalandi","Fis-29523"
157,-22,0.03,"Seriola lalandi","Fis-29523"
159.5,-22,0.54,"Seriola lalandi","Fis-29523"
160,-22,0.47,"Seriola lalandi","Fis-29523"
162.5,-22,0.04,"Seriola lalandi","Fis-29523"
163,-22,0.06,"Seriola lalandi","Fis-29523"
165.5,-22,0.3,"Seriola lalandi","Fis-29523"
166,-22,0.31,"Seriola lalandi","Fis-29523"
166.5,-22,0.3,"Seriola lalandi","Fis-29523"
167,-22,0.31,"Seriola lalandi","Fis-29523"
167.5,-22,0.31,"Seriola lalandi","Fis-29523"
168,-22,0.28,"Seriola lalandi","Fis-29523"
168.5,-22,0.26,"Seriola lalandi","Fis-29523"
169,-22,0.23,"Seriola lalandi","Fis-29523"
174.5,-22,0.02,"Seriola lalandi","Fis-29523"
175,-22,0.16,"Seriola lalandi","Fis-29523"
-178.5,-22.5,0.16,"Seriola lalandi","Fis-29523"
-178,-22.5,0.04,"Seriola lalandi","Fis-29523"
-176,-22.5,0.16,"Seriola lalandi","Fis-29523"
-175.5,-22.5,0.15,"Seriola lalandi","Fis-29523"
-175,-22.5,0.15,"Seriola lalandi","Fis-29523"
-174.5,-22.5,0.01,"Seriola lalandi","Fis-29523"
-151,-22.5,0.04,"Seriola lalandi","Fis-29523"
-138.5,-22.5,0.04,"Seriola lalandi","Fis-29523"
-136,-22.5,0.03,"Seriola lalandi","Fis-29523"
-81,-22.5,0.91,"Seriola lalandi","Fis-29523"
-70,-22.5,0.6,"Seriola lalandi","Fis-29523"
-41.5,-22.5,0.51,"Seriola lalandi","Fis-29523"
-41,-22.5,0.44,"Seriola lalandi","Fis-29523"
-40.5,-22.5,0.64,"Seriola lalandi","Fis-29523"
-40,-22.5,0.55,"Seriola lalandi","Fis-29523"
-39.5,-22.5,0.36,"Seriola lalandi","Fis-29523"
-37.5,-22.5,0.06,"Seriola lalandi","Fis-29523"
-37,-22.5,0.04,"Seriola lalandi","Fis-29523"
13,-22.5,0.88,"Seriola lalandi","Fis-29523"
13.5,-22.5,0.61,"Seriola lalandi","Fis-29523"
14,-22.5,0.21,"Seriola lalandi","Fis-29523"
35.5,-22.5,1,"Seriola lalandi","Fis-29523"
36,-22.5,1,"Seriola lalandi","Fis-29523"
36.5,-22.5,0.28,"Seriola lalandi","Fis-29523"
40.5,-22.5,0.73,"Seriola lalandi","Fis-29523"
43.5,-22.5,1,"Seriola lalandi","Fis-29523"
48,-22.5,0.08,"Seriola lalandi","Fis-29523"
48.5,-22.5,1,"Seriola lalandi","Fis-29523"
113.5,-22.5,0.07,"Seriola lalandi","Fis-29523"
114,-22.5,0.87,"Seriola lalandi","Fis-29523"
114.5,-22.5,1,"Seriola lalandi","Fis-29523"
115,-22.5,0.02,"Seriola lalandi","Fis-29523"
150,-22.5,0.76,"Seriola lalandi","Fis-29523"
150.5,-22.5,0.44,"Seriola lalandi","Fis-29523"
151,-22.5,0.56,"Seriola lalandi","Fis-29523"
151.5,-22.5,0.62,"Seriola lalandi","Fis-29523"
152,-22.5,0.75,"Seriola lalandi","Fis-29523"
152.5,-22.5,0.93,"Seriola lalandi","Fis-29523"
153,-22.5,1,"Seriola lalandi","Fis-29523"
153.5,-22.5,0.89,"Seriola lalandi","Fis-29523"
154,-22.5,0.82,"Seriola lalandi","Fis-29523"
154.5,-22.5,0.69,"Seriola lalandi","Fis-29523"
155.5,-22.5,0.66,"Seriola lalandi","Fis-29523"
156,-22.5,0.69,"Seriola lalandi","Fis-29523"
159.5,-22.5,0.52,"Seriola lalandi","Fis-29523"
160,-22.5,0.47,"Seriola lalandi","Fis-29523"
161.5,-22.5,0.13,"Seriola lalandi","Fis-29523"
166,-22.5,0.31,"Seriola lalandi","Fis-29523"
166.5,-22.5,0.34,"Seriola lalandi","Fis-29523"
167,-22.5,0.33,"Seriola lalandi","Fis-29523"
167.5,-22.5,0.37,"Seriola lalandi","Fis-29523"
168,-22.5,0.32,"Seriola lalandi","Fis-29523"
169,-22.5,0.25,"Seriola lalandi","Fis-29523"
169.5,-22.5,0.23,"Seriola lalandi","Fis-29523"
171.5,-22.5,0.2,"Seriola lalandi","Fis-29523"
172,-22.5,0.13,"Seriola lalandi","Fis-29523"
172.5,-22.5,0.14,"Seriola lalandi","Fis-29523"
174,-22.5,0.01,"Seriola lalandi","Fis-29523"
-178.5,-23,0.07,"Seriola lalandi","Fis-29523"
-176,-23,0.14,"Seriola lalandi","Fis-29523"
-175.5,-23,0.14,"Seriola lalandi","Fis-29523"
-175,-23,0.02,"Seriola lalandi","Fis-29523"
-152.5,-23,0.02,"Seriola lalandi","Fis-29523"
-150.5,-23,0.01,"Seriola lalandi","Fis-29523"
-134.5,-23,0.03,"Seriola lalandi","Fis-29523"
-70.5,-23,0.78,"Seriola lalandi","Fis-29523"
-70,-23,0.62,"Seriola lalandi","Fis-29523"
-44,-23,0.02,"Seriola lalandi","Fis-29523"
-43.5,-23,0.7,"Seriola lalandi","Fis-29523"
-43,-23,0.66,"Seriola lalandi","Fis-29523"
-42.5,-23,0.42,"Seriola lalandi","Fis-29523"
-42,-23,0.54,"Seriola lalandi","Fis-29523"
-41.5,-23,0.66,"Seriola lalandi","Fis-29523"
-41,-23,0.67,"Seriola lalandi","Fis-29523"
-40.5,-23,0.56,"Seriola lalandi","Fis-29523"
-40,-23,0.52,"Seriola lalandi","Fis-29523"
13,-23,0.92,"Seriola lalandi","Fis-29523"
13.5,-23,0.67,"Seriola lalandi","Fis-29523"
14,-23,0.32,"Seriola lalandi","Fis-29523"
36,-23,1,"Seriola lalandi","Fis-29523"
36.5,-23,0.3,"Seriola lalandi","Fis-29523"
43.5,-23,1,"Seriola lalandi","Fis-29523"
48,-23,1,"Seriola lalandi","Fis-29523"
48.5,-23,1,"Seriola lalandi","Fis-29523"
113.5,-23,0.71,"Seriola lalandi","Fis-29523"
114,-23,1,"Seriola lalandi","Fis-29523"
151,-23,0.6,"Seriola lalandi","Fis-29523"
151.5,-23,0.53,"Seriola lalandi","Fis-29523"
152,-23,0.77,"Seriola lalandi","Fis-29523"
152.5,-23,1,"Seriola lalandi","Fis-29523"
153,-23,1,"Seriola lalandi","Fis-29523"
153.5,-23,0.92,"Seriola lalandi","Fis-29523"
154,-23,0.85,"Seriola lalandi","Fis-29523"
154.5,-23,0.8,"Seriola lalandi","Fis-29523"
155,-23,0.04,"Seriola lalandi","Fis-29523"
159.5,-23,0.52,"Seriola lalandi","Fis-29523"
166.5,-23,0.3,"Seriola lalandi","Fis-29523"
167,-23,0.32,"Seriola lalandi","Fis-29523"
167.5,-23,0.35,"Seriola lalandi","Fis-29523"
168,-23,0.34,"Seriola lalandi","Fis-29523"
168.5,-23,0.29,"Seriola lalandi","Fis-29523"
169,-23,0.26,"Seriola lalandi","Fis-29523"
169.5,-23,0.25,"Seriola lalandi","Fis-29523"
170,-23,0.24,"Seriola lalandi","Fis-29523"
-179,-23.5,0.03,"Seriola lalandi","Fis-29523"
-178.5,-23.5,0.05,"Seriola lalandi","Fis-29523"
-176,-23.5,0.14,"Seriola lalandi","Fis-29523"
-175.5,-23.5,0.13,"Seriola lalandi","Fis-29523"
-149.5,-23.5,0.01,"Seriola lalandi","Fis-29523"
-149,-23.5,0.03,"Seriola lalandi","Fis-29523"
-137,-23.5,0.02,"Seriola lalandi","Fis-29523"
-135,-23.5,0.04,"Seriola lalandi","Fis-29523"
-134.5,-23.5,0.04,"Seriola lalandi","Fis-29523"
-83,-23.5,0.59,"Seriola lalandi","Fis-29523"
-82,-23.5,0.74,"Seriola lalandi","Fis-29523"
-70.5,-23.5,0.63,"Seriola lalandi","Fis-29523"
-70,-23.5,0.62,"Seriola lalandi","Fis-29523"
-45,-23.5,0.13,"Seriola lalandi","Fis-29523"
-44.5,-23.5,0.82,"Seriola lalandi","Fis-29523"
-44,-23.5,0.77,"Seriola lalandi","Fis-29523"
-43.5,-23.5,0.63,"Seriola lalandi","Fis-29523"
-43,-23.5,0.65,"Seriola lalandi","Fis-29523"
-42.5,-23.5,0.67,"Seriola lalandi","Fis-29523"
-42,-23.5,0.64,"Seriola lalandi","Fis-29523"
-41.5,-23.5,0.65,"Seriola lalandi","Fis-29523"
-41,-23.5,0.6,"Seriola lalandi","Fis-29523"
-40.5,-23.5,0.52,"Seriola lalandi","Fis-29523"
13,-23.5,0.44,"Seriola lalandi","Fis-29523"
13.5,-23.5,0.64,"Seriola lalandi","Fis-29523"
14,-23.5,0.27,"Seriola lalandi","Fis-29523"
14.5,-23.5,0.02,"Seriola lalandi","Fis-29523"
35.5,-23.5,0.7,"Seriola lalandi","Fis-29523"
36,-23.5,1,"Seriola lalandi","Fis-29523"
36.5,-23.5,0.26,"Seriola lalandi","Fis-29523"
43.5,-23.5,1,"Seriola lalandi","Fis-29523"
44,-23.5,1,"Seriola lalandi","Fis-29523"
48,-23.5,1,"Seriola lalandi","Fis-29523"
48.5,-23.5,0.58,"Seriola lalandi","Fis-29523"
113,-23.5,0.44,"Seriola lalandi","Fis-29523"
113.5,-23.5,0.7,"Seriola lalandi","Fis-29523"
114,-23.5,1,"Seriola lalandi","Fis-29523"
151,-23.5,0.54,"Seriola lalandi","Fis-29523"
151.5,-23.5,0.38,"Seriola lalandi","Fis-29523"
152,-23.5,0.61,"Seriola lalandi","Fis-29523"
152.5,-23.5,1,"Seriola lalandi","Fis-29523"
153,-23.5,1,"Seriola lalandi","Fis-29523"
153.5,-23.5,0.93,"Seriola lalandi","Fis-29523"
154,-23.5,0.92,"Seriola lalandi","Fis-29523"
154.5,-23.5,0.91,"Seriola lalandi","Fis-29523"
155,-23.5,0.33,"Seriola lalandi","Fis-29523"
155.5,-23.5,0.83,"Seriola lalandi","Fis-29523"
156,-23.5,0.81,"Seriola lalandi","Fis-29523"
159.5,-23.5,0.5,"Seriola lalandi","Fis-29523"
160,-23.5,0.48,"Seriola lalandi","Fis-29523"
167,-23.5,0.12,"Seriola lalandi","Fis-29523"
167.5,-23.5,0.33,"Seriola lalandi","Fis-29523"
168,-23.5,0.31,"Seriola lalandi","Fis-29523"
168.5,-23.5,0.29,"Seriola lalandi","Fis-29523"
-179,-24,0.15,"Seriola lalandi","Fis-29523"
-178.5,-24,0.14,"Seriola lalandi","Fis-29523"
-176,-24,0.09,"Seriola lalandi","Fis-29523"
-147.5,-24,0.03,"Seriola lalandi","Fis-29523"
-130.5,-24,0.01,"Seriola lalandi","Fis-29523"
-84.5,-24,0.48,"Seriola lalandi","Fis-29523"
-70.5,-24,0.69,"Seriola lalandi","Fis-29523"
-70,-24,0.63,"Seriola lalandi","Fis-29523"
-46,-24,1,"Seriola lalandi","Fis-29523"
-45.5,-24,0.87,"Seriola lalandi","Fis-29523"
-45,-24,0.85,"Seriola lalandi","Fis-29523"
-44.5,-24,0.77,"Seriola lalandi","Fis-29523"
-44,-24,0.7,"Seriola lalandi","Fis-29523"
-43.5,-24,0.64,"Seriola lalandi","Fis-29523"
-43,-24,0.6,"Seriola lalandi","Fis-29523"
-42.5,-24,0.57,"Seriola lalandi","Fis-29523"
-42,-24,0.56,"Seriola lalandi","Fis-29523"
-41.5,-24,0.56,"Seriola lalandi","Fis-29523"
-41,-24,0.53,"Seriola lalandi","Fis-29523"
13.5,-24,0.62,"Seriola lalandi","Fis-29523"
14,-24,0.19,"Seriola lalandi","Fis-29523"
35.5,-24,0.35,"Seriola lalandi","Fis-29523"
36,-24,1,"Seriola lalandi","Fis-29523"
36.5,-24,0.19,"Seriola lalandi","Fis-29523"
43.5,-24,0.15,"Seriola lalandi","Fis-29523"
44,-24,1,"Seriola lalandi","Fis-29523"
48,-24,1,"Seriola lalandi","Fis-29523"
112.5,-24,0.17,"Seriola lalandi","Fis-29523"
113,-24,0.54,"Seriola lalandi","Fis-29523"
113.5,-24,0.71,"Seriola lalandi","Fis-29523"
114,-24,0.25,"Seriola lalandi","Fis-29523"
151,-24,0.07,"Seriola lalandi","Fis-29523"
151.5,-24,0.43,"Seriola lalandi","Fis-29523"
152,-24,0.51,"Seriola lalandi","Fis-29523"
152.5,-24,1,"Seriola lalandi","Fis-29523"
153,-24,1,"Seriola lalandi","Fis-29523"
153.5,-24,0.91,"Seriola lalandi","Fis-29523"
154,-24,0.26,"Seriola lalandi","Fis-29523"
154.5,-24,0.14,"Seriola lalandi","Fis-29523"
159.5,-24,0.49,"Seriola lalandi","Fis-29523"
160,-24,0.48,"Seriola lalandi","Fis-29523"
167.5,-24,0.18,"Seriola lalandi","Fis-29523"
168,-24,0.08,"Seriola lalandi","Fis-29523"
170,-24,0.14,"Seriola lalandi","Fis-29523"
-179,-24.5,0.15,"Seriola lalandi","Fis-29523"
-178.5,-24.5,0.14,"Seriola lalandi","Fis-29523"
-176.5,-24.5,0.02,"Seriola lalandi","Fis-29523"
-176,-24.5,0.09,"Seriola lalandi","Fis-29523"
-175.5,-24.5,0.01,"Seriola lalandi","Fis-29523"
-128.5,-24.5,0.01,"Seriola lalandi","Fis-29523"
-128,-24.5,0.01,"Seriola lalandi","Fis-29523"
-84.5,-24.5,0.13,"Seriola lalandi","Fis-29523"
-70.5,-24.5,0.71,"Seriola lalandi","Fis-29523"
-70,-24.5,0.63,"Seriola lalandi","Fis-29523"
-47,-24.5,0.85,"Seriola lalandi","Fis-29523"
-46.5,-24.5,1,"Seriola lalandi","Fis-29523"
-46,-24.5,0.91,"Seriola lalandi","Fis-29523"
-45.5,-24.5,0.81,"Seriola lalandi","Fis-29523"
-45,-24.5,0.77,"Seriola lalandi","Fis-29523"
-44.5,-24.5,0.67,"Seriola lalandi","Fis-29523"
-44,-24.5,0.6,"Seriola lalandi","Fis-29523"
-43.5,-24.5,0.57,"Seriola lalandi","Fis-29523"
-43,-24.5,0.56,"Seriola lalandi","Fis-29523"
-42.5,-24.5,0.34,"Seriola lalandi","Fis-29523"
13.5,-24.5,0.64,"Seriola lalandi","Fis-29523"
14,-24.5,0.24,"Seriola lalandi","Fis-29523"
35.5,-24.5,1,"Seriola lalandi","Fis-29523"
36,-24.5,1,"Seriola lalandi","Fis-29523"
44,-24.5,1,"Seriola lalandi","Fis-29523"
47.5,-24.5,0.04,"Seriola lalandi","Fis-29523"
48,-24.5,1,"Seriola lalandi","Fis-29523"
112,-24.5,0.03,"Seriola lalandi","Fis-29523"
112.5,-24.5,0.43,"Seriola lalandi","Fis-29523"
113,-24.5,0.6,"Seriola lalandi","Fis-29523"
113.5,-24.5,0.62,"Seriola lalandi","Fis-29523"
152,-24.5,0.64,"Seriola lalandi","Fis-29523"
152.5,-24.5,1,"Seriola lalandi","Fis-29523"
153,-24.5,1,"Seriola lalandi","Fis-29523"
153.5,-24.5,1,"Seriola lalandi","Fis-29523"
154,-24.5,0.01,"Seriola lalandi","Fis-29523"
155.5,-24.5,0.25,"Seriola lalandi","Fis-29523"
159.5,-24.5,0.49,"Seriola lalandi","Fis-29523"
160,-24.5,0.46,"Seriola lalandi","Fis-29523"
-179,-25,0.11,"Seriola lalandi","Fis-29523"
-178.5,-25,0.12,"Seriola lalandi","Fis-29523"
-177.5,-25,0.03,"Seriola lalandi","Fis-29523"
-176.5,-25,0.03,"Seriola lalandi","Fis-29523"
-176,-25,0.09,"Seriola lalandi","Fis-29523"
-146,-25,0.02,"Seriola lalandi","Fis-29523"
-145.5,-25,0.02,"Seriola lalandi","Fis-29523"
-124.5,-25,0.01,"Seriola lalandi","Fis-29523"
-91,-25,0.08,"Seriola lalandi","Fis-29523"
-88.5,-25,0.22,"Seriola lalandi","Fis-29523"
-88,-25,0.23,"Seriola lalandi","Fis-29523"
-85,-25,0.45,"Seriola lalandi","Fis-29523"
-82.5,-25,0.11,"Seriola lalandi","Fis-29523"
-82,-25,0.58,"Seriola lalandi","Fis-29523"
-81.5,-25,0.48,"Seriola lalandi","Fis-29523"
-70.5,-25,0.69,"Seriola lalandi","Fis-29523"
-70,-25,0.63,"Seriola lalandi","Fis-29523"
-47.5,-25,0.54,"Seriola lalandi","Fis-29523"
-47,-25,1,"Seriola lalandi","Fis-29523"
-46.5,-25,0.57,"Seriola lalandi","Fis-29523"
-46,-25,0.84,"Seriola lalandi","Fis-29523"
-45.5,-25,0.79,"Seriola lalandi","Fis-29523"
-45,-25,0.73,"Seriola lalandi","Fis-29523"
-44.5,-25,0.59,"Seriola lalandi","Fis-29523"
-44,-25,0.57,"Seriola lalandi","Fis-29523"
-43.5,-25,0.15,"Seriola lalandi","Fis-29523"
13.5,-25,0.43,"Seriola lalandi","Fis-29523"
14,-25,0.32,"Seriola lalandi","Fis-29523"
14.5,-25,0.04,"Seriola lalandi","Fis-29523"
34.5,-25,0.66,"Seriola lalandi","Fis-29523"
35,-25,1,"Seriola lalandi","Fis-29523"
35.5,-25,1,"Seriola lalandi","Fis-29523"
36,-25,1,"Seriola lalandi","Fis-29523"
44,-25,1,"Seriola lalandi","Fis-29523"
44.5,-25,1,"Seriola lalandi","Fis-29523"
47.5,-25,1,"Seriola lalandi","Fis-29523"
48,-25,1,"Seriola lalandi","Fis-29523"
112,-25,0.1,"Seriola lalandi","Fis-29523"
112.5,-25,0.46,"Seriola lalandi","Fis-29523"
113,-25,0.59,"Seriola lalandi","Fis-29523"
113.5,-25,0.87,"Seriola lalandi","Fis-29523"
114,-25,0.16,"Seriola lalandi","Fis-29523"
152.5,-25,1,"Seriola lalandi","Fis-29523"
153,-25,1,"Seriola lalandi","Fis-29523"
153.5,-25,1,"Seriola lalandi","Fis-29523"
154,-25,1,"Seriola lalandi","Fis-29523"
159.5,-25,0.48,"Seriola lalandi","Fis-29523"
160,-25,0.41,"Seriola lalandi","Fis-29523"
163,-25,0.32,"Seriola lalandi","Fis-29523"
168.5,-25,0.25,"Seriola lalandi","Fis-29523"
-179,-25.5,0.06,"Seriola lalandi","Fis-29523"
-178.5,-25.5,0.12,"Seriola lalandi","Fis-29523"
-177,-25.5,0.09,"Seriola lalandi","Fis-29523"
-176.5,-25.5,0.11,"Seriola lalandi","Fis-29523"
-176,-25.5,0.12,"Seriola lalandi","Fis-29523"
-130,-25.5,0.01,"Seriola lalandi","Fis-29523"
-97,-25.5,0.01,"Seriola lalandi","Fis-29523"
-92.5,-25.5,0.01,"Seriola lalandi","Fis-29523"
-91,-25.5,0.07,"Seriola lalandi","Fis-29523"
-90,-25.5,0.07,"Seriola lalandi","Fis-29523"
-89,-25.5,0.14,"Seriola lalandi","Fis-29523"
-88,-25.5,0.19,"Seriola lalandi","Fis-29523"
-87,-25.5,0.34,"Seriola lalandi","Fis-29523"
-85,-25.5,0.34,"Seriola lalandi","Fis-29523"
-84,-25.5,0.37,"Seriola lalandi","Fis-29523"
-82,-25.5,0.59,"Seriola lalandi","Fis-29523"
-81.5,-25.5,0.74,"Seriola lalandi","Fis-29523"
-70.5,-25.5,0.62,"Seriola lalandi","Fis-29523"
-70,-25.5,0.61,"Seriola lalandi","Fis-29523"
-48,-25.5,0.98,"Seriola lalandi","Fis-29523"
-47.5,-25.5,0.49,"Seriola lalandi","Fis-29523"
-47,-25.5,0.56,"Seriola lalandi","Fis-29523"
-46.5,-25.5,0.77,"Seriola lalandi","Fis-29523"
-46,-25.5,0.76,"Seriola lalandi","Fis-29523"
-45.5,-25.5,0.73,"Seriola lalandi","Fis-29523"
-45,-25.5,0.66,"Seriola lalandi","Fis-29523"
-44.5,-25.5,0.57,"Seriola lalandi","Fis-29523"
6,-25.5,0.08,"Seriola lalandi","Fis-29523"
6.5,-25.5,0.06,"Seriola lalandi","Fis-29523"
14,-25.5,0.37,"Seriola lalandi","Fis-29523"
14.5,-25.5,0.15,"Seriola lalandi","Fis-29523"
33,-25.5,0.13,"Seriola lalandi","Fis-29523"
33.5,-25.5,1,"Seriola lalandi","Fis-29523"
34,-25.5,1,"Seriola lalandi","Fis-29523"
34.5,-25.5,1,"Seriola lalandi","Fis-29523"
35,-25.5,1,"Seriola lalandi","Fis-29523"
35.5,-25.5,1,"Seriola lalandi","Fis-29523"
36,-25.5,0.1,"Seriola lalandi","Fis-29523"
44,-25.5,0.16,"Seriola lalandi","Fis-29523"
44.5,-25.5,1,"Seriola lalandi","Fis-29523"
45,-25.5,1,"Seriola lalandi","Fis-29523"
45.5,-25.5,1,"Seriola lalandi","Fis-29523"
46,-25.5,1,"Seriola lalandi","Fis-29523"
46.5,-25.5,1,"Seriola lalandi","Fis-29523"
47,-25.5,1,"Seriola lalandi","Fis-29523"
47.5,-25.5,1,"Seriola lalandi","Fis-29523"
112,-25.5,0.14,"Seriola lalandi","Fis-29523"
112.5,-25.5,0.47,"Seriola lalandi","Fis-29523"
113,-25.5,0.59,"Seriola lalandi","Fis-29523"
113.5,-25.5,0.59,"Seriola lalandi","Fis-29523"
114,-25.5,0.25,"Seriola lalandi","Fis-29523"
153,-25.5,1,"Seriola lalandi","Fis-29523"
153.5,-25.5,0.97,"Seriola lalandi","Fis-29523"
154,-25.5,1,"Seriola lalandi","Fis-29523"
155,-25.5,0.05,"Seriola lalandi","Fis-29523"
159.5,-25.5,0.29,"Seriola lalandi","Fis-29523"
160,-25.5,0.43,"Seriola lalandi","Fis-29523"
160.5,-25.5,0.24,"Seriola lalandi","Fis-29523"
162,-25.5,0.32,"Seriola lalandi","Fis-29523"
162.5,-25.5,0.32,"Seriola lalandi","Fis-29523"
163,-25.5,0.32,"Seriola lalandi","Fis-29523"
163.5,-25.5,0.05,"Seriola lalandi","Fis-29523"
-179,-26,0.07,"Seriola lalandi","Fis-29523"
-178.5,-26,0.1,"Seriola lalandi","Fis-29523"
-177,-26,0.12,"Seriola lalandi","Fis-29523"
-176.5,-26,0.11,"Seriola lalandi","Fis-29523"
-150,-26,0.01,"Seriola lalandi","Fis-29523"
-95,-26,0.01,"Seriola lalandi","Fis-29523"
-94.5,-26,0.01,"Seriola lalandi","Fis-29523"
-92.5,-26,0.02,"Seriola lalandi","Fis-29523"
-90.5,-26,0.06,"Seriola lalandi","Fis-29523"
-89,-26,0.12,"Seriola lalandi","Fis-29523"
-87,-26,0.21,"Seriola lalandi","Fis-29523"
-86.5,-26,0.39,"Seriola lalandi","Fis-29523"
-86,-26,0.36,"Seriola lalandi","Fis-29523"
-85,-26,0.43,"Seriola lalandi","Fis-29523"
-84.5,-26,0.47,"Seriola lalandi","Fis-29523"
-84,-26,0.5,"Seriola lalandi","Fis-29523"
-83.5,-26,0.54,"Seriola lalandi","Fis-29523"
-83,-26,0.38,"Seriola lalandi","Fis-29523"
-82.5,-26,0.63,"Seriola lalandi","Fis-29523"
-82,-26,0.66,"Seriola lalandi","Fis-29523"
-70.5,-26,0.57,"Seriola lalandi","Fis-29523"
-48.5,-26,0.25,"Seriola lalandi","Fis-29523"
-48,-26,1,"Seriola lalandi","Fis-29523"
-47.5,-26,0.41,"Seriola lalandi","Fis-29523"
-47,-26,0.79,"Seriola lalandi","Fis-29523"
-46.5,-26,0.75,"Seriola lalandi","Fis-29523"
-46,-26,0.69,"Seriola lalandi","Fis-29523"
-45.5,-26,0.65,"Seriola lalandi","Fis-29523"
-45,-26,0.6,"Seriola lalandi","Fis-29523"
-44.5,-26,0.24,"Seriola lalandi","Fis-29523"
6.5,-26,0.38,"Seriola lalandi","Fis-29523"
14,-26,0.45,"Seriola lalandi","Fis-29523"
14.5,-26,0.22,"Seriola lalandi","Fis-29523"
15,-26,0.07,"Seriola lalandi","Fis-29523"
33,-26,1,"Seriola lalandi","Fis-29523"
33.5,-26,1,"Seriola lalandi","Fis-29523"
34,-26,1,"Seriola lalandi","Fis-29523"
34.5,-26,1,"Seriola lalandi","Fis-29523"
35,-26,1,"Seriola lalandi","Fis-29523"
35.5,-26,1,"Seriola lalandi","Fis-29523"
44.5,-26,1,"Seriola lalandi","Fis-29523"
45,-26,1,"Seriola lalandi","Fis-29523"
45.5,-26,1,"Seriola lalandi","Fis-29523"
46,-26,1,"Seriola lalandi","Fis-29523"
46.5,-26,1,"Seriola lalandi","Fis-29523"
47,-26,1,"Seriola lalandi","Fis-29523"
112,-26,0.11,"Seriola lalandi","Fis-29523"
112.5,-26,0.47,"Seriola lalandi","Fis-29523"
113,-26,0.57,"Seriola lalandi","Fis-29523"
113.5,-26,0.72,"Seriola lalandi","Fis-29523"
114,-26,0.57,"Seriola lalandi","Fis-29523"
114.5,-26,0.42,"Seriola lalandi","Fis-29523"
153.5,-26,1,"Seriola lalandi","Fis-29523"
154,-26,1,"Seriola lalandi","Fis-29523"
160,-26,0.4,"Seriola lalandi","Fis-29523"
161.5,-26,0.33,"Seriola lalandi","Fis-29523"
162,-26,0.32,"Seriola lalandi","Fis-29523"
162.5,-26,0.32,"Seriola lalandi","Fis-29523"
163,-26,0.31,"Seriola lalandi","Fis-29523"
163.5,-26,0.31,"Seriola lalandi","Fis-29523"
164,-26,0.31,"Seriola lalandi","Fis-29523"
-179,-26.5,0.13,"Seriola lalandi","Fis-29523"
-178.5,-26.5,0.05,"Seriola lalandi","Fis-29523"
-91.5,-26.5,0.01,"Seriola lalandi","Fis-29523"
-80,-26.5,0.99,"Seriola lalandi","Fis-29523"
-79.5,-26.5,1,"Seriola lalandi","Fis-29523"
-70.5,-26.5,0.57,"Seriola lalandi","Fis-29523"
-48.5,-26.5,0.29,"Seriola lalandi","Fis-29523"
-48,-26.5,0.57,"Seriola lalandi","Fis-29523"
-47.5,-26.5,0.58,"Seriola lalandi","Fis-29523"
-47,-26.5,0.78,"Seriola lalandi","Fis-29523"
-46.5,-26.5,0.68,"Seriola lalandi","Fis-29523"
-46,-26.5,0.62,"Seriola lalandi","Fis-29523"
-45.5,-26.5,0.6,"Seriola lalandi","Fis-29523"
-39.5,-26.5,0.06,"Seriola lalandi","Fis-29523"
5.5,-26.5,0.03,"Seriola lalandi","Fis-29523"
6,-26.5,0.05,"Seriola lalandi","Fis-29523"
6.5,-26.5,0.96,"Seriola lalandi","Fis-29523"
14,-26.5,0.51,"Seriola lalandi","Fis-29523"
14.5,-26.5,0.3,"Seriola lalandi","Fis-29523"
15,-26.5,0.1,"Seriola lalandi","Fis-29523"
15.5,-26.5,0.03,"Seriola lalandi","Fis-29523"
33,-26.5,1,"Seriola lalandi","Fis-29523"
33.5,-26.5,1,"Seriola lalandi","Fis-29523"
34,-26.5,0.64,"Seriola lalandi","Fis-29523"
34.5,-26.5,0.94,"Seriola lalandi","Fis-29523"
35,-26.5,0.29,"Seriola lalandi","Fis-29523"
35.5,-26.5,0.02,"Seriola lalandi","Fis-29523"
45,-26.5,1,"Seriola lalandi","Fis-29523"
45.5,-26.5,1,"Seriola lalandi","Fis-29523"
46,-26.5,1,"Seriola lalandi","Fis-29523"
112,-26.5,0.09,"Seriola lalandi","Fis-29523"
112.5,-26.5,0.42,"Seriola lalandi","Fis-29523"
113,-26.5,0.51,"Seriola lalandi","Fis-29523"
113.5,-26.5,0.68,"Seriola lalandi","Fis-29523"
114,-26.5,0.85,"Seriola lalandi","Fis-29523"
114.5,-26.5,0.82,"Seriola lalandi","Fis-29523"
153.5,-26.5,1,"Seriola lalandi","Fis-29523"
154,-26.5,1,"Seriola lalandi","Fis-29523"
154.5,-26.5,0.63,"Seriola lalandi","Fis-29523"
161.5,-26.5,0.33,"Seriola lalandi","Fis-29523"
162,-26.5,0.31,"Seriola lalandi","Fis-29523"
162.5,-26.5,0.31,"Seriola lalandi","Fis-29523"
163,-26.5,0.16,"Seriola lalandi","Fis-29523"
167.5,-26.5,0.29,"Seriola lalandi","Fis-29523"
168,-26.5,0.1,"Seriola lalandi","Fis-29523"
-179,-27,0.13,"Seriola lalandi","Fis-29523"
-146,-27,0.01,"Seriola lalandi","Fis-29523"
-145.5,-27,0.01,"Seriola lalandi","Fis-29523"
-70.5,-27,0.56,"Seriola lalandi","Fis-29523"
-48.5,-27,0.76,"Seriola lalandi","Fis-29523"
-48,-27,0.57,"Seriola lalandi","Fis-29523"
-47.5,-27,0.69,"Seriola lalandi","Fis-29523"
-47,-27,0.73,"Seriola lalandi","Fis-29523"
-46.5,-27,0.64,"Seriola lalandi","Fis-29523"
-46,-27,0.6,"Seriola lalandi","Fis-29523"
-45.5,-27,0.3,"Seriola lalandi","Fis-29523"
14,-27,0.65,"Seriola lalandi","Fis-29523"
14.5,-27,0.44,"Seriola lalandi","Fis-29523"
15,-27,0.24,"Seriola lalandi","Fis-29523"
15.5,-27,0.05,"Seriola lalandi","Fis-29523"
33,-27,1,"Seriola lalandi","Fis-29523"
33.5,-27,1,"Seriola lalandi","Fis-29523"
34,-27,0.39,"Seriola lalandi","Fis-29523"
34.5,-27,0.07,"Seriola lalandi","Fis-29523"
112.5,-27,0.22,"Seriola lalandi","Fis-29523"
113,-27,0.47,"Seriola lalandi","Fis-29523"
113.5,-27,0.46,"Seriola lalandi","Fis-29523"
114,-27,0.66,"Seriola lalandi","Fis-29523"
153.5,-27,1,"Seriola lalandi","Fis-29523"
154,-27,1,"Seriola lalandi","Fis-29523"
159.5,-27,0.45,"Seriola lalandi","Fis-29523"
160,-27,0.42,"Seriola lalandi","Fis-29523"
167.5,-27,0.03,"Seriola lalandi","Fis-29523"
168,-27,0.13,"Seriola lalandi","Fis-29523"
-179.5,-27.5,0.16,"Seriola lalandi","Fis-29523"
-179,-27.5,0.14,"Seriola lalandi","Fis-29523"
-177,-27.5,0.02,"Seriola lalandi","Fis-29523"
-146,-27.5,0.01,"Seriola lalandi","Fis-29523"
-145.5,-27.5,0.01,"Seriola lalandi","Fis-29523"
-144.5,-27.5,0.01,"Seriola lalandi","Fis-29523"
-143.5,-27.5,0.01,"Seriola lalandi","Fis-29523"
-109,-27.5,0.01,"Seriola lalandi","Fis-29523"
-71,-27.5,0.7,"Seriola lalandi","Fis-29523"
-70.5,-27.5,0.55,"Seriola lalandi","Fis-29523"
-48.5,-27.5,0.72,"Seriola lalandi","Fis-29523"
-48,-27.5,0.77,"Seriola lalandi","Fis-29523"
-47.5,-27.5,0.8,"Seriola lalandi","Fis-29523"
-47,-27.5,0.68,"Seriola lalandi","Fis-29523"
-46.5,-27.5,0.61,"Seriola lalandi","Fis-29523"
-46,-27.5,0.61,"Seriola lalandi","Fis-29523"
14,-27.5,0.41,"Seriola lalandi","Fis-29523"
14.5,-27.5,0.66,"Seriola lalandi","Fis-29523"
15,-27.5,0.38,"Seriola lalandi","Fis-29523"
15.5,-27.5,0.08,"Seriola lalandi","Fis-29523"
33,-27.5,1,"Seriola lalandi","Fis-29523"
33.5,-27.5,0.39,"Seriola lalandi","Fis-29523"
46.5,-27.5,0.89,"Seriola lalandi","Fis-29523"
112.5,-27.5,0.14,"Seriola lalandi","Fis-29523"
113,-27.5,0.42,"Seriola lalandi","Fis-29523"
113.5,-27.5,0.47,"Seriola lalandi","Fis-29523"
114,-27.5,0.45,"Seriola lalandi","Fis-29523"
114.5,-27.5,0.26,"Seriola lalandi","Fis-29523"
153.5,-27.5,0.75,"Seriola lalandi","Fis-29523"
154,-27.5,1,"Seriola lalandi","Fis-29523"
155.5,-27.5,0.8,"Seriola lalandi","Fis-29523"
167.5,-27.5,0.28,"Seriola lalandi","Fis-29523"
168,-27.5,0.11,"Seriola lalandi","Fis-29523"
-179.5,-28,0.12,"Seriola lalandi","Fis-29523"
-179,-28,0.12,"Seriola lalandi","Fis-29523"
-177.5,-28,0.03,"Seriola lalandi","Fis-29523"
-144,-28,0.01,"Seriola lalandi","Fis-29523"
-143.5,-28,0.01,"Seriola lalandi","Fis-29523"
-143,-28,0.01,"Seriola lalandi","Fis-29523"
-71,-28,0.59,"Seriola lalandi","Fis-29523"
-70.5,-28,0.53,"Seriola lalandi","Fis-29523"
-48.5,-28,0.69,"Seriola lalandi","Fis-29523"
-48,-28,0.79,"Seriola lalandi","Fis-29523"
-47.5,-28,0.76,"Seriola lalandi","Fis-29523"
-47,-28,0.64,"Seriola lalandi","Fis-29523"
-46.5,-28,0.6,"Seriola lalandi","Fis-29523"
14.5,-28,0.47,"Seriola lalandi","Fis-29523"
15,-28,0.59,"Seriola lalandi","Fis-29523"
15.5,-28,0.23,"Seriola lalandi","Fis-29523"
16,-28,0.07,"Seriola lalandi","Fis-29523"
33,-28,1,"Seriola lalandi","Fis-29523"
46.5,-28,0.14,"Seriola lalandi","Fis-29523"
113,-28,0.39,"Seriola lalandi","Fis-29523"
113.5,-28,0.45,"Seriola lalandi","Fis-29523"
114,-28,0.43,"Seriola lalandi","Fis-29523"
114.5,-28,0.31,"Seriola lalandi","Fis-29523"
153.5,-28,0.17,"Seriola lalandi","Fis-29523"
154,-28,1,"Seriola lalandi","Fis-29523"
154.5,-28,0.71,"Seriola lalandi","Fis-29523"
155.5,-28,0.96,"Seriola lalandi","Fis-29523"
156,-28,1,"Seriola lalandi","Fis-29523"
-179.5,-28.5,0.03,"Seriola lalandi","Fis-29523"
-179,-28.5,0.18,"Seriola lalandi","Fis-29523"
-143,-28.5,0.01,"Seriola lalandi","Fis-29523"
-71,-28.5,0.5,"Seriola lalandi","Fis-29523"
-48.5,-28.5,0.74,"Seriola lalandi","Fis-29523"
-48,-28.5,0.99,"Seriola lalandi","Fis-29523"
-47.5,-28.5,0.76,"Seriola lalandi","Fis-29523"
-47,-28.5,0.64,"Seriola lalandi","Fis-29523"
-46.5,-28.5,0.56,"Seriola lalandi","Fis-29523"
14.5,-28.5,0.94,"Seriola lalandi","Fis-29523"
15,-28.5,0.68,"Seriola lalandi","Fis-29523"
15.5,-28.5,0.25,"Seriola lalandi","Fis-29523"
16.5,-28.5,0.14,"Seriola lalandi","Fis-29523"
32.5,-28.5,1,"Seriola lalandi","Fis-29523"
33,-28.5,1,"Seriola lalandi","Fis-29523"
113,-28.5,0.13,"Seriola lalandi","Fis-29523"
113.5,-28.5,0.45,"Seriola lalandi","Fis-29523"
114,-28.5,0.53,"Seriola lalandi","Fis-29523"
114.5,-28.5,0.43,"Seriola lalandi","Fis-29523"
115,-28.5,0.57,"Seriola lalandi","Fis-29523"
153.5,-28.5,0.03,"Seriola lalandi","Fis-29523"
154,-28.5,1,"Seriola lalandi","Fis-29523"
154.5,-28.5,0.72,"Seriola lalandi","Fis-29523"
156,-28.5,0.91,"Seriola lalandi","Fis-29523"
167.5,-28.5,0.49,"Seriola lalandi","Fis-29523"
175.5,-28.5,0.16,"Seriola lalandi","Fis-29523"
176,-28.5,0.16,"Seriola lalandi","Fis-29523"
-179.5,-29,0.15,"Seriola lalandi","Fis-29523"
-177.5,-29,0.16,"Seriola lalandi","Fis-29523"
-140,-29,0.01,"Seriola lalandi","Fis-29523"
-71.5,-29,0.61,"Seriola lalandi","Fis-29523"
-71,-29,0.51,"Seriola lalandi","Fis-29523"
-49,-29,1,"Seriola lalandi","Fis-29523"
-48.5,-29,0.9,"Seriola lalandi","Fis-29523"
-48,-29,0.89,"Seriola lalandi","Fis-29523"
-47.5,-29,0.71,"Seriola lalandi","Fis-29523"
-47,-29,0.63,"Seriola lalandi","Fis-29523"
-46.5,-29,0.35,"Seriola lalandi","Fis-29523"
14.5,-29,1,"Seriola lalandi","Fis-29523"
15,-29,0.95,"Seriola lalandi","Fis-29523"
15.5,-29,0.73,"Seriola lalandi","Fis-29523"
16,-29,0.31,"Seriola lalandi","Fis-29523"
16.5,-29,0.02,"Seriola lalandi","Fis-29523"
17,-29,0.21,"Seriola lalandi","Fis-29523"
32,-29,0.57,"Seriola lalandi","Fis-29523"
32.5,-29,0.95,"Seriola lalandi","Fis-29523"
33,-29,1,"Seriola lalandi","Fis-29523"
113.5,-29,0.27,"Seriola lalandi","Fis-29523"
114,-29,0.48,"Seriola lalandi","Fis-29523"
114.5,-29,0.5,"Seriola lalandi","Fis-29523"
115,-29,0.49,"Seriola lalandi","Fis-29523"
154,-29,1,"Seriola lalandi","Fis-29523"
156,-29,0.9,"Seriola lalandi","Fis-29523"
168,-29,0.93,"Seriola lalandi","Fis-29523"
168.5,-29,0.84,"Seriola lalandi","Fis-29523"
173,-29,0.37,"Seriola lalandi","Fis-29523"
173.5,-29,0.29,"Seriola lalandi","Fis-29523"
-179.5,-29.5,0.02,"Seriola lalandi","Fis-29523"
-178,-29.5,0.2,"Seriola lalandi","Fis-29523"
-177.5,-29.5,0.2,"Seriola lalandi","Fis-29523"
-71.5,-29.5,0.58,"Seriola lalandi","Fis-29523"
-71,-29.5,0.5,"Seriola lalandi","Fis-29523"
-49.5,-29.5,1,"Seriola lalandi","Fis-29523"
-49,-29.5,1,"Seriola lalandi","Fis-29523"
-48.5,-29.5,1,"Seriola lalandi","Fis-29523"
-48,-29.5,0.77,"Seriola lalandi","Fis-29523"
-47.5,-29.5,0.65,"Seriola lalandi","Fis-29523"
14.5,-29.5,1,"Seriola lalandi","Fis-29523"
15,-29.5,0.97,"Seriola lalandi","Fis-29523"
15.5,-29.5,0.91,"Seriola lalandi","Fis-29523"
16,-29.5,0.78,"Seriola lalandi","Fis-29523"
16.5,-29.5,0.5,"Seriola lalandi","Fis-29523"
17,-29.5,0.27,"Seriola lalandi","Fis-29523"
17.5,-29.5,0.09,"Seriola lalandi","Fis-29523"
31.5,-29.5,0.51,"Seriola lalandi","Fis-29523"
32,-29.5,0.96,"Seriola lalandi","Fis-29523"
32.5,-29.5,1,"Seriola lalandi","Fis-29523"
114,-29.5,0.45,"Seriola lalandi","Fis-29523"
114.5,-29.5,0.42,"Seriola lalandi","Fis-29523"
115,-29.5,0.22,"Seriola lalandi","Fis-29523"
115.5,-29.5,0.02,"Seriola lalandi","Fis-29523"
153.5,-29.5,1,"Seriola lalandi","Fis-29523"
154,-29.5,1,"Seriola lalandi","Fis-29523"
159.5,-29.5,0.89,"Seriola lalandi","Fis-29523"
168,-29.5,0.95,"Seriola lalandi","Fis-29523"
168.5,-29.5,0.95,"Seriola lalandi","Fis-29523"
179.5,-29.5,0.06,"Seriola lalandi","Fis-29523"
-179.5,-30,0.19,"Seriola lalandi","Fis-29523"
-178.5,-30,0.03,"Seriola lalandi","Fis-29523"
-178,-30,0.21,"Seriola lalandi","Fis-29523"
-177.5,-30,0.2,"Seriola lalandi","Fis-29523"
-71.5,-30,0.57,"Seriola lalandi","Fis-29523"
-71,-30,0.5,"Seriola lalandi","Fis-29523"
-50,-30,0.9,"Seriola lalandi","Fis-29523"
-49.5,-30,1,"Seriola lalandi","Fis-29523"
-49,-30,1,"Seriola lalandi","Fis-29523"
-48.5,-30,0.92,"Seriola lalandi","Fis-29523"
-48,-30,0.71,"Seriola lalandi","Fis-29523"
-47.5,-30,0.64,"Seriola lalandi","Fis-29523"
-36,-30,0.03,"Seriola lalandi","Fis-29523"
14.5,-30,1,"Seriola lalandi","Fis-29523"
15,-30,1,"Seriola lalandi","Fis-29523"
15.5,-30,0.95,"Seriola lalandi","Fis-29523"
16,-30,0.89,"Seriola lalandi","Fis-29523"
16.5,-30,0.68,"Seriola lalandi","Fis-29523"
17,-30,0.35,"Seriola lalandi","Fis-29523"
17.5,-30,0.31,"Seriola lalandi","Fis-29523"
31,-30,0.07,"Seriola lalandi","Fis-29523"
31.5,-30,1,"Seriola lalandi","Fis-29523"
32,-30,1,"Seriola lalandi","Fis-29523"
32.5,-30,0.32,"Seriola lalandi","Fis-29523"
114,-30,0.09,"Seriola lalandi","Fis-29523"
114.5,-30,0.47,"Seriola lalandi","Fis-29523"
115,-30,0.47,"Seriola lalandi","Fis-29523"
115.5,-30,0.01,"Seriola lalandi","Fis-29523"
153.5,-30,0.83,"Seriola lalandi","Fis-29523"
154,-30,1,"Seriola lalandi","Fis-29523"
159.5,-30,0.98,"Seriola lalandi","Fis-29523"
168,-30,0.79,"Seriola lalandi","Fis-29523"
168.5,-30,0.73,"Seriola lalandi","Fis-29523"
170.5,-30,0.23,"Seriola lalandi","Fis-29523"
179.5,-30,0.26,"Seriola lalandi","Fis-29523"
-178.5,-30.5,0.24,"Seriola lalandi","Fis-29523"
-178,-30.5,0.22,"Seriola lalandi","Fis-29523"
-71.5,-30.5,0.5,"Seriola lalandi","Fis-29523"
-71,-30.5,0.49,"Seriola lalandi","Fis-29523"
-51,-30.5,0.24,"Seriola lalandi","Fis-29523"
-50.5,-30.5,0.48,"Seriola lalandi","Fis-29523"
-50,-30.5,0.54,"Seriola lalandi","Fis-29523"
-49.5,-30.5,1,"Seriola lalandi","Fis-29523"
-49,-30.5,1,"Seriola lalandi","Fis-29523"
-48.5,-30.5,0.82,"Seriola lalandi","Fis-29523"
-48,-30.5,0.68,"Seriola lalandi","Fis-29523"
-47.5,-30.5,0.65,"Seriola lalandi","Fis-29523"
-36.5,-30.5,0.02,"Seriola lalandi","Fis-29523"
-36,-30.5,0.03,"Seriola lalandi","Fis-29523"
-35.5,-30.5,0.03,"Seriola lalandi","Fis-29523"
-35,-30.5,0.03,"Seriola lalandi","Fis-29523"
15,-30.5,0.85,"Seriola lalandi","Fis-29523"
15.5,-30.5,0.99,"Seriola lalandi","Fis-29523"
16,-30.5,0.94,"Seriola lalandi","Fis-29523"
16.5,-30.5,0.86,"Seriola lalandi","Fis-29523"
17,-30.5,0.53,"Seriola lalandi","Fis-29523"
17.5,-30.5,0.32,"Seriola lalandi","Fis-29523"
31,-30.5,1,"Seriola lalandi","Fis-29523"
31.5,-30.5,1,"Seriola lalandi","Fis-29523"
32,-30.5,0.52,"Seriola lalandi","Fis-29523"
46.5,-30.5,0.07,"Seriola lalandi","Fis-29523"
87.5,-30.5,0.47,"Seriola lalandi","Fis-29523"
114.5,-30.5,0.22,"Seriola lalandi","Fis-29523"
115,-30.5,0.51,"Seriola lalandi","Fis-29523"
115.5,-30.5,0.57,"Seriola lalandi","Fis-29523"
153.5,-30.5,1,"Seriola lalandi","Fis-29523"
154,-30.5,1,"Seriola lalandi","Fis-29523"
167.5,-30.5,0.55,"Seriola lalandi","Fis-29523"
168,-30.5,0.71,"Seriola lalandi","Fis-29523"
168.5,-30.5,0.17,"Seriola lalandi","Fis-29523"
171.5,-30.5,0.36,"Seriola lalandi","Fis-29523"
173,-30.5,0.62,"Seriola lalandi","Fis-29523"
173.5,-30.5,0.59,"Seriola lalandi","Fis-29523"
179.5,-30.5,0.15,"Seriola lalandi","Fis-29523"
-178.5,-31,0.29,"Seriola lalandi","Fis-29523"
-178,-31,0.27,"Seriola lalandi","Fis-29523"
-71.5,-31,0.47,"Seriola lalandi","Fis-29523"
-51,-31,0.26,"Seriola lalandi","Fis-29523"
-50.5,-31,0.57,"Seriola lalandi","Fis-29523"
-50,-31,0.76,"Seriola lalandi","Fis-29523"
-49.5,-31,1,"Seriola lalandi","Fis-29523"
-49,-31,0.84,"Seriola lalandi","Fis-29523"
-48.5,-31,0.7,"Seriola lalandi","Fis-29523"
-48,-31,0.5,"Seriola lalandi","Fis-29523"
-47.5,-31,0.37,"Seriola lalandi","Fis-29523"
-36.5,-31,0.08,"Seriola lalandi","Fis-29523"
-36,-31,0.07,"Seriola lalandi","Fis-29523"
-35.5,-31,0.07,"Seriola lalandi","Fis-29523"
-35,-31,0.08,"Seriola lalandi","Fis-29523"
-34,-31,0.02,"Seriola lalandi","Fis-29523"
15.5,-31,1,"Seriola lalandi","Fis-29523"
16,-31,1,"Seriola lalandi","Fis-29523"
16.5,-31,0.96,"Seriola lalandi","Fis-29523"
17,-31,0.76,"Seriola lalandi","Fis-29523"
17.5,-31,0.42,"Seriola lalandi","Fis-29523"
18,-31,0.27,"Seriola lalandi","Fis-29523"
30.5,-31,0.99,"Seriola lalandi","Fis-29523"
31,-31,1,"Seriola lalandi","Fis-29523"
115,-31,0.53,"Seriola lalandi","Fis-29523"
115.5,-31,0.6,"Seriola lalandi","Fis-29523"
153.5,-31,1,"Seriola lalandi","Fis-29523"
156.5,-31,0.99,"Seriola lalandi","Fis-29523"
173,-31,0.63,"Seriola lalandi","Fis-29523"
173.5,-31,0.45,"Seriola lalandi","Fis-29523"
179.5,-31,0.19,"Seriola lalandi","Fis-29523"
-179,-31.5,0.09,"Seriola lalandi","Fis-29523"
-178.5,-31.5,0.38,"Seriola lalandi","Fis-29523"
-71.5,-31.5,0.48,"Seriola lalandi","Fis-29523"
-51.5,-31.5,0.19,"Seriola lalandi","Fis-29523"
-51,-31.5,0.66,"Seriola lalandi","Fis-29523"
-50.5,-31.5,0.73,"Seriola lalandi","Fis-29523"
-50,-31.5,1,"Seriola lalandi","Fis-29523"
-49.5,-31.5,0.87,"Seriola lalandi","Fis-29523"
-49,-31.5,0.71,"Seriola lalandi","Fis-29523"
-36,-31.5,0.02,"Seriola lalandi","Fis-29523"
-35.5,-31.5,0.01,"Seriola lalandi","Fis-29523"
-35,-31.5,0.08,"Seriola lalandi","Fis-29523"
-34.5,-31.5,0.13,"Seriola lalandi","Fis-29523"
-34,-31.5,0.05,"Seriola lalandi","Fis-29523"
16,-31.5,0.96,"Seriola lalandi","Fis-29523"
16.5,-31.5,1,"Seriola lalandi","Fis-29523"
17,-31.5,0.93,"Seriola lalandi","Fis-29523"
17.5,-31.5,0.59,"Seriola lalandi","Fis-29523"
18,-31.5,0.33,"Seriola lalandi","Fis-29523"
18.5,-31.5,0.11,"Seriola lalandi","Fis-29523"
30,-31.5,0.95,"Seriola lalandi","Fis-29523"
30.5,-31.5,0.97,"Seriola lalandi","Fis-29523"
95,-31.5,0.22,"Seriola lalandi","Fis-29523"
115,-31.5,0.57,"Seriola lalandi","Fis-29523"
115.5,-31.5,0.62,"Seriola lalandi","Fis-29523"
116,-31.5,0.01,"Seriola lalandi","Fis-29523"
131.5,-31.5,0.21,"Seriola lalandi","Fis-29523"
153,-31.5,0.5,"Seriola lalandi","Fis-29523"
153.5,-31.5,1,"Seriola lalandi","Fis-29523"
159.5,-31.5,0.98,"Seriola lalandi","Fis-29523"
167,-31.5,0.32,"Seriola lalandi","Fis-29523"
167.5,-31.5,0.19,"Seriola lalandi","Fis-29523"
168,-31.5,0.27,"Seriola lalandi","Fis-29523"
173,-31.5,0.02,"Seriola lalandi","Fis-29523"
-178.5,-32,0.11,"Seriola lalandi","Fis-29523"
-71.5,-32,0.49,"Seriola lalandi","Fis-29523"
-71,-32,0.04,"Seriola lalandi","Fis-29523"
-52,-32,0.18,"Seriola lalandi","Fis-29523"
-51.5,-32,0.23,"Seriola lalandi","Fis-29523"
-51,-32,0.39,"Seriola lalandi","Fis-29523"
-50.5,-32,0.87,"Seriola lalandi","Fis-29523"
-50,-32,1,"Seriola lalandi","Fis-29523"
-49.5,-32,0.75,"Seriola lalandi","Fis-29523"
-32.5,-32,0.01,"Seriola lalandi","Fis-29523"
2.5,-32,0.35,"Seriola lalandi","Fis-29523"
8.5,-32,0.98,"Seriola lalandi","Fis-29523"
16,-32,0.6,"Seriola lalandi","Fis-29523"
16.5,-32,1,"Seriola lalandi","Fis-29523"
17,-32,0.94,"Seriola lalandi","Fis-29523"
17.5,-32,0.74,"Seriola lalandi","Fis-29523"
18,-32,0.42,"Seriola lalandi","Fis-29523"
18.5,-32,0.34,"Seriola lalandi","Fis-29523"
29.5,-32,0.92,"Seriola lalandi","Fis-29523"
30,-32,0.95,"Seriola lalandi","Fis-29523"
43,-32,0.1,"Seriola lalandi","Fis-29523"
95.5,-32,0.38,"Seriola lalandi","Fis-29523"
96,-32,0.11,"Seriola lalandi","Fis-29523"
96.5,-32,0.03,"Seriola lalandi","Fis-29523"
115,-32,0.61,"Seriola lalandi","Fis-29523"
115.5,-32,0.9,"Seriola lalandi","Fis-29523"
116,-32,0.37,"Seriola lalandi","Fis-29523"
128.5,-32,0.16,"Seriola lalandi","Fis-29523"
129,-32,0.47,"Seriola lalandi","Fis-29523"
129.5,-32,0.26,"Seriola lalandi","Fis-29523"
130,-32,0.25,"Seriola lalandi","Fis-29523"
130.5,-32,0.26,"Seriola lalandi","Fis-29523"
131,-32,0.27,"Seriola lalandi","Fis-29523"
131.5,-32,0.27,"Seriola lalandi","Fis-29523"
132,-32,0.24,"Seriola lalandi","Fis-29523"
132.5,-32,0.08,"Seriola lalandi","Fis-29523"
133,-32,0.49,"Seriola lalandi","Fis-29523"
153,-32,0.98,"Seriola lalandi","Fis-29523"
153.5,-32,1,"Seriola lalandi","Fis-29523"
159.5,-32,0.98,"Seriola lalandi","Fis-29523"
167,-32,0.4,"Seriola lalandi","Fis-29523"
167.5,-32,0.25,"Seriola lalandi","Fis-29523"
168,-32,0.96,"Seriola lalandi","Fis-29523"
168.5,-32,0.92,"Seriola lalandi","Fis-29523"
-179,-32.5,0.53,"Seriola lalandi","Fis-29523"
-178.5,-32.5,0.29,"Seriola lalandi","Fis-29523"
-71.5,-32.5,0.42,"Seriola lalandi","Fis-29523"
-71,-32.5,0.35,"Seriola lalandi","Fis-29523"
-52,-32.5,0.49,"Seriola lalandi","Fis-29523"
-51.5,-32.5,0.48,"Seriola lalandi","Fis-29523"
-51,-32.5,0.58,"Seriola lalandi","Fis-29523"
-50.5,-32.5,0.99,"Seriola lalandi","Fis-29523"
-50,-32.5,0.98,"Seriola lalandi","Fis-29523"
-49.5,-32.5,0.24,"Seriola lalandi","Fis-29523"
-32.5,-32.5,0.03,"Seriola lalandi","Fis-29523"
16.5,-32.5,0.94,"Seriola lalandi","Fis-29523"
17,-32.5,0.96,"Seriola lalandi","Fis-29523"
17.5,-32.5,0.73,"Seriola lalandi","Fis-29523"
18,-32.5,0.45,"Seriola lalandi","Fis-29523"
18.5,-32.5,0.25,"Seriola lalandi","Fis-29523"
29,-32.5,0.91,"Seriola lalandi","Fis-29523"
29.5,-32.5,0.96,"Seriola lalandi","Fis-29523"
82.5,-32.5,0.7,"Seriola lalandi","Fis-29523"
84,-32.5,0.75,"Seriola lalandi","Fis-29523"
84.5,-32.5,0.48,"Seriola lalandi","Fis-29523"
97.5,-32.5,0.26,"Seriola lalandi","Fis-29523"
115,-32.5,0.66,"Seriola lalandi","Fis-29523"
115.5,-32.5,1,"Seriola lalandi","Fis-29523"
116,-32.5,0.34,"Seriola lalandi","Fis-29523"
126,-32.5,0.87,"Seriola lalandi","Fis-29523"
126.5,-32.5,0.64,"Seriola lalandi","Fis-29523"
127,-32.5,0.93,"Seriola lalandi","Fis-29523"
127.5,-32.5,0.73,"Seriola lalandi","Fis-29523"
128,-32.5,0.35,"Seriola lalandi","Fis-29523"
128.5,-32.5,0.38,"Seriola lalandi","Fis-29523"
129,-32.5,0.43,"Seriola lalandi","Fis-29523"
129.5,-32.5,0.51,"Seriola lalandi","Fis-29523"
130,-32.5,0.48,"Seriola lalandi","Fis-29523"
130.5,-32.5,0.5,"Seriola lalandi","Fis-29523"
131,-32.5,0.44,"Seriola lalandi","Fis-29523"
131.5,-32.5,0.42,"Seriola lalandi","Fis-29523"
132,-32.5,0.36,"Seriola lalandi","Fis-29523"
132.5,-32.5,0.28,"Seriola lalandi","Fis-29523"
133,-32.5,0.22,"Seriola lalandi","Fis-29523"
133.5,-32.5,0.28,"Seriola lalandi","Fis-29523"
134,-32.5,0.37,"Seriola lalandi","Fis-29523"
134.5,-32.5,0.39,"Seriola lalandi","Fis-29523"
152.5,-32.5,0.29,"Seriola lalandi","Fis-29523"
153,-32.5,0.99,"Seriola lalandi","Fis-29523"
153.5,-32.5,1,"Seriola lalandi","Fis-29523"
162.5,-32.5,0.03,"Seriola lalandi","Fis-29523"
167,-32.5,0.83,"Seriola lalandi","Fis-29523"
167.5,-32.5,0.97,"Seriola lalandi","Fis-29523"
168,-32.5,0.97,"Seriola lalandi","Fis-29523"
168.5,-32.5,0.97,"Seriola lalandi","Fis-29523"
-179.5,-33,0.22,"Seriola lalandi","Fis-29523"
-179,-33,0.58,"Seriola lalandi","Fis-29523"
-73.5,-33,0.46,"Seriola lalandi","Fis-29523"
-71.5,-33,0.42,"Seriola lalandi","Fis-29523"
-71,-33,0.43,"Seriola lalandi","Fis-29523"
-52.5,-33,0.29,"Seriola lalandi","Fis-29523"
-52,-33,0.48,"Seriola lalandi","Fis-29523"
-51.5,-33,0.53,"Seriola lalandi","Fis-29523"
-51,-33,0.93,"Seriola lalandi","Fis-29523"
-50.5,-33,1,"Seriola lalandi","Fis-29523"
-50,-33,0.9,"Seriola lalandi","Fis-29523"
-2.5,-33,0.72,"Seriola lalandi","Fis-29523"
3,-33,0.15,"Seriola lalandi","Fis-29523"
17,-33,1,"Seriola lalandi","Fis-29523"
17.5,-33,0.79,"Seriola lalandi","Fis-29523"
18,-33,0.41,"Seriola lalandi","Fis-29523"
18.5,-33,0.21,"Seriola lalandi","Fis-29523"
28,-33,0.02,"Seriola lalandi","Fis-29523"
28.5,-33,0.9,"Seriola lalandi","Fis-29523"
29,-33,0.96,"Seriola lalandi","Fis-29523"
44,-33,0.2,"Seriola lalandi","Fis-29523"
44.5,-33,0.11,"Seriola lalandi","Fis-29523"
82.5,-33,0.1,"Seriola lalandi","Fis-29523"
84.5,-33,0.25,"Seriola lalandi","Fis-29523"
114.5,-33,0.17,"Seriola lalandi","Fis-29523"
115,-33,0.72,"Seriola lalandi","Fis-29523"
115.5,-33,1,"Seriola lalandi","Fis-29523"
116,-33,0.24,"Seriola lalandi","Fis-29523"
124.5,-33,0.55,"Seriola lalandi","Fis-29523"
125,-33,0.96,"Seriola lalandi","Fis-29523"
125.5,-33,0.95,"Seriola lalandi","Fis-29523"
126,-33,0.95,"Seriola lalandi","Fis-29523"
126.5,-33,0.96,"Seriola lalandi","Fis-29523"
127,-33,0.95,"Seriola lalandi","Fis-29523"
127.5,-33,0.91,"Seriola lalandi","Fis-29523"
128,-33,0.95,"Seriola lalandi","Fis-29523"
128.5,-33,0.95,"Seriola lalandi","Fis-29523"
129,-33,0.95,"Seriola lalandi","Fis-29523"
129.5,-33,0.94,"Seriola lalandi","Fis-29523"
130,-33,0.94,"Seriola lalandi","Fis-29523"
130.5,-33,0.94,"Seriola lalandi","Fis-29523"
131,-33,0.94,"Seriola lalandi","Fis-29523"
131.5,-33,0.93,"Seriola lalandi","Fis-29523"
132,-33,0.74,"Seriola lalandi","Fis-29523"
132.5,-33,0.43,"Seriola lalandi","Fis-29523"
133,-33,0.37,"Seriola lalandi","Fis-29523"
133.5,-33,0.38,"Seriola lalandi","Fis-29523"
134,-33,0.42,"Seriola lalandi","Fis-29523"
134.5,-33,0.35,"Seriola lalandi","Fis-29523"
152,-33,1,"Seriola lalandi","Fis-29523"
152.5,-33,1,"Seriola lalandi","Fis-29523"
153,-33,1,"Seriola lalandi","Fis-29523"
156.5,-33,0.99,"Seriola lalandi","Fis-29523"
162.5,-33,0.07,"Seriola lalandi","Fis-29523"
163,-33,0.39,"Seriola lalandi","Fis-29523"
163.5,-33,0.75,"Seriola lalandi","Fis-29523"
167,-33,0.88,"Seriola lalandi","Fis-29523"
167.5,-33,0.94,"Seriola lalandi","Fis-29523"
168,-33,0.97,"Seriola lalandi","Fis-29523"
-179.5,-33.5,0.22,"Seriola lalandi","Fis-29523"
-179,-33.5,0.42,"Seriola lalandi","Fis-29523"
-77.5,-33.5,0.29,"Seriola lalandi","Fis-29523"
-76.5,-33.5,0.43,"Seriola lalandi","Fis-29523"
-71.5,-33.5,0.37,"Seriola lalandi","Fis-29523"
-53,-33.5,0.23,"Seriola lalandi","Fis-29523"
-52.5,-33.5,0.89,"Seriola lalandi","Fis-29523"
-52,-33.5,0.56,"Seriola lalandi","Fis-29523"
-51.5,-33.5,0.9,"Seriola lalandi","Fis-29523"
-51,-33.5,1,"Seriola lalandi","Fis-29523"
-50.5,-33.5,1,"Seriola lalandi","Fis-29523"
-50,-33.5,0.82,"Seriola lalandi","Fis-29523"
-2.5,-33.5,0.79,"Seriola lalandi","Fis-29523"
-0.5,-33.5,0.16,"Seriola lalandi","Fis-29523"
0,-33.5,0.44,"Seriola lalandi","Fis-29523"
17,-33.5,0.76,"Seriola lalandi","Fis-29523"
17.5,-33.5,1,"Seriola lalandi","Fis-29523"
18,-33.5,0.55,"Seriola lalandi","Fis-29523"
18.5,-33.5,0.42,"Seriola lalandi","Fis-29523"
27.5,-33.5,0.85,"Seriola lalandi","Fis-29523"
28,-33.5,0.93,"Seriola lalandi","Fis-29523"
28.5,-33.5,0.98,"Seriola lalandi","Fis-29523"
44,-33.5,0.89,"Seriola lalandi","Fis-29523"
44.5,-33.5,0.89,"Seriola lalandi","Fis-29523"
45,-33.5,0.05,"Seriola lalandi","Fis-29523"
114.5,-33.5,0.34,"Seriola lalandi","Fis-29523"
115,-33.5,0.88,"Seriola lalandi","Fis-29523"
115.5,-33.5,1,"Seriola lalandi","Fis-29523"
116,-33.5,0.29,"Seriola lalandi","Fis-29523"
124.5,-33.5,0.96,"Seriola lalandi","Fis-29523"
125,-33.5,0.96,"Seriola lalandi","Fis-29523"
125.5,-33.5,0.97,"Seriola lalandi","Fis-29523"
126,-33.5,0.97,"Seriola lalandi","Fis-29523"
126.5,-33.5,0.98,"Seriola lalandi","Fis-29523"
127,-33.5,0.98,"Seriola lalandi","Fis-29523"
127.5,-33.5,0.97,"Seriola lalandi","Fis-29523"
128,-33.5,0.97,"Seriola lalandi","Fis-29523"
128.5,-33.5,0.97,"Seriola lalandi","Fis-29523"
129,-33.5,0.97,"Seriola lalandi","Fis-29523"
129.5,-33.5,0.96,"Seriola lalandi","Fis-29523"
130,-33.5,0.96,"Seriola lalandi","Fis-29523"
130.5,-33.5,0.96,"Seriola lalandi","Fis-29523"
131,-33.5,0.96,"Seriola lalandi","Fis-29523"
131.5,-33.5,0.95,"Seriola lalandi","Fis-29523"
132,-33.5,0.94,"Seriola lalandi","Fis-29523"
132.5,-33.5,0.92,"Seriola lalandi","Fis-29523"
133,-33.5,0.58,"Seriola lalandi","Fis-29523"
133.5,-33.5,0.44,"Seriola lalandi","Fis-29523"
134,-33.5,0.58,"Seriola lalandi","Fis-29523"
134.5,-33.5,0.54,"Seriola lalandi","Fis-29523"
135,-33.5,0.37,"Seriola lalandi","Fis-29523"
151.5,-33.5,0.03,"Seriola lalandi","Fis-29523"
152,-33.5,1,"Seriola lalandi","Fis-29523"
152.5,-33.5,1,"Seriola lalandi","Fis-29523"
153,-33.5,0.81,"Seriola lalandi","Fis-29523"
156.5,-33.5,0.99,"Seriola lalandi","Fis-29523"
162.5,-33.5,0.34,"Seriola lalandi","Fis-29523"
163,-33.5,0.37,"Seriola lalandi","Fis-29523"
163.5,-33.5,0.28,"Seriola lalandi","Fis-29523"
167,-33.5,0.19,"Seriola lalandi","Fis-29523"
167.5,-33.5,0.61,"Seriola lalandi","Fis-29523"
168,-33.5,0.44,"Seriola lalandi","Fis-29523"
170,-33.5,0.52,"Seriola lalandi","Fis-29523"
170.5,-33.5,0.58,"Seriola lalandi","Fis-29523"
171.5,-33.5,0.35,"Seriola lalandi","Fis-29523"
-80.5,-34,0.98,"Seriola lalandi","Fis-29523"
-79.5,-34,0.6,"Seriola lalandi","Fis-29523"
-79,-34,0.89,"Seriola lalandi","Fis-29523"
-78.5,-34,0.92,"Seriola lalandi","Fis-29523"
-78,-34,0.88,"Seriola lalandi","Fis-29523"
-77.5,-34,0.9,"Seriola lalandi","Fis-29523"
-72,-34,0.43,"Seriola lalandi","Fis-29523"
-71.5,-34,0.36,"Seriola lalandi","Fis-29523"
-53.5,-34,0.17,"Seriola lalandi","Fis-29523"
-53,-34,0.73,"Seriola lalandi","Fis-29523"
-52.5,-34,0.55,"Seriola lalandi","Fis-29523"
-52,-34,0.76,"Seriola lalandi","Fis-29523"
-51.5,-34,0.95,"Seriola lalandi","Fis-29523"
-51,-34,1,"Seriola lalandi","Fis-29523"
-50.5,-34,0.88,"Seriola lalandi","Fis-29523"
-50,-34,0.09,"Seriola lalandi","Fis-29523"
17.5,-34,0.79,"Seriola lalandi","Fis-29523"
18,-34,0.78,"Seriola lalandi","Fis-29523"
18.5,-34,0.48,"Seriola lalandi","Fis-29523"
19,-34,0.01,"Seriola lalandi","Fis-29523"
24,-34,0.77,"Seriola lalandi","Fis-29523"
25,-34,0.74,"Seriola lalandi","Fis-29523"
25.5,-34,0.72,"Seriola lalandi","Fis-29523"
26,-34,0.54,"Seriola lalandi","Fis-29523"
26.5,-34,0.82,"Seriola lalandi","Fis-29523"
27,-34,0.92,"Seriola lalandi","Fis-29523"
27.5,-34,0.97,"Seriola lalandi","Fis-29523"
28,-34,1,"Seriola lalandi","Fis-29523"
44,-34,0.45,"Seriola lalandi","Fis-29523"
45,-34,0.18,"Seriola lalandi","Fis-29523"
83,-34,0.65,"Seriola lalandi","Fis-29523"
83.5,-34,0.5,"Seriola lalandi","Fis-29523"
114.5,-34,0.59,"Seriola lalandi","Fis-29523"
115,-34,0.9,"Seriola lalandi","Fis-29523"
115.5,-34,1,"Seriola lalandi","Fis-29523"
120,-34,0.35,"Seriola lalandi","Fis-29523"
120.5,-34,0.98,"Seriola lalandi","Fis-29523"
121,-34,0.98,"Seriola lalandi","Fis-29523"
121.5,-34,0.97,"Seriola lalandi","Fis-29523"
122,-34,0.78,"Seriola lalandi","Fis-29523"
122.5,-34,0.16,"Seriola lalandi","Fis-29523"
123,-34,0.28,"Seriola lalandi","Fis-29523"
123.5,-34,0.97,"Seriola lalandi","Fis-29523"
124,-34,0.97,"Seriola lalandi","Fis-29523"
124.5,-34,0.97,"Seriola lalandi","Fis-29523"
125,-34,0.97,"Seriola lalandi","Fis-29523"
125.5,-34,0.98,"Seriola lalandi","Fis-29523"
126,-34,0.99,"Seriola lalandi","Fis-29523"
126.5,-34,0.56,"Seriola lalandi","Fis-29523"
127,-34,0.29,"Seriola lalandi","Fis-29523"
127.5,-34,0.32,"Seriola lalandi","Fis-29523"
128,-34,0.01,"Seriola lalandi","Fis-29523"
129.5,-34,0.58,"Seriola lalandi","Fis-29523"
130,-34,0.5,"Seriola lalandi","Fis-29523"
131,-34,0.46,"Seriola lalandi","Fis-29523"
131.5,-34,0.84,"Seriola lalandi","Fis-29523"
132,-34,0.96,"Seriola lalandi","Fis-29523"
132.5,-34,0.94,"Seriola lalandi","Fis-29523"
133,-34,0.92,"Seriola lalandi","Fis-29523"
133.5,-34,0.6,"Seriola lalandi","Fis-29523"
134,-34,0.56,"Seriola lalandi","Fis-29523"
134.5,-34,0.83,"Seriola lalandi","Fis-29523"
135,-34,0.66,"Seriola lalandi","Fis-29523"
135.5,-34,0.36,"Seriola lalandi","Fis-29523"
137,-34,0.05,"Seriola lalandi","Fis-29523"
137.5,-34,0.01,"Seriola lalandi","Fis-29523"
151.5,-34,1,"Seriola lalandi","Fis-29523"
152,-34,1,"Seriola lalandi","Fis-29523"
152.5,-34,0.99,"Seriola lalandi","Fis-29523"
162.5,-34,0.36,"Seriola lalandi","Fis-29523"
163,-34,0.69,"Seriola lalandi","Fis-29523"
163.5,-34,0.21,"Seriola lalandi","Fis-29523"
167.5,-34,0.56,"Seriola lalandi","Fis-29523"
171,-34,0.09,"Seriola lalandi","Fis-29523"
171.5,-34,0.8,"Seriola lalandi","Fis-29523"
172,-34,0.89,"Seriola lalandi","Fis-29523"
172.5,-34,0.99,"Seriola lalandi","Fis-29523"
173,-34,0.99,"Seriola lalandi","Fis-29523"
-122,-34.5,0.01,"Seriola lalandi","Fis-29523"
-72,-34.5,0.36,"Seriola lalandi","Fis-29523"
-71.5,-34.5,0.35,"Seriola lalandi","Fis-29523"
-53.5,-34.5,0.56,"Seriola lalandi","Fis-29523"
-53,-34.5,0.45,"Seriola lalandi","Fis-29523"
-52.5,-34.5,0.65,"Seriola lalandi","Fis-29523"
-52,-34.5,0.88,"Seriola lalandi","Fis-29523"
-51.5,-34.5,1,"Seriola lalandi","Fis-29523"
-51,-34.5,0.36,"Seriola lalandi","Fis-29523"
-5,-34.5,0.89,"Seriola lalandi","Fis-29523"
-4.5,-34.5,0.91,"Seriola lalandi","Fis-29523"
-3.5,-34.5,0.36,"Seriola lalandi","Fis-29523"
1,-34.5,0.1,"Seriola lalandi","Fis-29523"
18,-34.5,1,"Seriola lalandi","Fis-29523"
18.5,-34.5,0.74,"Seriola lalandi","Fis-29523"
19,-34.5,0.64,"Seriola lalandi","Fis-29523"
19.5,-34.5,0.7,"Seriola lalandi","Fis-29523"
20.5,-34.5,0.86,"Seriola lalandi","Fis-29523"
21,-34.5,0.89,"Seriola lalandi","Fis-29523"
21.5,-34.5,0.92,"Seriola lalandi","Fis-29523"
22,-34.5,0.94,"Seriola lalandi","Fis-29523"
22.5,-34.5,0.96,"Seriola lalandi","Fis-29523"
23,-34.5,0.9,"Seriola lalandi","Fis-29523"
23.5,-34.5,0.83,"Seriola lalandi","Fis-29523"
24,-34.5,0.82,"Seriola lalandi","Fis-29523"
24.5,-34.5,0.8,"Seriola lalandi","Fis-29523"
25,-34.5,0.82,"Seriola lalandi","Fis-29523"
25.5,-34.5,0.86,"Seriola lalandi","Fis-29523"
26,-34.5,0.91,"Seriola lalandi","Fis-29523"
26.5,-34.5,0.97,"Seriola lalandi","Fis-29523"
27,-34.5,1,"Seriola lalandi","Fis-29523"
27.5,-34.5,0.83,"Seriola lalandi","Fis-29523"
45,-34.5,0.13,"Seriola lalandi","Fis-29523"
83,-34.5,0.65,"Seriola lalandi","Fis-29523"
114.5,-34.5,0.5,"Seriola lalandi","Fis-29523"
115,-34.5,0.98,"Seriola lalandi","Fis-29523"
115.5,-34.5,1,"Seriola lalandi","Fis-29523"
116,-34.5,1,"Seriola lalandi","Fis-29523"
119,-34.5,0.32,"Seriola lalandi","Fis-29523"
119.5,-34.5,0.51,"Seriola lalandi","Fis-29523"
120,-34.5,0.99,"Seriola lalandi","Fis-29523"
120.5,-34.5,0.98,"Seriola lalandi","Fis-29523"
121,-34.5,0.98,"Seriola lalandi","Fis-29523"
121.5,-34.5,0.98,"Seriola lalandi","Fis-29523"
122,-34.5,0.98,"Seriola lalandi","Fis-29523"
122.5,-34.5,0.97,"Seriola lalandi","Fis-29523"
123,-34.5,0.97,"Seriola lalandi","Fis-29523"
123.5,-34.5,0.97,"Seriola lalandi","Fis-29523"
124,-34.5,0.98,"Seriola lalandi","Fis-29523"
124.5,-34.5,0.99,"Seriola lalandi","Fis-29523"
125,-34.5,0.99,"Seriola lalandi","Fis-29523"
125.5,-34.5,0.99,"Seriola lalandi","Fis-29523"
132.5,-34.5,0.86,"Seriola lalandi","Fis-29523"
133,-34.5,0.94,"Seriola lalandi","Fis-29523"
133.5,-34.5,0.93,"Seriola lalandi","Fis-29523"
134,-34.5,0.71,"Seriola lalandi","Fis-29523"
134.5,-34.5,0.85,"Seriola lalandi","Fis-29523"
135,-34.5,0.87,"Seriola lalandi","Fis-29523"
135.5,-34.5,0.55,"Seriola lalandi","Fis-29523"
136.5,-34.5,0.19,"Seriola lalandi","Fis-29523"
137,-34.5,0.03,"Seriola lalandi","Fis-29523"
137.5,-34.5,0.03,"Seriola lalandi","Fis-29523"
138,-34.5,0.17,"Seriola lalandi","Fis-29523"
138.5,-34.5,0.36,"Seriola lalandi","Fis-29523"
151,-34.5,0.46,"Seriola lalandi","Fis-29523"
151.5,-34.5,1,"Seriola lalandi","Fis-29523"
152,-34.5,0.99,"Seriola lalandi","Fis-29523"
163,-34.5,0.32,"Seriola lalandi","Fis-29523"
163.5,-34.5,0.06,"Seriola lalandi","Fis-29523"
168.5,-34.5,0.72,"Seriola lalandi","Fis-29523"
169,-34.5,0.27,"Seriola lalandi","Fis-29523"
171.5,-34.5,0.49,"Seriola lalandi","Fis-29523"
172,-34.5,1,"Seriola lalandi","Fis-29523"
172.5,-34.5,1,"Seriola lalandi","Fis-29523"
173,-34.5,1,"Seriola lalandi","Fis-29523"
173.5,-34.5,1,"Seriola lalandi","Fis-29523"
174,-34.5,0.99,"Seriola lalandi","Fis-29523"
174.5,-34.5,0.51,"Seriola lalandi","Fis-29523"
179.5,-34.5,0.32,"Seriola lalandi","Fis-29523"
-125.5,-35,0.04,"Seriola lalandi","Fis-29523"
-121.5,-35,0.09,"Seriola lalandi","Fis-29523"
-121,-35,0.11,"Seriola lalandi","Fis-29523"
-119,-35,0.14,"Seriola lalandi","Fis-29523"
-72.5,-35,0.48,"Seriola lalandi","Fis-29523"
-72,-35,0.3,"Seriola lalandi","Fis-29523"
-55.5,-35,0.15,"Seriola lalandi","Fis-29523"
-55,-35,0.14,"Seriola lalandi","Fis-29523"
-54.5,-35,0.49,"Seriola lalandi","Fis-29523"
-54,-35,0.55,"Seriola lalandi","Fis-29523"
-53.5,-35,0.47,"Seriola lalandi","Fis-29523"
-53,-35,0.47,"Seriola lalandi","Fis-29523"
-52.5,-35,0.82,"Seriola lalandi","Fis-29523"
-52,-35,0.98,"Seriola lalandi","Fis-29523"
-51.5,-35,0.9,"Seriola lalandi","Fis-29523"
-5,-35,0.18,"Seriola lalandi","Fis-29523"
-4.5,-35,0.78,"Seriola lalandi","Fis-29523"
-3.5,-35,0.03,"Seriola lalandi","Fis-29523"
18,-35,0.81,"Seriola lalandi","Fis-29523"
18.5,-35,1,"Seriola lalandi","Fis-29523"
19,-35,1,"Seriola lalandi","Fis-29523"
19.5,-35,0.95,"Seriola lalandi","Fis-29523"
20,-35,0.97,"Seriola lalandi","Fis-29523"
20.5,-35,0.97,"Seriola lalandi","Fis-29523"
21,-35,1,"Seriola lalandi","Fis-29523"
21.5,-35,0.98,"Seriola lalandi","Fis-29523"
22,-35,1,"Seriola lalandi","Fis-29523"
22.5,-35,0.97,"Seriola lalandi","Fis-29523"
23,-35,0.96,"Seriola lalandi","Fis-29523"
23.5,-35,0.99,"Seriola lalandi","Fis-29523"
24,-35,1,"Seriola lalandi","Fis-29523"
24.5,-35,1,"Seriola lalandi","Fis-29523"
25,-35,1,"Seriola lalandi","Fis-29523"
25.5,-35,1,"Seriola lalandi","Fis-29523"
26,-35,0.68,"Seriola lalandi","Fis-29523"
44.5,-35,0.16,"Seriola lalandi","Fis-29523"
114.5,-35,0.45,"Seriola lalandi","Fis-29523"
115,-35,1,"Seriola lalandi","Fis-29523"
115.5,-35,1,"Seriola lalandi","Fis-29523"
116,-35,1,"Seriola lalandi","Fis-29523"
116.5,-35,0.99,"Seriola lalandi","Fis-29523"
117,-35,0.02,"Seriola lalandi","Fis-29523"
118.5,-35,0.69,"Seriola lalandi","Fis-29523"
119,-35,0.99,"Seriola lalandi","Fis-29523"
119.5,-35,0.99,"Seriola lalandi","Fis-29523"
120,-35,0.99,"Seriola lalandi","Fis-29523"
120.5,-35,1,"Seriola lalandi","Fis-29523"
121,-35,0.59,"Seriola lalandi","Fis-29523"
121.5,-35,1,"Seriola lalandi","Fis-29523"
122,-35,1,"Seriola lalandi","Fis-29523"
122.5,-35,0.99,"Seriola lalandi","Fis-29523"
123,-35,0.99,"Seriola lalandi","Fis-29523"
123.5,-35,0.99,"Seriola lalandi","Fis-29523"
124,-35,1,"Seriola lalandi","Fis-29523"
133,-35,0.47,"Seriola lalandi","Fis-29523"
133.5,-35,0.95,"Seriola lalandi","Fis-29523"
134,-35,0.93,"Seriola lalandi","Fis-29523"
134.5,-35,0.92,"Seriola lalandi","Fis-29523"
135,-35,0.91,"Seriola lalandi","Fis-29523"
135.5,-35,0.87,"Seriola lalandi","Fis-29523"
136,-35,0.82,"Seriola lalandi","Fis-29523"
136.5,-35,0.5,"Seriola lalandi","Fis-29523"
137,-35,0.14,"Seriola lalandi","Fis-29523"
137.5,-35,0.07,"Seriola lalandi","Fis-29523"
138,-35,0.47,"Seriola lalandi","Fis-29523"
138.5,-35,0.44,"Seriola lalandi","Fis-29523"
139,-35,0.17,"Seriola lalandi","Fis-29523"
151,-35,1,"Seriola lalandi","Fis-29523"
151.5,-35,0.99,"Seriola lalandi","Fis-29523"
169.5,-35,0.15,"Seriola lalandi","Fis-29523"
172,-35,0.44,"Seriola lalandi","Fis-29523"
172.5,-35,1,"Seriola lalandi","Fis-29523"
173,-35,1,"Seriola lalandi","Fis-29523"
173.5,-35,1,"Seriola lalandi","Fis-29523"
174,-35,1,"Seriola lalandi","Fis-29523"
174.5,-35,1,"Seriola lalandi","Fis-29523"
175,-35,0.99,"Seriola lalandi","Fis-29523"
175.5,-35,0.51,"Seriola lalandi","Fis-29523"
179.5,-35,0.22,"Seriola lalandi","Fis-29523"
-126,-35.5,0.13,"Seriola lalandi","Fis-29523"
-125.5,-35.5,0.09,"Seriola lalandi","Fis-29523"
-119,-35.5,0.07,"Seriola lalandi","Fis-29523"
-117,-35.5,0.27,"Seriola lalandi","Fis-29523"
-73,-35.5,0.3,"Seriola lalandi","Fis-29523"
-72.5,-35.5,0.28,"Seriola lalandi","Fis-29523"
-72,-35.5,0.27,"Seriola lalandi","Fis-29523"
-55.5,-35.5,0.06,"Seriola lalandi","Fis-29523"
-55,-35.5,0.14,"Seriola lalandi","Fis-29523"
-54.5,-35.5,0.22,"Seriola lalandi","Fis-29523"
-54,-35.5,0.23,"Seriola lalandi","Fis-29523"
-53.5,-35.5,0.44,"Seriola lalandi","Fis-29523"
-53,-35.5,0.63,"Seriola lalandi","Fis-29523"
-52.5,-35.5,0.92,"Seriola lalandi","Fis-29523"
-52,-35.5,1,"Seriola lalandi","Fis-29523"
18.5,-35.5,0.27,"Seriola lalandi","Fis-29523"
19,-35.5,1,"Seriola lalandi","Fis-29523"
19.5,-35.5,1,"Seriola lalandi","Fis-29523"
20,-35.5,1,"Seriola lalandi","Fis-29523"
20.5,-35.5,1,"Seriola lalandi","Fis-29523"
21,-35.5,1,"Seriola lalandi","Fis-29523"
21.5,-35.5,1,"Seriola lalandi","Fis-29523"
22,-35.5,1,"Seriola lalandi","Fis-29523"
22.5,-35.5,1,"Seriola lalandi","Fis-29523"
23,-35.5,1,"Seriola lalandi","Fis-29523"
23.5,-35.5,1,"Seriola lalandi","Fis-29523"
24,-35.5,0.58,"Seriola lalandi","Fis-29523"
44.5,-35.5,0.41,"Seriola lalandi","Fis-29523"
115,-35.5,0.02,"Seriola lalandi","Fis-29523"
115.5,-35.5,0.99,"Seriola lalandi","Fis-29523"
116,-35.5,0.99,"Seriola lalandi","Fis-29523"
116.5,-35.5,0.99,"Seriola lalandi","Fis-29523"
117,-35.5,0.99,"Seriola lalandi","Fis-29523"
117.5,-35.5,0.99,"Seriola lalandi","Fis-29523"
118,-35.5,0.99,"Seriola lalandi","Fis-29523"
118.5,-35.5,0.99,"Seriola lalandi","Fis-29523"
119,-35.5,1,"Seriola lalandi","Fis-29523"
119.5,-35.5,0.59,"Seriola lalandi","Fis-29523"
134,-35.5,0.23,"Seriola lalandi","Fis-29523"
134.5,-35.5,0.96,"Seriola lalandi","Fis-29523"
135,-35.5,0.95,"Seriola lalandi","Fis-29523"
135.5,-35.5,0.93,"Seriola lalandi","Fis-29523"
136,-35.5,0.91,"Seriola lalandi","Fis-29523"
136.5,-35.5,0.89,"Seriola lalandi","Fis-29523"
137,-35.5,0.71,"Seriola lalandi","Fis-29523"
137.5,-35.5,0.38,"Seriola lalandi","Fis-29523"
138,-35.5,0.3,"Seriola lalandi","Fis-29523"
138.5,-35.5,0.57,"Seriola lalandi","Fis-29523"
139,-35.5,0.26,"Seriola lalandi","Fis-29523"
150.5,-35.5,0.35,"Seriola lalandi","Fis-29523"
151,-35.5,0.99,"Seriola lalandi","Fis-29523"
151.5,-35.5,0.99,"Seriola lalandi","Fis-29523"
169.5,-35.5,0.11,"Seriola lalandi","Fis-29523"
170,-35.5,0.24,"Seriola lalandi","Fis-29523"
172.5,-35.5,1,"Seriola lalandi","Fis-29523"
173,-35.5,1,"Seriola lalandi","Fis-29523"
173.5,-35.5,1,"Seriola lalandi","Fis-29523"
174.5,-35.5,1,"Seriola lalandi","Fis-29523"
175,-35.5,1,"Seriola lalandi","Fis-29523"
175.5,-35.5,0.99,"Seriola lalandi","Fis-29523"
176,-35.5,0.83,"Seriola lalandi","Fis-29523"
176.5,-35.5,0.49,"Seriola lalandi","Fis-29523"
-117,-36,0.11,"Seriola lalandi","Fis-29523"
-116,-36,0.4,"Seriola lalandi","Fis-29523"
-115.5,-36,0.45,"Seriola lalandi","Fis-29523"
-115,-36,0.3,"Seriola lalandi","Fis-29523"
-114.5,-36,0.01,"Seriola lalandi","Fis-29523"
-73.5,-36,0.08,"Seriola lalandi","Fis-29523"
-73,-36,0.36,"Seriola lalandi","Fis-29523"
-72.5,-36,0.2,"Seriola lalandi","Fis-29523"
-56,-36,0.06,"Seriola lalandi","Fis-29523"
-55.5,-36,0.15,"Seriola lalandi","Fis-29523"
-55,-36,0.22,"Seriola lalandi","Fis-29523"
-54.5,-36,0.31,"Seriola lalandi","Fis-29523"
-54,-36,0.4,"Seriola lalandi","Fis-29523"
-53.5,-36,0.63,"Seriola lalandi","Fis-29523"
-53,-36,0.82,"Seriola lalandi","Fis-29523"
-52.5,-36,1,"Seriola lalandi","Fis-29523"
-52,-36,0.5,"Seriola lalandi","Fis-29523"
19,-36,0.29,"Seriola lalandi","Fis-29523"
19.5,-36,1,"Seriola lalandi","Fis-29523"
20,-36,1,"Seriola lalandi","Fis-29523"
20.5,-36,1,"Seriola lalandi","Fis-29523"
21,-36,1,"Seriola lalandi","Fis-29523"
21.5,-36,1,"Seriola lalandi","Fis-29523"
22,-36,1,"Seriola lalandi","Fis-29523"
22.5,-36,1,"Seriola lalandi","Fis-29523"
23,-36,1,"Seriola lalandi","Fis-29523"
53.5,-36,1,"Seriola lalandi","Fis-29523"
54,-36,0.17,"Seriola lalandi","Fis-29523"
135.5,-36,0.97,"Seriola lalandi","Fis-29523"
136,-36,0.95,"Seriola lalandi","Fis-29523"
136.5,-36,0.92,"Seriola lalandi","Fis-29523"
137,-36,0.88,"Seriola lalandi","Fis-29523"
137.5,-36,0.62,"Seriola lalandi","Fis-29523"
138,-36,0.87,"Seriola lalandi","Fis-29523"
138.5,-36,0.86,"Seriola lalandi","Fis-29523"
139,-36,0.85,"Seriola lalandi","Fis-29523"
139.5,-36,0.53,"Seriola lalandi","Fis-29523"
150.5,-36,0.99,"Seriola lalandi","Fis-29523"
151,-36,0.99,"Seriola lalandi","Fis-29523"
172.5,-36,0.04,"Seriola lalandi","Fis-29523"
173,-36,1,"Seriola lalandi","Fis-29523"
173.5,-36,1,"Seriola lalandi","Fis-29523"
174,-36,1,"Seriola lalandi","Fis-29523"
174.5,-36,0.13,"Seriola lalandi","Fis-29523"
175,-36,1,"Seriola lalandi","Fis-29523"
175.5,-36,1,"Seriola lalandi","Fis-29523"
176,-36,1,"Seriola lalandi","Fis-29523"
176.5,-36,0.99,"Seriola lalandi","Fis-29523"
177,-36,0.16,"Seriola lalandi","Fis-29523"
-125,-36.5,0.43,"Seriola lalandi","Fis-29523"
-115,-36.5,0.3,"Seriola lalandi","Fis-29523"
-114.5,-36.5,0.18,"Seriola lalandi","Fis-29523"
-114,-36.5,0.37,"Seriola lalandi","Fis-29523"
-113.5,-36.5,0.48,"Seriola lalandi","Fis-29523"
-73.5,-36.5,0.43,"Seriola lalandi","Fis-29523"
-73,-36.5,0.25,"Seriola lalandi","Fis-29523"
-72.5,-36.5,0.19,"Seriola lalandi","Fis-29523"
-56,-36.5,0.05,"Seriola lalandi","Fis-29523"
-55.5,-36.5,0.14,"Seriola lalandi","Fis-29523"
-55,-36.5,0.21,"Seriola lalandi","Fis-29523"
-54.5,-36.5,0.41,"Seriola lalandi","Fis-29523"
-54,-36.5,0.56,"Seriola lalandi","Fis-29523"
-53.5,-36.5,0.76,"Seriola lalandi","Fis-29523"
-53,-36.5,1,"Seriola lalandi","Fis-29523"
-52.5,-36.5,0.2,"Seriola lalandi","Fis-29523"
20,-36.5,1,"Seriola lalandi","Fis-29523"
20.5,-36.5,1,"Seriola lalandi","Fis-29523"
21,-36.5,1,"Seriola lalandi","Fis-29523"
21.5,-36.5,1,"Seriola lalandi","Fis-29523"
22,-36.5,1,"Seriola lalandi","Fis-29523"
22.5,-36.5,1,"Seriola lalandi","Fis-29523"
136,-36.5,0.96,"Seriola lalandi","Fis-29523"
136.5,-36.5,0.94,"Seriola lalandi","Fis-29523"
137,-36.5,0.91,"Seriola lalandi","Fis-29523"
137.5,-36.5,0.9,"Seriola lalandi","Fis-29523"
138,-36.5,0.79,"Seriola lalandi","Fis-29523"
138.5,-36.5,0.88,"Seriola lalandi","Fis-29523"
139,-36.5,0.66,"Seriola lalandi","Fis-29523"
139.5,-36.5,0.58,"Seriola lalandi","Fis-29523"
140,-36.5,0.82,"Seriola lalandi","Fis-29523"
150.5,-36.5,0.99,"Seriola lalandi","Fis-29523"
151,-36.5,0.71,"Seriola lalandi","Fis-29523"
173.5,-36.5,0.79,"Seriola lalandi","Fis-29523"
174,-36.5,1,"Seriola lalandi","Fis-29523"
174.5,-36.5,0.99,"Seriola lalandi","Fis-29523"
175,-36.5,0.75,"Seriola lalandi","Fis-29523"
175.5,-36.5,0.92,"Seriola lalandi","Fis-29523"
176,-36.5,1,"Seriola lalandi","Fis-29523"
176.5,-36.5,1,"Seriola lalandi","Fis-29523"
-113.5,-37,0.36,"Seriola lalandi","Fis-29523"
-113,-37,0.49,"Seriola lalandi","Fis-29523"
-112.5,-37,0.09,"Seriola lalandi","Fis-29523"
-73.5,-37,0.3,"Seriola lalandi","Fis-29523"
-73,-37,0.11,"Seriola lalandi","Fis-29523"
-72.5,-37,0.21,"Seriola lalandi","Fis-29523"
-56.5,-37,0.26,"Seriola lalandi","Fis-29523"
-56,-37,0.06,"Seriola lalandi","Fis-29523"
-55.5,-37,0.25,"Seriola lalandi","Fis-29523"
-55,-37,0.31,"Seriola lalandi","Fis-29523"
-54.5,-37,0.48,"Seriola lalandi","Fis-29523"
-54,-37,0.67,"Seriola lalandi","Fis-29523"
-53.5,-37,0.91,"Seriola lalandi","Fis-29523"
20.5,-37,1,"Seriola lalandi","Fis-29523"
21,-37,1,"Seriola lalandi","Fis-29523"
21.5,-37,1,"Seriola lalandi","Fis-29523"
22,-37,1,"Seriola lalandi","Fis-29523"
22.5,-37,0.44,"Seriola lalandi","Fis-29523"
52.5,-37,0.76,"Seriola lalandi","Fis-29523"
79,-37,0.21,"Seriola lalandi","Fis-29523"
136.5,-37,0.47,"Seriola lalandi","Fis-29523"
137,-37,0.92,"Seriola lalandi","Fis-29523"
137.5,-37,0.91,"Seriola lalandi","Fis-29523"
138,-37,0.9,"Seriola lalandi","Fis-29523"
138.5,-37,0.9,"Seriola lalandi","Fis-29523"
139,-37,0.87,"Seriola lalandi","Fis-29523"
139.5,-37,0.58,"Seriola lalandi","Fis-29523"
140,-37,0.78,"Seriola lalandi","Fis-29523"
150,-37,0.48,"Seriola lalandi","Fis-29523"
150.5,-37,0.99,"Seriola lalandi","Fis-29523"
156.5,-37,0.97,"Seriola lalandi","Fis-29523"
174,-37,1,"Seriola lalandi","Fis-29523"
174.5,-37,0.99,"Seriola lalandi","Fis-29523"
175,-37,0.22,"Seriola lalandi","Fis-29523"
175.5,-37,0.38,"Seriola lalandi","Fis-29523"
176,-37,1,"Seriola lalandi","Fis-29523"
176.5,-37,1,"Seriola lalandi","Fis-29523"
-114.5,-37.5,0.45,"Seriola lalandi","Fis-29523"
-114,-37.5,0.13,"Seriola lalandi","Fis-29523"
-73.5,-37.5,0.29,"Seriola lalandi","Fis-29523"
-73,-37.5,0.18,"Seriola lalandi","Fis-29523"
-57,-37.5,0.06,"Seriola lalandi","Fis-29523"
-56.5,-37.5,0.22,"Seriola lalandi","Fis-29523"
-56,-37.5,0.33,"Seriola lalandi","Fis-29523"
-55.5,-37.5,0.42,"Seriola lalandi","Fis-29523"
-55,-37.5,0.46,"Seriola lalandi","Fis-29523"
-54.5,-37.5,0.63,"Seriola lalandi","Fis-29523"
-54,-37.5,0.78,"Seriola lalandi","Fis-29523"
-12.5,-37.5,0.84,"Seriola lalandi","Fis-29523"
-12,-37.5,0.83,"Seriola lalandi","Fis-29523"
-2.5,-37.5,0.4,"Seriola lalandi","Fis-29523"
-2,-37.5,0.12,"Seriola lalandi","Fis-29523"
138,-37.5,0.89,"Seriola lalandi","Fis-29523"
138.5,-37.5,0.89,"Seriola lalandi","Fis-29523"
139,-37.5,0.9,"Seriola lalandi","Fis-29523"
139.5,-37.5,0.87,"Seriola lalandi","Fis-29523"
140,-37.5,0.8,"Seriola lalandi","Fis-29523"
140.5,-37.5,0.34,"Seriola lalandi","Fis-29523"
150,-37.5,0.53,"Seriola lalandi","Fis-29523"
150.5,-37.5,0.99,"Seriola lalandi","Fis-29523"
168.5,-37.5,0.04,"Seriola lalandi","Fis-29523"
174,-37.5,1,"Seriola lalandi","Fis-29523"
174.5,-37.5,0.99,"Seriola lalandi","Fis-29523"
175,-37.5,0.65,"Seriola lalandi","Fis-29523"
175.5,-37.5,0.85,"Seriola lalandi","Fis-29523"
176,-37.5,0.86,"Seriola lalandi","Fis-29523"
176.5,-37.5,1,"Seriola lalandi","Fis-29523"
177,-37.5,1,"Seriola lalandi","Fis-29523"
177.5,-37.5,1,"Seriola lalandi","Fis-29523"
178,-37.5,1,"Seriola lalandi","Fis-29523"
178.5,-37.5,1,"Seriola lalandi","Fis-29523"
179,-37.5,1,"Seriola lalandi","Fis-29523"
179.5,-37.5,1,"Seriola lalandi","Fis-29523"
-168,-38,0.22,"Seriola lalandi","Fis-29523"
-112.5,-38,0.28,"Seriola lalandi","Fis-29523"
-74,-38,0.26,"Seriola lalandi","Fis-29523"
-73.5,-38,0.32,"Seriola lalandi","Fis-29523"
-73,-38,0.21,"Seriola lalandi","Fis-29523"
-57.5,-38,0.32,"Seriola lalandi","Fis-29523"
-57,-38,0.46,"Seriola lalandi","Fis-29523"
-56.5,-38,0.41,"Seriola lalandi","Fis-29523"
-56,-38,0.44,"Seriola lalandi","Fis-29523"
-55.5,-38,0.49,"Seriola lalandi","Fis-29523"
-55,-38,0.54,"Seriola lalandi","Fis-29523"
-54.5,-38,0.64,"Seriola lalandi","Fis-29523"
-54,-38,0.09,"Seriola lalandi","Fis-29523"
78,-38,0.76,"Seriola lalandi","Fis-29523"
139.5,-38,0.87,"Seriola lalandi","Fis-29523"
140,-38,0.86,"Seriola lalandi","Fis-29523"
140.5,-38,0.82,"Seriola lalandi","Fis-29523"
141,-38,0.18,"Seriola lalandi","Fis-29523"
145,-38,0.82,"Seriola lalandi","Fis-29523"
145.5,-38,0.37,"Seriola lalandi","Fis-29523"
148,-38,0.85,"Seriola lalandi","Fis-29523"
148.5,-38,0.78,"Seriola lalandi","Fis-29523"
149,-38,0.88,"Seriola lalandi","Fis-29523"
149.5,-38,0.94,"Seriola lalandi","Fis-29523"
150,-38,1,"Seriola lalandi","Fis-29523"
150.5,-38,0.99,"Seriola lalandi","Fis-29523"
167.5,-38,0.05,"Seriola lalandi","Fis-29523"
168,-38,0.24,"Seriola lalandi","Fis-29523"
168.5,-38,0.3,"Seriola lalandi","Fis-29523"
169,-38,0.47,"Seriola lalandi","Fis-29523"
169.5,-38,0.41,"Seriola lalandi","Fis-29523"
170,-38,0.32,"Seriola lalandi","Fis-29523"
174,-38,0.83,"Seriola lalandi","Fis-29523"
174.5,-38,0.98,"Seriola lalandi","Fis-29523"
175,-38,0.95,"Seriola lalandi","Fis-29523"
176.5,-38,0.53,"Seriola lalandi","Fis-29523"
177,-38,0.97,"Seriola lalandi","Fis-29523"
177.5,-38,1,"Seriola lalandi","Fis-29523"
178,-38,1,"Seriola lalandi","Fis-29523"
178.5,-38,1,"Seriola lalandi","Fis-29523"
179,-38,0.98,"Seriola lalandi","Fis-29523"
179.5,-38,1,"Seriola lalandi","Fis-29523"
-168,-38.5,0.5,"Seriola lalandi","Fis-29523"
-167.5,-38.5,0.67,"Seriola lalandi","Fis-29523"
-74,-38.5,0.47,"Seriola lalandi","Fis-29523"
-73.5,-38.5,0.29,"Seriola lalandi","Fis-29523"
-73,-38.5,0.23,"Seriola lalandi","Fis-29523"
-58,-38.5,0.53,"Seriola lalandi","Fis-29523"
-57.5,-38.5,0.62,"Seriola lalandi","Fis-29523"
-57,-38.5,0.57,"Seriola lalandi","Fis-29523"
-56.5,-38.5,0.56,"Seriola lalandi","Fis-29523"
-56,-38.5,0.51,"Seriola lalandi","Fis-29523"
-55.5,-38.5,0.51,"Seriola lalandi","Fis-29523"
-55,-38.5,0.49,"Seriola lalandi","Fis-29523"
-54.5,-38.5,0.44,"Seriola lalandi","Fis-29523"
47,-38.5,1,"Seriola lalandi","Fis-29523"
78,-38.5,0.72,"Seriola lalandi","Fis-29523"
78.5,-38.5,0.72,"Seriola lalandi","Fis-29523"
140.5,-38.5,0.86,"Seriola lalandi","Fis-29523"
141,-38.5,0.84,"Seriola lalandi","Fis-29523"
141.5,-38.5,0.83,"Seriola lalandi","Fis-29523"
142,-38.5,0.82,"Seriola lalandi","Fis-29523"
142.5,-38.5,0.4,"Seriola lalandi","Fis-29523"
143,-38.5,0.38,"Seriola lalandi","Fis-29523"
144.5,-38.5,0.71,"Seriola lalandi","Fis-29523"
145,-38.5,0.8,"Seriola lalandi","Fis-29523"
145.5,-38.5,0.79,"Seriola lalandi","Fis-29523"
146,-38.5,0.22,"Seriola lalandi","Fis-29523"
147.5,-38.5,0.39,"Seriola lalandi","Fis-29523"
148,-38.5,0.8,"Seriola lalandi","Fis-29523"
148.5,-38.5,0.86,"Seriola lalandi","Fis-29523"
149,-38.5,0.94,"Seriola lalandi","Fis-29523"
149.5,-38.5,0.99,"Seriola lalandi","Fis-29523"
150,-38.5,0.99,"Seriola lalandi","Fis-29523"
150.5,-38.5,0.99,"Seriola lalandi","Fis-29523"
168,-38.5,0.23,"Seriola lalandi","Fis-29523"
168.5,-38.5,0.45,"Seriola lalandi","Fis-29523"
169,-38.5,0.51,"Seriola lalandi","Fis-29523"
169.5,-38.5,0.45,"Seriola lalandi","Fis-29523"
170,-38.5,0.39,"Seriola lalandi","Fis-29523"
170.5,-38.5,0.32,"Seriola lalandi","Fis-29523"
171,-38.5,0.09,"Seriola lalandi","Fis-29523"
173,-38.5,0.98,"Seriola lalandi","Fis-29523"
173.5,-38.5,0.99,"Seriola lalandi","Fis-29523"
174,-38.5,0.99,"Seriola lalandi","Fis-29523"
174.5,-38.5,0.96,"Seriola lalandi","Fis-29523"
175,-38.5,0.86,"Seriola lalandi","Fis-29523"
178.5,-38.5,0.93,"Seriola lalandi","Fis-29523"
179,-38.5,0.97,"Seriola lalandi","Fis-29523"
179.5,-38.5,0.82,"Seriola lalandi","Fis-29523"
-167.5,-39,0.25,"Seriola lalandi","Fis-29523"
-74,-39,0.49,"Seriola lalandi","Fis-29523"
-73.5,-39,0.24,"Seriola lalandi","Fis-29523"
-73,-39,0.24,"Seriola lalandi","Fis-29523"
-62,-39,0.37,"Seriola lalandi","Fis-29523"
-61.5,-39,0.24,"Seriola lalandi","Fis-29523"
-61,-39,0.16,"Seriola lalandi","Fis-29523"
-60.5,-39,0.25,"Seriola lalandi","Fis-29523"
-60,-39,0.39,"Seriola lalandi","Fis-29523"
-59.5,-39,0.5,"Seriola lalandi","Fis-29523"
-59,-39,0.58,"Seriola lalandi","Fis-29523"
-58.5,-39,0.5,"Seriola lalandi","Fis-29523"
-58,-39,0.4,"Seriola lalandi","Fis-29523"
-57.5,-39,0.56,"Seriola lalandi","Fis-29523"
-57,-39,0.62,"Seriola lalandi","Fis-29523"
-56.5,-39,0.59,"Seriola lalandi","Fis-29523"
-56,-39,0.51,"Seriola lalandi","Fis-29523"
-55.5,-39,0.41,"Seriola lalandi","Fis-29523"
-55,-39,0.4,"Seriola lalandi","Fis-29523"
-54.5,-39,0.28,"Seriola lalandi","Fis-29523"
-10,-39,0.05,"Seriola lalandi","Fis-29523"
-5.5,-39,0.28,"Seriola lalandi","Fis-29523"
77.5,-39,0.7,"Seriola lalandi","Fis-29523"
78,-39,0.69,"Seriola lalandi","Fis-29523"
141,-39,0.25,"Seriola lalandi","Fis-29523"
141.5,-39,0.85,"Seriola lalandi","Fis-29523"
142,-39,0.86,"Seriola lalandi","Fis-29523"
142.5,-39,0.84,"Seriola lalandi","Fis-29523"
143,-39,0.82,"Seriola lalandi","Fis-29523"
143.5,-39,0.82,"Seriola lalandi","Fis-29523"
144,-39,0.81,"Seriola lalandi","Fis-29523"
144.5,-39,0.82,"Seriola lalandi","Fis-29523"
145,-39,0.74,"Seriola lalandi","Fis-29523"
145.5,-39,0.8,"Seriola lalandi","Fis-29523"
146,-39,0.61,"Seriola lalandi","Fis-29523"
146.5,-39,0.76,"Seriola lalandi","Fis-29523"
147,-39,0.6,"Seriola lalandi","Fis-29523"
147.5,-39,0.78,"Seriola lalandi","Fis-29523"
148,-39,0.81,"Seriola lalandi","Fis-29523"
148.5,-39,0.91,"Seriola lalandi","Fis-29523"
149,-39,0.99,"Seriola lalandi","Fis-29523"
167.5,-39,0.1,"Seriola lalandi","Fis-29523"
168,-39,0.41,"Seriola lalandi","Fis-29523"
168.5,-39,0.52,"Seriola lalandi","Fis-29523"
169,-39,0.52,"Seriola lalandi","Fis-29523"
169.5,-39,0.39,"Seriola lalandi","Fis-29523"
170,-39,0.43,"Seriola lalandi","Fis-29523"
170.5,-39,0.35,"Seriola lalandi","Fis-29523"
171,-39,0.31,"Seriola lalandi","Fis-29523"
171.5,-39,0.13,"Seriola lalandi","Fis-29523"
172.5,-39,0.88,"Seriola lalandi","Fis-29523"
173,-39,0.92,"Seriola lalandi","Fis-29523"
173.5,-39,0.93,"Seriola lalandi","Fis-29523"
174,-39,0.94,"Seriola lalandi","Fis-29523"
174.5,-39,0.89,"Seriola lalandi","Fis-29523"
175,-39,0.47,"Seriola lalandi","Fis-29523"
178,-39,0.9,"Seriola lalandi","Fis-29523"
178.5,-39,0.91,"Seriola lalandi","Fis-29523"
179,-39,0.97,"Seriola lalandi","Fis-29523"
-167,-39.5,0.21,"Seriola lalandi","Fis-29523"
-74,-39.5,0.51,"Seriola lalandi","Fis-29523"
-73.5,-39.5,0.3,"Seriola lalandi","Fis-29523"
-73,-39.5,0.25,"Seriola lalandi","Fis-29523"
-62,-39.5,0.2,"Seriola lalandi","Fis-29523"
-61.5,-39.5,0.17,"Seriola lalandi","Fis-29523"
-61,-39.5,0.15,"Seriola lalandi","Fis-29523"
-60.5,-39.5,0.15,"Seriola lalandi","Fis-29523"
-60,-39.5,0.38,"Seriola lalandi","Fis-29523"
-59.5,-39.5,0.42,"Seriola lalandi","Fis-29523"
-59,-39.5,0.51,"Seriola lalandi","Fis-29523"
-58.5,-39.5,0.54,"Seriola lalandi","Fis-29523"
-58,-39.5,0.51,"Seriola lalandi","Fis-29523"
-57.5,-39.5,0.53,"Seriola lalandi","Fis-29523"
-57,-39.5,0.55,"Seriola lalandi","Fis-29523"
-56.5,-39.5,0.5,"Seriola lalandi","Fis-29523"
-56,-39.5,0.42,"Seriola lalandi","Fis-29523"
-55.5,-39.5,0.31,"Seriola lalandi","Fis-29523"
-55,-39.5,0.3,"Seriola lalandi","Fis-29523"
-54.5,-39.5,0.05,"Seriola lalandi","Fis-29523"
-8,-39.5,0.56,"Seriola lalandi","Fis-29523"
-7.5,-39.5,0.55,"Seriola lalandi","Fis-29523"
-6.5,-39.5,0.55,"Seriola lalandi","Fis-29523"
-6,-39.5,0.53,"Seriola lalandi","Fis-29523"
-5.5,-39.5,0.08,"Seriola lalandi","Fis-29523"
142.5,-39.5,0.58,"Seriola lalandi","Fis-29523"
143,-39.5,0.84,"Seriola lalandi","Fis-29523"
143.5,-39.5,0.84,"Seriola lalandi","Fis-29523"
144,-39.5,0.82,"Seriola lalandi","Fis-29523"
144.5,-39.5,0.81,"Seriola lalandi","Fis-29523"
145,-39.5,0.63,"Seriola lalandi","Fis-29523"
145.5,-39.5,0.63,"Seriola lalandi","Fis-29523"
146,-39.5,0.69,"Seriola lalandi","Fis-29523"
146.5,-39.5,0.77,"Seriola lalandi","Fis-29523"
147,-39.5,0.59,"Seriola lalandi","Fis-29523"
147.5,-39.5,0.64,"Seriola lalandi","Fis-29523"
148,-39.5,0.59,"Seriola lalandi","Fis-29523"
148.5,-39.5,0.75,"Seriola lalandi","Fis-29523"
149,-39.5,0.96,"Seriola lalandi","Fis-29523"
168,-39.5,0.28,"Seriola lalandi","Fis-29523"
168.5,-39.5,0.37,"Seriola lalandi","Fis-29523"
169,-39.5,0.5,"Seriola lalandi","Fis-29523"
169.5,-39.5,0.39,"Seriola lalandi","Fis-29523"
170,-39.5,0.37,"Seriola lalandi","Fis-29523"
170.5,-39.5,0.28,"Seriola lalandi","Fis-29523"
171,-39.5,0.23,"Seriola lalandi","Fis-29523"
171.5,-39.5,0.15,"Seriola lalandi","Fis-29523"
172,-39.5,0.9,"Seriola lalandi","Fis-29523"
172.5,-39.5,0.88,"Seriola lalandi","Fis-29523"
173,-39.5,0.86,"Seriola lalandi","Fis-29523"
173.5,-39.5,0.87,"Seriola lalandi","Fis-29523"
174,-39.5,0.89,"Seriola lalandi","Fis-29523"
174.5,-39.5,0.47,"Seriola lalandi","Fis-29523"
177,-39.5,0.32,"Seriola lalandi","Fis-29523"
177.5,-39.5,0.8,"Seriola lalandi","Fis-29523"
178,-39.5,0.86,"Seriola lalandi","Fis-29523"
178.5,-39.5,0.92,"Seriola lalandi","Fis-29523"
-74,-40,0.44,"Seriola lalandi","Fis-29523"
-73.5,-40,0.25,"Seriola lalandi","Fis-29523"
-73,-40,0.25,"Seriola lalandi","Fis-29523"
-62,-40,0.26,"Seriola lalandi","Fis-29523"
-61.5,-40,0.09,"Seriola lalandi","Fis-29523"
-61,-40,0.05,"Seriola lalandi","Fis-29523"
-60.5,-40,0.16,"Seriola lalandi","Fis-29523"
-60,-40,0.41,"Seriola lalandi","Fis-29523"
-59.5,-40,0.43,"Seriola lalandi","Fis-29523"
-59,-40,0.48,"Seriola lalandi","Fis-29523"
-58.5,-40,0.53,"Seriola lalandi","Fis-29523"
-58,-40,0.49,"Seriola lalandi","Fis-29523"
-57.5,-40,0.48,"Seriola lalandi","Fis-29523"
-57,-40,0.45,"Seriola lalandi","Fis-29523"
-56.5,-40,0.41,"Seriola lalandi","Fis-29523"
-56,-40,0.3,"Seriola lalandi","Fis-29523"
-55.5,-40,0.2,"Seriola lalandi","Fis-29523"
-6.5,-40,0.5,"Seriola lalandi","Fis-29523"
-6,-40,0.48,"Seriola lalandi","Fis-29523"
-5.5,-40,0.47,"Seriola lalandi","Fis-29523"
143,-40,0.44,"Seriola lalandi","Fis-29523"
143.5,-40,0.82,"Seriola lalandi","Fis-29523"
144,-40,0.79,"Seriola lalandi","Fis-29523"
144.5,-40,0.64,"Seriola lalandi","Fis-29523"
145,-40,0.57,"Seriola lalandi","Fis-29523"
145.5,-40,0.64,"Seriola lalandi","Fis-29523"
146,-40,0.58,"Seriola lalandi","Fis-29523"
146.5,-40,0.51,"Seriola lalandi","Fis-29523"
147,-40,0.52,"Seriola lalandi","Fis-29523"
147.5,-40,0.66,"Seriola lalandi","Fis-29523"
148,-40,0.76,"Seriola lalandi","Fis-29523"
148.5,-40,0.64,"Seriola lalandi","Fis-29523"
149,-40,0.92,"Seriola lalandi","Fis-29523"
168,-40,0.06,"Seriola lalandi","Fis-29523"
168.5,-40,0.24,"Seriola lalandi","Fis-29523"
169,-40,0.33,"Seriola lalandi","Fis-29523"
169.5,-40,0.37,"Seriola lalandi","Fis-29523"
170,-40,0.23,"Seriola lalandi","Fis-29523"
170.5,-40,0.17,"Seriola lalandi","Fis-29523"
171,-40,0.14,"Seriola lalandi","Fis-29523"
171.5,-40,0.38,"Seriola lalandi","Fis-29523"
172,-40,0.87,"Seriola lalandi","Fis-29523"
172.5,-40,0.85,"Seriola lalandi","Fis-29523"
173,-40,0.83,"Seriola lalandi","Fis-29523"
173.5,-40,0.82,"Seriola lalandi","Fis-29523"
174,-40,0.82,"Seriola lalandi","Fis-29523"
174.5,-40,0.67,"Seriola lalandi","Fis-29523"
175,-40,0.43,"Seriola lalandi","Fis-29523"
175.5,-40,0.19,"Seriola lalandi","Fis-29523"
177,-40,0.51,"Seriola lalandi","Fis-29523"
177.5,-40,0.84,"Seriola lalandi","Fis-29523"
178,-40,0.89,"Seriola lalandi","Fis-29523"
178.5,-40,0.91,"Seriola lalandi","Fis-29523"
-74,-40.5,0.37,"Seriola lalandi","Fis-29523"
-73.5,-40.5,0.2,"Seriola lalandi","Fis-29523"
-62,-40.5,0.22,"Seriola lalandi","Fis-29523"
-61.5,-40.5,0.05,"Seriola lalandi","Fis-29523"
-61,-40.5,0.06,"Seriola lalandi","Fis-29523"
-60.5,-40.5,0.17,"Seriola lalandi","Fis-29523"
-60,-40.5,0.44,"Seriola lalandi","Fis-29523"
-59.5,-40.5,0.49,"Seriola lalandi","Fis-29523"
-59,-40.5,0.51,"Seriola lalandi","Fis-29523"
-58.5,-40.5,0.47,"Seriola lalandi","Fis-29523"
-58,-40.5,0.37,"Seriola lalandi","Fis-29523"
-57.5,-40.5,0.38,"Seriola lalandi","Fis-29523"
-57,-40.5,0.34,"Seriola lalandi","Fis-29523"
-56.5,-40.5,0.25,"Seriola lalandi","Fis-29523"
-56,-40.5,0.16,"Seriola lalandi","Fis-29523"
-55.5,-40.5,0.05,"Seriola lalandi","Fis-29523"
-13,-40.5,0.02,"Seriola lalandi","Fis-29523"
-9.5,-40.5,0.48,"Seriola lalandi","Fis-29523"
-8.5,-40.5,0.47,"Seriola lalandi","Fis-29523"
143.5,-40.5,0.78,"Seriola lalandi","Fis-29523"
144,-40.5,0.78,"Seriola lalandi","Fis-29523"
144.5,-40.5,0.63,"Seriola lalandi","Fis-29523"
145,-40.5,0.55,"Seriola lalandi","Fis-29523"
145.5,-40.5,0.54,"Seriola lalandi","Fis-29523"
146,-40.5,0.69,"Seriola lalandi","Fis-29523"
146.5,-40.5,0.57,"Seriola lalandi","Fis-29523"
147,-40.5,0.61,"Seriola lalandi","Fis-29523"
147.5,-40.5,0.75,"Seriola lalandi","Fis-29523"
148,-40.5,0.75,"Seriola lalandi","Fis-29523"
148.5,-40.5,0.45,"Seriola lalandi","Fis-29523"
149,-40.5,0.88,"Seriola lalandi","Fis-29523"
169,-40.5,0.03,"Seriola lalandi","Fis-29523"
169.5,-40.5,0.06,"Seriola lalandi","Fis-29523"
170,-40.5,0.04,"Seriola lalandi","Fis-29523"
170.5,-40.5,0.13,"Seriola lalandi","Fis-29523"
171,-40.5,0.37,"Seriola lalandi","Fis-29523"
171.5,-40.5,0.77,"Seriola lalandi","Fis-29523"
172,-40.5,0.85,"Seriola lalandi","Fis-29523"
172.5,-40.5,0.82,"Seriola lalandi","Fis-29523"
173,-40.5,0.77,"Seriola lalandi","Fis-29523"
173.5,-40.5,0.75,"Seriola lalandi","Fis-29523"
174,-40.5,0.76,"Seriola lalandi","Fis-29523"
174.5,-40.5,0.76,"Seriola lalandi","Fis-29523"
175,-40.5,0.76,"Seriola lalandi","Fis-29523"
175.5,-40.5,0.73,"Seriola lalandi","Fis-29523"
177,-40.5,0.78,"Seriola lalandi","Fis-29523"
177.5,-40.5,0.85,"Seriola lalandi","Fis-29523"
178.5,-40.5,0.21,"Seriola lalandi","Fis-29523"
-74.5,-41,0.14,"Seriola lalandi","Fis-29523"
-74,-41,0.36,"Seriola lalandi","Fis-29523"
-73.5,-41,0.25,"Seriola lalandi","Fis-29523"
-65,-41,0.67,"Seriola lalandi","Fis-29523"
-64.5,-41,0.33,"Seriola lalandi","Fis-29523"
-64,-41,0.14,"Seriola lalandi","Fis-29523"
-62.5,-41,0.19,"Seriola lalandi","Fis-29523"
-62,-41,0.15,"Seriola lalandi","Fis-29523"
-61.5,-41,0.06,"Seriola lalandi","Fis-29523"
-61,-41,0.09,"Seriola lalandi","Fis-29523"
-60.5,-41,0.27,"Seriola lalandi","Fis-29523"
-60,-41,0.44,"Seriola lalandi","Fis-29523"
-59.5,-41,0.52,"Seriola lalandi","Fis-29523"
-59,-41,0.48,"Seriola lalandi","Fis-29523"
-58.5,-41,0.41,"Seriola lalandi","Fis-29523"
-58,-41,0.35,"Seriola lalandi","Fis-29523"
-57.5,-41,0.26,"Seriola lalandi","Fis-29523"
-57,-41,0.22,"Seriola lalandi","Fis-29523"
-56.5,-41,0.13,"Seriola lalandi","Fis-29523"
-56,-41,0.08,"Seriola lalandi","Fis-29523"
143.5,-41,0.57,"Seriola lalandi","Fis-29523"
144,-41,0.76,"Seriola lalandi","Fis-29523"
144.5,-41,0.74,"Seriola lalandi","Fis-29523"
145,-41,0.35,"Seriola lalandi","Fis-29523"
145.5,-41,0.28,"Seriola lalandi","Fis-29523"
146,-41,0.71,"Seriola lalandi","Fis-29523"
146.5,-41,0.74,"Seriola lalandi","Fis-29523"
147,-41,0.75,"Seriola lalandi","Fis-29523"
147.5,-41,0.75,"Seriola lalandi","Fis-29523"
148,-41,0.75,"Seriola lalandi","Fis-29523"
148.5,-41,0.72,"Seriola lalandi","Fis-29523"
149,-41,0.85,"Seriola lalandi","Fis-29523"
170,-41,0.02,"Seriola lalandi","Fis-29523"
170.5,-41,0.27,"Seriola lalandi","Fis-29523"
171,-41,0.76,"Seriola lalandi","Fis-29523"
171.5,-41,0.84,"Seriola lalandi","Fis-29523"
172,-41,0.81,"Seriola lalandi","Fis-29523"
172.5,-41,0.63,"Seriola lalandi","Fis-29523"
173,-41,0.64,"Seriola lalandi","Fis-29523"
173.5,-41,0.68,"Seriola lalandi","Fis-29523"
174,-41,0.72,"Seriola lalandi","Fis-29523"
174.5,-41,0.71,"Seriola lalandi","Fis-29523"
175,-41,0.74,"Seriola lalandi","Fis-29523"
175.5,-41,0.65,"Seriola lalandi","Fis-29523"
176.5,-41,0.71,"Seriola lalandi","Fis-29523"
177,-41,0.77,"Seriola lalandi","Fis-29523"
177.5,-41,0.84,"Seriola lalandi","Fis-29523"
-74.5,-41.5,0.25,"Seriola lalandi","Fis-29523"
-74,-41.5,0.36,"Seriola lalandi","Fis-29523"
-73.5,-41.5,0.27,"Seriola lalandi","Fis-29523"
-72.5,-41.5,0.22,"Seriola lalandi","Fis-29523"
-65,-41.5,0.48,"Seriola lalandi","Fis-29523"
-63.5,-41.5,0.02,"Seriola lalandi","Fis-29523"
-63,-41.5,0.02,"Seriola lalandi","Fis-29523"
-62.5,-41.5,0.03,"Seriola lalandi","Fis-29523"
-62,-41.5,0.04,"Seriola lalandi","Fis-29523"
-61.5,-41.5,0.09,"Seriola lalandi","Fis-29523"
-61,-41.5,0.19,"Seriola lalandi","Fis-29523"
-60.5,-41.5,0.38,"Seriola lalandi","Fis-29523"
-60,-41.5,0.39,"Seriola lalandi","Fis-29523"
-59.5,-41.5,0.41,"Seriola lalandi","Fis-29523"
-59,-41.5,0.37,"Seriola lalandi","Fis-29523"
-58.5,-41.5,0.38,"Seriola lalandi","Fis-29523"
-58,-41.5,0.31,"Seriola lalandi","Fis-29523"
-57.5,-41.5,0.21,"Seriola lalandi","Fis-29523"
-57,-41.5,0.12,"Seriola lalandi","Fis-29523"
-56.5,-41.5,0.08,"Seriola lalandi","Fis-29523"
43,-41.5,0.47,"Seriola lalandi","Fis-29523"
144,-41.5,0.69,"Seriola lalandi","Fis-29523"
144.5,-41.5,0.73,"Seriola lalandi","Fis-29523"
145,-41.5,0.72,"Seriola lalandi","Fis-29523"
146,-41.5,0.73,"Seriola lalandi","Fis-29523"
146.5,-41.5,0.4,"Seriola lalandi","Fis-29523"
147,-41.5,0.32,"Seriola lalandi","Fis-29523"
148.5,-41.5,0.77,"Seriola lalandi","Fis-29523"
149,-41.5,0.85,"Seriola lalandi","Fis-29523"
170.5,-41.5,0.38,"Seriola lalandi","Fis-29523"
171,-41.5,0.83,"Seriola lalandi","Fis-29523"
171.5,-41.5,0.81,"Seriola lalandi","Fis-29523"
172,-41.5,0.69,"Seriola lalandi","Fis-29523"
172.5,-41.5,0.62,"Seriola lalandi","Fis-29523"
173.5,-41.5,0.62,"Seriola lalandi","Fis-29523"
174,-41.5,0.31,"Seriola lalandi","Fis-29523"
174.5,-41.5,0.56,"Seriola lalandi","Fis-29523"
175,-41.5,0.64,"Seriola lalandi","Fis-29523"
175.5,-41.5,0.67,"Seriola lalandi","Fis-29523"
176,-41.5,0.68,"Seriola lalandi","Fis-29523"
176.5,-41.5,0.71,"Seriola lalandi","Fis-29523"
177,-41.5,0.54,"Seriola lalandi","Fis-29523"
-74.5,-42,0.44,"Seriola lalandi","Fis-29523"
-74,-42,0.31,"Seriola lalandi","Fis-29523"
-73.5,-42,0.23,"Seriola lalandi","Fis-29523"
-73,-42,0.21,"Seriola lalandi","Fis-29523"
-72.5,-42,0.18,"Seriola lalandi","Fis-29523"
-65,-42,0.07,"Seriola lalandi","Fis-29523"
-64,-42,0.01,"Seriola lalandi","Fis-29523"
-63.5,-42,0.05,"Seriola lalandi","Fis-29523"
-63,-42,0.05,"Seriola lalandi","Fis-29523"
-62.5,-42,0.07,"Seriola lalandi","Fis-29523"
-62,-42,0.1,"Seriola lalandi","Fis-29523"
-61.5,-42,0.17,"Seriola lalandi","Fis-29523"
-61,-42,0.29,"Seriola lalandi","Fis-29523"
-60.5,-42,0.5,"Seriola lalandi","Fis-29523"
-60,-42,0.51,"Seriola lalandi","Fis-29523"
-59.5,-42,0.45,"Seriola lalandi","Fis-29523"
-59,-42,0.39,"Seriola lalandi","Fis-29523"
-58.5,-42,0.32,"Seriola lalandi","Fis-29523"
-58,-42,0.21,"Seriola lalandi","Fis-29523"
-57.5,-42,0.11,"Seriola lalandi","Fis-29523"
-57,-42,0.07,"Seriola lalandi","Fis-29523"
0,-42,0.29,"Seriola lalandi","Fis-29523"
0.5,-42,0.28,"Seriola lalandi","Fis-29523"
1,-42,0.05,"Seriola lalandi","Fis-29523"
1.5,-42,0.23,"Seriola lalandi","Fis-29523"
2,-42,0.19,"Seriola lalandi","Fis-29523"
144.5,-42,0.7,"Seriola lalandi","Fis-29523"
145,-42,0.71,"Seriola lalandi","Fis-29523"
145.5,-42,0.7,"Seriola lalandi","Fis-29523"
148.5,-42,0.75,"Seriola lalandi","Fis-29523"
149,-42,0.83,"Seriola lalandi","Fis-29523"
170.5,-42,0.52,"Seriola lalandi","Fis-29523"
171,-42,0.81,"Seriola lalandi","Fis-29523"
171.5,-42,0.64,"Seriola lalandi","Fis-29523"
172,-42,0.57,"Seriola lalandi","Fis-29523"
174.5,-42,0.42,"Seriola lalandi","Fis-29523"
175,-42,0.52,"Seriola lalandi","Fis-29523"
175.5,-42,0.58,"Seriola lalandi","Fis-29523"
176,-42,0.66,"Seriola lalandi","Fis-29523"
-162.5,-42.5,0.09,"Seriola lalandi","Fis-29523"
-74.5,-42.5,0.41,"Seriola lalandi","Fis-29523"
-74,-42.5,0.33,"Seriola lalandi","Fis-29523"
-73.5,-42.5,0.06,"Seriola lalandi","Fis-29523"
-73,-42.5,0.25,"Seriola lalandi","Fis-29523"
-72.5,-42.5,0.24,"Seriola lalandi","Fis-29523"
-72,-42.5,0.24,"Seriola lalandi","Fis-29523"
-65,-42.5,0.09,"Seriola lalandi","Fis-29523"
-64.5,-42.5,0.01,"Seriola lalandi","Fis-29523"
-64,-42.5,0.04,"Seriola lalandi","Fis-29523"
-63.5,-42.5,0.07,"Seriola lalandi","Fis-29523"
-63,-42.5,0.15,"Seriola lalandi","Fis-29523"
-62.5,-42.5,0.21,"Seriola lalandi","Fis-29523"
-62,-42.5,0.3,"Seriola lalandi","Fis-29523"
-61.5,-42.5,0.37,"Seriola lalandi","Fis-29523"
-61,-42.5,0.47,"Seriola lalandi","Fis-29523"
-60.5,-42.5,0.5,"Seriola lalandi","Fis-29523"
-60,-42.5,0.44,"Seriola lalandi","Fis-29523"
-59.5,-42.5,0.37,"Seriola lalandi","Fis-29523"
-59,-42.5,0.28,"Seriola lalandi","Fis-29523"
-58.5,-42.5,0.18,"Seriola lalandi","Fis-29523"
-58,-42.5,0.09,"Seriola lalandi","Fis-29523"
-57.5,-42.5,0.05,"Seriola lalandi","Fis-29523"
-1.5,-42.5,0.2,"Seriola lalandi","Fis-29523"
-1,-42.5,0.16,"Seriola lalandi","Fis-29523"
-0.5,-42.5,0.17,"Seriola lalandi","Fis-29523"
0,-42.5,0.26,"Seriola lalandi","Fis-29523"
0.5,-42.5,0.25,"Seriola lalandi","Fis-29523"
1,-42.5,0.04,"Seriola lalandi","Fis-29523"
1.5,-42.5,0.1,"Seriola lalandi","Fis-29523"
2,-42.5,0.05,"Seriola lalandi","Fis-29523"
2.5,-42.5,0.09,"Seriola lalandi","Fis-29523"
43,-42.5,0.2,"Seriola lalandi","Fis-29523"
145,-42.5,0.69,"Seriola lalandi","Fis-29523"
145.5,-42.5,0.68,"Seriola lalandi","Fis-29523"
146,-42.5,0.17,"Seriola lalandi","Fis-29523"
148.5,-42.5,0.66,"Seriola lalandi","Fis-29523"
149,-42.5,0.8,"Seriola lalandi","Fis-29523"
170,-42.5,0.09,"Seriola lalandi","Fis-29523"
170.5,-42.5,0.61,"Seriola lalandi","Fis-29523"
171,-42.5,0.77,"Seriola lalandi","Fis-29523"
171.5,-42.5,0.52,"Seriola lalandi","Fis-29523"
174,-42.5,0.47,"Seriola lalandi","Fis-29523"
174.5,-42.5,0.45,"Seriola lalandi","Fis-29523"
175,-42.5,0.03,"Seriola lalandi","Fis-29523"
-179.5,-43,0.47,"Seriola lalandi","Fis-29523"
-179,-43,0.52,"Seriola lalandi","Fis-29523"
-178.5,-43,0.69,"Seriola lalandi","Fis-29523"
-178,-43,0.47,"Seriola lalandi","Fis-29523"
-177.5,-43,0.47,"Seriola lalandi","Fis-29523"
-177,-43,0.45,"Seriola lalandi","Fis-29523"
-176.5,-43,0.35,"Seriola lalandi","Fis-29523"
-176,-43,0.41,"Seriola lalandi","Fis-29523"
-175.5,-43,0.27,"Seriola lalandi","Fis-29523"
-175,-43,0.01,"Seriola lalandi","Fis-29523"
-75,-43,0.39,"Seriola lalandi","Fis-29523"
-74.5,-43,0.38,"Seriola lalandi","Fis-29523"
-74,-43,0.32,"Seriola lalandi","Fis-29523"
-73.5,-43,0.23,"Seriola lalandi","Fis-29523"
-73,-43,0.22,"Seriola lalandi","Fis-29523"
-72.5,-43,0.25,"Seriola lalandi","Fis-29523"
-64.5,-43,0.12,"Seriola lalandi","Fis-29523"
-64,-43,0.13,"Seriola lalandi","Fis-29523"
-63.5,-43,0.19,"Seriola lalandi","Fis-29523"
-63,-43,0.24,"Seriola lalandi","Fis-29523"
-62.5,-43,0.34,"Seriola lalandi","Fis-29523"
-62,-43,0.54,"Seriola lalandi","Fis-29523"
-61.5,-43,0.52,"Seriola lalandi","Fis-29523"
-61,-43,0.47,"Seriola lalandi","Fis-29523"
-60.5,-43,0.41,"Seriola lalandi","Fis-29523"
-60,-43,0.34,"Seriola lalandi","Fis-29523"
-59.5,-43,0.26,"Seriola lalandi","Fis-29523"
-59,-43,0.16,"Seriola lalandi","Fis-29523"
-58.5,-43,0.06,"Seriola lalandi","Fis-29523"
-58,-43,0.02,"Seriola lalandi","Fis-29523"
-2.5,-43,0.22,"Seriola lalandi","Fis-29523"
-2,-43,0.23,"Seriola lalandi","Fis-29523"
-1.5,-43,0.17,"Seriola lalandi","Fis-29523"
-1,-43,0.11,"Seriola lalandi","Fis-29523"
1.5,-43,0.21,"Seriola lalandi","Fis-29523"
2.5,-43,0.13,"Seriola lalandi","Fis-29523"
42,-43,0.09,"Seriola lalandi","Fis-29523"
42.5,-43,0.01,"Seriola lalandi","Fis-29523"
43,-43,0.02,"Seriola lalandi","Fis-29523"
145,-43,0.65,"Seriola lalandi","Fis-29523"
145.5,-43,0.67,"Seriola lalandi","Fis-29523"
146,-43,0.48,"Seriola lalandi","Fis-29523"
147.5,-43,0.02,"Seriola lalandi","Fis-29523"
148,-43,0.64,"Seriola lalandi","Fis-29523"
148.5,-43,0.71,"Seriola lalandi","Fis-29523"
149,-43,0.77,"Seriola lalandi","Fis-29523"
169.5,-43,0.13,"Seriola lalandi","Fis-29523"
170,-43,0.76,"Seriola lalandi","Fis-29523"
170.5,-43,0.74,"Seriola lalandi","Fis-29523"
171,-43,0.57,"Seriola lalandi","Fis-29523"
171.5,-43,0.25,"Seriola lalandi","Fis-29523"
173.5,-43,0.38,"Seriola lalandi","Fis-29523"
174,-43,0.44,"Seriola lalandi","Fis-29523"
174.5,-43,0.01,"Seriola lalandi","Fis-29523"
175,-43,0.33,"Seriola lalandi","Fis-29523"
175.5,-43,0.59,"Seriola lalandi","Fis-29523"
176,-43,0.61,"Seriola lalandi","Fis-29523"
176.5,-43,0.62,"Seriola lalandi","Fis-29523"
177,-43,0.66,"Seriola lalandi","Fis-29523"
177.5,-43,0.69,"Seriola lalandi","Fis-29523"
178,-43,0.69,"Seriola lalandi","Fis-29523"
178.5,-43,0.68,"Seriola lalandi","Fis-29523"
179,-43,0.68,"Seriola lalandi","Fis-29523"
179.5,-43,0.52,"Seriola lalandi","Fis-29523"
-179.5,-43.5,0.63,"Seriola lalandi","Fis-29523"
-179,-43.5,0.61,"Seriola lalandi","Fis-29523"
-178.5,-43.5,0.59,"Seriola lalandi","Fis-29523"
-178,-43.5,0.62,"Seriola lalandi","Fis-29523"
-177.5,-43.5,0.61,"Seriola lalandi","Fis-29523"
-177,-43.5,0.59,"Seriola lalandi","Fis-29523"
-176.5,-43.5,0.58,"Seriola lalandi","Fis-29523"
-176,-43.5,0.59,"Seriola lalandi","Fis-29523"
-175.5,-43.5,0.61,"Seriola lalandi","Fis-29523"
-175,-43.5,0.6,"Seriola lalandi","Fis-29523"
-174.5,-43.5,0.39,"Seriola lalandi","Fis-29523"
-174,-43.5,0.21,"Seriola lalandi","Fis-29523"
-161,-43.5,0.5,"Seriola lalandi","Fis-29523"
-98,-43.5,0.3,"Seriola lalandi","Fis-29523"
-97.5,-43.5,0.31,"Seriola lalandi","Fis-29523"
-75,-43.5,0.38,"Seriola lalandi","Fis-29523"
-74.5,-43.5,0.34,"Seriola lalandi","Fis-29523"
-74,-43.5,0.29,"Seriola lalandi","Fis-29523"
-73.5,-43.5,0.21,"Seriola lalandi","Fis-29523"
-73,-43.5,0.21,"Seriola lalandi","Fis-29523"
-72.5,-43.5,0.25,"Seriola lalandi","Fis-29523"
-65,-43.5,0.21,"Seriola lalandi","Fis-29523"
-64.5,-43.5,0.31,"Seriola lalandi","Fis-29523"
-64,-43.5,0.23,"Seriola lalandi","Fis-29523"
-63.5,-43.5,0.22,"Seriola lalandi","Fis-29523"
-63,-43.5,0.32,"Seriola lalandi","Fis-29523"
-62.5,-43.5,0.44,"Seriola lalandi","Fis-29523"
-62,-43.5,0.49,"Seriola lalandi","Fis-29523"
-61.5,-43.5,0.46,"Seriola lalandi","Fis-29523"
-61,-43.5,0.41,"Seriola lalandi","Fis-29523"
-60.5,-43.5,0.34,"Seriola lalandi","Fis-29523"
-60,-43.5,0.26,"Seriola lalandi","Fis-29523"
-59.5,-43.5,0.16,"Seriola lalandi","Fis-29523"
-59,-43.5,0.06,"Seriola lalandi","Fis-29523"
-1,-43.5,0.17,"Seriola lalandi","Fis-29523"
1.5,-43.5,0.17,"Seriola lalandi","Fis-29523"
145.5,-43.5,0.63,"Seriola lalandi","Fis-29523"
146,-43.5,0.64,"Seriola lalandi","Fis-29523"
146.5,-43.5,0.16,"Seriola lalandi","Fis-29523"
147.5,-43.5,0.54,"Seriola lalandi","Fis-29523"
148,-43.5,0.64,"Seriola lalandi","Fis-29523"
148.5,-43.5,0.7,"Seriola lalandi","Fis-29523"
169.5,-43.5,0.73,"Seriola lalandi","Fis-29523"
170,-43.5,0.65,"Seriola lalandi","Fis-29523"
170.5,-43.5,0.56,"Seriola lalandi","Fis-29523"
173,-43.5,0.21,"Seriola lalandi","Fis-29523"
173.5,-43.5,0.34,"Seriola lalandi","Fis-29523"
174,-43.5,0.46,"Seriola lalandi","Fis-29523"
174.5,-43.5,0.52,"Seriola lalandi","Fis-29523"
175,-43.5,0.55,"Seriola lalandi","Fis-29523"
175.5,-43.5,0.55,"Seriola lalandi","Fis-29523"
176,-43.5,0.56,"Seriola lalandi","Fis-29523"
176.5,-43.5,0.58,"Seriola lalandi","Fis-29523"
177,-43.5,0.58,"Seriola lalandi","Fis-29523"
177.5,-43.5,0.56,"Seriola lalandi","Fis-29523"
178,-43.5,0.54,"Seriola lalandi","Fis-29523"
178.5,-43.5,0.53,"Seriola lalandi","Fis-29523"
179,-43.5,0.54,"Seriola lalandi","Fis-29523"
179.5,-43.5,0.56,"Seriola lalandi","Fis-29523"
-179.5,-44,0.52,"Seriola lalandi","Fis-29523"
-179,-44,0.53,"Seriola lalandi","Fis-29523"
-178.5,-44,0.53,"Seriola lalandi","Fis-29523"
-178,-44,0.54,"Seriola lalandi","Fis-29523"
-177.5,-44,0.55,"Seriola lalandi","Fis-29523"
-177,-44,0.53,"Seriola lalandi","Fis-29523"
-176.5,-44,0.5,"Seriola lalandi","Fis-29523"
-176,-44,0.51,"Seriola lalandi","Fis-29523"
-175.5,-44,0.53,"Seriola lalandi","Fis-29523"
-175,-44,0.57,"Seriola lalandi","Fis-29523"
-174.5,-44,0.34,"Seriola lalandi","Fis-29523"
-174,-44,0.09,"Seriola lalandi","Fis-29523"
-161,-44,0.3,"Seriola lalandi","Fis-29523"
-160.5,-44,0.06,"Seriola lalandi","Fis-29523"
-97,-44,0.12,"Seriola lalandi","Fis-29523"
-75,-44,0.35,"Seriola lalandi","Fis-29523"
-74.5,-44,0.3,"Seriola lalandi","Fis-29523"
-74,-44,0.26,"Seriola lalandi","Fis-29523"
-73.5,-44,0.23,"Seriola lalandi","Fis-29523"
-73,-44,0.23,"Seriola lalandi","Fis-29523"
-72.5,-44,0.09,"Seriola lalandi","Fis-29523"
-65,-44,0.27,"Seriola lalandi","Fis-29523"
-64.5,-44,0.3,"Seriola lalandi","Fis-29523"
-64,-44,0.38,"Seriola lalandi","Fis-29523"
-63.5,-44,0.37,"Seriola lalandi","Fis-29523"
-63,-44,0.36,"Seriola lalandi","Fis-29523"
-62.5,-44,0.45,"Seriola lalandi","Fis-29523"
-62,-44,0.43,"Seriola lalandi","Fis-29523"
-61.5,-44,0.39,"Seriola lalandi","Fis-29523"
-61,-44,0.34,"Seriola lalandi","Fis-29523"
-60.5,-44,0.27,"Seriola lalandi","Fis-29523"
-60,-44,0.18,"Seriola lalandi","Fis-29523"
-59.5,-44,0.07,"Seriola lalandi","Fis-29523"
-1.5,-44,0.1,"Seriola lalandi","Fis-29523"
-1,-44,0.1,"Seriola lalandi","Fis-29523"
39,-44,0.01,"Seriola lalandi","Fis-29523"
146,-44,0.6,"Seriola lalandi","Fis-29523"
146.5,-44,0.62,"Seriola lalandi","Fis-29523"
147,-44,0.62,"Seriola lalandi","Fis-29523"
147.5,-44,0.62,"Seriola lalandi","Fis-29523"
148,-44,0.65,"Seriola lalandi","Fis-29523"
148.5,-44,0.68,"Seriola lalandi","Fis-29523"
150.5,-44,0.15,"Seriola lalandi","Fis-29523"
151,-44,0.21,"Seriola lalandi","Fis-29523"
168.5,-44,0.67,"Seriola lalandi","Fis-29523"
169,-44,0.63,"Seriola lalandi","Fis-29523"
169.5,-44,0.56,"Seriola lalandi","Fis-29523"
170,-44,0.53,"Seriola lalandi","Fis-29523"
172,-44,0.06,"Seriola lalandi","Fis-29523"
172.5,-44,0.28,"Seriola lalandi","Fis-29523"
173,-44,0.32,"Seriola lalandi","Fis-29523"
173.5,-44,0.34,"Seriola lalandi","Fis-29523"
174,-44,0.4,"Seriola lalandi","Fis-29523"
174.5,-44,0.41,"Seriola lalandi","Fis-29523"
175,-44,0.47,"Seriola lalandi","Fis-29523"
175.5,-44,0.5,"Seriola lalandi","Fis-29523"
176,-44,0.49,"Seriola lalandi","Fis-29523"
176.5,-44,0.47,"Seriola lalandi","Fis-29523"
177,-44,0.47,"Seriola lalandi","Fis-29523"
177.5,-44,0.46,"Seriola lalandi","Fis-29523"
178,-44,0.44,"Seriola lalandi","Fis-29523"
178.5,-44,0.43,"Seriola lalandi","Fis-29523"
179,-44,0.43,"Seriola lalandi","Fis-29523"
179.5,-44,0.44,"Seriola lalandi","Fis-29523"
-179.5,-44.5,0.4,"Seriola lalandi","Fis-29523"
-179,-44.5,0.41,"Seriola lalandi","Fis-29523"
-178.5,-44.5,0.41,"Seriola lalandi","Fis-29523"
-178,-44.5,0.38,"Seriola lalandi","Fis-29523"
-177.5,-44.5,0.4,"Seriola lalandi","Fis-29523"
-177,-44.5,0.49,"Seriola lalandi","Fis-29523"
-176.5,-44.5,0.5,"Seriola lalandi","Fis-29523"
-176,-44.5,0.49,"Seriola lalandi","Fis-29523"
-175.5,-44.5,0.52,"Seriola lalandi","Fis-29523"
-175,-44.5,0.56,"Seriola lalandi","Fis-29523"
-174.5,-44.5,0.21,"Seriola lalandi","Fis-29523"
-75,-44.5,0.32,"Seriola lalandi","Fis-29523"
-74.5,-44.5,0.26,"Seriola lalandi","Fis-29523"
-74,-44.5,0.2,"Seriola lalandi","Fis-29523"
-73.5,-44.5,0.21,"Seriola lalandi","Fis-29523"
-73,-44.5,0.23,"Seriola lalandi","Fis-29523"
-72.5,-44.5,0.24,"Seriola lalandi","Fis-29523"
-65,-44.5,0.32,"Seriola lalandi","Fis-29523"
-64.5,-44.5,0.41,"Seriola lalandi","Fis-29523"
-64,-44.5,0.43,"Seriola lalandi","Fis-29523"
-63.5,-44.5,0.39,"Seriola lalandi","Fis-29523"
-63,-44.5,0.39,"Seriola lalandi","Fis-29523"
-62.5,-44.5,0.4,"Seriola lalandi","Fis-29523"
-62,-44.5,0.37,"Seriola lalandi","Fis-29523"
-61.5,-44.5,0.33,"Seriola lalandi","Fis-29523"
-61,-44.5,0.27,"Seriola lalandi","Fis-29523"
-60.5,-44.5,0.2,"Seriola lalandi","Fis-29523"
-60,-44.5,0.11,"Seriola lalandi","Fis-29523"
-59.5,-44.5,0.01,"Seriola lalandi","Fis-29523"
-1.5,-44.5,0.03,"Seriola lalandi","Fis-29523"
146.5,-44.5,0.43,"Seriola lalandi","Fis-29523"
147,-44.5,0.59,"Seriola lalandi","Fis-29523"
147.5,-44.5,0.6,"Seriola lalandi","Fis-29523"
148,-44.5,0.37,"Seriola lalandi","Fis-29523"
168,-44.5,0.64,"Seriola lalandi","Fis-29523"
168.5,-44.5,0.62,"Seriola lalandi","Fis-29523"
171.5,-44.5,0.32,"Seriola lalandi","Fis-29523"
172,-44.5,0.25,"Seriola lalandi","Fis-29523"
172.5,-44.5,0.35,"Seriola lalandi","Fis-29523"
173,-44.5,0.41,"Seriola lalandi","Fis-29523"
173.5,-44.5,0.37,"Seriola lalandi","Fis-29523"
174,-44.5,0.32,"Seriola lalandi","Fis-29523"
174.5,-44.5,0.27,"Seriola lalandi","Fis-29523"
175,-44.5,0.27,"Seriola lalandi","Fis-29523"
175.5,-44.5,0.29,"Seriola lalandi","Fis-29523"
176,-44.5,0.37,"Seriola lalandi","Fis-29523"
176.5,-44.5,0.34,"Seriola lalandi","Fis-29523"
177,-44.5,0.2,"Seriola lalandi","Fis-29523"
177.5,-44.5,0.22,"Seriola lalandi","Fis-29523"
178,-44.5,0.02,"Seriola lalandi","Fis-29523"
179,-44.5,0.14,"Seriola lalandi","Fis-29523"
179.5,-44.5,0.18,"Seriola lalandi","Fis-29523"
-177,-45,0.05,"Seriola lalandi","Fis-29523"
-176.5,-45,0.27,"Seriola lalandi","Fis-29523"
-176,-45,0.49,"Seriola lalandi","Fis-29523"
-175.5,-45,0.42,"Seriola lalandi","Fis-29523"
-75.5,-45,0.09,"Seriola lalandi","Fis-29523"
-75,-45,0.3,"Seriola lalandi","Fis-29523"
-74.5,-45,0.23,"Seriola lalandi","Fis-29523"
-74,-45,0.2,"Seriola lalandi","Fis-29523"
-73.5,-45,0.2,"Seriola lalandi","Fis-29523"
-73,-45,0.22,"Seriola lalandi","Fis-29523"
-72.5,-45,0.23,"Seriola lalandi","Fis-29523"
-66,-45,0.03,"Seriola lalandi","Fis-29523"
-65.5,-45,0.29,"Seriola lalandi","Fis-29523"
-65,-45,0.26,"Seriola lalandi","Fis-29523"
-64.5,-45,0.38,"Seriola lalandi","Fis-29523"
-64,-45,0.38,"Seriola lalandi","Fis-29523"
-63.5,-45,0.35,"Seriola lalandi","Fis-29523"
-63,-45,0.37,"Seriola lalandi","Fis-29523"
-62.5,-45,0.35,"Seriola lalandi","Fis-29523"
-62,-45,0.32,"Seriola lalandi","Fis-29523"
-61.5,-45,0.27,"Seriola lalandi","Fis-29523"
-61,-45,0.22,"Seriola lalandi","Fis-29523"
-60.5,-45,0.15,"Seriola lalandi","Fis-29523"
-60,-45,0.06,"Seriola lalandi","Fis-29523"
167,-45,0.16,"Seriola lalandi","Fis-29523"
167.5,-45,0.61,"Seriola lalandi","Fis-29523"
168,-45,0.58,"Seriola lalandi","Fis-29523"
171.5,-45,0.28,"Seriola lalandi","Fis-29523"
172,-45,0.39,"Seriola lalandi","Fis-29523"
172.5,-45,0.33,"Seriola lalandi","Fis-29523"
173,-45,0.27,"Seriola lalandi","Fis-29523"
173.5,-45,0.19,"Seriola lalandi","Fis-29523"
174,-45,0.23,"Seriola lalandi","Fis-29523"
174.5,-45,0.04,"Seriola lalandi","Fis-29523"
175,-45,0.07,"Seriola lalandi","Fis-29523"
175.5,-45,0.07,"Seriola lalandi","Fis-29523"
176,-45,0.05,"Seriola lalandi","Fis-29523"
176.5,-45,0.02,"Seriola lalandi","Fis-29523"
-157.5,-45.5,0.34,"Seriola lalandi","Fis-29523"
-157,-45.5,0.19,"Seriola lalandi","Fis-29523"
-75.5,-45.5,0.22,"Seriola lalandi","Fis-29523"
-75,-45.5,0.3,"Seriola lalandi","Fis-29523"
-74.5,-45.5,0.23,"Seriola lalandi","Fis-29523"
-74,-45.5,0.18,"Seriola lalandi","Fis-29523"
-73.5,-45.5,0.18,"Seriola lalandi","Fis-29523"
-73,-45.5,0.2,"Seriola lalandi","Fis-29523"
-67,-45.5,0.32,"Seriola lalandi","Fis-29523"
-66.5,-45.5,0.32,"Seriola lalandi","Fis-29523"
-66,-45.5,0.32,"Seriola lalandi","Fis-29523"
-65.5,-45.5,0.31,"Seriola lalandi","Fis-29523"
-65,-45.5,0.34,"Seriola lalandi","Fis-29523"
-64.5,-45.5,0.33,"Seriola lalandi","Fis-29523"
-64,-45.5,0.34,"Seriola lalandi","Fis-29523"
-63.5,-45.5,0.33,"Seriola lalandi","Fis-29523"
-63,-45.5,0.29,"Seriola lalandi","Fis-29523"
-62.5,-45.5,0.29,"Seriola lalandi","Fis-29523"
-62,-45.5,0.27,"Seriola lalandi","Fis-29523"
-61.5,-45.5,0.23,"Seriola lalandi","Fis-29523"
-61,-45.5,0.19,"Seriola lalandi","Fis-29523"
-60.5,-45.5,0.13,"Seriola lalandi","Fis-29523"
-60,-45.5,0.04,"Seriola lalandi","Fis-29523"
167,-45.5,0.58,"Seriola lalandi","Fis-29523"
167.5,-45.5,0.56,"Seriola lalandi","Fis-29523"
171,-45.5,0.34,"Seriola lalandi","Fis-29523"
171.5,-45.5,0.34,"Seriola lalandi","Fis-29523"
172,-45.5,0.26,"Seriola lalandi","Fis-29523"
-157.5,-46,0.02,"Seriola lalandi","Fis-29523"
-75.5,-46,0.29,"Seriola lalandi","Fis-29523"
-75,-46,0.27,"Seriola lalandi","Fis-29523"
-74.5,-46,0.19,"Seriola lalandi","Fis-29523"
-74,-46,0.08,"Seriola lalandi","Fis-29523"
-73.5,-46,0.16,"Seriola lalandi","Fis-29523"
-73,-46,0.18,"Seriola lalandi","Fis-29523"
-67.5,-46,0.29,"Seriola lalandi","Fis-29523"
-67,-46,0.3,"Seriola lalandi","Fis-29523"
-66.5,-46,0.32,"Seriola lalandi","Fis-29523"
-66,-46,0.33,"Seriola lalandi","Fis-29523"
-65.5,-46,0.32,"Seriola lalandi","Fis-29523"
-65,-46,0.3,"Seriola lalandi","Fis-29523"
-64.5,-46,0.29,"Seriola lalandi","Fis-29523"
-64,-46,0.29,"Seriola lalandi","Fis-29523"
-63.5,-46,0.29,"Seriola lalandi","Fis-29523"
-63,-46,0.26,"Seriola lalandi","Fis-29523"
-62.5,-46,0.22,"Seriola lalandi","Fis-29523"
-62,-46,0.23,"Seriola lalandi","Fis-29523"
-61.5,-46,0.19,"Seriola lalandi","Fis-29523"
-61,-46,0.15,"Seriola lalandi","Fis-29523"
-60.5,-46,0.1,"Seriola lalandi","Fis-29523"
-60,-46,0.02,"Seriola lalandi","Fis-29523"
166,-46,0.19,"Seriola lalandi","Fis-29523"
166.5,-46,0.55,"Seriola lalandi","Fis-29523"
167,-46,0.56,"Seriola lalandi","Fis-29523"
170.5,-46,0.35,"Seriola lalandi","Fis-29523"
171,-46,0.32,"Seriola lalandi","Fis-29523"
171.5,-46,0.24,"Seriola lalandi","Fis-29523"
-155.5,-46.5,0.02,"Seriola lalandi","Fis-29523"
-154,-46.5,0.04,"Seriola lalandi","Fis-29523"
-83.5,-46.5,0.12,"Seriola lalandi","Fis-29523"
-75.5,-46.5,0.26,"Seriola lalandi","Fis-29523"
-75,-46.5,0.24,"Seriola lalandi","Fis-29523"
-74.5,-46.5,0.19,"Seriola lalandi","Fis-29523"
-73.5,-46.5,0.14,"Seriola lalandi","Fis-29523"
-67.5,-46.5,0.26,"Seriola lalandi","Fis-29523"
-67,-46.5,0.27,"Seriola lalandi","Fis-29523"
-66.5,-46.5,0.3,"Seriola lalandi","Fis-29523"
-66,-46.5,0.31,"Seriola lalandi","Fis-29523"
-65.5,-46.5,0.28,"Seriola lalandi","Fis-29523"
-65,-46.5,0.24,"Seriola lalandi","Fis-29523"
-64.5,-46.5,0.23,"Seriola lalandi","Fis-29523"
-64,-46.5,0.24,"Seriola lalandi","Fis-29523"
-63.5,-46.5,0.24,"Seriola lalandi","Fis-29523"
-63,-46.5,0.22,"Seriola lalandi","Fis-29523"
-62.5,-46.5,0.21,"Seriola lalandi","Fis-29523"
-62,-46.5,0.18,"Seriola lalandi","Fis-29523"
-61.5,-46.5,0.15,"Seriola lalandi","Fis-29523"
-61,-46.5,0.11,"Seriola lalandi","Fis-29523"
-60.5,-46.5,0.05,"Seriola lalandi","Fis-29523"
166,-46.5,0.5,"Seriola lalandi","Fis-29523"
166.5,-46.5,0.5,"Seriola lalandi","Fis-29523"
167,-46.5,0.5,"Seriola lalandi","Fis-29523"
167.5,-46.5,0.47,"Seriola lalandi","Fis-29523"
168,-46.5,0.4,"Seriola lalandi","Fis-29523"
168.5,-46.5,0.37,"Seriola lalandi","Fis-29523"
170,-46.5,0.34,"Seriola lalandi","Fis-29523"
170.5,-46.5,0.32,"Seriola lalandi","Fis-29523"
171,-46.5,0.24,"Seriola lalandi","Fis-29523"
171.5,-46.5,0.15,"Seriola lalandi","Fis-29523"
-75.5,-47,0.24,"Seriola lalandi","Fis-29523"
-75,-47,0.2,"Seriola lalandi","Fis-29523"
-74.5,-47,0.19,"Seriola lalandi","Fis-29523"
-74,-47,0.16,"Seriola lalandi","Fis-29523"
-73.5,-47,0.14,"Seriola lalandi","Fis-29523"
-67,-47,0.25,"Seriola lalandi","Fis-29523"
-66.5,-47,0.24,"Seriola lalandi","Fis-29523"
-66,-47,0.23,"Seriola lalandi","Fis-29523"
-65.5,-47,0.2,"Seriola lalandi","Fis-29523"
-65,-47,0.17,"Seriola lalandi","Fis-29523"
-64.5,-47,0.17,"Seriola lalandi","Fis-29523"
-64,-47,0.18,"Seriola lalandi","Fis-29523"
-63.5,-47,0.18,"Seriola lalandi","Fis-29523"
-63,-47,0.18,"Seriola lalandi","Fis-29523"
-62.5,-47,0.16,"Seriola lalandi","Fis-29523"
-62,-47,0.13,"Seriola lalandi","Fis-29523"
-61.5,-47,0.1,"Seriola lalandi","Fis-29523"
-61,-47,0.05,"Seriola lalandi","Fis-29523"
166,-47,0.44,"Seriola lalandi","Fis-29523"
166.5,-47,0.45,"Seriola lalandi","Fis-29523"
167,-47,0.46,"Seriola lalandi","Fis-29523"
167.5,-47,0.47,"Seriola lalandi","Fis-29523"
168,-47,0.4,"Seriola lalandi","Fis-29523"
168.5,-47,0.24,"Seriola lalandi","Fis-29523"
169,-47,0.32,"Seriola lalandi","Fis-29523"
169.5,-47,0.32,"Seriola lalandi","Fis-29523"
170,-47,0.28,"Seriola lalandi","Fis-29523"
170.5,-47,0.19,"Seriola lalandi","Fis-29523"
171,-47,0.02,"Seriola lalandi","Fis-29523"
-179.5,-47.5,0.11,"Seriola lalandi","Fis-29523"
-179,-47.5,0.06,"Seriola lalandi","Fis-29523"
-75.5,-47.5,0.22,"Seriola lalandi","Fis-29523"
-75,-47.5,0.19,"Seriola lalandi","Fis-29523"
-74.5,-47.5,0.18,"Seriola lalandi","Fis-29523"
-74,-47.5,0.15,"Seriola lalandi","Fis-29523"
-66.5,-47.5,0.02,"Seriola lalandi","Fis-29523"
-66,-47.5,0.06,"Seriola lalandi","Fis-29523"
-65.5,-47.5,0.05,"Seriola lalandi","Fis-29523"
-65,-47.5,0.07,"Seriola lalandi","Fis-29523"
-64.5,-47.5,0.1,"Seriola lalandi","Fis-29523"
-64,-47.5,0.12,"Seriola lalandi","Fis-29523"
-63.5,-47.5,0.13,"Seriola lalandi","Fis-29523"
-63,-47.5,0.13,"Seriola lalandi","Fis-29523"
-62.5,-47.5,0.11,"Seriola lalandi","Fis-29523"
-62,-47.5,0.08,"Seriola lalandi","Fis-29523"
-61.5,-47.5,0.05,"Seriola lalandi","Fis-29523"
-61,-47.5,0.01,"Seriola lalandi","Fis-29523"
148.5,-47.5,0.01,"Seriola lalandi","Fis-29523"
166,-47.5,0.18,"Seriola lalandi","Fis-29523"
167,-47.5,0.42,"Seriola lalandi","Fis-29523"
167.5,-47.5,0.42,"Seriola lalandi","Fis-29523"
168,-47.5,0.4,"Seriola lalandi","Fis-29523"
168.5,-47.5,0.37,"Seriola lalandi","Fis-29523"
169,-47.5,0.32,"Seriola lalandi","Fis-29523"
169.5,-47.5,0.24,"Seriola lalandi","Fis-29523"
170,-47.5,0.15,"Seriola lalandi","Fis-29523"
170.5,-47.5,0.02,"Seriola lalandi","Fis-29523"
177,-47.5,0.04,"Seriola lalandi","Fis-29523"
177.5,-47.5,0.03,"Seriola lalandi","Fis-29523"
178,-47.5,0.15,"Seriola lalandi","Fis-29523"
178.5,-47.5,0.12,"Seriola lalandi","Fis-29523"
179,-47.5,0.16,"Seriola lalandi","Fis-29523"
179.5,-47.5,0.14,"Seriola lalandi","Fis-29523"
-179.5,-48,0.08,"Seriola lalandi","Fis-29523"
-179,-48,0.04,"Seriola lalandi","Fis-29523"
-76,-48,0.14,"Seriola lalandi","Fis-29523"
-75.5,-48,0.19,"Seriola lalandi","Fis-29523"
-75,-48,0.14,"Seriola lalandi","Fis-29523"
-74.5,-48,0.13,"Seriola lalandi","Fis-29523"
-74,-48,0.11,"Seriola lalandi","Fis-29523"
-73.5,-48,0.1,"Seriola lalandi","Fis-29523"
-65.5,-48,0.03,"Seriola lalandi","Fis-29523"
-65,-48,0.05,"Seriola lalandi","Fis-29523"
-64.5,-48,0.07,"Seriola lalandi","Fis-29523"
-64,-48,0.09,"Seriola lalandi","Fis-29523"
-63.5,-48,0.09,"Seriola lalandi","Fis-29523"
-63,-48,0.08,"Seriola lalandi","Fis-29523"
-62.5,-48,0.07,"Seriola lalandi","Fis-29523"
-62,-48,0.04,"Seriola lalandi","Fis-29523"
-61.5,-48,0.01,"Seriola lalandi","Fis-29523"
166.5,-48,0.37,"Seriola lalandi","Fis-29523"
167,-48,0.37,"Seriola lalandi","Fis-29523"
167.5,-48,0.35,"Seriola lalandi","Fis-29523"
168,-48,0.32,"Seriola lalandi","Fis-29523"
168.5,-48,0.29,"Seriola lalandi","Fis-29523"
169,-48,0.22,"Seriola lalandi","Fis-29523"
169.5,-48,0.15,"Seriola lalandi","Fis-29523"
170,-48,0.07,"Seriola lalandi","Fis-29523"
177,-48,0.03,"Seriola lalandi","Fis-29523"
177.5,-48,0.04,"Seriola lalandi","Fis-29523"
178.5,-48,0.11,"Seriola lalandi","Fis-29523"
179,-48,0.11,"Seriola lalandi","Fis-29523"
179.5,-48,0.1,"Seriola lalandi","Fis-29523"
-179.5,-48.5,0.04,"Seriola lalandi","Fis-29523"
-148.5,-48.5,0.05,"Seriola lalandi","Fis-29523"
-76,-48.5,0.05,"Seriola lalandi","Fis-29523"
-75.5,-48.5,0.15,"Seriola lalandi","Fis-29523"
-75,-48.5,0.12,"Seriola lalandi","Fis-29523"
-74.5,-48.5,0.09,"Seriola lalandi","Fis-29523"
-74,-48.5,0.02,"Seriola lalandi","Fis-29523"
-73.5,-48.5,0.06,"Seriola lalandi","Fis-29523"
-66.5,-48.5,0.03,"Seriola lalandi","Fis-29523"
-66,-48.5,0.02,"Seriola lalandi","Fis-29523"
-65.5,-48.5,0.03,"Seriola lalandi","Fis-29523"
-65,-48.5,0.05,"Seriola lalandi","Fis-29523"
-64.5,-48.5,0.06,"Seriola lalandi","Fis-29523"
-64,-48.5,0.06,"Seriola lalandi","Fis-29523"
-63.5,-48.5,0.06,"Seriola lalandi","Fis-29523"
-63,-48.5,0.05,"Seriola lalandi","Fis-29523"
-62.5,-48.5,0.03,"Seriola lalandi","Fis-29523"
-62,-48.5,0.01,"Seriola lalandi","Fis-29523"
165.5,-48.5,0.05,"Seriola lalandi","Fis-29523"
166.5,-48.5,0.33,"Seriola lalandi","Fis-29523"
167,-48.5,0.31,"Seriola lalandi","Fis-29523"
167.5,-48.5,0.29,"Seriola lalandi","Fis-29523"
168,-48.5,0.25,"Seriola lalandi","Fis-29523"
168.5,-48.5,0.2,"Seriola lalandi","Fis-29523"
169,-48.5,0.14,"Seriola lalandi","Fis-29523"
169.5,-48.5,0.06,"Seriola lalandi","Fis-29523"
170,-48.5,0.04,"Seriola lalandi","Fis-29523"
178.5,-48.5,0.04,"Seriola lalandi","Fis-29523"
179,-48.5,0.09,"Seriola lalandi","Fis-29523"
179.5,-48.5,0.09,"Seriola lalandi","Fis-29523"
-76,-49,0.06,"Seriola lalandi","Fis-29523"
-75.5,-49,0.13,"Seriola lalandi","Fis-29523"
-75,-49,0.08,"Seriola lalandi","Fis-29523"
-74.5,-49,0.01,"Seriola lalandi","Fis-29523"
-74,-49,0.04,"Seriola lalandi","Fis-29523"
-66.5,-49,0.01,"Seriola lalandi","Fis-29523"
-66,-49,0.03,"Seriola lalandi","Fis-29523"
-65.5,-49,0.04,"Seriola lalandi","Fis-29523"
-65,-49,0.05,"Seriola lalandi","Fis-29523"
-64.5,-49,0.04,"Seriola lalandi","Fis-29523"
-64,-49,0.03,"Seriola lalandi","Fis-29523"
-63.5,-49,0.02,"Seriola lalandi","Fis-29523"
-63,-49,0.01,"Seriola lalandi","Fis-29523"
165,-49,0.21,"Seriola lalandi","Fis-29523"
166.5,-49,0.27,"Seriola lalandi","Fis-29523"
167,-49,0.26,"Seriola lalandi","Fis-29523"
167.5,-49,0.23,"Seriola lalandi","Fis-29523"
168,-49,0.17,"Seriola lalandi","Fis-29523"
168.5,-49,0.11,"Seriola lalandi","Fis-29523"
169,-49,0.05,"Seriola lalandi","Fis-29523"
169.5,-49,0.03,"Seriola lalandi","Fis-29523"
170,-49,0.02,"Seriola lalandi","Fis-29523"
170.5,-49,0.02,"Seriola lalandi","Fis-29523"
171,-49,0.02,"Seriola lalandi","Fis-29523"
171.5,-49,0.04,"Seriola lalandi","Fis-29523"
172,-49,0.04,"Seriola lalandi","Fis-29523"
172.5,-49,0.03,"Seriola lalandi","Fis-29523"
173,-49,0.02,"Seriola lalandi","Fis-29523"
173.5,-49,0.02,"Seriola lalandi","Fis-29523"
174,-49,0.01,"Seriola lalandi","Fis-29523"
179,-49,0.01,"Seriola lalandi","Fis-29523"
179.5,-49,0.01,"Seriola lalandi","Fis-29523"
-76,-49.5,0.08,"Seriola lalandi","Fis-29523"
-75.5,-49.5,0.11,"Seriola lalandi","Fis-29523"
-75,-49.5,0.06,"Seriola lalandi","Fis-29523"
-73.5,-49.5,0.01,"Seriola lalandi","Fis-29523"
-66.5,-49.5,0.02,"Seriola lalandi","Fis-29523"
-66,-49.5,0.03,"Seriola lalandi","Fis-29523"
-65.5,-49.5,0.03,"Seriola lalandi","Fis-29523"
-65,-49.5,0.02,"Seriola lalandi","Fis-29523"
-64.5,-49.5,0.01,"Seriola lalandi","Fis-29523"
164.5,-49.5,0.15,"Seriola lalandi","Fis-29523"
166.5,-49.5,0.15,"Seriola lalandi","Fis-29523"
167,-49.5,0.12,"Seriola lalandi","Fis-29523"
167.5,-49.5,0.08,"Seriola lalandi","Fis-29523"
168,-49.5,0.03,"Seriola lalandi","Fis-29523"
168.5,-49.5,0.04,"Seriola lalandi","Fis-29523"
169,-49.5,0.02,"Seriola lalandi","Fis-29523"
169.5,-49.5,0.02,"Seriola lalandi","Fis-29523"
170,-49.5,0.03,"Seriola lalandi","Fis-29523"
170.5,-49.5,0.03,"Seriola lalandi","Fis-29523"
171,-49.5,0.04,"Seriola lalandi","Fis-29523"
171.5,-49.5,0.04,"Seriola lalandi","Fis-29523"
172,-49.5,0.04,"Seriola lalandi","Fis-29523"
172.5,-49.5,0.03,"Seriola lalandi","Fis-29523"
173,-49.5,0.03,"Seriola lalandi","Fis-29523"
173.5,-49.5,0.02,"Seriola lalandi","Fis-29523"
174,-49.5,0.01,"Seriola lalandi","Fis-29523"
-75.5,-50,0.08,"Seriola lalandi","Fis-29523"
-75,-50,0.04,"Seriola lalandi","Fis-29523"
-66,-50,0.01,"Seriola lalandi","Fis-29523"
164.5,-50,0.1,"Seriola lalandi","Fis-29523"
166.5,-50,0.09,"Seriola lalandi","Fis-29523"
167,-50,0.07,"Seriola lalandi","Fis-29523"
167.5,-50,0.04,"Seriola lalandi","Fis-29523"
168,-50,0.03,"Seriola lalandi","Fis-29523"
168.5,-50,0.03,"Seriola lalandi","Fis-29523"
169,-50,0.02,"Seriola lalandi","Fis-29523"
169.5,-50,0.02,"Seriola lalandi","Fis-29523"
170,-50,0.02,"Seriola lalandi","Fis-29523"
170.5,-50,0.03,"Seriola lalandi","Fis-29523"
171,-50,0.04,"Seriola lalandi","Fis-29523"
171.5,-50,0.04,"Seriola lalandi","Fis-29523"
172,-50,0.04,"Seriola lalandi","Fis-29523"
172.5,-50,0.02,"Seriola lalandi","Fis-29523"
173,-50,0.01,"Seriola lalandi","Fis-29523"
-76,-50.5,0.04,"Seriola lalandi","Fis-29523"
-75.5,-50.5,0.06,"Seriola lalandi","Fis-29523"
-75,-50.5,0.02,"Seriola lalandi","Fis-29523"
166,-50.5,0.1,"Seriola lalandi","Fis-29523"
166.5,-50.5,0.08,"Seriola lalandi","Fis-29523"
167,-50.5,0.06,"Seriola lalandi","Fis-29523"
167.5,-50.5,0.04,"Seriola lalandi","Fis-29523"
168,-50.5,0.02,"Seriola lalandi","Fis-29523"
169.5,-50.5,0.01,"Seriola lalandi","Fis-29523"
170,-50.5,0.01,"Seriola lalandi","Fis-29523"
170.5,-50.5,0.02,"Seriola lalandi","Fis-29523"
171,-50.5,0.02,"Seriola lalandi","Fis-29523"
171.5,-50.5,0.02,"Seriola lalandi","Fis-29523"
172,-50.5,0.01,"Seriola lalandi","Fis-29523"
-76,-51,0.03,"Seriola lalandi","Fis-29523"
-75.5,-51,0.05,"Seriola lalandi","Fis-29523"
164,-51,0.01,"Seriola lalandi","Fis-29523"
165,-51,0.01,"Seriola lalandi","Fis-29523"
165.5,-51,0.04,"Seriola lalandi","Fis-29523"
166,-51,0.06,"Seriola lalandi","Fis-29523"
166.5,-51,0.05,"Seriola lalandi","Fis-29523"
167,-51,0.04,"Seriola lalandi","Fis-29523"
167.5,-51,0.02,"Seriola lalandi","Fis-29523"
