"long_dd","lat_dd","poccur","species","aquamaps_id"
-148.5,60.5,0.02,"Trachurus symmetricus","Fis-22970"
-148,60.5,0.42,"Trachurus symmetricus","Fis-22970"
-147.5,60.5,0.44,"Trachurus symmetricus","Fis-22970"
-147,60.5,0.47,"Trachurus symmetricus","Fis-22970"
-146.5,60.5,0.49,"Trachurus symmetricus","Fis-22970"
-148.5,60,0.01,"Trachurus symmetricus","Fis-22970"
-148,60,0.45,"Trachurus symmetricus","Fis-22970"
-147.5,60,0.47,"Trachurus symmetricus","Fis-22970"
-147,60,0.52,"Trachurus symmetricus","Fis-22970"
-146.5,60,0.55,"Trachurus symmetricus","Fis-22970"
-146,60,0.54,"Trachurus symmetricus","Fis-22970"
-145.5,60,0.51,"Trachurus symmetricus","Fis-22970"
-145,60,0.4,"Trachurus symmetricus","Fis-22970"
-144.5,60,0.27,"Trachurus symmetricus","Fis-22970"
-149.5,59.5,0.47,"Trachurus symmetricus","Fis-22970"
-149,59.5,0.5,"Trachurus symmetricus","Fis-22970"
-148.5,59.5,0.51,"Trachurus symmetricus","Fis-22970"
-148,59.5,0.52,"Trachurus symmetricus","Fis-22970"
-147.5,59.5,0.53,"Trachurus symmetricus","Fis-22970"
-147,59.5,0.56,"Trachurus symmetricus","Fis-22970"
-146.5,59.5,0.58,"Trachurus symmetricus","Fis-22970"
-146,59.5,0.59,"Trachurus symmetricus","Fis-22970"
-145.5,59.5,0.59,"Trachurus symmetricus","Fis-22970"
-145,59.5,0.59,"Trachurus symmetricus","Fis-22970"
-144.5,59.5,0.57,"Trachurus symmetricus","Fis-22970"
-144,59.5,0.56,"Trachurus symmetricus","Fis-22970"
-143.5,59.5,0.61,"Trachurus symmetricus","Fis-22970"
-143,59.5,0.63,"Trachurus symmetricus","Fis-22970"
-142.5,59.5,0.62,"Trachurus symmetricus","Fis-22970"
-142,59.5,0.62,"Trachurus symmetricus","Fis-22970"
-141.5,59.5,0.6,"Trachurus symmetricus","Fis-22970"
-141,59.5,0.58,"Trachurus symmetricus","Fis-22970"
-140,59.5,0.53,"Trachurus symmetricus","Fis-22970"
-139.5,59.5,0.51,"Trachurus symmetricus","Fis-22970"
-151,59,0.41,"Trachurus symmetricus","Fis-22970"
-150.5,59,0.47,"Trachurus symmetricus","Fis-22970"
-150,59,0.49,"Trachurus symmetricus","Fis-22970"
-149.5,59,0.51,"Trachurus symmetricus","Fis-22970"
-149,59,0.53,"Trachurus symmetricus","Fis-22970"
-148.5,59,0.54,"Trachurus symmetricus","Fis-22970"
-148,59,0.56,"Trachurus symmetricus","Fis-22970"
-147.5,59,0.57,"Trachurus symmetricus","Fis-22970"
-147,59,0.58,"Trachurus symmetricus","Fis-22970"
-146.5,59,0.58,"Trachurus symmetricus","Fis-22970"
-146,59,0.59,"Trachurus symmetricus","Fis-22970"
-145.5,59,0.6,"Trachurus symmetricus","Fis-22970"
-145,59,0.6,"Trachurus symmetricus","Fis-22970"
-144.5,59,0.6,"Trachurus symmetricus","Fis-22970"
-144,59,0.61,"Trachurus symmetricus","Fis-22970"
-143.5,59,0.61,"Trachurus symmetricus","Fis-22970"
-143,59,0.62,"Trachurus symmetricus","Fis-22970"
-142.5,59,0.63,"Trachurus symmetricus","Fis-22970"
-142,59,0.64,"Trachurus symmetricus","Fis-22970"
-141.5,59,0.65,"Trachurus symmetricus","Fis-22970"
-141,59,0.66,"Trachurus symmetricus","Fis-22970"
-140.5,59,0.66,"Trachurus symmetricus","Fis-22970"
-140,59,0.65,"Trachurus symmetricus","Fis-22970"
-139.5,59,0.59,"Trachurus symmetricus","Fis-22970"
-139,59,0.46,"Trachurus symmetricus","Fis-22970"
-151,58.5,0.44,"Trachurus symmetricus","Fis-22970"
-150.5,58.5,0.46,"Trachurus symmetricus","Fis-22970"
-150,58.5,0.48,"Trachurus symmetricus","Fis-22970"
-149.5,58.5,0.5,"Trachurus symmetricus","Fis-22970"
-149,58.5,0.52,"Trachurus symmetricus","Fis-22970"
-148.5,58.5,0.54,"Trachurus symmetricus","Fis-22970"
-148,58.5,0.56,"Trachurus symmetricus","Fis-22970"
-147.5,58.5,0.57,"Trachurus symmetricus","Fis-22970"
-147,58.5,0.56,"Trachurus symmetricus","Fis-22970"
-146.5,58.5,0.56,"Trachurus symmetricus","Fis-22970"
-146,58.5,0.56,"Trachurus symmetricus","Fis-22970"
-145.5,58.5,0.56,"Trachurus symmetricus","Fis-22970"
-145,58.5,0.57,"Trachurus symmetricus","Fis-22970"
-144.5,58.5,0.57,"Trachurus symmetricus","Fis-22970"
-144,58.5,0.58,"Trachurus symmetricus","Fis-22970"
-143.5,58.5,0.58,"Trachurus symmetricus","Fis-22970"
-143,58.5,0.59,"Trachurus symmetricus","Fis-22970"
-142.5,58.5,0.6,"Trachurus symmetricus","Fis-22970"
-142,58.5,0.62,"Trachurus symmetricus","Fis-22970"
-141.5,58.5,0.63,"Trachurus symmetricus","Fis-22970"
-141,58.5,0.65,"Trachurus symmetricus","Fis-22970"
-140.5,58.5,0.66,"Trachurus symmetricus","Fis-22970"
-140,58.5,0.67,"Trachurus symmetricus","Fis-22970"
-139.5,58.5,0.67,"Trachurus symmetricus","Fis-22970"
-139,58.5,0.67,"Trachurus symmetricus","Fis-22970"
-138.5,58.5,0.59,"Trachurus symmetricus","Fis-22970"
-138,58.5,0.55,"Trachurus symmetricus","Fis-22970"
-137.5,58.5,0.53,"Trachurus symmetricus","Fis-22970"
-137,58.5,0.5,"Trachurus symmetricus","Fis-22970"
-136,58.5,0.42,"Trachurus symmetricus","Fis-22970"
-135,58.5,0.43,"Trachurus symmetricus","Fis-22970"
-150,58,0.43,"Trachurus symmetricus","Fis-22970"
-149.5,58,0.46,"Trachurus symmetricus","Fis-22970"
-149,58,0.49,"Trachurus symmetricus","Fis-22970"
-148.5,58,0.52,"Trachurus symmetricus","Fis-22970"
-148,58,0.54,"Trachurus symmetricus","Fis-22970"
-147.5,58,0.54,"Trachurus symmetricus","Fis-22970"
-147,58,0.53,"Trachurus symmetricus","Fis-22970"
-146.5,58,0.52,"Trachurus symmetricus","Fis-22970"
-146,58,0.53,"Trachurus symmetricus","Fis-22970"
-145.5,58,0.53,"Trachurus symmetricus","Fis-22970"
-145,58,0.54,"Trachurus symmetricus","Fis-22970"
-144.5,58,0.54,"Trachurus symmetricus","Fis-22970"
-144,58,0.55,"Trachurus symmetricus","Fis-22970"
-143.5,58,0.56,"Trachurus symmetricus","Fis-22970"
-143,58,0.57,"Trachurus symmetricus","Fis-22970"
-142.5,58,0.58,"Trachurus symmetricus","Fis-22970"
-142,58,0.59,"Trachurus symmetricus","Fis-22970"
-141.5,58,0.61,"Trachurus symmetricus","Fis-22970"
-141,58,0.62,"Trachurus symmetricus","Fis-22970"
-140.5,58,0.64,"Trachurus symmetricus","Fis-22970"
-140,58,0.65,"Trachurus symmetricus","Fis-22970"
-139.5,58,0.67,"Trachurus symmetricus","Fis-22970"
-139,58,0.67,"Trachurus symmetricus","Fis-22970"
-138.5,58,0.67,"Trachurus symmetricus","Fis-22970"
-138,58,0.67,"Trachurus symmetricus","Fis-22970"
-137.5,58,0.65,"Trachurus symmetricus","Fis-22970"
-137,58,0.63,"Trachurus symmetricus","Fis-22970"
-136.5,58,0.55,"Trachurus symmetricus","Fis-22970"
-136,58,0.44,"Trachurus symmetricus","Fis-22970"
-135.5,58,0.43,"Trachurus symmetricus","Fis-22970"
-135,58,0.41,"Trachurus symmetricus","Fis-22970"
-134.5,58,0.32,"Trachurus symmetricus","Fis-22970"
-134,58,0.21,"Trachurus symmetricus","Fis-22970"
-150.5,57.5,0.4,"Trachurus symmetricus","Fis-22970"
-150,57.5,0.45,"Trachurus symmetricus","Fis-22970"
-149.5,57.5,0.48,"Trachurus symmetricus","Fis-22970"
-149,57.5,0.5,"Trachurus symmetricus","Fis-22970"
-148.5,57.5,0.51,"Trachurus symmetricus","Fis-22970"
-148,57.5,0.51,"Trachurus symmetricus","Fis-22970"
-147.5,57.5,0.5,"Trachurus symmetricus","Fis-22970"
-147,57.5,0.5,"Trachurus symmetricus","Fis-22970"
-146.5,57.5,0.5,"Trachurus symmetricus","Fis-22970"
-146,57.5,0.5,"Trachurus symmetricus","Fis-22970"
-145.5,57.5,0.51,"Trachurus symmetricus","Fis-22970"
-145,57.5,0.52,"Trachurus symmetricus","Fis-22970"
-144.5,57.5,0.52,"Trachurus symmetricus","Fis-22970"
-144,57.5,0.53,"Trachurus symmetricus","Fis-22970"
-143.5,57.5,0.54,"Trachurus symmetricus","Fis-22970"
-143,57.5,0.55,"Trachurus symmetricus","Fis-22970"
-142.5,57.5,0.56,"Trachurus symmetricus","Fis-22970"
-142,57.5,0.58,"Trachurus symmetricus","Fis-22970"
-141.5,57.5,0.59,"Trachurus symmetricus","Fis-22970"
-141,57.5,0.61,"Trachurus symmetricus","Fis-22970"
-140.5,57.5,0.62,"Trachurus symmetricus","Fis-22970"
-140,57.5,0.63,"Trachurus symmetricus","Fis-22970"
-139.5,57.5,0.65,"Trachurus symmetricus","Fis-22970"
-139,57.5,0.66,"Trachurus symmetricus","Fis-22970"
-138.5,57.5,0.67,"Trachurus symmetricus","Fis-22970"
-138,57.5,0.68,"Trachurus symmetricus","Fis-22970"
-137.5,57.5,0.68,"Trachurus symmetricus","Fis-22970"
-137,57.5,0.68,"Trachurus symmetricus","Fis-22970"
-136.5,57.5,0.66,"Trachurus symmetricus","Fis-22970"
-136,57.5,0.6,"Trachurus symmetricus","Fis-22970"
-135.5,57.5,0.52,"Trachurus symmetricus","Fis-22970"
-135,57.5,0.48,"Trachurus symmetricus","Fis-22970"
-134.5,57.5,0.2,"Trachurus symmetricus","Fis-22970"
-134,57.5,0.15,"Trachurus symmetricus","Fis-22970"
-133.5,57.5,0.14,"Trachurus symmetricus","Fis-22970"
-151,57,0.41,"Trachurus symmetricus","Fis-22970"
-150.5,57,0.45,"Trachurus symmetricus","Fis-22970"
-150,57,0.48,"Trachurus symmetricus","Fis-22970"
-149.5,57,0.49,"Trachurus symmetricus","Fis-22970"
-149,57,0.49,"Trachurus symmetricus","Fis-22970"
-148.5,57,0.48,"Trachurus symmetricus","Fis-22970"
-148,57,0.48,"Trachurus symmetricus","Fis-22970"
-147.5,57,0.48,"Trachurus symmetricus","Fis-22970"
-147,57,0.48,"Trachurus symmetricus","Fis-22970"
-146.5,57,0.48,"Trachurus symmetricus","Fis-22970"
-146,57,0.49,"Trachurus symmetricus","Fis-22970"
-145.5,57,0.5,"Trachurus symmetricus","Fis-22970"
-145,57,0.51,"Trachurus symmetricus","Fis-22970"
-144.5,57,0.51,"Trachurus symmetricus","Fis-22970"
-144,57,0.52,"Trachurus symmetricus","Fis-22970"
-143.5,57,0.53,"Trachurus symmetricus","Fis-22970"
-143,57,0.54,"Trachurus symmetricus","Fis-22970"
-142.5,57,0.55,"Trachurus symmetricus","Fis-22970"
-142,57,0.56,"Trachurus symmetricus","Fis-22970"
-141.5,57,0.58,"Trachurus symmetricus","Fis-22970"
-141,57,0.59,"Trachurus symmetricus","Fis-22970"
-140.5,57,0.6,"Trachurus symmetricus","Fis-22970"
-140,57,0.61,"Trachurus symmetricus","Fis-22970"
-139.5,57,0.62,"Trachurus symmetricus","Fis-22970"
-139,57,0.64,"Trachurus symmetricus","Fis-22970"
-138.5,57,0.66,"Trachurus symmetricus","Fis-22970"
-138,57,0.67,"Trachurus symmetricus","Fis-22970"
-137.5,57,0.68,"Trachurus symmetricus","Fis-22970"
-137,57,0.69,"Trachurus symmetricus","Fis-22970"
-136.5,57,0.69,"Trachurus symmetricus","Fis-22970"
-136,57,0.66,"Trachurus symmetricus","Fis-22970"
-135.5,57,0.6,"Trachurus symmetricus","Fis-22970"
-135,57,0.45,"Trachurus symmetricus","Fis-22970"
-134.5,57,0.21,"Trachurus symmetricus","Fis-22970"
-134,57,0.19,"Trachurus symmetricus","Fis-22970"
-133.5,57,0.14,"Trachurus symmetricus","Fis-22970"
-133,57,0.15,"Trachurus symmetricus","Fis-22970"
-151.5,56.5,0.44,"Trachurus symmetricus","Fis-22970"
-151,56.5,0.47,"Trachurus symmetricus","Fis-22970"
-150.5,56.5,0.48,"Trachurus symmetricus","Fis-22970"
-150,56.5,0.47,"Trachurus symmetricus","Fis-22970"
-149.5,56.5,0.47,"Trachurus symmetricus","Fis-22970"
-149,56.5,0.46,"Trachurus symmetricus","Fis-22970"
-148.5,56.5,0.46,"Trachurus symmetricus","Fis-22970"
-148,56.5,0.46,"Trachurus symmetricus","Fis-22970"
-147.5,56.5,0.46,"Trachurus symmetricus","Fis-22970"
-147,56.5,0.46,"Trachurus symmetricus","Fis-22970"
-146.5,56.5,0.47,"Trachurus symmetricus","Fis-22970"
-146,56.5,0.48,"Trachurus symmetricus","Fis-22970"
-145.5,56.5,0.48,"Trachurus symmetricus","Fis-22970"
-145,56.5,0.49,"Trachurus symmetricus","Fis-22970"
-144.5,56.5,0.5,"Trachurus symmetricus","Fis-22970"
-144,56.5,0.51,"Trachurus symmetricus","Fis-22970"
-143.5,56.5,0.51,"Trachurus symmetricus","Fis-22970"
-143,56.5,0.52,"Trachurus symmetricus","Fis-22970"
-142.5,56.5,0.53,"Trachurus symmetricus","Fis-22970"
-142,56.5,0.55,"Trachurus symmetricus","Fis-22970"
-141.5,56.5,0.56,"Trachurus symmetricus","Fis-22970"
-141,56.5,0.57,"Trachurus symmetricus","Fis-22970"
-140.5,56.5,0.59,"Trachurus symmetricus","Fis-22970"
-140,56.5,0.6,"Trachurus symmetricus","Fis-22970"
-139.5,56.5,0.61,"Trachurus symmetricus","Fis-22970"
-139,56.5,0.63,"Trachurus symmetricus","Fis-22970"
-138.5,56.5,0.65,"Trachurus symmetricus","Fis-22970"
-138,56.5,0.67,"Trachurus symmetricus","Fis-22970"
-137.5,56.5,0.68,"Trachurus symmetricus","Fis-22970"
-137,56.5,0.69,"Trachurus symmetricus","Fis-22970"
-136.5,56.5,0.7,"Trachurus symmetricus","Fis-22970"
-136,56.5,0.69,"Trachurus symmetricus","Fis-22970"
-135.5,56.5,0.65,"Trachurus symmetricus","Fis-22970"
-135,56.5,0.56,"Trachurus symmetricus","Fis-22970"
-134.5,56.5,0.3,"Trachurus symmetricus","Fis-22970"
-134,56.5,0.27,"Trachurus symmetricus","Fis-22970"
-133.5,56.5,0.12,"Trachurus symmetricus","Fis-22970"
-133,56.5,0.22,"Trachurus symmetricus","Fis-22970"
-132.5,56.5,0.22,"Trachurus symmetricus","Fis-22970"
-151.5,56,0.46,"Trachurus symmetricus","Fis-22970"
-151,56,0.45,"Trachurus symmetricus","Fis-22970"
-150.5,56,0.45,"Trachurus symmetricus","Fis-22970"
-150,56,0.44,"Trachurus symmetricus","Fis-22970"
-149.5,56,0.44,"Trachurus symmetricus","Fis-22970"
-149,56,0.44,"Trachurus symmetricus","Fis-22970"
-148.5,56,0.44,"Trachurus symmetricus","Fis-22970"
-148,56,0.45,"Trachurus symmetricus","Fis-22970"
-147.5,56,0.45,"Trachurus symmetricus","Fis-22970"
-147,56,0.45,"Trachurus symmetricus","Fis-22970"
-146.5,56,0.45,"Trachurus symmetricus","Fis-22970"
-146,56,0.46,"Trachurus symmetricus","Fis-22970"
-145.5,56,0.47,"Trachurus symmetricus","Fis-22970"
-145,56,0.48,"Trachurus symmetricus","Fis-22970"
-144.5,56,0.49,"Trachurus symmetricus","Fis-22970"
-144,56,0.5,"Trachurus symmetricus","Fis-22970"
-143.5,56,0.51,"Trachurus symmetricus","Fis-22970"
-143,56,0.52,"Trachurus symmetricus","Fis-22970"
-142.5,56,0.53,"Trachurus symmetricus","Fis-22970"
-142,56,0.54,"Trachurus symmetricus","Fis-22970"
-141.5,56,0.55,"Trachurus symmetricus","Fis-22970"
-141,56,0.57,"Trachurus symmetricus","Fis-22970"
-140.5,56,0.58,"Trachurus symmetricus","Fis-22970"
-140,56,0.59,"Trachurus symmetricus","Fis-22970"
-139.5,56,0.61,"Trachurus symmetricus","Fis-22970"
-139,56,0.62,"Trachurus symmetricus","Fis-22970"
-138.5,56,0.64,"Trachurus symmetricus","Fis-22970"
-138,56,0.66,"Trachurus symmetricus","Fis-22970"
-137.5,56,0.67,"Trachurus symmetricus","Fis-22970"
-137,56,0.69,"Trachurus symmetricus","Fis-22970"
-136.5,56,0.7,"Trachurus symmetricus","Fis-22970"
-136,56,0.71,"Trachurus symmetricus","Fis-22970"
-135.5,56,0.69,"Trachurus symmetricus","Fis-22970"
-135,56,0.61,"Trachurus symmetricus","Fis-22970"
-134.5,56,0.48,"Trachurus symmetricus","Fis-22970"
-134,56,0.38,"Trachurus symmetricus","Fis-22970"
-133.5,56,0.31,"Trachurus symmetricus","Fis-22970"
-133,56,0.27,"Trachurus symmetricus","Fis-22970"
-132.5,56,0.28,"Trachurus symmetricus","Fis-22970"
-132,56,0.28,"Trachurus symmetricus","Fis-22970"
-152,55.5,0.43,"Trachurus symmetricus","Fis-22970"
-151.5,55.5,0.42,"Trachurus symmetricus","Fis-22970"
-151,55.5,0.41,"Trachurus symmetricus","Fis-22970"
-150.5,55.5,0.41,"Trachurus symmetricus","Fis-22970"
-150,55.5,0.41,"Trachurus symmetricus","Fis-22970"
-149.5,55.5,0.41,"Trachurus symmetricus","Fis-22970"
-149,55.5,0.42,"Trachurus symmetricus","Fis-22970"
-148.5,55.5,0.42,"Trachurus symmetricus","Fis-22970"
-148,55.5,0.42,"Trachurus symmetricus","Fis-22970"
-147.5,55.5,0.43,"Trachurus symmetricus","Fis-22970"
-147,55.5,0.43,"Trachurus symmetricus","Fis-22970"
-146.5,55.5,0.44,"Trachurus symmetricus","Fis-22970"
-146,55.5,0.45,"Trachurus symmetricus","Fis-22970"
-145.5,55.5,0.46,"Trachurus symmetricus","Fis-22970"
-145,55.5,0.47,"Trachurus symmetricus","Fis-22970"
-144.5,55.5,0.48,"Trachurus symmetricus","Fis-22970"
-144,55.5,0.49,"Trachurus symmetricus","Fis-22970"
-143.5,55.5,0.5,"Trachurus symmetricus","Fis-22970"
-143,55.5,0.51,"Trachurus symmetricus","Fis-22970"
-142.5,55.5,0.53,"Trachurus symmetricus","Fis-22970"
-142,55.5,0.54,"Trachurus symmetricus","Fis-22970"
-141.5,55.5,0.55,"Trachurus symmetricus","Fis-22970"
-141,55.5,0.57,"Trachurus symmetricus","Fis-22970"
-140.5,55.5,0.58,"Trachurus symmetricus","Fis-22970"
-140,55.5,0.59,"Trachurus symmetricus","Fis-22970"
-139.5,55.5,0.6,"Trachurus symmetricus","Fis-22970"
-139,55.5,0.62,"Trachurus symmetricus","Fis-22970"
-138.5,55.5,0.63,"Trachurus symmetricus","Fis-22970"
-138,55.5,0.65,"Trachurus symmetricus","Fis-22970"
-137.5,55.5,0.66,"Trachurus symmetricus","Fis-22970"
-137,55.5,0.68,"Trachurus symmetricus","Fis-22970"
-136.5,55.5,0.69,"Trachurus symmetricus","Fis-22970"
-136,55.5,0.7,"Trachurus symmetricus","Fis-22970"
-135.5,55.5,0.71,"Trachurus symmetricus","Fis-22970"
-135,55.5,0.7,"Trachurus symmetricus","Fis-22970"
-134.5,55.5,0.65,"Trachurus symmetricus","Fis-22970"
-134,55.5,0.52,"Trachurus symmetricus","Fis-22970"
-133.5,55.5,0.29,"Trachurus symmetricus","Fis-22970"
-133,55.5,0.23,"Trachurus symmetricus","Fis-22970"
-132.5,55.5,0.32,"Trachurus symmetricus","Fis-22970"
-132,55.5,0.32,"Trachurus symmetricus","Fis-22970"
-131.5,55.5,0.37,"Trachurus symmetricus","Fis-22970"
-129.5,55.5,0.01,"Trachurus symmetricus","Fis-22970"
-174.5,55,0.14,"Trachurus symmetricus","Fis-22970"
-174,55,0.15,"Trachurus symmetricus","Fis-22970"
-173.5,55,0.15,"Trachurus symmetricus","Fis-22970"
-173,55,0.15,"Trachurus symmetricus","Fis-22970"
-172.5,55,0.15,"Trachurus symmetricus","Fis-22970"
-172,55,0.16,"Trachurus symmetricus","Fis-22970"
-154,55,0.42,"Trachurus symmetricus","Fis-22970"
-153.5,55,0.41,"Trachurus symmetricus","Fis-22970"
-153,55,0.41,"Trachurus symmetricus","Fis-22970"
-152.5,55,0.4,"Trachurus symmetricus","Fis-22970"
-152,55,0.4,"Trachurus symmetricus","Fis-22970"
-151.5,55,0.39,"Trachurus symmetricus","Fis-22970"
-151,55,0.39,"Trachurus symmetricus","Fis-22970"
-150.5,55,0.39,"Trachurus symmetricus","Fis-22970"
-150,55,0.39,"Trachurus symmetricus","Fis-22970"
-149.5,55,0.4,"Trachurus symmetricus","Fis-22970"
-149,55,0.4,"Trachurus symmetricus","Fis-22970"
-148.5,55,0.4,"Trachurus symmetricus","Fis-22970"
-148,55,0.41,"Trachurus symmetricus","Fis-22970"
-147.5,55,0.41,"Trachurus symmetricus","Fis-22970"
-147,55,0.42,"Trachurus symmetricus","Fis-22970"
-146.5,55,0.43,"Trachurus symmetricus","Fis-22970"
-146,55,0.44,"Trachurus symmetricus","Fis-22970"
-145.5,55,0.45,"Trachurus symmetricus","Fis-22970"
-145,55,0.46,"Trachurus symmetricus","Fis-22970"
-144.5,55,0.47,"Trachurus symmetricus","Fis-22970"
-144,55,0.49,"Trachurus symmetricus","Fis-22970"
-143.5,55,0.5,"Trachurus symmetricus","Fis-22970"
-143,55,0.51,"Trachurus symmetricus","Fis-22970"
-142.5,55,0.53,"Trachurus symmetricus","Fis-22970"
-142,55,0.54,"Trachurus symmetricus","Fis-22970"
-141.5,55,0.56,"Trachurus symmetricus","Fis-22970"
-141,55,0.57,"Trachurus symmetricus","Fis-22970"
-140.5,55,0.58,"Trachurus symmetricus","Fis-22970"
-140,55,0.59,"Trachurus symmetricus","Fis-22970"
-139.5,55,0.6,"Trachurus symmetricus","Fis-22970"
-139,55,0.62,"Trachurus symmetricus","Fis-22970"
-138.5,55,0.63,"Trachurus symmetricus","Fis-22970"
-138,55,0.64,"Trachurus symmetricus","Fis-22970"
-137.5,55,0.66,"Trachurus symmetricus","Fis-22970"
-137,55,0.67,"Trachurus symmetricus","Fis-22970"
-136.5,55,0.68,"Trachurus symmetricus","Fis-22970"
-136,55,0.7,"Trachurus symmetricus","Fis-22970"
-135.5,55,0.71,"Trachurus symmetricus","Fis-22970"
-135,55,0.73,"Trachurus symmetricus","Fis-22970"
-134.5,55,0.73,"Trachurus symmetricus","Fis-22970"
-134,55,0.64,"Trachurus symmetricus","Fis-22970"
-133.5,55,0.51,"Trachurus symmetricus","Fis-22970"
-133,55,0.51,"Trachurus symmetricus","Fis-22970"
-132.5,55,0.22,"Trachurus symmetricus","Fis-22970"
-132,55,0.44,"Trachurus symmetricus","Fis-22970"
-131.5,55,0.46,"Trachurus symmetricus","Fis-22970"
-131,55,0.41,"Trachurus symmetricus","Fis-22970"
-130.5,55,0.36,"Trachurus symmetricus","Fis-22970"
-130,55,0.35,"Trachurus symmetricus","Fis-22970"
-129.5,55,0.37,"Trachurus symmetricus","Fis-22970"
-174.5,54.5,0.15,"Trachurus symmetricus","Fis-22970"
-174,54.5,0.15,"Trachurus symmetricus","Fis-22970"
-173.5,54.5,0.16,"Trachurus symmetricus","Fis-22970"
-173,54.5,0.16,"Trachurus symmetricus","Fis-22970"
-172.5,54.5,0.16,"Trachurus symmetricus","Fis-22970"
-172,54.5,0.17,"Trachurus symmetricus","Fis-22970"
-171.5,54.5,0.17,"Trachurus symmetricus","Fis-22970"
-171,54.5,0.17,"Trachurus symmetricus","Fis-22970"
-169.5,54.5,0.18,"Trachurus symmetricus","Fis-22970"
-169,54.5,0.18,"Trachurus symmetricus","Fis-22970"
-168.5,54.5,0.18,"Trachurus symmetricus","Fis-22970"
-168,54.5,0.18,"Trachurus symmetricus","Fis-22970"
-154,54.5,0.39,"Trachurus symmetricus","Fis-22970"
-153.5,54.5,0.39,"Trachurus symmetricus","Fis-22970"
-153,54.5,0.39,"Trachurus symmetricus","Fis-22970"
-152.5,54.5,0.39,"Trachurus symmetricus","Fis-22970"
-152,54.5,0.39,"Trachurus symmetricus","Fis-22970"
-151.5,54.5,0.38,"Trachurus symmetricus","Fis-22970"
-151,54.5,0.38,"Trachurus symmetricus","Fis-22970"
-150.5,54.5,0.38,"Trachurus symmetricus","Fis-22970"
-150,54.5,0.39,"Trachurus symmetricus","Fis-22970"
-149.5,54.5,0.39,"Trachurus symmetricus","Fis-22970"
-149,54.5,0.39,"Trachurus symmetricus","Fis-22970"
-148.5,54.5,0.39,"Trachurus symmetricus","Fis-22970"
-148,54.5,0.4,"Trachurus symmetricus","Fis-22970"
-147.5,54.5,0.4,"Trachurus symmetricus","Fis-22970"
-147,54.5,0.41,"Trachurus symmetricus","Fis-22970"
-146.5,54.5,0.42,"Trachurus symmetricus","Fis-22970"
-146,54.5,0.43,"Trachurus symmetricus","Fis-22970"
-145.5,54.5,0.44,"Trachurus symmetricus","Fis-22970"
-145,54.5,0.46,"Trachurus symmetricus","Fis-22970"
-144.5,54.5,0.47,"Trachurus symmetricus","Fis-22970"
-144,54.5,0.49,"Trachurus symmetricus","Fis-22970"
-143.5,54.5,0.5,"Trachurus symmetricus","Fis-22970"
-143,54.5,0.52,"Trachurus symmetricus","Fis-22970"
-142.5,54.5,0.53,"Trachurus symmetricus","Fis-22970"
-142,54.5,0.54,"Trachurus symmetricus","Fis-22970"
-141.5,54.5,0.56,"Trachurus symmetricus","Fis-22970"
-141,54.5,0.57,"Trachurus symmetricus","Fis-22970"
-140.5,54.5,0.58,"Trachurus symmetricus","Fis-22970"
-140,54.5,0.6,"Trachurus symmetricus","Fis-22970"
-139.5,54.5,0.61,"Trachurus symmetricus","Fis-22970"
-139,54.5,0.62,"Trachurus symmetricus","Fis-22970"
-138.5,54.5,0.63,"Trachurus symmetricus","Fis-22970"
-138,54.5,0.65,"Trachurus symmetricus","Fis-22970"
-137.5,54.5,0.66,"Trachurus symmetricus","Fis-22970"
-137,54.5,0.67,"Trachurus symmetricus","Fis-22970"
-136.5,54.5,0.69,"Trachurus symmetricus","Fis-22970"
-136,54.5,0.7,"Trachurus symmetricus","Fis-22970"
-135.5,54.5,0.72,"Trachurus symmetricus","Fis-22970"
-135,54.5,0.73,"Trachurus symmetricus","Fis-22970"
-134.5,54.5,0.75,"Trachurus symmetricus","Fis-22970"
-134,54.5,0.74,"Trachurus symmetricus","Fis-22970"
-133.5,54.5,0.66,"Trachurus symmetricus","Fis-22970"
-133,54.5,0.58,"Trachurus symmetricus","Fis-22970"
-132.5,54.5,0.56,"Trachurus symmetricus","Fis-22970"
-132,54.5,0.52,"Trachurus symmetricus","Fis-22970"
-131.5,54.5,0.49,"Trachurus symmetricus","Fis-22970"
-131,54.5,0.4,"Trachurus symmetricus","Fis-22970"
-130.5,54.5,0.33,"Trachurus symmetricus","Fis-22970"
-130,54.5,0.32,"Trachurus symmetricus","Fis-22970"
-129.5,54.5,0.37,"Trachurus symmetricus","Fis-22970"
-174.5,54,0.16,"Trachurus symmetricus","Fis-22970"
-174,54,0.17,"Trachurus symmetricus","Fis-22970"
-173.5,54,0.17,"Trachurus symmetricus","Fis-22970"
-173,54,0.17,"Trachurus symmetricus","Fis-22970"
-172.5,54,0.17,"Trachurus symmetricus","Fis-22970"
-172,54,0.17,"Trachurus symmetricus","Fis-22970"
-171.5,54,0.17,"Trachurus symmetricus","Fis-22970"
-171,54,0.17,"Trachurus symmetricus","Fis-22970"
-170.5,54,0.17,"Trachurus symmetricus","Fis-22970"
-170,54,0.17,"Trachurus symmetricus","Fis-22970"
-169.5,54,0.18,"Trachurus symmetricus","Fis-22970"
-169,54,0.18,"Trachurus symmetricus","Fis-22970"
-168.5,54,0.18,"Trachurus symmetricus","Fis-22970"
-168,54,0.18,"Trachurus symmetricus","Fis-22970"
-167.5,54,0.18,"Trachurus symmetricus","Fis-22970"
-167,54,0.18,"Trachurus symmetricus","Fis-22970"
-166.5,54,0.18,"Trachurus symmetricus","Fis-22970"
-157.5,54,0.39,"Trachurus symmetricus","Fis-22970"
-157,54,0.39,"Trachurus symmetricus","Fis-22970"
-156.5,54,0.39,"Trachurus symmetricus","Fis-22970"
-156,54,0.39,"Trachurus symmetricus","Fis-22970"
-155.5,54,0.38,"Trachurus symmetricus","Fis-22970"
-155,54,0.38,"Trachurus symmetricus","Fis-22970"
-154.5,54,0.37,"Trachurus symmetricus","Fis-22970"
-154,54,0.37,"Trachurus symmetricus","Fis-22970"
-153.5,54,0.37,"Trachurus symmetricus","Fis-22970"
-153,54,0.38,"Trachurus symmetricus","Fis-22970"
-152.5,54,0.38,"Trachurus symmetricus","Fis-22970"
-152,54,0.38,"Trachurus symmetricus","Fis-22970"
-151.5,54,0.38,"Trachurus symmetricus","Fis-22970"
-151,54,0.38,"Trachurus symmetricus","Fis-22970"
-150.5,54,0.38,"Trachurus symmetricus","Fis-22970"
-150,54,0.38,"Trachurus symmetricus","Fis-22970"
-149.5,54,0.39,"Trachurus symmetricus","Fis-22970"
-149,54,0.39,"Trachurus symmetricus","Fis-22970"
-148.5,54,0.39,"Trachurus symmetricus","Fis-22970"
-148,54,0.4,"Trachurus symmetricus","Fis-22970"
-147.5,54,0.4,"Trachurus symmetricus","Fis-22970"
-147,54,0.42,"Trachurus symmetricus","Fis-22970"
-146.5,54,0.43,"Trachurus symmetricus","Fis-22970"
-146,54,0.44,"Trachurus symmetricus","Fis-22970"
-145.5,54,0.45,"Trachurus symmetricus","Fis-22970"
-145,54,0.47,"Trachurus symmetricus","Fis-22970"
-144.5,54,0.48,"Trachurus symmetricus","Fis-22970"
-144,54,0.5,"Trachurus symmetricus","Fis-22970"
-143.5,54,0.51,"Trachurus symmetricus","Fis-22970"
-143,54,0.52,"Trachurus symmetricus","Fis-22970"
-142.5,54,0.54,"Trachurus symmetricus","Fis-22970"
-142,54,0.55,"Trachurus symmetricus","Fis-22970"
-141.5,54,0.56,"Trachurus symmetricus","Fis-22970"
-141,54,0.57,"Trachurus symmetricus","Fis-22970"
-140.5,54,0.59,"Trachurus symmetricus","Fis-22970"
-140,54,0.6,"Trachurus symmetricus","Fis-22970"
-139.5,54,0.61,"Trachurus symmetricus","Fis-22970"
-139,54,0.63,"Trachurus symmetricus","Fis-22970"
-138.5,54,0.64,"Trachurus symmetricus","Fis-22970"
-138,54,0.65,"Trachurus symmetricus","Fis-22970"
-137.5,54,0.66,"Trachurus symmetricus","Fis-22970"
-137,54,0.68,"Trachurus symmetricus","Fis-22970"
-136.5,54,0.69,"Trachurus symmetricus","Fis-22970"
-136,54,0.71,"Trachurus symmetricus","Fis-22970"
-135.5,54,0.72,"Trachurus symmetricus","Fis-22970"
-135,54,0.74,"Trachurus symmetricus","Fis-22970"
-134.5,54,0.76,"Trachurus symmetricus","Fis-22970"
-134,54,0.77,"Trachurus symmetricus","Fis-22970"
-133.5,54,0.76,"Trachurus symmetricus","Fis-22970"
-133,54,0.71,"Trachurus symmetricus","Fis-22970"
-132.5,54,0.63,"Trachurus symmetricus","Fis-22970"
-132,54,0.57,"Trachurus symmetricus","Fis-22970"
-131.5,54,0.54,"Trachurus symmetricus","Fis-22970"
-131,54,0.5,"Trachurus symmetricus","Fis-22970"
-130.5,54,0.41,"Trachurus symmetricus","Fis-22970"
-130,54,0.41,"Trachurus symmetricus","Fis-22970"
-129.5,54,0.41,"Trachurus symmetricus","Fis-22970"
-128.5,54,0.01,"Trachurus symmetricus","Fis-22970"
-174.5,53.5,0.18,"Trachurus symmetricus","Fis-22970"
-174,53.5,0.18,"Trachurus symmetricus","Fis-22970"
-173.5,53.5,0.18,"Trachurus symmetricus","Fis-22970"
-173,53.5,0.18,"Trachurus symmetricus","Fis-22970"
-172.5,53.5,0.18,"Trachurus symmetricus","Fis-22970"
-172,53.5,0.18,"Trachurus symmetricus","Fis-22970"
-171.5,53.5,0.17,"Trachurus symmetricus","Fis-22970"
-171,53.5,0.17,"Trachurus symmetricus","Fis-22970"
-170.5,53.5,0.17,"Trachurus symmetricus","Fis-22970"
-170,53.5,0.17,"Trachurus symmetricus","Fis-22970"
-169.5,53.5,0.18,"Trachurus symmetricus","Fis-22970"
-169,53.5,0.18,"Trachurus symmetricus","Fis-22970"
-168.5,53.5,0.17,"Trachurus symmetricus","Fis-22970"
-168,53.5,0.17,"Trachurus symmetricus","Fis-22970"
-167.5,53.5,0.17,"Trachurus symmetricus","Fis-22970"
-167,53.5,0.18,"Trachurus symmetricus","Fis-22970"
-164.5,53.5,0.27,"Trachurus symmetricus","Fis-22970"
-164,53.5,0.29,"Trachurus symmetricus","Fis-22970"
-163.5,53.5,0.31,"Trachurus symmetricus","Fis-22970"
-163,53.5,0.32,"Trachurus symmetricus","Fis-22970"
-162.5,53.5,0.33,"Trachurus symmetricus","Fis-22970"
-162,53.5,0.34,"Trachurus symmetricus","Fis-22970"
-160.5,53.5,0.37,"Trachurus symmetricus","Fis-22970"
-160,53.5,0.37,"Trachurus symmetricus","Fis-22970"
-159.5,53.5,0.37,"Trachurus symmetricus","Fis-22970"
-159,53.5,0.37,"Trachurus symmetricus","Fis-22970"
-158.5,53.5,0.38,"Trachurus symmetricus","Fis-22970"
-158,53.5,0.38,"Trachurus symmetricus","Fis-22970"
-157.5,53.5,0.38,"Trachurus symmetricus","Fis-22970"
-157,53.5,0.38,"Trachurus symmetricus","Fis-22970"
-156.5,53.5,0.37,"Trachurus symmetricus","Fis-22970"
-156,53.5,0.37,"Trachurus symmetricus","Fis-22970"
-155.5,53.5,0.37,"Trachurus symmetricus","Fis-22970"
-155,53.5,0.37,"Trachurus symmetricus","Fis-22970"
-154.5,53.5,0.37,"Trachurus symmetricus","Fis-22970"
-154,53.5,0.37,"Trachurus symmetricus","Fis-22970"
-153.5,53.5,0.37,"Trachurus symmetricus","Fis-22970"
-153,53.5,0.37,"Trachurus symmetricus","Fis-22970"
-152.5,53.5,0.38,"Trachurus symmetricus","Fis-22970"
-152,53.5,0.38,"Trachurus symmetricus","Fis-22970"
-151.5,53.5,0.38,"Trachurus symmetricus","Fis-22970"
-151,53.5,0.38,"Trachurus symmetricus","Fis-22970"
-150.5,53.5,0.38,"Trachurus symmetricus","Fis-22970"
-150,53.5,0.39,"Trachurus symmetricus","Fis-22970"
-149.5,53.5,0.39,"Trachurus symmetricus","Fis-22970"
-149,53.5,0.39,"Trachurus symmetricus","Fis-22970"
-148.5,53.5,0.4,"Trachurus symmetricus","Fis-22970"
-148,53.5,0.4,"Trachurus symmetricus","Fis-22970"
-147.5,53.5,0.41,"Trachurus symmetricus","Fis-22970"
-147,53.5,0.42,"Trachurus symmetricus","Fis-22970"
-146.5,53.5,0.43,"Trachurus symmetricus","Fis-22970"
-146,53.5,0.45,"Trachurus symmetricus","Fis-22970"
-145.5,53.5,0.46,"Trachurus symmetricus","Fis-22970"
-145,53.5,0.47,"Trachurus symmetricus","Fis-22970"
-144.5,53.5,0.49,"Trachurus symmetricus","Fis-22970"
-144,53.5,0.5,"Trachurus symmetricus","Fis-22970"
-143.5,53.5,0.51,"Trachurus symmetricus","Fis-22970"
-143,53.5,0.53,"Trachurus symmetricus","Fis-22970"
-142.5,53.5,0.54,"Trachurus symmetricus","Fis-22970"
-142,53.5,0.56,"Trachurus symmetricus","Fis-22970"
-141.5,53.5,0.57,"Trachurus symmetricus","Fis-22970"
-141,53.5,0.58,"Trachurus symmetricus","Fis-22970"
-140.5,53.5,0.59,"Trachurus symmetricus","Fis-22970"
-140,53.5,0.6,"Trachurus symmetricus","Fis-22970"
-139.5,53.5,0.62,"Trachurus symmetricus","Fis-22970"
-139,53.5,0.63,"Trachurus symmetricus","Fis-22970"
-138.5,53.5,0.64,"Trachurus symmetricus","Fis-22970"
-138,53.5,0.66,"Trachurus symmetricus","Fis-22970"
-137.5,53.5,0.67,"Trachurus symmetricus","Fis-22970"
-137,53.5,0.69,"Trachurus symmetricus","Fis-22970"
-136.5,53.5,0.7,"Trachurus symmetricus","Fis-22970"
-136,53.5,0.72,"Trachurus symmetricus","Fis-22970"
-135.5,53.5,0.73,"Trachurus symmetricus","Fis-22970"
-135,53.5,0.75,"Trachurus symmetricus","Fis-22970"
-134.5,53.5,0.77,"Trachurus symmetricus","Fis-22970"
-134,53.5,0.78,"Trachurus symmetricus","Fis-22970"
-133.5,53.5,0.79,"Trachurus symmetricus","Fis-22970"
-133,53.5,0.79,"Trachurus symmetricus","Fis-22970"
-132.5,53.5,0.73,"Trachurus symmetricus","Fis-22970"
-132,53.5,0.61,"Trachurus symmetricus","Fis-22970"
-131.5,53.5,0.63,"Trachurus symmetricus","Fis-22970"
-131,53.5,0.61,"Trachurus symmetricus","Fis-22970"
-130.5,53.5,0.56,"Trachurus symmetricus","Fis-22970"
-130,53.5,0.5,"Trachurus symmetricus","Fis-22970"
-129.5,53.5,0.48,"Trachurus symmetricus","Fis-22970"
-129,53.5,0.5,"Trachurus symmetricus","Fis-22970"
-128.5,53.5,0.51,"Trachurus symmetricus","Fis-22970"
-128,53.5,0.01,"Trachurus symmetricus","Fis-22970"
-174.5,53,0.19,"Trachurus symmetricus","Fis-22970"
-174,53,0.19,"Trachurus symmetricus","Fis-22970"
-173.5,53,0.19,"Trachurus symmetricus","Fis-22970"
-173,53,0.19,"Trachurus symmetricus","Fis-22970"
-172.5,53,0.18,"Trachurus symmetricus","Fis-22970"
-172,53,0.18,"Trachurus symmetricus","Fis-22970"
-171.5,53,0.17,"Trachurus symmetricus","Fis-22970"
-171,53,0.17,"Trachurus symmetricus","Fis-22970"
-170.5,53,0.17,"Trachurus symmetricus","Fis-22970"
-170,53,0.16,"Trachurus symmetricus","Fis-22970"
-169.5,53,0.17,"Trachurus symmetricus","Fis-22970"
-169,53,0.17,"Trachurus symmetricus","Fis-22970"
-168.5,53,0.18,"Trachurus symmetricus","Fis-22970"
-168,53,0.2,"Trachurus symmetricus","Fis-22970"
-167.5,53,0.22,"Trachurus symmetricus","Fis-22970"
-167,53,0.24,"Trachurus symmetricus","Fis-22970"
-166.5,53,0.27,"Trachurus symmetricus","Fis-22970"
-166,53,0.29,"Trachurus symmetricus","Fis-22970"
-165.5,53,0.31,"Trachurus symmetricus","Fis-22970"
-165,53,0.32,"Trachurus symmetricus","Fis-22970"
-164.5,53,0.33,"Trachurus symmetricus","Fis-22970"
-164,53,0.33,"Trachurus symmetricus","Fis-22970"
-163.5,53,0.33,"Trachurus symmetricus","Fis-22970"
-163,53,0.34,"Trachurus symmetricus","Fis-22970"
-162.5,53,0.34,"Trachurus symmetricus","Fis-22970"
-162,53,0.34,"Trachurus symmetricus","Fis-22970"
-161.5,53,0.34,"Trachurus symmetricus","Fis-22970"
-161,53,0.34,"Trachurus symmetricus","Fis-22970"
-160.5,53,0.35,"Trachurus symmetricus","Fis-22970"
-160,53,0.35,"Trachurus symmetricus","Fis-22970"
-159.5,53,0.35,"Trachurus symmetricus","Fis-22970"
-159,53,0.35,"Trachurus symmetricus","Fis-22970"
-158.5,53,0.36,"Trachurus symmetricus","Fis-22970"
-158,53,0.36,"Trachurus symmetricus","Fis-22970"
-157.5,53,0.36,"Trachurus symmetricus","Fis-22970"
-157,53,0.36,"Trachurus symmetricus","Fis-22970"
-156.5,53,0.36,"Trachurus symmetricus","Fis-22970"
-156,53,0.36,"Trachurus symmetricus","Fis-22970"
-155.5,53,0.36,"Trachurus symmetricus","Fis-22970"
-155,53,0.36,"Trachurus symmetricus","Fis-22970"
-154.5,53,0.36,"Trachurus symmetricus","Fis-22970"
-154,53,0.37,"Trachurus symmetricus","Fis-22970"
-153.5,53,0.37,"Trachurus symmetricus","Fis-22970"
-153,53,0.37,"Trachurus symmetricus","Fis-22970"
-152.5,53,0.38,"Trachurus symmetricus","Fis-22970"
-152,53,0.38,"Trachurus symmetricus","Fis-22970"
-151.5,53,0.38,"Trachurus symmetricus","Fis-22970"
-151,53,0.39,"Trachurus symmetricus","Fis-22970"
-150.5,53,0.39,"Trachurus symmetricus","Fis-22970"
-150,53,0.39,"Trachurus symmetricus","Fis-22970"
-149.5,53,0.39,"Trachurus symmetricus","Fis-22970"
-149,53,0.4,"Trachurus symmetricus","Fis-22970"
-148.5,53,0.41,"Trachurus symmetricus","Fis-22970"
-148,53,0.41,"Trachurus symmetricus","Fis-22970"
-147.5,53,0.42,"Trachurus symmetricus","Fis-22970"
-147,53,0.43,"Trachurus symmetricus","Fis-22970"
-146.5,53,0.44,"Trachurus symmetricus","Fis-22970"
-146,53,0.45,"Trachurus symmetricus","Fis-22970"
-145.5,53,0.46,"Trachurus symmetricus","Fis-22970"
-145,53,0.48,"Trachurus symmetricus","Fis-22970"
-144.5,53,0.49,"Trachurus symmetricus","Fis-22970"
-144,53,0.51,"Trachurus symmetricus","Fis-22970"
-143.5,53,0.52,"Trachurus symmetricus","Fis-22970"
-143,53,0.53,"Trachurus symmetricus","Fis-22970"
-142.5,53,0.54,"Trachurus symmetricus","Fis-22970"
-142,53,0.56,"Trachurus symmetricus","Fis-22970"
-141.5,53,0.57,"Trachurus symmetricus","Fis-22970"
-141,53,0.59,"Trachurus symmetricus","Fis-22970"
-140.5,53,0.6,"Trachurus symmetricus","Fis-22970"
-140,53,0.61,"Trachurus symmetricus","Fis-22970"
-139.5,53,0.62,"Trachurus symmetricus","Fis-22970"
-139,53,0.64,"Trachurus symmetricus","Fis-22970"
-138.5,53,0.65,"Trachurus symmetricus","Fis-22970"
-138,53,0.66,"Trachurus symmetricus","Fis-22970"
-137.5,53,0.68,"Trachurus symmetricus","Fis-22970"
-137,53,0.69,"Trachurus symmetricus","Fis-22970"
-136.5,53,0.71,"Trachurus symmetricus","Fis-22970"
-136,53,0.73,"Trachurus symmetricus","Fis-22970"
-135.5,53,0.74,"Trachurus symmetricus","Fis-22970"
-135,53,0.76,"Trachurus symmetricus","Fis-22970"
-134.5,53,0.78,"Trachurus symmetricus","Fis-22970"
-134,53,0.79,"Trachurus symmetricus","Fis-22970"
-133.5,53,0.81,"Trachurus symmetricus","Fis-22970"
-133,53,0.81,"Trachurus symmetricus","Fis-22970"
-132.5,53,0.8,"Trachurus symmetricus","Fis-22970"
-132,53,0.76,"Trachurus symmetricus","Fis-22970"
-131.5,53,0.71,"Trachurus symmetricus","Fis-22970"
-131,53,0.7,"Trachurus symmetricus","Fis-22970"
-130.5,53,0.65,"Trachurus symmetricus","Fis-22970"
-130,53,0.61,"Trachurus symmetricus","Fis-22970"
-129.5,53,0.62,"Trachurus symmetricus","Fis-22970"
-129,53,0.65,"Trachurus symmetricus","Fis-22970"
-128.5,53,0.03,"Trachurus symmetricus","Fis-22970"
-128,53,0.01,"Trachurus symmetricus","Fis-22970"
-174.5,52.5,0.2,"Trachurus symmetricus","Fis-22970"
-174,52.5,0.2,"Trachurus symmetricus","Fis-22970"
-173.5,52.5,0.19,"Trachurus symmetricus","Fis-22970"
-173,52.5,0.19,"Trachurus symmetricus","Fis-22970"
-172.5,52.5,0.18,"Trachurus symmetricus","Fis-22970"
-172,52.5,0.17,"Trachurus symmetricus","Fis-22970"
-171.5,52.5,0.16,"Trachurus symmetricus","Fis-22970"
-171,52.5,0.16,"Trachurus symmetricus","Fis-22970"
-170.5,52.5,0.16,"Trachurus symmetricus","Fis-22970"
-170,52.5,0.17,"Trachurus symmetricus","Fis-22970"
-169.5,52.5,0.19,"Trachurus symmetricus","Fis-22970"
-169,52.5,0.21,"Trachurus symmetricus","Fis-22970"
-168.5,52.5,0.24,"Trachurus symmetricus","Fis-22970"
-168,52.5,0.27,"Trachurus symmetricus","Fis-22970"
-167.5,52.5,0.29,"Trachurus symmetricus","Fis-22970"
-167,52.5,0.31,"Trachurus symmetricus","Fis-22970"
-166.5,52.5,0.32,"Trachurus symmetricus","Fis-22970"
-166,52.5,0.33,"Trachurus symmetricus","Fis-22970"
-165.5,52.5,0.33,"Trachurus symmetricus","Fis-22970"
-165,52.5,0.32,"Trachurus symmetricus","Fis-22970"
-164.5,52.5,0.32,"Trachurus symmetricus","Fis-22970"
-164,52.5,0.32,"Trachurus symmetricus","Fis-22970"
-163.5,52.5,0.32,"Trachurus symmetricus","Fis-22970"
-163,52.5,0.32,"Trachurus symmetricus","Fis-22970"
-162.5,52.5,0.32,"Trachurus symmetricus","Fis-22970"
-162,52.5,0.32,"Trachurus symmetricus","Fis-22970"
-161.5,52.5,0.32,"Trachurus symmetricus","Fis-22970"
-161,52.5,0.33,"Trachurus symmetricus","Fis-22970"
-160.5,52.5,0.33,"Trachurus symmetricus","Fis-22970"
-160,52.5,0.34,"Trachurus symmetricus","Fis-22970"
-159.5,52.5,0.34,"Trachurus symmetricus","Fis-22970"
-159,52.5,0.34,"Trachurus symmetricus","Fis-22970"
-158.5,52.5,0.35,"Trachurus symmetricus","Fis-22970"
-158,52.5,0.35,"Trachurus symmetricus","Fis-22970"
-157.5,52.5,0.36,"Trachurus symmetricus","Fis-22970"
-157,52.5,0.36,"Trachurus symmetricus","Fis-22970"
-156.5,52.5,0.36,"Trachurus symmetricus","Fis-22970"
-156,52.5,0.36,"Trachurus symmetricus","Fis-22970"
-155.5,52.5,0.36,"Trachurus symmetricus","Fis-22970"
-155,52.5,0.36,"Trachurus symmetricus","Fis-22970"
-154.5,52.5,0.36,"Trachurus symmetricus","Fis-22970"
-154,52.5,0.37,"Trachurus symmetricus","Fis-22970"
-153.5,52.5,0.37,"Trachurus symmetricus","Fis-22970"
-153,52.5,0.38,"Trachurus symmetricus","Fis-22970"
-152.5,52.5,0.38,"Trachurus symmetricus","Fis-22970"
-152,52.5,0.38,"Trachurus symmetricus","Fis-22970"
-151.5,52.5,0.39,"Trachurus symmetricus","Fis-22970"
-151,52.5,0.39,"Trachurus symmetricus","Fis-22970"
-150.5,52.5,0.4,"Trachurus symmetricus","Fis-22970"
-150,52.5,0.4,"Trachurus symmetricus","Fis-22970"
-149.5,52.5,0.41,"Trachurus symmetricus","Fis-22970"
-149,52.5,0.41,"Trachurus symmetricus","Fis-22970"
-148.5,52.5,0.42,"Trachurus symmetricus","Fis-22970"
-148,52.5,0.43,"Trachurus symmetricus","Fis-22970"
-147.5,52.5,0.43,"Trachurus symmetricus","Fis-22970"
-147,52.5,0.44,"Trachurus symmetricus","Fis-22970"
-146.5,52.5,0.45,"Trachurus symmetricus","Fis-22970"
-146,52.5,0.46,"Trachurus symmetricus","Fis-22970"
-145.5,52.5,0.47,"Trachurus symmetricus","Fis-22970"
-145,52.5,0.49,"Trachurus symmetricus","Fis-22970"
-144.5,52.5,0.5,"Trachurus symmetricus","Fis-22970"
-144,52.5,0.52,"Trachurus symmetricus","Fis-22970"
-143.5,52.5,0.53,"Trachurus symmetricus","Fis-22970"
-143,52.5,0.54,"Trachurus symmetricus","Fis-22970"
-142.5,52.5,0.55,"Trachurus symmetricus","Fis-22970"
-142,52.5,0.56,"Trachurus symmetricus","Fis-22970"
-141.5,52.5,0.58,"Trachurus symmetricus","Fis-22970"
-141,52.5,0.59,"Trachurus symmetricus","Fis-22970"
-140.5,52.5,0.6,"Trachurus symmetricus","Fis-22970"
-140,52.5,0.62,"Trachurus symmetricus","Fis-22970"
-139.5,52.5,0.63,"Trachurus symmetricus","Fis-22970"
-139,52.5,0.65,"Trachurus symmetricus","Fis-22970"
-138.5,52.5,0.66,"Trachurus symmetricus","Fis-22970"
-138,52.5,0.67,"Trachurus symmetricus","Fis-22970"
-137.5,52.5,0.69,"Trachurus symmetricus","Fis-22970"
-137,52.5,0.7,"Trachurus symmetricus","Fis-22970"
-136.5,52.5,0.72,"Trachurus symmetricus","Fis-22970"
-136,52.5,0.73,"Trachurus symmetricus","Fis-22970"
-135.5,52.5,0.75,"Trachurus symmetricus","Fis-22970"
-135,52.5,0.77,"Trachurus symmetricus","Fis-22970"
-134.5,52.5,0.78,"Trachurus symmetricus","Fis-22970"
-134,52.5,0.8,"Trachurus symmetricus","Fis-22970"
-133.5,52.5,0.81,"Trachurus symmetricus","Fis-22970"
-133,52.5,0.82,"Trachurus symmetricus","Fis-22970"
-132.5,52.5,0.82,"Trachurus symmetricus","Fis-22970"
-132,52.5,0.81,"Trachurus symmetricus","Fis-22970"
-131.5,52.5,0.78,"Trachurus symmetricus","Fis-22970"
-131,52.5,0.77,"Trachurus symmetricus","Fis-22970"
-130.5,52.5,0.78,"Trachurus symmetricus","Fis-22970"
-130,52.5,0.77,"Trachurus symmetricus","Fis-22970"
-129.5,52.5,0.72,"Trachurus symmetricus","Fis-22970"
-129,52.5,0.7,"Trachurus symmetricus","Fis-22970"
-128.5,52.5,0.71,"Trachurus symmetricus","Fis-22970"
-128,52.5,0.72,"Trachurus symmetricus","Fis-22970"
-127.5,52.5,0.01,"Trachurus symmetricus","Fis-22970"
-127,52.5,0.01,"Trachurus symmetricus","Fis-22970"
-174.5,52,0.19,"Trachurus symmetricus","Fis-22970"
-174,52,0.2,"Trachurus symmetricus","Fis-22970"
-173.5,52,0.19,"Trachurus symmetricus","Fis-22970"
-173,52,0.19,"Trachurus symmetricus","Fis-22970"
-172.5,52,0.18,"Trachurus symmetricus","Fis-22970"
-172,52,0.18,"Trachurus symmetricus","Fis-22970"
-171.5,52,0.19,"Trachurus symmetricus","Fis-22970"
-171,52,0.21,"Trachurus symmetricus","Fis-22970"
-170.5,52,0.23,"Trachurus symmetricus","Fis-22970"
-170,52,0.25,"Trachurus symmetricus","Fis-22970"
-169.5,52,0.27,"Trachurus symmetricus","Fis-22970"
-169,52,0.29,"Trachurus symmetricus","Fis-22970"
-168.5,52,0.3,"Trachurus symmetricus","Fis-22970"
-168,52,0.31,"Trachurus symmetricus","Fis-22970"
-167.5,52,0.31,"Trachurus symmetricus","Fis-22970"
-167,52,0.31,"Trachurus symmetricus","Fis-22970"
-166.5,52,0.31,"Trachurus symmetricus","Fis-22970"
-166,52,0.32,"Trachurus symmetricus","Fis-22970"
-165.5,52,0.31,"Trachurus symmetricus","Fis-22970"
-165,52,0.31,"Trachurus symmetricus","Fis-22970"
-164.5,52,0.31,"Trachurus symmetricus","Fis-22970"
-164,52,0.31,"Trachurus symmetricus","Fis-22970"
-163.5,52,0.31,"Trachurus symmetricus","Fis-22970"
-163,52,0.31,"Trachurus symmetricus","Fis-22970"
-162.5,52,0.31,"Trachurus symmetricus","Fis-22970"
-162,52,0.32,"Trachurus symmetricus","Fis-22970"
-161.5,52,0.32,"Trachurus symmetricus","Fis-22970"
-161,52,0.32,"Trachurus symmetricus","Fis-22970"
-160.5,52,0.33,"Trachurus symmetricus","Fis-22970"
-160,52,0.33,"Trachurus symmetricus","Fis-22970"
-159.5,52,0.34,"Trachurus symmetricus","Fis-22970"
-159,52,0.34,"Trachurus symmetricus","Fis-22970"
-158.5,52,0.35,"Trachurus symmetricus","Fis-22970"
-158,52,0.35,"Trachurus symmetricus","Fis-22970"
-157.5,52,0.36,"Trachurus symmetricus","Fis-22970"
-157,52,0.36,"Trachurus symmetricus","Fis-22970"
-156.5,52,0.36,"Trachurus symmetricus","Fis-22970"
-156,52,0.36,"Trachurus symmetricus","Fis-22970"
-155.5,52,0.36,"Trachurus symmetricus","Fis-22970"
-155,52,0.37,"Trachurus symmetricus","Fis-22970"
-154.5,52,0.37,"Trachurus symmetricus","Fis-22970"
-154,52,0.38,"Trachurus symmetricus","Fis-22970"
-153.5,52,0.38,"Trachurus symmetricus","Fis-22970"
-153,52,0.39,"Trachurus symmetricus","Fis-22970"
-152.5,52,0.39,"Trachurus symmetricus","Fis-22970"
-152,52,0.4,"Trachurus symmetricus","Fis-22970"
-151.5,52,0.4,"Trachurus symmetricus","Fis-22970"
-151,52,0.41,"Trachurus symmetricus","Fis-22970"
-150.5,52,0.41,"Trachurus symmetricus","Fis-22970"
-150,52,0.42,"Trachurus symmetricus","Fis-22970"
-149.5,52,0.42,"Trachurus symmetricus","Fis-22970"
-149,52,0.43,"Trachurus symmetricus","Fis-22970"
-148.5,52,0.44,"Trachurus symmetricus","Fis-22970"
-148,52,0.44,"Trachurus symmetricus","Fis-22970"
-147.5,52,0.45,"Trachurus symmetricus","Fis-22970"
-147,52,0.46,"Trachurus symmetricus","Fis-22970"
-146.5,52,0.48,"Trachurus symmetricus","Fis-22970"
-146,52,0.48,"Trachurus symmetricus","Fis-22970"
-145.5,52,0.49,"Trachurus symmetricus","Fis-22970"
-145,52,0.51,"Trachurus symmetricus","Fis-22970"
-144.5,52,0.52,"Trachurus symmetricus","Fis-22970"
-144,52,0.53,"Trachurus symmetricus","Fis-22970"
-143.5,52,0.55,"Trachurus symmetricus","Fis-22970"
-143,52,0.56,"Trachurus symmetricus","Fis-22970"
-142.5,52,0.57,"Trachurus symmetricus","Fis-22970"
-142,52,0.58,"Trachurus symmetricus","Fis-22970"
-141.5,52,0.59,"Trachurus symmetricus","Fis-22970"
-141,52,0.6,"Trachurus symmetricus","Fis-22970"
-140.5,52,0.61,"Trachurus symmetricus","Fis-22970"
-140,52,0.63,"Trachurus symmetricus","Fis-22970"
-139.5,52,0.64,"Trachurus symmetricus","Fis-22970"
-139,52,0.66,"Trachurus symmetricus","Fis-22970"
-138.5,52,0.67,"Trachurus symmetricus","Fis-22970"
-138,52,0.69,"Trachurus symmetricus","Fis-22970"
-137.5,52,0.7,"Trachurus symmetricus","Fis-22970"
-137,52,0.71,"Trachurus symmetricus","Fis-22970"
-136.5,52,0.73,"Trachurus symmetricus","Fis-22970"
-136,52,0.75,"Trachurus symmetricus","Fis-22970"
-135.5,52,0.76,"Trachurus symmetricus","Fis-22970"
-135,52,0.78,"Trachurus symmetricus","Fis-22970"
-134.5,52,0.79,"Trachurus symmetricus","Fis-22970"
-134,52,0.81,"Trachurus symmetricus","Fis-22970"
-133.5,52,0.82,"Trachurus symmetricus","Fis-22970"
-133,52,0.83,"Trachurus symmetricus","Fis-22970"
-132.5,52,0.84,"Trachurus symmetricus","Fis-22970"
-132,52,0.83,"Trachurus symmetricus","Fis-22970"
-131.5,52,0.82,"Trachurus symmetricus","Fis-22970"
-131,52,0.82,"Trachurus symmetricus","Fis-22970"
-130.5,52,0.85,"Trachurus symmetricus","Fis-22970"
-130,52,0.86,"Trachurus symmetricus","Fis-22970"
-129.5,52,0.84,"Trachurus symmetricus","Fis-22970"
-129,52,0.8,"Trachurus symmetricus","Fis-22970"
-128.5,52,0.78,"Trachurus symmetricus","Fis-22970"
-128,52,0.76,"Trachurus symmetricus","Fis-22970"
-127.5,52,0.74,"Trachurus symmetricus","Fis-22970"
-127,52,0.02,"Trachurus symmetricus","Fis-22970"
-174.5,51.5,0.22,"Trachurus symmetricus","Fis-22970"
-174,51.5,0.22,"Trachurus symmetricus","Fis-22970"
-173.5,51.5,0.23,"Trachurus symmetricus","Fis-22970"
-173,51.5,0.24,"Trachurus symmetricus","Fis-22970"
-172.5,51.5,0.25,"Trachurus symmetricus","Fis-22970"
-172,51.5,0.25,"Trachurus symmetricus","Fis-22970"
-171.5,51.5,0.27,"Trachurus symmetricus","Fis-22970"
-171,51.5,0.28,"Trachurus symmetricus","Fis-22970"
-170.5,51.5,0.28,"Trachurus symmetricus","Fis-22970"
-170,51.5,0.29,"Trachurus symmetricus","Fis-22970"
-169.5,51.5,0.3,"Trachurus symmetricus","Fis-22970"
-169,51.5,0.3,"Trachurus symmetricus","Fis-22970"
-168.5,51.5,0.3,"Trachurus symmetricus","Fis-22970"
-168,51.5,0.31,"Trachurus symmetricus","Fis-22970"
-167.5,51.5,0.31,"Trachurus symmetricus","Fis-22970"
-167,51.5,0.31,"Trachurus symmetricus","Fis-22970"
-166.5,51.5,0.31,"Trachurus symmetricus","Fis-22970"
-166,51.5,0.31,"Trachurus symmetricus","Fis-22970"
-165.5,51.5,0.31,"Trachurus symmetricus","Fis-22970"
-165,51.5,0.31,"Trachurus symmetricus","Fis-22970"
-164.5,51.5,0.31,"Trachurus symmetricus","Fis-22970"
-164,51.5,0.32,"Trachurus symmetricus","Fis-22970"
-163.5,51.5,0.32,"Trachurus symmetricus","Fis-22970"
-163,51.5,0.32,"Trachurus symmetricus","Fis-22970"
-162.5,51.5,0.32,"Trachurus symmetricus","Fis-22970"
-162,51.5,0.32,"Trachurus symmetricus","Fis-22970"
-161.5,51.5,0.33,"Trachurus symmetricus","Fis-22970"
-161,51.5,0.33,"Trachurus symmetricus","Fis-22970"
-160.5,51.5,0.33,"Trachurus symmetricus","Fis-22970"
-160,51.5,0.34,"Trachurus symmetricus","Fis-22970"
-159.5,51.5,0.35,"Trachurus symmetricus","Fis-22970"
-159,51.5,0.35,"Trachurus symmetricus","Fis-22970"
-158.5,51.5,0.36,"Trachurus symmetricus","Fis-22970"
-158,51.5,0.36,"Trachurus symmetricus","Fis-22970"
-157.5,51.5,0.36,"Trachurus symmetricus","Fis-22970"
-157,51.5,0.36,"Trachurus symmetricus","Fis-22970"
-156.5,51.5,0.37,"Trachurus symmetricus","Fis-22970"
-156,51.5,0.37,"Trachurus symmetricus","Fis-22970"
-155.5,51.5,0.37,"Trachurus symmetricus","Fis-22970"
-155,51.5,0.38,"Trachurus symmetricus","Fis-22970"
-154.5,51.5,0.38,"Trachurus symmetricus","Fis-22970"
-154,51.5,0.39,"Trachurus symmetricus","Fis-22970"
-153.5,51.5,0.4,"Trachurus symmetricus","Fis-22970"
-153,51.5,0.4,"Trachurus symmetricus","Fis-22970"
-152.5,51.5,0.41,"Trachurus symmetricus","Fis-22970"
-152,51.5,0.41,"Trachurus symmetricus","Fis-22970"
-151.5,51.5,0.42,"Trachurus symmetricus","Fis-22970"
-151,51.5,0.43,"Trachurus symmetricus","Fis-22970"
-150.5,51.5,0.43,"Trachurus symmetricus","Fis-22970"
-150,51.5,0.44,"Trachurus symmetricus","Fis-22970"
-149.5,51.5,0.45,"Trachurus symmetricus","Fis-22970"
-149,51.5,0.46,"Trachurus symmetricus","Fis-22970"
-148.5,51.5,0.46,"Trachurus symmetricus","Fis-22970"
-148,51.5,0.47,"Trachurus symmetricus","Fis-22970"
-147.5,51.5,0.48,"Trachurus symmetricus","Fis-22970"
-147,51.5,0.49,"Trachurus symmetricus","Fis-22970"
-146.5,51.5,0.5,"Trachurus symmetricus","Fis-22970"
-146,51.5,0.51,"Trachurus symmetricus","Fis-22970"
-145.5,51.5,0.52,"Trachurus symmetricus","Fis-22970"
-145,51.5,0.53,"Trachurus symmetricus","Fis-22970"
-144.5,51.5,0.54,"Trachurus symmetricus","Fis-22970"
-144,51.5,0.55,"Trachurus symmetricus","Fis-22970"
-143.5,51.5,0.56,"Trachurus symmetricus","Fis-22970"
-143,51.5,0.57,"Trachurus symmetricus","Fis-22970"
-142.5,51.5,0.58,"Trachurus symmetricus","Fis-22970"
-142,51.5,0.6,"Trachurus symmetricus","Fis-22970"
-141.5,51.5,0.61,"Trachurus symmetricus","Fis-22970"
-141,51.5,0.62,"Trachurus symmetricus","Fis-22970"
-140.5,51.5,0.63,"Trachurus symmetricus","Fis-22970"
-140,51.5,0.64,"Trachurus symmetricus","Fis-22970"
-139.5,51.5,0.65,"Trachurus symmetricus","Fis-22970"
-139,51.5,0.67,"Trachurus symmetricus","Fis-22970"
-138.5,51.5,0.68,"Trachurus symmetricus","Fis-22970"
-138,51.5,0.7,"Trachurus symmetricus","Fis-22970"
-137.5,51.5,0.71,"Trachurus symmetricus","Fis-22970"
-137,51.5,0.73,"Trachurus symmetricus","Fis-22970"
-136.5,51.5,0.74,"Trachurus symmetricus","Fis-22970"
-136,51.5,0.76,"Trachurus symmetricus","Fis-22970"
-135.5,51.5,0.77,"Trachurus symmetricus","Fis-22970"
-135,51.5,0.79,"Trachurus symmetricus","Fis-22970"
-134.5,51.5,0.8,"Trachurus symmetricus","Fis-22970"
-134,51.5,0.82,"Trachurus symmetricus","Fis-22970"
-133.5,51.5,0.83,"Trachurus symmetricus","Fis-22970"
-133,51.5,0.84,"Trachurus symmetricus","Fis-22970"
-132.5,51.5,0.85,"Trachurus symmetricus","Fis-22970"
-132,51.5,0.85,"Trachurus symmetricus","Fis-22970"
-131.5,51.5,0.85,"Trachurus symmetricus","Fis-22970"
-131,51.5,0.83,"Trachurus symmetricus","Fis-22970"
-130.5,51.5,0.85,"Trachurus symmetricus","Fis-22970"
-130,51.5,0.88,"Trachurus symmetricus","Fis-22970"
-129.5,51.5,0.88,"Trachurus symmetricus","Fis-22970"
-129,51.5,0.88,"Trachurus symmetricus","Fis-22970"
-128.5,51.5,0.83,"Trachurus symmetricus","Fis-22970"
-128,51.5,0.77,"Trachurus symmetricus","Fis-22970"
-127.5,51.5,0.72,"Trachurus symmetricus","Fis-22970"
-127,51.5,0.03,"Trachurus symmetricus","Fis-22970"
-174.5,51,0.28,"Trachurus symmetricus","Fis-22970"
-174,51,0.29,"Trachurus symmetricus","Fis-22970"
-173.5,51,0.29,"Trachurus symmetricus","Fis-22970"
-173,51,0.29,"Trachurus symmetricus","Fis-22970"
-172.5,51,0.29,"Trachurus symmetricus","Fis-22970"
-172,51,0.29,"Trachurus symmetricus","Fis-22970"
-171.5,51,0.29,"Trachurus symmetricus","Fis-22970"
-171,51,0.29,"Trachurus symmetricus","Fis-22970"
-170.5,51,0.29,"Trachurus symmetricus","Fis-22970"
-170,51,0.3,"Trachurus symmetricus","Fis-22970"
-169.5,51,0.3,"Trachurus symmetricus","Fis-22970"
-169,51,0.3,"Trachurus symmetricus","Fis-22970"
-168.5,51,0.3,"Trachurus symmetricus","Fis-22970"
-168,51,0.31,"Trachurus symmetricus","Fis-22970"
-167.5,51,0.31,"Trachurus symmetricus","Fis-22970"
-167,51,0.31,"Trachurus symmetricus","Fis-22970"
-166.5,51,0.31,"Trachurus symmetricus","Fis-22970"
-166,51,0.31,"Trachurus symmetricus","Fis-22970"
-165.5,51,0.32,"Trachurus symmetricus","Fis-22970"
-165,51,0.32,"Trachurus symmetricus","Fis-22970"
-164.5,51,0.32,"Trachurus symmetricus","Fis-22970"
-164,51,0.32,"Trachurus symmetricus","Fis-22970"
-163.5,51,0.33,"Trachurus symmetricus","Fis-22970"
-163,51,0.33,"Trachurus symmetricus","Fis-22970"
-162.5,51,0.33,"Trachurus symmetricus","Fis-22970"
-162,51,0.33,"Trachurus symmetricus","Fis-22970"
-161.5,51,0.34,"Trachurus symmetricus","Fis-22970"
-161,51,0.34,"Trachurus symmetricus","Fis-22970"
-160.5,51,0.34,"Trachurus symmetricus","Fis-22970"
-160,51,0.35,"Trachurus symmetricus","Fis-22970"
-159.5,51,0.36,"Trachurus symmetricus","Fis-22970"
-159,51,0.36,"Trachurus symmetricus","Fis-22970"
-158.5,51,0.36,"Trachurus symmetricus","Fis-22970"
-158,51,0.37,"Trachurus symmetricus","Fis-22970"
-157.5,51,0.37,"Trachurus symmetricus","Fis-22970"
-157,51,0.38,"Trachurus symmetricus","Fis-22970"
-156.5,51,0.38,"Trachurus symmetricus","Fis-22970"
-156,51,0.38,"Trachurus symmetricus","Fis-22970"
-155.5,51,0.39,"Trachurus symmetricus","Fis-22970"
-155,51,0.39,"Trachurus symmetricus","Fis-22970"
-154.5,51,0.4,"Trachurus symmetricus","Fis-22970"
-154,51,0.4,"Trachurus symmetricus","Fis-22970"
-153.5,51,0.41,"Trachurus symmetricus","Fis-22970"
-153,51,0.42,"Trachurus symmetricus","Fis-22970"
-152.5,51,0.42,"Trachurus symmetricus","Fis-22970"
-152,51,0.43,"Trachurus symmetricus","Fis-22970"
-151.5,51,0.44,"Trachurus symmetricus","Fis-22970"
-151,51,0.45,"Trachurus symmetricus","Fis-22970"
-150.5,51,0.45,"Trachurus symmetricus","Fis-22970"
-150,51,0.46,"Trachurus symmetricus","Fis-22970"
-149.5,51,0.47,"Trachurus symmetricus","Fis-22970"
-149,51,0.48,"Trachurus symmetricus","Fis-22970"
-148.5,51,0.49,"Trachurus symmetricus","Fis-22970"
-148,51,0.5,"Trachurus symmetricus","Fis-22970"
-147.5,51,0.51,"Trachurus symmetricus","Fis-22970"
-147,51,0.52,"Trachurus symmetricus","Fis-22970"
-146.5,51,0.53,"Trachurus symmetricus","Fis-22970"
-146,51,0.54,"Trachurus symmetricus","Fis-22970"
-145.5,51,0.55,"Trachurus symmetricus","Fis-22970"
-145,51,0.56,"Trachurus symmetricus","Fis-22970"
-144.5,51,0.57,"Trachurus symmetricus","Fis-22970"
-144,51,0.57,"Trachurus symmetricus","Fis-22970"
-143.5,51,0.58,"Trachurus symmetricus","Fis-22970"
-143,51,0.59,"Trachurus symmetricus","Fis-22970"
-142.5,51,0.6,"Trachurus symmetricus","Fis-22970"
-142,51,0.61,"Trachurus symmetricus","Fis-22970"
-141.5,51,0.63,"Trachurus symmetricus","Fis-22970"
-141,51,0.64,"Trachurus symmetricus","Fis-22970"
-140.5,51,0.65,"Trachurus symmetricus","Fis-22970"
-140,51,0.66,"Trachurus symmetricus","Fis-22970"
-139.5,51,0.67,"Trachurus symmetricus","Fis-22970"
-139,51,0.68,"Trachurus symmetricus","Fis-22970"
-138.5,51,0.69,"Trachurus symmetricus","Fis-22970"
-138,51,0.71,"Trachurus symmetricus","Fis-22970"
-137.5,51,0.72,"Trachurus symmetricus","Fis-22970"
-137,51,0.74,"Trachurus symmetricus","Fis-22970"
-136.5,51,0.76,"Trachurus symmetricus","Fis-22970"
-136,51,0.77,"Trachurus symmetricus","Fis-22970"
-135.5,51,0.78,"Trachurus symmetricus","Fis-22970"
-135,51,0.79,"Trachurus symmetricus","Fis-22970"
-134.5,51,0.81,"Trachurus symmetricus","Fis-22970"
-134,51,0.82,"Trachurus symmetricus","Fis-22970"
-133.5,51,0.84,"Trachurus symmetricus","Fis-22970"
-133,51,0.85,"Trachurus symmetricus","Fis-22970"
-132.5,51,0.86,"Trachurus symmetricus","Fis-22970"
-132,51,0.87,"Trachurus symmetricus","Fis-22970"
-131.5,51,0.88,"Trachurus symmetricus","Fis-22970"
-131,51,0.89,"Trachurus symmetricus","Fis-22970"
-130.5,51,0.9,"Trachurus symmetricus","Fis-22970"
-130,51,0.9,"Trachurus symmetricus","Fis-22970"
-129.5,51,0.9,"Trachurus symmetricus","Fis-22970"
-129,51,0.89,"Trachurus symmetricus","Fis-22970"
-128.5,51,0.86,"Trachurus symmetricus","Fis-22970"
-128,51,0.8,"Trachurus symmetricus","Fis-22970"
-127.5,51,0.7,"Trachurus symmetricus","Fis-22970"
-127,51,0.36,"Trachurus symmetricus","Fis-22970"
-126.5,51,0.01,"Trachurus symmetricus","Fis-22970"
-125.5,51,0.01,"Trachurus symmetricus","Fis-22970"
-174.5,50.5,0.3,"Trachurus symmetricus","Fis-22970"
-174,50.5,0.3,"Trachurus symmetricus","Fis-22970"
-173.5,50.5,0.31,"Trachurus symmetricus","Fis-22970"
-173,50.5,0.31,"Trachurus symmetricus","Fis-22970"
-172.5,50.5,0.31,"Trachurus symmetricus","Fis-22970"
-172,50.5,0.31,"Trachurus symmetricus","Fis-22970"
-171.5,50.5,0.3,"Trachurus symmetricus","Fis-22970"
-171,50.5,0.3,"Trachurus symmetricus","Fis-22970"
-170.5,50.5,0.3,"Trachurus symmetricus","Fis-22970"
-170,50.5,0.31,"Trachurus symmetricus","Fis-22970"
-169.5,50.5,0.31,"Trachurus symmetricus","Fis-22970"
-169,50.5,0.31,"Trachurus symmetricus","Fis-22970"
-168.5,50.5,0.31,"Trachurus symmetricus","Fis-22970"
-168,50.5,0.31,"Trachurus symmetricus","Fis-22970"
-167.5,50.5,0.32,"Trachurus symmetricus","Fis-22970"
-167,50.5,0.32,"Trachurus symmetricus","Fis-22970"
-166.5,50.5,0.32,"Trachurus symmetricus","Fis-22970"
-166,50.5,0.32,"Trachurus symmetricus","Fis-22970"
-165.5,50.5,0.33,"Trachurus symmetricus","Fis-22970"
-165,50.5,0.33,"Trachurus symmetricus","Fis-22970"
-164.5,50.5,0.34,"Trachurus symmetricus","Fis-22970"
-164,50.5,0.34,"Trachurus symmetricus","Fis-22970"
-163.5,50.5,0.34,"Trachurus symmetricus","Fis-22970"
-163,50.5,0.35,"Trachurus symmetricus","Fis-22970"
-162.5,50.5,0.35,"Trachurus symmetricus","Fis-22970"
-162,50.5,0.35,"Trachurus symmetricus","Fis-22970"
-161.5,50.5,0.35,"Trachurus symmetricus","Fis-22970"
-161,50.5,0.36,"Trachurus symmetricus","Fis-22970"
-160.5,50.5,0.36,"Trachurus symmetricus","Fis-22970"
-160,50.5,0.36,"Trachurus symmetricus","Fis-22970"
-159.5,50.5,0.37,"Trachurus symmetricus","Fis-22970"
-159,50.5,0.37,"Trachurus symmetricus","Fis-22970"
-158.5,50.5,0.38,"Trachurus symmetricus","Fis-22970"
-158,50.5,0.38,"Trachurus symmetricus","Fis-22970"
-157.5,50.5,0.39,"Trachurus symmetricus","Fis-22970"
-157,50.5,0.39,"Trachurus symmetricus","Fis-22970"
-156.5,50.5,0.4,"Trachurus symmetricus","Fis-22970"
-156,50.5,0.4,"Trachurus symmetricus","Fis-22970"
-155.5,50.5,0.41,"Trachurus symmetricus","Fis-22970"
-155,50.5,0.41,"Trachurus symmetricus","Fis-22970"
-154.5,50.5,0.42,"Trachurus symmetricus","Fis-22970"
-154,50.5,0.42,"Trachurus symmetricus","Fis-22970"
-153.5,50.5,0.43,"Trachurus symmetricus","Fis-22970"
-153,50.5,0.43,"Trachurus symmetricus","Fis-22970"
-152.5,50.5,0.44,"Trachurus symmetricus","Fis-22970"
-152,50.5,0.45,"Trachurus symmetricus","Fis-22970"
-151.5,50.5,0.46,"Trachurus symmetricus","Fis-22970"
-151,50.5,0.46,"Trachurus symmetricus","Fis-22970"
-150.5,50.5,0.47,"Trachurus symmetricus","Fis-22970"
-150,50.5,0.48,"Trachurus symmetricus","Fis-22970"
-149.5,50.5,0.49,"Trachurus symmetricus","Fis-22970"
-149,50.5,0.5,"Trachurus symmetricus","Fis-22970"
-148.5,50.5,0.51,"Trachurus symmetricus","Fis-22970"
-148,50.5,0.52,"Trachurus symmetricus","Fis-22970"
-147.5,50.5,0.53,"Trachurus symmetricus","Fis-22970"
-147,50.5,0.55,"Trachurus symmetricus","Fis-22970"
-146.5,50.5,0.56,"Trachurus symmetricus","Fis-22970"
-146,50.5,0.57,"Trachurus symmetricus","Fis-22970"
-145.5,50.5,0.57,"Trachurus symmetricus","Fis-22970"
-145,50.5,0.58,"Trachurus symmetricus","Fis-22970"
-144.5,50.5,0.59,"Trachurus symmetricus","Fis-22970"
-144,50.5,0.6,"Trachurus symmetricus","Fis-22970"
-143.5,50.5,0.61,"Trachurus symmetricus","Fis-22970"
-143,50.5,0.61,"Trachurus symmetricus","Fis-22970"
-142.5,50.5,0.62,"Trachurus symmetricus","Fis-22970"
-142,50.5,0.63,"Trachurus symmetricus","Fis-22970"
-141.5,50.5,0.64,"Trachurus symmetricus","Fis-22970"
-141,50.5,0.65,"Trachurus symmetricus","Fis-22970"
-140.5,50.5,0.67,"Trachurus symmetricus","Fis-22970"
-140,50.5,0.68,"Trachurus symmetricus","Fis-22970"
-139.5,50.5,0.69,"Trachurus symmetricus","Fis-22970"
-139,50.5,0.71,"Trachurus symmetricus","Fis-22970"
-138.5,50.5,0.72,"Trachurus symmetricus","Fis-22970"
-138,50.5,0.73,"Trachurus symmetricus","Fis-22970"
-137.5,50.5,0.74,"Trachurus symmetricus","Fis-22970"
-137,50.5,0.76,"Trachurus symmetricus","Fis-22970"
-136.5,50.5,0.77,"Trachurus symmetricus","Fis-22970"
-136,50.5,0.78,"Trachurus symmetricus","Fis-22970"
-135.5,50.5,0.79,"Trachurus symmetricus","Fis-22970"
-135,50.5,0.8,"Trachurus symmetricus","Fis-22970"
-134.5,50.5,0.82,"Trachurus symmetricus","Fis-22970"
-134,50.5,0.83,"Trachurus symmetricus","Fis-22970"
-133.5,50.5,0.84,"Trachurus symmetricus","Fis-22970"
-133,50.5,0.86,"Trachurus symmetricus","Fis-22970"
-132.5,50.5,0.87,"Trachurus symmetricus","Fis-22970"
-132,50.5,0.88,"Trachurus symmetricus","Fis-22970"
-131.5,50.5,0.89,"Trachurus symmetricus","Fis-22970"
-131,50.5,0.9,"Trachurus symmetricus","Fis-22970"
-130.5,50.5,0.91,"Trachurus symmetricus","Fis-22970"
-130,50.5,0.91,"Trachurus symmetricus","Fis-22970"
-129.5,50.5,0.91,"Trachurus symmetricus","Fis-22970"
-129,50.5,0.89,"Trachurus symmetricus","Fis-22970"
-128.5,50.5,0.85,"Trachurus symmetricus","Fis-22970"
-128,50.5,0.78,"Trachurus symmetricus","Fis-22970"
-127.5,50.5,0.51,"Trachurus symmetricus","Fis-22970"
-127,50.5,0.38,"Trachurus symmetricus","Fis-22970"
-126.5,50.5,0.35,"Trachurus symmetricus","Fis-22970"
-126,50.5,0.33,"Trachurus symmetricus","Fis-22970"
-174.5,50,0.31,"Trachurus symmetricus","Fis-22970"
-174,50,0.31,"Trachurus symmetricus","Fis-22970"
-173.5,50,0.31,"Trachurus symmetricus","Fis-22970"
-173,50,0.32,"Trachurus symmetricus","Fis-22970"
-172.5,50,0.32,"Trachurus symmetricus","Fis-22970"
-172,50,0.32,"Trachurus symmetricus","Fis-22970"
-171.5,50,0.31,"Trachurus symmetricus","Fis-22970"
-171,50,0.32,"Trachurus symmetricus","Fis-22970"
-170.5,50,0.32,"Trachurus symmetricus","Fis-22970"
-170,50,0.32,"Trachurus symmetricus","Fis-22970"
-169.5,50,0.33,"Trachurus symmetricus","Fis-22970"
-169,50,0.33,"Trachurus symmetricus","Fis-22970"
-168.5,50,0.33,"Trachurus symmetricus","Fis-22970"
-168,50,0.33,"Trachurus symmetricus","Fis-22970"
-167.5,50,0.34,"Trachurus symmetricus","Fis-22970"
-167,50,0.34,"Trachurus symmetricus","Fis-22970"
-166.5,50,0.34,"Trachurus symmetricus","Fis-22970"
-166,50,0.34,"Trachurus symmetricus","Fis-22970"
-165.5,50,0.35,"Trachurus symmetricus","Fis-22970"
-165,50,0.35,"Trachurus symmetricus","Fis-22970"
-164.5,50,0.35,"Trachurus symmetricus","Fis-22970"
-164,50,0.36,"Trachurus symmetricus","Fis-22970"
-163.5,50,0.36,"Trachurus symmetricus","Fis-22970"
-163,50,0.36,"Trachurus symmetricus","Fis-22970"
-162.5,50,0.37,"Trachurus symmetricus","Fis-22970"
-162,50,0.37,"Trachurus symmetricus","Fis-22970"
-161.5,50,0.37,"Trachurus symmetricus","Fis-22970"
-161,50,0.37,"Trachurus symmetricus","Fis-22970"
-160.5,50,0.37,"Trachurus symmetricus","Fis-22970"
-160,50,0.38,"Trachurus symmetricus","Fis-22970"
-159.5,50,0.38,"Trachurus symmetricus","Fis-22970"
-159,50,0.39,"Trachurus symmetricus","Fis-22970"
-158.5,50,0.39,"Trachurus symmetricus","Fis-22970"
-158,50,0.4,"Trachurus symmetricus","Fis-22970"
-157.5,50,0.4,"Trachurus symmetricus","Fis-22970"
-157,50,0.41,"Trachurus symmetricus","Fis-22970"
-156.5,50,0.42,"Trachurus symmetricus","Fis-22970"
-156,50,0.42,"Trachurus symmetricus","Fis-22970"
-155.5,50,0.43,"Trachurus symmetricus","Fis-22970"
-155,50,0.44,"Trachurus symmetricus","Fis-22970"
-154.5,50,0.44,"Trachurus symmetricus","Fis-22970"
-154,50,0.45,"Trachurus symmetricus","Fis-22970"
-153.5,50,0.45,"Trachurus symmetricus","Fis-22970"
-153,50,0.46,"Trachurus symmetricus","Fis-22970"
-152.5,50,0.46,"Trachurus symmetricus","Fis-22970"
-152,50,0.47,"Trachurus symmetricus","Fis-22970"
-151.5,50,0.47,"Trachurus symmetricus","Fis-22970"
-151,50,0.48,"Trachurus symmetricus","Fis-22970"
-150.5,50,0.49,"Trachurus symmetricus","Fis-22970"
-150,50,0.5,"Trachurus symmetricus","Fis-22970"
-149.5,50,0.51,"Trachurus symmetricus","Fis-22970"
-149,50,0.52,"Trachurus symmetricus","Fis-22970"
-148.5,50,0.53,"Trachurus symmetricus","Fis-22970"
-148,50,0.55,"Trachurus symmetricus","Fis-22970"
-147.5,50,0.56,"Trachurus symmetricus","Fis-22970"
-147,50,0.57,"Trachurus symmetricus","Fis-22970"
-146.5,50,0.58,"Trachurus symmetricus","Fis-22970"
-146,50,0.59,"Trachurus symmetricus","Fis-22970"
-145.5,50,0.6,"Trachurus symmetricus","Fis-22970"
-145,50,0.61,"Trachurus symmetricus","Fis-22970"
-144.5,50,0.62,"Trachurus symmetricus","Fis-22970"
-144,50,0.63,"Trachurus symmetricus","Fis-22970"
-143.5,50,0.63,"Trachurus symmetricus","Fis-22970"
-143,50,0.64,"Trachurus symmetricus","Fis-22970"
-142.5,50,0.65,"Trachurus symmetricus","Fis-22970"
-142,50,0.65,"Trachurus symmetricus","Fis-22970"
-141.5,50,0.66,"Trachurus symmetricus","Fis-22970"
-141,50,0.68,"Trachurus symmetricus","Fis-22970"
-140.5,50,0.69,"Trachurus symmetricus","Fis-22970"
-140,50,0.7,"Trachurus symmetricus","Fis-22970"
-139.5,50,0.71,"Trachurus symmetricus","Fis-22970"
-139,50,0.72,"Trachurus symmetricus","Fis-22970"
-138.5,50,0.74,"Trachurus symmetricus","Fis-22970"
-138,50,0.75,"Trachurus symmetricus","Fis-22970"
-137.5,50,0.76,"Trachurus symmetricus","Fis-22970"
-137,50,0.77,"Trachurus symmetricus","Fis-22970"
-136.5,50,0.79,"Trachurus symmetricus","Fis-22970"
-136,50,0.8,"Trachurus symmetricus","Fis-22970"
-135.5,50,0.81,"Trachurus symmetricus","Fis-22970"
-135,50,0.81,"Trachurus symmetricus","Fis-22970"
-134.5,50,0.82,"Trachurus symmetricus","Fis-22970"
-134,50,0.83,"Trachurus symmetricus","Fis-22970"
-133.5,50,0.85,"Trachurus symmetricus","Fis-22970"
-133,50,0.86,"Trachurus symmetricus","Fis-22970"
-132.5,50,0.88,"Trachurus symmetricus","Fis-22970"
-132,50,0.89,"Trachurus symmetricus","Fis-22970"
-131.5,50,0.9,"Trachurus symmetricus","Fis-22970"
-131,50,0.91,"Trachurus symmetricus","Fis-22970"
-130.5,50,0.92,"Trachurus symmetricus","Fis-22970"
-130,50,0.92,"Trachurus symmetricus","Fis-22970"
-129.5,50,0.93,"Trachurus symmetricus","Fis-22970"
-129,50,0.93,"Trachurus symmetricus","Fis-22970"
-128.5,50,0.92,"Trachurus symmetricus","Fis-22970"
-128,50,0.88,"Trachurus symmetricus","Fis-22970"
-127.5,50,0.7,"Trachurus symmetricus","Fis-22970"
-127,50,0.58,"Trachurus symmetricus","Fis-22970"
-126,50,0.4,"Trachurus symmetricus","Fis-22970"
-125.5,50,0.24,"Trachurus symmetricus","Fis-22970"
-174.5,49.5,0.32,"Trachurus symmetricus","Fis-22970"
-174,49.5,0.32,"Trachurus symmetricus","Fis-22970"
-173.5,49.5,0.32,"Trachurus symmetricus","Fis-22970"
-173,49.5,0.32,"Trachurus symmetricus","Fis-22970"
-172.5,49.5,0.33,"Trachurus symmetricus","Fis-22970"
-172,49.5,0.33,"Trachurus symmetricus","Fis-22970"
-171.5,49.5,0.33,"Trachurus symmetricus","Fis-22970"
-171,49.5,0.33,"Trachurus symmetricus","Fis-22970"
-170.5,49.5,0.33,"Trachurus symmetricus","Fis-22970"
-170,49.5,0.34,"Trachurus symmetricus","Fis-22970"
-169.5,49.5,0.35,"Trachurus symmetricus","Fis-22970"
-169,49.5,0.35,"Trachurus symmetricus","Fis-22970"
-168.5,49.5,0.35,"Trachurus symmetricus","Fis-22970"
-168,49.5,0.35,"Trachurus symmetricus","Fis-22970"
-167.5,49.5,0.36,"Trachurus symmetricus","Fis-22970"
-167,49.5,0.36,"Trachurus symmetricus","Fis-22970"
-166.5,49.5,0.37,"Trachurus symmetricus","Fis-22970"
-166,49.5,0.37,"Trachurus symmetricus","Fis-22970"
-165.5,49.5,0.37,"Trachurus symmetricus","Fis-22970"
-165,49.5,0.37,"Trachurus symmetricus","Fis-22970"
-164.5,49.5,0.37,"Trachurus symmetricus","Fis-22970"
-164,49.5,0.38,"Trachurus symmetricus","Fis-22970"
-163.5,49.5,0.38,"Trachurus symmetricus","Fis-22970"
-163,49.5,0.39,"Trachurus symmetricus","Fis-22970"
-162.5,49.5,0.39,"Trachurus symmetricus","Fis-22970"
-162,49.5,0.39,"Trachurus symmetricus","Fis-22970"
-161.5,49.5,0.39,"Trachurus symmetricus","Fis-22970"
-161,49.5,0.4,"Trachurus symmetricus","Fis-22970"
-160.5,49.5,0.4,"Trachurus symmetricus","Fis-22970"
-160,49.5,0.4,"Trachurus symmetricus","Fis-22970"
-159.5,49.5,0.4,"Trachurus symmetricus","Fis-22970"
-159,49.5,0.41,"Trachurus symmetricus","Fis-22970"
-158.5,49.5,0.42,"Trachurus symmetricus","Fis-22970"
-158,49.5,0.42,"Trachurus symmetricus","Fis-22970"
-157.5,49.5,0.43,"Trachurus symmetricus","Fis-22970"
-157,49.5,0.43,"Trachurus symmetricus","Fis-22970"
-156.5,49.5,0.44,"Trachurus symmetricus","Fis-22970"
-156,49.5,0.44,"Trachurus symmetricus","Fis-22970"
-155.5,49.5,0.45,"Trachurus symmetricus","Fis-22970"
-155,49.5,0.46,"Trachurus symmetricus","Fis-22970"
-154.5,49.5,0.47,"Trachurus symmetricus","Fis-22970"
-154,49.5,0.47,"Trachurus symmetricus","Fis-22970"
-153.5,49.5,0.48,"Trachurus symmetricus","Fis-22970"
-153,49.5,0.48,"Trachurus symmetricus","Fis-22970"
-152.5,49.5,0.49,"Trachurus symmetricus","Fis-22970"
-152,49.5,0.49,"Trachurus symmetricus","Fis-22970"
-151.5,49.5,0.5,"Trachurus symmetricus","Fis-22970"
-151,49.5,0.5,"Trachurus symmetricus","Fis-22970"
-150.5,49.5,0.51,"Trachurus symmetricus","Fis-22970"
-150,49.5,0.52,"Trachurus symmetricus","Fis-22970"
-149.5,49.5,0.53,"Trachurus symmetricus","Fis-22970"
-149,49.5,0.54,"Trachurus symmetricus","Fis-22970"
-148.5,49.5,0.55,"Trachurus symmetricus","Fis-22970"
-148,49.5,0.57,"Trachurus symmetricus","Fis-22970"
-147.5,49.5,0.58,"Trachurus symmetricus","Fis-22970"
-147,49.5,0.59,"Trachurus symmetricus","Fis-22970"
-146.5,49.5,0.6,"Trachurus symmetricus","Fis-22970"
-146,49.5,0.61,"Trachurus symmetricus","Fis-22970"
-145.5,49.5,0.62,"Trachurus symmetricus","Fis-22970"
-145,49.5,0.64,"Trachurus symmetricus","Fis-22970"
-144.5,49.5,0.65,"Trachurus symmetricus","Fis-22970"
-144,49.5,0.65,"Trachurus symmetricus","Fis-22970"
-143.5,49.5,0.66,"Trachurus symmetricus","Fis-22970"
-143,49.5,0.66,"Trachurus symmetricus","Fis-22970"
-142.5,49.5,0.67,"Trachurus symmetricus","Fis-22970"
-142,49.5,0.68,"Trachurus symmetricus","Fis-22970"
-141.5,49.5,0.69,"Trachurus symmetricus","Fis-22970"
-141,49.5,0.7,"Trachurus symmetricus","Fis-22970"
-140.5,49.5,0.71,"Trachurus symmetricus","Fis-22970"
-140,49.5,0.72,"Trachurus symmetricus","Fis-22970"
-139.5,49.5,0.73,"Trachurus symmetricus","Fis-22970"
-139,49.5,0.74,"Trachurus symmetricus","Fis-22970"
-138.5,49.5,0.75,"Trachurus symmetricus","Fis-22970"
-138,49.5,0.77,"Trachurus symmetricus","Fis-22970"
-137.5,49.5,0.78,"Trachurus symmetricus","Fis-22970"
-137,49.5,0.79,"Trachurus symmetricus","Fis-22970"
-136.5,49.5,0.8,"Trachurus symmetricus","Fis-22970"
-136,49.5,0.81,"Trachurus symmetricus","Fis-22970"
-135.5,49.5,0.82,"Trachurus symmetricus","Fis-22970"
-135,49.5,0.83,"Trachurus symmetricus","Fis-22970"
-134.5,49.5,0.84,"Trachurus symmetricus","Fis-22970"
-134,49.5,0.85,"Trachurus symmetricus","Fis-22970"
-133.5,49.5,0.86,"Trachurus symmetricus","Fis-22970"
-133,49.5,0.87,"Trachurus symmetricus","Fis-22970"
-132.5,49.5,0.88,"Trachurus symmetricus","Fis-22970"
-132,49.5,0.9,"Trachurus symmetricus","Fis-22970"
-131.5,49.5,0.91,"Trachurus symmetricus","Fis-22970"
-131,49.5,0.92,"Trachurus symmetricus","Fis-22970"
-130.5,49.5,0.93,"Trachurus symmetricus","Fis-22970"
-130,49.5,0.94,"Trachurus symmetricus","Fis-22970"
-129.5,49.5,0.95,"Trachurus symmetricus","Fis-22970"
-129,49.5,0.96,"Trachurus symmetricus","Fis-22970"
-128.5,49.5,0.96,"Trachurus symmetricus","Fis-22970"
-128,49.5,0.94,"Trachurus symmetricus","Fis-22970"
-127.5,49.5,0.9,"Trachurus symmetricus","Fis-22970"
-127,49.5,0.8,"Trachurus symmetricus","Fis-22970"
-126.5,49.5,0.66,"Trachurus symmetricus","Fis-22970"
-126,49.5,0.01,"Trachurus symmetricus","Fis-22970"
-125,49.5,0.17,"Trachurus symmetricus","Fis-22970"
-124,49.5,0.03,"Trachurus symmetricus","Fis-22970"
-123.5,49.5,0.04,"Trachurus symmetricus","Fis-22970"
-174.5,49,0.33,"Trachurus symmetricus","Fis-22970"
-174,49,0.33,"Trachurus symmetricus","Fis-22970"
-173.5,49,0.33,"Trachurus symmetricus","Fis-22970"
-173,49,0.34,"Trachurus symmetricus","Fis-22970"
-172.5,49,0.34,"Trachurus symmetricus","Fis-22970"
-172,49,0.35,"Trachurus symmetricus","Fis-22970"
-171.5,49,0.35,"Trachurus symmetricus","Fis-22970"
-171,49,0.35,"Trachurus symmetricus","Fis-22970"
-170.5,49,0.35,"Trachurus symmetricus","Fis-22970"
-170,49,0.36,"Trachurus symmetricus","Fis-22970"
-169.5,49,0.37,"Trachurus symmetricus","Fis-22970"
-169,49,0.38,"Trachurus symmetricus","Fis-22970"
-168.5,49,0.38,"Trachurus symmetricus","Fis-22970"
-168,49,0.38,"Trachurus symmetricus","Fis-22970"
-167.5,49,0.38,"Trachurus symmetricus","Fis-22970"
-167,49,0.39,"Trachurus symmetricus","Fis-22970"
-166.5,49,0.39,"Trachurus symmetricus","Fis-22970"
-166,49,0.4,"Trachurus symmetricus","Fis-22970"
-165.5,49,0.4,"Trachurus symmetricus","Fis-22970"
-165,49,0.4,"Trachurus symmetricus","Fis-22970"
-164.5,49,0.4,"Trachurus symmetricus","Fis-22970"
-164,49,0.4,"Trachurus symmetricus","Fis-22970"
-163.5,49,0.41,"Trachurus symmetricus","Fis-22970"
-163,49,0.41,"Trachurus symmetricus","Fis-22970"
-162.5,49,0.41,"Trachurus symmetricus","Fis-22970"
-162,49,0.42,"Trachurus symmetricus","Fis-22970"
-161.5,49,0.42,"Trachurus symmetricus","Fis-22970"
-161,49,0.42,"Trachurus symmetricus","Fis-22970"
-160.5,49,0.43,"Trachurus symmetricus","Fis-22970"
-160,49,0.43,"Trachurus symmetricus","Fis-22970"
-159.5,49,0.43,"Trachurus symmetricus","Fis-22970"
-159,49,0.44,"Trachurus symmetricus","Fis-22970"
-158.5,49,0.45,"Trachurus symmetricus","Fis-22970"
-158,49,0.45,"Trachurus symmetricus","Fis-22970"
-157.5,49,0.46,"Trachurus symmetricus","Fis-22970"
-157,49,0.46,"Trachurus symmetricus","Fis-22970"
-156.5,49,0.47,"Trachurus symmetricus","Fis-22970"
-156,49,0.47,"Trachurus symmetricus","Fis-22970"
-155.5,49,0.48,"Trachurus symmetricus","Fis-22970"
-155,49,0.49,"Trachurus symmetricus","Fis-22970"
-154.5,49,0.5,"Trachurus symmetricus","Fis-22970"
-154,49,0.51,"Trachurus symmetricus","Fis-22970"
-153.5,49,0.51,"Trachurus symmetricus","Fis-22970"
-153,49,0.51,"Trachurus symmetricus","Fis-22970"
-152.5,49,0.52,"Trachurus symmetricus","Fis-22970"
-152,49,0.52,"Trachurus symmetricus","Fis-22970"
-151.5,49,0.53,"Trachurus symmetricus","Fis-22970"
-151,49,0.54,"Trachurus symmetricus","Fis-22970"
-150.5,49,0.54,"Trachurus symmetricus","Fis-22970"
-150,49,0.55,"Trachurus symmetricus","Fis-22970"
-149.5,49,0.56,"Trachurus symmetricus","Fis-22970"
-149,49,0.57,"Trachurus symmetricus","Fis-22970"
-148.5,49,0.58,"Trachurus symmetricus","Fis-22970"
-148,49,0.59,"Trachurus symmetricus","Fis-22970"
-147.5,49,0.6,"Trachurus symmetricus","Fis-22970"
-147,49,0.61,"Trachurus symmetricus","Fis-22970"
-146.5,49,0.62,"Trachurus symmetricus","Fis-22970"
-146,49,0.63,"Trachurus symmetricus","Fis-22970"
-145.5,49,0.65,"Trachurus symmetricus","Fis-22970"
-145,49,0.66,"Trachurus symmetricus","Fis-22970"
-144.5,49,0.67,"Trachurus symmetricus","Fis-22970"
-144,49,0.67,"Trachurus symmetricus","Fis-22970"
-143.5,49,0.68,"Trachurus symmetricus","Fis-22970"
-143,49,0.69,"Trachurus symmetricus","Fis-22970"
-142.5,49,0.7,"Trachurus symmetricus","Fis-22970"
-142,49,0.71,"Trachurus symmetricus","Fis-22970"
-141.5,49,0.72,"Trachurus symmetricus","Fis-22970"
-141,49,0.73,"Trachurus symmetricus","Fis-22970"
-140.5,49,0.73,"Trachurus symmetricus","Fis-22970"
-140,49,0.74,"Trachurus symmetricus","Fis-22970"
-139.5,49,0.75,"Trachurus symmetricus","Fis-22970"
-139,49,0.76,"Trachurus symmetricus","Fis-22970"
-138.5,49,0.78,"Trachurus symmetricus","Fis-22970"
-138,49,0.79,"Trachurus symmetricus","Fis-22970"
-137.5,49,0.8,"Trachurus symmetricus","Fis-22970"
-137,49,0.81,"Trachurus symmetricus","Fis-22970"
-136.5,49,0.82,"Trachurus symmetricus","Fis-22970"
-136,49,0.83,"Trachurus symmetricus","Fis-22970"
-135.5,49,0.83,"Trachurus symmetricus","Fis-22970"
-135,49,0.84,"Trachurus symmetricus","Fis-22970"
-134.5,49,0.85,"Trachurus symmetricus","Fis-22970"
-134,49,0.86,"Trachurus symmetricus","Fis-22970"
-133.5,49,0.87,"Trachurus symmetricus","Fis-22970"
-133,49,0.88,"Trachurus symmetricus","Fis-22970"
-132.5,49,0.89,"Trachurus symmetricus","Fis-22970"
-132,49,0.91,"Trachurus symmetricus","Fis-22970"
-131.5,49,0.93,"Trachurus symmetricus","Fis-22970"
-131,49,0.94,"Trachurus symmetricus","Fis-22970"
-130.5,49,0.95,"Trachurus symmetricus","Fis-22970"
-130,49,0.96,"Trachurus symmetricus","Fis-22970"
-129.5,49,0.97,"Trachurus symmetricus","Fis-22970"
-129,49,0.98,"Trachurus symmetricus","Fis-22970"
-128.5,49,0.98,"Trachurus symmetricus","Fis-22970"
-128,49,0.98,"Trachurus symmetricus","Fis-22970"
-127.5,49,0.97,"Trachurus symmetricus","Fis-22970"
-127,49,0.95,"Trachurus symmetricus","Fis-22970"
-126.5,49,0.82,"Trachurus symmetricus","Fis-22970"
-126,49,0.66,"Trachurus symmetricus","Fis-22970"
-125.5,49,0.51,"Trachurus symmetricus","Fis-22970"
-125,49,0.02,"Trachurus symmetricus","Fis-22970"
-124.5,49,0.19,"Trachurus symmetricus","Fis-22970"
-123.5,49,0.03,"Trachurus symmetricus","Fis-22970"
-123,49,0.06,"Trachurus symmetricus","Fis-22970"
-122.5,49,0.01,"Trachurus symmetricus","Fis-22970"
-174.5,48.5,0.35,"Trachurus symmetricus","Fis-22970"
-174,48.5,0.35,"Trachurus symmetricus","Fis-22970"
-173.5,48.5,0.35,"Trachurus symmetricus","Fis-22970"
-173,48.5,0.36,"Trachurus symmetricus","Fis-22970"
-172.5,48.5,0.36,"Trachurus symmetricus","Fis-22970"
-172,48.5,0.37,"Trachurus symmetricus","Fis-22970"
-171.5,48.5,0.37,"Trachurus symmetricus","Fis-22970"
-171,48.5,0.37,"Trachurus symmetricus","Fis-22970"
-170.5,48.5,0.38,"Trachurus symmetricus","Fis-22970"
-170,48.5,0.39,"Trachurus symmetricus","Fis-22970"
-169.5,48.5,0.4,"Trachurus symmetricus","Fis-22970"
-169,48.5,0.41,"Trachurus symmetricus","Fis-22970"
-168.5,48.5,0.41,"Trachurus symmetricus","Fis-22970"
-168,48.5,0.41,"Trachurus symmetricus","Fis-22970"
-167.5,48.5,0.41,"Trachurus symmetricus","Fis-22970"
-167,48.5,0.42,"Trachurus symmetricus","Fis-22970"
-166.5,48.5,0.43,"Trachurus symmetricus","Fis-22970"
-166,48.5,0.43,"Trachurus symmetricus","Fis-22970"
-165.5,48.5,0.44,"Trachurus symmetricus","Fis-22970"
-165,48.5,0.44,"Trachurus symmetricus","Fis-22970"
-164.5,48.5,0.44,"Trachurus symmetricus","Fis-22970"
-164,48.5,0.44,"Trachurus symmetricus","Fis-22970"
-163.5,48.5,0.44,"Trachurus symmetricus","Fis-22970"
-163,48.5,0.44,"Trachurus symmetricus","Fis-22970"
-162.5,48.5,0.44,"Trachurus symmetricus","Fis-22970"
-162,48.5,0.45,"Trachurus symmetricus","Fis-22970"
-161.5,48.5,0.45,"Trachurus symmetricus","Fis-22970"
-161,48.5,0.46,"Trachurus symmetricus","Fis-22970"
-160.5,48.5,0.46,"Trachurus symmetricus","Fis-22970"
-160,48.5,0.46,"Trachurus symmetricus","Fis-22970"
-159.5,48.5,0.46,"Trachurus symmetricus","Fis-22970"
-159,48.5,0.47,"Trachurus symmetricus","Fis-22970"
-158.5,48.5,0.48,"Trachurus symmetricus","Fis-22970"
-158,48.5,0.49,"Trachurus symmetricus","Fis-22970"
-157.5,48.5,0.49,"Trachurus symmetricus","Fis-22970"
-157,48.5,0.5,"Trachurus symmetricus","Fis-22970"
-156.5,48.5,0.5,"Trachurus symmetricus","Fis-22970"
-156,48.5,0.51,"Trachurus symmetricus","Fis-22970"
-155.5,48.5,0.52,"Trachurus symmetricus","Fis-22970"
-155,48.5,0.53,"Trachurus symmetricus","Fis-22970"
-154.5,48.5,0.53,"Trachurus symmetricus","Fis-22970"
-154,48.5,0.54,"Trachurus symmetricus","Fis-22970"
-153.5,48.5,0.54,"Trachurus symmetricus","Fis-22970"
-153,48.5,0.55,"Trachurus symmetricus","Fis-22970"
-152.5,48.5,0.55,"Trachurus symmetricus","Fis-22970"
-152,48.5,0.56,"Trachurus symmetricus","Fis-22970"
-151.5,48.5,0.57,"Trachurus symmetricus","Fis-22970"
-151,48.5,0.58,"Trachurus symmetricus","Fis-22970"
-150.5,48.5,0.58,"Trachurus symmetricus","Fis-22970"
-150,48.5,0.58,"Trachurus symmetricus","Fis-22970"
-149.5,48.5,0.59,"Trachurus symmetricus","Fis-22970"
-149,48.5,0.6,"Trachurus symmetricus","Fis-22970"
-148.5,48.5,0.62,"Trachurus symmetricus","Fis-22970"
-148,48.5,0.62,"Trachurus symmetricus","Fis-22970"
-147.5,48.5,0.63,"Trachurus symmetricus","Fis-22970"
-147,48.5,0.64,"Trachurus symmetricus","Fis-22970"
-146.5,48.5,0.65,"Trachurus symmetricus","Fis-22970"
-146,48.5,0.66,"Trachurus symmetricus","Fis-22970"
-145.5,48.5,0.67,"Trachurus symmetricus","Fis-22970"
-145,48.5,0.68,"Trachurus symmetricus","Fis-22970"
-144.5,48.5,0.69,"Trachurus symmetricus","Fis-22970"
-144,48.5,0.7,"Trachurus symmetricus","Fis-22970"
-143.5,48.5,0.71,"Trachurus symmetricus","Fis-22970"
-143,48.5,0.72,"Trachurus symmetricus","Fis-22970"
-142.5,48.5,0.72,"Trachurus symmetricus","Fis-22970"
-142,48.5,0.73,"Trachurus symmetricus","Fis-22970"
-141.5,48.5,0.75,"Trachurus symmetricus","Fis-22970"
-141,48.5,0.76,"Trachurus symmetricus","Fis-22970"
-140.5,48.5,0.76,"Trachurus symmetricus","Fis-22970"
-140,48.5,0.77,"Trachurus symmetricus","Fis-22970"
-139.5,48.5,0.78,"Trachurus symmetricus","Fis-22970"
-139,48.5,0.79,"Trachurus symmetricus","Fis-22970"
-138.5,48.5,0.8,"Trachurus symmetricus","Fis-22970"
-138,48.5,0.81,"Trachurus symmetricus","Fis-22970"
-137.5,48.5,0.82,"Trachurus symmetricus","Fis-22970"
-137,48.5,0.83,"Trachurus symmetricus","Fis-22970"
-136.5,48.5,0.84,"Trachurus symmetricus","Fis-22970"
-136,48.5,0.84,"Trachurus symmetricus","Fis-22970"
-135.5,48.5,0.85,"Trachurus symmetricus","Fis-22970"
-135,48.5,0.86,"Trachurus symmetricus","Fis-22970"
-134.5,48.5,0.87,"Trachurus symmetricus","Fis-22970"
-134,48.5,0.88,"Trachurus symmetricus","Fis-22970"
-133.5,48.5,0.9,"Trachurus symmetricus","Fis-22970"
-133,48.5,0.91,"Trachurus symmetricus","Fis-22970"
-132.5,48.5,0.92,"Trachurus symmetricus","Fis-22970"
-132,48.5,0.93,"Trachurus symmetricus","Fis-22970"
-131.5,48.5,0.95,"Trachurus symmetricus","Fis-22970"
-131,48.5,0.96,"Trachurus symmetricus","Fis-22970"
-130.5,48.5,0.97,"Trachurus symmetricus","Fis-22970"
-130,48.5,0.98,"Trachurus symmetricus","Fis-22970"
-129.5,48.5,0.99,"Trachurus symmetricus","Fis-22970"
-129,48.5,1,"Trachurus symmetricus","Fis-22970"
-128.5,48.5,1,"Trachurus symmetricus","Fis-22970"
-128,48.5,1,"Trachurus symmetricus","Fis-22970"
-127.5,48.5,1,"Trachurus symmetricus","Fis-22970"
-127,48.5,1,"Trachurus symmetricus","Fis-22970"
-126.5,48.5,0.98,"Trachurus symmetricus","Fis-22970"
-126,48.5,0.85,"Trachurus symmetricus","Fis-22970"
-125.5,48.5,0.68,"Trachurus symmetricus","Fis-22970"
-125,48.5,0.53,"Trachurus symmetricus","Fis-22970"
-124.5,48.5,0.28,"Trachurus symmetricus","Fis-22970"
-124,48.5,0.07,"Trachurus symmetricus","Fis-22970"
-174.5,48,0.38,"Trachurus symmetricus","Fis-22970"
-174,48,0.38,"Trachurus symmetricus","Fis-22970"
-173.5,48,0.38,"Trachurus symmetricus","Fis-22970"
-173,48,0.39,"Trachurus symmetricus","Fis-22970"
-172.5,48,0.4,"Trachurus symmetricus","Fis-22970"
-172,48,0.4,"Trachurus symmetricus","Fis-22970"
-171.5,48,0.41,"Trachurus symmetricus","Fis-22970"
-171,48,0.41,"Trachurus symmetricus","Fis-22970"
-170.5,48,0.41,"Trachurus symmetricus","Fis-22970"
-170,48,0.42,"Trachurus symmetricus","Fis-22970"
-169.5,48,0.43,"Trachurus symmetricus","Fis-22970"
-169,48,0.43,"Trachurus symmetricus","Fis-22970"
-168.5,48,0.44,"Trachurus symmetricus","Fis-22970"
-168,48,0.44,"Trachurus symmetricus","Fis-22970"
-167.5,48,0.45,"Trachurus symmetricus","Fis-22970"
-167,48,0.45,"Trachurus symmetricus","Fis-22970"
-166.5,48,0.46,"Trachurus symmetricus","Fis-22970"
-166,48,0.47,"Trachurus symmetricus","Fis-22970"
-165.5,48,0.47,"Trachurus symmetricus","Fis-22970"
-165,48,0.48,"Trachurus symmetricus","Fis-22970"
-164.5,48,0.48,"Trachurus symmetricus","Fis-22970"
-164,48,0.48,"Trachurus symmetricus","Fis-22970"
-163.5,48,0.48,"Trachurus symmetricus","Fis-22970"
-163,48,0.48,"Trachurus symmetricus","Fis-22970"
-162.5,48,0.48,"Trachurus symmetricus","Fis-22970"
-162,48,0.49,"Trachurus symmetricus","Fis-22970"
-161.5,48,0.49,"Trachurus symmetricus","Fis-22970"
-161,48,0.5,"Trachurus symmetricus","Fis-22970"
-160.5,48,0.5,"Trachurus symmetricus","Fis-22970"
-160,48,0.5,"Trachurus symmetricus","Fis-22970"
-159.5,48,0.5,"Trachurus symmetricus","Fis-22970"
-159,48,0.51,"Trachurus symmetricus","Fis-22970"
-158.5,48,0.52,"Trachurus symmetricus","Fis-22970"
-158,48,0.53,"Trachurus symmetricus","Fis-22970"
-157.5,48,0.53,"Trachurus symmetricus","Fis-22970"
-157,48,0.54,"Trachurus symmetricus","Fis-22970"
-156.5,48,0.54,"Trachurus symmetricus","Fis-22970"
-156,48,0.55,"Trachurus symmetricus","Fis-22970"
-155.5,48,0.56,"Trachurus symmetricus","Fis-22970"
-155,48,0.57,"Trachurus symmetricus","Fis-22970"
-154.5,48,0.57,"Trachurus symmetricus","Fis-22970"
-154,48,0.58,"Trachurus symmetricus","Fis-22970"
-153.5,48,0.58,"Trachurus symmetricus","Fis-22970"
-153,48,0.58,"Trachurus symmetricus","Fis-22970"
-152.5,48,0.59,"Trachurus symmetricus","Fis-22970"
-152,48,0.6,"Trachurus symmetricus","Fis-22970"
-151.5,48,0.61,"Trachurus symmetricus","Fis-22970"
-151,48,0.62,"Trachurus symmetricus","Fis-22970"
-150.5,48,0.62,"Trachurus symmetricus","Fis-22970"
-150,48,0.63,"Trachurus symmetricus","Fis-22970"
-149.5,48,0.64,"Trachurus symmetricus","Fis-22970"
-149,48,0.65,"Trachurus symmetricus","Fis-22970"
-148.5,48,0.66,"Trachurus symmetricus","Fis-22970"
-148,48,0.66,"Trachurus symmetricus","Fis-22970"
-147.5,48,0.66,"Trachurus symmetricus","Fis-22970"
-147,48,0.68,"Trachurus symmetricus","Fis-22970"
-146.5,48,0.69,"Trachurus symmetricus","Fis-22970"
-146,48,0.69,"Trachurus symmetricus","Fis-22970"
-145.5,48,0.7,"Trachurus symmetricus","Fis-22970"
-145,48,0.71,"Trachurus symmetricus","Fis-22970"
-144.5,48,0.73,"Trachurus symmetricus","Fis-22970"
-144,48,0.74,"Trachurus symmetricus","Fis-22970"
-143.5,48,0.74,"Trachurus symmetricus","Fis-22970"
-143,48,0.75,"Trachurus symmetricus","Fis-22970"
-142.5,48,0.75,"Trachurus symmetricus","Fis-22970"
-142,48,0.77,"Trachurus symmetricus","Fis-22970"
-141.5,48,0.78,"Trachurus symmetricus","Fis-22970"
-141,48,0.79,"Trachurus symmetricus","Fis-22970"
-140.5,48,0.8,"Trachurus symmetricus","Fis-22970"
-140,48,0.81,"Trachurus symmetricus","Fis-22970"
-139.5,48,0.81,"Trachurus symmetricus","Fis-22970"
-139,48,0.82,"Trachurus symmetricus","Fis-22970"
-138.5,48,0.83,"Trachurus symmetricus","Fis-22970"
-138,48,0.84,"Trachurus symmetricus","Fis-22970"
-137.5,48,0.85,"Trachurus symmetricus","Fis-22970"
-137,48,0.85,"Trachurus symmetricus","Fis-22970"
-136.5,48,0.86,"Trachurus symmetricus","Fis-22970"
-136,48,0.87,"Trachurus symmetricus","Fis-22970"
-135.5,48,0.88,"Trachurus symmetricus","Fis-22970"
-135,48,0.88,"Trachurus symmetricus","Fis-22970"
-134.5,48,0.89,"Trachurus symmetricus","Fis-22970"
-134,48,0.91,"Trachurus symmetricus","Fis-22970"
-133.5,48,0.92,"Trachurus symmetricus","Fis-22970"
-133,48,0.93,"Trachurus symmetricus","Fis-22970"
-132.5,48,0.94,"Trachurus symmetricus","Fis-22970"
-132,48,0.96,"Trachurus symmetricus","Fis-22970"
-131.5,48,0.97,"Trachurus symmetricus","Fis-22970"
-131,48,0.98,"Trachurus symmetricus","Fis-22970"
-130.5,48,0.99,"Trachurus symmetricus","Fis-22970"
-130,48,1,"Trachurus symmetricus","Fis-22970"
-129.5,48,1,"Trachurus symmetricus","Fis-22970"
-129,48,1,"Trachurus symmetricus","Fis-22970"
-128.5,48,1,"Trachurus symmetricus","Fis-22970"
-128,48,1,"Trachurus symmetricus","Fis-22970"
-127.5,48,1,"Trachurus symmetricus","Fis-22970"
-127,48,1,"Trachurus symmetricus","Fis-22970"
-126.5,48,1,"Trachurus symmetricus","Fis-22970"
-126,48,0.99,"Trachurus symmetricus","Fis-22970"
-125.5,48,0.85,"Trachurus symmetricus","Fis-22970"
-125,48,0.58,"Trachurus symmetricus","Fis-22970"
-124.5,48,0.27,"Trachurus symmetricus","Fis-22970"
-124,48,0.07,"Trachurus symmetricus","Fis-22970"
-174.5,47.5,0.42,"Trachurus symmetricus","Fis-22970"
-174,47.5,0.42,"Trachurus symmetricus","Fis-22970"
-173.5,47.5,0.42,"Trachurus symmetricus","Fis-22970"
-173,47.5,0.43,"Trachurus symmetricus","Fis-22970"
-172.5,47.5,0.44,"Trachurus symmetricus","Fis-22970"
-172,47.5,0.44,"Trachurus symmetricus","Fis-22970"
-171.5,47.5,0.45,"Trachurus symmetricus","Fis-22970"
-171,47.5,0.45,"Trachurus symmetricus","Fis-22970"
-170.5,47.5,0.45,"Trachurus symmetricus","Fis-22970"
-170,47.5,0.45,"Trachurus symmetricus","Fis-22970"
-169.5,47.5,0.46,"Trachurus symmetricus","Fis-22970"
-169,47.5,0.46,"Trachurus symmetricus","Fis-22970"
-168.5,47.5,0.47,"Trachurus symmetricus","Fis-22970"
-168,47.5,0.48,"Trachurus symmetricus","Fis-22970"
-167.5,47.5,0.48,"Trachurus symmetricus","Fis-22970"
-167,47.5,0.49,"Trachurus symmetricus","Fis-22970"
-166.5,47.5,0.5,"Trachurus symmetricus","Fis-22970"
-166,47.5,0.51,"Trachurus symmetricus","Fis-22970"
-165.5,47.5,0.52,"Trachurus symmetricus","Fis-22970"
-165,47.5,0.52,"Trachurus symmetricus","Fis-22970"
-164.5,47.5,0.53,"Trachurus symmetricus","Fis-22970"
-164,47.5,0.52,"Trachurus symmetricus","Fis-22970"
-163.5,47.5,0.53,"Trachurus symmetricus","Fis-22970"
-163,47.5,0.53,"Trachurus symmetricus","Fis-22970"
-162.5,47.5,0.53,"Trachurus symmetricus","Fis-22970"
-162,47.5,0.53,"Trachurus symmetricus","Fis-22970"
-161.5,47.5,0.54,"Trachurus symmetricus","Fis-22970"
-161,47.5,0.54,"Trachurus symmetricus","Fis-22970"
-160.5,47.5,0.55,"Trachurus symmetricus","Fis-22970"
-160,47.5,0.55,"Trachurus symmetricus","Fis-22970"
-159.5,47.5,0.55,"Trachurus symmetricus","Fis-22970"
-159,47.5,0.56,"Trachurus symmetricus","Fis-22970"
-158.5,47.5,0.57,"Trachurus symmetricus","Fis-22970"
-158,47.5,0.57,"Trachurus symmetricus","Fis-22970"
-157.5,47.5,0.58,"Trachurus symmetricus","Fis-22970"
-157,47.5,0.58,"Trachurus symmetricus","Fis-22970"
-156.5,47.5,0.58,"Trachurus symmetricus","Fis-22970"
-156,47.5,0.59,"Trachurus symmetricus","Fis-22970"
-155.5,47.5,0.6,"Trachurus symmetricus","Fis-22970"
-155,47.5,0.61,"Trachurus symmetricus","Fis-22970"
-154.5,47.5,0.62,"Trachurus symmetricus","Fis-22970"
-154,47.5,0.62,"Trachurus symmetricus","Fis-22970"
-153.5,47.5,0.63,"Trachurus symmetricus","Fis-22970"
-153,47.5,0.63,"Trachurus symmetricus","Fis-22970"
-152.5,47.5,0.64,"Trachurus symmetricus","Fis-22970"
-152,47.5,0.65,"Trachurus symmetricus","Fis-22970"
-151.5,47.5,0.65,"Trachurus symmetricus","Fis-22970"
-151,47.5,0.66,"Trachurus symmetricus","Fis-22970"
-150.5,47.5,0.67,"Trachurus symmetricus","Fis-22970"
-150,47.5,0.67,"Trachurus symmetricus","Fis-22970"
-149.5,47.5,0.68,"Trachurus symmetricus","Fis-22970"
-149,47.5,0.69,"Trachurus symmetricus","Fis-22970"
-148.5,47.5,0.7,"Trachurus symmetricus","Fis-22970"
-148,47.5,0.7,"Trachurus symmetricus","Fis-22970"
-147.5,47.5,0.71,"Trachurus symmetricus","Fis-22970"
-147,47.5,0.72,"Trachurus symmetricus","Fis-22970"
-146.5,47.5,0.73,"Trachurus symmetricus","Fis-22970"
-146,47.5,0.74,"Trachurus symmetricus","Fis-22970"
-145.5,47.5,0.74,"Trachurus symmetricus","Fis-22970"
-145,47.5,0.75,"Trachurus symmetricus","Fis-22970"
-144.5,47.5,0.77,"Trachurus symmetricus","Fis-22970"
-144,47.5,0.78,"Trachurus symmetricus","Fis-22970"
-143.5,47.5,0.78,"Trachurus symmetricus","Fis-22970"
-143,47.5,0.79,"Trachurus symmetricus","Fis-22970"
-142.5,47.5,0.8,"Trachurus symmetricus","Fis-22970"
-142,47.5,0.8,"Trachurus symmetricus","Fis-22970"
-141.5,47.5,0.81,"Trachurus symmetricus","Fis-22970"
-141,47.5,0.82,"Trachurus symmetricus","Fis-22970"
-140.5,47.5,0.83,"Trachurus symmetricus","Fis-22970"
-140,47.5,0.84,"Trachurus symmetricus","Fis-22970"
-139.5,47.5,0.85,"Trachurus symmetricus","Fis-22970"
-139,47.5,0.86,"Trachurus symmetricus","Fis-22970"
-138.5,47.5,0.87,"Trachurus symmetricus","Fis-22970"
-138,47.5,0.87,"Trachurus symmetricus","Fis-22970"
-137.5,47.5,0.88,"Trachurus symmetricus","Fis-22970"
-137,47.5,0.88,"Trachurus symmetricus","Fis-22970"
-136.5,47.5,0.89,"Trachurus symmetricus","Fis-22970"
-136,47.5,0.89,"Trachurus symmetricus","Fis-22970"
-135.5,47.5,0.9,"Trachurus symmetricus","Fis-22970"
-135,47.5,0.91,"Trachurus symmetricus","Fis-22970"
-134.5,47.5,0.92,"Trachurus symmetricus","Fis-22970"
-134,47.5,0.94,"Trachurus symmetricus","Fis-22970"
-133.5,47.5,0.95,"Trachurus symmetricus","Fis-22970"
-133,47.5,0.96,"Trachurus symmetricus","Fis-22970"
-132.5,47.5,0.97,"Trachurus symmetricus","Fis-22970"
-132,47.5,0.98,"Trachurus symmetricus","Fis-22970"
-131.5,47.5,0.99,"Trachurus symmetricus","Fis-22970"
-131,47.5,1,"Trachurus symmetricus","Fis-22970"
-130.5,47.5,1,"Trachurus symmetricus","Fis-22970"
-130,47.5,1,"Trachurus symmetricus","Fis-22970"
-129.5,47.5,1,"Trachurus symmetricus","Fis-22970"
-129,47.5,1,"Trachurus symmetricus","Fis-22970"
-128.5,47.5,1,"Trachurus symmetricus","Fis-22970"
-128,47.5,1,"Trachurus symmetricus","Fis-22970"
-127.5,47.5,1,"Trachurus symmetricus","Fis-22970"
-127,47.5,1,"Trachurus symmetricus","Fis-22970"
-126.5,47.5,1,"Trachurus symmetricus","Fis-22970"
-126,47.5,1,"Trachurus symmetricus","Fis-22970"
-125.5,47.5,0.94,"Trachurus symmetricus","Fis-22970"
-125,47.5,0.68,"Trachurus symmetricus","Fis-22970"
-124.5,47.5,0.64,"Trachurus symmetricus","Fis-22970"
-124,47.5,0.37,"Trachurus symmetricus","Fis-22970"
-174.5,47,0.47,"Trachurus symmetricus","Fis-22970"
-174,47,0.47,"Trachurus symmetricus","Fis-22970"
-173.5,47,0.47,"Trachurus symmetricus","Fis-22970"
-173,47,0.47,"Trachurus symmetricus","Fis-22970"
-172.5,47,0.48,"Trachurus symmetricus","Fis-22970"
-172,47,0.48,"Trachurus symmetricus","Fis-22970"
-171.5,47,0.49,"Trachurus symmetricus","Fis-22970"
-171,47,0.49,"Trachurus symmetricus","Fis-22970"
-170.5,47,0.49,"Trachurus symmetricus","Fis-22970"
-170,47,0.49,"Trachurus symmetricus","Fis-22970"
-169.5,47,0.5,"Trachurus symmetricus","Fis-22970"
-169,47,0.5,"Trachurus symmetricus","Fis-22970"
-168.5,47,0.51,"Trachurus symmetricus","Fis-22970"
-168,47,0.52,"Trachurus symmetricus","Fis-22970"
-167.5,47,0.52,"Trachurus symmetricus","Fis-22970"
-167,47,0.53,"Trachurus symmetricus","Fis-22970"
-166.5,47,0.54,"Trachurus symmetricus","Fis-22970"
-166,47,0.55,"Trachurus symmetricus","Fis-22970"
-165.5,47,0.56,"Trachurus symmetricus","Fis-22970"
-165,47,0.57,"Trachurus symmetricus","Fis-22970"
-164.5,47,0.57,"Trachurus symmetricus","Fis-22970"
-164,47,0.58,"Trachurus symmetricus","Fis-22970"
-163.5,47,0.58,"Trachurus symmetricus","Fis-22970"
-163,47,0.58,"Trachurus symmetricus","Fis-22970"
-162.5,47,0.58,"Trachurus symmetricus","Fis-22970"
-162,47,0.58,"Trachurus symmetricus","Fis-22970"
-161.5,47,0.59,"Trachurus symmetricus","Fis-22970"
-161,47,0.59,"Trachurus symmetricus","Fis-22970"
-160.5,47,0.59,"Trachurus symmetricus","Fis-22970"
-160,47,0.6,"Trachurus symmetricus","Fis-22970"
-159.5,47,0.6,"Trachurus symmetricus","Fis-22970"
-159,47,0.61,"Trachurus symmetricus","Fis-22970"
-158.5,47,0.62,"Trachurus symmetricus","Fis-22970"
-158,47,0.62,"Trachurus symmetricus","Fis-22970"
-157.5,47,0.62,"Trachurus symmetricus","Fis-22970"
-157,47,0.63,"Trachurus symmetricus","Fis-22970"
-156.5,47,0.64,"Trachurus symmetricus","Fis-22970"
-156,47,0.64,"Trachurus symmetricus","Fis-22970"
-155.5,47,0.65,"Trachurus symmetricus","Fis-22970"
-155,47,0.65,"Trachurus symmetricus","Fis-22970"
-154.5,47,0.66,"Trachurus symmetricus","Fis-22970"
-154,47,0.67,"Trachurus symmetricus","Fis-22970"
-153.5,47,0.68,"Trachurus symmetricus","Fis-22970"
-153,47,0.69,"Trachurus symmetricus","Fis-22970"
-152.5,47,0.69,"Trachurus symmetricus","Fis-22970"
-152,47,0.69,"Trachurus symmetricus","Fis-22970"
-151.5,47,0.7,"Trachurus symmetricus","Fis-22970"
-151,47,0.71,"Trachurus symmetricus","Fis-22970"
-150.5,47,0.71,"Trachurus symmetricus","Fis-22970"
-150,47,0.72,"Trachurus symmetricus","Fis-22970"
-149.5,47,0.72,"Trachurus symmetricus","Fis-22970"
-149,47,0.73,"Trachurus symmetricus","Fis-22970"
-148.5,47,0.74,"Trachurus symmetricus","Fis-22970"
-148,47,0.75,"Trachurus symmetricus","Fis-22970"
-147.5,47,0.75,"Trachurus symmetricus","Fis-22970"
-147,47,0.77,"Trachurus symmetricus","Fis-22970"
-146.5,47,0.77,"Trachurus symmetricus","Fis-22970"
-146,47,0.78,"Trachurus symmetricus","Fis-22970"
-145.5,47,0.79,"Trachurus symmetricus","Fis-22970"
-145,47,0.79,"Trachurus symmetricus","Fis-22970"
-144.5,47,0.81,"Trachurus symmetricus","Fis-22970"
-144,47,0.82,"Trachurus symmetricus","Fis-22970"
-143.5,47,0.83,"Trachurus symmetricus","Fis-22970"
-143,47,0.83,"Trachurus symmetricus","Fis-22970"
-142.5,47,0.84,"Trachurus symmetricus","Fis-22970"
-142,47,0.85,"Trachurus symmetricus","Fis-22970"
-141.5,47,0.85,"Trachurus symmetricus","Fis-22970"
-141,47,0.86,"Trachurus symmetricus","Fis-22970"
-140.5,47,0.87,"Trachurus symmetricus","Fis-22970"
-140,47,0.88,"Trachurus symmetricus","Fis-22970"
-139.5,47,0.89,"Trachurus symmetricus","Fis-22970"
-139,47,0.9,"Trachurus symmetricus","Fis-22970"
-138.5,47,0.91,"Trachurus symmetricus","Fis-22970"
-138,47,0.92,"Trachurus symmetricus","Fis-22970"
-137.5,47,0.92,"Trachurus symmetricus","Fis-22970"
-137,47,0.92,"Trachurus symmetricus","Fis-22970"
-136.5,47,0.92,"Trachurus symmetricus","Fis-22970"
-136,47,0.93,"Trachurus symmetricus","Fis-22970"
-135.5,47,0.94,"Trachurus symmetricus","Fis-22970"
-135,47,0.95,"Trachurus symmetricus","Fis-22970"
-134.5,47,0.96,"Trachurus symmetricus","Fis-22970"
-134,47,0.97,"Trachurus symmetricus","Fis-22970"
-133.5,47,0.98,"Trachurus symmetricus","Fis-22970"
-133,47,1,"Trachurus symmetricus","Fis-22970"
-132.5,47,1,"Trachurus symmetricus","Fis-22970"
-132,47,1,"Trachurus symmetricus","Fis-22970"
-131.5,47,1,"Trachurus symmetricus","Fis-22970"
-131,47,1,"Trachurus symmetricus","Fis-22970"
-130.5,47,1,"Trachurus symmetricus","Fis-22970"
-130,47,1,"Trachurus symmetricus","Fis-22970"
-129.5,47,1,"Trachurus symmetricus","Fis-22970"
-129,47,1,"Trachurus symmetricus","Fis-22970"
-128.5,47,1,"Trachurus symmetricus","Fis-22970"
-128,47,1,"Trachurus symmetricus","Fis-22970"
-127.5,47,1,"Trachurus symmetricus","Fis-22970"
-127,47,1,"Trachurus symmetricus","Fis-22970"
-126.5,47,1,"Trachurus symmetricus","Fis-22970"
-126,47,1,"Trachurus symmetricus","Fis-22970"
-125.5,47,0.96,"Trachurus symmetricus","Fis-22970"
-125,47,0.81,"Trachurus symmetricus","Fis-22970"
-124.5,47,0.72,"Trachurus symmetricus","Fis-22970"
-124,47,0.68,"Trachurus symmetricus","Fis-22970"
-174.5,46.5,0.53,"Trachurus symmetricus","Fis-22970"
-174,46.5,0.53,"Trachurus symmetricus","Fis-22970"
-173.5,46.5,0.53,"Trachurus symmetricus","Fis-22970"
-173,46.5,0.52,"Trachurus symmetricus","Fis-22970"
-172.5,46.5,0.52,"Trachurus symmetricus","Fis-22970"
-172,46.5,0.53,"Trachurus symmetricus","Fis-22970"
-171.5,46.5,0.54,"Trachurus symmetricus","Fis-22970"
-171,46.5,0.54,"Trachurus symmetricus","Fis-22970"
-170.5,46.5,0.55,"Trachurus symmetricus","Fis-22970"
-170,46.5,0.55,"Trachurus symmetricus","Fis-22970"
-169.5,46.5,0.55,"Trachurus symmetricus","Fis-22970"
-169,46.5,0.56,"Trachurus symmetricus","Fis-22970"
-168.5,46.5,0.57,"Trachurus symmetricus","Fis-22970"
-168,46.5,0.58,"Trachurus symmetricus","Fis-22970"
-167.5,46.5,0.58,"Trachurus symmetricus","Fis-22970"
-167,46.5,0.58,"Trachurus symmetricus","Fis-22970"
-166.5,46.5,0.59,"Trachurus symmetricus","Fis-22970"
-166,46.5,0.6,"Trachurus symmetricus","Fis-22970"
-165.5,46.5,0.61,"Trachurus symmetricus","Fis-22970"
-165,46.5,0.62,"Trachurus symmetricus","Fis-22970"
-164.5,46.5,0.63,"Trachurus symmetricus","Fis-22970"
-164,46.5,0.63,"Trachurus symmetricus","Fis-22970"
-163.5,46.5,0.63,"Trachurus symmetricus","Fis-22970"
-163,46.5,0.63,"Trachurus symmetricus","Fis-22970"
-162.5,46.5,0.63,"Trachurus symmetricus","Fis-22970"
-162,46.5,0.64,"Trachurus symmetricus","Fis-22970"
-161.5,46.5,0.64,"Trachurus symmetricus","Fis-22970"
-161,46.5,0.65,"Trachurus symmetricus","Fis-22970"
-160.5,46.5,0.65,"Trachurus symmetricus","Fis-22970"
-160,46.5,0.65,"Trachurus symmetricus","Fis-22970"
-159.5,46.5,0.66,"Trachurus symmetricus","Fis-22970"
-159,46.5,0.66,"Trachurus symmetricus","Fis-22970"
-158.5,46.5,0.66,"Trachurus symmetricus","Fis-22970"
-158,46.5,0.67,"Trachurus symmetricus","Fis-22970"
-157.5,46.5,0.68,"Trachurus symmetricus","Fis-22970"
-157,46.5,0.68,"Trachurus symmetricus","Fis-22970"
-156.5,46.5,0.69,"Trachurus symmetricus","Fis-22970"
-156,46.5,0.69,"Trachurus symmetricus","Fis-22970"
-155.5,46.5,0.69,"Trachurus symmetricus","Fis-22970"
-155,46.5,0.7,"Trachurus symmetricus","Fis-22970"
-154.5,46.5,0.71,"Trachurus symmetricus","Fis-22970"
-154,46.5,0.72,"Trachurus symmetricus","Fis-22970"
-153.5,46.5,0.73,"Trachurus symmetricus","Fis-22970"
-153,46.5,0.74,"Trachurus symmetricus","Fis-22970"
-152.5,46.5,0.74,"Trachurus symmetricus","Fis-22970"
-152,46.5,0.74,"Trachurus symmetricus","Fis-22970"
-151.5,46.5,0.75,"Trachurus symmetricus","Fis-22970"
-151,46.5,0.76,"Trachurus symmetricus","Fis-22970"
-150.5,46.5,0.76,"Trachurus symmetricus","Fis-22970"
-150,46.5,0.77,"Trachurus symmetricus","Fis-22970"
-149.5,46.5,0.77,"Trachurus symmetricus","Fis-22970"
-149,46.5,0.78,"Trachurus symmetricus","Fis-22970"
-148.5,46.5,0.79,"Trachurus symmetricus","Fis-22970"
-148,46.5,0.8,"Trachurus symmetricus","Fis-22970"
-147.5,46.5,0.81,"Trachurus symmetricus","Fis-22970"
-147,46.5,0.81,"Trachurus symmetricus","Fis-22970"
-146.5,46.5,0.82,"Trachurus symmetricus","Fis-22970"
-146,46.5,0.83,"Trachurus symmetricus","Fis-22970"
-145.5,46.5,0.83,"Trachurus symmetricus","Fis-22970"
-145,46.5,0.84,"Trachurus symmetricus","Fis-22970"
-144.5,46.5,0.85,"Trachurus symmetricus","Fis-22970"
-144,46.5,0.86,"Trachurus symmetricus","Fis-22970"
-143.5,46.5,0.87,"Trachurus symmetricus","Fis-22970"
-143,46.5,0.88,"Trachurus symmetricus","Fis-22970"
-142.5,46.5,0.89,"Trachurus symmetricus","Fis-22970"
-142,46.5,0.9,"Trachurus symmetricus","Fis-22970"
-141.5,46.5,0.9,"Trachurus symmetricus","Fis-22970"
-141,46.5,0.91,"Trachurus symmetricus","Fis-22970"
-140.5,46.5,0.92,"Trachurus symmetricus","Fis-22970"
-140,46.5,0.93,"Trachurus symmetricus","Fis-22970"
-139.5,46.5,0.93,"Trachurus symmetricus","Fis-22970"
-139,46.5,0.94,"Trachurus symmetricus","Fis-22970"
-138.5,46.5,0.95,"Trachurus symmetricus","Fis-22970"
-138,46.5,0.96,"Trachurus symmetricus","Fis-22970"
-137.5,46.5,0.96,"Trachurus symmetricus","Fis-22970"
-137,46.5,0.96,"Trachurus symmetricus","Fis-22970"
-136.5,46.5,0.97,"Trachurus symmetricus","Fis-22970"
-136,46.5,0.98,"Trachurus symmetricus","Fis-22970"
-135.5,46.5,0.99,"Trachurus symmetricus","Fis-22970"
-135,46.5,1,"Trachurus symmetricus","Fis-22970"
-134.5,46.5,1,"Trachurus symmetricus","Fis-22970"
-134,46.5,1,"Trachurus symmetricus","Fis-22970"
-133.5,46.5,1,"Trachurus symmetricus","Fis-22970"
-133,46.5,1,"Trachurus symmetricus","Fis-22970"
-132.5,46.5,1,"Trachurus symmetricus","Fis-22970"
-132,46.5,1,"Trachurus symmetricus","Fis-22970"
-131.5,46.5,1,"Trachurus symmetricus","Fis-22970"
-131,46.5,1,"Trachurus symmetricus","Fis-22970"
-130.5,46.5,1,"Trachurus symmetricus","Fis-22970"
-130,46.5,1,"Trachurus symmetricus","Fis-22970"
-129.5,46.5,1,"Trachurus symmetricus","Fis-22970"
-129,46.5,1,"Trachurus symmetricus","Fis-22970"
-128.5,46.5,1,"Trachurus symmetricus","Fis-22970"
-128,46.5,1,"Trachurus symmetricus","Fis-22970"
-127.5,46.5,1,"Trachurus symmetricus","Fis-22970"
-127,46.5,1,"Trachurus symmetricus","Fis-22970"
-126.5,46.5,1,"Trachurus symmetricus","Fis-22970"
-126,46.5,1,"Trachurus symmetricus","Fis-22970"
-125.5,46.5,0.99,"Trachurus symmetricus","Fis-22970"
-125,46.5,0.9,"Trachurus symmetricus","Fis-22970"
-124.5,46.5,0.73,"Trachurus symmetricus","Fis-22970"
-124,46.5,0.22,"Trachurus symmetricus","Fis-22970"
-123.5,46.5,0.07,"Trachurus symmetricus","Fis-22970"
-174.5,46,0.58,"Trachurus symmetricus","Fis-22970"
-174,46,0.58,"Trachurus symmetricus","Fis-22970"
-173.5,46,0.58,"Trachurus symmetricus","Fis-22970"
-173,46,0.58,"Trachurus symmetricus","Fis-22970"
-172.5,46,0.58,"Trachurus symmetricus","Fis-22970"
-172,46,0.58,"Trachurus symmetricus","Fis-22970"
-171.5,46,0.59,"Trachurus symmetricus","Fis-22970"
-171,46,0.6,"Trachurus symmetricus","Fis-22970"
-170.5,46,0.61,"Trachurus symmetricus","Fis-22970"
-170,46,0.61,"Trachurus symmetricus","Fis-22970"
-169.5,46,0.61,"Trachurus symmetricus","Fis-22970"
-169,46,0.62,"Trachurus symmetricus","Fis-22970"
-168.5,46,0.63,"Trachurus symmetricus","Fis-22970"
-168,46,0.63,"Trachurus symmetricus","Fis-22970"
-167.5,46,0.64,"Trachurus symmetricus","Fis-22970"
-167,46,0.64,"Trachurus symmetricus","Fis-22970"
-166.5,46,0.65,"Trachurus symmetricus","Fis-22970"
-166,46,0.66,"Trachurus symmetricus","Fis-22970"
-165.5,46,0.67,"Trachurus symmetricus","Fis-22970"
-165,46,0.67,"Trachurus symmetricus","Fis-22970"
-164.5,46,0.68,"Trachurus symmetricus","Fis-22970"
-164,46,0.68,"Trachurus symmetricus","Fis-22970"
-163.5,46,0.68,"Trachurus symmetricus","Fis-22970"
-163,46,0.68,"Trachurus symmetricus","Fis-22970"
-162.5,46,0.69,"Trachurus symmetricus","Fis-22970"
-162,46,0.69,"Trachurus symmetricus","Fis-22970"
-161.5,46,0.7,"Trachurus symmetricus","Fis-22970"
-161,46,0.7,"Trachurus symmetricus","Fis-22970"
-160.5,46,0.71,"Trachurus symmetricus","Fis-22970"
-160,46,0.71,"Trachurus symmetricus","Fis-22970"
-159.5,46,0.71,"Trachurus symmetricus","Fis-22970"
-159,46,0.71,"Trachurus symmetricus","Fis-22970"
-158.5,46,0.72,"Trachurus symmetricus","Fis-22970"
-158,46,0.72,"Trachurus symmetricus","Fis-22970"
-157.5,46,0.73,"Trachurus symmetricus","Fis-22970"
-157,46,0.73,"Trachurus symmetricus","Fis-22970"
-156.5,46,0.74,"Trachurus symmetricus","Fis-22970"
-156,46,0.74,"Trachurus symmetricus","Fis-22970"
-155.5,46,0.74,"Trachurus symmetricus","Fis-22970"
-155,46,0.75,"Trachurus symmetricus","Fis-22970"
-154.5,46,0.75,"Trachurus symmetricus","Fis-22970"
-154,46,0.76,"Trachurus symmetricus","Fis-22970"
-153.5,46,0.77,"Trachurus symmetricus","Fis-22970"
-153,46,0.78,"Trachurus symmetricus","Fis-22970"
-152.5,46,0.78,"Trachurus symmetricus","Fis-22970"
-152,46,0.79,"Trachurus symmetricus","Fis-22970"
-151.5,46,0.8,"Trachurus symmetricus","Fis-22970"
-151,46,0.81,"Trachurus symmetricus","Fis-22970"
-150.5,46,0.81,"Trachurus symmetricus","Fis-22970"
-150,46,0.82,"Trachurus symmetricus","Fis-22970"
-149.5,46,0.82,"Trachurus symmetricus","Fis-22970"
-149,46,0.83,"Trachurus symmetricus","Fis-22970"
-148.5,46,0.85,"Trachurus symmetricus","Fis-22970"
-148,46,0.85,"Trachurus symmetricus","Fis-22970"
-147.5,46,0.86,"Trachurus symmetricus","Fis-22970"
-147,46,0.86,"Trachurus symmetricus","Fis-22970"
-146.5,46,0.87,"Trachurus symmetricus","Fis-22970"
-146,46,0.88,"Trachurus symmetricus","Fis-22970"
-145.5,46,0.88,"Trachurus symmetricus","Fis-22970"
-145,46,0.89,"Trachurus symmetricus","Fis-22970"
-144.5,46,0.89,"Trachurus symmetricus","Fis-22970"
-144,46,0.9,"Trachurus symmetricus","Fis-22970"
-143.5,46,0.91,"Trachurus symmetricus","Fis-22970"
-143,46,0.92,"Trachurus symmetricus","Fis-22970"
-142.5,46,0.93,"Trachurus symmetricus","Fis-22970"
-142,46,0.94,"Trachurus symmetricus","Fis-22970"
-141.5,46,0.95,"Trachurus symmetricus","Fis-22970"
-141,46,0.95,"Trachurus symmetricus","Fis-22970"
-140.5,46,0.96,"Trachurus symmetricus","Fis-22970"
-140,46,0.97,"Trachurus symmetricus","Fis-22970"
-139.5,46,0.97,"Trachurus symmetricus","Fis-22970"
-139,46,0.98,"Trachurus symmetricus","Fis-22970"
-138.5,46,0.99,"Trachurus symmetricus","Fis-22970"
-138,46,0.99,"Trachurus symmetricus","Fis-22970"
-137.5,46,1,"Trachurus symmetricus","Fis-22970"
-137,46,1,"Trachurus symmetricus","Fis-22970"
-136.5,46,1,"Trachurus symmetricus","Fis-22970"
-136,46,1,"Trachurus symmetricus","Fis-22970"
-135.5,46,1,"Trachurus symmetricus","Fis-22970"
-135,46,1,"Trachurus symmetricus","Fis-22970"
-134.5,46,1,"Trachurus symmetricus","Fis-22970"
-134,46,1,"Trachurus symmetricus","Fis-22970"
-133.5,46,1,"Trachurus symmetricus","Fis-22970"
-133,46,1,"Trachurus symmetricus","Fis-22970"
-132.5,46,1,"Trachurus symmetricus","Fis-22970"
-132,46,1,"Trachurus symmetricus","Fis-22970"
-131.5,46,1,"Trachurus symmetricus","Fis-22970"
-131,46,1,"Trachurus symmetricus","Fis-22970"
-130.5,46,1,"Trachurus symmetricus","Fis-22970"
-130,46,1,"Trachurus symmetricus","Fis-22970"
-129.5,46,1,"Trachurus symmetricus","Fis-22970"
-129,46,1,"Trachurus symmetricus","Fis-22970"
-128.5,46,1,"Trachurus symmetricus","Fis-22970"
-128,46,1,"Trachurus symmetricus","Fis-22970"
-127.5,46,1,"Trachurus symmetricus","Fis-22970"
-127,46,1,"Trachurus symmetricus","Fis-22970"
-126.5,46,1,"Trachurus symmetricus","Fis-22970"
-126,46,1,"Trachurus symmetricus","Fis-22970"
-125.5,46,1,"Trachurus symmetricus","Fis-22970"
-125,46,0.91,"Trachurus symmetricus","Fis-22970"
-124.5,46,0.57,"Trachurus symmetricus","Fis-22970"
-124,46,0.02,"Trachurus symmetricus","Fis-22970"
-174.5,45.5,0.65,"Trachurus symmetricus","Fis-22970"
-174,45.5,0.65,"Trachurus symmetricus","Fis-22970"
-173.5,45.5,0.65,"Trachurus symmetricus","Fis-22970"
-173,45.5,0.65,"Trachurus symmetricus","Fis-22970"
-172.5,45.5,0.65,"Trachurus symmetricus","Fis-22970"
-172,45.5,0.66,"Trachurus symmetricus","Fis-22970"
-171.5,45.5,0.67,"Trachurus symmetricus","Fis-22970"
-171,45.5,0.67,"Trachurus symmetricus","Fis-22970"
-170.5,45.5,0.67,"Trachurus symmetricus","Fis-22970"
-170,45.5,0.67,"Trachurus symmetricus","Fis-22970"
-169.5,45.5,0.68,"Trachurus symmetricus","Fis-22970"
-169,45.5,0.68,"Trachurus symmetricus","Fis-22970"
-168.5,45.5,0.69,"Trachurus symmetricus","Fis-22970"
-168,45.5,0.69,"Trachurus symmetricus","Fis-22970"
-167.5,45.5,0.7,"Trachurus symmetricus","Fis-22970"
-167,45.5,0.7,"Trachurus symmetricus","Fis-22970"
-166.5,45.5,0.71,"Trachurus symmetricus","Fis-22970"
-166,45.5,0.72,"Trachurus symmetricus","Fis-22970"
-165.5,45.5,0.72,"Trachurus symmetricus","Fis-22970"
-165,45.5,0.73,"Trachurus symmetricus","Fis-22970"
-164.5,45.5,0.73,"Trachurus symmetricus","Fis-22970"
-164,45.5,0.73,"Trachurus symmetricus","Fis-22970"
-163.5,45.5,0.74,"Trachurus symmetricus","Fis-22970"
-163,45.5,0.74,"Trachurus symmetricus","Fis-22970"
-162.5,45.5,0.74,"Trachurus symmetricus","Fis-22970"
-162,45.5,0.75,"Trachurus symmetricus","Fis-22970"
-161.5,45.5,0.75,"Trachurus symmetricus","Fis-22970"
-161,45.5,0.76,"Trachurus symmetricus","Fis-22970"
-160.5,45.5,0.76,"Trachurus symmetricus","Fis-22970"
-160,45.5,0.76,"Trachurus symmetricus","Fis-22970"
-159.5,45.5,0.77,"Trachurus symmetricus","Fis-22970"
-159,45.5,0.77,"Trachurus symmetricus","Fis-22970"
-158.5,45.5,0.77,"Trachurus symmetricus","Fis-22970"
-158,45.5,0.78,"Trachurus symmetricus","Fis-22970"
-157.5,45.5,0.78,"Trachurus symmetricus","Fis-22970"
-157,45.5,0.79,"Trachurus symmetricus","Fis-22970"
-156.5,45.5,0.79,"Trachurus symmetricus","Fis-22970"
-156,45.5,0.8,"Trachurus symmetricus","Fis-22970"
-155.5,45.5,0.8,"Trachurus symmetricus","Fis-22970"
-155,45.5,0.8,"Trachurus symmetricus","Fis-22970"
-154.5,45.5,0.81,"Trachurus symmetricus","Fis-22970"
-154,45.5,0.82,"Trachurus symmetricus","Fis-22970"
-153.5,45.5,0.82,"Trachurus symmetricus","Fis-22970"
-153,45.5,0.83,"Trachurus symmetricus","Fis-22970"
-152.5,45.5,0.84,"Trachurus symmetricus","Fis-22970"
-152,45.5,0.85,"Trachurus symmetricus","Fis-22970"
-151.5,45.5,0.86,"Trachurus symmetricus","Fis-22970"
-151,45.5,0.86,"Trachurus symmetricus","Fis-22970"
-150.5,45.5,0.87,"Trachurus symmetricus","Fis-22970"
-150,45.5,0.87,"Trachurus symmetricus","Fis-22970"
-149.5,45.5,0.88,"Trachurus symmetricus","Fis-22970"
-149,45.5,0.89,"Trachurus symmetricus","Fis-22970"
-148.5,45.5,0.9,"Trachurus symmetricus","Fis-22970"
-148,45.5,0.9,"Trachurus symmetricus","Fis-22970"
-147.5,45.5,0.91,"Trachurus symmetricus","Fis-22970"
-147,45.5,0.91,"Trachurus symmetricus","Fis-22970"
-146.5,45.5,0.92,"Trachurus symmetricus","Fis-22970"
-146,45.5,0.93,"Trachurus symmetricus","Fis-22970"
-145.5,45.5,0.94,"Trachurus symmetricus","Fis-22970"
-145,45.5,0.94,"Trachurus symmetricus","Fis-22970"
-144.5,45.5,0.94,"Trachurus symmetricus","Fis-22970"
-144,45.5,0.95,"Trachurus symmetricus","Fis-22970"
-143.5,45.5,0.96,"Trachurus symmetricus","Fis-22970"
-143,45.5,0.97,"Trachurus symmetricus","Fis-22970"
-142.5,45.5,0.98,"Trachurus symmetricus","Fis-22970"
-142,45.5,0.99,"Trachurus symmetricus","Fis-22970"
-141.5,45.5,0.99,"Trachurus symmetricus","Fis-22970"
-141,45.5,1,"Trachurus symmetricus","Fis-22970"
-140.5,45.5,1,"Trachurus symmetricus","Fis-22970"
-140,45.5,1,"Trachurus symmetricus","Fis-22970"
-139.5,45.5,1,"Trachurus symmetricus","Fis-22970"
-139,45.5,1,"Trachurus symmetricus","Fis-22970"
-138.5,45.5,1,"Trachurus symmetricus","Fis-22970"
-138,45.5,1,"Trachurus symmetricus","Fis-22970"
-137.5,45.5,1,"Trachurus symmetricus","Fis-22970"
-137,45.5,1,"Trachurus symmetricus","Fis-22970"
-136.5,45.5,1,"Trachurus symmetricus","Fis-22970"
-136,45.5,1,"Trachurus symmetricus","Fis-22970"
-135.5,45.5,1,"Trachurus symmetricus","Fis-22970"
-135,45.5,1,"Trachurus symmetricus","Fis-22970"
-134.5,45.5,1,"Trachurus symmetricus","Fis-22970"
-134,45.5,1,"Trachurus symmetricus","Fis-22970"
-133.5,45.5,1,"Trachurus symmetricus","Fis-22970"
-133,45.5,1,"Trachurus symmetricus","Fis-22970"
-132.5,45.5,1,"Trachurus symmetricus","Fis-22970"
-132,45.5,1,"Trachurus symmetricus","Fis-22970"
-131.5,45.5,1,"Trachurus symmetricus","Fis-22970"
-131,45.5,1,"Trachurus symmetricus","Fis-22970"
-130.5,45.5,1,"Trachurus symmetricus","Fis-22970"
-130,45.5,1,"Trachurus symmetricus","Fis-22970"
-129.5,45.5,1,"Trachurus symmetricus","Fis-22970"
-129,45.5,1,"Trachurus symmetricus","Fis-22970"
-128.5,45.5,1,"Trachurus symmetricus","Fis-22970"
-128,45.5,1,"Trachurus symmetricus","Fis-22970"
-127.5,45.5,1,"Trachurus symmetricus","Fis-22970"
-127,45.5,1,"Trachurus symmetricus","Fis-22970"
-126.5,45.5,1,"Trachurus symmetricus","Fis-22970"
-126,45.5,1,"Trachurus symmetricus","Fis-22970"
-125.5,45.5,0.99,"Trachurus symmetricus","Fis-22970"
-125,45.5,0.87,"Trachurus symmetricus","Fis-22970"
-124.5,45.5,0.67,"Trachurus symmetricus","Fis-22970"
-124,45.5,0.21,"Trachurus symmetricus","Fis-22970"
-123.5,45.5,0.2,"Trachurus symmetricus","Fis-22970"
-174.5,45,0.72,"Trachurus symmetricus","Fis-22970"
-174,45,0.72,"Trachurus symmetricus","Fis-22970"
-173.5,45,0.73,"Trachurus symmetricus","Fis-22970"
-173,45,0.73,"Trachurus symmetricus","Fis-22970"
-172.5,45,0.73,"Trachurus symmetricus","Fis-22970"
-172,45,0.73,"Trachurus symmetricus","Fis-22970"
-171.5,45,0.74,"Trachurus symmetricus","Fis-22970"
-171,45,0.74,"Trachurus symmetricus","Fis-22970"
-170.5,45,0.74,"Trachurus symmetricus","Fis-22970"
-170,45,0.74,"Trachurus symmetricus","Fis-22970"
-169.5,45,0.74,"Trachurus symmetricus","Fis-22970"
-169,45,0.74,"Trachurus symmetricus","Fis-22970"
-168.5,45,0.75,"Trachurus symmetricus","Fis-22970"
-168,45,0.75,"Trachurus symmetricus","Fis-22970"
-167.5,45,0.76,"Trachurus symmetricus","Fis-22970"
-167,45,0.76,"Trachurus symmetricus","Fis-22970"
-166.5,45,0.77,"Trachurus symmetricus","Fis-22970"
-166,45,0.78,"Trachurus symmetricus","Fis-22970"
-165.5,45,0.79,"Trachurus symmetricus","Fis-22970"
-165,45,0.79,"Trachurus symmetricus","Fis-22970"
-164.5,45,0.79,"Trachurus symmetricus","Fis-22970"
-164,45,0.79,"Trachurus symmetricus","Fis-22970"
-163.5,45,0.8,"Trachurus symmetricus","Fis-22970"
-163,45,0.8,"Trachurus symmetricus","Fis-22970"
-162.5,45,0.8,"Trachurus symmetricus","Fis-22970"
-162,45,0.81,"Trachurus symmetricus","Fis-22970"
-161.5,45,0.81,"Trachurus symmetricus","Fis-22970"
-161,45,0.82,"Trachurus symmetricus","Fis-22970"
-160.5,45,0.82,"Trachurus symmetricus","Fis-22970"
-160,45,0.82,"Trachurus symmetricus","Fis-22970"
-159.5,45,0.82,"Trachurus symmetricus","Fis-22970"
-159,45,0.83,"Trachurus symmetricus","Fis-22970"
-158.5,45,0.84,"Trachurus symmetricus","Fis-22970"
-158,45,0.84,"Trachurus symmetricus","Fis-22970"
-157.5,45,0.85,"Trachurus symmetricus","Fis-22970"
-157,45,0.85,"Trachurus symmetricus","Fis-22970"
-156.5,45,0.85,"Trachurus symmetricus","Fis-22970"
-156,45,0.85,"Trachurus symmetricus","Fis-22970"
-155.5,45,0.86,"Trachurus symmetricus","Fis-22970"
-155,45,0.86,"Trachurus symmetricus","Fis-22970"
-154.5,45,0.87,"Trachurus symmetricus","Fis-22970"
-154,45,0.88,"Trachurus symmetricus","Fis-22970"
-153.5,45,0.88,"Trachurus symmetricus","Fis-22970"
-153,45,0.89,"Trachurus symmetricus","Fis-22970"
-152.5,45,0.89,"Trachurus symmetricus","Fis-22970"
-152,45,0.9,"Trachurus symmetricus","Fis-22970"
-151.5,45,0.91,"Trachurus symmetricus","Fis-22970"
-151,45,0.92,"Trachurus symmetricus","Fis-22970"
-150.5,45,0.92,"Trachurus symmetricus","Fis-22970"
-150,45,0.92,"Trachurus symmetricus","Fis-22970"
-149.5,45,0.93,"Trachurus symmetricus","Fis-22970"
-149,45,0.94,"Trachurus symmetricus","Fis-22970"
-148.5,45,0.95,"Trachurus symmetricus","Fis-22970"
-148,45,0.96,"Trachurus symmetricus","Fis-22970"
-147.5,45,0.96,"Trachurus symmetricus","Fis-22970"
-147,45,0.96,"Trachurus symmetricus","Fis-22970"
-146.5,45,0.97,"Trachurus symmetricus","Fis-22970"
-146,45,0.98,"Trachurus symmetricus","Fis-22970"
-145.5,45,0.99,"Trachurus symmetricus","Fis-22970"
-145,45,0.99,"Trachurus symmetricus","Fis-22970"
-144.5,45,1,"Trachurus symmetricus","Fis-22970"
-144,45,1,"Trachurus symmetricus","Fis-22970"
-143.5,45,1,"Trachurus symmetricus","Fis-22970"
-143,45,1,"Trachurus symmetricus","Fis-22970"
-142.5,45,1,"Trachurus symmetricus","Fis-22970"
-142,45,1,"Trachurus symmetricus","Fis-22970"
-141.5,45,1,"Trachurus symmetricus","Fis-22970"
-141,45,1,"Trachurus symmetricus","Fis-22970"
-140.5,45,1,"Trachurus symmetricus","Fis-22970"
-140,45,1,"Trachurus symmetricus","Fis-22970"
-139.5,45,1,"Trachurus symmetricus","Fis-22970"
-139,45,1,"Trachurus symmetricus","Fis-22970"
-138.5,45,1,"Trachurus symmetricus","Fis-22970"
-138,45,1,"Trachurus symmetricus","Fis-22970"
-137.5,45,1,"Trachurus symmetricus","Fis-22970"
-137,45,1,"Trachurus symmetricus","Fis-22970"
-136.5,45,1,"Trachurus symmetricus","Fis-22970"
-136,45,1,"Trachurus symmetricus","Fis-22970"
-135.5,45,1,"Trachurus symmetricus","Fis-22970"
-135,45,1,"Trachurus symmetricus","Fis-22970"
-134.5,45,1,"Trachurus symmetricus","Fis-22970"
-134,45,1,"Trachurus symmetricus","Fis-22970"
-133.5,45,1,"Trachurus symmetricus","Fis-22970"
-133,45,1,"Trachurus symmetricus","Fis-22970"
-132.5,45,1,"Trachurus symmetricus","Fis-22970"
-132,45,1,"Trachurus symmetricus","Fis-22970"
-131.5,45,1,"Trachurus symmetricus","Fis-22970"
-131,45,1,"Trachurus symmetricus","Fis-22970"
-130.5,45,1,"Trachurus symmetricus","Fis-22970"
-130,45,1,"Trachurus symmetricus","Fis-22970"
-129.5,45,1,"Trachurus symmetricus","Fis-22970"
-129,45,1,"Trachurus symmetricus","Fis-22970"
-128.5,45,1,"Trachurus symmetricus","Fis-22970"
-128,45,1,"Trachurus symmetricus","Fis-22970"
-127.5,45,1,"Trachurus symmetricus","Fis-22970"
-127,45,1,"Trachurus symmetricus","Fis-22970"
-126.5,45,1,"Trachurus symmetricus","Fis-22970"
-126,45,1,"Trachurus symmetricus","Fis-22970"
-125.5,45,0.97,"Trachurus symmetricus","Fis-22970"
-125,45,0.88,"Trachurus symmetricus","Fis-22970"
-124.5,45,0.73,"Trachurus symmetricus","Fis-22970"
-124,45,0.57,"Trachurus symmetricus","Fis-22970"
-123.5,45,0.36,"Trachurus symmetricus","Fis-22970"
-174.5,44.5,0.79,"Trachurus symmetricus","Fis-22970"
-174,44.5,0.79,"Trachurus symmetricus","Fis-22970"
-173.5,44.5,0.8,"Trachurus symmetricus","Fis-22970"
-173,44.5,0.8,"Trachurus symmetricus","Fis-22970"
-172.5,44.5,0.8,"Trachurus symmetricus","Fis-22970"
-172,44.5,0.81,"Trachurus symmetricus","Fis-22970"
-171.5,44.5,0.81,"Trachurus symmetricus","Fis-22970"
-171,44.5,0.81,"Trachurus symmetricus","Fis-22970"
-170.5,44.5,0.81,"Trachurus symmetricus","Fis-22970"
-170,44.5,0.81,"Trachurus symmetricus","Fis-22970"
-169.5,44.5,0.81,"Trachurus symmetricus","Fis-22970"
-169,44.5,0.81,"Trachurus symmetricus","Fis-22970"
-168.5,44.5,0.82,"Trachurus symmetricus","Fis-22970"
-168,44.5,0.82,"Trachurus symmetricus","Fis-22970"
-167.5,44.5,0.83,"Trachurus symmetricus","Fis-22970"
-167,44.5,0.84,"Trachurus symmetricus","Fis-22970"
-166.5,44.5,0.84,"Trachurus symmetricus","Fis-22970"
-166,44.5,0.85,"Trachurus symmetricus","Fis-22970"
-165.5,44.5,0.85,"Trachurus symmetricus","Fis-22970"
-165,44.5,0.86,"Trachurus symmetricus","Fis-22970"
-164.5,44.5,0.86,"Trachurus symmetricus","Fis-22970"
-164,44.5,0.86,"Trachurus symmetricus","Fis-22970"
-163.5,44.5,0.87,"Trachurus symmetricus","Fis-22970"
-163,44.5,0.87,"Trachurus symmetricus","Fis-22970"
-162.5,44.5,0.87,"Trachurus symmetricus","Fis-22970"
-162,44.5,0.87,"Trachurus symmetricus","Fis-22970"
-161.5,44.5,0.88,"Trachurus symmetricus","Fis-22970"
-161,44.5,0.88,"Trachurus symmetricus","Fis-22970"
-160.5,44.5,0.88,"Trachurus symmetricus","Fis-22970"
-160,44.5,0.88,"Trachurus symmetricus","Fis-22970"
-159.5,44.5,0.89,"Trachurus symmetricus","Fis-22970"
-159,44.5,0.89,"Trachurus symmetricus","Fis-22970"
-158.5,44.5,0.9,"Trachurus symmetricus","Fis-22970"
-158,44.5,0.91,"Trachurus symmetricus","Fis-22970"
-157.5,44.5,0.92,"Trachurus symmetricus","Fis-22970"
-157,44.5,0.92,"Trachurus symmetricus","Fis-22970"
-156.5,44.5,0.92,"Trachurus symmetricus","Fis-22970"
-156,44.5,0.91,"Trachurus symmetricus","Fis-22970"
-155.5,44.5,0.92,"Trachurus symmetricus","Fis-22970"
-155,44.5,0.93,"Trachurus symmetricus","Fis-22970"
-154.5,44.5,0.94,"Trachurus symmetricus","Fis-22970"
-154,44.5,0.95,"Trachurus symmetricus","Fis-22970"
-153.5,44.5,0.95,"Trachurus symmetricus","Fis-22970"
-153,44.5,0.95,"Trachurus symmetricus","Fis-22970"
-152.5,44.5,0.95,"Trachurus symmetricus","Fis-22970"
-152,44.5,0.96,"Trachurus symmetricus","Fis-22970"
-151.5,44.5,0.97,"Trachurus symmetricus","Fis-22970"
-151,44.5,0.98,"Trachurus symmetricus","Fis-22970"
-150.5,44.5,0.98,"Trachurus symmetricus","Fis-22970"
-150,44.5,0.98,"Trachurus symmetricus","Fis-22970"
-149.5,44.5,0.99,"Trachurus symmetricus","Fis-22970"
-149,44.5,1,"Trachurus symmetricus","Fis-22970"
-148.5,44.5,1,"Trachurus symmetricus","Fis-22970"
-148,44.5,1,"Trachurus symmetricus","Fis-22970"
-147.5,44.5,1,"Trachurus symmetricus","Fis-22970"
-147,44.5,1,"Trachurus symmetricus","Fis-22970"
-146.5,44.5,1,"Trachurus symmetricus","Fis-22970"
-146,44.5,1,"Trachurus symmetricus","Fis-22970"
-145.5,44.5,1,"Trachurus symmetricus","Fis-22970"
-145,44.5,1,"Trachurus symmetricus","Fis-22970"
-144.5,44.5,1,"Trachurus symmetricus","Fis-22970"
-144,44.5,1,"Trachurus symmetricus","Fis-22970"
-143.5,44.5,1,"Trachurus symmetricus","Fis-22970"
-143,44.5,1,"Trachurus symmetricus","Fis-22970"
-142.5,44.5,1,"Trachurus symmetricus","Fis-22970"
-142,44.5,1,"Trachurus symmetricus","Fis-22970"
-141.5,44.5,1,"Trachurus symmetricus","Fis-22970"
-141,44.5,1,"Trachurus symmetricus","Fis-22970"
-140.5,44.5,1,"Trachurus symmetricus","Fis-22970"
-140,44.5,1,"Trachurus symmetricus","Fis-22970"
-139.5,44.5,1,"Trachurus symmetricus","Fis-22970"
-139,44.5,1,"Trachurus symmetricus","Fis-22970"
-138.5,44.5,1,"Trachurus symmetricus","Fis-22970"
-138,44.5,1,"Trachurus symmetricus","Fis-22970"
-137.5,44.5,1,"Trachurus symmetricus","Fis-22970"
-137,44.5,1,"Trachurus symmetricus","Fis-22970"
-136.5,44.5,1,"Trachurus symmetricus","Fis-22970"
-136,44.5,1,"Trachurus symmetricus","Fis-22970"
-135.5,44.5,1,"Trachurus symmetricus","Fis-22970"
-135,44.5,1,"Trachurus symmetricus","Fis-22970"
-134.5,44.5,1,"Trachurus symmetricus","Fis-22970"
-134,44.5,1,"Trachurus symmetricus","Fis-22970"
-133.5,44.5,1,"Trachurus symmetricus","Fis-22970"
-133,44.5,1,"Trachurus symmetricus","Fis-22970"
-132.5,44.5,1,"Trachurus symmetricus","Fis-22970"
-132,44.5,1,"Trachurus symmetricus","Fis-22970"
-131.5,44.5,1,"Trachurus symmetricus","Fis-22970"
-131,44.5,1,"Trachurus symmetricus","Fis-22970"
-130.5,44.5,1,"Trachurus symmetricus","Fis-22970"
-130,44.5,1,"Trachurus symmetricus","Fis-22970"
-129.5,44.5,1,"Trachurus symmetricus","Fis-22970"
-129,44.5,1,"Trachurus symmetricus","Fis-22970"
-128.5,44.5,1,"Trachurus symmetricus","Fis-22970"
-128,44.5,1,"Trachurus symmetricus","Fis-22970"
-127.5,44.5,1,"Trachurus symmetricus","Fis-22970"
-127,44.5,1,"Trachurus symmetricus","Fis-22970"
-126.5,44.5,1,"Trachurus symmetricus","Fis-22970"
-126,44.5,1,"Trachurus symmetricus","Fis-22970"
-125.5,44.5,0.97,"Trachurus symmetricus","Fis-22970"
-125,44.5,0.89,"Trachurus symmetricus","Fis-22970"
-124.5,44.5,0.81,"Trachurus symmetricus","Fis-22970"
-124,44.5,0.86,"Trachurus symmetricus","Fis-22970"
-174.5,44,0.86,"Trachurus symmetricus","Fis-22970"
-174,44,0.86,"Trachurus symmetricus","Fis-22970"
-173.5,44,0.86,"Trachurus symmetricus","Fis-22970"
-173,44,0.86,"Trachurus symmetricus","Fis-22970"
-172.5,44,0.87,"Trachurus symmetricus","Fis-22970"
-172,44,0.87,"Trachurus symmetricus","Fis-22970"
-171.5,44,0.88,"Trachurus symmetricus","Fis-22970"
-171,44,0.88,"Trachurus symmetricus","Fis-22970"
-170.5,44,0.88,"Trachurus symmetricus","Fis-22970"
-170,44,0.88,"Trachurus symmetricus","Fis-22970"
-169.5,44,0.88,"Trachurus symmetricus","Fis-22970"
-169,44,0.88,"Trachurus symmetricus","Fis-22970"
-168.5,44,0.89,"Trachurus symmetricus","Fis-22970"
-168,44,0.9,"Trachurus symmetricus","Fis-22970"
-167.5,44,0.9,"Trachurus symmetricus","Fis-22970"
-167,44,0.91,"Trachurus symmetricus","Fis-22970"
-166.5,44,0.91,"Trachurus symmetricus","Fis-22970"
-166,44,0.91,"Trachurus symmetricus","Fis-22970"
-165.5,44,0.91,"Trachurus symmetricus","Fis-22970"
-165,44,0.91,"Trachurus symmetricus","Fis-22970"
-164.5,44,0.92,"Trachurus symmetricus","Fis-22970"
-164,44,0.92,"Trachurus symmetricus","Fis-22970"
-163.5,44,0.93,"Trachurus symmetricus","Fis-22970"
-163,44,0.93,"Trachurus symmetricus","Fis-22970"
-162.5,44,0.94,"Trachurus symmetricus","Fis-22970"
-162,44,0.94,"Trachurus symmetricus","Fis-22970"
-161.5,44,0.94,"Trachurus symmetricus","Fis-22970"
-161,44,0.95,"Trachurus symmetricus","Fis-22970"
-160.5,44,0.95,"Trachurus symmetricus","Fis-22970"
-160,44,0.95,"Trachurus symmetricus","Fis-22970"
-159.5,44,0.95,"Trachurus symmetricus","Fis-22970"
-159,44,0.96,"Trachurus symmetricus","Fis-22970"
-158.5,44,0.96,"Trachurus symmetricus","Fis-22970"
-158,44,0.97,"Trachurus symmetricus","Fis-22970"
-157.5,44,0.98,"Trachurus symmetricus","Fis-22970"
-157,44,0.97,"Trachurus symmetricus","Fis-22970"
-156.5,44,0.97,"Trachurus symmetricus","Fis-22970"
-156,44,0.97,"Trachurus symmetricus","Fis-22970"
-155.5,44,0.98,"Trachurus symmetricus","Fis-22970"
-155,44,0.99,"Trachurus symmetricus","Fis-22970"
-154.5,44,1,"Trachurus symmetricus","Fis-22970"
-154,44,1,"Trachurus symmetricus","Fis-22970"
-153.5,44,1,"Trachurus symmetricus","Fis-22970"
-153,44,1,"Trachurus symmetricus","Fis-22970"
-152.5,44,1,"Trachurus symmetricus","Fis-22970"
-152,44,1,"Trachurus symmetricus","Fis-22970"
-151.5,44,1,"Trachurus symmetricus","Fis-22970"
-151,44,1,"Trachurus symmetricus","Fis-22970"
-150.5,44,1,"Trachurus symmetricus","Fis-22970"
-150,44,1,"Trachurus symmetricus","Fis-22970"
-149.5,44,1,"Trachurus symmetricus","Fis-22970"
-149,44,1,"Trachurus symmetricus","Fis-22970"
-148.5,44,1,"Trachurus symmetricus","Fis-22970"
-148,44,1,"Trachurus symmetricus","Fis-22970"
-147.5,44,1,"Trachurus symmetricus","Fis-22970"
-147,44,1,"Trachurus symmetricus","Fis-22970"
-146.5,44,1,"Trachurus symmetricus","Fis-22970"
-146,44,1,"Trachurus symmetricus","Fis-22970"
-145.5,44,1,"Trachurus symmetricus","Fis-22970"
-145,44,1,"Trachurus symmetricus","Fis-22970"
-144.5,44,1,"Trachurus symmetricus","Fis-22970"
-144,44,1,"Trachurus symmetricus","Fis-22970"
-143.5,44,1,"Trachurus symmetricus","Fis-22970"
-143,44,1,"Trachurus symmetricus","Fis-22970"
-142.5,44,1,"Trachurus symmetricus","Fis-22970"
-142,44,1,"Trachurus symmetricus","Fis-22970"
-141.5,44,1,"Trachurus symmetricus","Fis-22970"
-141,44,1,"Trachurus symmetricus","Fis-22970"
-140.5,44,1,"Trachurus symmetricus","Fis-22970"
-140,44,1,"Trachurus symmetricus","Fis-22970"
-139.5,44,1,"Trachurus symmetricus","Fis-22970"
-139,44,1,"Trachurus symmetricus","Fis-22970"
-138.5,44,1,"Trachurus symmetricus","Fis-22970"
-138,44,1,"Trachurus symmetricus","Fis-22970"
-137.5,44,1,"Trachurus symmetricus","Fis-22970"
-137,44,1,"Trachurus symmetricus","Fis-22970"
-136.5,44,1,"Trachurus symmetricus","Fis-22970"
-136,44,1,"Trachurus symmetricus","Fis-22970"
-135.5,44,1,"Trachurus symmetricus","Fis-22970"
-135,44,1,"Trachurus symmetricus","Fis-22970"
-134.5,44,1,"Trachurus symmetricus","Fis-22970"
-134,44,1,"Trachurus symmetricus","Fis-22970"
-133.5,44,1,"Trachurus symmetricus","Fis-22970"
-133,44,1,"Trachurus symmetricus","Fis-22970"
-132.5,44,1,"Trachurus symmetricus","Fis-22970"
-132,44,1,"Trachurus symmetricus","Fis-22970"
-131.5,44,1,"Trachurus symmetricus","Fis-22970"
-131,44,1,"Trachurus symmetricus","Fis-22970"
-130.5,44,1,"Trachurus symmetricus","Fis-22970"
-130,44,1,"Trachurus symmetricus","Fis-22970"
-129.5,44,1,"Trachurus symmetricus","Fis-22970"
-129,44,1,"Trachurus symmetricus","Fis-22970"
-128.5,44,1,"Trachurus symmetricus","Fis-22970"
-128,44,1,"Trachurus symmetricus","Fis-22970"
-127.5,44,1,"Trachurus symmetricus","Fis-22970"
-127,44,1,"Trachurus symmetricus","Fis-22970"
-126.5,44,1,"Trachurus symmetricus","Fis-22970"
-126,44,1,"Trachurus symmetricus","Fis-22970"
-125.5,44,0.98,"Trachurus symmetricus","Fis-22970"
-125,44,0.92,"Trachurus symmetricus","Fis-22970"
-124.5,44,0.91,"Trachurus symmetricus","Fis-22970"
-124,44,0.98,"Trachurus symmetricus","Fis-22970"
-174.5,43.5,0.94,"Trachurus symmetricus","Fis-22970"
-174,43.5,0.94,"Trachurus symmetricus","Fis-22970"
-173.5,43.5,0.93,"Trachurus symmetricus","Fis-22970"
-173,43.5,0.93,"Trachurus symmetricus","Fis-22970"
-172.5,43.5,0.93,"Trachurus symmetricus","Fis-22970"
-172,43.5,0.94,"Trachurus symmetricus","Fis-22970"
-171.5,43.5,0.95,"Trachurus symmetricus","Fis-22970"
-171,43.5,0.95,"Trachurus symmetricus","Fis-22970"
-170.5,43.5,0.95,"Trachurus symmetricus","Fis-22970"
-170,43.5,0.95,"Trachurus symmetricus","Fis-22970"
-169.5,43.5,0.95,"Trachurus symmetricus","Fis-22970"
-169,43.5,0.94,"Trachurus symmetricus","Fis-22970"
-168.5,43.5,0.95,"Trachurus symmetricus","Fis-22970"
-168,43.5,0.96,"Trachurus symmetricus","Fis-22970"
-167.5,43.5,0.97,"Trachurus symmetricus","Fis-22970"
-167,43.5,0.98,"Trachurus symmetricus","Fis-22970"
-166.5,43.5,0.98,"Trachurus symmetricus","Fis-22970"
-166,43.5,0.97,"Trachurus symmetricus","Fis-22970"
-165.5,43.5,0.97,"Trachurus symmetricus","Fis-22970"
-165,43.5,0.97,"Trachurus symmetricus","Fis-22970"
-164.5,43.5,0.97,"Trachurus symmetricus","Fis-22970"
-164,43.5,0.98,"Trachurus symmetricus","Fis-22970"
-163.5,43.5,0.99,"Trachurus symmetricus","Fis-22970"
-163,43.5,0.99,"Trachurus symmetricus","Fis-22970"
-162.5,43.5,0.99,"Trachurus symmetricus","Fis-22970"
-162,43.5,1,"Trachurus symmetricus","Fis-22970"
-161.5,43.5,1,"Trachurus symmetricus","Fis-22970"
-161,43.5,1,"Trachurus symmetricus","Fis-22970"
-160.5,43.5,1,"Trachurus symmetricus","Fis-22970"
-160,43.5,1,"Trachurus symmetricus","Fis-22970"
-159.5,43.5,1,"Trachurus symmetricus","Fis-22970"
-159,43.5,1,"Trachurus symmetricus","Fis-22970"
-158.5,43.5,1,"Trachurus symmetricus","Fis-22970"
-158,43.5,1,"Trachurus symmetricus","Fis-22970"
-157.5,43.5,1,"Trachurus symmetricus","Fis-22970"
-157,43.5,1,"Trachurus symmetricus","Fis-22970"
-156.5,43.5,1,"Trachurus symmetricus","Fis-22970"
-156,43.5,1,"Trachurus symmetricus","Fis-22970"
-155.5,43.5,1,"Trachurus symmetricus","Fis-22970"
-155,43.5,1,"Trachurus symmetricus","Fis-22970"
-154.5,43.5,1,"Trachurus symmetricus","Fis-22970"
-154,43.5,1,"Trachurus symmetricus","Fis-22970"
-153.5,43.5,1,"Trachurus symmetricus","Fis-22970"
-153,43.5,1,"Trachurus symmetricus","Fis-22970"
-152.5,43.5,1,"Trachurus symmetricus","Fis-22970"
-152,43.5,1,"Trachurus symmetricus","Fis-22970"
-151.5,43.5,1,"Trachurus symmetricus","Fis-22970"
-151,43.5,1,"Trachurus symmetricus","Fis-22970"
-150.5,43.5,1,"Trachurus symmetricus","Fis-22970"
-150,43.5,1,"Trachurus symmetricus","Fis-22970"
-149.5,43.5,1,"Trachurus symmetricus","Fis-22970"
-149,43.5,1,"Trachurus symmetricus","Fis-22970"
-148.5,43.5,1,"Trachurus symmetricus","Fis-22970"
-148,43.5,1,"Trachurus symmetricus","Fis-22970"
-147.5,43.5,1,"Trachurus symmetricus","Fis-22970"
-147,43.5,1,"Trachurus symmetricus","Fis-22970"
-146.5,43.5,1,"Trachurus symmetricus","Fis-22970"
-146,43.5,1,"Trachurus symmetricus","Fis-22970"
-145.5,43.5,1,"Trachurus symmetricus","Fis-22970"
-145,43.5,1,"Trachurus symmetricus","Fis-22970"
-144.5,43.5,1,"Trachurus symmetricus","Fis-22970"
-144,43.5,1,"Trachurus symmetricus","Fis-22970"
-143.5,43.5,1,"Trachurus symmetricus","Fis-22970"
-143,43.5,1,"Trachurus symmetricus","Fis-22970"
-142.5,43.5,1,"Trachurus symmetricus","Fis-22970"
-142,43.5,1,"Trachurus symmetricus","Fis-22970"
-141.5,43.5,1,"Trachurus symmetricus","Fis-22970"
-141,43.5,1,"Trachurus symmetricus","Fis-22970"
-140.5,43.5,1,"Trachurus symmetricus","Fis-22970"
-140,43.5,1,"Trachurus symmetricus","Fis-22970"
-139.5,43.5,1,"Trachurus symmetricus","Fis-22970"
-139,43.5,1,"Trachurus symmetricus","Fis-22970"
-138.5,43.5,1,"Trachurus symmetricus","Fis-22970"
-138,43.5,1,"Trachurus symmetricus","Fis-22970"
-137.5,43.5,1,"Trachurus symmetricus","Fis-22970"
-137,43.5,1,"Trachurus symmetricus","Fis-22970"
-136.5,43.5,1,"Trachurus symmetricus","Fis-22970"
-136,43.5,1,"Trachurus symmetricus","Fis-22970"
-135.5,43.5,1,"Trachurus symmetricus","Fis-22970"
-135,43.5,1,"Trachurus symmetricus","Fis-22970"
-134.5,43.5,1,"Trachurus symmetricus","Fis-22970"
-134,43.5,1,"Trachurus symmetricus","Fis-22970"
-133.5,43.5,1,"Trachurus symmetricus","Fis-22970"
-133,43.5,1,"Trachurus symmetricus","Fis-22970"
-132.5,43.5,1,"Trachurus symmetricus","Fis-22970"
-132,43.5,1,"Trachurus symmetricus","Fis-22970"
-131.5,43.5,1,"Trachurus symmetricus","Fis-22970"
-131,43.5,1,"Trachurus symmetricus","Fis-22970"
-130.5,43.5,1,"Trachurus symmetricus","Fis-22970"
-130,43.5,1,"Trachurus symmetricus","Fis-22970"
-129.5,43.5,1,"Trachurus symmetricus","Fis-22970"
-129,43.5,1,"Trachurus symmetricus","Fis-22970"
-128.5,43.5,1,"Trachurus symmetricus","Fis-22970"
-128,43.5,1,"Trachurus symmetricus","Fis-22970"
-127.5,43.5,1,"Trachurus symmetricus","Fis-22970"
-127,43.5,1,"Trachurus symmetricus","Fis-22970"
-126.5,43.5,1,"Trachurus symmetricus","Fis-22970"
-126,43.5,1,"Trachurus symmetricus","Fis-22970"
-125.5,43.5,1,"Trachurus symmetricus","Fis-22970"
-125,43.5,0.99,"Trachurus symmetricus","Fis-22970"
-124.5,43.5,1,"Trachurus symmetricus","Fis-22970"
-124,43.5,1,"Trachurus symmetricus","Fis-22970"
-174.5,43,1,"Trachurus symmetricus","Fis-22970"
-174,43,1,"Trachurus symmetricus","Fis-22970"
-173.5,43,1,"Trachurus symmetricus","Fis-22970"
-173,43,1,"Trachurus symmetricus","Fis-22970"
-172.5,43,1,"Trachurus symmetricus","Fis-22970"
-172,43,1,"Trachurus symmetricus","Fis-22970"
-171.5,43,1,"Trachurus symmetricus","Fis-22970"
-171,43,1,"Trachurus symmetricus","Fis-22970"
-170.5,43,1,"Trachurus symmetricus","Fis-22970"
-170,43,1,"Trachurus symmetricus","Fis-22970"
-169.5,43,1,"Trachurus symmetricus","Fis-22970"
-169,43,1,"Trachurus symmetricus","Fis-22970"
-168.5,43,1,"Trachurus symmetricus","Fis-22970"
-168,43,1,"Trachurus symmetricus","Fis-22970"
-167.5,43,1,"Trachurus symmetricus","Fis-22970"
-167,43,1,"Trachurus symmetricus","Fis-22970"
-166.5,43,1,"Trachurus symmetricus","Fis-22970"
-166,43,1,"Trachurus symmetricus","Fis-22970"
-165.5,43,1,"Trachurus symmetricus","Fis-22970"
-165,43,1,"Trachurus symmetricus","Fis-22970"
-164.5,43,1,"Trachurus symmetricus","Fis-22970"
-164,43,1,"Trachurus symmetricus","Fis-22970"
-163.5,43,1,"Trachurus symmetricus","Fis-22970"
-163,43,1,"Trachurus symmetricus","Fis-22970"
-162.5,43,1,"Trachurus symmetricus","Fis-22970"
-162,43,1,"Trachurus symmetricus","Fis-22970"
-161.5,43,1,"Trachurus symmetricus","Fis-22970"
-161,43,1,"Trachurus symmetricus","Fis-22970"
-160.5,43,1,"Trachurus symmetricus","Fis-22970"
-160,43,1,"Trachurus symmetricus","Fis-22970"
-159.5,43,1,"Trachurus symmetricus","Fis-22970"
-159,43,1,"Trachurus symmetricus","Fis-22970"
-158.5,43,1,"Trachurus symmetricus","Fis-22970"
-158,43,1,"Trachurus symmetricus","Fis-22970"
-157.5,43,1,"Trachurus symmetricus","Fis-22970"
-157,43,1,"Trachurus symmetricus","Fis-22970"
-156.5,43,1,"Trachurus symmetricus","Fis-22970"
-156,43,1,"Trachurus symmetricus","Fis-22970"
-155.5,43,1,"Trachurus symmetricus","Fis-22970"
-155,43,1,"Trachurus symmetricus","Fis-22970"
-154.5,43,1,"Trachurus symmetricus","Fis-22970"
-154,43,1,"Trachurus symmetricus","Fis-22970"
-153.5,43,1,"Trachurus symmetricus","Fis-22970"
-153,43,1,"Trachurus symmetricus","Fis-22970"
-152.5,43,1,"Trachurus symmetricus","Fis-22970"
-152,43,1,"Trachurus symmetricus","Fis-22970"
-151.5,43,1,"Trachurus symmetricus","Fis-22970"
-151,43,1,"Trachurus symmetricus","Fis-22970"
-150.5,43,1,"Trachurus symmetricus","Fis-22970"
-150,43,1,"Trachurus symmetricus","Fis-22970"
-149.5,43,1,"Trachurus symmetricus","Fis-22970"
-149,43,1,"Trachurus symmetricus","Fis-22970"
-148.5,43,1,"Trachurus symmetricus","Fis-22970"
-148,43,1,"Trachurus symmetricus","Fis-22970"
-147.5,43,1,"Trachurus symmetricus","Fis-22970"
-147,43,1,"Trachurus symmetricus","Fis-22970"
-146.5,43,1,"Trachurus symmetricus","Fis-22970"
-146,43,1,"Trachurus symmetricus","Fis-22970"
-145.5,43,1,"Trachurus symmetricus","Fis-22970"
-145,43,1,"Trachurus symmetricus","Fis-22970"
-144.5,43,1,"Trachurus symmetricus","Fis-22970"
-144,43,1,"Trachurus symmetricus","Fis-22970"
-143.5,43,1,"Trachurus symmetricus","Fis-22970"
-143,43,1,"Trachurus symmetricus","Fis-22970"
-142.5,43,1,"Trachurus symmetricus","Fis-22970"
-142,43,1,"Trachurus symmetricus","Fis-22970"
-141.5,43,1,"Trachurus symmetricus","Fis-22970"
-141,43,1,"Trachurus symmetricus","Fis-22970"
-140.5,43,1,"Trachurus symmetricus","Fis-22970"
-140,43,1,"Trachurus symmetricus","Fis-22970"
-139.5,43,1,"Trachurus symmetricus","Fis-22970"
-139,43,1,"Trachurus symmetricus","Fis-22970"
-138.5,43,1,"Trachurus symmetricus","Fis-22970"
-138,43,1,"Trachurus symmetricus","Fis-22970"
-137.5,43,1,"Trachurus symmetricus","Fis-22970"
-137,43,1,"Trachurus symmetricus","Fis-22970"
-136.5,43,1,"Trachurus symmetricus","Fis-22970"
-136,43,1,"Trachurus symmetricus","Fis-22970"
-135.5,43,1,"Trachurus symmetricus","Fis-22970"
-135,43,1,"Trachurus symmetricus","Fis-22970"
-134.5,43,1,"Trachurus symmetricus","Fis-22970"
-134,43,1,"Trachurus symmetricus","Fis-22970"
-133.5,43,1,"Trachurus symmetricus","Fis-22970"
-133,43,1,"Trachurus symmetricus","Fis-22970"
-132.5,43,1,"Trachurus symmetricus","Fis-22970"
-132,43,1,"Trachurus symmetricus","Fis-22970"
-131.5,43,1,"Trachurus symmetricus","Fis-22970"
-131,43,1,"Trachurus symmetricus","Fis-22970"
-130.5,43,1,"Trachurus symmetricus","Fis-22970"
-130,43,1,"Trachurus symmetricus","Fis-22970"
-129.5,43,1,"Trachurus symmetricus","Fis-22970"
-129,43,1,"Trachurus symmetricus","Fis-22970"
-128.5,43,1,"Trachurus symmetricus","Fis-22970"
-128,43,1,"Trachurus symmetricus","Fis-22970"
-127.5,43,1,"Trachurus symmetricus","Fis-22970"
-127,43,1,"Trachurus symmetricus","Fis-22970"
-126.5,43,1,"Trachurus symmetricus","Fis-22970"
-126,43,1,"Trachurus symmetricus","Fis-22970"
-125.5,43,1,"Trachurus symmetricus","Fis-22970"
-125,43,1,"Trachurus symmetricus","Fis-22970"
-124.5,43,1,"Trachurus symmetricus","Fis-22970"
-124,43,0.96,"Trachurus symmetricus","Fis-22970"
-174.5,42.5,1,"Trachurus symmetricus","Fis-22970"
-174,42.5,1,"Trachurus symmetricus","Fis-22970"
-173.5,42.5,1,"Trachurus symmetricus","Fis-22970"
-173,42.5,1,"Trachurus symmetricus","Fis-22970"
-172.5,42.5,1,"Trachurus symmetricus","Fis-22970"
-172,42.5,1,"Trachurus symmetricus","Fis-22970"
-171.5,42.5,1,"Trachurus symmetricus","Fis-22970"
-171,42.5,1,"Trachurus symmetricus","Fis-22970"
-170.5,42.5,1,"Trachurus symmetricus","Fis-22970"
-170,42.5,1,"Trachurus symmetricus","Fis-22970"
-169.5,42.5,1,"Trachurus symmetricus","Fis-22970"
-169,42.5,1,"Trachurus symmetricus","Fis-22970"
-168.5,42.5,1,"Trachurus symmetricus","Fis-22970"
-168,42.5,1,"Trachurus symmetricus","Fis-22970"
-167.5,42.5,1,"Trachurus symmetricus","Fis-22970"
-167,42.5,1,"Trachurus symmetricus","Fis-22970"
-166.5,42.5,1,"Trachurus symmetricus","Fis-22970"
-166,42.5,1,"Trachurus symmetricus","Fis-22970"
-165.5,42.5,1,"Trachurus symmetricus","Fis-22970"
-165,42.5,1,"Trachurus symmetricus","Fis-22970"
-164.5,42.5,1,"Trachurus symmetricus","Fis-22970"
-164,42.5,1,"Trachurus symmetricus","Fis-22970"
-163.5,42.5,1,"Trachurus symmetricus","Fis-22970"
-163,42.5,1,"Trachurus symmetricus","Fis-22970"
-162.5,42.5,1,"Trachurus symmetricus","Fis-22970"
-162,42.5,1,"Trachurus symmetricus","Fis-22970"
-161.5,42.5,1,"Trachurus symmetricus","Fis-22970"
-161,42.5,1,"Trachurus symmetricus","Fis-22970"
-160.5,42.5,1,"Trachurus symmetricus","Fis-22970"
-160,42.5,1,"Trachurus symmetricus","Fis-22970"
-159.5,42.5,1,"Trachurus symmetricus","Fis-22970"
-159,42.5,1,"Trachurus symmetricus","Fis-22970"
-158.5,42.5,1,"Trachurus symmetricus","Fis-22970"
-158,42.5,1,"Trachurus symmetricus","Fis-22970"
-157.5,42.5,1,"Trachurus symmetricus","Fis-22970"
-157,42.5,1,"Trachurus symmetricus","Fis-22970"
-156.5,42.5,1,"Trachurus symmetricus","Fis-22970"
-156,42.5,1,"Trachurus symmetricus","Fis-22970"
-155.5,42.5,1,"Trachurus symmetricus","Fis-22970"
-155,42.5,1,"Trachurus symmetricus","Fis-22970"
-154.5,42.5,1,"Trachurus symmetricus","Fis-22970"
-154,42.5,1,"Trachurus symmetricus","Fis-22970"
-153.5,42.5,1,"Trachurus symmetricus","Fis-22970"
-153,42.5,1,"Trachurus symmetricus","Fis-22970"
-152.5,42.5,1,"Trachurus symmetricus","Fis-22970"
-152,42.5,1,"Trachurus symmetricus","Fis-22970"
-151.5,42.5,1,"Trachurus symmetricus","Fis-22970"
-151,42.5,1,"Trachurus symmetricus","Fis-22970"
-150.5,42.5,1,"Trachurus symmetricus","Fis-22970"
-150,42.5,1,"Trachurus symmetricus","Fis-22970"
-149.5,42.5,1,"Trachurus symmetricus","Fis-22970"
-149,42.5,1,"Trachurus symmetricus","Fis-22970"
-148.5,42.5,1,"Trachurus symmetricus","Fis-22970"
-148,42.5,1,"Trachurus symmetricus","Fis-22970"
-147.5,42.5,1,"Trachurus symmetricus","Fis-22970"
-147,42.5,1,"Trachurus symmetricus","Fis-22970"
-146.5,42.5,1,"Trachurus symmetricus","Fis-22970"
-146,42.5,1,"Trachurus symmetricus","Fis-22970"
-145.5,42.5,1,"Trachurus symmetricus","Fis-22970"
-145,42.5,1,"Trachurus symmetricus","Fis-22970"
-144.5,42.5,1,"Trachurus symmetricus","Fis-22970"
-144,42.5,1,"Trachurus symmetricus","Fis-22970"
-143.5,42.5,1,"Trachurus symmetricus","Fis-22970"
-143,42.5,1,"Trachurus symmetricus","Fis-22970"
-142.5,42.5,1,"Trachurus symmetricus","Fis-22970"
-142,42.5,1,"Trachurus symmetricus","Fis-22970"
-141.5,42.5,1,"Trachurus symmetricus","Fis-22970"
-141,42.5,1,"Trachurus symmetricus","Fis-22970"
-140.5,42.5,1,"Trachurus symmetricus","Fis-22970"
-140,42.5,1,"Trachurus symmetricus","Fis-22970"
-139.5,42.5,1,"Trachurus symmetricus","Fis-22970"
-139,42.5,1,"Trachurus symmetricus","Fis-22970"
-138.5,42.5,1,"Trachurus symmetricus","Fis-22970"
-138,42.5,1,"Trachurus symmetricus","Fis-22970"
-137.5,42.5,1,"Trachurus symmetricus","Fis-22970"
-137,42.5,1,"Trachurus symmetricus","Fis-22970"
-136.5,42.5,1,"Trachurus symmetricus","Fis-22970"
-136,42.5,1,"Trachurus symmetricus","Fis-22970"
-135.5,42.5,1,"Trachurus symmetricus","Fis-22970"
-135,42.5,1,"Trachurus symmetricus","Fis-22970"
-134.5,42.5,1,"Trachurus symmetricus","Fis-22970"
-134,42.5,1,"Trachurus symmetricus","Fis-22970"
-133.5,42.5,1,"Trachurus symmetricus","Fis-22970"
-133,42.5,1,"Trachurus symmetricus","Fis-22970"
-132.5,42.5,1,"Trachurus symmetricus","Fis-22970"
-132,42.5,1,"Trachurus symmetricus","Fis-22970"
-131.5,42.5,1,"Trachurus symmetricus","Fis-22970"
-131,42.5,1,"Trachurus symmetricus","Fis-22970"
-130.5,42.5,1,"Trachurus symmetricus","Fis-22970"
-130,42.5,1,"Trachurus symmetricus","Fis-22970"
-129.5,42.5,1,"Trachurus symmetricus","Fis-22970"
-129,42.5,1,"Trachurus symmetricus","Fis-22970"
-128.5,42.5,1,"Trachurus symmetricus","Fis-22970"
-128,42.5,1,"Trachurus symmetricus","Fis-22970"
-127.5,42.5,1,"Trachurus symmetricus","Fis-22970"
-127,42.5,1,"Trachurus symmetricus","Fis-22970"
-126.5,42.5,1,"Trachurus symmetricus","Fis-22970"
-126,42.5,1,"Trachurus symmetricus","Fis-22970"
-125.5,42.5,1,"Trachurus symmetricus","Fis-22970"
-125,42.5,1,"Trachurus symmetricus","Fis-22970"
-124.5,42.5,1,"Trachurus symmetricus","Fis-22970"
-124,42.5,0.88,"Trachurus symmetricus","Fis-22970"
-174.5,42,1,"Trachurus symmetricus","Fis-22970"
-174,42,1,"Trachurus symmetricus","Fis-22970"
-173.5,42,1,"Trachurus symmetricus","Fis-22970"
-173,42,1,"Trachurus symmetricus","Fis-22970"
-172.5,42,1,"Trachurus symmetricus","Fis-22970"
-172,42,1,"Trachurus symmetricus","Fis-22970"
-171.5,42,1,"Trachurus symmetricus","Fis-22970"
-171,42,1,"Trachurus symmetricus","Fis-22970"
-170.5,42,1,"Trachurus symmetricus","Fis-22970"
-170,42,1,"Trachurus symmetricus","Fis-22970"
-169.5,42,1,"Trachurus symmetricus","Fis-22970"
-169,42,1,"Trachurus symmetricus","Fis-22970"
-168.5,42,1,"Trachurus symmetricus","Fis-22970"
-168,42,1,"Trachurus symmetricus","Fis-22970"
-167.5,42,1,"Trachurus symmetricus","Fis-22970"
-167,42,1,"Trachurus symmetricus","Fis-22970"
-166.5,42,1,"Trachurus symmetricus","Fis-22970"
-166,42,1,"Trachurus symmetricus","Fis-22970"
-165.5,42,1,"Trachurus symmetricus","Fis-22970"
-165,42,1,"Trachurus symmetricus","Fis-22970"
-164.5,42,1,"Trachurus symmetricus","Fis-22970"
-164,42,1,"Trachurus symmetricus","Fis-22970"
-163.5,42,1,"Trachurus symmetricus","Fis-22970"
-163,42,1,"Trachurus symmetricus","Fis-22970"
-162.5,42,1,"Trachurus symmetricus","Fis-22970"
-162,42,1,"Trachurus symmetricus","Fis-22970"
-161.5,42,1,"Trachurus symmetricus","Fis-22970"
-161,42,1,"Trachurus symmetricus","Fis-22970"
-160.5,42,1,"Trachurus symmetricus","Fis-22970"
-160,42,1,"Trachurus symmetricus","Fis-22970"
-159.5,42,1,"Trachurus symmetricus","Fis-22970"
-159,42,1,"Trachurus symmetricus","Fis-22970"
-158.5,42,1,"Trachurus symmetricus","Fis-22970"
-158,42,1,"Trachurus symmetricus","Fis-22970"
-157.5,42,1,"Trachurus symmetricus","Fis-22970"
-157,42,1,"Trachurus symmetricus","Fis-22970"
-156.5,42,1,"Trachurus symmetricus","Fis-22970"
-156,42,1,"Trachurus symmetricus","Fis-22970"
-155.5,42,1,"Trachurus symmetricus","Fis-22970"
-155,42,1,"Trachurus symmetricus","Fis-22970"
-154.5,42,1,"Trachurus symmetricus","Fis-22970"
-154,42,1,"Trachurus symmetricus","Fis-22970"
-153.5,42,1,"Trachurus symmetricus","Fis-22970"
-153,42,1,"Trachurus symmetricus","Fis-22970"
-152.5,42,1,"Trachurus symmetricus","Fis-22970"
-152,42,1,"Trachurus symmetricus","Fis-22970"
-151.5,42,1,"Trachurus symmetricus","Fis-22970"
-151,42,1,"Trachurus symmetricus","Fis-22970"
-150.5,42,1,"Trachurus symmetricus","Fis-22970"
-150,42,1,"Trachurus symmetricus","Fis-22970"
-149.5,42,1,"Trachurus symmetricus","Fis-22970"
-149,42,1,"Trachurus symmetricus","Fis-22970"
-148.5,42,1,"Trachurus symmetricus","Fis-22970"
-148,42,1,"Trachurus symmetricus","Fis-22970"
-147.5,42,1,"Trachurus symmetricus","Fis-22970"
-147,42,1,"Trachurus symmetricus","Fis-22970"
-146.5,42,1,"Trachurus symmetricus","Fis-22970"
-146,42,1,"Trachurus symmetricus","Fis-22970"
-145.5,42,1,"Trachurus symmetricus","Fis-22970"
-145,42,1,"Trachurus symmetricus","Fis-22970"
-144.5,42,1,"Trachurus symmetricus","Fis-22970"
-144,42,1,"Trachurus symmetricus","Fis-22970"
-143.5,42,1,"Trachurus symmetricus","Fis-22970"
-143,42,1,"Trachurus symmetricus","Fis-22970"
-142.5,42,1,"Trachurus symmetricus","Fis-22970"
-142,42,1,"Trachurus symmetricus","Fis-22970"
-141.5,42,1,"Trachurus symmetricus","Fis-22970"
-141,42,1,"Trachurus symmetricus","Fis-22970"
-140.5,42,1,"Trachurus symmetricus","Fis-22970"
-140,42,1,"Trachurus symmetricus","Fis-22970"
-139.5,42,1,"Trachurus symmetricus","Fis-22970"
-139,42,1,"Trachurus symmetricus","Fis-22970"
-138.5,42,1,"Trachurus symmetricus","Fis-22970"
-138,42,1,"Trachurus symmetricus","Fis-22970"
-137.5,42,1,"Trachurus symmetricus","Fis-22970"
-137,42,1,"Trachurus symmetricus","Fis-22970"
-136.5,42,1,"Trachurus symmetricus","Fis-22970"
-136,42,1,"Trachurus symmetricus","Fis-22970"
-135.5,42,1,"Trachurus symmetricus","Fis-22970"
-135,42,1,"Trachurus symmetricus","Fis-22970"
-134.5,42,1,"Trachurus symmetricus","Fis-22970"
-134,42,1,"Trachurus symmetricus","Fis-22970"
-133.5,42,1,"Trachurus symmetricus","Fis-22970"
-133,42,1,"Trachurus symmetricus","Fis-22970"
-132.5,42,1,"Trachurus symmetricus","Fis-22970"
-132,42,1,"Trachurus symmetricus","Fis-22970"
-131.5,42,1,"Trachurus symmetricus","Fis-22970"
-131,42,1,"Trachurus symmetricus","Fis-22970"
-130.5,42,1,"Trachurus symmetricus","Fis-22970"
-130,42,1,"Trachurus symmetricus","Fis-22970"
-129.5,42,1,"Trachurus symmetricus","Fis-22970"
-129,42,1,"Trachurus symmetricus","Fis-22970"
-128.5,42,1,"Trachurus symmetricus","Fis-22970"
-128,42,1,"Trachurus symmetricus","Fis-22970"
-127.5,42,1,"Trachurus symmetricus","Fis-22970"
-127,42,1,"Trachurus symmetricus","Fis-22970"
-126.5,42,1,"Trachurus symmetricus","Fis-22970"
-126,42,1,"Trachurus symmetricus","Fis-22970"
-125.5,42,1,"Trachurus symmetricus","Fis-22970"
-125,42,1,"Trachurus symmetricus","Fis-22970"
-124.5,42,1,"Trachurus symmetricus","Fis-22970"
-124,42,0.79,"Trachurus symmetricus","Fis-22970"
-174.5,41.5,1,"Trachurus symmetricus","Fis-22970"
-174,41.5,1,"Trachurus symmetricus","Fis-22970"
-173.5,41.5,1,"Trachurus symmetricus","Fis-22970"
-173,41.5,1,"Trachurus symmetricus","Fis-22970"
-172.5,41.5,1,"Trachurus symmetricus","Fis-22970"
-172,41.5,1,"Trachurus symmetricus","Fis-22970"
-171.5,41.5,1,"Trachurus symmetricus","Fis-22970"
-171,41.5,1,"Trachurus symmetricus","Fis-22970"
-170.5,41.5,1,"Trachurus symmetricus","Fis-22970"
-170,41.5,1,"Trachurus symmetricus","Fis-22970"
-169.5,41.5,1,"Trachurus symmetricus","Fis-22970"
-169,41.5,1,"Trachurus symmetricus","Fis-22970"
-168.5,41.5,1,"Trachurus symmetricus","Fis-22970"
-168,41.5,1,"Trachurus symmetricus","Fis-22970"
-167.5,41.5,1,"Trachurus symmetricus","Fis-22970"
-167,41.5,1,"Trachurus symmetricus","Fis-22970"
-166.5,41.5,1,"Trachurus symmetricus","Fis-22970"
-166,41.5,1,"Trachurus symmetricus","Fis-22970"
-165.5,41.5,1,"Trachurus symmetricus","Fis-22970"
-165,41.5,1,"Trachurus symmetricus","Fis-22970"
-164.5,41.5,1,"Trachurus symmetricus","Fis-22970"
-164,41.5,1,"Trachurus symmetricus","Fis-22970"
-163.5,41.5,1,"Trachurus symmetricus","Fis-22970"
-163,41.5,1,"Trachurus symmetricus","Fis-22970"
-162.5,41.5,1,"Trachurus symmetricus","Fis-22970"
-162,41.5,1,"Trachurus symmetricus","Fis-22970"
-161.5,41.5,1,"Trachurus symmetricus","Fis-22970"
-161,41.5,1,"Trachurus symmetricus","Fis-22970"
-160.5,41.5,1,"Trachurus symmetricus","Fis-22970"
-160,41.5,1,"Trachurus symmetricus","Fis-22970"
-159.5,41.5,1,"Trachurus symmetricus","Fis-22970"
-159,41.5,1,"Trachurus symmetricus","Fis-22970"
-158.5,41.5,1,"Trachurus symmetricus","Fis-22970"
-158,41.5,1,"Trachurus symmetricus","Fis-22970"
-157.5,41.5,1,"Trachurus symmetricus","Fis-22970"
-157,41.5,1,"Trachurus symmetricus","Fis-22970"
-156.5,41.5,1,"Trachurus symmetricus","Fis-22970"
-156,41.5,1,"Trachurus symmetricus","Fis-22970"
-155.5,41.5,1,"Trachurus symmetricus","Fis-22970"
-155,41.5,1,"Trachurus symmetricus","Fis-22970"
-154.5,41.5,1,"Trachurus symmetricus","Fis-22970"
-154,41.5,1,"Trachurus symmetricus","Fis-22970"
-153.5,41.5,1,"Trachurus symmetricus","Fis-22970"
-153,41.5,1,"Trachurus symmetricus","Fis-22970"
-152.5,41.5,1,"Trachurus symmetricus","Fis-22970"
-152,41.5,1,"Trachurus symmetricus","Fis-22970"
-151.5,41.5,1,"Trachurus symmetricus","Fis-22970"
-151,41.5,1,"Trachurus symmetricus","Fis-22970"
-150.5,41.5,1,"Trachurus symmetricus","Fis-22970"
-150,41.5,1,"Trachurus symmetricus","Fis-22970"
-149.5,41.5,1,"Trachurus symmetricus","Fis-22970"
-149,41.5,1,"Trachurus symmetricus","Fis-22970"
-148.5,41.5,1,"Trachurus symmetricus","Fis-22970"
-148,41.5,1,"Trachurus symmetricus","Fis-22970"
-147.5,41.5,1,"Trachurus symmetricus","Fis-22970"
-147,41.5,1,"Trachurus symmetricus","Fis-22970"
-146.5,41.5,1,"Trachurus symmetricus","Fis-22970"
-146,41.5,1,"Trachurus symmetricus","Fis-22970"
-145.5,41.5,1,"Trachurus symmetricus","Fis-22970"
-145,41.5,1,"Trachurus symmetricus","Fis-22970"
-144.5,41.5,1,"Trachurus symmetricus","Fis-22970"
-144,41.5,1,"Trachurus symmetricus","Fis-22970"
-143.5,41.5,1,"Trachurus symmetricus","Fis-22970"
-143,41.5,1,"Trachurus symmetricus","Fis-22970"
-142.5,41.5,1,"Trachurus symmetricus","Fis-22970"
-142,41.5,1,"Trachurus symmetricus","Fis-22970"
-141.5,41.5,1,"Trachurus symmetricus","Fis-22970"
-141,41.5,1,"Trachurus symmetricus","Fis-22970"
-140.5,41.5,1,"Trachurus symmetricus","Fis-22970"
-140,41.5,1,"Trachurus symmetricus","Fis-22970"
-139.5,41.5,1,"Trachurus symmetricus","Fis-22970"
-139,41.5,1,"Trachurus symmetricus","Fis-22970"
-138.5,41.5,1,"Trachurus symmetricus","Fis-22970"
-138,41.5,1,"Trachurus symmetricus","Fis-22970"
-137.5,41.5,1,"Trachurus symmetricus","Fis-22970"
-137,41.5,1,"Trachurus symmetricus","Fis-22970"
-136.5,41.5,1,"Trachurus symmetricus","Fis-22970"
-136,41.5,1,"Trachurus symmetricus","Fis-22970"
-135.5,41.5,1,"Trachurus symmetricus","Fis-22970"
-135,41.5,1,"Trachurus symmetricus","Fis-22970"
-134.5,41.5,1,"Trachurus symmetricus","Fis-22970"
-134,41.5,1,"Trachurus symmetricus","Fis-22970"
-133.5,41.5,1,"Trachurus symmetricus","Fis-22970"
-133,41.5,1,"Trachurus symmetricus","Fis-22970"
-132.5,41.5,1,"Trachurus symmetricus","Fis-22970"
-132,41.5,1,"Trachurus symmetricus","Fis-22970"
-131.5,41.5,1,"Trachurus symmetricus","Fis-22970"
-131,41.5,1,"Trachurus symmetricus","Fis-22970"
-130.5,41.5,1,"Trachurus symmetricus","Fis-22970"
-130,41.5,1,"Trachurus symmetricus","Fis-22970"
-129.5,41.5,1,"Trachurus symmetricus","Fis-22970"
-129,41.5,1,"Trachurus symmetricus","Fis-22970"
-128.5,41.5,1,"Trachurus symmetricus","Fis-22970"
-128,41.5,1,"Trachurus symmetricus","Fis-22970"
-127.5,41.5,1,"Trachurus symmetricus","Fis-22970"
-127,41.5,1,"Trachurus symmetricus","Fis-22970"
-126.5,41.5,1,"Trachurus symmetricus","Fis-22970"
-126,41.5,1,"Trachurus symmetricus","Fis-22970"
-125.5,41.5,1,"Trachurus symmetricus","Fis-22970"
-125,41.5,1,"Trachurus symmetricus","Fis-22970"
-124.5,41.5,1,"Trachurus symmetricus","Fis-22970"
-124,41.5,0.67,"Trachurus symmetricus","Fis-22970"
-174.5,41,1,"Trachurus symmetricus","Fis-22970"
-174,41,1,"Trachurus symmetricus","Fis-22970"
-173.5,41,1,"Trachurus symmetricus","Fis-22970"
-173,41,1,"Trachurus symmetricus","Fis-22970"
-172.5,41,1,"Trachurus symmetricus","Fis-22970"
-172,41,1,"Trachurus symmetricus","Fis-22970"
-171.5,41,1,"Trachurus symmetricus","Fis-22970"
-171,41,1,"Trachurus symmetricus","Fis-22970"
-170.5,41,1,"Trachurus symmetricus","Fis-22970"
-170,41,1,"Trachurus symmetricus","Fis-22970"
-169.5,41,1,"Trachurus symmetricus","Fis-22970"
-169,41,1,"Trachurus symmetricus","Fis-22970"
-168.5,41,1,"Trachurus symmetricus","Fis-22970"
-168,41,1,"Trachurus symmetricus","Fis-22970"
-167.5,41,1,"Trachurus symmetricus","Fis-22970"
-167,41,1,"Trachurus symmetricus","Fis-22970"
-166.5,41,1,"Trachurus symmetricus","Fis-22970"
-166,41,1,"Trachurus symmetricus","Fis-22970"
-165.5,41,1,"Trachurus symmetricus","Fis-22970"
-165,41,1,"Trachurus symmetricus","Fis-22970"
-164.5,41,1,"Trachurus symmetricus","Fis-22970"
-164,41,1,"Trachurus symmetricus","Fis-22970"
-163.5,41,1,"Trachurus symmetricus","Fis-22970"
-163,41,1,"Trachurus symmetricus","Fis-22970"
-162.5,41,1,"Trachurus symmetricus","Fis-22970"
-162,41,1,"Trachurus symmetricus","Fis-22970"
-161.5,41,1,"Trachurus symmetricus","Fis-22970"
-161,41,1,"Trachurus symmetricus","Fis-22970"
-160.5,41,1,"Trachurus symmetricus","Fis-22970"
-160,41,1,"Trachurus symmetricus","Fis-22970"
-159.5,41,1,"Trachurus symmetricus","Fis-22970"
-159,41,1,"Trachurus symmetricus","Fis-22970"
-158.5,41,1,"Trachurus symmetricus","Fis-22970"
-158,41,1,"Trachurus symmetricus","Fis-22970"
-157.5,41,1,"Trachurus symmetricus","Fis-22970"
-157,41,1,"Trachurus symmetricus","Fis-22970"
-156.5,41,1,"Trachurus symmetricus","Fis-22970"
-156,41,1,"Trachurus symmetricus","Fis-22970"
-155.5,41,1,"Trachurus symmetricus","Fis-22970"
-155,41,1,"Trachurus symmetricus","Fis-22970"
-154.5,41,1,"Trachurus symmetricus","Fis-22970"
-154,41,1,"Trachurus symmetricus","Fis-22970"
-153.5,41,1,"Trachurus symmetricus","Fis-22970"
-153,41,1,"Trachurus symmetricus","Fis-22970"
-152.5,41,1,"Trachurus symmetricus","Fis-22970"
-152,41,1,"Trachurus symmetricus","Fis-22970"
-151.5,41,1,"Trachurus symmetricus","Fis-22970"
-151,41,1,"Trachurus symmetricus","Fis-22970"
-150.5,41,1,"Trachurus symmetricus","Fis-22970"
-150,41,1,"Trachurus symmetricus","Fis-22970"
-149.5,41,1,"Trachurus symmetricus","Fis-22970"
-149,41,1,"Trachurus symmetricus","Fis-22970"
-148.5,41,1,"Trachurus symmetricus","Fis-22970"
-148,41,1,"Trachurus symmetricus","Fis-22970"
-147.5,41,1,"Trachurus symmetricus","Fis-22970"
-147,41,1,"Trachurus symmetricus","Fis-22970"
-146.5,41,1,"Trachurus symmetricus","Fis-22970"
-146,41,1,"Trachurus symmetricus","Fis-22970"
-145.5,41,1,"Trachurus symmetricus","Fis-22970"
-145,41,1,"Trachurus symmetricus","Fis-22970"
-144.5,41,1,"Trachurus symmetricus","Fis-22970"
-144,41,1,"Trachurus symmetricus","Fis-22970"
-143.5,41,1,"Trachurus symmetricus","Fis-22970"
-143,41,1,"Trachurus symmetricus","Fis-22970"
-142.5,41,1,"Trachurus symmetricus","Fis-22970"
-142,41,1,"Trachurus symmetricus","Fis-22970"
-141.5,41,1,"Trachurus symmetricus","Fis-22970"
-141,41,1,"Trachurus symmetricus","Fis-22970"
-140.5,41,1,"Trachurus symmetricus","Fis-22970"
-140,41,1,"Trachurus symmetricus","Fis-22970"
-139.5,41,1,"Trachurus symmetricus","Fis-22970"
-139,41,1,"Trachurus symmetricus","Fis-22970"
-138.5,41,1,"Trachurus symmetricus","Fis-22970"
-138,41,1,"Trachurus symmetricus","Fis-22970"
-137.5,41,1,"Trachurus symmetricus","Fis-22970"
-137,41,1,"Trachurus symmetricus","Fis-22970"
-136.5,41,1,"Trachurus symmetricus","Fis-22970"
-136,41,1,"Trachurus symmetricus","Fis-22970"
-135.5,41,1,"Trachurus symmetricus","Fis-22970"
-135,41,1,"Trachurus symmetricus","Fis-22970"
-134.5,41,1,"Trachurus symmetricus","Fis-22970"
-134,41,1,"Trachurus symmetricus","Fis-22970"
-133.5,41,1,"Trachurus symmetricus","Fis-22970"
-133,41,1,"Trachurus symmetricus","Fis-22970"
-132.5,41,1,"Trachurus symmetricus","Fis-22970"
-132,41,1,"Trachurus symmetricus","Fis-22970"
-131.5,41,1,"Trachurus symmetricus","Fis-22970"
-131,41,1,"Trachurus symmetricus","Fis-22970"
-130.5,41,1,"Trachurus symmetricus","Fis-22970"
-130,41,1,"Trachurus symmetricus","Fis-22970"
-129.5,41,1,"Trachurus symmetricus","Fis-22970"
-129,41,1,"Trachurus symmetricus","Fis-22970"
-128.5,41,1,"Trachurus symmetricus","Fis-22970"
-128,41,1,"Trachurus symmetricus","Fis-22970"
-127.5,41,1,"Trachurus symmetricus","Fis-22970"
-127,41,1,"Trachurus symmetricus","Fis-22970"
-126.5,41,1,"Trachurus symmetricus","Fis-22970"
-126,41,1,"Trachurus symmetricus","Fis-22970"
-125.5,41,1,"Trachurus symmetricus","Fis-22970"
-125,41,1,"Trachurus symmetricus","Fis-22970"
-124.5,41,1,"Trachurus symmetricus","Fis-22970"
-124,41,0.7,"Trachurus symmetricus","Fis-22970"
-174.5,40.5,1,"Trachurus symmetricus","Fis-22970"
-174,40.5,1,"Trachurus symmetricus","Fis-22970"
-173.5,40.5,1,"Trachurus symmetricus","Fis-22970"
-173,40.5,1,"Trachurus symmetricus","Fis-22970"
-172.5,40.5,1,"Trachurus symmetricus","Fis-22970"
-172,40.5,1,"Trachurus symmetricus","Fis-22970"
-171.5,40.5,1,"Trachurus symmetricus","Fis-22970"
-171,40.5,1,"Trachurus symmetricus","Fis-22970"
-170.5,40.5,1,"Trachurus symmetricus","Fis-22970"
-170,40.5,1,"Trachurus symmetricus","Fis-22970"
-169.5,40.5,1,"Trachurus symmetricus","Fis-22970"
-169,40.5,1,"Trachurus symmetricus","Fis-22970"
-168.5,40.5,1,"Trachurus symmetricus","Fis-22970"
-168,40.5,1,"Trachurus symmetricus","Fis-22970"
-167.5,40.5,1,"Trachurus symmetricus","Fis-22970"
-167,40.5,1,"Trachurus symmetricus","Fis-22970"
-166.5,40.5,1,"Trachurus symmetricus","Fis-22970"
-166,40.5,1,"Trachurus symmetricus","Fis-22970"
-165.5,40.5,1,"Trachurus symmetricus","Fis-22970"
-165,40.5,1,"Trachurus symmetricus","Fis-22970"
-164.5,40.5,1,"Trachurus symmetricus","Fis-22970"
-164,40.5,1,"Trachurus symmetricus","Fis-22970"
-163.5,40.5,1,"Trachurus symmetricus","Fis-22970"
-163,40.5,1,"Trachurus symmetricus","Fis-22970"
-162.5,40.5,1,"Trachurus symmetricus","Fis-22970"
-162,40.5,1,"Trachurus symmetricus","Fis-22970"
-161.5,40.5,1,"Trachurus symmetricus","Fis-22970"
-161,40.5,1,"Trachurus symmetricus","Fis-22970"
-160.5,40.5,1,"Trachurus symmetricus","Fis-22970"
-160,40.5,1,"Trachurus symmetricus","Fis-22970"
-159.5,40.5,1,"Trachurus symmetricus","Fis-22970"
-159,40.5,1,"Trachurus symmetricus","Fis-22970"
-158.5,40.5,1,"Trachurus symmetricus","Fis-22970"
-158,40.5,1,"Trachurus symmetricus","Fis-22970"
-157.5,40.5,1,"Trachurus symmetricus","Fis-22970"
-157,40.5,1,"Trachurus symmetricus","Fis-22970"
-156.5,40.5,1,"Trachurus symmetricus","Fis-22970"
-156,40.5,1,"Trachurus symmetricus","Fis-22970"
-155.5,40.5,1,"Trachurus symmetricus","Fis-22970"
-155,40.5,1,"Trachurus symmetricus","Fis-22970"
-154.5,40.5,1,"Trachurus symmetricus","Fis-22970"
-154,40.5,1,"Trachurus symmetricus","Fis-22970"
-153.5,40.5,1,"Trachurus symmetricus","Fis-22970"
-153,40.5,1,"Trachurus symmetricus","Fis-22970"
-152.5,40.5,1,"Trachurus symmetricus","Fis-22970"
-152,40.5,1,"Trachurus symmetricus","Fis-22970"
-151.5,40.5,1,"Trachurus symmetricus","Fis-22970"
-151,40.5,1,"Trachurus symmetricus","Fis-22970"
-150.5,40.5,1,"Trachurus symmetricus","Fis-22970"
-150,40.5,1,"Trachurus symmetricus","Fis-22970"
-149.5,40.5,1,"Trachurus symmetricus","Fis-22970"
-149,40.5,1,"Trachurus symmetricus","Fis-22970"
-148.5,40.5,1,"Trachurus symmetricus","Fis-22970"
-148,40.5,1,"Trachurus symmetricus","Fis-22970"
-147.5,40.5,1,"Trachurus symmetricus","Fis-22970"
-147,40.5,1,"Trachurus symmetricus","Fis-22970"
-146.5,40.5,1,"Trachurus symmetricus","Fis-22970"
-146,40.5,1,"Trachurus symmetricus","Fis-22970"
-145.5,40.5,1,"Trachurus symmetricus","Fis-22970"
-145,40.5,1,"Trachurus symmetricus","Fis-22970"
-144.5,40.5,1,"Trachurus symmetricus","Fis-22970"
-144,40.5,1,"Trachurus symmetricus","Fis-22970"
-143.5,40.5,1,"Trachurus symmetricus","Fis-22970"
-143,40.5,1,"Trachurus symmetricus","Fis-22970"
-142.5,40.5,1,"Trachurus symmetricus","Fis-22970"
-142,40.5,1,"Trachurus symmetricus","Fis-22970"
-141.5,40.5,1,"Trachurus symmetricus","Fis-22970"
-141,40.5,1,"Trachurus symmetricus","Fis-22970"
-140.5,40.5,1,"Trachurus symmetricus","Fis-22970"
-140,40.5,1,"Trachurus symmetricus","Fis-22970"
-139.5,40.5,1,"Trachurus symmetricus","Fis-22970"
-139,40.5,1,"Trachurus symmetricus","Fis-22970"
-138.5,40.5,1,"Trachurus symmetricus","Fis-22970"
-138,40.5,1,"Trachurus symmetricus","Fis-22970"
-137.5,40.5,1,"Trachurus symmetricus","Fis-22970"
-137,40.5,1,"Trachurus symmetricus","Fis-22970"
-136.5,40.5,1,"Trachurus symmetricus","Fis-22970"
-136,40.5,1,"Trachurus symmetricus","Fis-22970"
-135.5,40.5,1,"Trachurus symmetricus","Fis-22970"
-135,40.5,1,"Trachurus symmetricus","Fis-22970"
-134.5,40.5,1,"Trachurus symmetricus","Fis-22970"
-134,40.5,1,"Trachurus symmetricus","Fis-22970"
-133.5,40.5,1,"Trachurus symmetricus","Fis-22970"
-133,40.5,1,"Trachurus symmetricus","Fis-22970"
-132.5,40.5,1,"Trachurus symmetricus","Fis-22970"
-132,40.5,1,"Trachurus symmetricus","Fis-22970"
-131.5,40.5,1,"Trachurus symmetricus","Fis-22970"
-131,40.5,1,"Trachurus symmetricus","Fis-22970"
-130.5,40.5,1,"Trachurus symmetricus","Fis-22970"
-130,40.5,1,"Trachurus symmetricus","Fis-22970"
-129.5,40.5,1,"Trachurus symmetricus","Fis-22970"
-129,40.5,1,"Trachurus symmetricus","Fis-22970"
-128.5,40.5,1,"Trachurus symmetricus","Fis-22970"
-128,40.5,1,"Trachurus symmetricus","Fis-22970"
-127.5,40.5,1,"Trachurus symmetricus","Fis-22970"
-127,40.5,1,"Trachurus symmetricus","Fis-22970"
-126.5,40.5,1,"Trachurus symmetricus","Fis-22970"
-126,40.5,1,"Trachurus symmetricus","Fis-22970"
-125.5,40.5,1,"Trachurus symmetricus","Fis-22970"
-125,40.5,1,"Trachurus symmetricus","Fis-22970"
-124.5,40.5,1,"Trachurus symmetricus","Fis-22970"
-124,40.5,0.9,"Trachurus symmetricus","Fis-22970"
-174.5,40,1,"Trachurus symmetricus","Fis-22970"
-174,40,1,"Trachurus symmetricus","Fis-22970"
-173.5,40,1,"Trachurus symmetricus","Fis-22970"
-173,40,1,"Trachurus symmetricus","Fis-22970"
-172.5,40,1,"Trachurus symmetricus","Fis-22970"
-172,40,1,"Trachurus symmetricus","Fis-22970"
-171.5,40,1,"Trachurus symmetricus","Fis-22970"
-171,40,1,"Trachurus symmetricus","Fis-22970"
-170.5,40,1,"Trachurus symmetricus","Fis-22970"
-170,40,1,"Trachurus symmetricus","Fis-22970"
-169.5,40,1,"Trachurus symmetricus","Fis-22970"
-169,40,1,"Trachurus symmetricus","Fis-22970"
-168.5,40,1,"Trachurus symmetricus","Fis-22970"
-168,40,1,"Trachurus symmetricus","Fis-22970"
-167.5,40,1,"Trachurus symmetricus","Fis-22970"
-167,40,1,"Trachurus symmetricus","Fis-22970"
-166.5,40,1,"Trachurus symmetricus","Fis-22970"
-166,40,1,"Trachurus symmetricus","Fis-22970"
-165.5,40,1,"Trachurus symmetricus","Fis-22970"
-165,40,1,"Trachurus symmetricus","Fis-22970"
-164.5,40,1,"Trachurus symmetricus","Fis-22970"
-164,40,1,"Trachurus symmetricus","Fis-22970"
-163.5,40,1,"Trachurus symmetricus","Fis-22970"
-163,40,1,"Trachurus symmetricus","Fis-22970"
-162.5,40,1,"Trachurus symmetricus","Fis-22970"
-162,40,1,"Trachurus symmetricus","Fis-22970"
-161.5,40,1,"Trachurus symmetricus","Fis-22970"
-161,40,1,"Trachurus symmetricus","Fis-22970"
-160.5,40,1,"Trachurus symmetricus","Fis-22970"
-160,40,1,"Trachurus symmetricus","Fis-22970"
-159.5,40,1,"Trachurus symmetricus","Fis-22970"
-159,40,1,"Trachurus symmetricus","Fis-22970"
-158.5,40,1,"Trachurus symmetricus","Fis-22970"
-158,40,1,"Trachurus symmetricus","Fis-22970"
-157.5,40,1,"Trachurus symmetricus","Fis-22970"
-157,40,1,"Trachurus symmetricus","Fis-22970"
-156.5,40,1,"Trachurus symmetricus","Fis-22970"
-156,40,1,"Trachurus symmetricus","Fis-22970"
-155.5,40,1,"Trachurus symmetricus","Fis-22970"
-155,40,1,"Trachurus symmetricus","Fis-22970"
-154.5,40,1,"Trachurus symmetricus","Fis-22970"
-154,40,1,"Trachurus symmetricus","Fis-22970"
-153.5,40,1,"Trachurus symmetricus","Fis-22970"
-153,40,1,"Trachurus symmetricus","Fis-22970"
-152.5,40,1,"Trachurus symmetricus","Fis-22970"
-152,40,1,"Trachurus symmetricus","Fis-22970"
-151.5,40,1,"Trachurus symmetricus","Fis-22970"
-151,40,1,"Trachurus symmetricus","Fis-22970"
-150.5,40,1,"Trachurus symmetricus","Fis-22970"
-150,40,1,"Trachurus symmetricus","Fis-22970"
-149.5,40,1,"Trachurus symmetricus","Fis-22970"
-149,40,1,"Trachurus symmetricus","Fis-22970"
-148.5,40,1,"Trachurus symmetricus","Fis-22970"
-148,40,1,"Trachurus symmetricus","Fis-22970"
-147.5,40,1,"Trachurus symmetricus","Fis-22970"
-147,40,1,"Trachurus symmetricus","Fis-22970"
-146.5,40,1,"Trachurus symmetricus","Fis-22970"
-146,40,1,"Trachurus symmetricus","Fis-22970"
-145.5,40,1,"Trachurus symmetricus","Fis-22970"
-145,40,1,"Trachurus symmetricus","Fis-22970"
-144.5,40,1,"Trachurus symmetricus","Fis-22970"
-144,40,1,"Trachurus symmetricus","Fis-22970"
-143.5,40,1,"Trachurus symmetricus","Fis-22970"
-143,40,1,"Trachurus symmetricus","Fis-22970"
-142.5,40,1,"Trachurus symmetricus","Fis-22970"
-142,40,1,"Trachurus symmetricus","Fis-22970"
-141.5,40,1,"Trachurus symmetricus","Fis-22970"
-141,40,1,"Trachurus symmetricus","Fis-22970"
-140.5,40,1,"Trachurus symmetricus","Fis-22970"
-140,40,1,"Trachurus symmetricus","Fis-22970"
-139.5,40,1,"Trachurus symmetricus","Fis-22970"
-139,40,1,"Trachurus symmetricus","Fis-22970"
-138.5,40,1,"Trachurus symmetricus","Fis-22970"
-138,40,1,"Trachurus symmetricus","Fis-22970"
-137.5,40,1,"Trachurus symmetricus","Fis-22970"
-137,40,1,"Trachurus symmetricus","Fis-22970"
-136.5,40,1,"Trachurus symmetricus","Fis-22970"
-136,40,1,"Trachurus symmetricus","Fis-22970"
-135.5,40,1,"Trachurus symmetricus","Fis-22970"
-135,40,1,"Trachurus symmetricus","Fis-22970"
-134.5,40,1,"Trachurus symmetricus","Fis-22970"
-134,40,1,"Trachurus symmetricus","Fis-22970"
-133.5,40,1,"Trachurus symmetricus","Fis-22970"
-133,40,1,"Trachurus symmetricus","Fis-22970"
-132.5,40,1,"Trachurus symmetricus","Fis-22970"
-132,40,1,"Trachurus symmetricus","Fis-22970"
-131.5,40,1,"Trachurus symmetricus","Fis-22970"
-131,40,1,"Trachurus symmetricus","Fis-22970"
-130.5,40,1,"Trachurus symmetricus","Fis-22970"
-130,40,1,"Trachurus symmetricus","Fis-22970"
-129.5,40,1,"Trachurus symmetricus","Fis-22970"
-129,40,1,"Trachurus symmetricus","Fis-22970"
-128.5,40,1,"Trachurus symmetricus","Fis-22970"
-128,40,1,"Trachurus symmetricus","Fis-22970"
-127.5,40,1,"Trachurus symmetricus","Fis-22970"
-127,40,1,"Trachurus symmetricus","Fis-22970"
-126.5,40,1,"Trachurus symmetricus","Fis-22970"
-126,40,1,"Trachurus symmetricus","Fis-22970"
-125.5,40,1,"Trachurus symmetricus","Fis-22970"
-125,40,1,"Trachurus symmetricus","Fis-22970"
-124.5,40,1,"Trachurus symmetricus","Fis-22970"
-124,40,1,"Trachurus symmetricus","Fis-22970"
-174.5,39.5,1,"Trachurus symmetricus","Fis-22970"
-174,39.5,1,"Trachurus symmetricus","Fis-22970"
-173.5,39.5,1,"Trachurus symmetricus","Fis-22970"
-173,39.5,1,"Trachurus symmetricus","Fis-22970"
-172.5,39.5,1,"Trachurus symmetricus","Fis-22970"
-172,39.5,1,"Trachurus symmetricus","Fis-22970"
-171.5,39.5,1,"Trachurus symmetricus","Fis-22970"
-171,39.5,1,"Trachurus symmetricus","Fis-22970"
-170.5,39.5,1,"Trachurus symmetricus","Fis-22970"
-170,39.5,1,"Trachurus symmetricus","Fis-22970"
-169.5,39.5,1,"Trachurus symmetricus","Fis-22970"
-169,39.5,1,"Trachurus symmetricus","Fis-22970"
-168.5,39.5,1,"Trachurus symmetricus","Fis-22970"
-168,39.5,1,"Trachurus symmetricus","Fis-22970"
-167.5,39.5,1,"Trachurus symmetricus","Fis-22970"
-167,39.5,1,"Trachurus symmetricus","Fis-22970"
-166.5,39.5,1,"Trachurus symmetricus","Fis-22970"
-166,39.5,1,"Trachurus symmetricus","Fis-22970"
-165.5,39.5,1,"Trachurus symmetricus","Fis-22970"
-165,39.5,1,"Trachurus symmetricus","Fis-22970"
-164.5,39.5,1,"Trachurus symmetricus","Fis-22970"
-164,39.5,1,"Trachurus symmetricus","Fis-22970"
-163.5,39.5,1,"Trachurus symmetricus","Fis-22970"
-163,39.5,1,"Trachurus symmetricus","Fis-22970"
-162.5,39.5,1,"Trachurus symmetricus","Fis-22970"
-162,39.5,1,"Trachurus symmetricus","Fis-22970"
-161.5,39.5,1,"Trachurus symmetricus","Fis-22970"
-161,39.5,1,"Trachurus symmetricus","Fis-22970"
-160.5,39.5,1,"Trachurus symmetricus","Fis-22970"
-160,39.5,1,"Trachurus symmetricus","Fis-22970"
-159.5,39.5,1,"Trachurus symmetricus","Fis-22970"
-159,39.5,1,"Trachurus symmetricus","Fis-22970"
-158.5,39.5,1,"Trachurus symmetricus","Fis-22970"
-158,39.5,1,"Trachurus symmetricus","Fis-22970"
-157.5,39.5,1,"Trachurus symmetricus","Fis-22970"
-157,39.5,1,"Trachurus symmetricus","Fis-22970"
-156.5,39.5,1,"Trachurus symmetricus","Fis-22970"
-156,39.5,1,"Trachurus symmetricus","Fis-22970"
-155.5,39.5,1,"Trachurus symmetricus","Fis-22970"
-155,39.5,1,"Trachurus symmetricus","Fis-22970"
-154.5,39.5,1,"Trachurus symmetricus","Fis-22970"
-154,39.5,1,"Trachurus symmetricus","Fis-22970"
-153.5,39.5,1,"Trachurus symmetricus","Fis-22970"
-153,39.5,1,"Trachurus symmetricus","Fis-22970"
-152.5,39.5,1,"Trachurus symmetricus","Fis-22970"
-152,39.5,1,"Trachurus symmetricus","Fis-22970"
-151.5,39.5,1,"Trachurus symmetricus","Fis-22970"
-151,39.5,1,"Trachurus symmetricus","Fis-22970"
-150.5,39.5,1,"Trachurus symmetricus","Fis-22970"
-150,39.5,1,"Trachurus symmetricus","Fis-22970"
-149.5,39.5,1,"Trachurus symmetricus","Fis-22970"
-149,39.5,1,"Trachurus symmetricus","Fis-22970"
-148.5,39.5,1,"Trachurus symmetricus","Fis-22970"
-148,39.5,1,"Trachurus symmetricus","Fis-22970"
-147.5,39.5,1,"Trachurus symmetricus","Fis-22970"
-147,39.5,1,"Trachurus symmetricus","Fis-22970"
-146.5,39.5,1,"Trachurus symmetricus","Fis-22970"
-146,39.5,1,"Trachurus symmetricus","Fis-22970"
-145.5,39.5,1,"Trachurus symmetricus","Fis-22970"
-145,39.5,1,"Trachurus symmetricus","Fis-22970"
-144.5,39.5,1,"Trachurus symmetricus","Fis-22970"
-144,39.5,1,"Trachurus symmetricus","Fis-22970"
-143.5,39.5,1,"Trachurus symmetricus","Fis-22970"
-143,39.5,1,"Trachurus symmetricus","Fis-22970"
-142.5,39.5,1,"Trachurus symmetricus","Fis-22970"
-142,39.5,1,"Trachurus symmetricus","Fis-22970"
-141.5,39.5,1,"Trachurus symmetricus","Fis-22970"
-141,39.5,1,"Trachurus symmetricus","Fis-22970"
-140.5,39.5,1,"Trachurus symmetricus","Fis-22970"
-140,39.5,1,"Trachurus symmetricus","Fis-22970"
-139.5,39.5,1,"Trachurus symmetricus","Fis-22970"
-139,39.5,1,"Trachurus symmetricus","Fis-22970"
-138.5,39.5,1,"Trachurus symmetricus","Fis-22970"
-138,39.5,1,"Trachurus symmetricus","Fis-22970"
-137.5,39.5,1,"Trachurus symmetricus","Fis-22970"
-137,39.5,1,"Trachurus symmetricus","Fis-22970"
-136.5,39.5,1,"Trachurus symmetricus","Fis-22970"
-136,39.5,1,"Trachurus symmetricus","Fis-22970"
-135.5,39.5,1,"Trachurus symmetricus","Fis-22970"
-135,39.5,1,"Trachurus symmetricus","Fis-22970"
-134.5,39.5,1,"Trachurus symmetricus","Fis-22970"
-134,39.5,1,"Trachurus symmetricus","Fis-22970"
-133.5,39.5,1,"Trachurus symmetricus","Fis-22970"
-133,39.5,1,"Trachurus symmetricus","Fis-22970"
-132.5,39.5,1,"Trachurus symmetricus","Fis-22970"
-132,39.5,1,"Trachurus symmetricus","Fis-22970"
-131.5,39.5,1,"Trachurus symmetricus","Fis-22970"
-131,39.5,1,"Trachurus symmetricus","Fis-22970"
-130.5,39.5,1,"Trachurus symmetricus","Fis-22970"
-130,39.5,1,"Trachurus symmetricus","Fis-22970"
-129.5,39.5,1,"Trachurus symmetricus","Fis-22970"
-129,39.5,1,"Trachurus symmetricus","Fis-22970"
-128.5,39.5,1,"Trachurus symmetricus","Fis-22970"
-128,39.5,1,"Trachurus symmetricus","Fis-22970"
-127.5,39.5,1,"Trachurus symmetricus","Fis-22970"
-127,39.5,1,"Trachurus symmetricus","Fis-22970"
-126.5,39.5,1,"Trachurus symmetricus","Fis-22970"
-126,39.5,1,"Trachurus symmetricus","Fis-22970"
-125.5,39.5,1,"Trachurus symmetricus","Fis-22970"
-125,39.5,1,"Trachurus symmetricus","Fis-22970"
-124.5,39.5,1,"Trachurus symmetricus","Fis-22970"
-124,39.5,1,"Trachurus symmetricus","Fis-22970"
-123.5,39.5,0.76,"Trachurus symmetricus","Fis-22970"
-174.5,39,1,"Trachurus symmetricus","Fis-22970"
-174,39,1,"Trachurus symmetricus","Fis-22970"
-173.5,39,1,"Trachurus symmetricus","Fis-22970"
-173,39,1,"Trachurus symmetricus","Fis-22970"
-172.5,39,1,"Trachurus symmetricus","Fis-22970"
-172,39,1,"Trachurus symmetricus","Fis-22970"
-171.5,39,1,"Trachurus symmetricus","Fis-22970"
-171,39,1,"Trachurus symmetricus","Fis-22970"
-170.5,39,1,"Trachurus symmetricus","Fis-22970"
-170,39,1,"Trachurus symmetricus","Fis-22970"
-169.5,39,1,"Trachurus symmetricus","Fis-22970"
-169,39,1,"Trachurus symmetricus","Fis-22970"
-168.5,39,1,"Trachurus symmetricus","Fis-22970"
-168,39,1,"Trachurus symmetricus","Fis-22970"
-167.5,39,1,"Trachurus symmetricus","Fis-22970"
-167,39,1,"Trachurus symmetricus","Fis-22970"
-166.5,39,1,"Trachurus symmetricus","Fis-22970"
-166,39,1,"Trachurus symmetricus","Fis-22970"
-165.5,39,1,"Trachurus symmetricus","Fis-22970"
-165,39,1,"Trachurus symmetricus","Fis-22970"
-164.5,39,1,"Trachurus symmetricus","Fis-22970"
-164,39,1,"Trachurus symmetricus","Fis-22970"
-163.5,39,1,"Trachurus symmetricus","Fis-22970"
-163,39,1,"Trachurus symmetricus","Fis-22970"
-162.5,39,1,"Trachurus symmetricus","Fis-22970"
-162,39,1,"Trachurus symmetricus","Fis-22970"
-161.5,39,1,"Trachurus symmetricus","Fis-22970"
-161,39,1,"Trachurus symmetricus","Fis-22970"
-160.5,39,1,"Trachurus symmetricus","Fis-22970"
-160,39,1,"Trachurus symmetricus","Fis-22970"
-159.5,39,1,"Trachurus symmetricus","Fis-22970"
-159,39,1,"Trachurus symmetricus","Fis-22970"
-158.5,39,1,"Trachurus symmetricus","Fis-22970"
-158,39,1,"Trachurus symmetricus","Fis-22970"
-157.5,39,1,"Trachurus symmetricus","Fis-22970"
-157,39,1,"Trachurus symmetricus","Fis-22970"
-156.5,39,1,"Trachurus symmetricus","Fis-22970"
-156,39,1,"Trachurus symmetricus","Fis-22970"
-155.5,39,1,"Trachurus symmetricus","Fis-22970"
-155,39,1,"Trachurus symmetricus","Fis-22970"
-154.5,39,1,"Trachurus symmetricus","Fis-22970"
-154,39,1,"Trachurus symmetricus","Fis-22970"
-153.5,39,1,"Trachurus symmetricus","Fis-22970"
-153,39,1,"Trachurus symmetricus","Fis-22970"
-152.5,39,1,"Trachurus symmetricus","Fis-22970"
-152,39,1,"Trachurus symmetricus","Fis-22970"
-151.5,39,1,"Trachurus symmetricus","Fis-22970"
-151,39,1,"Trachurus symmetricus","Fis-22970"
-150.5,39,1,"Trachurus symmetricus","Fis-22970"
-150,39,1,"Trachurus symmetricus","Fis-22970"
-149.5,39,1,"Trachurus symmetricus","Fis-22970"
-149,39,1,"Trachurus symmetricus","Fis-22970"
-148.5,39,1,"Trachurus symmetricus","Fis-22970"
-148,39,1,"Trachurus symmetricus","Fis-22970"
-147.5,39,1,"Trachurus symmetricus","Fis-22970"
-147,39,1,"Trachurus symmetricus","Fis-22970"
-146.5,39,1,"Trachurus symmetricus","Fis-22970"
-146,39,1,"Trachurus symmetricus","Fis-22970"
-145.5,39,1,"Trachurus symmetricus","Fis-22970"
-145,39,1,"Trachurus symmetricus","Fis-22970"
-144.5,39,1,"Trachurus symmetricus","Fis-22970"
-144,39,1,"Trachurus symmetricus","Fis-22970"
-143.5,39,1,"Trachurus symmetricus","Fis-22970"
-143,39,1,"Trachurus symmetricus","Fis-22970"
-142.5,39,1,"Trachurus symmetricus","Fis-22970"
-142,39,1,"Trachurus symmetricus","Fis-22970"
-141.5,39,1,"Trachurus symmetricus","Fis-22970"
-141,39,1,"Trachurus symmetricus","Fis-22970"
-140.5,39,1,"Trachurus symmetricus","Fis-22970"
-140,39,1,"Trachurus symmetricus","Fis-22970"
-139.5,39,1,"Trachurus symmetricus","Fis-22970"
-139,39,1,"Trachurus symmetricus","Fis-22970"
-138.5,39,1,"Trachurus symmetricus","Fis-22970"
-138,39,1,"Trachurus symmetricus","Fis-22970"
-137.5,39,1,"Trachurus symmetricus","Fis-22970"
-137,39,1,"Trachurus symmetricus","Fis-22970"
-136.5,39,1,"Trachurus symmetricus","Fis-22970"
-136,39,0.99,"Trachurus symmetricus","Fis-22970"
-135.5,39,0.98,"Trachurus symmetricus","Fis-22970"
-135,39,0.96,"Trachurus symmetricus","Fis-22970"
-134.5,39,0.97,"Trachurus symmetricus","Fis-22970"
-134,39,0.96,"Trachurus symmetricus","Fis-22970"
-133.5,39,0.97,"Trachurus symmetricus","Fis-22970"
-133,39,1,"Trachurus symmetricus","Fis-22970"
-132.5,39,1,"Trachurus symmetricus","Fis-22970"
-132,39,1,"Trachurus symmetricus","Fis-22970"
-131.5,39,1,"Trachurus symmetricus","Fis-22970"
-131,39,1,"Trachurus symmetricus","Fis-22970"
-130.5,39,1,"Trachurus symmetricus","Fis-22970"
-130,39,1,"Trachurus symmetricus","Fis-22970"
-129.5,39,1,"Trachurus symmetricus","Fis-22970"
-129,39,1,"Trachurus symmetricus","Fis-22970"
-128.5,39,1,"Trachurus symmetricus","Fis-22970"
-128,39,1,"Trachurus symmetricus","Fis-22970"
-127.5,39,1,"Trachurus symmetricus","Fis-22970"
-127,39,1,"Trachurus symmetricus","Fis-22970"
-126.5,39,1,"Trachurus symmetricus","Fis-22970"
-126,39,1,"Trachurus symmetricus","Fis-22970"
-125.5,39,1,"Trachurus symmetricus","Fis-22970"
-125,39,1,"Trachurus symmetricus","Fis-22970"
-124.5,39,1,"Trachurus symmetricus","Fis-22970"
-124,39,1,"Trachurus symmetricus","Fis-22970"
-123.5,39,0.92,"Trachurus symmetricus","Fis-22970"
-174.5,38.5,1,"Trachurus symmetricus","Fis-22970"
-174,38.5,1,"Trachurus symmetricus","Fis-22970"
-173.5,38.5,1,"Trachurus symmetricus","Fis-22970"
-173,38.5,1,"Trachurus symmetricus","Fis-22970"
-172.5,38.5,1,"Trachurus symmetricus","Fis-22970"
-172,38.5,1,"Trachurus symmetricus","Fis-22970"
-171.5,38.5,1,"Trachurus symmetricus","Fis-22970"
-171,38.5,1,"Trachurus symmetricus","Fis-22970"
-170.5,38.5,1,"Trachurus symmetricus","Fis-22970"
-170,38.5,1,"Trachurus symmetricus","Fis-22970"
-169.5,38.5,1,"Trachurus symmetricus","Fis-22970"
-169,38.5,1,"Trachurus symmetricus","Fis-22970"
-168.5,38.5,1,"Trachurus symmetricus","Fis-22970"
-168,38.5,1,"Trachurus symmetricus","Fis-22970"
-167.5,38.5,1,"Trachurus symmetricus","Fis-22970"
-167,38.5,1,"Trachurus symmetricus","Fis-22970"
-166.5,38.5,1,"Trachurus symmetricus","Fis-22970"
-166,38.5,1,"Trachurus symmetricus","Fis-22970"
-165.5,38.5,1,"Trachurus symmetricus","Fis-22970"
-165,38.5,1,"Trachurus symmetricus","Fis-22970"
-164.5,38.5,1,"Trachurus symmetricus","Fis-22970"
-164,38.5,1,"Trachurus symmetricus","Fis-22970"
-163.5,38.5,1,"Trachurus symmetricus","Fis-22970"
-163,38.5,1,"Trachurus symmetricus","Fis-22970"
-162.5,38.5,1,"Trachurus symmetricus","Fis-22970"
-162,38.5,1,"Trachurus symmetricus","Fis-22970"
-161.5,38.5,1,"Trachurus symmetricus","Fis-22970"
-161,38.5,1,"Trachurus symmetricus","Fis-22970"
-160.5,38.5,1,"Trachurus symmetricus","Fis-22970"
-160,38.5,1,"Trachurus symmetricus","Fis-22970"
-159.5,38.5,1,"Trachurus symmetricus","Fis-22970"
-159,38.5,1,"Trachurus symmetricus","Fis-22970"
-158.5,38.5,1,"Trachurus symmetricus","Fis-22970"
-158,38.5,1,"Trachurus symmetricus","Fis-22970"
-157.5,38.5,1,"Trachurus symmetricus","Fis-22970"
-157,38.5,1,"Trachurus symmetricus","Fis-22970"
-156.5,38.5,1,"Trachurus symmetricus","Fis-22970"
-156,38.5,1,"Trachurus symmetricus","Fis-22970"
-155.5,38.5,1,"Trachurus symmetricus","Fis-22970"
-155,38.5,1,"Trachurus symmetricus","Fis-22970"
-154.5,38.5,1,"Trachurus symmetricus","Fis-22970"
-154,38.5,1,"Trachurus symmetricus","Fis-22970"
-153.5,38.5,1,"Trachurus symmetricus","Fis-22970"
-153,38.5,1,"Trachurus symmetricus","Fis-22970"
-152.5,38.5,1,"Trachurus symmetricus","Fis-22970"
-152,38.5,1,"Trachurus symmetricus","Fis-22970"
-151.5,38.5,1,"Trachurus symmetricus","Fis-22970"
-151,38.5,1,"Trachurus symmetricus","Fis-22970"
-150.5,38.5,1,"Trachurus symmetricus","Fis-22970"
-150,38.5,1,"Trachurus symmetricus","Fis-22970"
-149.5,38.5,1,"Trachurus symmetricus","Fis-22970"
-149,38.5,1,"Trachurus symmetricus","Fis-22970"
-148.5,38.5,1,"Trachurus symmetricus","Fis-22970"
-148,38.5,1,"Trachurus symmetricus","Fis-22970"
-147.5,38.5,1,"Trachurus symmetricus","Fis-22970"
-147,38.5,1,"Trachurus symmetricus","Fis-22970"
-146.5,38.5,1,"Trachurus symmetricus","Fis-22970"
-146,38.5,1,"Trachurus symmetricus","Fis-22970"
-145.5,38.5,1,"Trachurus symmetricus","Fis-22970"
-145,38.5,1,"Trachurus symmetricus","Fis-22970"
-144.5,38.5,1,"Trachurus symmetricus","Fis-22970"
-144,38.5,1,"Trachurus symmetricus","Fis-22970"
-143.5,38.5,1,"Trachurus symmetricus","Fis-22970"
-143,38.5,1,"Trachurus symmetricus","Fis-22970"
-142.5,38.5,1,"Trachurus symmetricus","Fis-22970"
-142,38.5,1,"Trachurus symmetricus","Fis-22970"
-141.5,38.5,1,"Trachurus symmetricus","Fis-22970"
-141,38.5,1,"Trachurus symmetricus","Fis-22970"
-140.5,38.5,1,"Trachurus symmetricus","Fis-22970"
-140,38.5,1,"Trachurus symmetricus","Fis-22970"
-139.5,38.5,1,"Trachurus symmetricus","Fis-22970"
-139,38.5,1,"Trachurus symmetricus","Fis-22970"
-138.5,38.5,1,"Trachurus symmetricus","Fis-22970"
-138,38.5,1,"Trachurus symmetricus","Fis-22970"
-137.5,38.5,1,"Trachurus symmetricus","Fis-22970"
-137,38.5,1,"Trachurus symmetricus","Fis-22970"
-136.5,38.5,0.99,"Trachurus symmetricus","Fis-22970"
-136,38.5,0.95,"Trachurus symmetricus","Fis-22970"
-135.5,38.5,0.95,"Trachurus symmetricus","Fis-22970"
-135,38.5,0.92,"Trachurus symmetricus","Fis-22970"
-134.5,38.5,0.92,"Trachurus symmetricus","Fis-22970"
-134,38.5,0.94,"Trachurus symmetricus","Fis-22970"
-133.5,38.5,0.91,"Trachurus symmetricus","Fis-22970"
-133,38.5,0.9,"Trachurus symmetricus","Fis-22970"
-132.5,38.5,0.91,"Trachurus symmetricus","Fis-22970"
-132,38.5,0.94,"Trachurus symmetricus","Fis-22970"
-131.5,38.5,0.96,"Trachurus symmetricus","Fis-22970"
-131,38.5,0.99,"Trachurus symmetricus","Fis-22970"
-130.5,38.5,1,"Trachurus symmetricus","Fis-22970"
-130,38.5,1,"Trachurus symmetricus","Fis-22970"
-129.5,38.5,1,"Trachurus symmetricus","Fis-22970"
-129,38.5,1,"Trachurus symmetricus","Fis-22970"
-128.5,38.5,1,"Trachurus symmetricus","Fis-22970"
-128,38.5,1,"Trachurus symmetricus","Fis-22970"
-127.5,38.5,1,"Trachurus symmetricus","Fis-22970"
-127,38.5,1,"Trachurus symmetricus","Fis-22970"
-126.5,38.5,1,"Trachurus symmetricus","Fis-22970"
-126,38.5,1,"Trachurus symmetricus","Fis-22970"
-125.5,38.5,1,"Trachurus symmetricus","Fis-22970"
-125,38.5,1,"Trachurus symmetricus","Fis-22970"
-124.5,38.5,1,"Trachurus symmetricus","Fis-22970"
-124,38.5,1,"Trachurus symmetricus","Fis-22970"
-123.5,38.5,1,"Trachurus symmetricus","Fis-22970"
-123,38.5,0.64,"Trachurus symmetricus","Fis-22970"
-174.5,38,0.99,"Trachurus symmetricus","Fis-22970"
-174,38,1,"Trachurus symmetricus","Fis-22970"
-173.5,38,1,"Trachurus symmetricus","Fis-22970"
-173,38,1,"Trachurus symmetricus","Fis-22970"
-172.5,38,1,"Trachurus symmetricus","Fis-22970"
-172,38,1,"Trachurus symmetricus","Fis-22970"
-171.5,38,1,"Trachurus symmetricus","Fis-22970"
-171,38,1,"Trachurus symmetricus","Fis-22970"
-170.5,38,1,"Trachurus symmetricus","Fis-22970"
-170,38,1,"Trachurus symmetricus","Fis-22970"
-169.5,38,1,"Trachurus symmetricus","Fis-22970"
-169,38,1,"Trachurus symmetricus","Fis-22970"
-168.5,38,1,"Trachurus symmetricus","Fis-22970"
-168,38,1,"Trachurus symmetricus","Fis-22970"
-167.5,38,1,"Trachurus symmetricus","Fis-22970"
-167,38,1,"Trachurus symmetricus","Fis-22970"
-166.5,38,1,"Trachurus symmetricus","Fis-22970"
-166,38,1,"Trachurus symmetricus","Fis-22970"
-165.5,38,1,"Trachurus symmetricus","Fis-22970"
-165,38,1,"Trachurus symmetricus","Fis-22970"
-164.5,38,1,"Trachurus symmetricus","Fis-22970"
-164,38,1,"Trachurus symmetricus","Fis-22970"
-163.5,38,1,"Trachurus symmetricus","Fis-22970"
-163,38,1,"Trachurus symmetricus","Fis-22970"
-162.5,38,1,"Trachurus symmetricus","Fis-22970"
-162,38,1,"Trachurus symmetricus","Fis-22970"
-161.5,38,1,"Trachurus symmetricus","Fis-22970"
-161,38,1,"Trachurus symmetricus","Fis-22970"
-160.5,38,1,"Trachurus symmetricus","Fis-22970"
-160,38,1,"Trachurus symmetricus","Fis-22970"
-159.5,38,1,"Trachurus symmetricus","Fis-22970"
-159,38,1,"Trachurus symmetricus","Fis-22970"
-158.5,38,1,"Trachurus symmetricus","Fis-22970"
-158,38,1,"Trachurus symmetricus","Fis-22970"
-157.5,38,1,"Trachurus symmetricus","Fis-22970"
-157,38,1,"Trachurus symmetricus","Fis-22970"
-156.5,38,1,"Trachurus symmetricus","Fis-22970"
-156,38,1,"Trachurus symmetricus","Fis-22970"
-155.5,38,1,"Trachurus symmetricus","Fis-22970"
-155,38,1,"Trachurus symmetricus","Fis-22970"
-154.5,38,1,"Trachurus symmetricus","Fis-22970"
-154,38,1,"Trachurus symmetricus","Fis-22970"
-153.5,38,1,"Trachurus symmetricus","Fis-22970"
-153,38,1,"Trachurus symmetricus","Fis-22970"
-152.5,38,1,"Trachurus symmetricus","Fis-22970"
-152,38,1,"Trachurus symmetricus","Fis-22970"
-151.5,38,1,"Trachurus symmetricus","Fis-22970"
-151,38,1,"Trachurus symmetricus","Fis-22970"
-150.5,38,1,"Trachurus symmetricus","Fis-22970"
-150,38,1,"Trachurus symmetricus","Fis-22970"
-149.5,38,1,"Trachurus symmetricus","Fis-22970"
-149,38,1,"Trachurus symmetricus","Fis-22970"
-148.5,38,1,"Trachurus symmetricus","Fis-22970"
-148,38,1,"Trachurus symmetricus","Fis-22970"
-147.5,38,1,"Trachurus symmetricus","Fis-22970"
-147,38,1,"Trachurus symmetricus","Fis-22970"
-146.5,38,1,"Trachurus symmetricus","Fis-22970"
-146,38,1,"Trachurus symmetricus","Fis-22970"
-145.5,38,1,"Trachurus symmetricus","Fis-22970"
-145,38,1,"Trachurus symmetricus","Fis-22970"
-144.5,38,1,"Trachurus symmetricus","Fis-22970"
-144,38,1,"Trachurus symmetricus","Fis-22970"
-143.5,38,1,"Trachurus symmetricus","Fis-22970"
-143,38,1,"Trachurus symmetricus","Fis-22970"
-142.5,38,1,"Trachurus symmetricus","Fis-22970"
-142,38,1,"Trachurus symmetricus","Fis-22970"
-141.5,38,1,"Trachurus symmetricus","Fis-22970"
-141,38,1,"Trachurus symmetricus","Fis-22970"
-140.5,38,1,"Trachurus symmetricus","Fis-22970"
-140,38,1,"Trachurus symmetricus","Fis-22970"
-139.5,38,1,"Trachurus symmetricus","Fis-22970"
-139,38,0.97,"Trachurus symmetricus","Fis-22970"
-138.5,38,0.93,"Trachurus symmetricus","Fis-22970"
-138,38,0.91,"Trachurus symmetricus","Fis-22970"
-137.5,38,0.91,"Trachurus symmetricus","Fis-22970"
-137,38,0.91,"Trachurus symmetricus","Fis-22970"
-136.5,38,0.94,"Trachurus symmetricus","Fis-22970"
-136,38,0.92,"Trachurus symmetricus","Fis-22970"
-135.5,38,0.88,"Trachurus symmetricus","Fis-22970"
-135,38,0.86,"Trachurus symmetricus","Fis-22970"
-134.5,38,0.82,"Trachurus symmetricus","Fis-22970"
-134,38,0.82,"Trachurus symmetricus","Fis-22970"
-133.5,38,0.85,"Trachurus symmetricus","Fis-22970"
-133,38,0.87,"Trachurus symmetricus","Fis-22970"
-132.5,38,0.87,"Trachurus symmetricus","Fis-22970"
-132,38,0.88,"Trachurus symmetricus","Fis-22970"
-131.5,38,0.92,"Trachurus symmetricus","Fis-22970"
-131,38,0.98,"Trachurus symmetricus","Fis-22970"
-130.5,38,1,"Trachurus symmetricus","Fis-22970"
-130,38,1,"Trachurus symmetricus","Fis-22970"
-129.5,38,1,"Trachurus symmetricus","Fis-22970"
-129,38,1,"Trachurus symmetricus","Fis-22970"
-128.5,38,1,"Trachurus symmetricus","Fis-22970"
-128,38,1,"Trachurus symmetricus","Fis-22970"
-127.5,38,1,"Trachurus symmetricus","Fis-22970"
-127,38,1,"Trachurus symmetricus","Fis-22970"
-126.5,38,1,"Trachurus symmetricus","Fis-22970"
-126,38,1,"Trachurus symmetricus","Fis-22970"
-125.5,38,1,"Trachurus symmetricus","Fis-22970"
-125,38,1,"Trachurus symmetricus","Fis-22970"
-124.5,38,1,"Trachurus symmetricus","Fis-22970"
-124,38,1,"Trachurus symmetricus","Fis-22970"
-123.5,38,1,"Trachurus symmetricus","Fis-22970"
-123,38,0.97,"Trachurus symmetricus","Fis-22970"
-122.5,38,0.33,"Trachurus symmetricus","Fis-22970"
-122,38,0.18,"Trachurus symmetricus","Fis-22970"
-174.5,37.5,0.93,"Trachurus symmetricus","Fis-22970"
-174,37.5,0.95,"Trachurus symmetricus","Fis-22970"
-173.5,37.5,0.97,"Trachurus symmetricus","Fis-22970"
-173,37.5,0.98,"Trachurus symmetricus","Fis-22970"
-172.5,37.5,1,"Trachurus symmetricus","Fis-22970"
-172,37.5,1,"Trachurus symmetricus","Fis-22970"
-171.5,37.5,1,"Trachurus symmetricus","Fis-22970"
-171,37.5,1,"Trachurus symmetricus","Fis-22970"
-170.5,37.5,1,"Trachurus symmetricus","Fis-22970"
-170,37.5,1,"Trachurus symmetricus","Fis-22970"
-169.5,37.5,1,"Trachurus symmetricus","Fis-22970"
-169,37.5,1,"Trachurus symmetricus","Fis-22970"
-168.5,37.5,1,"Trachurus symmetricus","Fis-22970"
-168,37.5,1,"Trachurus symmetricus","Fis-22970"
-167.5,37.5,1,"Trachurus symmetricus","Fis-22970"
-167,37.5,1,"Trachurus symmetricus","Fis-22970"
-166.5,37.5,1,"Trachurus symmetricus","Fis-22970"
-166,37.5,1,"Trachurus symmetricus","Fis-22970"
-165.5,37.5,1,"Trachurus symmetricus","Fis-22970"
-165,37.5,1,"Trachurus symmetricus","Fis-22970"
-164.5,37.5,1,"Trachurus symmetricus","Fis-22970"
-164,37.5,1,"Trachurus symmetricus","Fis-22970"
-163.5,37.5,1,"Trachurus symmetricus","Fis-22970"
-163,37.5,1,"Trachurus symmetricus","Fis-22970"
-162.5,37.5,1,"Trachurus symmetricus","Fis-22970"
-162,37.5,1,"Trachurus symmetricus","Fis-22970"
-161.5,37.5,1,"Trachurus symmetricus","Fis-22970"
-161,37.5,1,"Trachurus symmetricus","Fis-22970"
-160.5,37.5,1,"Trachurus symmetricus","Fis-22970"
-160,37.5,1,"Trachurus symmetricus","Fis-22970"
-159.5,37.5,1,"Trachurus symmetricus","Fis-22970"
-159,37.5,1,"Trachurus symmetricus","Fis-22970"
-158.5,37.5,1,"Trachurus symmetricus","Fis-22970"
-158,37.5,1,"Trachurus symmetricus","Fis-22970"
-157.5,37.5,1,"Trachurus symmetricus","Fis-22970"
-157,37.5,1,"Trachurus symmetricus","Fis-22970"
-156.5,37.5,1,"Trachurus symmetricus","Fis-22970"
-156,37.5,1,"Trachurus symmetricus","Fis-22970"
-155.5,37.5,1,"Trachurus symmetricus","Fis-22970"
-155,37.5,1,"Trachurus symmetricus","Fis-22970"
-154.5,37.5,1,"Trachurus symmetricus","Fis-22970"
-154,37.5,1,"Trachurus symmetricus","Fis-22970"
-153.5,37.5,1,"Trachurus symmetricus","Fis-22970"
-153,37.5,1,"Trachurus symmetricus","Fis-22970"
-152.5,37.5,1,"Trachurus symmetricus","Fis-22970"
-152,37.5,1,"Trachurus symmetricus","Fis-22970"
-151.5,37.5,1,"Trachurus symmetricus","Fis-22970"
-151,37.5,1,"Trachurus symmetricus","Fis-22970"
-150.5,37.5,1,"Trachurus symmetricus","Fis-22970"
-150,37.5,1,"Trachurus symmetricus","Fis-22970"
-149.5,37.5,1,"Trachurus symmetricus","Fis-22970"
-149,37.5,1,"Trachurus symmetricus","Fis-22970"
-148.5,37.5,1,"Trachurus symmetricus","Fis-22970"
-148,37.5,1,"Trachurus symmetricus","Fis-22970"
-147.5,37.5,1,"Trachurus symmetricus","Fis-22970"
-147,37.5,1,"Trachurus symmetricus","Fis-22970"
-146.5,37.5,1,"Trachurus symmetricus","Fis-22970"
-146,37.5,1,"Trachurus symmetricus","Fis-22970"
-145.5,37.5,1,"Trachurus symmetricus","Fis-22970"
-145,37.5,1,"Trachurus symmetricus","Fis-22970"
-144.5,37.5,1,"Trachurus symmetricus","Fis-22970"
-144,37.5,1,"Trachurus symmetricus","Fis-22970"
-143.5,37.5,1,"Trachurus symmetricus","Fis-22970"
-143,37.5,1,"Trachurus symmetricus","Fis-22970"
-142.5,37.5,1,"Trachurus symmetricus","Fis-22970"
-142,37.5,1,"Trachurus symmetricus","Fis-22970"
-141.5,37.5,1,"Trachurus symmetricus","Fis-22970"
-141,37.5,1,"Trachurus symmetricus","Fis-22970"
-140.5,37.5,1,"Trachurus symmetricus","Fis-22970"
-140,37.5,1,"Trachurus symmetricus","Fis-22970"
-139.5,37.5,0.97,"Trachurus symmetricus","Fis-22970"
-139,37.5,0.92,"Trachurus symmetricus","Fis-22970"
-138.5,37.5,0.89,"Trachurus symmetricus","Fis-22970"
-138,37.5,0.85,"Trachurus symmetricus","Fis-22970"
-137.5,37.5,0.83,"Trachurus symmetricus","Fis-22970"
-137,37.5,0.82,"Trachurus symmetricus","Fis-22970"
-136.5,37.5,0.84,"Trachurus symmetricus","Fis-22970"
-136,37.5,0.85,"Trachurus symmetricus","Fis-22970"
-135.5,37.5,0.82,"Trachurus symmetricus","Fis-22970"
-135,37.5,0.79,"Trachurus symmetricus","Fis-22970"
-134.5,37.5,0.77,"Trachurus symmetricus","Fis-22970"
-134,37.5,0.76,"Trachurus symmetricus","Fis-22970"
-133.5,37.5,0.76,"Trachurus symmetricus","Fis-22970"
-133,37.5,0.81,"Trachurus symmetricus","Fis-22970"
-132.5,37.5,0.83,"Trachurus symmetricus","Fis-22970"
-132,37.5,0.83,"Trachurus symmetricus","Fis-22970"
-131.5,37.5,0.84,"Trachurus symmetricus","Fis-22970"
-131,37.5,0.92,"Trachurus symmetricus","Fis-22970"
-130.5,37.5,0.94,"Trachurus symmetricus","Fis-22970"
-130,37.5,0.97,"Trachurus symmetricus","Fis-22970"
-129.5,37.5,1,"Trachurus symmetricus","Fis-22970"
-129,37.5,1,"Trachurus symmetricus","Fis-22970"
-128.5,37.5,1,"Trachurus symmetricus","Fis-22970"
-128,37.5,1,"Trachurus symmetricus","Fis-22970"
-127.5,37.5,1,"Trachurus symmetricus","Fis-22970"
-127,37.5,1,"Trachurus symmetricus","Fis-22970"
-126.5,37.5,1,"Trachurus symmetricus","Fis-22970"
-126,37.5,1,"Trachurus symmetricus","Fis-22970"
-125.5,37.5,1,"Trachurus symmetricus","Fis-22970"
-125,37.5,1,"Trachurus symmetricus","Fis-22970"
-124.5,37.5,1,"Trachurus symmetricus","Fis-22970"
-124,37.5,1,"Trachurus symmetricus","Fis-22970"
-123.5,37.5,1,"Trachurus symmetricus","Fis-22970"
-123,37.5,1,"Trachurus symmetricus","Fis-22970"
-122.5,37.5,0.09,"Trachurus symmetricus","Fis-22970"
-174.5,37,0.89,"Trachurus symmetricus","Fis-22970"
-174,37,0.9,"Trachurus symmetricus","Fis-22970"
-173.5,37,0.92,"Trachurus symmetricus","Fis-22970"
-173,37,0.94,"Trachurus symmetricus","Fis-22970"
-172.5,37,0.95,"Trachurus symmetricus","Fis-22970"
-172,37,0.96,"Trachurus symmetricus","Fis-22970"
-171.5,37,0.97,"Trachurus symmetricus","Fis-22970"
-171,37,0.97,"Trachurus symmetricus","Fis-22970"
-170.5,37,0.98,"Trachurus symmetricus","Fis-22970"
-170,37,0.98,"Trachurus symmetricus","Fis-22970"
-169.5,37,0.98,"Trachurus symmetricus","Fis-22970"
-169,37,0.98,"Trachurus symmetricus","Fis-22970"
-168.5,37,0.99,"Trachurus symmetricus","Fis-22970"
-168,37,1,"Trachurus symmetricus","Fis-22970"
-167.5,37,1,"Trachurus symmetricus","Fis-22970"
-167,37,1,"Trachurus symmetricus","Fis-22970"
-166.5,37,1,"Trachurus symmetricus","Fis-22970"
-166,37,1,"Trachurus symmetricus","Fis-22970"
-165.5,37,1,"Trachurus symmetricus","Fis-22970"
-165,37,1,"Trachurus symmetricus","Fis-22970"
-164.5,37,1,"Trachurus symmetricus","Fis-22970"
-164,37,1,"Trachurus symmetricus","Fis-22970"
-163.5,37,1,"Trachurus symmetricus","Fis-22970"
-163,37,1,"Trachurus symmetricus","Fis-22970"
-162.5,37,1,"Trachurus symmetricus","Fis-22970"
-162,37,1,"Trachurus symmetricus","Fis-22970"
-161.5,37,1,"Trachurus symmetricus","Fis-22970"
-161,37,1,"Trachurus symmetricus","Fis-22970"
-160.5,37,1,"Trachurus symmetricus","Fis-22970"
-160,37,1,"Trachurus symmetricus","Fis-22970"
-159.5,37,1,"Trachurus symmetricus","Fis-22970"
-159,37,1,"Trachurus symmetricus","Fis-22970"
-158.5,37,1,"Trachurus symmetricus","Fis-22970"
-158,37,1,"Trachurus symmetricus","Fis-22970"
-157.5,37,1,"Trachurus symmetricus","Fis-22970"
-157,37,1,"Trachurus symmetricus","Fis-22970"
-156.5,37,1,"Trachurus symmetricus","Fis-22970"
-156,37,1,"Trachurus symmetricus","Fis-22970"
-155.5,37,1,"Trachurus symmetricus","Fis-22970"
-155,37,1,"Trachurus symmetricus","Fis-22970"
-154.5,37,1,"Trachurus symmetricus","Fis-22970"
-154,37,1,"Trachurus symmetricus","Fis-22970"
-153.5,37,1,"Trachurus symmetricus","Fis-22970"
-153,37,1,"Trachurus symmetricus","Fis-22970"
-152.5,37,1,"Trachurus symmetricus","Fis-22970"
-152,37,1,"Trachurus symmetricus","Fis-22970"
-151.5,37,1,"Trachurus symmetricus","Fis-22970"
-151,37,1,"Trachurus symmetricus","Fis-22970"
-150.5,37,1,"Trachurus symmetricus","Fis-22970"
-150,37,1,"Trachurus symmetricus","Fis-22970"
-149.5,37,1,"Trachurus symmetricus","Fis-22970"
-149,37,1,"Trachurus symmetricus","Fis-22970"
-148.5,37,1,"Trachurus symmetricus","Fis-22970"
-148,37,1,"Trachurus symmetricus","Fis-22970"
-147.5,37,1,"Trachurus symmetricus","Fis-22970"
-147,37,1,"Trachurus symmetricus","Fis-22970"
-146.5,37,1,"Trachurus symmetricus","Fis-22970"
-146,37,1,"Trachurus symmetricus","Fis-22970"
-145.5,37,1,"Trachurus symmetricus","Fis-22970"
-145,37,1,"Trachurus symmetricus","Fis-22970"
-144.5,37,1,"Trachurus symmetricus","Fis-22970"
-144,37,1,"Trachurus symmetricus","Fis-22970"
-143.5,37,1,"Trachurus symmetricus","Fis-22970"
-143,37,1,"Trachurus symmetricus","Fis-22970"
-142.5,37,1,"Trachurus symmetricus","Fis-22970"
-142,37,1,"Trachurus symmetricus","Fis-22970"
-141.5,37,1,"Trachurus symmetricus","Fis-22970"
-141,37,0.98,"Trachurus symmetricus","Fis-22970"
-140.5,37,0.98,"Trachurus symmetricus","Fis-22970"
-140,37,0.96,"Trachurus symmetricus","Fis-22970"
-139.5,37,0.93,"Trachurus symmetricus","Fis-22970"
-139,37,0.89,"Trachurus symmetricus","Fis-22970"
-138.5,37,0.85,"Trachurus symmetricus","Fis-22970"
-138,37,0.81,"Trachurus symmetricus","Fis-22970"
-137.5,37,0.78,"Trachurus symmetricus","Fis-22970"
-137,37,0.76,"Trachurus symmetricus","Fis-22970"
-136.5,37,0.76,"Trachurus symmetricus","Fis-22970"
-136,37,0.76,"Trachurus symmetricus","Fis-22970"
-135.5,37,0.76,"Trachurus symmetricus","Fis-22970"
-135,37,0.76,"Trachurus symmetricus","Fis-22970"
-134.5,37,0.74,"Trachurus symmetricus","Fis-22970"
-134,37,0.72,"Trachurus symmetricus","Fis-22970"
-133.5,37,0.71,"Trachurus symmetricus","Fis-22970"
-133,37,0.75,"Trachurus symmetricus","Fis-22970"
-132.5,37,0.75,"Trachurus symmetricus","Fis-22970"
-132,37,0.76,"Trachurus symmetricus","Fis-22970"
-131.5,37,0.79,"Trachurus symmetricus","Fis-22970"
-131,37,0.87,"Trachurus symmetricus","Fis-22970"
-130.5,37,0.89,"Trachurus symmetricus","Fis-22970"
-130,37,0.93,"Trachurus symmetricus","Fis-22970"
-129.5,37,1,"Trachurus symmetricus","Fis-22970"
-129,37,1,"Trachurus symmetricus","Fis-22970"
-128.5,37,1,"Trachurus symmetricus","Fis-22970"
-128,37,1,"Trachurus symmetricus","Fis-22970"
-127.5,37,1,"Trachurus symmetricus","Fis-22970"
-127,37,1,"Trachurus symmetricus","Fis-22970"
-126.5,37,1,"Trachurus symmetricus","Fis-22970"
-126,37,1,"Trachurus symmetricus","Fis-22970"
-125.5,37,1,"Trachurus symmetricus","Fis-22970"
-125,37,1,"Trachurus symmetricus","Fis-22970"
-124.5,37,1,"Trachurus symmetricus","Fis-22970"
-124,37,1,"Trachurus symmetricus","Fis-22970"
-123.5,37,1,"Trachurus symmetricus","Fis-22970"
-123,37,1,"Trachurus symmetricus","Fis-22970"
-122.5,37,0.3,"Trachurus symmetricus","Fis-22970"
-122,37,0.29,"Trachurus symmetricus","Fis-22970"
-174.5,36.5,0.85,"Trachurus symmetricus","Fis-22970"
-174,36.5,0.86,"Trachurus symmetricus","Fis-22970"
-173.5,36.5,0.87,"Trachurus symmetricus","Fis-22970"
-173,36.5,0.89,"Trachurus symmetricus","Fis-22970"
-172.5,36.5,0.9,"Trachurus symmetricus","Fis-22970"
-172,36.5,0.91,"Trachurus symmetricus","Fis-22970"
-171.5,36.5,0.92,"Trachurus symmetricus","Fis-22970"
-171,36.5,0.92,"Trachurus symmetricus","Fis-22970"
-170.5,36.5,0.93,"Trachurus symmetricus","Fis-22970"
-170,36.5,0.93,"Trachurus symmetricus","Fis-22970"
-169.5,36.5,0.94,"Trachurus symmetricus","Fis-22970"
-169,36.5,0.94,"Trachurus symmetricus","Fis-22970"
-168.5,36.5,0.96,"Trachurus symmetricus","Fis-22970"
-168,36.5,0.99,"Trachurus symmetricus","Fis-22970"
-167.5,36.5,1,"Trachurus symmetricus","Fis-22970"
-167,36.5,1,"Trachurus symmetricus","Fis-22970"
-166.5,36.5,1,"Trachurus symmetricus","Fis-22970"
-166,36.5,1,"Trachurus symmetricus","Fis-22970"
-165.5,36.5,1,"Trachurus symmetricus","Fis-22970"
-165,36.5,1,"Trachurus symmetricus","Fis-22970"
-164.5,36.5,1,"Trachurus symmetricus","Fis-22970"
-164,36.5,1,"Trachurus symmetricus","Fis-22970"
-163.5,36.5,1,"Trachurus symmetricus","Fis-22970"
-163,36.5,1,"Trachurus symmetricus","Fis-22970"
-162.5,36.5,1,"Trachurus symmetricus","Fis-22970"
-162,36.5,1,"Trachurus symmetricus","Fis-22970"
-161.5,36.5,1,"Trachurus symmetricus","Fis-22970"
-161,36.5,1,"Trachurus symmetricus","Fis-22970"
-160.5,36.5,1,"Trachurus symmetricus","Fis-22970"
-160,36.5,1,"Trachurus symmetricus","Fis-22970"
-159.5,36.5,1,"Trachurus symmetricus","Fis-22970"
-159,36.5,1,"Trachurus symmetricus","Fis-22970"
-158.5,36.5,1,"Trachurus symmetricus","Fis-22970"
-158,36.5,1,"Trachurus symmetricus","Fis-22970"
-157.5,36.5,1,"Trachurus symmetricus","Fis-22970"
-157,36.5,1,"Trachurus symmetricus","Fis-22970"
-156.5,36.5,1,"Trachurus symmetricus","Fis-22970"
-156,36.5,1,"Trachurus symmetricus","Fis-22970"
-155.5,36.5,1,"Trachurus symmetricus","Fis-22970"
-155,36.5,1,"Trachurus symmetricus","Fis-22970"
-154.5,36.5,1,"Trachurus symmetricus","Fis-22970"
-154,36.5,1,"Trachurus symmetricus","Fis-22970"
-153.5,36.5,1,"Trachurus symmetricus","Fis-22970"
-153,36.5,1,"Trachurus symmetricus","Fis-22970"
-152.5,36.5,1,"Trachurus symmetricus","Fis-22970"
-152,36.5,1,"Trachurus symmetricus","Fis-22970"
-151.5,36.5,1,"Trachurus symmetricus","Fis-22970"
-151,36.5,1,"Trachurus symmetricus","Fis-22970"
-150.5,36.5,1,"Trachurus symmetricus","Fis-22970"
-150,36.5,1,"Trachurus symmetricus","Fis-22970"
-149.5,36.5,1,"Trachurus symmetricus","Fis-22970"
-149,36.5,1,"Trachurus symmetricus","Fis-22970"
-148.5,36.5,1,"Trachurus symmetricus","Fis-22970"
-148,36.5,1,"Trachurus symmetricus","Fis-22970"
-147.5,36.5,1,"Trachurus symmetricus","Fis-22970"
-147,36.5,1,"Trachurus symmetricus","Fis-22970"
-146.5,36.5,1,"Trachurus symmetricus","Fis-22970"
-146,36.5,1,"Trachurus symmetricus","Fis-22970"
-145.5,36.5,1,"Trachurus symmetricus","Fis-22970"
-145,36.5,1,"Trachurus symmetricus","Fis-22970"
-144.5,36.5,1,"Trachurus symmetricus","Fis-22970"
-144,36.5,1,"Trachurus symmetricus","Fis-22970"
-143.5,36.5,1,"Trachurus symmetricus","Fis-22970"
-143,36.5,0.97,"Trachurus symmetricus","Fis-22970"
-142.5,36.5,0.95,"Trachurus symmetricus","Fis-22970"
-142,36.5,0.9,"Trachurus symmetricus","Fis-22970"
-141.5,36.5,0.85,"Trachurus symmetricus","Fis-22970"
-141,36.5,0.84,"Trachurus symmetricus","Fis-22970"
-140.5,36.5,0.85,"Trachurus symmetricus","Fis-22970"
-140,36.5,0.85,"Trachurus symmetricus","Fis-22970"
-139.5,36.5,0.85,"Trachurus symmetricus","Fis-22970"
-139,36.5,0.84,"Trachurus symmetricus","Fis-22970"
-138.5,36.5,0.81,"Trachurus symmetricus","Fis-22970"
-138,36.5,0.79,"Trachurus symmetricus","Fis-22970"
-137.5,36.5,0.77,"Trachurus symmetricus","Fis-22970"
-137,36.5,0.75,"Trachurus symmetricus","Fis-22970"
-136.5,36.5,0.74,"Trachurus symmetricus","Fis-22970"
-136,36.5,0.69,"Trachurus symmetricus","Fis-22970"
-135.5,36.5,0.7,"Trachurus symmetricus","Fis-22970"
-135,36.5,0.72,"Trachurus symmetricus","Fis-22970"
-134.5,36.5,0.69,"Trachurus symmetricus","Fis-22970"
-134,36.5,0.66,"Trachurus symmetricus","Fis-22970"
-133.5,36.5,0.64,"Trachurus symmetricus","Fis-22970"
-133,36.5,0.67,"Trachurus symmetricus","Fis-22970"
-132.5,36.5,0.67,"Trachurus symmetricus","Fis-22970"
-132,36.5,0.69,"Trachurus symmetricus","Fis-22970"
-131.5,36.5,0.71,"Trachurus symmetricus","Fis-22970"
-131,36.5,0.78,"Trachurus symmetricus","Fis-22970"
-130.5,36.5,0.85,"Trachurus symmetricus","Fis-22970"
-130,36.5,0.94,"Trachurus symmetricus","Fis-22970"
-129.5,36.5,1,"Trachurus symmetricus","Fis-22970"
-129,36.5,1,"Trachurus symmetricus","Fis-22970"
-128.5,36.5,1,"Trachurus symmetricus","Fis-22970"
-128,36.5,1,"Trachurus symmetricus","Fis-22970"
-127.5,36.5,1,"Trachurus symmetricus","Fis-22970"
-127,36.5,1,"Trachurus symmetricus","Fis-22970"
-126.5,36.5,1,"Trachurus symmetricus","Fis-22970"
-126,36.5,1,"Trachurus symmetricus","Fis-22970"
-125.5,36.5,1,"Trachurus symmetricus","Fis-22970"
-125,36.5,1,"Trachurus symmetricus","Fis-22970"
-124.5,36.5,1,"Trachurus symmetricus","Fis-22970"
-124,36.5,1,"Trachurus symmetricus","Fis-22970"
-123.5,36.5,1,"Trachurus symmetricus","Fis-22970"
-123,36.5,1,"Trachurus symmetricus","Fis-22970"
-122.5,36.5,0.99,"Trachurus symmetricus","Fis-22970"
-122,36.5,0.58,"Trachurus symmetricus","Fis-22970"
-121.5,36.5,0.44,"Trachurus symmetricus","Fis-22970"
-174.5,36,0.82,"Trachurus symmetricus","Fis-22970"
-174,36,0.83,"Trachurus symmetricus","Fis-22970"
-173.5,36,0.85,"Trachurus symmetricus","Fis-22970"
-173,36,0.86,"Trachurus symmetricus","Fis-22970"
-172.5,36,0.87,"Trachurus symmetricus","Fis-22970"
-172,36,0.88,"Trachurus symmetricus","Fis-22970"
-171.5,36,0.88,"Trachurus symmetricus","Fis-22970"
-171,36,0.88,"Trachurus symmetricus","Fis-22970"
-170.5,36,0.89,"Trachurus symmetricus","Fis-22970"
-170,36,0.9,"Trachurus symmetricus","Fis-22970"
-169.5,36,0.9,"Trachurus symmetricus","Fis-22970"
-169,36,0.91,"Trachurus symmetricus","Fis-22970"
-168.5,36,0.93,"Trachurus symmetricus","Fis-22970"
-168,36,0.96,"Trachurus symmetricus","Fis-22970"
-167.5,36,0.98,"Trachurus symmetricus","Fis-22970"
-167,36,0.98,"Trachurus symmetricus","Fis-22970"
-166.5,36,0.98,"Trachurus symmetricus","Fis-22970"
-166,36,0.98,"Trachurus symmetricus","Fis-22970"
-165.5,36,0.97,"Trachurus symmetricus","Fis-22970"
-165,36,0.97,"Trachurus symmetricus","Fis-22970"
-164.5,36,0.97,"Trachurus symmetricus","Fis-22970"
-164,36,0.98,"Trachurus symmetricus","Fis-22970"
-163.5,36,0.99,"Trachurus symmetricus","Fis-22970"
-163,36,1,"Trachurus symmetricus","Fis-22970"
-162.5,36,1,"Trachurus symmetricus","Fis-22970"
-162,36,1,"Trachurus symmetricus","Fis-22970"
-161.5,36,1,"Trachurus symmetricus","Fis-22970"
-161,36,1,"Trachurus symmetricus","Fis-22970"
-160.5,36,1,"Trachurus symmetricus","Fis-22970"
-160,36,1,"Trachurus symmetricus","Fis-22970"
-159.5,36,1,"Trachurus symmetricus","Fis-22970"
-159,36,1,"Trachurus symmetricus","Fis-22970"
-158.5,36,1,"Trachurus symmetricus","Fis-22970"
-158,36,1,"Trachurus symmetricus","Fis-22970"
-157.5,36,1,"Trachurus symmetricus","Fis-22970"
-157,36,1,"Trachurus symmetricus","Fis-22970"
-156.5,36,1,"Trachurus symmetricus","Fis-22970"
-156,36,1,"Trachurus symmetricus","Fis-22970"
-155.5,36,1,"Trachurus symmetricus","Fis-22970"
-155,36,1,"Trachurus symmetricus","Fis-22970"
-154.5,36,1,"Trachurus symmetricus","Fis-22970"
-154,36,1,"Trachurus symmetricus","Fis-22970"
-153.5,36,1,"Trachurus symmetricus","Fis-22970"
-153,36,1,"Trachurus symmetricus","Fis-22970"
-152.5,36,1,"Trachurus symmetricus","Fis-22970"
-152,36,1,"Trachurus symmetricus","Fis-22970"
-151.5,36,1,"Trachurus symmetricus","Fis-22970"
-151,36,1,"Trachurus symmetricus","Fis-22970"
-150.5,36,1,"Trachurus symmetricus","Fis-22970"
-150,36,1,"Trachurus symmetricus","Fis-22970"
-149.5,36,1,"Trachurus symmetricus","Fis-22970"
-149,36,1,"Trachurus symmetricus","Fis-22970"
-148.5,36,1,"Trachurus symmetricus","Fis-22970"
-148,36,1,"Trachurus symmetricus","Fis-22970"
-147.5,36,1,"Trachurus symmetricus","Fis-22970"
-147,36,1,"Trachurus symmetricus","Fis-22970"
-146.5,36,0.99,"Trachurus symmetricus","Fis-22970"
-146,36,0.94,"Trachurus symmetricus","Fis-22970"
-145.5,36,0.92,"Trachurus symmetricus","Fis-22970"
-145,36,0.9,"Trachurus symmetricus","Fis-22970"
-144.5,36,0.89,"Trachurus symmetricus","Fis-22970"
-144,36,0.91,"Trachurus symmetricus","Fis-22970"
-143.5,36,0.9,"Trachurus symmetricus","Fis-22970"
-143,36,0.89,"Trachurus symmetricus","Fis-22970"
-142.5,36,0.88,"Trachurus symmetricus","Fis-22970"
-142,36,0.82,"Trachurus symmetricus","Fis-22970"
-141.5,36,0.77,"Trachurus symmetricus","Fis-22970"
-141,36,0.75,"Trachurus symmetricus","Fis-22970"
-140.5,36,0.76,"Trachurus symmetricus","Fis-22970"
-140,36,0.76,"Trachurus symmetricus","Fis-22970"
-139.5,36,0.76,"Trachurus symmetricus","Fis-22970"
-139,36,0.79,"Trachurus symmetricus","Fis-22970"
-138.5,36,0.76,"Trachurus symmetricus","Fis-22970"
-138,36,0.72,"Trachurus symmetricus","Fis-22970"
-137.5,36,0.69,"Trachurus symmetricus","Fis-22970"
-137,36,0.63,"Trachurus symmetricus","Fis-22970"
-136.5,36,0.59,"Trachurus symmetricus","Fis-22970"
-136,36,0.57,"Trachurus symmetricus","Fis-22970"
-135.5,36,0.54,"Trachurus symmetricus","Fis-22970"
-135,36,0.54,"Trachurus symmetricus","Fis-22970"
-134.5,36,0.5,"Trachurus symmetricus","Fis-22970"
-134,36,0.49,"Trachurus symmetricus","Fis-22970"
-133.5,36,0.52,"Trachurus symmetricus","Fis-22970"
-133,36,0.58,"Trachurus symmetricus","Fis-22970"
-132.5,36,0.6,"Trachurus symmetricus","Fis-22970"
-132,36,0.64,"Trachurus symmetricus","Fis-22970"
-131.5,36,0.67,"Trachurus symmetricus","Fis-22970"
-131,36,0.71,"Trachurus symmetricus","Fis-22970"
-130.5,36,0.79,"Trachurus symmetricus","Fis-22970"
-130,36,0.92,"Trachurus symmetricus","Fis-22970"
-129.5,36,1,"Trachurus symmetricus","Fis-22970"
-129,36,1,"Trachurus symmetricus","Fis-22970"
-128.5,36,1,"Trachurus symmetricus","Fis-22970"
-128,36,1,"Trachurus symmetricus","Fis-22970"
-127.5,36,1,"Trachurus symmetricus","Fis-22970"
-127,36,1,"Trachurus symmetricus","Fis-22970"
-126.5,36,1,"Trachurus symmetricus","Fis-22970"
-126,36,1,"Trachurus symmetricus","Fis-22970"
-125.5,36,1,"Trachurus symmetricus","Fis-22970"
-125,36,1,"Trachurus symmetricus","Fis-22970"
-124.5,36,1,"Trachurus symmetricus","Fis-22970"
-124,36,1,"Trachurus symmetricus","Fis-22970"
-123.5,36,1,"Trachurus symmetricus","Fis-22970"
-123,36,1,"Trachurus symmetricus","Fis-22970"
-122.5,36,1,"Trachurus symmetricus","Fis-22970"
-122,36,1,"Trachurus symmetricus","Fis-22970"
-121.5,36,0.76,"Trachurus symmetricus","Fis-22970"
-121,36,0.55,"Trachurus symmetricus","Fis-22970"
-174.5,35.5,0.79,"Trachurus symmetricus","Fis-22970"
-174,35.5,0.81,"Trachurus symmetricus","Fis-22970"
-173.5,35.5,0.82,"Trachurus symmetricus","Fis-22970"
-173,35.5,0.84,"Trachurus symmetricus","Fis-22970"
-172.5,35.5,0.84,"Trachurus symmetricus","Fis-22970"
-172,35.5,0.84,"Trachurus symmetricus","Fis-22970"
-171.5,35.5,0.85,"Trachurus symmetricus","Fis-22970"
-171,35.5,0.85,"Trachurus symmetricus","Fis-22970"
-170.5,35.5,0.86,"Trachurus symmetricus","Fis-22970"
-170,35.5,0.86,"Trachurus symmetricus","Fis-22970"
-169.5,35.5,0.87,"Trachurus symmetricus","Fis-22970"
-169,35.5,0.88,"Trachurus symmetricus","Fis-22970"
-168.5,35.5,0.89,"Trachurus symmetricus","Fis-22970"
-168,35.5,0.92,"Trachurus symmetricus","Fis-22970"
-167.5,35.5,0.93,"Trachurus symmetricus","Fis-22970"
-167,35.5,0.94,"Trachurus symmetricus","Fis-22970"
-166.5,35.5,0.94,"Trachurus symmetricus","Fis-22970"
-166,35.5,0.93,"Trachurus symmetricus","Fis-22970"
-165.5,35.5,0.92,"Trachurus symmetricus","Fis-22970"
-165,35.5,0.92,"Trachurus symmetricus","Fis-22970"
-164.5,35.5,0.93,"Trachurus symmetricus","Fis-22970"
-164,35.5,0.94,"Trachurus symmetricus","Fis-22970"
-163.5,35.5,0.95,"Trachurus symmetricus","Fis-22970"
-163,35.5,0.96,"Trachurus symmetricus","Fis-22970"
-162.5,35.5,0.97,"Trachurus symmetricus","Fis-22970"
-162,35.5,0.97,"Trachurus symmetricus","Fis-22970"
-161.5,35.5,0.98,"Trachurus symmetricus","Fis-22970"
-161,35.5,0.98,"Trachurus symmetricus","Fis-22970"
-160.5,35.5,0.98,"Trachurus symmetricus","Fis-22970"
-160,35.5,0.99,"Trachurus symmetricus","Fis-22970"
-159.5,35.5,1,"Trachurus symmetricus","Fis-22970"
-159,35.5,1,"Trachurus symmetricus","Fis-22970"
-158.5,35.5,1,"Trachurus symmetricus","Fis-22970"
-158,35.5,1,"Trachurus symmetricus","Fis-22970"
-157.5,35.5,1,"Trachurus symmetricus","Fis-22970"
-157,35.5,1,"Trachurus symmetricus","Fis-22970"
-156.5,35.5,1,"Trachurus symmetricus","Fis-22970"
-156,35.5,1,"Trachurus symmetricus","Fis-22970"
-155.5,35.5,1,"Trachurus symmetricus","Fis-22970"
-155,35.5,1,"Trachurus symmetricus","Fis-22970"
-154.5,35.5,1,"Trachurus symmetricus","Fis-22970"
-154,35.5,1,"Trachurus symmetricus","Fis-22970"
-153.5,35.5,1,"Trachurus symmetricus","Fis-22970"
-153,35.5,1,"Trachurus symmetricus","Fis-22970"
-152.5,35.5,1,"Trachurus symmetricus","Fis-22970"
-152,35.5,1,"Trachurus symmetricus","Fis-22970"
-151.5,35.5,1,"Trachurus symmetricus","Fis-22970"
-151,35.5,1,"Trachurus symmetricus","Fis-22970"
-150.5,35.5,1,"Trachurus symmetricus","Fis-22970"
-150,35.5,0.98,"Trachurus symmetricus","Fis-22970"
-149.5,35.5,0.95,"Trachurus symmetricus","Fis-22970"
-149,35.5,0.93,"Trachurus symmetricus","Fis-22970"
-148.5,35.5,0.95,"Trachurus symmetricus","Fis-22970"
-148,35.5,0.92,"Trachurus symmetricus","Fis-22970"
-147.5,35.5,0.9,"Trachurus symmetricus","Fis-22970"
-147,35.5,0.87,"Trachurus symmetricus","Fis-22970"
-146.5,35.5,0.81,"Trachurus symmetricus","Fis-22970"
-146,35.5,0.77,"Trachurus symmetricus","Fis-22970"
-145.5,35.5,0.74,"Trachurus symmetricus","Fis-22970"
-145,35.5,0.74,"Trachurus symmetricus","Fis-22970"
-144.5,35.5,0.74,"Trachurus symmetricus","Fis-22970"
-144,35.5,0.73,"Trachurus symmetricus","Fis-22970"
-143.5,35.5,0.7,"Trachurus symmetricus","Fis-22970"
-143,35.5,0.69,"Trachurus symmetricus","Fis-22970"
-142.5,35.5,0.66,"Trachurus symmetricus","Fis-22970"
-142,35.5,0.65,"Trachurus symmetricus","Fis-22970"
-141.5,35.5,0.63,"Trachurus symmetricus","Fis-22970"
-141,35.5,0.6,"Trachurus symmetricus","Fis-22970"
-140.5,35.5,0.62,"Trachurus symmetricus","Fis-22970"
-140,35.5,0.66,"Trachurus symmetricus","Fis-22970"
-139.5,35.5,0.7,"Trachurus symmetricus","Fis-22970"
-139,35.5,0.73,"Trachurus symmetricus","Fis-22970"
-138.5,35.5,0.71,"Trachurus symmetricus","Fis-22970"
-138,35.5,0.66,"Trachurus symmetricus","Fis-22970"
-137.5,35.5,0.6,"Trachurus symmetricus","Fis-22970"
-137,35.5,0.55,"Trachurus symmetricus","Fis-22970"
-136.5,35.5,0.52,"Trachurus symmetricus","Fis-22970"
-136,35.5,0.48,"Trachurus symmetricus","Fis-22970"
-135.5,35.5,0.42,"Trachurus symmetricus","Fis-22970"
-135,35.5,0.37,"Trachurus symmetricus","Fis-22970"
-134.5,35.5,0.36,"Trachurus symmetricus","Fis-22970"
-134,35.5,0.36,"Trachurus symmetricus","Fis-22970"
-133.5,35.5,0.38,"Trachurus symmetricus","Fis-22970"
-133,35.5,0.42,"Trachurus symmetricus","Fis-22970"
-132.5,35.5,0.46,"Trachurus symmetricus","Fis-22970"
-132,35.5,0.55,"Trachurus symmetricus","Fis-22970"
-131.5,35.5,0.6,"Trachurus symmetricus","Fis-22970"
-131,35.5,0.61,"Trachurus symmetricus","Fis-22970"
-130.5,35.5,0.68,"Trachurus symmetricus","Fis-22970"
-130,35.5,0.83,"Trachurus symmetricus","Fis-22970"
-129.5,35.5,0.96,"Trachurus symmetricus","Fis-22970"
-129,35.5,1,"Trachurus symmetricus","Fis-22970"
-128.5,35.5,1,"Trachurus symmetricus","Fis-22970"
-128,35.5,1,"Trachurus symmetricus","Fis-22970"
-127.5,35.5,1,"Trachurus symmetricus","Fis-22970"
-127,35.5,1,"Trachurus symmetricus","Fis-22970"
-126.5,35.5,1,"Trachurus symmetricus","Fis-22970"
-126,35.5,1,"Trachurus symmetricus","Fis-22970"
-125.5,35.5,1,"Trachurus symmetricus","Fis-22970"
-125,35.5,1,"Trachurus symmetricus","Fis-22970"
-124.5,35.5,1,"Trachurus symmetricus","Fis-22970"
-124,35.5,1,"Trachurus symmetricus","Fis-22970"
-123.5,35.5,1,"Trachurus symmetricus","Fis-22970"
-123,35.5,1,"Trachurus symmetricus","Fis-22970"
-122.5,35.5,1,"Trachurus symmetricus","Fis-22970"
-122,35.5,1,"Trachurus symmetricus","Fis-22970"
-121.5,35.5,1,"Trachurus symmetricus","Fis-22970"
-121,35.5,0.85,"Trachurus symmetricus","Fis-22970"
-174.5,35,0.76,"Trachurus symmetricus","Fis-22970"
-174,35,0.78,"Trachurus symmetricus","Fis-22970"
-173.5,35,0.8,"Trachurus symmetricus","Fis-22970"
-173,35,0.81,"Trachurus symmetricus","Fis-22970"
-172.5,35,0.82,"Trachurus symmetricus","Fis-22970"
-172,35,0.82,"Trachurus symmetricus","Fis-22970"
-171.5,35,0.82,"Trachurus symmetricus","Fis-22970"
-171,35,0.82,"Trachurus symmetricus","Fis-22970"
-170.5,35,0.83,"Trachurus symmetricus","Fis-22970"
-170,35,0.83,"Trachurus symmetricus","Fis-22970"
-169.5,35,0.83,"Trachurus symmetricus","Fis-22970"
-169,35,0.84,"Trachurus symmetricus","Fis-22970"
-168.5,35,0.85,"Trachurus symmetricus","Fis-22970"
-168,35,0.87,"Trachurus symmetricus","Fis-22970"
-167.5,35,0.88,"Trachurus symmetricus","Fis-22970"
-167,35,0.89,"Trachurus symmetricus","Fis-22970"
-166.5,35,0.9,"Trachurus symmetricus","Fis-22970"
-166,35,0.89,"Trachurus symmetricus","Fis-22970"
-165.5,35,0.87,"Trachurus symmetricus","Fis-22970"
-165,35,0.87,"Trachurus symmetricus","Fis-22970"
-164.5,35,0.88,"Trachurus symmetricus","Fis-22970"
-164,35,0.89,"Trachurus symmetricus","Fis-22970"
-163.5,35,0.89,"Trachurus symmetricus","Fis-22970"
-163,35,0.89,"Trachurus symmetricus","Fis-22970"
-162.5,35,0.91,"Trachurus symmetricus","Fis-22970"
-162,35,0.91,"Trachurus symmetricus","Fis-22970"
-161.5,35,0.92,"Trachurus symmetricus","Fis-22970"
-161,35,0.92,"Trachurus symmetricus","Fis-22970"
-160.5,35,0.92,"Trachurus symmetricus","Fis-22970"
-160,35,0.92,"Trachurus symmetricus","Fis-22970"
-159.5,35,0.92,"Trachurus symmetricus","Fis-22970"
-159,35,0.94,"Trachurus symmetricus","Fis-22970"
-158.5,35,0.97,"Trachurus symmetricus","Fis-22970"
-158,35,0.99,"Trachurus symmetricus","Fis-22970"
-157.5,35,1,"Trachurus symmetricus","Fis-22970"
-157,35,1,"Trachurus symmetricus","Fis-22970"
-156.5,35,1,"Trachurus symmetricus","Fis-22970"
-156,35,1,"Trachurus symmetricus","Fis-22970"
-155.5,35,1,"Trachurus symmetricus","Fis-22970"
-155,35,1,"Trachurus symmetricus","Fis-22970"
-154.5,35,1,"Trachurus symmetricus","Fis-22970"
-154,35,1,"Trachurus symmetricus","Fis-22970"
-153.5,35,1,"Trachurus symmetricus","Fis-22970"
-153,35,1,"Trachurus symmetricus","Fis-22970"
-152.5,35,1,"Trachurus symmetricus","Fis-22970"
-152,35,0.98,"Trachurus symmetricus","Fis-22970"
-151.5,35,0.94,"Trachurus symmetricus","Fis-22970"
-151,35,0.9,"Trachurus symmetricus","Fis-22970"
-150.5,35,0.86,"Trachurus symmetricus","Fis-22970"
-150,35,0.83,"Trachurus symmetricus","Fis-22970"
-149.5,35,0.81,"Trachurus symmetricus","Fis-22970"
-149,35,0.79,"Trachurus symmetricus","Fis-22970"
-148.5,35,0.77,"Trachurus symmetricus","Fis-22970"
-148,35,0.74,"Trachurus symmetricus","Fis-22970"
-147.5,35,0.74,"Trachurus symmetricus","Fis-22970"
-147,35,0.71,"Trachurus symmetricus","Fis-22970"
-146.5,35,0.68,"Trachurus symmetricus","Fis-22970"
-146,35,0.65,"Trachurus symmetricus","Fis-22970"
-145.5,35,0.63,"Trachurus symmetricus","Fis-22970"
-145,35,0.61,"Trachurus symmetricus","Fis-22970"
-144.5,35,0.58,"Trachurus symmetricus","Fis-22970"
-144,35,0.56,"Trachurus symmetricus","Fis-22970"
-143.5,35,0.54,"Trachurus symmetricus","Fis-22970"
-143,35,0.5,"Trachurus symmetricus","Fis-22970"
-142.5,35,0.47,"Trachurus symmetricus","Fis-22970"
-142,35,0.46,"Trachurus symmetricus","Fis-22970"
-141.5,35,0.48,"Trachurus symmetricus","Fis-22970"
-141,35,0.49,"Trachurus symmetricus","Fis-22970"
-140.5,35,0.5,"Trachurus symmetricus","Fis-22970"
-140,35,0.5,"Trachurus symmetricus","Fis-22970"
-139.5,35,0.53,"Trachurus symmetricus","Fis-22970"
-139,35,0.56,"Trachurus symmetricus","Fis-22970"
-138.5,35,0.6,"Trachurus symmetricus","Fis-22970"
-138,35,0.61,"Trachurus symmetricus","Fis-22970"
-137.5,35,0.54,"Trachurus symmetricus","Fis-22970"
-137,35,0.49,"Trachurus symmetricus","Fis-22970"
-136.5,35,0.43,"Trachurus symmetricus","Fis-22970"
-136,35,0.36,"Trachurus symmetricus","Fis-22970"
-135.5,35,0.3,"Trachurus symmetricus","Fis-22970"
-135,35,0.26,"Trachurus symmetricus","Fis-22970"
-134.5,35,0.25,"Trachurus symmetricus","Fis-22970"
-134,35,0.26,"Trachurus symmetricus","Fis-22970"
-133.5,35,0.26,"Trachurus symmetricus","Fis-22970"
-133,35,0.26,"Trachurus symmetricus","Fis-22970"
-132.5,35,0.3,"Trachurus symmetricus","Fis-22970"
-132,35,0.41,"Trachurus symmetricus","Fis-22970"
-131.5,35,0.47,"Trachurus symmetricus","Fis-22970"
-131,35,0.51,"Trachurus symmetricus","Fis-22970"
-130.5,35,0.59,"Trachurus symmetricus","Fis-22970"
-130,35,0.7,"Trachurus symmetricus","Fis-22970"
-129.5,35,0.89,"Trachurus symmetricus","Fis-22970"
-129,35,1,"Trachurus symmetricus","Fis-22970"
-128.5,35,1,"Trachurus symmetricus","Fis-22970"
-128,35,1,"Trachurus symmetricus","Fis-22970"
-127.5,35,1,"Trachurus symmetricus","Fis-22970"
-127,35,1,"Trachurus symmetricus","Fis-22970"
-126.5,35,1,"Trachurus symmetricus","Fis-22970"
-126,35,1,"Trachurus symmetricus","Fis-22970"
-125.5,35,1,"Trachurus symmetricus","Fis-22970"
-125,35,1,"Trachurus symmetricus","Fis-22970"
-124.5,35,1,"Trachurus symmetricus","Fis-22970"
-124,35,1,"Trachurus symmetricus","Fis-22970"
-123.5,35,1,"Trachurus symmetricus","Fis-22970"
-123,35,1,"Trachurus symmetricus","Fis-22970"
-122.5,35,1,"Trachurus symmetricus","Fis-22970"
-122,35,1,"Trachurus symmetricus","Fis-22970"
-121.5,35,1,"Trachurus symmetricus","Fis-22970"
-121,35,1,"Trachurus symmetricus","Fis-22970"
-120.5,35,0.92,"Trachurus symmetricus","Fis-22970"
-174.5,34.5,0.73,"Trachurus symmetricus","Fis-22970"
-174,34.5,0.74,"Trachurus symmetricus","Fis-22970"
-173.5,34.5,0.75,"Trachurus symmetricus","Fis-22970"
-173,34.5,0.77,"Trachurus symmetricus","Fis-22970"
-172.5,34.5,0.78,"Trachurus symmetricus","Fis-22970"
-172,34.5,0.79,"Trachurus symmetricus","Fis-22970"
-171.5,34.5,0.79,"Trachurus symmetricus","Fis-22970"
-171,34.5,0.78,"Trachurus symmetricus","Fis-22970"
-170.5,34.5,0.77,"Trachurus symmetricus","Fis-22970"
-170,34.5,0.77,"Trachurus symmetricus","Fis-22970"
-169.5,34.5,0.78,"Trachurus symmetricus","Fis-22970"
-169,34.5,0.79,"Trachurus symmetricus","Fis-22970"
-168.5,34.5,0.8,"Trachurus symmetricus","Fis-22970"
-168,34.5,0.82,"Trachurus symmetricus","Fis-22970"
-167.5,34.5,0.83,"Trachurus symmetricus","Fis-22970"
-167,34.5,0.83,"Trachurus symmetricus","Fis-22970"
-166.5,34.5,0.83,"Trachurus symmetricus","Fis-22970"
-166,34.5,0.83,"Trachurus symmetricus","Fis-22970"
-165.5,34.5,0.83,"Trachurus symmetricus","Fis-22970"
-165,34.5,0.82,"Trachurus symmetricus","Fis-22970"
-164.5,34.5,0.82,"Trachurus symmetricus","Fis-22970"
-164,34.5,0.83,"Trachurus symmetricus","Fis-22970"
-163.5,34.5,0.82,"Trachurus symmetricus","Fis-22970"
-163,34.5,0.83,"Trachurus symmetricus","Fis-22970"
-162.5,34.5,0.84,"Trachurus symmetricus","Fis-22970"
-162,34.5,0.85,"Trachurus symmetricus","Fis-22970"
-161.5,34.5,0.85,"Trachurus symmetricus","Fis-22970"
-161,34.5,0.85,"Trachurus symmetricus","Fis-22970"
-160.5,34.5,0.85,"Trachurus symmetricus","Fis-22970"
-160,34.5,0.86,"Trachurus symmetricus","Fis-22970"
-159.5,34.5,0.86,"Trachurus symmetricus","Fis-22970"
-159,34.5,0.87,"Trachurus symmetricus","Fis-22970"
-158.5,34.5,0.9,"Trachurus symmetricus","Fis-22970"
-158,34.5,0.92,"Trachurus symmetricus","Fis-22970"
-157.5,34.5,0.92,"Trachurus symmetricus","Fis-22970"
-157,34.5,0.93,"Trachurus symmetricus","Fis-22970"
-156.5,34.5,0.93,"Trachurus symmetricus","Fis-22970"
-156,34.5,0.94,"Trachurus symmetricus","Fis-22970"
-155.5,34.5,0.91,"Trachurus symmetricus","Fis-22970"
-155,34.5,0.86,"Trachurus symmetricus","Fis-22970"
-154.5,34.5,0.82,"Trachurus symmetricus","Fis-22970"
-154,34.5,0.82,"Trachurus symmetricus","Fis-22970"
-153.5,34.5,0.87,"Trachurus symmetricus","Fis-22970"
-153,34.5,0.87,"Trachurus symmetricus","Fis-22970"
-152.5,34.5,0.83,"Trachurus symmetricus","Fis-22970"
-152,34.5,0.79,"Trachurus symmetricus","Fis-22970"
-151.5,34.5,0.74,"Trachurus symmetricus","Fis-22970"
-151,34.5,0.72,"Trachurus symmetricus","Fis-22970"
-150.5,34.5,0.72,"Trachurus symmetricus","Fis-22970"
-150,34.5,0.72,"Trachurus symmetricus","Fis-22970"
-149.5,34.5,0.68,"Trachurus symmetricus","Fis-22970"
-149,34.5,0.64,"Trachurus symmetricus","Fis-22970"
-148.5,34.5,0.59,"Trachurus symmetricus","Fis-22970"
-148,34.5,0.57,"Trachurus symmetricus","Fis-22970"
-147.5,34.5,0.57,"Trachurus symmetricus","Fis-22970"
-147,34.5,0.58,"Trachurus symmetricus","Fis-22970"
-146.5,34.5,0.56,"Trachurus symmetricus","Fis-22970"
-146,34.5,0.54,"Trachurus symmetricus","Fis-22970"
-145.5,34.5,0.53,"Trachurus symmetricus","Fis-22970"
-145,34.5,0.53,"Trachurus symmetricus","Fis-22970"
-144.5,34.5,0.51,"Trachurus symmetricus","Fis-22970"
-144,34.5,0.48,"Trachurus symmetricus","Fis-22970"
-143.5,34.5,0.46,"Trachurus symmetricus","Fis-22970"
-143,34.5,0.42,"Trachurus symmetricus","Fis-22970"
-142.5,34.5,0.4,"Trachurus symmetricus","Fis-22970"
-142,34.5,0.4,"Trachurus symmetricus","Fis-22970"
-141.5,34.5,0.38,"Trachurus symmetricus","Fis-22970"
-141,34.5,0.38,"Trachurus symmetricus","Fis-22970"
-140.5,34.5,0.39,"Trachurus symmetricus","Fis-22970"
-140,34.5,0.39,"Trachurus symmetricus","Fis-22970"
-139.5,34.5,0.37,"Trachurus symmetricus","Fis-22970"
-139,34.5,0.38,"Trachurus symmetricus","Fis-22970"
-138.5,34.5,0.43,"Trachurus symmetricus","Fis-22970"
-138,34.5,0.45,"Trachurus symmetricus","Fis-22970"
-137.5,34.5,0.41,"Trachurus symmetricus","Fis-22970"
-137,34.5,0.38,"Trachurus symmetricus","Fis-22970"
-136.5,34.5,0.35,"Trachurus symmetricus","Fis-22970"
-136,34.5,0.31,"Trachurus symmetricus","Fis-22970"
-135.5,34.5,0.26,"Trachurus symmetricus","Fis-22970"
-135,34.5,0.23,"Trachurus symmetricus","Fis-22970"
-134.5,34.5,0.2,"Trachurus symmetricus","Fis-22970"
-134,34.5,0.19,"Trachurus symmetricus","Fis-22970"
-133.5,34.5,0.19,"Trachurus symmetricus","Fis-22970"
-133,34.5,0.18,"Trachurus symmetricus","Fis-22970"
-132.5,34.5,0.18,"Trachurus symmetricus","Fis-22970"
-132,34.5,0.24,"Trachurus symmetricus","Fis-22970"
-131.5,34.5,0.32,"Trachurus symmetricus","Fis-22970"
-131,34.5,0.39,"Trachurus symmetricus","Fis-22970"
-130.5,34.5,0.48,"Trachurus symmetricus","Fis-22970"
-130,34.5,0.57,"Trachurus symmetricus","Fis-22970"
-129.5,34.5,0.68,"Trachurus symmetricus","Fis-22970"
-129,34.5,0.8,"Trachurus symmetricus","Fis-22970"
-128.5,34.5,0.9,"Trachurus symmetricus","Fis-22970"
-128,34.5,1,"Trachurus symmetricus","Fis-22970"
-127.5,34.5,1,"Trachurus symmetricus","Fis-22970"
-127,34.5,1,"Trachurus symmetricus","Fis-22970"
-126.5,34.5,1,"Trachurus symmetricus","Fis-22970"
-126,34.5,1,"Trachurus symmetricus","Fis-22970"
-125.5,34.5,1,"Trachurus symmetricus","Fis-22970"
-125,34.5,1,"Trachurus symmetricus","Fis-22970"
-124.5,34.5,1,"Trachurus symmetricus","Fis-22970"
-124,34.5,1,"Trachurus symmetricus","Fis-22970"
-123.5,34.5,1,"Trachurus symmetricus","Fis-22970"
-123,34.5,1,"Trachurus symmetricus","Fis-22970"
-122.5,34.5,1,"Trachurus symmetricus","Fis-22970"
-122,34.5,1,"Trachurus symmetricus","Fis-22970"
-121.5,34.5,1,"Trachurus symmetricus","Fis-22970"
-121,34.5,1,"Trachurus symmetricus","Fis-22970"
-120.5,34.5,0.98,"Trachurus symmetricus","Fis-22970"
-120,34.5,0.46,"Trachurus symmetricus","Fis-22970"
-174.5,34,0.69,"Trachurus symmetricus","Fis-22970"
-174,34,0.7,"Trachurus symmetricus","Fis-22970"
-173.5,34,0.71,"Trachurus symmetricus","Fis-22970"
-173,34,0.72,"Trachurus symmetricus","Fis-22970"
-172.5,34,0.73,"Trachurus symmetricus","Fis-22970"
-172,34,0.74,"Trachurus symmetricus","Fis-22970"
-171.5,34,0.73,"Trachurus symmetricus","Fis-22970"
-171,34,0.72,"Trachurus symmetricus","Fis-22970"
-170.5,34,0.71,"Trachurus symmetricus","Fis-22970"
-170,34,0.71,"Trachurus symmetricus","Fis-22970"
-169.5,34,0.73,"Trachurus symmetricus","Fis-22970"
-169,34,0.74,"Trachurus symmetricus","Fis-22970"
-168.5,34,0.75,"Trachurus symmetricus","Fis-22970"
-168,34,0.77,"Trachurus symmetricus","Fis-22970"
-167.5,34,0.77,"Trachurus symmetricus","Fis-22970"
-167,34,0.77,"Trachurus symmetricus","Fis-22970"
-166.5,34,0.77,"Trachurus symmetricus","Fis-22970"
-166,34,0.77,"Trachurus symmetricus","Fis-22970"
-165.5,34,0.76,"Trachurus symmetricus","Fis-22970"
-165,34,0.75,"Trachurus symmetricus","Fis-22970"
-164.5,34,0.75,"Trachurus symmetricus","Fis-22970"
-164,34,0.74,"Trachurus symmetricus","Fis-22970"
-163.5,34,0.75,"Trachurus symmetricus","Fis-22970"
-163,34,0.76,"Trachurus symmetricus","Fis-22970"
-162.5,34,0.76,"Trachurus symmetricus","Fis-22970"
-162,34,0.76,"Trachurus symmetricus","Fis-22970"
-161.5,34,0.77,"Trachurus symmetricus","Fis-22970"
-161,34,0.78,"Trachurus symmetricus","Fis-22970"
-160.5,34,0.78,"Trachurus symmetricus","Fis-22970"
-160,34,0.78,"Trachurus symmetricus","Fis-22970"
-159.5,34,0.78,"Trachurus symmetricus","Fis-22970"
-159,34,0.78,"Trachurus symmetricus","Fis-22970"
-158.5,34,0.8,"Trachurus symmetricus","Fis-22970"
-158,34,0.82,"Trachurus symmetricus","Fis-22970"
-157.5,34,0.82,"Trachurus symmetricus","Fis-22970"
-157,34,0.82,"Trachurus symmetricus","Fis-22970"
-156.5,34,0.79,"Trachurus symmetricus","Fis-22970"
-156,34,0.76,"Trachurus symmetricus","Fis-22970"
-155.5,34,0.73,"Trachurus symmetricus","Fis-22970"
-155,34,0.68,"Trachurus symmetricus","Fis-22970"
-154.5,34,0.64,"Trachurus symmetricus","Fis-22970"
-154,34,0.6,"Trachurus symmetricus","Fis-22970"
-153.5,34,0.58,"Trachurus symmetricus","Fis-22970"
-153,34,0.58,"Trachurus symmetricus","Fis-22970"
-152.5,34,0.57,"Trachurus symmetricus","Fis-22970"
-152,34,0.55,"Trachurus symmetricus","Fis-22970"
-151.5,34,0.53,"Trachurus symmetricus","Fis-22970"
-151,34,0.54,"Trachurus symmetricus","Fis-22970"
-150.5,34,0.57,"Trachurus symmetricus","Fis-22970"
-150,34,0.58,"Trachurus symmetricus","Fis-22970"
-149.5,34,0.59,"Trachurus symmetricus","Fis-22970"
-149,34,0.57,"Trachurus symmetricus","Fis-22970"
-148.5,34,0.53,"Trachurus symmetricus","Fis-22970"
-148,34,0.47,"Trachurus symmetricus","Fis-22970"
-147.5,34,0.43,"Trachurus symmetricus","Fis-22970"
-147,34,0.46,"Trachurus symmetricus","Fis-22970"
-146.5,34,0.45,"Trachurus symmetricus","Fis-22970"
-146,34,0.42,"Trachurus symmetricus","Fis-22970"
-145.5,34,0.43,"Trachurus symmetricus","Fis-22970"
-145,34,0.42,"Trachurus symmetricus","Fis-22970"
-144.5,34,0.42,"Trachurus symmetricus","Fis-22970"
-144,34,0.42,"Trachurus symmetricus","Fis-22970"
-143.5,34,0.4,"Trachurus symmetricus","Fis-22970"
-143,34,0.38,"Trachurus symmetricus","Fis-22970"
-142.5,34,0.37,"Trachurus symmetricus","Fis-22970"
-142,34,0.34,"Trachurus symmetricus","Fis-22970"
-141.5,34,0.32,"Trachurus symmetricus","Fis-22970"
-141,34,0.31,"Trachurus symmetricus","Fis-22970"
-140.5,34,0.29,"Trachurus symmetricus","Fis-22970"
-140,34,0.27,"Trachurus symmetricus","Fis-22970"
-139.5,34,0.26,"Trachurus symmetricus","Fis-22970"
-139,34,0.25,"Trachurus symmetricus","Fis-22970"
-138.5,34,0.25,"Trachurus symmetricus","Fis-22970"
-138,34,0.23,"Trachurus symmetricus","Fis-22970"
-137.5,34,0.2,"Trachurus symmetricus","Fis-22970"
-137,34,0.2,"Trachurus symmetricus","Fis-22970"
-136.5,34,0.18,"Trachurus symmetricus","Fis-22970"
-136,34,0.17,"Trachurus symmetricus","Fis-22970"
-135.5,34,0.14,"Trachurus symmetricus","Fis-22970"
-135,34,0.11,"Trachurus symmetricus","Fis-22970"
-134.5,34,0.1,"Trachurus symmetricus","Fis-22970"
-134,34,0.12,"Trachurus symmetricus","Fis-22970"
-133.5,34,0.13,"Trachurus symmetricus","Fis-22970"
-133,34,0.12,"Trachurus symmetricus","Fis-22970"
-132.5,34,0.12,"Trachurus symmetricus","Fis-22970"
-132,34,0.14,"Trachurus symmetricus","Fis-22970"
-131.5,34,0.2,"Trachurus symmetricus","Fis-22970"
-131,34,0.3,"Trachurus symmetricus","Fis-22970"
-130.5,34,0.36,"Trachurus symmetricus","Fis-22970"
-130,34,0.44,"Trachurus symmetricus","Fis-22970"
-129.5,34,0.53,"Trachurus symmetricus","Fis-22970"
-129,34,0.63,"Trachurus symmetricus","Fis-22970"
-128.5,34,0.73,"Trachurus symmetricus","Fis-22970"
-128,34,0.88,"Trachurus symmetricus","Fis-22970"
-127.5,34,1,"Trachurus symmetricus","Fis-22970"
-127,34,1,"Trachurus symmetricus","Fis-22970"
-126.5,34,1,"Trachurus symmetricus","Fis-22970"
-126,34,1,"Trachurus symmetricus","Fis-22970"
-125.5,34,1,"Trachurus symmetricus","Fis-22970"
-125,34,1,"Trachurus symmetricus","Fis-22970"
-124.5,34,1,"Trachurus symmetricus","Fis-22970"
-124,34,1,"Trachurus symmetricus","Fis-22970"
-123.5,34,1,"Trachurus symmetricus","Fis-22970"
-123,34,1,"Trachurus symmetricus","Fis-22970"
-122.5,34,1,"Trachurus symmetricus","Fis-22970"
-122,34,1,"Trachurus symmetricus","Fis-22970"
-121.5,34,1,"Trachurus symmetricus","Fis-22970"
-121,34,1,"Trachurus symmetricus","Fis-22970"
-120.5,34,1,"Trachurus symmetricus","Fis-22970"
-120,34,1,"Trachurus symmetricus","Fis-22970"
-119.5,34,1,"Trachurus symmetricus","Fis-22970"
-119,34,1,"Trachurus symmetricus","Fis-22970"
-118.5,34,1,"Trachurus symmetricus","Fis-22970"
-118,34,0.35,"Trachurus symmetricus","Fis-22970"
-174.5,33.5,0.65,"Trachurus symmetricus","Fis-22970"
-174,33.5,0.65,"Trachurus symmetricus","Fis-22970"
-173.5,33.5,0.65,"Trachurus symmetricus","Fis-22970"
-173,33.5,0.65,"Trachurus symmetricus","Fis-22970"
-172.5,33.5,0.65,"Trachurus symmetricus","Fis-22970"
-172,33.5,0.65,"Trachurus symmetricus","Fis-22970"
-171.5,33.5,0.65,"Trachurus symmetricus","Fis-22970"
-171,33.5,0.65,"Trachurus symmetricus","Fis-22970"
-170.5,33.5,0.66,"Trachurus symmetricus","Fis-22970"
-170,33.5,0.66,"Trachurus symmetricus","Fis-22970"
-169.5,33.5,0.66,"Trachurus symmetricus","Fis-22970"
-169,33.5,0.67,"Trachurus symmetricus","Fis-22970"
-168.5,33.5,0.69,"Trachurus symmetricus","Fis-22970"
-168,33.5,0.71,"Trachurus symmetricus","Fis-22970"
-167.5,33.5,0.71,"Trachurus symmetricus","Fis-22970"
-167,33.5,0.71,"Trachurus symmetricus","Fis-22970"
-166.5,33.5,0.71,"Trachurus symmetricus","Fis-22970"
-166,33.5,0.71,"Trachurus symmetricus","Fis-22970"
-165.5,33.5,0.69,"Trachurus symmetricus","Fis-22970"
-165,33.5,0.69,"Trachurus symmetricus","Fis-22970"
-164.5,33.5,0.68,"Trachurus symmetricus","Fis-22970"
-164,33.5,0.66,"Trachurus symmetricus","Fis-22970"
-163.5,33.5,0.67,"Trachurus symmetricus","Fis-22970"
-163,33.5,0.68,"Trachurus symmetricus","Fis-22970"
-162.5,33.5,0.68,"Trachurus symmetricus","Fis-22970"
-162,33.5,0.69,"Trachurus symmetricus","Fis-22970"
-161.5,33.5,0.69,"Trachurus symmetricus","Fis-22970"
-161,33.5,0.7,"Trachurus symmetricus","Fis-22970"
-160.5,33.5,0.7,"Trachurus symmetricus","Fis-22970"
-160,33.5,0.7,"Trachurus symmetricus","Fis-22970"
-159.5,33.5,0.66,"Trachurus symmetricus","Fis-22970"
-159,33.5,0.62,"Trachurus symmetricus","Fis-22970"
-158.5,33.5,0.61,"Trachurus symmetricus","Fis-22970"
-158,33.5,0.59,"Trachurus symmetricus","Fis-22970"
-157.5,33.5,0.58,"Trachurus symmetricus","Fis-22970"
-157,33.5,0.59,"Trachurus symmetricus","Fis-22970"
-156.5,33.5,0.58,"Trachurus symmetricus","Fis-22970"
-156,33.5,0.57,"Trachurus symmetricus","Fis-22970"
-155.5,33.5,0.56,"Trachurus symmetricus","Fis-22970"
-155,33.5,0.53,"Trachurus symmetricus","Fis-22970"
-154.5,33.5,0.49,"Trachurus symmetricus","Fis-22970"
-154,33.5,0.45,"Trachurus symmetricus","Fis-22970"
-153.5,33.5,0.41,"Trachurus symmetricus","Fis-22970"
-153,33.5,0.39,"Trachurus symmetricus","Fis-22970"
-152.5,33.5,0.37,"Trachurus symmetricus","Fis-22970"
-152,33.5,0.36,"Trachurus symmetricus","Fis-22970"
-151.5,33.5,0.35,"Trachurus symmetricus","Fis-22970"
-151,33.5,0.33,"Trachurus symmetricus","Fis-22970"
-150.5,33.5,0.32,"Trachurus symmetricus","Fis-22970"
-150,33.5,0.37,"Trachurus symmetricus","Fis-22970"
-149.5,33.5,0.41,"Trachurus symmetricus","Fis-22970"
-149,33.5,0.43,"Trachurus symmetricus","Fis-22970"
-148.5,33.5,0.41,"Trachurus symmetricus","Fis-22970"
-148,33.5,0.38,"Trachurus symmetricus","Fis-22970"
-147.5,33.5,0.32,"Trachurus symmetricus","Fis-22970"
-147,33.5,0.31,"Trachurus symmetricus","Fis-22970"
-146.5,33.5,0.35,"Trachurus symmetricus","Fis-22970"
-146,33.5,0.32,"Trachurus symmetricus","Fis-22970"
-145.5,33.5,0.32,"Trachurus symmetricus","Fis-22970"
-145,33.5,0.32,"Trachurus symmetricus","Fis-22970"
-144.5,33.5,0.3,"Trachurus symmetricus","Fis-22970"
-144,33.5,0.27,"Trachurus symmetricus","Fis-22970"
-143.5,33.5,0.27,"Trachurus symmetricus","Fis-22970"
-143,33.5,0.24,"Trachurus symmetricus","Fis-22970"
-142.5,33.5,0.24,"Trachurus symmetricus","Fis-22970"
-142,33.5,0.24,"Trachurus symmetricus","Fis-22970"
-141.5,33.5,0.24,"Trachurus symmetricus","Fis-22970"
-141,33.5,0.22,"Trachurus symmetricus","Fis-22970"
-140.5,33.5,0.21,"Trachurus symmetricus","Fis-22970"
-140,33.5,0.19,"Trachurus symmetricus","Fis-22970"
-139.5,33.5,0.19,"Trachurus symmetricus","Fis-22970"
-139,33.5,0.18,"Trachurus symmetricus","Fis-22970"
-138.5,33.5,0.16,"Trachurus symmetricus","Fis-22970"
-138,33.5,0.13,"Trachurus symmetricus","Fis-22970"
-137.5,33.5,0.12,"Trachurus symmetricus","Fis-22970"
-137,33.5,0.12,"Trachurus symmetricus","Fis-22970"
-136.5,33.5,0.13,"Trachurus symmetricus","Fis-22970"
-136,33.5,0.12,"Trachurus symmetricus","Fis-22970"
-135.5,33.5,0.1,"Trachurus symmetricus","Fis-22970"
-135,33.5,0.08,"Trachurus symmetricus","Fis-22970"
-134.5,33.5,0.06,"Trachurus symmetricus","Fis-22970"
-134,33.5,0.07,"Trachurus symmetricus","Fis-22970"
-133.5,33.5,0.07,"Trachurus symmetricus","Fis-22970"
-133,33.5,0.07,"Trachurus symmetricus","Fis-22970"
-132.5,33.5,0.09,"Trachurus symmetricus","Fis-22970"
-132,33.5,0.11,"Trachurus symmetricus","Fis-22970"
-131.5,33.5,0.14,"Trachurus symmetricus","Fis-22970"
-131,33.5,0.21,"Trachurus symmetricus","Fis-22970"
-130.5,33.5,0.27,"Trachurus symmetricus","Fis-22970"
-130,33.5,0.36,"Trachurus symmetricus","Fis-22970"
-129.5,33.5,0.43,"Trachurus symmetricus","Fis-22970"
-129,33.5,0.53,"Trachurus symmetricus","Fis-22970"
-128.5,33.5,0.63,"Trachurus symmetricus","Fis-22970"
-128,33.5,0.75,"Trachurus symmetricus","Fis-22970"
-127.5,33.5,0.85,"Trachurus symmetricus","Fis-22970"
-127,33.5,0.9,"Trachurus symmetricus","Fis-22970"
-126.5,33.5,1,"Trachurus symmetricus","Fis-22970"
-126,33.5,1,"Trachurus symmetricus","Fis-22970"
-125.5,33.5,1,"Trachurus symmetricus","Fis-22970"
-125,33.5,1,"Trachurus symmetricus","Fis-22970"
-124.5,33.5,1,"Trachurus symmetricus","Fis-22970"
-124,33.5,1,"Trachurus symmetricus","Fis-22970"
-123.5,33.5,1,"Trachurus symmetricus","Fis-22970"
-123,33.5,1,"Trachurus symmetricus","Fis-22970"
-122.5,33.5,1,"Trachurus symmetricus","Fis-22970"
-122,33.5,1,"Trachurus symmetricus","Fis-22970"
-121.5,33.5,1,"Trachurus symmetricus","Fis-22970"
-121,33.5,1,"Trachurus symmetricus","Fis-22970"
-120.5,33.5,1,"Trachurus symmetricus","Fis-22970"
-120,33.5,1,"Trachurus symmetricus","Fis-22970"
-119.5,33.5,1,"Trachurus symmetricus","Fis-22970"
-119,33.5,1,"Trachurus symmetricus","Fis-22970"
-118.5,33.5,1,"Trachurus symmetricus","Fis-22970"
-118,33.5,1,"Trachurus symmetricus","Fis-22970"
-117.5,33.5,1,"Trachurus symmetricus","Fis-22970"
-174.5,33,0.6,"Trachurus symmetricus","Fis-22970"
-174,33,0.58,"Trachurus symmetricus","Fis-22970"
-173.5,33,0.57,"Trachurus symmetricus","Fis-22970"
-173,33,0.57,"Trachurus symmetricus","Fis-22970"
-172.5,33,0.57,"Trachurus symmetricus","Fis-22970"
-172,33,0.58,"Trachurus symmetricus","Fis-22970"
-171.5,33,0.59,"Trachurus symmetricus","Fis-22970"
-171,33,0.6,"Trachurus symmetricus","Fis-22970"
-170.5,33,0.61,"Trachurus symmetricus","Fis-22970"
-170,33,0.6,"Trachurus symmetricus","Fis-22970"
-169.5,33,0.6,"Trachurus symmetricus","Fis-22970"
-169,33,0.61,"Trachurus symmetricus","Fis-22970"
-168.5,33,0.63,"Trachurus symmetricus","Fis-22970"
-168,33,0.65,"Trachurus symmetricus","Fis-22970"
-167.5,33,0.65,"Trachurus symmetricus","Fis-22970"
-167,33,0.64,"Trachurus symmetricus","Fis-22970"
-166.5,33,0.64,"Trachurus symmetricus","Fis-22970"
-166,33,0.63,"Trachurus symmetricus","Fis-22970"
-165.5,33,0.63,"Trachurus symmetricus","Fis-22970"
-165,33,0.63,"Trachurus symmetricus","Fis-22970"
-164.5,33,0.62,"Trachurus symmetricus","Fis-22970"
-164,33,0.6,"Trachurus symmetricus","Fis-22970"
-163.5,33,0.6,"Trachurus symmetricus","Fis-22970"
-163,33,0.59,"Trachurus symmetricus","Fis-22970"
-162.5,33,0.59,"Trachurus symmetricus","Fis-22970"
-162,33,0.6,"Trachurus symmetricus","Fis-22970"
-161.5,33,0.57,"Trachurus symmetricus","Fis-22970"
-161,33,0.54,"Trachurus symmetricus","Fis-22970"
-160.5,33,0.52,"Trachurus symmetricus","Fis-22970"
-160,33,0.5,"Trachurus symmetricus","Fis-22970"
-159.5,33,0.47,"Trachurus symmetricus","Fis-22970"
-159,33,0.43,"Trachurus symmetricus","Fis-22970"
-158.5,33,0.41,"Trachurus symmetricus","Fis-22970"
-158,33,0.38,"Trachurus symmetricus","Fis-22970"
-157.5,33,0.36,"Trachurus symmetricus","Fis-22970"
-157,33,0.36,"Trachurus symmetricus","Fis-22970"
-156.5,33,0.33,"Trachurus symmetricus","Fis-22970"
-156,33,0.29,"Trachurus symmetricus","Fis-22970"
-155.5,33,0.29,"Trachurus symmetricus","Fis-22970"
-155,33,0.29,"Trachurus symmetricus","Fis-22970"
-154.5,33,0.28,"Trachurus symmetricus","Fis-22970"
-154,33,0.28,"Trachurus symmetricus","Fis-22970"
-153.5,33,0.27,"Trachurus symmetricus","Fis-22970"
-153,33,0.25,"Trachurus symmetricus","Fis-22970"
-152.5,33,0.24,"Trachurus symmetricus","Fis-22970"
-152,33,0.22,"Trachurus symmetricus","Fis-22970"
-151.5,33,0.22,"Trachurus symmetricus","Fis-22970"
-151,33,0.21,"Trachurus symmetricus","Fis-22970"
-150.5,33,0.21,"Trachurus symmetricus","Fis-22970"
-150,33,0.22,"Trachurus symmetricus","Fis-22970"
-149.5,33,0.21,"Trachurus symmetricus","Fis-22970"
-149,33,0.22,"Trachurus symmetricus","Fis-22970"
-148.5,33,0.23,"Trachurus symmetricus","Fis-22970"
-148,33,0.22,"Trachurus symmetricus","Fis-22970"
-147.5,33,0.22,"Trachurus symmetricus","Fis-22970"
-147,33,0.21,"Trachurus symmetricus","Fis-22970"
-146.5,33,0.22,"Trachurus symmetricus","Fis-22970"
-146,33,0.23,"Trachurus symmetricus","Fis-22970"
-145.5,33,0.22,"Trachurus symmetricus","Fis-22970"
-145,33,0.22,"Trachurus symmetricus","Fis-22970"
-144.5,33,0.21,"Trachurus symmetricus","Fis-22970"
-144,33,0.19,"Trachurus symmetricus","Fis-22970"
-143.5,33,0.17,"Trachurus symmetricus","Fis-22970"
-143,33,0.14,"Trachurus symmetricus","Fis-22970"
-142.5,33,0.13,"Trachurus symmetricus","Fis-22970"
-142,33,0.14,"Trachurus symmetricus","Fis-22970"
-141.5,33,0.14,"Trachurus symmetricus","Fis-22970"
-141,33,0.14,"Trachurus symmetricus","Fis-22970"
-140.5,33,0.14,"Trachurus symmetricus","Fis-22970"
-140,33,0.14,"Trachurus symmetricus","Fis-22970"
-139.5,33,0.13,"Trachurus symmetricus","Fis-22970"
-139,33,0.12,"Trachurus symmetricus","Fis-22970"
-138.5,33,0.11,"Trachurus symmetricus","Fis-22970"
-138,33,0.09,"Trachurus symmetricus","Fis-22970"
-137.5,33,0.08,"Trachurus symmetricus","Fis-22970"
-137,33,0.06,"Trachurus symmetricus","Fis-22970"
-136.5,33,0.07,"Trachurus symmetricus","Fis-22970"
-136,33,0.06,"Trachurus symmetricus","Fis-22970"
-135.5,33,0.05,"Trachurus symmetricus","Fis-22970"
-135,33,0.04,"Trachurus symmetricus","Fis-22970"
-134.5,33,0.04,"Trachurus symmetricus","Fis-22970"
-134,33,0.04,"Trachurus symmetricus","Fis-22970"
-133.5,33,0.03,"Trachurus symmetricus","Fis-22970"
-133,33,0.03,"Trachurus symmetricus","Fis-22970"
-132.5,33,0.04,"Trachurus symmetricus","Fis-22970"
-132,33,0.05,"Trachurus symmetricus","Fis-22970"
-131.5,33,0.07,"Trachurus symmetricus","Fis-22970"
-131,33,0.12,"Trachurus symmetricus","Fis-22970"
-130.5,33,0.19,"Trachurus symmetricus","Fis-22970"
-130,33,0.23,"Trachurus symmetricus","Fis-22970"
-129.5,33,0.35,"Trachurus symmetricus","Fis-22970"
-129,33,0.46,"Trachurus symmetricus","Fis-22970"
-128.5,33,0.53,"Trachurus symmetricus","Fis-22970"
-128,33,0.63,"Trachurus symmetricus","Fis-22970"
-127.5,33,0.71,"Trachurus symmetricus","Fis-22970"
-127,33,0.76,"Trachurus symmetricus","Fis-22970"
-126.5,33,0.82,"Trachurus symmetricus","Fis-22970"
-126,33,0.96,"Trachurus symmetricus","Fis-22970"
-125.5,33,1,"Trachurus symmetricus","Fis-22970"
-125,33,1,"Trachurus symmetricus","Fis-22970"
-124.5,33,1,"Trachurus symmetricus","Fis-22970"
-124,33,1,"Trachurus symmetricus","Fis-22970"
-123.5,33,1,"Trachurus symmetricus","Fis-22970"
-123,33,1,"Trachurus symmetricus","Fis-22970"
-122.5,33,1,"Trachurus symmetricus","Fis-22970"
-122,33,1,"Trachurus symmetricus","Fis-22970"
-121.5,33,1,"Trachurus symmetricus","Fis-22970"
-121,33,1,"Trachurus symmetricus","Fis-22970"
-120.5,33,1,"Trachurus symmetricus","Fis-22970"
-120,33,1,"Trachurus symmetricus","Fis-22970"
-119.5,33,1,"Trachurus symmetricus","Fis-22970"
-119,33,1,"Trachurus symmetricus","Fis-22970"
-118.5,33,1,"Trachurus symmetricus","Fis-22970"
-118,33,1,"Trachurus symmetricus","Fis-22970"
-117.5,33,1,"Trachurus symmetricus","Fis-22970"
-117,33,1,"Trachurus symmetricus","Fis-22970"
-174.5,32.5,0.54,"Trachurus symmetricus","Fis-22970"
-174,32.5,0.52,"Trachurus symmetricus","Fis-22970"
-173.5,32.5,0.51,"Trachurus symmetricus","Fis-22970"
-173,32.5,0.5,"Trachurus symmetricus","Fis-22970"
-172.5,32.5,0.51,"Trachurus symmetricus","Fis-22970"
-172,32.5,0.53,"Trachurus symmetricus","Fis-22970"
-171.5,32.5,0.54,"Trachurus symmetricus","Fis-22970"
-171,32.5,0.56,"Trachurus symmetricus","Fis-22970"
-170.5,32.5,0.56,"Trachurus symmetricus","Fis-22970"
-170,32.5,0.54,"Trachurus symmetricus","Fis-22970"
-169.5,32.5,0.53,"Trachurus symmetricus","Fis-22970"
-169,32.5,0.55,"Trachurus symmetricus","Fis-22970"
-168.5,32.5,0.57,"Trachurus symmetricus","Fis-22970"
-168,32.5,0.59,"Trachurus symmetricus","Fis-22970"
-167.5,32.5,0.59,"Trachurus symmetricus","Fis-22970"
-167,32.5,0.58,"Trachurus symmetricus","Fis-22970"
-166.5,32.5,0.57,"Trachurus symmetricus","Fis-22970"
-166,32.5,0.57,"Trachurus symmetricus","Fis-22970"
-165.5,32.5,0.56,"Trachurus symmetricus","Fis-22970"
-165,32.5,0.56,"Trachurus symmetricus","Fis-22970"
-164.5,32.5,0.55,"Trachurus symmetricus","Fis-22970"
-164,32.5,0.54,"Trachurus symmetricus","Fis-22970"
-163.5,32.5,0.53,"Trachurus symmetricus","Fis-22970"
-163,32.5,0.52,"Trachurus symmetricus","Fis-22970"
-162.5,32.5,0.48,"Trachurus symmetricus","Fis-22970"
-162,32.5,0.45,"Trachurus symmetricus","Fis-22970"
-161.5,32.5,0.42,"Trachurus symmetricus","Fis-22970"
-161,32.5,0.4,"Trachurus symmetricus","Fis-22970"
-160.5,32.5,0.4,"Trachurus symmetricus","Fis-22970"
-160,32.5,0.37,"Trachurus symmetricus","Fis-22970"
-159.5,32.5,0.34,"Trachurus symmetricus","Fis-22970"
-159,32.5,0.32,"Trachurus symmetricus","Fis-22970"
-158.5,32.5,0.3,"Trachurus symmetricus","Fis-22970"
-158,32.5,0.28,"Trachurus symmetricus","Fis-22970"
-157.5,32.5,0.26,"Trachurus symmetricus","Fis-22970"
-157,32.5,0.25,"Trachurus symmetricus","Fis-22970"
-156.5,32.5,0.23,"Trachurus symmetricus","Fis-22970"
-156,32.5,0.2,"Trachurus symmetricus","Fis-22970"
-155.5,32.5,0.18,"Trachurus symmetricus","Fis-22970"
-155,32.5,0.17,"Trachurus symmetricus","Fis-22970"
-154.5,32.5,0.16,"Trachurus symmetricus","Fis-22970"
-154,32.5,0.15,"Trachurus symmetricus","Fis-22970"
-153.5,32.5,0.15,"Trachurus symmetricus","Fis-22970"
-153,32.5,0.15,"Trachurus symmetricus","Fis-22970"
-152.5,32.5,0.15,"Trachurus symmetricus","Fis-22970"
-152,32.5,0.14,"Trachurus symmetricus","Fis-22970"
-151.5,32.5,0.13,"Trachurus symmetricus","Fis-22970"
-151,32.5,0.13,"Trachurus symmetricus","Fis-22970"
-150.5,32.5,0.13,"Trachurus symmetricus","Fis-22970"
-150,32.5,0.12,"Trachurus symmetricus","Fis-22970"
-149.5,32.5,0.12,"Trachurus symmetricus","Fis-22970"
-149,32.5,0.13,"Trachurus symmetricus","Fis-22970"
-148.5,32.5,0.13,"Trachurus symmetricus","Fis-22970"
-148,32.5,0.12,"Trachurus symmetricus","Fis-22970"
-147.5,32.5,0.12,"Trachurus symmetricus","Fis-22970"
-147,32.5,0.13,"Trachurus symmetricus","Fis-22970"
-146.5,32.5,0.14,"Trachurus symmetricus","Fis-22970"
-146,32.5,0.16,"Trachurus symmetricus","Fis-22970"
-145.5,32.5,0.16,"Trachurus symmetricus","Fis-22970"
-145,32.5,0.15,"Trachurus symmetricus","Fis-22970"
-144.5,32.5,0.13,"Trachurus symmetricus","Fis-22970"
-144,32.5,0.12,"Trachurus symmetricus","Fis-22970"
-143.5,32.5,0.11,"Trachurus symmetricus","Fis-22970"
-143,32.5,0.09,"Trachurus symmetricus","Fis-22970"
-142.5,32.5,0.07,"Trachurus symmetricus","Fis-22970"
-142,32.5,0.06,"Trachurus symmetricus","Fis-22970"
-141.5,32.5,0.06,"Trachurus symmetricus","Fis-22970"
-141,32.5,0.07,"Trachurus symmetricus","Fis-22970"
-140.5,32.5,0.08,"Trachurus symmetricus","Fis-22970"
-140,32.5,0.08,"Trachurus symmetricus","Fis-22970"
-139.5,32.5,0.09,"Trachurus symmetricus","Fis-22970"
-139,32.5,0.09,"Trachurus symmetricus","Fis-22970"
-138.5,32.5,0.08,"Trachurus symmetricus","Fis-22970"
-138,32.5,0.07,"Trachurus symmetricus","Fis-22970"
-137.5,32.5,0.06,"Trachurus symmetricus","Fis-22970"
-137,32.5,0.05,"Trachurus symmetricus","Fis-22970"
-136.5,32.5,0.04,"Trachurus symmetricus","Fis-22970"
-136,32.5,0.03,"Trachurus symmetricus","Fis-22970"
-135.5,32.5,0.03,"Trachurus symmetricus","Fis-22970"
-135,32.5,0.03,"Trachurus symmetricus","Fis-22970"
-134.5,32.5,0.03,"Trachurus symmetricus","Fis-22970"
-134,32.5,0.03,"Trachurus symmetricus","Fis-22970"
-133.5,32.5,0.03,"Trachurus symmetricus","Fis-22970"
-133,32.5,0.03,"Trachurus symmetricus","Fis-22970"
-132.5,32.5,0.02,"Trachurus symmetricus","Fis-22970"
-132,32.5,0.03,"Trachurus symmetricus","Fis-22970"
-131.5,32.5,0.04,"Trachurus symmetricus","Fis-22970"
-131,32.5,0.06,"Trachurus symmetricus","Fis-22970"
-130.5,32.5,0.12,"Trachurus symmetricus","Fis-22970"
-130,32.5,0.18,"Trachurus symmetricus","Fis-22970"
-129.5,32.5,0.23,"Trachurus symmetricus","Fis-22970"
-129,32.5,0.29,"Trachurus symmetricus","Fis-22970"
-128.5,32.5,0.45,"Trachurus symmetricus","Fis-22970"
-128,32.5,0.59,"Trachurus symmetricus","Fis-22970"
-127.5,32.5,0.66,"Trachurus symmetricus","Fis-22970"
-127,32.5,0.7,"Trachurus symmetricus","Fis-22970"
-126.5,32.5,0.72,"Trachurus symmetricus","Fis-22970"
-126,32.5,0.8,"Trachurus symmetricus","Fis-22970"
-125.5,32.5,0.94,"Trachurus symmetricus","Fis-22970"
-125,32.5,1,"Trachurus symmetricus","Fis-22970"
-124.5,32.5,1,"Trachurus symmetricus","Fis-22970"
-124,32.5,1,"Trachurus symmetricus","Fis-22970"
-123.5,32.5,1,"Trachurus symmetricus","Fis-22970"
-123,32.5,1,"Trachurus symmetricus","Fis-22970"
-122.5,32.5,1,"Trachurus symmetricus","Fis-22970"
-122,32.5,1,"Trachurus symmetricus","Fis-22970"
-121.5,32.5,1,"Trachurus symmetricus","Fis-22970"
-121,32.5,1,"Trachurus symmetricus","Fis-22970"
-120.5,32.5,1,"Trachurus symmetricus","Fis-22970"
-120,32.5,1,"Trachurus symmetricus","Fis-22970"
-119.5,32.5,1,"Trachurus symmetricus","Fis-22970"
-119,32.5,1,"Trachurus symmetricus","Fis-22970"
-118.5,32.5,1,"Trachurus symmetricus","Fis-22970"
-118,32.5,1,"Trachurus symmetricus","Fis-22970"
-117.5,32.5,1,"Trachurus symmetricus","Fis-22970"
-117,32.5,1,"Trachurus symmetricus","Fis-22970"
-174.5,32,0.47,"Trachurus symmetricus","Fis-22970"
-174,32,0.45,"Trachurus symmetricus","Fis-22970"
-173.5,32,0.45,"Trachurus symmetricus","Fis-22970"
-173,32,0.45,"Trachurus symmetricus","Fis-22970"
-172.5,32,0.46,"Trachurus symmetricus","Fis-22970"
-172,32,0.47,"Trachurus symmetricus","Fis-22970"
-171.5,32,0.48,"Trachurus symmetricus","Fis-22970"
-171,32,0.49,"Trachurus symmetricus","Fis-22970"
-170.5,32,0.48,"Trachurus symmetricus","Fis-22970"
-170,32,0.46,"Trachurus symmetricus","Fis-22970"
-169.5,32,0.44,"Trachurus symmetricus","Fis-22970"
-169,32,0.44,"Trachurus symmetricus","Fis-22970"
-168.5,32,0.44,"Trachurus symmetricus","Fis-22970"
-168,32,0.44,"Trachurus symmetricus","Fis-22970"
-167.5,32,0.44,"Trachurus symmetricus","Fis-22970"
-167,32,0.43,"Trachurus symmetricus","Fis-22970"
-166.5,32,0.4,"Trachurus symmetricus","Fis-22970"
-166,32,0.39,"Trachurus symmetricus","Fis-22970"
-165.5,32,0.39,"Trachurus symmetricus","Fis-22970"
-165,32,0.39,"Trachurus symmetricus","Fis-22970"
-164.5,32,0.38,"Trachurus symmetricus","Fis-22970"
-164,32,0.37,"Trachurus symmetricus","Fis-22970"
-163.5,32,0.37,"Trachurus symmetricus","Fis-22970"
-163,32,0.38,"Trachurus symmetricus","Fis-22970"
-162.5,32,0.37,"Trachurus symmetricus","Fis-22970"
-162,32,0.34,"Trachurus symmetricus","Fis-22970"
-161.5,32,0.31,"Trachurus symmetricus","Fis-22970"
-161,32,0.29,"Trachurus symmetricus","Fis-22970"
-160.5,32,0.27,"Trachurus symmetricus","Fis-22970"
-160,32,0.25,"Trachurus symmetricus","Fis-22970"
-159.5,32,0.24,"Trachurus symmetricus","Fis-22970"
-159,32,0.22,"Trachurus symmetricus","Fis-22970"
-158.5,32,0.2,"Trachurus symmetricus","Fis-22970"
-158,32,0.19,"Trachurus symmetricus","Fis-22970"
-157.5,32,0.19,"Trachurus symmetricus","Fis-22970"
-157,32,0.18,"Trachurus symmetricus","Fis-22970"
-156.5,32,0.16,"Trachurus symmetricus","Fis-22970"
-156,32,0.14,"Trachurus symmetricus","Fis-22970"
-155.5,32,0.12,"Trachurus symmetricus","Fis-22970"
-155,32,0.12,"Trachurus symmetricus","Fis-22970"
-154.5,32,0.11,"Trachurus symmetricus","Fis-22970"
-154,32,0.1,"Trachurus symmetricus","Fis-22970"
-153.5,32,0.09,"Trachurus symmetricus","Fis-22970"
-153,32,0.1,"Trachurus symmetricus","Fis-22970"
-152.5,32,0.09,"Trachurus symmetricus","Fis-22970"
-152,32,0.09,"Trachurus symmetricus","Fis-22970"
-151.5,32,0.08,"Trachurus symmetricus","Fis-22970"
-151,32,0.07,"Trachurus symmetricus","Fis-22970"
-150.5,32,0.06,"Trachurus symmetricus","Fis-22970"
-150,32,0.06,"Trachurus symmetricus","Fis-22970"
-149.5,32,0.06,"Trachurus symmetricus","Fis-22970"
-149,32,0.06,"Trachurus symmetricus","Fis-22970"
-148.5,32,0.06,"Trachurus symmetricus","Fis-22970"
-148,32,0.05,"Trachurus symmetricus","Fis-22970"
-147.5,32,0.05,"Trachurus symmetricus","Fis-22970"
-147,32,0.05,"Trachurus symmetricus","Fis-22970"
-146.5,32,0.06,"Trachurus symmetricus","Fis-22970"
-146,32,0.07,"Trachurus symmetricus","Fis-22970"
-145.5,32,0.06,"Trachurus symmetricus","Fis-22970"
-145,32,0.06,"Trachurus symmetricus","Fis-22970"
-144.5,32,0.06,"Trachurus symmetricus","Fis-22970"
-144,32,0.07,"Trachurus symmetricus","Fis-22970"
-143.5,32,0.06,"Trachurus symmetricus","Fis-22970"
-143,32,0.04,"Trachurus symmetricus","Fis-22970"
-142.5,32,0.03,"Trachurus symmetricus","Fis-22970"
-142,32,0.04,"Trachurus symmetricus","Fis-22970"
-141.5,32,0.04,"Trachurus symmetricus","Fis-22970"
-141,32,0.04,"Trachurus symmetricus","Fis-22970"
-140.5,32,0.04,"Trachurus symmetricus","Fis-22970"
-140,32,0.05,"Trachurus symmetricus","Fis-22970"
-139.5,32,0.05,"Trachurus symmetricus","Fis-22970"
-139,32,0.05,"Trachurus symmetricus","Fis-22970"
-138.5,32,0.05,"Trachurus symmetricus","Fis-22970"
-138,32,0.04,"Trachurus symmetricus","Fis-22970"
-137.5,32,0.04,"Trachurus symmetricus","Fis-22970"
-137,32,0.04,"Trachurus symmetricus","Fis-22970"
-136.5,32,0.03,"Trachurus symmetricus","Fis-22970"
-136,32,0.03,"Trachurus symmetricus","Fis-22970"
-135.5,32,0.03,"Trachurus symmetricus","Fis-22970"
-135,32,0.02,"Trachurus symmetricus","Fis-22970"
-134.5,32,0.02,"Trachurus symmetricus","Fis-22970"
-134,32,0.02,"Trachurus symmetricus","Fis-22970"
-133.5,32,0.02,"Trachurus symmetricus","Fis-22970"
-133,32,0.02,"Trachurus symmetricus","Fis-22970"
-132.5,32,0.01,"Trachurus symmetricus","Fis-22970"
-132,32,0.02,"Trachurus symmetricus","Fis-22970"
-131.5,32,0.02,"Trachurus symmetricus","Fis-22970"
-131,32,0.05,"Trachurus symmetricus","Fis-22970"
-130.5,32,0.07,"Trachurus symmetricus","Fis-22970"
-130,32,0.14,"Trachurus symmetricus","Fis-22970"
-129.5,32,0.19,"Trachurus symmetricus","Fis-22970"
-129,32,0.23,"Trachurus symmetricus","Fis-22970"
-128.5,32,0.33,"Trachurus symmetricus","Fis-22970"
-128,32,0.48,"Trachurus symmetricus","Fis-22970"
-127.5,32,0.54,"Trachurus symmetricus","Fis-22970"
-127,32,0.61,"Trachurus symmetricus","Fis-22970"
-126.5,32,0.65,"Trachurus symmetricus","Fis-22970"
-126,32,0.76,"Trachurus symmetricus","Fis-22970"
-125.5,32,0.96,"Trachurus symmetricus","Fis-22970"
-125,32,1,"Trachurus symmetricus","Fis-22970"
-124.5,32,1,"Trachurus symmetricus","Fis-22970"
-124,32,1,"Trachurus symmetricus","Fis-22970"
-123.5,32,1,"Trachurus symmetricus","Fis-22970"
-123,32,1,"Trachurus symmetricus","Fis-22970"
-122.5,32,1,"Trachurus symmetricus","Fis-22970"
-122,32,1,"Trachurus symmetricus","Fis-22970"
-121.5,32,1,"Trachurus symmetricus","Fis-22970"
-121,32,1,"Trachurus symmetricus","Fis-22970"
-120.5,32,1,"Trachurus symmetricus","Fis-22970"
-120,32,1,"Trachurus symmetricus","Fis-22970"
-119.5,32,1,"Trachurus symmetricus","Fis-22970"
-119,32,1,"Trachurus symmetricus","Fis-22970"
-118.5,32,1,"Trachurus symmetricus","Fis-22970"
-118,32,1,"Trachurus symmetricus","Fis-22970"
-117.5,32,1,"Trachurus symmetricus","Fis-22970"
-117,32,1,"Trachurus symmetricus","Fis-22970"
-116.5,32,1,"Trachurus symmetricus","Fis-22970"
-174.5,31.5,0.4,"Trachurus symmetricus","Fis-22970"
-174,31.5,0.4,"Trachurus symmetricus","Fis-22970"
-173.5,31.5,0.4,"Trachurus symmetricus","Fis-22970"
-173,31.5,0.4,"Trachurus symmetricus","Fis-22970"
-172.5,31.5,0.38,"Trachurus symmetricus","Fis-22970"
-172,31.5,0.37,"Trachurus symmetricus","Fis-22970"
-171.5,31.5,0.36,"Trachurus symmetricus","Fis-22970"
-171,31.5,0.36,"Trachurus symmetricus","Fis-22970"
-170.5,31.5,0.35,"Trachurus symmetricus","Fis-22970"
-170,31.5,0.33,"Trachurus symmetricus","Fis-22970"
-169.5,31.5,0.29,"Trachurus symmetricus","Fis-22970"
-169,31.5,0.29,"Trachurus symmetricus","Fis-22970"
-168.5,31.5,0.29,"Trachurus symmetricus","Fis-22970"
-168,31.5,0.29,"Trachurus symmetricus","Fis-22970"
-167.5,31.5,0.28,"Trachurus symmetricus","Fis-22970"
-167,31.5,0.26,"Trachurus symmetricus","Fis-22970"
-166.5,31.5,0.24,"Trachurus symmetricus","Fis-22970"
-166,31.5,0.23,"Trachurus symmetricus","Fis-22970"
-165.5,31.5,0.24,"Trachurus symmetricus","Fis-22970"
-165,31.5,0.25,"Trachurus symmetricus","Fis-22970"
-164.5,31.5,0.23,"Trachurus symmetricus","Fis-22970"
-164,31.5,0.22,"Trachurus symmetricus","Fis-22970"
-163.5,31.5,0.22,"Trachurus symmetricus","Fis-22970"
-163,31.5,0.23,"Trachurus symmetricus","Fis-22970"
-162.5,31.5,0.23,"Trachurus symmetricus","Fis-22970"
-162,31.5,0.21,"Trachurus symmetricus","Fis-22970"
-161.5,31.5,0.2,"Trachurus symmetricus","Fis-22970"
-161,31.5,0.19,"Trachurus symmetricus","Fis-22970"
-160.5,31.5,0.18,"Trachurus symmetricus","Fis-22970"
-160,31.5,0.16,"Trachurus symmetricus","Fis-22970"
-159.5,31.5,0.15,"Trachurus symmetricus","Fis-22970"
-159,31.5,0.14,"Trachurus symmetricus","Fis-22970"
-158.5,31.5,0.13,"Trachurus symmetricus","Fis-22970"
-158,31.5,0.13,"Trachurus symmetricus","Fis-22970"
-157.5,31.5,0.11,"Trachurus symmetricus","Fis-22970"
-157,31.5,0.1,"Trachurus symmetricus","Fis-22970"
-156.5,31.5,0.08,"Trachurus symmetricus","Fis-22970"
-156,31.5,0.07,"Trachurus symmetricus","Fis-22970"
-155.5,31.5,0.07,"Trachurus symmetricus","Fis-22970"
-155,31.5,0.07,"Trachurus symmetricus","Fis-22970"
-154.5,31.5,0.06,"Trachurus symmetricus","Fis-22970"
-154,31.5,0.06,"Trachurus symmetricus","Fis-22970"
-153.5,31.5,0.06,"Trachurus symmetricus","Fis-22970"
-153,31.5,0.05,"Trachurus symmetricus","Fis-22970"
-152.5,31.5,0.05,"Trachurus symmetricus","Fis-22970"
-152,31.5,0.05,"Trachurus symmetricus","Fis-22970"
-151.5,31.5,0.04,"Trachurus symmetricus","Fis-22970"
-151,31.5,0.03,"Trachurus symmetricus","Fis-22970"
-150.5,31.5,0.03,"Trachurus symmetricus","Fis-22970"
-150,31.5,0.03,"Trachurus symmetricus","Fis-22970"
-149.5,31.5,0.03,"Trachurus symmetricus","Fis-22970"
-149,31.5,0.02,"Trachurus symmetricus","Fis-22970"
-148.5,31.5,0.02,"Trachurus symmetricus","Fis-22970"
-148,31.5,0.02,"Trachurus symmetricus","Fis-22970"
-147.5,31.5,0.02,"Trachurus symmetricus","Fis-22970"
-147,31.5,0.02,"Trachurus symmetricus","Fis-22970"
-146.5,31.5,0.02,"Trachurus symmetricus","Fis-22970"
-146,31.5,0.02,"Trachurus symmetricus","Fis-22970"
-145.5,31.5,0.02,"Trachurus symmetricus","Fis-22970"
-145,31.5,0.02,"Trachurus symmetricus","Fis-22970"
-144.5,31.5,0.02,"Trachurus symmetricus","Fis-22970"
-144,31.5,0.02,"Trachurus symmetricus","Fis-22970"
-143.5,31.5,0.02,"Trachurus symmetricus","Fis-22970"
-143,31.5,0.02,"Trachurus symmetricus","Fis-22970"
-142.5,31.5,0.02,"Trachurus symmetricus","Fis-22970"
-142,31.5,0.02,"Trachurus symmetricus","Fis-22970"
-141.5,31.5,0.02,"Trachurus symmetricus","Fis-22970"
-141,31.5,0.02,"Trachurus symmetricus","Fis-22970"
-140.5,31.5,0.02,"Trachurus symmetricus","Fis-22970"
-140,31.5,0.02,"Trachurus symmetricus","Fis-22970"
-139.5,31.5,0.02,"Trachurus symmetricus","Fis-22970"
-139,31.5,0.02,"Trachurus symmetricus","Fis-22970"
-138.5,31.5,0.02,"Trachurus symmetricus","Fis-22970"
-138,31.5,0.02,"Trachurus symmetricus","Fis-22970"
-137.5,31.5,0.02,"Trachurus symmetricus","Fis-22970"
-137,31.5,0.02,"Trachurus symmetricus","Fis-22970"
-136.5,31.5,0.02,"Trachurus symmetricus","Fis-22970"
-136,31.5,0.02,"Trachurus symmetricus","Fis-22970"
-135.5,31.5,0.02,"Trachurus symmetricus","Fis-22970"
-135,31.5,0.02,"Trachurus symmetricus","Fis-22970"
-134.5,31.5,0.02,"Trachurus symmetricus","Fis-22970"
-134,31.5,0.02,"Trachurus symmetricus","Fis-22970"
-133.5,31.5,0.02,"Trachurus symmetricus","Fis-22970"
-133,31.5,0.01,"Trachurus symmetricus","Fis-22970"
-132.5,31.5,0.01,"Trachurus symmetricus","Fis-22970"
-132,31.5,0.01,"Trachurus symmetricus","Fis-22970"
-131.5,31.5,0.02,"Trachurus symmetricus","Fis-22970"
-131,31.5,0.04,"Trachurus symmetricus","Fis-22970"
-130.5,31.5,0.06,"Trachurus symmetricus","Fis-22970"
-130,31.5,0.08,"Trachurus symmetricus","Fis-22970"
-129.5,31.5,0.09,"Trachurus symmetricus","Fis-22970"
-129,31.5,0.11,"Trachurus symmetricus","Fis-22970"
-128.5,31.5,0.16,"Trachurus symmetricus","Fis-22970"
-128,31.5,0.3,"Trachurus symmetricus","Fis-22970"
-127.5,31.5,0.42,"Trachurus symmetricus","Fis-22970"
-127,31.5,0.53,"Trachurus symmetricus","Fis-22970"
-126.5,31.5,0.59,"Trachurus symmetricus","Fis-22970"
-126,31.5,0.69,"Trachurus symmetricus","Fis-22970"
-125.5,31.5,0.86,"Trachurus symmetricus","Fis-22970"
-125,31.5,1,"Trachurus symmetricus","Fis-22970"
-124.5,31.5,1,"Trachurus symmetricus","Fis-22970"
-124,31.5,1,"Trachurus symmetricus","Fis-22970"
-123.5,31.5,1,"Trachurus symmetricus","Fis-22970"
-123,31.5,1,"Trachurus symmetricus","Fis-22970"
-122.5,31.5,1,"Trachurus symmetricus","Fis-22970"
-122,31.5,1,"Trachurus symmetricus","Fis-22970"
-121.5,31.5,1,"Trachurus symmetricus","Fis-22970"
-121,31.5,1,"Trachurus symmetricus","Fis-22970"
-120.5,31.5,1,"Trachurus symmetricus","Fis-22970"
-120,31.5,1,"Trachurus symmetricus","Fis-22970"
-119.5,31.5,1,"Trachurus symmetricus","Fis-22970"
-119,31.5,1,"Trachurus symmetricus","Fis-22970"
-118.5,31.5,1,"Trachurus symmetricus","Fis-22970"
-118,31.5,1,"Trachurus symmetricus","Fis-22970"
-117.5,31.5,1,"Trachurus symmetricus","Fis-22970"
-117,31.5,1,"Trachurus symmetricus","Fis-22970"
-116.5,31.5,1,"Trachurus symmetricus","Fis-22970"
-174.5,31,0.27,"Trachurus symmetricus","Fis-22970"
-174,31,0.27,"Trachurus symmetricus","Fis-22970"
-173.5,31,0.27,"Trachurus symmetricus","Fis-22970"
-173,31,0.26,"Trachurus symmetricus","Fis-22970"
-172.5,31,0.26,"Trachurus symmetricus","Fis-22970"
-172,31,0.24,"Trachurus symmetricus","Fis-22970"
-171.5,31,0.23,"Trachurus symmetricus","Fis-22970"
-171,31,0.21,"Trachurus symmetricus","Fis-22970"
-170.5,31,0.21,"Trachurus symmetricus","Fis-22970"
-170,31,0.2,"Trachurus symmetricus","Fis-22970"
-169.5,31,0.19,"Trachurus symmetricus","Fis-22970"
-169,31,0.19,"Trachurus symmetricus","Fis-22970"
-168.5,31,0.18,"Trachurus symmetricus","Fis-22970"
-168,31,0.18,"Trachurus symmetricus","Fis-22970"
-167.5,31,0.16,"Trachurus symmetricus","Fis-22970"
-167,31,0.14,"Trachurus symmetricus","Fis-22970"
-166.5,31,0.13,"Trachurus symmetricus","Fis-22970"
-166,31,0.12,"Trachurus symmetricus","Fis-22970"
-165.5,31,0.12,"Trachurus symmetricus","Fis-22970"
-165,31,0.12,"Trachurus symmetricus","Fis-22970"
-164.5,31,0.12,"Trachurus symmetricus","Fis-22970"
-164,31,0.12,"Trachurus symmetricus","Fis-22970"
-163.5,31,0.12,"Trachurus symmetricus","Fis-22970"
-163,31,0.12,"Trachurus symmetricus","Fis-22970"
-162.5,31,0.12,"Trachurus symmetricus","Fis-22970"
-162,31,0.11,"Trachurus symmetricus","Fis-22970"
-161.5,31,0.11,"Trachurus symmetricus","Fis-22970"
-161,31,0.11,"Trachurus symmetricus","Fis-22970"
-160.5,31,0.1,"Trachurus symmetricus","Fis-22970"
-160,31,0.09,"Trachurus symmetricus","Fis-22970"
-159.5,31,0.08,"Trachurus symmetricus","Fis-22970"
-159,31,0.07,"Trachurus symmetricus","Fis-22970"
-158.5,31,0.06,"Trachurus symmetricus","Fis-22970"
-158,31,0.06,"Trachurus symmetricus","Fis-22970"
-157.5,31,0.05,"Trachurus symmetricus","Fis-22970"
-157,31,0.04,"Trachurus symmetricus","Fis-22970"
-156.5,31,0.03,"Trachurus symmetricus","Fis-22970"
-156,31,0.03,"Trachurus symmetricus","Fis-22970"
-155.5,31,0.03,"Trachurus symmetricus","Fis-22970"
-155,31,0.02,"Trachurus symmetricus","Fis-22970"
-154.5,31,0.02,"Trachurus symmetricus","Fis-22970"
-154,31,0.02,"Trachurus symmetricus","Fis-22970"
-153.5,31,0.02,"Trachurus symmetricus","Fis-22970"
-153,31,0.02,"Trachurus symmetricus","Fis-22970"
-152.5,31,0.01,"Trachurus symmetricus","Fis-22970"
-152,31,0.01,"Trachurus symmetricus","Fis-22970"
-151.5,31,0.01,"Trachurus symmetricus","Fis-22970"
-151,31,0.01,"Trachurus symmetricus","Fis-22970"
-150.5,31,0.01,"Trachurus symmetricus","Fis-22970"
-150,31,0.01,"Trachurus symmetricus","Fis-22970"
-149.5,31,0.01,"Trachurus symmetricus","Fis-22970"
-147,31,0.01,"Trachurus symmetricus","Fis-22970"
-146.5,31,0.01,"Trachurus symmetricus","Fis-22970"
-146,31,0.01,"Trachurus symmetricus","Fis-22970"
-145.5,31,0.01,"Trachurus symmetricus","Fis-22970"
-145,31,0.01,"Trachurus symmetricus","Fis-22970"
-144.5,31,0.01,"Trachurus symmetricus","Fis-22970"
-144,31,0.01,"Trachurus symmetricus","Fis-22970"
-143.5,31,0.01,"Trachurus symmetricus","Fis-22970"
-143,31,0.01,"Trachurus symmetricus","Fis-22970"
-142.5,31,0.01,"Trachurus symmetricus","Fis-22970"
-142,31,0.01,"Trachurus symmetricus","Fis-22970"
-141.5,31,0.01,"Trachurus symmetricus","Fis-22970"
-141,31,0.01,"Trachurus symmetricus","Fis-22970"
-140.5,31,0.01,"Trachurus symmetricus","Fis-22970"
-140,31,0.01,"Trachurus symmetricus","Fis-22970"
-139.5,31,0.01,"Trachurus symmetricus","Fis-22970"
-139,31,0.01,"Trachurus symmetricus","Fis-22970"
-138.5,31,0.01,"Trachurus symmetricus","Fis-22970"
-138,31,0.01,"Trachurus symmetricus","Fis-22970"
-137.5,31,0.01,"Trachurus symmetricus","Fis-22970"
-137,31,0.01,"Trachurus symmetricus","Fis-22970"
-136.5,31,0.01,"Trachurus symmetricus","Fis-22970"
-136,31,0.01,"Trachurus symmetricus","Fis-22970"
-135.5,31,0.01,"Trachurus symmetricus","Fis-22970"
-135,31,0.01,"Trachurus symmetricus","Fis-22970"
-134.5,31,0.01,"Trachurus symmetricus","Fis-22970"
-134,31,0.01,"Trachurus symmetricus","Fis-22970"
-133.5,31,0.01,"Trachurus symmetricus","Fis-22970"
-133,31,0.01,"Trachurus symmetricus","Fis-22970"
-132.5,31,0.01,"Trachurus symmetricus","Fis-22970"
-132,31,0.01,"Trachurus symmetricus","Fis-22970"
-131.5,31,0.01,"Trachurus symmetricus","Fis-22970"
-131,31,0.02,"Trachurus symmetricus","Fis-22970"
-130.5,31,0.02,"Trachurus symmetricus","Fis-22970"
-130,31,0.03,"Trachurus symmetricus","Fis-22970"
-129.5,31,0.04,"Trachurus symmetricus","Fis-22970"
-129,31,0.04,"Trachurus symmetricus","Fis-22970"
-128.5,31,0.09,"Trachurus symmetricus","Fis-22970"
-128,31,0.15,"Trachurus symmetricus","Fis-22970"
-127.5,31,0.24,"Trachurus symmetricus","Fis-22970"
-127,31,0.39,"Trachurus symmetricus","Fis-22970"
-126.5,31,0.5,"Trachurus symmetricus","Fis-22970"
-126,31,0.58,"Trachurus symmetricus","Fis-22970"
-125.5,31,0.69,"Trachurus symmetricus","Fis-22970"
-125,31,0.81,"Trachurus symmetricus","Fis-22970"
-124.5,31,0.86,"Trachurus symmetricus","Fis-22970"
-124,31,0.87,"Trachurus symmetricus","Fis-22970"
-123.5,31,0.99,"Trachurus symmetricus","Fis-22970"
-123,31,1,"Trachurus symmetricus","Fis-22970"
-122.5,31,1,"Trachurus symmetricus","Fis-22970"
-122,31,1,"Trachurus symmetricus","Fis-22970"
-121.5,31,1,"Trachurus symmetricus","Fis-22970"
-121,31,1,"Trachurus symmetricus","Fis-22970"
-120.5,31,1,"Trachurus symmetricus","Fis-22970"
-120,31,1,"Trachurus symmetricus","Fis-22970"
-119.5,31,1,"Trachurus symmetricus","Fis-22970"
-119,31,1,"Trachurus symmetricus","Fis-22970"
-118.5,31,1,"Trachurus symmetricus","Fis-22970"
-118,31,1,"Trachurus symmetricus","Fis-22970"
-117.5,31,1,"Trachurus symmetricus","Fis-22970"
-117,31,1,"Trachurus symmetricus","Fis-22970"
-116.5,31,1,"Trachurus symmetricus","Fis-22970"
-116,31,1,"Trachurus symmetricus","Fis-22970"
-174.5,30.5,0.15,"Trachurus symmetricus","Fis-22970"
-174,30.5,0.15,"Trachurus symmetricus","Fis-22970"
-173.5,30.5,0.15,"Trachurus symmetricus","Fis-22970"
-173,30.5,0.14,"Trachurus symmetricus","Fis-22970"
-172.5,30.5,0.13,"Trachurus symmetricus","Fis-22970"
-172,30.5,0.12,"Trachurus symmetricus","Fis-22970"
-171.5,30.5,0.1,"Trachurus symmetricus","Fis-22970"
-171,30.5,0.1,"Trachurus symmetricus","Fis-22970"
-170.5,30.5,0.09,"Trachurus symmetricus","Fis-22970"
-170,30.5,0.1,"Trachurus symmetricus","Fis-22970"
-169.5,30.5,0.1,"Trachurus symmetricus","Fis-22970"
-169,30.5,0.1,"Trachurus symmetricus","Fis-22970"
-168.5,30.5,0.1,"Trachurus symmetricus","Fis-22970"
-168,30.5,0.08,"Trachurus symmetricus","Fis-22970"
-167.5,30.5,0.07,"Trachurus symmetricus","Fis-22970"
-167,30.5,0.06,"Trachurus symmetricus","Fis-22970"
-166.5,30.5,0.06,"Trachurus symmetricus","Fis-22970"
-166,30.5,0.05,"Trachurus symmetricus","Fis-22970"
-165.5,30.5,0.05,"Trachurus symmetricus","Fis-22970"
-165,30.5,0.05,"Trachurus symmetricus","Fis-22970"
-164.5,30.5,0.05,"Trachurus symmetricus","Fis-22970"
-164,30.5,0.05,"Trachurus symmetricus","Fis-22970"
-163.5,30.5,0.05,"Trachurus symmetricus","Fis-22970"
-163,30.5,0.04,"Trachurus symmetricus","Fis-22970"
-162.5,30.5,0.04,"Trachurus symmetricus","Fis-22970"
-162,30.5,0.04,"Trachurus symmetricus","Fis-22970"
-161.5,30.5,0.04,"Trachurus symmetricus","Fis-22970"
-161,30.5,0.04,"Trachurus symmetricus","Fis-22970"
-160.5,30.5,0.03,"Trachurus symmetricus","Fis-22970"
-160,30.5,0.03,"Trachurus symmetricus","Fis-22970"
-159.5,30.5,0.02,"Trachurus symmetricus","Fis-22970"
-159,30.5,0.02,"Trachurus symmetricus","Fis-22970"
-158.5,30.5,0.01,"Trachurus symmetricus","Fis-22970"
-158,30.5,0.01,"Trachurus symmetricus","Fis-22970"
-142,30.5,0.01,"Trachurus symmetricus","Fis-22970"
-141.5,30.5,0.01,"Trachurus symmetricus","Fis-22970"
-141,30.5,0.01,"Trachurus symmetricus","Fis-22970"
-140.5,30.5,0.01,"Trachurus symmetricus","Fis-22970"
-140,30.5,0.01,"Trachurus symmetricus","Fis-22970"
-139.5,30.5,0.01,"Trachurus symmetricus","Fis-22970"
-139,30.5,0.01,"Trachurus symmetricus","Fis-22970"
-138.5,30.5,0.01,"Trachurus symmetricus","Fis-22970"
-138,30.5,0.01,"Trachurus symmetricus","Fis-22970"
-137.5,30.5,0.01,"Trachurus symmetricus","Fis-22970"
-137,30.5,0.01,"Trachurus symmetricus","Fis-22970"
-136.5,30.5,0.01,"Trachurus symmetricus","Fis-22970"
-136,30.5,0.01,"Trachurus symmetricus","Fis-22970"
-135.5,30.5,0.01,"Trachurus symmetricus","Fis-22970"
-135,30.5,0.01,"Trachurus symmetricus","Fis-22970"
-134.5,30.5,0.01,"Trachurus symmetricus","Fis-22970"
-134,30.5,0.01,"Trachurus symmetricus","Fis-22970"
-133.5,30.5,0.01,"Trachurus symmetricus","Fis-22970"
-133,30.5,0.01,"Trachurus symmetricus","Fis-22970"
-132.5,30.5,0.01,"Trachurus symmetricus","Fis-22970"
-132,30.5,0.01,"Trachurus symmetricus","Fis-22970"
-131.5,30.5,0.01,"Trachurus symmetricus","Fis-22970"
-131,30.5,0.01,"Trachurus symmetricus","Fis-22970"
-130.5,30.5,0.01,"Trachurus symmetricus","Fis-22970"
-130,30.5,0.01,"Trachurus symmetricus","Fis-22970"
-129.5,30.5,0.01,"Trachurus symmetricus","Fis-22970"
-129,30.5,0.02,"Trachurus symmetricus","Fis-22970"
-128.5,30.5,0.06,"Trachurus symmetricus","Fis-22970"
-128,30.5,0.11,"Trachurus symmetricus","Fis-22970"
-127.5,30.5,0.19,"Trachurus symmetricus","Fis-22970"
-127,30.5,0.25,"Trachurus symmetricus","Fis-22970"
-126.5,30.5,0.33,"Trachurus symmetricus","Fis-22970"
-126,30.5,0.42,"Trachurus symmetricus","Fis-22970"
-125.5,30.5,0.52,"Trachurus symmetricus","Fis-22970"
-125,30.5,0.61,"Trachurus symmetricus","Fis-22970"
-124.5,30.5,0.66,"Trachurus symmetricus","Fis-22970"
-124,30.5,0.68,"Trachurus symmetricus","Fis-22970"
-123.5,30.5,0.75,"Trachurus symmetricus","Fis-22970"
-123,30.5,0.83,"Trachurus symmetricus","Fis-22970"
-122.5,30.5,0.96,"Trachurus symmetricus","Fis-22970"
-122,30.5,1,"Trachurus symmetricus","Fis-22970"
-121.5,30.5,0.99,"Trachurus symmetricus","Fis-22970"
-121,30.5,1,"Trachurus symmetricus","Fis-22970"
-120.5,30.5,1,"Trachurus symmetricus","Fis-22970"
-120,30.5,1,"Trachurus symmetricus","Fis-22970"
-119.5,30.5,1,"Trachurus symmetricus","Fis-22970"
-119,30.5,1,"Trachurus symmetricus","Fis-22970"
-118.5,30.5,1,"Trachurus symmetricus","Fis-22970"
-118,30.5,1,"Trachurus symmetricus","Fis-22970"
-117.5,30.5,1,"Trachurus symmetricus","Fis-22970"
-117,30.5,1,"Trachurus symmetricus","Fis-22970"
-116.5,30.5,1,"Trachurus symmetricus","Fis-22970"
-116,30.5,1,"Trachurus symmetricus","Fis-22970"
-115.5,30.5,0.39,"Trachurus symmetricus","Fis-22970"
-174.5,30,0.09,"Trachurus symmetricus","Fis-22970"
-174,30,0.08,"Trachurus symmetricus","Fis-22970"
-173.5,30,0.07,"Trachurus symmetricus","Fis-22970"
-173,30,0.06,"Trachurus symmetricus","Fis-22970"
-172.5,30,0.05,"Trachurus symmetricus","Fis-22970"
-172,30,0.04,"Trachurus symmetricus","Fis-22970"
-171.5,30,0.04,"Trachurus symmetricus","Fis-22970"
-171,30,0.04,"Trachurus symmetricus","Fis-22970"
-170.5,30,0.04,"Trachurus symmetricus","Fis-22970"
-170,30,0.04,"Trachurus symmetricus","Fis-22970"
-169.5,30,0.04,"Trachurus symmetricus","Fis-22970"
-169,30,0.04,"Trachurus symmetricus","Fis-22970"
-168.5,30,0.03,"Trachurus symmetricus","Fis-22970"
-168,30,0.02,"Trachurus symmetricus","Fis-22970"
-167.5,30,0.01,"Trachurus symmetricus","Fis-22970"
-167,30,0.01,"Trachurus symmetricus","Fis-22970"
-166.5,30,0.01,"Trachurus symmetricus","Fis-22970"
-166,30,0.01,"Trachurus symmetricus","Fis-22970"
-165.5,30,0.01,"Trachurus symmetricus","Fis-22970"
-165,30,0.01,"Trachurus symmetricus","Fis-22970"
-164.5,30,0.01,"Trachurus symmetricus","Fis-22970"
-139,30,0.01,"Trachurus symmetricus","Fis-22970"
-138.5,30,0.01,"Trachurus symmetricus","Fis-22970"
-138,30,0.01,"Trachurus symmetricus","Fis-22970"
-137.5,30,0.01,"Trachurus symmetricus","Fis-22970"
-137,30,0.01,"Trachurus symmetricus","Fis-22970"
-136.5,30,0.01,"Trachurus symmetricus","Fis-22970"
-136,30,0.01,"Trachurus symmetricus","Fis-22970"
-135.5,30,0.01,"Trachurus symmetricus","Fis-22970"
-135,30,0.01,"Trachurus symmetricus","Fis-22970"
-134.5,30,0.01,"Trachurus symmetricus","Fis-22970"
-129.5,30,0.01,"Trachurus symmetricus","Fis-22970"
-129,30,0.01,"Trachurus symmetricus","Fis-22970"
-128.5,30,0.02,"Trachurus symmetricus","Fis-22970"
-128,30,0.04,"Trachurus symmetricus","Fis-22970"
-127.5,30,0.09,"Trachurus symmetricus","Fis-22970"
-127,30,0.14,"Trachurus symmetricus","Fis-22970"
-126.5,30,0.21,"Trachurus symmetricus","Fis-22970"
-126,30,0.31,"Trachurus symmetricus","Fis-22970"
-125.5,30,0.4,"Trachurus symmetricus","Fis-22970"
-125,30,0.42,"Trachurus symmetricus","Fis-22970"
-124.5,30,0.44,"Trachurus symmetricus","Fis-22970"
-124,30,0.47,"Trachurus symmetricus","Fis-22970"
-123.5,30,0.56,"Trachurus symmetricus","Fis-22970"
-123,30,0.64,"Trachurus symmetricus","Fis-22970"
-122.5,30,0.7,"Trachurus symmetricus","Fis-22970"
-122,30,0.75,"Trachurus symmetricus","Fis-22970"
-121.5,30,0.8,"Trachurus symmetricus","Fis-22970"
-121,30,0.85,"Trachurus symmetricus","Fis-22970"
-120.5,30,0.91,"Trachurus symmetricus","Fis-22970"
-120,30,0.94,"Trachurus symmetricus","Fis-22970"
-119.5,30,0.97,"Trachurus symmetricus","Fis-22970"
-119,30,1,"Trachurus symmetricus","Fis-22970"
-118.5,30,1,"Trachurus symmetricus","Fis-22970"
-118,30,1,"Trachurus symmetricus","Fis-22970"
-117.5,30,1,"Trachurus symmetricus","Fis-22970"
-117,30,1,"Trachurus symmetricus","Fis-22970"
-116.5,30,1,"Trachurus symmetricus","Fis-22970"
-116,30,1,"Trachurus symmetricus","Fis-22970"
-115.5,30,1,"Trachurus symmetricus","Fis-22970"
-174.5,29.5,0.03,"Trachurus symmetricus","Fis-22970"
-174,29.5,0.02,"Trachurus symmetricus","Fis-22970"
-173.5,29.5,0.02,"Trachurus symmetricus","Fis-22970"
-173,29.5,0.01,"Trachurus symmetricus","Fis-22970"
-138,29.5,0.01,"Trachurus symmetricus","Fis-22970"
-137.5,29.5,0.01,"Trachurus symmetricus","Fis-22970"
-137,29.5,0.01,"Trachurus symmetricus","Fis-22970"
-136.5,29.5,0.01,"Trachurus symmetricus","Fis-22970"
-136,29.5,0.01,"Trachurus symmetricus","Fis-22970"
-135.5,29.5,0.01,"Trachurus symmetricus","Fis-22970"
-128,29.5,0.01,"Trachurus symmetricus","Fis-22970"
-127.5,29.5,0.02,"Trachurus symmetricus","Fis-22970"
-127,29.5,0.07,"Trachurus symmetricus","Fis-22970"
-126.5,29.5,0.11,"Trachurus symmetricus","Fis-22970"
-126,29.5,0.14,"Trachurus symmetricus","Fis-22970"
-125.5,29.5,0.18,"Trachurus symmetricus","Fis-22970"
-125,29.5,0.22,"Trachurus symmetricus","Fis-22970"
-124.5,29.5,0.21,"Trachurus symmetricus","Fis-22970"
-124,29.5,0.24,"Trachurus symmetricus","Fis-22970"
-123.5,29.5,0.29,"Trachurus symmetricus","Fis-22970"
-123,29.5,0.33,"Trachurus symmetricus","Fis-22970"
-122.5,29.5,0.43,"Trachurus symmetricus","Fis-22970"
-122,29.5,0.56,"Trachurus symmetricus","Fis-22970"
-121.5,29.5,0.62,"Trachurus symmetricus","Fis-22970"
-121,29.5,0.66,"Trachurus symmetricus","Fis-22970"
-120.5,29.5,0.67,"Trachurus symmetricus","Fis-22970"
-120,29.5,0.74,"Trachurus symmetricus","Fis-22970"
-119.5,29.5,0.84,"Trachurus symmetricus","Fis-22970"
-119,29.5,1,"Trachurus symmetricus","Fis-22970"
-118.5,29.5,1,"Trachurus symmetricus","Fis-22970"
-118,29.5,1,"Trachurus symmetricus","Fis-22970"
-117.5,29.5,1,"Trachurus symmetricus","Fis-22970"
-117,29.5,1,"Trachurus symmetricus","Fis-22970"
-116.5,29.5,1,"Trachurus symmetricus","Fis-22970"
-116,29.5,1,"Trachurus symmetricus","Fis-22970"
-115.5,29.5,1,"Trachurus symmetricus","Fis-22970"
-115,29.5,1,"Trachurus symmetricus","Fis-22970"
-136,29,0.01,"Trachurus symmetricus","Fis-22970"
-135.5,29,0.01,"Trachurus symmetricus","Fis-22970"
-127,29,0.01,"Trachurus symmetricus","Fis-22970"
-126.5,29,0.01,"Trachurus symmetricus","Fis-22970"
-126,29,0.02,"Trachurus symmetricus","Fis-22970"
-125.5,29,0.01,"Trachurus symmetricus","Fis-22970"
-125,29,0.02,"Trachurus symmetricus","Fis-22970"
-124.5,29,0.04,"Trachurus symmetricus","Fis-22970"
-124,29,0.06,"Trachurus symmetricus","Fis-22970"
-123.5,29,0.11,"Trachurus symmetricus","Fis-22970"
-123,29,0.18,"Trachurus symmetricus","Fis-22970"
-122.5,29,0.26,"Trachurus symmetricus","Fis-22970"
-122,29,0.32,"Trachurus symmetricus","Fis-22970"
-121.5,29,0.43,"Trachurus symmetricus","Fis-22970"
-121,29,0.53,"Trachurus symmetricus","Fis-22970"
-120.5,29,0.62,"Trachurus symmetricus","Fis-22970"
-120,29,0.76,"Trachurus symmetricus","Fis-22970"
-119.5,29,0.94,"Trachurus symmetricus","Fis-22970"
-119,29,1,"Trachurus symmetricus","Fis-22970"
-118.5,29,1,"Trachurus symmetricus","Fis-22970"
-118,29,1,"Trachurus symmetricus","Fis-22970"
-117.5,29,1,"Trachurus symmetricus","Fis-22970"
-117,29,1,"Trachurus symmetricus","Fis-22970"
-116.5,29,1,"Trachurus symmetricus","Fis-22970"
-116,29,1,"Trachurus symmetricus","Fis-22970"
-115.5,29,1,"Trachurus symmetricus","Fis-22970"
-115,29,1,"Trachurus symmetricus","Fis-22970"
-114.5,29,1,"Trachurus symmetricus","Fis-22970"
-113.5,29,0.11,"Trachurus symmetricus","Fis-22970"
-125,28.5,0.01,"Trachurus symmetricus","Fis-22970"
-124.5,28.5,0.01,"Trachurus symmetricus","Fis-22970"
-124,28.5,0.03,"Trachurus symmetricus","Fis-22970"
-123.5,28.5,0.05,"Trachurus symmetricus","Fis-22970"
-123,28.5,0.09,"Trachurus symmetricus","Fis-22970"
-122.5,28.5,0.13,"Trachurus symmetricus","Fis-22970"
-122,28.5,0.19,"Trachurus symmetricus","Fis-22970"
-121.5,28.5,0.26,"Trachurus symmetricus","Fis-22970"
-121,28.5,0.38,"Trachurus symmetricus","Fis-22970"
-120.5,28.5,0.59,"Trachurus symmetricus","Fis-22970"
-120,28.5,0.81,"Trachurus symmetricus","Fis-22970"
-119.5,28.5,1,"Trachurus symmetricus","Fis-22970"
-119,28.5,1,"Trachurus symmetricus","Fis-22970"
-118.5,28.5,1,"Trachurus symmetricus","Fis-22970"
-118,28.5,1,"Trachurus symmetricus","Fis-22970"
-117.5,28.5,1,"Trachurus symmetricus","Fis-22970"
-117,28.5,1,"Trachurus symmetricus","Fis-22970"
-116.5,28.5,1,"Trachurus symmetricus","Fis-22970"
-116,28.5,1,"Trachurus symmetricus","Fis-22970"
-115.5,28.5,1,"Trachurus symmetricus","Fis-22970"
-115,28.5,1,"Trachurus symmetricus","Fis-22970"
-114.5,28.5,1,"Trachurus symmetricus","Fis-22970"
-114,28.5,1,"Trachurus symmetricus","Fis-22970"
-113.5,28.5,0.03,"Trachurus symmetricus","Fis-22970"
-113,28.5,0.36,"Trachurus symmetricus","Fis-22970"
-112,28.5,0.25,"Trachurus symmetricus","Fis-22970"
-111.5,28.5,0.14,"Trachurus symmetricus","Fis-22970"
-125,28,0.01,"Trachurus symmetricus","Fis-22970"
-124.5,28,0.02,"Trachurus symmetricus","Fis-22970"
-124,28,0.03,"Trachurus symmetricus","Fis-22970"
-123.5,28,0.05,"Trachurus symmetricus","Fis-22970"
-123,28,0.07,"Trachurus symmetricus","Fis-22970"
-122.5,28,0.1,"Trachurus symmetricus","Fis-22970"
-122,28,0.15,"Trachurus symmetricus","Fis-22970"
-121.5,28,0.22,"Trachurus symmetricus","Fis-22970"
-121,28,0.3,"Trachurus symmetricus","Fis-22970"
-120.5,28,0.42,"Trachurus symmetricus","Fis-22970"
-120,28,0.63,"Trachurus symmetricus","Fis-22970"
-119.5,28,0.88,"Trachurus symmetricus","Fis-22970"
-119,28,1,"Trachurus symmetricus","Fis-22970"
-118.5,28,1,"Trachurus symmetricus","Fis-22970"
-118,28,1,"Trachurus symmetricus","Fis-22970"
-117.5,28,1,"Trachurus symmetricus","Fis-22970"
-117,28,1,"Trachurus symmetricus","Fis-22970"
-116.5,28,1,"Trachurus symmetricus","Fis-22970"
-116,28,1,"Trachurus symmetricus","Fis-22970"
-115.5,28,1,"Trachurus symmetricus","Fis-22970"
-115,28,1,"Trachurus symmetricus","Fis-22970"
-114.5,28,1,"Trachurus symmetricus","Fis-22970"
-114,28,1,"Trachurus symmetricus","Fis-22970"
-112.5,28,0.24,"Trachurus symmetricus","Fis-22970"
-112,28,0.27,"Trachurus symmetricus","Fis-22970"
-111.5,28,0.28,"Trachurus symmetricus","Fis-22970"
-111,28,0.34,"Trachurus symmetricus","Fis-22970"
-124.5,27.5,0.01,"Trachurus symmetricus","Fis-22970"
-124,27.5,0.03,"Trachurus symmetricus","Fis-22970"
-123.5,27.5,0.05,"Trachurus symmetricus","Fis-22970"
-123,27.5,0.06,"Trachurus symmetricus","Fis-22970"
-122.5,27.5,0.08,"Trachurus symmetricus","Fis-22970"
-122,27.5,0.12,"Trachurus symmetricus","Fis-22970"
-121.5,27.5,0.18,"Trachurus symmetricus","Fis-22970"
-121,27.5,0.22,"Trachurus symmetricus","Fis-22970"
-120.5,27.5,0.3,"Trachurus symmetricus","Fis-22970"
-120,27.5,0.41,"Trachurus symmetricus","Fis-22970"
-119.5,27.5,0.56,"Trachurus symmetricus","Fis-22970"
-119,27.5,0.76,"Trachurus symmetricus","Fis-22970"
-118.5,27.5,1,"Trachurus symmetricus","Fis-22970"
-118,27.5,1,"Trachurus symmetricus","Fis-22970"
-117.5,27.5,1,"Trachurus symmetricus","Fis-22970"
-117,27.5,1,"Trachurus symmetricus","Fis-22970"
-116.5,27.5,1,"Trachurus symmetricus","Fis-22970"
-116,27.5,1,"Trachurus symmetricus","Fis-22970"
-115.5,27.5,1,"Trachurus symmetricus","Fis-22970"
-115,27.5,1,"Trachurus symmetricus","Fis-22970"
-114.5,27.5,1,"Trachurus symmetricus","Fis-22970"
-114,27.5,0.72,"Trachurus symmetricus","Fis-22970"
-113.5,27.5,0.04,"Trachurus symmetricus","Fis-22970"
-112.5,27.5,0.55,"Trachurus symmetricus","Fis-22970"
-112,27.5,0.36,"Trachurus symmetricus","Fis-22970"
-111.5,27.5,0.32,"Trachurus symmetricus","Fis-22970"
-111,27.5,0.42,"Trachurus symmetricus","Fis-22970"
-110.5,27.5,0.5,"Trachurus symmetricus","Fis-22970"
-124.5,27,0.01,"Trachurus symmetricus","Fis-22970"
-124,27,0.02,"Trachurus symmetricus","Fis-22970"
-123.5,27,0.03,"Trachurus symmetricus","Fis-22970"
-123,27,0.05,"Trachurus symmetricus","Fis-22970"
-122.5,27,0.06,"Trachurus symmetricus","Fis-22970"
-122,27,0.08,"Trachurus symmetricus","Fis-22970"
-121.5,27,0.11,"Trachurus symmetricus","Fis-22970"
-121,27,0.14,"Trachurus symmetricus","Fis-22970"
-120.5,27,0.17,"Trachurus symmetricus","Fis-22970"
-120,27,0.24,"Trachurus symmetricus","Fis-22970"
-119.5,27,0.36,"Trachurus symmetricus","Fis-22970"
-119,27,0.52,"Trachurus symmetricus","Fis-22970"
-118.5,27,0.78,"Trachurus symmetricus","Fis-22970"
-118,27,1,"Trachurus symmetricus","Fis-22970"
-117.5,27,1,"Trachurus symmetricus","Fis-22970"
-117,27,1,"Trachurus symmetricus","Fis-22970"
-116.5,27,1,"Trachurus symmetricus","Fis-22970"
-116,27,1,"Trachurus symmetricus","Fis-22970"
-115.5,27,1,"Trachurus symmetricus","Fis-22970"
-115,27,1,"Trachurus symmetricus","Fis-22970"
-114.5,27,1,"Trachurus symmetricus","Fis-22970"
-114,27,1,"Trachurus symmetricus","Fis-22970"
-113.5,27,0.87,"Trachurus symmetricus","Fis-22970"
-112,27,0.24,"Trachurus symmetricus","Fis-22970"
-111.5,27,0.21,"Trachurus symmetricus","Fis-22970"
-111,27,0.27,"Trachurus symmetricus","Fis-22970"
-110.5,27,0.49,"Trachurus symmetricus","Fis-22970"
-110,27,0.52,"Trachurus symmetricus","Fis-22970"
-109.5,27,0.14,"Trachurus symmetricus","Fis-22970"
-124,26.5,0.01,"Trachurus symmetricus","Fis-22970"
-123.5,26.5,0.02,"Trachurus symmetricus","Fis-22970"
-123,26.5,0.03,"Trachurus symmetricus","Fis-22970"
-122.5,26.5,0.03,"Trachurus symmetricus","Fis-22970"
-122,26.5,0.04,"Trachurus symmetricus","Fis-22970"
-121.5,26.5,0.05,"Trachurus symmetricus","Fis-22970"
-121,26.5,0.07,"Trachurus symmetricus","Fis-22970"
-120.5,26.5,0.11,"Trachurus symmetricus","Fis-22970"
-120,26.5,0.17,"Trachurus symmetricus","Fis-22970"
-119.5,26.5,0.24,"Trachurus symmetricus","Fis-22970"
-119,26.5,0.32,"Trachurus symmetricus","Fis-22970"
-118.5,26.5,0.49,"Trachurus symmetricus","Fis-22970"
-118,26.5,0.75,"Trachurus symmetricus","Fis-22970"
-117.5,26.5,1,"Trachurus symmetricus","Fis-22970"
-117,26.5,1,"Trachurus symmetricus","Fis-22970"
-116.5,26.5,1,"Trachurus symmetricus","Fis-22970"
-116,26.5,1,"Trachurus symmetricus","Fis-22970"
-115.5,26.5,1,"Trachurus symmetricus","Fis-22970"
-115,26.5,1,"Trachurus symmetricus","Fis-22970"
-114.5,26.5,1,"Trachurus symmetricus","Fis-22970"
-114,26.5,1,"Trachurus symmetricus","Fis-22970"
-113.5,26.5,1,"Trachurus symmetricus","Fis-22970"
-113,26.5,1,"Trachurus symmetricus","Fis-22970"
-112.5,26.5,0.43,"Trachurus symmetricus","Fis-22970"
-111.5,26.5,0.58,"Trachurus symmetricus","Fis-22970"
-111,26.5,0.2,"Trachurus symmetricus","Fis-22970"
-110.5,26.5,0.34,"Trachurus symmetricus","Fis-22970"
-110,26.5,0.51,"Trachurus symmetricus","Fis-22970"
-109.5,26.5,0.54,"Trachurus symmetricus","Fis-22970"
-109,26.5,0.62,"Trachurus symmetricus","Fis-22970"
-123.5,26,0.01,"Trachurus symmetricus","Fis-22970"
-123,26,0.01,"Trachurus symmetricus","Fis-22970"
-122.5,26,0.01,"Trachurus symmetricus","Fis-22970"
-122,26,0.02,"Trachurus symmetricus","Fis-22970"
-121.5,26,0.03,"Trachurus symmetricus","Fis-22970"
-121,26,0.04,"Trachurus symmetricus","Fis-22970"
-120.5,26,0.08,"Trachurus symmetricus","Fis-22970"
-120,26,0.12,"Trachurus symmetricus","Fis-22970"
-119.5,26,0.17,"Trachurus symmetricus","Fis-22970"
-119,26,0.22,"Trachurus symmetricus","Fis-22970"
-118.5,26,0.32,"Trachurus symmetricus","Fis-22970"
-118,26,0.44,"Trachurus symmetricus","Fis-22970"
-117.5,26,0.71,"Trachurus symmetricus","Fis-22970"
-117,26,0.91,"Trachurus symmetricus","Fis-22970"
-116.5,26,1,"Trachurus symmetricus","Fis-22970"
-116,26,1,"Trachurus symmetricus","Fis-22970"
-115.5,26,1,"Trachurus symmetricus","Fis-22970"
-115,26,1,"Trachurus symmetricus","Fis-22970"
-114.5,26,1,"Trachurus symmetricus","Fis-22970"
-114,26,1,"Trachurus symmetricus","Fis-22970"
-113.5,26,1,"Trachurus symmetricus","Fis-22970"
-113,26,1,"Trachurus symmetricus","Fis-22970"
-112.5,26,1,"Trachurus symmetricus","Fis-22970"
-112,26,0.43,"Trachurus symmetricus","Fis-22970"
-111,26,0.23,"Trachurus symmetricus","Fis-22970"
-110.5,26,0.28,"Trachurus symmetricus","Fis-22970"
-110,26,0.35,"Trachurus symmetricus","Fis-22970"
-109.5,26,0.54,"Trachurus symmetricus","Fis-22970"
-109,26,0.64,"Trachurus symmetricus","Fis-22970"
-122.5,25.5,0.01,"Trachurus symmetricus","Fis-22970"
-122,25.5,0.01,"Trachurus symmetricus","Fis-22970"
-121.5,25.5,0.01,"Trachurus symmetricus","Fis-22970"
-121,25.5,0.02,"Trachurus symmetricus","Fis-22970"
-120.5,25.5,0.05,"Trachurus symmetricus","Fis-22970"
-120,25.5,0.09,"Trachurus symmetricus","Fis-22970"
-119.5,25.5,0.13,"Trachurus symmetricus","Fis-22970"
-119,25.5,0.18,"Trachurus symmetricus","Fis-22970"
-118.5,25.5,0.24,"Trachurus symmetricus","Fis-22970"
-118,25.5,0.33,"Trachurus symmetricus","Fis-22970"
-117.5,25.5,0.44,"Trachurus symmetricus","Fis-22970"
-117,25.5,0.6,"Trachurus symmetricus","Fis-22970"
-116.5,25.5,0.81,"Trachurus symmetricus","Fis-22970"
-116,25.5,1,"Trachurus symmetricus","Fis-22970"
-115.5,25.5,1,"Trachurus symmetricus","Fis-22970"
-115,25.5,1,"Trachurus symmetricus","Fis-22970"
-114.5,25.5,1,"Trachurus symmetricus","Fis-22970"
-114,25.5,1,"Trachurus symmetricus","Fis-22970"
-113.5,25.5,1,"Trachurus symmetricus","Fis-22970"
-113,25.5,1,"Trachurus symmetricus","Fis-22970"
-112.5,25.5,1,"Trachurus symmetricus","Fis-22970"
-112,25.5,1,"Trachurus symmetricus","Fis-22970"
-111,25.5,0.25,"Trachurus symmetricus","Fis-22970"
-110.5,25.5,0.27,"Trachurus symmetricus","Fis-22970"
-110,25.5,0.34,"Trachurus symmetricus","Fis-22970"
-109.5,25.5,0.54,"Trachurus symmetricus","Fis-22970"
-109,25.5,0.66,"Trachurus symmetricus","Fis-22970"
-108.5,25.5,0.03,"Trachurus symmetricus","Fis-22970"
-122.5,25,0.01,"Trachurus symmetricus","Fis-22970"
-122,25,0.01,"Trachurus symmetricus","Fis-22970"
-121.5,25,0.01,"Trachurus symmetricus","Fis-22970"
-121,25,0.01,"Trachurus symmetricus","Fis-22970"
-120.5,25,0.03,"Trachurus symmetricus","Fis-22970"
-120,25,0.05,"Trachurus symmetricus","Fis-22970"
-119.5,25,0.08,"Trachurus symmetricus","Fis-22970"
-119,25,0.12,"Trachurus symmetricus","Fis-22970"
-118.5,25,0.17,"Trachurus symmetricus","Fis-22970"
-118,25,0.23,"Trachurus symmetricus","Fis-22970"
-117.5,25,0.31,"Trachurus symmetricus","Fis-22970"
-117,25,0.41,"Trachurus symmetricus","Fis-22970"
-116.5,25,0.53,"Trachurus symmetricus","Fis-22970"
-116,25,0.66,"Trachurus symmetricus","Fis-22970"
-115.5,25,0.69,"Trachurus symmetricus","Fis-22970"
-115,25,0.78,"Trachurus symmetricus","Fis-22970"
-114.5,25,0.96,"Trachurus symmetricus","Fis-22970"
-114,25,1,"Trachurus symmetricus","Fis-22970"
-113.5,25,1,"Trachurus symmetricus","Fis-22970"
-113,25,0.84,"Trachurus symmetricus","Fis-22970"
-112.5,25,1,"Trachurus symmetricus","Fis-22970"
-112,25,1,"Trachurus symmetricus","Fis-22970"
-110.5,25,0.27,"Trachurus symmetricus","Fis-22970"
-110,25,0.34,"Trachurus symmetricus","Fis-22970"
-109.5,25,0.5,"Trachurus symmetricus","Fis-22970"
-109,25,0.63,"Trachurus symmetricus","Fis-22970"
-108.5,25,0.62,"Trachurus symmetricus","Fis-22970"
-108,25,0.62,"Trachurus symmetricus","Fis-22970"
-107.5,25,0.01,"Trachurus symmetricus","Fis-22970"
-123,24.5,0.01,"Trachurus symmetricus","Fis-22970"
-122.5,24.5,0.01,"Trachurus symmetricus","Fis-22970"
-122,24.5,0.01,"Trachurus symmetricus","Fis-22970"
-121.5,24.5,0.01,"Trachurus symmetricus","Fis-22970"
-121,24.5,0.01,"Trachurus symmetricus","Fis-22970"
-120.5,24.5,0.02,"Trachurus symmetricus","Fis-22970"
-120,24.5,0.03,"Trachurus symmetricus","Fis-22970"
-119.5,24.5,0.05,"Trachurus symmetricus","Fis-22970"
-119,24.5,0.09,"Trachurus symmetricus","Fis-22970"
-118.5,24.5,0.13,"Trachurus symmetricus","Fis-22970"
-118,24.5,0.17,"Trachurus symmetricus","Fis-22970"
-117.5,24.5,0.21,"Trachurus symmetricus","Fis-22970"
-117,24.5,0.27,"Trachurus symmetricus","Fis-22970"
-116.5,24.5,0.32,"Trachurus symmetricus","Fis-22970"
-116,24.5,0.36,"Trachurus symmetricus","Fis-22970"
-115.5,24.5,0.44,"Trachurus symmetricus","Fis-22970"
-115,24.5,0.54,"Trachurus symmetricus","Fis-22970"
-114.5,24.5,0.68,"Trachurus symmetricus","Fis-22970"
-114,24.5,0.81,"Trachurus symmetricus","Fis-22970"
-113.5,24.5,0.67,"Trachurus symmetricus","Fis-22970"
-113,24.5,0.61,"Trachurus symmetricus","Fis-22970"
-112.5,24.5,0.91,"Trachurus symmetricus","Fis-22970"
-112,24.5,1,"Trachurus symmetricus","Fis-22970"
-111.5,24.5,1,"Trachurus symmetricus","Fis-22970"
-110.5,24.5,0.34,"Trachurus symmetricus","Fis-22970"
-110,24.5,0.33,"Trachurus symmetricus","Fis-22970"
-109.5,24.5,0.34,"Trachurus symmetricus","Fis-22970"
-109,24.5,0.47,"Trachurus symmetricus","Fis-22970"
-108.5,24.5,0.57,"Trachurus symmetricus","Fis-22970"
-108,24.5,0.57,"Trachurus symmetricus","Fis-22970"
-107.5,24.5,0.58,"Trachurus symmetricus","Fis-22970"
-123.5,24,0.01,"Trachurus symmetricus","Fis-22970"
-123,24,0.01,"Trachurus symmetricus","Fis-22970"
-122.5,24,0.01,"Trachurus symmetricus","Fis-22970"
-122,24,0.01,"Trachurus symmetricus","Fis-22970"
-121.5,24,0.01,"Trachurus symmetricus","Fis-22970"
-121,24,0.02,"Trachurus symmetricus","Fis-22970"
-120.5,24,0.02,"Trachurus symmetricus","Fis-22970"
-120,24,0.04,"Trachurus symmetricus","Fis-22970"
-119.5,24,0.06,"Trachurus symmetricus","Fis-22970"
-119,24,0.08,"Trachurus symmetricus","Fis-22970"
-118.5,24,0.11,"Trachurus symmetricus","Fis-22970"
-118,24,0.13,"Trachurus symmetricus","Fis-22970"
-117.5,24,0.15,"Trachurus symmetricus","Fis-22970"
-117,24,0.17,"Trachurus symmetricus","Fis-22970"
-116.5,24,0.21,"Trachurus symmetricus","Fis-22970"
-116,24,0.25,"Trachurus symmetricus","Fis-22970"
-115.5,24,0.3,"Trachurus symmetricus","Fis-22970"
-115,24,0.34,"Trachurus symmetricus","Fis-22970"
-114.5,24,0.4,"Trachurus symmetricus","Fis-22970"
-114,24,0.45,"Trachurus symmetricus","Fis-22970"
-113.5,24,0.42,"Trachurus symmetricus","Fis-22970"
-113,24,0.46,"Trachurus symmetricus","Fis-22970"
-112.5,24,0.57,"Trachurus symmetricus","Fis-22970"
-112,24,0.79,"Trachurus symmetricus","Fis-22970"
-111.5,24,0.76,"Trachurus symmetricus","Fis-22970"
-111,24,0.68,"Trachurus symmetricus","Fis-22970"
-110.5,24,0.68,"Trachurus symmetricus","Fis-22970"
-110,24,0.47,"Trachurus symmetricus","Fis-22970"
-109.5,24,0.3,"Trachurus symmetricus","Fis-22970"
-109,24,0.31,"Trachurus symmetricus","Fis-22970"
-108.5,24,0.46,"Trachurus symmetricus","Fis-22970"
-108,24,0.53,"Trachurus symmetricus","Fis-22970"
-107.5,24,0.53,"Trachurus symmetricus","Fis-22970"
-107,24,0.53,"Trachurus symmetricus","Fis-22970"
-124,23.5,0.01,"Trachurus symmetricus","Fis-22970"
-123.5,23.5,0.01,"Trachurus symmetricus","Fis-22970"
-123,23.5,0.01,"Trachurus symmetricus","Fis-22970"
-122.5,23.5,0.01,"Trachurus symmetricus","Fis-22970"
-122,23.5,0.01,"Trachurus symmetricus","Fis-22970"
-121.5,23.5,0.02,"Trachurus symmetricus","Fis-22970"
-121,23.5,0.02,"Trachurus symmetricus","Fis-22970"
-120.5,23.5,0.03,"Trachurus symmetricus","Fis-22970"
-120,23.5,0.04,"Trachurus symmetricus","Fis-22970"
-119.5,23.5,0.06,"Trachurus symmetricus","Fis-22970"
-119,23.5,0.07,"Trachurus symmetricus","Fis-22970"
-118.5,23.5,0.09,"Trachurus symmetricus","Fis-22970"
-118,23.5,0.11,"Trachurus symmetricus","Fis-22970"
-117.5,23.5,0.13,"Trachurus symmetricus","Fis-22970"
-117,23.5,0.14,"Trachurus symmetricus","Fis-22970"
-116.5,23.5,0.16,"Trachurus symmetricus","Fis-22970"
-116,23.5,0.18,"Trachurus symmetricus","Fis-22970"
-115.5,23.5,0.2,"Trachurus symmetricus","Fis-22970"
-115,23.5,0.22,"Trachurus symmetricus","Fis-22970"
-114.5,23.5,0.27,"Trachurus symmetricus","Fis-22970"
-114,23.5,0.32,"Trachurus symmetricus","Fis-22970"
-113.5,23.5,0.34,"Trachurus symmetricus","Fis-22970"
-113,23.5,0.36,"Trachurus symmetricus","Fis-22970"
-112.5,23.5,0.36,"Trachurus symmetricus","Fis-22970"
-112,23.5,0.44,"Trachurus symmetricus","Fis-22970"
-111.5,23.5,0.53,"Trachurus symmetricus","Fis-22970"
-111,23.5,0.59,"Trachurus symmetricus","Fis-22970"
-110.5,23.5,0.69,"Trachurus symmetricus","Fis-22970"
-110,23.5,0.59,"Trachurus symmetricus","Fis-22970"
-109.5,23.5,0.31,"Trachurus symmetricus","Fis-22970"
-109,23.5,0.3,"Trachurus symmetricus","Fis-22970"
-108.5,23.5,0.35,"Trachurus symmetricus","Fis-22970"
-108,23.5,0.48,"Trachurus symmetricus","Fis-22970"
-107.5,23.5,0.49,"Trachurus symmetricus","Fis-22970"
-107,23.5,0.49,"Trachurus symmetricus","Fis-22970"
-106.5,23.5,0.49,"Trachurus symmetricus","Fis-22970"
-125,23,0.01,"Trachurus symmetricus","Fis-22970"
-124.5,23,0.01,"Trachurus symmetricus","Fis-22970"
-124,23,0.01,"Trachurus symmetricus","Fis-22970"
-123.5,23,0.01,"Trachurus symmetricus","Fis-22970"
-123,23,0.01,"Trachurus symmetricus","Fis-22970"
-122.5,23,0.01,"Trachurus symmetricus","Fis-22970"
-122,23,0.01,"Trachurus symmetricus","Fis-22970"
-121.5,23,0.02,"Trachurus symmetricus","Fis-22970"
-121,23,0.02,"Trachurus symmetricus","Fis-22970"
-120.5,23,0.03,"Trachurus symmetricus","Fis-22970"
-120,23,0.04,"Trachurus symmetricus","Fis-22970"
-119.5,23,0.04,"Trachurus symmetricus","Fis-22970"
-119,23,0.05,"Trachurus symmetricus","Fis-22970"
-118.5,23,0.07,"Trachurus symmetricus","Fis-22970"
-118,23,0.08,"Trachurus symmetricus","Fis-22970"
-117.5,23,0.1,"Trachurus symmetricus","Fis-22970"
-117,23,0.11,"Trachurus symmetricus","Fis-22970"
-116.5,23,0.12,"Trachurus symmetricus","Fis-22970"
-116,23,0.12,"Trachurus symmetricus","Fis-22970"
-115.5,23,0.13,"Trachurus symmetricus","Fis-22970"
-115,23,0.16,"Trachurus symmetricus","Fis-22970"
-114.5,23,0.18,"Trachurus symmetricus","Fis-22970"
-114,23,0.22,"Trachurus symmetricus","Fis-22970"
-113.5,23,0.23,"Trachurus symmetricus","Fis-22970"
-113,23,0.24,"Trachurus symmetricus","Fis-22970"
-112.5,23,0.25,"Trachurus symmetricus","Fis-22970"
-112,23,0.29,"Trachurus symmetricus","Fis-22970"
-111.5,23,0.36,"Trachurus symmetricus","Fis-22970"
-111,23,0.42,"Trachurus symmetricus","Fis-22970"
-110.5,23,0.52,"Trachurus symmetricus","Fis-22970"
-110,23,0.62,"Trachurus symmetricus","Fis-22970"
-109.5,23,0.45,"Trachurus symmetricus","Fis-22970"
-109,23,0.3,"Trachurus symmetricus","Fis-22970"
-108.5,23,0.3,"Trachurus symmetricus","Fis-22970"
-108,23,0.31,"Trachurus symmetricus","Fis-22970"
-107.5,23,0.38,"Trachurus symmetricus","Fis-22970"
-107,23,0.46,"Trachurus symmetricus","Fis-22970"
-106.5,23,0.45,"Trachurus symmetricus","Fis-22970"
-106,23,0.44,"Trachurus symmetricus","Fis-22970"
-126.5,22.5,0.01,"Trachurus symmetricus","Fis-22970"
-126,22.5,0.01,"Trachurus symmetricus","Fis-22970"
-125.5,22.5,0.01,"Trachurus symmetricus","Fis-22970"
-125,22.5,0.01,"Trachurus symmetricus","Fis-22970"
-124.5,22.5,0.01,"Trachurus symmetricus","Fis-22970"
-124,22.5,0.01,"Trachurus symmetricus","Fis-22970"
-123.5,22.5,0.01,"Trachurus symmetricus","Fis-22970"
-123,22.5,0.01,"Trachurus symmetricus","Fis-22970"
-122.5,22.5,0.01,"Trachurus symmetricus","Fis-22970"
-122,22.5,0.01,"Trachurus symmetricus","Fis-22970"
-121.5,22.5,0.02,"Trachurus symmetricus","Fis-22970"
-121,22.5,0.02,"Trachurus symmetricus","Fis-22970"
-120.5,22.5,0.03,"Trachurus symmetricus","Fis-22970"
-120,22.5,0.03,"Trachurus symmetricus","Fis-22970"
-119.5,22.5,0.04,"Trachurus symmetricus","Fis-22970"
-119,22.5,0.04,"Trachurus symmetricus","Fis-22970"
-118.5,22.5,0.06,"Trachurus symmetricus","Fis-22970"
-118,22.5,0.07,"Trachurus symmetricus","Fis-22970"
-117.5,22.5,0.08,"Trachurus symmetricus","Fis-22970"
-117,22.5,0.09,"Trachurus symmetricus","Fis-22970"
-116.5,22.5,0.09,"Trachurus symmetricus","Fis-22970"
-116,22.5,0.09,"Trachurus symmetricus","Fis-22970"
-115.5,22.5,0.1,"Trachurus symmetricus","Fis-22970"
-115,22.5,0.11,"Trachurus symmetricus","Fis-22970"
-114.5,22.5,0.12,"Trachurus symmetricus","Fis-22970"
-114,22.5,0.14,"Trachurus symmetricus","Fis-22970"
-113.5,22.5,0.16,"Trachurus symmetricus","Fis-22970"
-113,22.5,0.18,"Trachurus symmetricus","Fis-22970"
-112.5,22.5,0.2,"Trachurus symmetricus","Fis-22970"
-112,22.5,0.24,"Trachurus symmetricus","Fis-22970"
-111.5,22.5,0.28,"Trachurus symmetricus","Fis-22970"
-111,22.5,0.31,"Trachurus symmetricus","Fis-22970"
-110.5,22.5,0.37,"Trachurus symmetricus","Fis-22970"
-110,22.5,0.43,"Trachurus symmetricus","Fis-22970"
-109.5,22.5,0.39,"Trachurus symmetricus","Fis-22970"
-109,22.5,0.3,"Trachurus symmetricus","Fis-22970"
-108.5,22.5,0.27,"Trachurus symmetricus","Fis-22970"
-108,22.5,0.27,"Trachurus symmetricus","Fis-22970"
-107.5,22.5,0.29,"Trachurus symmetricus","Fis-22970"
-107,22.5,0.4,"Trachurus symmetricus","Fis-22970"
-106.5,22.5,0.4,"Trachurus symmetricus","Fis-22970"
-106,22.5,0.4,"Trachurus symmetricus","Fis-22970"
-105.5,22.5,0.39,"Trachurus symmetricus","Fis-22970"
-134.5,22,0.01,"Trachurus symmetricus","Fis-22970"
-134,22,0.01,"Trachurus symmetricus","Fis-22970"
-133.5,22,0.01,"Trachurus symmetricus","Fis-22970"
-133,22,0.01,"Trachurus symmetricus","Fis-22970"
-132.5,22,0.01,"Trachurus symmetricus","Fis-22970"
-132,22,0.01,"Trachurus symmetricus","Fis-22970"
-130.5,22,0.01,"Trachurus symmetricus","Fis-22970"
-130,22,0.01,"Trachurus symmetricus","Fis-22970"
-129.5,22,0.01,"Trachurus symmetricus","Fis-22970"
-129,22,0.01,"Trachurus symmetricus","Fis-22970"
-128.5,22,0.01,"Trachurus symmetricus","Fis-22970"
-128,22,0.01,"Trachurus symmetricus","Fis-22970"
-127.5,22,0.01,"Trachurus symmetricus","Fis-22970"
-127,22,0.01,"Trachurus symmetricus","Fis-22970"
-126.5,22,0.01,"Trachurus symmetricus","Fis-22970"
-126,22,0.01,"Trachurus symmetricus","Fis-22970"
-125.5,22,0.01,"Trachurus symmetricus","Fis-22970"
-125,22,0.01,"Trachurus symmetricus","Fis-22970"
-124.5,22,0.01,"Trachurus symmetricus","Fis-22970"
-124,22,0.01,"Trachurus symmetricus","Fis-22970"
-123.5,22,0.01,"Trachurus symmetricus","Fis-22970"
-123,22,0.01,"Trachurus symmetricus","Fis-22970"
-122.5,22,0.01,"Trachurus symmetricus","Fis-22970"
-122,22,0.02,"Trachurus symmetricus","Fis-22970"
-121.5,22,0.02,"Trachurus symmetricus","Fis-22970"
-121,22,0.02,"Trachurus symmetricus","Fis-22970"
-120.5,22,0.03,"Trachurus symmetricus","Fis-22970"
-120,22,0.03,"Trachurus symmetricus","Fis-22970"
-119.5,22,0.04,"Trachurus symmetricus","Fis-22970"
-119,22,0.04,"Trachurus symmetricus","Fis-22970"
-118.5,22,0.05,"Trachurus symmetricus","Fis-22970"
-118,22,0.06,"Trachurus symmetricus","Fis-22970"
-117.5,22,0.06,"Trachurus symmetricus","Fis-22970"
-117,22,0.07,"Trachurus symmetricus","Fis-22970"
-116.5,22,0.07,"Trachurus symmetricus","Fis-22970"
-116,22,0.08,"Trachurus symmetricus","Fis-22970"
-115.5,22,0.08,"Trachurus symmetricus","Fis-22970"
-115,22,0.09,"Trachurus symmetricus","Fis-22970"
-114.5,22,0.1,"Trachurus symmetricus","Fis-22970"
-114,22,0.12,"Trachurus symmetricus","Fis-22970"
-113.5,22,0.13,"Trachurus symmetricus","Fis-22970"
-113,22,0.15,"Trachurus symmetricus","Fis-22970"
-112.5,22,0.18,"Trachurus symmetricus","Fis-22970"
-112,22,0.21,"Trachurus symmetricus","Fis-22970"
-111.5,22,0.22,"Trachurus symmetricus","Fis-22970"
-111,22,0.24,"Trachurus symmetricus","Fis-22970"
-110.5,22,0.26,"Trachurus symmetricus","Fis-22970"
-110,22,0.29,"Trachurus symmetricus","Fis-22970"
-109.5,22,0.3,"Trachurus symmetricus","Fis-22970"
-109,22,0.29,"Trachurus symmetricus","Fis-22970"
-108.5,22,0.26,"Trachurus symmetricus","Fis-22970"
-108,22,0.25,"Trachurus symmetricus","Fis-22970"
-107.5,22,0.26,"Trachurus symmetricus","Fis-22970"
-107,22,0.35,"Trachurus symmetricus","Fis-22970"
-106.5,22,0.36,"Trachurus symmetricus","Fis-22970"
-106,22,0.34,"Trachurus symmetricus","Fis-22970"
-105.5,22,0.32,"Trachurus symmetricus","Fis-22970"
-150,21.5,0.01,"Trachurus symmetricus","Fis-22970"
-149.5,21.5,0.01,"Trachurus symmetricus","Fis-22970"
-149,21.5,0.01,"Trachurus symmetricus","Fis-22970"
-148.5,21.5,0.01,"Trachurus symmetricus","Fis-22970"
-148,21.5,0.01,"Trachurus symmetricus","Fis-22970"
-147.5,21.5,0.01,"Trachurus symmetricus","Fis-22970"
-147,21.5,0.01,"Trachurus symmetricus","Fis-22970"
-146.5,21.5,0.01,"Trachurus symmetricus","Fis-22970"
-146,21.5,0.01,"Trachurus symmetricus","Fis-22970"
-145.5,21.5,0.01,"Trachurus symmetricus","Fis-22970"
-145,21.5,0.01,"Trachurus symmetricus","Fis-22970"
-144.5,21.5,0.01,"Trachurus symmetricus","Fis-22970"
-144,21.5,0.01,"Trachurus symmetricus","Fis-22970"
-143.5,21.5,0.01,"Trachurus symmetricus","Fis-22970"
-143,21.5,0.01,"Trachurus symmetricus","Fis-22970"
-142.5,21.5,0.01,"Trachurus symmetricus","Fis-22970"
-142,21.5,0.01,"Trachurus symmetricus","Fis-22970"
-141.5,21.5,0.01,"Trachurus symmetricus","Fis-22970"
-141,21.5,0.01,"Trachurus symmetricus","Fis-22970"
-140.5,21.5,0.01,"Trachurus symmetricus","Fis-22970"
-140,21.5,0.01,"Trachurus symmetricus","Fis-22970"
-139.5,21.5,0.01,"Trachurus symmetricus","Fis-22970"
-139,21.5,0.01,"Trachurus symmetricus","Fis-22970"
-138.5,21.5,0.01,"Trachurus symmetricus","Fis-22970"
-138,21.5,0.01,"Trachurus symmetricus","Fis-22970"
-137.5,21.5,0.01,"Trachurus symmetricus","Fis-22970"
-137,21.5,0.01,"Trachurus symmetricus","Fis-22970"
-136.5,21.5,0.01,"Trachurus symmetricus","Fis-22970"
-136,21.5,0.01,"Trachurus symmetricus","Fis-22970"
-135.5,21.5,0.01,"Trachurus symmetricus","Fis-22970"
-135,21.5,0.01,"Trachurus symmetricus","Fis-22970"
-134.5,21.5,0.01,"Trachurus symmetricus","Fis-22970"
-134,21.5,0.01,"Trachurus symmetricus","Fis-22970"
-133.5,21.5,0.01,"Trachurus symmetricus","Fis-22970"
-133,21.5,0.01,"Trachurus symmetricus","Fis-22970"
-132.5,21.5,0.01,"Trachurus symmetricus","Fis-22970"
-132,21.5,0.01,"Trachurus symmetricus","Fis-22970"
-131.5,21.5,0.01,"Trachurus symmetricus","Fis-22970"
-131,21.5,0.01,"Trachurus symmetricus","Fis-22970"
-130.5,21.5,0.01,"Trachurus symmetricus","Fis-22970"
-130,21.5,0.01,"Trachurus symmetricus","Fis-22970"
-129.5,21.5,0.01,"Trachurus symmetricus","Fis-22970"
-129,21.5,0.01,"Trachurus symmetricus","Fis-22970"
-128.5,21.5,0.01,"Trachurus symmetricus","Fis-22970"
-128,21.5,0.01,"Trachurus symmetricus","Fis-22970"
-127.5,21.5,0.01,"Trachurus symmetricus","Fis-22970"
-127,21.5,0.01,"Trachurus symmetricus","Fis-22970"
-126.5,21.5,0.01,"Trachurus symmetricus","Fis-22970"
-126,21.5,0.01,"Trachurus symmetricus","Fis-22970"
-125.5,21.5,0.01,"Trachurus symmetricus","Fis-22970"
-125,21.5,0.01,"Trachurus symmetricus","Fis-22970"
-124.5,21.5,0.01,"Trachurus symmetricus","Fis-22970"
-124,21.5,0.01,"Trachurus symmetricus","Fis-22970"
-123.5,21.5,0.01,"Trachurus symmetricus","Fis-22970"
-123,21.5,0.02,"Trachurus symmetricus","Fis-22970"
-122.5,21.5,0.02,"Trachurus symmetricus","Fis-22970"
-122,21.5,0.02,"Trachurus symmetricus","Fis-22970"
-121.5,21.5,0.02,"Trachurus symmetricus","Fis-22970"
-121,21.5,0.03,"Trachurus symmetricus","Fis-22970"
-120.5,21.5,0.03,"Trachurus symmetricus","Fis-22970"
-120,21.5,0.03,"Trachurus symmetricus","Fis-22970"
-119.5,21.5,0.04,"Trachurus symmetricus","Fis-22970"
-119,21.5,0.04,"Trachurus symmetricus","Fis-22970"
-118.5,21.5,0.05,"Trachurus symmetricus","Fis-22970"
-118,21.5,0.05,"Trachurus symmetricus","Fis-22970"
-117.5,21.5,0.06,"Trachurus symmetricus","Fis-22970"
-117,21.5,0.07,"Trachurus symmetricus","Fis-22970"
-116.5,21.5,0.07,"Trachurus symmetricus","Fis-22970"
-116,21.5,0.08,"Trachurus symmetricus","Fis-22970"
-115.5,21.5,0.09,"Trachurus symmetricus","Fis-22970"
-115,21.5,0.1,"Trachurus symmetricus","Fis-22970"
-114.5,21.5,0.11,"Trachurus symmetricus","Fis-22970"
-114,21.5,0.12,"Trachurus symmetricus","Fis-22970"
-113.5,21.5,0.13,"Trachurus symmetricus","Fis-22970"
-113,21.5,0.15,"Trachurus symmetricus","Fis-22970"
-112.5,21.5,0.17,"Trachurus symmetricus","Fis-22970"
-112,21.5,0.18,"Trachurus symmetricus","Fis-22970"
-111.5,21.5,0.2,"Trachurus symmetricus","Fis-22970"
-111,21.5,0.21,"Trachurus symmetricus","Fis-22970"
-110.5,21.5,0.22,"Trachurus symmetricus","Fis-22970"
-110,21.5,0.24,"Trachurus symmetricus","Fis-22970"
-109.5,21.5,0.26,"Trachurus symmetricus","Fis-22970"
-109,21.5,0.27,"Trachurus symmetricus","Fis-22970"
-108.5,21.5,0.26,"Trachurus symmetricus","Fis-22970"
-108,21.5,0.26,"Trachurus symmetricus","Fis-22970"
-107.5,21.5,0.27,"Trachurus symmetricus","Fis-22970"
-107,21.5,0.37,"Trachurus symmetricus","Fis-22970"
-106.5,21.5,0.34,"Trachurus symmetricus","Fis-22970"
-106,21.5,0.3,"Trachurus symmetricus","Fis-22970"
-105.5,21.5,0.26,"Trachurus symmetricus","Fis-22970"
-105,21.5,0.29,"Trachurus symmetricus","Fis-22970"
-158.5,21,0.01,"Trachurus symmetricus","Fis-22970"
-158,21,0.01,"Trachurus symmetricus","Fis-22970"
-157.5,21,0.01,"Trachurus symmetricus","Fis-22970"
-157,21,0.02,"Trachurus symmetricus","Fis-22970"
-156.5,21,0.01,"Trachurus symmetricus","Fis-22970"
-154.5,21,0.01,"Trachurus symmetricus","Fis-22970"
-154,21,0.02,"Trachurus symmetricus","Fis-22970"
-153.5,21,0.01,"Trachurus symmetricus","Fis-22970"
-153,21,0.01,"Trachurus symmetricus","Fis-22970"
-152.5,21,0.01,"Trachurus symmetricus","Fis-22970"
-152,21,0.01,"Trachurus symmetricus","Fis-22970"
-151.5,21,0.01,"Trachurus symmetricus","Fis-22970"
-151,21,0.01,"Trachurus symmetricus","Fis-22970"
-150.5,21,0.01,"Trachurus symmetricus","Fis-22970"
-150,21,0.01,"Trachurus symmetricus","Fis-22970"
-149.5,21,0.02,"Trachurus symmetricus","Fis-22970"
-149,21,0.02,"Trachurus symmetricus","Fis-22970"
-148.5,21,0.02,"Trachurus symmetricus","Fis-22970"
-148,21,0.02,"Trachurus symmetricus","Fis-22970"
-147.5,21,0.02,"Trachurus symmetricus","Fis-22970"
-147,21,0.02,"Trachurus symmetricus","Fis-22970"
-146.5,21,0.02,"Trachurus symmetricus","Fis-22970"
-146,21,0.02,"Trachurus symmetricus","Fis-22970"
-145.5,21,0.02,"Trachurus symmetricus","Fis-22970"
-145,21,0.02,"Trachurus symmetricus","Fis-22970"
-144.5,21,0.02,"Trachurus symmetricus","Fis-22970"
-144,21,0.02,"Trachurus symmetricus","Fis-22970"
-143.5,21,0.03,"Trachurus symmetricus","Fis-22970"
-143,21,0.03,"Trachurus symmetricus","Fis-22970"
-142.5,21,0.03,"Trachurus symmetricus","Fis-22970"
-142,21,0.03,"Trachurus symmetricus","Fis-22970"
-141.5,21,0.02,"Trachurus symmetricus","Fis-22970"
-141,21,0.02,"Trachurus symmetricus","Fis-22970"
-140.5,21,0.02,"Trachurus symmetricus","Fis-22970"
-140,21,0.02,"Trachurus symmetricus","Fis-22970"
-139.5,21,0.02,"Trachurus symmetricus","Fis-22970"
-139,21,0.02,"Trachurus symmetricus","Fis-22970"
-138.5,21,0.02,"Trachurus symmetricus","Fis-22970"
-138,21,0.02,"Trachurus symmetricus","Fis-22970"
-137.5,21,0.02,"Trachurus symmetricus","Fis-22970"
-137,21,0.02,"Trachurus symmetricus","Fis-22970"
-136.5,21,0.01,"Trachurus symmetricus","Fis-22970"
-136,21,0.01,"Trachurus symmetricus","Fis-22970"
-135.5,21,0.02,"Trachurus symmetricus","Fis-22970"
-135,21,0.02,"Trachurus symmetricus","Fis-22970"
-134.5,21,0.02,"Trachurus symmetricus","Fis-22970"
-134,21,0.01,"Trachurus symmetricus","Fis-22970"
-133.5,21,0.01,"Trachurus symmetricus","Fis-22970"
-133,21,0.01,"Trachurus symmetricus","Fis-22970"
-132.5,21,0.01,"Trachurus symmetricus","Fis-22970"
-132,21,0.01,"Trachurus symmetricus","Fis-22970"
-131.5,21,0.01,"Trachurus symmetricus","Fis-22970"
-131,21,0.01,"Trachurus symmetricus","Fis-22970"
-130.5,21,0.01,"Trachurus symmetricus","Fis-22970"
-130,21,0.01,"Trachurus symmetricus","Fis-22970"
-129.5,21,0.01,"Trachurus symmetricus","Fis-22970"
-129,21,0.01,"Trachurus symmetricus","Fis-22970"
-128.5,21,0.01,"Trachurus symmetricus","Fis-22970"
-128,21,0.01,"Trachurus symmetricus","Fis-22970"
-127.5,21,0.01,"Trachurus symmetricus","Fis-22970"
-127,21,0.02,"Trachurus symmetricus","Fis-22970"
-126.5,21,0.02,"Trachurus symmetricus","Fis-22970"
-126,21,0.01,"Trachurus symmetricus","Fis-22970"
-125.5,21,0.01,"Trachurus symmetricus","Fis-22970"
-125,21,0.01,"Trachurus symmetricus","Fis-22970"
-124.5,21,0.02,"Trachurus symmetricus","Fis-22970"
-124,21,0.02,"Trachurus symmetricus","Fis-22970"
-123.5,21,0.02,"Trachurus symmetricus","Fis-22970"
-123,21,0.02,"Trachurus symmetricus","Fis-22970"
-122.5,21,0.02,"Trachurus symmetricus","Fis-22970"
-122,21,0.02,"Trachurus symmetricus","Fis-22970"
-121.5,21,0.03,"Trachurus symmetricus","Fis-22970"
-121,21,0.03,"Trachurus symmetricus","Fis-22970"
-120.5,21,0.03,"Trachurus symmetricus","Fis-22970"
-120,21,0.04,"Trachurus symmetricus","Fis-22970"
-119.5,21,0.04,"Trachurus symmetricus","Fis-22970"
-119,21,0.05,"Trachurus symmetricus","Fis-22970"
-118.5,21,0.05,"Trachurus symmetricus","Fis-22970"
-118,21,0.06,"Trachurus symmetricus","Fis-22970"
-117.5,21,0.07,"Trachurus symmetricus","Fis-22970"
-117,21,0.07,"Trachurus symmetricus","Fis-22970"
-116.5,21,0.08,"Trachurus symmetricus","Fis-22970"
-116,21,0.09,"Trachurus symmetricus","Fis-22970"
-115.5,21,0.1,"Trachurus symmetricus","Fis-22970"
-115,21,0.11,"Trachurus symmetricus","Fis-22970"
-114.5,21,0.12,"Trachurus symmetricus","Fis-22970"
-114,21,0.12,"Trachurus symmetricus","Fis-22970"
-113.5,21,0.13,"Trachurus symmetricus","Fis-22970"
-113,21,0.15,"Trachurus symmetricus","Fis-22970"
-112.5,21,0.16,"Trachurus symmetricus","Fis-22970"
-112,21,0.18,"Trachurus symmetricus","Fis-22970"
-111.5,21,0.19,"Trachurus symmetricus","Fis-22970"
-111,21,0.21,"Trachurus symmetricus","Fis-22970"
-110.5,21,0.22,"Trachurus symmetricus","Fis-22970"
-110,21,0.24,"Trachurus symmetricus","Fis-22970"
-109.5,21,0.25,"Trachurus symmetricus","Fis-22970"
-109,21,0.26,"Trachurus symmetricus","Fis-22970"
-108.5,21,0.26,"Trachurus symmetricus","Fis-22970"
-108,21,0.26,"Trachurus symmetricus","Fis-22970"
-107.5,21,0.29,"Trachurus symmetricus","Fis-22970"
-107,21,0.37,"Trachurus symmetricus","Fis-22970"
-106.5,21,0.32,"Trachurus symmetricus","Fis-22970"
-106,21,0.28,"Trachurus symmetricus","Fis-22970"
-105.5,21,0.26,"Trachurus symmetricus","Fis-22970"
-105,21,0.23,"Trachurus symmetricus","Fis-22970"
-159,20.5,0.01,"Trachurus symmetricus","Fis-22970"
-158.5,20.5,0.01,"Trachurus symmetricus","Fis-22970"
-158,20.5,0.01,"Trachurus symmetricus","Fis-22970"
-157.5,20.5,0.02,"Trachurus symmetricus","Fis-22970"
-157,20.5,0.03,"Trachurus symmetricus","Fis-22970"
-156.5,20.5,0.04,"Trachurus symmetricus","Fis-22970"
-156,20.5,0.03,"Trachurus symmetricus","Fis-22970"
-155.5,20.5,0.01,"Trachurus symmetricus","Fis-22970"
-155,20.5,0.01,"Trachurus symmetricus","Fis-22970"
-154.5,20.5,0.02,"Trachurus symmetricus","Fis-22970"
-154,20.5,0.03,"Trachurus symmetricus","Fis-22970"
-153.5,20.5,0.03,"Trachurus symmetricus","Fis-22970"
-153,20.5,0.02,"Trachurus symmetricus","Fis-22970"
-152.5,20.5,0.02,"Trachurus symmetricus","Fis-22970"
-152,20.5,0.02,"Trachurus symmetricus","Fis-22970"
-151.5,20.5,0.02,"Trachurus symmetricus","Fis-22970"
-151,20.5,0.02,"Trachurus symmetricus","Fis-22970"
-150.5,20.5,0.02,"Trachurus symmetricus","Fis-22970"
-150,20.5,0.02,"Trachurus symmetricus","Fis-22970"
-149.5,20.5,0.03,"Trachurus symmetricus","Fis-22970"
-149,20.5,0.04,"Trachurus symmetricus","Fis-22970"
-148.5,20.5,0.04,"Trachurus symmetricus","Fis-22970"
-148,20.5,0.04,"Trachurus symmetricus","Fis-22970"
-147.5,20.5,0.04,"Trachurus symmetricus","Fis-22970"
-147,20.5,0.04,"Trachurus symmetricus","Fis-22970"
-146.5,20.5,0.04,"Trachurus symmetricus","Fis-22970"
-146,20.5,0.05,"Trachurus symmetricus","Fis-22970"
-145.5,20.5,0.05,"Trachurus symmetricus","Fis-22970"
-145,20.5,0.06,"Trachurus symmetricus","Fis-22970"
-144.5,20.5,0.06,"Trachurus symmetricus","Fis-22970"
-144,20.5,0.06,"Trachurus symmetricus","Fis-22970"
-143.5,20.5,0.06,"Trachurus symmetricus","Fis-22970"
-143,20.5,0.07,"Trachurus symmetricus","Fis-22970"
-142.5,20.5,0.07,"Trachurus symmetricus","Fis-22970"
-142,20.5,0.06,"Trachurus symmetricus","Fis-22970"
-141.5,20.5,0.06,"Trachurus symmetricus","Fis-22970"
-141,20.5,0.04,"Trachurus symmetricus","Fis-22970"
-140.5,20.5,0.04,"Trachurus symmetricus","Fis-22970"
-140,20.5,0.04,"Trachurus symmetricus","Fis-22970"
-139.5,20.5,0.04,"Trachurus symmetricus","Fis-22970"
-139,20.5,0.05,"Trachurus symmetricus","Fis-22970"
-138.5,20.5,0.05,"Trachurus symmetricus","Fis-22970"
-138,20.5,0.04,"Trachurus symmetricus","Fis-22970"
-137.5,20.5,0.04,"Trachurus symmetricus","Fis-22970"
-137,20.5,0.03,"Trachurus symmetricus","Fis-22970"
-136.5,20.5,0.03,"Trachurus symmetricus","Fis-22970"
-136,20.5,0.03,"Trachurus symmetricus","Fis-22970"
-135.5,20.5,0.03,"Trachurus symmetricus","Fis-22970"
-135,20.5,0.03,"Trachurus symmetricus","Fis-22970"
-134.5,20.5,0.03,"Trachurus symmetricus","Fis-22970"
-134,20.5,0.03,"Trachurus symmetricus","Fis-22970"
-133.5,20.5,0.02,"Trachurus symmetricus","Fis-22970"
-133,20.5,0.02,"Trachurus symmetricus","Fis-22970"
-132.5,20.5,0.02,"Trachurus symmetricus","Fis-22970"
-132,20.5,0.02,"Trachurus symmetricus","Fis-22970"
-131.5,20.5,0.02,"Trachurus symmetricus","Fis-22970"
-131,20.5,0.02,"Trachurus symmetricus","Fis-22970"
-130.5,20.5,0.02,"Trachurus symmetricus","Fis-22970"
-130,20.5,0.02,"Trachurus symmetricus","Fis-22970"
-129.5,20.5,0.02,"Trachurus symmetricus","Fis-22970"
-129,20.5,0.01,"Trachurus symmetricus","Fis-22970"
-128.5,20.5,0.01,"Trachurus symmetricus","Fis-22970"
-128,20.5,0.01,"Trachurus symmetricus","Fis-22970"
-127.5,20.5,0.02,"Trachurus symmetricus","Fis-22970"
-127,20.5,0.03,"Trachurus symmetricus","Fis-22970"
-126.5,20.5,0.03,"Trachurus symmetricus","Fis-22970"
-126,20.5,0.03,"Trachurus symmetricus","Fis-22970"
-125.5,20.5,0.02,"Trachurus symmetricus","Fis-22970"
-125,20.5,0.02,"Trachurus symmetricus","Fis-22970"
-124.5,20.5,0.02,"Trachurus symmetricus","Fis-22970"
-124,20.5,0.02,"Trachurus symmetricus","Fis-22970"
-123.5,20.5,0.02,"Trachurus symmetricus","Fis-22970"
-123,20.5,0.02,"Trachurus symmetricus","Fis-22970"
-122.5,20.5,0.02,"Trachurus symmetricus","Fis-22970"
-122,20.5,0.03,"Trachurus symmetricus","Fis-22970"
-121.5,20.5,0.03,"Trachurus symmetricus","Fis-22970"
-121,20.5,0.03,"Trachurus symmetricus","Fis-22970"
-120.5,20.5,0.04,"Trachurus symmetricus","Fis-22970"
-120,20.5,0.05,"Trachurus symmetricus","Fis-22970"
-119.5,20.5,0.05,"Trachurus symmetricus","Fis-22970"
-119,20.5,0.06,"Trachurus symmetricus","Fis-22970"
-118.5,20.5,0.06,"Trachurus symmetricus","Fis-22970"
-118,20.5,0.07,"Trachurus symmetricus","Fis-22970"
-117.5,20.5,0.07,"Trachurus symmetricus","Fis-22970"
-117,20.5,0.08,"Trachurus symmetricus","Fis-22970"
-116.5,20.5,0.09,"Trachurus symmetricus","Fis-22970"
-116,20.5,0.1,"Trachurus symmetricus","Fis-22970"
-115.5,20.5,0.11,"Trachurus symmetricus","Fis-22970"
-115,20.5,0.11,"Trachurus symmetricus","Fis-22970"
-114.5,20.5,0.12,"Trachurus symmetricus","Fis-22970"
-114,20.5,0.13,"Trachurus symmetricus","Fis-22970"
-113.5,20.5,0.14,"Trachurus symmetricus","Fis-22970"
-113,20.5,0.15,"Trachurus symmetricus","Fis-22970"
-112.5,20.5,0.16,"Trachurus symmetricus","Fis-22970"
-112,20.5,0.18,"Trachurus symmetricus","Fis-22970"
-111.5,20.5,0.2,"Trachurus symmetricus","Fis-22970"
-111,20.5,0.22,"Trachurus symmetricus","Fis-22970"
-110.5,20.5,0.23,"Trachurus symmetricus","Fis-22970"
-110,20.5,0.24,"Trachurus symmetricus","Fis-22970"
-109.5,20.5,0.25,"Trachurus symmetricus","Fis-22970"
-109,20.5,0.25,"Trachurus symmetricus","Fis-22970"
-108.5,20.5,0.25,"Trachurus symmetricus","Fis-22970"
-108,20.5,0.26,"Trachurus symmetricus","Fis-22970"
-107.5,20.5,0.28,"Trachurus symmetricus","Fis-22970"
-107,20.5,0.35,"Trachurus symmetricus","Fis-22970"
-106.5,20.5,0.32,"Trachurus symmetricus","Fis-22970"
-106,20.5,0.28,"Trachurus symmetricus","Fis-22970"
-105.5,20.5,0.3,"Trachurus symmetricus","Fis-22970"
-105,20.5,0.27,"Trachurus symmetricus","Fis-22970"
-163,20,0.01,"Trachurus symmetricus","Fis-22970"
-162.5,20,0.01,"Trachurus symmetricus","Fis-22970"
-162,20,0.01,"Trachurus symmetricus","Fis-22970"
-161.5,20,0.01,"Trachurus symmetricus","Fis-22970"
-161,20,0.01,"Trachurus symmetricus","Fis-22970"
-160.5,20,0.01,"Trachurus symmetricus","Fis-22970"
-160,20,0.01,"Trachurus symmetricus","Fis-22970"
-159.5,20,0.01,"Trachurus symmetricus","Fis-22970"
-159,20,0.01,"Trachurus symmetricus","Fis-22970"
-158.5,20,0.01,"Trachurus symmetricus","Fis-22970"
-158,20,0.01,"Trachurus symmetricus","Fis-22970"
-157.5,20,0.02,"Trachurus symmetricus","Fis-22970"
-157,20,0.03,"Trachurus symmetricus","Fis-22970"
-156.5,20,0.04,"Trachurus symmetricus","Fis-22970"
-156,20,0.07,"Trachurus symmetricus","Fis-22970"
-155.5,20,0.06,"Trachurus symmetricus","Fis-22970"
-155,20,0.05,"Trachurus symmetricus","Fis-22970"
-154.5,20,0.04,"Trachurus symmetricus","Fis-22970"
-154,20,0.04,"Trachurus symmetricus","Fis-22970"
-153.5,20,0.03,"Trachurus symmetricus","Fis-22970"
-153,20,0.03,"Trachurus symmetricus","Fis-22970"
-152.5,20,0.03,"Trachurus symmetricus","Fis-22970"
-152,20,0.03,"Trachurus symmetricus","Fis-22970"
-151.5,20,0.03,"Trachurus symmetricus","Fis-22970"
-151,20,0.03,"Trachurus symmetricus","Fis-22970"
-150.5,20,0.03,"Trachurus symmetricus","Fis-22970"
-150,20,0.04,"Trachurus symmetricus","Fis-22970"
-149.5,20,0.05,"Trachurus symmetricus","Fis-22970"
-149,20,0.06,"Trachurus symmetricus","Fis-22970"
-148.5,20,0.06,"Trachurus symmetricus","Fis-22970"
-148,20,0.07,"Trachurus symmetricus","Fis-22970"
-147.5,20,0.07,"Trachurus symmetricus","Fis-22970"
-147,20,0.08,"Trachurus symmetricus","Fis-22970"
-146.5,20,0.09,"Trachurus symmetricus","Fis-22970"
-146,20,0.1,"Trachurus symmetricus","Fis-22970"
-145.5,20,0.11,"Trachurus symmetricus","Fis-22970"
-145,20,0.11,"Trachurus symmetricus","Fis-22970"
-144.5,20,0.12,"Trachurus symmetricus","Fis-22970"
-144,20,0.12,"Trachurus symmetricus","Fis-22970"
-143.5,20,0.13,"Trachurus symmetricus","Fis-22970"
-143,20,0.13,"Trachurus symmetricus","Fis-22970"
-142.5,20,0.13,"Trachurus symmetricus","Fis-22970"
-142,20,0.12,"Trachurus symmetricus","Fis-22970"
-141.5,20,0.11,"Trachurus symmetricus","Fis-22970"
-141,20,0.1,"Trachurus symmetricus","Fis-22970"
-140.5,20,0.09,"Trachurus symmetricus","Fis-22970"
-140,20,0.09,"Trachurus symmetricus","Fis-22970"
-139.5,20,0.08,"Trachurus symmetricus","Fis-22970"
-139,20,0.09,"Trachurus symmetricus","Fis-22970"
-138.5,20,0.09,"Trachurus symmetricus","Fis-22970"
-138,20,0.09,"Trachurus symmetricus","Fis-22970"
-137.5,20,0.08,"Trachurus symmetricus","Fis-22970"
-137,20,0.08,"Trachurus symmetricus","Fis-22970"
-136.5,20,0.07,"Trachurus symmetricus","Fis-22970"
-136,20,0.08,"Trachurus symmetricus","Fis-22970"
-135.5,20,0.08,"Trachurus symmetricus","Fis-22970"
-135,20,0.07,"Trachurus symmetricus","Fis-22970"
-134.5,20,0.06,"Trachurus symmetricus","Fis-22970"
-134,20,0.05,"Trachurus symmetricus","Fis-22970"
-133.5,20,0.04,"Trachurus symmetricus","Fis-22970"
-133,20,0.04,"Trachurus symmetricus","Fis-22970"
-132.5,20,0.03,"Trachurus symmetricus","Fis-22970"
-132,20,0.03,"Trachurus symmetricus","Fis-22970"
-131.5,20,0.03,"Trachurus symmetricus","Fis-22970"
-131,20,0.03,"Trachurus symmetricus","Fis-22970"
-130.5,20,0.04,"Trachurus symmetricus","Fis-22970"
-130,20,0.04,"Trachurus symmetricus","Fis-22970"
-129.5,20,0.04,"Trachurus symmetricus","Fis-22970"
-129,20,0.04,"Trachurus symmetricus","Fis-22970"
-128.5,20,0.03,"Trachurus symmetricus","Fis-22970"
-128,20,0.03,"Trachurus symmetricus","Fis-22970"
-127.5,20,0.03,"Trachurus symmetricus","Fis-22970"
-127,20,0.04,"Trachurus symmetricus","Fis-22970"
-126.5,20,0.04,"Trachurus symmetricus","Fis-22970"
-126,20,0.04,"Trachurus symmetricus","Fis-22970"
-125.5,20,0.04,"Trachurus symmetricus","Fis-22970"
-125,20,0.04,"Trachurus symmetricus","Fis-22970"
-124.5,20,0.03,"Trachurus symmetricus","Fis-22970"
-124,20,0.03,"Trachurus symmetricus","Fis-22970"
-123.5,20,0.03,"Trachurus symmetricus","Fis-22970"
-123,20,0.03,"Trachurus symmetricus","Fis-22970"
-122.5,20,0.03,"Trachurus symmetricus","Fis-22970"
-122,20,0.03,"Trachurus symmetricus","Fis-22970"
-121.5,20,0.04,"Trachurus symmetricus","Fis-22970"
-121,20,0.04,"Trachurus symmetricus","Fis-22970"
-120.5,20,0.05,"Trachurus symmetricus","Fis-22970"
-120,20,0.05,"Trachurus symmetricus","Fis-22970"
-119.5,20,0.06,"Trachurus symmetricus","Fis-22970"
-119,20,0.06,"Trachurus symmetricus","Fis-22970"
-118.5,20,0.07,"Trachurus symmetricus","Fis-22970"
-118,20,0.07,"Trachurus symmetricus","Fis-22970"
-117.5,20,0.08,"Trachurus symmetricus","Fis-22970"
-117,20,0.09,"Trachurus symmetricus","Fis-22970"
-116.5,20,0.09,"Trachurus symmetricus","Fis-22970"
-116,20,0.1,"Trachurus symmetricus","Fis-22970"
-115.5,20,0.11,"Trachurus symmetricus","Fis-22970"
-115,20,0.12,"Trachurus symmetricus","Fis-22970"
-114.5,20,0.12,"Trachurus symmetricus","Fis-22970"
-114,20,0.13,"Trachurus symmetricus","Fis-22970"
-113.5,20,0.13,"Trachurus symmetricus","Fis-22970"
-113,20,0.15,"Trachurus symmetricus","Fis-22970"
-112.5,20,0.16,"Trachurus symmetricus","Fis-22970"
-112,20,0.17,"Trachurus symmetricus","Fis-22970"
-111.5,20,0.2,"Trachurus symmetricus","Fis-22970"
-111,20,0.24,"Trachurus symmetricus","Fis-22970"
-110.5,20,0.26,"Trachurus symmetricus","Fis-22970"
-110,20,0.26,"Trachurus symmetricus","Fis-22970"
-109.5,20,0.25,"Trachurus symmetricus","Fis-22970"
-109,20,0.24,"Trachurus symmetricus","Fis-22970"
-108.5,20,0.24,"Trachurus symmetricus","Fis-22970"
-108,20,0.25,"Trachurus symmetricus","Fis-22970"
-107.5,20,0.28,"Trachurus symmetricus","Fis-22970"
-107,20,0.36,"Trachurus symmetricus","Fis-22970"
-106.5,20,0.33,"Trachurus symmetricus","Fis-22970"
-106,20,0.31,"Trachurus symmetricus","Fis-22970"
-105.5,20,0.33,"Trachurus symmetricus","Fis-22970"
-105,20,0.23,"Trachurus symmetricus","Fis-22970"
-166,19.5,0.01,"Trachurus symmetricus","Fis-22970"
-165.5,19.5,0.01,"Trachurus symmetricus","Fis-22970"
-165,19.5,0.01,"Trachurus symmetricus","Fis-22970"
-164.5,19.5,0.01,"Trachurus symmetricus","Fis-22970"
-164,19.5,0.01,"Trachurus symmetricus","Fis-22970"
-163.5,19.5,0.01,"Trachurus symmetricus","Fis-22970"
-163,19.5,0.01,"Trachurus symmetricus","Fis-22970"
-162.5,19.5,0.01,"Trachurus symmetricus","Fis-22970"
-162,19.5,0.01,"Trachurus symmetricus","Fis-22970"
-161.5,19.5,0.02,"Trachurus symmetricus","Fis-22970"
-161,19.5,0.02,"Trachurus symmetricus","Fis-22970"
-160.5,19.5,0.02,"Trachurus symmetricus","Fis-22970"
-160,19.5,0.02,"Trachurus symmetricus","Fis-22970"
-159.5,19.5,0.01,"Trachurus symmetricus","Fis-22970"
-159,19.5,0.01,"Trachurus symmetricus","Fis-22970"
-158.5,19.5,0.01,"Trachurus symmetricus","Fis-22970"
-158,19.5,0.02,"Trachurus symmetricus","Fis-22970"
-157.5,19.5,0.02,"Trachurus symmetricus","Fis-22970"
-157,19.5,0.03,"Trachurus symmetricus","Fis-22970"
-156.5,19.5,0.05,"Trachurus symmetricus","Fis-22970"
-156,19.5,0.09,"Trachurus symmetricus","Fis-22970"
-155.5,19.5,0.09,"Trachurus symmetricus","Fis-22970"
-155,19.5,0.08,"Trachurus symmetricus","Fis-22970"
-154.5,19.5,0.07,"Trachurus symmetricus","Fis-22970"
-154,19.5,0.05,"Trachurus symmetricus","Fis-22970"
-153.5,19.5,0.04,"Trachurus symmetricus","Fis-22970"
-153,19.5,0.04,"Trachurus symmetricus","Fis-22970"
-152.5,19.5,0.04,"Trachurus symmetricus","Fis-22970"
-152,19.5,0.04,"Trachurus symmetricus","Fis-22970"
-151.5,19.5,0.04,"Trachurus symmetricus","Fis-22970"
-151,19.5,0.05,"Trachurus symmetricus","Fis-22970"
-150.5,19.5,0.06,"Trachurus symmetricus","Fis-22970"
-150,19.5,0.07,"Trachurus symmetricus","Fis-22970"
-149.5,19.5,0.08,"Trachurus symmetricus","Fis-22970"
-149,19.5,0.09,"Trachurus symmetricus","Fis-22970"
-148.5,19.5,0.1,"Trachurus symmetricus","Fis-22970"
-148,19.5,0.11,"Trachurus symmetricus","Fis-22970"
-147.5,19.5,0.12,"Trachurus symmetricus","Fis-22970"
-147,19.5,0.13,"Trachurus symmetricus","Fis-22970"
-146.5,19.5,0.15,"Trachurus symmetricus","Fis-22970"
-146,19.5,0.17,"Trachurus symmetricus","Fis-22970"
-145.5,19.5,0.18,"Trachurus symmetricus","Fis-22970"
-145,19.5,0.18,"Trachurus symmetricus","Fis-22970"
-144.5,19.5,0.18,"Trachurus symmetricus","Fis-22970"
-144,19.5,0.18,"Trachurus symmetricus","Fis-22970"
-143.5,19.5,0.19,"Trachurus symmetricus","Fis-22970"
-143,19.5,0.2,"Trachurus symmetricus","Fis-22970"
-142.5,19.5,0.21,"Trachurus symmetricus","Fis-22970"
-142,19.5,0.22,"Trachurus symmetricus","Fis-22970"
-141.5,19.5,0.21,"Trachurus symmetricus","Fis-22970"
-141,19.5,0.19,"Trachurus symmetricus","Fis-22970"
-140.5,19.5,0.18,"Trachurus symmetricus","Fis-22970"
-140,19.5,0.16,"Trachurus symmetricus","Fis-22970"
-139.5,19.5,0.15,"Trachurus symmetricus","Fis-22970"
-139,19.5,0.16,"Trachurus symmetricus","Fis-22970"
-138.5,19.5,0.16,"Trachurus symmetricus","Fis-22970"
-138,19.5,0.15,"Trachurus symmetricus","Fis-22970"
-137.5,19.5,0.14,"Trachurus symmetricus","Fis-22970"
-137,19.5,0.12,"Trachurus symmetricus","Fis-22970"
-136.5,19.5,0.12,"Trachurus symmetricus","Fis-22970"
-136,19.5,0.12,"Trachurus symmetricus","Fis-22970"
-135.5,19.5,0.12,"Trachurus symmetricus","Fis-22970"
-135,19.5,0.13,"Trachurus symmetricus","Fis-22970"
-134.5,19.5,0.13,"Trachurus symmetricus","Fis-22970"
-134,19.5,0.11,"Trachurus symmetricus","Fis-22970"
-133.5,19.5,0.08,"Trachurus symmetricus","Fis-22970"
-133,19.5,0.07,"Trachurus symmetricus","Fis-22970"
-132.5,19.5,0.06,"Trachurus symmetricus","Fis-22970"
-132,19.5,0.06,"Trachurus symmetricus","Fis-22970"
-131.5,19.5,0.06,"Trachurus symmetricus","Fis-22970"
-131,19.5,0.07,"Trachurus symmetricus","Fis-22970"
-130.5,19.5,0.08,"Trachurus symmetricus","Fis-22970"
-130,19.5,0.09,"Trachurus symmetricus","Fis-22970"
-129.5,19.5,0.09,"Trachurus symmetricus","Fis-22970"
-129,19.5,0.09,"Trachurus symmetricus","Fis-22970"
-128.5,19.5,0.08,"Trachurus symmetricus","Fis-22970"
-128,19.5,0.07,"Trachurus symmetricus","Fis-22970"
-127.5,19.5,0.08,"Trachurus symmetricus","Fis-22970"
-127,19.5,0.09,"Trachurus symmetricus","Fis-22970"
-126.5,19.5,0.09,"Trachurus symmetricus","Fis-22970"
-126,19.5,0.06,"Trachurus symmetricus","Fis-22970"
-125.5,19.5,0.05,"Trachurus symmetricus","Fis-22970"
-125,19.5,0.05,"Trachurus symmetricus","Fis-22970"
-124.5,19.5,0.03,"Trachurus symmetricus","Fis-22970"
-124,19.5,0.03,"Trachurus symmetricus","Fis-22970"
-123.5,19.5,0.03,"Trachurus symmetricus","Fis-22970"
-123,19.5,0.04,"Trachurus symmetricus","Fis-22970"
-122.5,19.5,0.04,"Trachurus symmetricus","Fis-22970"
-122,19.5,0.04,"Trachurus symmetricus","Fis-22970"
-121.5,19.5,0.05,"Trachurus symmetricus","Fis-22970"
-121,19.5,0.05,"Trachurus symmetricus","Fis-22970"
-120.5,19.5,0.06,"Trachurus symmetricus","Fis-22970"
-120,19.5,0.06,"Trachurus symmetricus","Fis-22970"
-119.5,19.5,0.06,"Trachurus symmetricus","Fis-22970"
-119,19.5,0.07,"Trachurus symmetricus","Fis-22970"
-118.5,19.5,0.07,"Trachurus symmetricus","Fis-22970"
-118,19.5,0.08,"Trachurus symmetricus","Fis-22970"
-117.5,19.5,0.08,"Trachurus symmetricus","Fis-22970"
-117,19.5,0.09,"Trachurus symmetricus","Fis-22970"
-116.5,19.5,0.09,"Trachurus symmetricus","Fis-22970"
-116,19.5,0.1,"Trachurus symmetricus","Fis-22970"
-115.5,19.5,0.11,"Trachurus symmetricus","Fis-22970"
-115,19.5,0.11,"Trachurus symmetricus","Fis-22970"
-114.5,19.5,0.12,"Trachurus symmetricus","Fis-22970"
-114,19.5,0.12,"Trachurus symmetricus","Fis-22970"
-113.5,19.5,0.13,"Trachurus symmetricus","Fis-22970"
-113,19.5,0.14,"Trachurus symmetricus","Fis-22970"
-112.5,19.5,0.15,"Trachurus symmetricus","Fis-22970"
-112,19.5,0.16,"Trachurus symmetricus","Fis-22970"
-111.5,19.5,0.19,"Trachurus symmetricus","Fis-22970"
-111,19.5,0.22,"Trachurus symmetricus","Fis-22970"
-110.5,19.5,0.25,"Trachurus symmetricus","Fis-22970"
-110,19.5,0.27,"Trachurus symmetricus","Fis-22970"
-109.5,19.5,0.27,"Trachurus symmetricus","Fis-22970"
-109,19.5,0.26,"Trachurus symmetricus","Fis-22970"
-108.5,19.5,0.24,"Trachurus symmetricus","Fis-22970"
-108,19.5,0.24,"Trachurus symmetricus","Fis-22970"
-107.5,19.5,0.28,"Trachurus symmetricus","Fis-22970"
-107,19.5,0.37,"Trachurus symmetricus","Fis-22970"
-106.5,19.5,0.33,"Trachurus symmetricus","Fis-22970"
-106,19.5,0.31,"Trachurus symmetricus","Fis-22970"
-105.5,19.5,0.31,"Trachurus symmetricus","Fis-22970"
-105,19.5,0.27,"Trachurus symmetricus","Fis-22970"
-170,19,0.01,"Trachurus symmetricus","Fis-22970"
-169.5,19,0.01,"Trachurus symmetricus","Fis-22970"
-169,19,0.01,"Trachurus symmetricus","Fis-22970"
-168.5,19,0.01,"Trachurus symmetricus","Fis-22970"
-168,19,0.01,"Trachurus symmetricus","Fis-22970"
-167.5,19,0.01,"Trachurus symmetricus","Fis-22970"
-167,19,0.01,"Trachurus symmetricus","Fis-22970"
-166.5,19,0.01,"Trachurus symmetricus","Fis-22970"
-166,19,0.01,"Trachurus symmetricus","Fis-22970"
-165.5,19,0.01,"Trachurus symmetricus","Fis-22970"
-165,19,0.01,"Trachurus symmetricus","Fis-22970"
-164.5,19,0.01,"Trachurus symmetricus","Fis-22970"
-164,19,0.01,"Trachurus symmetricus","Fis-22970"
-163.5,19,0.02,"Trachurus symmetricus","Fis-22970"
-163,19,0.02,"Trachurus symmetricus","Fis-22970"
-162.5,19,0.02,"Trachurus symmetricus","Fis-22970"
-162,19,0.02,"Trachurus symmetricus","Fis-22970"
-161.5,19,0.02,"Trachurus symmetricus","Fis-22970"
-161,19,0.02,"Trachurus symmetricus","Fis-22970"
-160.5,19,0.03,"Trachurus symmetricus","Fis-22970"
-160,19,0.03,"Trachurus symmetricus","Fis-22970"
-159.5,19,0.03,"Trachurus symmetricus","Fis-22970"
-159,19,0.03,"Trachurus symmetricus","Fis-22970"
-158.5,19,0.03,"Trachurus symmetricus","Fis-22970"
-158,19,0.03,"Trachurus symmetricus","Fis-22970"
-157.5,19,0.03,"Trachurus symmetricus","Fis-22970"
-157,19,0.04,"Trachurus symmetricus","Fis-22970"
-156.5,19,0.07,"Trachurus symmetricus","Fis-22970"
-156,19,0.12,"Trachurus symmetricus","Fis-22970"
-155.5,19,0.11,"Trachurus symmetricus","Fis-22970"
-155,19,0.1,"Trachurus symmetricus","Fis-22970"
-154.5,19,0.08,"Trachurus symmetricus","Fis-22970"
-154,19,0.06,"Trachurus symmetricus","Fis-22970"
-153.5,19,0.06,"Trachurus symmetricus","Fis-22970"
-153,19,0.06,"Trachurus symmetricus","Fis-22970"
-152.5,19,0.06,"Trachurus symmetricus","Fis-22970"
-152,19,0.07,"Trachurus symmetricus","Fis-22970"
-151.5,19,0.07,"Trachurus symmetricus","Fis-22970"
-151,19,0.09,"Trachurus symmetricus","Fis-22970"
-150.5,19,0.1,"Trachurus symmetricus","Fis-22970"
-150,19,0.12,"Trachurus symmetricus","Fis-22970"
-149.5,19,0.13,"Trachurus symmetricus","Fis-22970"
-149,19,0.14,"Trachurus symmetricus","Fis-22970"
-148.5,19,0.15,"Trachurus symmetricus","Fis-22970"
-148,19,0.17,"Trachurus symmetricus","Fis-22970"
-147.5,19,0.19,"Trachurus symmetricus","Fis-22970"
-147,19,0.2,"Trachurus symmetricus","Fis-22970"
-146.5,19,0.22,"Trachurus symmetricus","Fis-22970"
-146,19,0.23,"Trachurus symmetricus","Fis-22970"
-145.5,19,0.24,"Trachurus symmetricus","Fis-22970"
-145,19,0.24,"Trachurus symmetricus","Fis-22970"
-144.5,19,0.25,"Trachurus symmetricus","Fis-22970"
-144,19,0.26,"Trachurus symmetricus","Fis-22970"
-143.5,19,0.27,"Trachurus symmetricus","Fis-22970"
-143,19,0.29,"Trachurus symmetricus","Fis-22970"
-142.5,19,0.29,"Trachurus symmetricus","Fis-22970"
-142,19,0.3,"Trachurus symmetricus","Fis-22970"
-141.5,19,0.3,"Trachurus symmetricus","Fis-22970"
-141,19,0.29,"Trachurus symmetricus","Fis-22970"
-140.5,19,0.28,"Trachurus symmetricus","Fis-22970"
-140,19,0.26,"Trachurus symmetricus","Fis-22970"
-139.5,19,0.24,"Trachurus symmetricus","Fis-22970"
-139,19,0.24,"Trachurus symmetricus","Fis-22970"
-138.5,19,0.24,"Trachurus symmetricus","Fis-22970"
-138,19,0.23,"Trachurus symmetricus","Fis-22970"
-137.5,19,0.22,"Trachurus symmetricus","Fis-22970"
-137,19,0.2,"Trachurus symmetricus","Fis-22970"
-136.5,19,0.19,"Trachurus symmetricus","Fis-22970"
-136,19,0.19,"Trachurus symmetricus","Fis-22970"
-135.5,19,0.2,"Trachurus symmetricus","Fis-22970"
-135,19,0.21,"Trachurus symmetricus","Fis-22970"
-134.5,19,0.22,"Trachurus symmetricus","Fis-22970"
-134,19,0.21,"Trachurus symmetricus","Fis-22970"
-133.5,19,0.18,"Trachurus symmetricus","Fis-22970"
-133,19,0.16,"Trachurus symmetricus","Fis-22970"
-132.5,19,0.13,"Trachurus symmetricus","Fis-22970"
-132,19,0.12,"Trachurus symmetricus","Fis-22970"
-131.5,19,0.12,"Trachurus symmetricus","Fis-22970"
-131,19,0.12,"Trachurus symmetricus","Fis-22970"
-130.5,19,0.14,"Trachurus symmetricus","Fis-22970"
-130,19,0.15,"Trachurus symmetricus","Fis-22970"
-129.5,19,0.14,"Trachurus symmetricus","Fis-22970"
-129,19,0.12,"Trachurus symmetricus","Fis-22970"
-128.5,19,0.11,"Trachurus symmetricus","Fis-22970"
-128,19,0.11,"Trachurus symmetricus","Fis-22970"
-127.5,19,0.12,"Trachurus symmetricus","Fis-22970"
-127,19,0.13,"Trachurus symmetricus","Fis-22970"
-126.5,19,0.13,"Trachurus symmetricus","Fis-22970"
-126,19,0.11,"Trachurus symmetricus","Fis-22970"
-125.5,19,0.08,"Trachurus symmetricus","Fis-22970"
-125,19,0.08,"Trachurus symmetricus","Fis-22970"
-124.5,19,0.07,"Trachurus symmetricus","Fis-22970"
-124,19,0.06,"Trachurus symmetricus","Fis-22970"
-123.5,19,0.05,"Trachurus symmetricus","Fis-22970"
-123,19,0.06,"Trachurus symmetricus","Fis-22970"
-122.5,19,0.06,"Trachurus symmetricus","Fis-22970"
-122,19,0.07,"Trachurus symmetricus","Fis-22970"
-121.5,19,0.08,"Trachurus symmetricus","Fis-22970"
-121,19,0.08,"Trachurus symmetricus","Fis-22970"
-120.5,19,0.07,"Trachurus symmetricus","Fis-22970"
-120,19,0.07,"Trachurus symmetricus","Fis-22970"
-119.5,19,0.07,"Trachurus symmetricus","Fis-22970"
-119,19,0.07,"Trachurus symmetricus","Fis-22970"
-118.5,19,0.07,"Trachurus symmetricus","Fis-22970"
-118,19,0.08,"Trachurus symmetricus","Fis-22970"
-117.5,19,0.09,"Trachurus symmetricus","Fis-22970"
-117,19,0.09,"Trachurus symmetricus","Fis-22970"
-116.5,19,0.1,"Trachurus symmetricus","Fis-22970"
-116,19,0.1,"Trachurus symmetricus","Fis-22970"
-115.5,19,0.11,"Trachurus symmetricus","Fis-22970"
-115,19,0.11,"Trachurus symmetricus","Fis-22970"
-114.5,19,0.12,"Trachurus symmetricus","Fis-22970"
-114,19,0.12,"Trachurus symmetricus","Fis-22970"
-113.5,19,0.13,"Trachurus symmetricus","Fis-22970"
-113,19,0.13,"Trachurus symmetricus","Fis-22970"
-112.5,19,0.14,"Trachurus symmetricus","Fis-22970"
-112,19,0.15,"Trachurus symmetricus","Fis-22970"
-111.5,19,0.18,"Trachurus symmetricus","Fis-22970"
-111,19,0.21,"Trachurus symmetricus","Fis-22970"
-110.5,19,0.25,"Trachurus symmetricus","Fis-22970"
-110,19,0.25,"Trachurus symmetricus","Fis-22970"
-109.5,19,0.26,"Trachurus symmetricus","Fis-22970"
-109,19,0.27,"Trachurus symmetricus","Fis-22970"
-108.5,19,0.26,"Trachurus symmetricus","Fis-22970"
-108,19,0.25,"Trachurus symmetricus","Fis-22970"
-107.5,19,0.26,"Trachurus symmetricus","Fis-22970"
-107,19,0.33,"Trachurus symmetricus","Fis-22970"
-106.5,19,0.33,"Trachurus symmetricus","Fis-22970"
-106,19,0.31,"Trachurus symmetricus","Fis-22970"
-105.5,19,0.28,"Trachurus symmetricus","Fis-22970"
-105,19,0.26,"Trachurus symmetricus","Fis-22970"
-104.5,19,0.23,"Trachurus symmetricus","Fis-22970"
-104,19,0.19,"Trachurus symmetricus","Fis-22970"
-174.5,18.5,0.01,"Trachurus symmetricus","Fis-22970"
-174,18.5,0.01,"Trachurus symmetricus","Fis-22970"
-173.5,18.5,0.01,"Trachurus symmetricus","Fis-22970"
-173,18.5,0.01,"Trachurus symmetricus","Fis-22970"
-172.5,18.5,0.01,"Trachurus symmetricus","Fis-22970"
-172,18.5,0.01,"Trachurus symmetricus","Fis-22970"
-171.5,18.5,0.01,"Trachurus symmetricus","Fis-22970"
-171,18.5,0.01,"Trachurus symmetricus","Fis-22970"
-170.5,18.5,0.01,"Trachurus symmetricus","Fis-22970"
-170,18.5,0.01,"Trachurus symmetricus","Fis-22970"
-169.5,18.5,0.01,"Trachurus symmetricus","Fis-22970"
-169,18.5,0.01,"Trachurus symmetricus","Fis-22970"
-168.5,18.5,0.01,"Trachurus symmetricus","Fis-22970"
-168,18.5,0.01,"Trachurus symmetricus","Fis-22970"
-167.5,18.5,0.01,"Trachurus symmetricus","Fis-22970"
-167,18.5,0.01,"Trachurus symmetricus","Fis-22970"
-166.5,18.5,0.02,"Trachurus symmetricus","Fis-22970"
-166,18.5,0.02,"Trachurus symmetricus","Fis-22970"
-165.5,18.5,0.02,"Trachurus symmetricus","Fis-22970"
-165,18.5,0.02,"Trachurus symmetricus","Fis-22970"
-164.5,18.5,0.02,"Trachurus symmetricus","Fis-22970"
-164,18.5,0.02,"Trachurus symmetricus","Fis-22970"
-163.5,18.5,0.02,"Trachurus symmetricus","Fis-22970"
-163,18.5,0.02,"Trachurus symmetricus","Fis-22970"
-162.5,18.5,0.02,"Trachurus symmetricus","Fis-22970"
-162,18.5,0.03,"Trachurus symmetricus","Fis-22970"
-161.5,18.5,0.03,"Trachurus symmetricus","Fis-22970"
-161,18.5,0.03,"Trachurus symmetricus","Fis-22970"
-160.5,18.5,0.03,"Trachurus symmetricus","Fis-22970"
-160,18.5,0.04,"Trachurus symmetricus","Fis-22970"
-159.5,18.5,0.04,"Trachurus symmetricus","Fis-22970"
-159,18.5,0.04,"Trachurus symmetricus","Fis-22970"
-158.5,18.5,0.04,"Trachurus symmetricus","Fis-22970"
-158,18.5,0.05,"Trachurus symmetricus","Fis-22970"
-157.5,18.5,0.05,"Trachurus symmetricus","Fis-22970"
-157,18.5,0.06,"Trachurus symmetricus","Fis-22970"
-156.5,18.5,0.08,"Trachurus symmetricus","Fis-22970"
-156,18.5,0.11,"Trachurus symmetricus","Fis-22970"
-155.5,18.5,0.11,"Trachurus symmetricus","Fis-22970"
-155,18.5,0.1,"Trachurus symmetricus","Fis-22970"
-154.5,18.5,0.08,"Trachurus symmetricus","Fis-22970"
-154,18.5,0.08,"Trachurus symmetricus","Fis-22970"
-153.5,18.5,0.09,"Trachurus symmetricus","Fis-22970"
-153,18.5,0.1,"Trachurus symmetricus","Fis-22970"
-152.5,18.5,0.11,"Trachurus symmetricus","Fis-22970"
-152,18.5,0.12,"Trachurus symmetricus","Fis-22970"
-151.5,18.5,0.13,"Trachurus symmetricus","Fis-22970"
-151,18.5,0.15,"Trachurus symmetricus","Fis-22970"
-150.5,18.5,0.17,"Trachurus symmetricus","Fis-22970"
-150,18.5,0.18,"Trachurus symmetricus","Fis-22970"
-149.5,18.5,0.2,"Trachurus symmetricus","Fis-22970"
-149,18.5,0.21,"Trachurus symmetricus","Fis-22970"
-148.5,18.5,0.23,"Trachurus symmetricus","Fis-22970"
-148,18.5,0.24,"Trachurus symmetricus","Fis-22970"
-147.5,18.5,0.27,"Trachurus symmetricus","Fis-22970"
-147,18.5,0.28,"Trachurus symmetricus","Fis-22970"
-146.5,18.5,0.29,"Trachurus symmetricus","Fis-22970"
-146,18.5,0.3,"Trachurus symmetricus","Fis-22970"
-145.5,18.5,0.3,"Trachurus symmetricus","Fis-22970"
-145,18.5,0.31,"Trachurus symmetricus","Fis-22970"
-144.5,18.5,0.32,"Trachurus symmetricus","Fis-22970"
-144,18.5,0.33,"Trachurus symmetricus","Fis-22970"
-143.5,18.5,0.35,"Trachurus symmetricus","Fis-22970"
-143,18.5,0.36,"Trachurus symmetricus","Fis-22970"
-142.5,18.5,0.36,"Trachurus symmetricus","Fis-22970"
-142,18.5,0.37,"Trachurus symmetricus","Fis-22970"
-141.5,18.5,0.38,"Trachurus symmetricus","Fis-22970"
-141,18.5,0.37,"Trachurus symmetricus","Fis-22970"
-140.5,18.5,0.36,"Trachurus symmetricus","Fis-22970"
-140,18.5,0.34,"Trachurus symmetricus","Fis-22970"
-139.5,18.5,0.34,"Trachurus symmetricus","Fis-22970"
-139,18.5,0.33,"Trachurus symmetricus","Fis-22970"
-138.5,18.5,0.34,"Trachurus symmetricus","Fis-22970"
-138,18.5,0.33,"Trachurus symmetricus","Fis-22970"
-137.5,18.5,0.31,"Trachurus symmetricus","Fis-22970"
-137,18.5,0.31,"Trachurus symmetricus","Fis-22970"
-136.5,18.5,0.3,"Trachurus symmetricus","Fis-22970"
-136,18.5,0.3,"Trachurus symmetricus","Fis-22970"
-135.5,18.5,0.3,"Trachurus symmetricus","Fis-22970"
-135,18.5,0.32,"Trachurus symmetricus","Fis-22970"
-134.5,18.5,0.32,"Trachurus symmetricus","Fis-22970"
-134,18.5,0.31,"Trachurus symmetricus","Fis-22970"
-133.5,18.5,0.3,"Trachurus symmetricus","Fis-22970"
-133,18.5,0.28,"Trachurus symmetricus","Fis-22970"
-132.5,18.5,0.27,"Trachurus symmetricus","Fis-22970"
-132,18.5,0.24,"Trachurus symmetricus","Fis-22970"
-131.5,18.5,0.22,"Trachurus symmetricus","Fis-22970"
-131,18.5,0.22,"Trachurus symmetricus","Fis-22970"
-130.5,18.5,0.24,"Trachurus symmetricus","Fis-22970"
-130,18.5,0.25,"Trachurus symmetricus","Fis-22970"
-129.5,18.5,0.23,"Trachurus symmetricus","Fis-22970"
-129,18.5,0.21,"Trachurus symmetricus","Fis-22970"
-128.5,18.5,0.19,"Trachurus symmetricus","Fis-22970"
-128,18.5,0.19,"Trachurus symmetricus","Fis-22970"
-127.5,18.5,0.2,"Trachurus symmetricus","Fis-22970"
-127,18.5,0.2,"Trachurus symmetricus","Fis-22970"
-126.5,18.5,0.2,"Trachurus symmetricus","Fis-22970"
-126,18.5,0.19,"Trachurus symmetricus","Fis-22970"
-125.5,18.5,0.16,"Trachurus symmetricus","Fis-22970"
-125,18.5,0.13,"Trachurus symmetricus","Fis-22970"
-124.5,18.5,0.12,"Trachurus symmetricus","Fis-22970"
-124,18.5,0.11,"Trachurus symmetricus","Fis-22970"
-123.5,18.5,0.12,"Trachurus symmetricus","Fis-22970"
-123,18.5,0.15,"Trachurus symmetricus","Fis-22970"
-122.5,18.5,0.15,"Trachurus symmetricus","Fis-22970"
-122,18.5,0.13,"Trachurus symmetricus","Fis-22970"
-121.5,18.5,0.12,"Trachurus symmetricus","Fis-22970"
-121,18.5,0.13,"Trachurus symmetricus","Fis-22970"
-120.5,18.5,0.11,"Trachurus symmetricus","Fis-22970"
-120,18.5,0.09,"Trachurus symmetricus","Fis-22970"
-119.5,18.5,0.09,"Trachurus symmetricus","Fis-22970"
-119,18.5,0.1,"Trachurus symmetricus","Fis-22970"
-118.5,18.5,0.1,"Trachurus symmetricus","Fis-22970"
-118,18.5,0.1,"Trachurus symmetricus","Fis-22970"
-117.5,18.5,0.09,"Trachurus symmetricus","Fis-22970"
-117,18.5,0.1,"Trachurus symmetricus","Fis-22970"
-116.5,18.5,0.1,"Trachurus symmetricus","Fis-22970"
-116,18.5,0.11,"Trachurus symmetricus","Fis-22970"
-115.5,18.5,0.11,"Trachurus symmetricus","Fis-22970"
-115,18.5,0.12,"Trachurus symmetricus","Fis-22970"
-114.5,18.5,0.13,"Trachurus symmetricus","Fis-22970"
-114,18.5,0.13,"Trachurus symmetricus","Fis-22970"
-113.5,18.5,0.14,"Trachurus symmetricus","Fis-22970"
-113,18.5,0.15,"Trachurus symmetricus","Fis-22970"
-112.5,18.5,0.15,"Trachurus symmetricus","Fis-22970"
-112,18.5,0.17,"Trachurus symmetricus","Fis-22970"
-111.5,18.5,0.2,"Trachurus symmetricus","Fis-22970"
-111,18.5,0.22,"Trachurus symmetricus","Fis-22970"
-110.5,18.5,0.24,"Trachurus symmetricus","Fis-22970"
-110,18.5,0.23,"Trachurus symmetricus","Fis-22970"
-109.5,18.5,0.22,"Trachurus symmetricus","Fis-22970"
-109,18.5,0.23,"Trachurus symmetricus","Fis-22970"
-108.5,18.5,0.24,"Trachurus symmetricus","Fis-22970"
-108,18.5,0.25,"Trachurus symmetricus","Fis-22970"
-107.5,18.5,0.25,"Trachurus symmetricus","Fis-22970"
-107,18.5,0.27,"Trachurus symmetricus","Fis-22970"
-106.5,18.5,0.32,"Trachurus symmetricus","Fis-22970"
-106,18.5,0.29,"Trachurus symmetricus","Fis-22970"
-105.5,18.5,0.26,"Trachurus symmetricus","Fis-22970"
-105,18.5,0.23,"Trachurus symmetricus","Fis-22970"
-104.5,18.5,0.2,"Trachurus symmetricus","Fis-22970"
-104,18.5,0.18,"Trachurus symmetricus","Fis-22970"
-103.5,18.5,0.16,"Trachurus symmetricus","Fis-22970"
-174.5,18,0.01,"Trachurus symmetricus","Fis-22970"
-174,18,0.01,"Trachurus symmetricus","Fis-22970"
-173.5,18,0.01,"Trachurus symmetricus","Fis-22970"
-173,18,0.01,"Trachurus symmetricus","Fis-22970"
-172.5,18,0.01,"Trachurus symmetricus","Fis-22970"
-172,18,0.01,"Trachurus symmetricus","Fis-22970"
-171.5,18,0.01,"Trachurus symmetricus","Fis-22970"
-171,18,0.01,"Trachurus symmetricus","Fis-22970"
-170.5,18,0.01,"Trachurus symmetricus","Fis-22970"
-170,18,0.01,"Trachurus symmetricus","Fis-22970"
-169.5,18,0.01,"Trachurus symmetricus","Fis-22970"
-169,18,0.01,"Trachurus symmetricus","Fis-22970"
-168.5,18,0.02,"Trachurus symmetricus","Fis-22970"
-168,18,0.02,"Trachurus symmetricus","Fis-22970"
-167.5,18,0.02,"Trachurus symmetricus","Fis-22970"
-167,18,0.02,"Trachurus symmetricus","Fis-22970"
-166.5,18,0.02,"Trachurus symmetricus","Fis-22970"
-166,18,0.02,"Trachurus symmetricus","Fis-22970"
-165.5,18,0.02,"Trachurus symmetricus","Fis-22970"
-165,18,0.02,"Trachurus symmetricus","Fis-22970"
-164.5,18,0.02,"Trachurus symmetricus","Fis-22970"
-164,18,0.02,"Trachurus symmetricus","Fis-22970"
-163.5,18,0.02,"Trachurus symmetricus","Fis-22970"
-163,18,0.03,"Trachurus symmetricus","Fis-22970"
-162.5,18,0.03,"Trachurus symmetricus","Fis-22970"
-162,18,0.04,"Trachurus symmetricus","Fis-22970"
-161.5,18,0.04,"Trachurus symmetricus","Fis-22970"
-161,18,0.04,"Trachurus symmetricus","Fis-22970"
-160.5,18,0.04,"Trachurus symmetricus","Fis-22970"
-160,18,0.05,"Trachurus symmetricus","Fis-22970"
-159.5,18,0.05,"Trachurus symmetricus","Fis-22970"
-159,18,0.05,"Trachurus symmetricus","Fis-22970"
-158.5,18,0.06,"Trachurus symmetricus","Fis-22970"
-158,18,0.06,"Trachurus symmetricus","Fis-22970"
-157.5,18,0.07,"Trachurus symmetricus","Fis-22970"
-157,18,0.08,"Trachurus symmetricus","Fis-22970"
-156.5,18,0.09,"Trachurus symmetricus","Fis-22970"
-156,18,0.11,"Trachurus symmetricus","Fis-22970"
-155.5,18,0.11,"Trachurus symmetricus","Fis-22970"
-155,18,0.11,"Trachurus symmetricus","Fis-22970"
-154.5,18,0.11,"Trachurus symmetricus","Fis-22970"
-154,18,0.12,"Trachurus symmetricus","Fis-22970"
-153.5,18,0.14,"Trachurus symmetricus","Fis-22970"
-153,18,0.15,"Trachurus symmetricus","Fis-22970"
-152.5,18,0.17,"Trachurus symmetricus","Fis-22970"
-152,18,0.19,"Trachurus symmetricus","Fis-22970"
-151.5,18,0.21,"Trachurus symmetricus","Fis-22970"
-151,18,0.23,"Trachurus symmetricus","Fis-22970"
-150.5,18,0.25,"Trachurus symmetricus","Fis-22970"
-150,18,0.27,"Trachurus symmetricus","Fis-22970"
-149.5,18,0.3,"Trachurus symmetricus","Fis-22970"
-149,18,0.32,"Trachurus symmetricus","Fis-22970"
-148.5,18,0.33,"Trachurus symmetricus","Fis-22970"
-148,18,0.34,"Trachurus symmetricus","Fis-22970"
-147.5,18,0.36,"Trachurus symmetricus","Fis-22970"
-147,18,0.37,"Trachurus symmetricus","Fis-22970"
-146.5,18,0.38,"Trachurus symmetricus","Fis-22970"
-146,18,0.38,"Trachurus symmetricus","Fis-22970"
-145.5,18,0.39,"Trachurus symmetricus","Fis-22970"
-145,18,0.41,"Trachurus symmetricus","Fis-22970"
-144.5,18,0.41,"Trachurus symmetricus","Fis-22970"
-144,18,0.42,"Trachurus symmetricus","Fis-22970"
-143.5,18,0.44,"Trachurus symmetricus","Fis-22970"
-143,18,0.45,"Trachurus symmetricus","Fis-22970"
-142.5,18,0.47,"Trachurus symmetricus","Fis-22970"
-142,18,0.48,"Trachurus symmetricus","Fis-22970"
-141.5,18,0.47,"Trachurus symmetricus","Fis-22970"
-141,18,0.48,"Trachurus symmetricus","Fis-22970"
-140.5,18,0.48,"Trachurus symmetricus","Fis-22970"
-140,18,0.47,"Trachurus symmetricus","Fis-22970"
-139.5,18,0.47,"Trachurus symmetricus","Fis-22970"
-139,18,0.48,"Trachurus symmetricus","Fis-22970"
-138.5,18,0.48,"Trachurus symmetricus","Fis-22970"
-138,18,0.47,"Trachurus symmetricus","Fis-22970"
-137.5,18,0.44,"Trachurus symmetricus","Fis-22970"
-137,18,0.43,"Trachurus symmetricus","Fis-22970"
-136.5,18,0.43,"Trachurus symmetricus","Fis-22970"
-136,18,0.44,"Trachurus symmetricus","Fis-22970"
-135.5,18,0.42,"Trachurus symmetricus","Fis-22970"
-135,18,0.45,"Trachurus symmetricus","Fis-22970"
-134.5,18,0.46,"Trachurus symmetricus","Fis-22970"
-134,18,0.45,"Trachurus symmetricus","Fis-22970"
-133.5,18,0.44,"Trachurus symmetricus","Fis-22970"
-133,18,0.43,"Trachurus symmetricus","Fis-22970"
-132.5,18,0.4,"Trachurus symmetricus","Fis-22970"
-132,18,0.37,"Trachurus symmetricus","Fis-22970"
-131.5,18,0.34,"Trachurus symmetricus","Fis-22970"
-131,18,0.35,"Trachurus symmetricus","Fis-22970"
-130.5,18,0.36,"Trachurus symmetricus","Fis-22970"
-130,18,0.35,"Trachurus symmetricus","Fis-22970"
-129.5,18,0.32,"Trachurus symmetricus","Fis-22970"
-129,18,0.3,"Trachurus symmetricus","Fis-22970"
-128.5,18,0.3,"Trachurus symmetricus","Fis-22970"
-128,18,0.3,"Trachurus symmetricus","Fis-22970"
-127.5,18,0.3,"Trachurus symmetricus","Fis-22970"
-127,18,0.29,"Trachurus symmetricus","Fis-22970"
-126.5,18,0.3,"Trachurus symmetricus","Fis-22970"
-126,18,0.31,"Trachurus symmetricus","Fis-22970"
-125.5,18,0.3,"Trachurus symmetricus","Fis-22970"
-125,18,0.27,"Trachurus symmetricus","Fis-22970"
-124.5,18,0.21,"Trachurus symmetricus","Fis-22970"
-124,18,0.21,"Trachurus symmetricus","Fis-22970"
-123.5,18,0.23,"Trachurus symmetricus","Fis-22970"
-123,18,0.26,"Trachurus symmetricus","Fis-22970"
-122.5,18,0.26,"Trachurus symmetricus","Fis-22970"
-122,18,0.26,"Trachurus symmetricus","Fis-22970"
-121.5,18,0.25,"Trachurus symmetricus","Fis-22970"
-121,18,0.23,"Trachurus symmetricus","Fis-22970"
-120.5,18,0.17,"Trachurus symmetricus","Fis-22970"
-120,18,0.15,"Trachurus symmetricus","Fis-22970"
-119.5,18,0.15,"Trachurus symmetricus","Fis-22970"
-119,18,0.14,"Trachurus symmetricus","Fis-22970"
-118.5,18,0.14,"Trachurus symmetricus","Fis-22970"
-118,18,0.16,"Trachurus symmetricus","Fis-22970"
-117.5,18,0.16,"Trachurus symmetricus","Fis-22970"
-117,18,0.12,"Trachurus symmetricus","Fis-22970"
-116.5,18,0.1,"Trachurus symmetricus","Fis-22970"
-116,18,0.11,"Trachurus symmetricus","Fis-22970"
-115.5,18,0.12,"Trachurus symmetricus","Fis-22970"
-115,18,0.12,"Trachurus symmetricus","Fis-22970"
-114.5,18,0.14,"Trachurus symmetricus","Fis-22970"
-114,18,0.15,"Trachurus symmetricus","Fis-22970"
-113.5,18,0.15,"Trachurus symmetricus","Fis-22970"
-113,18,0.15,"Trachurus symmetricus","Fis-22970"
-112.5,18,0.16,"Trachurus symmetricus","Fis-22970"
-112,18,0.18,"Trachurus symmetricus","Fis-22970"
-111.5,18,0.2,"Trachurus symmetricus","Fis-22970"
-111,18,0.21,"Trachurus symmetricus","Fis-22970"
-110.5,18,0.22,"Trachurus symmetricus","Fis-22970"
-110,18,0.21,"Trachurus symmetricus","Fis-22970"
-109.5,18,0.2,"Trachurus symmetricus","Fis-22970"
-109,18,0.2,"Trachurus symmetricus","Fis-22970"
-108.5,18,0.21,"Trachurus symmetricus","Fis-22970"
-108,18,0.22,"Trachurus symmetricus","Fis-22970"
-107.5,18,0.23,"Trachurus symmetricus","Fis-22970"
-107,18,0.24,"Trachurus symmetricus","Fis-22970"
-106.5,18,0.26,"Trachurus symmetricus","Fis-22970"
-106,18,0.27,"Trachurus symmetricus","Fis-22970"
-105.5,18,0.25,"Trachurus symmetricus","Fis-22970"
-105,18,0.21,"Trachurus symmetricus","Fis-22970"
-104.5,18,0.18,"Trachurus symmetricus","Fis-22970"
-104,18,0.15,"Trachurus symmetricus","Fis-22970"
-103.5,18,0.13,"Trachurus symmetricus","Fis-22970"
-103,18,0.12,"Trachurus symmetricus","Fis-22970"
-102.5,18,0.11,"Trachurus symmetricus","Fis-22970"
-102,18,0.11,"Trachurus symmetricus","Fis-22970"
-174.5,17.5,0.01,"Trachurus symmetricus","Fis-22970"
-174,17.5,0.01,"Trachurus symmetricus","Fis-22970"
-173.5,17.5,0.01,"Trachurus symmetricus","Fis-22970"
-173,17.5,0.01,"Trachurus symmetricus","Fis-22970"
-172.5,17.5,0.01,"Trachurus symmetricus","Fis-22970"
-172,17.5,0.01,"Trachurus symmetricus","Fis-22970"
-171.5,17.5,0.02,"Trachurus symmetricus","Fis-22970"
-171,17.5,0.02,"Trachurus symmetricus","Fis-22970"
-170.5,17.5,0.02,"Trachurus symmetricus","Fis-22970"
-170,17.5,0.02,"Trachurus symmetricus","Fis-22970"
-169.5,17.5,0.02,"Trachurus symmetricus","Fis-22970"
-169,17.5,0.02,"Trachurus symmetricus","Fis-22970"
-168.5,17.5,0.02,"Trachurus symmetricus","Fis-22970"
-168,17.5,0.02,"Trachurus symmetricus","Fis-22970"
-167.5,17.5,0.02,"Trachurus symmetricus","Fis-22970"
-167,17.5,0.02,"Trachurus symmetricus","Fis-22970"
-166.5,17.5,0.02,"Trachurus symmetricus","Fis-22970"
-166,17.5,0.03,"Trachurus symmetricus","Fis-22970"
-165.5,17.5,0.03,"Trachurus symmetricus","Fis-22970"
-165,17.5,0.03,"Trachurus symmetricus","Fis-22970"
-164.5,17.5,0.03,"Trachurus symmetricus","Fis-22970"
-164,17.5,0.03,"Trachurus symmetricus","Fis-22970"
-163.5,17.5,0.03,"Trachurus symmetricus","Fis-22970"
-163,17.5,0.04,"Trachurus symmetricus","Fis-22970"
-162.5,17.5,0.04,"Trachurus symmetricus","Fis-22970"
-162,17.5,0.04,"Trachurus symmetricus","Fis-22970"
-161.5,17.5,0.05,"Trachurus symmetricus","Fis-22970"
-161,17.5,0.05,"Trachurus symmetricus","Fis-22970"
-160.5,17.5,0.05,"Trachurus symmetricus","Fis-22970"
-160,17.5,0.06,"Trachurus symmetricus","Fis-22970"
-159.5,17.5,0.07,"Trachurus symmetricus","Fis-22970"
-159,17.5,0.07,"Trachurus symmetricus","Fis-22970"
-158.5,17.5,0.07,"Trachurus symmetricus","Fis-22970"
-158,17.5,0.08,"Trachurus symmetricus","Fis-22970"
-157.5,17.5,0.09,"Trachurus symmetricus","Fis-22970"
-157,17.5,0.1,"Trachurus symmetricus","Fis-22970"
-156.5,17.5,0.11,"Trachurus symmetricus","Fis-22970"
-156,17.5,0.11,"Trachurus symmetricus","Fis-22970"
-155.5,17.5,0.13,"Trachurus symmetricus","Fis-22970"
-155,17.5,0.15,"Trachurus symmetricus","Fis-22970"
-154.5,17.5,0.16,"Trachurus symmetricus","Fis-22970"
-154,17.5,0.17,"Trachurus symmetricus","Fis-22970"
-153.5,17.5,0.2,"Trachurus symmetricus","Fis-22970"
-153,17.5,0.23,"Trachurus symmetricus","Fis-22970"
-152.5,17.5,0.25,"Trachurus symmetricus","Fis-22970"
-152,17.5,0.27,"Trachurus symmetricus","Fis-22970"
-151.5,17.5,0.28,"Trachurus symmetricus","Fis-22970"
-151,17.5,0.3,"Trachurus symmetricus","Fis-22970"
-150.5,17.5,0.33,"Trachurus symmetricus","Fis-22970"
-150,17.5,0.35,"Trachurus symmetricus","Fis-22970"
-149.5,17.5,0.38,"Trachurus symmetricus","Fis-22970"
-149,17.5,0.4,"Trachurus symmetricus","Fis-22970"
-148.5,17.5,0.42,"Trachurus symmetricus","Fis-22970"
-148,17.5,0.42,"Trachurus symmetricus","Fis-22970"
-147.5,17.5,0.43,"Trachurus symmetricus","Fis-22970"
-147,17.5,0.44,"Trachurus symmetricus","Fis-22970"
-146.5,17.5,0.44,"Trachurus symmetricus","Fis-22970"
-146,17.5,0.45,"Trachurus symmetricus","Fis-22970"
-145.5,17.5,0.46,"Trachurus symmetricus","Fis-22970"
-145,17.5,0.48,"Trachurus symmetricus","Fis-22970"
-144.5,17.5,0.49,"Trachurus symmetricus","Fis-22970"
-144,17.5,0.51,"Trachurus symmetricus","Fis-22970"
-143.5,17.5,0.52,"Trachurus symmetricus","Fis-22970"
-143,17.5,0.53,"Trachurus symmetricus","Fis-22970"
-142.5,17.5,0.55,"Trachurus symmetricus","Fis-22970"
-142,17.5,0.56,"Trachurus symmetricus","Fis-22970"
-141.5,17.5,0.56,"Trachurus symmetricus","Fis-22970"
-141,17.5,0.57,"Trachurus symmetricus","Fis-22970"
-140.5,17.5,0.57,"Trachurus symmetricus","Fis-22970"
-140,17.5,0.59,"Trachurus symmetricus","Fis-22970"
-139.5,17.5,0.61,"Trachurus symmetricus","Fis-22970"
-139,17.5,0.62,"Trachurus symmetricus","Fis-22970"
-138.5,17.5,0.62,"Trachurus symmetricus","Fis-22970"
-138,17.5,0.63,"Trachurus symmetricus","Fis-22970"
-137.5,17.5,0.61,"Trachurus symmetricus","Fis-22970"
-137,17.5,0.62,"Trachurus symmetricus","Fis-22970"
-136.5,17.5,0.64,"Trachurus symmetricus","Fis-22970"
-136,17.5,0.65,"Trachurus symmetricus","Fis-22970"
-135.5,17.5,0.61,"Trachurus symmetricus","Fis-22970"
-135,17.5,0.6,"Trachurus symmetricus","Fis-22970"
-134.5,17.5,0.59,"Trachurus symmetricus","Fis-22970"
-134,17.5,0.58,"Trachurus symmetricus","Fis-22970"
-133.5,17.5,0.56,"Trachurus symmetricus","Fis-22970"
-133,17.5,0.56,"Trachurus symmetricus","Fis-22970"
-132.5,17.5,0.54,"Trachurus symmetricus","Fis-22970"
-132,17.5,0.51,"Trachurus symmetricus","Fis-22970"
-131.5,17.5,0.48,"Trachurus symmetricus","Fis-22970"
-131,17.5,0.46,"Trachurus symmetricus","Fis-22970"
-130.5,17.5,0.47,"Trachurus symmetricus","Fis-22970"
-130,17.5,0.47,"Trachurus symmetricus","Fis-22970"
-129.5,17.5,0.44,"Trachurus symmetricus","Fis-22970"
-129,17.5,0.39,"Trachurus symmetricus","Fis-22970"
-128.5,17.5,0.39,"Trachurus symmetricus","Fis-22970"
-128,17.5,0.39,"Trachurus symmetricus","Fis-22970"
-127.5,17.5,0.38,"Trachurus symmetricus","Fis-22970"
-127,17.5,0.4,"Trachurus symmetricus","Fis-22970"
-126.5,17.5,0.42,"Trachurus symmetricus","Fis-22970"
-126,17.5,0.44,"Trachurus symmetricus","Fis-22970"
-125.5,17.5,0.44,"Trachurus symmetricus","Fis-22970"
-125,17.5,0.4,"Trachurus symmetricus","Fis-22970"
-124.5,17.5,0.35,"Trachurus symmetricus","Fis-22970"
-124,17.5,0.3,"Trachurus symmetricus","Fis-22970"
-123.5,17.5,0.32,"Trachurus symmetricus","Fis-22970"
-123,17.5,0.37,"Trachurus symmetricus","Fis-22970"
-122.5,17.5,0.42,"Trachurus symmetricus","Fis-22970"
-122,17.5,0.42,"Trachurus symmetricus","Fis-22970"
-121.5,17.5,0.39,"Trachurus symmetricus","Fis-22970"
-121,17.5,0.38,"Trachurus symmetricus","Fis-22970"
-120.5,17.5,0.33,"Trachurus symmetricus","Fis-22970"
-120,17.5,0.32,"Trachurus symmetricus","Fis-22970"
-119.5,17.5,0.31,"Trachurus symmetricus","Fis-22970"
-119,17.5,0.26,"Trachurus symmetricus","Fis-22970"
-118.5,17.5,0.21,"Trachurus symmetricus","Fis-22970"
-118,17.5,0.21,"Trachurus symmetricus","Fis-22970"
-117.5,17.5,0.21,"Trachurus symmetricus","Fis-22970"
-117,17.5,0.18,"Trachurus symmetricus","Fis-22970"
-116.5,17.5,0.15,"Trachurus symmetricus","Fis-22970"
-116,17.5,0.13,"Trachurus symmetricus","Fis-22970"
-115.5,17.5,0.14,"Trachurus symmetricus","Fis-22970"
-115,17.5,0.14,"Trachurus symmetricus","Fis-22970"
-114.5,17.5,0.14,"Trachurus symmetricus","Fis-22970"
-114,17.5,0.14,"Trachurus symmetricus","Fis-22970"
-113.5,17.5,0.15,"Trachurus symmetricus","Fis-22970"
-113,17.5,0.15,"Trachurus symmetricus","Fis-22970"
-112.5,17.5,0.16,"Trachurus symmetricus","Fis-22970"
-112,17.5,0.17,"Trachurus symmetricus","Fis-22970"
-111.5,17.5,0.18,"Trachurus symmetricus","Fis-22970"
-111,17.5,0.19,"Trachurus symmetricus","Fis-22970"
-110.5,17.5,0.19,"Trachurus symmetricus","Fis-22970"
-110,17.5,0.19,"Trachurus symmetricus","Fis-22970"
-109.5,17.5,0.18,"Trachurus symmetricus","Fis-22970"
-109,17.5,0.17,"Trachurus symmetricus","Fis-22970"
-108.5,17.5,0.18,"Trachurus symmetricus","Fis-22970"
-108,17.5,0.19,"Trachurus symmetricus","Fis-22970"
-107.5,17.5,0.2,"Trachurus symmetricus","Fis-22970"
-107,17.5,0.2,"Trachurus symmetricus","Fis-22970"
-106.5,17.5,0.21,"Trachurus symmetricus","Fis-22970"
-106,17.5,0.21,"Trachurus symmetricus","Fis-22970"
-105.5,17.5,0.2,"Trachurus symmetricus","Fis-22970"
-105,17.5,0.19,"Trachurus symmetricus","Fis-22970"
-104.5,17.5,0.16,"Trachurus symmetricus","Fis-22970"
-104,17.5,0.13,"Trachurus symmetricus","Fis-22970"
-103.5,17.5,0.1,"Trachurus symmetricus","Fis-22970"
-103,17.5,0.08,"Trachurus symmetricus","Fis-22970"
-102.5,17.5,0.07,"Trachurus symmetricus","Fis-22970"
-102,17.5,0.06,"Trachurus symmetricus","Fis-22970"
-101.5,17.5,0.06,"Trachurus symmetricus","Fis-22970"
-101,17.5,0.07,"Trachurus symmetricus","Fis-22970"
-174.5,17,0.01,"Trachurus symmetricus","Fis-22970"
-174,17,0.01,"Trachurus symmetricus","Fis-22970"
-173.5,17,0.02,"Trachurus symmetricus","Fis-22970"
-173,17,0.02,"Trachurus symmetricus","Fis-22970"
-172.5,17,0.02,"Trachurus symmetricus","Fis-22970"
-172,17,0.02,"Trachurus symmetricus","Fis-22970"
-171.5,17,0.02,"Trachurus symmetricus","Fis-22970"
-171,17,0.02,"Trachurus symmetricus","Fis-22970"
-170.5,17,0.02,"Trachurus symmetricus","Fis-22970"
-170,17,0.02,"Trachurus symmetricus","Fis-22970"
-169.5,17,0.02,"Trachurus symmetricus","Fis-22970"
-169,17,0.02,"Trachurus symmetricus","Fis-22970"
-168.5,17,0.02,"Trachurus symmetricus","Fis-22970"
-168,17,0.02,"Trachurus symmetricus","Fis-22970"
-167.5,17,0.03,"Trachurus symmetricus","Fis-22970"
-167,17,0.03,"Trachurus symmetricus","Fis-22970"
-166.5,17,0.03,"Trachurus symmetricus","Fis-22970"
-166,17,0.03,"Trachurus symmetricus","Fis-22970"
-165.5,17,0.03,"Trachurus symmetricus","Fis-22970"
-165,17,0.03,"Trachurus symmetricus","Fis-22970"
-164.5,17,0.03,"Trachurus symmetricus","Fis-22970"
-164,17,0.04,"Trachurus symmetricus","Fis-22970"
-163.5,17,0.04,"Trachurus symmetricus","Fis-22970"
-163,17,0.05,"Trachurus symmetricus","Fis-22970"
-162.5,17,0.05,"Trachurus symmetricus","Fis-22970"
-162,17,0.06,"Trachurus symmetricus","Fis-22970"
-161.5,17,0.06,"Trachurus symmetricus","Fis-22970"
-161,17,0.06,"Trachurus symmetricus","Fis-22970"
-160.5,17,0.07,"Trachurus symmetricus","Fis-22970"
-160,17,0.08,"Trachurus symmetricus","Fis-22970"
-159.5,17,0.08,"Trachurus symmetricus","Fis-22970"
-159,17,0.09,"Trachurus symmetricus","Fis-22970"
-158.5,17,0.1,"Trachurus symmetricus","Fis-22970"
-158,17,0.11,"Trachurus symmetricus","Fis-22970"
-157.5,17,0.12,"Trachurus symmetricus","Fis-22970"
-157,17,0.13,"Trachurus symmetricus","Fis-22970"
-156.5,17,0.14,"Trachurus symmetricus","Fis-22970"
-156,17,0.15,"Trachurus symmetricus","Fis-22970"
-155.5,17,0.17,"Trachurus symmetricus","Fis-22970"
-155,17,0.18,"Trachurus symmetricus","Fis-22970"
-154.5,17,0.21,"Trachurus symmetricus","Fis-22970"
-154,17,0.24,"Trachurus symmetricus","Fis-22970"
-153.5,17,0.27,"Trachurus symmetricus","Fis-22970"
-153,17,0.29,"Trachurus symmetricus","Fis-22970"
-152.5,17,0.32,"Trachurus symmetricus","Fis-22970"
-152,17,0.34,"Trachurus symmetricus","Fis-22970"
-151.5,17,0.35,"Trachurus symmetricus","Fis-22970"
-151,17,0.36,"Trachurus symmetricus","Fis-22970"
-150.5,17,0.37,"Trachurus symmetricus","Fis-22970"
-150,17,0.38,"Trachurus symmetricus","Fis-22970"
-149.5,17,0.39,"Trachurus symmetricus","Fis-22970"
-149,17,0.41,"Trachurus symmetricus","Fis-22970"
-148.5,17,0.42,"Trachurus symmetricus","Fis-22970"
-148,17,0.44,"Trachurus symmetricus","Fis-22970"
-147.5,17,0.45,"Trachurus symmetricus","Fis-22970"
-147,17,0.46,"Trachurus symmetricus","Fis-22970"
-146.5,17,0.46,"Trachurus symmetricus","Fis-22970"
-146,17,0.46,"Trachurus symmetricus","Fis-22970"
-145.5,17,0.47,"Trachurus symmetricus","Fis-22970"
-145,17,0.48,"Trachurus symmetricus","Fis-22970"
-144.5,17,0.49,"Trachurus symmetricus","Fis-22970"
-144,17,0.51,"Trachurus symmetricus","Fis-22970"
-143.5,17,0.52,"Trachurus symmetricus","Fis-22970"
-143,17,0.54,"Trachurus symmetricus","Fis-22970"
-142.5,17,0.56,"Trachurus symmetricus","Fis-22970"
-142,17,0.56,"Trachurus symmetricus","Fis-22970"
-141.5,17,0.57,"Trachurus symmetricus","Fis-22970"
-141,17,0.57,"Trachurus symmetricus","Fis-22970"
-140.5,17,0.58,"Trachurus symmetricus","Fis-22970"
-140,17,0.6,"Trachurus symmetricus","Fis-22970"
-139.5,17,0.62,"Trachurus symmetricus","Fis-22970"
-139,17,0.63,"Trachurus symmetricus","Fis-22970"
-138.5,17,0.64,"Trachurus symmetricus","Fis-22970"
-138,17,0.64,"Trachurus symmetricus","Fis-22970"
-137.5,17,0.64,"Trachurus symmetricus","Fis-22970"
-137,17,0.64,"Trachurus symmetricus","Fis-22970"
-136.5,17,0.64,"Trachurus symmetricus","Fis-22970"
-136,17,0.65,"Trachurus symmetricus","Fis-22970"
-135.5,17,0.66,"Trachurus symmetricus","Fis-22970"
-135,17,0.66,"Trachurus symmetricus","Fis-22970"
-134.5,17,0.67,"Trachurus symmetricus","Fis-22970"
-134,17,0.69,"Trachurus symmetricus","Fis-22970"
-133.5,17,0.7,"Trachurus symmetricus","Fis-22970"
-133,17,0.71,"Trachurus symmetricus","Fis-22970"
-132.5,17,0.72,"Trachurus symmetricus","Fis-22970"
-132,17,0.68,"Trachurus symmetricus","Fis-22970"
-131.5,17,0.61,"Trachurus symmetricus","Fis-22970"
-131,17,0.57,"Trachurus symmetricus","Fis-22970"
-130.5,17,0.58,"Trachurus symmetricus","Fis-22970"
-130,17,0.6,"Trachurus symmetricus","Fis-22970"
-129.5,17,0.6,"Trachurus symmetricus","Fis-22970"
-129,17,0.57,"Trachurus symmetricus","Fis-22970"
-128.5,17,0.53,"Trachurus symmetricus","Fis-22970"
-128,17,0.52,"Trachurus symmetricus","Fis-22970"
-127.5,17,0.52,"Trachurus symmetricus","Fis-22970"
-127,17,0.5,"Trachurus symmetricus","Fis-22970"
-126.5,17,0.51,"Trachurus symmetricus","Fis-22970"
-126,17,0.52,"Trachurus symmetricus","Fis-22970"
-125.5,17,0.52,"Trachurus symmetricus","Fis-22970"
-125,17,0.49,"Trachurus symmetricus","Fis-22970"
-124.5,17,0.45,"Trachurus symmetricus","Fis-22970"
-124,17,0.42,"Trachurus symmetricus","Fis-22970"
-123.5,17,0.41,"Trachurus symmetricus","Fis-22970"
-123,17,0.47,"Trachurus symmetricus","Fis-22970"
-122.5,17,0.53,"Trachurus symmetricus","Fis-22970"
-122,17,0.57,"Trachurus symmetricus","Fis-22970"
-121.5,17,0.57,"Trachurus symmetricus","Fis-22970"
-121,17,0.56,"Trachurus symmetricus","Fis-22970"
-120.5,17,0.48,"Trachurus symmetricus","Fis-22970"
-120,17,0.46,"Trachurus symmetricus","Fis-22970"
-119.5,17,0.45,"Trachurus symmetricus","Fis-22970"
-119,17,0.43,"Trachurus symmetricus","Fis-22970"
-118.5,17,0.41,"Trachurus symmetricus","Fis-22970"
-118,17,0.37,"Trachurus symmetricus","Fis-22970"
-117.5,17,0.31,"Trachurus symmetricus","Fis-22970"
-117,17,0.26,"Trachurus symmetricus","Fis-22970"
-116.5,17,0.25,"Trachurus symmetricus","Fis-22970"
-116,17,0.22,"Trachurus symmetricus","Fis-22970"
-115.5,17,0.2,"Trachurus symmetricus","Fis-22970"
-115,17,0.18,"Trachurus symmetricus","Fis-22970"
-114.5,17,0.17,"Trachurus symmetricus","Fis-22970"
-114,17,0.16,"Trachurus symmetricus","Fis-22970"
-113.5,17,0.15,"Trachurus symmetricus","Fis-22970"
-113,17,0.14,"Trachurus symmetricus","Fis-22970"
-112.5,17,0.14,"Trachurus symmetricus","Fis-22970"
-112,17,0.14,"Trachurus symmetricus","Fis-22970"
-111.5,17,0.15,"Trachurus symmetricus","Fis-22970"
-111,17,0.17,"Trachurus symmetricus","Fis-22970"
-110.5,17,0.17,"Trachurus symmetricus","Fis-22970"
-110,17,0.17,"Trachurus symmetricus","Fis-22970"
-109.5,17,0.16,"Trachurus symmetricus","Fis-22970"
-109,17,0.15,"Trachurus symmetricus","Fis-22970"
-108.5,17,0.16,"Trachurus symmetricus","Fis-22970"
-108,17,0.16,"Trachurus symmetricus","Fis-22970"
-107.5,17,0.16,"Trachurus symmetricus","Fis-22970"
-107,17,0.16,"Trachurus symmetricus","Fis-22970"
-106.5,17,0.18,"Trachurus symmetricus","Fis-22970"
-106,17,0.17,"Trachurus symmetricus","Fis-22970"
-105.5,17,0.15,"Trachurus symmetricus","Fis-22970"
-105,17,0.14,"Trachurus symmetricus","Fis-22970"
-104.5,17,0.13,"Trachurus symmetricus","Fis-22970"
-104,17,0.12,"Trachurus symmetricus","Fis-22970"
-103.5,17,0.09,"Trachurus symmetricus","Fis-22970"
-103,17,0.06,"Trachurus symmetricus","Fis-22970"
-102.5,17,0.04,"Trachurus symmetricus","Fis-22970"
-102,17,0.02,"Trachurus symmetricus","Fis-22970"
-101.5,17,0.02,"Trachurus symmetricus","Fis-22970"
-101,17,0.03,"Trachurus symmetricus","Fis-22970"
-100.5,17,0.04,"Trachurus symmetricus","Fis-22970"
-100,17,0.05,"Trachurus symmetricus","Fis-22970"
-174.5,16.5,0.02,"Trachurus symmetricus","Fis-22970"
-174,16.5,0.02,"Trachurus symmetricus","Fis-22970"
-173.5,16.5,0.02,"Trachurus symmetricus","Fis-22970"
-173,16.5,0.02,"Trachurus symmetricus","Fis-22970"
-172.5,16.5,0.02,"Trachurus symmetricus","Fis-22970"
-172,16.5,0.02,"Trachurus symmetricus","Fis-22970"
-171.5,16.5,0.02,"Trachurus symmetricus","Fis-22970"
-171,16.5,0.02,"Trachurus symmetricus","Fis-22970"
-170.5,16.5,0.02,"Trachurus symmetricus","Fis-22970"
-170,16.5,0.03,"Trachurus symmetricus","Fis-22970"
-169.5,16.5,0.03,"Trachurus symmetricus","Fis-22970"
-169,16.5,0.03,"Trachurus symmetricus","Fis-22970"
-168.5,16.5,0.03,"Trachurus symmetricus","Fis-22970"
-168,16.5,0.03,"Trachurus symmetricus","Fis-22970"
-167.5,16.5,0.03,"Trachurus symmetricus","Fis-22970"
-167,16.5,0.04,"Trachurus symmetricus","Fis-22970"
-166.5,16.5,0.04,"Trachurus symmetricus","Fis-22970"
-166,16.5,0.04,"Trachurus symmetricus","Fis-22970"
-165.5,16.5,0.04,"Trachurus symmetricus","Fis-22970"
-165,16.5,0.04,"Trachurus symmetricus","Fis-22970"
-164.5,16.5,0.05,"Trachurus symmetricus","Fis-22970"
-164,16.5,0.05,"Trachurus symmetricus","Fis-22970"
-163.5,16.5,0.05,"Trachurus symmetricus","Fis-22970"
-163,16.5,0.06,"Trachurus symmetricus","Fis-22970"
-162.5,16.5,0.07,"Trachurus symmetricus","Fis-22970"
-162,16.5,0.07,"Trachurus symmetricus","Fis-22970"
-161.5,16.5,0.08,"Trachurus symmetricus","Fis-22970"
-161,16.5,0.08,"Trachurus symmetricus","Fis-22970"
-160.5,16.5,0.08,"Trachurus symmetricus","Fis-22970"
-160,16.5,0.09,"Trachurus symmetricus","Fis-22970"
-159.5,16.5,0.1,"Trachurus symmetricus","Fis-22970"
-159,16.5,0.11,"Trachurus symmetricus","Fis-22970"
-158.5,16.5,0.12,"Trachurus symmetricus","Fis-22970"
-158,16.5,0.13,"Trachurus symmetricus","Fis-22970"
-157.5,16.5,0.15,"Trachurus symmetricus","Fis-22970"
-157,16.5,0.16,"Trachurus symmetricus","Fis-22970"
-156.5,16.5,0.17,"Trachurus symmetricus","Fis-22970"
-156,16.5,0.19,"Trachurus symmetricus","Fis-22970"
-155.5,16.5,0.21,"Trachurus symmetricus","Fis-22970"
-155,16.5,0.22,"Trachurus symmetricus","Fis-22970"
-154.5,16.5,0.25,"Trachurus symmetricus","Fis-22970"
-154,16.5,0.28,"Trachurus symmetricus","Fis-22970"
-153.5,16.5,0.32,"Trachurus symmetricus","Fis-22970"
-153,16.5,0.34,"Trachurus symmetricus","Fis-22970"
-152.5,16.5,0.35,"Trachurus symmetricus","Fis-22970"
-152,16.5,0.35,"Trachurus symmetricus","Fis-22970"
-151.5,16.5,0.36,"Trachurus symmetricus","Fis-22970"
-151,16.5,0.37,"Trachurus symmetricus","Fis-22970"
-150.5,16.5,0.38,"Trachurus symmetricus","Fis-22970"
-150,16.5,0.39,"Trachurus symmetricus","Fis-22970"
-149.5,16.5,0.4,"Trachurus symmetricus","Fis-22970"
-149,16.5,0.42,"Trachurus symmetricus","Fis-22970"
-148.5,16.5,0.43,"Trachurus symmetricus","Fis-22970"
-148,16.5,0.44,"Trachurus symmetricus","Fis-22970"
-147.5,16.5,0.45,"Trachurus symmetricus","Fis-22970"
-147,16.5,0.46,"Trachurus symmetricus","Fis-22970"
-146.5,16.5,0.47,"Trachurus symmetricus","Fis-22970"
-146,16.5,0.47,"Trachurus symmetricus","Fis-22970"
-145.5,16.5,0.48,"Trachurus symmetricus","Fis-22970"
-145,16.5,0.49,"Trachurus symmetricus","Fis-22970"
-144.5,16.5,0.5,"Trachurus symmetricus","Fis-22970"
-144,16.5,0.51,"Trachurus symmetricus","Fis-22970"
-143.5,16.5,0.52,"Trachurus symmetricus","Fis-22970"
-143,16.5,0.53,"Trachurus symmetricus","Fis-22970"
-142.5,16.5,0.55,"Trachurus symmetricus","Fis-22970"
-142,16.5,0.56,"Trachurus symmetricus","Fis-22970"
-141.5,16.5,0.56,"Trachurus symmetricus","Fis-22970"
-141,16.5,0.57,"Trachurus symmetricus","Fis-22970"
-140.5,16.5,0.57,"Trachurus symmetricus","Fis-22970"
-140,16.5,0.59,"Trachurus symmetricus","Fis-22970"
-139.5,16.5,0.61,"Trachurus symmetricus","Fis-22970"
-139,16.5,0.63,"Trachurus symmetricus","Fis-22970"
-138.5,16.5,0.64,"Trachurus symmetricus","Fis-22970"
-138,16.5,0.65,"Trachurus symmetricus","Fis-22970"
-137.5,16.5,0.64,"Trachurus symmetricus","Fis-22970"
-137,16.5,0.64,"Trachurus symmetricus","Fis-22970"
-136.5,16.5,0.64,"Trachurus symmetricus","Fis-22970"
-136,16.5,0.64,"Trachurus symmetricus","Fis-22970"
-135.5,16.5,0.65,"Trachurus symmetricus","Fis-22970"
-135,16.5,0.65,"Trachurus symmetricus","Fis-22970"
-134.5,16.5,0.68,"Trachurus symmetricus","Fis-22970"
-134,16.5,0.71,"Trachurus symmetricus","Fis-22970"
-133.5,16.5,0.72,"Trachurus symmetricus","Fis-22970"
-133,16.5,0.73,"Trachurus symmetricus","Fis-22970"
-132.5,16.5,0.73,"Trachurus symmetricus","Fis-22970"
-132,16.5,0.74,"Trachurus symmetricus","Fis-22970"
-131.5,16.5,0.73,"Trachurus symmetricus","Fis-22970"
-131,16.5,0.7,"Trachurus symmetricus","Fis-22970"
-130.5,16.5,0.7,"Trachurus symmetricus","Fis-22970"
-130,16.5,0.71,"Trachurus symmetricus","Fis-22970"
-129.5,16.5,0.72,"Trachurus symmetricus","Fis-22970"
-129,16.5,0.72,"Trachurus symmetricus","Fis-22970"
-128.5,16.5,0.7,"Trachurus symmetricus","Fis-22970"
-128,16.5,0.66,"Trachurus symmetricus","Fis-22970"
-127.5,16.5,0.66,"Trachurus symmetricus","Fis-22970"
-127,16.5,0.65,"Trachurus symmetricus","Fis-22970"
-126.5,16.5,0.63,"Trachurus symmetricus","Fis-22970"
-126,16.5,0.63,"Trachurus symmetricus","Fis-22970"
-125.5,16.5,0.62,"Trachurus symmetricus","Fis-22970"
-125,16.5,0.59,"Trachurus symmetricus","Fis-22970"
-124.5,16.5,0.56,"Trachurus symmetricus","Fis-22970"
-124,16.5,0.54,"Trachurus symmetricus","Fis-22970"
-123.5,16.5,0.55,"Trachurus symmetricus","Fis-22970"
-123,16.5,0.6,"Trachurus symmetricus","Fis-22970"
-122.5,16.5,0.65,"Trachurus symmetricus","Fis-22970"
-122,16.5,0.66,"Trachurus symmetricus","Fis-22970"
-121.5,16.5,0.65,"Trachurus symmetricus","Fis-22970"
-121,16.5,0.64,"Trachurus symmetricus","Fis-22970"
-120.5,16.5,0.62,"Trachurus symmetricus","Fis-22970"
-120,16.5,0.62,"Trachurus symmetricus","Fis-22970"
-119.5,16.5,0.61,"Trachurus symmetricus","Fis-22970"
-119,16.5,0.6,"Trachurus symmetricus","Fis-22970"
-118.5,16.5,0.59,"Trachurus symmetricus","Fis-22970"
-118,16.5,0.57,"Trachurus symmetricus","Fis-22970"
-117.5,16.5,0.51,"Trachurus symmetricus","Fis-22970"
-117,16.5,0.45,"Trachurus symmetricus","Fis-22970"
-116.5,16.5,0.44,"Trachurus symmetricus","Fis-22970"
-116,16.5,0.38,"Trachurus symmetricus","Fis-22970"
-115.5,16.5,0.33,"Trachurus symmetricus","Fis-22970"
-115,16.5,0.3,"Trachurus symmetricus","Fis-22970"
-114.5,16.5,0.26,"Trachurus symmetricus","Fis-22970"
-114,16.5,0.21,"Trachurus symmetricus","Fis-22970"
-113.5,16.5,0.17,"Trachurus symmetricus","Fis-22970"
-113,16.5,0.15,"Trachurus symmetricus","Fis-22970"
-112.5,16.5,0.14,"Trachurus symmetricus","Fis-22970"
-112,16.5,0.13,"Trachurus symmetricus","Fis-22970"
-111.5,16.5,0.14,"Trachurus symmetricus","Fis-22970"
-111,16.5,0.16,"Trachurus symmetricus","Fis-22970"
-110.5,16.5,0.17,"Trachurus symmetricus","Fis-22970"
-110,16.5,0.18,"Trachurus symmetricus","Fis-22970"
-109.5,16.5,0.17,"Trachurus symmetricus","Fis-22970"
-109,16.5,0.16,"Trachurus symmetricus","Fis-22970"
-108.5,16.5,0.15,"Trachurus symmetricus","Fis-22970"
-108,16.5,0.15,"Trachurus symmetricus","Fis-22970"
-107.5,16.5,0.15,"Trachurus symmetricus","Fis-22970"
-107,16.5,0.15,"Trachurus symmetricus","Fis-22970"
-106.5,16.5,0.16,"Trachurus symmetricus","Fis-22970"
-106,16.5,0.15,"Trachurus symmetricus","Fis-22970"
-105.5,16.5,0.13,"Trachurus symmetricus","Fis-22970"
-105,16.5,0.11,"Trachurus symmetricus","Fis-22970"
-104.5,16.5,0.1,"Trachurus symmetricus","Fis-22970"
-104,16.5,0.09,"Trachurus symmetricus","Fis-22970"
-103.5,16.5,0.07,"Trachurus symmetricus","Fis-22970"
-103,16.5,0.05,"Trachurus symmetricus","Fis-22970"
-102.5,16.5,0.02,"Trachurus symmetricus","Fis-22970"
-99,16.5,0.01,"Trachurus symmetricus","Fis-22970"
-98.5,16.5,0.02,"Trachurus symmetricus","Fis-22970"
-174.5,16,0.02,"Trachurus symmetricus","Fis-22970"
-174,16,0.02,"Trachurus symmetricus","Fis-22970"
-173.5,16,0.02,"Trachurus symmetricus","Fis-22970"
-173,16,0.02,"Trachurus symmetricus","Fis-22970"
-172.5,16,0.02,"Trachurus symmetricus","Fis-22970"
-172,16,0.02,"Trachurus symmetricus","Fis-22970"
-171.5,16,0.03,"Trachurus symmetricus","Fis-22970"
-171,16,0.03,"Trachurus symmetricus","Fis-22970"
-170.5,16,0.03,"Trachurus symmetricus","Fis-22970"
-170,16,0.03,"Trachurus symmetricus","Fis-22970"
-169.5,16,0.03,"Trachurus symmetricus","Fis-22970"
-169,16,0.03,"Trachurus symmetricus","Fis-22970"
-168.5,16,0.04,"Trachurus symmetricus","Fis-22970"
-168,16,0.04,"Trachurus symmetricus","Fis-22970"
-167.5,16,0.04,"Trachurus symmetricus","Fis-22970"
-167,16,0.04,"Trachurus symmetricus","Fis-22970"
-166.5,16,0.05,"Trachurus symmetricus","Fis-22970"
-166,16,0.05,"Trachurus symmetricus","Fis-22970"
-165.5,16,0.06,"Trachurus symmetricus","Fis-22970"
-165,16,0.06,"Trachurus symmetricus","Fis-22970"
-164.5,16,0.06,"Trachurus symmetricus","Fis-22970"
-164,16,0.06,"Trachurus symmetricus","Fis-22970"
-163.5,16,0.07,"Trachurus symmetricus","Fis-22970"
-163,16,0.08,"Trachurus symmetricus","Fis-22970"
-162.5,16,0.08,"Trachurus symmetricus","Fis-22970"
-162,16,0.09,"Trachurus symmetricus","Fis-22970"
-161.5,16,0.09,"Trachurus symmetricus","Fis-22970"
-161,16,0.1,"Trachurus symmetricus","Fis-22970"
-160.5,16,0.1,"Trachurus symmetricus","Fis-22970"
-160,16,0.11,"Trachurus symmetricus","Fis-22970"
-159.5,16,0.12,"Trachurus symmetricus","Fis-22970"
-159,16,0.14,"Trachurus symmetricus","Fis-22970"
-158.5,16,0.15,"Trachurus symmetricus","Fis-22970"
-158,16,0.17,"Trachurus symmetricus","Fis-22970"
-157.5,16,0.18,"Trachurus symmetricus","Fis-22970"
-157,16,0.19,"Trachurus symmetricus","Fis-22970"
-156.5,16,0.21,"Trachurus symmetricus","Fis-22970"
-156,16,0.23,"Trachurus symmetricus","Fis-22970"
-155.5,16,0.25,"Trachurus symmetricus","Fis-22970"
-155,16,0.27,"Trachurus symmetricus","Fis-22970"
-154.5,16,0.3,"Trachurus symmetricus","Fis-22970"
-154,16,0.33,"Trachurus symmetricus","Fis-22970"
-153.5,16,0.35,"Trachurus symmetricus","Fis-22970"
-153,16,0.36,"Trachurus symmetricus","Fis-22970"
-152.5,16,0.36,"Trachurus symmetricus","Fis-22970"
-152,16,0.36,"Trachurus symmetricus","Fis-22970"
-151.5,16,0.38,"Trachurus symmetricus","Fis-22970"
-151,16,0.39,"Trachurus symmetricus","Fis-22970"
-150.5,16,0.4,"Trachurus symmetricus","Fis-22970"
-150,16,0.4,"Trachurus symmetricus","Fis-22970"
-149.5,16,0.41,"Trachurus symmetricus","Fis-22970"
-149,16,0.43,"Trachurus symmetricus","Fis-22970"
-148.5,16,0.44,"Trachurus symmetricus","Fis-22970"
-148,16,0.45,"Trachurus symmetricus","Fis-22970"
-147.5,16,0.46,"Trachurus symmetricus","Fis-22970"
-147,16,0.47,"Trachurus symmetricus","Fis-22970"
-146.5,16,0.47,"Trachurus symmetricus","Fis-22970"
-146,16,0.47,"Trachurus symmetricus","Fis-22970"
-145.5,16,0.48,"Trachurus symmetricus","Fis-22970"
-145,16,0.49,"Trachurus symmetricus","Fis-22970"
-144.5,16,0.5,"Trachurus symmetricus","Fis-22970"
-144,16,0.51,"Trachurus symmetricus","Fis-22970"
-143.5,16,0.52,"Trachurus symmetricus","Fis-22970"
-143,16,0.52,"Trachurus symmetricus","Fis-22970"
-142.5,16,0.53,"Trachurus symmetricus","Fis-22970"
-142,16,0.54,"Trachurus symmetricus","Fis-22970"
-141.5,16,0.55,"Trachurus symmetricus","Fis-22970"
-141,16,0.56,"Trachurus symmetricus","Fis-22970"
-140.5,16,0.57,"Trachurus symmetricus","Fis-22970"
-140,16,0.58,"Trachurus symmetricus","Fis-22970"
-139.5,16,0.6,"Trachurus symmetricus","Fis-22970"
-139,16,0.62,"Trachurus symmetricus","Fis-22970"
-138.5,16,0.63,"Trachurus symmetricus","Fis-22970"
-138,16,0.63,"Trachurus symmetricus","Fis-22970"
-137.5,16,0.62,"Trachurus symmetricus","Fis-22970"
-137,16,0.62,"Trachurus symmetricus","Fis-22970"
-136.5,16,0.62,"Trachurus symmetricus","Fis-22970"
-136,16,0.63,"Trachurus symmetricus","Fis-22970"
-135.5,16,0.63,"Trachurus symmetricus","Fis-22970"
-135,16,0.64,"Trachurus symmetricus","Fis-22970"
-134.5,16,0.66,"Trachurus symmetricus","Fis-22970"
-134,16,0.69,"Trachurus symmetricus","Fis-22970"
-133.5,16,0.72,"Trachurus symmetricus","Fis-22970"
-133,16,0.73,"Trachurus symmetricus","Fis-22970"
-132.5,16,0.73,"Trachurus symmetricus","Fis-22970"
-132,16,0.73,"Trachurus symmetricus","Fis-22970"
-131.5,16,0.72,"Trachurus symmetricus","Fis-22970"
-131,16,0.72,"Trachurus symmetricus","Fis-22970"
-130.5,16,0.72,"Trachurus symmetricus","Fis-22970"
-130,16,0.71,"Trachurus symmetricus","Fis-22970"
-129.5,16,0.71,"Trachurus symmetricus","Fis-22970"
-129,16,0.71,"Trachurus symmetricus","Fis-22970"
-128.5,16,0.71,"Trachurus symmetricus","Fis-22970"
-128,16,0.7,"Trachurus symmetricus","Fis-22970"
-127.5,16,0.7,"Trachurus symmetricus","Fis-22970"
-127,16,0.69,"Trachurus symmetricus","Fis-22970"
-126.5,16,0.67,"Trachurus symmetricus","Fis-22970"
-126,16,0.65,"Trachurus symmetricus","Fis-22970"
-125.5,16,0.64,"Trachurus symmetricus","Fis-22970"
-125,16,0.63,"Trachurus symmetricus","Fis-22970"
-124.5,16,0.62,"Trachurus symmetricus","Fis-22970"
-124,16,0.63,"Trachurus symmetricus","Fis-22970"
-123.5,16,0.64,"Trachurus symmetricus","Fis-22970"
-123,16,0.65,"Trachurus symmetricus","Fis-22970"
-122.5,16,0.64,"Trachurus symmetricus","Fis-22970"
-122,16,0.63,"Trachurus symmetricus","Fis-22970"
-121.5,16,0.62,"Trachurus symmetricus","Fis-22970"
-121,16,0.61,"Trachurus symmetricus","Fis-22970"
-120.5,16,0.6,"Trachurus symmetricus","Fis-22970"
-120,16,0.59,"Trachurus symmetricus","Fis-22970"
-119.5,16,0.57,"Trachurus symmetricus","Fis-22970"
-119,16,0.56,"Trachurus symmetricus","Fis-22970"
-118.5,16,0.54,"Trachurus symmetricus","Fis-22970"
-118,16,0.53,"Trachurus symmetricus","Fis-22970"
-117.5,16,0.51,"Trachurus symmetricus","Fis-22970"
-117,16,0.5,"Trachurus symmetricus","Fis-22970"
-116.5,16,0.49,"Trachurus symmetricus","Fis-22970"
-116,16,0.47,"Trachurus symmetricus","Fis-22970"
-115.5,16,0.46,"Trachurus symmetricus","Fis-22970"
-115,16,0.43,"Trachurus symmetricus","Fis-22970"
-114.5,16,0.37,"Trachurus symmetricus","Fis-22970"
-114,16,0.32,"Trachurus symmetricus","Fis-22970"
-113.5,16,0.26,"Trachurus symmetricus","Fis-22970"
-113,16,0.22,"Trachurus symmetricus","Fis-22970"
-112.5,16,0.19,"Trachurus symmetricus","Fis-22970"
-112,16,0.17,"Trachurus symmetricus","Fis-22970"
-111.5,16,0.18,"Trachurus symmetricus","Fis-22970"
-111,16,0.19,"Trachurus symmetricus","Fis-22970"
-110.5,16,0.19,"Trachurus symmetricus","Fis-22970"
-110,16,0.19,"Trachurus symmetricus","Fis-22970"
-109.5,16,0.18,"Trachurus symmetricus","Fis-22970"
-109,16,0.17,"Trachurus symmetricus","Fis-22970"
-108.5,16,0.16,"Trachurus symmetricus","Fis-22970"
-108,16,0.15,"Trachurus symmetricus","Fis-22970"
-107.5,16,0.14,"Trachurus symmetricus","Fis-22970"
-107,16,0.14,"Trachurus symmetricus","Fis-22970"
-106.5,16,0.15,"Trachurus symmetricus","Fis-22970"
-106,16,0.14,"Trachurus symmetricus","Fis-22970"
-105.5,16,0.12,"Trachurus symmetricus","Fis-22970"
-105,16,0.11,"Trachurus symmetricus","Fis-22970"
-104.5,16,0.09,"Trachurus symmetricus","Fis-22970"
-104,16,0.06,"Trachurus symmetricus","Fis-22970"
-103.5,16,0.05,"Trachurus symmetricus","Fis-22970"
-103,16,0.03,"Trachurus symmetricus","Fis-22970"
-102.5,16,0.01,"Trachurus symmetricus","Fis-22970"
-95,16,0.11,"Trachurus symmetricus","Fis-22970"
-94.5,16,0.09,"Trachurus symmetricus","Fis-22970"
-94,16,0.06,"Trachurus symmetricus","Fis-22970"
-174.5,15.5,0.02,"Trachurus symmetricus","Fis-22970"
-174,15.5,0.02,"Trachurus symmetricus","Fis-22970"
-173.5,15.5,0.03,"Trachurus symmetricus","Fis-22970"
-173,15.5,0.03,"Trachurus symmetricus","Fis-22970"
-172.5,15.5,0.03,"Trachurus symmetricus","Fis-22970"
-172,15.5,0.03,"Trachurus symmetricus","Fis-22970"
-171.5,15.5,0.03,"Trachurus symmetricus","Fis-22970"
-171,15.5,0.03,"Trachurus symmetricus","Fis-22970"
-170.5,15.5,0.03,"Trachurus symmetricus","Fis-22970"
-170,15.5,0.03,"Trachurus symmetricus","Fis-22970"
-169.5,15.5,0.03,"Trachurus symmetricus","Fis-22970"
-169,15.5,0.04,"Trachurus symmetricus","Fis-22970"
-168.5,15.5,0.04,"Trachurus symmetricus","Fis-22970"
-168,15.5,0.04,"Trachurus symmetricus","Fis-22970"
-167.5,15.5,0.05,"Trachurus symmetricus","Fis-22970"
-167,15.5,0.05,"Trachurus symmetricus","Fis-22970"
-166.5,15.5,0.06,"Trachurus symmetricus","Fis-22970"
-166,15.5,0.06,"Trachurus symmetricus","Fis-22970"
-165.5,15.5,0.07,"Trachurus symmetricus","Fis-22970"
-165,15.5,0.07,"Trachurus symmetricus","Fis-22970"
-164.5,15.5,0.08,"Trachurus symmetricus","Fis-22970"
-164,15.5,0.08,"Trachurus symmetricus","Fis-22970"
-163.5,15.5,0.09,"Trachurus symmetricus","Fis-22970"
-163,15.5,0.1,"Trachurus symmetricus","Fis-22970"
-162.5,15.5,0.11,"Trachurus symmetricus","Fis-22970"
-162,15.5,0.11,"Trachurus symmetricus","Fis-22970"
-161.5,15.5,0.12,"Trachurus symmetricus","Fis-22970"
-161,15.5,0.13,"Trachurus symmetricus","Fis-22970"
-160.5,15.5,0.13,"Trachurus symmetricus","Fis-22970"
-160,15.5,0.14,"Trachurus symmetricus","Fis-22970"
-159.5,15.5,0.16,"Trachurus symmetricus","Fis-22970"
-159,15.5,0.18,"Trachurus symmetricus","Fis-22970"
-158.5,15.5,0.2,"Trachurus symmetricus","Fis-22970"
-158,15.5,0.21,"Trachurus symmetricus","Fis-22970"
-157.5,15.5,0.23,"Trachurus symmetricus","Fis-22970"
-157,15.5,0.25,"Trachurus symmetricus","Fis-22970"
-156.5,15.5,0.28,"Trachurus symmetricus","Fis-22970"
-156,15.5,0.3,"Trachurus symmetricus","Fis-22970"
-155.5,15.5,0.32,"Trachurus symmetricus","Fis-22970"
-155,15.5,0.33,"Trachurus symmetricus","Fis-22970"
-154.5,15.5,0.34,"Trachurus symmetricus","Fis-22970"
-154,15.5,0.34,"Trachurus symmetricus","Fis-22970"
-153.5,15.5,0.36,"Trachurus symmetricus","Fis-22970"
-153,15.5,0.36,"Trachurus symmetricus","Fis-22970"
-152.5,15.5,0.37,"Trachurus symmetricus","Fis-22970"
-152,15.5,0.37,"Trachurus symmetricus","Fis-22970"
-151.5,15.5,0.38,"Trachurus symmetricus","Fis-22970"
-151,15.5,0.39,"Trachurus symmetricus","Fis-22970"
-150.5,15.5,0.41,"Trachurus symmetricus","Fis-22970"
-150,15.5,0.42,"Trachurus symmetricus","Fis-22970"
-149.5,15.5,0.42,"Trachurus symmetricus","Fis-22970"
-149,15.5,0.43,"Trachurus symmetricus","Fis-22970"
-148.5,15.5,0.44,"Trachurus symmetricus","Fis-22970"
-148,15.5,0.46,"Trachurus symmetricus","Fis-22970"
-147.5,15.5,0.47,"Trachurus symmetricus","Fis-22970"
-147,15.5,0.48,"Trachurus symmetricus","Fis-22970"
-146.5,15.5,0.48,"Trachurus symmetricus","Fis-22970"
-146,15.5,0.48,"Trachurus symmetricus","Fis-22970"
-145.5,15.5,0.49,"Trachurus symmetricus","Fis-22970"
-145,15.5,0.5,"Trachurus symmetricus","Fis-22970"
-144.5,15.5,0.5,"Trachurus symmetricus","Fis-22970"
-144,15.5,0.5,"Trachurus symmetricus","Fis-22970"
-143.5,15.5,0.51,"Trachurus symmetricus","Fis-22970"
-143,15.5,0.52,"Trachurus symmetricus","Fis-22970"
-142.5,15.5,0.52,"Trachurus symmetricus","Fis-22970"
-142,15.5,0.53,"Trachurus symmetricus","Fis-22970"
-141.5,15.5,0.55,"Trachurus symmetricus","Fis-22970"
-141,15.5,0.56,"Trachurus symmetricus","Fis-22970"
-140.5,15.5,0.56,"Trachurus symmetricus","Fis-22970"
-140,15.5,0.57,"Trachurus symmetricus","Fis-22970"
-139.5,15.5,0.59,"Trachurus symmetricus","Fis-22970"
-139,15.5,0.61,"Trachurus symmetricus","Fis-22970"
-138.5,15.5,0.62,"Trachurus symmetricus","Fis-22970"
-138,15.5,0.62,"Trachurus symmetricus","Fis-22970"
-137.5,15.5,0.61,"Trachurus symmetricus","Fis-22970"
-137,15.5,0.6,"Trachurus symmetricus","Fis-22970"
-136.5,15.5,0.6,"Trachurus symmetricus","Fis-22970"
-136,15.5,0.61,"Trachurus symmetricus","Fis-22970"
-135.5,15.5,0.62,"Trachurus symmetricus","Fis-22970"
-135,15.5,0.63,"Trachurus symmetricus","Fis-22970"
-134.5,15.5,0.65,"Trachurus symmetricus","Fis-22970"
-134,15.5,0.68,"Trachurus symmetricus","Fis-22970"
-133.5,15.5,0.71,"Trachurus symmetricus","Fis-22970"
-133,15.5,0.73,"Trachurus symmetricus","Fis-22970"
-132.5,15.5,0.73,"Trachurus symmetricus","Fis-22970"
-132,15.5,0.72,"Trachurus symmetricus","Fis-22970"
-131.5,15.5,0.72,"Trachurus symmetricus","Fis-22970"
-131,15.5,0.72,"Trachurus symmetricus","Fis-22970"
-130.5,15.5,0.71,"Trachurus symmetricus","Fis-22970"
-130,15.5,0.71,"Trachurus symmetricus","Fis-22970"
-129.5,15.5,0.7,"Trachurus symmetricus","Fis-22970"
-129,15.5,0.7,"Trachurus symmetricus","Fis-22970"
-128.5,15.5,0.69,"Trachurus symmetricus","Fis-22970"
-128,15.5,0.68,"Trachurus symmetricus","Fis-22970"
-127.5,15.5,0.67,"Trachurus symmetricus","Fis-22970"
-127,15.5,0.66,"Trachurus symmetricus","Fis-22970"
-126.5,15.5,0.65,"Trachurus symmetricus","Fis-22970"
-126,15.5,0.64,"Trachurus symmetricus","Fis-22970"
-125.5,15.5,0.63,"Trachurus symmetricus","Fis-22970"
-125,15.5,0.63,"Trachurus symmetricus","Fis-22970"
-124.5,15.5,0.62,"Trachurus symmetricus","Fis-22970"
-124,15.5,0.62,"Trachurus symmetricus","Fis-22970"
-123.5,15.5,0.61,"Trachurus symmetricus","Fis-22970"
-123,15.5,0.59,"Trachurus symmetricus","Fis-22970"
-122.5,15.5,0.58,"Trachurus symmetricus","Fis-22970"
-122,15.5,0.57,"Trachurus symmetricus","Fis-22970"
-121.5,15.5,0.57,"Trachurus symmetricus","Fis-22970"
-121,15.5,0.56,"Trachurus symmetricus","Fis-22970"
-120.5,15.5,0.55,"Trachurus symmetricus","Fis-22970"
-120,15.5,0.53,"Trachurus symmetricus","Fis-22970"
-119.5,15.5,0.52,"Trachurus symmetricus","Fis-22970"
-119,15.5,0.5,"Trachurus symmetricus","Fis-22970"
-118.5,15.5,0.49,"Trachurus symmetricus","Fis-22970"
-118,15.5,0.47,"Trachurus symmetricus","Fis-22970"
-117.5,15.5,0.46,"Trachurus symmetricus","Fis-22970"
-117,15.5,0.45,"Trachurus symmetricus","Fis-22970"
-116.5,15.5,0.44,"Trachurus symmetricus","Fis-22970"
-116,15.5,0.43,"Trachurus symmetricus","Fis-22970"
-115.5,15.5,0.41,"Trachurus symmetricus","Fis-22970"
-115,15.5,0.4,"Trachurus symmetricus","Fis-22970"
-114.5,15.5,0.39,"Trachurus symmetricus","Fis-22970"
-114,15.5,0.38,"Trachurus symmetricus","Fis-22970"
-113.5,15.5,0.36,"Trachurus symmetricus","Fis-22970"
-113,15.5,0.33,"Trachurus symmetricus","Fis-22970"
-112.5,15.5,0.3,"Trachurus symmetricus","Fis-22970"
-112,15.5,0.27,"Trachurus symmetricus","Fis-22970"
-111.5,15.5,0.26,"Trachurus symmetricus","Fis-22970"
-111,15.5,0.26,"Trachurus symmetricus","Fis-22970"
-110.5,15.5,0.25,"Trachurus symmetricus","Fis-22970"
-110,15.5,0.23,"Trachurus symmetricus","Fis-22970"
-109.5,15.5,0.2,"Trachurus symmetricus","Fis-22970"
-109,15.5,0.19,"Trachurus symmetricus","Fis-22970"
-108.5,15.5,0.18,"Trachurus symmetricus","Fis-22970"
-108,15.5,0.16,"Trachurus symmetricus","Fis-22970"
-107.5,15.5,0.16,"Trachurus symmetricus","Fis-22970"
-107,15.5,0.14,"Trachurus symmetricus","Fis-22970"
-106.5,15.5,0.13,"Trachurus symmetricus","Fis-22970"
-106,15.5,0.13,"Trachurus symmetricus","Fis-22970"
-105.5,15.5,0.12,"Trachurus symmetricus","Fis-22970"
-105,15.5,0.09,"Trachurus symmetricus","Fis-22970"
-104.5,15.5,0.07,"Trachurus symmetricus","Fis-22970"
-104,15.5,0.05,"Trachurus symmetricus","Fis-22970"
-103.5,15.5,0.03,"Trachurus symmetricus","Fis-22970"
-103,15.5,0.01,"Trachurus symmetricus","Fis-22970"
-96,15.5,0.04,"Trachurus symmetricus","Fis-22970"
-95.5,15.5,0.09,"Trachurus symmetricus","Fis-22970"
-95,15.5,0.14,"Trachurus symmetricus","Fis-22970"
-94.5,15.5,0.11,"Trachurus symmetricus","Fis-22970"
-94,15.5,0.01,"Trachurus symmetricus","Fis-22970"
-174.5,15,0.03,"Trachurus symmetricus","Fis-22970"
-174,15,0.03,"Trachurus symmetricus","Fis-22970"
-173.5,15,0.03,"Trachurus symmetricus","Fis-22970"
-173,15,0.03,"Trachurus symmetricus","Fis-22970"
-172.5,15,0.03,"Trachurus symmetricus","Fis-22970"
-172,15,0.03,"Trachurus symmetricus","Fis-22970"
-171.5,15,0.03,"Trachurus symmetricus","Fis-22970"
-171,15,0.03,"Trachurus symmetricus","Fis-22970"
-170.5,15,0.04,"Trachurus symmetricus","Fis-22970"
-170,15,0.04,"Trachurus symmetricus","Fis-22970"
-169.5,15,0.04,"Trachurus symmetricus","Fis-22970"
-169,15,0.04,"Trachurus symmetricus","Fis-22970"
-168.5,15,0.04,"Trachurus symmetricus","Fis-22970"
-168,15,0.05,"Trachurus symmetricus","Fis-22970"
-167.5,15,0.06,"Trachurus symmetricus","Fis-22970"
-167,15,0.06,"Trachurus symmetricus","Fis-22970"
-166.5,15,0.07,"Trachurus symmetricus","Fis-22970"
-166,15,0.08,"Trachurus symmetricus","Fis-22970"
-165.5,15,0.08,"Trachurus symmetricus","Fis-22970"
-165,15,0.09,"Trachurus symmetricus","Fis-22970"
-164.5,15,0.09,"Trachurus symmetricus","Fis-22970"
-164,15,0.1,"Trachurus symmetricus","Fis-22970"
-163.5,15,0.11,"Trachurus symmetricus","Fis-22970"
-163,15,0.13,"Trachurus symmetricus","Fis-22970"
-162.5,15,0.14,"Trachurus symmetricus","Fis-22970"
-162,15,0.14,"Trachurus symmetricus","Fis-22970"
-161.5,15,0.16,"Trachurus symmetricus","Fis-22970"
-161,15,0.18,"Trachurus symmetricus","Fis-22970"
-160.5,15,0.19,"Trachurus symmetricus","Fis-22970"
-160,15,0.2,"Trachurus symmetricus","Fis-22970"
-159.5,15,0.21,"Trachurus symmetricus","Fis-22970"
-159,15,0.23,"Trachurus symmetricus","Fis-22970"
-158.5,15,0.25,"Trachurus symmetricus","Fis-22970"
-158,15,0.27,"Trachurus symmetricus","Fis-22970"
-157.5,15,0.3,"Trachurus symmetricus","Fis-22970"
-157,15,0.32,"Trachurus symmetricus","Fis-22970"
-156.5,15,0.33,"Trachurus symmetricus","Fis-22970"
-156,15,0.33,"Trachurus symmetricus","Fis-22970"
-155.5,15,0.34,"Trachurus symmetricus","Fis-22970"
-155,15,0.34,"Trachurus symmetricus","Fis-22970"
-154.5,15,0.35,"Trachurus symmetricus","Fis-22970"
-154,15,0.36,"Trachurus symmetricus","Fis-22970"
-153.5,15,0.37,"Trachurus symmetricus","Fis-22970"
-153,15,0.38,"Trachurus symmetricus","Fis-22970"
-152.5,15,0.38,"Trachurus symmetricus","Fis-22970"
-152,15,0.38,"Trachurus symmetricus","Fis-22970"
-151.5,15,0.39,"Trachurus symmetricus","Fis-22970"
-151,15,0.4,"Trachurus symmetricus","Fis-22970"
-150.5,15,0.41,"Trachurus symmetricus","Fis-22970"
-150,15,0.43,"Trachurus symmetricus","Fis-22970"
-149.5,15,0.44,"Trachurus symmetricus","Fis-22970"
-149,15,0.44,"Trachurus symmetricus","Fis-22970"
-148.5,15,0.45,"Trachurus symmetricus","Fis-22970"
-148,15,0.47,"Trachurus symmetricus","Fis-22970"
-147.5,15,0.48,"Trachurus symmetricus","Fis-22970"
-147,15,0.48,"Trachurus symmetricus","Fis-22970"
-146.5,15,0.48,"Trachurus symmetricus","Fis-22970"
-146,15,0.49,"Trachurus symmetricus","Fis-22970"
-145.5,15,0.49,"Trachurus symmetricus","Fis-22970"
-145,15,0.5,"Trachurus symmetricus","Fis-22970"
-144.5,15,0.5,"Trachurus symmetricus","Fis-22970"
-144,15,0.5,"Trachurus symmetricus","Fis-22970"
-143.5,15,0.5,"Trachurus symmetricus","Fis-22970"
-143,15,0.51,"Trachurus symmetricus","Fis-22970"
-142.5,15,0.52,"Trachurus symmetricus","Fis-22970"
-142,15,0.53,"Trachurus symmetricus","Fis-22970"
-141.5,15,0.54,"Trachurus symmetricus","Fis-22970"
-141,15,0.55,"Trachurus symmetricus","Fis-22970"
-140.5,15,0.56,"Trachurus symmetricus","Fis-22970"
-140,15,0.56,"Trachurus symmetricus","Fis-22970"
-139.5,15,0.58,"Trachurus symmetricus","Fis-22970"
-139,15,0.6,"Trachurus symmetricus","Fis-22970"
-138.5,15,0.6,"Trachurus symmetricus","Fis-22970"
-138,15,0.61,"Trachurus symmetricus","Fis-22970"
-137.5,15,0.6,"Trachurus symmetricus","Fis-22970"
-137,15,0.59,"Trachurus symmetricus","Fis-22970"
-136.5,15,0.59,"Trachurus symmetricus","Fis-22970"
-136,15,0.59,"Trachurus symmetricus","Fis-22970"
-135.5,15,0.59,"Trachurus symmetricus","Fis-22970"
-135,15,0.61,"Trachurus symmetricus","Fis-22970"
-134.5,15,0.64,"Trachurus symmetricus","Fis-22970"
-134,15,0.67,"Trachurus symmetricus","Fis-22970"
-133.5,15,0.69,"Trachurus symmetricus","Fis-22970"
-133,15,0.69,"Trachurus symmetricus","Fis-22970"
-132.5,15,0.69,"Trachurus symmetricus","Fis-22970"
-132,15,0.69,"Trachurus symmetricus","Fis-22970"
-131.5,15,0.68,"Trachurus symmetricus","Fis-22970"
-131,15,0.68,"Trachurus symmetricus","Fis-22970"
-130.5,15,0.67,"Trachurus symmetricus","Fis-22970"
-130,15,0.67,"Trachurus symmetricus","Fis-22970"
-129.5,15,0.66,"Trachurus symmetricus","Fis-22970"
-129,15,0.66,"Trachurus symmetricus","Fis-22970"
-128.5,15,0.65,"Trachurus symmetricus","Fis-22970"
-128,15,0.64,"Trachurus symmetricus","Fis-22970"
-127.5,15,0.63,"Trachurus symmetricus","Fis-22970"
-127,15,0.62,"Trachurus symmetricus","Fis-22970"
-126.5,15,0.61,"Trachurus symmetricus","Fis-22970"
-126,15,0.61,"Trachurus symmetricus","Fis-22970"
-125.5,15,0.6,"Trachurus symmetricus","Fis-22970"
-125,15,0.6,"Trachurus symmetricus","Fis-22970"
-124.5,15,0.59,"Trachurus symmetricus","Fis-22970"
-124,15,0.58,"Trachurus symmetricus","Fis-22970"
-123.5,15,0.57,"Trachurus symmetricus","Fis-22970"
-123,15,0.56,"Trachurus symmetricus","Fis-22970"
-122.5,15,0.55,"Trachurus symmetricus","Fis-22970"
-122,15,0.54,"Trachurus symmetricus","Fis-22970"
-121.5,15,0.53,"Trachurus symmetricus","Fis-22970"
-121,15,0.52,"Trachurus symmetricus","Fis-22970"
-120.5,15,0.51,"Trachurus symmetricus","Fis-22970"
-120,15,0.49,"Trachurus symmetricus","Fis-22970"
-119.5,15,0.48,"Trachurus symmetricus","Fis-22970"
-119,15,0.46,"Trachurus symmetricus","Fis-22970"
-118.5,15,0.45,"Trachurus symmetricus","Fis-22970"
-118,15,0.43,"Trachurus symmetricus","Fis-22970"
-117.5,15,0.41,"Trachurus symmetricus","Fis-22970"
-117,15,0.4,"Trachurus symmetricus","Fis-22970"
-116.5,15,0.39,"Trachurus symmetricus","Fis-22970"
-116,15,0.38,"Trachurus symmetricus","Fis-22970"
-115.5,15,0.37,"Trachurus symmetricus","Fis-22970"
-115,15,0.36,"Trachurus symmetricus","Fis-22970"
-114.5,15,0.35,"Trachurus symmetricus","Fis-22970"
-114,15,0.34,"Trachurus symmetricus","Fis-22970"
-113.5,15,0.33,"Trachurus symmetricus","Fis-22970"
-113,15,0.31,"Trachurus symmetricus","Fis-22970"
-112.5,15,0.29,"Trachurus symmetricus","Fis-22970"
-112,15,0.28,"Trachurus symmetricus","Fis-22970"
-111.5,15,0.27,"Trachurus symmetricus","Fis-22970"
-111,15,0.26,"Trachurus symmetricus","Fis-22970"
-110.5,15,0.25,"Trachurus symmetricus","Fis-22970"
-110,15,0.24,"Trachurus symmetricus","Fis-22970"
-109.5,15,0.23,"Trachurus symmetricus","Fis-22970"
-109,15,0.21,"Trachurus symmetricus","Fis-22970"
-108.5,15,0.19,"Trachurus symmetricus","Fis-22970"
-108,15,0.18,"Trachurus symmetricus","Fis-22970"
-107.5,15,0.17,"Trachurus symmetricus","Fis-22970"
-107,15,0.15,"Trachurus symmetricus","Fis-22970"
-106.5,15,0.14,"Trachurus symmetricus","Fis-22970"
-106,15,0.12,"Trachurus symmetricus","Fis-22970"
-105.5,15,0.1,"Trachurus symmetricus","Fis-22970"
-105,15,0.08,"Trachurus symmetricus","Fis-22970"
-104.5,15,0.06,"Trachurus symmetricus","Fis-22970"
-104,15,0.04,"Trachurus symmetricus","Fis-22970"
-103.5,15,0.02,"Trachurus symmetricus","Fis-22970"
-103,15,0.01,"Trachurus symmetricus","Fis-22970"
-96,15,0.04,"Trachurus symmetricus","Fis-22970"
-95.5,15,0.11,"Trachurus symmetricus","Fis-22970"
-95,15,0.17,"Trachurus symmetricus","Fis-22970"
-94.5,15,0.16,"Trachurus symmetricus","Fis-22970"
-94,15,0.06,"Trachurus symmetricus","Fis-22970"
-174.5,14.5,0.03,"Trachurus symmetricus","Fis-22970"
-174,14.5,0.04,"Trachurus symmetricus","Fis-22970"
-173.5,14.5,0.04,"Trachurus symmetricus","Fis-22970"
-173,14.5,0.04,"Trachurus symmetricus","Fis-22970"
-172.5,14.5,0.04,"Trachurus symmetricus","Fis-22970"
-172,14.5,0.04,"Trachurus symmetricus","Fis-22970"
-171.5,14.5,0.04,"Trachurus symmetricus","Fis-22970"
-171,14.5,0.04,"Trachurus symmetricus","Fis-22970"
-170.5,14.5,0.05,"Trachurus symmetricus","Fis-22970"
-170,14.5,0.05,"Trachurus symmetricus","Fis-22970"
-169.5,14.5,0.05,"Trachurus symmetricus","Fis-22970"
-169,14.5,0.05,"Trachurus symmetricus","Fis-22970"
-168.5,14.5,0.06,"Trachurus symmetricus","Fis-22970"
-168,14.5,0.07,"Trachurus symmetricus","Fis-22970"
-167.5,14.5,0.07,"Trachurus symmetricus","Fis-22970"
-167,14.5,0.08,"Trachurus symmetricus","Fis-22970"
-166.5,14.5,0.09,"Trachurus symmetricus","Fis-22970"
-166,14.5,0.1,"Trachurus symmetricus","Fis-22970"
-165.5,14.5,0.1,"Trachurus symmetricus","Fis-22970"
-165,14.5,0.11,"Trachurus symmetricus","Fis-22970"
-164.5,14.5,0.12,"Trachurus symmetricus","Fis-22970"
-164,14.5,0.13,"Trachurus symmetricus","Fis-22970"
-163.5,14.5,0.14,"Trachurus symmetricus","Fis-22970"
-163,14.5,0.16,"Trachurus symmetricus","Fis-22970"
-162.5,14.5,0.17,"Trachurus symmetricus","Fis-22970"
-162,14.5,0.19,"Trachurus symmetricus","Fis-22970"
-161.5,14.5,0.21,"Trachurus symmetricus","Fis-22970"
-161,14.5,0.23,"Trachurus symmetricus","Fis-22970"
-160.5,14.5,0.25,"Trachurus symmetricus","Fis-22970"
-160,14.5,0.28,"Trachurus symmetricus","Fis-22970"
-159.5,14.5,0.3,"Trachurus symmetricus","Fis-22970"
-159,14.5,0.31,"Trachurus symmetricus","Fis-22970"
-158.5,14.5,0.31,"Trachurus symmetricus","Fis-22970"
-158,14.5,0.32,"Trachurus symmetricus","Fis-22970"
-157.5,14.5,0.33,"Trachurus symmetricus","Fis-22970"
-157,14.5,0.33,"Trachurus symmetricus","Fis-22970"
-156.5,14.5,0.34,"Trachurus symmetricus","Fis-22970"
-156,14.5,0.35,"Trachurus symmetricus","Fis-22970"
-155.5,14.5,0.35,"Trachurus symmetricus","Fis-22970"
-155,14.5,0.36,"Trachurus symmetricus","Fis-22970"
-154.5,14.5,0.36,"Trachurus symmetricus","Fis-22970"
-154,14.5,0.37,"Trachurus symmetricus","Fis-22970"
-153.5,14.5,0.38,"Trachurus symmetricus","Fis-22970"
-153,14.5,0.38,"Trachurus symmetricus","Fis-22970"
-152.5,14.5,0.39,"Trachurus symmetricus","Fis-22970"
-152,14.5,0.39,"Trachurus symmetricus","Fis-22970"
-151.5,14.5,0.4,"Trachurus symmetricus","Fis-22970"
-151,14.5,0.41,"Trachurus symmetricus","Fis-22970"
-150.5,14.5,0.42,"Trachurus symmetricus","Fis-22970"
-150,14.5,0.43,"Trachurus symmetricus","Fis-22970"
-149.5,14.5,0.44,"Trachurus symmetricus","Fis-22970"
-149,14.5,0.45,"Trachurus symmetricus","Fis-22970"
-148.5,14.5,0.46,"Trachurus symmetricus","Fis-22970"
-148,14.5,0.47,"Trachurus symmetricus","Fis-22970"
-147.5,14.5,0.48,"Trachurus symmetricus","Fis-22970"
-147,14.5,0.48,"Trachurus symmetricus","Fis-22970"
-146.5,14.5,0.48,"Trachurus symmetricus","Fis-22970"
-146,14.5,0.49,"Trachurus symmetricus","Fis-22970"
-145.5,14.5,0.5,"Trachurus symmetricus","Fis-22970"
-145,14.5,0.5,"Trachurus symmetricus","Fis-22970"
-144.5,14.5,0.5,"Trachurus symmetricus","Fis-22970"
-144,14.5,0.5,"Trachurus symmetricus","Fis-22970"
-143.5,14.5,0.51,"Trachurus symmetricus","Fis-22970"
-143,14.5,0.52,"Trachurus symmetricus","Fis-22970"
-142.5,14.5,0.53,"Trachurus symmetricus","Fis-22970"
-142,14.5,0.54,"Trachurus symmetricus","Fis-22970"
-141.5,14.5,0.54,"Trachurus symmetricus","Fis-22970"
-141,14.5,0.55,"Trachurus symmetricus","Fis-22970"
-140.5,14.5,0.55,"Trachurus symmetricus","Fis-22970"
-140,14.5,0.56,"Trachurus symmetricus","Fis-22970"
-139.5,14.5,0.57,"Trachurus symmetricus","Fis-22970"
-139,14.5,0.59,"Trachurus symmetricus","Fis-22970"
-138.5,14.5,0.59,"Trachurus symmetricus","Fis-22970"
-138,14.5,0.6,"Trachurus symmetricus","Fis-22970"
-137.5,14.5,0.59,"Trachurus symmetricus","Fis-22970"
-137,14.5,0.59,"Trachurus symmetricus","Fis-22970"
-136.5,14.5,0.59,"Trachurus symmetricus","Fis-22970"
-136,14.5,0.59,"Trachurus symmetricus","Fis-22970"
-135.5,14.5,0.59,"Trachurus symmetricus","Fis-22970"
-135,14.5,0.6,"Trachurus symmetricus","Fis-22970"
-134.5,14.5,0.63,"Trachurus symmetricus","Fis-22970"
-134,14.5,0.66,"Trachurus symmetricus","Fis-22970"
-133.5,14.5,0.66,"Trachurus symmetricus","Fis-22970"
-133,14.5,0.66,"Trachurus symmetricus","Fis-22970"
-132.5,14.5,0.65,"Trachurus symmetricus","Fis-22970"
-132,14.5,0.65,"Trachurus symmetricus","Fis-22970"
-131.5,14.5,0.65,"Trachurus symmetricus","Fis-22970"
-131,14.5,0.64,"Trachurus symmetricus","Fis-22970"
-130.5,14.5,0.64,"Trachurus symmetricus","Fis-22970"
-130,14.5,0.63,"Trachurus symmetricus","Fis-22970"
-129.5,14.5,0.63,"Trachurus symmetricus","Fis-22970"
-129,14.5,0.62,"Trachurus symmetricus","Fis-22970"
-128.5,14.5,0.61,"Trachurus symmetricus","Fis-22970"
-128,14.5,0.6,"Trachurus symmetricus","Fis-22970"
-127.5,14.5,0.59,"Trachurus symmetricus","Fis-22970"
-127,14.5,0.58,"Trachurus symmetricus","Fis-22970"
-126.5,14.5,0.57,"Trachurus symmetricus","Fis-22970"
-126,14.5,0.57,"Trachurus symmetricus","Fis-22970"
-125.5,14.5,0.56,"Trachurus symmetricus","Fis-22970"
-125,14.5,0.56,"Trachurus symmetricus","Fis-22970"
-124.5,14.5,0.55,"Trachurus symmetricus","Fis-22970"
-124,14.5,0.54,"Trachurus symmetricus","Fis-22970"
-123.5,14.5,0.53,"Trachurus symmetricus","Fis-22970"
-123,14.5,0.52,"Trachurus symmetricus","Fis-22970"
-122.5,14.5,0.51,"Trachurus symmetricus","Fis-22970"
-122,14.5,0.5,"Trachurus symmetricus","Fis-22970"
-121.5,14.5,0.49,"Trachurus symmetricus","Fis-22970"
-121,14.5,0.48,"Trachurus symmetricus","Fis-22970"
-120.5,14.5,0.46,"Trachurus symmetricus","Fis-22970"
-120,14.5,0.45,"Trachurus symmetricus","Fis-22970"
-119.5,14.5,0.44,"Trachurus symmetricus","Fis-22970"
-119,14.5,0.42,"Trachurus symmetricus","Fis-22970"
-118.5,14.5,0.41,"Trachurus symmetricus","Fis-22970"
-118,14.5,0.39,"Trachurus symmetricus","Fis-22970"
-117.5,14.5,0.37,"Trachurus symmetricus","Fis-22970"
-117,14.5,0.36,"Trachurus symmetricus","Fis-22970"
-116.5,14.5,0.36,"Trachurus symmetricus","Fis-22970"
-116,14.5,0.35,"Trachurus symmetricus","Fis-22970"
-115.5,14.5,0.34,"Trachurus symmetricus","Fis-22970"
-115,14.5,0.33,"Trachurus symmetricus","Fis-22970"
-114.5,14.5,0.32,"Trachurus symmetricus","Fis-22970"
-114,14.5,0.31,"Trachurus symmetricus","Fis-22970"
-113.5,14.5,0.29,"Trachurus symmetricus","Fis-22970"
-113,14.5,0.28,"Trachurus symmetricus","Fis-22970"
-112.5,14.5,0.26,"Trachurus symmetricus","Fis-22970"
-112,14.5,0.25,"Trachurus symmetricus","Fis-22970"
-111.5,14.5,0.24,"Trachurus symmetricus","Fis-22970"
-111,14.5,0.24,"Trachurus symmetricus","Fis-22970"
-110.5,14.5,0.23,"Trachurus symmetricus","Fis-22970"
-110,14.5,0.22,"Trachurus symmetricus","Fis-22970"
-109.5,14.5,0.21,"Trachurus symmetricus","Fis-22970"
-109,14.5,0.2,"Trachurus symmetricus","Fis-22970"
-108.5,14.5,0.18,"Trachurus symmetricus","Fis-22970"
-108,14.5,0.17,"Trachurus symmetricus","Fis-22970"
-107.5,14.5,0.15,"Trachurus symmetricus","Fis-22970"
-107,14.5,0.14,"Trachurus symmetricus","Fis-22970"
-106.5,14.5,0.12,"Trachurus symmetricus","Fis-22970"
-106,14.5,0.11,"Trachurus symmetricus","Fis-22970"
-105.5,14.5,0.09,"Trachurus symmetricus","Fis-22970"
-105,14.5,0.07,"Trachurus symmetricus","Fis-22970"
-104.5,14.5,0.05,"Trachurus symmetricus","Fis-22970"
-104,14.5,0.03,"Trachurus symmetricus","Fis-22970"
-103.5,14.5,0.02,"Trachurus symmetricus","Fis-22970"
-103,14.5,0.01,"Trachurus symmetricus","Fis-22970"
-96.5,14.5,0.01,"Trachurus symmetricus","Fis-22970"
-96,14.5,0.06,"Trachurus symmetricus","Fis-22970"
-95.5,14.5,0.13,"Trachurus symmetricus","Fis-22970"
-95,14.5,0.18,"Trachurus symmetricus","Fis-22970"
-94.5,14.5,0.17,"Trachurus symmetricus","Fis-22970"
-94,14.5,0.09,"Trachurus symmetricus","Fis-22970"
-174.5,14,0.05,"Trachurus symmetricus","Fis-22970"
-174,14,0.05,"Trachurus symmetricus","Fis-22970"
-173.5,14,0.05,"Trachurus symmetricus","Fis-22970"
-173,14,0.05,"Trachurus symmetricus","Fis-22970"
-172.5,14,0.05,"Trachurus symmetricus","Fis-22970"
-172,14,0.05,"Trachurus symmetricus","Fis-22970"
-171.5,14,0.06,"Trachurus symmetricus","Fis-22970"
-171,14,0.06,"Trachurus symmetricus","Fis-22970"
-170.5,14,0.06,"Trachurus symmetricus","Fis-22970"
-170,14,0.07,"Trachurus symmetricus","Fis-22970"
-169.5,14,0.07,"Trachurus symmetricus","Fis-22970"
-169,14,0.08,"Trachurus symmetricus","Fis-22970"
-168.5,14,0.08,"Trachurus symmetricus","Fis-22970"
-168,14,0.09,"Trachurus symmetricus","Fis-22970"
-167.5,14,0.1,"Trachurus symmetricus","Fis-22970"
-167,14,0.11,"Trachurus symmetricus","Fis-22970"
-166.5,14,0.12,"Trachurus symmetricus","Fis-22970"
-166,14,0.13,"Trachurus symmetricus","Fis-22970"
-165.5,14,0.14,"Trachurus symmetricus","Fis-22970"
-165,14,0.15,"Trachurus symmetricus","Fis-22970"
-164.5,14,0.16,"Trachurus symmetricus","Fis-22970"
-164,14,0.18,"Trachurus symmetricus","Fis-22970"
-163.5,14,0.19,"Trachurus symmetricus","Fis-22970"
-163,14,0.21,"Trachurus symmetricus","Fis-22970"
-162.5,14,0.22,"Trachurus symmetricus","Fis-22970"
-162,14,0.24,"Trachurus symmetricus","Fis-22970"
-161.5,14,0.27,"Trachurus symmetricus","Fis-22970"
-161,14,0.29,"Trachurus symmetricus","Fis-22970"
-160.5,14,0.31,"Trachurus symmetricus","Fis-22970"
-160,14,0.32,"Trachurus symmetricus","Fis-22970"
-159.5,14,0.32,"Trachurus symmetricus","Fis-22970"
-159,14,0.33,"Trachurus symmetricus","Fis-22970"
-158.5,14,0.33,"Trachurus symmetricus","Fis-22970"
-158,14,0.33,"Trachurus symmetricus","Fis-22970"
-157.5,14,0.34,"Trachurus symmetricus","Fis-22970"
-157,14,0.34,"Trachurus symmetricus","Fis-22970"
-156.5,14,0.35,"Trachurus symmetricus","Fis-22970"
-156,14,0.36,"Trachurus symmetricus","Fis-22970"
-155.5,14,0.36,"Trachurus symmetricus","Fis-22970"
-155,14,0.37,"Trachurus symmetricus","Fis-22970"
-154.5,14,0.37,"Trachurus symmetricus","Fis-22970"
-154,14,0.38,"Trachurus symmetricus","Fis-22970"
-153.5,14,0.38,"Trachurus symmetricus","Fis-22970"
-153,14,0.39,"Trachurus symmetricus","Fis-22970"
-152.5,14,0.39,"Trachurus symmetricus","Fis-22970"
-152,14,0.39,"Trachurus symmetricus","Fis-22970"
-151.5,14,0.4,"Trachurus symmetricus","Fis-22970"
-151,14,0.41,"Trachurus symmetricus","Fis-22970"
-150.5,14,0.42,"Trachurus symmetricus","Fis-22970"
-150,14,0.43,"Trachurus symmetricus","Fis-22970"
-149.5,14,0.44,"Trachurus symmetricus","Fis-22970"
-149,14,0.44,"Trachurus symmetricus","Fis-22970"
-148.5,14,0.45,"Trachurus symmetricus","Fis-22970"
-148,14,0.46,"Trachurus symmetricus","Fis-22970"
-147.5,14,0.46,"Trachurus symmetricus","Fis-22970"
-147,14,0.47,"Trachurus symmetricus","Fis-22970"
-146.5,14,0.48,"Trachurus symmetricus","Fis-22970"
-146,14,0.49,"Trachurus symmetricus","Fis-22970"
-145.5,14,0.5,"Trachurus symmetricus","Fis-22970"
-145,14,0.5,"Trachurus symmetricus","Fis-22970"
-144.5,14,0.5,"Trachurus symmetricus","Fis-22970"
-144,14,0.5,"Trachurus symmetricus","Fis-22970"
-143.5,14,0.5,"Trachurus symmetricus","Fis-22970"
-143,14,0.51,"Trachurus symmetricus","Fis-22970"
-142.5,14,0.52,"Trachurus symmetricus","Fis-22970"
-142,14,0.53,"Trachurus symmetricus","Fis-22970"
-141.5,14,0.53,"Trachurus symmetricus","Fis-22970"
-141,14,0.54,"Trachurus symmetricus","Fis-22970"
-140.5,14,0.54,"Trachurus symmetricus","Fis-22970"
-140,14,0.55,"Trachurus symmetricus","Fis-22970"
-139.5,14,0.56,"Trachurus symmetricus","Fis-22970"
-139,14,0.57,"Trachurus symmetricus","Fis-22970"
-138.5,14,0.58,"Trachurus symmetricus","Fis-22970"
-138,14,0.59,"Trachurus symmetricus","Fis-22970"
-137.5,14,0.59,"Trachurus symmetricus","Fis-22970"
-137,14,0.59,"Trachurus symmetricus","Fis-22970"
-136.5,14,0.59,"Trachurus symmetricus","Fis-22970"
-136,14,0.59,"Trachurus symmetricus","Fis-22970"
-135.5,14,0.59,"Trachurus symmetricus","Fis-22970"
-135,14,0.6,"Trachurus symmetricus","Fis-22970"
-134.5,14,0.62,"Trachurus symmetricus","Fis-22970"
-134,14,0.62,"Trachurus symmetricus","Fis-22970"
-133.5,14,0.62,"Trachurus symmetricus","Fis-22970"
-133,14,0.62,"Trachurus symmetricus","Fis-22970"
-132.5,14,0.62,"Trachurus symmetricus","Fis-22970"
-132,14,0.61,"Trachurus symmetricus","Fis-22970"
-131.5,14,0.61,"Trachurus symmetricus","Fis-22970"
-131,14,0.6,"Trachurus symmetricus","Fis-22970"
-130.5,14,0.6,"Trachurus symmetricus","Fis-22970"
-130,14,0.59,"Trachurus symmetricus","Fis-22970"
-129.5,14,0.58,"Trachurus symmetricus","Fis-22970"
-129,14,0.58,"Trachurus symmetricus","Fis-22970"
-128.5,14,0.57,"Trachurus symmetricus","Fis-22970"
-128,14,0.56,"Trachurus symmetricus","Fis-22970"
-127.5,14,0.55,"Trachurus symmetricus","Fis-22970"
-127,14,0.54,"Trachurus symmetricus","Fis-22970"
-126.5,14,0.53,"Trachurus symmetricus","Fis-22970"
-126,14,0.52,"Trachurus symmetricus","Fis-22970"
-125.5,14,0.52,"Trachurus symmetricus","Fis-22970"
-125,14,0.52,"Trachurus symmetricus","Fis-22970"
-124.5,14,0.51,"Trachurus symmetricus","Fis-22970"
-124,14,0.5,"Trachurus symmetricus","Fis-22970"
-123.5,14,0.49,"Trachurus symmetricus","Fis-22970"
-123,14,0.48,"Trachurus symmetricus","Fis-22970"
-122.5,14,0.47,"Trachurus symmetricus","Fis-22970"
-122,14,0.46,"Trachurus symmetricus","Fis-22970"
-121.5,14,0.45,"Trachurus symmetricus","Fis-22970"
-121,14,0.43,"Trachurus symmetricus","Fis-22970"
-120.5,14,0.42,"Trachurus symmetricus","Fis-22970"
-120,14,0.41,"Trachurus symmetricus","Fis-22970"
-119.5,14,0.39,"Trachurus symmetricus","Fis-22970"
-119,14,0.38,"Trachurus symmetricus","Fis-22970"
-118.5,14,0.37,"Trachurus symmetricus","Fis-22970"
-118,14,0.35,"Trachurus symmetricus","Fis-22970"
-117.5,14,0.34,"Trachurus symmetricus","Fis-22970"
-117,14,0.33,"Trachurus symmetricus","Fis-22970"
-116.5,14,0.32,"Trachurus symmetricus","Fis-22970"
-116,14,0.31,"Trachurus symmetricus","Fis-22970"
-115.5,14,0.3,"Trachurus symmetricus","Fis-22970"
-115,14,0.3,"Trachurus symmetricus","Fis-22970"
-114.5,14,0.29,"Trachurus symmetricus","Fis-22970"
-114,14,0.27,"Trachurus symmetricus","Fis-22970"
-113.5,14,0.26,"Trachurus symmetricus","Fis-22970"
-113,14,0.25,"Trachurus symmetricus","Fis-22970"
-112.5,14,0.24,"Trachurus symmetricus","Fis-22970"
-112,14,0.23,"Trachurus symmetricus","Fis-22970"
-111.5,14,0.22,"Trachurus symmetricus","Fis-22970"
-111,14,0.21,"Trachurus symmetricus","Fis-22970"
-110.5,14,0.21,"Trachurus symmetricus","Fis-22970"
-110,14,0.2,"Trachurus symmetricus","Fis-22970"
-109.5,14,0.19,"Trachurus symmetricus","Fis-22970"
-109,14,0.17,"Trachurus symmetricus","Fis-22970"
-108.5,14,0.16,"Trachurus symmetricus","Fis-22970"
-108,14,0.15,"Trachurus symmetricus","Fis-22970"
-107.5,14,0.13,"Trachurus symmetricus","Fis-22970"
-107,14,0.12,"Trachurus symmetricus","Fis-22970"
-106.5,14,0.11,"Trachurus symmetricus","Fis-22970"
-106,14,0.09,"Trachurus symmetricus","Fis-22970"
-105.5,14,0.08,"Trachurus symmetricus","Fis-22970"
-105,14,0.06,"Trachurus symmetricus","Fis-22970"
-104.5,14,0.04,"Trachurus symmetricus","Fis-22970"
-104,14,0.03,"Trachurus symmetricus","Fis-22970"
-103.5,14,0.02,"Trachurus symmetricus","Fis-22970"
-103,14,0.01,"Trachurus symmetricus","Fis-22970"
-96.5,14,0.03,"Trachurus symmetricus","Fis-22970"
-96,14,0.08,"Trachurus symmetricus","Fis-22970"
-95.5,14,0.13,"Trachurus symmetricus","Fis-22970"
-95,14,0.18,"Trachurus symmetricus","Fis-22970"
-94.5,14,0.16,"Trachurus symmetricus","Fis-22970"
-94,14,0.09,"Trachurus symmetricus","Fis-22970"
-174.5,13.5,0.07,"Trachurus symmetricus","Fis-22970"
-174,13.5,0.07,"Trachurus symmetricus","Fis-22970"
-173.5,13.5,0.07,"Trachurus symmetricus","Fis-22970"
-173,13.5,0.07,"Trachurus symmetricus","Fis-22970"
-172.5,13.5,0.08,"Trachurus symmetricus","Fis-22970"
-172,13.5,0.08,"Trachurus symmetricus","Fis-22970"
-171.5,13.5,0.08,"Trachurus symmetricus","Fis-22970"
-171,13.5,0.08,"Trachurus symmetricus","Fis-22970"
-170.5,13.5,0.09,"Trachurus symmetricus","Fis-22970"
-170,13.5,0.1,"Trachurus symmetricus","Fis-22970"
-169.5,13.5,0.1,"Trachurus symmetricus","Fis-22970"
-169,13.5,0.11,"Trachurus symmetricus","Fis-22970"
-168.5,13.5,0.12,"Trachurus symmetricus","Fis-22970"
-168,13.5,0.13,"Trachurus symmetricus","Fis-22970"
-167.5,13.5,0.14,"Trachurus symmetricus","Fis-22970"
-167,13.5,0.15,"Trachurus symmetricus","Fis-22970"
-166.5,13.5,0.16,"Trachurus symmetricus","Fis-22970"
-166,13.5,0.17,"Trachurus symmetricus","Fis-22970"
-165.5,13.5,0.18,"Trachurus symmetricus","Fis-22970"
-165,13.5,0.2,"Trachurus symmetricus","Fis-22970"
-164.5,13.5,0.21,"Trachurus symmetricus","Fis-22970"
-164,13.5,0.23,"Trachurus symmetricus","Fis-22970"
-163.5,13.5,0.25,"Trachurus symmetricus","Fis-22970"
-163,13.5,0.26,"Trachurus symmetricus","Fis-22970"
-162.5,13.5,0.28,"Trachurus symmetricus","Fis-22970"
-162,13.5,0.29,"Trachurus symmetricus","Fis-22970"
-161.5,13.5,0.31,"Trachurus symmetricus","Fis-22970"
-161,13.5,0.31,"Trachurus symmetricus","Fis-22970"
-160.5,13.5,0.32,"Trachurus symmetricus","Fis-22970"
-160,13.5,0.33,"Trachurus symmetricus","Fis-22970"
-159.5,13.5,0.33,"Trachurus symmetricus","Fis-22970"
-159,13.5,0.33,"Trachurus symmetricus","Fis-22970"
-158.5,13.5,0.33,"Trachurus symmetricus","Fis-22970"
-158,13.5,0.34,"Trachurus symmetricus","Fis-22970"
-157.5,13.5,0.34,"Trachurus symmetricus","Fis-22970"
-157,13.5,0.35,"Trachurus symmetricus","Fis-22970"
-156.5,13.5,0.35,"Trachurus symmetricus","Fis-22970"
-156,13.5,0.36,"Trachurus symmetricus","Fis-22970"
-155.5,13.5,0.37,"Trachurus symmetricus","Fis-22970"
-155,13.5,0.37,"Trachurus symmetricus","Fis-22970"
-154.5,13.5,0.38,"Trachurus symmetricus","Fis-22970"
-154,13.5,0.38,"Trachurus symmetricus","Fis-22970"
-153.5,13.5,0.38,"Trachurus symmetricus","Fis-22970"
-153,13.5,0.39,"Trachurus symmetricus","Fis-22970"
-152.5,13.5,0.39,"Trachurus symmetricus","Fis-22970"
-152,13.5,0.39,"Trachurus symmetricus","Fis-22970"
-151.5,13.5,0.4,"Trachurus symmetricus","Fis-22970"
-151,13.5,0.4,"Trachurus symmetricus","Fis-22970"
-150.5,13.5,0.41,"Trachurus symmetricus","Fis-22970"
-150,13.5,0.41,"Trachurus symmetricus","Fis-22970"
-149.5,13.5,0.42,"Trachurus symmetricus","Fis-22970"
-149,13.5,0.43,"Trachurus symmetricus","Fis-22970"
-148.5,13.5,0.44,"Trachurus symmetricus","Fis-22970"
-148,13.5,0.44,"Trachurus symmetricus","Fis-22970"
-147.5,13.5,0.45,"Trachurus symmetricus","Fis-22970"
-147,13.5,0.45,"Trachurus symmetricus","Fis-22970"
-146.5,13.5,0.46,"Trachurus symmetricus","Fis-22970"
-146,13.5,0.47,"Trachurus symmetricus","Fis-22970"
-145.5,13.5,0.48,"Trachurus symmetricus","Fis-22970"
-145,13.5,0.49,"Trachurus symmetricus","Fis-22970"
-144.5,13.5,0.5,"Trachurus symmetricus","Fis-22970"
-144,13.5,0.5,"Trachurus symmetricus","Fis-22970"
-143.5,13.5,0.5,"Trachurus symmetricus","Fis-22970"
-143,13.5,0.51,"Trachurus symmetricus","Fis-22970"
-142.5,13.5,0.52,"Trachurus symmetricus","Fis-22970"
-142,13.5,0.52,"Trachurus symmetricus","Fis-22970"
-141.5,13.5,0.53,"Trachurus symmetricus","Fis-22970"
-141,13.5,0.53,"Trachurus symmetricus","Fis-22970"
-140.5,13.5,0.54,"Trachurus symmetricus","Fis-22970"
-140,13.5,0.54,"Trachurus symmetricus","Fis-22970"
-139.5,13.5,0.55,"Trachurus symmetricus","Fis-22970"
-139,13.5,0.56,"Trachurus symmetricus","Fis-22970"
-138.5,13.5,0.57,"Trachurus symmetricus","Fis-22970"
-138,13.5,0.58,"Trachurus symmetricus","Fis-22970"
-137.5,13.5,0.59,"Trachurus symmetricus","Fis-22970"
-137,13.5,0.59,"Trachurus symmetricus","Fis-22970"
-136.5,13.5,0.59,"Trachurus symmetricus","Fis-22970"
-136,13.5,0.6,"Trachurus symmetricus","Fis-22970"
-135.5,13.5,0.6,"Trachurus symmetricus","Fis-22970"
-135,13.5,0.6,"Trachurus symmetricus","Fis-22970"
-134.5,13.5,0.59,"Trachurus symmetricus","Fis-22970"
-134,13.5,0.59,"Trachurus symmetricus","Fis-22970"
-133.5,13.5,0.59,"Trachurus symmetricus","Fis-22970"
-133,13.5,0.59,"Trachurus symmetricus","Fis-22970"
-132.5,13.5,0.58,"Trachurus symmetricus","Fis-22970"
-132,13.5,0.58,"Trachurus symmetricus","Fis-22970"
-131.5,13.5,0.57,"Trachurus symmetricus","Fis-22970"
-131,13.5,0.57,"Trachurus symmetricus","Fis-22970"
-130.5,13.5,0.56,"Trachurus symmetricus","Fis-22970"
-130,13.5,0.55,"Trachurus symmetricus","Fis-22970"
-129.5,13.5,0.54,"Trachurus symmetricus","Fis-22970"
-129,13.5,0.54,"Trachurus symmetricus","Fis-22970"
-128.5,13.5,0.53,"Trachurus symmetricus","Fis-22970"
-128,13.5,0.52,"Trachurus symmetricus","Fis-22970"
-127.5,13.5,0.51,"Trachurus symmetricus","Fis-22970"
-127,13.5,0.5,"Trachurus symmetricus","Fis-22970"
-126.5,13.5,0.49,"Trachurus symmetricus","Fis-22970"
-126,13.5,0.49,"Trachurus symmetricus","Fis-22970"
-125.5,13.5,0.48,"Trachurus symmetricus","Fis-22970"
-125,13.5,0.48,"Trachurus symmetricus","Fis-22970"
-124.5,13.5,0.47,"Trachurus symmetricus","Fis-22970"
-124,13.5,0.47,"Trachurus symmetricus","Fis-22970"
-123.5,13.5,0.46,"Trachurus symmetricus","Fis-22970"
-123,13.5,0.45,"Trachurus symmetricus","Fis-22970"
-122.5,13.5,0.43,"Trachurus symmetricus","Fis-22970"
-122,13.5,0.42,"Trachurus symmetricus","Fis-22970"
-121.5,13.5,0.41,"Trachurus symmetricus","Fis-22970"
-121,13.5,0.4,"Trachurus symmetricus","Fis-22970"
-120.5,13.5,0.39,"Trachurus symmetricus","Fis-22970"
-120,13.5,0.37,"Trachurus symmetricus","Fis-22970"
-119.5,13.5,0.36,"Trachurus symmetricus","Fis-22970"
-119,13.5,0.35,"Trachurus symmetricus","Fis-22970"
-118.5,13.5,0.33,"Trachurus symmetricus","Fis-22970"
-118,13.5,0.32,"Trachurus symmetricus","Fis-22970"
-117.5,13.5,0.31,"Trachurus symmetricus","Fis-22970"
-117,13.5,0.3,"Trachurus symmetricus","Fis-22970"
-116.5,13.5,0.29,"Trachurus symmetricus","Fis-22970"
-116,13.5,0.29,"Trachurus symmetricus","Fis-22970"
-115.5,13.5,0.28,"Trachurus symmetricus","Fis-22970"
-115,13.5,0.27,"Trachurus symmetricus","Fis-22970"
-114.5,13.5,0.26,"Trachurus symmetricus","Fis-22970"
-114,13.5,0.25,"Trachurus symmetricus","Fis-22970"
-113.5,13.5,0.24,"Trachurus symmetricus","Fis-22970"
-113,13.5,0.23,"Trachurus symmetricus","Fis-22970"
-112.5,13.5,0.22,"Trachurus symmetricus","Fis-22970"
-112,13.5,0.21,"Trachurus symmetricus","Fis-22970"
-111.5,13.5,0.2,"Trachurus symmetricus","Fis-22970"
-111,13.5,0.19,"Trachurus symmetricus","Fis-22970"
-110.5,13.5,0.19,"Trachurus symmetricus","Fis-22970"
-110,13.5,0.18,"Trachurus symmetricus","Fis-22970"
-109.5,13.5,0.17,"Trachurus symmetricus","Fis-22970"
-109,13.5,0.16,"Trachurus symmetricus","Fis-22970"
-108.5,13.5,0.14,"Trachurus symmetricus","Fis-22970"
-108,13.5,0.13,"Trachurus symmetricus","Fis-22970"
-107.5,13.5,0.11,"Trachurus symmetricus","Fis-22970"
-107,13.5,0.1,"Trachurus symmetricus","Fis-22970"
-106.5,13.5,0.09,"Trachurus symmetricus","Fis-22970"
-106,13.5,0.08,"Trachurus symmetricus","Fis-22970"
-105.5,13.5,0.07,"Trachurus symmetricus","Fis-22970"
-105,13.5,0.05,"Trachurus symmetricus","Fis-22970"
-104.5,13.5,0.04,"Trachurus symmetricus","Fis-22970"
-104,13.5,0.03,"Trachurus symmetricus","Fis-22970"
-103.5,13.5,0.02,"Trachurus symmetricus","Fis-22970"
-103,13.5,0.01,"Trachurus symmetricus","Fis-22970"
-102.5,13.5,0.01,"Trachurus symmetricus","Fis-22970"
-97.5,13.5,0.01,"Trachurus symmetricus","Fis-22970"
-97,13.5,0.01,"Trachurus symmetricus","Fis-22970"
-96.5,13.5,0.04,"Trachurus symmetricus","Fis-22970"
-96,13.5,0.09,"Trachurus symmetricus","Fis-22970"
-95.5,13.5,0.14,"Trachurus symmetricus","Fis-22970"
-95,13.5,0.16,"Trachurus symmetricus","Fis-22970"
-94.5,13.5,0.14,"Trachurus symmetricus","Fis-22970"
-94,13.5,0.08,"Trachurus symmetricus","Fis-22970"
-93.5,13.5,0.01,"Trachurus symmetricus","Fis-22970"
-87.5,13.5,0.03,"Trachurus symmetricus","Fis-22970"
